model,mode,layer,variant,game_code,family,delta1_c,slope_letter,range_letter,slope_canon,range_canon,slope_beh,range_beh,beh_flip
qwen,h1_dinc,65,main,AsAs,CO1,0.0,1.0080833333333337,0.500875,-0.012733333333333294,0.016625000000000015,0.0,0.0,1
qwen,h1_dinc,65,main,AsBa,MP,-0.0,1.036,0.510425,0.009316666666666642,0.02639999999999998,-0.25,0.25,1
qwen,h1_dinc,65,main,AsCh,MP,1.0,1.019775,0.5031749999999999,0.013024999999999905,0.007674999999999987,0.0,0.0,1
qwen,h1_dinc,65,main,AsCm,OD1,2.0,1.0186916666666666,0.50945,0.06480833333333333,0.04200000000000001,0.25,0.25,1
qwen,h1_dinc,65,main,AsCo,CO2,1.0,0.9971666666666663,0.496625,-0.012983333333333322,0.010000000000000037,0.08333333333333334,0.25,1
qwen,h1_dinc,65,main,AsDl,OD1,2.0,1.0607416666666667,0.5207,0.022274999999999958,0.022400000000000003,0.25,0.5,1
qwen,h1_dinc,65,main,AsHa,OD2,2.0,1.0288249999999999,0.509175,0.011291666666666594,0.010974999999999943,0.25,0.25,1
qwen,h1_dinc,65,main,AsHr,MP,2.0,1.0396333333333334,0.5100250000000001,0.01801666666666667,0.015100000000000002,0.5833333333333334,0.25,1
qwen,h1_dinc,65,main,AsNc,OD2,0.0,1.0209416666666666,0.5070250000000001,-0.01822500000000006,0.01579999999999998,0.0,0.0,1
qwen,h1_dinc,65,main,AsPc,OD2,2.0,1.0097583333333333,0.508875,-0.06637499999999998,0.03689999999999999,0.0,0.0,1
qwen,h1_dinc,65,main,AsPd,OD1,2.0,1.0829833333333332,0.530775,-0.0067166666666666226,0.025449999999999973,0.5833333333333334,0.25,1
qwen,h1_dinc,65,main,AsSh,CO1,0.0,1.0254083333333333,0.50715,-0.013324999999999974,0.019424999999999998,0.08333333333333334,0.25,1
qwen,h1_dinc,65,main,BaAs,MP,-1.0,1.0013833333333335,0.49350000000000005,-0.01543333333333331,0.024150000000000005,-0.08333333333333334,0.25,1
qwen,h1_dinc,65,main,BaBa,CO2,1.0,1.0804916666666664,0.537575,-0.007008333333333355,0.028874999999999998,-0.7499999999999997,0.5,1
qwen,h1_dinc,65,main,BaCh,CO2,1.0,1.0241,0.5061249999999999,-0.0040833333333334014,0.017424999999999996,-0.08333333333333329,0.25,1
qwen,h1_dinc,65,main,BaCm,OD1,2.0,1.0349666666666666,0.5090749999999999,-0.01804999999999997,0.02355,-0.1666666666666663,0.25,1
qwen,h1_dinc,65,main,BaCo,MP,-1.0,1.0571916666666668,0.52075,-0.01294166666666664,0.03392500000000001,-0.25,0.25,1
qwen,h1_dinc,65,main,BaDl,OD1,2.0,1.0433833333333336,0.5181,-0.01343333333333329,0.012999999999999998,-0.6666666666666665,0.25,1
qwen,h1_dinc,65,main,BaHa,OD2,2.0,1.0429499999999996,0.5113,0.04343333333333328,0.03312499999999999,0.25,0.25,1
qwen,h1_dinc,65,main,BaHr,CO1,2.0,1.0801249999999998,0.529325,-0.021274999999999985,0.026800000000000032,-0.1666666666666663,0.25,1
qwen,h1_dinc,65,main,BaNc,OD2,-0.0,1.0570749999999998,0.51685,0.0027750000000000812,0.009825000000000028,-0.25,0.25,1
qwen,h1_dinc,65,main,BaPc,OD2,2.0,1.057275,0.5146999999999999,-0.009441666666666718,0.01872500000000002,-1.4332917616497527e-16,0.25,1
qwen,h1_dinc,65,main,BaPd,OD1,2.0,1.0231833333333331,0.510725,-0.03433333333333337,0.026074999999999987,-0.6666666666666665,0.25,1
qwen,h1_dinc,65,main,BaSh,MP,0.0,0.9801583333333332,0.4882,-0.013441666666666649,0.01762500000000003,-0.08333333333333334,0.25,1
qwen,h1_dinc,65,main,ChAs,MP,0.0,1.0314833333333333,0.5072000000000001,-0.04883333333333331,0.04085,-0.25,0.25,1
qwen,h1_dinc,65,main,ChBa,CO2,0.5,1.0299833333333333,0.50425,-0.08555000000000004,0.060825000000000004,-0.25,0.5,1
qwen,h1_dinc,65,main,ChCh,CO2,0.5,1.0505916666666664,0.5180749999999998,-0.02935833333333335,0.020400000000000057,-0.25,0.25,1
qwen,h1_dinc,65,main,ChCm,OD1,1.0,1.0477666666666665,0.5146,-0.03956666666666668,0.03982500000000001,-0.25,0.5,1
qwen,h1_dinc,65,main,ChCo,MP,-0.5,1.0454583333333336,0.51885,-0.018374999999999975,0.032950000000000035,-0.1666666666666663,0.25,1
qwen,h1_dinc,65,main,ChDl,OD1,1.0,1.0324999999999998,0.5022,-0.04671666666666667,0.04527499999999998,-0.25,0.5,1
qwen,h1_dinc,65,main,ChHa,OD2,1.0,1.0470749999999998,0.5123249999999999,0.026158333333333315,0.03464999999999996,0.25,0.5,1
qwen,h1_dinc,65,main,ChHr,CO1,1.0,1.0850583333333335,0.53105,-0.05529166666666673,0.052025000000000016,-0.24999999999999972,0.5,1
qwen,h1_dinc,65,main,CmAs,OD1,2.0,0.9923666666666667,0.4893,0.05938333333333336,0.07625000000000004,0.16666666666666657,0.5,1
qwen,h1_dinc,65,main,CmCm,DD,1.0,0.9442083333333333,0.47195,0.07892499999999993,0.09257500000000002,0.0,0.5,1
qwen,h1_dinc,65,main,CmDl,DD,1.0,0.9972916666666665,0.495425,0.101525,0.08947500000000005,0.16666666666666657,0.5,1
qwen,h1_dinc,65,main,CmHa,DD,3.0,0.9574333333333335,0.4696,0.09703333333333337,0.09022500000000003,0.5833333333333331,0.5,1
qwen,h1_dinc,65,main,CmNc,DD,2.5,0.9872916666666669,0.4888,0.06919166666666658,0.07869999999999999,-2.8665835232995054e-16,0.5,1
qwen,h1_dinc,65,main,CoAs,CO2,1.0,0.9613083333333332,0.4809,0.057374999999999975,0.041950000000000015,0.4166666666666666,0.5,1
qwen,h1_dinc,65,main,CoCo,CO1,1.0,1.01905,0.50025,0.0843333333333333,0.04827500000000001,0.5,0.5,1
qwen,h1_dinc,65,main,CoSh,CO2,1.0,0.9839916666666667,0.49012500000000003,0.05874166666666662,0.062475,0.5,0.5,1
qwen,h1_dinc,65,main,HaAs,OD2,2.0,0.9697499999999999,0.4798,0.10229999999999995,0.08759999999999998,0.33333333333333315,0.5,1
qwen,h1_dinc,65,main,HaBa,OD2,2.0,0.9953416666666663,0.5008,0.057858333333333255,0.071775,0.16666666666666657,0.5,1
qwen,h1_dinc,65,main,HaCm,DD,2.0,1.0340999999999998,0.507575,0.03455000000000003,0.045774999999999996,0.16666666666666657,0.5,1
qwen,h1_dinc,65,main,HaDl,DD,2.0,1.0200833333333332,0.509125,0.06785,0.06464999999999999,-2.8665835232995054e-16,0.5,1
qwen,h1_dinc,65,main,HaHa,DD,2.0,1.002033333333333,0.49129999999999996,0.07288333333333322,0.07934999999999995,0.24999999999999972,0.5,1
qwen,h1_dinc,65,main,HaNc,DD,2.0,0.9897333333333331,0.491625,0.08226666666666667,0.081175,0.16666666666666657,0.5,1
qwen,h1_dinc,65,main,HaPc,DD,2.0,0.9829083333333332,0.49460000000000004,0.0744916666666666,0.07490000000000001,0.16666666666666657,0.5,1
qwen,h1_dinc,65,main,HrAs,MP,1.0,1.0746916666666666,0.5237,0.05304166666666668,0.05835000000000001,0.1666666666666663,0.25,1
qwen,h1_dinc,65,main,HrBa,CO1,-1.0,1.0339416666666668,0.506025,0.04270833333333328,0.062299999999999994,0.08333333333333286,0.5,1
qwen,h1_dinc,65,main,HrCh,CO1,-1.0,1.013225,0.500925,0.09339166666666655,0.08644999999999994,0.8333333333333328,0.5,1
qwen,h1_dinc,65,main,HrHr,CO2,-1.0,1.0620166666666666,0.517725,0.04961666666666663,0.06617500000000001,0.08333333333333286,0.5,1
qwen,h1_dinc,65,main,ShAs,CO1,0.0,1.014066666666667,0.5016,-0.004466666666666707,0.008025000000000004,-0.16666666666666669,0.25,1
qwen,h1_dinc,65,main,ShCo,CO2,1.0,0.9510166666666667,0.475,-0.030249999999999964,0.018149999999999986,0.0,0.0,1
qwen,h1_dinc,65,main,ShSh,CO1,0.0,1.05965,0.52,-0.0497333333333333,0.02817499999999999,0.0,0.0,1
qwen,h1_dinc,65,main_perp,AsAs,CO1,0.0,1.0035833333333333,0.487275,-0.021633333333333338,0.023299999999999987,0.0,0.0,1
qwen,h1_dinc,65,main_perp,AsBa,MP,-0.0,1.0147166666666667,0.50025,-0.023266666666666654,0.031299999999999994,-0.25,0.25,1
qwen,h1_dinc,65,main_perp,AsCh,MP,1.0,1.00825,0.505625,-0.015133333333333299,0.015074999999999977,0.0,0.0,1
qwen,h1_dinc,65,main_perp,AsCm,OD1,2.0,1.0198916666666666,0.49959999999999993,0.04490833333333331,0.02752500000000002,0.25,0.25,1
qwen,h1_dinc,65,main_perp,AsCo,CO2,1.0,0.9537166666666665,0.47109999999999996,0.007199999999999951,0.02189999999999999,0.08333333333333334,0.25,1
qwen,h1_dinc,65,main_perp,AsDl,OD1,2.0,1.01225,0.504475,0.027783333333333268,0.011724999999999958,0.25,0.25,1
qwen,h1_dinc,65,main_perp,AsHa,OD2,2.0,1.013808333333333,0.5062,0.004208333333333277,0.012174999999999991,0.16666666666666669,0.25,1
qwen,h1_dinc,65,main_perp,AsHr,MP,2.0,1.011708333333333,0.4941,0.018424999999999865,0.02187499999999995,0.5833333333333334,0.25,1
qwen,h1_dinc,65,main_perp,AsNc,OD2,0.0,0.9973583333333333,0.49135,-0.0024749999999999495,0.009974999999999956,0.0,0.0,1
qwen,h1_dinc,65,main_perp,AsPc,OD2,2.0,0.9793916666666665,0.48525,-0.030408333333333357,0.01850000000000003,0.08333333333333334,0.25,1
qwen,h1_dinc,65,main_perp,AsPd,OD1,2.0,1.0508999999999997,0.5117499999999999,-0.0041666666666666735,0.02410000000000001,0.5833333333333335,0.5,1
qwen,h1_dinc,65,main_perp,AsSh,CO1,0.0,0.9922416666666666,0.49775,-0.023108333333333363,0.01577500000000001,-0.08333333333333334,0.5,1
qwen,h1_dinc,65,main_perp,BaAs,MP,-1.0,1.0243583333333335,0.5062500000000001,-0.026525000000000017,0.03230000000000002,-0.25,0.25,1
qwen,h1_dinc,65,main_perp,BaBa,CO2,1.0,1.0273583333333334,0.504175,-0.027258333333333364,0.040325,-0.16666666666666657,0.25,1
qwen,h1_dinc,65,main_perp,BaCh,CO2,1.0,1.0563333333333333,0.521025,-0.005383333333333284,0.016825000000000007,-0.08333333333333329,0.25,1
qwen,h1_dinc,65,main_perp,BaCm,OD1,2.0,1.0280416666666667,0.50945,-0.0071583333333333716,0.027849999999999986,5.733167046599011e-16,0.25,1
qwen,h1_dinc,65,main_perp,BaCo,MP,-1.0,1.0530749999999998,0.517925,0.015258333333333353,0.023099999999999968,1.4332917616497527e-16,0.0,1
qwen,h1_dinc,65,main_perp,BaDl,OD1,2.0,1.0279916666666664,0.497025,-0.004458333333333362,0.016674999999999995,-0.25,0.25,1
qwen,h1_dinc,65,main_perp,BaHa,OD2,2.0,1.0063499999999999,0.503525,0.032849999999999956,0.03514999999999999,0.33333333333333326,0.5,1
qwen,h1_dinc,65,main_perp,BaHr,CO1,2.0,1.066833333333333,0.5249,-0.034299999999999956,0.03375,5.733167046599011e-16,0.25,1
qwen,h1_dinc,65,main_perp,BaNc,OD2,-0.0,1.015075,0.503525,0.005091666666666666,0.022749999999999992,-0.08333333333333334,0.5,1
qwen,h1_dinc,65,main_perp,BaPc,OD2,2.0,1.0752166666666667,0.523075,0.027099999999999982,0.02705000000000002,-1.4332917616497527e-16,0.25,1
qwen,h1_dinc,65,main_perp,BaPd,OD1,2.0,1.0363749999999998,0.51395,-0.012908333333333256,0.031024999999999997,-0.5833333333333333,0.25,1
qwen,h1_dinc,65,main_perp,BaSh,MP,0.0,0.9856749999999999,0.48687500000000006,-0.007474999999999986,0.0097,-0.08333333333333334,0.25,1
qwen,h1_dinc,65,main_perp,ChAs,MP,0.0,1.0015666666666667,0.49410000000000004,-0.041750000000000044,0.0345,-0.33333333333333326,0.5,1
qwen,h1_dinc,65,main_perp,ChBa,CO2,0.5,1.0688083333333331,0.52415,-0.04052499999999996,0.048149999999999984,-0.25,0.5,1
qwen,h1_dinc,65,main_perp,ChCh,CO2,0.5,1.0281583333333335,0.5065500000000001,-0.027758333333333347,0.03580000000000001,-0.08333333333333329,0.25,1
qwen,h1_dinc,65,main_perp,ChCm,OD1,1.0,1.0366250000000001,0.509925,-0.018575000000000015,0.038624999999999965,1.4332917616497527e-16,0.25,1
qwen,h1_dinc,65,main_perp,ChCo,MP,-0.5,1.0236749999999997,0.5021,-0.04052499999999989,0.04777500000000001,-0.1666666666666663,0.25,1
qwen,h1_dinc,65,main_perp,ChDl,OD1,1.0,1.0100166666666663,0.50425,-0.04491666666666671,0.03720000000000001,-0.33333333333333326,0.5,1
qwen,h1_dinc,65,main_perp,ChHa,OD2,1.0,1.0458583333333333,0.5055499999999999,0.03372499999999992,0.04747499999999999,0.4166666666666666,0.25,1
qwen,h1_dinc,65,main_perp,ChHr,CO1,1.0,1.0206500000000003,0.5015999999999999,-0.031083333333333376,0.044625000000000026,-0.24999999999999972,0.5,1
qwen,h1_dinc,65,main_perp,CmAs,OD1,2.0,0.9743333333333332,0.48300000000000004,0.08036666666666664,0.08147499999999999,0.16666666666666657,0.5,1
qwen,h1_dinc,65,main_perp,CmCm,DD,1.0,0.9638749999999998,0.47877499999999995,0.06672499999999996,0.07975000000000002,0.0,0.5,1
qwen,h1_dinc,65,main_perp,CmDl,DD,1.0,0.9650166666666665,0.48660000000000003,0.09860000000000001,0.09115000000000001,0.16666666666666657,0.5,1
qwen,h1_dinc,65,main_perp,CmHa,DD,3.0,0.9576416666666664,0.47732499999999994,0.09474166666666668,0.08662500000000004,0.5833333333333331,0.5,1
qwen,h1_dinc,65,main_perp,CmNc,DD,2.5,0.9746499999999999,0.48477499999999996,0.07001666666666673,0.08365000000000003,0.16666666666666657,0.5,1
qwen,h1_dinc,65,main_perp,CoAs,CO2,1.0,0.9468333333333331,0.47434999999999994,0.08753333333333331,0.04352500000000001,0.5,0.5,1
qwen,h1_dinc,65,main_perp,CoCo,CO1,1.0,0.99875,0.501275,0.05350000000000003,0.038050000000000014,0.5,0.5,1
qwen,h1_dinc,65,main_perp,CoSh,CO2,1.0,0.9789583333333333,0.487325,0.06920833333333336,0.04955,0.5,0.5,1
qwen,h1_dinc,65,main_perp,HaAs,OD2,2.0,0.9607916666666665,0.47944999999999993,0.10305833333333332,0.08209999999999998,0.33333333333333315,0.5,1
qwen,h1_dinc,65,main_perp,HaBa,OD2,2.0,0.9902666666666662,0.49172499999999997,0.06188333333333331,0.072375,-2.8665835232995054e-16,0.5,1
qwen,h1_dinc,65,main_perp,HaCm,DD,2.0,1.0273916666666667,0.5053,0.013241666666666653,0.04600000000000001,0.16666666666666657,0.5,1
qwen,h1_dinc,65,main_perp,HaDl,DD,2.0,0.9929416666666666,0.48882500000000007,0.054208333333333275,0.06290000000000004,0.08333333333333286,0.5,1
qwen,h1_dinc,65,main_perp,HaHa,DD,2.0,1.0118416666666665,0.5015000000000001,0.09609166666666667,0.0837,0.16666666666666657,0.5,1
qwen,h1_dinc,65,main_perp,HaNc,DD,2.0,0.999,0.4991,0.09341666666666665,0.087975,0.0,0.5,1
qwen,h1_dinc,65,main_perp,HaPc,DD,2.0,0.9605166666666667,0.478175,0.08783333333333324,0.06797499999999997,0.33333333333333315,0.5,1
qwen,h1_dinc,65,main_perp,HrAs,MP,1.0,1.045783333333333,0.51035,0.05330000000000004,0.05075000000000002,0.1666666666666663,0.25,1
qwen,h1_dinc,65,main_perp,HrBa,CO1,-1.0,1.0207833333333332,0.502375,0.032500000000000084,0.06507500000000002,0.08333333333333286,0.5,1
qwen,h1_dinc,65,main_perp,HrCh,CO1,-1.0,1.0245,0.511575,0.06461666666666664,0.06674999999999998,0.24999999999999972,0.5,1
qwen,h1_dinc,65,main_perp,HrHr,CO2,-1.0,1.0373166666666664,0.512175,0.05469999999999994,0.072275,0.08333333333333286,0.5,1
qwen,h1_dinc,65,main_perp,ShAs,CO1,0.0,1.0148416666666664,0.5029250000000001,-0.027375000000000028,0.022050000000000028,0.16666666666666669,0.25,1
qwen,h1_dinc,65,main_perp,ShCo,CO2,1.0,0.9668166666666664,0.475525,-0.022316666666666624,0.021775000000000003,0.0,0.0,1
qwen,h1_dinc,65,main_perp,ShSh,CO1,0.0,1.0342166666666663,0.5075,-0.0351499999999999,0.02277499999999999,-0.16666666666666669,0.25,1
qwen,h1_dinc,65,random,AsAs,CO1,0.0,0.0022416666666666644,0.015549999999999994,-0.01882500000000002,0.023874999999999993,0.0,0.0,0
qwen,h1_dinc,65,random,AsBa,MP,-0.0,0.0005333333333333665,0.015849999999999975,0.03133333333333333,0.015600000000000003,0.0,0.0,1
qwen,h1_dinc,65,random,AsCh,MP,1.0,0.03211666666666666,0.016149999999999998,0.03646666666666664,0.02315000000000003,-0.41666666666666663,0.25,1
qwen,h1_dinc,65,random,AsCm,OD1,2.0,0.011108333333333324,0.0076999999999999985,-0.0007750000000000715,0.015524999999999983,0.5833333333333334,0.25,1
qwen,h1_dinc,65,random,AsCo,CO2,1.0,-0.0031083333333333423,0.014499999999999999,-0.018458333333333334,0.015825000000000006,0.0,0.0,0
qwen,h1_dinc,65,random,AsDl,OD1,2.0,0.01051666666666666,0.008025000000000004,-0.009849999999999932,0.02345,0.08333333333333334,0.25,1
qwen,h1_dinc,65,random,AsHa,OD2,2.0,-7.499999999997678e-05,0.023575000000000013,0.009891666666666661,0.007674999999999987,0.0,0.0,0
qwen,h1_dinc,65,random,AsHr,MP,2.0,0.011533333333333298,0.01572499999999999,0.005616666666666639,0.016249999999999987,0.4166666666666666,0.25,1
qwen,h1_dinc,65,random,AsNc,OD2,0.0,0.01900833333333333,0.016174999999999995,-0.03295833333333328,0.023325000000000012,0.0,0.0,0
qwen,h1_dinc,65,random,AsPc,OD2,2.0,-0.013566666666666652,0.00739999999999999,0.013649999999999978,0.008150000000000018,0.0,0.0,0
qwen,h1_dinc,65,random,AsPd,OD1,2.0,0.0022166666666666906,0.016075000000000006,0.023133333333333266,0.01504999999999998,-0.5,0.25,1
qwen,h1_dinc,65,random,AsSh,CO1,0.0,-0.002516666666666651,0.01525,-0.017433333333333346,0.01547500000000003,0.0,0.0,0
qwen,h1_dinc,65,random,BaAs,MP,-1.0,-0.02313333333333333,0.015625,-0.0027166666666666684,0.008424999999999988,-0.08333333333333334,0.25,1
qwen,h1_dinc,65,random,BaBa,CO2,1.0,0.05087499999999997,0.030524999999999997,0.017508333333333344,0.016775000000000012,0.41666666666666663,0.25,1
qwen,h1_dinc,65,random,BaCh,CO2,1.0,0.0072333333333333034,0.015800000000000022,0.010483333333333332,0.031500000000000014,0.0,0.0,1
qwen,h1_dinc,65,random,BaCm,OD1,2.0,0.0032500000000000207,0.015200000000000005,0.02851666666666668,0.015799999999999995,0.41666666666666674,0.25,1
qwen,h1_dinc,65,random,BaCo,MP,-1.0,0.0038416666666666603,0.015574999999999992,0.006758333333333344,0.030324999999999963,0.0,0.0,1
qwen,h1_dinc,65,random,BaDl,OD1,2.0,0.004891666666666654,0.00789999999999999,-0.05729166666666666,0.030875,-0.5833333333333333,0.25,1
qwen,h1_dinc,65,random,BaHa,OD2,2.0,0.03973333333333337,0.02255000000000003,0.010116666666666668,0.008349999999999996,0.0,0.0,1
qwen,h1_dinc,65,random,BaHr,CO1,2.0,-0.006899999999999998,0.008349999999999996,-0.008316666666666729,0.01522499999999996,0.9999999999999999,0.5,1
qwen,h1_dinc,65,random,BaNc,OD2,-0.0,0.05742500000000002,0.023775000000000004,0.005124999999999973,0.01560000000000003,0.0,0.0,0
qwen,h1_dinc,65,random,BaPc,OD2,2.0,0.011799999999999984,0.01575,0.03651666666666674,0.030149999999999982,0.0,0.0,1
qwen,h1_dinc,65,random,BaPd,OD1,2.0,0.007600000000000032,0.007949999999999999,0.00025000000000000174,0.015949999999999992,0.0,0.0,1
qwen,h1_dinc,65,random,BaSh,MP,0.0,0.023099999999999978,0.01625,0.016666666666666684,0.02245000000000001,0.0,0.0,0
qwen,h1_dinc,65,random,ChAs,MP,0.0,-0.00537499999999998,0.015075000000000019,0.009824999999999997,0.022950000000000012,0.0,0.0,1
qwen,h1_dinc,65,random,ChBa,CO2,0.5,0.05394999999999995,0.029574999999999976,0.004800000000000013,0.007874999999999993,0.08333333333333334,0.25,1
qwen,h1_dinc,65,random,ChCh,CO2,0.5,-0.004599999999999965,0.00810000000000001,-0.03378333333333328,0.014875,-0.5,0.25,1
qwen,h1_dinc,65,random,ChCm,OD1,1.0,0.014658333333333298,0.014949999999999991,0.03045833333333339,0.023275000000000018,0.4166666666666666,0.25,1
qwen,h1_dinc,65,random,ChCo,MP,-0.5,0.0020166666666666905,0.02249999999999998,0.009166666666666686,0.008700000000000013,0.5833333333333334,0.25,1
qwen,h1_dinc,65,random,ChDl,OD1,1.0,-0.00243333333333333,0.0077999999999999875,0.002466666666666695,0.007824999999999999,0.0,0.0,1
qwen,h1_dinc,65,random,ChHa,OD2,1.0,0.04570833333333333,0.02302499999999999,-0.005241666666666656,0.015375,0.25000000000000017,0.25,1
qwen,h1_dinc,65,random,ChHr,CO1,1.0,0.030349999999999974,0.015274999999999997,-0.004683333333333322,0.007824999999999971,0.0,0.0,1
qwen,h1_dinc,65,random,CmAs,OD1,2.0,0.03411666666666667,0.019199999999999995,-0.013616666666666784,0.015449999999999992,0.0,0.0,1
qwen,h1_dinc,65,random,CmCm,DD,1.0,0.04537500000000003,0.02625000000000001,-0.027391666666666734,0.01460000000000003,0.0,0.0,1
qwen,h1_dinc,65,random,CmDl,DD,1.0,0.026925000000000004,0.023425,0.04072499999999999,0.02057500000000001,0.0,0.0,1
qwen,h1_dinc,65,random,CmHa,DD,3.0,0.011233333333333312,0.006725000000000009,-0.012516666666666705,0.014724999999999988,0.0,0.0,1
qwen,h1_dinc,65,random,CmNc,DD,2.5,0.024925000000000013,0.018275000000000013,-0.02475833333333327,0.011374999999999968,0.0,0.0,1
qwen,h1_dinc,65,random,CoAs,CO2,1.0,0.019650000000000025,0.021350000000000008,-0.012083333333333382,0.01435000000000003,0.0,0.0,1
qwen,h1_dinc,65,random,CoCo,CO1,1.0,0.0072166666666666586,0.008575000000000013,0.012850000000000037,0.015649999999999997,0.5,0.25,1
qwen,h1_dinc,65,random,CoSh,CO2,1.0,0.04193333333333334,0.022300000000000014,0.01978333333333333,0.008900000000000047,0.16666666666666669,0.25,1
qwen,h1_dinc,65,random,HaAs,OD2,2.0,0.015150000000000042,0.007700000000000026,0.008583333333333429,0.01352500000000001,0.0,0.0,1
qwen,h1_dinc,65,random,HaBa,OD2,2.0,-0.002466666666666664,0.021174999999999986,-0.021566666666666665,0.015749999999999986,0.0,0.0,1
qwen,h1_dinc,65,random,HaCm,DD,2.0,0.018341666666666714,0.015425000000000008,-0.019624999999999976,0.008649999999999991,0.0,0.0,1
qwen,h1_dinc,65,random,HaDl,DD,2.0,0.016108333333333277,0.02247499999999998,0.025608333333333327,0.012700000000000017,0.0,0.0,1
qwen,h1_dinc,65,random,HaHa,DD,2.0,-0.004300000000000041,0.008074999999999999,-0.0034166666666666638,0.007675000000000015,0.0,0.0,1
qwen,h1_dinc,65,random,HaNc,DD,2.0,-0.03299999999999998,0.02105,0.010766666666666586,0.013375000000000026,0.0,0.0,1
qwen,h1_dinc,65,random,HaPc,DD,2.0,0.03586666666666668,0.021275000000000002,0.020349999999999938,0.014749999999999958,0.0,0.0,1
qwen,h1_dinc,65,random,HrAs,MP,1.0,0.032391666666666694,0.030100000000000016,0.011708333333333314,0.02262499999999998,0.0,0.0,1
qwen,h1_dinc,65,random,HrBa,CO1,-1.0,0.018200000000000004,0.015200000000000005,0.01564999999999995,0.015550000000000008,0.0,0.0,1
qwen,h1_dinc,65,random,HrCh,CO1,-1.0,0.049549999999999976,0.028249999999999983,-0.01795,0.02200000000000002,0.0,0.0,1
qwen,h1_dinc,65,random,HrHr,CO2,-1.0,0.013233333333333312,0.021475000000000008,-0.022283333333333325,0.014224999999999988,0.0,0.0,1
qwen,h1_dinc,65,random,ShAs,CO1,0.0,0.010133333333333326,0.030149999999999996,0.010266666666666655,0.014825000000000005,0.0,0.0,0
qwen,h1_dinc,65,random,ShCo,CO2,1.0,0.025166666666666657,0.015325000000000005,-0.04616666666666668,0.023050000000000015,0.0,0.0,0
qwen,h1_dinc,65,random,ShSh,CO1,0.0,0.015108333333333347,0.030775000000000025,-2.500000000009229e-05,0.015850000000000017,0.0,0.0,0
qwen,h1_dinc,79,main,AsAs,CO1,0.0,0.7368416666666666,0.361,-0.017758333333333303,0.009624999999999995,-0.16666666666666669,0.25,1
qwen,h1_dinc,79,main,AsBa,MP,-0.0,0.7541249999999998,0.37460000000000004,0.011991666666666678,0.016024999999999984,-0.16666666666666657,0.25,1
qwen,h1_dinc,79,main,AsCh,MP,1.0,0.7618083333333332,0.380225,-0.018574999999999908,0.01127499999999998,0.0,0.0,1
qwen,h1_dinc,79,main,AsCm,OD1,2.0,0.7598666666666665,0.378425,0.012350000000000009,0.016424999999999995,0.41666666666666674,0.5,1
qwen,h1_dinc,79,main,AsCo,CO2,1.0,0.729625,0.367275,-0.0003750000000000227,0.006599999999999953,0.08333333333333334,0.25,1
qwen,h1_dinc,79,main,AsDl,OD1,2.0,0.757225,0.37457500000000005,0.01429166666666661,0.016250000000000014,0.08333333333333334,0.25,1
qwen,h1_dinc,79,main,AsHa,OD2,2.0,0.7640416666666667,0.37925,0.008308333333333353,0.015975000000000003,0.33333333333333337,0.5,1
qwen,h1_dinc,79,main,AsHr,MP,2.0,0.7693416666666668,0.38205000000000006,-0.005224999999999989,0.008450000000000013,0.6666666666666667,0.25,1
qwen,h1_dinc,79,main,AsNc,OD2,0.0,0.7958083333333331,0.394575,-0.012241666666666623,0.022425000000000028,0.0,0.0,1
qwen,h1_dinc,79,main,AsPc,OD2,2.0,0.73205,0.36335,-0.04201666666666669,0.02540000000000002,0.0,0.0,1
qwen,h1_dinc,79,main,AsPd,OD1,2.0,0.7689416666666667,0.37549999999999994,0.00592500000000001,0.01200000000000001,-0.08333333333333329,0.5,1
qwen,h1_dinc,79,main,AsSh,CO1,0.0,0.7780666666666667,0.38615,-0.010266666666666743,0.008850000000000052,0.08333333333333334,0.25,1
qwen,h1_dinc,79,main,BaAs,MP,-1.0,0.7474666666666666,0.37122499999999997,-0.026016666666666664,0.01625,-0.41666666666666674,0.5,1
qwen,h1_dinc,79,main,BaBa,CO2,1.0,0.7579083333333332,0.372525,-0.0038916666666666882,0.01300000000000004,0.0,0.25,1
qwen,h1_dinc,79,main,BaCh,CO2,1.0,0.7799166666666665,0.389475,-0.013333333333333332,0.012024999999999994,-0.25,0.25,1
qwen,h1_dinc,79,main,BaCm,OD1,2.0,0.7947416666666667,0.39039999999999997,-0.041008333333333334,0.023924999999999974,-0.24999999999999972,0.5,1
qwen,h1_dinc,79,main,BaCo,MP,-1.0,0.80775,0.3993,0.009666666666666737,0.005950000000000025,-0.08333333333333329,0.25,1
qwen,h1_dinc,79,main,BaDl,OD1,2.0,0.7780416666666666,0.3859250000000001,-0.019941666666666698,0.012525000000000022,-0.8333333333333335,0.5,1
qwen,h1_dinc,79,main,BaHa,OD2,2.0,0.7553333333333332,0.371425,-0.007333333333333339,0.005974999999999953,0.16666666666666657,0.25,1
qwen,h1_dinc,79,main,BaHr,CO1,2.0,0.794575,0.39402499999999996,0.02077499999999992,0.012774999999999967,5.733167046599011e-16,0.25,1
qwen,h1_dinc,79,main,BaNc,OD2,-0.0,0.7709666666666668,0.381175,0.0017333333333333645,0.008174999999999988,0.08333333333333334,0.25,1
qwen,h1_dinc,79,main,BaPc,OD2,2.0,0.7627583333333332,0.37982499999999997,-0.001841666666666604,0.009100000000000052,0.16666666666666657,0.25,1
qwen,h1_dinc,79,main,BaPd,OD1,2.0,0.752975,0.37385,-0.03855833333333328,0.02779999999999999,-0.6666666666666665,0.5,1
qwen,h1_dinc,79,main,BaSh,MP,0.0,0.743858333333333,0.3693249999999999,-0.04022500000000001,0.02285000000000001,-0.16666666666666669,0.25,1
qwen,h1_dinc,79,main,ChAs,MP,0.0,0.7439999999999999,0.37085,0.0031500000000000052,0.013324999999999976,-0.33333333333333326,0.5,1
qwen,h1_dinc,79,main,ChBa,CO2,0.5,0.7556333333333334,0.37087500000000007,-0.05031666666666665,0.033600000000000005,-0.25,0.5,1
qwen,h1_dinc,79,main,ChCh,CO2,0.5,0.7719249999999999,0.38449999999999995,-0.023241666666666765,0.014025000000000037,-0.4166666666666666,0.5,1
qwen,h1_dinc,79,main,ChCm,OD1,1.0,0.7325833333333331,0.3661,-0.010866666666666629,0.018325000000000008,-0.25,0.5,1
qwen,h1_dinc,79,main,ChCo,MP,-0.5,0.7574333333333333,0.37529999999999997,-0.0021333333333333018,0.015774999999999997,5.733167046599011e-16,0.25,1
qwen,h1_dinc,79,main,ChDl,OD1,1.0,0.7664416666666666,0.38275,0.004141666666666683,0.015050000000000022,-0.33333333333333326,0.5,1
qwen,h1_dinc,79,main,ChHa,OD2,1.0,0.7802499999999999,0.38959999999999995,0.013233333333333304,0.014649999999999996,0.6666666666666665,0.5,1
qwen,h1_dinc,79,main,ChHr,CO1,1.0,0.7502666666666666,0.3748,0.017183333333333328,0.013624999999999998,-0.08333333333333286,0.5,1
qwen,h1_dinc,79,main,CmAs,OD1,2.0,0.7140499999999999,0.35245,0.006283333333333321,0.019124999999999975,-0.25000000000000017,0.5,1
qwen,h1_dinc,79,main,CmCm,DD,1.0,0.6799333333333332,0.34015,-0.007450000000000063,0.028725,0.0,0.25,1
qwen,h1_dinc,79,main,CmDl,DD,1.0,0.6767416666666667,0.33930000000000005,0.05347500000000005,0.04435000000000003,0.8333333333333331,0.5,1
qwen,h1_dinc,79,main,CmHa,DD,3.0,0.6784249999999997,0.33885,-0.024741666666666655,0.02832499999999996,0.0,0.25,1
qwen,h1_dinc,79,main,CmNc,DD,2.5,0.6873500000000001,0.34385000000000004,0.03503333333333332,0.03947500000000001,0.16666666666666657,0.25,1
qwen,h1_dinc,79,main,CoAs,CO2,1.0,0.7369666666666667,0.36595,0.034716666666666694,0.024224999999999997,0.4166666666666666,0.5,1
qwen,h1_dinc,79,main,CoCo,CO1,1.0,0.7469416666666667,0.36955,0.030624999999999986,0.019850000000000034,0.5,0.5,1
qwen,h1_dinc,79,main,CoSh,CO2,1.0,0.7194750000000001,0.35585,0.042324999999999974,0.026899999999999993,0.9166666666666669,0.5,1
qwen,h1_dinc,79,main,HaAs,OD2,2.0,0.7103416666666663,0.35434999999999994,0.05047500000000001,0.03222500000000002,1.0,0.5,1
qwen,h1_dinc,79,main,HaBa,OD2,2.0,0.7195833333333334,0.359125,-0.009650000000000025,0.02720000000000003,-0.41666666666666674,0.5,1
qwen,h1_dinc,79,main,HaCm,DD,2.0,0.7548583333333332,0.3748,0.0017916666666666129,0.012024999999999966,0.24999999999999972,0.5,1
qwen,h1_dinc,79,main,HaDl,DD,2.0,0.7368833333333334,0.36650000000000005,-0.0009666666666666848,0.011775000000000035,0.16666666666666657,0.5,1
qwen,h1_dinc,79,main,HaHa,DD,2.0,0.7247916666666666,0.36217499999999997,0.03892499999999996,0.02502500000000002,0.5833333333333331,0.5,1
qwen,h1_dinc,79,main,HaNc,DD,2.0,0.7208416666666666,0.354575,0.01910833333333327,0.024774999999999978,0.16666666666666657,0.5,1
qwen,h1_dinc,79,main,HaPc,DD,2.0,0.7149166666666668,0.35530000000000006,0.01541666666666662,0.022875000000000034,0.16666666666666657,0.5,1
qwen,h1_dinc,79,main,HrAs,MP,1.0,0.7272749999999999,0.36375,0.020508333333333312,0.019974999999999965,0.08333333333333286,0.5,1
qwen,h1_dinc,79,main,HrBa,CO1,-1.0,0.727775,0.358125,-0.0006583333333333479,0.016624999999999973,-0.3333333333333335,0.5,1
qwen,h1_dinc,79,main,HrCh,CO1,-1.0,0.7342,0.366925,0.008316666666666576,0.023999999999999994,0.24999999999999972,0.5,1
qwen,h1_dinc,79,main,HrHr,CO2,-1.0,0.7652166666666667,0.3799,0.010650000000000026,0.019375000000000003,-2.8665835232995054e-16,0.5,1
qwen,h1_dinc,79,main,ShAs,CO1,0.0,0.7610166666666665,0.3791,0.027400000000000056,0.015825000000000006,0.16666666666666669,0.25,1
qwen,h1_dinc,79,main,ShCo,CO2,1.0,0.7059583333333334,0.35305000000000003,0.024458333333333408,0.018574999999999994,0.0,0.0,1
qwen,h1_dinc,79,main,ShSh,CO1,0.0,0.78045,0.385075,-0.022416666666666623,0.015725000000000003,-0.16666666666666669,0.25,1
qwen,h1_dinc,79,main_perp,AsAs,CO1,0.0,0.031208333333333334,0.02255,-0.02580833333333334,0.015425000000000008,0.0,0.0,0
qwen,h1_dinc,79,main_perp,AsBa,MP,-0.0,-0.003224999999999971,0.008449999999999985,0.024458333333333294,0.016074999999999978,0.41666666666666663,0.25,1
qwen,h1_dinc,79,main_perp,AsCh,MP,1.0,0.039333333333333345,0.02395,0.008766666666666627,0.008399999999999963,0.0,0.0,0
qwen,h1_dinc,79,main_perp,AsCm,OD1,2.0,0.01900833333333334,0.015625,-0.01817500000000005,0.015125,0.08333333333333334,0.25,1
qwen,h1_dinc,79,main_perp,AsCo,CO2,1.0,0.020183333333333314,0.015375,-0.005949999999999938,0.016150000000000025,0.0,0.0,0
qwen,h1_dinc,79,main_perp,AsDl,OD1,2.0,0.02008333333333334,0.00802499999999999,-0.02166666666666667,0.008324999999999999,0.0,0.0,0
qwen,h1_dinc,79,main_perp,AsHa,OD2,2.0,0.010908333333333325,0.01475,-0.004925000000000023,0.00799999999999998,0.0,0.0,0
qwen,h1_dinc,79,main_perp,AsHr,MP,2.0,0.011191666666666673,0.015825000000000006,-0.014908333333333284,0.015499999999999986,0.0,0.25,1
qwen,h1_dinc,79,main_perp,AsNc,OD2,0.0,0.022808333333333337,0.01532500000000002,-0.018841666666666645,0.008299999999999974,0.0,0.0,0
qwen,h1_dinc,79,main_perp,AsPc,OD2,2.0,0.03160833333333331,0.02260000000000001,-0.0033249999999999673,0.01545000000000002,0.0,0.0,0
qwen,h1_dinc,79,main_perp,AsPd,OD1,2.0,0.02994166666666668,0.015524999999999997,0.00024166666666664016,0.0007749999999999979,0.0,0.0,1
qwen,h1_dinc,79,main_perp,AsSh,CO1,0.0,-0.012516666666666655,0.02314999999999999,-0.00734999999999999,0.015600000000000003,0.0,0.0,0
qwen,h1_dinc,79,main_perp,BaAs,MP,-1.0,-0.04268333333333329,0.02374999999999998,0.020633333333333337,0.008000000000000007,0.5,0.25,1
qwen,h1_dinc,79,main_perp,BaBa,CO2,1.0,-0.004224999999999969,0.015224999999999989,0.030708333333333306,0.02349999999999998,0.0,0.0,1
qwen,h1_dinc,79,main_perp,BaCh,CO2,1.0,-0.010674999999999974,0.016224999999999976,-0.026308333333333395,0.015850000000000003,-0.08333333333333334,0.25,1
qwen,h1_dinc,79,main_perp,BaCm,OD1,2.0,0.008658333333333318,0.008499999999999994,-0.0058749999999999905,0.01597499999999999,-0.24999999999999986,0.25,1
qwen,h1_dinc,79,main_perp,BaCo,MP,-1.0,-0.000941666666666646,0.01592499999999998,0.0002250000000000378,0.007499999999999993,0.0,0.0,1
qwen,h1_dinc,79,main_perp,BaDl,OD1,2.0,-0.002583333333333313,0.008025000000000004,-0.007716666666666696,0.016524999999999998,0.33333333333333337,0.25,1
qwen,h1_dinc,79,main_perp,BaHa,OD2,2.0,-0.004866666666666633,0.022449999999999998,-0.016033333333333337,0.008025000000000004,0.0,0.0,1
qwen,h1_dinc,79,main_perp,BaHr,CO1,2.0,-0.004049999999999974,0.022374999999999992,0.004033333333333319,0.015699999999999992,0.08333333333333334,0.25,1
qwen,h1_dinc,79,main_perp,BaNc,OD2,-0.0,-0.01819166666666667,0.015550000000000008,0.008091666666666683,0.023575000000000013,0.0,0.0,0
qwen,h1_dinc,79,main_perp,BaPc,OD2,2.0,0.011150000000000004,0.015625,-0.004216666666666612,0.007724999999999982,0.0,0.0,1
qwen,h1_dinc,79,main_perp,BaPd,OD1,2.0,0.005491666666666622,0.01572499999999999,0.030391666666666674,0.015425000000000022,0.0,0.0,1
qwen,h1_dinc,79,main_perp,BaSh,MP,0.0,-0.007474999999999966,0.015525000000000011,0.005658333333333355,0.008525000000000019,0.0,0.0,0
qwen,h1_dinc,79,main_perp,ChAs,MP,0.0,0.012416666666666628,0.015149999999999997,0.012983333333333366,0.015449999999999992,0.0,0.0,1
qwen,h1_dinc,79,main_perp,ChBa,CO2,0.5,0.042783333333333284,0.030249999999999957,0.00791666666666669,0.00764999999999999,0.08333333333333334,0.25,1
qwen,h1_dinc,79,main_perp,ChCh,CO2,0.5,0.003350000000000025,0.00785000000000001,-0.028083333333333318,0.01565000000000001,-0.5,0.25,1
qwen,h1_dinc,79,main_perp,ChCm,OD1,1.0,-0.007983333333333335,0.022699999999999984,0.007749999999999989,0.015924999999999967,0.0,0.0,1
qwen,h1_dinc,79,main_perp,ChCo,MP,-0.5,0.01860833333333332,0.008800000000000002,-0.009058333333333326,0.015424999999999994,-0.4166666666666666,0.25,1
qwen,h1_dinc,79,main_perp,ChDl,OD1,1.0,-0.0034666666666666782,0.015149999999999983,0.017483333333333347,0.015575000000000006,0.0,0.0,1
qwen,h1_dinc,79,main_perp,ChHa,OD2,1.0,0.0026250000000000166,0.015700000000000006,0.005991666666666674,0.008400000000000019,-0.33333333333333315,0.25,1
qwen,h1_dinc,79,main_perp,ChHr,CO1,1.0,0.014675000000000004,0.007849999999999996,-0.015625000000000028,0.007950000000000013,0.0,0.0,1
qwen,h1_dinc,79,main_perp,CmAs,OD1,2.0,-0.020024999999999966,0.021025000000000002,-0.0045083333333334474,0.013575000000000031,0.0,0.0,1
qwen,h1_dinc,79,main_perp,CmCm,DD,1.0,0.007100000000000008,0.014350000000000002,0.012266666666666655,0.020425,0.0,0.0,1
qwen,h1_dinc,79,main_perp,CmDl,DD,1.0,-0.0016500000000000087,0.007500000000000034,-0.006583333333333327,0.015299999999999953,0.0,0.0,1
qwen,h1_dinc,79,main_perp,CmHa,DD,3.0,0.007941666666666642,0.015,0.0012916666666666842,0.012824999999999975,0.0,0.0,1
qwen,h1_dinc,79,main_perp,CmNc,DD,2.5,0.024050000000000016,0.015199999999999991,-0.02001666666666668,0.014875000000000027,0.0,0.0,1
qwen,h1_dinc,79,main_perp,CoAs,CO2,1.0,-0.012691666666666636,0.00835000000000001,0.015174999999999982,0.014999999999999986,0.0,0.0,1
qwen,h1_dinc,79,main_perp,CoCo,CO1,1.0,-0.04504166666666664,0.0232,-0.015841666666666674,0.00849999999999998,-0.5,0.25,1
qwen,h1_dinc,79,main_perp,CoSh,CO2,1.0,0.011158333333333331,0.007825000000000013,-0.010641666666666627,0.0071249999999999925,0.0,0.0,1
qwen,h1_dinc,79,main_perp,HaAs,OD2,2.0,-0.008150000000000018,0.020974999999999994,0.01229999999999997,0.012699999999999961,0.0,0.0,1
qwen,h1_dinc,79,main_perp,HaBa,OD2,2.0,0.0008000000000000284,0.014675000000000021,0.029200000000000042,0.014375000000000027,0.0,0.0,1
qwen,h1_dinc,79,main_perp,HaCm,DD,2.0,-0.025174999999999934,0.015650000000000025,-0.0002583333333332598,0.022550000000000014,0.0,0.0,1
qwen,h1_dinc,79,main_perp,HaDl,DD,2.0,-0.0010416666666667421,0.008099999999999996,0.02267500000000003,0.020900000000000057,0.0,0.0,1
qwen,h1_dinc,79,main_perp,HaHa,DD,2.0,-0.0039916666666666295,0.014375000000000013,0.00010833333333341388,0.0021250000000000435,0.0,0.0,1
qwen,h1_dinc,79,main_perp,HaNc,DD,2.0,-0.007308333333333316,0.007749999999999979,0.011358333333333302,0.014424999999999966,0.0,0.0,1
qwen,h1_dinc,79,main_perp,HaPc,DD,2.0,-0.010216666666666673,0.028175000000000006,0.010033333333333236,0.014774999999999955,0.0,0.0,1
qwen,h1_dinc,79,main_perp,HrAs,MP,1.0,-0.0038249999999999664,0.008574999999999972,0.0001416666666666044,0.009149999999999991,0.0,0.0,1
qwen,h1_dinc,79,main_perp,HrBa,CO1,-1.0,0.004533333333333339,0.00835000000000001,0.0024499999999999618,0.00814999999999999,0.0,0.0,1
qwen,h1_dinc,79,main_perp,HrCh,CO1,-1.0,-9.999999999998844e-05,0.007724999999999982,-0.004083333333333356,0.015249999999999986,0.0,0.0,1
qwen,h1_dinc,79,main_perp,HrHr,CO2,-1.0,0.011491666666666666,0.007374999999999993,-0.010508333333333354,0.007599999999999996,0.0,0.0,1
qwen,h1_dinc,79,main_perp,ShAs,CO1,0.0,-0.02597500000000002,0.015700000000000006,-0.0008083333333333462,0.015700000000000006,0.0,0.0,0
qwen,h1_dinc,79,main_perp,ShCo,CO2,1.0,0.035124999999999997,0.023124999999999993,0.015425000000000034,0.015475000000000003,0.0,0.0,0
qwen,h1_dinc,79,main_perp,ShSh,CO1,0.0,0.022633333333333346,0.01580000000000001,-0.007899999999999975,0.015625000000000014,0.0,0.0,0
qwen,h1_dinc,79,random,AsAs,CO1,0.0,-0.030075000000000008,0.024175000000000002,0.002974999999999982,0.015725000000000017,0.0,0.0,0
qwen,h1_dinc,79,random,AsBa,MP,-0.0,-0.04466666666666666,0.031125,-0.005933333333333318,0.008349999999999996,0.16666666666666669,0.25,1
qwen,h1_dinc,79,random,AsCh,MP,1.0,-0.014908333333333315,0.02302499999999999,0.02575833333333324,0.015325000000000005,0.4166666666666666,0.25,1
qwen,h1_dinc,79,random,AsCm,OD1,2.0,-0.03835833333333332,0.022874999999999993,-0.013408333333333328,0.00814999999999999,-0.24999999999999986,0.25,1
qwen,h1_dinc,79,random,AsCo,CO2,1.0,-0.03900833333333337,0.023275000000000018,-0.01262499999999992,0.007524999999999962,0.0,0.0,0
qwen,h1_dinc,79,random,AsDl,OD1,2.0,-0.033983333333333296,0.023549999999999988,-0.019100000000000016,0.016175000000000023,-0.16666666666666669,0.25,1
qwen,h1_dinc,79,random,AsHa,OD2,2.0,-0.031149999999999973,0.023199999999999985,-0.021833333333333295,0.015899999999999997,0.0,0.0,0
qwen,h1_dinc,79,random,AsHr,MP,2.0,-0.009083333333333337,0.01577500000000001,0.0007999999999998807,0.016124999999999945,1.4332917616497527e-16,0.0,1
qwen,h1_dinc,79,random,AsNc,OD2,0.0,-0.047091666666666684,0.031375000000000014,0.005658333333333321,0.007550000000000015,0.0,0.0,0
qwen,h1_dinc,79,random,AsPc,OD2,2.0,-0.04245000000000003,0.022700000000000026,0.005866666666666642,0.021999999999999992,0.0,0.0,0
qwen,h1_dinc,79,random,AsPd,OD1,2.0,-0.018408333333333315,0.016,-0.0025083333333333624,0.00789999999999999,0.0,0.0,1
qwen,h1_dinc,79,random,AsSh,CO1,0.0,-0.033158333333333304,0.023599999999999996,0.008341666666666667,0.02289999999999999,0.0,0.0,0
qwen,h1_dinc,79,random,BaAs,MP,-1.0,-0.05652499999999997,0.023599999999999982,-0.005858333333333338,0.031700000000000006,0.16666666666666669,0.25,1
qwen,h1_dinc,79,random,BaBa,CO2,1.0,-0.036716666666666654,0.015975000000000003,-0.014099999999999982,0.015424999999999967,0.0,0.0,1
qwen,h1_dinc,79,random,BaCh,CO2,1.0,-0.033316666666666654,0.022824999999999984,-0.008866666666666741,0.008025000000000032,0.0,0.0,1
qwen,h1_dinc,79,random,BaCm,OD1,2.0,-0.02233333333333335,0.02277499999999999,0.002083333333333312,0.015125,1.4332917616497527e-16,0.25,1
qwen,h1_dinc,79,random,BaCo,MP,-1.0,-0.005941666666666659,0.015549999999999994,0.004491666666666677,0.00779999999999996,0.0,0.0,1
qwen,h1_dinc,79,random,BaDl,OD1,2.0,-0.011191666666666692,0.015850000000000003,-0.0252416666666667,0.01532500000000002,-0.24999999999999986,0.25,1
qwen,h1_dinc,79,random,BaHa,OD2,2.0,-0.03510833333333335,0.023800000000000016,0.007058333333333293,0.014899999999999997,0.0,0.0,1
qwen,h1_dinc,79,random,BaHr,CO1,2.0,-0.030491666666666615,0.022674999999999973,0.020758333333333292,0.015299999999999966,0.41666666666666663,0.25,1
qwen,h1_dinc,79,random,BaNc,OD2,-0.0,-0.011824999999999978,0.023425,-0.013191666666666635,0.016425000000000023,0.0,0.0,0
qwen,h1_dinc,79,random,BaPc,OD2,2.0,-0.030899999999999962,0.02312499999999998,0.005150000000000095,0.015825000000000033,0.0,0.0,1
qwen,h1_dinc,79,random,BaPd,OD1,2.0,-0.018874999999999982,0.007500000000000007,-0.0057083333333333534,0.015074999999999977,0.0,0.0,1
qwen,h1_dinc,79,random,BaSh,MP,0.0,-0.05448333333333329,0.029949999999999977,0.005583333333333369,0.008125000000000007,0.0,0.0,0
qwen,h1_dinc,79,random,ChAs,MP,0.0,-0.03415833333333339,0.015900000000000025,0.02815833333333336,0.015550000000000022,0.0,0.0,1
qwen,h1_dinc,79,random,ChBa,CO2,0.5,-0.031641666666666665,0.022074999999999984,-0.007774999999999998,0.007824999999999999,0.16666666666666669,0.25,1
qwen,h1_dinc,79,random,ChCh,CO2,0.5,-0.03879166666666668,0.023425000000000015,-0.02112499999999999,0.014374999999999985,0.24999999999999997,0.25,1
qwen,h1_dinc,79,random,ChCm,OD1,1.0,-0.004466666666666715,0.014899999999999983,-0.005183333333333337,0.015324999999999978,0.0,0.0,1
qwen,h1_dinc,79,random,ChCo,MP,-0.5,-0.02887499999999995,0.015899999999999984,-0.011975000000000017,0.01609999999999999,0.24999999999999997,0.25,1
qwen,h1_dinc,79,random,ChDl,OD1,1.0,-0.037700000000000046,0.015325000000000005,-0.0030833333333333403,0.015149999999999997,0.0,0.0,1
qwen,h1_dinc,79,random,ChHa,OD2,1.0,-0.02127499999999995,0.015825000000000006,0.014125000000000054,0.008500000000000035,0.25,0.25,1
qwen,h1_dinc,79,random,ChHr,CO1,1.0,-0.033783333333333276,0.022774999999999962,-0.018149999999999996,0.007875000000000007,0.0,0.0,1
qwen,h1_dinc,79,random,CmAs,OD1,2.0,-0.02344166666666662,0.014574999999999977,-0.022741666666666747,0.013875000000000026,0.0,0.0,1
qwen,h1_dinc,79,random,CmCm,DD,1.0,-0.026974999999999975,0.025599999999999984,0.024741666666666752,0.013300000000000034,0.0,0.0,1
qwen,h1_dinc,79,random,CmDl,DD,1.0,-0.01900833333333333,0.013275000000000023,0.024241666666666734,0.013525000000000037,0.0,0.0,1
qwen,h1_dinc,79,random,CmHa,DD,3.0,-0.01644166666666668,0.020149999999999987,-0.00789166666666666,0.008200000000000013,0.0,0.0,1
qwen,h1_dinc,79,random,CmNc,DD,2.5,-0.034474999999999985,0.027200000000000016,0.0022083333333334353,0.007550000000000001,0.0,0.0,1
qwen,h1_dinc,79,random,CoAs,CO2,1.0,-0.04601666666666665,0.022249999999999992,0.005433333333333319,0.023150000000000018,0.0,0.0,1
qwen,h1_dinc,79,random,CoCo,CO1,1.0,-0.004075000000000002,0.023174999999999987,0.0035083333333333455,0.015799999999999995,-0.25,0.25,1
qwen,h1_dinc,79,random,CoSh,CO2,1.0,-0.04545833333333333,0.022849999999999995,0.01820833333333329,0.007374999999999993,0.0,0.0,1
qwen,h1_dinc,79,random,HaAs,OD2,2.0,-0.03835833333333327,0.028550000000000006,-0.012891666666666652,0.01554999999999998,0.0,0.0,1
qwen,h1_dinc,79,random,HaBa,OD2,2.0,-0.03898333333333331,0.022849999999999995,-0.018849999999999936,0.013949999999999962,0.0,0.0,1
qwen,h1_dinc,79,random,HaCm,DD,2.0,0.007016666666666707,0.015850000000000003,0.0049500000000000256,0.015500000000000014,0.0,0.0,1
qwen,h1_dinc,79,random,HaDl,DD,2.0,-0.02935000000000007,0.015725000000000017,-0.018983333333333397,0.02200000000000002,0.0,0.0,1
qwen,h1_dinc,79,random,HaHa,DD,2.0,-0.03875833333333334,0.02055,-0.008225,0.019974999999999965,0.0,0.0,1
qwen,h1_dinc,79,random,HaNc,DD,2.0,-0.009891666666666667,0.014374999999999985,0.0011416666666665771,0.0010499999999999676,0.0,0.0,1
qwen,h1_dinc,79,random,HaPc,DD,2.0,-0.03070833333333329,0.02942499999999998,-0.004041666666666823,0.00737500000000002,0.0,0.0,1
qwen,h1_dinc,79,random,HrAs,MP,1.0,-0.022424999999999914,0.02252499999999999,0.039291666666666725,0.023475000000000024,0.0,0.0,1
qwen,h1_dinc,79,random,HrBa,CO1,-1.0,-0.04124166666666666,0.021724999999999994,-0.004924999999999966,0.008174999999999988,0.0,0.0,1
qwen,h1_dinc,79,random,HrCh,CO1,-1.0,-0.02093333333333337,0.01545000000000002,-0.006916666666666727,0.015475000000000017,0.0,0.0,1
qwen,h1_dinc,79,random,HrHr,CO2,-1.0,-0.03363333333333333,0.021600000000000036,-0.01010000000000006,0.008000000000000035,0.0,0.0,1
qwen,h1_dinc,79,random,ShAs,CO1,0.0,-0.003908333333333346,0.015425000000000008,-0.015924999999999998,0.02245000000000001,0.0,0.0,0
qwen,h1_dinc,79,random,ShCo,CO2,1.0,-0.04017500000000001,0.021525000000000002,0.006558333333333423,0.022250000000000034,0.0,0.0,0
qwen,h1_dinc,79,random,ShSh,CO1,0.0,-0.03612500000000002,0.023075000000000026,-0.025341666666666676,0.015375000000000014,0.0,0.0,0
qwen,h2_choice,65,main,AsAs,CO1,0.0,-0.4216416666666667,0.215825,-0.012974999999999981,0.015200000000000005,0.5833333333333333,0.25,1
qwen,h2_choice,65,main,AsBa,MP,-0.0,-0.38380833333333325,0.19467500000000001,-0.057658333333333256,0.027374999999999955,1.4332917616497527e-16,0.25,1
qwen,h2_choice,65,main,AsCh,MP,1.0,-0.3615166666666667,0.187475,0.010983333333333279,0.022899999999999976,0.16666666666666669,0.25,1
qwen,h2_choice,65,main,AsCm,OD1,2.0,-0.4718666666666666,0.23595,0.09749999999999996,0.05485000000000001,-0.16666666666666669,0.25,1
qwen,h2_choice,65,main,AsCo,CO2,1.0,-0.3367750000000001,0.1715,-0.026524999999999955,0.022874999999999965,-0.4166666666666666,0.25,1
qwen,h2_choice,65,main,AsDl,OD1,2.0,-0.4095916666666666,0.206075,0.07524166666666662,0.03907499999999997,-0.16666666666666669,0.25,1
qwen,h2_choice,65,main,AsHa,OD2,2.0,-0.41930000000000006,0.210575,0.07918333333333336,0.043825,0.0,0.0,1
qwen,h2_choice,65,main,AsHr,MP,2.0,-0.3796999999999999,0.18605,0.04294999999999997,0.036949999999999955,-0.6666666666666665,0.25,1
qwen,h2_choice,65,main,AsNc,OD2,0.0,-0.3762166666666666,0.192,0.02393333333333335,0.014350000000000016,0.0,0.0,1
qwen,h2_choice,65,main,AsPc,OD2,2.0,-0.40265833333333345,0.21037500000000003,0.021274999999999985,0.022249999999999992,-0.4166666666666666,0.25,1
qwen,h2_choice,65,main,AsPd,OD1,2.0,-0.3856,0.18817499999999998,-0.05428333333333337,0.027775000000000022,-0.4166666666666666,0.25,1
qwen,h2_choice,65,main,AsSh,CO1,0.0,-0.4088416666666665,0.2067,0.025925000000000014,0.014549999999999993,-0.6666666666666665,0.25,1
qwen,h2_choice,65,main,BaAs,MP,-1.0,-0.37613333333333326,0.19057500000000002,-0.016266666666666697,0.009200000000000028,0.6666666666666665,0.25,1
qwen,h2_choice,65,main,BaBa,CO2,1.0,-0.31195,0.156675,-0.06250000000000006,0.03442500000000001,0.16666666666666669,0.25,1
qwen,h2_choice,65,main,BaCh,CO2,1.0,-0.30014166666666664,0.15070000000000003,0.004775000000000086,0.015200000000000019,0.49999999999999994,0.25,1
qwen,h2_choice,65,main,BaCm,OD1,2.0,-0.3297583333333333,0.16567500000000004,-0.04142499999999996,0.02717500000000002,0.6666666666666669,0.5,1
qwen,h2_choice,65,main,BaCo,MP,-1.0,-0.3657833333333333,0.19387500000000002,-0.05295000000000007,0.02967500000000005,0.41666666666666663,0.25,1
qwen,h2_choice,65,main,BaDl,OD1,2.0,-0.35508333333333325,0.18385,-0.004116666666666638,0.011950000000000002,0.6666666666666667,0.25,1
qwen,h2_choice,65,main,BaHa,OD2,2.0,-0.37833333333333335,0.18535000000000001,0.02534999999999997,0.01780000000000001,-0.8333333333333331,0.5,1
qwen,h2_choice,65,main,BaHr,CO1,2.0,-0.3014999999999999,0.15685,-0.06613333333333338,0.03660000000000002,0.1666666666666668,0.25,1
qwen,h2_choice,65,main,BaNc,OD2,-0.0,-0.34012500000000007,0.16575,-0.026424999999999955,0.030399999999999983,-0.5833333333333333,0.25,1
qwen,h2_choice,65,main,BaPc,OD2,2.0,-0.3179333333333333,0.1646,0.08208333333333334,0.04140000000000002,-0.49999999999999994,0.5,1
qwen,h2_choice,65,main,BaPd,OD1,2.0,-0.34343333333333337,0.179925,-0.026266666666666758,0.018525000000000028,0.41666666666666663,0.25,1
qwen,h2_choice,65,main,BaSh,MP,0.0,-0.384775,0.182225,-0.0029083333333334124,0.007500000000000007,0.0,0.0,0
qwen,h2_choice,65,main,ChAs,MP,0.0,-0.34452499999999997,0.17795,-0.027641666666666672,0.023124999999999993,0.41666666666666663,0.25,1
qwen,h2_choice,65,main,ChBa,CO2,0.5,-0.3060416666666666,0.14965,-0.08870833333333336,0.04350000000000001,0.6666666666666665,0.25,1
qwen,h2_choice,65,main,ChCh,CO2,0.5,-0.36395,0.18335,-0.00763333333333338,0.014774999999999996,0.6666666666666667,0.25,1
qwen,h2_choice,65,main,ChCm,OD1,1.0,-0.32455833333333334,0.166275,-0.10204166666666668,0.05967500000000002,0.5833333333333333,0.25,1
qwen,h2_choice,65,main,ChCo,MP,-0.5,-0.35701666666666654,0.18542499999999998,-0.06841666666666665,0.033574999999999994,0.25000000000000017,0.25,1
qwen,h2_choice,65,main,ChDl,OD1,1.0,-0.31740833333333335,0.15915,-0.06749166666666666,0.03695,0.41666666666666663,0.25,1
qwen,h2_choice,65,main,ChHa,OD2,1.0,-0.30035833333333334,0.150975,0.06242499999999997,0.029524999999999996,-0.25,0.25,1
qwen,h2_choice,65,main,ChHr,CO1,1.0,-0.32669999999999993,0.166175,-0.11386666666666673,0.05947500000000003,0.5833333333333334,0.25,1
qwen,h2_choice,65,main,CmAs,OD1,2.0,-0.27557499999999996,0.13622499999999998,0.1524916666666666,0.07982499999999998,0.0,0.0,1
qwen,h2_choice,65,main,CmCm,DD,1.0,-0.30932499999999996,0.15715,0.17125833333333337,0.08555000000000001,0.0,0.0,1
qwen,h2_choice,65,main,CmDl,DD,1.0,-0.34468333333333334,0.1732,0.16884999999999997,0.08494999999999997,0.0,0.0,1
qwen,h2_choice,65,main,CmHa,DD,3.0,-0.2926833333333333,0.14855000000000002,0.1623166666666667,0.07845000000000002,0.0,0.0,1
qwen,h2_choice,65,main,CmNc,DD,2.5,-0.2582999999999999,0.131275,0.1692,0.085975,0.0,0.0,1
qwen,h2_choice,65,main,CoAs,CO2,1.0,-0.37058333333333326,0.18655,0.07350000000000007,0.03305000000000004,-0.8333333333333331,0.5,1
qwen,h2_choice,65,main,CoCo,CO1,1.0,-0.4494916666666667,0.22330000000000005,0.05469166666666666,0.023849999999999996,-1.166666666666666,0.5,1
qwen,h2_choice,65,main,CoSh,CO2,1.0,-0.37124166666666675,0.1849,0.11427499999999997,0.061399999999999996,-1.0833333333333333,0.5,1
qwen,h2_choice,65,main,HaAs,OD2,2.0,-0.387625,0.19272500000000004,0.17174166666666657,0.08722499999999997,-0.41666666666666663,0.25,1
qwen,h2_choice,65,main,HaBa,OD2,2.0,-0.29830833333333334,0.14550000000000002,0.14104166666666668,0.0741,0.0,0.0,1
qwen,h2_choice,65,main,HaCm,DD,2.0,-0.2819333333333333,0.14802500000000002,0.08401666666666663,0.04527499999999998,-0.41666666666666663,0.25,1
qwen,h2_choice,65,main,HaDl,DD,2.0,-0.33503333333333335,0.16890000000000005,0.13606666666666656,0.06429999999999995,-0.41666666666666663,0.25,1
qwen,h2_choice,65,main,HaHa,DD,2.0,-0.3499999999999999,0.17765,0.1448166666666667,0.07200000000000001,-0.41666666666666663,0.25,1
qwen,h2_choice,65,main,HaNc,DD,2.0,-0.3155416666666666,0.158225,0.19427499999999986,0.09937499999999996,0.0,0.0,1
qwen,h2_choice,65,main,HaPc,DD,2.0,-0.3428166666666667,0.180575,0.1251499999999999,0.058974999999999944,-0.41666666666666663,0.25,1
qwen,h2_choice,65,main,HrAs,MP,1.0,-0.31979166666666664,0.15875,0.13405833333333333,0.06885000000000002,-0.1666666666666668,0.25,1
qwen,h2_choice,65,main,HrBa,CO1,-1.0,-0.3131583333333333,0.14525000000000005,0.18045833333333328,0.08604999999999999,-0.41666666666666663,0.25,1
qwen,h2_choice,65,main,HrCh,CO1,-1.0,-0.3365499999999999,0.16244999999999998,0.1488333333333334,0.07305000000000003,-0.41666666666666663,0.25,1
qwen,h2_choice,65,main,HrHr,CO2,-1.0,-0.2974583333333333,0.14942500000000003,0.13069166666666665,0.06092500000000001,-0.41666666666666663,0.25,1
qwen,h2_choice,65,main,ShAs,CO1,0.0,-0.4294249999999999,0.21657500000000002,0.032741666666666676,0.014774999999999969,0.0,0.0,1
qwen,h2_choice,65,main,ShCo,CO2,1.0,-0.49201666666666677,0.240975,0.03585000000000001,0.017824999999999994,0.0,0.0,0
qwen,h2_choice,65,main,ShSh,CO1,0.0,-0.44150833333333334,0.21875,0.006491666666666683,0.023774999999999977,0.0,0.0,1
qwen,h2_choice,65,main_perp,AsAs,CO1,0.0,-0.43934166666666663,0.229625,-0.028108333333333322,0.030950000000000005,0.4166666666666666,0.25,1
qwen,h2_choice,65,main_perp,AsBa,MP,-0.0,-0.4026416666666667,0.20015,-0.03652499999999995,0.017724999999999963,0.5,0.25,1
qwen,h2_choice,65,main_perp,AsCh,MP,1.0,-0.39473333333333327,0.201575,0.014150000000000036,0.008100000000000024,0.25,0.25,1
qwen,h2_choice,65,main_perp,AsCm,OD1,2.0,-0.46430833333333327,0.23639999999999997,0.11137499999999999,0.0527,-0.6666666666666665,0.25,1
qwen,h2_choice,65,main_perp,AsCo,CO2,1.0,-0.32061666666666666,0.1573,0.02583333333333337,0.023675,0.0,0.0,0
qwen,h2_choice,65,main_perp,AsDl,OD1,2.0,-0.41196666666666665,0.20147500000000002,0.06908333333333333,0.03242500000000001,-0.6666666666666665,0.25,1
qwen,h2_choice,65,main_perp,AsHa,OD2,2.0,-0.41375,0.2106,0.056066666666666695,0.029950000000000004,0.0,0.0,1
qwen,h2_choice,65,main_perp,AsHr,MP,2.0,-0.39325,0.203175,0.03214999999999999,0.02099999999999999,-0.6666666666666665,0.25,1
qwen,h2_choice,65,main_perp,AsNc,OD2,0.0,-0.3902,0.19999999999999998,0.024666666666666663,0.022849999999999995,0.0,0.0,1
qwen,h2_choice,65,main_perp,AsPc,OD2,2.0,-0.42802499999999993,0.21627500000000005,0.06462499999999993,0.03757499999999998,0.0,0.0,1
qwen,h2_choice,65,main_perp,AsPd,OD1,2.0,-0.3758666666666667,0.18862500000000001,-0.04238333333333339,0.01940000000000003,0.1666666666666668,0.25,1
qwen,h2_choice,65,main_perp,AsSh,CO1,0.0,-0.39583333333333337,0.19935000000000003,-0.011883333333333327,0.015600000000000003,-0.5833333333333333,0.25,1
qwen,h2_choice,65,main_perp,BaAs,MP,-1.0,-0.34957499999999997,0.17622500000000002,-0.01897500000000003,0.01627500000000001,0.6666666666666665,0.25,1
qwen,h2_choice,65,main_perp,BaBa,CO2,1.0,-0.296575,0.149125,-0.028058333333333324,0.01625,0.33333333333333337,0.25,1
qwen,h2_choice,65,main_perp,BaCh,CO2,1.0,-0.34041666666666676,0.173525,-0.03351666666666664,0.020275,0.1666666666666668,0.25,1
qwen,h2_choice,65,main_perp,BaCm,OD1,2.0,-0.2949833333333334,0.157225,-0.07048333333333336,0.03462500000000003,0.5833333333333335,0.5,1
qwen,h2_choice,65,main_perp,BaCo,MP,-1.0,-0.3649166666666668,0.18697500000000006,-0.058033333333333374,0.03347500000000003,-0.16666666666666657,0.25,1
qwen,h2_choice,65,main_perp,BaDl,OD1,2.0,-0.3776666666666667,0.18507500000000005,-0.014250000000000021,0.007624999999999993,0.6666666666666667,0.25,1
qwen,h2_choice,65,main_perp,BaHa,OD2,2.0,-0.33325,0.170825,0.037033333333333314,0.024900000000000005,-0.8333333333333331,0.5,1
qwen,h2_choice,65,main_perp,BaHr,CO1,2.0,-0.3049083333333332,0.1508,-0.05875833333333332,0.030100000000000002,0.0833333333333335,0.25,1
qwen,h2_choice,65,main_perp,BaNc,OD2,-0.0,-0.37269166666666664,0.18685000000000002,-0.024275000000000015,0.021924999999999972,0.16666666666666644,0.5,1
qwen,h2_choice,65,main_perp,BaPc,OD2,2.0,-0.2943333333333333,0.143175,0.03993333333333331,0.020824999999999982,-0.16666666666666669,0.25,1
qwen,h2_choice,65,main_perp,BaPd,OD1,2.0,-0.34926666666666667,0.17927500000000002,-0.029866666666666708,0.015375000000000014,0.41666666666666663,0.25,1
qwen,h2_choice,65,main_perp,BaSh,MP,0.0,-0.3446416666666666,0.1733,0.04044166666666671,0.023924999999999988,0.4166666666666666,0.25,1
qwen,h2_choice,65,main_perp,ChAs,MP,0.0,-0.3307333333333334,0.16332500000000003,-0.05101666666666662,0.026324999999999973,0.0,0.25,1
qwen,h2_choice,65,main_perp,ChBa,CO2,0.5,-0.3364666666666665,0.1649,-0.05778333333333337,0.035725000000000035,0.5833333333333333,0.25,1
qwen,h2_choice,65,main_perp,ChCh,CO2,0.5,-0.363925,0.184975,-0.029608333333333285,0.01807499999999998,0.6666666666666667,0.25,1
qwen,h2_choice,65,main_perp,ChCm,OD1,1.0,-0.31414999999999993,0.158175,-0.10653333333333333,0.05890000000000001,0.5833333333333333,0.5,1
qwen,h2_choice,65,main_perp,ChCo,MP,-0.5,-0.3500083333333333,0.1774,-0.0890916666666666,0.04159999999999997,0.25000000000000017,0.25,1
qwen,h2_choice,65,main_perp,ChDl,OD1,1.0,-0.35098333333333337,0.18205000000000005,-0.035916666666666694,0.015074999999999977,0.8333333333333331,0.5,1
qwen,h2_choice,65,main_perp,ChHa,OD2,1.0,-0.26980833333333326,0.13585000000000003,0.024608333333333315,0.027900000000000008,-0.5,0.25,1
qwen,h2_choice,65,main_perp,ChHr,CO1,1.0,-0.28585833333333327,0.146125,-0.07319166666666667,0.03952500000000002,0.5833333333333334,0.25,1
qwen,h2_choice,65,main_perp,CmAs,OD1,2.0,-0.29777499999999996,0.14795,0.1640083333333333,0.07699999999999999,0.0,0.0,1
qwen,h2_choice,65,main_perp,CmCm,DD,1.0,-0.28800833333333337,0.14397500000000002,0.19885833333333325,0.09827499999999997,0.0,0.0,1
qwen,h2_choice,65,main_perp,CmDl,DD,1.0,-0.32411666666666666,0.165925,0.18871666666666667,0.09312499999999999,0.0,0.0,1
qwen,h2_choice,65,main_perp,CmHa,DD,3.0,-0.2923833333333333,0.14872499999999997,0.18628333333333333,0.09287500000000001,0.0,0.0,1
qwen,h2_choice,65,main_perp,CmNc,DD,2.5,-0.25816666666666654,0.12917499999999998,0.18033333333333335,0.08837500000000001,0.0,0.0,1
qwen,h2_choice,65,main_perp,CoAs,CO2,1.0,-0.365675,0.17922500000000002,0.11794166666666665,0.055275000000000005,-1.0,0.5,1
qwen,h2_choice,65,main_perp,CoCo,CO1,1.0,-0.3788583333333333,0.191625,0.09615833333333336,0.053175000000000014,-1.166666666666666,0.5,1
qwen,h2_choice,65,main_perp,CoSh,CO2,1.0,-0.39990833333333325,0.20065,0.13015833333333332,0.06039999999999998,-1.0,0.5,1
qwen,h2_choice,65,main_perp,HaAs,OD2,2.0,-0.36505000000000004,0.181325,0.19221666666666667,0.09207500000000002,0.0,0.0,1
qwen,h2_choice,65,main_perp,HaBa,OD2,2.0,-0.31355,0.157625,0.13725,0.07197500000000001,0.0,0.0,1
qwen,h2_choice,65,main_perp,HaCm,DD,2.0,-0.31247500000000006,0.154125,0.09527499999999993,0.04832499999999998,-0.41666666666666663,0.25,1
qwen,h2_choice,65,main_perp,HaDl,DD,2.0,-0.3248000000000001,0.16252500000000003,0.14686666666666653,0.07362499999999995,-0.41666666666666663,0.25,1
qwen,h2_choice,65,main_perp,HaHa,DD,2.0,-0.3449416666666667,0.1733,0.14720833333333333,0.06920000000000001,-0.41666666666666663,0.25,1
qwen,h2_choice,65,main_perp,HaNc,DD,2.0,-0.32179166666666653,0.16482499999999997,0.14960833333333326,0.07822499999999996,0.0,0.0,1
qwen,h2_choice,65,main_perp,HaPc,DD,2.0,-0.35767499999999997,0.17665,0.1758583333333334,0.08795000000000003,-0.41666666666666663,0.25,1
qwen,h2_choice,65,main_perp,HrAs,MP,1.0,-0.3160833333333334,0.1647,0.12514999999999996,0.05890000000000001,0.0,0.25,1
qwen,h2_choice,65,main_perp,HrBa,CO1,-1.0,-0.3193583333333333,0.1608,0.1485416666666667,0.07290000000000002,-0.41666666666666663,0.25,1
qwen,h2_choice,65,main_perp,HrCh,CO1,-1.0,-0.3212833333333333,0.15992499999999998,0.13221666666666673,0.07032500000000003,-0.5833333333333334,0.25,1
qwen,h2_choice,65,main_perp,HrHr,CO2,-1.0,-0.3167166666666667,0.15617500000000004,0.16121666666666662,0.08062499999999997,-0.41666666666666663,0.25,1
qwen,h2_choice,65,main_perp,ShAs,CO1,0.0,-0.4304833333333335,0.2172,0.03258333333333331,0.0223,0.0,0.0,1
qwen,h2_choice,65,main_perp,ShCo,CO2,1.0,-0.48884166666666673,0.25075000000000003,0.05075833333333332,0.023924999999999988,0.4166666666666666,0.25,1
qwen,h2_choice,65,main_perp,ShSh,CO1,0.0,-0.4261249999999999,0.21762499999999996,0.008341666666666695,0.008225000000000038,0.4166666666666666,0.25,1
qwen,h2_choice,65,random,AsAs,CO1,0.0,0.0022416666666666644,0.015549999999999994,-0.01882500000000002,0.023874999999999993,0.0,0.0,0
qwen,h2_choice,65,random,AsBa,MP,-0.0,0.0005333333333333665,0.015849999999999975,0.03133333333333333,0.015600000000000003,0.0,0.0,1
qwen,h2_choice,65,random,AsCh,MP,1.0,0.03211666666666666,0.016149999999999998,0.03646666666666664,0.02315000000000003,-0.41666666666666663,0.25,1
qwen,h2_choice,65,random,AsCm,OD1,2.0,0.011108333333333324,0.0076999999999999985,-0.0007750000000000715,0.015524999999999983,0.5833333333333334,0.25,1
qwen,h2_choice,65,random,AsCo,CO2,1.0,-0.0031083333333333423,0.014499999999999999,-0.018458333333333334,0.015825000000000006,0.0,0.0,0
qwen,h2_choice,65,random,AsDl,OD1,2.0,0.01051666666666666,0.008025000000000004,-0.009849999999999932,0.02345,0.08333333333333334,0.25,1
qwen,h2_choice,65,random,AsHa,OD2,2.0,-7.499999999997678e-05,0.023575000000000013,0.009891666666666661,0.007674999999999987,0.0,0.0,0
qwen,h2_choice,65,random,AsHr,MP,2.0,0.011533333333333298,0.01572499999999999,0.005616666666666639,0.016249999999999987,0.4166666666666666,0.25,1
qwen,h2_choice,65,random,AsNc,OD2,0.0,0.01900833333333333,0.016174999999999995,-0.03295833333333328,0.023325000000000012,0.0,0.0,0
qwen,h2_choice,65,random,AsPc,OD2,2.0,-0.013566666666666652,0.00739999999999999,0.013649999999999978,0.008150000000000018,0.0,0.0,0
qwen,h2_choice,65,random,AsPd,OD1,2.0,0.0022166666666666906,0.016075000000000006,0.023133333333333266,0.01504999999999998,-0.5,0.25,1
qwen,h2_choice,65,random,AsSh,CO1,0.0,-0.002516666666666651,0.01525,-0.017433333333333346,0.01547500000000003,0.0,0.0,0
qwen,h2_choice,65,random,BaAs,MP,-1.0,-0.02313333333333333,0.015625,-0.0027166666666666684,0.008424999999999988,-0.08333333333333334,0.25,1
qwen,h2_choice,65,random,BaBa,CO2,1.0,0.05087499999999997,0.030524999999999997,0.017508333333333344,0.016775000000000012,0.41666666666666663,0.25,1
qwen,h2_choice,65,random,BaCh,CO2,1.0,0.0072333333333333034,0.015800000000000022,0.010483333333333332,0.031500000000000014,0.0,0.0,1
qwen,h2_choice,65,random,BaCm,OD1,2.0,0.0032500000000000207,0.015200000000000005,0.02851666666666668,0.015799999999999995,0.41666666666666674,0.25,1
qwen,h2_choice,65,random,BaCo,MP,-1.0,0.0038416666666666603,0.015574999999999992,0.006758333333333344,0.030324999999999963,0.0,0.0,1
qwen,h2_choice,65,random,BaDl,OD1,2.0,0.004891666666666654,0.00789999999999999,-0.05729166666666666,0.030875,-0.5833333333333333,0.25,1
qwen,h2_choice,65,random,BaHa,OD2,2.0,0.03973333333333337,0.02255000000000003,0.010116666666666668,0.008349999999999996,0.0,0.0,1
qwen,h2_choice,65,random,BaHr,CO1,2.0,-0.006899999999999998,0.008349999999999996,-0.008316666666666729,0.01522499999999996,0.9999999999999999,0.5,1
qwen,h2_choice,65,random,BaNc,OD2,-0.0,0.05742500000000002,0.023775000000000004,0.005124999999999973,0.01560000000000003,0.0,0.0,0
qwen,h2_choice,65,random,BaPc,OD2,2.0,0.011799999999999984,0.01575,0.03651666666666674,0.030149999999999982,0.0,0.0,1
qwen,h2_choice,65,random,BaPd,OD1,2.0,0.007600000000000032,0.007949999999999999,0.00025000000000000174,0.015949999999999992,0.0,0.0,1
qwen,h2_choice,65,random,BaSh,MP,0.0,0.023099999999999978,0.01625,0.016666666666666684,0.02245000000000001,0.0,0.0,0
qwen,h2_choice,65,random,ChAs,MP,0.0,-0.00537499999999998,0.015075000000000019,0.009824999999999997,0.022950000000000012,0.0,0.0,1
qwen,h2_choice,65,random,ChBa,CO2,0.5,0.05394999999999995,0.029574999999999976,0.004800000000000013,0.007874999999999993,0.08333333333333334,0.25,1
qwen,h2_choice,65,random,ChCh,CO2,0.5,-0.004599999999999965,0.00810000000000001,-0.03378333333333328,0.014875,-0.5,0.25,1
qwen,h2_choice,65,random,ChCm,OD1,1.0,0.014658333333333298,0.014949999999999991,0.03045833333333339,0.023275000000000018,0.4166666666666666,0.25,1
qwen,h2_choice,65,random,ChCo,MP,-0.5,0.0020166666666666905,0.02249999999999998,0.009166666666666686,0.008700000000000013,0.5833333333333334,0.25,1
qwen,h2_choice,65,random,ChDl,OD1,1.0,-0.00243333333333333,0.0077999999999999875,0.002466666666666695,0.007824999999999999,0.0,0.0,1
qwen,h2_choice,65,random,ChHa,OD2,1.0,0.04570833333333333,0.02302499999999999,-0.005241666666666656,0.015375,0.25000000000000017,0.25,1
qwen,h2_choice,65,random,ChHr,CO1,1.0,0.030349999999999974,0.015274999999999997,-0.004683333333333322,0.007824999999999971,0.0,0.0,1
qwen,h2_choice,65,random,CmAs,OD1,2.0,0.03411666666666667,0.019199999999999995,-0.013616666666666784,0.015449999999999992,0.0,0.0,1
qwen,h2_choice,65,random,CmCm,DD,1.0,0.04537500000000003,0.02625000000000001,-0.027391666666666734,0.01460000000000003,0.0,0.0,1
qwen,h2_choice,65,random,CmDl,DD,1.0,0.026925000000000004,0.023425,0.04072499999999999,0.02057500000000001,0.0,0.0,1
qwen,h2_choice,65,random,CmHa,DD,3.0,0.011233333333333312,0.006725000000000009,-0.012516666666666705,0.014724999999999988,0.0,0.0,1
qwen,h2_choice,65,random,CmNc,DD,2.5,0.024925000000000013,0.018275000000000013,-0.02475833333333327,0.011374999999999968,0.0,0.0,1
qwen,h2_choice,65,random,CoAs,CO2,1.0,0.019650000000000025,0.021350000000000008,-0.012083333333333382,0.01435000000000003,0.0,0.0,1
qwen,h2_choice,65,random,CoCo,CO1,1.0,0.0072166666666666586,0.008575000000000013,0.012850000000000037,0.015649999999999997,0.5,0.25,1
qwen,h2_choice,65,random,CoSh,CO2,1.0,0.04193333333333334,0.022300000000000014,0.01978333333333333,0.008900000000000047,0.16666666666666669,0.25,1
qwen,h2_choice,65,random,HaAs,OD2,2.0,0.015150000000000042,0.007700000000000026,0.008583333333333429,0.01352500000000001,0.0,0.0,1
qwen,h2_choice,65,random,HaBa,OD2,2.0,-0.002466666666666664,0.021174999999999986,-0.021566666666666665,0.015749999999999986,0.0,0.0,1
qwen,h2_choice,65,random,HaCm,DD,2.0,0.018341666666666714,0.015425000000000008,-0.019624999999999976,0.008649999999999991,0.0,0.0,1
qwen,h2_choice,65,random,HaDl,DD,2.0,0.016108333333333277,0.02247499999999998,0.025608333333333327,0.012700000000000017,0.0,0.0,1
qwen,h2_choice,65,random,HaHa,DD,2.0,-0.004300000000000041,0.008074999999999999,-0.0034166666666666638,0.007675000000000015,0.0,0.0,1
qwen,h2_choice,65,random,HaNc,DD,2.0,-0.03299999999999998,0.02105,0.010766666666666586,0.013375000000000026,0.0,0.0,1
qwen,h2_choice,65,random,HaPc,DD,2.0,0.03586666666666668,0.021275000000000002,0.020349999999999938,0.014749999999999958,0.0,0.0,1
qwen,h2_choice,65,random,HrAs,MP,1.0,0.032391666666666694,0.030100000000000016,0.011708333333333314,0.02262499999999998,0.0,0.0,1
qwen,h2_choice,65,random,HrBa,CO1,-1.0,0.018200000000000004,0.015200000000000005,0.01564999999999995,0.015550000000000008,0.0,0.0,1
qwen,h2_choice,65,random,HrCh,CO1,-1.0,0.049549999999999976,0.028249999999999983,-0.01795,0.02200000000000002,0.0,0.0,1
qwen,h2_choice,65,random,HrHr,CO2,-1.0,0.013233333333333312,0.021475000000000008,-0.022283333333333325,0.014224999999999988,0.0,0.0,1
qwen,h2_choice,65,random,ShAs,CO1,0.0,0.010133333333333326,0.030149999999999996,0.010266666666666655,0.014825000000000005,0.0,0.0,0
qwen,h2_choice,65,random,ShCo,CO2,1.0,0.025166666666666657,0.015325000000000005,-0.04616666666666668,0.023050000000000015,0.0,0.0,0
qwen,h2_choice,65,random,ShSh,CO1,0.0,0.015108333333333347,0.030775000000000025,-2.500000000009229e-05,0.015850000000000017,0.0,0.0,0
qwen,h2_choice,79,main,AsAs,CO1,0.0,-0.19249166666666664,0.09250000000000001,0.014808333333333347,0.015599999999999989,0.4166666666666666,0.25,1
qwen,h2_choice,79,main,AsBa,MP,-0.0,-0.18372499999999997,0.09965,-0.0037083333333332753,0.02372499999999997,-0.16666666666666657,0.25,1
qwen,h2_choice,79,main,AsCh,MP,1.0,-0.18700833333333333,0.091925,-0.0075416666666666505,0.015499999999999986,0.4166666666666666,0.25,1
qwen,h2_choice,79,main,AsCm,OD1,2.0,-0.18839166666666665,0.09225,0.008874999999999958,0.015200000000000019,-0.6666666666666665,0.25,1
qwen,h2_choice,79,main,AsCo,CO2,1.0,-0.16629166666666667,0.08442500000000001,-0.017308333333333308,0.015550000000000008,0.0,0.0,0
qwen,h2_choice,79,main,AsDl,OD1,2.0,-0.1855166666666667,0.0913,0.016949999999999982,0.02309999999999998,-0.5833333333333333,0.25,1
qwen,h2_choice,79,main,AsHa,OD2,2.0,-0.18028333333333332,0.08380000000000001,0.009899999999999963,0.007374999999999979,0.0,0.0,0
qwen,h2_choice,79,main,AsHr,MP,2.0,-0.16465833333333332,0.084825,0.021174999999999933,0.02285000000000001,-0.5833333333333333,0.25,1
qwen,h2_choice,79,main,AsNc,OD2,0.0,-0.18767499999999998,0.08470000000000001,-0.007491666666666706,0.007500000000000007,0.0,0.0,0
qwen,h2_choice,79,main,AsPc,OD2,2.0,-0.17959166666666668,0.09100000000000001,0.021058333333333294,0.014749999999999985,0.0,0.0,0
qwen,h2_choice,79,main,AsPd,OD1,2.0,-0.2287166666666667,0.11582500000000003,0.012799999999999985,0.008224999999999982,0.41666666666666663,0.25,1
qwen,h2_choice,79,main,AsSh,CO1,0.0,-0.18389166666666665,0.08410000000000001,-0.0042083333333333296,0.023249999999999993,-0.4166666666666666,0.25,1
qwen,h2_choice,79,main,BaAs,MP,-1.0,-0.18213333333333329,0.091225,-0.0011000000000000296,0.01672499999999999,0.5833333333333333,0.25,1
qwen,h2_choice,79,main,BaBa,CO2,1.0,-0.16555,0.07604999999999999,-0.012516666666666615,0.01582500000000002,0.0,0.0,1
qwen,h2_choice,79,main,BaCh,CO2,1.0,-0.19460000000000002,0.09999999999999999,0.016183333333333355,0.02377500000000002,0.49999999999999994,0.25,1
qwen,h2_choice,79,main,BaCm,OD1,2.0,-0.19104999999999994,0.09162499999999998,-0.017133333333333348,0.015449999999999978,0.1666666666666668,0.25,1
qwen,h2_choice,79,main,BaCo,MP,-1.0,-0.23454166666666665,0.12222500000000001,0.0026583333333333407,0.016000000000000014,0.41666666666666663,0.25,1
qwen,h2_choice,79,main,BaDl,OD1,2.0,-0.20781666666666665,0.1063,0.0322333333333333,0.016399999999999984,0.6666666666666667,0.25,1
qwen,h2_choice,79,main,BaHa,OD2,2.0,-0.19794166666666674,0.09942500000000004,0.0033083333333332947,0.022700000000000026,-0.4166666666666666,0.25,1
qwen,h2_choice,79,main,BaHr,CO1,2.0,-0.18258333333333324,0.09164999999999997,0.0071499999999999845,0.022599999999999967,0.1666666666666668,0.25,1
qwen,h2_choice,79,main,BaNc,OD2,-0.0,-0.19052499999999997,0.100075,0.005058333333333314,0.023550000000000015,0.0,0.0,0
qwen,h2_choice,79,main,BaPc,OD2,2.0,-0.21200833333333327,0.10729999999999998,-0.03145833333333334,0.015200000000000019,0.0,0.0,1
qwen,h2_choice,79,main,BaPd,OD1,2.0,-0.19940833333333327,0.09994999999999998,-0.019108333333333356,0.015350000000000003,0.0,0.0,1
qwen,h2_choice,79,main,BaSh,MP,0.0,-0.20181666666666667,0.10450000000000001,0.019683333333333285,0.016249999999999973,0.0,0.0,0
qwen,h2_choice,79,main,ChAs,MP,0.0,-0.17827500000000002,0.09207500000000003,0.03227500000000007,0.01610000000000003,0.4166666666666666,0.25,1
qwen,h2_choice,79,main,ChBa,CO2,0.5,-0.19787499999999994,0.0977,0.01845833333333334,0.009025000000000033,0.5833333333333333,0.25,1
qwen,h2_choice,79,main,ChCh,CO2,0.5,-0.19639999999999988,0.09837499999999998,0.037333333333333336,0.030924999999999994,0.6666666666666667,0.25,1
qwen,h2_choice,79,main,ChCm,OD1,1.0,-0.16551666666666667,0.08152500000000001,0.00858333333333334,0.008250000000000021,0.4166666666666666,0.25,1
qwen,h2_choice,79,main,ChCo,MP,-0.5,-0.17246666666666663,0.082525,0.011566666666666692,0.008275000000000018,0.6666666666666667,0.25,1
qwen,h2_choice,79,main,ChDl,OD1,1.0,-0.17632499999999995,0.09105,0.0020750000000000343,0.008925000000000016,0.0,0.0,1
qwen,h2_choice,79,main,ChHa,OD2,1.0,-0.18169166666666664,0.09047499999999999,0.006674999999999971,0.008824999999999972,-0.5833333333333333,0.25,1
qwen,h2_choice,79,main,ChHr,CO1,1.0,-0.17442499999999994,0.08237499999999998,-0.011558333333333368,0.008925000000000016,0.5833333333333334,0.25,1
qwen,h2_choice,79,main,CmAs,OD1,2.0,-0.17637500000000003,0.09652500000000003,-0.003991666666666676,0.007049999999999945,0.0,0.0,1
qwen,h2_choice,79,main,CmCm,DD,1.0,-0.17050833333333335,0.08452500000000002,-0.004391666666666597,0.011525000000000007,0.0,0.0,1
qwen,h2_choice,79,main,CmDl,DD,1.0,-0.1471916666666667,0.069125,-0.017058333333333377,0.014975000000000044,0.0,0.0,1
qwen,h2_choice,79,main,CmHa,DD,3.0,-0.17533333333333329,0.09394999999999999,-0.005899999999999941,0.013174999999999992,0.0,0.0,1
qwen,h2_choice,79,main,CmNc,DD,2.5,-0.17062499999999994,0.08292499999999998,0.022425000000000014,0.015924999999999995,0.0,0.0,1
qwen,h2_choice,79,main,CoAs,CO2,1.0,-0.18037499999999998,0.09435000000000003,-0.005974999999999942,0.02272499999999998,-0.41666666666666663,0.25,1
qwen,h2_choice,79,main,CoCo,CO1,1.0,-0.20028333333333329,0.10637500000000001,-0.0012833333333333486,0.016625,-0.9999999999999994,0.5,1
qwen,h2_choice,79,main,CoSh,CO2,1.0,-0.15900833333333328,0.07462499999999997,-0.011575000000000064,0.010000000000000037,-1.0833333333333333,0.5,1
qwen,h2_choice,79,main,HaAs,OD2,2.0,-0.1533083333333333,0.07544999999999998,-0.00319166666666662,0.008874999999999966,0.0,0.0,1
qwen,h2_choice,79,main,HaBa,OD2,2.0,-0.1679416666666667,0.08555000000000001,0.02184166666666664,0.01629999999999998,0.0,0.0,1
qwen,h2_choice,79,main,HaCm,DD,2.0,-0.17419999999999997,0.08367499999999999,0.01659999999999999,0.008500000000000008,-0.41666666666666663,0.25,1
qwen,h2_choice,79,main,HaDl,DD,2.0,-0.16670000000000001,0.08005000000000001,0.0069999999999999256,0.015375,0.0,0.0,1
qwen,h2_choice,79,main,HaHa,DD,2.0,-0.17743333333333342,0.08382500000000002,0.02174999999999993,0.011174999999999963,0.0,0.0,1
qwen,h2_choice,79,main,HaNc,DD,2.0,-0.1682,0.08304999999999998,0.018583333333333354,0.015474999999999989,0.0,0.0,1
qwen,h2_choice,79,main,HaPc,DD,2.0,-0.16250833333333328,0.08604999999999999,-0.006924999999999967,0.010800000000000004,0.0,0.0,1
qwen,h2_choice,79,main,HrAs,MP,1.0,-0.1973083333333333,0.10375000000000001,0.002775000000000014,0.008200000000000013,0.0,0.25,1
qwen,h2_choice,79,main,HrBa,CO1,-1.0,-0.18864999999999996,0.08704999999999997,0.009966666666666728,0.015425000000000022,-0.41666666666666663,0.25,1
qwen,h2_choice,79,main,HrCh,CO1,-1.0,-0.19085000000000002,0.09385000000000002,-0.01533333333333328,0.00899999999999998,-0.41666666666666663,0.25,1
qwen,h2_choice,79,main,HrHr,CO2,-1.0,-0.17632500000000007,0.08112500000000002,-0.01169166666666674,0.02229999999999996,0.0,0.0,1
qwen,h2_choice,79,main,ShAs,CO1,0.0,-0.16487499999999997,0.08392500000000001,-0.03262499999999996,0.022374999999999978,0.0,0.0,0
qwen,h2_choice,79,main,ShCo,CO2,1.0,-0.14628333333333332,0.07445,0.002399999999999969,0.013950000000000004,0.0,0.0,0
qwen,h2_choice,79,main,ShSh,CO1,0.0,-0.19295,0.09102500000000001,0.001399999999999924,0.0007249999999999618,0.0,0.0,0
qwen,h2_choice,79,main_perp,AsAs,CO1,0.0,0.008333333333333342,0.015324999999999991,-0.04393333333333336,0.030975000000000016,0.0,0.0,0
qwen,h2_choice,79,main_perp,AsBa,MP,-0.0,0.003008333333333294,0.008649999999999991,0.002858333333333388,0.008174999999999988,0.0,0.0,1
qwen,h2_choice,79,main_perp,AsCh,MP,1.0,0.0072583333333333284,0.023625000000000007,-0.018058333333333308,0.015575000000000006,-0.41666666666666663,0.25,1
qwen,h2_choice,79,main_perp,AsCm,OD1,2.0,0.03767499999999995,0.015875,-0.03207499999999996,0.015150000000000052,0.1666666666666668,0.25,1
qwen,h2_choice,79,main_perp,AsCo,CO2,1.0,-0.024341666666666668,0.015299999999999994,0.007174999999999945,0.008224999999999968,0.0,0.0,0
qwen,h2_choice,79,main_perp,AsDl,OD1,2.0,0.003875000000000009,0.008050000000000002,-0.007374999999999919,0.015024999999999955,0.0,0.0,0
qwen,h2_choice,79,main_perp,AsHa,OD2,2.0,-0.005241666666666673,0.015299999999999994,-0.00014166666666669703,0.0009750000000000036,0.0,0.0,0
qwen,h2_choice,79,main_perp,AsHr,MP,2.0,0.02026666666666669,0.015224999999999989,0.009950000000000058,0.015525000000000039,1.4332917616497527e-16,0.0,1
qwen,h2_choice,79,main_perp,AsNc,OD2,0.0,-0.004499999999999993,0.015825000000000006,-0.031183333333333375,0.023250000000000007,0.0,0.0,0
qwen,h2_choice,79,main_perp,AsPc,OD2,2.0,-0.03355000000000002,0.01580000000000001,-0.03833333333333334,0.022550000000000014,0.0,0.0,0
qwen,h2_choice,79,main_perp,AsPd,OD1,2.0,-0.01291666666666667,0.01525,-0.01921666666666664,0.008624999999999994,0.0,0.0,1
qwen,h2_choice,79,main_perp,AsSh,CO1,0.0,-0.020616666666666682,0.015450000000000005,-0.0005333333333333076,0.015274999999999997,0.0,0.0,0
qwen,h2_choice,79,main_perp,BaAs,MP,-1.0,-0.02745833333333334,0.015,0.0035083333333333342,0.008199999999999985,0.5,0.25,1
qwen,h2_choice,79,main_perp,BaBa,CO2,1.0,-0.0048250000000000385,0.008550000000000002,0.00977500000000002,0.0233,0.0,0.0,1
qwen,h2_choice,79,main_perp,BaCh,CO2,1.0,0.010708333333333353,0.015300000000000008,-0.015258333333333304,0.00785000000000001,0.0,0.0,1
qwen,h2_choice,79,main_perp,BaCm,OD1,2.0,0.007058333333333374,0.015175000000000022,-0.01135833333333333,0.015575000000000006,-0.4166666666666666,0.25,1
qwen,h2_choice,79,main_perp,BaCo,MP,-1.0,0.0009083333333333303,0.0005500000000000088,0.0004250000000000281,0.0005499999999999949,0.0,0.0,1
qwen,h2_choice,79,main_perp,BaDl,OD1,2.0,0.0028083333333333437,0.023425,0.0075250000000000004,0.00842500000000003,0.08333333333333334,0.25,1
qwen,h2_choice,79,main_perp,BaHa,OD2,2.0,0.016425000000000016,0.022749999999999992,-0.01085833333333327,0.015875,0.0,0.0,1
qwen,h2_choice,79,main_perp,BaHr,CO1,2.0,-0.01356666666666671,0.008225000000000024,0.01356666666666669,0.008124999999999993,0.41666666666666663,0.25,1
qwen,h2_choice,79,main_perp,BaNc,OD2,-0.0,-0.03408333333333333,0.015649999999999997,0.007083333333333356,0.01602500000000004,0.0,0.0,0
qwen,h2_choice,79,main_perp,BaPc,OD2,2.0,0.00037499999999996895,0.015125,0.004308333333333322,0.007449999999999957,0.0,0.0,1
qwen,h2_choice,79,main_perp,BaPd,OD1,2.0,-0.02605000000000001,0.015575000000000006,0.020649999999999988,0.01567499999999998,0.0,0.0,1
qwen,h2_choice,79,main_perp,BaSh,MP,0.0,-0.019775000000000015,0.007900000000000018,-0.020591666666666716,0.007925000000000015,0.0,0.0,0
qwen,h2_choice,79,main_perp,ChAs,MP,0.0,-0.023958333333333266,0.015850000000000017,0.016258333333333277,0.015599999999999989,0.0,0.0,1
qwen,h2_choice,79,main_perp,ChBa,CO2,0.5,-0.0011166666666667189,0.015274999999999997,-0.004866666666666627,0.014624999999999985,0.08333333333333334,0.25,1
qwen,h2_choice,79,main_perp,ChCh,CO2,0.5,-0.006658333333333349,0.008400000000000005,-0.012925000000000006,0.022824999999999998,-0.08333333333333334,0.25,1
qwen,h2_choice,79,main_perp,ChCm,OD1,1.0,-0.003241666666666694,0.008224999999999996,-0.02150833333333331,0.022674999999999973,0.0,0.0,1
qwen,h2_choice,79,main_perp,ChCo,MP,-0.5,0.0005416666666666623,0.00845,-0.00039166666666665833,0.008674999999999988,1.4332917616497527e-16,0.25,1
qwen,h2_choice,79,main_perp,ChDl,OD1,1.0,-0.008849999999999969,0.015350000000000003,0.013400000000000023,0.007950000000000013,0.0,0.0,1
qwen,h2_choice,79,main_perp,ChHa,OD2,1.0,0.017674999999999972,0.023275000000000018,0.02749166666666666,0.022749999999999992,0.33333333333333337,0.25,1
qwen,h2_choice,79,main_perp,ChHr,CO1,1.0,0.0005833333333333219,0.0010499999999999954,0.0005666666666666572,0.0006999999999999923,0.08333333333333336,0.25,1
qwen,h2_choice,79,main_perp,CmAs,OD1,2.0,-0.010174999999999983,0.01477500000000001,-0.00012499999999998892,0.0013499999999999068,0.0,0.0,1
qwen,h2_choice,79,main_perp,CmCm,DD,1.0,0.013175000000000013,0.012874999999999984,-0.013841666666666629,0.013374999999999998,0.0,0.0,1
qwen,h2_choice,79,main_perp,CmDl,DD,1.0,-0.012883333333333373,0.014024999999999996,-0.007116666666666666,0.008275000000000005,0.0,0.0,1
qwen,h2_choice,79,main_perp,CmHa,DD,3.0,-0.013808333333333313,0.019899999999999987,-0.010058333333333206,0.00792499999999996,0.0,0.0,1
qwen,h2_choice,79,main_perp,CmNc,DD,2.5,0.012133333333333296,0.01442499999999998,-0.01889999999999992,0.008299999999999946,0.0,0.0,1
qwen,h2_choice,79,main_perp,CoAs,CO2,1.0,0.029099999999999963,0.014899999999999983,0.000583333333333347,0.014999999999999986,0.0,0.0,1
qwen,h2_choice,79,main_perp,CoCo,CO1,1.0,-0.045333333333333344,0.023174999999999987,-0.015366666666666709,0.008925000000000002,-0.5,0.25,1
qwen,h2_choice,79,main_perp,CoSh,CO2,1.0,-0.024649999999999988,0.02222500000000001,0.03149999999999991,0.023074999999999984,-0.16666666666666669,0.25,1
qwen,h2_choice,79,main_perp,HaAs,OD2,2.0,-0.0029000000000000367,0.028550000000000006,0.028683333333333304,0.014624999999999971,0.0,0.0,1
qwen,h2_choice,79,main_perp,HaBa,OD2,2.0,0.012466666666666659,0.01490000000000001,0.0182,0.013950000000000018,0.0,0.0,1
qwen,h2_choice,79,main_perp,HaCm,DD,2.0,-0.0022916666666666597,0.008125000000000021,-0.002858333333333286,0.008324999999999999,0.0,0.0,1
qwen,h2_choice,79,main_perp,HaDl,DD,2.0,-0.01898333333333329,0.014725000000000002,-0.004983333333333304,0.01502500000000001,0.0,0.0,1
qwen,h2_choice,79,main_perp,HaHa,DD,2.0,0.00261666666666668,0.014800000000000008,0.00024999999999990167,0.014800000000000008,0.0,0.0,1
qwen,h2_choice,79,main_perp,HaNc,DD,2.0,-0.009425000000000076,0.015375,-0.0263416666666667,0.014075000000000004,0.0,0.0,1
qwen,h2_choice,79,main_perp,HaPc,DD,2.0,0.008216666666666575,0.015274999999999983,0.011900000000000075,0.008124999999999993,0.0,0.0,1
qwen,h2_choice,79,main_perp,HrAs,MP,1.0,-0.010916666666666701,0.016000000000000042,-0.020833333333333367,0.015325000000000005,0.0,0.0,1
qwen,h2_choice,79,main_perp,HrBa,CO1,-1.0,0.011174999999999997,0.015074999999999991,-0.005458333333333268,0.008424999999999988,0.0,0.0,1
qwen,h2_choice,79,main_perp,HrCh,CO1,-1.0,0.014116666666666647,0.014799999999999994,-0.014400000000000015,0.021850000000000036,0.0,0.0,1
qwen,h2_choice,79,main_perp,HrHr,CO2,-1.0,0.02300833333333328,0.014999999999999972,0.031641666666666624,0.021275000000000044,0.0,0.0,1
qwen,h2_choice,79,main_perp,ShAs,CO1,0.0,0.009200000000000019,0.007950000000000013,-0.007633333333333359,0.02335000000000001,0.0,0.0,0
qwen,h2_choice,79,main_perp,ShCo,CO2,1.0,-0.018583333333333295,0.015524999999999983,0.013649999999999954,0.008324999999999985,0.0,0.0,0
qwen,h2_choice,79,main_perp,ShSh,CO1,0.0,0.020133333333333316,0.015625,-0.015899999999999952,0.015725000000000003,0.0,0.0,0
qwen,h2_choice,79,random,AsAs,CO1,0.0,-0.030075000000000008,0.024175000000000002,0.002974999999999982,0.015725000000000017,0.0,0.0,0
qwen,h2_choice,79,random,AsBa,MP,-0.0,-0.04466666666666666,0.031125,-0.005933333333333318,0.008349999999999996,0.16666666666666669,0.25,1
qwen,h2_choice,79,random,AsCh,MP,1.0,-0.014908333333333315,0.02302499999999999,0.02575833333333324,0.015325000000000005,0.4166666666666666,0.25,1
qwen,h2_choice,79,random,AsCm,OD1,2.0,-0.03835833333333332,0.022874999999999993,-0.013408333333333328,0.00814999999999999,-0.24999999999999986,0.25,1
qwen,h2_choice,79,random,AsCo,CO2,1.0,-0.03900833333333337,0.023275000000000018,-0.01262499999999992,0.007524999999999962,0.0,0.0,0
qwen,h2_choice,79,random,AsDl,OD1,2.0,-0.033983333333333296,0.023549999999999988,-0.019100000000000016,0.016175000000000023,-0.16666666666666669,0.25,1
qwen,h2_choice,79,random,AsHa,OD2,2.0,-0.031149999999999973,0.023199999999999985,-0.021833333333333295,0.015899999999999997,0.0,0.0,0
qwen,h2_choice,79,random,AsHr,MP,2.0,-0.009083333333333337,0.01577500000000001,0.0007999999999998807,0.016124999999999945,1.4332917616497527e-16,0.0,1
qwen,h2_choice,79,random,AsNc,OD2,0.0,-0.047091666666666684,0.031375000000000014,0.005658333333333321,0.007550000000000015,0.0,0.0,0
qwen,h2_choice,79,random,AsPc,OD2,2.0,-0.04245000000000003,0.022700000000000026,0.005866666666666642,0.021999999999999992,0.0,0.0,0
qwen,h2_choice,79,random,AsPd,OD1,2.0,-0.018408333333333315,0.016,-0.0025083333333333624,0.00789999999999999,0.0,0.0,1
qwen,h2_choice,79,random,AsSh,CO1,0.0,-0.033158333333333304,0.023599999999999996,0.008341666666666667,0.02289999999999999,0.0,0.0,0
qwen,h2_choice,79,random,BaAs,MP,-1.0,-0.05652499999999997,0.023599999999999982,-0.005858333333333338,0.031700000000000006,0.16666666666666669,0.25,1
qwen,h2_choice,79,random,BaBa,CO2,1.0,-0.036716666666666654,0.015975000000000003,-0.014099999999999982,0.015424999999999967,0.0,0.0,1
qwen,h2_choice,79,random,BaCh,CO2,1.0,-0.033316666666666654,0.022824999999999984,-0.008866666666666741,0.008025000000000032,0.0,0.0,1
qwen,h2_choice,79,random,BaCm,OD1,2.0,-0.02233333333333335,0.02277499999999999,0.002083333333333312,0.015125,1.4332917616497527e-16,0.25,1
qwen,h2_choice,79,random,BaCo,MP,-1.0,-0.005941666666666659,0.015549999999999994,0.004491666666666677,0.00779999999999996,0.0,0.0,1
qwen,h2_choice,79,random,BaDl,OD1,2.0,-0.011191666666666692,0.015850000000000003,-0.0252416666666667,0.01532500000000002,-0.24999999999999986,0.25,1
qwen,h2_choice,79,random,BaHa,OD2,2.0,-0.03510833333333335,0.023800000000000016,0.007058333333333293,0.014899999999999997,0.0,0.0,1
qwen,h2_choice,79,random,BaHr,CO1,2.0,-0.030491666666666615,0.022674999999999973,0.020758333333333292,0.015299999999999966,0.41666666666666663,0.25,1
qwen,h2_choice,79,random,BaNc,OD2,-0.0,-0.011824999999999978,0.023425,-0.013191666666666635,0.016425000000000023,0.0,0.0,0
qwen,h2_choice,79,random,BaPc,OD2,2.0,-0.030899999999999962,0.02312499999999998,0.005150000000000095,0.015825000000000033,0.0,0.0,1
qwen,h2_choice,79,random,BaPd,OD1,2.0,-0.018874999999999982,0.007500000000000007,-0.0057083333333333534,0.015074999999999977,0.0,0.0,1
qwen,h2_choice,79,random,BaSh,MP,0.0,-0.05448333333333329,0.029949999999999977,0.005583333333333369,0.008125000000000007,0.0,0.0,0
qwen,h2_choice,79,random,ChAs,MP,0.0,-0.03415833333333339,0.015900000000000025,0.02815833333333336,0.015550000000000022,0.0,0.0,1
qwen,h2_choice,79,random,ChBa,CO2,0.5,-0.031641666666666665,0.022074999999999984,-0.007774999999999998,0.007824999999999999,0.16666666666666669,0.25,1
qwen,h2_choice,79,random,ChCh,CO2,0.5,-0.03879166666666668,0.023425000000000015,-0.02112499999999999,0.014374999999999985,0.24999999999999997,0.25,1
qwen,h2_choice,79,random,ChCm,OD1,1.0,-0.004466666666666715,0.014899999999999983,-0.005183333333333337,0.015324999999999978,0.0,0.0,1
qwen,h2_choice,79,random,ChCo,MP,-0.5,-0.02887499999999995,0.015899999999999984,-0.011975000000000017,0.01609999999999999,0.24999999999999997,0.25,1
qwen,h2_choice,79,random,ChDl,OD1,1.0,-0.037700000000000046,0.015325000000000005,-0.0030833333333333403,0.015149999999999997,0.0,0.0,1
qwen,h2_choice,79,random,ChHa,OD2,1.0,-0.02127499999999995,0.015825000000000006,0.014125000000000054,0.008500000000000035,0.25,0.25,1
qwen,h2_choice,79,random,ChHr,CO1,1.0,-0.033783333333333276,0.022774999999999962,-0.018149999999999996,0.007875000000000007,0.0,0.0,1
qwen,h2_choice,79,random,CmAs,OD1,2.0,-0.02344166666666662,0.014574999999999977,-0.022741666666666747,0.013875000000000026,0.0,0.0,1
qwen,h2_choice,79,random,CmCm,DD,1.0,-0.026974999999999975,0.025599999999999984,0.024741666666666752,0.013300000000000034,0.0,0.0,1
qwen,h2_choice,79,random,CmDl,DD,1.0,-0.01900833333333333,0.013275000000000023,0.024241666666666734,0.013525000000000037,0.0,0.0,1
qwen,h2_choice,79,random,CmHa,DD,3.0,-0.01644166666666668,0.020149999999999987,-0.00789166666666666,0.008200000000000013,0.0,0.0,1
qwen,h2_choice,79,random,CmNc,DD,2.5,-0.034474999999999985,0.027200000000000016,0.0022083333333334353,0.007550000000000001,0.0,0.0,1
qwen,h2_choice,79,random,CoAs,CO2,1.0,-0.04601666666666665,0.022249999999999992,0.005433333333333319,0.023150000000000018,0.0,0.0,1
qwen,h2_choice,79,random,CoCo,CO1,1.0,-0.004075000000000002,0.023174999999999987,0.0035083333333333455,0.015799999999999995,-0.25,0.25,1
qwen,h2_choice,79,random,CoSh,CO2,1.0,-0.04545833333333333,0.022849999999999995,0.01820833333333329,0.007374999999999993,0.0,0.0,1
qwen,h2_choice,79,random,HaAs,OD2,2.0,-0.03835833333333327,0.028550000000000006,-0.012891666666666652,0.01554999999999998,0.0,0.0,1
qwen,h2_choice,79,random,HaBa,OD2,2.0,-0.03898333333333331,0.022849999999999995,-0.018849999999999936,0.013949999999999962,0.0,0.0,1
qwen,h2_choice,79,random,HaCm,DD,2.0,0.007016666666666707,0.015850000000000003,0.0049500000000000256,0.015500000000000014,0.0,0.0,1
qwen,h2_choice,79,random,HaDl,DD,2.0,-0.02935000000000007,0.015725000000000017,-0.018983333333333397,0.02200000000000002,0.0,0.0,1
qwen,h2_choice,79,random,HaHa,DD,2.0,-0.03875833333333334,0.02055,-0.008225,0.019974999999999965,0.0,0.0,1
qwen,h2_choice,79,random,HaNc,DD,2.0,-0.009891666666666667,0.014374999999999985,0.0011416666666665771,0.0010499999999999676,0.0,0.0,1
qwen,h2_choice,79,random,HaPc,DD,2.0,-0.03070833333333329,0.02942499999999998,-0.004041666666666823,0.00737500000000002,0.0,0.0,1
qwen,h2_choice,79,random,HrAs,MP,1.0,-0.022424999999999914,0.02252499999999999,0.039291666666666725,0.023475000000000024,0.0,0.0,1
qwen,h2_choice,79,random,HrBa,CO1,-1.0,-0.04124166666666666,0.021724999999999994,-0.004924999999999966,0.008174999999999988,0.0,0.0,1
qwen,h2_choice,79,random,HrCh,CO1,-1.0,-0.02093333333333337,0.01545000000000002,-0.006916666666666727,0.015475000000000017,0.0,0.0,1
qwen,h2_choice,79,random,HrHr,CO2,-1.0,-0.03363333333333333,0.021600000000000036,-0.01010000000000006,0.008000000000000035,0.0,0.0,1
qwen,h2_choice,79,random,ShAs,CO1,0.0,-0.003908333333333346,0.015425000000000008,-0.015924999999999998,0.02245000000000001,0.0,0.0,0
qwen,h2_choice,79,random,ShCo,CO2,1.0,-0.04017500000000001,0.021525000000000002,0.006558333333333423,0.022250000000000034,0.0,0.0,0
qwen,h2_choice,79,random,ShSh,CO1,0.0,-0.03612500000000002,0.023075000000000026,-0.025341666666666676,0.015375000000000014,0.0,0.0,0
qwen_instruct,h1_dinc,65,main,AsAs,CO1,0.0,1.6471416666666663,0.8566750000000001,-0.0571916666666667,0.042124999999999996,-0.16666666666666669,0.25,1
qwen_instruct,h1_dinc,65,main,AsBa,MP,-0.0,1.6287083333333332,0.817925,-0.011941666666666665,0.023324999999999985,-0.08333333333333334,0.25,1
qwen_instruct,h1_dinc,65,main,AsCh,MP,1.0,1.59855,0.79975,0.13109999999999997,0.07152499999999998,-0.5833333333333334,0.25,1
qwen_instruct,h1_dinc,65,main,AsCm,OD1,2.0,1.456208333333333,0.731975,0.37567499999999976,0.251425,0.8333333333333335,0.5,1
qwen_instruct,h1_dinc,65,main,AsCo,CO2,1.0,1.695083333333333,0.843,-0.030183333333333357,0.025425000000000017,0.08333333333333334,0.25,1
qwen_instruct,h1_dinc,65,main,AsDl,OD1,2.0,1.5850499999999998,0.7934,0.34936666666666655,0.211,0.25,0.25,1
qwen_instruct,h1_dinc,65,main,AsHa,OD2,2.0,1.5239166666666661,0.798125,0.1775666666666666,0.11950000000000002,0.5833333333333334,0.25,1
qwen_instruct,h1_dinc,65,main,AsHr,MP,2.0,1.6643833333333333,0.8253000000000001,0.12905,0.11035,0.25,0.25,1
qwen_instruct,h1_dinc,65,main,AsNc,OD2,1.0,1.4599000000000002,0.7831750000000001,0.061566666666666665,0.028350000000000014,0.41666666666666663,0.25,1
qwen_instruct,h1_dinc,65,main,AsPc,OD2,2.0,1.6363083333333333,0.82285,0.19640833333333332,0.16225,0.25,0.25,1
qwen_instruct,h1_dinc,65,main,AsPd,OD1,2.0,1.7855999999999996,0.8707750000000001,0.04633333333333336,0.04107500000000003,0.0,0.0,1
qwen_instruct,h1_dinc,65,main,AsSh,CO1,0.0,1.7519916666666666,0.8802,0.02384166666666669,0.030925000000000036,0.0,0.0,1
qwen_instruct,h1_dinc,65,main,BaAs,MP,0.0,1.6639333333333333,0.8456749999999998,-0.14678333333333343,0.15095,-0.6666666666666667,0.25,1
qwen_instruct,h1_dinc,65,main,BaBa,CO2,1.0,1.6132249999999995,0.823175,-0.1375416666666666,0.26685000000000003,-0.6666666666666665,0.5,1
qwen_instruct,h1_dinc,65,main,BaCh,CO2,2.0,1.7574666666666658,0.8725749999999999,-0.14633333333333337,0.22397499999999998,-0.5,0.5,1
qwen_instruct,h1_dinc,65,main,BaCm,OD1,2.0,1.4308083333333332,0.734425,-0.1464083333333332,0.294025,-0.4166666666666666,0.5,1
qwen_instruct,h1_dinc,65,main,BaCo,MP,-1.0,1.566375,0.808325,-0.19354166666666672,0.23497500000000002,-0.5833333333333333,0.25,1
qwen_instruct,h1_dinc,65,main,BaDl,OD1,2.0,1.6049499999999999,0.816875,-0.26676666666666665,0.23779999999999998,-0.8333333333333335,0.5,1
qwen_instruct,h1_dinc,65,main,BaHa,OD2,2.0,1.6748833333333335,0.8441,0.16128333333333333,0.21300000000000002,0.6666666666666665,0.25,1
qwen_instruct,h1_dinc,65,main,BaHr,CO1,2.0,1.3957083333333327,0.7231,-0.16367500000000013,0.28829999999999995,-0.6666666666666663,0.5,1
qwen_instruct,h1_dinc,65,main,BaNc,OD2,-0.0,1.6067,0.828875,0.08144999999999998,0.06445000000000001,0.5833333333333334,0.25,1
qwen_instruct,h1_dinc,65,main,BaPc,OD2,2.0,1.63775,0.83275,0.2277833333333332,0.267725,0.75,0.5,1
qwen_instruct,h1_dinc,65,main,BaPd,OD1,2.0,1.6063416666666666,0.8039,-0.12737500000000004,0.238775,-0.6666666666666665,0.5,1
qwen_instruct,h1_dinc,65,main,BaSh,MP,0.0,1.534483333333333,0.8008,0.002533333333333345,0.06805000000000003,-0.16666666666666669,0.25,1
qwen_instruct,h1_dinc,65,main,ChAs,MP,0.0,1.553108333333333,0.7820499999999999,-0.13077499999999984,0.19405,-0.5833333333333333,0.5,1
qwen_instruct,h1_dinc,65,main,ChBa,CO2,0.5,1.3751083333333332,0.706175,-0.33044166666666647,0.33845000000000003,-1.083333333333333,0.5,1
qwen_instruct,h1_dinc,65,main,ChCh,CO2,0.0,1.4708999999999997,0.76915,-0.2920333333333332,0.16052500000000003,0.0,0.0,1
qwen_instruct,h1_dinc,65,main,ChCm,OD1,1.0,1.479325,0.738875,-0.30269166666666675,0.29264999999999997,-1.2499999999999998,0.5,1
qwen_instruct,h1_dinc,65,main,ChCo,MP,-0.5,1.5531499999999998,0.799575,-0.11616666666666672,0.26280000000000003,-0.6666666666666665,0.5,1
qwen_instruct,h1_dinc,65,main,ChDl,OD1,1.0,1.2680416666666667,0.65185,-0.34490833333333326,0.292675,-1.083333333333333,0.5,1
qwen_instruct,h1_dinc,65,main,ChHa,OD2,1.0,1.455441666666667,0.7475,-0.03852499999999999,0.266625,0.5833333333333331,0.5,1
qwen_instruct,h1_dinc,65,main,ChHr,CO1,1.0,1.2640916666666666,0.6492249999999999,-0.33945833333333325,0.31899999999999995,-1.0,0.5,1
qwen_instruct,h1_dinc,65,main,CmAs,OD1,1.5,0.8795416666666664,0.466475,0.17087499999999997,0.23242500000000002,0.4166666666666666,0.25,1
qwen_instruct,h1_dinc,65,main,CmCm,DD,1.0,0.5980166666666665,0.322,0.3547333333333331,0.24509999999999996,0.4166666666666666,0.25,1
qwen_instruct,h1_dinc,65,main,CmDl,DD,1.0,0.6865249999999999,0.370575,0.2740249999999999,0.24009999999999998,0.0,0.0,1
qwen_instruct,h1_dinc,65,main,CmHa,DD,3.0,0.7778833333333334,0.4233,0.2336333333333332,0.25249999999999995,0.8333333333333331,0.5,1
qwen_instruct,h1_dinc,65,main,CmNc,DD,2.0,0.7146916666666665,0.396475,0.13324166666666654,0.2182,0.4166666666666666,0.25,1
qwen_instruct,h1_dinc,65,main,CoAs,CO2,1.0,1.3663416666666666,0.6855749999999999,0.41877499999999995,0.31744999999999995,0.8333333333333335,0.5,1
qwen_instruct,h1_dinc,65,main,CoCo,CO1,3.0,1.4131333333333331,0.7229000000000001,0.29624999999999996,0.29955,1.083333333333333,0.5,1
qwen_instruct,h1_dinc,65,main,CoSh,CO2,1.0,1.1924333333333332,0.600325,0.5021166666666667,0.31952499999999995,1.083333333333333,0.5,1
qwen_instruct,h1_dinc,65,main,HaAs,OD2,2.0,0.7180916666666667,0.37832499999999997,0.3857916666666665,0.27157499999999996,0.8333333333333331,0.5,1
qwen_instruct,h1_dinc,65,main,HaBa,OD2,2.0,1.0227916666666665,0.548275,-0.11565833333333332,0.271125,0.4166666666666666,0.25,1
qwen_instruct,h1_dinc,65,main,HaCm,DD,2.0,1.2945916666666664,0.6613,-0.020891666666666767,0.26125000000000004,0.0,0.5,1
qwen_instruct,h1_dinc,65,main,HaDl,DD,2.0,0.9407833333333331,0.515075,0.07428333333333322,0.24374999999999997,0.8333333333333331,0.5,1
qwen_instruct,h1_dinc,65,main,HaHa,DD,2.0,0.7607666666666666,0.40935,0.2674666666666665,0.25312500000000004,0.4166666666666666,0.25,1
qwen_instruct,h1_dinc,65,main,HaNc,DD,2.0,0.7393166666666666,0.411525,0.09966666666666663,0.21452499999999997,0.0,0.0,1
qwen_instruct,h1_dinc,65,main,HaPc,DD,2.0,0.9238416666666667,0.49340000000000006,0.21445833333333306,0.265625,0.8333333333333331,0.5,1
qwen_instruct,h1_dinc,65,main,HrAs,MP,1.0,1.4160416666666666,0.724,0.19524166666666665,0.2636,0.6666666666666663,0.5,1
qwen_instruct,h1_dinc,65,main,HrBa,CO1,-1.0,1.1572833333333332,0.6164999999999999,0.1390666666666666,0.2836,0.8333333333333331,0.5,1
qwen_instruct,h1_dinc,65,main,HrCh,CO1,-1.0,1.0254750000000001,0.540425,0.2613083333333331,0.294925,0.4166666666666666,0.5,1
qwen_instruct,h1_dinc,65,main,HrHr,CO2,-1.0,1.2658166666666666,0.6622250000000001,0.1244166666666665,0.28049999999999997,0.8333333333333331,0.5,1
qwen_instruct,h1_dinc,65,main,ShAs,CO1,0.0,1.5749583333333332,0.821575,-0.038625000000000013,0.030325000000000026,0.0,0.0,1
qwen_instruct,h1_dinc,65,main,ShCo,CO2,0.5,1.4797083333333332,0.7676249999999999,0.14560833333333326,0.09135000000000001,0.0,0.0,1
qwen_instruct,h1_dinc,65,main,ShSh,CO1,0.0,1.5784083333333332,0.8258000000000001,0.06519166666666663,0.035950000000000024,0.0,0.0,1
qwen_instruct,h1_dinc,65,main_perp,AsAs,CO1,0.0,1.6116749999999997,0.83675,-0.049291666666666706,0.04452500000000002,-0.16666666666666669,0.25,1
qwen_instruct,h1_dinc,65,main_perp,AsBa,MP,-0.0,1.6150999999999998,0.8067,-0.0005666666666666952,0.020924999999999944,0.0,0.0,1
qwen_instruct,h1_dinc,65,main_perp,AsCh,MP,1.0,1.5643166666666666,0.787075,0.14954999999999996,0.07995,-0.41666666666666663,0.25,1
qwen_instruct,h1_dinc,65,main_perp,AsCm,OD1,2.0,1.4427416666666668,0.7201500000000001,0.3933916666666666,0.251425,0.8333333333333335,0.5,1
qwen_instruct,h1_dinc,65,main_perp,AsCo,CO2,1.0,1.6664833333333333,0.82735,-0.04683333333333331,0.048524999999999985,0.08333333333333334,0.25,1
qwen_instruct,h1_dinc,65,main_perp,AsDl,OD1,2.0,1.5488083333333333,0.779775,0.3484749999999998,0.20654999999999998,1.0833333333333333,0.5,1
qwen_instruct,h1_dinc,65,main_perp,AsHa,OD2,2.0,1.5053249999999996,0.78505,0.19222499999999992,0.12054999999999998,0.5833333333333334,0.25,1
qwen_instruct,h1_dinc,65,main_perp,AsHr,MP,2.0,1.6288499999999997,0.8096,0.13578333333333337,0.09985000000000002,0.25,0.25,1
qwen_instruct,h1_dinc,65,main_perp,AsNc,OD2,1.0,1.4238250000000003,0.760875,0.08227499999999999,0.03857500000000001,0.41666666666666663,0.25,1
qwen_instruct,h1_dinc,65,main_perp,AsPc,OD2,2.0,1.6212833333333332,0.8136,0.2094166666666666,0.179775,0.25,0.25,1
qwen_instruct,h1_dinc,65,main_perp,AsPd,OD1,2.0,1.7831749999999997,0.8669500000000001,0.014808333333333354,0.02545,0.0,0.0,1
qwen_instruct,h1_dinc,65,main_perp,AsSh,CO1,0.0,1.7339666666666667,0.8725750000000001,0.03958333333333331,0.03667499999999996,0.0,0.0,1
qwen_instruct,h1_dinc,65,main_perp,BaAs,MP,0.0,1.6237499999999996,0.8279749999999999,-0.1433,0.14687499999999998,-0.6666666666666667,0.25,1
qwen_instruct,h1_dinc,65,main_perp,BaBa,CO2,1.0,1.6133999999999995,0.8215999999999999,-0.14356666666666668,0.269125,-0.6666666666666665,0.5,1
qwen_instruct,h1_dinc,65,main_perp,BaCh,CO2,2.0,1.7350749999999997,0.8629749999999999,-0.13327499999999992,0.208225,-0.8333333333333335,0.5,1
qwen_instruct,h1_dinc,65,main_perp,BaCm,OD1,2.0,1.374683333333333,0.7044999999999999,-0.15099999999999994,0.282275,-0.4166666666666666,0.5,1
qwen_instruct,h1_dinc,65,main_perp,BaCo,MP,-1.0,1.5348666666666664,0.792175,-0.17073333333333338,0.22154999999999997,-0.5833333333333333,0.25,1
qwen_instruct,h1_dinc,65,main_perp,BaDl,OD1,2.0,1.58295,0.799275,-0.27680000000000005,0.2388,-0.8333333333333335,0.5,1
qwen_instruct,h1_dinc,65,main_perp,BaHa,OD2,2.0,1.6375833333333332,0.8332499999999999,0.14226666666666674,0.20592500000000002,0.5833333333333333,0.25,1
qwen_instruct,h1_dinc,65,main_perp,BaHr,CO1,2.0,1.3490166666666668,0.6974750000000001,-0.16946666666666652,0.27992500000000003,-0.5833333333333331,0.5,1
qwen_instruct,h1_dinc,65,main_perp,BaNc,OD2,-0.0,1.5718250000000002,0.816275,0.09084166666666674,0.06564999999999999,0.16666666666666669,0.25,1
qwen_instruct,h1_dinc,65,main_perp,BaPc,OD2,2.0,1.6091333333333329,0.8195999999999999,0.2233333333333334,0.26655,0.75,0.5,1
qwen_instruct,h1_dinc,65,main_perp,BaPd,OD1,2.0,1.6010083333333331,0.8015249999999999,-0.14749166666666672,0.2395,-0.6666666666666665,0.5,1
qwen_instruct,h1_dinc,65,main_perp,BaSh,MP,0.0,1.5144083333333331,0.7910499999999999,0.0050583333333332784,0.08467499999999997,-0.16666666666666669,0.25,1
qwen_instruct,h1_dinc,65,main_perp,ChAs,MP,0.0,1.5327083333333333,0.770275,-0.13155833333333322,0.187375,-0.5833333333333333,0.5,1
qwen_instruct,h1_dinc,65,main_perp,ChBa,CO2,0.5,1.3497999999999999,0.691675,-0.3548499999999999,0.33885,-1.083333333333333,0.5,1
qwen_instruct,h1_dinc,65,main_perp,ChCh,CO2,0.0,1.4453249999999997,0.7564249999999999,-0.28517499999999996,0.159325,0.0,0.0,1
qwen_instruct,h1_dinc,65,main_perp,ChCm,OD1,1.0,1.4565333333333328,0.7343,-0.30089999999999995,0.297625,-1.083333333333333,0.5,1
qwen_instruct,h1_dinc,65,main_perp,ChCo,MP,-0.5,1.5396166666666664,0.78365,-0.1428666666666665,0.258125,-0.6666666666666665,0.5,1
qwen_instruct,h1_dinc,65,main_perp,ChDl,OD1,1.0,1.2420249999999997,0.6312,-0.3937916666666666,0.30074999999999996,-1.083333333333333,0.5,1
qwen_instruct,h1_dinc,65,main_perp,ChHa,OD2,1.0,1.4412,0.73885,-0.04301666666666663,0.25934999999999997,0.5833333333333331,0.5,1
qwen_instruct,h1_dinc,65,main_perp,ChHr,CO1,1.0,1.2369833333333333,0.6415,-0.33935,0.319575,-1.0,0.5,1
qwen_instruct,h1_dinc,65,main_perp,CmAs,OD1,1.5,0.8711416666666664,0.46047499999999997,0.18205833333333335,0.23174999999999998,0.4166666666666666,0.25,1
qwen_instruct,h1_dinc,65,main_perp,CmCm,DD,1.0,0.5752166666666666,0.30847500000000005,0.35136666666666655,0.2377,0.4166666666666666,0.25,1
qwen_instruct,h1_dinc,65,main_perp,CmDl,DD,1.0,0.6708249999999999,0.3614,0.31649166666666667,0.24879999999999997,0.0,0.0,1
qwen_instruct,h1_dinc,65,main_perp,CmHa,DD,3.0,0.7323166666666665,0.397025,0.2513666666666666,0.244075,0.8333333333333331,0.5,1
qwen_instruct,h1_dinc,65,main_perp,CmNc,DD,2.0,0.6859916666666666,0.38112500000000005,0.13087499999999988,0.20982499999999998,0.0,0.0,1
qwen_instruct,h1_dinc,65,main_perp,CoAs,CO2,1.0,1.3423499999999997,0.6760999999999999,0.41649999999999987,0.312075,0.5,0.5,1
qwen_instruct,h1_dinc,65,main_perp,CoCo,CO1,3.0,1.3829333333333331,0.69945,0.31201666666666666,0.296675,1.083333333333333,0.5,1
qwen_instruct,h1_dinc,65,main_perp,CoSh,CO2,1.0,1.1702833333333331,0.591425,0.5223499999999999,0.322725,1.083333333333333,0.5,1
qwen_instruct,h1_dinc,65,main_perp,HaAs,OD2,2.0,0.7115833333333333,0.37579999999999997,0.38853333333333323,0.272625,0.8333333333333331,0.5,1
qwen_instruct,h1_dinc,65,main_perp,HaBa,OD2,2.0,0.9992583333333335,0.53625,-0.12257499999999995,0.2637,0.4166666666666666,0.25,1
qwen_instruct,h1_dinc,65,main_perp,HaCm,DD,2.0,1.2948249999999994,0.667975,-0.00042500000000012667,0.264575,0.0,0.5,1
qwen_instruct,h1_dinc,65,main_perp,HaDl,DD,2.0,0.9181083333333332,0.501125,0.07180833333333321,0.237475,0.8333333333333331,0.5,1
qwen_instruct,h1_dinc,65,main_perp,HaHa,DD,2.0,0.7235249999999999,0.385925,0.28330833333333333,0.24615,0.4166666666666666,0.25,1
qwen_instruct,h1_dinc,65,main_perp,HaNc,DD,2.0,0.724425,0.40435,0.11034166666666645,0.21444999999999997,0.0,0.0,1
qwen_instruct,h1_dinc,65,main_perp,HaPc,DD,2.0,0.8935750000000001,0.473625,0.2263916666666665,0.257675,0.8333333333333331,0.5,1
qwen_instruct,h1_dinc,65,main_perp,HrAs,MP,1.0,1.3916666666666664,0.7086250000000001,0.24066666666666664,0.27490000000000003,0.6666666666666663,0.5,1
qwen_instruct,h1_dinc,65,main_perp,HrBa,CO1,-1.0,1.1373333333333333,0.602875,0.1401166666666668,0.274375,0.8333333333333331,0.5,1
qwen_instruct,h1_dinc,65,main_perp,HrCh,CO1,-1.0,0.9820333333333333,0.521975,0.2824166666666667,0.29584999999999995,0.4166666666666666,0.5,1
qwen_instruct,h1_dinc,65,main_perp,HrHr,CO2,-1.0,1.2205083333333329,0.636775,0.12345833333333309,0.27,0.8333333333333331,0.5,1
qwen_instruct,h1_dinc,65,main_perp,ShAs,CO1,0.0,1.528725,0.8039499999999999,-0.02014166666666666,0.03230000000000002,0.0,0.0,1
qwen_instruct,h1_dinc,65,main_perp,ShCo,CO2,0.5,1.4349499999999997,0.7396,0.15586666666666663,0.08437499999999999,0.41666666666666663,0.25,1
qwen_instruct,h1_dinc,65,main_perp,ShSh,CO1,0.0,1.5526833333333332,0.80795,0.08611666666666666,0.04004999999999999,0.0,0.0,1
qwen_instruct,h1_dinc,65,random,AsAs,CO1,0.0,-0.002266666666666669,0.009125000000000003,0.012383333333333304,0.00932500000000002,0.0,0.0,0
qwen_instruct,h1_dinc,65,random,AsBa,MP,-0.0,0.05505833333333331,0.02869999999999999,0.00270833333333333,0.009374999999999967,0.0,0.0,0
qwen_instruct,h1_dinc,65,random,AsCh,MP,1.0,0.049333333333333326,0.02745,0.02800000000000006,0.01577500000000001,0.0,0.0,0
qwen_instruct,h1_dinc,65,random,AsCm,OD1,2.0,0.04986666666666669,0.028575,0.05638333333333329,0.030799999999999994,0.0,0.0,1
qwen_instruct,h1_dinc,65,random,AsCo,CO2,1.0,0.027508333333333353,0.01700000000000001,-0.0001916666666666518,0.007424999999999994,0.0,0.0,0
qwen_instruct,h1_dinc,65,random,AsDl,OD1,2.0,0.027525000000000004,0.022874999999999996,0.021724999999999963,0.015825000000000006,0.0,0.0,0
qwen_instruct,h1_dinc,65,random,AsHa,OD2,2.0,0.012266666666666669,0.009174999999999999,0.020933333333333304,0.011599999999999989,0.0,0.0,0
qwen_instruct,h1_dinc,65,random,AsHr,MP,2.0,0.041791666666666664,0.03455,0.018941666666666676,0.016475000000000017,0.25000000000000017,0.25,1
qwen_instruct,h1_dinc,65,random,AsNc,OD2,1.0,0.008116666666666666,0.005925,-0.00833333333333328,0.00492499999999999,0.0,0.0,0
qwen_instruct,h1_dinc,65,random,AsPc,OD2,2.0,0.009783333333333345,0.014549999999999997,0.023850000000000003,0.016525000000000005,0.0,0.0,0
qwen_instruct,h1_dinc,65,random,AsPd,OD1,2.0,0.04021666666666667,0.035050000000000005,-0.010883333333333288,0.012750000000000011,0.0,0.0,0
qwen_instruct,h1_dinc,65,random,AsSh,CO1,0.0,0.016983333333333326,0.0143,0.022499999999999996,0.012949999999999996,0.0,0.0,0
qwen_instruct,h1_dinc,65,random,BaAs,MP,0.0,-0.00852500000000001,0.010774999999999996,-0.0009749999999999959,0.006375000000000018,0.0,0.0,0
qwen_instruct,h1_dinc,65,random,BaBa,CO2,1.0,0.03995833333333336,0.02227500000000001,-0.038841666666666684,0.023675000000000022,0.0,0.0,1
qwen_instruct,h1_dinc,65,random,BaCh,CO2,2.0,0.04788333333333333,0.02335,-0.06253333333333329,0.03414999999999999,0.0,0.0,1
qwen_instruct,h1_dinc,65,random,BaCm,OD1,2.0,0.04567499999999999,0.025200000000000014,-0.055341666666666664,0.030550000000000008,0.0,0.0,1
qwen_instruct,h1_dinc,65,random,BaCo,MP,-1.0,0.021341666666666658,0.011874999999999998,-0.026908333333333326,0.014175,0.0,0.0,1
qwen_instruct,h1_dinc,65,random,BaDl,OD1,2.0,0.049358333333333324,0.027774999999999994,-0.05795833333333327,0.030824999999999964,-0.4166666666666666,0.25,1
qwen_instruct,h1_dinc,65,random,BaHa,OD2,2.0,0.02205833333333333,0.012624999999999997,0.027641666666666773,0.014150000000000051,0.0,0.0,1
qwen_instruct,h1_dinc,65,random,BaHr,CO1,2.0,0.06534999999999999,0.03464999999999999,-0.061916666666666675,0.032999999999999995,0.0,0.0,1
qwen_instruct,h1_dinc,65,random,BaNc,OD2,-0.0,-0.002449999999999999,0.009225000000000004,0.0003833333333333786,0.009950000000000014,0.0,0.0,0
qwen_instruct,h1_dinc,65,random,BaPc,OD2,2.0,-0.0010166666666666336,0.00762500000000002,-0.0033499999999999463,0.008925000000000016,0.0,0.0,1
qwen_instruct,h1_dinc,65,random,BaPd,OD1,2.0,0.03884999999999996,0.022675000000000018,-0.048033333333333275,0.02879999999999997,-0.33333333333333337,0.25,1
qwen_instruct,h1_dinc,65,random,BaSh,MP,0.0,0.016616666666666655,0.01634999999999999,-0.01964999999999998,0.011824999999999994,0.0,0.0,0
qwen_instruct,h1_dinc,65,random,ChAs,MP,0.0,0.04305833333333334,0.025025,-0.03249166666666669,0.018650000000000014,0.0,0.0,1
qwen_instruct,h1_dinc,65,random,ChBa,CO2,0.5,0.06239999999999997,0.03194999999999998,-0.06404999999999997,0.032399999999999984,0.0,0.0,1
qwen_instruct,h1_dinc,65,random,ChCh,CO2,0.0,0.021416666666666667,0.013024999999999998,-0.02238333333333333,0.01342499999999999,0.0,0.0,0
qwen_instruct,h1_dinc,65,random,ChCm,OD1,1.0,0.058025000000000014,0.027950000000000003,-0.06299166666666665,0.03,-0.6666666666666665,0.25,1
qwen_instruct,h1_dinc,65,random,ChCo,MP,-0.5,0.05090833333333338,0.02842500000000002,-0.03812500000000006,0.019425000000000033,0.0,0.0,1
qwen_instruct,h1_dinc,65,random,ChDl,OD1,1.0,0.03950833333333339,0.022925000000000022,-0.04302500000000005,0.025025000000000026,-0.41666666666666674,0.25,1
qwen_instruct,h1_dinc,65,random,ChHa,OD2,1.0,0.026466666666666677,0.020750000000000008,0.03296666666666668,0.016600000000000004,0.0,0.0,1
qwen_instruct,h1_dinc,65,random,ChHr,CO1,1.0,0.029675000000000035,0.01650000000000003,-0.035758333333333364,0.01925000000000003,0.0,0.0,1
qwen_instruct,h1_dinc,65,random,CmAs,OD1,1.5,0.03983333333333333,0.02135,0.04170000000000005,0.022450000000000025,0.0,0.0,1
qwen_instruct,h1_dinc,65,random,CmCm,DD,1.0,0.01266666666666667,0.0056000000000000025,0.012650000000000002,0.005500000000000005,0.0,0.0,1
qwen_instruct,h1_dinc,65,random,CmDl,DD,1.0,0.021225000000000015,0.009875000000000009,0.021441666666666668,0.010124999999999995,0.0,0.0,1
qwen_instruct,h1_dinc,65,random,CmHa,DD,3.0,0.023791666666666662,0.011949999999999997,0.024708333333333266,0.012299999999999978,0.0,0.0,1
qwen_instruct,h1_dinc,65,random,CmNc,DD,2.0,0.011533333333333375,0.005325000000000033,0.013333333333333409,0.006175000000000042,0.0,0.0,1
qwen_instruct,h1_dinc,65,random,CoAs,CO2,1.0,0.07041666666666666,0.0373,0.07559999999999997,0.040150000000000005,0.41666666666666674,0.5,1
qwen_instruct,h1_dinc,65,random,CoCo,CO1,3.0,0.06178333333333329,0.03237499999999997,0.06284999999999995,0.03292499999999997,0.6666666666666665,0.25,1
qwen_instruct,h1_dinc,65,random,CoSh,CO2,1.0,0.07014999999999999,0.03672500000000001,0.07098333333333333,0.03672500000000001,0.6666666666666667,0.25,1
qwen_instruct,h1_dinc,65,random,HaAs,OD2,2.0,0.02650833333333338,0.012650000000000022,0.02704166666666669,0.012650000000000022,0.0,0.0,1
qwen_instruct,h1_dinc,65,random,HaBa,OD2,2.0,0.0281583333333333,0.015574999999999988,0.03172499999999992,0.016399999999999942,0.0,0.0,1
qwen_instruct,h1_dinc,65,random,HaCm,DD,2.0,0.06134166666666665,0.031900000000000005,0.065675,0.03155000000000002,0.0,0.0,1
qwen_instruct,h1_dinc,65,random,HaDl,DD,2.0,0.02390833333333335,0.011375000000000012,0.023875000000000018,0.011275000000000007,0.0,0.0,1
qwen_instruct,h1_dinc,65,random,HaHa,DD,2.0,0.025491666666666652,0.01287499999999998,0.02704166666666668,0.013674999999999993,0.0,0.0,1
qwen_instruct,h1_dinc,65,random,HaNc,DD,2.0,0.006641666666666695,0.0036250000000000154,0.011491666666666688,0.005675000000000013,0.0,0.0,1
qwen_instruct,h1_dinc,65,random,HaPc,DD,2.0,0.03800833333333333,0.018975000000000013,0.041008333333333376,0.020625000000000032,0.0,0.0,1
qwen_instruct,h1_dinc,65,random,HrAs,MP,1.0,0.06005833333333333,0.03345000000000001,0.06515833333333333,0.03295000000000001,0.0,0.0,1
qwen_instruct,h1_dinc,65,random,HrBa,CO1,-1.0,0.04969999999999996,0.02309999999999998,0.05076666666666663,0.023399999999999976,0.0,0.0,1
qwen_instruct,h1_dinc,65,random,HrCh,CO1,-1.0,0.029766666666666698,0.013550000000000027,0.033533333333333346,0.015200000000000019,0.0,0.0,1
qwen_instruct,h1_dinc,65,random,HrHr,CO2,-1.0,0.056566666666666696,0.026075000000000008,0.06705000000000001,0.031725,0.0,0.0,1
qwen_instruct,h1_dinc,65,random,ShAs,CO1,0.0,-0.009816666666666668,0.009349999999999997,0.0017500000000000026,0.011450000000000007,0.0,0.0,0
qwen_instruct,h1_dinc,65,random,ShCo,CO2,0.5,-0.007241666666666679,0.010349999999999995,-0.0029583333333333306,0.009474999999999994,0.0,0.0,0
qwen_instruct,h1_dinc,65,random,ShSh,CO1,0.0,-0.025383333333333348,0.011600000000000003,-0.019333333333333303,0.012424999999999999,0.0,0.0,0
qwen_instruct,h1_dinc,79,main,AsAs,CO1,0.0,1.22545,0.6206,-0.08783333333333332,0.037950000000000005,0.0,0.0,1
qwen_instruct,h1_dinc,79,main,AsBa,MP,-0.0,1.4039499999999996,0.688325,-0.1183499999999999,0.05377499999999996,-0.6388888888888888,0.3333333333333333,1
qwen_instruct,h1_dinc,79,main,AsCh,MP,1.0,1.3777083333333333,0.67845,0.2018583333333333,0.09319999999999998,0.0,0.0,1
qwen_instruct,h1_dinc,79,main,AsCm,OD1,2.0,1.2879083333333332,0.631,0.5322916666666665,0.26205,0.8333333333333335,0.5,1
qwen_instruct,h1_dinc,79,main,AsCo,CO2,1.0,1.5723166666666666,0.76335,0.06254999999999997,0.03590000000000003,0.08333333333333334,0.25,1
qwen_instruct,h1_dinc,79,main,AsDl,OD1,2.0,1.3262,0.65,0.4293166666666667,0.18677500000000002,1.0833333333333333,0.5,1
qwen_instruct,h1_dinc,79,main,AsHa,OD2,2.0,1.1733749999999998,0.595,0.3152583333333333,0.1413,1.2777777777777777,0.6666666666666666,1
qwen_instruct,h1_dinc,79,main,AsHr,MP,2.0,1.5379833333333335,0.7527750000000001,0.12183333333333334,0.0874,0.25,0.25,1
qwen_instruct,h1_dinc,79,main,AsNc,OD2,1.0,1.0010666666666668,0.51865,0.09318333333333331,0.04550000000000001,0.8333333333333333,0.5,1
qwen_instruct,h1_dinc,79,main,AsPc,OD2,2.0,1.3777249999999996,0.669825,0.41835833333333317,0.1983,0.8055555555555555,0.3333333333333333,1
qwen_instruct,h1_dinc,79,main,AsPd,OD1,2.0,1.6181,0.7796750000000001,-0.10305000000000004,0.047024999999999983,0.0,0.0,1
qwen_instruct,h1_dinc,79,main,AsSh,CO1,0.0,1.4168666666666667,0.708475,0.08068333333333334,0.036874999999999984,0.5555555555555555,0.3333333333333333,1
qwen_instruct,h1_dinc,79,main,BaAs,MP,0.0,1.3123166666666666,0.6546000000000001,-0.3384833333333333,0.15867499999999998,-1.3611111111111112,0.6666666666666666,1
qwen_instruct,h1_dinc,79,main,BaBa,CO2,1.0,1.2668249999999999,0.626925,-0.44807499999999995,0.283975,-1.222222222222222,0.5833333333333333,1
qwen_instruct,h1_dinc,79,main,BaCh,CO2,2.0,1.4590499999999997,0.712525,-0.39424999999999993,0.24525,-1.3888888888888888,0.5833333333333333,1
qwen_instruct,h1_dinc,79,main,BaCm,OD1,2.0,1.1179333333333332,0.56655,-0.44589999999999985,0.30624999999999997,-1.0,0.5,1
qwen_instruct,h1_dinc,79,main,BaCo,MP,-1.0,1.1411666666666669,0.5722750000000001,-0.5034166666666665,0.24127499999999996,-1.4166666666666665,0.75,1
qwen_instruct,h1_dinc,79,main,BaDl,OD1,2.0,1.2544416666666665,0.6108,-0.5750749999999999,0.267175,-1.666666666666667,0.75,1
qwen_instruct,h1_dinc,79,main,BaHa,OD2,2.0,1.3113749999999997,0.6495249999999999,0.42820833333333325,0.23362500000000003,1.4166666666666665,0.75,1
qwen_instruct,h1_dinc,79,main,BaHr,CO1,2.0,1.0464083333333332,0.5277499999999999,-0.4288749999999999,0.28225,-1.083333333333333,0.5,1
qwen_instruct,h1_dinc,79,main,BaNc,OD2,-0.0,1.2486416666666664,0.6281,0.1785083333333333,0.08229999999999998,0.8333333333333333,0.5,1
qwen_instruct,h1_dinc,79,main,BaPc,OD2,2.0,1.2415249999999998,0.6102,0.5334916666666666,0.284825,1.3055555555555558,0.5833333333333333,1
qwen_instruct,h1_dinc,79,main,BaPd,OD1,2.0,1.3467833333333334,0.6652750000000001,-0.36816666666666653,0.25475,-1.222222222222222,0.5833333333333333,1
qwen_instruct,h1_dinc,79,main,BaSh,MP,0.0,1.125225,0.5724250000000001,-0.08500833333333335,0.04945000000000001,0.0,0.0,1
qwen_instruct,h1_dinc,79,main,ChAs,MP,0.0,1.3508583333333333,0.6706000000000001,-0.28715833333333324,0.20447499999999996,-1.1388888888888888,0.5833333333333333,1
qwen_instruct,h1_dinc,79,main,ChBa,CO2,0.5,0.9844499999999996,0.485,-0.6320833333333332,0.3247,-1.083333333333333,0.5,1
qwen_instruct,h1_dinc,79,main,ChCh,CO2,0.0,1.081975,0.5476,-0.47094166666666665,0.2191,-0.8333333333333333,0.5,1
qwen_instruct,h1_dinc,79,main,ChCm,OD1,1.0,1.1754666666666664,0.577225,-0.5554166666666666,0.308525,-1.083333333333333,0.5,1
qwen_instruct,h1_dinc,79,main,ChCo,MP,-0.5,1.1804999999999997,0.588975,-0.34248333333333325,0.2428,-1.222222222222222,0.5833333333333333,1
qwen_instruct,h1_dinc,79,main,ChDl,OD1,1.0,1.003283333333333,0.49125,-0.6590833333333332,0.31747499999999995,-1.083333333333333,0.5,1
qwen_instruct,h1_dinc,79,main,ChHa,OD2,1.0,1.2390750000000001,0.619425,0.009241666666666704,0.183075,0.16666666666666657,0.25,1
qwen_instruct,h1_dinc,79,main,ChHr,CO1,1.0,0.9403250000000001,0.466425,-0.6166250000000002,0.31935,-1.083333333333333,0.5,1
qwen_instruct,h1_dinc,79,main,CmAs,OD1,1.5,0.6231583333333333,0.3245,0.33690833333333325,0.21562499999999998,0.4166666666666666,0.25,1
qwen_instruct,h1_dinc,79,main,CmCm,DD,1.0,0.3141833333333333,0.16755,0.29291666666666666,0.15582500000000002,0.4166666666666666,0.25,1
qwen_instruct,h1_dinc,79,main,CmDl,DD,1.0,0.37170833333333325,0.19517500000000002,0.3091083333333332,0.168225,0.0,0.0,1
qwen_instruct,h1_dinc,79,main,CmHa,DD,3.0,0.3997416666666667,0.2122,0.271175,0.1637,0.4166666666666666,0.25,1
qwen_instruct,h1_dinc,79,main,CmNc,DD,2.0,0.28000833333333325,0.15145000000000003,0.17404166666666665,0.11377499999999999,0.0,0.0,1
qwen_instruct,h1_dinc,79,main,CoAs,CO2,1.0,1.137175,0.5562750000000001,0.6289416666666666,0.32339999999999997,1.222222222222222,0.5833333333333333,1
qwen_instruct,h1_dinc,79,main,CoCo,CO1,3.0,1.1226416666666668,0.55035,0.6358916666666665,0.320625,1.083333333333333,0.5,1
qwen_instruct,h1_dinc,79,main,CoSh,CO2,1.0,0.9824999999999998,0.478425,0.7345666666666665,0.3442249999999999,1.083333333333333,0.5,1
qwen_instruct,h1_dinc,79,main,HaAs,OD2,2.0,0.42396666666666666,0.222925,0.36945,0.19697499999999998,0.4166666666666666,0.25,1
qwen_instruct,h1_dinc,79,main,HaBa,OD2,2.0,0.64145,0.337375,-0.0029666666666667133,0.12595,0.4166666666666666,0.25,1
qwen_instruct,h1_dinc,79,main,HaCm,DD,2.0,1.1132749999999998,0.567475,0.16129166666666664,0.23045000000000004,0.4166666666666666,0.5,1
qwen_instruct,h1_dinc,79,main,HaDl,DD,2.0,0.4887333333333334,0.26202500000000006,0.25366666666666676,0.17732499999999998,0.4166666666666666,0.25,1
qwen_instruct,h1_dinc,79,main,HaHa,DD,2.0,0.39347499999999996,0.20737499999999998,0.3068916666666667,0.17215,0.4166666666666666,0.25,1
qwen_instruct,h1_dinc,79,main,HaNc,DD,2.0,0.33439166666666675,0.18132500000000004,0.1113083333333333,0.10712500000000003,0.0,0.0,1
qwen_instruct,h1_dinc,79,main,HaPc,DD,2.0,0.5308666666666665,0.272925,0.3572333333333331,0.20505,0.4166666666666666,0.25,1
qwen_instruct,h1_dinc,79,main,HrAs,MP,1.0,1.1385916666666667,0.5655749999999999,0.5067416666666664,0.29842500000000005,1.083333333333333,0.5,1
qwen_instruct,h1_dinc,79,main,HrBa,CO1,-1.0,0.764625,0.392025,0.36027499999999985,0.2372,0.4166666666666666,0.25,1
qwen_instruct,h1_dinc,79,main,HrCh,CO1,-1.0,0.6633250000000002,0.343025,0.48195833333333343,0.268775,0.4166666666666666,0.25,1
qwen_instruct,h1_dinc,79,main,HrHr,CO2,-1.0,0.9204499999999997,0.467475,0.3429999999999999,0.25102499999999994,0.5833333333333333,0.25,1
qwen_instruct,h1_dinc,79,main,ShAs,CO1,0.0,1.1400666666666668,0.5786,-0.03701666666666671,0.017925000000000038,0.0,0.0,1
qwen_instruct,h1_dinc,79,main,ShCo,CO2,0.5,1.2249583333333334,0.609375,0.3490750000000001,0.16032500000000005,0.5555555555555555,0.3333333333333333,1
qwen_instruct,h1_dinc,79,main,ShSh,CO1,0.0,1.1908,0.6030500000000001,0.12724999999999997,0.05735,0.5555555555555555,0.3333333333333333,1
qwen_instruct,h1_dinc,79,main_perp,AsAs,CO1,0.0,0.002883333333333329,0.008825,0.010750000000000027,0.006875000000000015,0.0,0.0,0
qwen_instruct,h1_dinc,79,main_perp,AsBa,MP,-0.0,-0.01685833333333334,0.014974999999999994,0.002841666666666691,0.009399999999999964,0.0,0.0,0
qwen_instruct,h1_dinc,79,main_perp,AsCh,MP,1.0,0.011858333333333325,0.010700000000000001,0.014641666666666654,0.011949999999999988,0.0,0.0,0
qwen_instruct,h1_dinc,79,main_perp,AsCm,OD1,2.0,0.01167499999999997,0.015774999999999997,0.010691666666666681,0.014274999999999982,0.0,0.0,1
qwen_instruct,h1_dinc,79,main_perp,AsCo,CO2,1.0,-0.010083333333333307,0.017899999999999992,0.012616666666666675,0.011175000000000011,0.0,0.0,0
qwen_instruct,h1_dinc,79,main_perp,AsDl,OD1,2.0,-0.008399999999999996,0.011574999999999997,0.00421666666666664,0.010124999999999995,0.0,0.0,0
qwen_instruct,h1_dinc,79,main_perp,AsHa,OD2,2.0,-0.0014500000000000105,0.010050000000000007,0.005949999999999977,0.00830000000000002,0.0,0.0,0
qwen_instruct,h1_dinc,79,main_perp,AsHr,MP,2.0,0.0038999999999999825,0.014300000000000007,-0.02953333333333336,0.01637500000000003,-0.33333333333333315,0.25,1
qwen_instruct,h1_dinc,79,main_perp,AsNc,OD2,1.0,-0.0037749999999999993,0.003175,0.0028083333333333424,0.0023499999999999953,0.0,0.0,0
qwen_instruct,h1_dinc,79,main_perp,AsPc,OD2,2.0,0.0002250000000000311,0.008250000000000014,0.007925000000000036,0.006000000000000012,0.0,0.0,0
qwen_instruct,h1_dinc,79,main_perp,AsPd,OD1,2.0,0.00853333333333334,0.005275000000000005,-0.007899999999999996,0.005125000000000018,0.0,0.0,0
qwen_instruct,h1_dinc,79,main_perp,AsSh,CO1,0.0,-0.008241666666666677,0.015274999999999993,0.0008250000000000199,0.005850000000000001,0.0,0.0,0
qwen_instruct,h1_dinc,79,main_perp,BaAs,MP,0.0,0.012641666666666673,0.012824999999999991,-0.012791666666666696,0.010275000000000005,0.0,0.0,0
qwen_instruct,h1_dinc,79,main_perp,BaBa,CO2,1.0,-0.014091666666666638,0.008874999999999997,0.009991666666666645,0.007650000000000023,0.0,0.0,1
qwen_instruct,h1_dinc,79,main_perp,BaCh,CO2,2.0,8.333333333328451e-06,0.010325000000000004,0.00847499999999996,0.0077,0.0,0.0,1
qwen_instruct,h1_dinc,79,main_perp,BaCm,OD1,2.0,-0.002958333333333306,0.007224999999999998,-0.00415833333333336,0.007250000000000016,0.0,0.0,1
qwen_instruct,h1_dinc,79,main_perp,BaCo,MP,-1.0,0.005000000000000031,0.006075000000000002,-0.004916666666666694,0.006300000000000012,0.0,0.0,1
qwen_instruct,h1_dinc,79,main_perp,BaDl,OD1,2.0,-0.013799999999999965,0.007949999999999999,0.013933333333333317,0.007949999999999985,0.0,0.0,1
qwen_instruct,h1_dinc,79,main_perp,BaHa,OD2,2.0,-0.0006999999999999404,0.007374999999999986,-0.0020999999999999097,0.008575,0.0,0.0,1
qwen_instruct,h1_dinc,79,main_perp,BaHr,CO1,2.0,-0.0052499999999999925,0.009649999999999992,0.002083333333333328,0.009649999999999992,0.0,0.0,1
qwen_instruct,h1_dinc,79,main_perp,BaNc,OD2,-0.0,-0.006683333333333338,0.009724999999999994,-0.00021666666666664275,0.007525000000000004,0.0,0.0,0
qwen_instruct,h1_dinc,79,main_perp,BaPc,OD2,2.0,-0.014275000000000001,0.012375000000000018,-0.013625000000000043,0.013700000000000018,0.0,0.0,1
qwen_instruct,h1_dinc,79,main_perp,BaPd,OD1,2.0,0.003341666666666696,0.010875000000000001,-0.013075000000000041,0.014524999999999991,0.0,0.0,1
qwen_instruct,h1_dinc,79,main_perp,BaSh,MP,0.0,-0.002149999999999998,0.007975000000000005,-0.0014833333333333085,0.007974999999999979,0.0,0.0,0
qwen_instruct,h1_dinc,79,main_perp,ChAs,MP,0.0,-0.008041666666666692,0.007250000000000031,0.00907500000000002,0.0076500000000000075,0.0,0.0,1
qwen_instruct,h1_dinc,79,main_perp,ChBa,CO2,0.5,-0.003433333333333351,0.011025000000000007,0.003500000000000015,0.011025000000000007,0.0,0.0,1
qwen_instruct,h1_dinc,79,main_perp,ChCh,CO2,0.0,-0.003616666666666665,0.005000000000000003,0.0035666666666666416,0.0069,0.0,0.0,0
qwen_instruct,h1_dinc,79,main_perp,ChCm,OD1,1.0,0.013233333333333349,0.008100000000000027,-0.013150000000000009,0.008050000000000026,-0.16666666666666657,0.25,1
qwen_instruct,h1_dinc,79,main_perp,ChCo,MP,-0.5,0.013883333333333334,0.010050000000000024,-0.016833333333333343,0.010649999999999986,0.0,0.0,1
qwen_instruct,h1_dinc,79,main_perp,ChDl,OD1,1.0,0.0054666666666666665,0.011525000000000013,-0.00488333333333334,0.011925000000000014,-0.08333333333333336,0.25,1
qwen_instruct,h1_dinc,79,main_perp,ChHa,OD2,1.0,-0.007799999999999985,0.0034499999999999947,0.006949999999999983,0.0034999999999999754,0.0,0.0,1
qwen_instruct,h1_dinc,79,main_perp,ChHr,CO1,1.0,0.00014166666666668486,0.0030999999999999943,-0.0005416666666666844,0.0031499999999999887,0.0,0.0,1
qwen_instruct,h1_dinc,79,main_perp,CmAs,OD1,1.5,-0.004458333333333283,0.004199999999999979,-0.005308333333333274,0.004249999999999976,0.0,0.0,1
qwen_instruct,h1_dinc,79,main_perp,CmCm,DD,1.0,-0.0006583333333333247,0.001924999999999985,-0.0006749999999999904,0.001899999999999985,0.0,0.0,1
qwen_instruct,h1_dinc,79,main_perp,CmDl,DD,1.0,-0.0005750000000000584,0.00040000000000001964,-0.00037500000000003264,0.00030000000000002247,0.0,0.0,1
qwen_instruct,h1_dinc,79,main_perp,CmHa,DD,3.0,-0.0002833333333333213,0.00039999999999999183,6.66666666666871e-05,0.0003499999999999892,0.0,0.0,1
qwen_instruct,h1_dinc,79,main_perp,CmNc,DD,2.0,0.000208333333333328,0.00022499999999999734,-0.00010833333333334901,0.0002500000000000002,0.0,0.0,1
qwen_instruct,h1_dinc,79,main_perp,CoAs,CO2,1.0,-0.003008333333333335,0.013100000000000004,-0.0025249999999999726,0.013049999999999978,0.41666666666666663,0.25,1
qwen_instruct,h1_dinc,79,main_perp,CoCo,CO1,3.0,-0.0024249999999999714,0.009099999999999994,-0.0032583333333333075,0.009250000000000008,-0.08333333333333334,0.25,1
qwen_instruct,h1_dinc,79,main_perp,CoSh,CO2,1.0,0.004183333333333358,0.008399999999999996,0.0011333333333333792,0.008549999999999974,0.33333333333333337,0.25,1
qwen_instruct,h1_dinc,79,main_perp,HaAs,OD2,2.0,0.002041666666666686,0.002825000000000008,0.001975000000000023,0.002700000000000008,0.0,0.0,1
qwen_instruct,h1_dinc,79,main_perp,HaBa,OD2,2.0,-0.0020583333333333313,0.0020999999999999977,0.0007249999999999952,0.003950000000000009,0.0,0.0,1
qwen_instruct,h1_dinc,79,main_perp,HaCm,DD,2.0,0.01854166666666667,0.009050000000000004,0.002658333333333298,0.007750000000000007,0.0,0.0,1
qwen_instruct,h1_dinc,79,main_perp,HaDl,DD,2.0,-0.00015833333333336515,0.0032250000000000074,0.00159166666666663,0.0022999999999999965,0.0,0.0,1
qwen_instruct,h1_dinc,79,main_perp,HaHa,DD,2.0,-0.000341666666666654,0.002599999999999991,-0.0002249999999999938,0.002599999999999991,0.0,0.0,1
qwen_instruct,h1_dinc,79,main_perp,HaNc,DD,2.0,0.0001999999999999696,0.0012250000000000039,0.00018333333333330374,0.0012749999999999984,0.0,0.0,1
qwen_instruct,h1_dinc,79,main_perp,HaPc,DD,2.0,-0.0006583333333333465,0.0008499999999999951,-0.0007916666666667183,0.0005750000000000199,0.0,0.0,1
qwen_instruct,h1_dinc,79,main_perp,HrAs,MP,1.0,0.004758333333333411,0.003249999999999975,0.0040583333333334415,0.005725000000000008,0.0,0.0,1
qwen_instruct,h1_dinc,79,main_perp,HrBa,CO1,-1.0,-0.012183333333333312,0.0060249999999999965,-0.010716666666666652,0.005299999999999999,0.0,0.0,1
qwen_instruct,h1_dinc,79,main_perp,HrCh,CO1,-1.0,-0.0063500000000000275,0.005149999999999988,-0.005266666666666708,0.005149999999999988,0.0,0.0,1
qwen_instruct,h1_dinc,79,main_perp,HrHr,CO2,-1.0,-0.011299999999999958,0.008749999999999983,-0.0047333333333332926,0.00605,0.0,0.0,1
qwen_instruct,h1_dinc,79,main_perp,ShAs,CO1,0.0,-0.0019333333333333405,0.0038750000000000034,-0.002266666666666659,0.005075000000000003,0.0,0.0,0
qwen_instruct,h1_dinc,79,main_perp,ShCo,CO2,0.5,-0.00405833333333332,0.0036999999999999924,0.003175000000000012,0.0034500000000000156,0.0,0.0,0
qwen_instruct,h1_dinc,79,main_perp,ShSh,CO1,0.0,0.015783333333333326,0.011099999999999999,0.002083333333333363,0.0036500000000000143,0.0,0.0,0
qwen_instruct,h1_dinc,79,random,AsAs,CO1,0.0,0.04150000000000001,0.019175000000000005,-0.016750000000000032,0.009375000000000008,0.0,0.0,0
qwen_instruct,h1_dinc,79,random,AsBa,MP,-0.0,0.04953333333333331,0.02935,0.0048000000000000265,0.0070500000000000285,0.0,0.0,0
qwen_instruct,h1_dinc,79,random,AsCh,MP,1.0,0.03245000000000001,0.017150000000000006,0.0211333333333332,0.010424999999999962,0.0,0.0,0
qwen_instruct,h1_dinc,79,random,AsCm,OD1,2.0,0.05063333333333338,0.032725000000000025,0.035600000000000076,0.02762500000000001,0.0,0.0,1
qwen_instruct,h1_dinc,79,random,AsCo,CO2,1.0,0.08365000000000002,0.04245000000000001,-0.010533333333333266,0.013774999999999961,0.0,0.0,0
qwen_instruct,h1_dinc,79,random,AsDl,OD1,2.0,0.045649999999999996,0.023375000000000003,0.02356666666666675,0.015675000000000022,0.0,0.0,0
qwen_instruct,h1_dinc,79,random,AsHa,OD2,2.0,0.020291666666666684,0.01440000000000001,-0.0033416666666666005,0.009224999999999983,0.0,0.0,0
qwen_instruct,h1_dinc,79,random,AsHr,MP,2.0,0.07529999999999999,0.03737499999999999,0.011050000000000022,0.015150000000000025,0.5833333333333334,0.25,1
qwen_instruct,h1_dinc,79,random,AsNc,OD2,1.0,0.03616666666666666,0.018224999999999998,0.01113333333333334,0.006325,0.0,0.0,0
qwen_instruct,h1_dinc,79,random,AsPc,OD2,2.0,0.071175,0.03395000000000001,0.041891666666666695,0.023925000000000016,0.0,0.0,0
qwen_instruct,h1_dinc,79,random,AsPd,OD1,2.0,0.09033333333333331,0.045250000000000005,-0.015649999999999966,0.01257500000000003,0.0,0.0,0
qwen_instruct,h1_dinc,79,random,AsSh,CO1,0.0,0.05523333333333334,0.030375,0.006783333333333338,0.015350000000000016,0.0,0.0,0
qwen_instruct,h1_dinc,79,random,BaAs,MP,0.0,0.057241666666666635,0.028624999999999998,-0.03745833333333331,0.017775,0.0,0.0,0
qwen_instruct,h1_dinc,79,random,BaBa,CO2,1.0,0.04551666666666665,0.023749999999999993,-0.03144999999999997,0.015749999999999986,0.0,0.0,1
qwen_instruct,h1_dinc,79,random,BaCh,CO2,2.0,0.05487500000000003,0.026975000000000006,-0.030924999999999987,0.017550000000000003,0.0,0.0,1
qwen_instruct,h1_dinc,79,random,BaCm,OD1,2.0,0.026124999999999975,0.014,-0.008858333333333312,0.0076749999999999995,0.0,0.0,1
qwen_instruct,h1_dinc,79,random,BaCo,MP,-1.0,0.03203333333333335,0.016650000000000005,-0.02213333333333335,0.012000000000000005,0.0,0.0,1
qwen_instruct,h1_dinc,79,random,BaDl,OD1,2.0,0.03942499999999999,0.02447499999999999,-0.02650833333333328,0.019824999999999975,-0.08333333333333334,0.25,1
qwen_instruct,h1_dinc,79,random,BaHa,OD2,2.0,0.03785833333333333,0.023525,0.01684166666666669,0.011275000000000007,0.0,0.0,1
qwen_instruct,h1_dinc,79,random,BaHr,CO1,2.0,0.03121666666666665,0.014099999999999984,-0.021449999999999973,0.010699999999999998,0.0,0.0,1
qwen_instruct,h1_dinc,79,random,BaNc,OD2,-0.0,0.04510000000000001,0.02130000000000001,0.003983333333333388,0.007699999999999985,0.0,0.0,0
qwen_instruct,h1_dinc,79,random,BaPc,OD2,2.0,0.04216666666666665,0.023349999999999985,0.0281,0.017075000000000007,0.0,0.0,1
qwen_instruct,h1_dinc,79,random,BaPd,OD1,2.0,0.051574999999999996,0.026075000000000004,-0.018658333333333336,0.01500000000000001,0.0,0.0,1
qwen_instruct,h1_dinc,79,random,BaSh,MP,0.0,0.03414166666666667,0.015825,-0.0023583333333333195,0.008125000000000007,0.0,0.0,0
qwen_instruct,h1_dinc,79,random,ChAs,MP,0.0,0.04165833333333333,0.020975000000000008,-0.013641666666666732,0.009925000000000008,0.0,0.0,1
qwen_instruct,h1_dinc,79,random,ChBa,CO2,0.5,0.02831666666666664,0.012824999999999996,-0.021349999999999977,0.00977499999999998,0.0,0.0,1
qwen_instruct,h1_dinc,79,random,ChCh,CO2,0.0,0.03176666666666668,0.014200000000000004,-0.021650000000000034,0.010425000000000012,0.0,0.0,0
qwen_instruct,h1_dinc,79,random,ChCm,OD1,1.0,0.06020833333333331,0.029175000000000006,-0.041608333333333296,0.021249999999999977,-0.6666666666666665,0.25,1
qwen_instruct,h1_dinc,79,random,ChCo,MP,-0.5,0.051425000000000026,0.02525000000000001,-0.03169166666666673,0.015250000000000015,0.0,0.0,1
qwen_instruct,h1_dinc,79,random,ChDl,OD1,1.0,0.030549999999999983,0.013125000000000008,-0.025366666666666652,0.011924999999999995,-0.5833333333333334,0.25,1
qwen_instruct,h1_dinc,79,random,ChHa,OD2,1.0,0.04162500000000002,0.021150000000000016,-0.0011916666666666488,0.012850000000000028,0.0,0.0,1
qwen_instruct,h1_dinc,79,random,ChHr,CO1,1.0,0.03592499999999999,0.018400000000000007,-0.031191666666666656,0.016800000000000006,0.0,0.0,1
qwen_instruct,h1_dinc,79,random,CmAs,OD1,1.5,0.012574999999999956,0.006924999999999991,0.006174999999999968,0.003824999999999995,0.0,0.0,1
qwen_instruct,h1_dinc,79,random,CmCm,DD,1.0,0.0054749999999999755,0.0021499999999999935,0.005191666666666659,0.0020499999999999963,0.0,0.0,1
qwen_instruct,h1_dinc,79,random,CmDl,DD,1.0,0.005325000000000017,0.0031000000000000194,0.004291666666666667,0.0026499999999999857,0.0,0.0,1
qwen_instruct,h1_dinc,79,random,CmHa,DD,3.0,0.0051749999999999895,0.0031749999999999964,0.0033916666666666353,0.001999999999999974,0.0,0.0,1
qwen_instruct,h1_dinc,79,random,CmNc,DD,2.0,0.006991666666666621,0.003424999999999978,0.005591666666666613,0.0026499999999999857,0.0,0.0,1
qwen_instruct,h1_dinc,79,random,CoAs,CO2,1.0,0.053649999999999975,0.025175000000000003,0.041283333333333325,0.019674999999999998,0.5833333333333334,0.25,1
qwen_instruct,h1_dinc,79,random,CoCo,CO1,3.0,0.05486666666666665,0.026750000000000003,0.04748333333333331,0.02447500000000001,0.5833333333333333,0.25,1
qwen_instruct,h1_dinc,79,random,CoSh,CO2,1.0,0.046541666666666676,0.02127500000000002,0.04137500000000003,0.01892500000000001,0.6666666666666667,0.25,1
qwen_instruct,h1_dinc,79,random,HaAs,OD2,2.0,0.01287500000000006,0.005700000000000035,0.01185833333333334,0.005299999999999999,0.0,0.0,1
qwen_instruct,h1_dinc,79,random,HaBa,OD2,2.0,0.015274999999999934,0.006974999999999963,0.0033249999999999578,0.003475000000000006,0.0,0.0,1
qwen_instruct,h1_dinc,79,random,HaCm,DD,2.0,0.025841666666666645,0.012674999999999994,-0.006875000000000077,0.009075000000000027,0.0,0.0,1
qwen_instruct,h1_dinc,79,random,HaDl,DD,2.0,0.009975000000000041,0.005975000000000024,0.007708333333333409,0.00467500000000004,0.0,0.0,1
qwen_instruct,h1_dinc,79,random,HaHa,DD,2.0,0.010000000000000009,0.005450000000000007,0.008983333333333331,0.005125000000000018,0.0,0.0,1
qwen_instruct,h1_dinc,79,random,HaNc,DD,2.0,0.0040750000000000005,0.0023000000000000017,0.00012499999999996818,0.0016499999999999848,0.0,0.0,1
qwen_instruct,h1_dinc,79,random,HaPc,DD,2.0,0.016258333333333378,0.00945000000000001,0.013375000000000047,0.008050000000000002,0.0,0.0,1
qwen_instruct,h1_dinc,79,random,HrAs,MP,1.0,0.0340833333333333,0.013824999999999978,0.025833333333333323,0.011425000000000018,0.0,0.0,1
qwen_instruct,h1_dinc,79,random,HrBa,CO1,-1.0,0.027491666666666647,0.013299999999999985,0.022224999999999995,0.011149999999999993,0.0,0.0,1
qwen_instruct,h1_dinc,79,random,HrCh,CO1,-1.0,0.021433333333333287,0.010474999999999977,0.018666666666666613,0.009074999999999972,0.0,0.0,1
qwen_instruct,h1_dinc,79,random,HrHr,CO2,-1.0,0.024316666666666664,0.012149999999999994,0.011366666666666652,0.00714999999999999,0.0,0.0,1
qwen_instruct,h1_dinc,79,random,ShAs,CO1,0.0,0.04088333333333334,0.022075000000000004,-0.0018666666666666625,0.006574999999999985,0.0,0.0,0
qwen_instruct,h1_dinc,79,random,ShCo,CO2,0.5,0.049866666666666636,0.023824999999999985,0.028666666666666576,0.015374999999999951,0.0,0.0,0
qwen_instruct,h1_dinc,79,random,ShSh,CO1,0.0,0.03364999999999999,0.016550000000000002,0.014683333333333295,0.006549999999999993,0.0,0.0,0
qwen_instruct,h2_choice,65,main,AsAs,CO1,0.0,-0.9542833333333329,0.45320000000000005,0.05654999999999993,0.040900000000000006,0.4166666666666666,0.25,1
qwen_instruct,h2_choice,65,main,AsBa,MP,-0.0,-1.0288916666666665,0.48734999999999995,0.08742499999999999,0.042875000000000024,0.0,0.0,1
qwen_instruct,h2_choice,65,main,AsCh,MP,1.0,-0.9393749999999998,0.44275,-0.11260833333333335,0.05755000000000002,0.0,0.0,0
qwen_instruct,h2_choice,65,main,AsCm,OD1,2.0,-0.9602249999999998,0.47639999999999993,-0.18579166666666663,0.18159999999999998,-0.8333333333333331,0.5,1
qwen_instruct,h2_choice,65,main,AsCo,CO2,1.0,-0.9938999999999998,0.4704,0.0250166666666667,0.027225000000000023,0.0,0.0,1
qwen_instruct,h2_choice,65,main,AsDl,OD1,2.0,-1.011983333333333,0.480475,-0.21335,0.14685,-0.6666666666666665,0.25,1
qwen_instruct,h2_choice,65,main,AsHa,OD2,2.0,-0.8725583333333332,0.421875,-0.16829166666666667,0.08694999999999999,-0.4166666666666666,0.25,1
qwen_instruct,h2_choice,65,main,AsHr,MP,2.0,-1.1322499999999998,0.532175,-0.09498333333333328,0.07192499999999999,-0.25,0.25,1
qwen_instruct,h2_choice,65,main,AsNc,OD2,1.0,-0.7694333333333333,0.377325,-0.0077500000000000294,0.02227499999999996,0.0,0.0,0
qwen_instruct,h2_choice,65,main,AsPc,OD2,2.0,-1.0186999999999997,0.49077499999999996,-0.20479999999999993,0.14264999999999997,-1.0,0.5,1
qwen_instruct,h2_choice,65,main,AsPd,OD1,2.0,-1.1042999999999998,0.517625,-0.05861666666666667,0.05620000000000003,-0.16666666666666669,0.25,1
qwen_instruct,h2_choice,65,main,AsSh,CO1,0.0,-1.1088833333333332,0.5212500000000001,0.009733333333333266,0.03502499999999998,0.0,0.0,1
qwen_instruct,h2_choice,65,main,BaAs,MP,0.0,-0.933033333333333,0.441975,0.27335,0.13172500000000004,0.6666666666666665,0.25,1
qwen_instruct,h2_choice,65,main,BaBa,CO2,1.0,-0.8970250000000001,0.44989999999999997,0.250975,0.20132499999999998,1.083333333333333,0.5,1
qwen_instruct,h2_choice,65,main,BaCh,CO2,2.0,-1.0688333333333335,0.5285,0.3016,0.2131,1.0,0.5,1
qwen_instruct,h2_choice,65,main,BaCm,OD1,2.0,-0.6417083333333332,0.3405,0.10889166666666666,0.15614999999999998,0.41666666666666663,0.25,1
qwen_instruct,h2_choice,65,main,BaCo,MP,-1.0,-0.7870749999999999,0.395525,0.2792583333333334,0.17095000000000005,0.41666666666666663,0.25,1
qwen_instruct,h2_choice,65,main,BaDl,OD1,2.0,-0.997125,0.48260000000000003,0.4107416666666666,0.21009999999999998,1.083333333333333,0.5,1
qwen_instruct,h2_choice,65,main,BaHa,OD2,2.0,-0.9400083333333333,0.463325,-0.26392499999999997,0.18434999999999996,-0.41666666666666663,0.25,1
qwen_instruct,h2_choice,65,main,BaHr,CO1,2.0,-0.63895,0.33025000000000004,0.1143833333333334,0.15220000000000003,0.5833333333333334,0.25,1
qwen_instruct,h2_choice,65,main,BaNc,OD2,-0.0,-0.7977666666666665,0.37975000000000003,-0.12850000000000006,0.05575000000000002,0.0,0.0,0
qwen_instruct,h2_choice,65,main,BaPc,OD2,2.0,-0.9576416666666665,0.47735,-0.3775083333333333,0.226275,-0.8333333333333331,0.5,1
qwen_instruct,h2_choice,65,main,BaPd,OD1,2.0,-0.90795,0.45367499999999994,0.22283333333333333,0.19147499999999998,1.083333333333333,0.5,1
qwen_instruct,h2_choice,65,main,BaSh,MP,0.0,-0.7475833333333332,0.3637,0.0633333333333333,0.0368,0.0,0.0,0
qwen_instruct,h2_choice,65,main,ChAs,MP,0.0,-0.792608333333333,0.38327500000000003,0.10877500000000001,0.09614999999999999,0.4166666666666666,0.25,1
qwen_instruct,h2_choice,65,main,ChBa,CO2,0.5,-0.7539416666666667,0.387975,0.40394166666666664,0.246,1.0833333333333333,0.5,1
qwen_instruct,h2_choice,65,main,ChCh,CO2,0.0,-0.8031333333333331,0.378125,0.30425,0.138225,0.0,0.0,0
qwen_instruct,h2_choice,65,main,ChCm,OD1,1.0,-0.8810916666666666,0.4487,0.32382500000000003,0.233175,1.0833333333333333,0.5,1
qwen_instruct,h2_choice,65,main,ChCo,MP,-0.5,-0.7855083333333334,0.39147499999999996,0.15179166666666666,0.153975,0.6666666666666665,0.25,1
qwen_instruct,h2_choice,65,main,ChDl,OD1,1.0,-0.6846583333333331,0.356325,0.334725,0.21755,1.083333333333333,0.5,1
qwen_instruct,h2_choice,65,main,ChHa,OD2,1.0,-0.7633749999999999,0.3796,-0.04459166666666668,0.11702499999999999,-0.5833333333333334,0.25,1
qwen_instruct,h2_choice,65,main,ChHr,CO1,1.0,-0.611375,0.32062500000000005,0.28184166666666666,0.18972499999999998,0.5833333333333334,0.25,1
qwen_instruct,h2_choice,65,main,CmAs,OD1,1.5,-0.33489166666666675,0.17670000000000002,0.005108333333333293,0.062375000000000014,0.0,0.0,1
qwen_instruct,h2_choice,65,main,CmCm,DD,1.0,-0.11696666666666664,0.06512499999999999,-0.012849999999999995,0.02780000000000002,0.0,0.0,1
qwen_instruct,h2_choice,65,main,CmDl,DD,1.0,-0.19067500000000004,0.10370000000000001,-0.0141083333333334,0.04087500000000002,0.0,0.0,1
qwen_instruct,h2_choice,65,main,CmHa,DD,3.0,-0.17899166666666658,0.09555,0.01934166666666667,0.04067499999999999,0.0,0.0,1
qwen_instruct,h2_choice,65,main,CmNc,DD,2.0,-0.1467333333333333,0.07965000000000001,0.0636666666666666,0.051675,0.0,0.0,1
qwen_instruct,h2_choice,65,main,CoAs,CO2,1.0,-0.8121416666666668,0.410575,-0.3543416666666667,0.2288,-0.5833333333333334,0.5,1
qwen_instruct,h2_choice,65,main,CoCo,CO1,3.0,-0.8697583333333335,0.4433250000000001,-0.39030833333333337,0.24872500000000006,-1.0833333333333333,0.5,1
qwen_instruct,h2_choice,65,main,CoSh,CO2,1.0,-0.7589250000000002,0.388,-0.4104083333333334,0.24267499999999997,-1.083333333333333,0.5,1
qwen_instruct,h2_choice,65,main,HaAs,OD2,2.0,-0.28891666666666654,0.15935,-0.08996666666666668,0.08729999999999999,0.0,0.0,1
qwen_instruct,h2_choice,65,main,HaBa,OD2,2.0,-0.36711666666666665,0.186975,0.19173333333333334,0.11835000000000001,0.0,0.0,1
qwen_instruct,h2_choice,65,main,HaCm,DD,2.0,-0.588425,0.301325,0.11822499999999991,0.12432499999999999,-0.41666666666666663,0.25,1
qwen_instruct,h2_choice,65,main,HaDl,DD,2.0,-0.30061666666666664,0.16085,0.06618333333333339,0.07865000000000005,0.0,0.0,1
qwen_instruct,h2_choice,65,main,HaHa,DD,2.0,-0.2797583333333333,0.15265,-0.03705833333333332,0.06972500000000001,0.0,0.0,1
qwen_instruct,h2_choice,65,main,HaNc,DD,2.0,-0.17459166666666653,0.09402499999999998,0.10162499999999998,0.06605,0.0,0.0,1
qwen_instruct,h2_choice,65,main,HaPc,DD,2.0,-0.3475666666666666,0.1878,-0.04351666666666665,0.07437499999999997,0.0,0.0,1
qwen_instruct,h2_choice,65,main,HrAs,MP,1.0,-0.7337916666666664,0.37927500000000003,-0.22150833333333333,0.18342499999999998,-0.6666666666666667,0.25,1
qwen_instruct,h2_choice,65,main,HrBa,CO1,-1.0,-0.45192499999999985,0.24045,-0.02672500000000011,0.09715000000000001,-0.41666666666666663,0.25,1
qwen_instruct,h2_choice,65,main,HrCh,CO1,-1.0,-0.3488916666666666,0.18464999999999998,-0.08060833333333331,0.09147499999999997,0.0,0.0,1
qwen_instruct,h2_choice,65,main,HrHr,CO2,-1.0,-0.55465,0.28712499999999996,0.011950000000000058,0.10535,-0.41666666666666663,0.25,1
qwen_instruct,h2_choice,65,main,ShAs,CO1,0.0,-0.9084916666666665,0.43205,0.12237499999999996,0.05245,0.4166666666666666,0.25,1
qwen_instruct,h2_choice,65,main,ShCo,CO2,0.5,-0.8797416666666666,0.42105,-0.10222499999999994,0.07915,0.0,0.0,0
qwen_instruct,h2_choice,65,main,ShSh,CO1,0.0,-0.9174083333333335,0.43755,-0.07205833333333331,0.03230000000000002,0.0,0.0,0
qwen_instruct,h2_choice,65,main_perp,AsAs,CO1,0.0,-0.9519249999999999,0.452775,0.07227499999999999,0.038050000000000014,0.4166666666666666,0.25,1
qwen_instruct,h2_choice,65,main_perp,AsBa,MP,-0.0,-1.0373916666666665,0.494325,0.09987499999999999,0.043824999999999975,0.0,0.0,1
qwen_instruct,h2_choice,65,main_perp,AsCh,MP,1.0,-0.9272333333333334,0.442125,-0.1117666666666667,0.05322500000000002,0.0,0.0,0
qwen_instruct,h2_choice,65,main_perp,AsCm,OD1,2.0,-0.9383499999999999,0.462025,-0.21115000000000006,0.181725,-0.8333333333333331,0.5,1
qwen_instruct,h2_choice,65,main_perp,AsCo,CO2,1.0,-0.9992333333333334,0.476425,0.03589999999999999,0.03324999999999999,0.0,0.0,1
qwen_instruct,h2_choice,65,main_perp,AsDl,OD1,2.0,-0.9967249999999999,0.479425,-0.2112416666666667,0.13967500000000002,-0.5833333333333333,0.25,1
qwen_instruct,h2_choice,65,main_perp,AsHa,OD2,2.0,-0.869183333333333,0.42169999999999996,-0.1661166666666666,0.08634999999999997,-0.4166666666666666,0.25,1
qwen_instruct,h2_choice,65,main_perp,AsHr,MP,2.0,-1.1117833333333331,0.524575,-0.06614999999999999,0.08160000000000003,-0.25,0.25,1
qwen_instruct,h2_choice,65,main_perp,AsNc,OD2,1.0,-0.7745166666666666,0.378275,-0.004900000000000021,0.02077499999999999,0.0,0.0,0
qwen_instruct,h2_choice,65,main_perp,AsPc,OD2,2.0,-1.0134166666666666,0.482,-0.20404999999999998,0.14035,-1.083333333333333,0.5,1
qwen_instruct,h2_choice,65,main_perp,AsPd,OD1,2.0,-1.096075,0.509225,-0.010491666666666606,0.029299999999999993,-0.16666666666666669,0.25,1
qwen_instruct,h2_choice,65,main_perp,AsSh,CO1,0.0,-1.0547,0.490175,0.02539999999999994,0.034675,0.0,0.0,1
qwen_instruct,h2_choice,65,main_perp,BaAs,MP,0.0,-0.8815166666666665,0.420475,0.25415,0.133475,0.6666666666666665,0.25,1
qwen_instruct,h2_choice,65,main_perp,BaBa,CO2,1.0,-0.8916666666666664,0.44225000000000003,0.24718333333333337,0.1919,1.083333333333333,0.5,1
qwen_instruct,h2_choice,65,main_perp,BaCh,CO2,2.0,-1.0524583333333333,0.511975,0.315075,0.1971,1.0,0.5,1
qwen_instruct,h2_choice,65,main_perp,BaCm,OD1,2.0,-0.6002666666666668,0.31165000000000004,0.09188333333333337,0.13399999999999998,0.41666666666666663,0.25,1
qwen_instruct,h2_choice,65,main_perp,BaCo,MP,-1.0,-0.7736583333333332,0.388725,0.2655583333333333,0.17392499999999997,0.41666666666666663,0.25,1
qwen_instruct,h2_choice,65,main_perp,BaDl,OD1,2.0,-0.9894916666666664,0.47385,0.40117499999999995,0.22209999999999996,1.083333333333333,0.5,1
qwen_instruct,h2_choice,65,main_perp,BaHa,OD2,2.0,-0.9088416666666665,0.44547500000000007,-0.28179166666666666,0.18057499999999996,-0.41666666666666663,0.25,1
qwen_instruct,h2_choice,65,main_perp,BaHr,CO1,2.0,-0.6222749999999999,0.319675,0.10092499999999995,0.13659999999999997,0.5833333333333334,0.25,1
qwen_instruct,h2_choice,65,main_perp,BaNc,OD2,-0.0,-0.8126166666666669,0.3872,-0.14776666666666663,0.06319999999999998,0.0,0.0,0
qwen_instruct,h2_choice,65,main_perp,BaPc,OD2,2.0,-0.9287833333333334,0.4629,-0.3702333333333333,0.22105,-0.8333333333333331,0.5,1
qwen_instruct,h2_choice,65,main_perp,BaPd,OD1,2.0,-0.8932249999999997,0.44447500000000006,0.2306916666666667,0.17647500000000002,1.083333333333333,0.5,1
qwen_instruct,h2_choice,65,main_perp,BaSh,MP,0.0,-0.7351666666666667,0.35702500000000004,0.07614999999999995,0.03754999999999998,0.0,0.0,0
qwen_instruct,h2_choice,65,main_perp,ChAs,MP,0.0,-0.7702666666666669,0.3713,0.08299999999999996,0.08652499999999999,0.4166666666666666,0.25,1
qwen_instruct,h2_choice,65,main_perp,ChBa,CO2,0.5,-0.6997166666666667,0.3625,0.3673,0.22675,0.6666666666666667,0.25,1
qwen_instruct,h2_choice,65,main_perp,ChCh,CO2,0.0,-0.803658333333333,0.38255,0.34789166666666665,0.14770000000000003,0.0,0.0,0
qwen_instruct,h2_choice,65,main_perp,ChCm,OD1,1.0,-0.8109500000000001,0.4161,0.3042333333333333,0.22247499999999998,1.0833333333333333,0.5,1
qwen_instruct,h2_choice,65,main_perp,ChCo,MP,-0.5,-0.7628999999999999,0.3806,0.1523166666666667,0.146225,0.6666666666666665,0.25,1
qwen_instruct,h2_choice,65,main_perp,ChDl,OD1,1.0,-0.6612666666666667,0.342075,0.34493333333333326,0.20999999999999996,1.083333333333333,0.5,1
qwen_instruct,h2_choice,65,main_perp,ChHa,OD2,1.0,-0.7197999999999998,0.35777499999999995,-0.02548333333333334,0.115175,-0.5833333333333334,0.25,1
qwen_instruct,h2_choice,65,main_perp,ChHr,CO1,1.0,-0.5737916666666666,0.299825,0.25864166666666677,0.17705000000000004,0.5833333333333334,0.25,1
qwen_instruct,h2_choice,65,main_perp,CmAs,OD1,1.5,-0.29947499999999994,0.15864999999999999,0.04424166666666659,0.06537499999999999,0.0,0.0,1
qwen_instruct,h2_choice,65,main_perp,CmCm,DD,1.0,-0.10902499999999994,0.060574999999999976,0.0006083333333333694,0.02562499999999998,0.0,0.0,1
qwen_instruct,h2_choice,65,main_perp,CmDl,DD,1.0,-0.1808666666666666,0.098575,-0.015766666666666675,0.04239999999999999,0.0,0.0,1
qwen_instruct,h2_choice,65,main_perp,CmHa,DD,3.0,-0.16799999999999993,0.09009999999999999,0.01813333333333337,0.040000000000000036,0.0,0.0,1
qwen_instruct,h2_choice,65,main_perp,CmNc,DD,2.0,-0.1336083333333333,0.07305,0.05729166666666666,0.044825000000000004,0.0,0.0,1
qwen_instruct,h2_choice,65,main_perp,CoAs,CO2,1.0,-0.7820416666666665,0.395925,-0.3408250000000001,0.2131,-1.083333333333333,0.5,1
qwen_instruct,h2_choice,65,main_perp,CoCo,CO1,3.0,-0.8345166666666665,0.4292,-0.37738333333333335,0.23805,-1.0833333333333333,0.5,1
qwen_instruct,h2_choice,65,main_perp,CoSh,CO2,1.0,-0.7598166666666665,0.391575,-0.41155,0.24125,-1.083333333333333,0.5,1
qwen_instruct,h2_choice,65,main_perp,HaAs,OD2,2.0,-0.25965833333333327,0.14245000000000002,-0.0736583333333333,0.0776,0.0,0.0,1
qwen_instruct,h2_choice,65,main_perp,HaBa,OD2,2.0,-0.35654166666666676,0.1796,0.206975,0.12154999999999999,0.0,0.0,1
qwen_instruct,h2_choice,65,main_perp,HaCm,DD,2.0,-0.5619249999999999,0.28164999999999996,0.12920833333333326,0.12525,0.0,0.0,1
qwen_instruct,h2_choice,65,main_perp,HaDl,DD,2.0,-0.2820833333333333,0.15115,0.08006666666666669,0.08182500000000001,0.0,0.0,1
qwen_instruct,h2_choice,65,main_perp,HaHa,DD,2.0,-0.23871666666666658,0.13067499999999999,-0.02103333333333334,0.05425000000000002,0.0,0.0,1
qwen_instruct,h2_choice,65,main_perp,HaNc,DD,2.0,-0.16527500000000003,0.0883,0.10249166666666662,0.06387499999999999,0.0,0.0,1
qwen_instruct,h2_choice,65,main_perp,HaPc,DD,2.0,-0.3275999999999999,0.175625,-0.02161666666666671,0.07,0.0,0.0,1
qwen_instruct,h2_choice,65,main_perp,HrAs,MP,1.0,-0.7007166666666667,0.35660000000000003,-0.2148166666666667,0.16445,-0.6666666666666667,0.25,1
qwen_instruct,h2_choice,65,main_perp,HrBa,CO1,-1.0,-0.4326249999999997,0.22952499999999998,-0.0055916666666667204,0.087225,-0.41666666666666663,0.25,1
qwen_instruct,h2_choice,65,main_perp,HrCh,CO1,-1.0,-0.33715833333333334,0.179375,-0.08410833333333334,0.08902499999999999,0.0,0.0,1
qwen_instruct,h2_choice,65,main_perp,HrHr,CO2,-1.0,-0.5147416666666667,0.2647,0.017708333333333295,0.0995,-0.41666666666666663,0.25,1
qwen_instruct,h2_choice,65,main_perp,ShAs,CO1,0.0,-0.8955083333333332,0.431,0.11339166666666668,0.05325000000000002,0.4166666666666666,0.25,1
qwen_instruct,h2_choice,65,main_perp,ShCo,CO2,0.5,-0.8754916666666666,0.421325,-0.07130833333333338,0.073875,0.0,0.0,0
qwen_instruct,h2_choice,65,main_perp,ShSh,CO1,0.0,-0.89095,0.42225,-0.04253333333333336,0.029050000000000006,0.0,0.0,0
qwen_instruct,h2_choice,65,random,AsAs,CO1,0.0,-0.002266666666666669,0.009125000000000003,0.012383333333333304,0.00932500000000002,0.0,0.0,0
qwen_instruct,h2_choice,65,random,AsBa,MP,-0.0,0.05505833333333331,0.02869999999999999,0.00270833333333333,0.009374999999999967,0.0,0.0,0
qwen_instruct,h2_choice,65,random,AsCh,MP,1.0,0.049333333333333326,0.02745,0.02800000000000006,0.01577500000000001,0.0,0.0,0
qwen_instruct,h2_choice,65,random,AsCm,OD1,2.0,0.04986666666666669,0.028575,0.05638333333333329,0.030799999999999994,0.0,0.0,1
qwen_instruct,h2_choice,65,random,AsCo,CO2,1.0,0.027508333333333353,0.01700000000000001,-0.0001916666666666518,0.007424999999999994,0.0,0.0,0
qwen_instruct,h2_choice,65,random,AsDl,OD1,2.0,0.027525000000000004,0.022874999999999996,0.021724999999999963,0.015825000000000006,0.0,0.0,0
qwen_instruct,h2_choice,65,random,AsHa,OD2,2.0,0.012266666666666669,0.009174999999999999,0.020933333333333304,0.011599999999999989,0.0,0.0,0
qwen_instruct,h2_choice,65,random,AsHr,MP,2.0,0.041791666666666664,0.03455,0.018941666666666676,0.016475000000000017,0.25000000000000017,0.25,1
qwen_instruct,h2_choice,65,random,AsNc,OD2,1.0,0.008116666666666666,0.005925,-0.00833333333333328,0.00492499999999999,0.0,0.0,0
qwen_instruct,h2_choice,65,random,AsPc,OD2,2.0,0.009783333333333345,0.014549999999999997,0.023850000000000003,0.016525000000000005,0.0,0.0,0
qwen_instruct,h2_choice,65,random,AsPd,OD1,2.0,0.04021666666666667,0.035050000000000005,-0.010883333333333288,0.012750000000000011,0.0,0.0,0
qwen_instruct,h2_choice,65,random,AsSh,CO1,0.0,0.016983333333333326,0.0143,0.022499999999999996,0.012949999999999996,0.0,0.0,0
qwen_instruct,h2_choice,65,random,BaAs,MP,0.0,-0.00852500000000001,0.010774999999999996,-0.0009749999999999959,0.006375000000000018,0.0,0.0,0
qwen_instruct,h2_choice,65,random,BaBa,CO2,1.0,0.03995833333333336,0.02227500000000001,-0.038841666666666684,0.023675000000000022,0.0,0.0,1
qwen_instruct,h2_choice,65,random,BaCh,CO2,2.0,0.04788333333333333,0.02335,-0.06253333333333329,0.03414999999999999,0.0,0.0,1
qwen_instruct,h2_choice,65,random,BaCm,OD1,2.0,0.04567499999999999,0.025200000000000014,-0.055341666666666664,0.030550000000000008,0.0,0.0,1
qwen_instruct,h2_choice,65,random,BaCo,MP,-1.0,0.021341666666666658,0.011874999999999998,-0.026908333333333326,0.014175,0.0,0.0,1
qwen_instruct,h2_choice,65,random,BaDl,OD1,2.0,0.049358333333333324,0.027774999999999994,-0.05795833333333327,0.030824999999999964,-0.4166666666666666,0.25,1
qwen_instruct,h2_choice,65,random,BaHa,OD2,2.0,0.02205833333333333,0.012624999999999997,0.027641666666666773,0.014150000000000051,0.0,0.0,1
qwen_instruct,h2_choice,65,random,BaHr,CO1,2.0,0.06534999999999999,0.03464999999999999,-0.061916666666666675,0.032999999999999995,0.0,0.0,1
qwen_instruct,h2_choice,65,random,BaNc,OD2,-0.0,-0.002449999999999999,0.009225000000000004,0.0003833333333333786,0.009950000000000014,0.0,0.0,0
qwen_instruct,h2_choice,65,random,BaPc,OD2,2.0,-0.0010166666666666336,0.00762500000000002,-0.0033499999999999463,0.008925000000000016,0.0,0.0,1
qwen_instruct,h2_choice,65,random,BaPd,OD1,2.0,0.03884999999999996,0.022675000000000018,-0.048033333333333275,0.02879999999999997,-0.33333333333333337,0.25,1
qwen_instruct,h2_choice,65,random,BaSh,MP,0.0,0.016616666666666655,0.01634999999999999,-0.01964999999999998,0.011824999999999994,0.0,0.0,0
qwen_instruct,h2_choice,65,random,ChAs,MP,0.0,0.04305833333333334,0.025025,-0.03249166666666669,0.018650000000000014,0.0,0.0,1
qwen_instruct,h2_choice,65,random,ChBa,CO2,0.5,0.06239999999999997,0.03194999999999998,-0.06404999999999997,0.032399999999999984,0.0,0.0,1
qwen_instruct,h2_choice,65,random,ChCh,CO2,0.0,0.021416666666666667,0.013024999999999998,-0.02238333333333333,0.01342499999999999,0.0,0.0,0
qwen_instruct,h2_choice,65,random,ChCm,OD1,1.0,0.058025000000000014,0.027950000000000003,-0.06299166666666665,0.03,-0.6666666666666665,0.25,1
qwen_instruct,h2_choice,65,random,ChCo,MP,-0.5,0.05090833333333338,0.02842500000000002,-0.03812500000000006,0.019425000000000033,0.0,0.0,1
qwen_instruct,h2_choice,65,random,ChDl,OD1,1.0,0.03950833333333339,0.022925000000000022,-0.04302500000000005,0.025025000000000026,-0.41666666666666674,0.25,1
qwen_instruct,h2_choice,65,random,ChHa,OD2,1.0,0.026466666666666677,0.020750000000000008,0.03296666666666668,0.016600000000000004,0.0,0.0,1
qwen_instruct,h2_choice,65,random,ChHr,CO1,1.0,0.029675000000000035,0.01650000000000003,-0.035758333333333364,0.01925000000000003,0.0,0.0,1
qwen_instruct,h2_choice,65,random,CmAs,OD1,1.5,0.03983333333333333,0.02135,0.04170000000000005,0.022450000000000025,0.0,0.0,1
qwen_instruct,h2_choice,65,random,CmCm,DD,1.0,0.01266666666666667,0.0056000000000000025,0.012650000000000002,0.005500000000000005,0.0,0.0,1
qwen_instruct,h2_choice,65,random,CmDl,DD,1.0,0.021225000000000015,0.009875000000000009,0.021441666666666668,0.010124999999999995,0.0,0.0,1
qwen_instruct,h2_choice,65,random,CmHa,DD,3.0,0.023791666666666662,0.011949999999999997,0.024708333333333266,0.012299999999999978,0.0,0.0,1
qwen_instruct,h2_choice,65,random,CmNc,DD,2.0,0.011533333333333375,0.005325000000000033,0.013333333333333409,0.006175000000000042,0.0,0.0,1
qwen_instruct,h2_choice,65,random,CoAs,CO2,1.0,0.07041666666666666,0.0373,0.07559999999999997,0.040150000000000005,0.41666666666666674,0.5,1
qwen_instruct,h2_choice,65,random,CoCo,CO1,3.0,0.06178333333333329,0.03237499999999997,0.06284999999999995,0.03292499999999997,0.6666666666666665,0.25,1
qwen_instruct,h2_choice,65,random,CoSh,CO2,1.0,0.07014999999999999,0.03672500000000001,0.07098333333333333,0.03672500000000001,0.6666666666666667,0.25,1
qwen_instruct,h2_choice,65,random,HaAs,OD2,2.0,0.02650833333333338,0.012650000000000022,0.02704166666666669,0.012650000000000022,0.0,0.0,1
qwen_instruct,h2_choice,65,random,HaBa,OD2,2.0,0.0281583333333333,0.015574999999999988,0.03172499999999992,0.016399999999999942,0.0,0.0,1
qwen_instruct,h2_choice,65,random,HaCm,DD,2.0,0.06134166666666665,0.031900000000000005,0.065675,0.03155000000000002,0.0,0.0,1
qwen_instruct,h2_choice,65,random,HaDl,DD,2.0,0.02390833333333335,0.011375000000000012,0.023875000000000018,0.011275000000000007,0.0,0.0,1
qwen_instruct,h2_choice,65,random,HaHa,DD,2.0,0.025491666666666652,0.01287499999999998,0.02704166666666668,0.013674999999999993,0.0,0.0,1
qwen_instruct,h2_choice,65,random,HaNc,DD,2.0,0.006641666666666695,0.0036250000000000154,0.011491666666666688,0.005675000000000013,0.0,0.0,1
qwen_instruct,h2_choice,65,random,HaPc,DD,2.0,0.03800833333333333,0.018975000000000013,0.041008333333333376,0.020625000000000032,0.0,0.0,1
qwen_instruct,h2_choice,65,random,HrAs,MP,1.0,0.06005833333333333,0.03345000000000001,0.06515833333333333,0.03295000000000001,0.0,0.0,1
qwen_instruct,h2_choice,65,random,HrBa,CO1,-1.0,0.04969999999999996,0.02309999999999998,0.05076666666666663,0.023399999999999976,0.0,0.0,1
qwen_instruct,h2_choice,65,random,HrCh,CO1,-1.0,0.029766666666666698,0.013550000000000027,0.033533333333333346,0.015200000000000019,0.0,0.0,1
qwen_instruct,h2_choice,65,random,HrHr,CO2,-1.0,0.056566666666666696,0.026075000000000008,0.06705000000000001,0.031725,0.0,0.0,1
qwen_instruct,h2_choice,65,random,ShAs,CO1,0.0,-0.009816666666666668,0.009349999999999997,0.0017500000000000026,0.011450000000000007,0.0,0.0,0
qwen_instruct,h2_choice,65,random,ShCo,CO2,0.5,-0.007241666666666679,0.010349999999999995,-0.0029583333333333306,0.009474999999999994,0.0,0.0,0
qwen_instruct,h2_choice,65,random,ShSh,CO1,0.0,-0.025383333333333348,0.011600000000000003,-0.019333333333333303,0.012424999999999999,0.0,0.0,0
qwen_instruct,h2_choice,79,main,AsAs,CO1,0.0,-0.9180916666666664,0.468325,0.08782499999999996,0.039825,0.0,0.0,1
qwen_instruct,h2_choice,79,main,AsBa,MP,-0.0,-1.1404500000000002,0.5597,0.09570000000000001,0.048150000000000026,0.0,0.0,1
qwen_instruct,h2_choice,79,main,AsCh,MP,1.0,-1.1163916666666667,0.5484500000000001,-0.20330833333333337,0.09665000000000001,0.0,0.0,1
qwen_instruct,h2_choice,79,main,AsCm,OD1,2.0,-1.0511000000000001,0.51295,-0.5560333333333334,0.25685,-1.1666666666666665,0.5,1
qwen_instruct,h2_choice,79,main,AsCo,CO2,1.0,-1.31205,0.64705,-0.08466666666666668,0.03995000000000001,-0.4166666666666666,0.25,1
qwen_instruct,h2_choice,79,main,AsDl,OD1,2.0,-1.0651666666666666,0.525325,-0.44589999999999985,0.20372499999999996,-1.083333333333333,0.5,1
qwen_instruct,h2_choice,79,main,AsHa,OD2,2.0,-0.8790916666666667,0.445325,-0.31162499999999993,0.14687500000000003,-0.4166666666666666,0.25,1
qwen_instruct,h2_choice,79,main,AsHr,MP,2.0,-1.2462083333333331,0.616125,-0.10457500000000002,0.06132500000000002,-0.6666666666666665,0.25,1
qwen_instruct,h2_choice,79,main,AsNc,OD2,1.0,-0.7166999999999998,0.36749999999999994,-0.09023333333333339,0.04460000000000003,-0.4166666666666666,0.25,1
qwen_instruct,h2_choice,79,main,AsPc,OD2,2.0,-1.1078499999999998,0.5488500000000001,-0.4151999999999999,0.19125,-0.6666666666666665,0.25,1
qwen_instruct,h2_choice,79,main,AsPd,OD1,2.0,-1.3665166666666666,0.670525,0.09603333333333333,0.04552500000000001,0.5,0.25,1
qwen_instruct,h2_choice,79,main,AsSh,CO1,0.0,-1.1465416666666661,0.570875,-0.10664166666666669,0.04762500000000003,-0.4166666666666666,0.25,1
qwen_instruct,h2_choice,79,main,BaAs,MP,0.0,-1.0272249999999996,0.5109250000000001,0.3609083333333334,0.166225,1.083333333333333,0.5,1
qwen_instruct,h2_choice,79,main,BaBa,CO2,1.0,-1.0077749999999999,0.498175,0.44979166666666665,0.2333,1.083333333333333,0.5,1
qwen_instruct,h2_choice,79,main,BaCh,CO2,2.0,-1.1924166666666665,0.58565,0.4170833333333335,0.21417500000000003,1.1666666666666665,0.5,1
qwen_instruct,h2_choice,79,main,BaCm,OD1,2.0,-0.8471916666666666,0.42475,0.4302416666666666,0.246975,0.8333333333333333,0.5,1
qwen_instruct,h2_choice,79,main,BaCo,MP,-1.0,-0.8758916666666663,0.43829999999999997,0.49324166666666674,0.23500000000000004,0.8333333333333331,0.5,1
qwen_instruct,h2_choice,79,main,BaDl,OD1,2.0,-1.0130333333333328,0.497675,0.5440999999999999,0.250125,1.083333333333333,0.5,1
qwen_instruct,h2_choice,79,main,BaHa,OD2,2.0,-1.0229416666666664,0.508025,-0.43745833333333345,0.20367500000000002,-1.0,0.5,1
qwen_instruct,h2_choice,79,main,BaHr,CO1,2.0,-0.7941083333333332,0.39812499999999995,0.3830583333333333,0.211725,0.6666666666666667,0.25,1
qwen_instruct,h2_choice,79,main,BaNc,OD2,-0.0,-0.9730249999999997,0.488,-0.17760833333333334,0.0872,-0.4166666666666666,0.25,1
qwen_instruct,h2_choice,79,main,BaPc,OD2,2.0,-1.0001499999999999,0.494025,-0.5306166666666667,0.24687500000000004,-1.0,0.5,1
qwen_instruct,h2_choice,79,main,BaPd,OD1,2.0,-1.0971916666666666,0.544125,0.39532500000000004,0.23105000000000003,1.083333333333333,0.5,1
qwen_instruct,h2_choice,79,main,BaSh,MP,0.0,-0.8489416666666666,0.43024999999999997,0.11282499999999998,0.05425,0.4166666666666666,0.25,1
qwen_instruct,h2_choice,79,main,ChAs,MP,0.0,-1.09155,0.54355,0.27386666666666665,0.167975,0.8333333333333331,0.5,1
qwen_instruct,h2_choice,79,main,ChBa,CO2,0.5,-0.7745916666666667,0.382675,0.5755583333333334,0.276625,0.8055555555555555,0.3333333333333333,1
qwen_instruct,h2_choice,79,main,ChCh,CO2,0.0,-0.8239166666666663,0.41782499999999995,0.42869999999999986,0.206775,0.4166666666666666,0.25,1
qwen_instruct,h2_choice,79,main,ChCm,OD1,1.0,-0.9479750000000001,0.4725250000000001,0.5350583333333333,0.26105,1.0833333333333333,0.5,1
qwen_instruct,h2_choice,79,main,ChCo,MP,-0.5,-0.9253083333333334,0.461175,0.35630833333333334,0.194,0.6666666666666665,0.25,1
qwen_instruct,h2_choice,79,main,ChDl,OD1,1.0,-0.8012916666666666,0.394925,0.5952916666666666,0.284025,1.083333333333333,0.5,1
qwen_instruct,h2_choice,79,main,ChHa,OD2,1.0,-0.9754999999999997,0.488475,-0.02648333333333338,0.12835000000000002,-0.7222222222222221,0.3333333333333333,1
qwen_instruct,h2_choice,79,main,ChHr,CO1,1.0,-0.7514333333333335,0.3711,0.5606000000000001,0.26825,1.0833333333333333,0.5,1
qwen_instruct,h2_choice,79,main,CmAs,OD1,1.5,-0.4658833333333332,0.23925000000000002,-0.29469999999999996,0.16502499999999998,-0.41666666666666663,0.25,1
qwen_instruct,h2_choice,79,main,CmCm,DD,1.0,-0.21036666666666665,0.11090000000000001,-0.19890000000000002,0.10475000000000001,0.0,0.0,1
qwen_instruct,h2_choice,79,main,CmDl,DD,1.0,-0.262225,0.13699999999999998,-0.2282416666666666,0.11879999999999996,0.0,0.0,1
qwen_instruct,h2_choice,79,main,CmHa,DD,3.0,-0.280025,0.14765,-0.20084166666666667,0.11399999999999999,0.0,0.0,1
qwen_instruct,h2_choice,79,main,CmNc,DD,2.0,-0.17929166666666668,0.09542500000000001,-0.12062500000000004,0.07197500000000001,0.0,0.0,1
qwen_instruct,h2_choice,79,main,CoAs,CO2,1.0,-0.9097416666666664,0.44655,-0.5884083333333332,0.27549999999999997,-1.083333333333333,0.5,1
qwen_instruct,h2_choice,79,main,CoCo,CO1,3.0,-0.9061416666666665,0.44484999999999997,-0.5954750000000001,0.27965,-1.0833333333333333,0.5,1
qwen_instruct,h2_choice,79,main,CoSh,CO2,1.0,-0.7990416666666668,0.394775,-0.6550083333333333,0.318275,-1.083333333333333,0.5,1
qwen_instruct,h2_choice,79,main,HaAs,OD2,2.0,-0.30899999999999994,0.162175,-0.2816666666666666,0.147425,0.0,0.0,1
qwen_instruct,h2_choice,79,main,HaBa,OD2,2.0,-0.4524916666666665,0.23709999999999998,-0.008375000000000002,0.08234999999999998,0.0,0.0,1
qwen_instruct,h2_choice,79,main,HaCm,DD,2.0,-0.83165,0.42185000000000006,-0.16646666666666665,0.16715,-0.41666666666666663,0.25,1
qwen_instruct,h2_choice,79,main,HaDl,DD,2.0,-0.33100833333333335,0.1734,-0.19069166666666668,0.11722499999999997,0.0,0.0,1
qwen_instruct,h2_choice,79,main,HaHa,DD,2.0,-0.27561666666666673,0.142525,-0.22133333333333338,0.11792500000000003,0.0,0.0,1
qwen_instruct,h2_choice,79,main,HaNc,DD,2.0,-0.21805,0.11677499999999999,-0.08538333333333331,0.06962499999999999,0.0,0.0,1
qwen_instruct,h2_choice,79,main,HaPc,DD,2.0,-0.38683333333333325,0.19989999999999997,-0.28796666666666665,0.15482499999999993,-0.41666666666666663,0.25,1
qwen_instruct,h2_choice,79,main,HrAs,MP,1.0,-0.9043166666666664,0.44925,-0.4693333333333333,0.24582500000000002,-1.0833333333333333,0.5,1
qwen_instruct,h2_choice,79,main,HrBa,CO1,-1.0,-0.5740500000000001,0.29500000000000004,-0.3290833333333333,0.192225,-0.41666666666666663,0.25,1
qwen_instruct,h2_choice,79,main,HrCh,CO1,-1.0,-0.468475,0.23690000000000003,-0.37152499999999994,0.18927499999999997,-0.41666666666666663,0.25,1
qwen_instruct,h2_choice,79,main,HrHr,CO2,-1.0,-0.6668999999999999,0.3402,-0.29213333333333336,0.182825,-0.41666666666666663,0.25,1
qwen_instruct,h2_choice,79,main,ShAs,CO1,0.0,-0.8794416666666666,0.44582499999999997,0.033958333333333326,0.020649999999999998,0.0,0.0,1
qwen_instruct,h2_choice,79,main,ShCo,CO2,0.5,-0.953575,0.47640000000000005,-0.3231916666666666,0.15159999999999998,0.0,0.0,0
qwen_instruct,h2_choice,79,main,ShSh,CO1,0.0,-0.9058583333333332,0.46094999999999997,-0.10214166666666666,0.05074999999999999,0.0,0.0,1
qwen_instruct,h2_choice,79,main_perp,AsAs,CO1,0.0,0.020891666666666676,0.012075000000000002,0.004141666666666616,0.0056999999999999915,0.0,0.0,0
qwen_instruct,h2_choice,79,main_perp,AsBa,MP,-0.0,0.01746666666666664,0.020899999999999988,-0.006049999999999982,0.009925000000000017,0.0,0.0,0
qwen_instruct,h2_choice,79,main_perp,AsCh,MP,1.0,0.004000000000000004,0.003199999999999998,0.004833333333333356,0.004049999999999998,0.0,0.0,0
qwen_instruct,h2_choice,79,main_perp,AsCm,OD1,2.0,0.009041666666666686,0.007450000000000016,0.015825000000000016,0.009575,0.0,0.0,1
qwen_instruct,h2_choice,79,main_perp,AsCo,CO2,1.0,0.010908333333333334,0.015149999999999986,-0.002391666666666685,0.0077999999999999875,0.0,0.0,0
qwen_instruct,h2_choice,79,main_perp,AsDl,OD1,2.0,-0.0008833333333333364,0.01045,-0.0064833333333333965,0.007850000000000024,0.0,0.0,0
qwen_instruct,h2_choice,79,main_perp,AsHa,OD2,2.0,0.007008333333333331,0.008174999999999998,0.0003250000000000039,0.011399999999999997,0.0,0.0,0
qwen_instruct,h2_choice,79,main_perp,AsHr,MP,2.0,-0.021516666666666635,0.01674999999999999,-0.009983333333333327,0.009800000000000059,-0.4166666666666666,0.25,1
qwen_instruct,h2_choice,79,main_perp,AsNc,OD2,1.0,0.00025000000000000895,0.00435,0.00048333333333328644,0.002774999999999999,0.0,0.0,0
qwen_instruct,h2_choice,79,main_perp,AsPc,OD2,2.0,0.0039916666666666625,0.006450000000000005,-0.0037750000000000058,0.009624999999999988,0.0,0.0,0
qwen_instruct,h2_choice,79,main_perp,AsPd,OD1,2.0,-0.0028833333333333627,0.010400000000000006,0.0019499999999999873,0.01504999999999998,0.0,0.0,0
qwen_instruct,h2_choice,79,main_perp,AsSh,CO1,0.0,0.004908333333333334,0.007374999999999998,-0.012491666666666689,0.010775000000000014,0.0,0.0,0
qwen_instruct,h2_choice,79,main_perp,BaAs,MP,0.0,0.00399999999999999,0.003975000000000003,-0.0038999999999999617,0.0038749999999999913,0.0,0.0,0
qwen_instruct,h2_choice,79,main_perp,BaBa,CO2,1.0,0.00276666666666663,0.0023000000000000017,0.002800000000000071,0.00220000000000003,0.0,0.0,1
qwen_instruct,h2_choice,79,main_perp,BaCh,CO2,2.0,0.0008249999999999819,0.0007500000000000145,-0.0007749999999999711,0.0005500000000000088,0.0,0.0,1
qwen_instruct,h2_choice,79,main_perp,BaCm,OD1,2.0,-0.013158333333333367,0.0096,0.012925000000000034,0.009550000000000001,0.0,0.0,1
qwen_instruct,h2_choice,79,main_perp,BaCo,MP,-1.0,0.011666666666666688,0.006600000000000019,-0.009166666666666712,0.004375000000000026,0.0,0.0,1
qwen_instruct,h2_choice,79,main_perp,BaDl,OD1,2.0,-0.015691666666666704,0.014550000000000018,0.015875000000000066,0.014600000000000005,0.0,0.0,1
qwen_instruct,h2_choice,79,main_perp,BaHa,OD2,2.0,-0.00533333333333338,0.007850000000000015,0.0017833333333332616,0.009325,0.0,0.0,1
qwen_instruct,h2_choice,79,main_perp,BaHr,CO1,2.0,-0.013741666666666647,0.009649999999999995,0.013708333333333314,0.009599999999999997,0.0,0.0,1
qwen_instruct,h2_choice,79,main_perp,BaNc,OD2,-0.0,-0.0006166666666666626,0.0008999999999999989,0.0008333333333333731,0.0011000000000000176,0.0,0.0,0
qwen_instruct,h2_choice,79,main_perp,BaPc,OD2,2.0,0.0022666666666667093,0.007750000000000002,0.0053000000000000234,0.006199999999999983,0.0,0.0,1
qwen_instruct,h2_choice,79,main_perp,BaPd,OD1,2.0,0.014358333333333336,0.0075249999999999935,-0.015275000000000016,0.008774999999999962,0.0,0.0,1
qwen_instruct,h2_choice,79,main_perp,BaSh,MP,0.0,-0.0005999999999999978,0.005875000000000002,0.006900000000000017,0.008099999999999979,0.0,0.0,0
qwen_instruct,h2_choice,79,main_perp,ChAs,MP,0.0,-0.0023750000000000086,0.0011500000000000277,-0.0028583333333333165,0.0014250000000000183,0.0,0.0,1
qwen_instruct,h2_choice,79,main_perp,ChBa,CO2,0.5,-0.0029666666666667,0.0032999999999999974,0.005983333333333367,0.0038250000000000107,0.0,0.0,1
qwen_instruct,h2_choice,79,main_perp,ChCh,CO2,0.0,-0.0008833333333333297,0.005300000000000001,0.0059166666666666656,0.006200000000000006,0.0,0.0,0
qwen_instruct,h2_choice,79,main_perp,ChCm,OD1,1.0,-0.004725000000000008,0.012200000000000016,0.006341666666666681,0.012575000000000013,0.0,0.0,1
qwen_instruct,h2_choice,79,main_perp,ChCo,MP,-0.5,-0.011166666666666693,0.009800000000000015,0.01336666666666669,0.01117500000000001,0.0,0.0,1
qwen_instruct,h2_choice,79,main_perp,ChDl,OD1,1.0,0.002341666666666663,0.0010500000000000088,0.0021083333333333366,0.0009249999999999974,0.0,0.0,1
qwen_instruct,h2_choice,79,main_perp,ChHa,OD2,1.0,0.0001166666666666375,0.0038000000000000048,-0.005750000000000061,0.007349999999999968,0.0,0.0,1
qwen_instruct,h2_choice,79,main_perp,ChHr,CO1,1.0,0.00186666666666667,0.010374999999999992,0.0015999999999999955,0.010424999999999993,0.0,0.0,1
qwen_instruct,h2_choice,79,main_perp,CmAs,OD1,1.5,-0.00019166666666667307,0.0006499999999999839,-0.000675,0.0013499999999999623,0.0,0.0,1
qwen_instruct,h2_choice,79,main_perp,CmCm,DD,1.0,-0.0006749999999999691,0.00042499999999998095,-0.0007249999999999664,0.00042499999999998095,0.0,0.0,1
qwen_instruct,h2_choice,79,main_perp,CmDl,DD,1.0,-0.0004249999999999873,0.0002750000000000143,-0.0008083333333333368,0.00047500000000003095,0.0,0.0,1
qwen_instruct,h2_choice,79,main_perp,CmHa,DD,3.0,0.0008999999999999741,0.0006749999999999893,-0.0004333333333333411,0.0005999999999999894,0.0,0.0,1
qwen_instruct,h2_choice,79,main_perp,CmNc,DD,2.0,0.0003666666666666632,0.00022499999999999734,-0.00030000000000001304,0.00022500000000000298,0.0,0.0,1
qwen_instruct,h2_choice,79,main_perp,CoAs,CO2,1.0,-0.013916666666666628,0.012549999999999981,-0.017699999999999955,0.01404999999999998,-0.24999999999999986,0.25,1
qwen_instruct,h2_choice,79,main_perp,CoCo,CO1,3.0,0.0031916666666666526,0.008924999999999975,-0.0031083333333333536,0.009250000000000008,0.0,0.25,1
qwen_instruct,h2_choice,79,main_perp,CoSh,CO2,1.0,0.0015666666666666765,0.000774999999999989,-0.0014166666666666494,0.0008499999999999897,0.0,0.0,1
qwen_instruct,h2_choice,79,main_perp,HaAs,OD2,2.0,0.003091666666666707,0.0033000000000000277,0.002408333333333392,0.0032500000000000306,0.0,0.0,1
qwen_instruct,h2_choice,79,main_perp,HaBa,OD2,2.0,0.0007666666666666735,0.004174999999999998,-0.003549999999999986,0.004224999999999979,0.0,0.0,1
qwen_instruct,h2_choice,79,main_perp,HaCm,DD,2.0,0.002491666666666691,0.0064250000000000106,-0.004075000000000025,0.007849999999999996,0.0,0.0,1
qwen_instruct,h2_choice,79,main_perp,HaDl,DD,2.0,0.0008583333333333415,0.002349999999999991,0.002024999999999999,0.0028749999999999887,0.0,0.0,1
qwen_instruct,h2_choice,79,main_perp,HaHa,DD,2.0,-0.0017583333333333205,0.002475000000000005,-0.002508333333333325,0.002899999999999986,0.0,0.0,1
qwen_instruct,h2_choice,79,main_perp,HaNc,DD,2.0,0.0002499999999999981,0.0011499999999999952,-0.00021666666666670712,0.0011499999999999844,0.0,0.0,1
qwen_instruct,h2_choice,79,main_perp,HaPc,DD,2.0,0.0003333333333333015,0.0005249999999999863,-0.0014333333333333695,0.0008250000000000202,0.0,0.0,1
qwen_instruct,h2_choice,79,main_perp,HrAs,MP,1.0,-0.0016416666666666869,0.0033500000000000335,-0.009858333333333337,0.006025000000000003,0.0,0.0,1
qwen_instruct,h2_choice,79,main_perp,HrBa,CO1,-1.0,0.008966666666666703,0.0061500000000000166,0.0073000000000000564,0.0061500000000000166,0.0,0.0,1
qwen_instruct,h2_choice,79,main_perp,HrCh,CO1,-1.0,-0.0007583333333332938,0.005349999999999994,-0.002174999999999974,0.005574999999999969,0.0,0.0,1
qwen_instruct,h2_choice,79,main_perp,HrHr,CO2,-1.0,-0.0061750000000000025,0.007649999999999987,-0.005841666666666671,0.007175000000000015,0.0,0.0,1
qwen_instruct,h2_choice,79,main_perp,ShAs,CO1,0.0,0.0029000000000000063,0.003799999999999998,-0.0022499999999999855,0.004850000000000014,0.0,0.0,0
qwen_instruct,h2_choice,79,main_perp,ShCo,CO2,0.5,0.0033416666666666725,0.006099999999999998,-0.004841666666666676,0.006500000000000013,0.0,0.0,0
qwen_instruct,h2_choice,79,main_perp,ShSh,CO1,0.0,0.012949999999999988,0.007299999999999994,-0.005250000000000035,0.008175000000000036,0.0,0.0,0
qwen_instruct,h2_choice,79,random,AsAs,CO1,0.0,0.04150000000000001,0.019175000000000005,-0.016750000000000032,0.009375000000000008,0.0,0.0,0
qwen_instruct,h2_choice,79,random,AsBa,MP,-0.0,0.04953333333333331,0.02935,0.0048000000000000265,0.0070500000000000285,0.0,0.0,0
qwen_instruct,h2_choice,79,random,AsCh,MP,1.0,0.03245000000000001,0.017150000000000006,0.0211333333333332,0.010424999999999962,0.0,0.0,0
qwen_instruct,h2_choice,79,random,AsCm,OD1,2.0,0.05063333333333338,0.032725000000000025,0.035600000000000076,0.02762500000000001,0.0,0.0,1
qwen_instruct,h2_choice,79,random,AsCo,CO2,1.0,0.08365000000000002,0.04245000000000001,-0.010533333333333266,0.013774999999999961,0.0,0.0,0
qwen_instruct,h2_choice,79,random,AsDl,OD1,2.0,0.045649999999999996,0.023375000000000003,0.02356666666666675,0.015675000000000022,0.0,0.0,0
qwen_instruct,h2_choice,79,random,AsHa,OD2,2.0,0.020291666666666684,0.01440000000000001,-0.0033416666666666005,0.009224999999999983,0.0,0.0,0
qwen_instruct,h2_choice,79,random,AsHr,MP,2.0,0.07529999999999999,0.03737499999999999,0.011050000000000022,0.015150000000000025,0.5833333333333334,0.25,1
qwen_instruct,h2_choice,79,random,AsNc,OD2,1.0,0.03616666666666666,0.018224999999999998,0.01113333333333334,0.006325,0.0,0.0,0
qwen_instruct,h2_choice,79,random,AsPc,OD2,2.0,0.071175,0.03395000000000001,0.041891666666666695,0.023925000000000016,0.0,0.0,0
qwen_instruct,h2_choice,79,random,AsPd,OD1,2.0,0.09033333333333331,0.045250000000000005,-0.015649999999999966,0.01257500000000003,0.0,0.0,0
qwen_instruct,h2_choice,79,random,AsSh,CO1,0.0,0.05523333333333334,0.030375,0.006783333333333338,0.015350000000000016,0.0,0.0,0
qwen_instruct,h2_choice,79,random,BaAs,MP,0.0,0.057241666666666635,0.028624999999999998,-0.03745833333333331,0.017775,0.0,0.0,0
qwen_instruct,h2_choice,79,random,BaBa,CO2,1.0,0.04551666666666665,0.023749999999999993,-0.03144999999999997,0.015749999999999986,0.0,0.0,1
qwen_instruct,h2_choice,79,random,BaCh,CO2,2.0,0.05487500000000003,0.026975000000000006,-0.030924999999999987,0.017550000000000003,0.0,0.0,1
qwen_instruct,h2_choice,79,random,BaCm,OD1,2.0,0.026124999999999975,0.014,-0.008858333333333312,0.0076749999999999995,0.0,0.0,1
qwen_instruct,h2_choice,79,random,BaCo,MP,-1.0,0.03203333333333335,0.016650000000000005,-0.02213333333333335,0.012000000000000005,0.0,0.0,1
qwen_instruct,h2_choice,79,random,BaDl,OD1,2.0,0.03942499999999999,0.02447499999999999,-0.02650833333333328,0.019824999999999975,-0.08333333333333334,0.25,1
qwen_instruct,h2_choice,79,random,BaHa,OD2,2.0,0.03785833333333333,0.023525,0.01684166666666669,0.011275000000000007,0.0,0.0,1
qwen_instruct,h2_choice,79,random,BaHr,CO1,2.0,0.03121666666666665,0.014099999999999984,-0.021449999999999973,0.010699999999999998,0.0,0.0,1
qwen_instruct,h2_choice,79,random,BaNc,OD2,-0.0,0.04510000000000001,0.02130000000000001,0.003983333333333388,0.007699999999999985,0.0,0.0,0
qwen_instruct,h2_choice,79,random,BaPc,OD2,2.0,0.04216666666666665,0.023349999999999985,0.0281,0.017075000000000007,0.0,0.0,1
qwen_instruct,h2_choice,79,random,BaPd,OD1,2.0,0.051574999999999996,0.026075000000000004,-0.018658333333333336,0.01500000000000001,0.0,0.0,1
qwen_instruct,h2_choice,79,random,BaSh,MP,0.0,0.03414166666666667,0.015825,-0.0023583333333333195,0.008125000000000007,0.0,0.0,0
qwen_instruct,h2_choice,79,random,ChAs,MP,0.0,0.04165833333333333,0.020975000000000008,-0.013641666666666732,0.009925000000000008,0.0,0.0,1
qwen_instruct,h2_choice,79,random,ChBa,CO2,0.5,0.02831666666666664,0.012824999999999996,-0.021349999999999977,0.00977499999999998,0.0,0.0,1
qwen_instruct,h2_choice,79,random,ChCh,CO2,0.0,0.03176666666666668,0.014200000000000004,-0.021650000000000034,0.010425000000000012,0.0,0.0,0
qwen_instruct,h2_choice,79,random,ChCm,OD1,1.0,0.06020833333333331,0.029175000000000006,-0.041608333333333296,0.021249999999999977,-0.6666666666666665,0.25,1
qwen_instruct,h2_choice,79,random,ChCo,MP,-0.5,0.051425000000000026,0.02525000000000001,-0.03169166666666673,0.015250000000000015,0.0,0.0,1
qwen_instruct,h2_choice,79,random,ChDl,OD1,1.0,0.030549999999999983,0.013125000000000008,-0.025366666666666652,0.011924999999999995,-0.5833333333333334,0.25,1
qwen_instruct,h2_choice,79,random,ChHa,OD2,1.0,0.04162500000000002,0.021150000000000016,-0.0011916666666666488,0.012850000000000028,0.0,0.0,1
qwen_instruct,h2_choice,79,random,ChHr,CO1,1.0,0.03592499999999999,0.018400000000000007,-0.031191666666666656,0.016800000000000006,0.0,0.0,1
qwen_instruct,h2_choice,79,random,CmAs,OD1,1.5,0.012574999999999956,0.006924999999999991,0.006174999999999968,0.003824999999999995,0.0,0.0,1
qwen_instruct,h2_choice,79,random,CmCm,DD,1.0,0.0054749999999999755,0.0021499999999999935,0.005191666666666659,0.0020499999999999963,0.0,0.0,1
qwen_instruct,h2_choice,79,random,CmDl,DD,1.0,0.005325000000000017,0.0031000000000000194,0.004291666666666667,0.0026499999999999857,0.0,0.0,1
qwen_instruct,h2_choice,79,random,CmHa,DD,3.0,0.0051749999999999895,0.0031749999999999964,0.0033916666666666353,0.001999999999999974,0.0,0.0,1
qwen_instruct,h2_choice,79,random,CmNc,DD,2.0,0.006991666666666621,0.003424999999999978,0.005591666666666613,0.0026499999999999857,0.0,0.0,1
qwen_instruct,h2_choice,79,random,CoAs,CO2,1.0,0.053649999999999975,0.025175000000000003,0.041283333333333325,0.019674999999999998,0.5833333333333334,0.25,1
qwen_instruct,h2_choice,79,random,CoCo,CO1,3.0,0.05486666666666665,0.026750000000000003,0.04748333333333331,0.02447500000000001,0.5833333333333333,0.25,1
qwen_instruct,h2_choice,79,random,CoSh,CO2,1.0,0.046541666666666676,0.02127500000000002,0.04137500000000003,0.01892500000000001,0.6666666666666667,0.25,1
qwen_instruct,h2_choice,79,random,HaAs,OD2,2.0,0.01287500000000006,0.005700000000000035,0.01185833333333334,0.005299999999999999,0.0,0.0,1
qwen_instruct,h2_choice,79,random,HaBa,OD2,2.0,0.015274999999999934,0.006974999999999963,0.0033249999999999578,0.003475000000000006,0.0,0.0,1
qwen_instruct,h2_choice,79,random,HaCm,DD,2.0,0.025841666666666645,0.012674999999999994,-0.006875000000000077,0.009075000000000027,0.0,0.0,1
qwen_instruct,h2_choice,79,random,HaDl,DD,2.0,0.009975000000000041,0.005975000000000024,0.007708333333333409,0.00467500000000004,0.0,0.0,1
qwen_instruct,h2_choice,79,random,HaHa,DD,2.0,0.010000000000000009,0.005450000000000007,0.008983333333333331,0.005125000000000018,0.0,0.0,1
qwen_instruct,h2_choice,79,random,HaNc,DD,2.0,0.0040750000000000005,0.0023000000000000017,0.00012499999999996818,0.0016499999999999848,0.0,0.0,1
qwen_instruct,h2_choice,79,random,HaPc,DD,2.0,0.016258333333333378,0.00945000000000001,0.013375000000000047,0.008050000000000002,0.0,0.0,1
qwen_instruct,h2_choice,79,random,HrAs,MP,1.0,0.0340833333333333,0.013824999999999978,0.025833333333333323,0.011425000000000018,0.0,0.0,1
qwen_instruct,h2_choice,79,random,HrBa,CO1,-1.0,0.027491666666666647,0.013299999999999985,0.022224999999999995,0.011149999999999993,0.0,0.0,1
qwen_instruct,h2_choice,79,random,HrCh,CO1,-1.0,0.021433333333333287,0.010474999999999977,0.018666666666666613,0.009074999999999972,0.0,0.0,1
qwen_instruct,h2_choice,79,random,HrHr,CO2,-1.0,0.024316666666666664,0.012149999999999994,0.011366666666666652,0.00714999999999999,0.0,0.0,1
qwen_instruct,h2_choice,79,random,ShAs,CO1,0.0,0.04088333333333334,0.022075000000000004,-0.0018666666666666625,0.006574999999999985,0.0,0.0,0
qwen_instruct,h2_choice,79,random,ShCo,CO2,0.5,0.049866666666666636,0.023824999999999985,0.028666666666666576,0.015374999999999951,0.0,0.0,0
qwen_instruct,h2_choice,79,random,ShSh,CO1,0.0,0.03364999999999999,0.016550000000000002,0.014683333333333295,0.006549999999999993,0.0,0.0,0
llama31_instruct,h1_dinc,65,main,AsAs,CO1,0.0,1.458283333333333,0.718725,0.16194999999999998,0.11172499999999999,0.41666666666666674,0.5,1
llama31_instruct,h1_dinc,65,main,AsBa,MP,2.0,1.4917000000000002,0.7310749999999999,-0.14801666666666666,0.09987499999999999,-0.5,0.5,1
llama31_instruct,h1_dinc,65,main,AsCh,MP,2.0,1.5439166666666666,0.755475,-0.15571666666666661,0.09569999999999998,-0.33333333333333337,0.5,1
llama31_instruct,h1_dinc,65,main,AsCm,OD1,2.0,1.2603749999999998,0.61285,-0.32074166666666665,0.20732499999999998,-0.5,0.5,1
llama31_instruct,h1_dinc,65,main,AsCo,CO2,2.0,1.4496333333333333,0.7150000000000001,0.20089999999999994,0.16112500000000002,0.5,0.5,1
llama31_instruct,h1_dinc,65,main,AsDl,OD1,2.0,1.4412083333333334,0.7079,-0.2144083333333334,0.1378,-0.33333333333333337,0.5,1
llama31_instruct,h1_dinc,65,main,AsHa,OD2,2.0,1.5151583333333332,0.745275,0.1284083333333334,0.08070000000000001,0.33333333333333337,0.5,1
llama31_instruct,h1_dinc,65,main,AsHr,MP,2.0,1.4697666666666664,0.7159249999999999,-0.14040000000000002,0.16812500000000002,-0.5,0.5,1
llama31_instruct,h1_dinc,65,main,AsNc,OD2,1.0,1.411558333333333,0.6931499999999999,0.21217499999999997,0.13147499999999998,0.33333333333333337,0.5,1
llama31_instruct,h1_dinc,65,main,AsPc,OD2,2.0,1.551775,0.7555999999999999,0.1000916666666666,0.09882499999999998,0.5,0.5,1
llama31_instruct,h1_dinc,65,main,AsPd,OD1,2.0,1.349075,0.6646,-0.32810833333333334,0.16874999999999996,-0.41666666666666674,0.5,1
llama31_instruct,h1_dinc,65,main,AsSh,CO1,0.0,1.3472416666666667,0.677075,0.15920833333333334,0.0766,0.16666666666666669,0.25,1
llama31_instruct,h1_dinc,65,main,BaAs,MP,0.0,1.5217166666666666,0.737975,-0.016199999999999964,0.09310000000000002,-0.08333333333333315,0.5,1
llama31_instruct,h1_dinc,65,main,BaBa,CO2,0.0,1.589808333333333,0.76105,-0.03369166666666667,0.044524999999999974,-0.16666666666666669,0.25,1
llama31_instruct,h1_dinc,65,main,BaCh,CO2,0.0,1.4743583333333332,0.7390249999999999,-0.061741666666666715,0.05947500000000002,-0.25,0.25,1
llama31_instruct,h1_dinc,65,main,BaCm,OD1,2.0,1.5780666666666667,0.75605,-0.007533333333333349,0.05599999999999998,0.0,0.25,1
llama31_instruct,h1_dinc,65,main,BaCo,MP,-2.0,1.5735749999999997,0.75705,0.05977500000000009,0.11307500000000004,0.2500000000000002,0.5,1
llama31_instruct,h1_dinc,65,main,BaDl,OD1,2.0,1.555116666666666,0.749575,0.016700000000000003,0.02285000000000001,-0.16666666666666669,0.25,1
llama31_instruct,h1_dinc,65,main,BaHa,OD2,1.0,1.4963166666666665,0.719425,-0.04556666666666665,0.08474999999999999,-0.1666666666666668,0.25,1
llama31_instruct,h1_dinc,65,main,BaHr,CO1,2.0,1.605391666666667,0.7597,0.055508333333333305,0.09299999999999999,0.1666666666666673,0.25,1
llama31_instruct,h1_dinc,65,main,BaNc,OD2,1.0,1.580825,0.7577,0.08672499999999998,0.08597499999999997,0.16666666666666657,0.25,1
llama31_instruct,h1_dinc,65,main,BaPc,OD2,2.0,1.6332833333333334,0.767325,-0.02143333333333328,0.023499999999999965,-1.4332917616497527e-16,0.0,1
llama31_instruct,h1_dinc,65,main,BaPd,OD1,1.0,1.4739666666666666,0.728625,0.029816666666666568,0.022349999999999953,0.0,0.0,1
llama31_instruct,h1_dinc,65,main,BaSh,MP,0.0,1.5605166666666666,0.7545999999999999,-0.042633333333333426,0.07777500000000001,-0.16666666666666657,0.25,1
llama31_instruct,h1_dinc,65,main,ChAs,MP,0.0,1.5963333333333332,0.757625,-0.0207833333333333,0.1009,-0.08333333333333286,0.5,1
llama31_instruct,h1_dinc,65,main,ChBa,CO2,0.0,1.592308333333333,0.7682,-0.03712500000000001,0.03250000000000003,0.0,0.0,1
llama31_instruct,h1_dinc,65,main,ChCh,CO2,-0.5,1.5584416666666667,0.7451000000000001,-0.02337499999999999,0.012200000000000016,-1.4332917616497527e-16,0.0,1
llama31_instruct,h1_dinc,65,main,ChCm,OD1,1.0,1.5954333333333333,0.7614749999999999,-0.026083333333333333,0.02027499999999996,-1.4332917616497527e-16,0.0,1
llama31_instruct,h1_dinc,65,main,ChCo,MP,0.0,1.5854416666666662,0.7515750000000001,-0.029041666666666653,0.04272499999999997,0.0,0.25,1
llama31_instruct,h1_dinc,65,main,ChDl,OD1,1.0,1.5703833333333328,0.7431749999999999,0.0071166666666666436,0.03755,0.0833333333333335,0.25,1
llama31_instruct,h1_dinc,65,main,ChHa,OD2,1.0,1.4713916666666667,0.7031999999999999,-0.07554166666666672,0.1023,-0.3333333333333336,0.5,1
llama31_instruct,h1_dinc,65,main,ChHr,CO1,1.0,1.6014333333333333,0.7605999999999999,0.019750000000000007,0.04889999999999997,0.0833333333333335,0.25,1
llama31_instruct,h1_dinc,65,main,CmAs,OD1,3.0,0.971675,0.498625,-0.19305833333333333,0.214275,-0.41666666666666674,0.5,1
llama31_instruct,h1_dinc,65,main,CmCm,DD,1.0,1.110333333333333,0.56585,-0.18641666666666667,0.21810000000000002,-0.41666666666666674,0.5,1
llama31_instruct,h1_dinc,65,main,CmDl,DD,1.0,1.0828249999999997,0.55925,0.012675000000000039,0.16752499999999998,0.0,0.5,1
llama31_instruct,h1_dinc,65,main,CmHa,DD,3.0,1.1820499999999998,0.5936499999999999,-0.20441666666666664,0.22267499999999998,-0.41666666666666674,0.5,1
llama31_instruct,h1_dinc,65,main,CmNc,DD,2.0,1.1461833333333333,0.58955,-0.12764999999999999,0.21049999999999994,-0.41666666666666674,0.5,1
llama31_instruct,h1_dinc,65,main,CoAs,CO2,1.0,1.4315416666666667,0.6967,0.1500583333333334,0.16467500000000002,0.4166666666666663,0.5,1
llama31_instruct,h1_dinc,65,main,CoCo,CO1,3.0,1.4659666666666669,0.7159500000000001,0.05178333333333333,0.150675,0.33333333333333315,0.5,1
llama31_instruct,h1_dinc,65,main,CoSh,CO2,1.0,1.34435,0.6604249999999999,0.35768333333333324,0.2171,0.5,0.5,1
llama31_instruct,h1_dinc,65,main,HaAs,OD2,2.0,1.2885166666666668,0.6390500000000001,0.04841666666666664,0.18005000000000002,0.0,0.5,1
llama31_instruct,h1_dinc,65,main,HaBa,OD2,2.0,1.3247499999999999,0.6471,0.39713333333333334,0.226475,0.5,0.5,1
llama31_instruct,h1_dinc,65,main,HaCm,DD,2.0,1.3025083333333332,0.642575,0.3543583333333332,0.2196,0.9166666666666669,0.5,1
llama31_instruct,h1_dinc,65,main,HaDl,DD,2.0,1.403025,0.691025,0.22977500000000003,0.1794,0.4166666666666666,0.5,1
llama31_instruct,h1_dinc,65,main,HaHa,DD,2.0,1.1778083333333331,0.5918249999999999,0.08502499999999984,0.187825,0.0,0.5,1
llama31_instruct,h1_dinc,65,main,HaNc,DD,2.0,0.9587916666666665,0.48097500000000004,0.47020833333333323,0.259225,1.083333333333333,0.5,1
llama31_instruct,h1_dinc,65,main,HaPc,DD,2.0,1.0946249999999997,0.54515,0.2682583333333332,0.21710000000000002,0.5833333333333331,0.5,1
llama31_instruct,h1_dinc,65,main,HrAs,MP,3.0,1.375783333333333,0.6766749999999999,-0.13676666666666673,0.15415,-0.2500000000000003,0.5,1
llama31_instruct,h1_dinc,65,main,HrBa,CO1,-1.0,1.6392666666666666,0.7793499999999999,0.005799999999999912,0.11217500000000002,0.1666666666666663,0.25,1
llama31_instruct,h1_dinc,65,main,HrCh,CO1,-0.0,1.4594749999999996,0.71105,0.07714166666666665,0.13955,0.4166666666666663,0.5,1
llama31_instruct,h1_dinc,65,main,HrHr,CO2,-1.0,1.5193333333333334,0.7365,-0.012033333333333335,0.1554250000000001,-2.8665835232995054e-16,0.5,1
llama31_instruct,h1_dinc,65,main,ShAs,CO1,0.0,1.3926916666666667,0.7081249999999999,0.14840833333333334,0.08432500000000002,0.16666666666666669,0.25,1
llama31_instruct,h1_dinc,65,main,ShCo,CO2,0.5,1.3055916666666667,0.644525,0.3035416666666666,0.164475,0.8333333333333333,0.5,1
llama31_instruct,h1_dinc,65,main,ShSh,CO1,0.0,1.4279,0.7059749999999999,0.19966666666666663,0.11792499999999999,0.33333333333333337,0.5,1
llama31_instruct,h1_dinc,65,main_perp,AsAs,CO1,0.0,1.4094083333333332,0.699575,0.176325,0.124,0.33333333333333337,0.5,1
llama31_instruct,h1_dinc,65,main_perp,AsBa,MP,2.0,1.4233083333333332,0.7013499999999999,-0.12322500000000003,0.07342499999999999,-0.41666666666666674,0.5,1
llama31_instruct,h1_dinc,65,main_perp,AsCh,MP,2.0,1.437125,0.70275,-0.21442499999999995,0.10444999999999999,-0.33333333333333337,0.5,1
llama31_instruct,h1_dinc,65,main_perp,AsCm,OD1,2.0,1.189558333333333,0.584125,-0.34350833333333336,0.204225,-1.333333333333333,0.5,1
llama31_instruct,h1_dinc,65,main_perp,AsCo,CO2,2.0,1.3459916666666665,0.66775,0.2012583333333333,0.126625,0.5,0.5,1
llama31_instruct,h1_dinc,65,main_perp,AsDl,OD1,2.0,1.3433583333333334,0.668675,-0.17287499999999997,0.102275,-0.33333333333333337,0.5,1
llama31_instruct,h1_dinc,65,main_perp,AsHa,OD2,2.0,1.4543666666666664,0.719525,0.11043333333333336,0.056374999999999995,0.33333333333333337,0.5,1
llama31_instruct,h1_dinc,65,main_perp,AsHr,MP,2.0,1.3792333333333333,0.685775,-0.1385333333333334,0.16085,-0.4166666666666663,0.5,1
llama31_instruct,h1_dinc,65,main_perp,AsNc,OD2,1.0,1.3391916666666666,0.6656749999999999,0.22304166666666664,0.123875,0.33333333333333337,0.5,1
llama31_instruct,h1_dinc,65,main_perp,AsPc,OD2,2.0,1.4566249999999996,0.7066,0.08550833333333337,0.06390000000000003,0.5,0.5,1
llama31_instruct,h1_dinc,65,main_perp,AsPd,OD1,2.0,1.2713916666666667,0.641875,-0.28630833333333333,0.14897499999999997,-0.8333333333333333,0.5,1
llama31_instruct,h1_dinc,65,main_perp,AsSh,CO1,0.0,1.259175,0.6364,0.17239166666666667,0.07480000000000002,0.0,0.0,1
llama31_instruct,h1_dinc,65,main_perp,BaAs,MP,0.0,1.4171666666666665,0.685825,-0.007783333333333287,0.09557500000000001,5.733167046599011e-16,0.25,1
llama31_instruct,h1_dinc,65,main_perp,BaBa,CO2,0.0,1.4951749999999997,0.7317,0.012408333333333299,0.04209999999999994,-0.25,0.25,1
llama31_instruct,h1_dinc,65,main_perp,BaCh,CO2,0.0,1.411908333333333,0.69725,-0.049141666666666695,0.051799999999999985,-0.25,0.25,1
llama31_instruct,h1_dinc,65,main_perp,BaCm,OD1,2.0,1.5164749999999996,0.7283,0.0036583333333334222,0.03807500000000004,-0.08333333333333334,0.25,1
llama31_instruct,h1_dinc,65,main_perp,BaCo,MP,-2.0,1.4984833333333334,0.714825,0.14156666666666676,0.13290000000000002,0.2500000000000002,0.5,1
llama31_instruct,h1_dinc,65,main_perp,BaDl,OD1,2.0,1.472675,0.71505,-0.004074999999999978,0.017424999999999975,-0.16666666666666669,0.25,1
llama31_instruct,h1_dinc,65,main_perp,BaHa,OD2,1.0,1.3900916666666665,0.667825,-0.0531916666666667,0.09127500000000002,-0.1666666666666668,0.25,1
llama31_instruct,h1_dinc,65,main_perp,BaHr,CO1,2.0,1.49565,0.7214250000000001,0.024733333333333385,0.09930000000000004,0.2500000000000003,0.5,1
llama31_instruct,h1_dinc,65,main_perp,BaNc,OD2,1.0,1.47665,0.7149,0.07586666666666662,0.08679999999999999,0.25,0.25,1
llama31_instruct,h1_dinc,65,main_perp,BaPc,OD2,2.0,1.5094249999999998,0.719225,0.0005749999999999817,0.03842499999999999,-1.4332917616497527e-16,0.0,1
llama31_instruct,h1_dinc,65,main_perp,BaPd,OD1,1.0,1.4125166666666666,0.7036,0.032816666666666654,0.023124999999999965,0.0,0.0,1
llama31_instruct,h1_dinc,65,main_perp,BaSh,MP,0.0,1.4801499999999999,0.715525,-0.046999999999999896,0.0895,-0.16666666666666657,0.25,1
llama31_instruct,h1_dinc,65,main_perp,ChAs,MP,0.0,1.4906666666666668,0.716875,-0.04274999999999999,0.0785,0.25000000000000044,0.25,1
llama31_instruct,h1_dinc,65,main_perp,ChBa,CO2,0.0,1.5164666666666662,0.728475,-0.061916666666666655,0.041150000000000006,-0.25,0.25,1
llama31_instruct,h1_dinc,65,main_perp,ChCh,CO2,-0.5,1.5133916666666665,0.7351750000000001,-0.02559166666666671,0.025074999999999986,-1.4332917616497527e-16,0.0,1
llama31_instruct,h1_dinc,65,main_perp,ChCm,OD1,1.0,1.537108333333333,0.7314499999999999,-0.049008333333333286,0.029975,-0.0833333333333335,0.25,1
llama31_instruct,h1_dinc,65,main_perp,ChCo,MP,0.0,1.51095,0.7179249999999999,0.00848333333333336,0.039575,0.0,0.25,1
llama31_instruct,h1_dinc,65,main_perp,ChDl,OD1,1.0,1.4809249999999996,0.710725,-0.0018916666666666956,0.034050000000000025,0.0833333333333335,0.25,1
llama31_instruct,h1_dinc,65,main_perp,ChHa,OD2,1.0,1.386408333333333,0.6660499999999999,-0.08357500000000005,0.11960000000000001,-0.3333333333333336,0.5,1
llama31_instruct,h1_dinc,65,main_perp,ChHr,CO1,1.0,1.4832583333333331,0.7063250000000001,0.05102500000000002,0.034275,0.0833333333333335,0.25,1
llama31_instruct,h1_dinc,65,main_perp,CmAs,OD1,3.0,0.9059833333333333,0.46985,-0.23205,0.21395000000000003,-0.8333333333333333,0.5,1
llama31_instruct,h1_dinc,65,main_perp,CmCm,DD,1.0,1.0550749999999998,0.533825,-0.19542499999999996,0.20124999999999998,-0.41666666666666674,0.5,1
llama31_instruct,h1_dinc,65,main_perp,CmDl,DD,1.0,1.0064666666666664,0.5195749999999999,0.008183333333333258,0.16507499999999997,0.0,0.5,1
llama31_instruct,h1_dinc,65,main_perp,CmHa,DD,3.0,1.0944416666666665,0.5479,-0.19610833333333325,0.20109999999999997,-0.41666666666666674,0.5,1
llama31_instruct,h1_dinc,65,main_perp,CmNc,DD,2.0,1.0362416666666667,0.52835,-0.15724166666666675,0.19545000000000004,-0.41666666666666674,0.5,1
llama31_instruct,h1_dinc,65,main_perp,CoAs,CO2,1.0,1.3430166666666663,0.6626749999999999,0.1605,0.16797499999999999,0.4166666666666663,0.5,1
llama31_instruct,h1_dinc,65,main_perp,CoCo,CO1,3.0,1.4025,0.6925,0.07178333333333327,0.15037499999999998,0.16666666666666657,0.5,1
llama31_instruct,h1_dinc,65,main_perp,CoSh,CO2,1.0,1.2913249999999996,0.6367,0.3278083333333332,0.21844999999999998,0.5,0.5,1
llama31_instruct,h1_dinc,65,main_perp,HaAs,OD2,2.0,1.1866166666666664,0.5971249999999999,-0.016733333333333378,0.166125,0.0,0.5,1
llama31_instruct,h1_dinc,65,main_perp,HaBa,OD2,2.0,1.2142666666666666,0.6016,0.37539999999999996,0.2092,1.3333333333333335,0.5,1
llama31_instruct,h1_dinc,65,main_perp,HaCm,DD,2.0,1.2325833333333331,0.603725,0.3487333333333333,0.21617499999999998,0.9166666666666669,0.5,1
llama31_instruct,h1_dinc,65,main_perp,HaDl,DD,2.0,1.3085250000000002,0.641325,0.22744166666666654,0.17052499999999998,0.4166666666666666,0.5,1
llama31_instruct,h1_dinc,65,main_perp,HaHa,DD,2.0,1.049958333333333,0.529175,0.07224166666666651,0.16012500000000002,0.4166666666666666,0.5,1
llama31_instruct,h1_dinc,65,main_perp,HaNc,DD,2.0,0.9030583333333333,0.45305,0.45589166666666653,0.24447499999999997,1.0,0.5,1
llama31_instruct,h1_dinc,65,main_perp,HaPc,DD,2.0,1.0156583333333333,0.5114749999999999,0.258975,0.20900000000000002,0.4166666666666666,0.5,1
llama31_instruct,h1_dinc,65,main_perp,HrAs,MP,3.0,1.2755583333333331,0.6304,-0.1598583333333333,0.156675,-0.2500000000000003,0.5,1
llama31_instruct,h1_dinc,65,main_perp,HrBa,CO1,-1.0,1.5424166666666668,0.742025,-0.003516666666666719,0.105575,0.08333333333333315,0.5,1
llama31_instruct,h1_dinc,65,main_perp,HrCh,CO1,-0.0,1.3415416666666664,0.6654249999999999,0.0791416666666665,0.143775,0.24999999999999972,0.5,1
llama31_instruct,h1_dinc,65,main_perp,HrHr,CO2,-1.0,1.393258333333333,0.6791499999999999,-0.001125000000000095,0.13405000000000003,0.16666666666666657,0.5,1
llama31_instruct,h1_dinc,65,main_perp,ShAs,CO1,0.0,1.34775,0.67825,0.15138333333333337,0.07265000000000002,0.16666666666666669,0.25,1
llama31_instruct,h1_dinc,65,main_perp,ShCo,CO2,0.5,1.2162499999999998,0.6097250000000001,0.26615,0.14412499999999998,0.8333333333333333,0.5,1
llama31_instruct,h1_dinc,65,main_perp,ShSh,CO1,0.0,1.334383333333333,0.66475,0.21644999999999998,0.11497500000000004,0.33333333333333337,0.5,1
llama31_instruct,h1_dinc,65,random,AsAs,CO1,0.0,0.11464999999999999,0.062000000000000006,0.07563333333333333,0.040499999999999994,0.0,0.0,0
llama31_instruct,h1_dinc,65,random,AsBa,MP,2.0,0.191325,0.10605,-0.0458083333333334,0.027150000000000035,-0.41666666666666663,0.25,1
llama31_instruct,h1_dinc,65,random,AsCh,MP,2.0,0.15535833333333335,0.08085,-0.06587499999999998,0.029299999999999993,0.0,0.0,0
llama31_instruct,h1_dinc,65,random,AsCm,OD1,2.0,0.1436,0.070475,-0.10799999999999994,0.055900000000000005,0.0,0.0,1
llama31_instruct,h1_dinc,65,random,AsCo,CO2,2.0,0.13767500000000002,0.06642500000000001,0.09359166666666666,0.056975,0.41666666666666663,0.25,1
llama31_instruct,h1_dinc,65,random,AsDl,OD1,2.0,0.13209999999999997,0.0717,-0.11750000000000001,0.06305000000000002,-0.41666666666666663,0.25,1
llama31_instruct,h1_dinc,65,random,AsHa,OD2,2.0,0.16225,0.08305000000000001,0.025033333333333376,0.02372500000000001,0.0,0.0,0
llama31_instruct,h1_dinc,65,random,AsHr,MP,2.0,0.10674999999999996,0.062875,-0.04959999999999997,0.03982499999999997,0.0,0.0,1
llama31_instruct,h1_dinc,65,random,AsNc,OD2,1.0,0.18376666666666666,0.09455,0.06528333333333333,0.03465,0.0,0.0,0
llama31_instruct,h1_dinc,65,random,AsPc,OD2,2.0,0.18625,0.09897500000000001,0.04485000000000004,0.032000000000000015,0.41666666666666663,0.25,1
llama31_instruct,h1_dinc,65,random,AsPd,OD1,2.0,0.18793333333333337,0.099,-0.13559999999999997,0.06759999999999997,-0.41666666666666663,0.25,1
llama31_instruct,h1_dinc,65,random,AsSh,CO1,0.0,0.09036666666666665,0.043899999999999995,0.039700000000000076,0.020900000000000002,0.0,0.0,0
llama31_instruct,h1_dinc,65,random,BaAs,MP,0.0,0.16950833333333334,0.09022500000000003,0.015924999999999988,0.015100000000000002,0.41666666666666663,0.25,1
llama31_instruct,h1_dinc,65,random,BaBa,CO2,0.0,0.20970833333333336,0.104475,-0.014774999999999967,0.02314999999999999,-0.5833333333333334,0.25,1
llama31_instruct,h1_dinc,65,random,BaCh,CO2,0.0,0.12195833333333334,0.06722500000000001,0.02987499999999995,0.028075000000000003,0.0,0.0,0
llama31_instruct,h1_dinc,65,random,BaCm,OD1,2.0,0.1897083333333333,0.09739999999999999,-0.052475,0.0374,-0.08333333333333336,0.5,1
llama31_instruct,h1_dinc,65,random,BaCo,MP,-2.0,0.21903333333333333,0.11477500000000003,0.007416666666666644,0.043725000000000014,0.6666666666666665,0.25,1
llama31_instruct,h1_dinc,65,random,BaDl,OD1,2.0,0.2019916666666666,0.09649999999999999,-0.01797499999999995,0.030224999999999974,-0.5833333333333334,0.25,1
llama31_instruct,h1_dinc,65,random,BaHa,OD2,1.0,0.24194999999999997,0.12474999999999999,-0.03553333333333331,0.03140000000000001,-0.4166666666666666,0.25,1
llama31_instruct,h1_dinc,65,random,BaHr,CO1,2.0,0.27414166666666673,0.1342,-0.00467500000000005,0.040325,0.49999999999999994,0.25,1
llama31_instruct,h1_dinc,65,random,BaNc,OD2,1.0,0.21461666666666673,0.10927500000000001,0.055783333333333365,0.03562500000000002,0.0,0.0,1
llama31_instruct,h1_dinc,65,random,BaPc,OD2,2.0,0.21474999999999997,0.10182499999999998,-0.05731666666666671,0.029650000000000037,-0.41666666666666663,0.25,1
llama31_instruct,h1_dinc,65,random,BaPd,OD1,1.0,0.09254166666666666,0.053125000000000006,0.0398916666666667,0.025674999999999996,0.0,0.0,0
llama31_instruct,h1_dinc,65,random,BaSh,MP,0.0,0.20359166666666664,0.10695,-0.07729166666666668,0.05015000000000001,0.0,0.0,1
llama31_instruct,h1_dinc,65,random,ChAs,MP,0.0,0.18228333333333324,0.09117499999999999,-0.01854999999999995,0.017100000000000004,0.0,0.0,1
llama31_instruct,h1_dinc,65,random,ChBa,CO2,0.0,0.24620000000000003,0.140325,0.013399999999999952,0.014700000000000019,0.0,0.0,1
llama31_instruct,h1_dinc,65,random,ChCh,CO2,-0.5,0.17819999999999997,0.08259999999999998,0.0097333333333333,0.02164999999999999,-0.25000000000000017,0.25,1
llama31_instruct,h1_dinc,65,random,ChCm,OD1,1.0,0.24512499999999998,0.12887500000000002,-0.02134166666666669,0.01685000000000003,-0.5833333333333334,0.25,1
llama31_instruct,h1_dinc,65,random,ChCo,MP,0.0,0.2227833333333333,0.10617499999999999,-0.02901666666666668,0.05107500000000001,-0.1666666666666668,0.25,1
llama31_instruct,h1_dinc,65,random,ChDl,OD1,1.0,0.20741666666666664,0.10252500000000002,-0.029566666666666686,0.029250000000000012,0.0,0.0,1
llama31_instruct,h1_dinc,65,random,ChHa,OD2,1.0,0.18846666666666667,0.10205000000000004,0.015916666666666673,0.014875000000000027,-0.41666666666666674,0.25,1
llama31_instruct,h1_dinc,65,random,ChHr,CO1,1.0,0.23396666666666663,0.130125,0.06245000000000001,0.040925,0.6666666666666667,0.5,1
llama31_instruct,h1_dinc,65,random,CmAs,OD1,3.0,0.06912499999999999,0.037625,-0.015674999999999925,0.013975000000000015,0.0,0.0,1
llama31_instruct,h1_dinc,65,random,CmCm,DD,1.0,0.08632499999999997,0.04630000000000001,0.0036583333333332787,0.013049999999999978,0.0,0.0,1
llama31_instruct,h1_dinc,65,random,CmDl,DD,1.0,0.07323333333333329,0.035874999999999976,0.0405,0.02152499999999999,0.0,0.0,1
llama31_instruct,h1_dinc,65,random,CmHa,DD,3.0,0.08650833333333334,0.04647500000000001,0.016375000000000035,0.01907500000000001,0.0,0.0,1
llama31_instruct,h1_dinc,65,random,CmNc,DD,2.0,0.08795000000000003,0.04372500000000002,0.027699999999999957,0.01697499999999999,0.0,0.0,1
llama31_instruct,h1_dinc,65,random,CoAs,CO2,1.0,0.20092499999999996,0.0952,0.11107500000000006,0.054900000000000004,0.5833333333333333,0.25,1
llama31_instruct,h1_dinc,65,random,CoCo,CO1,3.0,0.14690833333333334,0.08817500000000002,0.08320833333333337,0.044625000000000054,0.0,0.0,1
llama31_instruct,h1_dinc,65,random,CoSh,CO2,1.0,0.11564166666666663,0.06867499999999999,0.06762499999999994,0.03857499999999997,0.33333333333333337,0.25,1
llama31_instruct,h1_dinc,65,random,HaAs,OD2,2.0,0.16234999999999994,0.07970000000000001,0.05470000000000001,0.029949999999999977,0.0,0.0,1
llama31_instruct,h1_dinc,65,random,HaBa,OD2,2.0,0.15771666666666667,0.07930000000000001,0.12391666666666669,0.05890000000000002,0.8333333333333331,0.5,1
llama31_instruct,h1_dinc,65,random,HaCm,DD,2.0,0.16832499999999995,0.08582499999999998,0.09800833333333336,0.048424999999999996,0.4166666666666666,0.25,1
llama31_instruct,h1_dinc,65,random,HaDl,DD,2.0,0.14084999999999998,0.07189999999999999,0.1188166666666666,0.062099999999999975,0.6666666666666667,0.25,1
llama31_instruct,h1_dinc,65,random,HaHa,DD,2.0,0.09556666666666667,0.04667500000000001,0.0675666666666666,0.032275000000000026,0.0,0.0,1
llama31_instruct,h1_dinc,65,random,HaNc,DD,2.0,0.11045000000000003,0.05875000000000002,0.1055166666666667,0.062450000000000006,0.0,0.0,1
llama31_instruct,h1_dinc,65,random,HaPc,DD,2.0,0.11752499999999999,0.06405000000000001,0.08757500000000001,0.04365000000000002,0.0,0.0,1
llama31_instruct,h1_dinc,65,random,HrAs,MP,3.0,0.1705083333333333,0.09359999999999999,0.032324999999999895,0.022174999999999973,0.0,0.0,1
llama31_instruct,h1_dinc,65,random,HrBa,CO1,-1.0,0.2738416666666666,0.13692500000000002,0.10865833333333332,0.050875000000000004,0.0,0.0,1
llama31_instruct,h1_dinc,65,random,HrCh,CO1,-0.0,0.13976666666666662,0.06632499999999998,0.08999999999999998,0.042874999999999996,0.25,0.25,1
llama31_instruct,h1_dinc,65,random,HrHr,CO2,-1.0,0.14736666666666667,0.07285000000000001,0.0469833333333334,0.027150000000000035,0.0,0.0,1
llama31_instruct,h1_dinc,65,random,ShAs,CO1,0.0,0.13298333333333331,0.080075,0.05768333333333342,0.03454999999999999,0.0,0.0,0
llama31_instruct,h1_dinc,65,random,ShCo,CO2,0.5,0.09857500000000002,0.048625000000000015,0.070175,0.03352500000000001,0.0,0.0,0
llama31_instruct,h1_dinc,65,random,ShSh,CO1,0.0,0.18201666666666663,0.08787500000000001,0.08496666666666662,0.043125,0.0,0.0,0
llama31_instruct,h1_dinc,79,main,AsAs,CO1,0.0,2.6036750000000004,1.0,0.014675000000000004,0.04850000000000004,0.0,0.0,1
llama31_instruct,h1_dinc,79,main,AsBa,MP,2.0,2.6103166666666664,1.0,-0.008983333333333381,0.027600000000000013,0.0,0.0,1
llama31_instruct,h1_dinc,79,main,AsCh,MP,2.0,2.6025166666666673,1.0,-0.012183333333333261,0.039349999999999996,0.0,0.0,1
llama31_instruct,h1_dinc,79,main,AsCm,OD1,2.0,2.5780499999999997,0.99995,-0.03459999999999995,0.12359999999999999,2.8665835232995054e-16,0.0,1
llama31_instruct,h1_dinc,79,main,AsCo,CO2,2.0,2.60165,1.0,0.025849999999999953,0.07414999999999997,0.0,0.0,1
llama31_instruct,h1_dinc,79,main,AsDl,OD1,2.0,2.5892833333333334,0.9999750000000001,-0.02573333333333335,0.07390000000000005,0.0,0.0,1
llama31_instruct,h1_dinc,79,main,AsHa,OD2,2.0,2.6099583333333336,1.0,0.010341666666666626,0.027725,0.0,0.0,1
llama31_instruct,h1_dinc,79,main,AsHr,MP,2.0,2.6045249999999993,1.0,-0.01702499999999999,0.06982500000000003,2.8665835232995054e-16,0.0,1
llama31_instruct,h1_dinc,79,main,AsNc,OD2,1.0,2.5837666666666665,0.99995,0.029283333333333286,0.075825,0.0,0.0,1
llama31_instruct,h1_dinc,79,main,AsPc,OD2,2.0,2.6074083333333333,0.9999750000000001,0.014625000000000016,0.044375,0.0,0.0,1
llama31_instruct,h1_dinc,79,main,AsPd,OD1,2.0,2.5778583333333334,0.9999750000000001,-0.03410833333333325,0.103825,0.0,0.0,1
llama31_instruct,h1_dinc,79,main,AsSh,CO1,0.0,2.571375,0.99995,0.012424999999999959,0.03675000000000003,0.0,0.0,1
llama31_instruct,h1_dinc,79,main,BaAs,MP,0.0,2.6117249999999994,1.0,-0.005941666666666454,0.04389999999999997,2.8665835232995054e-16,0.0,1
llama31_instruct,h1_dinc,79,main,BaBa,CO2,0.0,2.61855,1.0,-0.005733333333333333,0.017550000000000038,0.0,0.0,1
llama31_instruct,h1_dinc,79,main,BaCh,CO2,0.0,2.607066666666666,1.0,-0.00855000000000003,0.02675000000000005,0.0,0.0,1
llama31_instruct,h1_dinc,79,main,BaCm,OD1,2.0,2.623741666666667,1.0,-0.002624999999999989,0.012300000000000033,0.0,0.0,1
llama31_instruct,h1_dinc,79,main,BaCo,MP,-2.0,2.61555,1.0,0.00493333333333339,0.039350000000000024,1.4332917616497527e-16,0.0,1
llama31_instruct,h1_dinc,79,main,BaDl,OD1,2.0,2.6168749999999994,1.0,-0.0034083333333333413,0.008425000000000016,0.0,0.0,1
llama31_instruct,h1_dinc,79,main,BaHa,OD2,1.0,2.609983333333333,1.0,-0.007466666666666735,0.04230000000000003,-1.4332917616497527e-16,0.0,1
llama31_instruct,h1_dinc,79,main,BaHr,CO1,2.0,2.622225,1.0,0.0006083333333333783,0.028575000000000017,2.8665835232995054e-16,0.0,1
llama31_instruct,h1_dinc,79,main,BaNc,OD2,1.0,2.610891666666667,0.9999750000000001,0.010091666666666563,0.036424999999999985,-1.4332917616497527e-16,0.0,1
llama31_instruct,h1_dinc,79,main,BaPc,OD2,2.0,2.6193249999999995,1.0,-0.001075000000000018,0.012550000000000006,-1.4332917616497527e-16,0.0,1
llama31_instruct,h1_dinc,79,main,BaPd,OD1,1.0,2.602383333333334,1.0,-0.0007166666666666622,0.002600000000000019,0.0,0.0,1
llama31_instruct,h1_dinc,79,main,BaSh,MP,0.0,2.607391666666666,1.0,-0.006191666666666713,0.03617500000000004,1.4332917616497527e-16,0.0,1
llama31_instruct,h1_dinc,79,main,ChAs,MP,0.0,2.6177833333333336,1.0,0.0034833333333334658,0.02922500000000003,2.8665835232995054e-16,0.0,1
llama31_instruct,h1_dinc,79,main,ChBa,CO2,0.0,2.6188833333333332,1.0,-0.005250000000000005,0.013250000000000012,0.0,0.0,1
llama31_instruct,h1_dinc,79,main,ChCh,CO2,-0.5,2.6180249999999994,1.0,-0.006375000000000014,0.014824999999999977,-1.4332917616497527e-16,0.0,1
llama31_instruct,h1_dinc,79,main,ChCm,OD1,1.0,2.62305,1.0,-0.0027166666666666103,0.007124999999999965,-1.4332917616497527e-16,0.0,1
llama31_instruct,h1_dinc,79,main,ChCo,MP,0.0,2.619491666666666,1.0,0.0010583333333333376,0.012775000000000036,0.0,0.0,1
llama31_instruct,h1_dinc,79,main,ChDl,OD1,1.0,2.6185,1.0,0.00046666666666662167,0.010525000000000034,1.4332917616497527e-16,0.0,1
llama31_instruct,h1_dinc,79,main,ChHa,OD2,1.0,2.6048416666666667,1.0,-0.010308333333333319,0.05862499999999998,-2.8665835232995054e-16,0.0,1
llama31_instruct,h1_dinc,79,main,ChHr,CO1,1.0,2.6217,1.0,8.333333333334833e-05,0.009750000000000036,1.4332917616497527e-16,0.0,1
llama31_instruct,h1_dinc,79,main,CmAs,OD1,3.0,2.522875,0.9999750000000001,-0.04679166666666695,0.221225,-0.08333333333333386,0.25,1
llama31_instruct,h1_dinc,79,main,CmCm,DD,1.0,2.5503999999999993,1.0,-0.03971666666666681,0.18407500000000002,-2.8665835232995054e-16,0.0,1
llama31_instruct,h1_dinc,79,main,CmDl,DD,1.0,2.5503749999999994,0.9999750000000001,0.012541666666666739,0.14575,-2.8665835232995054e-16,0.0,1
llama31_instruct,h1_dinc,79,main,CmHa,DD,3.0,2.5386583333333337,1.0,-0.05444166666666666,0.20272500000000002,-0.08333333333333386,0.25,1
llama31_instruct,h1_dinc,79,main,CmNc,DD,2.0,2.5568083333333327,1.0,-0.02735833333333325,0.16174999999999998,-2.8665835232995054e-16,0.0,1
llama31_instruct,h1_dinc,79,main,CoAs,CO2,1.0,2.5961666666666665,0.9999750000000001,0.018133333333333314,0.08834999999999998,-2.8665835232995054e-16,0.0,1
llama31_instruct,h1_dinc,79,main,CoCo,CO1,3.0,2.597383333333333,0.999975,0.00904999999999978,0.07230000000000003,-2.8665835232995054e-16,0.0,1
llama31_instruct,h1_dinc,79,main,CoSh,CO2,1.0,2.5727999999999995,0.9999499999999999,0.04476666666666651,0.137375,-1.4332917616497527e-16,0.0,1
llama31_instruct,h1_dinc,79,main,HaAs,OD2,2.0,2.574674999999999,0.9999750000000001,-0.0062916666666666884,0.10894999999999996,-2.8665835232995054e-16,0.0,1
llama31_instruct,h1_dinc,79,main,HaBa,OD2,2.0,2.5784333333333334,0.99995,0.04303333333333318,0.13055,-1.4332917616497527e-16,0.0,1
llama31_instruct,h1_dinc,79,main,HaCm,DD,2.0,2.5783250000000004,0.9999750000000001,0.044075,0.13912500000000003,-2.8665835232995054e-16,0.0,1
llama31_instruct,h1_dinc,79,main,HaDl,DD,2.0,2.5952500000000005,0.9999750000000001,0.023816666666666698,0.08715,-1.4332917616497527e-16,0.0,1
llama31_instruct,h1_dinc,79,main,HaHa,DD,2.0,2.561983333333333,0.99995,0.010149999999999864,0.12652500000000005,-2.8665835232995054e-16,0.0,1
llama31_instruct,h1_dinc,79,main,HaNc,DD,2.0,2.5257916666666667,0.999925,0.07552499999999984,0.23790000000000003,0.16666666666666657,0.5,1
llama31_instruct,h1_dinc,79,main,HaPc,DD,2.0,2.5396083333333337,0.999925,0.04192499999999964,0.1844,-2.8665835232995054e-16,0.0,1
llama31_instruct,h1_dinc,79,main,HrAs,MP,3.0,2.590358333333333,1.0,-0.020991666666666884,0.10344999999999999,-2.8665835232995054e-16,0.0,1
llama31_instruct,h1_dinc,79,main,HrBa,CO1,-1.0,2.6184749999999997,1.0,0.0031916666666665316,0.04049999999999995,-2.8665835232995054e-16,0.0,1
llama31_instruct,h1_dinc,79,main,HrCh,CO1,-0.0,2.601516666666667,0.9999750000000001,0.01834999999999989,0.07824999999999999,-2.8665835232995054e-16,0.0,1
llama31_instruct,h1_dinc,79,main,HrHr,CO2,-1.0,2.601016666666666,0.999975,0.0016333333333332833,0.06312500000000001,-2.8665835232995054e-16,0.0,1
llama31_instruct,h1_dinc,79,main,ShAs,CO1,0.0,2.585191666666667,0.9999750000000001,0.02100833333333333,0.055975,0.0,0.0,1
llama31_instruct,h1_dinc,79,main,ShCo,CO2,0.5,2.578983333333333,0.9999500000000001,0.042366666666666684,0.11405000000000001,0.0,0.0,1
llama31_instruct,h1_dinc,79,main,ShSh,CO1,0.0,2.582191666666666,0.999975,0.027508333333333353,0.0774,0.0,0.0,1
llama31_instruct,h1_dinc,79,main_perp,AsAs,CO1,0.0,0.054708333333333345,0.030599999999999995,-0.014158333333333382,0.015500000000000014,0.0,0.0,0
llama31_instruct,h1_dinc,79,main_perp,AsBa,MP,2.0,0.014699999999999974,0.014024999999999996,0.025400000000000054,0.013775000000000037,0.0,0.0,0
llama31_instruct,h1_dinc,79,main_perp,AsCh,MP,2.0,0.04210000000000001,0.03935,0.0029000000000001577,0.009025000000000005,0.0,0.0,0
llama31_instruct,h1_dinc,79,main_perp,AsCm,OD1,2.0,0.020775000000000002,0.018875000000000017,0.03949166666666676,0.04492500000000002,0.0,0.0,1
llama31_instruct,h1_dinc,79,main_perp,AsCo,CO2,2.0,0.039808333333333334,0.033800000000000004,-0.016008333333333322,0.018549999999999997,0.0,0.0,0
llama31_instruct,h1_dinc,79,main_perp,AsDl,OD1,2.0,0.04219166666666666,0.043575,0.02024166666666676,0.029024999999999995,0.0,0.0,0
llama31_instruct,h1_dinc,79,main_perp,AsHa,OD2,2.0,0.04704166666666664,0.0495,-0.027775000000000064,0.013825000000000032,0.0,0.0,0
llama31_instruct,h1_dinc,79,main_perp,AsHr,MP,2.0,0.022475000000000044,0.02440000000000004,0.021558333333333336,0.034074999999999994,0.0,0.0,1
llama31_instruct,h1_dinc,79,main_perp,AsNc,OD2,1.0,0.03217500000000001,0.027424999999999998,-0.014241666666666646,0.024900000000000005,0.0,0.0,0
llama31_instruct,h1_dinc,79,main_perp,AsPc,OD2,2.0,0.01655833333333332,0.02065,0.006124999999999969,0.0072499999999999926,0.0,0.0,0
llama31_instruct,h1_dinc,79,main_perp,AsPd,OD1,2.0,0.017483333333333337,0.02700000000000001,0.028633333333333424,0.016050000000000036,0.0,0.0,0
llama31_instruct,h1_dinc,79,main_perp,AsSh,CO1,0.0,0.064475,0.04705,0.0008249999999999959,0.012400000000000001,0.0,0.0,0
llama31_instruct,h1_dinc,79,main_perp,BaAs,MP,0.0,-0.0024416666666667135,0.021199999999999997,0.035008333333333364,0.03392500000000001,0.0,0.0,1
llama31_instruct,h1_dinc,79,main_perp,BaBa,CO2,0.0,0.03394999999999997,0.02252499999999999,-0.0009166666666665977,0.015400000000000011,0.0,0.0,0
llama31_instruct,h1_dinc,79,main_perp,BaCh,CO2,0.0,0.044791666666666625,0.031449999999999985,0.03557499999999997,0.026499999999999975,0.0,0.0,0
llama31_instruct,h1_dinc,79,main_perp,BaCm,OD1,2.0,0.01729999999999998,0.015374999999999972,-0.0004999999999999893,0.007525000000000004,0.0,0.0,1
llama31_instruct,h1_dinc,79,main_perp,BaCo,MP,-2.0,-0.015716666666666643,0.027350000000000013,0.021266666666666607,0.025349999999999984,0.0,0.0,1
llama31_instruct,h1_dinc,79,main_perp,BaDl,OD1,2.0,0.02007499999999999,0.01469999999999999,-0.005241666666666696,0.014775000000000024,0.24999999999999986,0.25,1
llama31_instruct,h1_dinc,79,main_perp,BaHa,OD2,1.0,0.00037499999999995106,0.014825000000000019,-0.013891666666666627,0.012724999999999986,0.0,0.0,1
llama31_instruct,h1_dinc,79,main_perp,BaHr,CO1,2.0,-0.004783333333333361,0.017524999999999985,0.046216666666666704,0.040900000000000006,0.0,0.0,1
llama31_instruct,h1_dinc,79,main_perp,BaNc,OD2,1.0,0.010616666666666646,0.01467499999999998,-0.02723333333333334,0.02722499999999997,0.0,0.0,1
llama31_instruct,h1_dinc,79,main_perp,BaPc,OD2,2.0,-0.036958333333333336,0.028475,0.0009083333333333862,0.007749999999999951,0.0,0.0,1
llama31_instruct,h1_dinc,79,main_perp,BaPd,OD1,1.0,0.06671666666666665,0.046124999999999985,0.00546666666666661,0.007024999999999962,0.0,0.0,0
llama31_instruct,h1_dinc,79,main_perp,BaSh,MP,0.0,0.022349999999999978,0.012900000000000002,0.01734999999999995,0.02114999999999996,0.0,0.0,1
llama31_instruct,h1_dinc,79,main_perp,ChAs,MP,0.0,0.011591666666666636,0.01592500000000001,-0.0029249999999999767,0.022949999999999998,0.0,0.0,1
llama31_instruct,h1_dinc,79,main_perp,ChBa,CO2,0.0,-0.0027000000000000396,0.014950000000000005,0.006916666666666631,0.01497499999999996,0.5833333333333334,0.25,1
llama31_instruct,h1_dinc,79,main_perp,ChCh,CO2,-0.5,-0.010949999999999968,0.015075000000000005,0.007833333333333269,0.008224999999999982,0.5833333333333333,0.25,1
llama31_instruct,h1_dinc,79,main_perp,ChCm,OD1,1.0,-0.002966666666666671,0.014175000000000007,0.0016999999999999244,0.022675,0.0,0.0,1
llama31_instruct,h1_dinc,79,main_perp,ChCo,MP,0.0,0.016341666666666612,0.008024999999999963,0.010174999999999951,0.014550000000000021,0.0,0.0,1
llama31_instruct,h1_dinc,79,main_perp,ChDl,OD1,1.0,-0.01669166666666669,0.021874999999999978,-0.004858333333333306,0.01525,0.0,0.0,1
llama31_instruct,h1_dinc,79,main_perp,ChHa,OD2,1.0,-0.040433333333333404,0.024025000000000005,-0.027033333333333374,0.027650000000000008,0.5,0.25,1
llama31_instruct,h1_dinc,79,main_perp,ChHr,CO1,1.0,-0.029025000000000065,0.022125000000000006,-0.007158333333333336,0.01050000000000001,0.08333333333333334,0.25,1
llama31_instruct,h1_dinc,79,main_perp,CmAs,OD1,3.0,-0.026199999999999966,0.01492499999999998,-0.06213333333333335,0.05049999999999999,0.0,0.0,1
llama31_instruct,h1_dinc,79,main_perp,CmCm,DD,1.0,-0.008525000000000034,0.006325000000000011,-0.07595833333333343,0.05392500000000003,0.0,0.0,1
llama31_instruct,h1_dinc,79,main_perp,CmDl,DD,1.0,-0.004774999999999997,0.006325000000000004,-0.057675000000000004,0.04972499999999999,0.0,0.0,1
llama31_instruct,h1_dinc,79,main_perp,CmHa,DD,3.0,0.00975,0.01382499999999999,-0.06461666666666668,0.04879999999999998,0.0,0.0,1
llama31_instruct,h1_dinc,79,main_perp,CmNc,DD,2.0,-0.008899999999999996,0.011250000000000003,-0.07753333333333334,0.053224999999999995,0.0,0.0,1
llama31_instruct,h1_dinc,79,main_perp,CoAs,CO2,1.0,0.00478333333333334,0.006400000000000003,-0.05671666666666666,0.046249999999999986,0.0,0.0,1
llama31_instruct,h1_dinc,79,main_perp,CoCo,CO1,3.0,0.012725000000000016,0.01619999999999998,-0.050025000000000035,0.05417500000000003,0.0,0.0,1
llama31_instruct,h1_dinc,79,main_perp,CoSh,CO2,1.0,0.03506666666666664,0.020149999999999994,-0.04093333333333338,0.035475000000000007,0.0,0.0,1
llama31_instruct,h1_dinc,79,main_perp,HaAs,OD2,2.0,-0.015566666666666675,0.011274999999999986,-0.06791666666666675,0.060624999999999984,0.0,0.0,1
llama31_instruct,h1_dinc,79,main_perp,HaBa,OD2,2.0,0.019349999999999992,0.0219,-0.023033333333333343,0.022775000000000004,0.0,0.0,1
llama31_instruct,h1_dinc,79,main_perp,HaCm,DD,2.0,0.021149999999999988,0.023124999999999993,-0.02464999999999999,0.02695,0.0,0.0,1
llama31_instruct,h1_dinc,79,main_perp,HaDl,DD,2.0,0.026791666666666634,0.01734999999999999,-0.030991666666666712,0.03550000000000002,0.0,0.0,1
llama31_instruct,h1_dinc,79,main_perp,HaHa,DD,2.0,-0.015691666666666645,0.014549999999999973,-0.08102500000000004,0.05322500000000002,0.0,0.0,1
llama31_instruct,h1_dinc,79,main_perp,HaNc,DD,2.0,0.007891666666666707,0.007475000000000006,-0.046524999999999955,0.04324999999999998,0.0,0.0,1
llama31_instruct,h1_dinc,79,main_perp,HaPc,DD,2.0,-0.013141666666666673,0.009824999999999997,-0.08125833333333332,0.05462500000000001,0.0,0.0,1
llama31_instruct,h1_dinc,79,main_perp,HrAs,MP,3.0,-0.03364166666666666,0.026800000000000004,-0.03634166666666668,0.03875000000000001,0.0,0.0,1
llama31_instruct,h1_dinc,79,main_perp,HrBa,CO1,-1.0,0.0013583333333332794,0.010724999999999957,-0.03947499999999999,0.035025,0.0,0.0,1
llama31_instruct,h1_dinc,79,main_perp,HrCh,CO1,-0.0,0.013300000000000017,0.01817500000000001,-0.0427,0.04042499999999999,-0.41666666666666663,0.25,1
llama31_instruct,h1_dinc,79,main_perp,HrHr,CO2,-1.0,-0.010275000000000013,0.02324999999999998,-0.05360833333333337,0.049125,0.0,0.0,1
llama31_instruct,h1_dinc,79,main_perp,ShAs,CO1,0.0,0.05930000000000001,0.043,-0.020866666666666672,0.01809999999999999,0.0,0.0,0
llama31_instruct,h1_dinc,79,main_perp,ShCo,CO2,0.5,0.04770833333333334,0.042124999999999996,-0.008208333333333304,0.012625000000000025,0.0,0.0,0
llama31_instruct,h1_dinc,79,main_perp,ShSh,CO1,0.0,0.04404999999999998,0.03370000000000001,-0.016200000000000013,0.017299999999999996,0.0,0.0,0
llama31_instruct,h1_dinc,79,random,AsAs,CO1,0.0,-0.8479499999999996,0.40802499999999997,-0.08386666666666659,0.05524999999999998,-1.0,0.5,1
llama31_instruct,h1_dinc,79,random,AsBa,MP,2.0,-0.8799749999999998,0.425225,0.025925000000000045,0.022999999999999993,0.16666666666666669,0.25,1
llama31_instruct,h1_dinc,79,random,AsCh,MP,2.0,-0.8232416666666666,0.400425,0.08987499999999994,0.050624999999999976,0.5833333333333333,0.25,1
llama31_instruct,h1_dinc,79,random,AsCm,OD1,2.0,-0.7254666666666665,0.355475,0.15863333333333338,0.10215000000000002,1.1666666666666667,0.5,1
llama31_instruct,h1_dinc,79,random,AsCo,CO2,2.0,-0.8365666666666665,0.40425,-0.15094999999999997,0.08094999999999998,-1.2499999999999998,0.5,1
llama31_instruct,h1_dinc,79,random,AsDl,OD1,2.0,-0.7773833333333333,0.38487499999999997,0.1567333333333333,0.07352500000000001,1.0,0.5,1
llama31_instruct,h1_dinc,79,random,AsHa,OD2,2.0,-0.8715583333333328,0.42279999999999995,-0.04567499999999999,0.027424999999999977,-0.16666666666666669,0.25,1
llama31_instruct,h1_dinc,79,random,AsHr,MP,2.0,-0.8389583333333331,0.4052,0.10524166666666661,0.08432499999999998,1.1666666666666667,0.5,1
llama31_instruct,h1_dinc,79,random,AsNc,OD2,1.0,-0.7491666666666666,0.36562500000000003,-0.13741666666666671,0.06367500000000004,-0.8333333333333331,0.5,1
llama31_instruct,h1_dinc,79,random,AsPc,OD2,2.0,-0.9015666666666665,0.429925,-0.0915166666666667,0.0505,-0.9166666666666669,0.5,1
llama31_instruct,h1_dinc,79,random,AsPd,OD1,2.0,-0.7151583333333333,0.34982500000000005,0.18204166666666668,0.09022499999999997,1.2499999999999998,0.5,1
llama31_instruct,h1_dinc,79,random,AsSh,CO1,0.0,-0.6856666666666669,0.340125,-0.07048333333333333,0.03702499999999998,-0.4166666666666666,0.25,1
llama31_instruct,h1_dinc,79,random,BaAs,MP,0.0,-0.8859916666666666,0.430075,-0.012875000000000043,0.04035000000000001,-0.08333333333333286,0.5,1
llama31_instruct,h1_dinc,79,random,BaBa,CO2,0.0,-0.9299166666666665,0.447975,0.03791666666666673,0.031200000000000033,0.25,0.25,1
llama31_instruct,h1_dinc,79,random,BaCh,CO2,0.0,-0.8708250000000001,0.423925,0.04765833333333331,0.026250000000000016,0.6666666666666665,0.25,1
llama31_instruct,h1_dinc,79,random,BaCm,OD1,2.0,-0.9896749999999997,0.478,0.0183583333333334,0.01782500000000002,0.16666666666666669,0.25,1
llama31_instruct,h1_dinc,79,random,BaCo,MP,-2.0,-0.8980833333333335,0.44039999999999996,-0.037133333333333296,0.0533,-0.25,0.5,1
llama31_instruct,h1_dinc,79,random,BaDl,OD1,2.0,-0.9136,0.444875,-0.004833333333333343,0.009399999999999992,0.08333333333333334,0.25,1
llama31_instruct,h1_dinc,79,random,BaHa,OD2,1.0,-0.884008333333333,0.43252499999999994,0.05670833333333333,0.04895000000000002,0.4166666666666666,0.25,1
llama31_instruct,h1_dinc,79,random,BaHr,CO1,2.0,-0.90835,0.441075,-0.030249999999999982,0.037675000000000014,-0.08333333333333286,0.5,1
llama31_instruct,h1_dinc,79,random,BaNc,OD2,1.0,-0.9001666666666666,0.43337499999999995,-0.05095000000000006,0.0534,-0.1666666666666668,0.5,1
llama31_instruct,h1_dinc,79,random,BaPc,OD2,2.0,-0.9146666666666664,0.442275,0.011833333333333296,0.022050000000000042,-0.0833333333333335,0.25,1
llama31_instruct,h1_dinc,79,random,BaPd,OD1,1.0,-0.8141499999999998,0.398425,0.018716666666666704,0.018300000000000018,0.0,0.0,1
llama31_instruct,h1_dinc,79,random,BaSh,MP,0.0,-0.888375,0.43132499999999996,0.011775000000000004,0.03422500000000001,-0.16666666666666657,0.25,1
llama31_instruct,h1_dinc,79,random,ChAs,MP,0.0,-0.9221,0.443025,-0.03445000000000002,0.04010000000000004,-0.1666666666666663,0.25,1
llama31_instruct,h1_dinc,79,random,ChBa,CO2,0.0,-0.9441416666666667,0.459625,0.04702500000000002,0.030200000000000005,0.41666666666666674,0.5,1
llama31_instruct,h1_dinc,79,random,ChCh,CO2,-0.5,-0.9115499999999997,0.43542499999999995,0.028700000000000024,0.016875000000000015,0.16666666666666657,0.25,1
llama31_instruct,h1_dinc,79,random,ChCm,OD1,1.0,-0.9519249999999999,0.4655,-0.010108333333333346,0.00520000000000001,-1.4332917616497527e-16,0.0,1
llama31_instruct,h1_dinc,79,random,ChCo,MP,0.0,-0.9524166666666665,0.456275,0.004233333333333433,0.019224999999999992,0.0,0.25,1
llama31_instruct,h1_dinc,79,random,ChDl,OD1,1.0,-0.9211749999999999,0.449275,-0.009775000000000002,0.023875000000000007,-0.25,0.25,1
llama31_instruct,h1_dinc,79,random,ChHa,OD2,1.0,-0.8817583333333332,0.42965,0.10035833333333327,0.07779999999999998,0.8333333333333328,0.5,1
llama31_instruct,h1_dinc,79,random,ChHr,CO1,1.0,-0.9611583333333332,0.4648,-0.018975000000000013,0.017325000000000007,-0.25,0.25,1
llama31_instruct,h1_dinc,79,random,CmAs,OD1,3.0,-0.5328499999999999,0.272175,0.14431666666666668,0.11345000000000005,0.0,0.0,1
llama31_instruct,h1_dinc,79,random,CmCm,DD,1.0,-0.6131083333333333,0.306825,0.14605833333333332,0.11407499999999998,0.4166666666666666,0.25,1
llama31_instruct,h1_dinc,79,random,CmDl,DD,1.0,-0.5916999999999999,0.29345,-0.03120000000000003,0.07492499999999996,0.0,0.0,1
llama31_instruct,h1_dinc,79,random,CmHa,DD,3.0,-0.6189666666666664,0.307675,0.18229999999999993,0.12139999999999998,0.4166666666666666,0.25,1
llama31_instruct,h1_dinc,79,random,CmNc,DD,2.0,-0.6223416666666666,0.311525,0.11594166666666669,0.11385000000000003,0.0,0.0,1
llama31_instruct,h1_dinc,79,random,CoAs,CO2,1.0,-0.8158333333333332,0.3978,-0.11576666666666666,0.09225,-0.9999999999999999,0.5,1
llama31_instruct,h1_dinc,79,random,CoCo,CO1,3.0,-0.8062916666666665,0.39480000000000004,-0.07575833333333334,0.08089999999999997,-0.8333333333333333,0.5,1
llama31_instruct,h1_dinc,79,random,CoSh,CO2,1.0,-0.7227083333333333,0.35285,-0.20760833333333345,0.10655,-1.3333333333333335,0.5,1
llama31_instruct,h1_dinc,79,random,HaAs,OD2,2.0,-0.6943916666666666,0.3408,0.034891666666666564,0.08362499999999998,0.4166666666666666,0.25,1
llama31_instruct,h1_dinc,79,random,HaBa,OD2,2.0,-0.75595,0.372175,-0.19486666666666666,0.10424999999999995,-1.3333333333333335,0.5,1
llama31_instruct,h1_dinc,79,random,HaCm,DD,2.0,-0.7501749999999999,0.36185,-0.22052500000000003,0.12357499999999999,-1.25,0.5,1
llama31_instruct,h1_dinc,79,random,HaDl,DD,2.0,-0.8089416666666668,0.398025,-0.14434166666666673,0.09225,-1.083333333333333,0.5,1
llama31_instruct,h1_dinc,79,random,HaHa,DD,2.0,-0.6253,0.312075,-0.04146666666666673,0.08410000000000004,0.0,0.0,1
llama31_instruct,h1_dinc,79,random,HaNc,DD,2.0,-0.5655249999999999,0.282675,-0.24300833333333327,0.13297499999999998,-0.5833333333333334,0.25,1
llama31_instruct,h1_dinc,79,random,HaPc,DD,2.0,-0.5831999999999999,0.29215,-0.14760000000000004,0.107325,-0.41666666666666663,0.25,1
llama31_instruct,h1_dinc,79,random,HrAs,MP,3.0,-0.7700499999999999,0.3788,0.0993500000000001,0.09062500000000007,0.5833333333333331,0.5,1
llama31_instruct,h1_dinc,79,random,HrBa,CO1,-1.0,-0.9058333333333335,0.43895,-0.013616666666666668,0.05009999999999998,0.16666666666666657,0.5,1
llama31_instruct,h1_dinc,79,random,HrCh,CO1,-0.0,-0.7998083333333332,0.391775,-0.09520833333333337,0.08389999999999995,-1.0833333333333333,0.5,1
llama31_instruct,h1_dinc,79,random,HrHr,CO2,-1.0,-0.7764583333333333,0.379575,0.0037749999999999702,0.06024999999999997,0.0,0.25,1
llama31_instruct,h1_dinc,79,random,ShAs,CO1,0.0,-0.7596499999999998,0.37534999999999996,-0.09814999999999997,0.04949999999999999,-0.8333333333333331,0.5,1
llama31_instruct,h1_dinc,79,random,ShCo,CO2,0.5,-0.7353416666666667,0.36012500000000003,-0.21874166666666672,0.10252500000000003,-1.0,0.5,1
llama31_instruct,h1_dinc,79,random,ShSh,CO1,0.0,-0.7847416666666668,0.388475,-0.13777500000000004,0.06492500000000004,-0.8333333333333331,0.5,1
llama31_instruct,h2_choice,65,main,AsAs,CO1,0.0,-0.10114999999999999,0.04865,-0.06935000000000001,0.044700000000000004,0.0,0.0,0
llama31_instruct,h2_choice,65,main,AsBa,MP,2.0,0.0007000000000000317,0.02865000000000001,0.0008833333333333281,0.01577500000000001,0.0,0.0,0
llama31_instruct,h2_choice,65,main,AsCh,MP,2.0,-0.08219166666666669,0.050525,0.017375000000000015,0.022899999999999976,0.0,0.0,0
llama31_instruct,h2_choice,65,main,AsCm,OD1,2.0,-0.07095000000000001,0.03745000000000001,0.10883333333333332,0.05210000000000001,0.0,0.0,1
llama31_instruct,h2_choice,65,main,AsCo,CO2,2.0,-0.06764999999999996,0.03199999999999999,-0.06126666666666669,0.03217499999999998,-0.4166666666666666,0.25,1
llama31_instruct,h2_choice,65,main,AsDl,OD1,2.0,-0.07354166666666664,0.037825000000000004,0.071925,0.03747500000000001,0.0,0.0,0
llama31_instruct,h2_choice,65,main,AsHa,OD2,2.0,0.0026750000000000033,0.01407499999999999,-0.04257499999999998,0.02767499999999999,0.0,0.0,0
llama31_instruct,h2_choice,65,main,AsHr,MP,2.0,-0.05947500000000002,0.04792500000000001,0.09849166666666671,0.051250000000000046,0.0,0.0,1
llama31_instruct,h2_choice,65,main,AsNc,OD2,1.0,-0.08370000000000002,0.05020000000000001,-0.05268333333333329,0.03409999999999998,0.0,0.0,0
llama31_instruct,h2_choice,65,main,AsPc,OD2,2.0,-0.06011666666666665,0.03797500000000001,-0.05416666666666667,0.030399999999999996,0.0,0.0,0
llama31_instruct,h2_choice,65,main,AsPd,OD1,2.0,-0.07470833333333332,0.038925,0.09440833333333337,0.05357500000000001,0.4166666666666666,0.25,1
llama31_instruct,h2_choice,65,main,AsSh,CO1,0.0,0.028316666666666646,0.014699999999999984,-0.015549999999999928,0.01829999999999997,0.0,0.0,0
llama31_instruct,h2_choice,65,main,BaAs,MP,0.0,-0.098575,0.05202499999999999,0.1017083333333333,0.059524999999999995,0.0,0.0,1
llama31_instruct,h2_choice,65,main,BaBa,CO2,0.0,-0.046258333333333325,0.04397499999999999,0.09835833333333327,0.05202499999999999,0.5,0.25,1
llama31_instruct,h2_choice,65,main,BaCh,CO2,0.0,-0.09863333333333331,0.05772499999999999,0.04419999999999999,0.03380000000000002,0.4166666666666666,0.25,1
llama31_instruct,h2_choice,65,main,BaCm,OD1,2.0,-0.12217499999999994,0.05937499999999997,-0.014075000000000039,0.030174999999999993,-0.0833333333333335,0.25,1
llama31_instruct,h2_choice,65,main,BaCo,MP,-2.0,-0.1364583333333333,0.06609999999999999,0.05834166666666667,0.03670000000000001,-0.33333333333333337,0.25,1
llama31_instruct,h2_choice,65,main,BaDl,OD1,2.0,-0.056799999999999955,0.03797499999999998,0.06524999999999996,0.043974999999999986,0.4166666666666666,0.25,1
llama31_instruct,h2_choice,65,main,BaHa,OD2,1.0,-0.05982500000000006,0.03627500000000004,-0.06587499999999998,0.039799999999999974,0.0,0.0,1
llama31_instruct,h2_choice,65,main,BaHr,CO1,2.0,-0.25234999999999985,0.11844999999999999,0.11174999999999995,0.05995,-0.6666666666666665,0.25,1
llama31_instruct,h2_choice,65,main,BaNc,OD2,1.0,-0.08778333333333334,0.051100000000000007,-0.06163333333333337,0.03595000000000001,0.0,0.0,1
llama31_instruct,h2_choice,65,main,BaPc,OD2,2.0,-0.17904999999999993,0.09919999999999998,-0.03716666666666666,0.02504999999999999,0.0,0.25,1
llama31_instruct,h2_choice,65,main,BaPd,OD1,1.0,0.01805000000000001,0.031599999999999975,0.06189999999999999,0.03939999999999999,0.0,0.0,0
llama31_instruct,h2_choice,65,main,BaSh,MP,0.0,-0.11133333333333331,0.06344999999999999,0.05463333333333333,0.03325,0.0,0.0,1
llama31_instruct,h2_choice,65,main,ChAs,MP,0.0,-0.12024166666666662,0.069225,0.10047499999999995,0.054325,0.41666666666666663,0.25,1
llama31_instruct,h2_choice,65,main,ChBa,CO2,0.0,-0.12539999999999993,0.06547500000000002,-0.02684999999999999,0.03557500000000001,0.0,0.0,1
llama31_instruct,h2_choice,65,main,ChCh,CO2,-0.5,-0.0716083333333333,0.045274999999999996,-0.04764166666666665,0.03864999999999999,-0.25000000000000006,0.5,1
llama31_instruct,h2_choice,65,main,ChCm,OD1,1.0,-0.2054333333333333,0.098525,0.02081666666666666,0.03605,0.4166666666666666,0.25,1
llama31_instruct,h2_choice,65,main,ChCo,MP,0.0,-0.14274166666666663,0.08619999999999998,0.005641666666666654,0.026050000000000018,0.0,0.25,1
llama31_instruct,h2_choice,65,main,ChDl,OD1,1.0,-0.19460000000000005,0.08712500000000001,0.026016666666666632,0.042675000000000005,0.0,0.0,1
llama31_instruct,h2_choice,65,main,ChHa,OD2,1.0,-0.07723333333333327,0.038974999999999996,-0.10684999999999995,0.05552499999999999,0.08333333333333329,0.25,1
llama31_instruct,h2_choice,65,main,ChHr,CO1,1.0,-0.16375833333333326,0.07114999999999999,0.03414166666666668,0.04394999999999999,-0.6666666666666667,0.75,1
llama31_instruct,h2_choice,65,main,CmAs,OD1,3.0,-0.02140833333333334,0.016024999999999998,-0.044341666666666675,0.025450000000000028,0.0,0.0,1
llama31_instruct,h2_choice,65,main,CmCm,DD,1.0,-0.03593333333333334,0.023549999999999995,-0.06159999999999995,0.032149999999999984,0.0,0.0,1
llama31_instruct,h2_choice,65,main,CmDl,DD,1.0,-0.044233333333333305,0.01989999999999998,-0.036366666666666644,0.024674999999999975,0.0,0.0,1
llama31_instruct,h2_choice,65,main,CmHa,DD,3.0,-0.047591666666666685,0.042349999999999985,-0.04172500000000001,0.03685000000000002,0.0,0.0,1
llama31_instruct,h2_choice,65,main,CmNc,DD,2.0,-0.005508333333333303,0.018049999999999997,-0.08342499999999994,0.03967499999999996,0.0,0.0,1
llama31_instruct,h2_choice,65,main,CoAs,CO2,1.0,-0.11342500000000003,0.06172500000000002,-0.060091666666666675,0.04022500000000001,0.0,0.0,1
llama31_instruct,h2_choice,65,main,CoCo,CO1,3.0,-0.04495833333333331,0.025674999999999996,-0.013291666666666636,0.025524999999999992,0.0,0.0,1
llama31_instruct,h2_choice,65,main,CoSh,CO2,1.0,-0.020716666666666612,0.012874999999999977,-0.08314999999999996,0.049024999999999985,-1.0,0.5,1
llama31_instruct,h2_choice,65,main,HaAs,OD2,2.0,-0.03262500000000004,0.022275000000000024,-0.07067500000000011,0.03582500000000005,0.0,0.0,1
llama31_instruct,h2_choice,65,main,HaBa,OD2,2.0,-0.05637500000000004,0.046325000000000026,-0.08987500000000002,0.049325000000000035,-0.4166666666666666,0.25,1
llama31_instruct,h2_choice,65,main,HaCm,DD,2.0,-0.08287499999999999,0.047375000000000014,-0.05152500000000002,0.03320000000000001,0.0,0.0,1
llama31_instruct,h2_choice,65,main,HaDl,DD,2.0,-0.08297500000000001,0.06052499999999998,-0.10754166666666665,0.058524999999999994,-0.4166666666666666,0.25,1
llama31_instruct,h2_choice,65,main,HaHa,DD,2.0,-0.04347500000000003,0.023125,-0.0846083333333334,0.04602500000000004,0.0,0.0,1
llama31_instruct,h2_choice,65,main,HaNc,DD,2.0,-0.025466666666666634,0.01847499999999999,-0.023616666666666605,0.013274999999999981,0.0,0.0,1
llama31_instruct,h2_choice,65,main,HaPc,DD,2.0,-0.05242499999999999,0.024625,-0.04640833333333332,0.03219999999999998,0.0,0.0,1
llama31_instruct,h2_choice,65,main,HrAs,MP,3.0,-0.19911666666666666,0.09730000000000003,-0.028916666666666632,0.016399999999999998,0.0,0.0,1
llama31_instruct,h2_choice,65,main,HrBa,CO1,-1.0,-0.20949999999999994,0.109175,-0.03411666666666668,0.03395000000000001,0.4166666666666666,0.25,1
llama31_instruct,h2_choice,65,main,HrCh,CO1,-0.0,-0.11657499999999997,0.05584999999999998,-0.11944166666666657,0.05810000000000001,-0.6666666666666667,0.25,1
llama31_instruct,h2_choice,65,main,HrHr,CO2,-1.0,-0.09015000000000004,0.043200000000000016,-0.01708333333333341,0.01737500000000003,0.0,0.0,1
llama31_instruct,h2_choice,65,main,ShAs,CO1,0.0,0.0008666666666666829,0.020899999999999995,-0.03408333333333334,0.02305,0.0,0.0,0
llama31_instruct,h2_choice,65,main,ShCo,CO2,0.5,-0.02147499999999999,0.02325,-0.06512499999999995,0.033299999999999996,0.0,0.0,0
llama31_instruct,h2_choice,65,main,ShSh,CO1,0.0,-0.08479166666666667,0.04325,-0.06977500000000006,0.044725000000000015,0.0,0.0,0
llama31_instruct,h2_choice,65,main_perp,AsAs,CO1,0.0,-0.11505000000000001,0.054525,-0.04133333333333325,0.037325,-0.4166666666666666,0.25,1
llama31_instruct,h2_choice,65,main_perp,AsBa,MP,2.0,-0.08691666666666667,0.055825,0.04540000000000003,0.030925000000000008,0.0,0.0,0
llama31_instruct,h2_choice,65,main_perp,AsCh,MP,2.0,-0.1305083333333333,0.07165000000000002,0.02647499999999996,0.03140000000000001,0.0,0.0,0
llama31_instruct,h2_choice,65,main_perp,AsCm,OD1,2.0,-0.08873333333333337,0.044600000000000015,0.15380000000000005,0.07072500000000004,0.0,0.0,1
llama31_instruct,h2_choice,65,main_perp,AsCo,CO2,2.0,-0.05930833333333329,0.042024999999999986,-0.10204166666666659,0.05102499999999996,-0.4166666666666666,0.25,1
llama31_instruct,h2_choice,65,main_perp,AsDl,OD1,2.0,-0.07014166666666667,0.033025000000000006,0.0856916666666667,0.045649999999999996,0.0,0.0,0
llama31_instruct,h2_choice,65,main_perp,AsHa,OD2,2.0,-0.08389166666666667,0.050400000000000014,-0.020058333333333372,0.015100000000000002,0.0,0.0,0
llama31_instruct,h2_choice,65,main_perp,AsHr,MP,2.0,-0.1297333333333333,0.075025,0.11103333333333334,0.05755000000000002,0.0,0.0,1
llama31_instruct,h2_choice,65,main_perp,AsNc,OD2,1.0,-0.07006666666666665,0.03742500000000001,-0.04359999999999995,0.02687500000000001,0.0,0.0,0
llama31_instruct,h2_choice,65,main_perp,AsPc,OD2,2.0,-0.12760833333333327,0.057824999999999994,-0.0413916666666667,0.018625000000000017,-0.4166666666666666,0.25,1
llama31_instruct,h2_choice,65,main_perp,AsPd,OD1,2.0,-0.10527499999999998,0.049575,0.11230833333333337,0.05677500000000002,0.4166666666666666,0.25,1
llama31_instruct,h2_choice,65,main_perp,AsSh,CO1,0.0,-0.03568333333333332,0.024574999999999993,-0.016483333333333332,0.015875000000000028,0.0,0.0,0
llama31_instruct,h2_choice,65,main_perp,BaAs,MP,0.0,-0.1839666666666666,0.08682500000000001,0.13016666666666662,0.06547499999999998,0.41666666666666663,0.25,1
llama31_instruct,h2_choice,65,main_perp,BaBa,CO2,0.0,-0.09973333333333331,0.0471,0.09013333333333327,0.059174999999999964,0.6666666666666665,0.25,1
llama31_instruct,h2_choice,65,main_perp,BaCh,CO2,0.0,-0.10664999999999995,0.056224999999999976,0.12231666666666667,0.06402500000000003,0.4166666666666666,0.25,1
llama31_instruct,h2_choice,65,main_perp,BaCm,OD1,2.0,-0.1863833333333333,0.08937499999999998,-0.010083333333333312,0.022775000000000004,0.33333333333333315,0.5,1
llama31_instruct,h2_choice,65,main_perp,BaCo,MP,-2.0,-0.2342666666666667,0.11030000000000001,0.04161666666666671,0.028875000000000026,-0.49999999999999994,0.25,1
llama31_instruct,h2_choice,65,main_perp,BaDl,OD1,2.0,-0.11462499999999996,0.06072499999999999,0.10242499999999993,0.05237499999999998,0.6666666666666665,0.25,1
llama31_instruct,h2_choice,65,main_perp,BaHa,OD2,1.0,-0.14416666666666672,0.07932500000000003,-0.04540000000000003,0.022375000000000006,0.0,0.0,1
llama31_instruct,h2_choice,65,main_perp,BaHr,CO1,2.0,-0.20374166666666663,0.11005000000000001,0.05360833333333339,0.03507500000000002,-0.24999999999999986,0.25,1
llama31_instruct,h2_choice,65,main_perp,BaNc,OD2,1.0,-0.20997500000000002,0.110575,-0.08364166666666663,0.05202499999999999,0.0,0.0,1
llama31_instruct,h2_choice,65,main_perp,BaPc,OD2,2.0,-0.23402499999999993,0.12267499999999998,-0.037558333333333326,0.023050000000000015,0.0,0.25,1
llama31_instruct,h2_choice,65,main_perp,BaPd,OD1,1.0,-0.04403333333333333,0.027524999999999994,0.07128333333333337,0.04447500000000002,0.0,0.0,0
llama31_instruct,h2_choice,65,main_perp,BaSh,MP,0.0,-0.16321666666666662,0.08587500000000002,0.13286666666666666,0.06707500000000002,0.0,0.0,1
llama31_instruct,h2_choice,65,main_perp,ChAs,MP,0.0,-0.13229166666666664,0.07512500000000001,0.03607500000000001,0.03752500000000003,0.0,0.0,1
llama31_instruct,h2_choice,65,main_perp,ChBa,CO2,0.0,-0.12742499999999998,0.07304999999999999,-0.026825000000000036,0.013350000000000015,0.0,0.0,1
llama31_instruct,h2_choice,65,main_perp,ChCh,CO2,-0.5,-0.12788333333333332,0.09162500000000001,0.0035999999999999513,0.03107499999999999,0.33333333333333326,0.5,1
llama31_instruct,h2_choice,65,main_perp,ChCm,OD1,1.0,-0.24894999999999995,0.1215,-0.0010833333333332956,0.02225000000000002,0.4166666666666666,0.25,1
llama31_instruct,h2_choice,65,main_perp,ChCo,MP,0.0,-0.1934916666666666,0.1075,0.03125833333333331,0.033149999999999985,0.0,0.25,1
llama31_instruct,h2_choice,65,main_perp,ChDl,OD1,1.0,-0.2058166666666667,0.10870000000000002,0.09683333333333335,0.049350000000000005,0.0,0.0,1
llama31_instruct,h2_choice,65,main_perp,ChHa,OD2,1.0,-0.12989999999999996,0.06072499999999999,-0.10526666666666663,0.060774999999999996,-1.4332917616497527e-16,0.0,1
llama31_instruct,h2_choice,65,main_perp,ChHr,CO1,1.0,-0.20642499999999994,0.10442499999999999,-0.025908333333333325,0.01957500000000001,-0.16666666666666657,0.25,1
llama31_instruct,h2_choice,65,main_perp,CmAs,OD1,3.0,-0.03220833333333332,0.014900000000000004,-0.057424999999999976,0.03187499999999999,0.0,0.0,1
llama31_instruct,h2_choice,65,main_perp,CmCm,DD,1.0,-0.08286666666666663,0.041474999999999984,-0.03446666666666662,0.018774999999999986,0.0,0.0,1
llama31_instruct,h2_choice,65,main_perp,CmDl,DD,1.0,-0.06159999999999994,0.029249999999999984,-0.033666666666666616,0.022499999999999992,0.0,0.0,1
llama31_instruct,h2_choice,65,main_perp,CmHa,DD,3.0,-0.07065833333333332,0.04070000000000001,-0.04077500000000004,0.028925000000000006,0.0,0.0,1
llama31_instruct,h2_choice,65,main_perp,CmNc,DD,2.0,-0.04376666666666662,0.027849999999999986,-0.0632333333333333,0.02799999999999997,0.0,0.0,1
llama31_instruct,h2_choice,65,main_perp,CoAs,CO2,1.0,-0.15203333333333335,0.0837,-0.12213333333333319,0.06104999999999994,0.0,0.0,1
llama31_instruct,h2_choice,65,main_perp,CoCo,CO1,3.0,-0.10533333333333332,0.052899999999999996,-0.06299999999999996,0.031399999999999983,0.0,0.0,1
llama31_instruct,h2_choice,65,main_perp,CoSh,CO2,1.0,-0.0656916666666666,0.04774999999999997,-0.1278249999999999,0.06537499999999996,-0.6666666666666665,0.25,1
llama31_instruct,h2_choice,65,main_perp,HaAs,OD2,2.0,-0.03253333333333338,0.02600000000000001,-0.0772000000000001,0.03425000000000003,0.0,0.0,1
llama31_instruct,h2_choice,65,main_perp,HaBa,OD2,2.0,-0.11049166666666665,0.057675000000000004,-0.14975833333333344,0.08032500000000004,-0.8333333333333331,0.5,1
llama31_instruct,h2_choice,65,main_perp,HaCm,DD,2.0,-0.12114166666666659,0.06687499999999999,-0.09085833333333329,0.052224999999999994,-0.16666666666666669,0.25,1
llama31_instruct,h2_choice,65,main_perp,HaDl,DD,2.0,-0.1484416666666667,0.08132500000000002,-0.15697499999999998,0.08132500000000002,-0.5833333333333333,0.25,1
llama31_instruct,h2_choice,65,main_perp,HaHa,DD,2.0,-0.05934166666666673,0.03235000000000004,-0.10479166666666669,0.05670000000000003,0.0,0.0,1
llama31_instruct,h2_choice,65,main_perp,HaNc,DD,2.0,-0.040958333333333354,0.02867500000000002,-0.049525,0.032475000000000004,0.0,0.0,1
llama31_instruct,h2_choice,65,main_perp,HaPc,DD,2.0,-0.10007499999999998,0.049524999999999986,-0.09854166666666667,0.047375,0.0,0.0,1
llama31_instruct,h2_choice,65,main_perp,HrAs,MP,3.0,-0.20732499999999998,0.10232500000000003,-0.0324916666666667,0.024475000000000025,0.4166666666666666,0.25,1
llama31_instruct,h2_choice,65,main_perp,HrBa,CO1,-1.0,-0.2680333333333333,0.137175,-0.04978333333333334,0.033975000000000005,0.4166666666666666,0.25,1
llama31_instruct,h2_choice,65,main_perp,HrCh,CO1,-0.0,-0.15660833333333327,0.07652499999999998,-0.08257499999999994,0.04327499999999998,-0.4166666666666666,0.25,1
llama31_instruct,h2_choice,65,main_perp,HrHr,CO2,-1.0,-0.13353333333333336,0.058800000000000005,-0.017300000000000086,0.021250000000000047,0.0,0.0,1
llama31_instruct,h2_choice,65,main_perp,ShAs,CO1,0.0,-0.07474999999999993,0.04904999999999999,-0.08201666666666664,0.04904999999999999,0.0,0.0,0
llama31_instruct,h2_choice,65,main_perp,ShCo,CO2,0.5,-0.026650000000000004,0.030025000000000003,-0.09008333333333335,0.052525000000000016,0.0,0.0,0
llama31_instruct,h2_choice,65,main_perp,ShSh,CO1,0.0,-0.08836666666666665,0.054025000000000004,-0.03923333333333336,0.03362499999999999,0.0,0.0,0
llama31_instruct,h2_choice,65,random,AsAs,CO1,0.0,0.11464999999999999,0.062000000000000006,0.07563333333333333,0.040499999999999994,0.0,0.0,0
llama31_instruct,h2_choice,65,random,AsBa,MP,2.0,0.191325,0.10605,-0.0458083333333334,0.027150000000000035,-0.41666666666666663,0.25,1
llama31_instruct,h2_choice,65,random,AsCh,MP,2.0,0.15535833333333335,0.08085,-0.06587499999999998,0.029299999999999993,0.0,0.0,0
llama31_instruct,h2_choice,65,random,AsCm,OD1,2.0,0.1436,0.070475,-0.10799999999999994,0.055900000000000005,0.0,0.0,1
llama31_instruct,h2_choice,65,random,AsCo,CO2,2.0,0.13767500000000002,0.06642500000000001,0.09359166666666666,0.056975,0.41666666666666663,0.25,1
llama31_instruct,h2_choice,65,random,AsDl,OD1,2.0,0.13209999999999997,0.0717,-0.11750000000000001,0.06305000000000002,-0.41666666666666663,0.25,1
llama31_instruct,h2_choice,65,random,AsHa,OD2,2.0,0.16225,0.08305000000000001,0.025033333333333376,0.02372500000000001,0.0,0.0,0
llama31_instruct,h2_choice,65,random,AsHr,MP,2.0,0.10674999999999996,0.062875,-0.04959999999999997,0.03982499999999997,0.0,0.0,1
llama31_instruct,h2_choice,65,random,AsNc,OD2,1.0,0.18376666666666666,0.09455,0.06528333333333333,0.03465,0.0,0.0,0
llama31_instruct,h2_choice,65,random,AsPc,OD2,2.0,0.18625,0.09897500000000001,0.04485000000000004,0.032000000000000015,0.41666666666666663,0.25,1
llama31_instruct,h2_choice,65,random,AsPd,OD1,2.0,0.18793333333333337,0.099,-0.13559999999999997,0.06759999999999997,-0.41666666666666663,0.25,1
llama31_instruct,h2_choice,65,random,AsSh,CO1,0.0,0.09036666666666665,0.043899999999999995,0.039700000000000076,0.020900000000000002,0.0,0.0,0
llama31_instruct,h2_choice,65,random,BaAs,MP,0.0,0.16950833333333334,0.09022500000000003,0.015924999999999988,0.015100000000000002,0.41666666666666663,0.25,1
llama31_instruct,h2_choice,65,random,BaBa,CO2,0.0,0.20970833333333336,0.104475,-0.014774999999999967,0.02314999999999999,-0.5833333333333334,0.25,1
llama31_instruct,h2_choice,65,random,BaCh,CO2,0.0,0.12195833333333334,0.06722500000000001,0.02987499999999995,0.028075000000000003,0.0,0.0,0
llama31_instruct,h2_choice,65,random,BaCm,OD1,2.0,0.1897083333333333,0.09739999999999999,-0.052475,0.0374,-0.08333333333333336,0.5,1
llama31_instruct,h2_choice,65,random,BaCo,MP,-2.0,0.21903333333333333,0.11477500000000003,0.007416666666666644,0.043725000000000014,0.6666666666666665,0.25,1
llama31_instruct,h2_choice,65,random,BaDl,OD1,2.0,0.2019916666666666,0.09649999999999999,-0.01797499999999995,0.030224999999999974,-0.5833333333333334,0.25,1
llama31_instruct,h2_choice,65,random,BaHa,OD2,1.0,0.24194999999999997,0.12474999999999999,-0.03553333333333331,0.03140000000000001,-0.4166666666666666,0.25,1
llama31_instruct,h2_choice,65,random,BaHr,CO1,2.0,0.27414166666666673,0.1342,-0.00467500000000005,0.040325,0.49999999999999994,0.25,1
llama31_instruct,h2_choice,65,random,BaNc,OD2,1.0,0.21461666666666673,0.10927500000000001,0.055783333333333365,0.03562500000000002,0.0,0.0,1
llama31_instruct,h2_choice,65,random,BaPc,OD2,2.0,0.21474999999999997,0.10182499999999998,-0.05731666666666671,0.029650000000000037,-0.41666666666666663,0.25,1
llama31_instruct,h2_choice,65,random,BaPd,OD1,1.0,0.09254166666666666,0.053125000000000006,0.0398916666666667,0.025674999999999996,0.0,0.0,0
llama31_instruct,h2_choice,65,random,BaSh,MP,0.0,0.20359166666666664,0.10695,-0.07729166666666668,0.05015000000000001,0.0,0.0,1
llama31_instruct,h2_choice,65,random,ChAs,MP,0.0,0.18228333333333324,0.09117499999999999,-0.01854999999999995,0.017100000000000004,0.0,0.0,1
llama31_instruct,h2_choice,65,random,ChBa,CO2,0.0,0.24620000000000003,0.140325,0.013399999999999952,0.014700000000000019,0.0,0.0,1
llama31_instruct,h2_choice,65,random,ChCh,CO2,-0.5,0.17819999999999997,0.08259999999999998,0.0097333333333333,0.02164999999999999,-0.25000000000000017,0.25,1
llama31_instruct,h2_choice,65,random,ChCm,OD1,1.0,0.24512499999999998,0.12887500000000002,-0.02134166666666669,0.01685000000000003,-0.5833333333333334,0.25,1
llama31_instruct,h2_choice,65,random,ChCo,MP,0.0,0.2227833333333333,0.10617499999999999,-0.02901666666666668,0.05107500000000001,-0.1666666666666668,0.25,1
llama31_instruct,h2_choice,65,random,ChDl,OD1,1.0,0.20741666666666664,0.10252500000000002,-0.029566666666666686,0.029250000000000012,0.0,0.0,1
llama31_instruct,h2_choice,65,random,ChHa,OD2,1.0,0.18846666666666667,0.10205000000000004,0.015916666666666673,0.014875000000000027,-0.41666666666666674,0.25,1
llama31_instruct,h2_choice,65,random,ChHr,CO1,1.0,0.23396666666666663,0.130125,0.06245000000000001,0.040925,0.6666666666666667,0.5,1
llama31_instruct,h2_choice,65,random,CmAs,OD1,3.0,0.06912499999999999,0.037625,-0.015674999999999925,0.013975000000000015,0.0,0.0,1
llama31_instruct,h2_choice,65,random,CmCm,DD,1.0,0.08632499999999997,0.04630000000000001,0.0036583333333332787,0.013049999999999978,0.0,0.0,1
llama31_instruct,h2_choice,65,random,CmDl,DD,1.0,0.07323333333333329,0.035874999999999976,0.0405,0.02152499999999999,0.0,0.0,1
llama31_instruct,h2_choice,65,random,CmHa,DD,3.0,0.08650833333333334,0.04647500000000001,0.016375000000000035,0.01907500000000001,0.0,0.0,1
llama31_instruct,h2_choice,65,random,CmNc,DD,2.0,0.08795000000000003,0.04372500000000002,0.027699999999999957,0.01697499999999999,0.0,0.0,1
llama31_instruct,h2_choice,65,random,CoAs,CO2,1.0,0.20092499999999996,0.0952,0.11107500000000006,0.054900000000000004,0.5833333333333333,0.25,1
llama31_instruct,h2_choice,65,random,CoCo,CO1,3.0,0.14690833333333334,0.08817500000000002,0.08320833333333337,0.044625000000000054,0.0,0.0,1
llama31_instruct,h2_choice,65,random,CoSh,CO2,1.0,0.11564166666666663,0.06867499999999999,0.06762499999999994,0.03857499999999997,0.33333333333333337,0.25,1
llama31_instruct,h2_choice,65,random,HaAs,OD2,2.0,0.16234999999999994,0.07970000000000001,0.05470000000000001,0.029949999999999977,0.0,0.0,1
llama31_instruct,h2_choice,65,random,HaBa,OD2,2.0,0.15771666666666667,0.07930000000000001,0.12391666666666669,0.05890000000000002,0.8333333333333331,0.5,1
llama31_instruct,h2_choice,65,random,HaCm,DD,2.0,0.16832499999999995,0.08582499999999998,0.09800833333333336,0.048424999999999996,0.4166666666666666,0.25,1
llama31_instruct,h2_choice,65,random,HaDl,DD,2.0,0.14084999999999998,0.07189999999999999,0.1188166666666666,0.062099999999999975,0.6666666666666667,0.25,1
llama31_instruct,h2_choice,65,random,HaHa,DD,2.0,0.09556666666666667,0.04667500000000001,0.0675666666666666,0.032275000000000026,0.0,0.0,1
llama31_instruct,h2_choice,65,random,HaNc,DD,2.0,0.11045000000000003,0.05875000000000002,0.1055166666666667,0.062450000000000006,0.0,0.0,1
llama31_instruct,h2_choice,65,random,HaPc,DD,2.0,0.11752499999999999,0.06405000000000001,0.08757500000000001,0.04365000000000002,0.0,0.0,1
llama31_instruct,h2_choice,65,random,HrAs,MP,3.0,0.1705083333333333,0.09359999999999999,0.032324999999999895,0.022174999999999973,0.0,0.0,1
llama31_instruct,h2_choice,65,random,HrBa,CO1,-1.0,0.2738416666666666,0.13692500000000002,0.10865833333333332,0.050875000000000004,0.0,0.0,1
llama31_instruct,h2_choice,65,random,HrCh,CO1,-0.0,0.13976666666666662,0.06632499999999998,0.08999999999999998,0.042874999999999996,0.25,0.25,1
llama31_instruct,h2_choice,65,random,HrHr,CO2,-1.0,0.14736666666666667,0.07285000000000001,0.0469833333333334,0.027150000000000035,0.0,0.0,1
llama31_instruct,h2_choice,65,random,ShAs,CO1,0.0,0.13298333333333331,0.080075,0.05768333333333342,0.03454999999999999,0.0,0.0,0
llama31_instruct,h2_choice,65,random,ShCo,CO2,0.5,0.09857500000000002,0.048625000000000015,0.070175,0.03352500000000001,0.0,0.0,0
llama31_instruct,h2_choice,65,random,ShSh,CO1,0.0,0.18201666666666663,0.08787500000000001,0.08496666666666662,0.043125,0.0,0.0,0
llama31_instruct,h2_choice,79,main,AsAs,CO1,0.0,-1.2857999999999998,0.61845,-0.08400000000000006,0.06690000000000004,-0.33333333333333337,0.5,1
llama31_instruct,h2_choice,79,main,AsBa,MP,2.0,-1.3165916666666664,0.6365,0.06955833333333332,0.053200000000000025,0.33333333333333337,0.5,1
llama31_instruct,h2_choice,79,main,AsCh,MP,2.0,-1.2657583333333333,0.60905,0.09964166666666664,0.063775,0.33333333333333337,0.5,1
llama31_instruct,h2_choice,79,main,AsCm,OD1,2.0,-1.1496,0.5595000000000001,0.22076666666666672,0.16112500000000002,0.8333333333333335,0.5,1
llama31_instruct,h2_choice,79,main,AsCo,CO2,2.0,-1.261483333333333,0.609375,-0.18838333333333332,0.11352499999999997,-0.5,0.5,1
llama31_instruct,h2_choice,79,main,AsDl,OD1,2.0,-1.202425,0.5845,0.17587500000000003,0.10034999999999997,0.33333333333333337,0.5,1
llama31_instruct,h2_choice,79,main,AsHa,OD2,2.0,-1.3275916666666663,0.6366,-0.06365833333333336,0.04582499999999999,-0.33333333333333337,0.5,1
llama31_instruct,h2_choice,79,main,AsHr,MP,2.0,-1.2392166666666666,0.596925,0.14480000000000004,0.12085000000000001,0.5000000000000003,0.5,1
llama31_instruct,h2_choice,79,main,AsNc,OD2,1.0,-1.1537250000000001,0.5640000000000001,-0.16349166666666673,0.08402500000000003,-0.5833333333333333,0.25,1
llama31_instruct,h2_choice,79,main,AsPc,OD2,2.0,-1.310883333333333,0.629,-0.10906666666666669,0.082025,-0.5,0.5,1
llama31_instruct,h2_choice,79,main,AsPd,OD1,2.0,-1.1171499999999999,0.5466500000000001,0.24128333333333327,0.13197499999999998,1.2499999999999998,0.5,1
llama31_instruct,h2_choice,79,main,AsSh,CO1,0.0,-1.0705499999999994,0.5300750000000001,-0.07513333333333333,0.04329999999999998,0.0,0.0,1
llama31_instruct,h2_choice,79,main,BaAs,MP,0.0,-1.3102583333333335,0.6306,0.029791666666666744,0.0739,5.733167046599011e-16,0.25,1
llama31_instruct,h2_choice,79,main,BaBa,CO2,0.0,-1.3747166666666666,0.657875,0.04816666666666674,0.03500000000000003,0.16666666666666669,0.25,1
llama31_instruct,h2_choice,79,main,BaCh,CO2,0.0,-1.3058499999999997,0.6274249999999999,0.06068333333333333,0.03684999999999998,0.25,0.25,1
llama31_instruct,h2_choice,79,main,BaCm,OD1,2.0,-1.4175,0.671175,0.026116666666666725,0.045125,0.0,0.25,1
llama31_instruct,h2_choice,79,main,BaCo,MP,-2.0,-1.3332583333333332,0.640925,-0.06904166666666656,0.08197499999999999,-0.25,0.5,1
llama31_instruct,h2_choice,79,main,BaDl,OD1,2.0,-1.361358333333333,0.6455500000000001,0.015991666666666644,0.023424999999999987,0.0,0.0,1
llama31_instruct,h2_choice,79,main,BaHa,OD2,1.0,-1.3197416666666666,0.63405,0.0685916666666667,0.06875,0.25,0.5,1
llama31_instruct,h2_choice,79,main,BaHr,CO1,2.0,-1.373133333333333,0.652,-0.05948333333333341,0.08470000000000003,-0.24999999999999972,0.5,1
llama31_instruct,h2_choice,79,main,BaNc,OD2,1.0,-1.3234749999999995,0.63565,-0.05407499999999992,0.05504999999999996,-0.1666666666666668,0.25,1
llama31_instruct,h2_choice,79,main,BaPc,OD2,2.0,-1.3622833333333333,0.646575,0.03135000000000003,0.028475,-1.4332917616497527e-16,0.0,1
llama31_instruct,h2_choice,79,main,BaPd,OD1,1.0,-1.269283333333333,0.614525,0.015883333333333353,0.009500000000000022,0.0,0.0,1
llama31_instruct,h2_choice,79,main,BaSh,MP,0.0,-1.3100416666666668,0.6271,0.009258333333333367,0.04604999999999999,0.1666666666666668,0.25,1
llama31_instruct,h2_choice,79,main,ChAs,MP,0.0,-1.3490666666666666,0.6419,-0.04859999999999993,0.05977500000000001,-0.24999999999999972,0.25,1
llama31_instruct,h2_choice,79,main,ChBa,CO2,0.0,-1.3870083333333336,0.6582250000000001,0.02539166666666665,0.015424999999999994,0.16666666666666669,0.5,1
llama31_instruct,h2_choice,79,main,ChCh,CO2,-0.5,-1.3951666666666669,0.6646750000000001,0.04138333333333333,0.019024999999999986,-1.4332917616497527e-16,0.0,1
llama31_instruct,h2_choice,79,main,ChCm,OD1,1.0,-1.4180666666666664,0.670825,0.012916666666666734,0.016450000000000062,-1.4332917616497527e-16,0.0,1
llama31_instruct,h2_choice,79,main,ChCo,MP,0.0,-1.3880833333333336,0.6592749999999999,-0.004049999999999955,0.018074999999999966,0.0,0.25,1
llama31_instruct,h2_choice,79,main,ChDl,OD1,1.0,-1.3946333333333332,0.6646,0.01948333333333337,0.024275000000000005,-0.08333333333333329,0.25,1
llama31_instruct,h2_choice,79,main,ChHa,OD2,1.0,-1.2573333333333332,0.6090749999999999,0.09873333333333338,0.09582500000000002,0.4166666666666663,0.5,1
llama31_instruct,h2_choice,79,main,ChHr,CO1,1.0,-1.3866333333333336,0.66095,-0.016799999999999985,0.02492499999999999,-0.25,0.25,1
llama31_instruct,h2_choice,79,main,CmAs,OD1,3.0,-0.8606249999999999,0.43105000000000004,0.21164166666666656,0.17839999999999998,0.8333333333333331,0.5,1
llama31_instruct,h2_choice,79,main,CmCm,DD,1.0,-0.9579249999999998,0.47609999999999997,0.1670416666666668,0.17597500000000002,0.4166666666666666,0.5,1
llama31_instruct,h2_choice,79,main,CmDl,DD,1.0,-0.9418416666666665,0.4702,-0.06432500000000002,0.14005000000000004,-0.41666666666666663,0.25,1
llama31_instruct,h2_choice,79,main,CmHa,DD,3.0,-0.9579916666666667,0.474125,0.20917500000000008,0.17317500000000002,0.4166666666666666,0.5,1
llama31_instruct,h2_choice,79,main,CmNc,DD,2.0,-0.97505,0.48574999999999996,0.15956666666666663,0.17782499999999998,0.4166666666666666,0.5,1
llama31_instruct,h2_choice,79,main,CoAs,CO2,1.0,-1.2292916666666664,0.601425,-0.1210416666666667,0.13115,-0.416666666666667,0.5,1
llama31_instruct,h2_choice,79,main,CoCo,CO1,3.0,-1.20865,0.587725,-0.07836666666666664,0.12187499999999998,-0.3333333333333336,0.5,1
llama31_instruct,h2_choice,79,main,CoSh,CO2,1.0,-1.1187083333333334,0.5446249999999999,-0.27037500000000003,0.163775,-1.3333333333333335,0.5,1
llama31_instruct,h2_choice,79,main,HaAs,OD2,2.0,-1.056308333333333,0.52435,0.031091666666666726,0.12165000000000001,0.0,0.5,1
llama31_instruct,h2_choice,79,main,HaBa,OD2,2.0,-1.1210083333333334,0.549925,-0.2742583333333333,0.15957499999999997,-1.3333333333333335,0.5,1
llama31_instruct,h2_choice,79,main,HaCm,DD,2.0,-1.1477833333333332,0.555675,-0.2990833333333333,0.177775,-1.3333333333333335,0.5,1
llama31_instruct,h2_choice,79,main,HaDl,DD,2.0,-1.222025,0.5941000000000001,-0.1666583333333333,0.126575,-0.41666666666666685,0.5,1
llama31_instruct,h2_choice,79,main,HaHa,DD,2.0,-1.0121999999999998,0.501675,-0.03338333333333341,0.12062499999999998,0.0,0.5,1
llama31_instruct,h2_choice,79,main,HaNc,DD,2.0,-0.8841833333333332,0.43875,-0.35053333333333336,0.21155000000000002,-0.9999999999999999,0.5,1
llama31_instruct,h2_choice,79,main,HaPc,DD,2.0,-0.9230166666666667,0.463025,-0.19431666666666664,0.173325,-0.8333333333333333,0.5,1
llama31_instruct,h2_choice,79,main,HrAs,MP,3.0,-1.1898166666666665,0.57465,0.14205,0.1416,0.6666666666666663,0.5,1
llama31_instruct,h2_choice,79,main,HrBa,CO1,-1.0,-1.3723916666666662,0.6536,-0.0069916666666668004,0.08980000000000005,-0.166666666666667,0.5,1
llama31_instruct,h2_choice,79,main,HrCh,CO1,-0.0,-1.2534166666666666,0.608475,-0.13120000000000004,0.132325,-0.416666666666667,0.5,1
llama31_instruct,h2_choice,79,main,HrHr,CO2,-1.0,-1.235883333333333,0.5993999999999999,0.014783333333333258,0.11777499999999999,-0.1666666666666667,0.5,1
llama31_instruct,h2_choice,79,main,ShAs,CO1,0.0,-1.1521833333333331,0.56455,-0.14693333333333333,0.07215,-0.16666666666666669,0.25,1
llama31_instruct,h2_choice,79,main,ShCo,CO2,0.5,-1.1138249999999998,0.5450250000000001,-0.27384166666666665,0.138975,-1.1666666666666665,0.5,1
llama31_instruct,h2_choice,79,main,ShSh,CO1,0.0,-1.1634333333333333,0.568575,-0.17636666666666662,0.09585,-0.75,0.5,1
llama31_instruct,h2_choice,79,main_perp,AsAs,CO1,0.0,0.05747500000000001,0.052300000000000006,-0.020658333333333275,0.021199999999999955,0.0,0.0,0
llama31_instruct,h2_choice,79,main_perp,AsBa,MP,2.0,0.006091666666666667,0.034899999999999994,0.0017083333333332781,0.006699999999999956,0.0,0.0,0
llama31_instruct,h2_choice,79,main_perp,AsCh,MP,2.0,0.015733333333333318,0.027149999999999994,-0.011983333333333217,0.010100000000000026,0.0,0.0,0
llama31_instruct,h2_choice,79,main_perp,AsCm,OD1,2.0,0.029933333333333294,0.02395000000000002,0.006616666666666688,0.02882499999999999,0.0,0.0,1
llama31_instruct,h2_choice,79,main_perp,AsCo,CO2,2.0,0.0050749999999999944,0.028475,-0.014191666666666653,0.016024999999999998,0.0,0.0,0
llama31_instruct,h2_choice,79,main_perp,AsDl,OD1,2.0,0.02706666666666664,0.026175000000000004,0.0013333333333333181,0.014424999999999938,0.0,0.0,0
llama31_instruct,h2_choice,79,main_perp,AsHa,OD2,2.0,0.024324999999999986,0.027975000000000014,0.011008333333333318,0.014299999999999966,0.0,0.0,0
llama31_instruct,h2_choice,79,main_perp,AsHr,MP,2.0,0.017566666666666612,0.019374999999999996,0.028650000000000078,0.035525,0.0,0.0,1
llama31_instruct,h2_choice,79,main_perp,AsNc,OD2,1.0,0.019516666666666672,0.03437500000000002,-0.014516666666666634,0.012824999999999961,0.0,0.0,0
llama31_instruct,h2_choice,79,main_perp,AsPc,OD2,2.0,0.03652499999999999,0.028000000000000004,-0.00730833333333333,0.01915,0.0,0.0,0
llama31_instruct,h2_choice,79,main_perp,AsPd,OD1,2.0,0.0335,0.028049999999999985,0.001899999999999964,0.023774999999999963,0.0,0.0,0
llama31_instruct,h2_choice,79,main_perp,AsSh,CO1,0.0,0.014508333333333352,0.032025,-0.014291666666666668,0.02062499999999999,0.0,0.0,0
llama31_instruct,h2_choice,79,main_perp,BaAs,MP,0.0,-0.01198333333333333,0.01602499999999997,0.019500000000000035,0.02775000000000001,0.0,0.0,1
llama31_instruct,h2_choice,79,main_perp,BaBa,CO2,0.0,-0.012774999999999986,0.030075000000000005,-0.017174999999999958,0.015299999999999966,0.0,0.0,0
llama31_instruct,h2_choice,79,main_perp,BaCh,CO2,0.0,0.019075000000000005,0.031999999999999994,0.031641666666666665,0.02674999999999999,0.0,0.0,0
llama31_instruct,h2_choice,79,main_perp,BaCm,OD1,2.0,0.026725000000000044,0.015525000000000011,0.01814166666666667,0.029825000000000018,0.0,0.0,1
llama31_instruct,h2_choice,79,main_perp,BaCo,MP,-2.0,0.0027166666666666593,0.018149999999999986,-0.0017500000000000597,0.018799999999999997,0.0,0.0,1
llama31_instruct,h2_choice,79,main_perp,BaDl,OD1,2.0,-0.00044999999999997483,0.014800000000000008,0.010733333333333378,0.007949999999999999,-0.16666666666666669,0.25,1
llama31_instruct,h2_choice,79,main_perp,BaHa,OD2,1.0,0.01098333333333329,0.017225000000000018,-0.0068833333333333776,0.02787500000000001,0.0,0.0,1
llama31_instruct,h2_choice,79,main_perp,BaHr,CO1,2.0,-0.012466666666666707,0.019000000000000003,-0.011299999999999944,0.027175000000000005,0.0,0.0,1
llama31_instruct,h2_choice,79,main_perp,BaNc,OD2,1.0,-0.00948333333333331,0.014724999999999988,-0.03189999999999999,0.02159999999999998,0.0,0.0,1
llama31_instruct,h2_choice,79,main_perp,BaPc,OD2,2.0,-0.012308333333333357,0.013799999999999993,0.010841666666666652,0.02149999999999999,0.0,0.0,1
llama31_instruct,h2_choice,79,main_perp,BaPd,OD1,1.0,0.0316416666666667,0.03915000000000001,-0.008774999999999925,0.01380000000000002,0.0,0.0,0
llama31_instruct,h2_choice,79,main_perp,BaSh,MP,0.0,0.014608333333333348,0.022224999999999995,-0.018641666666666647,0.027849999999999972,0.0,0.0,1
llama31_instruct,h2_choice,79,main_perp,ChAs,MP,0.0,0.002058333333333336,0.014350000000000016,0.017325000000000056,0.022400000000000003,0.0,0.0,1
llama31_instruct,h2_choice,79,main_perp,ChBa,CO2,0.0,0.0072749999999999985,0.02222500000000001,0.023108333333333286,0.015499999999999986,0.41666666666666663,0.25,1
llama31_instruct,h2_choice,79,main_perp,ChCh,CO2,-0.5,0.013083333333333298,0.007599999999999982,-0.018166666666666664,0.01539999999999997,-0.08333333333333334,0.25,1
llama31_instruct,h2_choice,79,main_perp,ChCm,OD1,1.0,0.005158333333333316,0.02952500000000001,0.00602499999999995,0.014399999999999996,0.0,0.0,1
llama31_instruct,h2_choice,79,main_perp,ChCo,MP,0.0,-0.015933333333333338,0.022124999999999978,0.011333333333333351,0.022324999999999998,0.0,0.0,1
llama31_instruct,h2_choice,79,main_perp,ChDl,OD1,1.0,0.006833333333333309,0.014574999999999977,0.003233333333333305,0.007425000000000001,0.0,0.0,1
llama31_instruct,h2_choice,79,main_perp,ChHa,OD2,1.0,-0.02815,0.03544999999999998,-0.02721666666666673,0.023600000000000038,0.16666666666666669,0.25,1
llama31_instruct,h2_choice,79,main_perp,ChHr,CO1,1.0,-0.0016833333333333424,0.014800000000000008,0.0020666666666666876,0.01504999999999998,-0.08333333333333329,0.25,1
llama31_instruct,h2_choice,79,main_perp,CmAs,OD1,3.0,0.013241666666666667,0.0116,-0.03287499999999992,0.04044999999999996,0.0,0.0,1
llama31_instruct,h2_choice,79,main_perp,CmCm,DD,1.0,0.004983333333333333,0.0069250000000000075,-0.021916666666666636,0.03695000000000001,0.0,0.0,1
llama31_instruct,h2_choice,79,main_perp,CmDl,DD,1.0,0.023483333333333363,0.011349999999999999,-0.03683333333333331,0.037275,0.0,0.0,1
llama31_instruct,h2_choice,79,main_perp,CmHa,DD,3.0,0.022724999999999967,0.012549999999999978,-0.03325833333333339,0.04034999999999997,0.0,0.0,1
llama31_instruct,h2_choice,79,main_perp,CmNc,DD,2.0,0.0010750000000000449,0.013574999999999955,-0.005674999999999979,0.040325,0.0,0.0,1
llama31_instruct,h2_choice,79,main_perp,CoAs,CO2,1.0,0.02488333333333332,0.017174999999999982,-0.023183333333333368,0.03494999999999995,0.0,0.0,1
llama31_instruct,h2_choice,79,main_perp,CoCo,CO1,3.0,-0.01004166666666659,0.023599999999999968,-0.014691666666666551,0.025124999999999953,0.0,0.0,1
llama31_instruct,h2_choice,79,main_perp,CoSh,CO2,1.0,0.031533333333333316,0.022824999999999998,-0.00556666666666669,0.022825000000000012,0.0,0.0,1
llama31_instruct,h2_choice,79,main_perp,HaAs,OD2,2.0,0.01276666666666666,0.013024999999999988,-0.012416666666666645,0.04144999999999996,0.0,0.0,1
llama31_instruct,h2_choice,79,main_perp,HaBa,OD2,2.0,0.021758333333333327,0.022675000000000018,-0.027925000000000033,0.03399999999999999,0.0,0.0,1
llama31_instruct,h2_choice,79,main_perp,HaCm,DD,2.0,0.03122499999999997,0.01835000000000001,0.010524999999999975,0.02657499999999996,0.0,0.0,1
llama31_instruct,h2_choice,79,main_perp,HaDl,DD,2.0,0.030025000000000003,0.024625000000000022,-0.02082499999999999,0.027175000000000005,0.0,0.0,1
llama31_instruct,h2_choice,79,main_perp,HaHa,DD,2.0,-0.005616666666666666,0.010800000000000011,-0.027466666666666653,0.04359999999999997,0.0,0.0,1
llama31_instruct,h2_choice,79,main_perp,HaNc,DD,2.0,0.026091666666666676,0.013650000000000006,-0.032058333333333335,0.032200000000000006,0.0,0.0,1
llama31_instruct,h2_choice,79,main_perp,HaPc,DD,2.0,-0.0054833333333333565,0.008150000000000004,-0.01820000000000003,0.025900000000000006,0.0,0.0,1
llama31_instruct,h2_choice,79,main_perp,HrAs,MP,3.0,0.00011666666666666807,0.014175000000000007,-8.333333333332146e-05,0.020450000000000024,0.0,0.0,1
llama31_instruct,h2_choice,79,main_perp,HrBa,CO1,-1.0,0.011983333333333323,0.00727499999999999,-0.009999999999999992,0.025575000000000042,0.0,0.0,1
llama31_instruct,h2_choice,79,main_perp,HrCh,CO1,-0.0,0.020174999999999978,0.015249999999999986,0.0006083333333333604,0.020350000000000007,0.4166666666666666,0.25,1
llama31_instruct,h2_choice,79,main_perp,HrHr,CO2,-1.0,0.009491666666666704,0.007574999999999998,-0.019408333333333302,0.03127499999999997,0.0,0.0,1
llama31_instruct,h2_choice,79,main_perp,ShAs,CO1,0.0,0.015075000000000012,0.03405,-0.015891666666666672,0.009575,0.0,0.0,0
llama31_instruct,h2_choice,79,main_perp,ShCo,CO2,0.5,0.04119166666666668,0.03415000000000001,-0.01194166666666664,0.015100000000000002,0.0,0.0,0
llama31_instruct,h2_choice,79,main_perp,ShSh,CO1,0.0,0.02505833333333334,0.03640000000000002,-0.027791666666666614,0.024474999999999983,0.0,0.0,0
llama31_instruct,h2_choice,79,random,AsAs,CO1,0.0,-0.8479499999999996,0.40802499999999997,-0.08386666666666659,0.05524999999999998,-1.0,0.5,1
llama31_instruct,h2_choice,79,random,AsBa,MP,2.0,-0.8799749999999998,0.425225,0.025925000000000045,0.022999999999999993,0.16666666666666669,0.25,1
llama31_instruct,h2_choice,79,random,AsCh,MP,2.0,-0.8232416666666666,0.400425,0.08987499999999994,0.050624999999999976,0.5833333333333333,0.25,1
llama31_instruct,h2_choice,79,random,AsCm,OD1,2.0,-0.7254666666666665,0.355475,0.15863333333333338,0.10215000000000002,1.1666666666666667,0.5,1
llama31_instruct,h2_choice,79,random,AsCo,CO2,2.0,-0.8365666666666665,0.40425,-0.15094999999999997,0.08094999999999998,-1.2499999999999998,0.5,1
llama31_instruct,h2_choice,79,random,AsDl,OD1,2.0,-0.7773833333333333,0.38487499999999997,0.1567333333333333,0.07352500000000001,1.0,0.5,1
llama31_instruct,h2_choice,79,random,AsHa,OD2,2.0,-0.8715583333333328,0.42279999999999995,-0.04567499999999999,0.027424999999999977,-0.16666666666666669,0.25,1
llama31_instruct,h2_choice,79,random,AsHr,MP,2.0,-0.8389583333333331,0.4052,0.10524166666666661,0.08432499999999998,1.1666666666666667,0.5,1
llama31_instruct,h2_choice,79,random,AsNc,OD2,1.0,-0.7491666666666666,0.36562500000000003,-0.13741666666666671,0.06367500000000004,-0.8333333333333331,0.5,1
llama31_instruct,h2_choice,79,random,AsPc,OD2,2.0,-0.9015666666666665,0.429925,-0.0915166666666667,0.0505,-0.9166666666666669,0.5,1
llama31_instruct,h2_choice,79,random,AsPd,OD1,2.0,-0.7151583333333333,0.34982500000000005,0.18204166666666668,0.09022499999999997,1.2499999999999998,0.5,1
llama31_instruct,h2_choice,79,random,AsSh,CO1,0.0,-0.6856666666666669,0.340125,-0.07048333333333333,0.03702499999999998,-0.4166666666666666,0.25,1
llama31_instruct,h2_choice,79,random,BaAs,MP,0.0,-0.8859916666666666,0.430075,-0.012875000000000043,0.04035000000000001,-0.08333333333333286,0.5,1
llama31_instruct,h2_choice,79,random,BaBa,CO2,0.0,-0.9299166666666665,0.447975,0.03791666666666673,0.031200000000000033,0.25,0.25,1
llama31_instruct,h2_choice,79,random,BaCh,CO2,0.0,-0.8708250000000001,0.423925,0.04765833333333331,0.026250000000000016,0.6666666666666665,0.25,1
llama31_instruct,h2_choice,79,random,BaCm,OD1,2.0,-0.9896749999999997,0.478,0.0183583333333334,0.01782500000000002,0.16666666666666669,0.25,1
llama31_instruct,h2_choice,79,random,BaCo,MP,-2.0,-0.8980833333333335,0.44039999999999996,-0.037133333333333296,0.0533,-0.25,0.5,1
llama31_instruct,h2_choice,79,random,BaDl,OD1,2.0,-0.9136,0.444875,-0.004833333333333343,0.009399999999999992,0.08333333333333334,0.25,1
llama31_instruct,h2_choice,79,random,BaHa,OD2,1.0,-0.884008333333333,0.43252499999999994,0.05670833333333333,0.04895000000000002,0.4166666666666666,0.25,1
llama31_instruct,h2_choice,79,random,BaHr,CO1,2.0,-0.90835,0.441075,-0.030249999999999982,0.037675000000000014,-0.08333333333333286,0.5,1
llama31_instruct,h2_choice,79,random,BaNc,OD2,1.0,-0.9001666666666666,0.43337499999999995,-0.05095000000000006,0.0534,-0.1666666666666668,0.5,1
llama31_instruct,h2_choice,79,random,BaPc,OD2,2.0,-0.9146666666666664,0.442275,0.011833333333333296,0.022050000000000042,-0.0833333333333335,0.25,1
llama31_instruct,h2_choice,79,random,BaPd,OD1,1.0,-0.8141499999999998,0.398425,0.018716666666666704,0.018300000000000018,0.0,0.0,1
llama31_instruct,h2_choice,79,random,BaSh,MP,0.0,-0.888375,0.43132499999999996,0.011775000000000004,0.03422500000000001,-0.16666666666666657,0.25,1
llama31_instruct,h2_choice,79,random,ChAs,MP,0.0,-0.9221,0.443025,-0.03445000000000002,0.04010000000000004,-0.1666666666666663,0.25,1
llama31_instruct,h2_choice,79,random,ChBa,CO2,0.0,-0.9441416666666667,0.459625,0.04702500000000002,0.030200000000000005,0.41666666666666674,0.5,1
llama31_instruct,h2_choice,79,random,ChCh,CO2,-0.5,-0.9115499999999997,0.43542499999999995,0.028700000000000024,0.016875000000000015,0.16666666666666657,0.25,1
llama31_instruct,h2_choice,79,random,ChCm,OD1,1.0,-0.9519249999999999,0.4655,-0.010108333333333346,0.00520000000000001,-1.4332917616497527e-16,0.0,1
llama31_instruct,h2_choice,79,random,ChCo,MP,0.0,-0.9524166666666665,0.456275,0.004233333333333433,0.019224999999999992,0.0,0.25,1
llama31_instruct,h2_choice,79,random,ChDl,OD1,1.0,-0.9211749999999999,0.449275,-0.009775000000000002,0.023875000000000007,-0.25,0.25,1
llama31_instruct,h2_choice,79,random,ChHa,OD2,1.0,-0.8817583333333332,0.42965,0.10035833333333327,0.07779999999999998,0.8333333333333328,0.5,1
llama31_instruct,h2_choice,79,random,ChHr,CO1,1.0,-0.9611583333333332,0.4648,-0.018975000000000013,0.017325000000000007,-0.25,0.25,1
llama31_instruct,h2_choice,79,random,CmAs,OD1,3.0,-0.5328499999999999,0.272175,0.14431666666666668,0.11345000000000005,0.0,0.0,1
llama31_instruct,h2_choice,79,random,CmCm,DD,1.0,-0.6131083333333333,0.306825,0.14605833333333332,0.11407499999999998,0.4166666666666666,0.25,1
llama31_instruct,h2_choice,79,random,CmDl,DD,1.0,-0.5916999999999999,0.29345,-0.03120000000000003,0.07492499999999996,0.0,0.0,1
llama31_instruct,h2_choice,79,random,CmHa,DD,3.0,-0.6189666666666664,0.307675,0.18229999999999993,0.12139999999999998,0.4166666666666666,0.25,1
llama31_instruct,h2_choice,79,random,CmNc,DD,2.0,-0.6223416666666666,0.311525,0.11594166666666669,0.11385000000000003,0.0,0.0,1
llama31_instruct,h2_choice,79,random,CoAs,CO2,1.0,-0.8158333333333332,0.3978,-0.11576666666666666,0.09225,-0.9999999999999999,0.5,1
llama31_instruct,h2_choice,79,random,CoCo,CO1,3.0,-0.8062916666666665,0.39480000000000004,-0.07575833333333334,0.08089999999999997,-0.8333333333333333,0.5,1
llama31_instruct,h2_choice,79,random,CoSh,CO2,1.0,-0.7227083333333333,0.35285,-0.20760833333333345,0.10655,-1.3333333333333335,0.5,1
llama31_instruct,h2_choice,79,random,HaAs,OD2,2.0,-0.6943916666666666,0.3408,0.034891666666666564,0.08362499999999998,0.4166666666666666,0.25,1
llama31_instruct,h2_choice,79,random,HaBa,OD2,2.0,-0.75595,0.372175,-0.19486666666666666,0.10424999999999995,-1.3333333333333335,0.5,1
llama31_instruct,h2_choice,79,random,HaCm,DD,2.0,-0.7501749999999999,0.36185,-0.22052500000000003,0.12357499999999999,-1.25,0.5,1
llama31_instruct,h2_choice,79,random,HaDl,DD,2.0,-0.8089416666666668,0.398025,-0.14434166666666673,0.09225,-1.083333333333333,0.5,1
llama31_instruct,h2_choice,79,random,HaHa,DD,2.0,-0.6253,0.312075,-0.04146666666666673,0.08410000000000004,0.0,0.0,1
llama31_instruct,h2_choice,79,random,HaNc,DD,2.0,-0.5655249999999999,0.282675,-0.24300833333333327,0.13297499999999998,-0.5833333333333334,0.25,1
llama31_instruct,h2_choice,79,random,HaPc,DD,2.0,-0.5831999999999999,0.29215,-0.14760000000000004,0.107325,-0.41666666666666663,0.25,1
llama31_instruct,h2_choice,79,random,HrAs,MP,3.0,-0.7700499999999999,0.3788,0.0993500000000001,0.09062500000000007,0.5833333333333331,0.5,1
llama31_instruct,h2_choice,79,random,HrBa,CO1,-1.0,-0.9058333333333335,0.43895,-0.013616666666666668,0.05009999999999998,0.16666666666666657,0.5,1
llama31_instruct,h2_choice,79,random,HrCh,CO1,-0.0,-0.7998083333333332,0.391775,-0.09520833333333337,0.08389999999999995,-1.0833333333333333,0.5,1
llama31_instruct,h2_choice,79,random,HrHr,CO2,-1.0,-0.7764583333333333,0.379575,0.0037749999999999702,0.06024999999999997,0.0,0.25,1
llama31_instruct,h2_choice,79,random,ShAs,CO1,0.0,-0.7596499999999998,0.37534999999999996,-0.09814999999999997,0.04949999999999999,-0.8333333333333331,0.5,1
llama31_instruct,h2_choice,79,random,ShCo,CO2,0.5,-0.7353416666666667,0.36012500000000003,-0.21874166666666672,0.10252500000000003,-1.0,0.5,1
llama31_instruct,h2_choice,79,random,ShSh,CO1,0.0,-0.7847416666666668,0.388475,-0.13777500000000004,0.06492500000000004,-0.8333333333333331,0.5,1
