unique_id,game_id,role,topology_raw,up_choice,has_ties,cardinal_p1,cardinal_p2,ordinal_p1,ordinal_p2,canonical_id,swap_sr,swap_sc,role_relative_to_canonical,up_choice_canonical
1,1,rowplayer,"('dilemma', 'hero')",0.3023255813953488,False,"21,10,24,17","2,19,6,4","3,1,4,2","1,4,3,2",128.0,False,True,P1,0.3023255813953488
2,1,colplayer,"('hero', 'dilemma')",0.2682926829268293,False,"2,6,19,4","21,24,10,17","1,3,4,2","3,4,1,2",95.0,False,True,P1,0.2682926829268293
3,2,rowplayer,"('compromise', 'chicken')",0.1818181818181818,False,"1,8,40,21","6,14,2,1","1,2,4,3","3,4,2,1",39.0,False,True,P1,0.1818181818181818
4,2,colplayer,"('chicken', 'compromise')",0.5217391304347826,False,"6,2,14,1","1,40,8,21","3,2,4,1","1,4,2,3",28.0,False,True,P1,0.5217391304347826
5,3,rowplayer,"('deadlock', 'deadlock')",0.1351351351351351,False,"12,2,35,34","15,36,12,29","2,1,4,3","2,4,1,3",66.0,False,True,P1,0.1351351351351351
6,3,colplayer,"('deadlock', 'deadlock')",0.093023256,False,"15,12,36,29","12,35,2,34","2,1,4,3","2,4,1,3",66.0,False,True,P1,0.093023256
7,4,rowplayer,"('leader', 'dilemma')",0.725,False,"9,24,38,2","10,23,1,2","2,3,4,1","3,4,1,2",23.0,False,True,P1,0.725
8,4,colplayer,"('dilemma', 'leader')",0.14,False,"10,1,23,2","9,38,24,2","3,1,4,2","2,4,3,1",122.0,False,True,P1,0.14
9,5,rowplayer,"('deadlock', 'chicken')",0.063829787,False,"6,1,13,7","17,21,16,3","2,1,4,3","3,4,2,1",63.0,False,True,P1,0.063829787
10,5,colplayer,"('chicken', 'deadlock')",0.8947368421052632,False,"17,16,21,3","6,13,1,7","3,2,4,1","2,4,1,3",30.0,False,True,P1,0.8947368421052632
11,6,rowplayer,"('compromise', 'compromise')",0.2424242424242424,False,"3,5,33,8","15,39,16,28","1,2,4,3","1,4,2,3",40.0,False,True,P1,0.2424242424242424
12,6,colplayer,"('compromise', 'compromise')",0.2195121951219512,False,"15,16,39,28","3,33,5,8","1,2,4,3","1,4,2,3",40.0,False,True,P1,0.2195121951219512
13,7,rowplayer,"('leader', 'harmony')",0.5526315789473685,False,"16,17,21,12","14,4,11,3","2,3,4,1","4,2,3,1",19.0,False,True,P1,0.5526315789473685
14,7,colplayer,"('harmony', 'leader')",0.935483870967742,False,"14,11,4,3","16,21,17,12","4,3,2,1","2,4,3,1",74.0,False,True,P1,0.935483870967742
15,8,rowplayer,"('deadlock', 'leader')",0.1282051282051282,True,"7,1,40,20","5,27,19,5",,,,,,,
16,8,colplayer,"('leader', 'deadlock')",0.631578947,True,"5,19,27,5","7,40,1,20",,,,,,,
17,9,rowplayer,"('staghunt', 'compromise')",0.6595744680851063,True,"41,2,11,5","1,31,1,27",,,,,,,
18,9,colplayer,"('compromise', 'staghunt')",0.1111111111111111,True,"1,1,31,27","41,11,2,5",,,,,,,
19,10,rowplayer,"('leader', 'dilemma')",0.8571428571428571,True,"11,31,31,4","12,23,6,10",,,,,,,
20,10,colplayer,"('dilemma', 'leader')",0.1,True,"12,6,23,10","11,31,31,4",,,,,,,
21,11,rowplayer,"('hero', 'concord')",0.1515151515151515,False,"1,9,22,6","27,14,11,10","1,3,4,2","4,3,2,1",93.0,False,True,P1,0.1515151515151515
22,11,colplayer,"('concord', 'hero')",0.84,False,"27,11,14,10","1,22,9,6","4,2,3,1","1,4,3,2",104.0,False,True,P1,0.84
23,12,rowplayer,"('peace', 'peace')",0.8918918918918919,False,"31,17,1,13","37,1,26,2","4,3,1,2","4,1,3,2",118.0,False,True,P1,0.8918918918918919
24,12,colplayer,"('peace', 'peace')",0.902439024390244,False,"37,26,1,2","31,1,17,13","4,3,1,2","4,1,3,2",118.0,False,True,P1,0.902439024390244
25,13,rowplayer,"('harmony', 'compromise')",0.9433962264150944,False,"32,18,13,3","3,16,5,6","4,3,2,1","1,4,2,3",76.0,False,True,P1,0.9433962264150944
26,13,colplayer,"('compromise', 'harmony')",0.1463414634146341,False,"3,5,16,6","32,13,18,3","1,2,4,3","4,2,3,1",43.0,False,True,P1,0.1463414634146341
27,14,rowplayer,"('hero', 'safecoord')",0.125,True,"1,4,12,4","28,10,11,15",,,,,,,
28,14,colplayer,"('safecoord', 'hero')",0.6875,True,"28,11,10,15","1,12,4,4",,,,,,,
29,15,rowplayer,"('peace', 'hero')",0.9302325581395348,False,"18,14,2,8","5,31,9,6","4,3,1,2","1,4,3,2",116.0,False,True,P1,0.9302325581395348
30,15,colplayer,"('hero', 'peace')",0.0625,False,"5,9,31,6","18,2,14,8","1,3,4,2","4,1,3,2",94.0,False,True,P1,0.0625
31,16,rowplayer,"('assurance', 'deadlock')",0.25,False,"33,3,12,16","9,20,4,15","4,1,2,3","2,4,1,3",6.0,False,True,P1,0.25
32,16,colplayer,"('deadlock', 'assurance')",0.024390243902439,False,"9,4,20,15","33,12,3,16","2,1,4,3","4,2,1,3",61.0,False,True,P1,0.024390243902439
33,17,rowplayer,"('harmony', 'peace')",0.9111111111111112,False,"44,17,7,3","11,1,10,3","4,3,2,1","4,1,3,2",82.0,False,True,P1,0.9111111111111112
34,17,colplayer,"('peace', 'harmony')",0.951219512195122,False,"11,10,1,3","44,7,17,3","4,3,1,2","4,2,3,1",115.0,False,True,P1,0.951219512195122
35,18,rowplayer,"('dilemma', 'peace')",0.3714285714285714,False,"3,1,4,2","14,6,8,7","3,1,4,2","4,1,3,2",130.0,False,True,P1,0.3714285714285714
36,18,colplayer,"('peace', 'dilemma')",0.9047619047619048,False,"14,8,6,7","3,4,1,2","4,3,1,2","3,4,1,2",119.0,False,True,P1,0.9047619047619048
37,19,rowplayer,"('deadlock', 'safecoord')",0.1578947368421052,False,"5,3,26,23","27,5,7,9","2,1,4,3","4,1,2,3",65.0,False,True,P1,0.1578947368421052
38,19,colplayer,"('safecoord', 'deadlock')",0.6551724137931034,False,"27,7,5,9","5,26,3,23","4,2,1,3","2,4,1,3",54.0,False,True,P1,0.6551724137931034
39,20,rowplayer,"('assurance', 'harmony')",0.6666666666666666,True,"20,1,3,10","24,13,13,6",,,,,,,
40,20,colplayer,"('harmony', 'assurance')",1.0,True,"24,13,13,6","20,3,1,10",,,,,,,
41,21,rowplayer,"('chicken', 'safecoord')",0.22,True,"19,5,31,5","41,6,34,35",,,,,,,
42,21,colplayer,"('safecoord', 'chicken')",0.9047619047619048,True,"41,34,6,35","19,31,5,5",,,,,,,
43,22,rowplayer,"('harmony', 'dilemma')",0.8947368421052632,True,"14,9,9,2","19,25,5,8",,,,,,,
44,22,colplayer,"('dilemma', 'harmony')",0.3055555555555556,True,"19,5,25,8","14,9,9,2",,,,,,,
45,23,rowplayer,"('safecoord', 'peace')",0.8275862068965517,False,"17,7,1,12","41,5,25,9","4,2,1,3","4,1,3,2",58.0,False,True,P1,0.8275862068965517
46,23,colplayer,"('peace', 'safecoord')",0.8620689655172413,False,"41,25,5,9","17,1,7,12","4,3,1,2","4,1,2,3",113.0,False,True,P1,0.8620689655172413
47,24,rowplayer,"('dilemma', 'assurance')",0.4042553191489361,False,"27,8,42,21","25,10,5,13","3,1,4,2","4,2,1,3",121.0,False,True,P1,0.4042553191489361
48,24,colplayer,"('assurance', 'dilemma')",0.3809523809523809,False,"25,5,10,13","27,42,8,21","4,1,2,3","3,4,1,2",11.0,False,True,P1,0.3809523809523809
49,25,rowplayer,"('safecoord', 'concord')",0.9142857142857144,False,"18,7,3,9","38,20,14,2","4,2,1,3","4,3,2,1",57.0,False,True,P1,0.9142857142857144
50,25,colplayer,"('concord', 'safecoord')",0.9032258064516128,False,"38,14,20,2","18,3,7,9","4,2,3,1","4,1,2,3",101.0,False,True,P1,0.9032258064516128
51,26,rowplayer,"('chicken', 'dilemma')",0.7575757575757576,False,"14,11,27,7","15,21,1,3","3,2,4,1","3,4,1,2",35.0,False,True,P1,0.7575757575757576
52,26,colplayer,"('dilemma', 'chicken')",0.2727272727272727,False,"15,1,21,3","14,27,11,7","3,1,4,2","3,4,2,1",123.0,False,True,P1,0.2727272727272727
53,27,rowplayer,"('assurance', 'harmony')",0.7777777777777778,False,"34,13,19,24","19,10,12,1","4,1,2,3","4,2,3,1",7.0,False,True,P1,0.7777777777777778
54,27,colplayer,"('harmony', 'assurance')",0.8787878787878788,False,"19,12,10,1","34,19,13,24","4,3,2,1","4,2,1,3",73.0,False,True,P1,0.8787878787878788
55,28,rowplayer,"('assurance', 'concord')",0.7906976744186046,False,"33,3,4,12","38,36,2,1","4,1,2,3","4,3,2,1",9.0,False,True,P1,0.7906976744186046
56,28,colplayer,"('concord', 'assurance')",0.9302325581395348,False,"38,2,36,1","33,4,3,12","4,2,3,1","4,2,1,3",97.0,False,True,P1,0.9302325581395348
57,29,rowplayer,"('deadlock', 'assurance')",0.065217391,False,"7,4,15,14","13,6,2,10","2,1,4,3","4,2,1,3",61.0,False,True,P1,0.065217391
58,29,colplayer,"('assurance', 'deadlock')",0.2777777777777778,False,"13,2,6,10","7,15,4,14","4,1,2,3","2,4,1,3",6.0,False,True,P1,0.2777777777777778
59,30,rowplayer,"('peace', 'concord')",0.9473684210526316,False,"24,23,4,11","18,14,7,1","4,3,1,2","4,3,2,1",117.0,False,True,P1,0.9473684210526316
60,30,colplayer,"('concord', 'peace')",0.9183673469387756,False,"18,7,14,1","24,4,23,11","4,2,3,1","4,1,3,2",106.0,False,True,P1,0.9183673469387756
61,31,rowplayer,"('deadlock', 'staghunt')",0.1515151515151515,False,"3,1,28,11","10,4,2,3","2,1,4,3","4,3,1,2",72.0,False,True,P1,0.1515151515151515
62,31,colplayer,"('staghunt', 'deadlock')",0.5454545454545454,False,"10,2,4,3","3,28,1,11","4,1,3,2","2,4,1,3",138.0,False,True,P1,0.5454545454545454
63,32,rowplayer,"('assurance', 'staghunt')",0.6666666666666666,False,"31,2,9,12","18,11,3,10","4,1,2,3","4,3,1,2",12.0,False,True,P1,0.6666666666666666
64,32,colplayer,"('staghunt', 'assurance')",0.6944444444444444,False,"18,3,11,10","31,9,2,12","4,1,3,2","4,2,1,3",133.0,False,True,P1,0.6944444444444444
65,33,rowplayer,"('staghunt', 'concord')",0.6285714285714286,True,"39,3,17,17","48,37,11,6",,,,,,,
66,33,colplayer,"('concord', 'staghunt')",0.9285714285714286,True,"48,11,37,6","39,17,3,17",,,,,,,
67,34,rowplayer,"('harmony', 'peace')",0.9333333333333332,True,"31,10,6,1","8,4,8,7",,,,,,,
68,34,colplayer,"('peace', 'harmony')",0.8823529411764706,True,"8,8,4,7","31,6,10,1",,,,,,,
69,35,rowplayer,"('hero', 'safecoord')",0.076923077,True,"4,13,32,13","11,1,9,10",,,,,,,
70,35,colplayer,"('safecoord', 'hero')",0.8297872340425532,True,"11,9,1,10","4,32,13,13",,,,,,,
71,36,rowplayer,"('hero', 'leader')",0.1666666666666666,True,"2,8,45,4","1,10,9,1",,,,,,,
72,36,colplayer,"('leader', 'hero')",0.5757575757575758,True,"1,9,10,1","2,45,8,4",,,,,,,
73,37,rowplayer,"('concord', 'deadlock')",0.8541666666666666,True,"19,8,16,2","11,38,6,11",,,,,,,
74,37,colplayer,"('deadlock', 'concord')",0.1428571428571428,True,"11,6,38,11","19,16,8,2",,,,,,,
75,38,rowplayer,"('concord', 'deadlock')",0.9230769230769232,False,"24,4,21,1","20,33,2,29","4,2,3,1","2,4,1,3",102.0,False,True,P1,0.9230769230769232
76,38,colplayer,"('deadlock', 'concord')",0.3513513513513513,False,"20,2,33,29","24,21,4,1","2,1,4,3","4,3,2,1",69.0,False,True,P1,0.3513513513513513
77,39,rowplayer,"('chicken', 'dilemma')",0.55,False,"13,3,22,1","14,22,4,10","3,2,4,1","3,4,1,2",35.0,False,True,P1,0.55
78,39,colplayer,"('dilemma', 'chicken')",0.3888888888888889,False,"14,4,22,10","13,22,3,1","3,1,4,2","3,4,2,1",123.0,False,True,P1,0.3888888888888889
79,40,rowplayer,"('compromise', 'safecoord')",0.032258065,False,"2,13,42,22","40,7,24,28","1,2,4,3","4,1,2,3",41.0,False,True,P1,0.032258065
80,40,colplayer,"('safecoord', 'compromise')",0.7567567567567568,False,"40,24,7,28","2,42,13,22","4,2,1,3","1,4,2,3",52.0,False,True,P1,0.7567567567567568
81,41,rowplayer,"('concord', 'compromise')",0.6842105263157895,False,"19,5,6,3","4,23,15,18","4,2,3,1","1,4,2,3",100.0,False,True,P1,0.6842105263157895
82,41,colplayer,"('compromise', 'concord')",0.3421052631578947,False,"4,15,23,18","19,6,5,3","1,2,4,3","4,3,2,1",45.0,False,True,P1,0.3421052631578947
83,42,rowplayer,"('compromise', 'hero')",0.071428571,False,"2,3,16,11","8,20,18,10","1,2,4,3","1,4,3,2",44.0,False,True,P1,0.071428571
84,42,colplayer,"('hero', 'compromise')",0.5,False,"8,18,20,10","2,16,3,11","1,3,4,2","1,4,2,3",88.0,False,True,P1,0.5
85,43,rowplayer,"('hero', 'hero')",0.1666666666666666,False,"3,13,39,8","1,29,24,8","1,3,4,2","1,4,3,2",92.0,False,True,P1,0.1666666666666666
86,43,colplayer,"('hero', 'hero')",0.5,False,"1,24,29,8","3,39,13,8","1,3,4,2","1,4,3,2",92.0,False,True,P1,0.5
87,44,rowplayer,"('hero', 'staghunt')",0.3529411764705882,True,"1,12,22,3","24,23,4,4",,,,,,,
88,44,colplayer,"('staghunt', 'hero')",0.5151515151515151,True,"24,4,23,4","1,22,12,3",,,,,,,
89,45,rowplayer,"('dilemma', 'deadlock')",0.2424242424242424,False,"18,2,47,5","4,9,3,6","3,1,4,2","2,4,1,3",126.0,False,True,P1,0.2424242424242424
90,45,colplayer,"('deadlock', 'dilemma')",0.4,False,"4,3,9,6","18,47,2,5","2,1,4,3","3,4,1,2",71.0,False,True,P1,0.4
91,46,rowplayer,"('staghunt', 'deadlock')",0.7428571428571429,False,"28,5,12,6","6,31,2,14","4,1,3,2","2,4,1,3",138.0,False,True,P1,0.7428571428571429
92,46,colplayer,"('deadlock', 'staghunt')",0.1136363636363636,False,"6,2,31,14","28,12,5,6","2,1,4,3","4,3,1,2",72.0,False,True,P1,0.1136363636363636
93,47,rowplayer,"('chicken', 'deadlock')",0.75,False,"24,12,30,5","3,33,2,8","3,2,4,1","2,4,1,3",30.0,False,True,P1,0.75
94,47,colplayer,"('deadlock', 'chicken')",0.2058823529411764,False,"3,2,33,8","24,30,12,5","2,1,4,3","3,4,2,1",63.0,False,True,P1,0.2058823529411764
95,48,rowplayer,"('concord', 'leader')",0.9,True,"16,5,7,4","1,12,6,1",,,,,,,
96,48,colplayer,"('leader', 'concord')",0.375,True,"1,6,12,1","16,7,5,4",,,,,,,
97,49,rowplayer,"('staghunt', 'safecoord')",0.3513513513513513,False,"16,3,13,12","21,1,5,14","4,1,3,2","4,1,2,3",137.0,False,True,P1,0.3513513513513513
98,49,colplayer,"('safecoord', 'staghunt')",0.8484848484848485,False,"21,5,1,14","16,13,3,12","4,2,1,3","4,3,1,2",60.0,False,True,P1,0.8484848484848485
99,50,rowplayer,"('harmony', 'deadlock')",0.8863636363636364,False,"11,9,2,1","10,31,4,11","4,3,2,1","2,4,1,3",78.0,False,True,P1,0.8863636363636364
100,50,colplayer,"('deadlock', 'harmony')",0.2142857142857142,False,"10,4,31,11","11,2,9,1","2,1,4,3","4,2,3,1",67.0,False,True,P1,0.2142857142857142
101,51,rowplayer,"('staghunt', 'peace')",0.8085106382978723,False,"34,1,11,9","26,2,9,7","4,1,3,2","4,1,3,2",142.0,False,True,P1,0.8085106382978723
102,51,colplayer,"('peace', 'staghunt')",0.925,False,"26,9,2,7","34,11,1,9","4,3,1,2","4,3,1,2",120.0,False,True,P1,0.925
103,52,rowplayer,"('deadlock', 'peace')",0.2272727272727272,False,"15,1,37,18","12,2,7,6","2,1,4,3","4,1,3,2",70.0,False,True,P1,0.2272727272727272
104,52,colplayer,"('peace', 'deadlock')",0.8717948717948718,False,"12,7,2,6","15,37,1,18","4,3,1,2","2,4,1,3",114.0,False,True,P1,0.8717948717948718
105,53,rowplayer,"('staghunt', 'safecoord')",0.6571428571428571,False,"13,1,6,4","12,2,5,8","4,1,3,2","4,1,2,3",137.0,False,True,P1,0.6571428571428571
106,53,colplayer,"('safecoord', 'staghunt')",0.92,False,"12,5,2,8","13,6,1,4","4,2,1,3","4,3,1,2",60.0,False,True,P1,0.92
107,54,rowplayer,"('assurance', 'compromise')",0.5,True,"14,1,1,6","4,37,8,13",,,,,,,
108,54,colplayer,"('compromise', 'assurance')",0.1578947368421052,True,"4,8,37,13","14,1,1,6",,,,,,,
109,55,rowplayer,"('concord', 'safecoord')",0.8478260869565217,False,"34,13,16,12","11,1,4,7","4,2,3,1","4,1,2,3",101.0,False,True,P1,0.8478260869565217
110,55,colplayer,"('safecoord', 'concord')",0.8918918918918919,False,"11,4,1,7","34,16,13,12","4,2,1,3","4,3,2,1",57.0,False,True,P1,0.8918918918918919
111,56,rowplayer,"('harmony', 'chicken')",0.967741935,False,"24,16,7,1","5,12,4,1","4,3,2,1","3,4,2,1",75.0,False,True,P1,0.967741935
112,56,colplayer,"('chicken', 'harmony')",0.3,False,"5,4,12,1","24,7,16,1","3,2,4,1","4,2,3,1",31.0,False,True,P1,0.3
113,57,rowplayer,"('leader', 'peace')",0.76,False,"19,34,35,7","16,5,7,6","2,3,4,1","4,1,3,2",22.0,False,True,P1,0.76
114,57,colplayer,"('peace', 'leader')",1.0,False,"16,7,5,6","19,35,34,7","4,3,1,2","2,4,3,1",110.0,False,True,P1,1.0
115,58,rowplayer,"('deadlock', 'dilemma')",0.2619047619047619,True,"8,2,28,8","10,15,3,5",,,,,,,
116,58,colplayer,"('dilemma', 'deadlock')",0.3695652173913043,True,"10,3,15,5","8,28,2,8",,,,,,,
117,59,rowplayer,"('chicken', 'deadlock')",0.6829268292682927,False,"14,10,21,2","22,43,21,34","3,2,4,1","2,4,1,3",30.0,False,True,P1,0.6829268292682927
118,59,colplayer,"('deadlock', 'chicken')",0.5365853658536586,False,"22,21,43,34","14,21,10,2","2,1,4,3","3,4,2,1",63.0,False,True,P1,0.5365853658536586
119,60,rowplayer,"('assurance', 'staghunt')",0.8571428571428571,False,"15,1,3,6","28,15,10,12","4,1,2,3","4,3,1,2",12.0,False,True,P1,0.8571428571428571
120,60,colplayer,"('staghunt', 'assurance')",0.8974358974358975,False,"28,10,15,12","15,3,1,6","4,1,3,2","4,2,1,3",133.0,False,True,P1,0.8974358974358975
121,61,rowplayer,"('compromise', 'peace')",0.05,True,"3,6,19,10","23,5,7,5",,,,,,,
122,61,colplayer,"('peace', 'compromise')",0.8666666666666667,True,"23,7,5,5","3,19,6,10",,,,,,,
123,62,rowplayer,"('staghunt', 'staghunt')",1.0,True,"32,1,6,1","33,17,5,12",,,,,,,
124,62,colplayer,"('staghunt', 'staghunt')",0.6818181818181818,True,"33,5,17,12","32,6,1,1",,,,,,,
125,63,rowplayer,"('dilemma', 'staghunt')",0.3333333333333333,False,"18,1,34,2","28,19,11,14","3,1,4,2","4,3,1,2",132.0,False,True,P1,0.3333333333333333
126,63,colplayer,"('staghunt', 'dilemma')",0.7777777777777778,False,"28,11,19,14","18,34,1,2","4,1,3,2","3,4,1,2",143.0,False,True,P1,0.7777777777777778
127,64,rowplayer,"('peace', 'concord')",0.90625,False,"16,8,1,7","33,27,4,2","4,3,1,2","4,3,2,1",117.0,False,True,P1,0.90625
128,64,colplayer,"('concord', 'peace')",0.8,False,"33,4,27,2","16,1,8,7","4,2,3,1","4,1,3,2",106.0,False,True,P1,0.8
129,65,rowplayer,"('safecoord', 'dilemma')",0.8888888888888888,False,"32,21,11,23","12,17,1,3","4,2,1,3","3,4,1,2",59.0,False,True,P1,0.8888888888888888
130,65,colplayer,"('dilemma', 'safecoord')",0.2909090909090909,False,"12,1,17,3","32,11,21,23","3,1,4,2","4,1,2,3",125.0,False,True,P1,0.2909090909090909
131,66,rowplayer,"('chicken', 'harmony')",0.6,False,"19,9,39,1","15,5,8,4","3,2,4,1","4,2,3,1",31.0,False,True,P1,0.6
132,66,colplayer,"('harmony', 'chicken')",0.847457627,False,"15,8,5,4","19,39,9,1","4,3,2,1","3,4,2,1",75.0,False,True,P1,0.847457627
133,67,rowplayer,"('deadlock', 'leader')",0.0476190476190476,True,"9,4,23,19","11,36,21,11",,,,,,,
134,67,colplayer,"('leader', 'deadlock')",0.6136363636363636,True,"11,21,36,11","9,23,4,19",,,,,,,
135,68,rowplayer,"('peace', 'hero')",0.7777777777777778,True,"10,7,2,5","1,8,8,6",,,,,,,
136,68,colplayer,"('hero', 'peace')",0.0,True,"1,8,8,6","10,2,7,5",,,,,,,
137,69,rowplayer,"('harmony', 'hero')",0.8055555555555556,True,"31,12,12,11","3,21,17,6",,,,,,,
138,69,colplayer,"('hero', 'harmony')",0.217391304347826,True,"3,17,21,6","31,12,12,11",,,,,,,
139,70,rowplayer,"('assurance', 'staghunt')",0.7419354838709677,False,"22,5,9,13","12,11,4,7","4,1,2,3","4,3,1,2",12.0,False,True,P1,0.7419354838709677
140,70,colplayer,"('staghunt', 'assurance')",0.6216216216216216,False,"12,4,11,7","22,9,5,13","4,1,3,2","4,2,1,3",133.0,False,True,P1,0.6216216216216216
141,71,rowplayer,"('hero', 'peace')",0.1333333333333333,True,"3,10,10,8","24,4,12,9",,,,,,,
142,71,colplayer,"('peace', 'hero')",0.7272727272727273,True,"24,12,4,9","3,10,10,8",,,,,,,
143,72,rowplayer,"('compromise', 'safecoord')",0.066666667,False,"1,2,12,8","19,2,5,10","1,2,4,3","4,1,2,3",41.0,False,True,P1,0.066666667
144,72,colplayer,"('safecoord', 'compromise')",0.7,False,"19,5,2,10","1,12,2,8","4,2,1,3","1,4,2,3",52.0,False,True,P1,0.7
145,73,rowplayer,"('compromise', 'staghunt')",0.2631578947368421,False,"1,3,18,7","31,22,6,7","1,2,4,3","4,3,1,2",48.0,False,True,P1,0.2631578947368421
146,73,colplayer,"('staghunt', 'compromise')",0.5757575757575758,False,"31,6,22,7","1,18,3,7","4,1,3,2","1,4,2,3",136.0,False,True,P1,0.5757575757575758
147,74,rowplayer,"('assurance', 'staghunt')",0.7941176470588235,True,"35,2,2,31","29,24,1,13",,,,,,,
148,74,colplayer,"('staghunt', 'assurance')",0.3666666666666666,True,"29,1,24,13","35,2,2,31",,,,,,,
149,75,rowplayer,"('peace', 'chicken')",0.925925925925926,False,"12,10,2,3","8,27,2,1","4,3,1,2","3,4,2,1",111.0,False,True,P1,0.925925925925926
150,75,colplayer,"('chicken', 'peace')",0.2058823529411764,False,"8,2,27,1","12,2,10,3","3,2,4,1","4,1,3,2",34.0,False,True,P1,0.2058823529411764
151,76,rowplayer,"('chicken', 'concord')",0.5526315789473685,False,"14,10,28,6","16,8,4,2","3,2,4,1","4,3,2,1",33.0,False,True,P1,0.5526315789473685
152,76,colplayer,"('concord', 'chicken')",0.9285714285714286,False,"16,4,8,2","14,28,10,6","4,2,3,1","3,4,2,1",99.0,False,True,P1,0.9285714285714286
153,77,rowplayer,"('dilemma', 'peace')",0.1785714285714285,False,"11,3,37,8","30,18,26,19","3,1,4,2","4,1,3,2",130.0,False,True,P1,0.1785714285714285
154,77,colplayer,"('peace', 'dilemma')",0.902439024390244,False,"30,26,18,19","11,37,3,8","4,3,1,2","3,4,1,2",119.0,False,True,P1,0.902439024390244
155,78,rowplayer,"('concord', 'deadlock')",0.813953488,False,"35,21,23,1","7,25,4,8","4,2,3,1","2,4,1,3",102.0,False,True,P1,0.813953488
156,78,colplayer,"('deadlock', 'concord')",0.1428571428571428,False,"7,4,25,8","35,23,21,1","2,1,4,3","4,3,2,1",69.0,False,True,P1,0.1428571428571428
157,79,rowplayer,"('staghunt', 'peace')",0.6046511627906976,False,"36,7,32,22","27,3,13,7","4,1,3,2","4,1,3,2",142.0,False,True,P1,0.6046511627906976
158,79,colplayer,"('peace', 'staghunt')",0.9555555555555556,False,"27,13,3,7","36,32,7,22","4,3,1,2","4,3,1,2",120.0,False,True,P1,0.9555555555555556
159,80,rowplayer,"('chicken', 'chicken')",0.7021276595744681,True,"19,15,23,3","10,17,10,6",,,,,,,
160,80,colplayer,"('chicken', 'chicken')",0.5555555555555556,True,"10,10,17,6","19,23,15,3",,,,,,,
161,81,rowplayer,"('hero', 'assurance')",0.131578947368421,True,"3,5,35,5","36,21,9,24",,,,,,,
162,81,colplayer,"('assurance', 'hero')",0.2142857142857142,True,"36,9,21,24","3,35,5,5",,,,,,,
163,82,rowplayer,"('dilemma', 'harmony')",0.1515151515151515,False,"18,11,26,17","9,4,7,2","3,1,4,2","4,2,3,1",127.0,False,True,P1,0.1515151515151515
164,82,colplayer,"('harmony', 'dilemma')",0.9210526315789472,False,"9,7,4,2","18,26,11,17","4,3,2,1","3,4,1,2",83.0,False,True,P1,0.9210526315789472
165,83,rowplayer,"('hero', 'hero')",0.4146341463414634,True,"5,15,15,7","10,30,20,17",,,,,,,
166,83,colplayer,"('hero', 'hero')",0.1904761904761904,True,"10,20,30,17","5,15,15,7",,,,,,,
167,84,rowplayer,"('deadlock', 'harmony')",0.2,True,"7,4,24,18","6,5,5,2",,,,,,,
168,84,colplayer,"('harmony', 'deadlock')",0.7857142857142857,True,"6,5,5,2","7,24,4,18",,,,,,,
169,85,rowplayer,"('compromise', 'dilemma')",0.25,False,"10,15,35,33","26,38,5,21","1,2,4,3","3,4,1,2",47.0,False,True,P1,0.25
170,85,colplayer,"('dilemma', 'compromise')",0.052631579,False,"26,5,38,21","10,35,15,33","3,1,4,2","1,4,2,3",124.0,False,True,P1,0.052631579
171,86,rowplayer,"('harmony', 'leader')",0.7894736842105263,False,"7,6,4,3","18,38,30,12","4,3,2,1","2,4,3,1",74.0,False,True,P1,0.7894736842105263
172,86,colplayer,"('leader', 'harmony')",0.4137931034482758,False,"18,30,38,12","7,4,6,3","2,3,4,1","4,2,3,1",19.0,False,True,P1,0.4137931034482758
173,87,rowplayer,"('safecoord', 'assurance')",0.8974358974358975,False,"25,6,1,14","30,5,2,11","4,2,1,3","4,2,1,3",49.0,False,True,P1,0.8974358974358975
174,87,colplayer,"('assurance', 'safecoord')",0.8518518518518519,False,"30,2,5,11","25,1,6,14","4,1,2,3","4,1,2,3",5.0,False,True,P1,0.8518518518518519
175,88,rowplayer,"('leader', 'hero')",0.282051282051282,False,"17,19,41,12","3,28,21,7","2,3,4,1","1,4,3,2",20.0,False,True,P1,0.282051282051282
176,88,colplayer,"('hero', 'leader')",0.358974359,False,"3,21,28,7","17,41,19,12","1,3,4,2","2,4,3,1",86.0,False,True,P1,0.358974359
177,89,rowplayer,"('harmony', 'leader')",0.9069767441860463,False,"20,6,5,4","7,36,25,2","4,3,2,1","2,4,3,1",74.0,False,True,P1,0.9069767441860463
178,89,colplayer,"('leader', 'harmony')",0.4705882352941176,False,"7,25,36,2","20,5,6,4","2,3,4,1","4,2,3,1",19.0,False,True,P1,0.4705882352941176
179,90,rowplayer,"('concord', 'staghunt')",0.95,False,"32,26,28,2","16,10,4,5","4,2,3,1","4,3,1,2",108.0,False,True,P1,0.95
180,90,colplayer,"('staghunt', 'concord')",0.7941176470588235,False,"16,4,10,5","32,28,26,2","4,1,3,2","4,3,2,1",141.0,False,True,P1,0.7941176470588235
181,91,rowplayer,"('leader', 'hero')",0.7619047619047619,False,"5,14,15,1","2,12,5,4","2,3,4,1","1,4,3,2",20.0,False,True,P1,0.7619047619047619
182,91,colplayer,"('hero', 'leader')",0.2068965517241379,False,"2,5,12,4","5,15,14,1","1,3,4,2","2,4,3,1",86.0,False,True,P1,0.2068965517241379
183,92,rowplayer,"('safecoord', 'safecoord')",0.8888888888888888,False,"30,21,1,22","38,2,10,11","4,2,1,3","4,1,2,3",53.0,False,True,P1,0.8888888888888888
184,92,colplayer,"('safecoord', 'safecoord')",1.0,False,"38,10,2,11","30,1,21,22","4,2,1,3","4,1,2,3",53.0,False,True,P1,1.0
185,93,rowplayer,"('deadlock', 'deadlock')",0.2040816326530612,False,"5,1,9,8","6,25,2,10","2,1,4,3","2,4,1,3",66.0,False,True,P1,0.2040816326530612
186,93,colplayer,"('deadlock', 'deadlock')",0.073170732,False,"6,2,25,10","5,9,1,8","2,1,4,3","2,4,1,3",66.0,False,True,P1,0.073170732
187,94,rowplayer,"('dilemma', 'safecoord')",0.1891891891891892,False,"18,1,46,2","14,3,8,9","3,1,4,2","4,1,2,3",125.0,False,True,P1,0.1891891891891892
188,94,colplayer,"('safecoord', 'dilemma')",0.78,False,"14,8,3,9","18,46,1,2","4,2,1,3","3,4,1,2",59.0,False,True,P1,0.78
189,95,rowplayer,"('harmony', 'dilemma')",0.8823529411764706,False,"22,8,5,2","21,27,2,10","4,3,2,1","3,4,1,2",83.0,False,True,P1,0.8823529411764706
190,95,colplayer,"('dilemma', 'harmony')",0.3947368421052631,False,"21,2,27,10","22,5,8,2","3,1,4,2","4,2,3,1",127.0,False,True,P1,0.3947368421052631
191,96,rowplayer,"('concord', 'staghunt')",0.9090909090909092,False,"19,6,18,1","29,27,3,12","4,2,3,1","4,3,1,2",108.0,False,True,P1,0.9090909090909092
192,96,colplayer,"('staghunt', 'concord')",0.5909090909090909,False,"29,3,27,12","19,18,6,1","4,1,3,2","4,3,2,1",141.0,False,True,P1,0.5909090909090909
193,97,rowplayer,"('assurance', 'concord')",0.7241379310344828,False,"39,1,5,15","21,18,2,1","4,1,2,3","4,3,2,1",9.0,False,True,P1,0.7241379310344828
194,97,colplayer,"('concord', 'assurance')",0.8048780487804879,False,"21,2,18,1","39,5,1,15","4,2,3,1","4,2,1,3",97.0,False,True,P1,0.8048780487804879
195,98,rowplayer,"('peace', 'concord')",0.868421053,False,"28,11,4,6","33,15,5,1","4,3,1,2","4,3,2,1",117.0,False,True,P1,0.868421053
196,98,colplayer,"('concord', 'peace')",0.8888888888888888,False,"33,5,15,1","28,4,11,6","4,2,3,1","4,1,3,2",106.0,False,True,P1,0.8888888888888888
197,99,rowplayer,"('dilemma', 'leader')",0.125,False,"8,1,13,5","8,20,12,7","3,1,4,2","2,4,3,1",122.0,False,True,P1,0.125
198,99,colplayer,"('leader', 'dilemma')",0.4642857142857143,False,"8,12,20,7","8,13,1,5","2,3,4,1","3,4,1,2",23.0,False,True,P1,0.4642857142857143
199,100,rowplayer,"('deadlock', 'chicken')",0.2777777777777778,False,"10,3,14,12","27,30,7,6","2,1,4,3","3,4,2,1",63.0,False,True,P1,0.2777777777777778
200,100,colplayer,"('chicken', 'deadlock')",0.5,False,"27,7,30,6","10,14,3,12","3,2,4,1","2,4,1,3",30.0,False,True,P1,0.5
201,101,rowplayer,"('dilemma', 'hero')",0.1724137931034483,False,"15,1,23,13","2,29,11,4","3,1,4,2","1,4,3,2",128.0,False,True,P1,0.1724137931034483
202,101,colplayer,"('hero', 'dilemma')",0.4736842105263157,False,"2,11,29,4","15,23,1,13","1,3,4,2","3,4,1,2",95.0,False,True,P1,0.4736842105263157
203,102,rowplayer,"('hero', 'dilemma')",0.3529411764705882,True,"2,28,34,28","10,44,1,3",,,,,,,
204,102,colplayer,"('dilemma', 'hero')",0.032258065,True,"10,1,44,3","2,34,28,28",,,,,,,
205,103,rowplayer,"('peace', 'assurance')",0.8648648648648649,False,"18,13,8,12","28,6,2,9","4,3,1,2","4,2,1,3",109.0,False,True,P1,0.8648648648648649
206,103,colplayer,"('assurance', 'peace')",0.7692307692307693,False,"28,2,6,9","18,8,13,12","4,1,2,3","4,1,3,2",10.0,False,True,P1,0.7692307692307693
207,104,rowplayer,"('deadlock', 'hero')",0.065217391,False,"10,5,14,12","1,18,12,7","2,1,4,3","1,4,3,2",68.0,False,True,P1,0.065217391
208,104,colplayer,"('hero', 'deadlock')",0.4,False,"1,12,18,7","10,14,5,12","1,3,4,2","2,4,1,3",90.0,False,True,P1,0.4
209,105,rowplayer,"('compromise', 'hero')",0.1707317073170731,False,"3,4,37,7","1,30,13,7","1,2,4,3","1,4,3,2",44.0,False,True,P1,0.1707317073170731
210,105,colplayer,"('hero', 'compromise')",0.4324324324324324,False,"1,13,30,7","3,37,4,7","1,3,4,2","1,4,2,3",88.0,False,True,P1,0.4324324324324324
211,106,rowplayer,"('concord', 'chicken')",0.8857142857142857,False,"14,6,10,1","8,15,7,6","4,2,3,1","3,4,2,1",99.0,False,True,P1,0.8857142857142857
212,106,colplayer,"('chicken', 'concord')",0.4909090909090909,False,"8,7,15,6","14,10,6,1","3,2,4,1","4,3,2,1",33.0,False,True,P1,0.4909090909090909
213,107,rowplayer,"('dilemma', 'safecoord')",0.2444444444444444,True,"8,4,35,5","17,2,3,17",,,,,,,
214,107,colplayer,"('safecoord', 'dilemma')",0.7317073170731707,True,"17,3,2,17","8,35,4,5",,,,,,,
215,108,rowplayer,"('concord', 'staghunt')",0.8181818181818182,False,"18,5,12,3","22,20,1,7","4,2,3,1","4,3,1,2",108.0,False,True,P1,0.8181818181818182
216,108,colplayer,"('staghunt', 'concord')",0.4693877551020408,False,"22,1,20,7","18,12,5,3","4,1,3,2","4,3,2,1",141.0,False,True,P1,0.4693877551020408
217,109,rowplayer,"('dilemma', 'assurance')",0.3714285714285714,True,"19,2,31,4","17,12,12,14",,,,,,,
218,109,colplayer,"('assurance', 'dilemma')",0.7291666666666666,True,"17,12,12,14","19,31,2,4",,,,,,,
219,110,rowplayer,"('chicken', 'compromise')",0.3272727272727272,False,"16,3,28,1","1,26,10,23","3,2,4,1","1,4,2,3",28.0,False,True,P1,0.3272727272727272
220,110,colplayer,"('compromise', 'chicken')",0.1363636363636363,False,"1,10,26,23","16,28,3,1","1,2,4,3","3,4,2,1",39.0,False,True,P1,0.1363636363636363
221,111,rowplayer,"('dilemma', 'compromise')",0.078947368,False,"5,1,14,3","7,20,14,15","3,1,4,2","1,4,2,3",124.0,False,True,P1,0.078947368
222,111,colplayer,"('compromise', 'dilemma')",0.3684210526315789,False,"7,14,20,15","5,14,1,3","1,2,4,3","3,4,1,2",47.0,False,True,P1,0.3684210526315789
223,112,rowplayer,"('concord', 'peace')",0.9310344827586208,False,"17,11,13,3","19,1,18,7","4,2,3,1","4,1,3,2",106.0,False,True,P1,0.9310344827586208
224,112,colplayer,"('peace', 'concord')",0.8604651162790697,False,"19,18,1,7","17,13,11,3","4,3,1,2","4,3,2,1",117.0,False,True,P1,0.8604651162790697
225,113,rowplayer,"('chicken', 'hero')",0.3243243243243243,False,"15,5,29,2","1,32,11,2","3,2,4,1","1,4,3,2",32.0,False,True,P1,0.3243243243243243
226,113,colplayer,"('hero', 'chicken')",0.4130434782608695,False,"1,11,32,2","15,29,5,2","1,3,4,2","3,4,2,1",87.0,False,True,P1,0.4130434782608695
227,114,rowplayer,"('dilemma', 'safecoord')",0.076923077,False,"7,1,13,4","24,4,18,23","3,1,4,2","4,1,2,3",125.0,False,True,P1,0.076923077
228,114,colplayer,"('safecoord', 'dilemma')",0.7619047619047619,False,"24,18,4,23","7,13,1,4","4,2,1,3","3,4,1,2",59.0,False,True,P1,0.7619047619047619
229,115,rowplayer,"('harmony', 'chicken')",0.8,False,"7,4,3,2","20,33,2,1","4,3,2,1","3,4,2,1",75.0,False,True,P1,0.8
230,115,colplayer,"('chicken', 'harmony')",0.2941176470588235,False,"20,2,33,1","7,3,4,2","3,2,4,1","4,2,3,1",31.0,False,True,P1,0.2941176470588235
231,116,rowplayer,"('deadlock', 'safecoord')",0.1162790697674418,False,"2,1,12,8","40,3,7,11","2,1,4,3","4,1,2,3",65.0,False,True,P1,0.1162790697674418
232,116,colplayer,"('safecoord', 'deadlock')",0.7586206896551724,False,"40,7,3,11","2,12,1,8","4,2,1,3","2,4,1,3",54.0,False,True,P1,0.7586206896551724
233,117,rowplayer,"('compromise', 'dilemma')",0.125,False,"3,4,30,9","12,26,2,6","1,2,4,3","3,4,1,2",47.0,False,True,P1,0.125
234,117,colplayer,"('dilemma', 'compromise')",0.1521739130434782,False,"12,2,26,6","3,30,4,9","3,1,4,2","1,4,2,3",124.0,False,True,P1,0.1521739130434782
235,118,rowplayer,"('leader', 'hero')",0.3809523809523809,False,"9,15,25,5","2,14,13,10","2,3,4,1","1,4,3,2",20.0,False,True,P1,0.3809523809523809
236,118,colplayer,"('hero', 'leader')",0.1764705882352941,False,"2,13,14,10","9,25,15,5","1,3,4,2","2,4,3,1",86.0,False,True,P1,0.1764705882352941
237,119,rowplayer,"('harmony', 'staghunt')",0.8888888888888888,False,"15,10,2,1","22,7,2,3","4,3,2,1","4,3,1,2",84.0,False,True,P1,0.8888888888888888
238,119,colplayer,"('staghunt', 'harmony')",0.9302325581395348,False,"22,2,7,3","15,2,10,1","4,1,3,2","4,2,3,1",139.0,False,True,P1,0.9302325581395348
239,120,rowplayer,"('hero', 'leader')",0.4594594594594595,False,"10,29,30,24","2,15,12,1","1,3,4,2","2,4,3,1",86.0,False,True,P1,0.4594594594594595
240,120,colplayer,"('leader', 'hero')",0.6585365853658537,False,"2,12,15,1","10,30,29,24","2,3,4,1","1,4,3,2",20.0,False,True,P1,0.6585365853658537
241,121,rowplayer,"('staghunt', 'assurance')",0.8064516129032258,False,"13,3,9,5","43,4,1,21","4,1,3,2","4,2,1,3",133.0,False,True,P1,0.8064516129032258
242,121,colplayer,"('assurance', 'staghunt')",0.84,False,"43,1,4,21","13,9,3,5","4,1,2,3","4,3,1,2",12.0,False,True,P1,0.84
243,122,rowplayer,"('leader', 'dilemma')",0.7941176470588235,False,"7,15,25,1","23,41,3,4","2,3,4,1","3,4,1,2",23.0,False,True,P1,0.7941176470588235
244,122,colplayer,"('dilemma', 'leader')",0.21875,False,"23,3,41,4","7,25,15,1","3,1,4,2","2,4,3,1",122.0,False,True,P1,0.21875
245,123,rowplayer,"('compromise', 'hero')",0.3111111111111111,False,"1,16,32,19","1,25,13,2","1,2,4,3","1,4,3,2",44.0,False,True,P1,0.3111111111111111
246,123,colplayer,"('hero', 'compromise')",0.5,False,"1,13,25,2","1,32,16,19","1,3,4,2","1,4,2,3",88.0,False,True,P1,0.5
247,124,rowplayer,"('harmony', 'dilemma')",0.9069767441860463,False,"19,18,2,1","13,27,1,5","4,3,2,1","3,4,1,2",83.0,False,True,P1,0.9069767441860463
248,124,colplayer,"('dilemma', 'harmony')",0.085714286,False,"13,1,27,5","19,2,18,1","3,1,4,2","4,2,3,1",127.0,False,True,P1,0.085714286
249,125,rowplayer,"('dilemma', 'peace')",0.078947368,True,"17,2,37,8","24,7,22,7",,,,,,,
250,125,colplayer,"('peace', 'dilemma')",0.8780487804878049,True,"24,22,7,7","17,37,2,8",,,,,,,
251,126,rowplayer,"('leader', 'hero')",0.1935483870967742,True,"8,17,28,6","1,4,4,2",,,,,,,
252,126,colplayer,"('hero', 'leader')",0.4117647058823529,True,"1,4,4,2","8,28,17,6",,,,,,,
253,127,rowplayer,"('harmony', 'assurance')",0.9302325581395348,False,"29,5,2,1","25,9,4,19","4,3,2,1","4,2,1,3",73.0,False,True,P1,0.9302325581395348
254,127,colplayer,"('assurance', 'harmony')",0.7931034482758621,False,"25,4,9,19","29,2,5,1","4,1,2,3","4,2,3,1",7.0,False,True,P1,0.7931034482758621
255,128,rowplayer,"('leader', 'dilemma')",0.8421052631578947,False,"14,19,29,3","26,28,2,16","2,3,4,1","3,4,1,2",23.0,False,True,P1,0.8421052631578947
256,128,colplayer,"('dilemma', 'leader')",0.1388888888888889,False,"26,2,28,16","14,29,19,3","3,1,4,2","2,4,3,1",122.0,False,True,P1,0.1388888888888889
257,129,rowplayer,"('staghunt', 'staghunt')",0.84375,True,"32,3,8,7","14,5,4,5",,,,,,,
258,129,colplayer,"('staghunt', 'staghunt')",0.8269230769230769,True,"14,4,5,5","32,8,3,7",,,,,,,
259,130,rowplayer,"('staghunt', 'staghunt')",0.9411764705882352,False,"18,3,6,5","33,18,8,17","4,1,3,2","4,3,1,2",144.0,False,True,P1,0.9411764705882352
260,130,colplayer,"('staghunt', 'staghunt')",0.75,False,"33,8,18,17","18,6,3,5","4,1,3,2","4,3,1,2",144.0,False,True,P1,0.75
261,131,rowplayer,"('concord', 'staghunt')",0.9555555555555556,False,"12,4,5,1","22,18,10,13","4,2,3,1","4,3,1,2",108.0,False,True,P1,0.9555555555555556
262,131,colplayer,"('staghunt', 'concord')",0.6428571428571429,False,"22,10,18,13","12,5,4,1","4,1,3,2","4,3,2,1",141.0,False,True,P1,0.6428571428571429
263,132,rowplayer,"('safecoord', 'peace')",0.8095238095238095,False,"18,7,1,10","30,1,13,6","4,2,1,3","4,1,3,2",58.0,False,True,P1,0.8095238095238095
264,132,colplayer,"('peace', 'safecoord')",0.926829268,False,"30,13,1,6","18,1,7,10","4,3,1,2","4,1,2,3",113.0,False,True,P1,0.926829268
265,133,rowplayer,"('compromise', 'chicken')",0.3111111111111111,False,"2,7,17,14","16,38,15,1","1,2,4,3","3,4,2,1",39.0,False,True,P1,0.3111111111111111
266,133,colplayer,"('chicken', 'compromise')",0.696969697,False,"16,15,38,1","2,17,7,14","3,2,4,1","1,4,2,3",28.0,False,True,P1,0.696969697
267,134,rowplayer,"('compromise', 'hero')",0.125,False,"1,9,33,17","1,18,11,2","1,2,4,3","1,4,3,2",44.0,False,True,P1,0.125
268,134,colplayer,"('hero', 'compromise')",0.5208333333333334,False,"1,11,18,2","1,33,9,17","1,3,4,2","1,4,2,3",88.0,False,True,P1,0.5208333333333334
269,135,rowplayer,"('assurance', 'deadlock')",0.55,False,"26,10,13,20","4,15,2,7","4,1,2,3","2,4,1,3",6.0,False,True,P1,0.55
270,135,colplayer,"('deadlock', 'assurance')",0.1379310344827586,False,"4,2,15,7","26,13,10,20","2,1,4,3","4,2,1,3",61.0,False,True,P1,0.1379310344827586
271,136,rowplayer,"('peace', 'harmony')",0.9393939393939394,True,"34,3,1,1","40,17,19,9",,,,,,,
272,136,colplayer,"('harmony', 'peace')",0.918918919,True,"40,19,17,9","34,1,3,1",,,,,,,
273,137,rowplayer,"('harmony', 'peace')",0.9444444444444444,False,"33,11,8,1","32,1,10,2","4,3,2,1","4,1,3,2",82.0,False,True,P1,0.9444444444444444
274,137,colplayer,"('peace', 'harmony')",0.9333333333333332,False,"32,10,1,2","33,8,11,1","4,3,1,2","4,2,3,1",115.0,False,True,P1,0.9333333333333332
275,138,rowplayer,"('dilemma', 'concord')",0.3260869565217391,False,"10,4,12,9","28,18,15,1","3,1,4,2","4,3,2,1",129.0,False,True,P1,0.3260869565217391
276,138,colplayer,"('concord', 'dilemma')",0.9166666666666666,False,"28,15,18,1","10,12,4,9","4,2,3,1","3,4,1,2",107.0,False,True,P1,0.9166666666666666
277,139,rowplayer,"('chicken', 'hero')",0.78,False,"18,14,22,2","1,27,16,5","3,2,4,1","1,4,3,2",32.0,False,True,P1,0.78
278,139,colplayer,"('hero', 'chicken')",0.2272727272727272,False,"1,16,27,5","18,22,14,2","1,3,4,2","3,4,2,1",87.0,False,True,P1,0.2272727272727272
279,140,rowplayer,"('harmony', 'assurance')",0.926829268,False,"25,12,9,5","14,2,1,7","4,3,2,1","4,2,1,3",73.0,False,True,P1,0.926829268
280,140,colplayer,"('assurance', 'harmony')",0.8108108108108109,False,"14,1,2,7","25,9,12,5","4,1,2,3","4,2,3,1",7.0,False,True,P1,0.8108108108108109
281,141,rowplayer,"('harmony', 'deadlock')",0.9019607843137256,False,"23,8,7,1","8,36,2,31","4,3,2,1","2,4,1,3",78.0,False,True,P1,0.9019607843137256
282,141,colplayer,"('deadlock', 'harmony')",0.1052631578947368,False,"8,2,36,31","23,7,8,1","2,1,4,3","4,2,3,1",67.0,False,True,P1,0.1052631578947368
283,142,rowplayer,"('compromise', 'safecoord')",0.0,False,"6,12,45,15","32,2,7,15","1,2,4,3","4,1,2,3",41.0,False,True,P1,0.0
284,142,colplayer,"('safecoord', 'compromise')",0.7222222222222222,False,"32,7,2,15","6,45,12,15","4,2,1,3","1,4,2,3",52.0,False,True,P1,0.7222222222222222
285,143,rowplayer,"('hero', 'chicken')",0.3611111111111111,False,"2,5,6,3","21,25,19,8","1,3,4,2","3,4,2,1",87.0,False,True,P1,0.3611111111111111
286,143,colplayer,"('chicken', 'hero')",0.6666666666666666,False,"21,19,25,8","2,6,5,3","3,2,4,1","1,4,3,2",32.0,False,True,P1,0.6666666666666666
287,144,rowplayer,"('leader', 'harmony')",0.4054054054054054,False,"4,13,17,1","39,11,38,4","2,3,4,1","4,2,3,1",19.0,False,True,P1,0.4054054054054054
288,144,colplayer,"('harmony', 'leader')",0.8857142857142857,False,"39,38,11,4","4,17,13,1","4,3,2,1","2,4,3,1",74.0,False,True,P1,0.8857142857142857
289,145,rowplayer,"('concord', 'assurance')",0.8947368421052632,True,"29,8,18,5","9,1,1,7",,,,,,,
290,145,colplayer,"('assurance', 'concord')",0.8809523809523809,True,"9,1,1,7","29,18,8,5",,,,,,,
291,146,rowplayer,"('safecoord', 'compromise')",0.8064516129032258,False,"42,6,1,18","7,22,8,12","4,2,1,3","1,4,2,3",52.0,False,True,P1,0.8064516129032258
292,146,colplayer,"('compromise', 'safecoord')",0.1578947368421052,False,"7,8,22,12","42,1,6,18","1,2,4,3","4,1,2,3",41.0,False,True,P1,0.1578947368421052
293,147,rowplayer,"('compromise', 'safecoord')",0.1142857142857142,True,"5,5,23,7","32,3,20,21",,,,,,,
294,147,colplayer,"('safecoord', 'compromise')",0.9555555555555556,True,"32,20,3,21","5,23,5,7",,,,,,,
295,148,rowplayer,"('hero', 'deadlock')",0.3333333333333333,False,"5,16,27,9","18,23,12,21","1,3,4,2","2,4,1,3",90.0,False,True,P1,0.3333333333333333
296,148,colplayer,"('deadlock', 'hero')",0.1142857142857142,False,"18,12,23,21","5,27,16,9","2,1,4,3","1,4,3,2",68.0,False,True,P1,0.1142857142857142
297,149,rowplayer,"('deadlock', 'deadlock')",0.073170732,False,"3,1,17,14","20,34,4,21","2,1,4,3","2,4,1,3",66.0,False,True,P1,0.073170732
298,149,colplayer,"('deadlock', 'deadlock')",0.1538461538461538,False,"20,4,34,21","3,17,1,14","2,1,4,3","2,4,1,3",66.0,False,True,P1,0.1538461538461538
299,150,rowplayer,"('deadlock', 'peace')",0.2,True,"16,5,32,16","33,2,14,12",,,,,,,
300,150,colplayer,"('peace', 'deadlock')",0.8918918918918919,True,"33,14,2,12","16,32,5,16",,,,,,,
301,151,rowplayer,"('peace', 'dilemma')",0.8888888888888888,False,"23,9,6,7","13,16,1,10","4,3,1,2","3,4,1,2",119.0,False,True,P1,0.8888888888888888
302,151,colplayer,"('dilemma', 'peace')",0.375,False,"13,1,16,10","23,6,9,7","3,1,4,2","4,1,3,2",130.0,False,True,P1,0.375
303,152,rowplayer,"('staghunt', 'dilemma')",0.7948717948717948,True,"4,1,2,1","8,12,3,5",,,,,,,
304,152,colplayer,"('dilemma', 'staghunt')",0.4516129032258064,True,"8,3,12,5","4,2,1,1",,,,,,,
305,153,rowplayer,"('safecoord', 'dilemma')",0.75,False,"23,13,3,17","15,40,3,4","4,2,1,3","3,4,1,2",59.0,False,True,P1,0.75
306,153,colplayer,"('dilemma', 'safecoord')",0.28125,False,"15,3,40,4","23,3,13,17","3,1,4,2","4,1,2,3",125.0,False,True,P1,0.28125
307,154,rowplayer,"('dilemma', 'concord')",0.2058823529411764,False,"9,1,18,4","25,23,19,4","3,1,4,2","4,3,2,1",129.0,False,True,P1,0.2058823529411764
308,154,colplayer,"('concord', 'dilemma')",0.8648648648648649,False,"25,19,23,4","9,18,1,4","4,2,3,1","3,4,1,2",107.0,False,True,P1,0.8648648648648649
309,155,rowplayer,"('chicken', 'harmony')",0.2444444444444444,True,"11,3,23,3","46,15,40,6",,,,,,,
310,155,colplayer,"('harmony', 'chicken')",0.8709677419354839,True,"46,40,15,6","11,23,3,3",,,,,,,
311,156,rowplayer,"('assurance', 'concord')",0.8387096774193549,True,"40,1,1,4","16,13,3,2",,,,,,,
312,156,colplayer,"('concord', 'assurance')",0.8,True,"16,3,13,2","40,1,1,4",,,,,,,
313,157,rowplayer,"('staghunt', 'safecoord')",0.6666666666666666,False,"41,4,37,15","19,1,3,9","4,1,3,2","4,1,2,3",137.0,False,True,P1,0.6666666666666666
314,157,colplayer,"('safecoord', 'staghunt')",0.868421053,False,"19,3,1,9","41,37,4,15","4,2,1,3","4,3,1,2",60.0,False,True,P1,0.868421053
315,158,rowplayer,"('compromise', 'harmony')",0.1111111111111111,True,"1,1,21,2","43,14,31,5",,,,,,,
316,158,colplayer,"('harmony', 'compromise')",0.9428571428571428,True,"43,31,14,5","1,21,1,2",,,,,,,
317,159,rowplayer,"('safecoord', 'dilemma')",0.8809523809523809,False,"23,10,9,19","7,12,2,3","4,2,1,3","3,4,1,2",59.0,False,True,P1,0.8809523809523809
318,159,colplayer,"('dilemma', 'safecoord')",0.25,False,"7,2,12,3","23,9,10,19","3,1,4,2","4,1,2,3",125.0,False,True,P1,0.25
319,160,rowplayer,"('dilemma', 'deadlock')",0.3243243243243243,False,"10,3,11,5","3,23,2,19","3,1,4,2","2,4,1,3",126.0,False,True,P1,0.3243243243243243
320,160,colplayer,"('deadlock', 'dilemma')",0.1351351351351351,False,"3,2,23,19","10,11,3,5","2,1,4,3","3,4,1,2",71.0,False,True,P1,0.1351351351351351
321,161,rowplayer,"('chicken', 'staghunt')",0.85,True,"9,8,12,1","27,16,3,3",,,,,,,
322,161,colplayer,"('staghunt', 'chicken')",0.8,True,"27,3,16,3","9,12,8,1",,,,,,,
323,162,rowplayer,"('assurance', 'deadlock')",0.4814814814814814,False,"30,1,7,11","6,35,2,10","4,1,2,3","2,4,1,3",6.0,False,True,P1,0.4814814814814814
324,162,colplayer,"('deadlock', 'assurance')",0.1538461538461538,False,"6,2,35,10","30,7,1,11","2,1,4,3","4,2,1,3",61.0,False,True,P1,0.1538461538461538
325,163,rowplayer,"('dilemma', 'compromise')",0.1363636363636363,False,"12,7,39,8","1,15,10,14","3,1,4,2","1,4,2,3",124.0,False,True,P1,0.1363636363636363
326,163,colplayer,"('compromise', 'dilemma')",0.2352941176470588,False,"1,10,15,14","12,39,7,8","1,2,4,3","3,4,1,2",47.0,False,True,P1,0.2352941176470588
327,164,rowplayer,"('compromise', 'leader')",0.073170732,True,"5,5,41,19","20,33,27,9",,,,,,,
328,164,colplayer,"('leader', 'compromise')",0.875,True,"20,27,33,9","5,41,5,19",,,,,,,
329,165,rowplayer,"('dilemma', 'deadlock')",0.2941176470588235,False,"19,1,45,11","17,34,2,20","3,1,4,2","2,4,1,3",126.0,False,True,P1,0.2941176470588235
330,165,colplayer,"('deadlock', 'dilemma')",0.2972972972972973,False,"17,2,34,20","19,45,1,11","2,1,4,3","3,4,1,2",71.0,False,True,P1,0.2972972972972973
331,166,rowplayer,"('compromise', 'peace')",0.0588235294117647,False,"3,8,37,11","41,2,28,24","1,2,4,3","4,1,3,2",46.0,False,True,P1,0.0588235294117647
332,166,colplayer,"('peace', 'compromise')",1.0,False,"41,28,2,24","3,37,8,11","4,3,1,2","1,4,2,3",112.0,False,True,P1,1.0
333,167,rowplayer,"('concord', 'leader')",0.7435897435897436,False,"35,4,34,3","8,31,14,6","4,2,3,1","2,4,3,1",98.0,False,True,P1,0.7435897435897436
334,167,colplayer,"('leader', 'concord')",0.5,False,"8,14,31,6","35,34,4,3","2,3,4,1","4,3,2,1",21.0,False,True,P1,0.5
335,168,rowplayer,"('safecoord', 'concord')",0.8636363636363636,False,"31,6,2,7","24,17,11,7","4,2,1,3","4,3,2,1",57.0,False,True,P1,0.8636363636363636
336,168,colplayer,"('concord', 'safecoord')",0.7714285714285715,False,"24,11,17,7","31,2,6,7","4,2,3,1","4,1,2,3",101.0,False,True,P1,0.7714285714285715
337,169,rowplayer,"('harmony', 'chicken')",0.975,False,"38,28,10,4","27,41,18,3","4,3,2,1","3,4,2,1",75.0,False,True,P1,0.975
338,169,colplayer,"('chicken', 'harmony')",0.4722222222222222,False,"27,18,41,3","38,10,28,4","3,2,4,1","4,2,3,1",31.0,False,True,P1,0.4722222222222222
339,170,rowplayer,"('harmony', 'concord')",0.8333333333333334,True,"46,24,24,20","29,15,13,4",,,,,,,
340,170,colplayer,"('concord', 'harmony')",0.9444444444444444,True,"29,13,15,4","46,24,24,20",,,,,,,
341,171,rowplayer,"('dilemma', 'dilemma')",0.1351351351351351,False,"22,1,38,13","3,20,1,2","3,1,4,2","3,4,1,2",131.0,False,True,P1,0.1351351351351351
342,171,colplayer,"('dilemma', 'dilemma')",0.3611111111111111,False,"3,1,20,2","22,38,1,13","3,1,4,2","3,4,1,2",131.0,False,True,P1,0.3611111111111111
343,172,rowplayer,"('hero', 'harmony')",0.16,False,"5,8,44,7","36,9,18,2","1,3,4,2","4,2,3,1",91.0,False,True,P1,0.16
344,172,colplayer,"('harmony', 'hero')",0.7857142857142857,False,"36,18,9,2","5,44,8,7","4,3,2,1","1,4,3,2",80.0,False,True,P1,0.7857142857142857
345,173,rowplayer,"('concord', 'concord')",0.8333333333333334,False,"31,4,25,3","37,24,17,1","4,2,3,1","4,3,2,1",105.0,False,True,P1,0.8333333333333334
346,173,colplayer,"('concord', 'concord')",0.9090909090909092,False,"37,17,24,1","31,25,4,3","4,2,3,1","4,3,2,1",105.0,False,True,P1,0.9090909090909092
347,174,rowplayer,"('leader', 'leader')",0.5952380952380952,False,"19,29,45,14","15,24,18,1","2,3,4,1","2,4,3,1",14.0,False,True,P1,0.5952380952380952
348,174,colplayer,"('leader', 'leader')",0.6666666666666666,False,"15,18,24,1","19,45,29,14","2,3,4,1","2,4,3,1",14.0,False,True,P1,0.6666666666666666
349,175,rowplayer,"('dilemma', 'chicken')",0.4565217391304347,True,"6,2,9,3","14,34,1,1",,,,,,,
350,175,colplayer,"('chicken', 'dilemma')",0.1794871794871795,True,"14,1,34,1","6,9,2,3",,,,,,,
351,176,rowplayer,"('leader', 'compromise')",0.7647058823529411,False,"2,8,11,1","3,22,10,12","2,3,4,1","1,4,2,3",16.0,False,True,P1,0.7647058823529411
352,176,colplayer,"('compromise', 'leader')",0.238095238095238,False,"3,10,22,12","2,11,8,1","1,2,4,3","2,4,3,1",38.0,False,True,P1,0.238095238095238
353,177,rowplayer,"('leader', 'peace')",0.1860465116279069,False,"4,14,30,3","19,1,13,6","2,3,4,1","4,1,3,2",22.0,False,True,P1,0.1860465116279069
354,177,colplayer,"('peace', 'leader')",0.9411764705882352,False,"19,13,1,6","4,30,14,3","4,3,1,2","2,4,3,1",110.0,False,True,P1,0.9411764705882352
355,178,rowplayer,"('deadlock', 'safecoord')",0.2195121951219512,False,"23,7,29,27","15,1,6,14","2,1,4,3","4,1,2,3",65.0,False,True,P1,0.2195121951219512
356,178,colplayer,"('safecoord', 'deadlock')",0.7105263157894737,False,"15,6,1,14","23,29,7,27","4,2,1,3","2,4,1,3",54.0,False,True,P1,0.7105263157894737
357,179,rowplayer,"('hero', 'concord')",0.358974359,False,"1,10,20,8","20,12,4,3","1,3,4,2","4,3,2,1",93.0,False,True,P1,0.358974359
358,179,colplayer,"('concord', 'hero')",0.6585365853658537,False,"20,4,12,3","1,20,10,8","4,2,3,1","1,4,3,2",104.0,False,True,P1,0.6585365853658537
359,180,rowplayer,"('chicken', 'compromise')",0.4375,False,"6,4,32,1","7,24,12,23","3,2,4,1","1,4,2,3",28.0,False,True,P1,0.4375
360,180,colplayer,"('compromise', 'chicken')",0.225,False,"7,12,24,23","6,32,4,1","1,2,4,3","3,4,2,1",39.0,False,True,P1,0.225
361,181,rowplayer,"('compromise', 'dilemma')",0.076923077,True,"2,3,21,6","9,9,1,5",,,,,,,
362,181,colplayer,"('dilemma', 'compromise')",0.2058823529411764,True,"9,1,9,5","2,21,3,6",,,,,,,
363,182,rowplayer,"('assurance', 'compromise')",0.1025641025641025,False,"15,1,5,12","3,29,7,23","4,1,2,3","1,4,2,3",4.0,False,True,P1,0.1025641025641025
364,182,colplayer,"('compromise', 'assurance')",0.093023256,False,"3,7,29,23","15,5,1,12","1,2,4,3","4,2,1,3",37.0,False,True,P1,0.093023256
365,183,rowplayer,"('assurance', 'dilemma')",0.3720930232558139,False,"36,1,18,33","22,24,1,3","4,1,2,3","3,4,1,2",11.0,False,True,P1,0.3720930232558139
366,183,colplayer,"('dilemma', 'assurance')",0.4615384615384615,False,"22,1,24,3","36,18,1,33","3,1,4,2","4,2,1,3",121.0,False,True,P1,0.4615384615384615
367,184,rowplayer,"('peace', 'compromise')",0.7894736842105263,False,"38,10,2,7","7,22,11,18","4,3,1,2","1,4,2,3",112.0,False,True,P1,0.7894736842105263
368,184,colplayer,"('compromise', 'peace')",0.068181818,False,"7,11,22,18","38,2,10,7","1,2,4,3","4,1,3,2",46.0,False,True,P1,0.068181818
369,185,rowplayer,"('peace', 'dilemma')",0.8837209302325582,False,"22,14,6,12","15,17,7,13","4,3,1,2","3,4,1,2",119.0,False,True,P1,0.8837209302325582
370,185,colplayer,"('dilemma', 'peace')",0.2903225806451613,False,"15,7,17,13","22,6,14,12","3,1,4,2","4,1,3,2",130.0,False,True,P1,0.2903225806451613
371,186,rowplayer,"('hero', 'dilemma')",0.5897435897435898,False,"17,35,46,27","5,12,3,4","1,3,4,2","3,4,1,2",95.0,False,True,P1,0.5897435897435898
372,186,colplayer,"('dilemma', 'hero')",0.1818181818181818,False,"5,3,12,4","17,46,35,27","3,1,4,2","1,4,3,2",128.0,False,True,P1,0.1818181818181818
373,187,rowplayer,"('leader', 'compromise')",0.7346938775510204,False,"10,17,27,2","1,23,14,19","2,3,4,1","1,4,2,3",16.0,False,True,P1,0.7346938775510204
374,187,colplayer,"('compromise', 'leader')",0.1428571428571428,False,"1,14,23,19","10,27,17,2","1,2,4,3","2,4,3,1",38.0,False,True,P1,0.1428571428571428
375,188,rowplayer,"('compromise', 'compromise')",0.1714285714285714,False,"1,3,46,37","1,32,5,6","1,2,4,3","1,4,2,3",40.0,False,True,P1,0.1714285714285714
376,188,colplayer,"('compromise', 'compromise')",0.1666666666666666,False,"1,5,32,6","1,46,3,37","1,2,4,3","1,4,2,3",40.0,False,True,P1,0.1666666666666666
377,189,rowplayer,"('chicken', 'hero')",0.46875,False,"18,10,27,6","4,18,11,9","3,2,4,1","1,4,3,2",32.0,False,True,P1,0.46875
378,189,colplayer,"('hero', 'chicken')",0.3714285714285714,False,"4,11,18,9","18,27,10,6","1,3,4,2","3,4,2,1",87.0,False,True,P1,0.3714285714285714
379,190,rowplayer,"('deadlock', 'peace')",0.1428571428571428,False,"19,1,28,23","37,11,18,12","2,1,4,3","4,1,3,2",70.0,False,True,P1,0.1428571428571428
380,190,colplayer,"('peace', 'deadlock')",0.9375,False,"37,18,11,12","19,28,1,23","4,3,1,2","2,4,1,3",114.0,False,True,P1,0.9375
381,191,rowplayer,"('harmony', 'compromise')",0.9534883720930232,False,"30,24,3,1","4,38,8,36","4,3,2,1","1,4,2,3",76.0,False,True,P1,0.9534883720930232
382,191,colplayer,"('compromise', 'harmony')",0.0,False,"4,8,38,36","30,3,24,1","1,2,4,3","4,2,3,1",43.0,False,True,P1,0.0
383,192,rowplayer,"('harmony', 'harmony')",0.9428571428571428,False,"25,15,10,2","42,5,24,3","4,3,2,1","4,2,3,1",79.0,False,True,P1,0.9428571428571428
384,192,colplayer,"('harmony', 'harmony')",0.9090909090909092,False,"42,24,5,3","25,10,15,2","4,3,2,1","4,2,3,1",79.0,False,True,P1,0.9090909090909092
385,193,rowplayer,"('staghunt', 'peace')",0.7027027027027027,True,"19,1,4,4","31,7,16,13",,,,,,,
386,193,colplayer,"('peace', 'staghunt')",0.8918918918918919,True,"31,16,7,13","19,4,1,4",,,,,,,
387,194,rowplayer,"('staghunt', 'deadlock')",0.5142857142857142,True,"33,1,8,8","9,13,2,12",,,,,,,
388,194,colplayer,"('deadlock', 'staghunt')",0.2564102564102564,True,"9,2,13,12","33,8,1,8",,,,,,,
389,195,rowplayer,"('harmony', 'chicken')",0.8780487804878049,False,"14,10,6,4","12,18,8,2","4,3,2,1","3,4,2,1",75.0,False,True,P1,0.8780487804878049
390,195,colplayer,"('chicken', 'harmony')",0.6052631578947368,False,"12,8,18,2","14,6,10,4","3,2,4,1","4,2,3,1",31.0,False,True,P1,0.6052631578947368
391,196,rowplayer,"('peace', 'safecoord')",0.9130434782608696,False,"31,3,1,2","32,6,20,21","4,3,1,2","4,1,2,3",113.0,False,True,P1,0.9130434782608696
392,196,colplayer,"('safecoord', 'peace')",0.8666666666666667,False,"32,20,6,21","31,1,3,2","4,2,1,3","4,1,3,2",58.0,False,True,P1,0.8666666666666667
393,197,rowplayer,"('safecoord', 'assurance')",0.8846153846153846,False,"32,10,1,20","6,3,2,4","4,2,1,3","4,2,1,3",49.0,False,True,P1,0.8846153846153846
394,197,colplayer,"('assurance', 'safecoord')",0.6585365853658537,False,"6,2,3,4","32,1,10,20","4,1,2,3","4,1,2,3",5.0,False,True,P1,0.6585365853658537
395,198,rowplayer,"('staghunt', 'safecoord')",0.8863636363636364,False,"33,4,7,5","31,3,13,18","4,1,3,2","4,1,2,3",137.0,False,True,P1,0.8863636363636364
396,198,colplayer,"('safecoord', 'staghunt')",0.8918918918918919,False,"31,13,3,18","33,7,4,5","4,2,1,3","4,3,1,2",60.0,False,True,P1,0.8918918918918919
397,199,rowplayer,"('dilemma', 'concord')",0.2972972972972973,False,"8,1,14,4","32,26,9,2","3,1,4,2","4,3,2,1",129.0,False,True,P1,0.2972972972972973
398,199,colplayer,"('concord', 'dilemma')",0.902439024390244,False,"32,9,26,2","8,14,1,4","4,2,3,1","3,4,1,2",107.0,False,True,P1,0.902439024390244
399,200,rowplayer,"('concord', 'harmony')",0.8181818181818182,False,"23,12,20,10","17,4,9,1","4,2,3,1","4,2,3,1",103.0,False,True,P1,0.8181818181818182
400,200,colplayer,"('harmony', 'concord')",0.9230769230769232,False,"17,9,4,1","23,20,12,10","4,3,2,1","4,3,2,1",81.0,False,True,P1,0.9230769230769232
401,201,rowplayer,"('hero', 'concord')",0.2051282051282051,True,"3,19,19,10","34,12,11,1",,,,,,,
402,201,colplayer,"('concord', 'hero')",0.8863636363636364,True,"34,11,12,1","3,19,19,10",,,,,,,
403,202,rowplayer,"('hero', 'chicken')",0.4642857142857143,False,"2,20,38,5","19,24,18,15","1,3,4,2","3,4,2,1",87.0,False,True,P1,0.4642857142857143
404,202,colplayer,"('chicken', 'hero')",0.6206896551724138,False,"19,18,24,15","2,38,20,5","3,2,4,1","1,4,3,2",32.0,False,True,P1,0.6206896551724138
405,203,rowplayer,"('deadlock', 'hero')",0.083333333,True,"4,1,17,11","2,12,6,6",,,,,,,
406,203,colplayer,"('hero', 'deadlock')",0.2765957446808511,True,"2,6,12,6","4,17,1,11",,,,,,,
407,204,rowplayer,"('hero', 'concord')",0.03125,False,"1,10,34,9","21,20,14,3","1,3,4,2","4,3,2,1",93.0,False,True,P1,0.03125
408,204,colplayer,"('concord', 'hero')",0.8787878787878788,False,"21,14,20,3","1,34,10,9","4,2,3,1","1,4,3,2",104.0,False,True,P1,0.8787878787878788
409,205,rowplayer,"('chicken', 'leader')",0.6341463414634146,True,"22,11,43,4","1,13,5,1",,,,,,,
410,205,colplayer,"('leader', 'chicken')",0.4242424242424242,True,"1,5,13,1","22,43,11,4",,,,,,,
411,206,rowplayer,"('peace', 'staghunt')",0.868421053,True,"27,11,8,8","24,13,4,5",,,,,,,
412,206,colplayer,"('staghunt', 'peace')",0.8529411764705882,True,"24,4,13,5","27,8,11,8",,,,,,,
413,207,rowplayer,"('staghunt', 'staghunt')",0.925,True,"8,1,2,1","32,17,13,16",,,,,,,
414,207,colplayer,"('staghunt', 'staghunt')",0.7631578947368421,True,"32,13,17,16","8,2,1,1",,,,,,,
415,208,rowplayer,"('leader', 'peace')",0.28,False,"10,12,25,8","26,1,20,12","2,3,4,1","4,1,3,2",22.0,False,True,P1,0.28
416,208,colplayer,"('peace', 'leader')",0.967741935,False,"26,20,1,12","10,25,12,8","4,3,1,2","2,4,3,1",110.0,False,True,P1,0.967741935
417,209,rowplayer,"('staghunt', 'concord')",0.5686274509803921,False,"12,3,11,8","28,12,7,2","4,1,3,2","4,3,2,1",141.0,False,True,P1,0.5686274509803921
418,209,colplayer,"('concord', 'staghunt')",0.8285714285714286,False,"28,7,12,2","12,11,3,8","4,2,3,1","4,3,1,2",108.0,False,True,P1,0.8285714285714286
419,210,rowplayer,"('harmony', 'staghunt')",0.9767441860465116,False,"19,15,8,5","39,25,7,8","4,3,2,1","4,3,1,2",84.0,False,True,P1,0.9767441860465116
420,210,colplayer,"('staghunt', 'harmony')",0.8536585365853658,False,"39,7,25,8","19,8,15,5","4,1,3,2","4,2,3,1",139.0,False,True,P1,0.8536585365853658
421,211,rowplayer,"('harmony', 'deadlock')",0.9333333333333332,True,"17,17,15,9","6,28,3,22",,,,,,,
422,211,colplayer,"('deadlock', 'harmony')",0.069767442,True,"6,3,28,22","17,15,17,9",,,,,,,
423,212,rowplayer,"('deadlock', 'concord')",0.3157894736842105,False,"19,15,35,30","33,20,16,2","2,1,4,3","4,3,2,1",69.0,False,True,P1,0.3157894736842105
424,212,colplayer,"('concord', 'deadlock')",0.9333333333333332,False,"33,16,20,2","19,35,15,30","4,2,3,1","2,4,1,3",102.0,False,True,P1,0.9333333333333332
425,213,rowplayer,"('concord', 'compromise')",0.8333333333333334,False,"24,11,18,1","3,15,11,12","4,2,3,1","1,4,2,3",100.0,False,True,P1,0.8333333333333334
426,213,colplayer,"('compromise', 'concord')",0.2564102564102564,False,"3,11,15,12","24,18,11,1","1,2,4,3","4,3,2,1",45.0,False,True,P1,0.2564102564102564
427,214,rowplayer,"('peace', 'chicken')",0.925925925925926,True,"42,31,2,11","32,38,24,24",,,,,,,
428,214,colplayer,"('chicken', 'peace')",0.25,True,"32,24,38,24","42,2,31,11",,,,,,,
429,215,rowplayer,"('dilemma', 'dilemma')",0.3428571428571428,False,"17,5,23,9","7,10,2,3","3,1,4,2","3,4,1,2",131.0,False,True,P1,0.3428571428571428
430,215,colplayer,"('dilemma', 'dilemma')",0.303030303030303,False,"7,2,10,3","17,23,5,9","3,1,4,2","3,4,1,2",131.0,False,True,P1,0.303030303030303
431,216,rowplayer,"('hero', 'concord')",0.3939393939393939,False,"5,13,43,8","17,12,2,1","1,3,4,2","4,3,2,1",93.0,False,True,P1,0.3939393939393939
432,216,colplayer,"('concord', 'hero')",0.8378378378378378,False,"17,2,12,1","5,43,13,8","4,2,3,1","1,4,3,2",104.0,False,True,P1,0.8378378378378378
433,217,rowplayer,"('staghunt', 'compromise')",0.4166666666666667,False,"29,3,22,4","4,27,5,6","4,1,3,2","1,4,2,3",136.0,False,True,P1,0.4166666666666667
434,217,colplayer,"('compromise', 'staghunt')",0.2045454545454545,False,"4,5,27,6","29,22,3,4","1,2,4,3","4,3,1,2",48.0,False,True,P1,0.2045454545454545
435,218,rowplayer,"('deadlock', 'harmony')",0.1153846153846153,False,"6,1,32,14","20,8,11,1","2,1,4,3","4,2,3,1",67.0,False,True,P1,0.1153846153846153
436,218,colplayer,"('harmony', 'deadlock')",0.8536585365853658,False,"20,11,8,1","6,32,1,14","4,3,2,1","2,4,1,3",78.0,False,True,P1,0.8536585365853658
437,219,rowplayer,"('safecoord', 'dilemma')",0.9523809523809524,False,"33,3,2,4","8,11,1,5","4,2,1,3","3,4,1,2",59.0,False,True,P1,0.9523809523809524
438,219,colplayer,"('dilemma', 'safecoord')",0.3,False,"8,1,11,5","33,2,3,4","3,1,4,2","4,1,2,3",125.0,False,True,P1,0.3
439,220,rowplayer,"('hero', 'deadlock')",0.3125,False,"4,14,38,10","18,29,13,21","1,3,4,2","2,4,1,3",90.0,False,True,P1,0.3125
440,220,colplayer,"('deadlock', 'hero')",0.2,False,"18,13,29,21","4,38,14,10","2,1,4,3","1,4,3,2",68.0,False,True,P1,0.2
441,221,rowplayer,"('compromise', 'chicken')",0.1052631578947368,True,"1,1,23,3","13,19,9,8",,,,,,,
442,221,colplayer,"('chicken', 'compromise')",0.4827586206896552,True,"13,9,19,8","1,23,1,3",,,,,,,
443,222,rowplayer,"('deadlock', 'hero')",0.1333333333333333,False,"5,1,37,6","3,31,8,5","2,1,4,3","1,4,3,2",68.0,False,True,P1,0.1333333333333333
444,222,colplayer,"('hero', 'deadlock')",0.3478260869565217,False,"3,8,31,5","5,37,1,6","1,3,4,2","2,4,1,3",90.0,False,True,P1,0.3478260869565217
445,223,rowplayer,"('peace', 'deadlock')",1.0,False,"16,12,1,2","5,13,4,8","4,3,1,2","2,4,1,3",114.0,False,True,P1,1.0
446,223,colplayer,"('deadlock', 'peace')",0.073170732,False,"5,4,13,8","16,1,12,2","2,1,4,3","4,1,3,2",70.0,False,True,P1,0.073170732
447,224,rowplayer,"('leader', 'deadlock')",0.6111111111111112,False,"8,9,14,3","14,25,11,22","2,3,4,1","2,4,1,3",18.0,False,True,P1,0.6111111111111112
448,224,colplayer,"('deadlock', 'leader')",0.2941176470588235,False,"14,11,25,22","8,14,9,3","2,1,4,3","2,4,3,1",62.0,False,True,P1,0.2941176470588235
449,225,rowplayer,"('chicken', 'harmony')",0.2972972972972973,False,"6,5,21,1","27,8,18,7","3,2,4,1","4,2,3,1",31.0,False,True,P1,0.2972972972972973
450,225,colplayer,"('harmony', 'chicken')",0.8620689655172413,False,"27,18,8,7","6,21,5,1","4,3,2,1","3,4,2,1",75.0,False,True,P1,0.8620689655172413
451,226,rowplayer,"('safecoord', 'peace')",0.9333333333333332,False,"35,13,6,17","18,3,8,7","4,2,1,3","4,1,3,2",58.0,False,True,P1,0.9333333333333332
452,226,colplayer,"('peace', 'safecoord')",0.9,False,"18,8,3,7","35,6,13,17","4,3,1,2","4,1,2,3",113.0,False,True,P1,0.9
453,227,rowplayer,"('safecoord', 'staghunt')",0.926829268,False,"45,18,3,23","36,18,10,13","4,2,1,3","4,3,1,2",60.0,False,True,P1,0.926829268
454,227,colplayer,"('staghunt', 'safecoord')",0.7714285714285715,False,"36,10,18,13","45,3,18,23","4,1,3,2","4,1,2,3",137.0,False,True,P1,0.7714285714285715
455,228,rowplayer,"('staghunt', 'harmony')",0.8292682926829268,False,"39,3,28,9","16,4,7,1","4,1,3,2","4,2,3,1",139.0,False,True,P1,0.8292682926829268
456,228,colplayer,"('harmony', 'staghunt')",0.9473684210526316,False,"16,7,4,1","39,28,3,9","4,3,2,1","4,3,1,2",84.0,False,True,P1,0.9473684210526316
457,229,rowplayer,"('deadlock', 'staghunt')",0.1944444444444444,True,"14,5,18,14","24,7,2,6",,,,,,,
458,229,colplayer,"('staghunt', 'deadlock')",0.6285714285714286,True,"24,2,7,6","14,18,5,14",,,,,,,
459,230,rowplayer,"('leader', 'dilemma')",0.8214285714285714,False,"6,27,36,2","7,17,2,3","2,3,4,1","3,4,1,2",23.0,False,True,P1,0.8214285714285714
460,230,colplayer,"('dilemma', 'leader')",0.1666666666666666,False,"7,2,17,3","6,36,27,2","3,1,4,2","2,4,3,1",122.0,False,True,P1,0.1666666666666666
461,231,rowplayer,"('dilemma', 'harmony')",0.2857142857142857,False,"11,2,15,7","30,8,12,6","3,1,4,2","4,2,3,1",127.0,False,True,P1,0.2857142857142857
462,231,colplayer,"('harmony', 'dilemma')",0.975,False,"30,12,8,6","11,15,2,7","4,3,2,1","3,4,1,2",83.0,False,True,P1,0.975
463,232,rowplayer,"('hero', 'harmony')",0.1794871794871795,True,"2,8,11,8","30,7,9,5",,,,,,,
464,232,colplayer,"('harmony', 'hero')",0.9574468085106383,True,"30,9,7,5","2,11,8,8",,,,,,,
465,233,rowplayer,"('chicken', 'chicken')",0.8205128205128205,False,"21,16,27,4","26,45,20,5","3,2,4,1","3,4,2,1",27.0,False,True,P1,0.8205128205128205
466,233,colplayer,"('chicken', 'chicken')",0.8275862068965517,False,"26,20,45,5","21,27,16,4","3,2,4,1","3,4,2,1",27.0,False,True,P1,0.8275862068965517
467,234,rowplayer,"('deadlock', 'leader')",0.0,False,"5,2,39,16","9,30,16,1","2,1,4,3","2,4,3,1",62.0,False,True,P1,0.0
468,234,colplayer,"('leader', 'deadlock')",0.7567567567567568,False,"9,16,30,1","5,39,2,16","2,3,4,1","2,4,1,3",18.0,False,True,P1,0.7567567567567568
469,235,rowplayer,"('assurance', 'staghunt')",0.8974358974358975,False,"37,3,5,8","19,15,1,5","4,1,2,3","4,3,1,2",12.0,False,True,P1,0.8974358974358975
470,235,colplayer,"('staghunt', 'assurance')",0.6428571428571429,False,"19,1,15,5","37,5,3,8","4,1,3,2","4,2,1,3",133.0,False,True,P1,0.6428571428571429
471,236,rowplayer,"('peace', 'harmony')",0.8888888888888888,False,"29,9,1,4","42,37,38,11","4,3,1,2","4,2,3,1",115.0,False,True,P1,0.8888888888888888
472,236,colplayer,"('harmony', 'peace')",0.8888888888888888,False,"42,38,37,11","29,1,9,4","4,3,2,1","4,1,3,2",82.0,False,True,P1,0.8888888888888888
473,237,rowplayer,"('leader', 'chicken')",0.8837209302325582,True,"25,26,36,11","8,23,1,1",,,,,,,
474,237,colplayer,"('chicken', 'leader')",0.1707317073170731,True,"8,1,23,1","25,36,26,11",,,,,,,
475,238,rowplayer,"('leader', 'chicken')",0.3023255813953488,False,"3,9,26,1","14,22,10,2","2,3,4,1","3,4,2,1",15.0,False,True,P1,0.3023255813953488
476,238,colplayer,"('chicken', 'leader')",0.6875,False,"14,10,22,2","3,26,9,1","3,2,4,1","2,4,3,1",26.0,False,True,P1,0.6875
477,239,rowplayer,"('harmony', 'concord')",0.8974358974358975,True,"34,5,5,3","37,33,25,1",,,,,,,
478,239,colplayer,"('concord', 'harmony')",0.9411764705882352,True,"37,25,33,1","34,5,5,3",,,,,,,
479,240,rowplayer,"('compromise', 'deadlock')",0.1875,False,"3,9,16,13","4,25,2,7","1,2,4,3","2,4,1,3",42.0,False,True,P1,0.1875
480,240,colplayer,"('deadlock', 'compromise')",0.09375,False,"4,2,25,7","3,16,9,13","2,1,4,3","1,4,2,3",64.0,False,True,P1,0.09375
481,241,rowplayer,"('peace', 'hero')",0.9696969696969696,False,"17,7,1,2","7,28,22,11","4,3,1,2","1,4,3,2",116.0,False,True,P1,0.9696969696969696
482,241,colplayer,"('hero', 'peace')",0.3414634146341463,False,"7,22,28,11","17,1,7,2","1,3,4,2","4,1,3,2",94.0,False,True,P1,0.3414634146341463
483,242,rowplayer,"('assurance', 'dilemma')",0.3902439024390244,False,"34,3,14,15","13,28,1,4","4,1,2,3","3,4,1,2",11.0,False,True,P1,0.3902439024390244
484,242,colplayer,"('dilemma', 'assurance')",0.3243243243243243,False,"13,1,28,4","34,14,3,15","3,1,4,2","4,2,1,3",121.0,False,True,P1,0.3243243243243243
485,243,rowplayer,"('assurance', 'staghunt')",0.5,False,"19,1,9,11","28,16,4,15","4,1,2,3","4,3,1,2",12.0,False,True,P1,0.5
486,243,colplayer,"('staghunt', 'assurance')",0.5333333333333333,False,"28,4,16,15","19,9,1,11","4,1,3,2","4,2,1,3",133.0,False,True,P1,0.5333333333333333
487,244,rowplayer,"('safecoord', 'peace')",0.8857142857142857,False,"33,4,3,9","21,2,18,3","4,2,1,3","4,1,3,2",58.0,False,True,P1,0.8857142857142857
488,244,colplayer,"('peace', 'safecoord')",0.8863636363636364,False,"21,18,2,3","33,3,4,9","4,3,1,2","4,1,2,3",113.0,False,True,P1,0.8863636363636364
489,245,rowplayer,"('peace', 'staghunt')",0.9285714285714286,True,"30,16,6,6","27,15,5,13",,,,,,,
490,245,colplayer,"('staghunt', 'peace')",0.7567567567567568,True,"27,5,15,13","30,6,16,6",,,,,,,
491,246,rowplayer,"('concord', 'harmony')",0.8863636363636364,False,"14,7,8,5","31,10,13,9","4,2,3,1","4,2,3,1",103.0,False,True,P1,0.8863636363636364
492,246,colplayer,"('harmony', 'concord')",0.9736842105263158,False,"31,13,10,9","14,8,7,5","4,3,2,1","4,3,2,1",81.0,False,True,P1,0.9736842105263158
493,247,rowplayer,"('assurance', 'compromise')",0.5952380952380952,True,"20,2,2,7","1,31,4,10",,,,,,,
494,247,colplayer,"('compromise', 'assurance')",0.1351351351351351,True,"1,4,31,10","20,2,2,7",,,,,,,
495,248,rowplayer,"('deadlock', 'dilemma')",0.2222222222222222,True,"9,3,12,9","15,31,5,13",,,,,,,
496,248,colplayer,"('dilemma', 'deadlock')",0.2727272727272727,True,"15,5,31,13","9,12,3,9",,,,,,,
497,249,rowplayer,"('compromise', 'chicken')",0.0588235294117647,True,"1,1,10,6","39,41,29,12",,,,,,,
498,249,colplayer,"('chicken', 'compromise')",0.8048780487804879,True,"39,29,41,12","1,10,1,6",,,,,,,
499,250,rowplayer,"('chicken', 'staghunt')",0.1860465116279069,True,"8,3,24,2","22,20,16,16",,,,,,,
500,250,colplayer,"('staghunt', 'chicken')",0.8611111111111112,True,"22,16,20,16","8,24,3,2",,,,,,,
501,251,rowplayer,"('leader', 'dilemma')",0.3191489361702128,True,"3,4,20,3","18,22,1,7",,,,,,,
502,251,colplayer,"('dilemma', 'leader')",0.1875,True,"18,1,22,7","3,20,4,3",,,,,,,
503,252,rowplayer,"('staghunt', 'deadlock')",0.3513513513513513,False,"24,4,22,9","6,34,2,12","4,1,3,2","2,4,1,3",138.0,False,True,P1,0.3513513513513513
504,252,colplayer,"('deadlock', 'staghunt')",0.3333333333333333,False,"6,2,34,12","24,22,4,9","2,1,4,3","4,3,1,2",72.0,False,True,P1,0.3333333333333333
505,253,rowplayer,"('harmony', 'leader')",0.9111111111111112,False,"26,16,12,5","2,17,7,1","4,3,2,1","2,4,3,1",74.0,False,True,P1,0.9111111111111112
506,253,colplayer,"('leader', 'harmony')",0.282051282051282,False,"2,7,17,1","26,12,16,5","2,3,4,1","4,2,3,1",19.0,False,True,P1,0.282051282051282
507,254,rowplayer,"('chicken', 'peace')",0.4102564102564102,False,"7,5,8,3","44,1,35,28","3,2,4,1","4,1,3,2",34.0,False,True,P1,0.4102564102564102
508,254,colplayer,"('peace', 'chicken')",0.9117647058823528,False,"44,35,1,28","7,8,5,3","4,3,1,2","3,4,2,1",111.0,False,True,P1,0.9117647058823528
509,255,rowplayer,"('dilemma', 'staghunt')",0.5277777777777778,False,"14,8,22,9","30,7,2,6","3,1,4,2","4,3,1,2",132.0,False,True,P1,0.5277777777777778
510,255,colplayer,"('staghunt', 'dilemma')",0.7674418604651163,False,"30,2,7,6","14,22,8,9","4,1,3,2","3,4,1,2",143.0,False,True,P1,0.7674418604651163
511,256,rowplayer,"('hero', 'peace')",0.051282051,True,"11,16,28,16","46,15,33,26",,,,,,,
512,256,colplayer,"('peace', 'hero')",0.9111111111111112,True,"46,33,15,26","11,28,16,16",,,,,,,
513,257,rowplayer,"('chicken', 'leader')",0.2424242424242424,True,"8,8,33,6","2,44,12,1",,,,,,,
514,257,colplayer,"('leader', 'chicken')",0.4102564102564102,True,"2,12,44,1","8,33,8,6",,,,,,,
515,258,rowplayer,"('compromise', 'leader')",0.108695652173913,False,"1,12,28,21","6,31,18,2","1,2,4,3","2,4,3,1",38.0,False,True,P1,0.108695652173913
516,258,colplayer,"('leader', 'compromise')",0.7441860465116279,False,"6,18,31,2","1,28,12,21","2,3,4,1","1,4,2,3",16.0,False,True,P1,0.7441860465116279
517,259,rowplayer,"('safecoord', 'assurance')",0.8214285714285714,True,"15,10,5,15","42,3,1,4",,,,,,,
518,259,colplayer,"('assurance', 'safecoord')",0.7818181818181819,True,"42,1,3,4","15,5,10,15",,,,,,,
519,260,rowplayer,"('harmony', 'leader')",0.9583333333333334,True,"29,23,20,4","8,11,11,2",,,,,,,
520,260,colplayer,"('leader', 'harmony')",0.6923076923076923,True,"8,11,11,2","29,20,23,4",,,,,,,
521,261,rowplayer,"('compromise', 'peace')",0.1071428571428571,False,"3,17,25,20","24,1,13,10","1,2,4,3","4,1,3,2",46.0,False,True,P1,0.1071428571428571
522,261,colplayer,"('peace', 'compromise')",0.9615384615384616,False,"24,13,1,10","3,25,17,20","4,3,1,2","1,4,2,3",112.0,False,True,P1,0.9615384615384616
523,262,rowplayer,"('safecoord', 'concord')",0.8333333333333334,False,"39,17,6,24","29,20,14,10","4,2,1,3","4,3,2,1",57.0,False,True,P1,0.8333333333333334
524,262,colplayer,"('concord', 'safecoord')",0.8604651162790697,False,"29,14,20,10","39,6,17,24","4,2,3,1","4,1,2,3",101.0,False,True,P1,0.8604651162790697
525,263,rowplayer,"('compromise', 'deadlock')",0.1764705882352941,False,"1,7,27,13","5,41,2,7","1,2,4,3","2,4,1,3",42.0,False,True,P1,0.1764705882352941
526,263,colplayer,"('deadlock', 'compromise')",0.073170732,False,"5,2,41,7","1,27,7,13","2,1,4,3","1,4,2,3",64.0,False,True,P1,0.073170732
527,264,rowplayer,"('peace', 'harmony')",0.8709677419354839,True,"27,21,2,14","34,15,15,7",,,,,,,
528,264,colplayer,"('harmony', 'peace')",0.8064516129032258,True,"34,15,15,7","27,2,21,14",,,,,,,
529,265,rowplayer,"('assurance', 'dilemma')",0.4871794871794871,False,"25,4,5,13","16,33,1,10","4,1,2,3","3,4,1,2",11.0,False,True,P1,0.4871794871794871
530,265,colplayer,"('dilemma', 'assurance')",0.2926829268292683,False,"16,1,33,10","25,5,4,13","3,1,4,2","4,2,1,3",121.0,False,True,P1,0.2926829268292683
531,266,rowplayer,"('deadlock', 'dilemma')",0.3392857142857143,True,"15,9,18,15","33,36,5,7",,,,,,,
532,266,colplayer,"('dilemma', 'deadlock')",0.3157894736842105,True,"33,5,36,7","15,18,9,15",,,,,,,
533,267,rowplayer,"('peace', 'deadlock')",0.7906976744186046,False,"23,12,4,11","9,43,6,17","4,3,1,2","2,4,1,3",114.0,False,True,P1,0.7906976744186046
534,267,colplayer,"('deadlock', 'peace')",0.0222222222222222,False,"9,6,43,17","23,4,12,11","2,1,4,3","4,1,3,2",70.0,False,True,P1,0.0222222222222222
535,268,rowplayer,"('harmony', 'hero')",0.896551724,False,"19,11,7,4","2,37,14,3","4,3,2,1","1,4,3,2",80.0,False,True,P1,0.896551724
536,268,colplayer,"('hero', 'harmony')",0.1904761904761904,False,"2,14,37,3","19,7,11,4","1,3,4,2","4,2,3,1",91.0,False,True,P1,0.1904761904761904
537,269,rowplayer,"('safecoord', 'leader')",0.8461538461538461,True,"36,8,2,8","10,27,15,3",,,,,,,
538,269,colplayer,"('leader', 'safecoord')",0.4090909090909091,True,"10,15,27,3","36,2,8,8",,,,,,,
539,270,rowplayer,"('concord', 'concord')",0.8444444444444444,False,"28,4,8,1","10,9,8,5","4,2,3,1","4,3,2,1",105.0,False,True,P1,0.8444444444444444
540,270,colplayer,"('concord', 'concord')",0.9090909090909092,False,"10,8,9,5","28,8,4,1","4,2,3,1","4,3,2,1",105.0,False,True,P1,0.9090909090909092
541,271,rowplayer,"('deadlock', 'assurance')",0.083333333,True,"5,2,38,16","9,3,3,8",,,,,,,
542,271,colplayer,"('assurance', 'deadlock')",0.5106382978723404,True,"9,3,3,8","5,38,2,16",,,,,,,
543,272,rowplayer,"('compromise', 'hero')",0.085714286,False,"6,8,40,20","4,13,10,8","1,2,4,3","1,4,3,2",44.0,False,True,P1,0.085714286
544,272,colplayer,"('hero', 'compromise')",0.5,False,"4,10,13,8","6,40,8,20","1,3,4,2","1,4,2,3",88.0,False,True,P1,0.5
545,273,rowplayer,"('safecoord', 'concord')",0.7631578947368421,False,"30,3,1,20","21,17,9,1","4,2,1,3","4,3,2,1",57.0,False,True,P1,0.7631578947368421
546,273,colplayer,"('concord', 'safecoord')",1.0,False,"21,9,17,1","30,1,3,20","4,2,3,1","4,1,2,3",101.0,False,True,P1,1.0
547,274,rowplayer,"('staghunt', 'concord')",0.5882352941176471,False,"33,4,24,12","30,10,9,3","4,1,3,2","4,3,2,1",141.0,False,True,P1,0.5882352941176471
548,274,colplayer,"('concord', 'staghunt')",0.8809523809523809,False,"30,9,10,3","33,24,4,12","4,2,3,1","4,3,1,2",108.0,False,True,P1,0.8809523809523809
549,275,rowplayer,"('staghunt', 'compromise')",0.3333333333333333,True,"31,3,24,6","5,30,5,19",,,,,,,
550,275,colplayer,"('compromise', 'staghunt')",0.1666666666666666,True,"5,5,30,19","31,24,3,6",,,,,,,
551,276,rowplayer,"('staghunt', 'harmony')",0.5277777777777778,False,"33,3,21,12","35,29,31,10","4,1,3,2","4,2,3,1",139.0,False,True,P1,0.5277777777777778
552,276,colplayer,"('harmony', 'staghunt')",0.9545454545454546,False,"35,31,29,10","33,21,3,12","4,3,2,1","4,3,1,2",84.0,False,True,P1,0.9545454545454546
553,277,rowplayer,"('compromise', 'staghunt')",0.225,False,"5,11,31,18","14,13,6,7","1,2,4,3","4,3,1,2",48.0,False,True,P1,0.225
554,277,colplayer,"('staghunt', 'compromise')",0.53125,False,"14,6,13,7","5,31,11,18","4,1,3,2","1,4,2,3",136.0,False,True,P1,0.53125
555,278,rowplayer,"('peace', 'compromise')",0.9428571428571428,False,"34,9,1,6","10,14,11,13","4,3,1,2","1,4,2,3",112.0,False,True,P1,0.9428571428571428
556,278,colplayer,"('compromise', 'peace')",0.2926829268292683,False,"10,11,14,13","34,1,9,6","1,2,4,3","4,1,3,2",46.0,False,True,P1,0.2926829268292683
557,279,rowplayer,"('safecoord', 'peace')",0.8571428571428571,True,"27,16,3,22","14,1,12,1",,,,,,,
558,279,colplayer,"('peace', 'safecoord')",0.8214285714285714,True,"14,12,1,1","27,3,16,22",,,,,,,
559,280,rowplayer,"('leader', 'peace')",0.4634146341463415,False,"14,20,23,1","26,3,23,19","2,3,4,1","4,1,3,2",22.0,False,True,P1,0.4634146341463415
560,280,colplayer,"('peace', 'leader')",0.9047619047619048,False,"26,23,3,19","14,23,20,1","4,3,1,2","2,4,3,1",110.0,False,True,P1,0.9047619047619048
561,281,rowplayer,"('assurance', 'deadlock')",0.6222222222222222,False,"11,3,4,6","12,27,7,21","4,1,2,3","2,4,1,3",6.0,False,True,P1,0.6222222222222222
562,281,colplayer,"('deadlock', 'assurance')",0.225,False,"12,7,27,21","11,4,3,6","2,1,4,3","4,2,1,3",61.0,False,True,P1,0.225
563,282,rowplayer,"('safecoord', 'staghunt')",0.8947368421052632,True,"33,6,2,6","23,19,4,17",,,,,,,
564,282,colplayer,"('staghunt', 'safecoord')",0.4827586206896552,True,"23,4,19,17","33,2,6,6",,,,,,,
565,283,rowplayer,"('harmony', 'safecoord')",0.975609756,False,"21,17,9,4","21,3,13,18","4,3,2,1","4,1,2,3",77.0,False,True,P1,0.975609756
566,283,colplayer,"('safecoord', 'harmony')",0.9555555555555556,False,"21,13,3,18","21,9,17,4","4,2,1,3","4,2,3,1",55.0,False,True,P1,0.9555555555555556
567,284,rowplayer,"('hero', 'chicken')",0.6296296296296297,False,"1,18,19,5","21,36,9,1","1,3,4,2","3,4,2,1",87.0,False,True,P1,0.6296296296296297
568,284,colplayer,"('chicken', 'hero')",0.4848484848484848,False,"21,9,36,1","1,19,18,5","3,2,4,1","1,4,3,2",32.0,False,True,P1,0.4848484848484848
569,285,rowplayer,"('leader', 'chicken')",0.6818181818181818,False,"7,14,25,5","23,33,14,1","2,3,4,1","3,4,2,1",15.0,False,True,P1,0.6818181818181818
570,285,colplayer,"('chicken', 'leader')",0.8055555555555556,False,"23,14,33,1","7,25,14,5","3,2,4,1","2,4,3,1",26.0,False,True,P1,0.8055555555555556
571,286,rowplayer,"('dilemma', 'dilemma')",0.2285714285714285,False,"22,3,26,16","19,34,6,10","3,1,4,2","3,4,1,2",131.0,False,True,P1,0.2285714285714285
572,286,colplayer,"('dilemma', 'dilemma')",0.2571428571428571,False,"19,6,34,10","22,26,3,16","3,1,4,2","3,4,1,2",131.0,False,True,P1,0.2571428571428571
573,287,rowplayer,"('safecoord', 'dilemma')",0.8611111111111112,False,"39,23,17,27","10,23,1,4","4,2,1,3","3,4,1,2",59.0,False,True,P1,0.8611111111111112
574,287,colplayer,"('dilemma', 'safecoord')",0.15,False,"10,1,23,4","39,17,23,27","3,1,4,2","4,1,2,3",125.0,False,True,P1,0.15
575,288,rowplayer,"('hero', 'compromise')",0.1951219512195122,True,"7,23,30,23","10,24,17,20",,,,,,,
576,288,colplayer,"('compromise', 'hero')",0.108695652173913,True,"10,17,24,20","7,30,23,23",,,,,,,
577,289,rowplayer,"('assurance', 'peace')",0.5151515151515151,True,"20,1,7,19","30,3,6,3",,,,,,,
578,289,colplayer,"('peace', 'assurance')",0.94,True,"30,6,3,3","20,7,1,19",,,,,,,
579,290,rowplayer,"('concord', 'dilemma')",0.8717948717948718,False,"21,5,10,3","15,36,7,13","4,2,3,1","3,4,1,2",107.0,False,True,P1,0.8717948717948718
580,290,colplayer,"('dilemma', 'concord')",0.36,False,"15,7,36,13","21,10,5,3","3,1,4,2","4,3,2,1",129.0,False,True,P1,0.36
581,291,rowplayer,"('staghunt', 'dilemma')",0.4857142857142857,False,"37,1,35,6","5,12,1,2","4,1,3,2","3,4,1,2",143.0,False,True,P1,0.4857142857142857
582,291,colplayer,"('dilemma', 'staghunt')",0.2142857142857142,False,"5,1,12,2","37,35,1,6","3,1,4,2","4,3,1,2",132.0,False,True,P1,0.2142857142857142
583,292,rowplayer,"('deadlock', 'assurance')",0.1081081081081081,False,"9,4,38,26","35,8,3,12","2,1,4,3","4,2,1,3",61.0,False,True,P1,0.1081081081081081
584,292,colplayer,"('assurance', 'deadlock')",0.4545454545454545,False,"35,3,8,12","9,38,4,26","4,1,2,3","2,4,1,3",6.0,False,True,P1,0.4545454545454545
585,293,rowplayer,"('dilemma', 'compromise')",0.0434782608695652,False,"10,2,19,7","3,29,14,16","3,1,4,2","1,4,2,3",124.0,False,True,P1,0.0434782608695652
586,293,colplayer,"('compromise', 'dilemma')",0.35,False,"3,14,29,16","10,19,2,7","1,2,4,3","3,4,1,2",47.0,False,True,P1,0.35
587,294,rowplayer,"('concord', 'leader')",0.8372093023255814,False,"14,11,12,3","6,42,8,5","4,2,3,1","2,4,3,1",98.0,False,True,P1,0.8372093023255814
588,294,colplayer,"('leader', 'concord')",0.2051282051282051,False,"6,8,42,5","14,12,11,3","2,3,4,1","4,3,2,1",21.0,False,True,P1,0.2051282051282051
589,295,rowplayer,"('assurance', 'assurance')",0.8048780487804879,False,"41,6,7,28","42,9,1,10","4,1,2,3","4,2,1,3",1.0,False,True,P1,0.8048780487804879
590,295,colplayer,"('assurance', 'assurance')",0.7,False,"42,1,9,10","41,7,6,28","4,1,2,3","4,2,1,3",1.0,False,True,P1,0.7
591,296,rowplayer,"('deadlock', 'staghunt')",0.3947368421052631,False,"7,1,9,8","19,14,1,5","2,1,4,3","4,3,1,2",72.0,False,True,P1,0.3947368421052631
592,296,colplayer,"('staghunt', 'deadlock')",0.625,False,"19,1,14,5","7,9,1,8","4,1,3,2","2,4,1,3",138.0,False,True,P1,0.625
593,297,rowplayer,"('harmony', 'chicken')",0.7741935483870968,True,"21,19,19,4","17,27,7,1",,,,,,,
594,297,colplayer,"('chicken', 'harmony')",0.4680851063829787,True,"17,7,27,1","21,19,19,4",,,,,,,
595,298,rowplayer,"('deadlock', 'leader')",0.075,False,"5,1,16,6","29,36,33,11","2,1,4,3","2,4,3,1",62.0,False,True,P1,0.075
596,298,colplayer,"('leader', 'deadlock')",0.9210526315789472,False,"29,33,36,11","5,16,1,6","2,3,4,1","2,4,1,3",18.0,False,True,P1,0.9210526315789472
597,299,rowplayer,"('compromise', 'staghunt')",0.3095238095238095,True,"9,11,36,27","14,12,5,5",,,,,,,
598,299,colplayer,"('staghunt', 'compromise')",0.6153846153846154,True,"14,5,12,5","9,36,11,27",,,,,,,
599,300,rowplayer,"('deadlock', 'compromise')",0.0232558139534883,False,"10,2,22,11","1,48,13,26","2,1,4,3","1,4,2,3",64.0,False,True,P1,0.0232558139534883
600,300,colplayer,"('compromise', 'deadlock')",0.15625,False,"1,13,48,26","10,22,2,11","1,2,4,3","2,4,1,3",42.0,False,True,P1,0.15625
601,301,rowplayer,"('hero', 'deadlock')",0.4130434782608695,True,"9,27,36,15","17,22,2,22",,,,,,,
602,301,colplayer,"('deadlock', 'hero')",0.1363636363636363,True,"17,2,22,22","9,36,27,15",,,,,,,
603,302,rowplayer,"('deadlock', 'staghunt')",0.08,True,"5,1,24,5","40,13,8,11",,,,,,,
604,302,colplayer,"('staghunt', 'deadlock')",0.7352941176470589,True,"40,8,13,11","5,24,1,5",,,,,,,
605,303,rowplayer,"('deadlock', 'hero')",0.0454545454545454,True,"7,5,13,7","11,43,40,14",,,,,,,
606,303,colplayer,"('hero', 'deadlock')",0.6551724137931034,True,"11,40,43,14","7,13,5,7",,,,,,,
607,304,rowplayer,"('assurance', 'chicken')",0.7894736842105263,True,"29,4,6,15","9,9,8,1",,,,,,,
608,304,colplayer,"('chicken', 'assurance')",0.945945945945946,True,"9,8,9,1","29,6,4,15",,,,,,,
609,305,rowplayer,"('dilemma', 'leader')",0.4444444444444444,False,"31,19,38,20","3,12,4,2","3,1,4,2","2,4,3,1",122.0,False,True,P1,0.4444444444444444
610,305,colplayer,"('leader', 'dilemma')",0.375,False,"3,4,12,2","31,38,19,20","2,3,4,1","3,4,1,2",23.0,False,True,P1,0.375
611,306,rowplayer,"('hero', 'peace')",0.1627906976744186,True,"11,15,23,15","33,2,20,10",,,,,,,
612,306,colplayer,"('peace', 'hero')",0.8666666666666667,True,"33,20,2,10","11,23,15,15",,,,,,,
613,307,rowplayer,"('concord', 'hero')",0.8596491228070176,False,"15,12,14,2","10,38,27,13","4,2,3,1","1,4,3,2",104.0,False,True,P1,0.8596491228070176
614,307,colplayer,"('hero', 'concord')",0.3333333333333333,False,"10,27,38,13","15,14,12,2","1,3,4,2","4,3,2,1",93.0,False,True,P1,0.3333333333333333
615,308,rowplayer,"('dilemma', 'harmony')",0.25,False,"11,1,13,4","14,8,12,4","3,1,4,2","4,2,3,1",127.0,False,True,P1,0.25
616,308,colplayer,"('harmony', 'dilemma')",0.9361702127659576,False,"14,12,8,4","11,13,1,4","4,3,2,1","3,4,1,2",83.0,False,True,P1,0.9361702127659576
617,309,rowplayer,"('leader', 'harmony')",0.217391304347826,True,"3,14,23,3","39,22,36,4",,,,,,,
618,309,colplayer,"('harmony', 'leader')",0.9,True,"39,36,22,4","3,23,14,3",,,,,,,
619,310,rowplayer,"('hero', 'hero')",0.4347826086956521,True,"1,3,5,2","11,32,19,19",,,,,,,
620,310,colplayer,"('hero', 'hero')",0.3,True,"11,19,32,19","1,5,3,2",,,,,,,
621,311,rowplayer,"('deadlock', 'staghunt')",0.0625,False,"3,2,23,11","36,31,1,10","2,1,4,3","4,3,1,2",72.0,False,True,P1,0.0625
622,311,colplayer,"('staghunt', 'deadlock')",0.4074074074074074,False,"36,1,31,10","3,23,2,11","4,1,3,2","2,4,1,3",138.0,False,True,P1,0.4074074074074074
623,312,rowplayer,"('concord', 'assurance')",0.9230769230769232,False,"25,4,14,1","39,12,4,24","4,2,3,1","4,2,1,3",97.0,False,True,P1,0.9230769230769232
624,312,colplayer,"('assurance', 'concord')",0.75,False,"39,4,12,24","25,14,4,1","4,1,2,3","4,3,2,1",9.0,False,True,P1,0.75
625,313,rowplayer,"('safecoord', 'peace')",0.7727272727272727,False,"16,6,1,14","19,2,17,16","4,2,1,3","4,1,3,2",58.0,False,True,P1,0.7727272727272727
626,313,colplayer,"('peace', 'safecoord')",1.0,False,"19,17,2,16","16,1,6,14","4,3,1,2","4,1,2,3",113.0,False,True,P1,1.0
627,314,rowplayer,"('deadlock', 'hero')",0.0277777777777777,False,"7,3,17,13","5,38,29,11","2,1,4,3","1,4,3,2",68.0,False,True,P1,0.0277777777777777
628,314,colplayer,"('hero', 'deadlock')",0.5277777777777778,False,"5,29,38,11","7,17,3,13","1,3,4,2","2,4,1,3",90.0,False,True,P1,0.5277777777777778
629,315,rowplayer,"('harmony', 'compromise')",0.9736842105263158,False,"18,12,8,1","5,13,9,10","4,3,2,1","1,4,2,3",76.0,False,True,P1,0.9736842105263158
630,315,colplayer,"('compromise', 'harmony')",0.1891891891891892,False,"5,9,13,10","18,8,12,1","1,2,4,3","4,2,3,1",43.0,False,True,P1,0.1891891891891892
631,316,rowplayer,"('concord', 'hero')",0.5952380952380952,False,"20,9,15,5","5,30,28,8","4,2,3,1","1,4,3,2",104.0,False,True,P1,0.5952380952380952
632,316,colplayer,"('hero', 'concord')",0.391304348,False,"5,28,30,8","20,15,9,5","1,3,4,2","4,3,2,1",93.0,False,True,P1,0.391304348
633,317,rowplayer,"('concord', 'staghunt')",0.9047619047619048,False,"37,5,34,1","11,8,3,7","4,2,3,1","4,3,1,2",108.0,False,True,P1,0.9047619047619048
634,317,colplayer,"('staghunt', 'concord')",0.5,False,"11,3,8,7","37,34,5,1","4,1,3,2","4,3,2,1",141.0,False,True,P1,0.5
635,318,rowplayer,"('harmony', 'staghunt')",0.8717948717948718,True,"18,13,2,1","40,31,5,5",,,,,,,
636,318,colplayer,"('staghunt', 'harmony')",0.9166666666666666,True,"40,5,31,5","18,2,13,1",,,,,,,
637,319,rowplayer,"('chicken', 'deadlock')",0.918918919,False,"31,30,35,4","4,16,1,6","3,2,4,1","2,4,1,3",30.0,False,True,P1,0.918918919
638,319,colplayer,"('deadlock', 'chicken')",0.2272727272727272,False,"4,1,16,6","31,35,30,4","2,1,4,3","3,4,2,1",63.0,False,True,P1,0.2272727272727272
639,320,rowplayer,"('deadlock', 'staghunt')",0.2666666666666666,False,"17,4,40,22","15,11,1,6","2,1,4,3","4,3,1,2",72.0,False,True,P1,0.2666666666666666
640,320,colplayer,"('staghunt', 'deadlock')",0.3939393939393939,False,"15,1,11,6","17,40,4,22","4,1,3,2","2,4,1,3",138.0,False,True,P1,0.3939393939393939
641,321,rowplayer,"('compromise', 'compromise')",0.1111111111111111,True,"3,5,22,8","1,18,1,14",,,,,,,
642,321,colplayer,"('compromise', 'compromise')",0.1351351351351351,True,"1,1,18,14","3,22,5,8",,,,,,,
643,322,rowplayer,"('peace', 'deadlock')",0.9130434782608696,False,"19,14,5,13","14,29,12,27","4,3,1,2","2,4,1,3",114.0,False,True,P1,0.9130434782608696
644,322,colplayer,"('deadlock', 'peace')",0.131578947368421,False,"14,12,29,27","19,5,14,13","2,1,4,3","4,1,3,2",70.0,False,True,P1,0.131578947368421
645,323,rowplayer,"('staghunt', 'safecoord')",0.9047619047619048,False,"37,7,9,8","33,2,6,29","4,1,3,2","4,1,2,3",137.0,False,True,P1,0.9047619047619048
646,323,colplayer,"('safecoord', 'staghunt')",0.902439024390244,False,"33,6,2,29","37,9,7,8","4,2,1,3","4,3,1,2",60.0,False,True,P1,0.902439024390244
647,324,rowplayer,"('harmony', 'harmony')",0.9230769230769232,False,"40,25,21,6","17,10,13,8","4,3,2,1","4,2,3,1",79.0,False,True,P1,0.9230769230769232
648,324,colplayer,"('harmony', 'harmony')",0.951219512195122,False,"17,13,10,8","40,21,25,6","4,3,2,1","4,2,3,1",79.0,False,True,P1,0.951219512195122
649,325,rowplayer,"('safecoord', 'dilemma')",0.71875,False,"37,6,4,35","19,31,2,10","4,2,1,3","3,4,1,2",59.0,False,True,P1,0.71875
650,325,colplayer,"('dilemma', 'safecoord')",0.3076923076923077,False,"19,2,31,10","37,4,6,35","3,1,4,2","4,1,2,3",125.0,False,True,P1,0.3076923076923077
651,326,rowplayer,"('hero', 'dilemma')",0.34375,True,"3,10,26,9","21,21,2,19",,,,,,,
652,326,colplayer,"('dilemma', 'hero')",0.078947368,True,"21,2,21,19","3,26,10,9",,,,,,,
653,327,rowplayer,"('hero', 'deadlock')",0.3333333333333333,False,"1,7,14,5","2,15,1,3","1,3,4,2","2,4,1,3",90.0,False,True,P1,0.3333333333333333
654,327,colplayer,"('deadlock', 'hero')",0.057142857,False,"2,1,15,3","1,14,7,5","2,1,4,3","1,4,3,2",68.0,False,True,P1,0.057142857
655,328,rowplayer,"('dilemma', 'leader')",0.1666666666666666,False,"10,1,14,6","3,13,6,2","3,1,4,2","2,4,3,1",122.0,False,True,P1,0.1666666666666666
656,328,colplayer,"('leader', 'dilemma')",0.5714285714285714,False,"3,6,13,2","10,14,1,6","2,3,4,1","3,4,1,2",23.0,False,True,P1,0.5714285714285714
657,329,rowplayer,"('assurance', 'harmony')",0.5476190476190477,False,"14,1,6,13","29,17,20,1","4,1,2,3","4,2,3,1",7.0,False,True,P1,0.5476190476190477
658,329,colplayer,"('harmony', 'assurance')",0.918918919,False,"29,20,17,1","14,6,1,13","4,3,2,1","4,2,1,3",73.0,False,True,P1,0.918918919
659,330,rowplayer,"('assurance', 'compromise')",0.0454545454545454,False,"38,2,23,35","1,28,11,17","4,1,2,3","1,4,2,3",4.0,False,True,P1,0.0454545454545454
660,330,colplayer,"('compromise', 'assurance')",0.1764705882352941,False,"1,11,28,17","38,23,2,35","1,2,4,3","4,2,1,3",37.0,False,True,P1,0.1764705882352941
661,331,rowplayer,"('peace', 'assurance')",0.926829268,False,"8,5,1,4","36,13,12,19","4,3,1,2","4,2,1,3",109.0,False,True,P1,0.926829268
662,331,colplayer,"('assurance', 'peace')",0.8,False,"36,12,13,19","8,1,5,4","4,1,2,3","4,1,3,2",10.0,False,True,P1,0.8
663,332,rowplayer,"('leader', 'leader')",0.4,False,"12,17,37,10","5,29,17,1","2,3,4,1","2,4,3,1",14.0,False,True,P1,0.4
664,332,colplayer,"('leader', 'leader')",0.6808510638297872,False,"5,17,29,1","12,37,17,10","2,3,4,1","2,4,3,1",14.0,False,True,P1,0.6808510638297872
665,333,rowplayer,"('peace', 'chicken')",0.9047619047619048,False,"39,5,1,3","6,15,2,1","4,3,1,2","3,4,2,1",111.0,False,True,P1,0.9047619047619048
666,333,colplayer,"('chicken', 'peace')",0.4,False,"6,2,15,1","39,1,5,3","3,2,4,1","4,1,3,2",34.0,False,True,P1,0.4
667,334,rowplayer,"('compromise', 'safecoord')",0.085714286,False,"4,10,28,14","39,5,7,25","1,2,4,3","4,1,2,3",41.0,False,True,P1,0.085714286
668,334,colplayer,"('safecoord', 'compromise')",0.675,False,"39,7,5,25","4,28,10,14","4,2,1,3","1,4,2,3",52.0,False,True,P1,0.675
669,335,rowplayer,"('concord', 'chicken')",0.8260869565217391,True,"15,6,10,2","5,19,5,4",,,,,,,
670,335,colplayer,"('chicken', 'concord')",0.35,True,"5,5,19,4","15,10,6,2",,,,,,,
671,336,rowplayer,"('peace', 'hero')",0.935483870967742,False,"22,17,3,4","7,29,24,21","4,3,1,2","1,4,3,2",116.0,False,True,P1,0.935483870967742
672,336,colplayer,"('hero', 'peace')",0.095238095,False,"7,24,29,21","22,3,17,4","1,3,4,2","4,1,3,2",94.0,False,True,P1,0.095238095
673,337,rowplayer,"('deadlock', 'chicken')",0.1777777777777777,False,"7,1,14,13","21,23,7,6","2,1,4,3","3,4,2,1",63.0,False,True,P1,0.1777777777777777
674,337,colplayer,"('chicken', 'deadlock')",0.7333333333333333,False,"21,7,23,6","7,14,1,13","3,2,4,1","2,4,1,3",30.0,False,True,P1,0.7333333333333333
675,338,rowplayer,"('safecoord', 'safecoord')",0.9583333333333334,False,"21,3,1,17","39,6,8,9","4,2,1,3","4,1,2,3",53.0,False,True,P1,0.9583333333333334
676,338,colplayer,"('safecoord', 'safecoord')",0.8333333333333334,False,"39,8,6,9","21,1,3,17","4,2,1,3","4,1,2,3",53.0,False,True,P1,0.8333333333333334
677,339,rowplayer,"('staghunt', 'deadlock')",0.8611111111111112,False,"26,5,15,6","6,38,4,16","4,1,3,2","2,4,1,3",138.0,False,True,P1,0.8611111111111112
678,339,colplayer,"('deadlock', 'staghunt')",0.073170732,False,"6,4,38,16","26,15,5,6","2,1,4,3","4,3,1,2",72.0,False,True,P1,0.073170732
679,340,rowplayer,"('deadlock', 'concord')",0.2272727272727272,False,"10,4,30,20","26,20,8,2","2,1,4,3","4,3,2,1",69.0,False,True,P1,0.2272727272727272
680,340,colplayer,"('concord', 'deadlock')",0.96875,False,"26,8,20,2","10,30,4,20","4,2,3,1","2,4,1,3",102.0,False,True,P1,0.96875
681,341,rowplayer,"('compromise', 'leader')",0.2553191489361702,False,"4,6,14,13","12,24,15,5","1,2,4,3","2,4,3,1",38.0,False,True,P1,0.2553191489361702
682,341,colplayer,"('leader', 'compromise')",0.6,False,"12,15,24,5","4,14,6,13","2,3,4,1","1,4,2,3",16.0,False,True,P1,0.6
683,342,rowplayer,"('deadlock', 'harmony')",0.0294117647058823,False,"5,3,14,13","32,8,18,3","2,1,4,3","4,2,3,1",67.0,False,True,P1,0.0294117647058823
684,342,colplayer,"('harmony', 'deadlock')",0.8125,False,"32,18,8,3","5,14,3,13","4,3,2,1","2,4,1,3",78.0,False,True,P1,0.8125
685,343,rowplayer,"('safecoord', 'harmony')",0.9772727272727272,False,"27,4,2,8","23,11,21,9","4,2,1,3","4,2,3,1",55.0,False,True,P1,0.9772727272727272
686,343,colplayer,"('harmony', 'safecoord')",0.8648648648648649,False,"23,21,11,9","27,2,4,8","4,3,2,1","4,1,2,3",77.0,False,True,P1,0.8648648648648649
687,344,rowplayer,"('concord', 'peace')",0.8780487804878049,False,"35,5,6,1","25,4,13,5","4,2,3,1","4,1,3,2",106.0,False,True,P1,0.8780487804878049
688,344,colplayer,"('peace', 'concord')",0.8484848484848485,False,"25,13,4,5","35,6,5,1","4,3,1,2","4,3,2,1",117.0,False,True,P1,0.8484848484848485
689,345,rowplayer,"('deadlock', 'leader')",0.2,False,"18,1,30,22","5,21,9,1","2,1,4,3","2,4,3,1",62.0,False,True,P1,0.2
690,345,colplayer,"('leader', 'deadlock')",0.7333333333333333,False,"5,9,21,1","18,30,1,22","2,3,4,1","2,4,1,3",18.0,False,True,P1,0.7333333333333333
691,346,rowplayer,"('concord', 'hero')",0.8387096774193549,False,"18,9,15,1","1,10,6,3","4,2,3,1","1,4,3,2",104.0,False,True,P1,0.8387096774193549
692,346,colplayer,"('hero', 'concord')",0.217391304347826,False,"1,6,10,3","18,15,9,1","1,3,4,2","4,3,2,1",93.0,False,True,P1,0.217391304347826
693,347,rowplayer,"('assurance', 'harmony')",0.6666666666666666,False,"19,3,9,13","44,9,33,5","4,1,2,3","4,2,3,1",7.0,False,True,P1,0.6666666666666666
694,347,colplayer,"('harmony', 'assurance')",0.9069767441860463,False,"44,33,9,5","19,9,3,13","4,3,2,1","4,2,1,3",73.0,False,True,P1,0.9069767441860463
695,348,rowplayer,"('safecoord', 'chicken')",0.9411764705882352,True,"12,6,3,7","24,31,1,1",,,,,,,
696,348,colplayer,"('chicken', 'safecoord')",0.5641025641025641,True,"24,1,31,1","12,3,6,7",,,,,,,
697,349,rowplayer,"('harmony', 'chicken')",0.8857142857142857,False,"41,38,17,1","4,18,3,2","4,3,2,1","3,4,2,1",75.0,False,True,P1,0.8857142857142857
698,349,colplayer,"('chicken', 'harmony')",0.2272727272727272,False,"4,3,18,2","41,17,38,1","3,2,4,1","4,2,3,1",31.0,False,True,P1,0.2272727272727272
699,350,rowplayer,"('leader', 'dilemma')",0.6923076923076923,False,"6,30,43,1","19,32,4,10","2,3,4,1","3,4,1,2",23.0,False,True,P1,0.6923076923076923
700,350,colplayer,"('dilemma', 'leader')",0.1176470588235294,False,"19,4,32,10","6,43,30,1","3,1,4,2","2,4,3,1",122.0,False,True,P1,0.1176470588235294
701,351,rowplayer,"('staghunt', 'assurance')",0.5161290322580645,True,"23,6,13,12","11,2,1,11",,,,,,,
702,351,colplayer,"('assurance', 'staghunt')",0.6428571428571429,True,"11,1,2,11","23,13,6,12",,,,,,,
703,352,rowplayer,"('chicken', 'chicken')",0.2903225806451613,False,"16,9,29,7","22,26,19,2","3,2,4,1","3,4,2,1",27.0,False,True,P1,0.2903225806451613
704,352,colplayer,"('chicken', 'chicken')",0.8823529411764706,False,"22,19,26,2","16,29,9,7","3,2,4,1","3,4,2,1",27.0,False,True,P1,0.8823529411764706
705,353,rowplayer,"('staghunt', 'assurance')",0.4642857142857143,False,"46,2,41,14","35,26,8,34","4,1,3,2","4,2,1,3",133.0,False,True,P1,0.4642857142857143
706,353,colplayer,"('assurance', 'staghunt')",0.4411764705882353,False,"35,8,26,34","46,41,2,14","4,1,2,3","4,3,1,2",12.0,False,True,P1,0.4411764705882353
707,354,rowplayer,"('hero', 'compromise')",0.4634146341463415,False,"1,6,13,3","1,29,2,15","1,3,4,2","1,4,2,3",88.0,False,True,P1,0.4634146341463415
708,354,colplayer,"('compromise', 'hero')",0.1351351351351351,False,"1,2,29,15","1,13,6,3","1,2,4,3","1,4,3,2",44.0,False,True,P1,0.1351351351351351
709,355,rowplayer,"('compromise', 'leader')",0.2682926829268293,False,"2,10,27,22","6,15,13,5","1,2,4,3","2,4,3,1",38.0,False,True,P1,0.2682926829268293
710,355,colplayer,"('leader', 'compromise')",0.6097560975609756,False,"6,13,15,5","2,27,10,22","2,3,4,1","1,4,2,3",16.0,False,True,P1,0.6097560975609756
711,356,rowplayer,"('compromise', 'concord')",0.1282051282051282,False,"1,2,7,3","40,16,10,3","1,2,4,3","4,3,2,1",45.0,False,True,P1,0.1282051282051282
712,356,colplayer,"('concord', 'compromise')",0.8421052631578947,False,"40,10,16,3","1,7,2,3","4,2,3,1","1,4,2,3",100.0,False,True,P1,0.8421052631578947
713,357,rowplayer,"('peace', 'peace')",0.9302325581395348,True,"29,9,1,6","23,4,13,4",,,,,,,
714,357,colplayer,"('peace', 'peace')",0.8235294117647058,True,"23,13,4,4","29,1,9,6",,,,,,,
715,358,rowplayer,"('hero', 'chicken')",0.4666666666666667,False,"1,25,27,5","21,31,16,2","1,3,4,2","3,4,2,1",87.0,False,True,P1,0.4666666666666667
716,358,colplayer,"('chicken', 'hero')",0.4878048780487805,False,"21,16,31,2","1,27,25,5","3,2,4,1","1,4,3,2",32.0,False,True,P1,0.4878048780487805
717,359,rowplayer,"('staghunt', 'dilemma')",0.8333333333333334,False,"27,6,17,9","23,28,1,5","4,1,3,2","3,4,1,2",143.0,False,True,P1,0.8333333333333334
718,359,colplayer,"('dilemma', 'staghunt')",0.4897959183673469,False,"23,1,28,5","27,17,6,9","3,1,4,2","4,3,1,2",132.0,False,True,P1,0.4897959183673469
719,360,rowplayer,"('compromise', 'deadlock')",0.071428571,False,"1,10,27,17","10,16,2,14","1,2,4,3","2,4,1,3",42.0,False,True,P1,0.071428571
720,360,colplayer,"('deadlock', 'compromise')",0.1111111111111111,False,"10,2,16,14","1,27,10,17","2,1,4,3","1,4,2,3",64.0,False,True,P1,0.1111111111111111
721,361,rowplayer,"('compromise', 'leader')",0.054054054,False,"1,6,28,13","21,24,23,6","1,2,4,3","2,4,3,1",38.0,False,True,P1,0.054054054
722,361,colplayer,"('leader', 'compromise')",0.8604651162790697,False,"21,23,24,6","1,28,6,13","2,3,4,1","1,4,2,3",16.0,False,True,P1,0.8604651162790697
723,362,rowplayer,"('assurance', 'compromise')",0.4473684210526316,True,"30,4,7,26","1,48,1,2",,,,,,,
724,362,colplayer,"('compromise', 'assurance')",0.073170732,True,"1,1,48,2","30,7,4,26",,,,,,,
725,363,rowplayer,"('hero', 'concord')",0.36,False,"3,17,27,4","38,23,6,1","1,3,4,2","4,3,2,1",93.0,False,True,P1,0.36
726,363,colplayer,"('concord', 'hero')",0.7391304347826086,False,"38,6,23,1","3,27,17,4","4,2,3,1","1,4,3,2",104.0,False,True,P1,0.7391304347826086
727,364,rowplayer,"('staghunt', 'staghunt')",0.85,False,"26,2,8,3","18,15,2,5","4,1,3,2","4,3,1,2",144.0,False,True,P1,0.85
728,364,colplayer,"('staghunt', 'staghunt')",0.7272727272727273,False,"18,2,15,5","26,8,2,3","4,1,3,2","4,3,1,2",144.0,False,True,P1,0.7272727272727273
729,365,rowplayer,"('chicken', 'concord')",0.7428571428571429,False,"12,4,13,1","26,15,6,3","3,2,4,1","4,3,2,1",33.0,False,True,P1,0.7428571428571429
730,365,colplayer,"('concord', 'chicken')",0.9285714285714286,False,"26,6,15,3","12,13,4,1","4,2,3,1","3,4,2,1",99.0,False,True,P1,0.9285714285714286
731,366,rowplayer,"('peace', 'assurance')",0.9736842105263158,False,"29,13,2,5","26,4,1,14","4,3,1,2","4,2,1,3",109.0,False,True,P1,0.9736842105263158
732,366,colplayer,"('assurance', 'peace')",0.7647058823529411,False,"26,1,4,14","29,2,13,5","4,1,2,3","4,1,3,2",10.0,False,True,P1,0.7647058823529411
733,367,rowplayer,"('harmony', 'chicken')",0.9473684210526316,False,"15,11,7,4","7,30,2,1","4,3,2,1","3,4,2,1",75.0,False,True,P1,0.9473684210526316
734,367,colplayer,"('chicken', 'harmony')",0.4411764705882353,False,"7,2,30,1","15,7,11,4","3,2,4,1","4,2,3,1",31.0,False,True,P1,0.4411764705882353
735,368,rowplayer,"('compromise', 'chicken')",0.1891891891891892,False,"2,13,39,38","8,16,3,2","1,2,4,3","3,4,2,1",39.0,False,True,P1,0.1891891891891892
736,368,colplayer,"('chicken', 'compromise')",0.2972972972972973,False,"8,3,16,2","2,39,13,38","3,2,4,1","1,4,2,3",28.0,False,True,P1,0.2972972972972973
737,369,rowplayer,"('chicken', 'dilemma')",0.8571428571428571,False,"16,13,17,2","12,25,7,9","3,2,4,1","3,4,1,2",35.0,False,True,P1,0.8571428571428571
738,369,colplayer,"('dilemma', 'chicken')",0.3555555555555555,False,"12,7,25,9","16,17,13,2","3,1,4,2","3,4,2,1",123.0,False,True,P1,0.3555555555555555
739,370,rowplayer,"('compromise', 'leader')",0.3255813953488372,False,"7,10,17,12","4,9,8,2","1,2,4,3","2,4,3,1",38.0,False,True,P1,0.3255813953488372
740,370,colplayer,"('leader', 'compromise')",0.7368421052631579,False,"4,8,9,2","7,17,10,12","2,3,4,1","1,4,2,3",16.0,False,True,P1,0.7368421052631579
741,371,rowplayer,"('compromise', 'leader')",0.2564102564102564,False,"4,14,25,18","10,15,14,5","1,2,4,3","2,4,3,1",38.0,False,True,P1,0.2564102564102564
742,371,colplayer,"('leader', 'compromise')",0.7692307692307693,False,"10,14,15,5","4,25,14,18","2,3,4,1","1,4,2,3",16.0,False,True,P1,0.7692307692307693
743,372,rowplayer,"('harmony', 'leader')",0.9166666666666666,False,"26,7,5,1","3,36,28,2","4,3,2,1","2,4,3,1",74.0,False,True,P1,0.9166666666666666
744,372,colplayer,"('leader', 'harmony')",0.35,False,"3,28,36,2","26,5,7,1","2,3,4,1","4,2,3,1",19.0,False,True,P1,0.35
745,373,rowplayer,"('dilemma', 'chicken')",0.3658536585365853,False,"34,4,40,11","9,25,3,2","3,1,4,2","3,4,2,1",123.0,False,True,P1,0.3658536585365853
746,373,colplayer,"('chicken', 'dilemma')",0.28125,False,"9,3,25,2","34,40,4,11","3,2,4,1","3,4,1,2",35.0,False,True,P1,0.28125
747,374,rowplayer,"('leader', 'safecoord')",0.5454545454545454,True,"17,35,38,6","14,2,13,13",,,,,,,
748,374,colplayer,"('safecoord', 'leader')",0.8780487804878049,True,"14,13,2,13","17,38,35,6",,,,,,,
749,375,rowplayer,"('chicken', 'hero')",0.7222222222222222,True,"14,13,19,9","5,17,6,6",,,,,,,
750,375,colplayer,"('hero', 'chicken')",0.1724137931034483,True,"5,6,17,6","14,19,13,9",,,,,,,
751,376,rowplayer,"('leader', 'concord')",0.4705882352941176,False,"9,15,47,3","24,13,5,4","2,3,4,1","4,3,2,1",21.0,False,True,P1,0.4705882352941176
752,376,colplayer,"('concord', 'leader')",0.7142857142857143,False,"24,5,13,4","9,47,15,3","4,2,3,1","2,4,3,1",98.0,False,True,P1,0.7142857142857143
753,377,rowplayer,"('leader', 'peace')",0.1379310344827586,True,"3,35,36,3","33,1,20,18",,,,,,,
754,377,colplayer,"('peace', 'leader')",0.9375,True,"33,20,1,18","3,36,35,3",,,,,,,
755,378,rowplayer,"('compromise', 'harmony')",0.1515151515151515,False,"2,7,28,13","7,5,6,1","1,2,4,3","4,2,3,1",43.0,False,True,P1,0.1515151515151515
756,378,colplayer,"('harmony', 'compromise')",0.92,False,"7,6,5,1","2,28,7,13","4,3,2,1","1,4,2,3",76.0,False,True,P1,0.92
757,379,rowplayer,"('harmony', 'leader')",0.8125,True,"17,16,2,1","5,6,6,3",,,,,,,
758,379,colplayer,"('leader', 'harmony')",0.7346938775510204,True,"5,6,6,3","17,2,16,1",,,,,,,
759,380,rowplayer,"('leader', 'peace')",0.5555555555555556,False,"18,25,34,9","18,3,12,5","2,3,4,1","4,1,3,2",22.0,False,True,P1,0.5555555555555556
760,380,colplayer,"('peace', 'leader')",0.9411764705882352,False,"18,12,3,5","18,34,25,9","4,3,1,2","2,4,3,1",110.0,False,True,P1,0.9411764705882352
761,381,rowplayer,"('assurance', 'peace')",0.8095238095238095,False,"40,3,5,12","10,1,9,8","4,1,2,3","4,1,3,2",10.0,False,True,P1,0.8095238095238095
762,381,colplayer,"('peace', 'assurance')",0.8823529411764706,False,"10,9,1,8","40,5,3,12","4,3,1,2","4,2,1,3",109.0,False,True,P1,0.8823529411764706
763,382,rowplayer,"('hero', 'compromise')",0.1951219512195122,False,"6,11,37,9","7,45,21,32","1,3,4,2","1,4,2,3",88.0,False,True,P1,0.1951219512195122
764,382,colplayer,"('compromise', 'hero')",0.3265306122448979,False,"7,21,45,32","6,37,11,9","1,2,4,3","1,4,3,2",44.0,False,True,P1,0.3265306122448979
765,383,rowplayer,"('deadlock', 'assurance')",0.09375,False,"7,6,40,16","36,4,3,12","2,1,4,3","4,2,1,3",61.0,False,True,P1,0.09375
766,383,colplayer,"('assurance', 'deadlock')",0.5882352941176471,False,"36,3,4,12","7,40,6,16","4,1,2,3","2,4,1,3",6.0,False,True,P1,0.5882352941176471
767,384,rowplayer,"('staghunt', 'assurance')",0.7352941176470589,False,"30,1,14,4","27,9,2,23","4,1,3,2","4,2,1,3",133.0,False,True,P1,0.7352941176470589
768,384,colplayer,"('assurance', 'staghunt')",0.631578947,False,"27,2,9,23","30,14,1,4","4,1,2,3","4,3,1,2",12.0,False,True,P1,0.631578947
769,385,rowplayer,"('staghunt', 'safecoord')",0.9111111111111112,True,"25,3,16,3","23,1,2,4",,,,,,,
770,385,colplayer,"('safecoord', 'staghunt')",0.8857142857142857,True,"23,2,1,4","25,16,3,3",,,,,,,
771,386,rowplayer,"('deadlock', 'concord')",0.064516129,False,"5,1,23,16","29,27,16,7","2,1,4,3","4,3,2,1",69.0,False,True,P1,0.064516129
772,386,colplayer,"('concord', 'deadlock')",0.9142857142857144,False,"29,16,27,7","5,23,1,16","4,2,3,1","2,4,1,3",102.0,False,True,P1,0.9142857142857144
773,387,rowplayer,"('harmony', 'staghunt')",0.8918918918918919,True,"17,17,3,1","27,20,5,18",,,,,,,
774,387,colplayer,"('staghunt', 'harmony')",0.3823529411764705,True,"27,5,20,18","17,3,17,1",,,,,,,
775,388,rowplayer,"('hero', 'compromise')",0.4722222222222222,False,"6,14,30,8","1,20,5,16","1,3,4,2","1,4,2,3",88.0,False,True,P1,0.4722222222222222
776,388,colplayer,"('compromise', 'hero')",0.075,False,"1,5,20,16","6,30,14,8","1,2,4,3","1,4,3,2",44.0,False,True,P1,0.075
777,389,rowplayer,"('staghunt', 'safecoord')",0.6857142857142857,False,"14,6,13,10","17,2,3,5","4,1,3,2","4,1,2,3",137.0,False,True,P1,0.6857142857142857
778,389,colplayer,"('safecoord', 'staghunt')",0.8717948717948718,False,"17,3,2,5","14,13,6,10","4,2,1,3","4,3,1,2",60.0,False,True,P1,0.8717948717948718
779,390,rowplayer,"('chicken', 'concord')",0.5263157894736842,False,"11,5,38,1","21,13,8,6","3,2,4,1","4,3,2,1",33.0,False,True,P1,0.5263157894736842
780,390,colplayer,"('concord', 'chicken')",0.7551020408163265,False,"21,8,13,6","11,38,5,1","4,2,3,1","3,4,2,1",99.0,False,True,P1,0.7551020408163265
781,391,rowplayer,"('peace', 'hero')",0.8947368421052632,True,"20,15,7,9","2,14,14,3",,,,,,,
782,391,colplayer,"('hero', 'peace')",0.1428571428571428,True,"2,14,14,3","20,7,15,9",,,,,,,
783,392,rowplayer,"('hero', 'hero')",0.125,False,"2,10,37,6","1,21,20,13","1,3,4,2","1,4,3,2",92.0,False,True,P1,0.125
784,392,colplayer,"('hero', 'hero')",0.3846153846153846,False,"1,20,21,13","2,37,10,6","1,3,4,2","1,4,3,2",92.0,False,True,P1,0.3846153846153846
785,393,rowplayer,"('staghunt', 'deadlock')",0.5172413793103449,False,"41,11,24,20","10,32,9,28","4,1,3,2","2,4,1,3",138.0,False,True,P1,0.5172413793103449
786,393,colplayer,"('deadlock', 'staghunt')",0.1923076923076923,False,"10,9,32,28","41,24,11,20","2,1,4,3","4,3,1,2",72.0,False,True,P1,0.1923076923076923
787,394,rowplayer,"('assurance', 'staghunt')",0.7,False,"42,19,22,39","15,13,5,8","4,1,2,3","4,3,1,2",12.0,False,True,P1,0.7
788,394,colplayer,"('staghunt', 'assurance')",0.5135135135135135,False,"15,5,13,8","42,22,19,39","4,1,3,2","4,2,1,3",133.0,False,True,P1,0.5135135135135135
789,395,rowplayer,"('harmony', 'concord')",0.7857142857142857,False,"32,25,19,5","16,15,4,2","4,3,2,1","4,3,2,1",81.0,False,True,P1,0.7857142857142857
790,395,colplayer,"('concord', 'harmony')",0.8478260869565217,False,"16,4,15,2","32,19,25,5","4,2,3,1","4,2,3,1",103.0,False,True,P1,0.8478260869565217
791,396,rowplayer,"('assurance', 'deadlock')",0.4545454545454545,False,"17,3,8,13","21,28,1,22","4,1,2,3","2,4,1,3",6.0,False,True,P1,0.4545454545454545
792,396,colplayer,"('deadlock', 'assurance')",0.2424242424242424,False,"21,1,28,22","17,8,3,13","2,1,4,3","4,2,1,3",61.0,False,True,P1,0.2424242424242424
793,397,rowplayer,"('compromise', 'hero')",0.088235294,True,"1,1,22,3","2,16,14,8",,,,,,,
794,397,colplayer,"('hero', 'compromise')",0.5833333333333334,True,"2,14,16,8","1,22,1,3",,,,,,,
795,398,rowplayer,"('leader', 'deadlock')",0.5434782608695652,True,"8,12,18,5","2,30,1,2",,,,,,,
796,398,colplayer,"('deadlock', 'leader')",0.060606061,True,"2,1,30,2","8,18,12,5",,,,,,,
797,399,rowplayer,"('staghunt', 'assurance')",0.875,True,"27,3,10,3","39,2,1,11",,,,,,,
798,399,colplayer,"('assurance', 'staghunt')",0.8095238095238095,True,"39,1,2,11","27,10,3,3",,,,,,,
799,400,rowplayer,"('safecoord', 'hero')",0.8163265306122449,True,"17,9,5,9","1,45,14,3",,,,,,,
800,400,colplayer,"('hero', 'safecoord')",0.1212121212121212,True,"1,14,45,3","17,5,9,9",,,,,,,
801,401,rowplayer,"('deadlock', 'assurance')",0.3333333333333333,False,"21,9,29,23","13,4,2,5","2,1,4,3","4,2,1,3",61.0,False,True,P1,0.3333333333333333
802,401,colplayer,"('assurance', 'deadlock')",0.6216216216216216,False,"13,2,4,5","21,29,9,23","4,1,2,3","2,4,1,3",6.0,False,True,P1,0.6216216216216216
803,402,rowplayer,"('harmony', 'assurance')",0.825,False,"17,10,3,1","26,4,2,9","4,3,2,1","4,2,1,3",73.0,False,True,P1,0.825
804,402,colplayer,"('assurance', 'harmony')",0.8918918918918919,False,"26,2,4,9","17,3,10,1","4,1,2,3","4,2,3,1",7.0,False,True,P1,0.8918918918918919
805,403,rowplayer,"('chicken', 'concord')",0.7857142857142857,False,"37,10,39,5","18,9,2,1","3,2,4,1","4,3,2,1",33.0,False,True,P1,0.7857142857142857
806,403,colplayer,"('concord', 'chicken')",0.6129032258064516,False,"18,2,9,1","37,39,10,5","4,2,3,1","3,4,2,1",99.0,False,True,P1,0.6129032258064516
807,404,rowplayer,"('dilemma', 'safecoord')",0.2432432432432432,False,"9,1,27,4","26,1,7,15","3,1,4,2","4,1,2,3",125.0,False,True,P1,0.2432432432432432
808,404,colplayer,"('safecoord', 'dilemma')",0.7435897435897436,False,"26,7,1,15","9,27,1,4","4,2,1,3","3,4,1,2",59.0,False,True,P1,0.7435897435897436
809,405,rowplayer,"('peace', 'staghunt')",0.9215686274509804,False,"39,23,10,11","16,11,4,8","4,3,1,2","4,3,1,2",120.0,False,True,P1,0.9215686274509804
810,405,colplayer,"('staghunt', 'peace')",0.5238095238095238,False,"16,4,11,8","39,10,23,11","4,1,3,2","4,1,3,2",142.0,False,True,P1,0.5238095238095238
811,406,rowplayer,"('staghunt', 'harmony')",0.95,False,"33,5,11,6","19,6,17,3","4,1,3,2","4,2,3,1",139.0,False,True,P1,0.95
812,406,colplayer,"('harmony', 'staghunt')",0.9230769230769232,False,"19,17,6,3","33,11,5,6","4,3,2,1","4,3,1,2",84.0,False,True,P1,0.9230769230769232
813,407,rowplayer,"('compromise', 'leader')",0.275,True,"2,10,19,12","1,40,21,1",,,,,,,
814,407,colplayer,"('leader', 'compromise')",0.4705882352941176,True,"1,21,40,1","2,19,10,12",,,,,,,
815,408,rowplayer,"('staghunt', 'concord')",0.5862068965517241,False,"25,1,14,8","27,14,6,2","4,1,3,2","4,3,2,1",141.0,False,True,P1,0.5862068965517241
816,408,colplayer,"('concord', 'staghunt')",0.7857142857142857,False,"27,6,14,2","25,14,1,8","4,2,3,1","4,3,1,2",108.0,False,True,P1,0.7857142857142857
817,409,rowplayer,"('harmony', 'staghunt')",0.9555555555555556,True,"21,21,6,3","14,9,5,8",,,,,,,
818,409,colplayer,"('staghunt', 'harmony')",0.7741935483870968,True,"14,5,9,8","21,6,21,3",,,,,,,
819,410,rowplayer,"('deadlock', 'safecoord')",0.1111111111111111,False,"8,4,32,10","42,3,6,36","2,1,4,3","4,1,2,3",65.0,False,True,P1,0.1111111111111111
820,410,colplayer,"('safecoord', 'deadlock')",0.6326530612244898,False,"42,6,3,36","8,32,4,10","4,2,1,3","2,4,1,3",54.0,False,True,P1,0.6326530612244898
821,411,rowplayer,"('peace', 'leader')",0.9166666666666666,False,"36,27,3,17","13,24,22,1","4,3,1,2","2,4,3,1",110.0,False,True,P1,0.9166666666666666
822,411,colplayer,"('leader', 'peace')",0.75,False,"13,22,24,1","36,3,27,17","2,3,4,1","4,1,3,2",22.0,False,True,P1,0.75
823,412,rowplayer,"('hero', 'dilemma')",0.2424242424242424,False,"3,11,25,7","17,27,15,16","1,3,4,2","3,4,1,2",95.0,False,True,P1,0.2424242424242424
824,412,colplayer,"('dilemma', 'hero')",0.3488372093023256,False,"17,15,27,16","3,25,11,7","3,1,4,2","1,4,3,2",128.0,False,True,P1,0.3488372093023256
825,413,rowplayer,"('concord', 'leader')",0.6896551724137931,False,"34,4,18,2","6,24,8,5","4,2,3,1","2,4,3,1",98.0,False,True,P1,0.6896551724137931
826,413,colplayer,"('leader', 'concord')",0.35,False,"6,8,24,5","34,18,4,2","2,3,4,1","4,3,2,1",21.0,False,True,P1,0.35
827,414,rowplayer,"('concord', 'peace')",0.8108108108108109,True,"22,14,16,3","11,1,11,5",,,,,,,
828,414,colplayer,"('peace', 'concord')",0.8888888888888888,True,"11,11,1,5","22,16,14,3",,,,,,,
829,415,rowplayer,"('staghunt', 'deadlock')",0.7727272727272727,True,"17,7,9,9","12,23,6,21",,,,,,,
830,415,colplayer,"('deadlock', 'staghunt')",0.1891891891891892,True,"12,6,23,21","17,9,7,9",,,,,,,
831,416,rowplayer,"('harmony', 'hero')",0.8205128205128205,True,"16,14,14,3","2,35,26,6",,,,,,,
832,416,colplayer,"('hero', 'harmony')",0.217391304347826,True,"2,26,35,6","16,14,14,3",,,,,,,
833,417,rowplayer,"('harmony', 'harmony')",0.8222222222222222,True,"24,20,19,3","9,7,9,2",,,,,,,
834,417,colplayer,"('harmony', 'harmony')",0.9714285714285714,True,"9,9,7,2","24,19,20,3",,,,,,,
835,418,rowplayer,"('chicken', 'hero')",0.7575757575757576,True,"28,11,35,1","2,45,4,4",,,,,,,
836,418,colplayer,"('hero', 'chicken')",0.2162162162162162,True,"2,4,45,4","28,35,11,1",,,,,,,
837,419,rowplayer,"('compromise', 'harmony')",0.095238095,True,"2,2,24,19","16,9,13,4",,,,,,,
838,419,colplayer,"('harmony', 'compromise')",0.8809523809523809,True,"16,13,9,4","2,24,2,19",,,,,,,
839,420,rowplayer,"('compromise', 'staghunt')",0.135593220338983,False,"5,9,27,13","24,19,14,15","1,2,4,3","4,3,1,2",48.0,False,True,P1,0.135593220338983
840,420,colplayer,"('staghunt', 'compromise')",0.5306122448979592,False,"24,14,19,15","5,27,9,13","4,1,3,2","1,4,2,3",136.0,False,True,P1,0.5306122448979592
841,421,rowplayer,"('deadlock', 'staghunt')",0.1136363636363636,False,"6,1,20,8","45,30,12,25","2,1,4,3","4,3,1,2",72.0,False,True,P1,0.1136363636363636
842,421,colplayer,"('staghunt', 'deadlock')",0.2857142857142857,False,"45,12,30,25","6,20,1,8","4,1,3,2","2,4,1,3",138.0,False,True,P1,0.2857142857142857
843,422,rowplayer,"('deadlock', 'hero')",0.086956522,False,"2,1,21,19","3,19,13,10","2,1,4,3","1,4,3,2",68.0,False,True,P1,0.086956522
844,422,colplayer,"('hero', 'deadlock')",0.2777777777777778,False,"3,13,19,10","2,21,1,19","1,3,4,2","2,4,1,3",90.0,False,True,P1,0.2777777777777778
845,423,rowplayer,"('assurance', 'concord')",0.6666666666666666,False,"25,3,12,15","8,4,3,1","4,1,2,3","4,3,2,1",9.0,False,True,P1,0.6666666666666666
846,423,colplayer,"('concord', 'assurance')",0.9767441860465116,False,"8,3,4,1","25,12,3,15","4,2,3,1","4,2,1,3",97.0,False,True,P1,0.9767441860465116
847,424,rowplayer,"('harmony', 'assurance')",0.9444444444444444,True,"12,6,3,2","33,1,1,28",,,,,,,
848,424,colplayer,"('assurance', 'harmony')",0.75,True,"33,1,1,28","12,3,6,2",,,,,,,
849,425,rowplayer,"('hero', 'compromise')",0.4634146341463415,False,"1,23,30,11","4,26,7,9","1,3,4,2","1,4,2,3",88.0,False,True,P1,0.4634146341463415
850,425,colplayer,"('compromise', 'hero')",0.1081081081081081,False,"4,7,26,9","1,30,23,11","1,2,4,3","1,4,3,2",44.0,False,True,P1,0.1081081081081081
851,426,rowplayer,"('safecoord', 'peace')",0.8048780487804879,False,"29,13,9,14","35,1,18,8","4,2,1,3","4,1,3,2",58.0,False,True,P1,0.8048780487804879
852,426,colplayer,"('peace', 'safecoord')",0.9230769230769232,False,"35,18,1,8","29,9,13,14","4,3,1,2","4,1,2,3",113.0,False,True,P1,0.9230769230769232
853,427,rowplayer,"('chicken', 'deadlock')",0.9047619047619048,True,"19,18,32,4","7,8,2,7",,,,,,,
854,427,colplayer,"('deadlock', 'chicken')",0.34375,True,"7,2,8,7","19,32,18,4",,,,,,,
855,428,rowplayer,"('leader', 'compromise')",0.54,False,"5,19,32,3","3,37,10,17","2,3,4,1","1,4,2,3",16.0,False,True,P1,0.54
856,428,colplayer,"('compromise', 'leader')",0.1627906976744186,False,"3,10,37,17","5,32,19,3","1,2,4,3","2,4,3,1",38.0,False,True,P1,0.1627906976744186
857,429,rowplayer,"('deadlock', 'assurance')",0.3076923076923077,False,"4,2,7,6","28,4,1,26","2,1,4,3","4,2,1,3",61.0,False,True,P1,0.3076923076923077
858,429,colplayer,"('assurance', 'deadlock')",0.2413793103448276,False,"28,1,4,26","4,7,2,6","4,1,2,3","2,4,1,3",6.0,False,True,P1,0.2413793103448276
859,430,rowplayer,"('hero', 'dilemma')",0.2777777777777778,False,"3,20,36,16","19,27,15,17","1,3,4,2","3,4,1,2",95.0,False,True,P1,0.2777777777777778
860,430,colplayer,"('dilemma', 'hero')",0.1612903225806451,False,"19,15,27,17","3,36,20,16","3,1,4,2","1,4,3,2",128.0,False,True,P1,0.1612903225806451
861,431,rowplayer,"('compromise', 'safecoord')",0.1320754716981132,False,"5,10,17,13","29,5,9,19","1,2,4,3","4,1,2,3",41.0,False,True,P1,0.1320754716981132
862,431,colplayer,"('safecoord', 'compromise')",0.4736842105263157,False,"29,9,5,19","5,17,10,13","4,2,1,3","1,4,2,3",52.0,False,True,P1,0.4736842105263157
863,432,rowplayer,"('dilemma', 'hero')",0.1555555555555555,False,"8,1,15,7","8,18,13,10","3,1,4,2","1,4,3,2",128.0,False,True,P1,0.1555555555555555
864,432,colplayer,"('hero', 'dilemma')",0.3333333333333333,False,"8,13,18,10","8,15,1,7","1,3,4,2","3,4,1,2",95.0,False,True,P1,0.3333333333333333
865,433,rowplayer,"('peace', 'chicken')",0.945945945945946,False,"27,20,2,15","21,33,17,1","4,3,1,2","3,4,2,1",111.0,False,True,P1,0.945945945945946
866,433,colplayer,"('chicken', 'peace')",0.6176470588235294,False,"21,17,33,1","27,2,20,15","3,2,4,1","4,1,3,2",34.0,False,True,P1,0.6176470588235294
867,434,rowplayer,"('assurance', 'assurance')",0.8,False,"29,8,9,11","30,10,7,11","4,1,2,3","4,2,1,3",1.0,False,True,P1,0.8
868,434,colplayer,"('assurance', 'assurance')",0.825,False,"30,7,10,11","29,9,8,11","4,1,2,3","4,2,1,3",1.0,False,True,P1,0.825
869,435,rowplayer,"('peace', 'safecoord')",0.9714285714285714,True,"11,2,1,1","40,7,25,27",,,,,,,
870,435,colplayer,"('safecoord', 'peace')",0.9318181818181818,True,"40,25,7,27","11,1,2,1",,,,,,,
871,436,rowplayer,"('staghunt', 'compromise')",0.4411764705882353,False,"7,1,3,2","1,26,4,13","4,1,3,2","1,4,2,3",136.0,False,True,P1,0.4411764705882353
872,436,colplayer,"('compromise', 'staghunt')",0.1282051282051282,False,"1,4,26,13","7,3,1,2","1,2,4,3","4,3,1,2",48.0,False,True,P1,0.1282051282051282
873,437,rowplayer,"('hero', 'compromise')",0.275,False,"1,9,13,5","5,31,10,12","1,3,4,2","1,4,2,3",88.0,False,True,P1,0.275
874,437,colplayer,"('compromise', 'hero')",0.1428571428571428,False,"5,10,31,12","1,13,9,5","1,2,4,3","1,4,3,2",44.0,False,True,P1,0.1428571428571428
875,438,rowplayer,"('staghunt', 'hero')",0.4423076923076923,True,"18,1,7,5","4,30,11,11",,,,,,,
876,438,colplayer,"('hero', 'staghunt')",0.1395348837209302,True,"4,11,30,11","18,7,1,5",,,,,,,
877,439,rowplayer,"('safecoord', 'peace')",0.7241379310344828,False,"8,4,2,6","14,2,13,5","4,2,1,3","4,1,3,2",58.0,False,True,P1,0.7241379310344828
878,439,colplayer,"('peace', 'safecoord')",0.9375,False,"14,13,2,5","8,2,4,6","4,3,1,2","4,1,2,3",113.0,False,True,P1,0.9375
879,440,rowplayer,"('hero', 'harmony')",0.25,False,"1,16,25,2","31,25,26,7","1,3,4,2","4,2,3,1",91.0,False,True,P1,0.25
880,440,colplayer,"('harmony', 'hero')",0.8378378378378378,False,"31,26,25,7","1,25,16,2","4,3,2,1","1,4,3,2",80.0,False,True,P1,0.8378378378378378
881,441,rowplayer,"('peace', 'leader')",0.9107142857142856,False,"26,21,12,15","6,28,19,1","4,3,1,2","2,4,3,1",110.0,False,True,P1,0.9107142857142856
882,441,colplayer,"('leader', 'peace')",0.4871794871794871,False,"6,19,28,1","26,12,21,15","2,3,4,1","4,1,3,2",22.0,False,True,P1,0.4871794871794871
883,442,rowplayer,"('staghunt', 'harmony')",0.8085106382978723,False,"42,4,23,10","12,5,9,2","4,1,3,2","4,2,3,1",139.0,False,True,P1,0.8085106382978723
884,442,colplayer,"('harmony', 'staghunt')",0.8333333333333334,False,"12,9,5,2","42,23,4,10","4,3,2,1","4,3,1,2",84.0,False,True,P1,0.8333333333333334
885,443,rowplayer,"('dilemma', 'assurance')",0.2549019607843137,False,"14,1,23,12","20,2,1,8","3,1,4,2","4,2,1,3",121.0,False,True,P1,0.2549019607843137
886,443,colplayer,"('assurance', 'dilemma')",0.65625,False,"20,1,2,8","14,23,1,12","4,1,2,3","3,4,1,2",11.0,False,True,P1,0.65625
887,444,rowplayer,"('hero', 'harmony')",0.2258064516129032,False,"1,14,18,3","24,13,20,3","1,3,4,2","4,2,3,1",91.0,False,True,P1,0.2258064516129032
888,444,colplayer,"('harmony', 'hero')",0.8529411764705882,False,"24,20,13,3","1,18,14,3","4,3,2,1","1,4,3,2",80.0,False,True,P1,0.8529411764705882
889,445,rowplayer,"('dilemma', 'safecoord')",0.3076923076923077,False,"10,2,19,4","37,9,10,26","3,1,4,2","4,1,2,3",125.0,False,True,P1,0.3076923076923077
890,445,colplayer,"('safecoord', 'dilemma')",0.8275862068965517,False,"37,10,9,26","10,19,2,4","4,2,1,3","3,4,1,2",59.0,False,True,P1,0.8275862068965517
891,446,rowplayer,"('concord', 'safecoord')",0.7777777777777778,False,"26,4,7,1","39,2,11,34","4,2,3,1","4,1,2,3",101.0,False,True,P1,0.7777777777777778
892,446,colplayer,"('safecoord', 'concord')",0.8974358974358975,False,"39,11,2,34","26,7,4,1","4,2,1,3","4,3,2,1",57.0,False,True,P1,0.8974358974358975
893,447,rowplayer,"('peace', 'safecoord')",0.96875,False,"37,16,2,15","37,10,12,20","4,3,1,2","4,1,2,3",113.0,False,True,P1,0.96875
894,447,colplayer,"('safecoord', 'peace')",0.8717948717948718,False,"37,12,10,20","37,2,16,15","4,2,1,3","4,1,3,2",58.0,False,True,P1,0.8717948717948718
895,448,rowplayer,"('staghunt', 'assurance')",0.5172413793103449,False,"11,3,10,8","27,6,4,11","4,1,3,2","4,2,1,3",133.0,False,True,P1,0.5172413793103449
896,448,colplayer,"('assurance', 'staghunt')",0.775,False,"27,4,6,11","11,10,3,8","4,1,2,3","4,3,1,2",12.0,False,True,P1,0.775
897,449,rowplayer,"('hero', 'dilemma')",0.3333333333333333,False,"2,7,35,4","10,12,1,4","1,3,4,2","3,4,1,2",95.0,False,True,P1,0.3333333333333333
898,449,colplayer,"('dilemma', 'hero')",0.1891891891891892,False,"10,1,12,4","2,35,7,4","3,1,4,2","1,4,3,2",128.0,False,True,P1,0.1891891891891892
899,450,rowplayer,"('chicken', 'chicken')",0.3055555555555556,True,"11,10,39,6","20,36,20,12",,,,,,,
900,450,colplayer,"('chicken', 'chicken')",0.7241379310344828,True,"20,20,36,12","11,39,10,6",,,,,,,
901,451,rowplayer,"('deadlock', 'staghunt')",0.098039216,False,"4,1,25,20","23,15,2,12","2,1,4,3","4,3,1,2",72.0,False,True,P1,0.098039216
902,451,colplayer,"('staghunt', 'deadlock')",0.2702702702702703,False,"23,2,15,12","4,25,1,20","4,1,3,2","2,4,1,3",138.0,False,True,P1,0.2702702702702703
903,452,rowplayer,"('staghunt', 'deadlock')",0.5365853658536586,True,"15,4,7,7","9,37,2,21",,,,,,,
904,452,colplayer,"('deadlock', 'staghunt')",0.125,True,"9,2,37,21","15,7,4,7",,,,,,,
905,453,rowplayer,"('chicken', 'peace')",0.303030303030303,False,"19,12,32,10","18,1,17,2","3,2,4,1","4,1,3,2",34.0,False,True,P1,0.303030303030303
906,453,colplayer,"('peace', 'chicken')",0.972972973,False,"18,17,1,2","19,32,12,10","4,3,1,2","3,4,2,1",111.0,False,True,P1,0.972972973
907,454,rowplayer,"('assurance', 'harmony')",0.425,False,"26,7,20,23","13,4,9,1","4,1,2,3","4,2,3,1",7.0,False,True,P1,0.425
908,454,colplayer,"('harmony', 'assurance')",0.975609756,False,"13,9,4,1","26,20,7,23","4,3,2,1","4,2,1,3",73.0,False,True,P1,0.975609756
909,455,rowplayer,"('leader', 'hero')",0.1707317073170731,True,"2,9,14,1","4,15,15,13",,,,,,,
910,455,colplayer,"('hero', 'leader')",0.3428571428571428,True,"4,15,15,13","2,14,9,1",,,,,,,
911,456,rowplayer,"('assurance', 'compromise')",0.4848484848484848,True,"18,7,10,13","1,33,1,9",,,,,,,
912,456,colplayer,"('compromise', 'assurance')",0.090909091,True,"1,1,33,9","18,10,7,13",,,,,,,
913,457,rowplayer,"('chicken', 'harmony')",0.4897959183673469,True,"8,5,11,1","20,7,20,2",,,,,,,
914,457,colplayer,"('harmony', 'chicken')",1.0,True,"20,20,7,2","8,11,5,1",,,,,,,
915,458,rowplayer,"('harmony', 'assurance')",0.9629629629629628,True,"24,7,5,2","27,1,1,23",,,,,,,
916,458,colplayer,"('assurance', 'harmony')",0.875,True,"27,1,1,23","24,5,7,2",,,,,,,
917,459,rowplayer,"('compromise', 'assurance')",0.085106383,True,"2,2,24,4","16,6,3,14",,,,,,,
918,459,colplayer,"('assurance', 'compromise')",0.35,True,"16,3,6,14","2,24,2,4",,,,,,,
919,460,rowplayer,"('staghunt', 'harmony')",0.4565217391304347,False,"16,9,15,12","27,9,19,1","4,1,3,2","4,2,3,1",139.0,False,True,P1,0.4565217391304347
920,460,colplayer,"('harmony', 'staghunt')",0.9107142857142856,False,"27,19,9,1","16,15,9,12","4,3,2,1","4,3,1,2",84.0,False,True,P1,0.9107142857142856
921,461,rowplayer,"('staghunt', 'staghunt')",0.7894736842105263,False,"40,1,14,9","20,16,1,12","4,1,3,2","4,3,1,2",144.0,False,True,P1,0.7894736842105263
922,461,colplayer,"('staghunt', 'staghunt')",0.5384615384615384,False,"20,1,16,12","40,14,1,9","4,1,3,2","4,3,1,2",144.0,False,True,P1,0.5384615384615384
923,462,rowplayer,"('assurance', 'compromise')",0.25,False,"41,2,6,35","14,39,16,24","4,1,2,3","1,4,2,3",4.0,False,True,P1,0.25
924,462,colplayer,"('compromise', 'assurance')",0.03125,False,"14,16,39,24","41,6,2,35","1,2,4,3","4,2,1,3",37.0,False,True,P1,0.03125
925,463,rowplayer,"('staghunt', 'deadlock')",0.7941176470588235,True,"41,4,22,5","21,29,15,21",,,,,,,
926,463,colplayer,"('deadlock', 'staghunt')",0.4772727272727273,True,"21,15,29,21","41,22,4,5",,,,,,,
927,464,rowplayer,"('chicken', 'hero')",0.4888888888888889,False,"9,5,12,3","8,46,43,11","3,2,4,1","1,4,3,2",32.0,False,True,P1,0.4888888888888889
928,464,colplayer,"('hero', 'chicken')",0.5238095238095238,False,"8,43,46,11","9,12,5,3","1,3,4,2","3,4,2,1",87.0,False,True,P1,0.5238095238095238
929,465,rowplayer,"('hero', 'dilemma')",0.2564102564102564,False,"1,11,31,10","16,33,3,5","1,3,4,2","3,4,1,2",95.0,False,True,P1,0.2564102564102564
930,465,colplayer,"('dilemma', 'hero')",0.093023256,False,"16,3,33,5","1,31,11,10","3,1,4,2","1,4,3,2",128.0,False,True,P1,0.093023256
931,466,rowplayer,"('concord', 'compromise')",0.78125,True,"19,8,13,5","1,14,1,7",,,,,,,
932,466,colplayer,"('compromise', 'concord')",0.086956522,True,"1,1,14,7","19,13,8,5",,,,,,,
933,467,rowplayer,"('deadlock', 'leader')",0.1428571428571428,True,"21,5,25,25","10,31,18,6",,,,,,,
934,467,colplayer,"('leader', 'deadlock')",0.6857142857142857,True,"10,18,31,6","21,25,5,25",,,,,,,
935,468,rowplayer,"('dilemma', 'chicken')",0.3720930232558139,False,"19,2,34,13","16,28,3,1","3,1,4,2","3,4,2,1",123.0,False,True,P1,0.3720930232558139
936,468,colplayer,"('chicken', 'dilemma')",0.6060606060606061,False,"16,3,28,1","19,34,2,13","3,2,4,1","3,4,1,2",35.0,False,True,P1,0.6060606060606061
937,469,rowplayer,"('dilemma', 'hero')",0.42,False,"24,15,47,17","2,39,16,4","3,1,4,2","1,4,3,2",128.0,False,True,P1,0.42
938,469,colplayer,"('hero', 'dilemma')",0.375,False,"2,16,39,4","24,47,15,17","1,3,4,2","3,4,1,2",95.0,False,True,P1,0.375
939,470,rowplayer,"('peace', 'hero')",0.8947368421052632,False,"16,11,3,7","3,30,9,4","4,3,1,2","1,4,3,2",116.0,False,True,P1,0.8947368421052632
940,470,colplayer,"('hero', 'peace')",0.085714286,False,"3,9,30,4","16,3,11,7","1,3,4,2","4,1,3,2",94.0,False,True,P1,0.085714286
941,471,rowplayer,"('harmony', 'hero')",0.8484848484848485,False,"31,5,3,2","4,21,17,7","4,3,2,1","1,4,3,2",80.0,False,True,P1,0.8484848484848485
942,471,colplayer,"('hero', 'harmony')",0.4137931034482758,False,"4,17,21,7","31,3,5,2","1,3,4,2","4,2,3,1",91.0,False,True,P1,0.4137931034482758
943,472,rowplayer,"('staghunt', 'concord')",0.7368421052631579,False,"10,1,7,2","35,10,4,3","4,1,3,2","4,3,2,1",141.0,False,True,P1,0.7368421052631579
944,472,colplayer,"('concord', 'staghunt')",0.8775510204081632,False,"35,4,10,3","10,7,1,2","4,2,3,1","4,3,1,2",108.0,False,True,P1,0.8775510204081632
945,473,rowplayer,"('hero', 'leader')",0.3157894736842105,True,"5,18,18,16","6,14,13,1",,,,,,,
946,473,colplayer,"('leader', 'hero')",0.5853658536585366,True,"6,13,14,1","5,18,18,16",,,,,,,
947,474,rowplayer,"('compromise', 'hero')",0.2105263157894736,False,"9,15,26,23","2,40,12,7","1,2,4,3","1,4,3,2",44.0,False,True,P1,0.2105263157894736
948,474,colplayer,"('hero', 'compromise')",0.2647058823529412,False,"2,12,40,7","9,26,15,23","1,3,4,2","1,4,2,3",88.0,False,True,P1,0.2647058823529412
949,475,rowplayer,"('leader', 'chicken')",0.3181818181818182,False,"4,5,18,3","14,18,8,1","2,3,4,1","3,4,2,1",15.0,False,True,P1,0.3181818181818182
950,475,colplayer,"('chicken', 'leader')",0.7333333333333333,False,"14,8,18,1","4,18,5,3","3,2,4,1","2,4,3,1",26.0,False,True,P1,0.7333333333333333
951,476,rowplayer,"('harmony', 'chicken')",0.96,False,"21,20,3,2","17,22,15,8","4,3,2,1","3,4,2,1",75.0,False,True,P1,0.96
952,476,colplayer,"('chicken', 'harmony')",0.4651162790697674,False,"17,15,22,8","21,3,20,2","3,2,4,1","4,2,3,1",31.0,False,True,P1,0.4651162790697674
953,477,rowplayer,"('hero', 'harmony')",0.1428571428571428,False,"9,29,31,24","15,10,12,6","1,3,4,2","4,2,3,1",91.0,False,True,P1,0.1428571428571428
954,477,colplayer,"('harmony', 'hero')",0.7631578947368421,False,"15,12,10,6","9,31,29,24","4,3,2,1","1,4,3,2",80.0,False,True,P1,0.7631578947368421
955,478,rowplayer,"('harmony', 'hero')",0.8918918918918919,False,"23,21,7,2","3,32,14,6","4,3,2,1","1,4,3,2",80.0,False,True,P1,0.8918918918918919
956,478,colplayer,"('hero', 'harmony')",0.2,False,"3,14,32,6","23,7,21,2","1,3,4,2","4,2,3,1",91.0,False,True,P1,0.2
957,479,rowplayer,"('harmony', 'leader')",0.868421053,True,"47,26,11,2","3,12,4,3",,,,,,,
958,479,colplayer,"('leader', 'harmony')",0.093023256,True,"3,4,12,3","47,11,26,2",,,,,,,
959,480,rowplayer,"('compromise', 'safecoord')",0.1521739130434782,True,"8,8,17,14","27,6,11,13",,,,,,,
960,480,colplayer,"('safecoord', 'compromise')",0.8888888888888888,True,"27,11,6,13","8,17,8,14",,,,,,,
961,481,rowplayer,"('leader', 'dilemma')",0.7727272727272727,False,"6,18,21,4","3,11,1,2","2,3,4,1","3,4,1,2",23.0,False,True,P1,0.7727272727272727
962,481,colplayer,"('dilemma', 'leader')",0.0612244897959183,False,"3,1,11,2","6,21,18,4","3,1,4,2","2,4,3,1",122.0,False,True,P1,0.0612244897959183
963,482,rowplayer,"('concord', 'staghunt')",0.9111111111111112,False,"35,2,17,1","32,13,8,9","4,2,3,1","4,3,1,2",108.0,False,True,P1,0.9111111111111112
964,482,colplayer,"('staghunt', 'concord')",0.9482758620689656,False,"32,8,13,9","35,17,2,1","4,1,3,2","4,3,2,1",141.0,False,True,P1,0.9482758620689656
965,483,rowplayer,"('hero', 'staghunt')",0.1951219512195122,True,"1,7,22,2","31,28,13,13",,,,,,,
966,483,colplayer,"('staghunt', 'hero')",0.8,True,"31,13,28,13","1,22,7,2",,,,,,,
967,484,rowplayer,"('staghunt', 'safecoord')",0.7222222222222222,True,"29,1,15,8","21,2,6,6",,,,,,,
968,484,colplayer,"('safecoord', 'staghunt')",0.8787878787878788,True,"21,6,2,6","29,15,1,8",,,,,,,
969,485,rowplayer,"('safecoord', 'safecoord')",0.8285714285714286,False,"22,16,2,20","36,10,15,30","4,2,1,3","4,1,2,3",53.0,False,True,P1,0.8285714285714286
970,485,colplayer,"('safecoord', 'safecoord')",0.7714285714285715,False,"36,15,10,30","22,2,16,20","4,2,1,3","4,1,2,3",53.0,False,True,P1,0.7714285714285715
971,486,rowplayer,"('staghunt', 'peace')",0.4871794871794871,False,"17,1,15,6","32,3,24,10","4,1,3,2","4,1,3,2",142.0,False,True,P1,0.4871794871794871
972,486,colplayer,"('peace', 'staghunt')",0.9230769230769232,False,"32,24,3,10","17,15,1,6","4,3,1,2","4,3,1,2",120.0,False,True,P1,0.9230769230769232
973,487,rowplayer,"('concord', 'concord')",1.0,False,"42,30,32,15","46,16,5,1","4,2,3,1","4,3,2,1",105.0,False,True,P1,1.0
974,487,colplayer,"('concord', 'concord')",1.0,False,"46,5,16,1","42,32,30,15","4,2,3,1","4,3,2,1",105.0,False,True,P1,1.0
975,488,rowplayer,"('staghunt', 'compromise')",0.2325581395348837,False,"25,2,12,11","9,25,15,17","4,1,3,2","1,4,2,3",136.0,False,True,P1,0.2325581395348837
976,488,colplayer,"('compromise', 'staghunt')",0.2682926829268293,False,"9,15,25,17","25,12,2,11","1,2,4,3","4,3,1,2",48.0,False,True,P1,0.2682926829268293
977,489,rowplayer,"('hero', 'concord')",0.1818181818181818,False,"1,13,47,4","42,32,23,3","1,3,4,2","4,3,2,1",93.0,False,True,P1,0.1818181818181818
978,489,colplayer,"('concord', 'hero')",0.9285714285714286,False,"42,23,32,3","1,47,13,4","4,2,3,1","1,4,3,2",104.0,False,True,P1,0.9285714285714286
979,490,rowplayer,"('leader', 'concord')",0.25,False,"6,12,18,5","16,15,14,2","2,3,4,1","4,3,2,1",21.0,False,True,P1,0.25
980,490,colplayer,"('concord', 'leader')",0.8043478260869565,False,"16,14,15,2","6,18,12,5","4,2,3,1","2,4,3,1",98.0,False,True,P1,0.8043478260869565
981,491,rowplayer,"('deadlock', 'assurance')",0.4090909090909091,True,"8,6,11,8","21,3,1,9",,,,,,,
982,491,colplayer,"('assurance', 'deadlock')",0.5128205128205128,True,"21,1,3,9","8,11,6,8",,,,,,,
983,492,rowplayer,"('leader', 'peace')",0.7333333333333333,True,"11,13,13,2","23,16,20,18",,,,,,,
984,492,colplayer,"('peace', 'leader')",0.9473684210526316,True,"23,20,16,18","11,13,13,2",,,,,,,
985,493,rowplayer,"('hero', 'leader')",0.5945945945945946,False,"1,26,40,4","2,32,13,1","1,3,4,2","2,4,3,1",86.0,False,True,P1,0.5945945945945946
986,493,colplayer,"('leader', 'hero')",0.3142857142857143,False,"2,13,32,1","1,40,26,4","2,3,4,1","1,4,3,2",20.0,False,True,P1,0.3142857142857143
987,494,rowplayer,"('hero', 'compromise')",0.6388888888888888,True,"2,13,19,3","1,23,1,15",,,,,,,
988,494,colplayer,"('compromise', 'hero')",0.051282051,True,"1,1,23,15","2,19,13,3",,,,,,,
989,495,rowplayer,"('assurance', 'compromise')",0.1304347826086956,False,"34,2,16,33","4,28,11,13","4,1,2,3","1,4,2,3",4.0,False,True,P1,0.1304347826086956
990,495,colplayer,"('compromise', 'assurance')",0.1272727272727272,False,"4,11,28,13","34,16,2,33","1,2,4,3","4,2,1,3",37.0,False,True,P1,0.1272727272727272
991,496,rowplayer,"('hero', 'deadlock')",0.3658536585365853,False,"2,4,16,3","9,26,1,15","1,3,4,2","2,4,1,3",90.0,False,True,P1,0.3658536585365853
992,496,colplayer,"('deadlock', 'hero')",0.09375,False,"9,1,26,15","2,16,4,3","2,1,4,3","1,4,3,2",68.0,False,True,P1,0.09375
993,497,rowplayer,"('peace', 'staghunt')",0.902439024390244,True,"14,3,1,1","35,10,5,9",,,,,,,
994,497,colplayer,"('staghunt', 'peace')",0.825,True,"35,5,10,9","14,1,3,1",,,,,,,
995,498,rowplayer,"('staghunt', 'compromise')",0.3023255813953488,False,"33,3,29,7","11,29,13,18","4,1,3,2","1,4,2,3",136.0,False,True,P1,0.3023255813953488
996,498,colplayer,"('compromise', 'staghunt')",0.4242424242424242,False,"11,13,29,18","33,29,3,7","1,2,4,3","4,3,1,2",48.0,False,True,P1,0.4242424242424242
997,499,rowplayer,"('chicken', 'compromise')",0.1627906976744186,False,"5,2,27,1","1,40,15,33","3,2,4,1","1,4,2,3",28.0,False,True,P1,0.1627906976744186
998,499,colplayer,"('compromise', 'chicken')",0.2340425531914893,False,"1,15,40,33","5,27,2,1","1,2,4,3","3,4,2,1",39.0,False,True,P1,0.2340425531914893
999,500,rowplayer,"('compromise', 'hero')",0.1111111111111111,False,"3,10,24,16","10,37,29,26","1,2,4,3","1,4,3,2",44.0,False,True,P1,0.1111111111111111
1000,500,colplayer,"('hero', 'compromise')",0.25,False,"10,29,37,26","3,24,10,16","1,3,4,2","1,4,2,3",88.0,False,True,P1,0.25
1001,501,rowplayer,"('safecoord', 'staghunt')",0.8888888888888888,False,"25,7,1,15","37,36,12,26","4,2,1,3","4,3,1,2",60.0,False,True,P1,0.8888888888888888
1002,501,colplayer,"('staghunt', 'safecoord')",0.3611111111111111,False,"37,12,36,26","25,1,7,15","4,1,3,2","4,1,2,3",137.0,False,True,P1,0.3611111111111111
1003,502,rowplayer,"('safecoord', 'staghunt')",0.96875,False,"28,5,1,10","36,19,1,2","4,2,1,3","4,3,1,2",60.0,False,True,P1,0.96875
1004,502,colplayer,"('staghunt', 'safecoord')",0.8823529411764706,False,"36,1,19,2","28,1,5,10","4,1,3,2","4,1,2,3",137.0,False,True,P1,0.8823529411764706
1005,503,rowplayer,"('safecoord', 'assurance')",0.8064516129032258,True,"21,6,1,6","9,5,4,7",,,,,,,
1006,503,colplayer,"('assurance', 'safecoord')",0.7,True,"9,4,5,7","21,1,6,6",,,,,,,
1007,504,rowplayer,"('deadlock', 'compromise')",0.088235294,False,"2,1,32,12","1,20,6,13","2,1,4,3","1,4,2,3",64.0,False,True,P1,0.088235294
1008,504,colplayer,"('compromise', 'deadlock')",0.2439024390243902,False,"1,6,20,13","2,32,1,12","1,2,4,3","2,4,1,3",42.0,False,True,P1,0.2439024390243902
1009,505,rowplayer,"('chicken', 'peace')",0.4444444444444444,False,"23,7,38,1","19,1,14,9","3,2,4,1","4,1,3,2",34.0,False,True,P1,0.4444444444444444
1010,505,colplayer,"('peace', 'chicken')",0.9090909090909092,False,"19,14,1,9","23,38,7,1","4,3,1,2","3,4,2,1",111.0,False,True,P1,0.9090909090909092
1011,506,rowplayer,"('staghunt', 'safecoord')",0.8,False,"29,2,5,4","39,2,14,19","4,1,3,2","4,1,2,3",137.0,False,True,P1,0.8
1012,506,colplayer,"('safecoord', 'staghunt')",0.9032258064516128,False,"39,14,2,19","29,5,2,4","4,2,1,3","4,3,1,2",60.0,False,True,P1,0.9032258064516128
1013,507,rowplayer,"('safecoord', 'staghunt')",0.8387096774193549,True,"29,9,7,19","34,23,15,15",,,,,,,
1014,507,colplayer,"('staghunt', 'safecoord')",0.9230769230769232,True,"34,15,23,15","29,7,9,19",,,,,,,
1015,508,rowplayer,"('peace', 'dilemma')",0.945945945945946,False,"42,36,2,14","6,19,2,3","4,3,1,2","3,4,1,2",119.0,False,True,P1,0.945945945945946
1016,508,colplayer,"('dilemma', 'peace')",0.095238095,False,"6,2,19,3","42,2,36,14","3,1,4,2","4,1,3,2",130.0,False,True,P1,0.095238095
1017,509,rowplayer,"('concord', 'dilemma')",0.8928571428571429,False,"28,15,23,6","31,38,2,21","4,2,3,1","3,4,1,2",107.0,False,True,P1,0.8928571428571429
1018,509,colplayer,"('dilemma', 'concord')",0.3571428571428571,False,"31,2,38,21","28,23,15,6","3,1,4,2","4,3,2,1",129.0,False,True,P1,0.3571428571428571
1019,510,rowplayer,"('safecoord', 'staghunt')",0.8648648648648649,False,"10,5,3,9","23,15,8,13","4,2,1,3","4,3,1,2",60.0,False,True,P1,0.8648648648648649
1020,510,colplayer,"('staghunt', 'safecoord')",0.65,False,"23,8,15,13","10,3,5,9","4,1,3,2","4,1,2,3",137.0,False,True,P1,0.65
1021,511,rowplayer,"('staghunt', 'concord')",0.8604651162790697,False,"21,1,14,2","24,20,7,1","4,1,3,2","4,3,2,1",141.0,False,True,P1,0.8604651162790697
1022,511,colplayer,"('concord', 'staghunt')",0.9574468085106383,False,"24,7,20,1","21,14,1,2","4,2,3,1","4,3,1,2",108.0,False,True,P1,0.9574468085106383
1023,512,rowplayer,"('staghunt', 'compromise')",0.6976744186046512,False,"26,2,6,3","3,29,7,17","4,1,3,2","1,4,2,3",136.0,False,True,P1,0.6976744186046512
1024,512,colplayer,"('compromise', 'staghunt')",0.097560976,False,"3,7,29,17","26,6,2,3","1,2,4,3","4,3,1,2",48.0,False,True,P1,0.097560976
1025,513,rowplayer,"('chicken', 'chicken')",0.7222222222222222,False,"13,12,32,4","25,33,3,1","3,2,4,1","3,4,2,1",27.0,False,True,P1,0.7222222222222222
1026,513,colplayer,"('chicken', 'chicken')",0.59375,False,"25,3,33,1","13,32,12,4","3,2,4,1","3,4,2,1",27.0,False,True,P1,0.59375
1027,514,rowplayer,"('leader', 'chicken')",0.8333333333333334,True,"14,16,30,8","6,24,3,3",,,,,,,
1028,514,colplayer,"('chicken', 'leader')",0.1666666666666666,True,"6,3,24,3","14,30,16,8",,,,,,,
1029,515,rowplayer,"('chicken', 'concord')",0.7,False,"23,21,34,3","32,19,18,4","3,2,4,1","4,3,2,1",33.0,False,True,P1,0.7
1030,515,colplayer,"('concord', 'chicken')",0.8775510204081632,False,"32,18,19,4","23,34,21,3","4,2,3,1","3,4,2,1",99.0,False,True,P1,0.8775510204081632
1031,516,rowplayer,"('assurance', 'peace')",0.5714285714285714,False,"13,1,6,8","18,4,11,6","4,1,2,3","4,1,3,2",10.0,False,True,P1,0.5714285714285714
1032,516,colplayer,"('peace', 'assurance')",0.9523809523809524,False,"18,11,4,6","13,6,1,8","4,3,1,2","4,2,1,3",109.0,False,True,P1,0.9523809523809524
1033,517,rowplayer,"('safecoord', 'deadlock')",0.7666666666666667,False,"17,12,11,16","8,41,1,19","4,2,1,3","2,4,1,3",54.0,False,True,P1,0.7666666666666667
1034,517,colplayer,"('deadlock', 'safecoord')",0.071428571,False,"8,1,41,19","17,11,12,16","2,1,4,3","4,1,2,3",65.0,False,True,P1,0.071428571
1035,518,rowplayer,"('leader', 'compromise')",0.8666666666666667,False,"22,23,30,11","7,21,8,15","2,3,4,1","1,4,2,3",16.0,False,True,P1,0.8666666666666667
1036,518,colplayer,"('compromise', 'leader')",0.1111111111111111,False,"7,8,21,15","22,30,23,11","1,2,4,3","2,4,3,1",38.0,False,True,P1,0.1111111111111111
1037,519,rowplayer,"('concord', 'harmony')",0.9761904761904762,False,"45,14,23,2","40,15,26,5","4,2,3,1","4,2,3,1",103.0,False,True,P1,0.9761904761904762
1038,519,colplayer,"('harmony', 'concord')",0.9333333333333332,False,"40,26,15,5","45,23,14,2","4,3,2,1","4,3,2,1",81.0,False,True,P1,0.9333333333333332
1039,520,rowplayer,"('concord', 'dilemma')",0.9487179487179488,False,"18,10,16,8","8,30,3,6","4,2,3,1","3,4,1,2",107.0,False,True,P1,0.9487179487179488
1040,520,colplayer,"('dilemma', 'concord')",0.1111111111111111,False,"8,3,30,6","18,16,10,8","3,1,4,2","4,3,2,1",129.0,False,True,P1,0.1111111111111111
1041,521,rowplayer,"('chicken', 'hero')",0.28125,False,"5,4,31,2","2,35,12,7","3,2,4,1","1,4,3,2",32.0,False,True,P1,0.28125
1042,521,colplayer,"('hero', 'chicken')",0.4358974358974359,False,"2,12,35,7","5,31,4,2","1,3,4,2","3,4,2,1",87.0,False,True,P1,0.4358974358974359
1043,522,rowplayer,"('deadlock', 'hero')",0.1034482758620689,False,"8,6,29,23","3,18,10,4","2,1,4,3","1,4,3,2",68.0,False,True,P1,0.1034482758620689
1044,522,colplayer,"('hero', 'deadlock')",0.5116279069767442,False,"3,10,18,4","8,29,6,23","1,3,4,2","2,4,1,3",90.0,False,True,P1,0.5116279069767442
1045,523,rowplayer,"('harmony', 'safecoord')",0.9069767441860463,False,"16,5,3,2","35,3,11,33","4,3,2,1","4,1,2,3",77.0,False,True,P1,0.9069767441860463
1046,523,colplayer,"('safecoord', 'harmony')",0.8947368421052632,False,"35,11,3,33","16,3,5,2","4,2,1,3","4,2,3,1",55.0,False,True,P1,0.8947368421052632
1047,524,rowplayer,"('staghunt', 'assurance')",0.8421052631578947,False,"33,1,15,5","16,2,1,6","4,1,3,2","4,2,1,3",133.0,False,True,P1,0.8421052631578947
1048,524,colplayer,"('assurance', 'staghunt')",0.8235294117647058,False,"16,1,2,6","33,15,1,5","4,1,2,3","4,3,1,2",12.0,False,True,P1,0.8235294117647058
1049,525,rowplayer,"('dilemma', 'safecoord')",0.5555555555555556,False,"18,13,25,14","15,2,3,4","3,1,4,2","4,1,2,3",125.0,False,True,P1,0.5555555555555556
1050,525,colplayer,"('safecoord', 'dilemma')",0.8536585365853658,False,"15,3,2,4","18,25,13,14","4,2,1,3","3,4,1,2",59.0,False,True,P1,0.8536585365853658
1051,526,rowplayer,"('concord', 'hero')",0.8,False,"25,7,14,2","1,9,5,2","4,2,3,1","1,4,3,2",104.0,False,True,P1,0.8
1052,526,colplayer,"('hero', 'concord')",0.2978723404255319,False,"1,5,9,2","25,14,7,2","1,3,4,2","4,3,2,1",93.0,False,True,P1,0.2978723404255319
1053,527,rowplayer,"('peace', 'leader')",0.8888888888888888,True,"25,11,1,7","4,23,10,4",,,,,,,
1054,527,colplayer,"('leader', 'peace')",0.1290322580645161,True,"4,10,23,4","25,1,11,7",,,,,,,
1055,528,rowplayer,"('peace', 'assurance')",0.8837209302325582,False,"9,3,1,2","26,6,1,8","4,3,1,2","4,2,1,3",109.0,False,True,P1,0.8837209302325582
1056,528,colplayer,"('assurance', 'peace')",0.7058823529411765,False,"26,1,6,8","9,1,3,2","4,1,2,3","4,1,3,2",10.0,False,True,P1,0.7058823529411765
1057,529,rowplayer,"('assurance', 'safecoord')",0.5517241379310345,True,"26,10,16,25","18,2,9,9",,,,,,,
1058,529,colplayer,"('safecoord', 'assurance')",0.9444444444444444,True,"18,9,2,9","26,16,10,25",,,,,,,
1059,530,rowplayer,"('concord', 'chicken')",0.8043478260869565,False,"23,8,18,5","10,16,3,1","4,2,3,1","3,4,2,1",99.0,False,True,P1,0.8043478260869565
1060,530,colplayer,"('chicken', 'concord')",0.5208333333333334,False,"10,3,16,1","23,18,8,5","3,2,4,1","4,3,2,1",33.0,False,True,P1,0.5208333333333334
1061,531,rowplayer,"('chicken', 'peace')",0.3870967741935484,False,"11,5,14,4","12,1,9,3","3,2,4,1","4,1,3,2",34.0,False,True,P1,0.3870967741935484
1062,531,colplayer,"('peace', 'chicken')",0.8780487804878049,False,"12,9,1,3","11,14,5,4","4,3,1,2","3,4,2,1",111.0,False,True,P1,0.8780487804878049
1063,532,rowplayer,"('safecoord', 'compromise')",0.7804878048780488,False,"25,5,4,6","10,27,11,15","4,2,1,3","1,4,2,3",52.0,False,True,P1,0.7804878048780488
1064,532,colplayer,"('compromise', 'safecoord')",0.4090909090909091,False,"10,11,27,15","25,4,5,6","1,2,4,3","4,1,2,3",41.0,False,True,P1,0.4090909090909091
1065,533,rowplayer,"('safecoord', 'staghunt')",0.8787878787878788,False,"30,5,1,6","46,20,3,7","4,2,1,3","4,3,1,2",60.0,False,True,P1,0.8787878787878788
1066,533,colplayer,"('staghunt', 'safecoord')",0.8478260869565217,False,"46,3,20,7","30,1,5,6","4,1,3,2","4,1,2,3",137.0,False,True,P1,0.8478260869565217
1067,534,rowplayer,"('deadlock', 'assurance')",0.4,True,"18,10,36,26","20,3,3,4",,,,,,,
1068,534,colplayer,"('assurance', 'deadlock')",0.8717948717948718,True,"20,3,3,4","18,36,10,26",,,,,,,
1069,535,rowplayer,"('assurance', 'peace')",0.6976744186046512,False,"23,1,7,8","36,13,25,22","4,1,2,3","4,1,3,2",10.0,False,True,P1,0.6976744186046512
1070,535,colplayer,"('peace', 'assurance')",0.8571428571428571,False,"36,25,13,22","23,7,1,8","4,3,1,2","4,2,1,3",109.0,False,True,P1,0.8571428571428571
1071,536,rowplayer,"('assurance', 'concord')",0.7017543859649122,False,"46,4,18,24","27,13,9,4","4,1,2,3","4,3,2,1",9.0,False,True,P1,0.7017543859649122
1072,536,colplayer,"('concord', 'assurance')",0.918918919,False,"27,9,13,4","46,18,4,24","4,2,3,1","4,2,1,3",97.0,False,True,P1,0.918918919
1073,537,rowplayer,"('concord', 'leader')",0.7428571428571429,False,"28,9,25,2","5,26,9,1","4,2,3,1","2,4,3,1",98.0,False,True,P1,0.7428571428571429
1074,537,colplayer,"('leader', 'concord')",0.4285714285714285,False,"5,9,26,1","28,25,9,2","2,3,4,1","4,3,2,1",21.0,False,True,P1,0.4285714285714285
1075,538,rowplayer,"('assurance', 'assurance')",0.6444444444444445,False,"39,5,9,24","15,11,9,13","4,1,2,3","4,2,1,3",1.0,False,True,P1,0.6444444444444445
1076,538,colplayer,"('assurance', 'assurance')",0.5116279069767442,False,"15,9,11,13","39,9,5,24","4,1,2,3","4,2,1,3",1.0,False,True,P1,0.5116279069767442
1077,539,rowplayer,"('concord', 'chicken')",0.9428571428571428,False,"34,20,25,14","15,29,13,5","4,2,3,1","3,4,2,1",99.0,False,True,P1,0.9428571428571428
1078,539,colplayer,"('chicken', 'concord')",0.5135135135135135,False,"15,13,29,5","34,25,20,14","3,2,4,1","4,3,2,1",33.0,False,True,P1,0.5135135135135135
1079,540,rowplayer,"('assurance', 'staghunt')",0.8823529411764706,True,"36,10,10,33","6,5,1,4",,,,,,,
1080,540,colplayer,"('staghunt', 'assurance')",0.3846153846153846,True,"6,1,5,4","36,10,10,33",,,,,,,
1081,541,rowplayer,"('dilemma', 'chicken')",0.1111111111111111,False,"14,1,30,4","33,37,28,12","3,1,4,2","3,4,2,1",123.0,False,True,P1,0.1111111111111111
1082,541,colplayer,"('chicken', 'dilemma')",0.78125,False,"33,28,37,12","14,30,1,4","3,2,4,1","3,4,1,2",35.0,False,True,P1,0.78125
1083,542,rowplayer,"('hero', 'safecoord')",0.1842105263157894,True,"14,37,44,37","29,3,18,22",,,,,,,
1084,542,colplayer,"('safecoord', 'hero')",0.7804878048780488,True,"29,18,3,22","14,44,37,37",,,,,,,
1085,543,rowplayer,"('chicken', 'peace')",0.1612903225806451,False,"10,3,30,1","45,2,32,10","3,2,4,1","4,1,3,2",34.0,False,True,P1,0.1612903225806451
1086,543,colplayer,"('peace', 'chicken')",0.8888888888888888,False,"45,32,2,10","10,30,3,1","4,3,1,2","3,4,2,1",111.0,False,True,P1,0.8888888888888888
1087,544,rowplayer,"('leader', 'hero')",0.75,False,"12,18,20,6","11,47,18,16","2,3,4,1","1,4,3,2",20.0,False,True,P1,0.75
1088,544,colplayer,"('hero', 'leader')",0.2619047619047619,False,"11,18,47,16","12,20,18,6","1,3,4,2","2,4,3,1",86.0,False,True,P1,0.2619047619047619
1089,545,rowplayer,"('assurance', 'chicken')",0.4736842105263157,True,"32,1,7,12","4,18,3,3",,,,,,,
1090,545,colplayer,"('chicken', 'assurance')",0.3125,True,"4,3,18,3","32,7,1,12",,,,,,,
1091,546,rowplayer,"('compromise', 'chicken')",0.1470588235294117,False,"2,3,24,14","7,39,5,2","1,2,4,3","3,4,2,1",39.0,False,True,P1,0.1470588235294117
1092,546,colplayer,"('chicken', 'compromise')",0.4242424242424242,False,"7,5,39,2","2,24,3,14","3,2,4,1","1,4,2,3",28.0,False,True,P1,0.4242424242424242
1093,547,rowplayer,"('assurance', 'assurance')",0.8367346938775511,False,"30,7,8,16","13,5,3,9","4,1,2,3","4,2,1,3",1.0,False,True,P1,0.8367346938775511
1094,547,colplayer,"('assurance', 'assurance')",0.6923076923076923,False,"13,3,5,9","30,8,7,16","4,1,2,3","4,2,1,3",1.0,False,True,P1,0.6923076923076923
1095,548,rowplayer,"('deadlock', 'safecoord')",0.25,False,"16,3,38,22","27,7,9,10","2,1,4,3","4,1,2,3",65.0,False,True,P1,0.25
1096,548,colplayer,"('safecoord', 'deadlock')",0.7435897435897436,False,"27,9,7,10","16,38,3,22","4,2,1,3","2,4,1,3",54.0,False,True,P1,0.7435897435897436
1097,549,rowplayer,"('hero', 'concord')",0.2702702702702703,False,"7,23,26,11","32,13,11,2","1,3,4,2","4,3,2,1",93.0,False,True,P1,0.2702702702702703
1098,549,colplayer,"('concord', 'hero')",0.8275862068965517,False,"32,11,13,2","7,26,23,11","4,2,3,1","1,4,3,2",104.0,False,True,P1,0.8275862068965517
1099,550,rowplayer,"('leader', 'harmony')",0.6190476190476191,False,"15,25,38,3","31,6,8,4","2,3,4,1","4,2,3,1",19.0,False,True,P1,0.6190476190476191
1100,550,colplayer,"('harmony', 'leader')",0.925,False,"31,8,6,4","15,38,25,3","4,3,2,1","2,4,3,1",74.0,False,True,P1,0.925
1101,551,rowplayer,"('assurance', 'safecoord')",0.3953488372093023,True,"23,2,12,18","6,4,5,5",,,,,,,
1102,551,colplayer,"('safecoord', 'assurance')",0.8679245283018868,True,"6,5,4,5","23,12,2,18",,,,,,,
1103,552,rowplayer,"('staghunt', 'peace')",0.7380952380952381,False,"35,3,20,5","23,9,21,20","4,1,3,2","4,1,3,2",142.0,False,True,P1,0.7380952380952381
1104,552,colplayer,"('peace', 'staghunt')",0.9696969696969696,False,"23,21,9,20","35,20,3,5","4,3,1,2","4,3,1,2",120.0,False,True,P1,0.9696969696969696
1105,553,rowplayer,"('safecoord', 'safecoord')",0.8,False,"32,7,1,28","26,2,4,6","4,2,1,3","4,1,2,3",53.0,False,True,P1,0.8
1106,553,colplayer,"('safecoord', 'safecoord')",0.9428571428571428,False,"26,4,2,6","32,1,7,28","4,2,1,3","4,1,2,3",53.0,False,True,P1,0.9428571428571428
1107,554,rowplayer,"('peace', 'safecoord')",0.8974358974358975,False,"15,12,3,8","24,5,14,15","4,3,1,2","4,1,2,3",113.0,False,True,P1,0.8974358974358975
1108,554,colplayer,"('safecoord', 'peace')",0.9166666666666666,False,"24,14,5,15","15,3,12,8","4,2,1,3","4,1,3,2",58.0,False,True,P1,0.9166666666666666
1109,555,rowplayer,"('leader', 'peace')",0.5897435897435898,False,"8,17,19,2","30,9,20,10","2,3,4,1","4,1,3,2",22.0,False,True,P1,0.5897435897435898
1110,555,colplayer,"('peace', 'leader')",0.8536585365853658,False,"30,20,9,10","8,19,17,2","4,3,1,2","2,4,3,1",110.0,False,True,P1,0.8536585365853658
1111,556,rowplayer,"('harmony', 'leader')",1.0,False,"30,14,8,5","5,16,10,2","4,3,2,1","2,4,3,1",74.0,False,True,P1,1.0
1112,556,colplayer,"('leader', 'harmony')",0.4146341463414634,False,"5,10,16,2","30,8,14,5","2,3,4,1","4,2,3,1",19.0,False,True,P1,0.4146341463414634
1113,557,rowplayer,"('chicken', 'dilemma')",0.4318181818181818,False,"6,3,13,1","23,34,13,14","3,2,4,1","3,4,1,2",35.0,False,True,P1,0.4318181818181818
1114,557,colplayer,"('dilemma', 'chicken')",0.4285714285714285,False,"23,13,34,14","6,13,3,1","3,1,4,2","3,4,2,1",123.0,False,True,P1,0.4285714285714285
1115,558,rowplayer,"('peace', 'staghunt')",0.8787878787878788,True,"31,25,1,1","40,12,3,7",,,,,,,
1116,558,colplayer,"('staghunt', 'peace')",0.8055555555555556,True,"40,3,12,7","31,1,25,1",,,,,,,
1117,559,rowplayer,"('deadlock', 'chicken')",0.1714285714285714,False,"14,1,43,32","18,29,14,6","2,1,4,3","3,4,2,1",63.0,False,True,P1,0.1714285714285714
1118,559,colplayer,"('chicken', 'deadlock')",0.8181818181818182,False,"18,14,29,6","14,43,1,32","3,2,4,1","2,4,1,3",30.0,False,True,P1,0.8181818181818182
1119,560,rowplayer,"('staghunt', 'staghunt')",0.7647058823529411,False,"21,1,7,6","34,10,1,3","4,1,3,2","4,3,1,2",144.0,False,True,P1,0.7647058823529411
1120,560,colplayer,"('staghunt', 'staghunt')",0.85,False,"34,1,10,3","21,7,1,6","4,1,3,2","4,3,1,2",144.0,False,True,P1,0.85
1121,561,rowplayer,"('staghunt', 'assurance')",0.2894736842105263,True,"17,2,16,14","19,11,6,19",,,,,,,
1122,561,colplayer,"('assurance', 'staghunt')",0.4102564102564102,True,"19,6,11,19","17,16,2,14",,,,,,,
1123,562,rowplayer,"('staghunt', 'concord')",0.5185185185185185,False,"17,4,16,9","38,21,15,7","4,1,3,2","4,3,2,1",141.0,False,True,P1,0.5185185185185185
1124,562,colplayer,"('concord', 'staghunt')",0.9333333333333332,False,"38,15,21,7","17,16,4,9","4,2,3,1","4,3,1,2",108.0,False,True,P1,0.9333333333333332
1125,563,rowplayer,"('compromise', 'staghunt')",0.4838709677419355,False,"13,15,40,17","45,9,1,2","1,2,4,3","4,3,1,2",48.0,False,True,P1,0.4838709677419355
1126,563,colplayer,"('staghunt', 'compromise')",0.7777777777777778,False,"45,1,9,2","13,40,15,17","4,1,3,2","1,4,2,3",136.0,False,True,P1,0.7777777777777778
1127,564,rowplayer,"('chicken', 'hero')",0.6,True,"14,6,16,5","1,25,2,2",,,,,,,
1128,564,colplayer,"('hero', 'chicken')",0.2,True,"1,2,25,2","14,16,6,5",,,,,,,
1129,565,rowplayer,"('chicken', 'concord')",0.2727272727272727,False,"4,3,27,1","21,9,2,1","3,2,4,1","4,3,2,1",33.0,False,True,P1,0.2727272727272727
1130,565,colplayer,"('concord', 'chicken')",0.7105263157894737,False,"21,2,9,1","4,27,3,1","4,2,3,1","3,4,2,1",99.0,False,True,P1,0.7105263157894737
1131,566,rowplayer,"('staghunt', 'compromise')",0.3076923076923077,False,"36,1,27,22","3,36,7,8","4,1,3,2","1,4,2,3",136.0,False,True,P1,0.3076923076923077
1132,566,colplayer,"('compromise', 'staghunt')",0.1935483870967742,False,"3,7,36,8","36,27,1,22","1,2,4,3","4,3,1,2",48.0,False,True,P1,0.1935483870967742
1133,567,rowplayer,"('leader', 'concord')",0.1612903225806451,True,"5,6,38,5","22,13,10,1",,,,,,,
1134,567,colplayer,"('concord', 'leader')",0.8571428571428571,True,"22,10,13,1","5,38,6,5",,,,,,,
1135,568,rowplayer,"('chicken', 'hero')",0.8837209302325582,False,"23,16,27,4","8,24,16,9","3,2,4,1","1,4,3,2",32.0,False,True,P1,0.8837209302325582
1136,568,colplayer,"('hero', 'chicken')",0.3888888888888889,False,"8,16,24,9","23,27,16,4","1,3,4,2","3,4,2,1",87.0,False,True,P1,0.3888888888888889
1137,569,rowplayer,"('assurance', 'peace')",0.7567567567567568,True,"26,2,2,12","30,4,7,5",,,,,,,
1138,569,colplayer,"('peace', 'assurance')",0.94,True,"30,7,4,5","26,2,2,12",,,,,,,
1139,570,rowplayer,"('peace', 'peace')",0.9473684210526316,True,"22,13,5,6","7,2,4,2",,,,,,,
1140,570,colplayer,"('peace', 'peace')",0.8717948717948718,True,"7,4,2,2","22,5,13,6",,,,,,,
1141,571,rowplayer,"('staghunt', 'assurance')",0.8,False,"43,3,12,10","35,6,4,28","4,1,3,2","4,2,1,3",133.0,False,True,P1,0.8
1142,571,colplayer,"('assurance', 'staghunt')",0.8214285714285714,False,"35,4,6,28","43,12,3,10","4,1,2,3","4,3,1,2",12.0,False,True,P1,0.8214285714285714
1143,572,rowplayer,"('peace', 'leader')",0.9473684210526316,False,"18,5,1,3","12,32,23,6","4,3,1,2","2,4,3,1",110.0,False,True,P1,0.9473684210526316
1144,572,colplayer,"('leader', 'peace')",0.5625,False,"12,23,32,6","18,1,5,3","2,3,4,1","4,1,3,2",22.0,False,True,P1,0.5625
1145,573,rowplayer,"('dilemma', 'safecoord')",0.34375,False,"17,7,20,10","27,2,4,6","3,1,4,2","4,1,2,3",125.0,False,True,P1,0.34375
1146,573,colplayer,"('safecoord', 'dilemma')",0.8235294117647058,False,"27,4,2,6","17,20,7,10","4,2,1,3","3,4,1,2",59.0,False,True,P1,0.8235294117647058
1147,574,rowplayer,"('assurance', 'dilemma')",0.5862068965517241,False,"33,2,6,7","9,17,1,6","4,1,2,3","3,4,1,2",11.0,False,True,P1,0.5862068965517241
1148,574,colplayer,"('dilemma', 'assurance')",0.3235294117647059,False,"9,1,17,6","33,6,2,7","3,1,4,2","4,2,1,3",121.0,False,True,P1,0.3235294117647059
1149,575,rowplayer,"('safecoord', 'assurance')",0.7894736842105263,True,"18,11,3,18","32,7,4,17",,,,,,,
1150,575,colplayer,"('assurance', 'safecoord')",0.76,True,"32,4,7,17","18,3,11,18",,,,,,,
1151,576,rowplayer,"('concord', 'leader')",0.8648648648648649,False,"42,25,27,1","15,27,17,11","4,2,3,1","2,4,3,1",98.0,False,True,P1,0.8648648648648649
1152,576,colplayer,"('leader', 'concord')",0.3658536585365853,False,"15,17,27,11","42,27,25,1","2,3,4,1","4,3,2,1",21.0,False,True,P1,0.3658536585365853
1153,577,rowplayer,"('peace', 'hero')",0.9318181818181818,True,"45,38,1,1","2,34,7,3",,,,,,,
1154,577,colplayer,"('hero', 'peace')",0.1111111111111111,True,"2,7,34,3","45,1,38,1",,,,,,,
1155,578,rowplayer,"('assurance', 'safecoord')",0.6808510638297872,False,"35,8,15,16","43,8,19,27","4,1,2,3","4,1,2,3",5.0,False,True,P1,0.6808510638297872
1156,578,colplayer,"('safecoord', 'assurance')",0.975,False,"43,19,8,27","35,15,8,16","4,2,1,3","4,2,1,3",49.0,False,True,P1,0.975
1157,579,rowplayer,"('dilemma', 'safecoord')",0.2142857142857142,False,"17,4,30,8","38,7,13,14","3,1,4,2","4,1,2,3",125.0,False,True,P1,0.2142857142857142
1158,579,colplayer,"('safecoord', 'dilemma')",0.8888888888888888,False,"38,13,7,14","17,30,4,8","4,2,1,3","3,4,1,2",59.0,False,True,P1,0.8888888888888888
1159,580,rowplayer,"('peace', 'leader')",0.9230769230769232,True,"26,11,2,4","3,15,6,3",,,,,,,
1160,580,colplayer,"('leader', 'peace')",0.1304347826086956,True,"3,6,15,3","26,2,11,4",,,,,,,
1161,581,rowplayer,"('chicken', 'leader')",0.3125,True,"18,5,25,5","7,11,8,3",,,,,,,
1162,581,colplayer,"('leader', 'chicken')",0.71875,True,"7,8,11,3","18,25,5,5",,,,,,,
1163,582,rowplayer,"('hero', 'hero')",0.4827586206896552,False,"11,17,18,13","1,14,13,3","1,3,4,2","1,4,3,2",92.0,False,True,P1,0.4827586206896552
1164,582,colplayer,"('hero', 'hero')",0.3684210526315789,False,"1,13,14,3","11,18,17,13","1,3,4,2","1,4,3,2",92.0,False,True,P1,0.3684210526315789
1165,583,rowplayer,"('safecoord', 'compromise')",0.7272727272727273,False,"41,13,5,19","4,28,6,20","4,2,1,3","1,4,2,3",52.0,False,True,P1,0.7272727272727273
1166,583,colplayer,"('compromise', 'safecoord')",0.065217391,False,"4,6,28,20","41,5,13,19","1,2,4,3","4,1,2,3",41.0,False,True,P1,0.065217391
1167,584,rowplayer,"('safecoord', 'concord')",0.926829268,False,"34,5,2,10","29,26,17,6","4,2,1,3","4,3,2,1",57.0,False,True,P1,0.926829268
1168,584,colplayer,"('concord', 'safecoord')",0.9523809523809524,False,"29,17,26,6","34,2,5,10","4,2,3,1","4,1,2,3",101.0,False,True,P1,0.9523809523809524
1169,585,rowplayer,"('leader', 'chicken')",1.0,False,"15,24,25,9","13,28,5,4","2,3,4,1","3,4,2,1",15.0,False,True,P1,1.0
1170,585,colplayer,"('chicken', 'leader')",0.3333333333333333,False,"13,5,28,4","15,25,24,9","3,2,4,1","2,4,3,1",26.0,False,True,P1,0.3333333333333333
1171,586,rowplayer,"('compromise', 'safecoord')",0.1388888888888889,False,"1,6,23,11","22,2,3,9","1,2,4,3","4,1,2,3",41.0,False,True,P1,0.1388888888888889
1172,586,colplayer,"('safecoord', 'compromise')",0.5116279069767442,False,"22,3,2,9","1,23,6,11","4,2,1,3","1,4,2,3",52.0,False,True,P1,0.5116279069767442
1173,587,rowplayer,"('chicken', 'hero')",0.0625,False,"4,2,42,1","1,29,16,12","3,2,4,1","1,4,3,2",32.0,False,True,P1,0.0625
1174,587,colplayer,"('hero', 'chicken')",0.375,False,"1,16,29,12","4,42,2,1","1,3,4,2","3,4,2,1",87.0,False,True,P1,0.375
1175,588,rowplayer,"('staghunt', 'safecoord')",0.725,False,"20,5,9,8","31,4,14,28","4,1,3,2","4,1,2,3",137.0,False,True,P1,0.725
1176,588,colplayer,"('safecoord', 'staghunt')",0.875,False,"31,14,4,28","20,9,5,8","4,2,1,3","4,3,1,2",60.0,False,True,P1,0.875
1177,589,rowplayer,"('hero', 'dilemma')",0.5666666666666667,False,"16,21,29,19","17,28,1,10","1,3,4,2","3,4,1,2",95.0,False,True,P1,0.5666666666666667
1178,589,colplayer,"('dilemma', 'hero')",0.1,False,"17,1,28,10","16,29,21,19","3,1,4,2","1,4,3,2",128.0,False,True,P1,0.1
1179,590,rowplayer,"('assurance', 'dilemma')",0.4444444444444444,False,"13,2,6,7","17,22,6,15","4,1,2,3","3,4,1,2",11.0,False,True,P1,0.4444444444444444
1180,590,colplayer,"('dilemma', 'assurance')",0.3191489361702128,False,"17,6,22,15","13,6,2,7","3,1,4,2","4,2,1,3",121.0,False,True,P1,0.3191489361702128
1181,591,rowplayer,"('chicken', 'hero')",0.6521739130434783,False,"23,6,35,1","20,32,26,21","3,2,4,1","1,4,3,2",32.0,False,True,P1,0.6521739130434783
1182,591,colplayer,"('hero', 'chicken')",0.6666666666666666,False,"20,26,32,21","23,35,6,1","1,3,4,2","3,4,2,1",87.0,False,True,P1,0.6666666666666666
1183,592,rowplayer,"('deadlock', 'chicken')",0.2941176470588235,False,"14,1,20,18","10,23,5,2","2,1,4,3","3,4,2,1",63.0,False,True,P1,0.2941176470588235
1184,592,colplayer,"('chicken', 'deadlock')",0.6206896551724138,False,"10,5,23,2","14,20,1,18","3,2,4,1","2,4,1,3",30.0,False,True,P1,0.6206896551724138
1185,593,rowplayer,"('hero', 'harmony')",0.1363636363636363,False,"2,7,27,5","36,18,25,1","1,3,4,2","4,2,3,1",91.0,False,True,P1,0.1363636363636363
1186,593,colplayer,"('harmony', 'hero')",0.9285714285714286,False,"36,25,18,1","2,27,7,5","4,3,2,1","1,4,3,2",80.0,False,True,P1,0.9285714285714286
1187,594,rowplayer,"('leader', 'chicken')",0.7,True,"6,15,30,1","4,12,2,2",,,,,,,
1188,594,colplayer,"('chicken', 'leader')",0.1836734693877551,True,"4,2,12,2","6,30,15,1",,,,,,,
1189,595,rowplayer,"('deadlock', 'leader')",0.1818181818181818,False,"5,2,17,6","16,24,19,1","2,1,4,3","2,4,3,1",62.0,False,True,P1,0.1818181818181818
1190,595,colplayer,"('leader', 'deadlock')",0.9,False,"16,19,24,1","5,17,2,6","2,3,4,1","2,4,1,3",18.0,False,True,P1,0.9
1191,596,rowplayer,"('chicken', 'peace')",0.5,True,"12,12,16,6","38,1,14,4",,,,,,,
1192,596,colplayer,"('peace', 'chicken')",0.9767441860465116,True,"38,14,1,4","12,16,12,6",,,,,,,
1193,597,rowplayer,"('chicken', 'harmony')",0.4166666666666667,False,"7,6,21,2","27,20,24,8","3,2,4,1","4,2,3,1",31.0,False,True,P1,0.4166666666666667
1194,597,colplayer,"('harmony', 'chicken')",0.9615384615384616,False,"27,24,20,8","7,21,6,2","4,3,2,1","3,4,2,1",75.0,False,True,P1,0.9615384615384616
1195,598,rowplayer,"('concord', 'hero')",0.627906977,False,"12,9,11,3","7,25,23,17","4,2,3,1","1,4,3,2",104.0,False,True,P1,0.627906977
1196,598,colplayer,"('hero', 'concord')",0.4358974358974359,False,"7,23,25,17","12,11,9,3","1,3,4,2","4,3,2,1",93.0,False,True,P1,0.4358974358974359
1197,599,rowplayer,"('hero', 'peace')",0.25,False,"2,13,20,3","8,2,5,4","1,3,4,2","4,1,3,2",94.0,False,True,P1,0.25
1198,599,colplayer,"('peace', 'hero')",0.8108108108108109,False,"8,5,2,4","2,20,13,3","4,3,1,2","1,4,3,2",116.0,False,True,P1,0.8108108108108109
1199,600,rowplayer,"('deadlock', 'safecoord')",0.057142857,False,"3,2,18,11","33,6,7,17","2,1,4,3","4,1,2,3",65.0,False,True,P1,0.057142857
1200,600,colplayer,"('safecoord', 'deadlock')",0.5526315789473685,False,"33,7,6,17","3,18,2,11","4,2,1,3","2,4,1,3",54.0,False,True,P1,0.5526315789473685
1201,601,rowplayer,"('chicken', 'peace')",0.2608695652173913,False,"11,6,24,4","31,2,16,12","3,2,4,1","4,1,3,2",34.0,False,True,P1,0.2608695652173913
1202,601,colplayer,"('peace', 'chicken')",0.8571428571428571,False,"31,16,2,12","11,24,6,4","4,3,1,2","3,4,2,1",111.0,False,True,P1,0.8571428571428571
1203,602,rowplayer,"('safecoord', 'deadlock')",0.6756756756756757,False,"40,22,6,32","8,47,7,16","4,2,1,3","2,4,1,3",54.0,False,True,P1,0.6756756756756757
1204,602,colplayer,"('deadlock', 'safecoord')",0.071428571,False,"8,7,47,16","40,6,22,32","2,1,4,3","4,1,2,3",65.0,False,True,P1,0.071428571
1205,603,rowplayer,"('peace', 'safecoord')",0.9302325581395348,True,"22,20,1,1","34,4,6,10",,,,,,,
1206,603,colplayer,"('safecoord', 'peace')",0.9,True,"34,6,4,10","22,1,20,1",,,,,,,
1207,604,rowplayer,"('harmony', 'hero')",0.8974358974358975,True,"21,15,15,9","18,41,39,19",,,,,,,
1208,604,colplayer,"('hero', 'harmony')",0.53125,True,"18,39,41,19","21,15,15,9",,,,,,,
1209,605,rowplayer,"('deadlock', 'hero')",0.03125,False,"2,1,26,20","1,19,13,10","2,1,4,3","1,4,3,2",68.0,False,True,P1,0.03125
1210,605,colplayer,"('hero', 'deadlock')",0.2972972972972973,False,"1,13,19,10","2,26,1,20","1,3,4,2","2,4,1,3",90.0,False,True,P1,0.2972972972972973
1211,606,rowplayer,"('dilemma', 'chicken')",0.2678571428571428,True,"15,3,21,14","2,24,2,1",,,,,,,
1212,606,colplayer,"('chicken', 'dilemma')",0.2162162162162162,True,"2,2,24,1","15,21,3,14",,,,,,,
1213,607,rowplayer,"('assurance', 'dilemma')",0.3333333333333333,False,"11,1,7,10","6,21,1,5","4,1,2,3","3,4,1,2",11.0,False,True,P1,0.3333333333333333
1214,607,colplayer,"('dilemma', 'assurance')",0.3448275862068966,False,"6,1,21,5","11,7,1,10","3,1,4,2","4,2,1,3",121.0,False,True,P1,0.3448275862068966
1215,608,rowplayer,"('peace', 'leader')",0.926829268,True,"30,18,7,12","23,25,25,21",,,,,,,
1216,608,colplayer,"('leader', 'peace')",0.7045454545454546,True,"23,25,25,21","30,7,18,12",,,,,,,
1217,609,rowplayer,"('peace', 'chicken')",0.90625,False,"22,20,1,3","14,47,8,5","4,3,1,2","3,4,2,1",111.0,False,True,P1,0.90625
1218,609,colplayer,"('chicken', 'peace')",0.1739130434782608,False,"14,8,47,5","22,1,20,3","3,2,4,1","4,1,3,2",34.0,False,True,P1,0.1739130434782608
1219,610,rowplayer,"('compromise', 'staghunt')",0.1714285714285714,False,"3,13,35,19","25,23,5,13","1,2,4,3","4,3,1,2",48.0,False,True,P1,0.1714285714285714
1220,610,colplayer,"('staghunt', 'compromise')",0.073170732,False,"25,5,23,13","3,35,13,19","4,1,3,2","1,4,2,3",136.0,False,True,P1,0.073170732
1221,611,rowplayer,"('leader', 'chicken')",0.7777777777777778,True,"14,16,24,2","11,29,11,6",,,,,,,
1222,611,colplayer,"('chicken', 'leader')",0.4666666666666667,True,"11,11,29,6","14,24,16,2",,,,,,,
1223,612,rowplayer,"('leader', 'deadlock')",0.7954545454545454,False,"9,12,21,1","4,15,2,5","2,3,4,1","2,4,1,3",18.0,False,True,P1,0.7954545454545454
1224,612,colplayer,"('deadlock', 'leader')",0.1176470588235294,False,"4,2,15,5","9,21,12,1","2,1,4,3","2,4,3,1",62.0,False,True,P1,0.1176470588235294
1225,613,rowplayer,"('chicken', 'compromise')",0.6,False,"33,4,34,2","10,28,15,16","3,2,4,1","1,4,2,3",28.0,False,True,P1,0.6
1226,613,colplayer,"('compromise', 'chicken')",0.3142857142857143,False,"10,15,28,16","33,34,4,2","1,2,4,3","3,4,2,1",39.0,False,True,P1,0.3142857142857143
1227,614,rowplayer,"('assurance', 'peace')",0.8809523809523809,False,"21,1,2,9","17,1,14,11","4,1,2,3","4,1,3,2",10.0,False,True,P1,0.8809523809523809
1228,614,colplayer,"('peace', 'assurance')",0.902439024390244,False,"17,14,1,11","21,2,1,9","4,3,1,2","4,2,1,3",109.0,False,True,P1,0.902439024390244
1229,615,rowplayer,"('leader', 'leader')",0.6875,False,"3,34,39,1","7,40,31,3","2,3,4,1","2,4,3,1",14.0,False,True,P1,0.6875
1230,615,colplayer,"('leader', 'leader')",0.5853658536585366,False,"7,31,40,3","3,39,34,1","2,3,4,1","2,4,3,1",14.0,False,True,P1,0.5853658536585366
1231,616,rowplayer,"('hero', 'leader')",0.4166666666666667,False,"3,12,13,10","5,10,6,1","1,3,4,2","2,4,3,1",86.0,False,True,P1,0.4166666666666667
1232,616,colplayer,"('leader', 'hero')",0.6136363636363636,False,"5,6,10,1","3,13,12,10","2,3,4,1","1,4,3,2",20.0,False,True,P1,0.6136363636363636
1233,617,rowplayer,"('safecoord', 'harmony')",0.7560975609756098,True,"24,13,12,24","40,6,17,2",,,,,,,
1234,617,colplayer,"('harmony', 'safecoord')",0.925,True,"40,17,6,2","24,12,13,24",,,,,,,
1235,618,rowplayer,"('chicken', 'deadlock')",0.7073170731707317,True,"13,13,39,2","8,43,7,32",,,,,,,
1236,618,colplayer,"('deadlock', 'chicken')",0.1034482758620689,True,"8,7,43,32","13,39,13,2",,,,,,,
1237,619,rowplayer,"('peace', 'staghunt')",0.8947368421052632,False,"30,27,8,17","12,4,2,3","4,3,1,2","4,3,1,2",120.0,False,True,P1,0.8947368421052632
1238,619,colplayer,"('staghunt', 'peace')",0.8,False,"12,2,4,3","30,8,27,17","4,1,3,2","4,1,3,2",142.0,False,True,P1,0.8
1239,620,rowplayer,"('dilemma', 'assurance')",0.3333333333333333,False,"9,2,15,3","14,4,2,13","3,1,4,2","4,2,1,3",121.0,False,True,P1,0.3333333333333333
1240,620,colplayer,"('assurance', 'dilemma')",0.5588235294117647,False,"14,2,4,13","9,15,2,3","4,1,2,3","3,4,1,2",11.0,False,True,P1,0.5588235294117647
1241,621,rowplayer,"('peace', 'leader')",0.8055555555555556,False,"37,14,10,12","8,33,15,7","4,3,1,2","2,4,3,1",110.0,False,True,P1,0.8055555555555556
1242,621,colplayer,"('leader', 'peace')",0.3823529411764705,False,"8,15,33,7","37,10,14,12","2,3,4,1","4,1,3,2",22.0,False,True,P1,0.3823529411764705
1243,622,rowplayer,"('hero', 'deadlock')",0.4782608695652174,False,"1,12,32,6","7,17,6,16","1,3,4,2","2,4,1,3",90.0,False,True,P1,0.4782608695652174
1244,622,colplayer,"('deadlock', 'hero')",0.1351351351351351,False,"7,6,17,16","1,32,12,6","2,1,4,3","1,4,3,2",68.0,False,True,P1,0.1351351351351351
1245,623,rowplayer,"('assurance', 'assurance')",0.935483870967742,True,"7,3,3,4","8,2,1,5",,,,,,,
1246,623,colplayer,"('assurance', 'assurance')",0.7380952380952381,True,"8,1,2,5","7,3,3,4",,,,,,,
1247,624,rowplayer,"('safecoord', 'compromise')",0.4782608695652174,False,"33,8,3,30","2,28,11,22","4,2,1,3","1,4,2,3",52.0,False,True,P1,0.4782608695652174
1248,624,colplayer,"('compromise', 'safecoord')",0.1071428571428571,False,"2,11,28,22","33,3,8,30","1,2,4,3","4,1,2,3",41.0,False,True,P1,0.1071428571428571
1249,625,rowplayer,"('chicken', 'chicken')",0.8181818181818182,False,"21,14,24,3","12,42,6,4","3,2,4,1","3,4,2,1",27.0,False,True,P1,0.8181818181818182
1250,625,colplayer,"('chicken', 'chicken')",0.2727272727272727,False,"12,6,42,4","21,24,14,3","3,2,4,1","3,4,2,1",27.0,False,True,P1,0.2727272727272727
1251,626,rowplayer,"('chicken', 'chicken')",0.3720930232558139,False,"6,5,13,3","23,26,21,14","3,2,4,1","3,4,2,1",27.0,False,True,P1,0.3720930232558139
1252,626,colplayer,"('chicken', 'chicken')",0.75,False,"23,21,26,14","6,13,5,3","3,2,4,1","3,4,2,1",27.0,False,True,P1,0.75
1253,627,rowplayer,"('assurance', 'dilemma')",0.8387096774193549,False,"27,14,16,21","24,25,7,13","4,1,2,3","3,4,1,2",11.0,False,True,P1,0.8387096774193549
1254,627,colplayer,"('dilemma', 'assurance')",0.3888888888888889,False,"24,7,25,13","27,16,14,21","3,1,4,2","4,2,1,3",121.0,False,True,P1,0.3888888888888889
1255,628,rowplayer,"('chicken', 'peace')",0.8709677419354839,False,"25,8,31,1","30,2,12,4","3,2,4,1","4,1,3,2",34.0,False,True,P1,0.8709677419354839
1256,628,colplayer,"('peace', 'chicken')",0.9361702127659576,False,"30,12,2,4","25,31,8,1","4,3,1,2","3,4,2,1",111.0,False,True,P1,0.9361702127659576
1257,629,rowplayer,"('chicken', 'leader')",0.5384615384615384,False,"17,14,22,9","3,26,23,1","3,2,4,1","2,4,3,1",26.0,False,True,P1,0.5384615384615384
1258,629,colplayer,"('leader', 'chicken')",0.7837837837837838,False,"3,23,26,1","17,22,14,9","2,3,4,1","3,4,2,1",15.0,False,True,P1,0.7837837837837838
1259,630,rowplayer,"('staghunt', 'assurance')",0.4888888888888889,False,"16,7,15,11","23,8,1,11","4,1,3,2","4,2,1,3",133.0,False,True,P1,0.4888888888888889
1260,630,colplayer,"('assurance', 'staghunt')",0.6216216216216216,False,"23,1,8,11","16,15,7,11","4,1,2,3","4,3,1,2",12.0,False,True,P1,0.6216216216216216
1261,631,rowplayer,"('leader', 'leader')",0.8235294117647058,False,"7,12,14,1","3,17,5,2","2,3,4,1","2,4,3,1",14.0,False,True,P1,0.8235294117647058
1262,631,colplayer,"('leader', 'leader')",0.3666666666666666,False,"3,5,17,2","7,14,12,1","2,3,4,1","2,4,3,1",14.0,False,True,P1,0.3666666666666666
1263,632,rowplayer,"('harmony', 'staghunt')",0.9761904761904762,False,"19,9,7,1","25,20,5,9","4,3,2,1","4,3,1,2",84.0,False,True,P1,0.9761904761904762
1264,632,colplayer,"('staghunt', 'harmony')",0.8048780487804879,False,"25,5,20,9","19,7,9,1","4,1,3,2","4,2,3,1",139.0,False,True,P1,0.8048780487804879
1265,633,rowplayer,"('dilemma', 'leader')",0.2127659574468085,True,"9,3,46,5","1,33,7,1",,,,,,,
1266,633,colplayer,"('leader', 'dilemma')",0.5357142857142857,True,"1,7,33,1","9,46,3,5",,,,,,,
1267,634,rowplayer,"('concord', 'safecoord')",0.875,False,"25,19,23,11","37,3,7,13","4,2,3,1","4,1,2,3",101.0,False,True,P1,0.875
1268,634,colplayer,"('safecoord', 'concord')",0.8333333333333334,False,"37,7,3,13","25,23,19,11","4,2,1,3","4,3,2,1",57.0,False,True,P1,0.8333333333333334
1269,635,rowplayer,"('leader', 'deadlock')",0.7142857142857143,True,"12,22,23,10","5,7,3,5",,,,,,,
1270,635,colplayer,"('deadlock', 'leader')",0.2142857142857142,True,"5,3,7,5","12,23,22,10",,,,,,,
1271,636,rowplayer,"('deadlock', 'compromise')",0.2647058823529412,True,"8,6,14,8","1,11,3,4",,,,,,,
1272,636,colplayer,"('compromise', 'deadlock')",0.119047619047619,True,"1,3,11,4","8,14,6,8",,,,,,,
1273,637,rowplayer,"('assurance', 'peace')",0.6216216216216216,False,"32,5,12,22","28,6,12,9","4,1,2,3","4,1,3,2",10.0,False,True,P1,0.6216216216216216
1274,637,colplayer,"('peace', 'assurance')",1.0,False,"28,12,6,9","32,12,5,22","4,3,1,2","4,2,1,3",109.0,False,True,P1,1.0
1275,638,rowplayer,"('leader', 'leader')",0.4634146341463415,True,"2,10,25,2","8,19,9,1",,,,,,,
1276,638,colplayer,"('leader', 'leader')",0.4857142857142857,True,"8,9,19,1","2,25,10,2",,,,,,,
1277,639,rowplayer,"('assurance', 'concord')",0.7906976744186046,False,"30,15,18,20","15,12,3,2","4,1,2,3","4,3,2,1",9.0,False,True,P1,0.7906976744186046
1278,639,colplayer,"('concord', 'assurance')",0.8780487804878049,False,"15,3,12,2","30,18,15,20","4,2,3,1","4,2,1,3",97.0,False,True,P1,0.8780487804878049
1279,640,rowplayer,"('safecoord', 'deadlock')",0.5172413793103449,False,"27,9,8,18","23,36,14,24","4,2,1,3","2,4,1,3",54.0,False,True,P1,0.5172413793103449
1280,640,colplayer,"('deadlock', 'safecoord')",0.5555555555555556,False,"23,14,36,24","27,8,9,18","2,1,4,3","4,1,2,3",65.0,False,True,P1,0.5555555555555556
1281,641,rowplayer,"('chicken', 'compromise')",0.5853658536585366,False,"14,8,25,2","1,26,5,18","3,2,4,1","1,4,2,3",28.0,False,True,P1,0.5853658536585366
1282,641,colplayer,"('compromise', 'chicken')",0.1842105263157894,False,"1,5,26,18","14,25,8,2","1,2,4,3","3,4,2,1",39.0,False,True,P1,0.1842105263157894
1283,642,rowplayer,"('deadlock', 'chicken')",0.096774194,False,"8,1,28,16","14,15,8,3","2,1,4,3","3,4,2,1",63.0,False,True,P1,0.096774194
1284,642,colplayer,"('chicken', 'deadlock')",0.8205128205128205,False,"14,8,15,3","8,28,1,16","3,2,4,1","2,4,1,3",30.0,False,True,P1,0.8205128205128205
1285,643,rowplayer,"('staghunt', 'staghunt')",0.6808510638297872,False,"8,1,7,3","21,12,2,3","4,1,3,2","4,3,1,2",144.0,False,True,P1,0.6808510638297872
1286,643,colplayer,"('staghunt', 'staghunt')",0.8857142857142857,False,"21,2,12,3","8,7,1,3","4,1,3,2","4,3,1,2",144.0,False,True,P1,0.8857142857142857
1287,644,rowplayer,"('staghunt', 'safecoord')",0.5128205128205128,False,"32,18,30,22","27,5,11,15","4,1,3,2","4,1,2,3",137.0,False,True,P1,0.5128205128205128
1288,644,colplayer,"('safecoord', 'staghunt')",0.9032258064516128,False,"27,11,5,15","32,30,18,22","4,2,1,3","4,3,1,2",60.0,False,True,P1,0.9032258064516128
1289,645,rowplayer,"('deadlock', 'safecoord')",0.1891891891891892,False,"6,5,28,8","19,3,6,15","2,1,4,3","4,1,2,3",65.0,False,True,P1,0.1891891891891892
1290,645,colplayer,"('safecoord', 'deadlock')",0.7428571428571429,False,"19,6,3,15","6,28,5,8","4,2,1,3","2,4,1,3",54.0,False,True,P1,0.7428571428571429
1291,646,rowplayer,"('deadlock', 'leader')",0.1515151515151515,False,"7,3,28,15","19,31,24,11","2,1,4,3","2,4,3,1",62.0,False,True,P1,0.1515151515151515
1292,646,colplayer,"('leader', 'deadlock')",0.7368421052631579,False,"19,24,31,11","7,28,3,15","2,3,4,1","2,4,1,3",18.0,False,True,P1,0.7368421052631579
1293,647,rowplayer,"('dilemma', 'staghunt')",0.4666666666666667,False,"25,9,34,17","27,12,1,4","3,1,4,2","4,3,1,2",132.0,False,True,P1,0.4666666666666667
1294,647,colplayer,"('staghunt', 'dilemma')",0.525,False,"27,1,12,4","25,34,9,17","4,1,3,2","3,4,1,2",143.0,False,True,P1,0.525
1295,648,rowplayer,"('staghunt', 'harmony')",0.58,True,"30,3,19,12","13,9,9,1",,,,,,,
1296,648,colplayer,"('harmony', 'staghunt')",0.9393939393939394,True,"13,9,9,1","30,19,3,12",,,,,,,
1297,649,rowplayer,"('compromise', 'concord')",0.2444444444444444,False,"1,3,13,4","32,20,14,3","1,2,4,3","4,3,2,1",45.0,False,True,P1,0.2444444444444444
1298,649,colplayer,"('concord', 'compromise')",0.8666666666666667,False,"32,14,20,3","1,13,3,4","4,2,3,1","1,4,2,3",100.0,False,True,P1,0.8666666666666667
1299,650,rowplayer,"('safecoord', 'harmony')",0.9545454545454546,True,"21,8,5,16","28,15,28,4",,,,,,,
1300,650,colplayer,"('harmony', 'safecoord')",0.95,True,"28,28,15,4","21,5,8,16",,,,,,,
1301,651,rowplayer,"('harmony', 'hero')",0.9393939393939394,False,"22,19,11,8","1,17,3,2","4,3,2,1","1,4,3,2",80.0,False,True,P1,0.9393939393939394
1302,651,colplayer,"('hero', 'harmony')",0.1842105263157894,False,"1,3,17,2","22,11,19,8","1,3,4,2","4,2,3,1",91.0,False,True,P1,0.1842105263157894
1303,652,rowplayer,"('assurance', 'deadlock')",0.6785714285714286,False,"36,8,9,12","8,31,7,13","4,1,2,3","2,4,1,3",6.0,False,True,P1,0.6785714285714286
1304,652,colplayer,"('deadlock', 'assurance')",0.1034482758620689,False,"8,7,31,13","36,9,8,12","2,1,4,3","4,2,1,3",61.0,False,True,P1,0.1034482758620689
1305,653,rowplayer,"('leader', 'hero')",0.5641025641025641,False,"5,19,29,2","4,24,16,11","2,3,4,1","1,4,3,2",20.0,False,True,P1,0.5641025641025641
1306,653,colplayer,"('hero', 'leader')",0.2619047619047619,False,"4,16,24,11","5,29,19,2","1,3,4,2","2,4,3,1",86.0,False,True,P1,0.2619047619047619
1307,654,rowplayer,"('peace', 'hero')",0.8918918918918919,False,"43,30,4,15","3,28,21,14","4,3,1,2","1,4,3,2",116.0,False,True,P1,0.8918918918918919
1308,654,colplayer,"('hero', 'peace')",0.1142857142857142,False,"3,21,28,14","43,4,30,15","1,3,4,2","4,1,3,2",94.0,False,True,P1,0.1142857142857142
1309,655,rowplayer,"('leader', 'compromise')",0.4418604651162791,False,"2,3,7,1","2,34,20,23","2,3,4,1","1,4,2,3",16.0,False,True,P1,0.4418604651162791
1310,655,colplayer,"('compromise', 'leader')",0.3720930232558139,False,"2,20,34,23","2,7,3,1","1,2,4,3","2,4,3,1",38.0,False,True,P1,0.3720930232558139
1311,656,rowplayer,"('staghunt', 'concord')",0.8823529411764706,False,"32,18,21,19","14,8,2,1","4,1,3,2","4,3,2,1",141.0,False,True,P1,0.8823529411764706
1312,656,colplayer,"('concord', 'staghunt')",0.9666666666666668,False,"14,2,8,1","32,21,18,19","4,2,3,1","4,3,1,2",108.0,False,True,P1,0.9666666666666668
1313,657,rowplayer,"('peace', 'safecoord')",0.8913043478260869,False,"25,23,3,11","9,1,3,8","4,3,1,2","4,1,2,3",113.0,False,True,P1,0.8913043478260869
1314,657,colplayer,"('safecoord', 'peace')",0.9,False,"9,3,1,8","25,3,23,11","4,2,1,3","4,1,3,2",58.0,False,True,P1,0.9
1315,658,rowplayer,"('dilemma', 'hero')",0.1666666666666666,False,"10,1,33,6","5,23,15,7","3,1,4,2","1,4,3,2",128.0,False,True,P1,0.1666666666666666
1316,658,colplayer,"('hero', 'dilemma')",0.5483870967741935,False,"5,15,23,7","10,33,1,6","1,3,4,2","3,4,1,2",95.0,False,True,P1,0.5483870967741935
1317,659,rowplayer,"('chicken', 'concord')",0.2333333333333333,False,"4,3,24,2","18,12,8,2","3,2,4,1","4,3,2,1",33.0,False,True,P1,0.2333333333333333
1318,659,colplayer,"('concord', 'chicken')",0.8103448275862069,False,"18,8,12,2","4,24,3,2","4,2,3,1","3,4,2,1",99.0,False,True,P1,0.8103448275862069
1319,660,rowplayer,"('hero', 'harmony')",0.055555556,False,"5,32,47,10","27,18,22,7","1,3,4,2","4,2,3,1",91.0,False,True,P1,0.055555556
1320,660,colplayer,"('harmony', 'hero')",0.8936170212765957,False,"27,22,18,7","5,47,32,10","4,3,2,1","1,4,3,2",80.0,False,True,P1,0.8936170212765957
1321,661,rowplayer,"('safecoord', 'deadlock')",0.7857142857142857,False,"22,9,6,19","7,10,1,8","4,2,1,3","2,4,1,3",54.0,False,True,P1,0.7857142857142857
1322,661,colplayer,"('deadlock', 'safecoord')",0.095238095,False,"7,1,10,8","22,6,9,19","2,1,4,3","4,1,2,3",65.0,False,True,P1,0.095238095
1323,662,rowplayer,"('peace', 'assurance')",0.8378378378378378,False,"32,13,6,7","14,4,3,10","4,3,1,2","4,2,1,3",109.0,False,True,P1,0.8378378378378378
1324,662,colplayer,"('assurance', 'peace')",0.7659574468085106,False,"14,3,4,10","32,6,13,7","4,1,2,3","4,1,3,2",10.0,False,True,P1,0.7659574468085106
1325,663,rowplayer,"('chicken', 'leader')",0.4390243902439024,False,"12,5,20,2","15,18,17,10","3,2,4,1","2,4,3,1",26.0,False,True,P1,0.4390243902439024
1326,663,colplayer,"('leader', 'chicken')",0.72,False,"15,17,18,10","12,20,5,2","2,3,4,1","3,4,2,1",15.0,False,True,P1,0.72
1327,664,rowplayer,"('safecoord', 'staghunt')",0.8846153846153846,True,"39,9,6,20","18,12,10,10",,,,,,,
1328,664,colplayer,"('staghunt', 'safecoord')",0.8214285714285714,True,"18,10,12,10","39,6,9,20",,,,,,,
1329,665,rowplayer,"('assurance', 'assurance')",0.7380952380952381,False,"34,6,12,16","12,4,1,7","4,1,2,3","4,2,1,3",1.0,False,True,P1,0.7380952380952381
1330,665,colplayer,"('assurance', 'assurance')",0.5135135135135135,False,"12,1,4,7","34,12,6,16","4,1,2,3","4,2,1,3",1.0,False,True,P1,0.5135135135135135
1331,666,rowplayer,"('safecoord', 'deadlock')",0.6521739130434783,False,"31,2,1,13","5,34,4,6","4,2,1,3","2,4,1,3",54.0,False,True,P1,0.6521739130434783
1332,666,colplayer,"('deadlock', 'safecoord')",0.1428571428571428,False,"5,4,34,6","31,1,2,13","2,1,4,3","4,1,2,3",65.0,False,True,P1,0.1428571428571428
1333,667,rowplayer,"('staghunt', 'dilemma')",0.7045454545454546,False,"15,3,13,5","9,24,1,3","4,1,3,2","3,4,1,2",143.0,False,True,P1,0.7045454545454546
1334,667,colplayer,"('dilemma', 'staghunt')",0.3243243243243243,False,"9,1,24,3","15,13,3,5","3,1,4,2","4,3,1,2",132.0,False,True,P1,0.3243243243243243
1335,668,rowplayer,"('staghunt', 'chicken')",0.45,True,"8,1,4,3","5,22,2,2",,,,,,,
1336,668,colplayer,"('chicken', 'staghunt')",0.3,True,"5,2,22,2","8,4,1,3",,,,,,,
1337,669,rowplayer,"('concord', 'safecoord')",0.935483870967742,False,"30,9,28,4","38,10,21,36","4,2,3,1","4,1,2,3",101.0,False,True,P1,0.935483870967742
1338,669,colplayer,"('safecoord', 'concord')",0.95,False,"38,21,10,36","30,28,9,4","4,2,1,3","4,3,2,1",57.0,False,True,P1,0.95
1339,670,rowplayer,"('hero', 'deadlock')",0.3333333333333333,True,"7,12,33,8","5,29,3,29",,,,,,,
1340,670,colplayer,"('deadlock', 'hero')",0.076923077,True,"5,3,29,29","7,33,12,8",,,,,,,
1341,671,rowplayer,"('assurance', 'assurance')",0.8928571428571429,False,"31,1,3,7","31,9,6,27","4,1,2,3","4,2,1,3",1.0,False,True,P1,0.8928571428571429
1342,671,colplayer,"('assurance', 'assurance')",0.7317073170731707,False,"31,6,9,27","31,3,1,7","4,1,2,3","4,2,1,3",1.0,False,True,P1,0.7317073170731707
1343,672,rowplayer,"('staghunt', 'staghunt')",0.6346153846153846,False,"33,11,26,24","32,13,1,3","4,1,3,2","4,3,1,2",144.0,False,True,P1,0.6346153846153846
1344,672,colplayer,"('staghunt', 'staghunt')",0.7608695652173914,False,"32,1,13,3","33,26,11,24","4,1,3,2","4,3,1,2",144.0,False,True,P1,0.7608695652173914
1345,673,rowplayer,"('harmony', 'hero')",0.7948717948717948,False,"12,5,4,3","1,23,7,4","4,3,2,1","1,4,3,2",80.0,False,True,P1,0.7948717948717948
1346,673,colplayer,"('hero', 'harmony')",0.1463414634146341,False,"1,7,23,4","12,4,5,3","1,3,4,2","4,2,3,1",91.0,False,True,P1,0.1463414634146341
1347,674,rowplayer,"('staghunt', 'assurance')",0.75,False,"29,2,14,7","28,23,4,26","4,1,3,2","4,2,1,3",133.0,False,True,P1,0.75
1348,674,colplayer,"('assurance', 'staghunt')",0.5272727272727272,False,"28,4,23,26","29,14,2,7","4,1,2,3","4,3,1,2",12.0,False,True,P1,0.5272727272727272
1349,675,rowplayer,"('safecoord', 'staghunt')",0.7906976744186046,False,"33,17,8,28","18,10,1,2","4,2,1,3","4,3,1,2",60.0,False,True,P1,0.7906976744186046
1350,675,colplayer,"('staghunt', 'safecoord')",0.7567567567567568,False,"18,1,10,2","33,8,17,28","4,1,3,2","4,1,2,3",137.0,False,True,P1,0.7567567567567568
1351,676,rowplayer,"('concord', 'staghunt')",0.951219512195122,False,"20,3,6,1","18,15,5,11","4,2,3,1","4,3,1,2",108.0,False,True,P1,0.951219512195122
1352,676,colplayer,"('staghunt', 'concord')",0.631578947,False,"18,5,15,11","20,6,3,1","4,1,3,2","4,3,2,1",141.0,False,True,P1,0.631578947
1353,677,rowplayer,"('peace', 'safecoord')",0.94,False,"34,33,16,23","15,1,4,12","4,3,1,2","4,1,2,3",113.0,False,True,P1,0.94
1354,677,colplayer,"('safecoord', 'peace')",0.8536585365853658,False,"15,4,1,12","34,16,33,23","4,2,1,3","4,1,3,2",58.0,False,True,P1,0.8536585365853658
1355,678,rowplayer,"('safecoord', 'safecoord')",0.8918918918918919,False,"19,14,6,15","45,2,7,9","4,2,1,3","4,1,2,3",53.0,False,True,P1,0.8918918918918919
1356,678,colplayer,"('safecoord', 'safecoord')",0.8529411764705882,False,"45,7,2,9","19,6,14,15","4,2,1,3","4,1,2,3",53.0,False,True,P1,0.8529411764705882
1357,679,rowplayer,"('deadlock', 'chicken')",0.1764705882352941,False,"6,3,17,7","18,27,4,2","2,1,4,3","3,4,2,1",63.0,False,True,P1,0.1764705882352941
1358,679,colplayer,"('chicken', 'deadlock')",0.55,False,"18,4,27,2","6,17,3,7","3,2,4,1","2,4,1,3",30.0,False,True,P1,0.55
1359,680,rowplayer,"('assurance', 'dilemma')",0.6333333333333333,False,"19,2,3,14","13,22,1,6","4,1,2,3","3,4,1,2",11.0,False,True,P1,0.6333333333333333
1360,680,colplayer,"('dilemma', 'assurance')",0.35,False,"13,1,22,6","19,3,2,14","3,1,4,2","4,2,1,3",121.0,False,True,P1,0.35
1361,681,rowplayer,"('safecoord', 'concord')",0.9019607843137256,False,"28,8,6,15","18,13,4,1","4,2,1,3","4,3,2,1",57.0,False,True,P1,0.9019607843137256
1362,681,colplayer,"('concord', 'safecoord')",0.8809523809523809,False,"18,4,13,1","28,6,8,15","4,2,3,1","4,1,2,3",101.0,False,True,P1,0.8809523809523809
1363,682,rowplayer,"('dilemma', 'hero')",0.2162162162162162,True,"37,4,37,8","11,35,17,16",,,,,,,
1364,682,colplayer,"('hero', 'dilemma')",0.3548387096774194,True,"11,17,35,16","37,37,4,8",,,,,,,
1365,683,rowplayer,"('safecoord', 'concord')",0.8431372549019608,False,"28,15,6,17","26,14,6,3","4,2,1,3","4,3,2,1",57.0,False,True,P1,0.8431372549019608
1366,683,colplayer,"('concord', 'safecoord')",0.9210526315789472,False,"26,6,14,3","28,6,15,17","4,2,3,1","4,1,2,3",101.0,False,True,P1,0.9210526315789472
1367,684,rowplayer,"('harmony', 'assurance')",0.94,False,"30,19,12,5","23,14,3,16","4,3,2,1","4,2,1,3",73.0,False,True,P1,0.94
1368,684,colplayer,"('assurance', 'harmony')",0.5,False,"23,3,14,16","30,12,19,5","4,1,2,3","4,2,3,1",7.0,False,True,P1,0.5
1369,685,rowplayer,"('dilemma', 'leader')",0.3255813953488372,False,"25,1,28,2","4,12,9,3","3,1,4,2","2,4,3,1",122.0,False,True,P1,0.3255813953488372
1370,685,colplayer,"('leader', 'dilemma')",0.6470588235294118,False,"4,9,12,3","25,28,1,2","2,3,4,1","3,4,1,2",23.0,False,True,P1,0.6470588235294118
1371,686,rowplayer,"('compromise', 'concord')",0.1739130434782608,False,"2,6,13,7","17,12,8,7","1,2,4,3","4,3,2,1",45.0,False,True,P1,0.1739130434782608
1372,686,colplayer,"('concord', 'compromise')",0.8571428571428571,False,"17,8,12,7","2,13,6,7","4,2,3,1","1,4,2,3",100.0,False,True,P1,0.8571428571428571
1373,687,rowplayer,"('concord', 'leader')",0.7560975609756098,False,"22,2,21,1","8,33,10,1","4,2,3,1","2,4,3,1",98.0,False,True,P1,0.7560975609756098
1374,687,colplayer,"('leader', 'concord')",0.5106382978723404,False,"8,10,33,1","22,21,2,1","2,3,4,1","4,3,2,1",21.0,False,True,P1,0.5106382978723404
1375,688,rowplayer,"('assurance', 'assurance')",0.525,True,"17,1,4,17","32,11,9,14",,,,,,,
1376,688,colplayer,"('assurance', 'assurance')",0.868421053,True,"32,9,11,14","17,4,1,17",,,,,,,
1377,689,rowplayer,"('concord', 'chicken')",0.8461538461538461,False,"47,18,39,17","16,17,15,5","4,2,3,1","3,4,2,1",99.0,False,True,P1,0.8461538461538461
1378,689,colplayer,"('chicken', 'concord')",0.9,False,"16,15,17,5","47,39,18,17","3,2,4,1","4,3,2,1",33.0,False,True,P1,0.9
1379,690,rowplayer,"('concord', 'staghunt')",0.9473684210526316,False,"26,12,13,8","33,31,1,26","4,2,3,1","4,3,1,2",108.0,False,True,P1,0.9473684210526316
1380,690,colplayer,"('staghunt', 'concord')",0.4137931034482758,False,"33,1,31,26","26,13,12,8","4,1,3,2","4,3,2,1",141.0,False,True,P1,0.4137931034482758
1381,691,rowplayer,"('harmony', 'safecoord')",0.8292682926829268,True,"23,11,11,3","26,1,2,22",,,,,,,
1382,691,colplayer,"('safecoord', 'harmony')",0.8857142857142857,True,"26,2,1,22","23,11,11,3",,,,,,,
1383,692,rowplayer,"('hero', 'deadlock')",0.5909090909090909,False,"4,17,28,9","12,36,7,15","1,3,4,2","2,4,1,3",90.0,False,True,P1,0.5909090909090909
1384,692,colplayer,"('deadlock', 'hero')",0.048780488,False,"12,7,36,15","4,28,17,9","2,1,4,3","1,4,3,2",68.0,False,True,P1,0.048780488
1385,693,rowplayer,"('staghunt', 'safecoord')",0.5909090909090909,False,"28,6,22,11","30,3,6,26","4,1,3,2","4,1,2,3",137.0,False,True,P1,0.5909090909090909
1386,693,colplayer,"('safecoord', 'staghunt')",0.8285714285714286,False,"30,6,3,26","28,22,6,11","4,2,1,3","4,3,1,2",60.0,False,True,P1,0.8285714285714286
1387,694,rowplayer,"('hero', 'peace')",0.1818181818181818,False,"12,32,44,15","14,2,12,3","1,3,4,2","4,1,3,2",94.0,False,True,P1,0.1818181818181818
1388,694,colplayer,"('peace', 'hero')",0.9629629629629628,False,"14,12,2,3","12,44,32,15","4,3,1,2","1,4,3,2",116.0,False,True,P1,0.9629629629629628
1389,695,rowplayer,"('concord', 'safecoord')",0.7446808510638298,False,"33,9,21,7","24,1,14,19","4,2,3,1","4,1,2,3",101.0,False,True,P1,0.7446808510638298
1390,695,colplayer,"('safecoord', 'concord')",0.8918918918918919,False,"24,14,1,19","33,21,9,7","4,2,1,3","4,3,2,1",57.0,False,True,P1,0.8918918918918919
1391,696,rowplayer,"('chicken', 'dilemma')",0.5434782608695652,False,"8,7,20,6","15,20,1,13","3,2,4,1","3,4,1,2",35.0,False,True,P1,0.5434782608695652
1392,696,colplayer,"('dilemma', 'chicken')",0.2368421052631578,False,"15,1,20,13","8,20,7,6","3,1,4,2","3,4,2,1",123.0,False,True,P1,0.2368421052631578
1393,697,rowplayer,"('safecoord', 'harmony')",0.9310344827586208,False,"22,9,4,15","22,3,10,2","4,2,1,3","4,2,3,1",55.0,False,True,P1,0.9310344827586208
1394,697,colplayer,"('harmony', 'safecoord')",0.9090909090909092,False,"22,10,3,2","22,4,9,15","4,3,2,1","4,1,2,3",77.0,False,True,P1,0.9090909090909092
1395,698,rowplayer,"('dilemma', 'leader')",0.088235294,False,"24,5,39,16","8,35,18,3","3,1,4,2","2,4,3,1",122.0,False,True,P1,0.088235294
1396,698,colplayer,"('leader', 'dilemma')",0.7619047619047619,False,"8,18,35,3","24,39,5,16","2,3,4,1","3,4,1,2",23.0,False,True,P1,0.7619047619047619
1397,699,rowplayer,"('peace', 'staghunt')",0.9,False,"24,13,4,10","8,6,1,5","4,3,1,2","4,3,1,2",120.0,False,True,P1,0.9
1398,699,colplayer,"('staghunt', 'peace')",0.4117647058823529,False,"8,1,6,5","24,4,13,10","4,1,3,2","4,1,3,2",142.0,False,True,P1,0.4117647058823529
1399,700,rowplayer,"('safecoord', 'safecoord')",0.7096774193548387,True,"23,5,4,20","19,8,12,12",,,,,,,
1400,700,colplayer,"('safecoord', 'safecoord')",0.8936170212765957,True,"19,12,8,12","23,4,5,20",,,,,,,
1401,701,rowplayer,"('assurance', 'staghunt')",0.7692307692307693,False,"34,2,5,14","40,12,1,11","4,1,2,3","4,3,1,2",12.0,False,True,P1,0.7692307692307693
1402,701,colplayer,"('staghunt', 'assurance')",0.6136363636363636,False,"40,1,12,11","34,5,2,14","4,1,3,2","4,2,1,3",133.0,False,True,P1,0.6136363636363636
1403,702,rowplayer,"('chicken', 'deadlock')",0.5833333333333334,False,"14,5,30,1","25,32,10,31","3,2,4,1","2,4,1,3",30.0,False,True,P1,0.5833333333333334
1404,702,colplayer,"('deadlock', 'chicken')",0.2978723404255319,False,"25,10,32,31","14,30,5,1","2,1,4,3","3,4,2,1",63.0,False,True,P1,0.2978723404255319
1405,703,rowplayer,"('assurance', 'peace')",0.4358974358974359,False,"34,4,14,32","11,3,9,7","4,1,2,3","4,1,3,2",10.0,False,True,P1,0.4358974358974359
1406,703,colplayer,"('peace', 'assurance')",0.8837209302325582,False,"11,9,3,7","34,14,4,32","4,3,1,2","4,2,1,3",109.0,False,True,P1,0.8837209302325582
1407,704,rowplayer,"('chicken', 'safecoord')",0.9090909090909092,True,"26,3,26,1","32,6,7,15",,,,,,,
1408,704,colplayer,"('safecoord', 'chicken')",0.8367346938775511,True,"32,7,6,15","26,26,3,1",,,,,,,
1409,705,rowplayer,"('staghunt', 'staghunt')",0.6829268292682927,False,"19,1,13,6","29,21,3,12","4,1,3,2","4,3,1,2",144.0,False,True,P1,0.6829268292682927
1410,705,colplayer,"('staghunt', 'staghunt')",0.7619047619047619,False,"29,3,21,12","19,13,1,6","4,1,3,2","4,3,1,2",144.0,False,True,P1,0.7619047619047619
1411,706,rowplayer,"('staghunt', 'staghunt')",0.5111111111111111,False,"42,5,31,26","25,10,8,9","4,1,3,2","4,3,1,2",144.0,False,True,P1,0.5111111111111111
1412,706,colplayer,"('staghunt', 'staghunt')",0.8775510204081632,False,"25,8,10,9","42,31,5,26","4,1,3,2","4,3,1,2",144.0,False,True,P1,0.8775510204081632
1413,707,rowplayer,"('assurance', 'concord')",0.5897435897435898,True,"18,9,14,18","33,15,2,1",,,,,,,
1414,707,colplayer,"('concord', 'assurance')",0.8918918918918919,True,"33,2,15,1","18,14,9,18",,,,,,,
1415,708,rowplayer,"('deadlock', 'safecoord')",0.069767442,False,"2,1,12,7","32,5,23,24","2,1,4,3","4,1,2,3",65.0,False,True,P1,0.069767442
1416,708,colplayer,"('safecoord', 'deadlock')",0.8571428571428571,False,"32,23,5,24","2,12,1,7","4,2,1,3","2,4,1,3",54.0,False,True,P1,0.8571428571428571
1417,709,rowplayer,"('assurance', 'safecoord')",0.7647058823529411,False,"24,3,4,15","26,1,6,11","4,1,2,3","4,1,2,3",5.0,False,True,P1,0.7647058823529411
1418,709,colplayer,"('safecoord', 'assurance')",0.9285714285714286,False,"26,6,1,11","24,4,3,15","4,2,1,3","4,2,1,3",49.0,False,True,P1,0.9285714285714286
1419,710,rowplayer,"('chicken', 'leader')",0.5151515151515151,False,"12,8,17,4","5,32,14,1","3,2,4,1","2,4,3,1",26.0,False,True,P1,0.5151515151515151
1420,710,colplayer,"('leader', 'chicken')",0.7592592592592593,False,"5,14,32,1","12,17,8,4","2,3,4,1","3,4,2,1",15.0,False,True,P1,0.7592592592592593
1421,711,rowplayer,"('assurance', 'concord')",0.5116279069767442,False,"22,2,12,14","26,7,2,1","4,1,2,3","4,3,2,1",9.0,False,True,P1,0.5116279069767442
1422,711,colplayer,"('concord', 'assurance')",0.9375,False,"26,2,7,1","22,12,2,14","4,2,3,1","4,2,1,3",97.0,False,True,P1,0.9375
1423,712,rowplayer,"('leader', 'chicken')",0.4423076923076923,False,"9,23,41,8","31,37,21,7","2,3,4,1","3,4,2,1",15.0,False,True,P1,0.4423076923076923
1424,712,colplayer,"('chicken', 'leader')",0.8571428571428571,False,"31,21,37,7","9,41,23,8","3,2,4,1","2,4,3,1",26.0,False,True,P1,0.8571428571428571
1425,713,rowplayer,"('safecoord', 'chicken')",0.8611111111111112,True,"21,11,5,14","7,34,6,6",,,,,,,
1426,713,colplayer,"('chicken', 'safecoord')",0.2424242424242424,True,"7,6,34,6","21,5,11,14",,,,,,,
1427,714,rowplayer,"('staghunt', 'safecoord')",0.2619047619047619,False,"23,3,22,12","14,7,9,10","4,1,3,2","4,1,2,3",137.0,False,True,P1,0.2619047619047619
1428,714,colplayer,"('safecoord', 'staghunt')",0.7948717948717948,False,"14,9,7,10","23,22,3,12","4,2,1,3","4,3,1,2",60.0,False,True,P1,0.7948717948717948
1429,715,rowplayer,"('safecoord', 'staghunt')",0.8108108108108109,False,"43,17,12,42","24,14,9,11","4,2,1,3","4,3,1,2",60.0,False,True,P1,0.8108108108108109
1430,715,colplayer,"('staghunt', 'safecoord')",0.7027027027027027,False,"24,9,14,11","43,12,17,42","4,1,3,2","4,1,2,3",137.0,False,True,P1,0.7027027027027027
1431,716,rowplayer,"('peace', 'leader')",0.9302325581395348,False,"15,11,2,10","7,40,36,2","4,3,1,2","2,4,3,1",110.0,False,True,P1,0.9302325581395348
1432,716,colplayer,"('leader', 'peace')",0.2272727272727272,False,"7,36,40,2","15,2,11,10","2,3,4,1","4,1,3,2",22.0,False,True,P1,0.2272727272727272
1433,717,rowplayer,"('hero', 'compromise')",0.5,False,"3,22,29,7","3,35,9,15","1,3,4,2","1,4,2,3",88.0,False,True,P1,0.5
1434,717,colplayer,"('compromise', 'hero')",0.090909091,False,"3,9,35,15","3,29,22,7","1,2,4,3","1,4,3,2",44.0,False,True,P1,0.090909091
1435,718,rowplayer,"('dilemma', 'hero')",0.081081081,True,"8,1,32,4","2,19,19,15",,,,,,,
1436,718,colplayer,"('hero', 'dilemma')",0.5,True,"2,19,19,15","8,32,1,4",,,,,,,
1437,719,rowplayer,"('hero', 'harmony')",0.1142857142857142,False,"2,11,41,7","22,4,6,3","1,3,4,2","4,2,3,1",91.0,False,True,P1,0.1142857142857142
1438,719,colplayer,"('harmony', 'hero')",0.903846153846154,False,"22,6,4,3","2,41,11,7","4,3,2,1","1,4,3,2",80.0,False,True,P1,0.903846153846154
1439,720,rowplayer,"('safecoord', 'hero')",0.6041666666666666,True,"41,6,3,13","1,28,14,14",,,,,,,
1440,720,colplayer,"('hero', 'safecoord')",0.0454545454545454,True,"1,14,28,14","41,3,6,13",,,,,,,
1441,721,rowplayer,"('leader', 'harmony')",0.5853658536585366,True,"6,18,18,5","15,10,11,8",,,,,,,
1442,721,colplayer,"('harmony', 'leader')",0.8947368421052632,True,"15,11,10,8","6,18,18,5",,,,,,,
1443,722,rowplayer,"('compromise', 'staghunt')",0.3125,True,"15,15,31,30","33,20,2,3",,,,,,,
1444,722,colplayer,"('staghunt', 'compromise')",0.5277777777777778,True,"33,2,20,3","15,31,15,30",,,,,,,
1445,723,rowplayer,"('safecoord', 'concord')",0.96875,False,"32,4,1,15","34,19,15,12","4,2,1,3","4,3,2,1",57.0,False,True,P1,0.96875
1446,723,colplayer,"('concord', 'safecoord')",0.8095238095238095,False,"34,15,19,12","32,1,4,15","4,2,3,1","4,1,2,3",101.0,False,True,P1,0.8095238095238095
1447,724,rowplayer,"('compromise', 'chicken')",0.282051282051282,False,"6,12,39,26","9,18,6,2","1,2,4,3","3,4,2,1",39.0,False,True,P1,0.282051282051282
1448,724,colplayer,"('chicken', 'compromise')",0.4210526315789473,False,"9,6,18,2","6,39,12,26","3,2,4,1","1,4,2,3",28.0,False,True,P1,0.4210526315789473
1449,725,rowplayer,"('hero', 'peace')",0.1052631578947368,False,"2,8,34,4","42,1,11,3","1,3,4,2","4,1,3,2",94.0,False,True,P1,0.1052631578947368
1450,725,colplayer,"('peace', 'hero')",0.9428571428571428,False,"42,11,1,3","2,34,8,4","4,3,1,2","1,4,3,2",116.0,False,True,P1,0.9428571428571428
1451,726,rowplayer,"('harmony', 'staghunt')",0.96875,True,"16,15,15,10","31,20,5,7",,,,,,,
1452,726,colplayer,"('staghunt', 'harmony')",0.7714285714285715,True,"31,5,20,7","16,15,15,10",,,,,,,
1453,727,rowplayer,"('chicken', 'deadlock')",0.4285714285714285,False,"20,19,45,17","2,33,1,11","3,2,4,1","2,4,1,3",30.0,False,True,P1,0.4285714285714285
1454,727,colplayer,"('deadlock', 'chicken')",0.096774194,False,"2,1,33,11","20,45,19,17","2,1,4,3","3,4,2,1",63.0,False,True,P1,0.096774194
1455,728,rowplayer,"('hero', 'chicken')",0.3125,False,"3,7,13,4","12,28,6,5","1,3,4,2","3,4,2,1",87.0,False,True,P1,0.3125
1456,728,colplayer,"('chicken', 'hero')",0.2285714285714285,False,"12,6,28,5","3,13,7,4","3,2,4,1","1,4,3,2",32.0,False,True,P1,0.2285714285714285
1457,729,rowplayer,"('harmony', 'assurance')",0.925,False,"18,12,11,6","33,2,1,4","4,3,2,1","4,2,1,3",73.0,False,True,P1,0.925
1458,729,colplayer,"('assurance', 'harmony')",0.8095238095238095,False,"33,1,2,4","18,11,12,6","4,1,2,3","4,2,3,1",7.0,False,True,P1,0.8095238095238095
1459,730,rowplayer,"('peace', 'compromise')",0.9375,False,"32,29,9,12","4,36,6,18","4,3,1,2","1,4,2,3",112.0,False,True,P1,0.9375
1460,730,colplayer,"('compromise', 'peace')",0.0344827586206896,False,"4,6,36,18","32,9,29,12","1,2,4,3","4,1,3,2",46.0,False,True,P1,0.0344827586206896
1461,731,rowplayer,"('safecoord', 'compromise')",0.6923076923076923,False,"25,13,4,23","8,20,10,12","4,2,1,3","1,4,2,3",52.0,False,True,P1,0.6923076923076923
1462,731,colplayer,"('compromise', 'safecoord')",0.1212121212121212,False,"8,10,20,12","25,4,13,23","1,2,4,3","4,1,2,3",41.0,False,True,P1,0.1212121212121212
1463,732,rowplayer,"('assurance', 'deadlock')",0.2727272727272727,False,"28,1,3,19","7,22,2,14","4,1,2,3","2,4,1,3",6.0,False,True,P1,0.2727272727272727
1464,732,colplayer,"('deadlock', 'assurance')",0.2142857142857142,False,"7,2,22,14","28,3,1,19","2,1,4,3","4,2,1,3",61.0,False,True,P1,0.2142857142857142
1465,733,rowplayer,"('chicken', 'chicken')",0.8205128205128205,False,"19,16,23,4","5,31,2,1","3,2,4,1","3,4,2,1",27.0,False,True,P1,0.8205128205128205
1466,733,colplayer,"('chicken', 'chicken')",0.2,False,"5,2,31,1","19,23,16,4","3,2,4,1","3,4,2,1",27.0,False,True,P1,0.2
1467,734,rowplayer,"('leader', 'compromise')",0.7931034482758621,False,"10,24,25,8","2,12,3,10","2,3,4,1","1,4,2,3",16.0,False,True,P1,0.7931034482758621
1468,734,colplayer,"('compromise', 'leader')",0.1282051282051282,False,"2,3,12,10","10,25,24,8","1,2,4,3","2,4,3,1",38.0,False,True,P1,0.1282051282051282
1469,735,rowplayer,"('staghunt', 'dilemma')",0.3888888888888889,False,"25,6,17,16","6,8,2,4","4,1,3,2","3,4,1,2",143.0,False,True,P1,0.3888888888888889
1470,735,colplayer,"('dilemma', 'staghunt')",0.2285714285714285,False,"6,2,8,4","25,17,6,16","3,1,4,2","4,3,1,2",132.0,False,True,P1,0.2285714285714285
1471,736,rowplayer,"('staghunt', 'assurance')",0.9,False,"18,1,6,2","32,15,8,23","4,1,3,2","4,2,1,3",133.0,False,True,P1,0.9
1472,736,colplayer,"('assurance', 'staghunt')",0.5882352941176471,False,"32,8,15,23","18,6,1,2","4,1,2,3","4,3,1,2",12.0,False,True,P1,0.5882352941176471
1473,737,rowplayer,"('chicken', 'chicken')",0.6764705882352942,False,"11,10,14,2","26,38,14,13","3,2,4,1","3,4,2,1",27.0,False,True,P1,0.6764705882352942
1474,737,colplayer,"('chicken', 'chicken')",0.5483870967741935,False,"26,14,38,13","11,14,10,2","3,2,4,1","3,4,2,1",27.0,False,True,P1,0.5483870967741935
1475,738,rowplayer,"('leader', 'leader')",0.4827586206896552,False,"5,7,14,3","9,32,21,8","2,3,4,1","2,4,3,1",14.0,False,True,P1,0.4827586206896552
1476,738,colplayer,"('leader', 'leader')",0.575,False,"9,21,32,8","5,14,7,3","2,3,4,1","2,4,3,1",14.0,False,True,P1,0.575
1477,739,rowplayer,"('leader', 'harmony')",0.225,True,"5,9,12,5","34,6,20,4",,,,,,,
1478,739,colplayer,"('harmony', 'leader')",1.0,True,"34,20,6,4","5,12,9,5",,,,,,,
1479,740,rowplayer,"('hero', 'chicken')",0.5666666666666667,False,"6,12,15,7","12,33,8,4","1,3,4,2","3,4,2,1",87.0,False,True,P1,0.5666666666666667
1480,740,colplayer,"('chicken', 'hero')",0.4047619047619047,False,"12,8,33,4","6,15,12,7","3,2,4,1","1,4,3,2",32.0,False,True,P1,0.4047619047619047
1481,741,rowplayer,"('leader', 'hero')",0.8163265306122449,False,"10,12,17,1","16,32,25,22","2,3,4,1","1,4,3,2",20.0,False,True,P1,0.8163265306122449
1482,741,colplayer,"('hero', 'leader')",0.5151515151515151,False,"16,25,32,22","10,17,12,1","1,3,4,2","2,4,3,1",86.0,False,True,P1,0.5151515151515151
1483,742,rowplayer,"('safecoord', 'deadlock')",0.775,False,"8,4,1,5","6,26,2,23","4,2,1,3","2,4,1,3",54.0,False,True,P1,0.775
1484,742,colplayer,"('deadlock', 'safecoord')",0.074074074,False,"6,2,26,23","8,1,4,5","2,1,4,3","4,1,2,3",65.0,False,True,P1,0.074074074
1485,743,rowplayer,"('staghunt', 'peace')",0.5,False,"21,5,19,15","32,3,22,9","4,1,3,2","4,1,3,2",142.0,False,True,P1,0.5
1486,743,colplayer,"('peace', 'staghunt')",0.9736842105263158,False,"32,22,3,9","21,19,5,15","4,3,1,2","4,3,1,2",120.0,False,True,P1,0.9736842105263158
1487,744,rowplayer,"('safecoord', 'deadlock')",0.8611111111111112,False,"42,13,1,18","7,45,4,8","4,2,1,3","2,4,1,3",54.0,False,True,P1,0.8611111111111112
1488,744,colplayer,"('deadlock', 'safecoord')",0.1935483870967742,False,"7,4,45,8","42,1,13,18","2,1,4,3","4,1,2,3",65.0,False,True,P1,0.1935483870967742
1489,745,rowplayer,"('peace', 'assurance')",0.8409090909090909,True,"14,13,9,9","33,3,1,7",,,,,,,
1490,745,colplayer,"('assurance', 'peace')",0.8048780487804879,True,"33,1,3,7","14,9,13,9",,,,,,,
1491,746,rowplayer,"('leader', 'leader')",0.7837837837837838,False,"26,29,34,2","12,40,18,3","2,3,4,1","2,4,3,1",14.0,False,True,P1,0.7837837837837838
1492,746,colplayer,"('leader', 'leader')",0.4375,False,"12,18,40,3","26,34,29,2","2,3,4,1","2,4,3,1",14.0,False,True,P1,0.4375
1493,747,rowplayer,"('assurance', 'assurance')",0.5,False,"48,1,25,38","36,13,1,20","4,1,2,3","4,2,1,3",1.0,False,True,P1,0.5
1494,747,colplayer,"('assurance', 'assurance')",0.5,False,"36,1,13,20","48,25,1,38","4,1,2,3","4,2,1,3",1.0,False,True,P1,0.5
1495,748,rowplayer,"('assurance', 'staghunt')",0.6410256410256411,False,"31,1,2,7","23,18,1,4","4,1,2,3","4,3,1,2",12.0,False,True,P1,0.6410256410256411
1496,748,colplayer,"('staghunt', 'assurance')",0.7608695652173914,False,"23,1,18,4","31,2,1,7","4,1,3,2","4,2,1,3",133.0,False,True,P1,0.7608695652173914
1497,749,rowplayer,"('assurance', 'deadlock')",0.6857142857142857,True,"18,1,1,4","8,28,5,14",,,,,,,
1498,749,colplayer,"('deadlock', 'assurance')",0.2444444444444444,True,"8,5,28,14","18,1,1,4",,,,,,,
1499,750,rowplayer,"('dilemma', 'staghunt')",0.2745098039215686,True,"10,3,20,5","18,14,7,14",,,,,,,
1500,750,colplayer,"('staghunt', 'dilemma')",0.3714285714285714,True,"18,7,14,14","10,20,3,5",,,,,,,
1501,751,rowplayer,"('deadlock', 'chicken')",0.0588235294117647,False,"3,2,14,13","16,18,12,2","2,1,4,3","3,4,2,1",63.0,False,True,P1,0.0588235294117647
1502,751,colplayer,"('chicken', 'deadlock')",0.8611111111111112,False,"16,12,18,2","3,14,2,13","3,2,4,1","2,4,1,3",30.0,False,True,P1,0.8611111111111112
1503,752,rowplayer,"('concord', 'chicken')",0.9117647058823528,False,"38,10,15,2","14,43,11,9","4,2,3,1","3,4,2,1",99.0,False,True,P1,0.9117647058823528
1504,752,colplayer,"('chicken', 'concord')",0.3684210526315789,False,"14,11,43,9","38,15,10,2","3,2,4,1","4,3,2,1",33.0,False,True,P1,0.3684210526315789
1505,753,rowplayer,"('chicken', 'leader')",0.5111111111111111,False,"20,12,36,1","12,30,27,6","3,2,4,1","2,4,3,1",26.0,False,True,P1,0.5111111111111111
1506,753,colplayer,"('leader', 'chicken')",0.7555555555555555,False,"12,27,30,6","20,36,12,1","2,3,4,1","3,4,2,1",15.0,False,True,P1,0.7555555555555555
1507,754,rowplayer,"('leader', 'harmony')",0.2978723404255319,True,"2,4,6,2","28,18,20,1",,,,,,,
1508,754,colplayer,"('harmony', 'leader')",0.918918919,True,"28,20,18,1","2,6,4,2",,,,,,,
1509,755,rowplayer,"('safecoord', 'harmony')",0.972972973,False,"20,6,5,7","18,4,5,2","4,2,1,3","4,2,3,1",55.0,False,True,P1,0.972972973
1510,755,colplayer,"('harmony', 'safecoord')",0.9583333333333334,False,"18,5,4,2","20,5,6,7","4,3,2,1","4,1,2,3",77.0,False,True,P1,0.9583333333333334
1511,756,rowplayer,"('chicken', 'leader')",0.2368421052631578,False,"4,3,20,1","4,14,8,2","3,2,4,1","2,4,3,1",26.0,False,True,P1,0.2368421052631578
1512,756,colplayer,"('leader', 'chicken')",0.5853658536585366,False,"4,8,14,2","4,20,3,1","2,3,4,1","3,4,2,1",15.0,False,True,P1,0.5853658536585366
1513,757,rowplayer,"('peace', 'assurance')",0.8857142857142857,False,"17,12,1,10","38,11,5,37","4,3,1,2","4,2,1,3",109.0,False,True,P1,0.8857142857142857
1514,757,colplayer,"('assurance', 'peace')",0.3529411764705882,False,"38,5,11,37","17,1,12,10","4,1,2,3","4,1,3,2",10.0,False,True,P1,0.3529411764705882
1515,758,rowplayer,"('assurance', 'assurance')",0.7666666666666667,False,"17,2,3,13","24,11,4,18","4,1,2,3","4,2,1,3",1.0,False,True,P1,0.7666666666666667
1516,758,colplayer,"('assurance', 'assurance')",0.5263157894736842,False,"24,4,11,18","17,3,2,13","4,1,2,3","4,2,1,3",1.0,False,True,P1,0.5263157894736842
1517,759,rowplayer,"('staghunt', 'staghunt')",0.8484848484848485,False,"31,2,13,9","16,8,2,4","4,1,3,2","4,3,1,2",144.0,False,True,P1,0.8484848484848485
1518,759,colplayer,"('staghunt', 'staghunt')",0.896551724,False,"16,2,8,4","31,13,2,9","4,1,3,2","4,3,1,2",144.0,False,True,P1,0.896551724
1519,760,rowplayer,"('hero', 'hero')",0.4444444444444444,False,"1,21,29,14","3,39,19,15","1,3,4,2","1,4,3,2",92.0,False,True,P1,0.4444444444444444
1520,760,colplayer,"('hero', 'hero')",0.1034482758620689,False,"3,19,39,15","1,29,21,14","1,3,4,2","1,4,3,2",92.0,False,True,P1,0.1034482758620689
1521,761,rowplayer,"('safecoord', 'staghunt')",0.9090909090909092,False,"34,5,4,23","24,17,2,9","4,2,1,3","4,3,1,2",60.0,False,True,P1,0.9090909090909092
1522,761,colplayer,"('staghunt', 'safecoord')",0.6388888888888888,False,"24,2,17,9","34,4,5,23","4,1,3,2","4,1,2,3",137.0,False,True,P1,0.6388888888888888
1523,762,rowplayer,"('safecoord', 'compromise')",0.7714285714285715,False,"8,4,1,6","5,15,7,10","4,2,1,3","1,4,2,3",52.0,False,True,P1,0.7714285714285715
1524,762,colplayer,"('compromise', 'safecoord')",0.1351351351351351,False,"5,7,15,10","8,1,4,6","1,2,4,3","4,1,2,3",41.0,False,True,P1,0.1351351351351351
1525,763,rowplayer,"('assurance', 'safecoord')",0.5757575757575758,True,"12,1,3,6","16,7,8,16",,,,,,,
1526,763,colplayer,"('safecoord', 'assurance')",0.8333333333333334,True,"16,8,7,16","12,3,1,6",,,,,,,
1527,764,rowplayer,"('leader', 'hero')",0.5789473684210527,False,"10,18,25,5","7,21,10,8","2,3,4,1","1,4,3,2",20.0,False,True,P1,0.5789473684210527
1528,764,colplayer,"('hero', 'leader')",0.1764705882352941,False,"7,10,21,8","10,25,18,5","1,3,4,2","2,4,3,1",86.0,False,True,P1,0.1764705882352941
1529,765,rowplayer,"('assurance', 'assurance')",0.7959183673469388,False,"39,3,4,8","37,3,2,5","4,1,2,3","4,2,1,3",1.0,False,True,P1,0.7959183673469388
1530,765,colplayer,"('assurance', 'assurance')",0.9375,False,"37,2,3,5","39,4,3,8","4,1,2,3","4,2,1,3",1.0,False,True,P1,0.9375
1531,766,rowplayer,"('dilemma', 'chicken')",0.3076923076923077,False,"10,6,34,8","11,16,6,1","3,1,4,2","3,4,2,1",123.0,False,True,P1,0.3076923076923077
1532,766,colplayer,"('chicken', 'dilemma')",0.7567567567567568,False,"11,6,16,1","10,34,6,8","3,2,4,1","3,4,1,2",35.0,False,True,P1,0.7567567567567568
1533,767,rowplayer,"('leader', 'compromise')",0.8604651162790697,False,"15,20,22,6","10,16,11,13","2,3,4,1","1,4,2,3",16.0,False,True,P1,0.8604651162790697
1534,767,colplayer,"('compromise', 'leader')",0.4054054054054054,False,"10,11,16,13","15,22,20,6","1,2,4,3","2,4,3,1",38.0,False,True,P1,0.4054054054054054
1535,768,rowplayer,"('hero', 'safecoord')",0.0294117647058823,True,"3,4,43,4","10,1,2,5",,,,,,,
1536,768,colplayer,"('safecoord', 'hero')",0.7142857142857143,True,"10,2,1,5","3,43,4,4",,,,,,,
1537,769,rowplayer,"('chicken', 'hero')",0.7954545454545454,False,"14,12,19,5","5,15,8,7","3,2,4,1","1,4,3,2",32.0,False,True,P1,0.7954545454545454
1538,769,colplayer,"('hero', 'chicken')",0.2258064516129032,False,"5,8,15,7","14,19,12,5","1,3,4,2","3,4,2,1",87.0,False,True,P1,0.2258064516129032
1539,770,rowplayer,"('hero', 'chicken')",0.4666666666666667,True,"8,10,37,9","3,7,1,1",,,,,,,
1540,770,colplayer,"('chicken', 'hero')",0.3095238095238095,True,"3,1,7,1","8,37,10,9",,,,,,,
1541,771,rowplayer,"('assurance', 'assurance')",0.4814814814814814,False,"40,4,27,35","26,17,10,23","4,1,2,3","4,2,1,3",1.0,False,True,P1,0.4814814814814814
1542,771,colplayer,"('assurance', 'assurance')",0.7222222222222222,False,"26,10,17,23","40,27,4,35","4,1,2,3","4,2,1,3",1.0,False,True,P1,0.7222222222222222
1543,772,rowplayer,"('safecoord', 'harmony')",0.9090909090909092,False,"13,6,2,10","22,8,17,2","4,2,1,3","4,2,3,1",55.0,False,True,P1,0.9090909090909092
1544,772,colplayer,"('harmony', 'safecoord')",1.0,False,"22,17,8,2","13,2,6,10","4,3,2,1","4,1,2,3",77.0,False,True,P1,1.0
1545,773,rowplayer,"('leader', 'compromise')",0.4871794871794871,False,"3,4,20,1","6,23,7,10","2,3,4,1","1,4,2,3",16.0,False,True,P1,0.4871794871794871
1546,773,colplayer,"('compromise', 'leader')",0.2619047619047619,False,"6,7,23,10","3,20,4,1","1,2,4,3","2,4,3,1",38.0,False,True,P1,0.2619047619047619
1547,774,rowplayer,"('chicken', 'compromise')",0.4347826086956521,True,"5,5,12,3","1,26,8,10",,,,,,,
1548,774,colplayer,"('compromise', 'chicken')",0.2325581395348837,True,"1,8,26,10","5,12,5,3",,,,,,,
1549,775,rowplayer,"('concord', 'assurance')",0.8444444444444444,False,"22,6,7,2","26,5,3,16","4,2,3,1","4,2,1,3",97.0,False,True,P1,0.8444444444444444
1550,775,colplayer,"('assurance', 'concord')",0.8297872340425532,False,"26,3,5,16","22,7,6,2","4,1,2,3","4,3,2,1",9.0,False,True,P1,0.8297872340425532
1551,776,rowplayer,"('compromise', 'chicken')",0.3333333333333333,False,"2,10,21,11","12,25,4,2","1,2,4,3","3,4,2,1",39.0,False,True,P1,0.3333333333333333
1552,776,colplayer,"('chicken', 'compromise')",0.2391304347826087,False,"12,4,25,2","2,21,10,11","3,2,4,1","1,4,2,3",28.0,False,True,P1,0.2391304347826087
1553,777,rowplayer,"('compromise', 'staghunt')",0.1428571428571428,False,"3,4,28,20","34,24,1,8","1,2,4,3","4,3,1,2",48.0,False,True,P1,0.1428571428571428
1554,777,colplayer,"('staghunt', 'compromise')",0.1875,False,"34,1,24,8","3,28,4,20","4,1,3,2","1,4,2,3",136.0,False,True,P1,0.1875
1555,778,rowplayer,"('hero', 'peace')",0.1111111111111111,False,"4,21,23,9","43,1,13,2","1,3,4,2","4,1,3,2",94.0,False,True,P1,0.1111111111111111
1556,778,colplayer,"('peace', 'hero')",0.8936170212765957,False,"43,13,1,2","4,23,21,9","4,3,1,2","1,4,3,2",116.0,False,True,P1,0.8936170212765957
1557,779,rowplayer,"('harmony', 'staghunt')",0.9333333333333332,False,"14,5,4,3","28,18,4,8","4,3,2,1","4,3,1,2",84.0,False,True,P1,0.9333333333333332
1558,779,colplayer,"('staghunt', 'harmony')",0.7560975609756098,False,"28,4,18,8","14,4,5,3","4,1,3,2","4,2,3,1",139.0,False,True,P1,0.7560975609756098
1559,780,rowplayer,"('staghunt', 'safecoord')",0.6326530612244898,True,"43,4,25,14","10,6,9,10",,,,,,,
1560,780,colplayer,"('safecoord', 'staghunt')",0.75,True,"10,9,6,10","43,25,4,14",,,,,,,
1561,781,rowplayer,"('staghunt', 'assurance')",0.8888888888888888,False,"28,15,19,16","30,16,1,17","4,1,3,2","4,2,1,3",133.0,False,True,P1,0.8888888888888888
1562,781,colplayer,"('assurance', 'staghunt')",0.4583333333333333,False,"30,1,16,17","28,19,15,16","4,1,2,3","4,3,1,2",12.0,False,True,P1,0.4583333333333333
1563,782,rowplayer,"('chicken', 'staghunt')",0.4864864864864865,True,"12,9,14,9","15,11,7,10",,,,,,,
1564,782,colplayer,"('staghunt', 'chicken')",0.6153846153846154,True,"15,7,11,10","12,14,9,9",,,,,,,
1565,783,rowplayer,"('safecoord', 'harmony')",0.90625,False,"20,9,7,16","25,8,18,5","4,2,1,3","4,2,3,1",55.0,False,True,P1,0.90625
1566,783,colplayer,"('harmony', 'safecoord')",0.9487179487179488,False,"25,18,8,5","20,7,9,16","4,3,2,1","4,1,2,3",77.0,False,True,P1,0.9487179487179488
1567,784,rowplayer,"('peace', 'assurance')",0.9655172413793104,False,"25,11,1,4","25,6,3,10","4,3,1,2","4,2,1,3",109.0,False,True,P1,0.9655172413793104
1568,784,colplayer,"('assurance', 'peace')",0.75,False,"25,3,6,10","25,1,11,4","4,1,2,3","4,1,3,2",10.0,False,True,P1,0.75
1569,785,rowplayer,"('leader', 'concord')",0.8292682926829268,True,"4,5,5,1","39,11,10,2",,,,,,,
1570,785,colplayer,"('concord', 'leader')",0.8478260869565217,True,"39,10,11,2","4,5,5,1",,,,,,,
1571,786,rowplayer,"('assurance', 'harmony')",0.875,True,"34,1,1,5","35,17,24,16",,,,,,,
1572,786,colplayer,"('harmony', 'assurance')",0.9210526315789472,True,"35,24,17,16","34,1,1,5",,,,,,,
1573,787,rowplayer,"('chicken', 'safecoord')",0.3846153846153846,True,"26,4,32,4","13,1,6,11",,,,,,,
1574,787,colplayer,"('safecoord', 'chicken')",0.8260869565217391,True,"13,6,1,11","26,32,4,4",,,,,,,
1575,788,rowplayer,"('staghunt', 'safecoord')",0.675,False,"26,7,25,10","42,3,6,37","4,1,3,2","4,1,2,3",137.0,False,True,P1,0.675
1576,788,colplayer,"('safecoord', 'staghunt')",0.8367346938775511,False,"42,6,3,37","26,25,7,10","4,2,1,3","4,3,1,2",60.0,False,True,P1,0.8367346938775511
1577,789,rowplayer,"('harmony', 'safecoord')",0.9361702127659576,False,"25,9,3,2","13,1,3,8","4,3,2,1","4,1,2,3",77.0,False,True,P1,0.9361702127659576
1578,789,colplayer,"('safecoord', 'harmony')",0.9210526315789472,False,"13,3,1,8","25,3,9,2","4,2,1,3","4,2,3,1",55.0,False,True,P1,0.9210526315789472
1579,790,rowplayer,"('assurance', 'chicken')",0.4878048780487805,True,"34,1,8,25","10,13,3,3",,,,,,,
1580,790,colplayer,"('chicken', 'assurance')",0.5714285714285714,True,"10,3,13,3","34,8,1,25",,,,,,,
1581,791,rowplayer,"('dilemma', 'assurance')",0.2903225806451613,False,"10,3,36,6","31,3,2,24","3,1,4,2","4,2,1,3",121.0,False,True,P1,0.2903225806451613
1582,791,colplayer,"('assurance', 'dilemma')",0.4444444444444444,False,"31,2,3,24","10,36,3,6","4,1,2,3","3,4,1,2",11.0,False,True,P1,0.4444444444444444
1583,792,rowplayer,"('staghunt', 'dilemma')",0.575,False,"28,6,16,12","20,22,1,3","4,1,3,2","3,4,1,2",143.0,False,True,P1,0.575
1584,792,colplayer,"('dilemma', 'staghunt')",0.5625,False,"20,1,22,3","28,16,6,12","3,1,4,2","4,3,1,2",132.0,False,True,P1,0.5625
1585,793,rowplayer,"('safecoord', 'staghunt')",0.8378378378378378,False,"21,6,3,14","38,15,9,11","4,2,1,3","4,3,1,2",60.0,False,True,P1,0.8378378378378378
1586,793,colplayer,"('staghunt', 'safecoord')",0.8181818181818182,False,"38,9,15,11","21,3,6,14","4,1,3,2","4,1,2,3",137.0,False,True,P1,0.8181818181818182
1587,794,rowplayer,"('dilemma', 'staghunt')",0.4285714285714285,False,"15,1,17,7","21,7,3,4","3,1,4,2","4,3,1,2",132.0,False,True,P1,0.4285714285714285
1588,794,colplayer,"('staghunt', 'dilemma')",0.7560975609756098,False,"21,3,7,4","15,17,1,7","4,1,3,2","3,4,1,2",143.0,False,True,P1,0.7560975609756098
1589,795,rowplayer,"('safecoord', 'compromise')",0.723404255,False,"13,3,2,7","9,43,18,31","4,2,1,3","1,4,2,3",52.0,False,True,P1,0.723404255
1590,795,colplayer,"('compromise', 'safecoord')",0.1621621621621621,False,"9,18,43,31","13,2,3,7","1,2,4,3","4,1,2,3",41.0,False,True,P1,0.1621621621621621
1591,796,rowplayer,"('staghunt', 'dilemma')",0.3255813953488372,False,"30,1,28,14","8,16,1,5","4,1,3,2","3,4,1,2",143.0,False,True,P1,0.3255813953488372
1592,796,colplayer,"('dilemma', 'staghunt')",0.34375,False,"8,1,16,5","30,28,1,14","3,1,4,2","4,3,1,2",132.0,False,True,P1,0.34375
1593,797,rowplayer,"('hero', 'leader')",0.4285714285714285,False,"2,11,14,3","8,28,17,4","1,3,4,2","2,4,3,1",86.0,False,True,P1,0.4285714285714285
1594,797,colplayer,"('leader', 'hero')",0.475,False,"8,17,28,4","2,14,11,3","2,3,4,1","1,4,3,2",20.0,False,True,P1,0.475
1595,798,rowplayer,"('staghunt', 'assurance')",0.4848484848484848,False,"19,5,18,14","41,25,17,36","4,1,3,2","4,2,1,3",133.0,False,True,P1,0.4848484848484848
1596,798,colplayer,"('assurance', 'staghunt')",0.6590909090909091,False,"41,17,25,36","19,18,5,14","4,1,2,3","4,3,1,2",12.0,False,True,P1,0.6590909090909091
1597,799,rowplayer,"('dilemma', 'staghunt')",0.35,False,"20,8,27,18","10,8,2,4","3,1,4,2","4,3,1,2",132.0,False,True,P1,0.35
1598,799,colplayer,"('staghunt', 'dilemma')",0.5,False,"10,2,8,4","20,27,8,18","4,1,3,2","3,4,1,2",143.0,False,True,P1,0.5
1599,800,rowplayer,"('leader', 'staghunt')",0.5,True,"2,15,23,1","26,20,6,6",,,,,,,
1600,800,colplayer,"('staghunt', 'leader')",0.75,True,"26,6,20,6","2,23,15,1",,,,,,,
1601,801,rowplayer,"('chicken', 'leader')",0.6829268292682927,True,"28,12,46,1","6,29,7,6",,,,,,,
1602,801,colplayer,"('leader', 'chicken')",0.303030303030303,True,"6,7,29,6","28,46,12,1",,,,,,,
1603,802,rowplayer,"('dilemma', 'assurance')",0.5476190476190477,False,"39,8,46,15","29,8,3,11","3,1,4,2","4,2,1,3",121.0,False,True,P1,0.5476190476190477
1604,802,colplayer,"('assurance', 'dilemma')",0.5454545454545454,False,"29,3,8,11","39,46,8,15","4,1,2,3","3,4,1,2",11.0,False,True,P1,0.5454545454545454
1605,803,rowplayer,"('peace', 'chicken')",0.875,False,"16,14,6,11","19,21,8,4","4,3,1,2","3,4,2,1",111.0,False,True,P1,0.875
1606,803,colplayer,"('chicken', 'peace')",0.6206896551724138,False,"19,8,21,4","16,6,14,11","3,2,4,1","4,1,3,2",34.0,False,True,P1,0.6206896551724138
1607,804,rowplayer,"('safecoord', 'dilemma')",0.8695652173913043,False,"15,12,5,14","16,32,1,2","4,2,1,3","3,4,1,2",59.0,False,True,P1,0.8695652173913043
1608,804,colplayer,"('dilemma', 'safecoord')",0.2368421052631578,False,"16,1,32,2","15,5,12,14","3,1,4,2","4,1,2,3",125.0,False,True,P1,0.2368421052631578
1609,805,rowplayer,"('staghunt', 'staghunt')",0.5128205128205128,False,"37,3,34,17","31,6,2,5","4,1,3,2","4,3,1,2",144.0,False,True,P1,0.5128205128205128
1610,805,colplayer,"('staghunt', 'staghunt')",0.8108108108108109,False,"31,2,6,5","37,34,3,17","4,1,3,2","4,3,1,2",144.0,False,True,P1,0.8108108108108109
1611,806,rowplayer,"('compromise', 'assurance')",0.282051282051282,True,"7,10,21,13","34,1,1,5",,,,,,,
1612,806,colplayer,"('assurance', 'compromise')",0.7045454545454546,True,"34,1,1,5","7,21,10,13",,,,,,,
1613,807,rowplayer,"('hero', 'leader')",0.4347826086956521,False,"6,22,33,13","2,14,10,1","1,3,4,2","2,4,3,1",86.0,False,True,P1,0.4347826086956521
1614,807,colplayer,"('leader', 'hero')",0.6,False,"2,10,14,1","6,33,22,13","2,3,4,1","1,4,3,2",20.0,False,True,P1,0.6
1615,808,rowplayer,"('concord', 'leader')",0.6052631578947368,False,"21,4,18,3","5,35,8,4","4,2,3,1","2,4,3,1",98.0,False,True,P1,0.6052631578947368
1616,808,colplayer,"('leader', 'concord')",0.2857142857142857,False,"5,8,35,4","21,18,4,3","2,3,4,1","4,3,2,1",21.0,False,True,P1,0.2857142857142857
1617,809,rowplayer,"('concord', 'chicken')",0.7692307692307693,False,"18,6,17,2","24,27,13,1","4,2,3,1","3,4,2,1",99.0,False,True,P1,0.7692307692307693
1618,809,colplayer,"('chicken', 'concord')",0.8604651162790697,False,"24,13,27,1","18,17,6,2","3,2,4,1","4,3,2,1",33.0,False,True,P1,0.8604651162790697
1619,810,rowplayer,"('safecoord', 'compromise')",0.7735849056603774,False,"24,5,1,9","2,23,3,19","4,2,1,3","1,4,2,3",52.0,False,True,P1,0.7735849056603774
1620,810,colplayer,"('compromise', 'safecoord')",0.068181818,False,"2,3,23,19","24,1,5,9","1,2,4,3","4,1,2,3",41.0,False,True,P1,0.068181818
1621,811,rowplayer,"('assurance', 'chicken')",0.5714285714285714,True,"42,1,17,23","5,5,4,3",,,,,,,
1622,811,colplayer,"('chicken', 'assurance')",0.8157894736842105,True,"5,4,5,3","42,17,1,23",,,,,,,
1623,812,rowplayer,"('assurance', 'harmony')",0.8235294117647058,False,"39,4,7,21","23,2,9,1","4,1,2,3","4,2,3,1",7.0,False,True,P1,0.8235294117647058
1624,812,colplayer,"('harmony', 'assurance')",1.0,False,"23,9,2,1","39,7,4,21","4,3,2,1","4,2,1,3",73.0,False,True,P1,1.0
1625,813,rowplayer,"('leader', 'concord')",0.4705882352941176,False,"14,35,42,12","24,19,14,3","2,3,4,1","4,3,2,1",21.0,False,True,P1,0.4705882352941176
1626,813,colplayer,"('concord', 'leader')",0.813953488,False,"24,14,19,3","14,42,35,12","4,2,3,1","2,4,3,1",98.0,False,True,P1,0.813953488
1627,814,rowplayer,"('hero', 'hero')",0.3243243243243243,False,"1,4,6,3","2,32,22,16","1,3,4,2","1,4,3,2",92.0,False,True,P1,0.3243243243243243
1628,814,colplayer,"('hero', 'hero')",0.1470588235294117,False,"2,22,32,16","1,6,4,3","1,3,4,2","1,4,3,2",92.0,False,True,P1,0.1470588235294117
1629,815,rowplayer,"('chicken', 'deadlock')",0.7741935483870968,False,"21,11,30,2","21,34,1,28","3,2,4,1","2,4,1,3",30.0,False,True,P1,0.7741935483870968
1630,815,colplayer,"('deadlock', 'chicken')",0.25,False,"21,1,34,28","21,30,11,2","2,1,4,3","3,4,2,1",63.0,False,True,P1,0.25
1631,816,rowplayer,"('chicken', 'hero')",0.4444444444444444,False,"9,7,14,6","4,46,36,23","3,2,4,1","1,4,3,2",32.0,False,True,P1,0.4444444444444444
1632,816,colplayer,"('hero', 'chicken')",0.3,False,"4,36,46,23","9,14,7,6","1,3,4,2","3,4,2,1",87.0,False,True,P1,0.3
1633,817,rowplayer,"('chicken', 'hero')",0.2790697674418604,False,"7,4,13,3","1,17,16,11","3,2,4,1","1,4,3,2",32.0,False,True,P1,0.2790697674418604
1634,817,colplayer,"('hero', 'chicken')",0.4666666666666667,False,"1,16,17,11","7,13,4,3","1,3,4,2","3,4,2,1",87.0,False,True,P1,0.4666666666666667
1635,818,rowplayer,"('assurance', 'safecoord')",0.8260869565217391,False,"37,10,17,28","34,8,9,15","4,1,2,3","4,1,2,3",5.0,False,True,P1,0.8260869565217391
1636,818,colplayer,"('safecoord', 'assurance')",0.75,False,"34,9,8,15","37,17,10,28","4,2,1,3","4,2,1,3",49.0,False,True,P1,0.75
1637,819,rowplayer,"('assurance', 'harmony')",0.7884615384615384,False,"32,2,9,12","31,10,27,6","4,1,2,3","4,2,3,1",7.0,False,True,P1,0.7884615384615384
1638,819,colplayer,"('harmony', 'assurance')",0.9130434782608696,False,"31,27,10,6","32,9,2,12","4,3,2,1","4,2,1,3",73.0,False,True,P1,0.9130434782608696
1639,820,rowplayer,"('hero', 'safecoord')",0.2456140350877192,True,"4,8,16,8","29,1,7,11",,,,,,,
1640,820,colplayer,"('safecoord', 'hero')",0.8536585365853658,True,"29,7,1,11","4,16,8,8",,,,,,,
1641,821,rowplayer,"('staghunt', 'peace')",0.5714285714285714,False,"29,7,20,11","25,3,20,13","4,1,3,2","4,1,3,2",142.0,False,True,P1,0.5714285714285714
1642,821,colplayer,"('peace', 'staghunt')",0.9534883720930232,False,"25,20,3,13","29,20,7,11","4,3,1,2","4,3,1,2",120.0,False,True,P1,0.9534883720930232
1643,822,rowplayer,"('chicken', 'compromise')",0.3888888888888889,False,"18,6,29,4","10,34,17,20","3,2,4,1","1,4,2,3",28.0,False,True,P1,0.3888888888888889
1644,822,colplayer,"('compromise', 'chicken')",0.358974359,False,"10,17,34,20","18,29,6,4","1,2,4,3","3,4,2,1",39.0,False,True,P1,0.358974359
1645,823,rowplayer,"('staghunt', 'assurance')",0.7105263157894737,False,"43,3,17,10","24,8,6,20","4,1,3,2","4,2,1,3",133.0,False,True,P1,0.7105263157894737
1646,823,colplayer,"('assurance', 'staghunt')",0.8,False,"24,6,8,20","43,17,3,10","4,1,2,3","4,3,1,2",12.0,False,True,P1,0.8
1647,824,rowplayer,"('concord', 'safecoord')",0.8611111111111112,False,"25,2,12,1","44,6,7,8","4,2,3,1","4,1,2,3",101.0,False,True,P1,0.8611111111111112
1648,824,colplayer,"('safecoord', 'concord')",0.9090909090909092,False,"44,7,6,8","25,12,2,1","4,2,1,3","4,3,2,1",57.0,False,True,P1,0.9090909090909092
1649,825,rowplayer,"('chicken', 'harmony')",0.2222222222222222,True,"8,8,28,4","29,7,14,1",,,,,,,
1650,825,colplayer,"('harmony', 'chicken')",0.9722222222222222,True,"29,14,7,1","8,28,8,4",,,,,,,
1651,826,rowplayer,"('safecoord', 'staghunt')",0.78125,False,"41,14,13,21","37,23,2,15","4,2,1,3","4,3,1,2",60.0,False,True,P1,0.78125
1652,826,colplayer,"('staghunt', 'safecoord')",0.5238095238095238,False,"37,2,23,15","41,13,14,21","4,1,3,2","4,1,2,3",137.0,False,True,P1,0.5238095238095238
1653,827,rowplayer,"('safecoord', 'hero')",0.7435897435897436,True,"12,7,4,7","3,17,15,14",,,,,,,
1654,827,colplayer,"('hero', 'safecoord')",0.0588235294117647,True,"3,15,17,14","12,4,7,7",,,,,,,
1655,828,rowplayer,"('hero', 'chicken')",0.5238095238095238,True,"3,10,16,4","8,11,1,1",,,,,,,
1656,828,colplayer,"('chicken', 'hero')",0.1818181818181818,True,"8,1,11,1","3,16,10,4",,,,,,,
1657,829,rowplayer,"('safecoord', 'staghunt')",0.8461538461538461,False,"37,7,1,11","33,28,2,5","4,2,1,3","4,3,1,2",60.0,False,True,P1,0.8461538461538461
1658,829,colplayer,"('staghunt', 'safecoord')",0.6666666666666666,False,"33,2,28,5","37,1,7,11","4,1,3,2","4,1,2,3",137.0,False,True,P1,0.6666666666666666
1659,830,rowplayer,"('concord', 'chicken')",0.8125,False,"17,11,13,8","7,31,5,3","4,2,3,1","3,4,2,1",99.0,False,True,P1,0.8125
1660,830,colplayer,"('chicken', 'concord')",0.2105263157894736,False,"7,5,31,3","17,13,11,8","3,2,4,1","4,3,2,1",33.0,False,True,P1,0.2105263157894736
1661,831,rowplayer,"('peace', 'chicken')",0.9318181818181818,False,"11,8,2,3","20,27,9,2","4,3,1,2","3,4,2,1",111.0,False,True,P1,0.9318181818181818
1662,831,colplayer,"('chicken', 'peace')",0.6190476190476191,False,"20,9,27,2","11,2,8,3","3,2,4,1","4,1,3,2",34.0,False,True,P1,0.6190476190476191
1663,832,rowplayer,"('safecoord', 'deadlock')",0.8378378378378378,False,"26,4,3,8","4,30,2,19","4,2,1,3","2,4,1,3",54.0,False,True,P1,0.8378378378378378
1664,832,colplayer,"('deadlock', 'safecoord')",0.119047619047619,False,"4,2,30,19","26,3,4,8","2,1,4,3","4,1,2,3",65.0,False,True,P1,0.119047619047619
1665,833,rowplayer,"('staghunt', 'harmony')",0.8888888888888888,False,"30,1,3,2","24,9,10,2","4,1,3,2","4,2,3,1",139.0,False,True,P1,0.8888888888888888
1666,833,colplayer,"('harmony', 'staghunt')",0.926829268,False,"24,10,9,2","30,3,1,2","4,3,2,1","4,3,1,2",84.0,False,True,P1,0.926829268
1667,834,rowplayer,"('concord', 'hero')",0.8648648648648649,False,"31,2,12,1","2,5,4,3","4,2,3,1","1,4,3,2",104.0,False,True,P1,0.8648648648648649
1668,834,colplayer,"('hero', 'concord')",0.4,False,"2,4,5,3","31,12,2,1","1,3,4,2","4,3,2,1",93.0,False,True,P1,0.4
1669,835,rowplayer,"('harmony', 'assurance')",0.967741935,False,"24,9,6,2","19,11,1,15","4,3,2,1","4,2,1,3",73.0,False,True,P1,0.967741935
1670,835,colplayer,"('assurance', 'harmony')",0.4666666666666667,False,"19,1,11,15","24,6,9,2","4,1,2,3","4,2,3,1",7.0,False,True,P1,0.4666666666666667
1671,836,rowplayer,"('hero', 'hero')",0.2926829268292683,False,"2,21,29,7","14,35,24,17","1,3,4,2","1,4,3,2",92.0,False,True,P1,0.2926829268292683
1672,836,colplayer,"('hero', 'hero')",0.3478260869565217,False,"14,24,35,17","2,29,21,7","1,3,4,2","1,4,3,2",92.0,False,True,P1,0.3478260869565217
1673,837,rowplayer,"('chicken', 'safecoord')",0.2,True,"2,1,8,1","42,3,10,23",,,,,,,
1674,837,colplayer,"('safecoord', 'chicken')",0.8260869565217391,True,"42,10,3,23","2,8,1,1",,,,,,,
1675,838,rowplayer,"('leader', 'leader')",0.7428571428571429,False,"16,31,36,1","8,22,19,3","2,3,4,1","2,4,3,1",14.0,False,True,P1,0.7428571428571429
1676,838,colplayer,"('leader', 'leader')",0.65,False,"8,19,22,3","16,36,31,1","2,3,4,1","2,4,3,1",14.0,False,True,P1,0.65
1677,839,rowplayer,"('dilemma', 'hero')",0.1956521739130435,False,"16,1,19,2","5,37,11,9","3,1,4,2","1,4,3,2",128.0,False,True,P1,0.1956521739130435
1678,839,colplayer,"('hero', 'dilemma')",0.4444444444444444,False,"5,11,37,9","16,19,1,2","1,3,4,2","3,4,1,2",95.0,False,True,P1,0.4444444444444444
1679,840,rowplayer,"('safecoord', 'safecoord')",0.9047619047619048,False,"38,3,2,6","28,4,6,14","4,2,1,3","4,1,2,3",53.0,False,True,P1,0.9047619047619048
1680,840,colplayer,"('safecoord', 'safecoord')",0.9743589743589745,False,"28,6,4,14","38,2,3,6","4,2,1,3","4,1,2,3",53.0,False,True,P1,0.9743589743589745
1681,841,rowplayer,"('chicken', 'hero')",0.3703703703703703,False,"10,4,30,1","1,29,12,3","3,2,4,1","1,4,3,2",32.0,False,True,P1,0.3703703703703703
1682,841,colplayer,"('hero', 'chicken')",0.4878048780487805,False,"1,12,29,3","10,30,4,1","1,3,4,2","3,4,2,1",87.0,False,True,P1,0.4878048780487805
1683,842,rowplayer,"('chicken', 'dilemma')",0.7560975609756098,True,"7,7,10,2","15,20,8,11",,,,,,,
1684,842,colplayer,"('dilemma', 'chicken')",0.3513513513513513,True,"15,8,20,11","7,10,7,2",,,,,,,
1685,843,rowplayer,"('assurance', 'safecoord')",0.6428571428571429,False,"31,5,9,25","41,1,4,20","4,1,2,3","4,1,2,3",5.0,False,True,P1,0.6428571428571429
1686,843,colplayer,"('safecoord', 'assurance')",0.813953488,False,"41,4,1,20","31,9,5,25","4,2,1,3","4,2,1,3",49.0,False,True,P1,0.813953488
1687,844,rowplayer,"('hero', 'peace')",0.054054054,False,"2,6,23,4","35,1,11,5","1,3,4,2","4,1,3,2",94.0,False,True,P1,0.054054054
1688,844,colplayer,"('peace', 'hero')",0.8936170212765957,False,"35,11,1,5","2,23,6,4","4,3,1,2","1,4,3,2",116.0,False,True,P1,0.8936170212765957
1689,845,rowplayer,"('peace', 'safecoord')",0.71875,True,"22,17,16,16","35,1,2,11",,,,,,,
1690,845,colplayer,"('safecoord', 'peace')",0.8913043478260869,True,"35,2,1,11","22,16,17,16",,,,,,,
1691,846,rowplayer,"('compromise', 'assurance')",0.025641026,True,"3,5,17,11","28,13,13,24",,,,,,,
1692,846,colplayer,"('assurance', 'compromise')",0.5882352941176471,True,"28,13,13,24","3,17,5,11",,,,,,,
1693,847,rowplayer,"('chicken', 'hero')",0.3529411764705882,False,"11,4,12,3","9,42,29,17","3,2,4,1","1,4,3,2",32.0,False,True,P1,0.3529411764705882
1694,847,colplayer,"('hero', 'chicken')",0.4772727272727273,False,"9,29,42,17","11,12,4,3","1,3,4,2","3,4,2,1",87.0,False,True,P1,0.4772727272727273
1695,848,rowplayer,"('compromise', 'assurance')",0.1395348837209302,False,"1,3,22,17","29,8,5,10","1,2,4,3","4,2,1,3",37.0,False,True,P1,0.1395348837209302
1696,848,colplayer,"('assurance', 'compromise')",0.5217391304347826,False,"29,5,8,10","1,22,3,17","4,1,2,3","1,4,2,3",4.0,False,True,P1,0.5217391304347826
1697,849,rowplayer,"('peace', 'chicken')",0.8809523809523809,True,"32,7,2,2","23,33,18,5",,,,,,,
1698,849,colplayer,"('chicken', 'peace')",0.6875,True,"23,18,33,5","32,2,7,2",,,,,,,
1699,850,rowplayer,"('chicken', 'harmony')",0.6111111111111112,False,"13,5,20,1","28,7,11,2","3,2,4,1","4,2,3,1",31.0,False,True,P1,0.6111111111111112
1700,850,colplayer,"('harmony', 'chicken')",0.8888888888888888,False,"28,11,7,2","13,20,5,1","4,3,2,1","3,4,2,1",75.0,False,True,P1,0.8888888888888888
1701,851,rowplayer,"('chicken', 'leader')",0.7142857142857143,True,"19,16,20,6","13,14,14,8",,,,,,,
1702,851,colplayer,"('leader', 'chicken')",0.8809523809523809,True,"13,14,14,8","19,20,16,6",,,,,,,
1703,852,rowplayer,"('chicken', 'hero')",0.2291666666666666,False,"8,4,19,3","7,34,26,11","3,2,4,1","1,4,3,2",32.0,False,True,P1,0.2291666666666666
1704,852,colplayer,"('hero', 'chicken')",0.525,False,"7,26,34,11","8,19,4,3","1,3,4,2","3,4,2,1",87.0,False,True,P1,0.525
1705,853,rowplayer,"('chicken', 'staghunt')",0.5294117647058824,True,"12,11,22,7","21,18,1,1",,,,,,,
1706,853,colplayer,"('staghunt', 'chicken')",0.7659574468085106,True,"21,1,18,1","12,22,11,7",,,,,,,
1707,854,rowplayer,"('chicken', 'leader')",0.4523809523809524,False,"20,7,26,2","2,22,12,1","3,2,4,1","2,4,3,1",26.0,False,True,P1,0.4523809523809524
1708,854,colplayer,"('leader', 'chicken')",0.5396825396825397,False,"2,12,22,1","20,26,7,2","2,3,4,1","3,4,2,1",15.0,False,True,P1,0.5396825396825397
1709,855,rowplayer,"('staghunt', 'peace')",0.5526315789473685,True,"27,18,21,21","7,1,5,3",,,,,,,
1710,855,colplayer,"('peace', 'staghunt')",0.9210526315789472,True,"7,5,1,3","27,21,18,21",,,,,,,
1711,856,rowplayer,"('dilemma', 'staghunt')",0.425,True,"21,7,34,14","22,5,1,5",,,,,,,
1712,856,colplayer,"('staghunt', 'dilemma')",0.4736842105263157,True,"22,1,5,5","21,34,7,14",,,,,,,
1713,857,rowplayer,"('staghunt', 'dilemma')",0.6444444444444445,False,"35,3,26,7","20,30,4,16","4,1,3,2","3,4,1,2",143.0,False,True,P1,0.6444444444444445
1714,857,colplayer,"('dilemma', 'staghunt')",0.425,False,"20,4,30,16","35,26,3,7","3,1,4,2","4,3,1,2",132.0,False,True,P1,0.425
1715,858,rowplayer,"('safecoord', 'staghunt')",0.9032258064516128,False,"27,7,6,10","12,9,2,4","4,2,1,3","4,3,1,2",60.0,False,True,P1,0.9032258064516128
1716,858,colplayer,"('staghunt', 'safecoord')",0.8823529411764706,False,"12,2,9,4","27,6,7,10","4,1,3,2","4,1,2,3",137.0,False,True,P1,0.8823529411764706
1717,859,rowplayer,"('safecoord', 'safecoord')",0.8285714285714286,True,"23,14,9,14","19,2,3,10",,,,,,,
1718,859,colplayer,"('safecoord', 'safecoord')",0.8620689655172413,True,"19,3,2,10","23,9,14,14",,,,,,,
1719,860,rowplayer,"('safecoord', 'harmony')",0.9411764705882352,True,"48,4,1,6","42,12,12,5",,,,,,,
1720,860,colplayer,"('harmony', 'safecoord')",0.9230769230769232,True,"42,12,12,5","48,1,4,6",,,,,,,
1721,861,rowplayer,"('safecoord', 'staghunt')",1.0,False,"26,15,2,20","27,17,2,8","4,2,1,3","4,3,1,2",60.0,False,True,P1,1.0
1722,861,colplayer,"('staghunt', 'safecoord')",0.5142857142857142,False,"27,2,17,8","26,2,15,20","4,1,3,2","4,1,2,3",137.0,False,True,P1,0.5142857142857142
1723,862,rowplayer,"('assurance', 'safecoord')",0.7714285714285715,False,"15,5,7,11","17,9,11,14","4,1,2,3","4,1,2,3",5.0,False,True,P1,0.7714285714285715
1724,862,colplayer,"('safecoord', 'assurance')",0.8461538461538461,False,"17,11,9,14","15,7,5,11","4,2,1,3","4,2,1,3",49.0,False,True,P1,0.8461538461538461
1725,863,rowplayer,"('leader', 'safecoord')",0.6944444444444444,True,"23,29,45,2","33,4,11,11",,,,,,,
1726,863,colplayer,"('safecoord', 'leader')",0.8888888888888888,True,"33,11,4,11","23,45,29,2",,,,,,,
1727,864,rowplayer,"('leader', 'harmony')",0.2790697674418604,False,"9,11,39,2","38,25,32,18","2,3,4,1","4,2,3,1",19.0,False,True,P1,0.2790697674418604
1728,864,colplayer,"('harmony', 'leader')",0.9473684210526316,False,"38,32,25,18","9,39,11,2","4,3,2,1","2,4,3,1",74.0,False,True,P1,0.9473684210526316
1729,865,rowplayer,"('staghunt', 'assurance')",0.7352941176470589,False,"21,1,9,3","14,6,3,12","4,1,3,2","4,2,1,3",133.0,False,True,P1,0.7352941176470589
1730,865,colplayer,"('assurance', 'staghunt')",0.5135135135135135,False,"14,3,6,12","21,9,1,3","4,1,2,3","4,3,1,2",12.0,False,True,P1,0.5135135135135135
1731,866,rowplayer,"('safecoord', 'assurance')",0.9736842105263158,False,"46,20,9,37","8,3,2,6","4,2,1,3","4,2,1,3",49.0,False,True,P1,0.9736842105263158
1732,866,colplayer,"('assurance', 'safecoord')",0.6486486486486487,False,"8,2,3,6","46,9,20,37","4,1,2,3","4,1,2,3",5.0,False,True,P1,0.6486486486486487
1733,867,rowplayer,"('chicken', 'dilemma')",0.6486486486486487,False,"9,2,10,1","21,22,2,11","3,2,4,1","3,4,1,2",35.0,False,True,P1,0.6486486486486487
1734,867,colplayer,"('dilemma', 'chicken')",0.1707317073170731,False,"21,2,22,11","9,10,2,1","3,1,4,2","3,4,2,1",123.0,False,True,P1,0.1707317073170731
1735,868,rowplayer,"('dilemma', 'chicken')",0.4324324324324324,False,"10,3,11,4","21,30,14,1","3,1,4,2","3,4,2,1",123.0,False,True,P1,0.4324324324324324
1736,868,colplayer,"('chicken', 'dilemma')",0.8378378378378378,False,"21,14,30,1","10,11,3,4","3,2,4,1","3,4,1,2",35.0,False,True,P1,0.8378378378378378
1737,869,rowplayer,"('dilemma', 'leader')",0.090909091,True,"7,1,31,5","8,27,20,8",,,,,,,
1738,869,colplayer,"('leader', 'dilemma')",0.7777777777777778,True,"8,20,27,8","7,31,1,5",,,,,,,
1739,870,rowplayer,"('dilemma', 'chicken')",0.3103448275862069,False,"8,2,11,5","34,44,18,10","3,1,4,2","3,4,2,1",123.0,False,True,P1,0.3103448275862069
1740,870,colplayer,"('chicken', 'dilemma')",0.8108108108108109,False,"34,18,44,10","8,11,2,5","3,2,4,1","3,4,1,2",35.0,False,True,P1,0.8108108108108109
1741,871,rowplayer,"('chicken', 'harmony')",0.7027027027027027,True,"27,7,30,1","8,4,4,3",,,,,,,
1742,871,colplayer,"('harmony', 'chicken')",0.84375,True,"8,4,4,3","27,30,7,1",,,,,,,
1743,872,rowplayer,"('concord', 'assurance')",0.975609756,False,"44,2,13,1","25,8,2,18","4,2,3,1","4,2,1,3",97.0,False,True,P1,0.975609756
1744,872,colplayer,"('assurance', 'concord')",0.6857142857142857,False,"25,2,8,18","44,13,2,1","4,1,2,3","4,3,2,1",9.0,False,True,P1,0.6857142857142857
1745,873,rowplayer,"('chicken', 'leader')",0.8717948717948718,True,"6,6,7,2","8,21,9,5",,,,,,,
1746,873,colplayer,"('leader', 'chicken')",0.2830188679245283,True,"8,9,21,5","6,7,6,2",,,,,,,
1747,874,rowplayer,"('staghunt', 'staghunt')",0.8333333333333334,False,"34,10,19,14","15,7,3,5","4,1,3,2","4,3,1,2",144.0,False,True,P1,0.8333333333333334
1748,874,colplayer,"('staghunt', 'staghunt')",0.8846153846153846,False,"15,3,7,5","34,19,10,14","4,1,3,2","4,3,1,2",144.0,False,True,P1,0.8846153846153846
1749,875,rowplayer,"('compromise', 'assurance')",0.2391304347826087,False,"3,4,29,8","26,10,4,16","1,2,4,3","4,2,1,3",37.0,False,True,P1,0.2391304347826087
1750,875,colplayer,"('assurance', 'compromise')",0.2903225806451613,False,"26,4,10,16","3,29,4,8","4,1,2,3","1,4,2,3",4.0,False,True,P1,0.2903225806451613
1751,876,rowplayer,"('concord', 'hero')",0.8108108108108109,False,"23,7,9,3","3,44,10,8","4,2,3,1","1,4,3,2",104.0,False,True,P1,0.8108108108108109
1752,876,colplayer,"('hero', 'concord')",0.3142857142857143,False,"3,10,44,8","23,9,7,3","1,3,4,2","4,3,2,1",93.0,False,True,P1,0.3142857142857143
1753,877,rowplayer,"('compromise', 'assurance')",0.1111111111111111,False,"1,2,36,17","40,11,10,14","1,2,4,3","4,2,1,3",37.0,False,True,P1,0.1111111111111111
1754,877,colplayer,"('assurance', 'compromise')",0.7333333333333333,False,"40,10,11,14","1,36,2,17","4,1,2,3","1,4,2,3",4.0,False,True,P1,0.7333333333333333
1755,878,rowplayer,"('assurance', 'assurance')",0.7272727272727273,False,"10,3,5,8","32,5,4,22","4,1,2,3","4,2,1,3",1.0,False,True,P1,0.7272727272727273
1756,878,colplayer,"('assurance', 'assurance')",0.7636363636363637,False,"32,4,5,22","10,5,3,8","4,1,2,3","4,2,1,3",1.0,False,True,P1,0.7636363636363637
1757,879,rowplayer,"('chicken', 'dilemma')",0.7058823529411765,False,"9,3,11,1","15,24,5,12","3,2,4,1","3,4,1,2",35.0,False,True,P1,0.7058823529411765
1758,879,colplayer,"('dilemma', 'chicken')",0.3333333333333333,False,"15,5,24,12","9,11,3,1","3,1,4,2","3,4,2,1",123.0,False,True,P1,0.3333333333333333
1759,880,rowplayer,"('staghunt', 'safecoord')",0.6382978723404256,False,"38,15,28,18","20,4,10,12","4,1,3,2","4,1,2,3",137.0,False,True,P1,0.6382978723404256
1760,880,colplayer,"('safecoord', 'staghunt')",1.0,False,"20,10,4,12","38,28,15,18","4,2,1,3","4,3,1,2",60.0,False,True,P1,1.0
1761,881,rowplayer,"('dilemma', 'staghunt')",0.4594594594594595,False,"32,5,41,19","29,19,6,10","3,1,4,2","4,3,1,2",132.0,False,True,P1,0.4594594594594595
1762,881,colplayer,"('staghunt', 'dilemma')",0.6097560975609756,False,"29,6,19,10","32,41,5,19","4,1,3,2","3,4,1,2",143.0,False,True,P1,0.6097560975609756
1763,882,rowplayer,"('assurance', 'assurance')",0.967741935,False,"23,2,4,8","25,20,16,23","4,1,2,3","4,2,1,3",1.0,False,True,P1,0.967741935
1764,882,colplayer,"('assurance', 'assurance')",0.7,False,"25,16,20,23","23,4,2,8","4,1,2,3","4,2,1,3",1.0,False,True,P1,0.7
1765,883,rowplayer,"('assurance', 'safecoord')",0.6486486486486487,False,"44,20,26,41","35,9,13,16","4,1,2,3","4,1,2,3",5.0,False,True,P1,0.6486486486486487
1766,883,colplayer,"('safecoord', 'assurance')",0.8918918918918919,False,"35,13,9,16","44,26,20,41","4,2,1,3","4,2,1,3",49.0,False,True,P1,0.8918918918918919
1767,884,rowplayer,"('hero', 'leader')",0.3571428571428571,False,"3,10,31,6","16,43,19,3","1,3,4,2","2,4,3,1",86.0,False,True,P1,0.3571428571428571
1768,884,colplayer,"('leader', 'hero')",0.6756756756756757,False,"16,19,43,3","3,31,10,6","2,3,4,1","1,4,3,2",20.0,False,True,P1,0.6756756756756757
1769,885,rowplayer,"('staghunt', 'assurance')",0.6052631578947368,True,"16,1,14,4","32,10,10,15",,,,,,,
1770,885,colplayer,"('assurance', 'staghunt')",0.9736842105263158,True,"32,10,10,15","16,14,1,4",,,,,,,
1771,886,rowplayer,"('staghunt', 'safecoord')",0.803921569,False,"35,1,14,3","30,2,3,13","4,1,3,2","4,1,2,3",137.0,False,True,P1,0.803921569
1772,886,colplayer,"('safecoord', 'staghunt')",0.8918918918918919,False,"30,3,2,13","35,14,1,3","4,2,1,3","4,3,1,2",60.0,False,True,P1,0.8918918918918919
1773,887,rowplayer,"('leader', 'deadlock')",0.7777777777777778,True,"6,13,14,3","2,22,1,2",,,,,,,
1774,887,colplayer,"('deadlock', 'leader')",0.1282051282051282,True,"2,1,22,2","6,14,13,3",,,,,,,
1775,888,rowplayer,"('concord', 'safecoord')",0.8974358974358975,False,"43,7,19,6","37,3,21,22","4,2,3,1","4,1,2,3",101.0,False,True,P1,0.8974358974358975
1776,888,colplayer,"('safecoord', 'concord')",0.9428571428571428,False,"37,21,3,22","43,19,7,6","4,2,1,3","4,3,2,1",57.0,False,True,P1,0.9428571428571428
1777,889,rowplayer,"('chicken', 'chicken')",0.46875,False,"29,19,44,12","22,25,21,11","3,2,4,1","3,4,2,1",27.0,False,True,P1,0.46875
1778,889,colplayer,"('chicken', 'chicken')",0.75,False,"22,21,25,11","29,44,19,12","3,2,4,1","3,4,2,1",27.0,False,True,P1,0.75
1779,890,rowplayer,"('safecoord', 'assurance')",0.9,False,"29,13,5,17","12,8,6,9","4,2,1,3","4,2,1,3",49.0,False,True,P1,0.9
1780,890,colplayer,"('assurance', 'safecoord')",0.7931034482758621,False,"12,6,8,9","29,5,13,17","4,1,2,3","4,1,2,3",5.0,False,True,P1,0.7931034482758621
1781,891,rowplayer,"('staghunt', 'staghunt')",0.6842105263157895,False,"30,9,20,15","11,8,1,7","4,1,3,2","4,3,1,2",144.0,False,True,P1,0.6842105263157895
1782,891,colplayer,"('staghunt', 'staghunt')",0.5,False,"11,1,8,7","30,20,9,15","4,1,3,2","4,3,1,2",144.0,False,True,P1,0.5
1783,892,rowplayer,"('assurance', 'safecoord')",0.6153846153846154,False,"13,1,5,11","33,1,7,14","4,1,2,3","4,1,2,3",5.0,False,True,P1,0.6153846153846154
1784,892,colplayer,"('safecoord', 'assurance')",0.8823529411764706,False,"33,7,1,14","13,5,1,11","4,2,1,3","4,2,1,3",49.0,False,True,P1,0.8823529411764706
1785,893,rowplayer,"('chicken', 'compromise')",0.4,False,"19,9,35,8","1,31,7,23","3,2,4,1","1,4,2,3",28.0,False,True,P1,0.4
1786,893,colplayer,"('compromise', 'chicken')",0.0,False,"1,7,31,23","19,35,9,8","1,2,4,3","3,4,2,1",39.0,False,True,P1,0.0
1787,894,rowplayer,"('safecoord', 'assurance')",0.9230769230769232,True,"26,13,2,18","11,3,3,5",,,,,,,
1788,894,colplayer,"('assurance', 'safecoord')",0.8857142857142857,True,"11,3,3,5","26,2,13,18",,,,,,,
1789,895,rowplayer,"('safecoord', 'safecoord')",0.8823529411764706,False,"37,7,1,13","6,1,2,4","4,2,1,3","4,1,2,3",53.0,False,True,P1,0.8823529411764706
1790,895,colplayer,"('safecoord', 'safecoord')",0.8928571428571429,False,"6,2,1,4","37,1,7,13","4,2,1,3","4,1,2,3",53.0,False,True,P1,0.8928571428571429
1791,896,rowplayer,"('concord', 'hero')",0.8055555555555556,False,"37,5,21,3","2,29,6,4","4,2,3,1","1,4,3,2",104.0,False,True,P1,0.8055555555555556
1792,896,colplayer,"('hero', 'concord')",0.1702127659574468,False,"2,6,29,4","37,21,5,3","1,3,4,2","4,3,2,1",93.0,False,True,P1,0.1702127659574468
1793,897,rowplayer,"('chicken', 'leader')",0.6571428571428571,False,"26,9,31,1","7,12,9,4","3,2,4,1","2,4,3,1",26.0,False,True,P1,0.6571428571428571
1794,897,colplayer,"('leader', 'chicken')",0.4117647058823529,False,"7,9,12,4","26,31,9,1","2,3,4,1","3,4,2,1",15.0,False,True,P1,0.4117647058823529
1795,898,rowplayer,"('leader', 'leader')",0.8055555555555556,False,"21,22,32,6","8,14,10,3","2,3,4,1","2,4,3,1",14.0,False,True,P1,0.8055555555555556
1796,898,colplayer,"('leader', 'leader')",0.5882352941176471,False,"8,10,14,3","21,32,22,6","2,3,4,1","2,4,3,1",14.0,False,True,P1,0.5882352941176471
1797,899,rowplayer,"('leader', 'chicken')",0.5918367346938775,False,"5,12,16,2","11,21,6,5","2,3,4,1","3,4,2,1",15.0,False,True,P1,0.5918367346938775
1798,899,colplayer,"('chicken', 'leader')",0.35,False,"11,6,21,5","5,16,12,2","3,2,4,1","2,4,3,1",26.0,False,True,P1,0.35
1799,900,rowplayer,"('leader', 'hero')",0.4210526315789473,False,"5,13,30,2","6,13,12,11","2,3,4,1","1,4,3,2",20.0,False,True,P1,0.4210526315789473
1800,900,colplayer,"('hero', 'leader')",0.2978723404255319,False,"6,12,13,11","5,30,13,2","1,3,4,2","2,4,3,1",86.0,False,True,P1,0.2978723404255319
1801,901,rowplayer,"('compromise', 'assurance')",0.0625,False,"1,21,27,26","15,5,2,14","1,2,4,3","4,2,1,3",37.0,False,True,P1,0.0625
1802,901,colplayer,"('assurance', 'compromise')",0.1081081081081081,False,"15,2,5,14","1,27,21,26","4,1,2,3","1,4,2,3",4.0,False,True,P1,0.1081081081081081
1803,902,rowplayer,"('chicken', 'hero')",0.7804878048780488,False,"38,15,45,3","1,40,7,4","3,2,4,1","1,4,3,2",32.0,False,True,P1,0.7804878048780488
1804,902,colplayer,"('hero', 'chicken')",0.1304347826086956,False,"1,7,40,4","38,45,15,3","1,3,4,2","3,4,2,1",87.0,False,True,P1,0.1304347826086956
1805,903,rowplayer,"('compromise', 'assurance')",0.071428571,True,"1,1,16,11","8,4,2,6",,,,,,,
1806,903,colplayer,"('assurance', 'compromise')",0.3333333333333333,True,"8,2,4,6","1,16,1,11",,,,,,,
1807,904,rowplayer,"('hero', 'hero')",0.6,False,"9,24,28,14","1,27,6,4","1,3,4,2","1,4,3,2",92.0,False,True,P1,0.6
1808,904,colplayer,"('hero', 'hero')",0.085106383,False,"1,6,27,4","9,28,24,14","1,3,4,2","1,4,3,2",92.0,False,True,P1,0.085106383
1809,905,rowplayer,"('harmony', 'safecoord')",0.9473684210526316,True,"12,7,6,2","14,1,9,14",,,,,,,
1810,905,colplayer,"('safecoord', 'harmony')",0.9411764705882352,True,"14,9,1,14","12,6,7,2",,,,,,,
1811,906,rowplayer,"('assurance', 'staghunt')",0.6666666666666666,False,"45,8,18,24","8,7,3,4","4,1,2,3","4,3,1,2",12.0,False,True,P1,0.6666666666666666
1812,906,colplayer,"('staghunt', 'assurance')",0.5918367346938775,False,"8,3,7,4","45,18,8,24","4,1,3,2","4,2,1,3",133.0,False,True,P1,0.5918367346938775
1813,907,rowplayer,"('safecoord', 'staghunt')",0.8947368421052632,False,"20,4,1,19","16,13,2,5","4,2,1,3","4,3,1,2",60.0,False,True,P1,0.8947368421052632
1814,907,colplayer,"('staghunt', 'safecoord')",0.6341463414634146,False,"16,2,13,5","20,1,4,19","4,1,3,2","4,1,2,3",137.0,False,True,P1,0.6341463414634146
1815,908,rowplayer,"('chicken', 'leader')",0.5945945945945946,False,"18,6,40,3","5,16,8,1","3,2,4,1","2,4,3,1",26.0,False,True,P1,0.5945945945945946
1816,908,colplayer,"('leader', 'chicken')",0.65,False,"5,8,16,1","18,40,6,3","2,3,4,1","3,4,2,1",15.0,False,True,P1,0.65
1817,909,rowplayer,"('harmony', 'safecoord')",0.95,False,"26,15,6,1","21,1,12,13","4,3,2,1","4,1,2,3",77.0,False,True,P1,0.95
1818,909,colplayer,"('safecoord', 'harmony')",0.8461538461538461,False,"21,12,1,13","26,6,15,1","4,2,1,3","4,2,3,1",55.0,False,True,P1,0.8461538461538461
1819,910,rowplayer,"('staghunt', 'hero')",0.5641025641025641,True,"21,12,14,12","3,30,18,11",,,,,,,
1820,910,colplayer,"('hero', 'staghunt')",0.1538461538461538,True,"3,18,30,11","21,14,12,12",,,,,,,
1821,911,rowplayer,"('dilemma', 'leader')",0.2222222222222222,False,"12,1,15,2","8,25,9,1","3,1,4,2","2,4,3,1",122.0,False,True,P1,0.2222222222222222
1822,911,colplayer,"('leader', 'dilemma')",0.8421052631578947,False,"8,9,25,1","12,15,1,2","2,3,4,1","3,4,1,2",23.0,False,True,P1,0.8421052631578947
1823,912,rowplayer,"('chicken', 'chicken')",0.4473684210526316,False,"19,7,26,4","27,32,23,6","3,2,4,1","3,4,2,1",27.0,False,True,P1,0.4473684210526316
1824,912,colplayer,"('chicken', 'chicken')",0.8378378378378378,False,"27,23,32,6","19,26,7,4","3,2,4,1","3,4,2,1",27.0,False,True,P1,0.8378378378378378
1825,913,rowplayer,"('staghunt', 'safecoord')",0.8478260869565217,True,"24,8,10,10","27,15,16,20",,,,,,,
1826,913,colplayer,"('safecoord', 'staghunt')",0.9090909090909092,True,"27,16,15,20","24,10,8,10",,,,,,,
1827,914,rowplayer,"('safecoord', 'dilemma')",0.8571428571428571,True,"6,5,1,6","16,24,3,4",,,,,,,
1828,914,colplayer,"('dilemma', 'safecoord')",0.1052631578947368,True,"16,3,24,4","6,1,5,6",,,,,,,
1829,915,rowplayer,"('chicken', 'staghunt')",0.7222222222222222,True,"3,2,5,2","20,19,1,18",,,,,,,
1830,915,colplayer,"('staghunt', 'chicken')",0.09375,True,"20,1,19,18","3,5,2,2",,,,,,,
1831,916,rowplayer,"('staghunt', 'safecoord')",0.2972972972972973,False,"26,2,22,12","44,5,11,19","4,1,3,2","4,1,2,3",137.0,False,True,P1,0.2972972972972973
1832,916,colplayer,"('safecoord', 'staghunt')",0.9743589743589745,False,"44,11,5,19","26,22,2,12","4,2,1,3","4,3,1,2",60.0,False,True,P1,0.9743589743589745
1833,917,rowplayer,"('safecoord', 'staghunt')",0.8947368421052632,False,"14,10,2,11","41,14,1,6","4,2,1,3","4,3,1,2",60.0,False,True,P1,0.8947368421052632
1834,917,colplayer,"('staghunt', 'safecoord')",0.75,False,"41,1,14,6","14,2,10,11","4,1,3,2","4,1,2,3",137.0,False,True,P1,0.75
1835,918,rowplayer,"('chicken', 'assurance')",0.7391304347826086,True,"27,16,27,5","23,7,2,20",,,,,,,
1836,918,colplayer,"('assurance', 'chicken')",0.5428571428571428,True,"23,2,7,20","27,27,16,5",,,,,,,
1837,919,rowplayer,"('staghunt', 'harmony')",0.95,True,"40,16,18,17","11,8,8,2",,,,,,,
1838,919,colplayer,"('harmony', 'staghunt')",0.8888888888888888,True,"11,8,8,2","40,18,16,17",,,,,,,
1839,920,rowplayer,"('chicken', 'concord')",0.75,False,"10,8,16,1","13,11,9,3","3,2,4,1","4,3,2,1",33.0,False,True,P1,0.75
1840,920,colplayer,"('concord', 'chicken')",0.945945945945946,False,"13,9,11,3","10,16,8,1","4,2,3,1","3,4,2,1",99.0,False,True,P1,0.945945945945946
1841,921,rowplayer,"('concord', 'assurance')",0.8571428571428571,False,"18,9,10,5","22,13,7,20","4,2,3,1","4,2,1,3",97.0,False,True,P1,0.8571428571428571
1842,921,colplayer,"('assurance', 'concord')",0.5208333333333334,False,"22,7,13,20","18,10,9,5","4,1,2,3","4,3,2,1",9.0,False,True,P1,0.5208333333333334
1843,922,rowplayer,"('staghunt', 'safecoord')",0.7083333333333334,False,"33,7,20,11","17,2,3,15","4,1,3,2","4,1,2,3",137.0,False,True,P1,0.7083333333333334
1844,922,colplayer,"('safecoord', 'staghunt')",0.7631578947368421,False,"17,3,2,15","33,20,7,11","4,2,1,3","4,3,1,2",60.0,False,True,P1,0.7631578947368421
1845,923,rowplayer,"('peace', 'staghunt')",0.9117647058823528,False,"29,18,6,15","27,12,2,9","4,3,1,2","4,3,1,2",120.0,False,True,P1,0.9117647058823528
1846,923,colplayer,"('staghunt', 'peace')",0.675,False,"27,2,12,9","29,6,18,15","4,1,3,2","4,1,3,2",142.0,False,True,P1,0.675
1847,924,rowplayer,"('leader', 'leader')",0.28125,True,"2,11,28,2","9,37,18,1",,,,,,,
1848,924,colplayer,"('leader', 'leader')",0.6052631578947368,True,"9,18,37,1","2,28,11,2",,,,,,,
1849,925,rowplayer,"('leader', 'concord')",0.7727272727272727,False,"30,37,44,5","29,8,6,5","2,3,4,1","4,3,2,1",21.0,False,True,P1,0.7727272727272727
1850,925,colplayer,"('concord', 'leader')",0.8333333333333334,False,"29,6,8,5","30,44,37,5","4,2,3,1","2,4,3,1",98.0,False,True,P1,0.8333333333333334
1851,926,rowplayer,"('harmony', 'safecoord')",0.9302325581395348,True,"37,6,6,2","24,7,8,16",,,,,,,
1852,926,colplayer,"('safecoord', 'harmony')",0.7666666666666667,True,"24,8,7,16","37,6,6,2",,,,,,,
1853,927,rowplayer,"('concord', 'safecoord')",0.9285714285714286,False,"25,4,14,2","19,1,7,11","4,2,3,1","4,1,2,3",101.0,False,True,P1,0.9285714285714286
1854,927,colplayer,"('safecoord', 'concord')",0.8787878787878788,False,"19,7,1,11","25,14,4,2","4,2,1,3","4,3,2,1",57.0,False,True,P1,0.8787878787878788
1855,928,rowplayer,"('hero', 'chicken')",0.4375,False,"4,21,40,7","20,34,15,12","1,3,4,2","3,4,2,1",87.0,False,True,P1,0.4375
1856,928,colplayer,"('chicken', 'hero')",0.3333333333333333,False,"20,15,34,12","4,40,21,7","3,2,4,1","1,4,3,2",32.0,False,True,P1,0.3333333333333333
1857,929,rowplayer,"('chicken', 'leader')",0.3725490196078431,False,"20,2,33,1","3,13,6,1","3,2,4,1","2,4,3,1",26.0,False,True,P1,0.3725490196078431
1858,929,colplayer,"('leader', 'chicken')",0.4545454545454545,False,"3,6,13,1","20,33,2,1","2,3,4,1","3,4,2,1",15.0,False,True,P1,0.4545454545454545
1859,930,rowplayer,"('leader', 'hero')",0.3658536585365853,True,"6,18,41,6","2,21,17,5",,,,,,,
1860,930,colplayer,"('hero', 'leader')",0.4523809523809524,True,"2,17,21,5","6,41,18,6",,,,,,,
1861,931,rowplayer,"('assurance', 'staghunt')",0.8163265306122449,True,"36,5,8,12","31,9,2,9",,,,,,,
1862,931,colplayer,"('staghunt', 'assurance')",0.8611111111111112,True,"31,2,9,9","36,8,5,12",,,,,,,
1863,932,rowplayer,"('hero', 'hero')",0.2888888888888888,False,"9,14,40,11","5,13,10,6","1,3,4,2","1,4,3,2",92.0,False,True,P1,0.2888888888888888
1864,932,colplayer,"('hero', 'hero')",0.4042553191489361,False,"5,10,13,6","9,40,14,11","1,3,4,2","1,4,3,2",92.0,False,True,P1,0.4042553191489361
1865,933,rowplayer,"('leader', 'hero')",0.75,False,"11,12,17,3","1,30,17,2","2,3,4,1","1,4,3,2",20.0,False,True,P1,0.75
1866,933,colplayer,"('hero', 'leader')",0.4117647058823529,False,"1,17,30,2","11,17,12,3","1,3,4,2","2,4,3,1",86.0,False,True,P1,0.4117647058823529
1867,934,rowplayer,"('dilemma', 'assurance')",0.2666666666666666,False,"27,1,32,15","28,6,5,17","3,1,4,2","4,2,1,3",121.0,False,True,P1,0.2666666666666666
1868,934,colplayer,"('assurance', 'dilemma')",0.6136363636363636,False,"28,5,6,17","27,32,1,15","4,1,2,3","3,4,1,2",11.0,False,True,P1,0.6136363636363636
1869,935,rowplayer,"('chicken', 'chicken')",0.6428571428571429,False,"17,10,23,9","11,19,7,5","3,2,4,1","3,4,2,1",27.0,False,True,P1,0.6428571428571429
1870,935,colplayer,"('chicken', 'chicken')",0.4444444444444444,False,"11,7,19,5","17,23,10,9","3,2,4,1","3,4,2,1",27.0,False,True,P1,0.4444444444444444
1871,936,rowplayer,"('leader', 'chicken')",0.4516129032258064,False,"4,5,18,1","5,13,3,2","2,3,4,1","3,4,2,1",15.0,False,True,P1,0.4516129032258064
1872,936,colplayer,"('chicken', 'leader')",0.3888888888888889,False,"5,3,13,2","4,18,5,1","3,2,4,1","2,4,3,1",26.0,False,True,P1,0.3888888888888889
1873,937,rowplayer,"('staghunt', 'staghunt')",0.75,True,"20,4,8,8","25,24,3,11",,,,,,,
1874,937,colplayer,"('staghunt', 'staghunt')",0.5833333333333334,True,"25,3,24,11","20,8,4,8",,,,,,,
1875,938,rowplayer,"('safecoord', 'chicken')",0.9333333333333332,True,"25,13,7,21","22,22,14,3",,,,,,,
1876,938,colplayer,"('chicken', 'safecoord')",0.8809523809523809,True,"22,14,22,3","25,7,13,21",,,,,,,
1877,939,rowplayer,"('assurance', 'safecoord')",0.7777777777777778,False,"11,1,3,5","38,2,7,21","4,1,2,3","4,1,2,3",5.0,False,True,P1,0.7777777777777778
1878,939,colplayer,"('safecoord', 'assurance')",0.9069767441860463,False,"38,7,2,21","11,3,1,5","4,2,1,3","4,2,1,3",49.0,False,True,P1,0.9069767441860463
1879,940,rowplayer,"('leader', 'hero')",0.8918918918918919,False,"16,23,28,9","3,27,17,10","2,3,4,1","1,4,3,2",20.0,False,True,P1,0.8918918918918919
1880,940,colplayer,"('hero', 'leader')",0.1951219512195122,False,"3,17,27,10","16,28,23,9","1,3,4,2","2,4,3,1",86.0,False,True,P1,0.1951219512195122
1881,941,rowplayer,"('leader', 'chicken')",0.8717948717948718,False,"6,34,36,1","7,24,6,3","2,3,4,1","3,4,2,1",15.0,False,True,P1,0.8717948717948718
1882,941,colplayer,"('chicken', 'leader')",0.2121212121212121,False,"7,6,24,3","6,36,34,1","3,2,4,1","2,4,3,1",26.0,False,True,P1,0.2121212121212121
1883,942,rowplayer,"('chicken', 'leader')",0.64,False,"27,20,40,8","3,21,13,1","3,2,4,1","2,4,3,1",26.0,False,True,P1,0.64
1884,942,colplayer,"('leader', 'chicken')",0.4857142857142857,False,"3,13,21,1","27,40,20,8","2,3,4,1","3,4,2,1",15.0,False,True,P1,0.4857142857142857
1885,943,rowplayer,"('hero', 'chicken')",0.3488372093023256,False,"2,31,34,13","12,20,9,4","1,3,4,2","3,4,2,1",87.0,False,True,P1,0.3488372093023256
1886,943,colplayer,"('chicken', 'hero')",0.3888888888888889,False,"12,9,20,4","2,34,31,13","3,2,4,1","1,4,3,2",32.0,False,True,P1,0.3888888888888889
1887,944,rowplayer,"('staghunt', 'assurance')",0.7551020408163265,True,"38,1,12,9","31,2,2,8",,,,,,,
1888,944,colplayer,"('assurance', 'staghunt')",0.8717948717948718,True,"31,2,2,8","38,12,1,9",,,,,,,
1889,945,rowplayer,"('safecoord', 'hero')",0.8571428571428571,True,"34,5,2,5","1,30,24,22",,,,,,,
1890,945,colplayer,"('hero', 'safecoord')",0.225,True,"1,24,30,22","34,2,5,5",,,,,,,
1891,946,rowplayer,"('safecoord', 'assurance')",0.8205128205128205,False,"25,4,3,16","24,11,3,21","4,2,1,3","4,2,1,3",49.0,False,True,P1,0.8205128205128205
1892,946,colplayer,"('assurance', 'safecoord')",0.6451612903225806,False,"24,3,11,21","25,3,4,16","4,1,2,3","4,1,2,3",5.0,False,True,P1,0.6451612903225806
1893,947,rowplayer,"('leader', 'deadlock')",0.8292682926829268,False,"2,39,45,1","3,40,1,25","2,3,4,1","2,4,1,3",18.0,False,True,P1,0.8292682926829268
1894,947,colplayer,"('deadlock', 'leader')",0.0,False,"3,1,40,25","2,45,39,1","2,1,4,3","2,4,3,1",62.0,False,True,P1,0.0
1895,948,rowplayer,"('chicken', 'chicken')",0.5641025641025641,False,"16,8,32,3","18,19,7,4","3,2,4,1","3,4,2,1",27.0,False,True,P1,0.5641025641025641
1896,948,colplayer,"('chicken', 'chicken')",0.7804878048780488,False,"18,7,19,4","16,32,8,3","3,2,4,1","3,4,2,1",27.0,False,True,P1,0.7804878048780488
1897,949,rowplayer,"('leader', 'hero')",0.25,True,"7,11,22,7","2,34,27,4",,,,,,,
1898,949,colplayer,"('hero', 'leader')",0.5,True,"2,27,34,4","7,22,11,7",,,,,,,
1899,950,rowplayer,"('safecoord', 'safecoord')",0.8780487804878049,False,"22,4,1,21","39,5,7,19","4,2,1,3","4,1,2,3",53.0,False,True,P1,0.8780487804878049
1900,950,colplayer,"('safecoord', 'safecoord')",0.6818181818181818,False,"39,7,5,19","22,1,4,21","4,2,1,3","4,1,2,3",53.0,False,True,P1,0.6818181818181818
1901,951,rowplayer,"('assurance', 'safecoord')",0.7560975609756098,False,"11,4,5,6","22,1,3,7","4,1,2,3","4,1,2,3",5.0,False,True,P1,0.7560975609756098
1902,951,colplayer,"('safecoord', 'assurance')",0.9428571428571428,False,"22,3,1,7","11,5,4,6","4,2,1,3","4,2,1,3",49.0,False,True,P1,0.9428571428571428
1903,952,rowplayer,"('chicken', 'chicken')",0.8387096774193549,False,"21,19,23,5","20,29,11,3","3,2,4,1","3,4,2,1",27.0,False,True,P1,0.8387096774193549
1904,952,colplayer,"('chicken', 'chicken')",0.7647058823529411,False,"20,11,29,3","21,23,19,5","3,2,4,1","3,4,2,1",27.0,False,True,P1,0.7647058823529411
1905,953,rowplayer,"('assurance', 'assurance')",0.7333333333333333,True,"27,3,3,23","12,8,1,9",,,,,,,
1906,953,colplayer,"('assurance', 'assurance')",0.5555555555555556,True,"12,1,8,9","27,3,3,23",,,,,,,
1907,954,rowplayer,"('staghunt', 'safecoord')",0.8787878787878788,False,"33,5,28,6","18,1,8,14","4,1,3,2","4,1,2,3",137.0,False,True,P1,0.8787878787878788
1908,954,colplayer,"('safecoord', 'staghunt')",0.8409090909090909,False,"18,8,1,14","33,28,5,6","4,2,1,3","4,3,1,2",60.0,False,True,P1,0.8409090909090909
1909,955,rowplayer,"('hero', 'hero')",0.2352941176470588,False,"1,11,42,2","7,21,12,9","1,3,4,2","1,4,3,2",92.0,False,True,P1,0.2352941176470588
1910,955,colplayer,"('hero', 'hero')",0.3488372093023256,False,"7,12,21,9","1,42,11,2","1,3,4,2","1,4,3,2",92.0,False,True,P1,0.3488372093023256
1911,956,rowplayer,"('assurance', 'safecoord')",0.3684210526315789,True,"22,2,16,17","23,1,8,23",,,,,,,
1912,956,colplayer,"('safecoord', 'assurance')",0.8695652173913043,True,"23,8,1,23","22,16,2,17",,,,,,,
1913,957,rowplayer,"('staghunt', 'staghunt')",0.7317073170731707,False,"43,5,36,9","27,19,6,16","4,1,3,2","4,3,1,2",144.0,False,True,P1,0.7317073170731707
1914,957,colplayer,"('staghunt', 'staghunt')",0.6388888888888888,False,"27,6,19,16","43,36,5,9","4,1,3,2","4,3,1,2",144.0,False,True,P1,0.6388888888888888
1915,958,rowplayer,"('leader', 'chicken')",0.6363636363636364,False,"11,21,23,10","16,20,11,6","2,3,4,1","3,4,2,1",15.0,False,True,P1,0.6363636363636364
1916,958,colplayer,"('chicken', 'leader')",0.5106382978723404,False,"16,11,20,6","11,23,21,10","3,2,4,1","2,4,3,1",26.0,False,True,P1,0.5106382978723404
1917,959,rowplayer,"('safecoord', 'staghunt')",0.8461538461538461,True,"26,10,6,12","21,4,2,4",,,,,,,
1918,959,colplayer,"('staghunt', 'safecoord')",0.8780487804878049,True,"21,2,4,4","26,6,10,12",,,,,,,
1919,960,rowplayer,"('chicken', 'assurance')",0.3714285714285714,True,"26,7,42,7","36,17,15,24",,,,,,,
1920,960,colplayer,"('assurance', 'chicken')",0.6410256410256411,True,"36,15,17,24","26,42,7,7",,,,,,,
1921,961,rowplayer,"('leader', 'chicken')",0.6341463414634146,False,"4,17,38,2","22,40,6,5","2,3,4,1","3,4,2,1",15.0,False,True,P1,0.6341463414634146
1922,961,colplayer,"('chicken', 'leader')",0.2631578947368421,False,"22,6,40,5","4,38,17,2","3,2,4,1","2,4,3,1",26.0,False,True,P1,0.2631578947368421
1923,962,rowplayer,"('chicken', 'staghunt')",0.4210526315789473,True,"25,20,38,20","42,12,2,5",,,,,,,
1924,962,colplayer,"('staghunt', 'chicken')",0.717948718,True,"42,2,12,5","25,38,20,20",,,,,,,
1925,963,rowplayer,"('staghunt', 'safecoord')",0.4285714285714285,False,"15,1,12,8","20,7,8,17","4,1,3,2","4,1,2,3",137.0,False,True,P1,0.4285714285714285
1926,963,colplayer,"('safecoord', 'staghunt')",0.8235294117647058,False,"20,8,7,17","15,12,1,8","4,2,1,3","4,3,1,2",60.0,False,True,P1,0.8235294117647058
1927,964,rowplayer,"('chicken', 'leader')",0.5,False,"18,17,25,14","8,23,13,7","3,2,4,1","2,4,3,1",26.0,False,True,P1,0.5
1928,964,colplayer,"('leader', 'chicken')",0.3333333333333333,False,"8,13,23,7","18,25,17,14","2,3,4,1","3,4,2,1",15.0,False,True,P1,0.3333333333333333
1929,965,rowplayer,"('leader', 'concord')",0.6904761904761905,False,"4,13,14,1","29,7,2,1","2,3,4,1","4,3,2,1",21.0,False,True,P1,0.6904761904761905
1930,965,colplayer,"('concord', 'leader')",0.7948717948717948,False,"29,2,7,1","4,14,13,1","4,2,3,1","2,4,3,1",98.0,False,True,P1,0.7948717948717948
1931,966,rowplayer,"('hero', 'safecoord')",0.0434782608695652,True,"2,5,31,5","32,1,10,25",,,,,,,
1932,966,colplayer,"('safecoord', 'hero')",0.7428571428571429,True,"32,10,1,25","2,31,5,5",,,,,,,
1933,967,rowplayer,"('chicken', 'leader')",0.6875,False,"23,22,24,2","4,12,11,1","3,2,4,1","2,4,3,1",26.0,False,True,P1,0.6875
1934,967,colplayer,"('leader', 'chicken')",0.4634146341463415,False,"4,11,12,1","23,24,22,2","2,3,4,1","3,4,2,1",15.0,False,True,P1,0.4634146341463415
1935,968,rowplayer,"('harmony', 'safecoord')",0.95,False,"18,8,6,2","48,1,4,5","4,3,2,1","4,1,2,3",77.0,False,True,P1,0.95
1936,968,colplayer,"('safecoord', 'harmony')",0.8717948717948718,False,"48,4,1,5","18,6,8,2","4,2,1,3","4,2,3,1",55.0,False,True,P1,0.8717948717948718
1937,969,rowplayer,"('chicken', 'hero')",0.5116279069767442,False,"23,10,28,4","1,33,25,23","3,2,4,1","1,4,3,2",32.0,False,True,P1,0.5116279069767442
1938,969,colplayer,"('hero', 'chicken')",0.238095238095238,False,"1,25,33,23","23,28,10,4","1,3,4,2","3,4,2,1",87.0,False,True,P1,0.238095238095238
1939,970,rowplayer,"('assurance', 'assurance')",0.6904761904761905,False,"23,1,7,8","20,3,2,7","4,1,2,3","4,2,1,3",1.0,False,True,P1,0.6904761904761905
1940,970,colplayer,"('assurance', 'assurance')",0.9,False,"20,2,3,7","23,7,1,8","4,1,2,3","4,2,1,3",1.0,False,True,P1,0.9
1941,971,rowplayer,"('hero', 'hero')",0.2285714285714285,False,"1,8,32,3","5,21,9,6","1,3,4,2","1,4,3,2",92.0,False,True,P1,0.2285714285714285
1942,971,colplayer,"('hero', 'hero')",0.48,False,"5,9,21,6","1,32,8,3","1,3,4,2","1,4,3,2",92.0,False,True,P1,0.48
1943,972,rowplayer,"('chicken', 'leader')",0.4,False,"14,8,36,4","5,21,9,1","3,2,4,1","2,4,3,1",26.0,False,True,P1,0.4
1944,972,colplayer,"('leader', 'chicken')",0.5,False,"5,9,21,1","14,36,8,4","2,3,4,1","3,4,2,1",15.0,False,True,P1,0.5
1945,973,rowplayer,"('chicken', 'staghunt')",0.926829268,True,"17,14,22,6","28,18,4,4",,,,,,,
1946,973,colplayer,"('staghunt', 'chicken')",0.7272727272727273,True,"28,4,18,4","17,22,14,6",,,,,,,
1947,974,rowplayer,"('leader', 'chicken')",0.2558139534883721,False,"5,22,38,4","24,26,18,7","2,3,4,1","3,4,2,1",15.0,False,True,P1,0.2558139534883721
1948,974,colplayer,"('chicken', 'leader')",0.717391304,False,"24,18,26,7","5,38,22,4","3,2,4,1","2,4,3,1",26.0,False,True,P1,0.717391304
1949,975,rowplayer,"('hero', 'hero')",0.5454545454545454,False,"2,10,11,3","2,40,37,8","1,3,4,2","1,4,3,2",92.0,False,True,P1,0.5454545454545454
1950,975,colplayer,"('hero', 'hero')",0.375,False,"2,37,40,8","2,11,10,3","1,3,4,2","1,4,3,2",92.0,False,True,P1,0.375
1951,976,rowplayer,"('chicken', 'hero')",0.6470588235294118,False,"6,5,7,3","12,24,20,19","3,2,4,1","1,4,3,2",32.0,False,True,P1,0.6470588235294118
1952,976,colplayer,"('hero', 'chicken')",0.3809523809523809,False,"12,20,24,19","6,7,5,3","1,3,4,2","3,4,2,1",87.0,False,True,P1,0.3809523809523809
1953,977,rowplayer,"('chicken', 'staghunt')",0.8421052631578947,True,"20,10,20,2","9,8,1,7",,,,,,,
1954,977,colplayer,"('staghunt', 'chicken')",0.4772727272727273,True,"9,1,8,7","20,20,10,2",,,,,,,
1955,978,rowplayer,"('assurance', 'staghunt')",0.8378378378378378,True,"26,5,5,10","20,19,1,3",,,,,,,
1956,978,colplayer,"('staghunt', 'assurance')",0.7857142857142857,True,"20,1,19,3","26,5,5,10",,,,,,,
1957,979,rowplayer,"('leader', 'deadlock')",0.8163265306122449,False,"22,26,29,11","2,31,1,17","2,3,4,1","2,4,1,3",18.0,False,True,P1,0.8163265306122449
1958,979,colplayer,"('deadlock', 'leader')",0.15625,False,"2,1,31,17","22,29,26,11","2,1,4,3","2,4,3,1",62.0,False,True,P1,0.15625
1959,980,rowplayer,"('leader', 'hero')",0.3846153846153846,True,"3,27,41,3","5,16,11,9",,,,,,,
1960,980,colplayer,"('hero', 'leader')",0.28,True,"5,11,16,9","3,41,27,3",,,,,,,
1961,981,rowplayer,"('safecoord', 'assurance')",0.9142857142857144,False,"32,15,10,21","26,9,5,12","4,2,1,3","4,2,1,3",49.0,False,True,P1,0.9142857142857144
1962,981,colplayer,"('assurance', 'safecoord')",0.7105263157894737,False,"26,5,9,12","32,10,15,21","4,1,2,3","4,1,2,3",5.0,False,True,P1,0.7105263157894737
1963,982,rowplayer,"('staghunt', 'hero')",0.7804878048780488,True,"14,4,7,4","11,33,29,16",,,,,,,
1964,982,colplayer,"('hero', 'staghunt')",0.4716981132075472,True,"11,29,33,16","14,7,4,4",,,,,,,
1965,983,rowplayer,"('staghunt', 'assurance')",0.5714285714285714,True,"12,5,11,8","15,1,1,6",,,,,,,
1966,983,colplayer,"('assurance', 'staghunt')",0.7647058823529411,True,"15,1,1,6","12,11,5,8",,,,,,,
1967,984,rowplayer,"('assurance', 'safecoord')",0.4489795918367347,True,"8,2,3,6","7,1,4,7",,,,,,,
1968,984,colplayer,"('safecoord', 'assurance')",0.8648648648648649,True,"7,4,1,7","8,3,2,6",,,,,,,
1969,985,rowplayer,"('hero', 'hero')",0.2916666666666667,False,"3,16,22,15","2,13,10,7","1,3,4,2","1,4,3,2",92.0,False,True,P1,0.2916666666666667
1970,985,colplayer,"('hero', 'hero')",0.3076923076923077,False,"2,10,13,7","3,22,16,15","1,3,4,2","1,4,3,2",92.0,False,True,P1,0.3076923076923077
1971,986,rowplayer,"('chicken', 'chicken')",0.5428571428571428,False,"6,5,15,2","9,42,8,2","3,2,4,1","3,4,2,1",27.0,False,True,P1,0.5428571428571428
1972,986,colplayer,"('chicken', 'chicken')",0.3666666666666666,False,"9,8,42,2","6,15,5,2","3,2,4,1","3,4,2,1",27.0,False,True,P1,0.3666666666666666
1973,987,rowplayer,"('staghunt', 'assurance')",0.7692307692307693,False,"33,9,28,11","46,5,4,17","4,1,3,2","4,2,1,3",133.0,False,True,P1,0.7692307692307693
1974,987,colplayer,"('assurance', 'staghunt')",0.8780487804878049,False,"46,4,5,17","33,28,9,11","4,1,2,3","4,3,1,2",12.0,False,True,P1,0.8780487804878049
1975,988,rowplayer,"('leader', 'hero')",0.2619047619047619,False,"7,10,36,3","4,22,14,6","2,3,4,1","1,4,3,2",20.0,False,True,P1,0.2619047619047619
1976,988,colplayer,"('hero', 'leader')",0.4565217391304347,False,"4,14,22,6","7,36,10,3","1,3,4,2","2,4,3,1",86.0,False,True,P1,0.4565217391304347
1977,989,rowplayer,"('hero', 'hero')",0.3,False,"3,22,32,12","1,11,8,3","1,3,4,2","1,4,3,2",92.0,False,True,P1,0.3
1978,989,colplayer,"('hero', 'hero')",0.3571428571428571,False,"1,8,11,3","3,32,22,12","1,3,4,2","1,4,3,2",92.0,False,True,P1,0.3571428571428571
1979,990,rowplayer,"('safecoord', 'staghunt')",0.9,True,"26,11,7,13","8,6,4,6",,,,,,,
1980,990,colplayer,"('staghunt', 'safecoord')",0.4473684210526316,True,"8,4,6,6","26,7,11,13",,,,,,,
1981,991,rowplayer,"('leader', 'hero')",0.5609756097560976,False,"5,18,25,1","3,22,13,10","2,3,4,1","1,4,3,2",20.0,False,True,P1,0.5609756097560976
1982,991,colplayer,"('hero', 'leader')",0.083333333,False,"3,13,22,10","5,25,18,1","1,3,4,2","2,4,3,1",86.0,False,True,P1,0.083333333
1983,992,rowplayer,"('staghunt', 'assurance')",0.8,False,"19,1,10,3","15,4,2,14","4,1,3,2","4,2,1,3",133.0,False,True,P1,0.8
1984,992,colplayer,"('assurance', 'staghunt')",0.7368421052631579,False,"15,2,4,14","19,10,1,3","4,1,2,3","4,3,1,2",12.0,False,True,P1,0.7368421052631579
1985,993,rowplayer,"('leader', 'hero')",0.5,True,"1,18,21,1","4,38,19,5",,,,,,,
1986,993,colplayer,"('hero', 'leader')",0.3488372093023256,True,"4,19,38,5","1,21,18,1",,,,,,,
1987,994,rowplayer,"('assurance', 'safecoord')",0.9,True,"25,4,4,12","22,2,5,10",,,,,,,
1988,994,colplayer,"('safecoord', 'assurance')",0.918918919,True,"22,5,2,10","25,4,4,12",,,,,,,
1989,995,rowplayer,"('hero', 'chicken')",0.6,False,"4,17,22,5","9,13,3,1","1,3,4,2","3,4,2,1",87.0,False,True,P1,0.6
1990,995,colplayer,"('chicken', 'hero')",0.3902439024390244,False,"9,3,13,1","4,22,17,5","3,2,4,1","1,4,3,2",32.0,False,True,P1,0.3902439024390244
1991,996,rowplayer,"('leader', 'deadlock')",0.4444444444444444,False,"13,15,36,12","4,16,1,12","2,3,4,1","2,4,1,3",18.0,False,True,P1,0.4444444444444444
1992,996,colplayer,"('deadlock', 'leader')",0.069767442,False,"4,1,16,12","13,36,15,12","2,1,4,3","2,4,3,1",62.0,False,True,P1,0.069767442
1993,997,rowplayer,"('assurance', 'staghunt')",0.7,True,"32,1,1,30","20,12,3,11",,,,,,,
1994,997,colplayer,"('staghunt', 'assurance')",0.56,True,"20,3,12,11","32,1,1,30",,,,,,,
1995,998,rowplayer,"('staghunt', 'staghunt')",0.8372093023255814,False,"33,4,12,5","9,6,1,2","4,1,3,2","4,3,1,2",144.0,False,True,P1,0.8372093023255814
1996,998,colplayer,"('staghunt', 'staghunt')",0.7428571428571429,False,"9,1,6,2","33,12,4,5","4,1,3,2","4,3,1,2",144.0,False,True,P1,0.7428571428571429
1997,999,rowplayer,"('leader', 'hero')",0.4857142857142857,False,"6,13,25,3","2,20,17,8","2,3,4,1","1,4,3,2",20.0,False,True,P1,0.4857142857142857
1998,999,colplayer,"('hero', 'leader')",0.375,False,"2,17,20,8","6,25,13,3","1,3,4,2","2,4,3,1",86.0,False,True,P1,0.375
1999,1000,rowplayer,"('chicken', 'hero')",0.4,False,"11,5,13,4","2,25,14,8","3,2,4,1","1,4,3,2",32.0,False,True,P1,0.4
2000,1000,colplayer,"('hero', 'chicken')",0.34,False,"2,14,25,8","11,13,5,4","1,3,4,2","3,4,2,1",87.0,False,True,P1,0.34
2001,1001,rowplayer,"('leader', 'hero')",0.475,False,"2,10,13,1","4,38,23,21","2,3,4,1","1,4,3,2",20.0,False,True,P1,0.475
2002,1001,colplayer,"('hero', 'leader')",0.2333333333333333,False,"4,23,38,21","2,13,10,1","1,3,4,2","2,4,3,1",86.0,False,True,P1,0.2333333333333333
2003,1002,rowplayer,"('assurance', 'safecoord')",0.7435897435897436,False,"33,1,8,9","26,1,10,19","4,1,2,3","4,1,2,3",5.0,False,True,P1,0.7435897435897436
2004,1002,colplayer,"('safecoord', 'assurance')",0.9534883720930232,False,"26,10,1,19","33,8,1,9","4,2,1,3","4,2,1,3",49.0,False,True,P1,0.9534883720930232
2005,1003,rowplayer,"('staghunt', 'assurance')",0.5945945945945946,False,"35,5,17,16","36,7,1,11","4,1,3,2","4,2,1,3",133.0,False,True,P1,0.5945945945945946
2006,1003,colplayer,"('assurance', 'staghunt')",0.7804878048780488,False,"36,1,7,11","35,17,5,16","4,1,2,3","4,3,1,2",12.0,False,True,P1,0.7804878048780488
2007,1004,rowplayer,"('chicken', 'hero')",0.5675675675675675,False,"23,11,26,10","2,20,6,4","3,2,4,1","1,4,3,2",32.0,False,True,P1,0.5675675675675675
2008,1004,colplayer,"('hero', 'chicken')",0.2058823529411764,False,"2,6,20,4","23,26,11,10","1,3,4,2","3,4,2,1",87.0,False,True,P1,0.2058823529411764
2009,1005,rowplayer,"('safecoord', 'staghunt')",0.9056603773584906,False,"28,9,5,12","24,18,10,13","4,2,1,3","4,3,1,2",60.0,False,True,P1,0.9056603773584906
2010,1005,colplayer,"('staghunt', 'safecoord')",0.8,False,"24,10,18,13","28,5,9,12","4,1,3,2","4,1,2,3",137.0,False,True,P1,0.8
2011,1006,rowplayer,"('leader', 'hero')",0.627906977,False,"14,23,35,8","1,11,8,3","2,3,4,1","1,4,3,2",20.0,False,True,P1,0.627906977
2012,1006,colplayer,"('hero', 'leader')",0.238095238095238,False,"1,8,11,3","14,35,23,8","1,3,4,2","2,4,3,1",86.0,False,True,P1,0.238095238095238
2013,1007,rowplayer,"('hero', 'hero')",0.4285714285714285,False,"1,25,37,10","4,25,11,5","1,3,4,2","1,4,3,2",92.0,False,True,P1,0.4285714285714285
2014,1007,colplayer,"('hero', 'hero')",0.2608695652173913,False,"4,11,25,5","1,37,25,10","1,3,4,2","1,4,3,2",92.0,False,True,P1,0.2608695652173913
2015,1008,rowplayer,"('dilemma', 'assurance')",0.2222222222222222,False,"8,4,31,5","46,11,10,31","3,1,4,2","4,2,1,3",121.0,False,True,P1,0.2222222222222222
2016,1008,colplayer,"('assurance', 'dilemma')",0.6086956521739131,False,"46,10,11,31","8,31,4,5","4,1,2,3","3,4,1,2",11.0,False,True,P1,0.6086956521739131
2017,1009,rowplayer,"('leader', 'chicken')",0.6666666666666666,False,"11,16,39,7","16,37,3,2","2,3,4,1","3,4,2,1",15.0,False,True,P1,0.6666666666666666
2018,1009,colplayer,"('chicken', 'leader')",0.3243243243243243,False,"16,3,37,2","11,39,16,7","3,2,4,1","2,4,3,1",26.0,False,True,P1,0.3243243243243243
2019,1010,rowplayer,"('hero', 'assurance')",0.2058823529411764,True,"2,10,34,10","26,6,1,7",,,,,,,
2020,1010,colplayer,"('assurance', 'hero')",0.3673469387755102,True,"26,1,6,7","2,34,10,10",,,,,,,
2021,1011,rowplayer,"('leader', 'hero')",0.8235294117647058,False,"15,18,27,3","5,33,18,8","2,3,4,1","1,4,3,2",20.0,False,True,P1,0.8235294117647058
2022,1011,colplayer,"('hero', 'leader')",0.3404255319148936,False,"5,18,33,8","15,27,18,3","1,3,4,2","2,4,3,1",86.0,False,True,P1,0.3404255319148936
2023,1012,rowplayer,"('leader', 'leader')",0.6097560975609756,False,"11,17,26,9","4,13,6,1","2,3,4,1","2,4,3,1",14.0,False,True,P1,0.6097560975609756
2024,1012,colplayer,"('leader', 'leader')",0.3928571428571428,False,"4,6,13,1","11,26,17,9","2,3,4,1","2,4,3,1",14.0,False,True,P1,0.3928571428571428
2025,1013,rowplayer,"('assurance', 'staghunt')",0.90625,True,"20,1,1,10","29,13,2,9",,,,,,,
2026,1013,colplayer,"('staghunt', 'assurance')",0.6486486486486487,True,"29,2,13,9","20,1,1,10",,,,,,,
2027,1014,rowplayer,"('leader', 'leader')",0.5454545454545454,False,"7,8,15,2","15,32,23,10","2,3,4,1","2,4,3,1",14.0,False,True,P1,0.5454545454545454
2028,1014,colplayer,"('leader', 'leader')",0.7441860465116279,False,"15,23,32,10","7,15,8,2","2,3,4,1","2,4,3,1",14.0,False,True,P1,0.7441860465116279
2029,1015,rowplayer,"('assurance', 'safecoord')",0.8421052631578947,False,"39,2,9,12","32,3,4,6","4,1,2,3","4,1,2,3",5.0,False,True,P1,0.8421052631578947
2030,1015,colplayer,"('safecoord', 'assurance')",0.875,False,"32,4,3,6","39,9,2,12","4,2,1,3","4,2,1,3",49.0,False,True,P1,0.875
2031,1016,rowplayer,"('safecoord', 'assurance')",0.775,False,"15,9,2,14","41,11,4,14","4,2,1,3","4,2,1,3",49.0,False,True,P1,0.775
2032,1016,colplayer,"('assurance', 'safecoord')",0.6363636363636364,False,"41,4,11,14","15,2,9,14","4,1,2,3","4,1,2,3",5.0,False,True,P1,0.6363636363636364
2033,1017,rowplayer,"('leader', 'concord')",0.8076923076923077,False,"14,19,21,1","19,7,3,2","2,3,4,1","4,3,2,1",21.0,False,True,P1,0.8076923076923077
2034,1017,colplayer,"('concord', 'leader')",0.8043478260869565,False,"19,3,7,2","14,21,19,1","4,2,3,1","2,4,3,1",98.0,False,True,P1,0.8043478260869565
2035,1018,rowplayer,"('assurance', 'safecoord')",0.8636363636363636,False,"20,2,4,8","38,5,6,29","4,1,2,3","4,1,2,3",5.0,False,True,P1,0.8636363636363636
2036,1018,colplayer,"('safecoord', 'assurance')",0.9411764705882352,False,"38,6,5,29","20,4,2,8","4,2,1,3","4,2,1,3",49.0,False,True,P1,0.9411764705882352
2037,1019,rowplayer,"('hero', 'hero')",0.5384615384615384,False,"5,26,38,6","2,21,7,6","1,3,4,2","1,4,3,2",92.0,False,True,P1,0.5384615384615384
2038,1019,colplayer,"('hero', 'hero')",0.1794871794871795,False,"2,7,21,6","5,38,26,6","1,3,4,2","1,4,3,2",92.0,False,True,P1,0.1794871794871795
2039,1020,rowplayer,"('concord', 'assurance')",0.945945945945946,False,"20,5,9,1","23,4,2,9","4,2,3,1","4,2,1,3",97.0,False,True,P1,0.945945945945946
2040,1020,colplayer,"('assurance', 'concord')",0.813953488,False,"23,2,4,9","20,9,5,1","4,1,2,3","4,3,2,1",9.0,False,True,P1,0.813953488
2041,1021,rowplayer,"('hero', 'chicken')",0.3225806451612903,False,"1,27,35,14","12,20,6,3","1,3,4,2","3,4,2,1",87.0,False,True,P1,0.3225806451612903
2042,1021,colplayer,"('chicken', 'hero')",0.3488372093023256,False,"12,6,20,3","1,35,27,14","3,2,4,1","1,4,3,2",32.0,False,True,P1,0.3488372093023256
2043,1022,rowplayer,"('chicken', 'safecoord')",0.303030303030303,True,"7,1,19,1","37,2,9,31",,,,,,,
2044,1022,colplayer,"('safecoord', 'chicken')",0.8484848484848485,True,"37,9,2,31","7,19,1,1",,,,,,,
2045,1023,rowplayer,"('safecoord', 'staghunt')",1.0,False,"17,7,5,8","14,9,1,4","4,2,1,3","4,3,1,2",60.0,False,True,P1,1.0
2046,1023,colplayer,"('staghunt', 'safecoord')",0.7045454545454546,False,"14,1,9,4","17,5,7,8","4,1,3,2","4,1,2,3",137.0,False,True,P1,0.7045454545454546
2047,1024,rowplayer,"('safecoord', 'safecoord')",0.8,False,"16,4,1,12","36,2,12,15","4,2,1,3","4,1,2,3",53.0,False,True,P1,0.8
2048,1024,colplayer,"('safecoord', 'safecoord')",0.9090909090909092,False,"36,12,2,15","16,1,4,12","4,2,1,3","4,1,2,3",53.0,False,True,P1,0.9090909090909092
2049,1025,rowplayer,"('concord', 'assurance')",0.9736842105263158,False,"41,9,19,2","22,2,1,15","4,2,3,1","4,2,1,3",97.0,False,True,P1,0.9736842105263158
2050,1025,colplayer,"('assurance', 'concord')",0.6904761904761905,False,"22,1,2,15","41,19,9,2","4,1,2,3","4,3,2,1",9.0,False,True,P1,0.6904761904761905
2051,1026,rowplayer,"('chicken', 'leader')",0.5652173913043478,False,"21,10,33,4","12,20,19,6","3,2,4,1","2,4,3,1",26.0,False,True,P1,0.5652173913043478
2052,1026,colplayer,"('leader', 'chicken')",0.8181818181818182,False,"12,19,20,6","21,33,10,4","2,3,4,1","3,4,2,1",15.0,False,True,P1,0.8181818181818182
2053,1027,rowplayer,"('hero', 'chicken')",0.4047619047619047,False,"1,15,32,11","17,30,9,4","1,3,4,2","3,4,2,1",87.0,False,True,P1,0.4047619047619047
2054,1027,colplayer,"('chicken', 'hero')",0.4545454545454545,False,"17,9,30,4","1,32,15,11","3,2,4,1","1,4,3,2",32.0,False,True,P1,0.4545454545454545
2055,1028,rowplayer,"('hero', 'leader')",0.4117647058823529,False,"8,32,36,17","4,32,29,2","1,3,4,2","2,4,3,1",86.0,False,True,P1,0.4117647058823529
2056,1028,colplayer,"('leader', 'hero')",0.525,False,"4,29,32,2","8,36,32,17","2,3,4,1","1,4,3,2",20.0,False,True,P1,0.525
2057,1029,rowplayer,"('hero', 'safecoord')",0.1,True,"4,8,13,8","23,1,2,20",,,,,,,
2058,1029,colplayer,"('safecoord', 'hero')",0.5531914893617021,True,"23,2,1,20","4,13,8,8",,,,,,,
2059,1030,rowplayer,"('staghunt', 'staghunt')",0.7631578947368421,True,"16,5,11,6","28,3,2,3",,,,,,,
2060,1030,colplayer,"('staghunt', 'staghunt')",0.9393939393939394,True,"28,2,3,3","16,11,5,6",,,,,,,
2061,1031,rowplayer,"('assurance', 'safecoord')",0.7096774193548387,False,"13,1,3,6","22,1,8,20","4,1,2,3","4,1,2,3",5.0,False,True,P1,0.7096774193548387
2062,1031,colplayer,"('safecoord', 'assurance')",0.8809523809523809,False,"22,8,1,20","13,3,1,6","4,2,1,3","4,2,1,3",49.0,False,True,P1,0.8809523809523809
2063,1032,rowplayer,"('safecoord', 'safecoord')",0.7878787878787878,False,"47,5,3,11","10,1,2,6","4,2,1,3","4,1,2,3",53.0,False,True,P1,0.7878787878787878
2064,1032,colplayer,"('safecoord', 'safecoord')",0.8108108108108109,False,"10,2,1,6","47,3,5,11","4,2,1,3","4,1,2,3",53.0,False,True,P1,0.8108108108108109
2065,1033,rowplayer,"('leader', 'leader')",0.7894736842105263,False,"6,35,37,3","4,21,8,1","2,3,4,1","2,4,3,1",14.0,False,True,P1,0.7894736842105263
2066,1033,colplayer,"('leader', 'leader')",0.2580645161290322,False,"4,8,21,1","6,37,35,3","2,3,4,1","2,4,3,1",14.0,False,True,P1,0.2580645161290322
2067,1034,rowplayer,"('chicken', 'chicken')",0.275,False,"8,6,26,4","18,23,14,1","3,2,4,1","3,4,2,1",27.0,False,True,P1,0.275
2068,1034,colplayer,"('chicken', 'chicken')",0.8292682926829268,False,"18,14,23,1","8,26,6,4","3,2,4,1","3,4,2,1",27.0,False,True,P1,0.8292682926829268
2069,1035,rowplayer,"('staghunt', 'staghunt')",0.5428571428571428,True,"26,1,21,6","43,8,3,8",,,,,,,
2070,1035,colplayer,"('staghunt', 'staghunt')",0.8888888888888888,True,"43,3,8,8","26,21,1,6",,,,,,,
2071,1036,rowplayer,"('assurance', 'assurance')",0.6938775510204082,False,"20,1,8,9","29,15,5,23","4,1,2,3","4,2,1,3",1.0,False,True,P1,0.6938775510204082
2072,1036,colplayer,"('assurance', 'assurance')",0.475,False,"29,5,15,23","20,8,1,9","4,1,2,3","4,2,1,3",1.0,False,True,P1,0.475
2073,1037,rowplayer,"('hero', 'safecoord')",0.1509433962264151,True,"1,13,20,3","17,4,7,7",,,,,,,
2074,1037,colplayer,"('safecoord', 'hero')",0.8214285714285714,True,"17,7,4,7","1,20,13,3",,,,,,,
2075,1038,rowplayer,"('assurance', 'safecoord')",0.74,True,"7,1,1,2","18,3,4,10",,,,,,,
2076,1038,colplayer,"('safecoord', 'assurance')",0.9090909090909092,True,"18,4,3,10","7,1,1,2",,,,,,,
2077,1039,rowplayer,"('hero', 'leader')",0.2162162162162162,False,"1,5,16,2","14,31,17,12","1,3,4,2","2,4,3,1",86.0,False,True,P1,0.2162162162162162
2078,1039,colplayer,"('leader', 'hero')",0.425,False,"14,17,31,12","1,16,5,2","2,3,4,1","1,4,3,2",20.0,False,True,P1,0.425
2079,1040,rowplayer,"('assurance', 'assurance')",0.7,False,"38,5,16,19","42,19,9,29","4,1,2,3","4,2,1,3",1.0,False,True,P1,0.7
2080,1040,colplayer,"('assurance', 'assurance')",0.6190476190476191,False,"42,9,19,29","38,16,5,19","4,1,2,3","4,2,1,3",1.0,False,True,P1,0.6190476190476191
2081,1041,rowplayer,"('leader', 'leader')",0.6956521739130435,False,"12,28,31,1","17,27,20,11","2,3,4,1","2,4,3,1",14.0,False,True,P1,0.6956521739130435
2082,1041,colplayer,"('leader', 'leader')",0.3571428571428571,False,"17,20,27,11","12,31,28,1","2,3,4,1","2,4,3,1",14.0,False,True,P1,0.3571428571428571
2083,1042,rowplayer,"('staghunt', 'chicken')",0.6666666666666666,True,"34,4,19,10","31,31,17,8",,,,,,,
2084,1042,colplayer,"('chicken', 'staghunt')",0.9375,True,"31,17,31,8","34,19,4,10",,,,,,,
2085,1043,rowplayer,"('assurance', 'assurance')",0.5714285714285714,True,"17,4,9,11","31,1,1,2",,,,,,,
2086,1043,colplayer,"('assurance', 'assurance')",0.9302325581395348,True,"31,1,1,2","17,9,4,11",,,,,,,
2087,1044,rowplayer,"('hero', 'chicken')",0.6170212765957447,True,"4,19,19,9","25,40,5,2",,,,,,,
2088,1044,colplayer,"('chicken', 'hero')",0.28,True,"25,5,40,2","4,19,19,9",,,,,,,
2089,1045,rowplayer,"('hero', 'leader')",0.1,True,"2,26,41,12","4,6,6,3",,,,,,,
2090,1045,colplayer,"('leader', 'hero')",0.7551020408163265,True,"4,6,6,3","2,41,26,12",,,,,,,
2091,1046,rowplayer,"('chicken', 'leader')",0.4117647058823529,True,"8,6,27,4","1,10,9,1",,,,,,,
2092,1046,colplayer,"('leader', 'chicken')",0.5128205128205128,True,"1,9,10,1","8,27,6,4",,,,,,,
2093,1047,rowplayer,"('concord', 'assurance')",0.918918919,True,"35,11,26,5","17,4,4,10",,,,,,,
2094,1047,colplayer,"('assurance', 'concord')",0.8297872340425532,True,"17,4,4,10","35,26,11,5",,,,,,,
2095,1048,rowplayer,"('hero', 'chicken')",0.4871794871794871,False,"1,35,37,11","34,38,9,4","1,3,4,2","3,4,2,1",87.0,False,True,P1,0.4871794871794871
2096,1048,colplayer,"('chicken', 'hero')",0.3714285714285714,False,"34,9,38,4","1,37,35,11","3,2,4,1","1,4,3,2",32.0,False,True,P1,0.3714285714285714
2097,1049,rowplayer,"('safecoord', 'safecoord')",0.8936170212765957,False,"44,4,3,13","45,2,6,13","4,2,1,3","4,1,2,3",53.0,False,True,P1,0.8936170212765957
2098,1049,colplayer,"('safecoord', 'safecoord')",0.918918919,False,"45,6,2,13","44,3,4,13","4,2,1,3","4,1,2,3",53.0,False,True,P1,0.918918919
2099,1050,rowplayer,"('chicken', 'chicken')",0.7045454545454546,False,"19,9,25,2","12,17,11,9","3,2,4,1","3,4,2,1",27.0,False,True,P1,0.7045454545454546
2100,1050,colplayer,"('chicken', 'chicken')",0.5952380952380952,False,"12,11,17,9","19,25,9,2","3,2,4,1","3,4,2,1",27.0,False,True,P1,0.5952380952380952
2101,1051,rowplayer,"('safecoord', 'safecoord')",0.8571428571428571,False,"25,12,7,13","16,4,5,7","4,2,1,3","4,1,2,3",53.0,False,True,P1,0.8571428571428571
2102,1051,colplayer,"('safecoord', 'safecoord')",0.8064516129032258,False,"16,5,4,7","25,7,12,13","4,2,1,3","4,1,2,3",53.0,False,True,P1,0.8064516129032258
2103,1052,rowplayer,"('safecoord', 'assurance')",0.8936170212765957,False,"27,9,1,17","12,7,5,11","4,2,1,3","4,2,1,3",49.0,False,True,P1,0.8936170212765957
2104,1052,colplayer,"('assurance', 'safecoord')",0.4722222222222222,False,"12,5,7,11","27,1,9,17","4,1,2,3","4,1,2,3",5.0,False,True,P1,0.4722222222222222
2105,1053,rowplayer,"('safecoord', 'safecoord')",0.9666666666666668,False,"23,10,2,11","18,4,7,14","4,2,1,3","4,1,2,3",53.0,False,True,P1,0.9666666666666668
2106,1053,colplayer,"('safecoord', 'safecoord')",0.8571428571428571,False,"18,7,4,14","23,2,10,11","4,2,1,3","4,1,2,3",53.0,False,True,P1,0.8571428571428571
2107,1054,rowplayer,"('hero', 'leader')",0.3055555555555556,False,"18,33,45,26","10,27,13,7","1,3,4,2","2,4,3,1",86.0,False,True,P1,0.3055555555555556
2108,1054,colplayer,"('leader', 'hero')",0.4242424242424242,False,"10,13,27,7","18,45,33,26","2,3,4,1","1,4,3,2",20.0,False,True,P1,0.4242424242424242
2109,1055,rowplayer,"('chicken', 'chicken')",0.6363636363636364,False,"26,4,40,1","7,20,2,1","3,2,4,1","3,4,2,1",27.0,False,True,P1,0.6363636363636364
2110,1055,colplayer,"('chicken', 'chicken')",0.4871794871794871,False,"7,2,20,1","26,40,4,1","3,2,4,1","3,4,2,1",27.0,False,True,P1,0.4871794871794871
2111,1056,rowplayer,"('safecoord', 'safecoord')",0.9230769230769232,False,"22,5,2,11","26,9,12,15","4,2,1,3","4,1,2,3",53.0,False,True,P1,0.9230769230769232
2112,1056,colplayer,"('safecoord', 'safecoord')",0.9565217391304348,False,"26,12,9,15","22,2,5,11","4,2,1,3","4,1,2,3",53.0,False,True,P1,0.9565217391304348
2113,1057,rowplayer,"('assurance', 'staghunt')",0.8604651162790697,False,"17,4,6,7","9,7,1,5","4,1,2,3","4,3,1,2",12.0,False,True,P1,0.8604651162790697
2114,1057,colplayer,"('staghunt', 'assurance')",0.4594594594594595,False,"9,1,7,5","17,6,4,7","4,1,3,2","4,2,1,3",133.0,False,True,P1,0.4594594594594595
2115,1058,rowplayer,"('safecoord', 'safecoord')",0.85,False,"35,4,1,13","34,5,20,27","4,2,1,3","4,1,2,3",53.0,False,True,P1,0.85
2116,1058,colplayer,"('safecoord', 'safecoord')",0.8518518518518519,False,"34,20,5,27","35,1,4,13","4,2,1,3","4,1,2,3",53.0,False,True,P1,0.8518518518518519
2117,1059,rowplayer,"('assurance', 'safecoord')",0.2424242424242424,False,"22,2,17,20","33,3,5,28","4,1,2,3","4,1,2,3",5.0,False,True,P1,0.2424242424242424
2118,1059,colplayer,"('safecoord', 'assurance')",0.8484848484848485,False,"33,5,3,28","22,17,2,20","4,2,1,3","4,2,1,3",49.0,False,True,P1,0.8484848484848485
2119,1060,rowplayer,"('leader', 'leader')",0.2285714285714285,True,"13,16,43,8","10,12,12,4",,,,,,,
2120,1060,colplayer,"('leader', 'leader')",0.902439024390244,True,"10,12,12,4","13,43,16,8",,,,,,,
2121,1061,rowplayer,"('assurance', 'staghunt')",0.4705882352941176,False,"34,9,15,25","11,10,3,5","4,1,2,3","4,3,1,2",12.0,False,True,P1,0.4705882352941176
2122,1061,colplayer,"('staghunt', 'assurance')",0.5675675675675675,False,"11,3,10,5","34,15,9,25","4,1,3,2","4,2,1,3",133.0,False,True,P1,0.5675675675675675
2123,1062,rowplayer,"('leader', 'chicken')",0.175,False,"8,13,28,7","25,33,22,9","2,3,4,1","3,4,2,1",15.0,False,True,P1,0.175
2124,1062,colplayer,"('chicken', 'leader')",0.65625,False,"25,22,33,9","8,28,13,7","3,2,4,1","2,4,3,1",26.0,False,True,P1,0.65625
2125,1063,rowplayer,"('hero', 'leader')",0.5365853658536586,True,"2,15,15,6","13,25,18,11",,,,,,,
2126,1063,colplayer,"('leader', 'hero')",0.3902439024390244,True,"13,18,25,11","2,15,15,6",,,,,,,
2127,1064,rowplayer,"('hero', 'staghunt')",0.2727272727272727,True,"1,14,16,11","17,12,2,2",,,,,,,
2128,1064,colplayer,"('staghunt', 'hero')",0.4571428571428571,True,"17,2,12,2","1,16,14,11",,,,,,,
2129,1065,rowplayer,"('safecoord', 'chicken')",0.9285714285714286,True,"33,8,4,8","18,21,15,2",,,,,,,
2130,1065,colplayer,"('chicken', 'safecoord')",0.8181818181818182,True,"18,15,21,2","33,4,8,8",,,,,,,
2131,1066,rowplayer,"('chicken', 'leader')",0.5,False,"16,8,33,1","8,17,10,6","3,2,4,1","2,4,3,1",26.0,False,True,P1,0.5
2132,1066,colplayer,"('leader', 'chicken')",0.625,False,"8,10,17,6","16,33,8,1","2,3,4,1","3,4,2,1",15.0,False,True,P1,0.625
2133,1067,rowplayer,"('hero', 'chicken')",0.5365853658536586,False,"4,17,24,9","27,35,8,2","1,3,4,2","3,4,2,1",87.0,False,True,P1,0.5365853658536586
2134,1067,colplayer,"('chicken', 'hero')",0.3953488372093023,False,"27,8,35,2","4,24,17,9","3,2,4,1","1,4,3,2",32.0,False,True,P1,0.3953488372093023
2135,1068,rowplayer,"('assurance', 'safecoord')",0.8717948717948718,False,"25,7,8,11","13,7,10,12","4,1,2,3","4,1,2,3",5.0,False,True,P1,0.8717948717948718
2136,1068,colplayer,"('safecoord', 'assurance')",0.8095238095238095,False,"13,10,7,12","25,8,7,11","4,2,1,3","4,2,1,3",49.0,False,True,P1,0.8095238095238095
2137,1069,rowplayer,"('hero', 'hero')",0.238095238095238,False,"1,5,27,3","1,22,14,2","1,3,4,2","1,4,3,2",92.0,False,True,P1,0.238095238095238
2138,1069,colplayer,"('hero', 'hero')",0.6170212765957447,False,"1,14,22,2","1,27,5,3","1,3,4,2","1,4,3,2",92.0,False,True,P1,0.6170212765957447
2139,1070,rowplayer,"('assurance', 'staghunt')",0.5128205128205128,False,"26,2,13,20","12,8,1,3","4,1,2,3","4,3,1,2",12.0,False,True,P1,0.5128205128205128
2140,1070,colplayer,"('staghunt', 'assurance')",0.7058823529411765,False,"12,1,8,3","26,13,2,20","4,1,3,2","4,2,1,3",133.0,False,True,P1,0.7058823529411765
2141,1071,rowplayer,"('hero', 'hero')",0.4827586206896552,False,"2,22,26,6","1,12,11,6","1,3,4,2","1,4,3,2",92.0,False,True,P1,0.4827586206896552
2142,1071,colplayer,"('hero', 'hero')",0.425,False,"1,11,12,6","2,26,22,6","1,3,4,2","1,4,3,2",92.0,False,True,P1,0.425
2143,1072,rowplayer,"('assurance', 'staghunt')",0.6097560975609756,False,"44,1,6,31","29,25,10,13","4,1,2,3","4,3,1,2",12.0,False,True,P1,0.6097560975609756
2144,1072,colplayer,"('staghunt', 'assurance')",0.6739130434782609,False,"29,10,25,13","44,6,1,31","4,1,3,2","4,2,1,3",133.0,False,True,P1,0.6739130434782609
2145,1073,rowplayer,"('leader', 'leader')",0.175,True,"7,17,40,7","6,23,22,2",,,,,,,
2146,1073,colplayer,"('leader', 'leader')",0.8823529411764706,True,"6,22,23,2","7,40,17,7",,,,,,,
2147,1074,rowplayer,"('staghunt', 'staghunt')",0.7727272727272727,False,"31,1,8,3","15,9,1,6","4,1,3,2","4,3,1,2",144.0,False,True,P1,0.7727272727272727
2148,1074,colplayer,"('staghunt', 'staghunt')",0.5238095238095238,False,"15,1,9,6","31,8,1,3","4,1,3,2","4,3,1,2",144.0,False,True,P1,0.5238095238095238
2149,1075,rowplayer,"('leader', 'staghunt')",0.7,True,"10,14,18,1","19,6,4,4",,,,,,,
2150,1075,colplayer,"('staghunt', 'leader')",0.8823529411764706,True,"19,4,6,4","10,18,14,1",,,,,,,
2151,1076,rowplayer,"('chicken', 'safecoord')",0.7647058823529411,True,"10,4,13,1","26,7,11,11",,,,,,,
2152,1076,colplayer,"('safecoord', 'chicken')",0.945945945945946,True,"26,11,7,11","10,13,4,1",,,,,,,
2153,1077,rowplayer,"('assurance', 'staghunt')",0.8372093023255814,True,"13,1,1,8","32,21,3,9",,,,,,,
2154,1077,colplayer,"('staghunt', 'assurance')",0.7105263157894737,True,"32,3,21,9","13,1,1,8",,,,,,,
2155,1078,rowplayer,"('hero', 'leader')",0.4230769230769231,False,"2,18,35,5","2,40,15,1","1,3,4,2","2,4,3,1",86.0,False,True,P1,0.4230769230769231
2156,1078,colplayer,"('leader', 'hero')",0.4130434782608695,False,"2,15,40,1","2,35,18,5","2,3,4,1","1,4,3,2",20.0,False,True,P1,0.4130434782608695
2157,1079,rowplayer,"('safecoord', 'hero')",0.723404255,True,"27,9,1,9","5,26,20,17",,,,,,,
2158,1079,colplayer,"('hero', 'safecoord')",0.071428571,True,"5,20,26,17","27,1,9,9",,,,,,,
2159,1080,rowplayer,"('assurance', 'assurance')",0.53125,False,"20,2,7,11","25,12,8,22","4,1,2,3","4,2,1,3",1.0,False,True,P1,0.53125
2160,1080,colplayer,"('assurance', 'assurance')",0.4242424242424242,False,"25,8,12,22","20,7,2,11","4,1,2,3","4,2,1,3",1.0,False,True,P1,0.4242424242424242
2161,1081,rowplayer,"('leader', 'chicken')",0.5641025641025641,False,"14,15,40,7","12,18,3,1","2,3,4,1","3,4,2,1",15.0,False,True,P1,0.5641025641025641
2162,1081,colplayer,"('chicken', 'leader')",0.2926829268292683,False,"12,3,18,1","14,40,15,7","3,2,4,1","2,4,3,1",26.0,False,True,P1,0.2926829268292683
2163,1082,rowplayer,"('assurance', 'staghunt')",0.8055555555555556,False,"34,11,15,27","30,9,6,7","4,1,2,3","4,3,1,2",12.0,False,True,P1,0.8055555555555556
2164,1082,colplayer,"('staghunt', 'assurance')",0.975609756,False,"30,6,9,7","34,15,11,27","4,1,3,2","4,2,1,3",133.0,False,True,P1,0.975609756
2165,1083,rowplayer,"('hero', 'hero')",0.3333333333333333,False,"1,23,29,16","2,43,23,8","1,3,4,2","1,4,3,2",92.0,False,True,P1,0.3333333333333333
2166,1083,colplayer,"('hero', 'hero')",0.3023255813953488,False,"2,23,43,8","1,29,23,16","1,3,4,2","1,4,3,2",92.0,False,True,P1,0.3023255813953488
2167,1084,rowplayer,"('safecoord', 'assurance')",0.8979591836734694,True,"25,17,5,25","14,4,2,11",,,,,,,
2168,1084,colplayer,"('assurance', 'safecoord')",0.7391304347826086,True,"14,2,4,11","25,5,17,25",,,,,,,
2169,1085,rowplayer,"('leader', 'leader')",0.475,False,"8,9,17,4","16,35,23,13","2,3,4,1","2,4,3,1",14.0,False,True,P1,0.475
2170,1085,colplayer,"('leader', 'leader')",0.5,False,"16,23,35,13","8,17,9,4","2,3,4,1","2,4,3,1",14.0,False,True,P1,0.5
2171,1086,rowplayer,"('leader', 'chicken')",0.6326530612244898,False,"10,22,43,9","15,27,9,1","2,3,4,1","3,4,2,1",15.0,False,True,P1,0.6326530612244898
2172,1086,colplayer,"('chicken', 'leader')",0.5,False,"15,9,27,1","10,43,22,9","3,2,4,1","2,4,3,1",26.0,False,True,P1,0.5
2173,1087,rowplayer,"('chicken', 'chicken')",0.5263157894736842,False,"24,8,42,1","22,24,20,6","3,2,4,1","3,4,2,1",27.0,False,True,P1,0.5263157894736842
2174,1087,colplayer,"('chicken', 'chicken')",0.8709677419354839,False,"22,20,24,6","24,42,8,1","3,2,4,1","3,4,2,1",27.0,False,True,P1,0.8709677419354839
2175,1088,rowplayer,"('safecoord', 'safecoord')",0.972972973,False,"38,9,2,11","43,19,25,31","4,2,1,3","4,1,2,3",53.0,False,True,P1,0.972972973
2176,1088,colplayer,"('safecoord', 'safecoord')",0.8913043478260869,False,"43,25,19,31","38,2,9,11","4,2,1,3","4,1,2,3",53.0,False,True,P1,0.8913043478260869
2177,1089,rowplayer,"('hero', 'leader')",0.4418604651162791,False,"1,19,26,3","12,29,16,4","1,3,4,2","2,4,3,1",86.0,False,True,P1,0.4418604651162791
2178,1089,colplayer,"('leader', 'hero')",0.6923076923076923,False,"12,16,29,4","1,26,19,3","2,3,4,1","1,4,3,2",20.0,False,True,P1,0.6923076923076923
2179,1090,rowplayer,"('hero', 'leader')",0.2439024390243902,False,"3,21,43,17","4,12,11,2","1,3,4,2","2,4,3,1",86.0,False,True,P1,0.2439024390243902
2180,1090,colplayer,"('leader', 'hero')",0.6470588235294118,False,"4,11,12,2","3,43,21,17","2,3,4,1","1,4,3,2",20.0,False,True,P1,0.6470588235294118
2181,1091,rowplayer,"('assurance', 'staghunt')",0.9375,False,"19,3,4,9","19,13,8,12","4,1,2,3","4,3,1,2",12.0,False,True,P1,0.9375
2182,1091,colplayer,"('staghunt', 'assurance')",0.7413793103448276,False,"19,8,13,12","19,4,3,9","4,1,3,2","4,2,1,3",133.0,False,True,P1,0.7413793103448276
2183,1092,rowplayer,"('hero', 'chicken')",0.5789473684210527,False,"1,17,25,4","11,18,3,1","1,3,4,2","3,4,2,1",87.0,False,True,P1,0.5789473684210527
2184,1092,colplayer,"('chicken', 'hero')",0.3103448275862069,False,"11,3,18,1","1,25,17,4","3,2,4,1","1,4,3,2",32.0,False,True,P1,0.3103448275862069
2185,1093,rowplayer,"('leader', 'chicken')",0.7441860465116279,True,"6,29,37,6","5,31,4,2",,,,,,,
2186,1093,colplayer,"('chicken', 'leader')",0.2325581395348837,True,"5,4,31,2","6,37,29,6",,,,,,,
2187,1094,rowplayer,"('leader', 'leader')",0.4358974358974359,False,"6,16,18,2","17,22,18,4","2,3,4,1","2,4,3,1",14.0,False,True,P1,0.4358974358974359
2188,1094,colplayer,"('leader', 'leader')",0.8235294117647058,False,"17,18,22,4","6,18,16,2","2,3,4,1","2,4,3,1",14.0,False,True,P1,0.8235294117647058
2189,1095,rowplayer,"('safecoord', 'assurance')",0.7894736842105263,False,"18,13,10,16","38,3,1,9","4,2,1,3","4,2,1,3",49.0,False,True,P1,0.7894736842105263
2190,1095,colplayer,"('assurance', 'safecoord')",0.78125,False,"38,1,3,9","18,10,13,16","4,1,2,3","4,1,2,3",5.0,False,True,P1,0.78125
2191,1096,rowplayer,"('leader', 'chicken')",0.5675675675675675,False,"4,5,11,2","14,20,9,1","2,3,4,1","3,4,2,1",15.0,False,True,P1,0.5675675675675675
2192,1096,colplayer,"('chicken', 'leader')",0.896551724,False,"14,9,20,1","4,11,5,2","3,2,4,1","2,4,3,1",26.0,False,True,P1,0.896551724
2193,1097,rowplayer,"('leader', 'chicken')",0.5277777777777778,False,"11,12,38,4","21,25,10,5","2,3,4,1","3,4,2,1",15.0,False,True,P1,0.5277777777777778
2194,1097,colplayer,"('chicken', 'leader')",0.5428571428571428,False,"21,10,25,5","11,38,12,4","3,2,4,1","2,4,3,1",26.0,False,True,P1,0.5428571428571428
2195,1098,rowplayer,"('hero', 'chicken')",0.5405405405405406,True,"6,30,30,11","9,15,7,2",,,,,,,
2196,1098,colplayer,"('chicken', 'hero')",0.375,True,"9,7,15,2","6,30,30,11",,,,,,,
2197,1099,rowplayer,"('staghunt', 'staghunt')",0.7755102040816326,False,"7,2,4,3","13,11,5,10","4,1,3,2","4,3,1,2",144.0,False,True,P1,0.7755102040816326
2198,1099,colplayer,"('staghunt', 'staghunt')",0.5483870967741935,False,"13,5,11,10","7,4,2,3","4,1,3,2","4,3,1,2",144.0,False,True,P1,0.5483870967741935
2199,1100,rowplayer,"('safecoord', 'safecoord')",0.8333333333333334,False,"34,8,1,16","36,11,14,26","4,2,1,3","4,1,2,3",53.0,False,True,P1,0.8333333333333334
2200,1100,colplayer,"('safecoord', 'safecoord')",0.775,False,"36,14,11,26","34,1,8,16","4,2,1,3","4,1,2,3",53.0,False,True,P1,0.775
2201,1101,rowplayer,"('safecoord', 'assurance')",0.7105263157894737,False,"17,2,1,16","20,16,8,18","4,2,1,3","4,2,1,3",49.0,False,True,P1,0.7105263157894737
2202,1101,colplayer,"('assurance', 'safecoord')",0.4285714285714285,False,"20,8,16,18","17,1,2,16","4,1,2,3","4,1,2,3",5.0,False,True,P1,0.4285714285714285
2203,1102,rowplayer,"('hero', 'hero')",0.5,False,"2,9,11,3","3,40,19,8","1,3,4,2","1,4,3,2",92.0,False,True,P1,0.5
2204,1102,colplayer,"('hero', 'hero')",0.3225806451612903,False,"3,19,40,8","2,11,9,3","1,3,4,2","1,4,3,2",92.0,False,True,P1,0.3225806451612903
2205,1103,rowplayer,"('safecoord', 'chicken')",0.6944444444444444,True,"41,9,7,14","5,19,4,4",,,,,,,
2206,1103,colplayer,"('chicken', 'safecoord')",0.275,True,"5,4,19,4","41,7,9,14",,,,,,,
2207,1104,rowplayer,"('assurance', 'assurance')",0.8709677419354839,True,"23,5,5,9","36,4,2,16",,,,,,,
2208,1104,colplayer,"('assurance', 'assurance')",0.8125,True,"36,2,4,16","23,5,5,9",,,,,,,
2209,1105,rowplayer,"('safecoord', 'safecoord')",0.8636363636363636,False,"38,14,1,29","37,8,14,17","4,2,1,3","4,1,2,3",53.0,False,True,P1,0.8636363636363636
2210,1105,colplayer,"('safecoord', 'safecoord')",0.8478260869565217,False,"37,14,8,17","38,1,14,29","4,2,1,3","4,1,2,3",53.0,False,True,P1,0.8478260869565217
2211,1106,rowplayer,"('safecoord', 'assurance')",0.8,False,"11,2,1,4","36,9,5,18","4,2,1,3","4,2,1,3",49.0,False,True,P1,0.8
2212,1106,colplayer,"('assurance', 'safecoord')",0.6857142857142857,False,"36,5,9,18","11,1,2,4","4,1,2,3","4,1,2,3",5.0,False,True,P1,0.6857142857142857
2213,1107,rowplayer,"('staghunt', 'chicken')",0.3902439024390244,True,"28,1,18,15","7,25,4,4",,,,,,,
2214,1107,colplayer,"('chicken', 'staghunt')",0.1521739130434782,True,"7,4,25,4","28,18,1,15",,,,,,,
2215,1108,rowplayer,"('hero', 'assurance')",0.1470588235294117,True,"4,9,19,9","36,8,1,21",,,,,,,
2216,1108,colplayer,"('assurance', 'hero')",0.3235294117647059,True,"36,1,8,21","4,19,9,9",,,,,,,
2217,1109,rowplayer,"('safecoord', 'assurance')",0.8604651162790697,True,"13,8,2,10","26,22,12,26",,,,,,,
2218,1109,colplayer,"('assurance', 'safecoord')",0.3142857142857143,True,"26,12,22,26","13,2,8,10",,,,,,,
2219,1110,rowplayer,"('assurance', 'assurance')",0.35,False,"19,1,13,14","42,21,4,34","4,1,2,3","4,2,1,3",1.0,False,True,P1,0.35
2220,1110,colplayer,"('assurance', 'assurance')",0.5,False,"42,4,21,34","19,13,1,14","4,1,2,3","4,2,1,3",1.0,False,True,P1,0.5
2221,1111,rowplayer,"('safecoord', 'assurance')",0.8409090909090909,False,"39,4,2,19","22,11,3,12","4,2,1,3","4,2,1,3",49.0,False,True,P1,0.8409090909090909
2222,1111,colplayer,"('assurance', 'safecoord')",0.7692307692307693,False,"22,3,11,12","39,2,4,19","4,1,2,3","4,1,2,3",5.0,False,True,P1,0.7692307692307693
2223,1112,rowplayer,"('safecoord', 'assurance')",0.75,True,"12,3,1,12","45,4,2,5",,,,,,,
2224,1112,colplayer,"('assurance', 'safecoord')",0.90625,True,"45,2,4,5","12,1,3,12",,,,,,,
2225,1113,rowplayer,"('hero', 'chicken')",0.2291666666666666,True,"6,22,41,19","24,28,24,7",,,,,,,
2226,1113,colplayer,"('chicken', 'hero')",0.8666666666666667,True,"24,24,28,7","6,41,22,19",,,,,,,
2227,1114,rowplayer,"('leader', 'staghunt')",0.4705882352941176,True,"13,17,27,12","21,6,2,2",,,,,,,
2228,1114,colplayer,"('staghunt', 'leader')",0.8484848484848485,True,"21,2,6,2","13,27,17,12",,,,,,,
2229,1115,rowplayer,"('hero', 'staghunt')",0.5208333333333334,True,"18,29,31,21","13,7,2,2",,,,,,,
2230,1115,colplayer,"('staghunt', 'hero')",0.7435897435897436,True,"13,2,7,2","18,31,29,21",,,,,,,
2231,1116,rowplayer,"('assurance', 'hero')",0.35,True,"20,5,6,12","2,36,9,9",,,,,,,
2232,1116,colplayer,"('hero', 'assurance')",0.2285714285714285,True,"2,9,36,9","20,6,5,12",,,,,,,
2233,1117,rowplayer,"('leader', 'leader')",0.7045454545454546,False,"12,17,19,3","17,24,21,4","2,3,4,1","2,4,3,1",14.0,False,True,P1,0.7045454545454546
2234,1117,colplayer,"('leader', 'leader')",0.8333333333333334,False,"17,21,24,4","12,19,17,3","2,3,4,1","2,4,3,1",14.0,False,True,P1,0.8333333333333334
2235,1118,rowplayer,"('safecoord', 'safecoord')",0.7837837837837838,False,"29,17,1,23","28,1,15,27","4,2,1,3","4,1,2,3",53.0,False,True,P1,0.7837837837837838
2236,1118,colplayer,"('safecoord', 'safecoord')",0.782608696,False,"28,15,1,27","29,1,17,23","4,2,1,3","4,1,2,3",53.0,False,True,P1,0.782608696
2237,1119,rowplayer,"('hero', 'hero')",0.3095238095238095,False,"3,17,32,4","5,13,11,7","1,3,4,2","1,4,3,2",92.0,False,True,P1,0.3095238095238095
2238,1119,colplayer,"('hero', 'hero')",0.4634146341463415,False,"5,11,13,7","3,32,17,4","1,3,4,2","1,4,3,2",92.0,False,True,P1,0.4634146341463415
2239,1120,rowplayer,"('chicken', 'safecoord')",0.1034482758620689,True,"2,1,41,1","33,6,9,14",,,,,,,
2240,1120,colplayer,"('safecoord', 'chicken')",0.7105263157894737,True,"33,9,6,14","2,41,1,1",,,,,,,
2241,1121,rowplayer,"('chicken', 'safecoord')",0.3488372093023256,True,"6,1,11,1","14,2,5,9",,,,,,,
2242,1121,colplayer,"('safecoord', 'chicken')",0.7857142857142857,True,"14,5,2,9","6,11,1,1",,,,,,,
2243,1122,rowplayer,"('chicken', 'chicken')",0.7441860465116279,False,"16,12,33,1","22,42,15,12","3,2,4,1","3,4,2,1",27.0,False,True,P1,0.7441860465116279
2244,1122,colplayer,"('chicken', 'chicken')",0.5925925925925926,False,"22,15,42,12","16,33,12,1","3,2,4,1","3,4,2,1",27.0,False,True,P1,0.5925925925925926
2245,1123,rowplayer,"('leader', 'leader')",0.4047619047619047,False,"5,19,24,4","6,33,29,1","2,3,4,1","2,4,3,1",14.0,False,True,P1,0.4047619047619047
2246,1123,colplayer,"('leader', 'leader')",0.6666666666666666,False,"6,29,33,1","5,24,19,4","2,3,4,1","2,4,3,1",14.0,False,True,P1,0.6666666666666666
2247,1124,rowplayer,"('safecoord', 'assurance')",0.8648648648648649,False,"13,7,3,8","26,10,1,21","4,2,1,3","4,2,1,3",49.0,False,True,P1,0.8648648648648649
2248,1124,colplayer,"('assurance', 'safecoord')",0.5263157894736842,False,"26,1,10,21","13,3,7,8","4,1,2,3","4,1,2,3",5.0,False,True,P1,0.5263157894736842
2249,1125,rowplayer,"('staghunt', 'chicken')",0.8823529411764706,True,"9,4,5,4","3,10,2,1",,,,,,,
2250,1125,colplayer,"('chicken', 'staghunt')",0.2857142857142857,True,"3,2,10,1","9,5,4,4",,,,,,,
2251,1126,rowplayer,"('leader', 'leader')",0.2222222222222222,True,"11,12,39,7","6,17,17,4",,,,,,,
2252,1126,colplayer,"('leader', 'leader')",0.7906976744186046,True,"6,17,17,4","11,39,12,7",,,,,,,
2253,1127,rowplayer,"('leader', 'leader')",0.5897435897435898,True,"10,12,25,1","4,5,5,2",,,,,,,
2254,1127,colplayer,"('leader', 'leader')",0.775,True,"4,5,5,2","10,25,12,1",,,,,,,
2255,1128,rowplayer,"('hero', 'chicken')",0.40625,False,"7,26,31,10","19,37,11,6","1,3,4,2","3,4,2,1",87.0,False,True,P1,0.40625
2256,1128,colplayer,"('chicken', 'hero')",0.3404255319148936,False,"19,11,37,6","7,31,26,10","3,2,4,1","1,4,3,2",32.0,False,True,P1,0.3404255319148936
2257,1129,rowplayer,"('hero', 'chicken')",0.4444444444444444,True,"3,11,11,7","20,23,5,1",,,,,,,
2258,1129,colplayer,"('chicken', 'hero')",0.6363636363636364,True,"20,5,23,1","3,11,11,7",,,,,,,
2259,1130,rowplayer,"('hero', 'chicken')",0.4489795918367347,False,"13,25,36,24","19,30,9,5","1,3,4,2","3,4,2,1",87.0,False,True,P1,0.4489795918367347
2260,1130,colplayer,"('chicken', 'hero')",0.4761904761904761,False,"19,9,30,5","13,36,25,24","3,2,4,1","1,4,3,2",32.0,False,True,P1,0.4761904761904761
2261,1131,rowplayer,"('chicken', 'chicken')",0.5,False,"13,2,22,1","10,18,4,1","3,2,4,1","3,4,2,1",27.0,False,True,P1,0.5
2262,1131,colplayer,"('chicken', 'chicken')",0.6444444444444445,False,"10,4,18,1","13,22,2,1","3,2,4,1","3,4,2,1",27.0,False,True,P1,0.6444444444444445
2263,1132,rowplayer,"('assurance', 'chicken')",0.8611111111111112,True,"36,2,7,9","19,19,8,3",,,,,,,
2264,1132,colplayer,"('chicken', 'assurance')",0.9047619047619048,True,"19,8,19,3","36,7,2,9",,,,,,,
2265,1133,rowplayer,"('leader', 'staghunt')",0.3333333333333333,True,"5,6,13,2","33,17,14,14",,,,,,,
2266,1133,colplayer,"('staghunt', 'leader')",0.9333333333333332,True,"33,14,17,14","5,13,6,2",,,,,,,
2267,1134,rowplayer,"('staghunt', 'hero')",0.8235294117647058,True,"22,1,5,1","3,18,14,13",,,,,,,
2268,1134,colplayer,"('hero', 'staghunt')",0.3928571428571428,True,"3,14,18,13","22,5,1,1",,,,,,,
2269,1135,rowplayer,"('chicken', 'chicken')",0.8857142857142857,False,"16,13,19,1","14,37,10,1","3,2,4,1","3,4,2,1",27.0,False,True,P1,0.8857142857142857
2270,1135,colplayer,"('chicken', 'chicken')",0.5,False,"14,10,37,1","16,19,13,1","3,2,4,1","3,4,2,1",27.0,False,True,P1,0.5
2271,1136,rowplayer,"('leader', 'staghunt')",0.4186046511627907,True,"4,5,20,2","7,6,3,3",,,,,,,
2272,1136,colplayer,"('staghunt', 'leader')",0.8709677419354839,True,"7,3,6,3","4,20,5,2",,,,,,,
2273,1137,rowplayer,"('safecoord', 'assurance')",0.9,False,"27,16,5,19","26,10,2,19","4,2,1,3","4,2,1,3",49.0,False,True,P1,0.9
2274,1137,colplayer,"('assurance', 'safecoord')",0.5,False,"26,2,10,19","27,5,16,19","4,1,2,3","4,1,2,3",5.0,False,True,P1,0.5
2275,1138,rowplayer,"('staghunt', 'chicken')",0.7647058823529411,True,"16,3,7,3","18,39,17,1",,,,,,,
2276,1138,colplayer,"('chicken', 'staghunt')",0.5434782608695652,True,"18,17,39,1","16,7,3,3",,,,,,,
2277,1139,rowplayer,"('safecoord', 'hero')",0.717948718,True,"35,22,7,24","6,28,15,15",,,,,,,
2278,1139,colplayer,"('hero', 'safecoord')",0.1363636363636363,True,"6,15,28,15","35,7,22,24",,,,,,,
2279,1140,rowplayer,"('hero', 'leader')",0.5945945945945946,True,"1,10,10,2","6,19,15,4",,,,,,,
2280,1140,colplayer,"('leader', 'hero')",0.3571428571428571,True,"6,15,19,4","1,10,10,2",,,,,,,
2281,1141,rowplayer,"('assurance', 'hero')",0.3725490196078431,True,"36,3,8,15","2,12,4,4",,,,,,,
2282,1141,colplayer,"('hero', 'assurance')",0.1860465116279069,True,"2,4,12,4","36,8,3,15",,,,,,,
2283,1142,rowplayer,"('leader', 'safecoord')",0.2926829268292683,True,"8,34,40,5","12,3,9,9",,,,,,,
2284,1142,colplayer,"('safecoord', 'leader')",0.9722222222222222,True,"12,9,3,9","8,40,34,5",,,,,,,
2285,1143,rowplayer,"('assurance', 'hero')",0.2619047619047619,True,"25,4,9,17","1,19,11,11",,,,,,,
2286,1143,colplayer,"('hero', 'assurance')",0.1395348837209302,True,"1,11,19,11","25,9,4,17",,,,,,,
2287,1144,rowplayer,"('safecoord', 'assurance')",0.8461538461538461,False,"25,3,1,12","18,9,2,11","4,2,1,3","4,2,1,3",49.0,False,True,P1,0.8461538461538461
2288,1144,colplayer,"('assurance', 'safecoord')",0.675,False,"18,2,9,11","25,1,3,12","4,1,2,3","4,1,2,3",5.0,False,True,P1,0.675
2289,1145,rowplayer,"('safecoord', 'safecoord')",0.8095238095238095,False,"17,11,8,14","46,6,23,29","4,2,1,3","4,1,2,3",53.0,False,True,P1,0.8095238095238095
2290,1145,colplayer,"('safecoord', 'safecoord')",0.8378378378378378,False,"46,23,6,29","17,8,11,14","4,2,1,3","4,1,2,3",53.0,False,True,P1,0.8378378378378378
2291,1146,rowplayer,"('leader', 'safecoord')",0.2093023255813953,True,"7,11,25,4","20,3,17,17",,,,,,,
2292,1146,colplayer,"('safecoord', 'leader')",0.9791666666666666,True,"20,17,3,17","7,25,11,4",,,,,,,
2293,1147,rowplayer,"('hero', 'leader')",0.2105263157894736,True,"1,9,42,2","7,22,11,7",,,,,,,
2294,1147,colplayer,"('leader', 'hero')",0.3584905660377358,True,"7,11,22,7","1,42,9,2",,,,,,,
2295,1148,rowplayer,"('assurance', 'hero')",0.125,True,"16,4,11,12","1,17,5,5",,,,,,,
2296,1148,colplayer,"('hero', 'assurance')",0.125,True,"1,5,17,5","16,11,4,12",,,,,,,
2297,1149,rowplayer,"('chicken', 'assurance')",0.065217391,True,"2,1,31,1","25,9,3,10",,,,,,,
2298,1149,colplayer,"('assurance', 'chicken')",0.4857142857142857,True,"25,3,9,10","2,31,1,1",,,,,,,
2299,1150,rowplayer,"('chicken', 'assurance')",0.90625,True,"23,11,23,4","40,21,8,35",,,,,,,
2300,1150,colplayer,"('assurance', 'chicken')",0.5757575757575758,True,"40,8,21,35","23,23,11,4",,,,,,,
2301,1151,rowplayer,"('staghunt', 'leader')",0.8536585365853658,True,"25,2,4,2","3,35,19,1",,,,,,,
2302,1151,colplayer,"('leader', 'staghunt')",0.4893617021276595,True,"3,19,35,1","25,4,2,2",,,,,,,
2303,1152,rowplayer,"('assurance', 'chicken')",0.2142857142857142,True,"26,1,13,23","15,21,12,12",,,,,,,
2304,1152,colplayer,"('chicken', 'assurance')",0.6216216216216216,True,"15,12,21,12","26,13,1,23",,,,,,,
2305,1153,rowplayer,"('safecoord', 'chicken')",0.7666666666666667,True,"30,8,2,25","31,31,15,4",,,,,,,
2306,1153,colplayer,"('chicken', 'safecoord')",0.9090909090909092,True,"31,15,31,4","30,2,8,25",,,,,,,
2307,1154,rowplayer,"('staghunt', 'hero')",0.6551724137931034,True,"32,5,24,7","17,33,20,20",,,,,,,
2308,1154,colplayer,"('hero', 'staghunt')",0.5833333333333334,True,"17,20,33,20","32,24,5,7",,,,,,,
2309,1155,rowplayer,"('chicken', 'assurance')",0.1875,True,"3,1,34,1","26,11,4,14",,,,,,,
2310,1155,colplayer,"('assurance', 'chicken')",0.45,True,"26,4,11,14","3,34,1,1",,,,,,,
2311,1156,rowplayer,"('safecoord', 'chicken')",0.8378378378378378,True,"25,19,2,22","7,10,3,3",,,,,,,
2312,1156,colplayer,"('chicken', 'safecoord')",0.3333333333333333,True,"7,3,10,3","25,2,19,22",,,,,,,
2313,1157,rowplayer,"('staghunt', 'chicken')",0.8048780487804879,True,"28,16,22,19","4,10,1,1",,,,,,,
2314,1157,colplayer,"('chicken', 'staghunt')",0.2045454545454545,True,"4,1,10,1","28,22,16,19",,,,,,,
2315,1158,rowplayer,"('hero', 'leader')",0.3235294117647059,False,"2,10,48,7","2,17,4,1","1,3,4,2","2,4,3,1",86.0,False,True,P1,0.3235294117647059
2316,1158,colplayer,"('leader', 'hero')",0.3673469387755102,False,"2,4,17,1","2,48,10,7","2,3,4,1","1,4,3,2",20.0,False,True,P1,0.3673469387755102
2317,1159,rowplayer,"('safecoord', 'chicken')",0.8974358974358975,True,"33,4,2,4","6,15,3,1",,,,,,,
2318,1159,colplayer,"('chicken', 'safecoord')",0.4333333333333333,True,"6,3,15,1","33,2,4,4",,,,,,,
2319,1160,rowplayer,"('staghunt', 'leader')",0.8157894736842105,True,"24,2,6,2","8,15,11,1",,,,,,,
2320,1160,colplayer,"('leader', 'staghunt')",0.7435897435897436,True,"8,11,15,1","24,6,2,2",,,,,,,
2321,1161,rowplayer,"('hero', 'leader')",0.4545454545454545,False,"1,18,26,9","5,38,9,4","1,3,4,2","2,4,3,1",86.0,False,True,P1,0.4545454545454545
2322,1161,colplayer,"('leader', 'hero')",0.1428571428571428,False,"5,9,38,4","1,26,18,9","2,3,4,1","1,4,3,2",20.0,False,True,P1,0.1428571428571428
2323,1162,rowplayer,"('hero', 'leader')",0.2439024390243902,True,"1,6,10,5","3,34,28,3",,,,,,,
2324,1162,colplayer,"('leader', 'hero')",0.5,True,"3,28,34,3","1,10,6,5",,,,,,,
2325,1163,rowplayer,"('staghunt', 'hero')",0.7608695652173914,True,"18,4,6,4","1,38,7,2",,,,,,,
2326,1163,colplayer,"('hero', 'staghunt')",0.180327868852459,True,"1,7,38,2","18,6,4,4",,,,,,,
2327,1164,rowplayer,"('leader', 'safecoord')",0.3243243243243243,True,"3,5,8,2","31,1,21,21",,,,,,,
2328,1164,colplayer,"('safecoord', 'leader')",0.9534883720930232,True,"31,21,1,21","3,8,5,2",,,,,,,
2329,1165,rowplayer,"('staghunt', 'hero')",0.4864864864864865,True,"15,3,9,7","1,11,5,5",,,,,,,
2330,1165,colplayer,"('hero', 'staghunt')",0.25,True,"1,5,11,5","15,9,3,7",,,,,,,
2331,1166,rowplayer,"('hero', 'assurance')",0.1020408163265306,True,"8,13,26,13","38,5,2,32",,,,,,,
2332,1166,colplayer,"('assurance', 'hero')",0.2363636363636363,True,"38,2,5,32","8,26,13,13",,,,,,,
2333,1167,rowplayer,"('hero', 'staghunt')",0.2580645161290322,True,"4,6,7,6","40,38,15,22",,,,,,,
2334,1167,colplayer,"('staghunt', 'hero')",0.1860465116279069,True,"40,15,38,22","4,7,6,6",,,,,,,
2335,1168,rowplayer,"('assurance', 'chicken')",0.7333333333333333,True,"29,3,5,11","10,10,7,4",,,,,,,
2336,1168,colplayer,"('chicken', 'assurance')",0.9130434782608696,True,"10,7,10,4","29,5,3,11",,,,,,,
2337,1169,rowplayer,"('assurance', 'chicken')",0.7142857142857143,True,"12,6,8,11","3,32,2,2",,,,,,,
2338,1169,colplayer,"('chicken', 'assurance')",0.1162790697674418,True,"3,2,32,2","12,8,6,11",,,,,,,
2339,1170,rowplayer,"('hero', 'leader')",0.4,False,"1,7,9,3","3,20,6,2","1,3,4,2","2,4,3,1",86.0,False,True,P1,0.4
2340,1170,colplayer,"('leader', 'hero')",0.2571428571428571,False,"3,6,20,2","1,9,7,3","2,3,4,1","1,4,3,2",20.0,False,True,P1,0.2571428571428571
2341,1171,rowplayer,"('staghunt', 'hero')",0.5319148936170213,True,"31,4,18,4","3,39,28,8",,,,,,,
2342,1171,colplayer,"('hero', 'staghunt')",0.4,True,"3,28,39,8","31,18,4,4",,,,,,,
2343,1172,rowplayer,"('chicken', 'assurance')",0.9230769230769232,True,"20,15,20,1","25,7,2,12",,,,,,,
2344,1172,colplayer,"('assurance', 'chicken')",0.7352941176470589,True,"25,2,7,12","20,20,15,1",,,,,,,
2345,1173,rowplayer,"('staghunt', 'chicken')",0.8709677419354839,True,"41,7,9,8","18,21,3,3",,,,,,,
2346,1173,colplayer,"('chicken', 'staghunt')",0.6,True,"18,3,21,3","41,9,7,8",,,,,,,
2347,1174,rowplayer,"('hero', 'assurance')",0.1081081081081081,True,"1,2,10,2","41,16,5,34",,,,,,,
2348,1174,colplayer,"('assurance', 'hero')",0.4137931034482758,True,"41,5,16,34","1,10,2,2",,,,,,,
2349,1175,rowplayer,"('hero', 'staghunt')",0.1777777777777777,True,"1,9,27,9","8,5,2,3",,,,,,,
2350,1175,colplayer,"('staghunt', 'hero')",0.5,True,"8,2,5,3","1,27,9,9",,,,,,,
2351,1176,rowplayer,"('leader', 'safecoord')",0.5,True,"5,7,14,1","38,4,8,8",,,,,,,
2352,1176,colplayer,"('safecoord', 'leader')",0.9,True,"38,8,4,8","5,14,7,1",,,,,,,
2353,1177,rowplayer,"('chicken', 'assurance')",0.5,True,"17,15,29,15","31,3,1,12",,,,,,,
2354,1177,colplayer,"('assurance', 'chicken')",0.6046511627906976,True,"31,1,3,12","17,29,15,15",,,,,,,
2355,1178,rowplayer,"('hero', 'assurance')",0.1428571428571428,True,"2,4,27,4","28,5,1,21",,,,,,,
2356,1178,colplayer,"('assurance', 'hero')",0.3902439024390244,True,"28,1,5,21","2,27,4,4",,,,,,,
2357,1179,rowplayer,"('leader', 'safecoord')",0.5476190476190477,True,"15,18,24,8","30,2,16,16",,,,,,,
2358,1179,colplayer,"('safecoord', 'leader')",0.8913043478260869,True,"30,16,2,16","15,24,18,8",,,,,,,
2359,1180,rowplayer,"('chicken', 'assurance')",0.8709677419354839,True,"21,16,21,3","20,5,1,17",,,,,,,
2360,1180,colplayer,"('assurance', 'chicken')",0.6410256410256411,True,"20,1,5,17","21,21,16,3",,,,,,,
2361,1181,rowplayer,"('hero', 'staghunt')",0.2368421052631578,True,"2,4,39,4","12,7,1,3",,,,,,,
2362,1181,colplayer,"('staghunt', 'hero')",0.4137931034482758,True,"12,1,7,3","2,39,4,4",,,,,,,
2363,1182,rowplayer,"('hero', 'assurance')",0.1489361702127659,True,"1,9,23,9","24,8,7,10",,,,,,,
2364,1182,colplayer,"('assurance', 'hero')",0.6388888888888888,True,"24,7,8,10","1,23,9,9",,,,,,,
2365,1183,rowplayer,"('staghunt', 'chicken')",0.7647058823529411,True,"31,4,18,4","10,28,5,3",,,,,,,
2366,1183,colplayer,"('chicken', 'staghunt')",0.425,True,"10,5,28,3","31,18,4,4",,,,,,,
2367,1184,rowplayer,"('hero', 'staghunt')",0.3243243243243243,True,"2,23,40,6","5,3,1,1",,,,,,,
2368,1184,colplayer,"('staghunt', 'hero')",0.7,True,"5,1,3,1","2,40,23,6",,,,,,,
2369,1185,rowplayer,"('safecoord', 'hero')",0.5882352941176471,True,"21,4,3,12","2,24,5,5",,,,,,,
2370,1185,colplayer,"('hero', 'safecoord')",0.1470588235294117,True,"2,5,24,5","21,3,4,12",,,,,,,
2371,1186,rowplayer,"('safecoord', 'leader')",0.9736842105263158,True,"32,18,7,18","11,35,13,4",,,,,,,
2372,1186,colplayer,"('leader', 'safecoord')",0.4210526315789473,True,"11,13,35,4","32,7,18,18",,,,,,,
2373,1187,rowplayer,"('leader', 'staghunt')",0.4473684210526316,True,"7,23,35,4","22,3,1,1",,,,,,,
2374,1187,colplayer,"('staghunt', 'leader')",0.8055555555555556,True,"22,1,3,1","7,35,23,4",,,,,,,
2375,1188,rowplayer,"('safecoord', 'hero')",0.875,True,"33,7,1,22","3,11,4,4",,,,,,,
2376,1188,colplayer,"('hero', 'safecoord')",0.2222222222222222,True,"3,4,11,4","33,1,7,22",,,,,,,
2377,1189,rowplayer,"('assurance', 'hero')",0.1914893617021276,True,"30,2,12,15","3,26,5,5",,,,,,,
2378,1189,colplayer,"('hero', 'assurance')",0.2093023255813953,True,"3,5,26,5","30,12,2,15",,,,,,,
2379,1190,rowplayer,"('hero', 'assurance')",0.2413793103448276,True,"1,4,21,4","44,8,2,15",,,,,,,
2380,1190,colplayer,"('assurance', 'hero')",0.5102040816326531,True,"44,2,8,15","1,21,4,4",,,,,,,
2381,1191,rowplayer,"('assurance', 'hero')",0.4210526315789473,True,"37,2,13,16","1,5,4,4",,,,,,,
2382,1191,colplayer,"('hero', 'assurance')",0.3095238095238095,True,"1,4,5,4","37,13,2,16",,,,,,,
2383,1192,rowplayer,"('safecoord', 'leader')",0.9230769230769232,True,"12,5,1,5","3,20,13,2",,,,,,,
2384,1192,colplayer,"('leader', 'safecoord')",0.2580645161290322,True,"3,13,20,2","12,1,5,5",,,,,,,
2385,1193,rowplayer,"('leader', 'safecoord')",0.2941176470588235,True,"9,11,42,1","39,14,32,32",,,,,,,
2386,1193,colplayer,"('safecoord', 'leader')",0.8387096774193549,True,"39,32,14,32","9,42,11,1",,,,,,,
2387,1194,rowplayer,"('staghunt', 'leader')",0.6875,True,"30,1,19,1","3,23,10,2",,,,,,,
2388,1194,colplayer,"('leader', 'staghunt')",0.3225806451612903,True,"3,10,23,2","30,19,1,1",,,,,,,
2389,1195,rowplayer,"('leader', 'staghunt')",0.5454545454545454,True,"4,8,18,1","15,14,2,2",,,,,,,
2390,1195,colplayer,"('staghunt', 'leader')",0.6818181818181818,True,"15,2,14,2","4,18,8,1",,,,,,,
2391,1196,rowplayer,"('safecoord', 'leader')",0.868421053,True,"12,9,2,9","6,20,8,4",,,,,,,
2392,1196,colplayer,"('leader', 'safecoord')",0.3125,True,"6,8,20,4","12,2,9,9",,,,,,,
2393,1197,rowplayer,"('staghunt', 'leader')",0.8372093023255814,True,"16,1,12,1","22,25,23,14",,,,,,,
2394,1197,colplayer,"('leader', 'staghunt')",0.918918919,True,"22,23,25,14","16,12,1,1",,,,,,,
2395,1198,rowplayer,"('leader', 'staghunt')",0.7407407407407407,True,"10,13,16,5","17,4,3,3",,,,,,,
2396,1198,colplayer,"('staghunt', 'leader')",0.8478260869565217,True,"17,3,4,3","10,16,13,5",,,,,,,
2397,1199,rowplayer,"('staghunt', 'leader')",0.6851851851851852,True,"7,3,5,3","9,23,18,2",,,,,,,
2398,1199,colplayer,"('leader', 'staghunt')",0.7142857142857143,True,"9,18,23,2","7,5,3,3",,,,,,,
2399,1200,rowplayer,"('assurance', 'hero')",0.4130434782608695,True,"29,2,7,14","4,21,13,13",,,,,,,
2400,1200,colplayer,"('hero', 'assurance')",0.1372549019607843,True,"4,13,21,13","29,7,2,14",,,,,,,
2401,1201,rowplayer,"('safecoord', 'leader')",0.8863636363636364,True,"19,7,5,7","4,24,20,2",,,,,,,
2402,1201,colplayer,"('leader', 'safecoord')",0.4375,True,"4,20,24,2","19,5,7,7",,,,,,,
2403,1202,rowplayer,"('assurance', 'hero')",0.2222222222222222,True,"21,1,7,20","2,17,16,16",,,,,,,
2404,1202,colplayer,"('hero', 'assurance')",0.1063829787234042,True,"2,16,17,16","21,7,1,20",,,,,,,
2405,1203,rowplayer,"('staghunt', 'leader')",0.8285714285714286,True,"26,2,3,2","11,24,22,5",,,,,,,
2406,1203,colplayer,"('leader', 'staghunt')",0.7352941176470589,True,"11,22,24,5","26,3,2,2",,,,,,,
2407,1204,rowplayer,"('staghunt', 'leader')",0.5740740740740741,True,"7,1,5,1","11,33,29,4",,,,,,,
2408,1204,colplayer,"('leader', 'staghunt')",0.875,True,"11,29,33,4","7,5,1,1",,,,,,,
2409,1205,rowplayer,"('safecoord', 'leader')",0.8717948717948718,True,"19,14,7,14","11,13,12,5",,,,,,,
2410,1205,colplayer,"('leader', 'safecoord')",0.5416666666666666,True,"11,12,13,5","19,7,14,14",,,,,,,
2411,1206,rowplayer,"('staghunt', 'leader')",0.85106383,True,"20,2,7,2","17,34,30,15",,,,,,,
2412,1206,colplayer,"('leader', 'staghunt')",0.6486486486486487,True,"17,30,34,15","20,7,2,2",,,,,,,
2413,1207,rowplayer,"('safecoord', 'leader')",0.8536585365853658,True,"10,2,1,2","7,23,8,3",,,,,,,
2414,1207,colplayer,"('leader', 'safecoord')",0.4736842105263157,True,"7,8,23,3","10,1,2,2",,,,,,,
2415,1208,rowplayer,"('safecoord', 'leader')",0.972972973,True,"41,22,6,22","20,35,31,13",,,,,,,
2416,1208,colplayer,"('leader', 'safecoord')",0.46875,True,"20,31,35,13","41,6,22,22",,,,,,,
