model,round,trait,family,game,a_star,dose,base0,cue0,null0,shift0,nullshift0,abs_shift,abs_nullshift,shift_pref,nullshift_pref,net_pref,base_pref,n_pairs,flips,flips_aligned,source
qwen,1,risk,trait,AsAs,1,-1.0,0.5,0.5,0.5,0.0,0.0,0.0,0.0,-0.0,-0.0,-0.0,0.5,4,4,2,corrected_integrated_root
qwen,1,risk,trait,AsBa,1,-1.0,0.75,0.5,0.5,-0.25,-0.25,0.25,0.25,0.25,0.25,-0.0,0.25,4,3,2,corrected_integrated_root
qwen,1,risk,trait,AsCh,1,-1.0,0.5,0.5,0.5,0.0,0.0,0.0,0.0,-0.0,-0.0,-0.0,0.5,4,4,2,corrected_integrated_root
qwen,1,risk,trait,AsCm,1,-1.0,0.5,0.0,0.5,-0.5,0.0,0.5,0.0,0.5,-0.0,0.5,0.5,4,2,2,corrected_integrated_root
qwen,1,risk,trait,AsCo,1,-1.0,0.5,0.5,0.5,0.0,0.0,0.0,0.0,-0.0,-0.0,-0.0,0.5,4,4,2,corrected_integrated_root
qwen,1,risk,trait,AsDl,1,-1.0,0.5,0.0,0.5,-0.5,0.0,0.5,0.0,0.5,-0.0,0.5,0.5,4,2,2,corrected_integrated_root
qwen,1,risk,trait,AsHa,1,-1.0,0.5,0.5,0.5,0.0,0.0,0.0,0.0,-0.0,-0.0,-0.0,0.5,4,4,2,corrected_integrated_root
qwen,1,risk,trait,AsHr,1,-1.0,0.5,0.25,0.5,-0.25,0.0,0.25,0.0,0.25,-0.0,0.25,0.5,4,3,2,corrected_integrated_root
qwen,1,risk,trait,AsNc,1,-1.0,0.5,0.25,0.5,-0.25,0.0,0.25,0.0,0.25,-0.0,0.25,0.5,4,3,2,corrected_integrated_root
qwen,1,risk,trait,AsPc,1,-1.0,0.5,0.5,0.5,0.0,0.0,0.0,0.0,-0.0,-0.0,-0.0,0.5,4,4,2,corrected_integrated_root
qwen,1,risk,trait,AsPd,1,-1.0,0.75,0.5,1.0,-0.25,0.25,0.25,0.25,0.25,-0.25,0.5,0.25,4,3,2,corrected_integrated_root
qwen,1,risk,trait,AsSh,1,-1.0,0.5,0.5,0.5,0.0,0.0,0.0,0.0,-0.0,-0.0,-0.0,0.5,4,4,2,corrected_integrated_root
qwen,1,risk,trait,BaAs,0,1.0,0.5,0.5,0.5,0.0,0.0,0.0,0.0,0.0,0.0,0.0,0.5,4,4,2,corrected_integrated_root
qwen,1,risk,trait,BaBa,0,1.0,0.25,0.5,0.0,0.25,-0.25,0.25,0.25,0.25,-0.25,0.5,0.25,4,3,2,corrected_integrated_root
qwen,1,risk,trait,BaCh,0,1.0,0.25,0.5,0.25,0.25,0.0,0.25,0.0,0.25,0.0,0.25,0.25,4,3,2,corrected_integrated_root
qwen,1,risk,trait,BaCm,0,1.0,0.0,0.5,0.0,0.5,0.0,0.5,0.0,0.5,0.0,0.5,0.0,4,2,2,corrected_integrated_root
qwen,1,risk,trait,BaCo,0,1.0,0.25,0.5,0.0,0.25,-0.25,0.25,0.25,0.25,-0.25,0.5,0.25,4,3,2,corrected_integrated_root
qwen,1,risk,trait,BaDl,0,1.0,0.25,0.5,0.5,0.25,0.25,0.25,0.25,0.25,0.25,0.0,0.25,4,3,2,corrected_integrated_root
qwen,1,risk,trait,BaHa,0,1.0,0.25,0.5,0.0,0.25,-0.25,0.25,0.25,0.25,-0.25,0.5,0.25,4,3,2,corrected_integrated_root
qwen,1,risk,trait,BaHr,0,1.0,0.0,0.5,0.0,0.5,0.0,0.5,0.0,0.5,0.0,0.5,0.0,4,2,2,corrected_integrated_root
qwen,1,risk,trait,BaNc,0,1.0,0.5,0.75,0.5,0.25,0.0,0.25,0.0,0.25,0.0,0.25,0.5,4,3,2,corrected_integrated_root
qwen,1,risk,trait,BaPc,0,1.0,0.25,0.5,0.0,0.25,-0.25,0.25,0.25,0.25,-0.25,0.5,0.25,4,3,2,corrected_integrated_root
qwen,1,risk,trait,BaPd,0,1.0,0.25,0.5,0.5,0.25,0.25,0.25,0.25,0.25,0.25,0.0,0.25,4,3,2,corrected_integrated_root
qwen,1,risk,trait,BaSh,0,1.0,0.5,0.5,0.5,0.0,0.0,0.0,0.0,0.0,0.0,0.0,0.5,4,4,2,corrected_integrated_root
qwen,1,risk,trait,ChAs,0,1.0,0.25,0.5,0.0,0.25,-0.25,0.25,0.25,0.25,-0.25,0.5,0.25,4,3,2,corrected_integrated_root
qwen,1,risk,trait,ChBa,0,1.0,0.25,0.5,0.0,0.25,-0.25,0.25,0.25,0.25,-0.25,0.5,0.25,4,3,2,corrected_integrated_root
qwen,1,risk,trait,ChCh,0,1.0,0.25,0.5,0.5,0.25,0.25,0.25,0.25,0.25,0.25,0.0,0.25,4,3,2,corrected_integrated_root
qwen,1,risk,trait,ChCm,0,1.0,0.25,0.5,0.0,0.25,-0.25,0.25,0.25,0.25,-0.25,0.5,0.25,4,3,2,corrected_integrated_root
qwen,1,risk,trait,ChCo,0,1.0,0.0,0.5,0.0,0.5,0.0,0.5,0.0,0.5,0.0,0.5,0.0,4,2,2,corrected_integrated_root
qwen,1,risk,trait,ChDl,0,1.0,0.25,0.5,0.0,0.25,-0.25,0.25,0.25,0.25,-0.25,0.5,0.25,4,3,2,corrected_integrated_root
qwen,1,risk,trait,ChHa,0,1.0,0.25,0.5,0.0,0.25,-0.25,0.25,0.25,0.25,-0.25,0.5,0.25,4,3,2,corrected_integrated_root
qwen,1,risk,trait,ChHr,0,1.0,0.0,0.5,0.0,0.5,0.0,0.5,0.0,0.5,0.0,0.5,0.0,4,2,2,corrected_integrated_root
qwen,1,risk,trait,ChNc,0,1.0,0.25,0.5,0.0,0.25,-0.25,0.25,0.25,0.25,-0.25,0.5,0.25,4,3,2,corrected_integrated_root
qwen,1,risk,trait,ChPc,0,1.0,0.0,0.5,0.0,0.5,0.0,0.5,0.0,0.5,0.0,0.5,0.0,4,2,2,corrected_integrated_root
qwen,1,risk,trait,ChPd,0,1.0,0.25,0.5,0.5,0.25,0.25,0.25,0.25,0.25,0.25,0.0,0.25,4,3,2,corrected_integrated_root
qwen,1,risk,trait,ChSh,0,1.0,0.25,0.5,0.0,0.25,-0.25,0.25,0.25,0.25,-0.25,0.5,0.25,4,3,2,corrected_integrated_root
qwen,1,risk,trait,CmAs,1,-2.0,0.0,0.5,0.0,0.5,0.0,0.5,0.0,-0.5,-0.0,-0.5,1.0,4,2,0,corrected_integrated_root
qwen,1,risk,trait,CmBa,1,-2.0,0.0,0.0,0.0,0.0,0.0,0.0,0.0,-0.0,-0.0,-0.0,1.0,4,0,0,corrected_integrated_root
qwen,1,risk,trait,CmCh,1,-2.0,0.0,0.25,0.0,0.25,0.0,0.25,0.0,-0.25,-0.0,-0.25,1.0,4,1,0,corrected_integrated_root
qwen,1,risk,trait,CmCm,1,-2.0,0.0,0.0,0.0,0.0,0.0,0.0,0.0,-0.0,-0.0,-0.0,1.0,4,0,0,corrected_integrated_root
qwen,1,risk,trait,CmCo,1,-2.0,0.0,0.0,0.0,0.0,0.0,0.0,0.0,-0.0,-0.0,-0.0,1.0,4,0,0,corrected_integrated_root
qwen,1,risk,trait,CmDl,1,-2.0,0.0,0.0,0.0,0.0,0.0,0.0,0.0,-0.0,-0.0,-0.0,1.0,4,0,0,corrected_integrated_root
qwen,1,risk,trait,CmHa,1,-2.0,0.0,0.5,0.0,0.5,0.0,0.5,0.0,-0.5,-0.0,-0.5,1.0,4,2,0,corrected_integrated_root
qwen,1,risk,trait,CmHr,1,-2.0,0.0,0.0,0.0,0.0,0.0,0.0,0.0,-0.0,-0.0,-0.0,1.0,4,0,0,corrected_integrated_root
qwen,1,risk,trait,CmNc,1,-2.0,0.0,0.0,0.0,0.0,0.0,0.0,0.0,-0.0,-0.0,-0.0,1.0,4,0,0,corrected_integrated_root
qwen,1,risk,trait,CmPc,1,-2.0,0.0,0.0,0.0,0.0,0.0,0.0,0.0,-0.0,-0.0,-0.0,1.0,4,0,0,corrected_integrated_root
qwen,1,risk,trait,CmPd,1,-2.0,0.0,0.0,0.0,0.0,0.0,0.0,0.0,-0.0,-0.0,-0.0,1.0,4,0,0,corrected_integrated_root
qwen,1,risk,trait,CmSh,1,-2.0,0.0,0.25,0.0,0.25,0.0,0.25,0.0,-0.25,-0.0,-0.25,1.0,4,1,0,corrected_integrated_root
qwen,1,risk,trait,CoAs,0,1.0,0.75,0.5,0.75,-0.25,0.0,0.25,0.0,-0.25,0.0,-0.25,0.75,4,3,1,corrected_integrated_root
qwen,1,risk,trait,CoBa,0,1.0,0.75,0.5,1.0,-0.25,0.25,0.25,0.25,-0.25,0.25,-0.5,0.75,4,3,1,corrected_integrated_root
qwen,1,risk,trait,CoCh,0,1.0,0.75,0.5,1.0,-0.25,0.25,0.25,0.25,-0.25,0.25,-0.5,0.75,4,3,1,corrected_integrated_root
qwen,1,risk,trait,CoCm,0,1.0,0.5,0.5,0.75,0.0,0.25,0.0,0.25,0.0,0.25,-0.25,0.5,4,4,2,corrected_integrated_root
qwen,1,risk,trait,CoCo,0,1.0,0.5,0.5,0.75,0.0,0.25,0.0,0.25,0.0,0.25,-0.25,0.5,4,4,2,corrected_integrated_root
qwen,1,risk,trait,CoDl,0,1.0,0.75,0.5,0.75,-0.25,0.0,0.25,0.0,-0.25,0.0,-0.25,0.75,4,3,1,corrected_integrated_root
qwen,1,risk,trait,CoHa,0,1.0,0.75,0.5,1.0,-0.25,0.25,0.25,0.25,-0.25,0.25,-0.5,0.75,4,3,1,corrected_integrated_root
qwen,1,risk,trait,CoHr,0,1.0,0.75,0.5,0.75,-0.25,0.0,0.25,0.0,-0.25,0.0,-0.25,0.75,4,3,1,corrected_integrated_root
qwen,1,risk,trait,CoNc,0,1.0,0.75,0.5,1.0,-0.25,0.25,0.25,0.25,-0.25,0.25,-0.5,0.75,4,3,1,corrected_integrated_root
qwen,1,risk,trait,CoPc,0,1.0,0.75,0.5,0.75,-0.25,0.0,0.25,0.0,-0.25,0.0,-0.25,0.75,4,3,1,corrected_integrated_root
qwen,1,risk,trait,CoPd,0,1.0,0.75,0.5,1.0,-0.25,0.25,0.25,0.25,-0.25,0.25,-0.5,0.75,4,3,1,corrected_integrated_root
qwen,1,risk,trait,CoSh,0,1.0,1.0,0.5,1.0,-0.5,0.0,0.5,0.0,-0.5,0.0,-0.5,1.0,4,2,0,corrected_integrated_root
qwen,1,risk,trait,DlAs,1,-2.0,0.0,0.25,0.0,0.25,0.0,0.25,0.0,-0.25,-0.0,-0.25,1.0,4,1,0,corrected_integrated_root
qwen,1,risk,trait,DlBa,1,-2.0,0.0,0.0,0.0,0.0,0.0,0.0,0.0,-0.0,-0.0,-0.0,1.0,4,0,0,corrected_integrated_root
qwen,1,risk,trait,DlCh,1,-2.0,0.0,0.0,0.0,0.0,0.0,0.0,0.0,-0.0,-0.0,-0.0,1.0,4,0,0,corrected_integrated_root
qwen,1,risk,trait,DlCm,1,-2.0,0.0,0.0,0.0,0.0,0.0,0.0,0.0,-0.0,-0.0,-0.0,1.0,4,0,0,corrected_integrated_root
qwen,1,risk,trait,DlCo,1,-2.0,0.0,0.5,0.0,0.5,0.0,0.5,0.0,-0.5,-0.0,-0.5,1.0,4,2,0,corrected_integrated_root
qwen,1,risk,trait,DlDl,1,-2.0,0.0,0.0,0.0,0.0,0.0,0.0,0.0,-0.0,-0.0,-0.0,1.0,4,0,0,corrected_integrated_root
qwen,1,risk,trait,DlHa,1,-2.0,0.0,0.0,0.0,0.0,0.0,0.0,0.0,-0.0,-0.0,-0.0,1.0,4,0,0,corrected_integrated_root
qwen,1,risk,trait,DlHr,1,-2.0,0.0,0.0,0.0,0.0,0.0,0.0,0.0,-0.0,-0.0,-0.0,1.0,4,0,0,corrected_integrated_root
qwen,1,risk,trait,DlNc,1,-2.0,0.0,0.25,0.0,0.25,0.0,0.25,0.0,-0.25,-0.0,-0.25,1.0,4,1,0,corrected_integrated_root
qwen,1,risk,trait,DlPc,1,-2.0,0.0,0.5,0.0,0.5,0.0,0.5,0.0,-0.5,-0.0,-0.5,1.0,4,2,0,corrected_integrated_root
qwen,1,risk,trait,DlPd,1,-2.0,0.0,0.0,0.0,0.0,0.0,0.0,0.0,-0.0,-0.0,-0.0,1.0,4,0,0,corrected_integrated_root
qwen,1,risk,trait,DlSh,1,-2.0,0.0,0.25,0.0,0.25,0.0,0.25,0.0,-0.25,-0.0,-0.25,1.0,4,1,0,corrected_integrated_root
qwen,1,risk,trait,HaAs,0,2.0,1.0,1.0,1.0,0.0,0.0,0.0,0.0,0.0,0.0,0.0,1.0,4,0,0,corrected_integrated_root
qwen,1,risk,trait,HaBa,0,2.0,1.0,0.5,1.0,-0.5,0.0,0.5,0.0,-0.5,0.0,-0.5,1.0,4,2,0,corrected_integrated_root
qwen,1,risk,trait,HaCh,0,2.0,1.0,0.5,1.0,-0.5,0.0,0.5,0.0,-0.5,0.0,-0.5,1.0,4,2,0,corrected_integrated_root
qwen,1,risk,trait,HaCm,0,2.0,1.0,0.5,1.0,-0.5,0.0,0.5,0.0,-0.5,0.0,-0.5,1.0,4,2,0,corrected_integrated_root
qwen,1,risk,trait,HaCo,0,2.0,1.0,0.5,1.0,-0.5,0.0,0.5,0.0,-0.5,0.0,-0.5,1.0,4,2,0,corrected_integrated_root
qwen,1,risk,trait,HaDl,0,2.0,1.0,0.5,1.0,-0.5,0.0,0.5,0.0,-0.5,0.0,-0.5,1.0,4,2,0,corrected_integrated_root
qwen,1,risk,trait,HaHa,0,2.0,1.0,0.75,1.0,-0.25,0.0,0.25,0.0,-0.25,0.0,-0.25,1.0,4,1,0,corrected_integrated_root
qwen,1,risk,trait,HaHr,0,2.0,1.0,0.5,1.0,-0.5,0.0,0.5,0.0,-0.5,0.0,-0.5,1.0,4,2,0,corrected_integrated_root
qwen,1,risk,trait,HaNc,0,2.0,1.0,0.5,1.0,-0.5,0.0,0.5,0.0,-0.5,0.0,-0.5,1.0,4,2,0,corrected_integrated_root
qwen,1,risk,trait,HaPc,0,2.0,1.0,0.5,1.0,-0.5,0.0,0.5,0.0,-0.5,0.0,-0.5,1.0,4,2,0,corrected_integrated_root
qwen,1,risk,trait,HaPd,0,2.0,1.0,0.5,1.0,-0.5,0.0,0.5,0.0,-0.5,0.0,-0.5,1.0,4,2,0,corrected_integrated_root
qwen,1,risk,trait,HaSh,0,2.0,1.0,1.0,1.0,0.0,0.0,0.0,0.0,0.0,0.0,0.0,1.0,4,0,0,corrected_integrated_root
qwen,1,risk,trait,HrAs,1,-1.0,0.0,0.5,0.0,0.5,0.0,0.5,0.0,-0.5,-0.0,-0.5,1.0,4,2,0,corrected_integrated_root
qwen,1,risk,trait,HrBa,1,-1.0,0.0,0.0,0.0,0.0,0.0,0.0,0.0,-0.0,-0.0,-0.0,1.0,4,0,0,corrected_integrated_root
qwen,1,risk,trait,HrCh,1,-1.0,0.0,0.0,0.0,0.0,0.0,0.0,0.0,-0.0,-0.0,-0.0,1.0,4,0,0,corrected_integrated_root
qwen,1,risk,trait,HrCm,1,-1.0,0.0,0.25,0.0,0.25,0.0,0.25,0.0,-0.25,-0.0,-0.25,1.0,4,1,0,corrected_integrated_root
qwen,1,risk,trait,HrCo,1,-1.0,0.25,0.0,0.0,-0.25,-0.25,0.25,0.25,0.25,0.25,-0.0,0.75,4,1,1,corrected_integrated_root
qwen,1,risk,trait,HrDl,1,-1.0,0.0,0.0,0.0,0.0,0.0,0.0,0.0,-0.0,-0.0,-0.0,1.0,4,0,0,corrected_integrated_root
qwen,1,risk,trait,HrHa,1,-1.0,0.0,0.0,0.0,0.0,0.0,0.0,0.0,-0.0,-0.0,-0.0,1.0,4,0,0,corrected_integrated_root
qwen,1,risk,trait,HrHr,1,-1.0,0.0,0.0,0.0,0.0,0.0,0.0,0.0,-0.0,-0.0,-0.0,1.0,4,0,0,corrected_integrated_root
qwen,1,risk,trait,HrNc,1,-1.0,0.5,0.5,0.0,0.0,-0.5,0.0,0.5,-0.0,0.5,-0.5,0.5,4,4,2,corrected_integrated_root
qwen,1,risk,trait,HrPc,1,-1.0,0.0,0.0,0.0,0.0,0.0,0.0,0.0,-0.0,-0.0,-0.0,1.0,4,0,0,corrected_integrated_root
qwen,1,risk,trait,HrPd,1,-1.0,0.0,0.0,0.0,0.0,0.0,0.0,0.0,-0.0,-0.0,-0.0,1.0,4,0,0,corrected_integrated_root
qwen,1,risk,trait,HrSh,1,-1.0,0.25,0.5,0.0,0.25,-0.25,0.25,0.25,-0.25,0.25,-0.5,0.75,4,3,1,corrected_integrated_root
qwen,1,risk,trait,NcAs,0,1.0,0.5,0.75,0.5,0.25,0.0,0.25,0.0,0.25,0.0,0.25,0.5,4,3,2,corrected_integrated_root
qwen,1,risk,trait,NcBa,0,1.0,0.5,0.5,0.5,0.0,0.0,0.0,0.0,0.0,0.0,0.0,0.5,4,4,2,corrected_integrated_root
qwen,1,risk,trait,NcCh,0,1.0,0.75,0.5,0.75,-0.25,0.0,0.25,0.0,-0.25,0.0,-0.25,0.75,4,3,1,corrected_integrated_root
qwen,1,risk,trait,NcCm,0,1.0,0.75,0.5,0.5,-0.25,-0.25,0.25,0.25,-0.25,-0.25,0.0,0.75,4,3,1,corrected_integrated_root
qwen,1,risk,trait,NcCo,0,1.0,0.5,1.0,0.5,0.5,0.0,0.5,0.0,0.5,0.0,0.5,0.5,4,2,2,corrected_integrated_root
qwen,1,risk,trait,NcDl,0,1.0,0.75,0.5,0.75,-0.25,0.0,0.25,0.0,-0.25,0.0,-0.25,0.75,4,3,1,corrected_integrated_root
qwen,1,risk,trait,NcHa,0,1.0,0.5,0.5,0.5,0.0,0.0,0.0,0.0,0.0,0.0,0.0,0.5,4,4,2,corrected_integrated_root
qwen,1,risk,trait,NcHr,0,1.0,0.5,0.25,0.5,-0.25,0.0,0.25,0.0,-0.25,0.0,-0.25,0.5,4,3,1,corrected_integrated_root
qwen,1,risk,trait,NcNc,0,1.0,0.75,0.5,0.75,-0.25,0.0,0.25,0.0,-0.25,0.0,-0.25,0.75,4,3,1,corrected_integrated_root
qwen,1,risk,trait,NcPc,0,1.0,0.5,0.5,0.5,0.0,0.0,0.0,0.0,0.0,0.0,0.0,0.5,4,4,2,corrected_integrated_root
qwen,1,risk,trait,NcPd,0,1.0,0.75,0.5,0.5,-0.25,-0.25,0.25,0.25,-0.25,-0.25,0.0,0.75,4,3,1,corrected_integrated_root
qwen,1,risk,trait,NcSh,0,1.0,0.75,0.5,0.5,-0.25,-0.25,0.25,0.25,-0.25,-0.25,0.0,0.75,4,3,1,corrected_integrated_root
qwen,1,risk,trait,PcAs,0,2.0,1.0,0.5,1.0,-0.5,0.0,0.5,0.0,-0.5,0.0,-0.5,1.0,4,2,0,corrected_integrated_root
qwen,1,risk,trait,PcBa,0,2.0,1.0,0.5,1.0,-0.5,0.0,0.5,0.0,-0.5,0.0,-0.5,1.0,4,2,0,corrected_integrated_root
qwen,1,risk,trait,PcCh,0,2.0,1.0,0.5,1.0,-0.5,0.0,0.5,0.0,-0.5,0.0,-0.5,1.0,4,2,0,corrected_integrated_root
qwen,1,risk,trait,PcCm,0,2.0,1.0,0.5,1.0,-0.5,0.0,0.5,0.0,-0.5,0.0,-0.5,1.0,4,2,0,corrected_integrated_root
qwen,1,risk,trait,PcCo,0,2.0,1.0,0.5,1.0,-0.5,0.0,0.5,0.0,-0.5,0.0,-0.5,1.0,4,2,0,corrected_integrated_root
qwen,1,risk,trait,PcDl,0,2.0,1.0,0.5,1.0,-0.5,0.0,0.5,0.0,-0.5,0.0,-0.5,1.0,4,2,0,corrected_integrated_root
qwen,1,risk,trait,PcHa,0,2.0,1.0,0.75,1.0,-0.25,0.0,0.25,0.0,-0.25,0.0,-0.25,1.0,4,1,0,corrected_integrated_root
qwen,1,risk,trait,PcHr,0,2.0,1.0,0.5,1.0,-0.5,0.0,0.5,0.0,-0.5,0.0,-0.5,1.0,4,2,0,corrected_integrated_root
qwen,1,risk,trait,PcNc,0,2.0,1.0,0.5,1.0,-0.5,0.0,0.5,0.0,-0.5,0.0,-0.5,1.0,4,2,0,corrected_integrated_root
qwen,1,risk,trait,PcPc,0,2.0,1.0,0.5,1.0,-0.5,0.0,0.5,0.0,-0.5,0.0,-0.5,1.0,4,2,0,corrected_integrated_root
qwen,1,risk,trait,PcPd,0,2.0,1.0,0.5,1.0,-0.5,0.0,0.5,0.0,-0.5,0.0,-0.5,1.0,4,2,0,corrected_integrated_root
qwen,1,risk,trait,PcSh,0,2.0,1.0,0.5,1.0,-0.5,0.0,0.5,0.0,-0.5,0.0,-0.5,1.0,4,2,0,corrected_integrated_root
qwen,1,risk,trait,PdAs,1,-1.0,0.0,0.5,0.0,0.5,0.0,0.5,0.0,-0.5,-0.0,-0.5,1.0,4,2,0,corrected_integrated_root
qwen,1,risk,trait,PdBa,1,-1.0,0.0,0.0,0.0,0.0,0.0,0.0,0.0,-0.0,-0.0,-0.0,1.0,4,0,0,corrected_integrated_root
qwen,1,risk,trait,PdCh,1,-1.0,0.25,0.0,0.0,-0.25,-0.25,0.25,0.25,0.25,0.25,-0.0,0.75,4,1,1,corrected_integrated_root
qwen,1,risk,trait,PdCm,1,-1.0,0.0,0.0,0.0,0.0,0.0,0.0,0.0,-0.0,-0.0,-0.0,1.0,4,0,0,corrected_integrated_root
qwen,1,risk,trait,PdCo,1,-1.0,0.0,0.5,0.0,0.5,0.0,0.5,0.0,-0.5,-0.0,-0.5,1.0,4,2,0,corrected_integrated_root
qwen,1,risk,trait,PdDl,1,-1.0,0.0,0.5,0.0,0.5,0.0,0.5,0.0,-0.5,-0.0,-0.5,1.0,4,2,0,corrected_integrated_root
qwen,1,risk,trait,PdHa,1,-1.0,0.0,0.5,0.0,0.5,0.0,0.5,0.0,-0.5,-0.0,-0.5,1.0,4,2,0,corrected_integrated_root
qwen,1,risk,trait,PdHr,1,-1.0,0.0,0.0,0.0,0.0,0.0,0.0,0.0,-0.0,-0.0,-0.0,1.0,4,0,0,corrected_integrated_root
qwen,1,risk,trait,PdNc,1,-1.0,0.0,0.0,0.0,0.0,0.0,0.0,0.0,-0.0,-0.0,-0.0,1.0,4,0,0,corrected_integrated_root
qwen,1,risk,trait,PdPc,1,-1.0,0.0,0.5,0.0,0.5,0.0,0.5,0.0,-0.5,-0.0,-0.5,1.0,4,2,0,corrected_integrated_root
qwen,1,risk,trait,PdPd,1,-1.0,0.25,0.25,0.0,0.0,-0.25,0.0,0.25,-0.0,0.25,-0.25,0.75,4,2,1,corrected_integrated_root
qwen,1,risk,trait,PdSh,1,-1.0,0.0,0.5,0.0,0.5,0.0,0.5,0.0,-0.5,-0.0,-0.5,1.0,4,2,0,corrected_integrated_root
qwen,1,risk,trait,ShAs,1,-1.0,0.5,0.5,0.5,0.0,0.0,0.0,0.0,-0.0,-0.0,-0.0,0.5,4,4,2,corrected_integrated_root
qwen,1,risk,trait,ShBa,1,-1.0,0.5,0.0,0.5,-0.5,0.0,0.5,0.0,0.5,-0.0,0.5,0.5,4,2,2,corrected_integrated_root
qwen,1,risk,trait,ShCh,1,-1.0,0.5,0.0,0.5,-0.5,0.0,0.5,0.0,0.5,-0.0,0.5,0.5,4,2,2,corrected_integrated_root
qwen,1,risk,trait,ShCm,1,-1.0,0.5,0.0,0.5,-0.5,0.0,0.5,0.0,0.5,-0.0,0.5,0.5,4,2,2,corrected_integrated_root
qwen,1,risk,trait,ShCo,1,-1.0,0.5,0.5,0.5,0.0,0.0,0.0,0.0,-0.0,-0.0,-0.0,0.5,4,4,2,corrected_integrated_root
qwen,1,risk,trait,ShDl,1,-1.0,0.5,0.5,0.5,0.0,0.0,0.0,0.0,-0.0,-0.0,-0.0,0.5,4,4,2,corrected_integrated_root
qwen,1,risk,trait,ShHa,1,-1.0,0.5,0.25,0.5,-0.25,0.0,0.25,0.0,0.25,-0.0,0.25,0.5,4,3,2,corrected_integrated_root
qwen,1,risk,trait,ShHr,1,-1.0,0.5,0.0,0.5,-0.5,0.0,0.5,0.0,0.5,-0.0,0.5,0.5,4,2,2,corrected_integrated_root
qwen,1,risk,trait,ShNc,1,-1.0,0.5,0.5,0.5,0.0,0.0,0.0,0.0,-0.0,-0.0,-0.0,0.5,4,4,2,corrected_integrated_root
qwen,1,risk,trait,ShPc,1,-1.0,0.5,0.5,0.5,0.0,0.0,0.0,0.0,-0.0,-0.0,-0.0,0.5,4,4,2,corrected_integrated_root
qwen,1,risk,trait,ShPd,1,-1.0,0.5,0.0,0.5,-0.5,0.0,0.5,0.0,0.5,-0.0,0.5,0.5,4,2,2,corrected_integrated_root
qwen,1,risk,trait,ShSh,1,-1.0,0.5,0.5,0.5,0.0,0.0,0.0,0.0,-0.0,-0.0,-0.0,0.5,4,4,2,corrected_integrated_root
qwen,1,loss,trait,AsAs,1,-1.0,0.5,0.5,0.5,0.0,0.0,0.0,0.0,-0.0,-0.0,-0.0,0.5,4,4,2,corrected_integrated_root
qwen,1,loss,trait,AsBa,1,-1.0,0.75,0.5,0.5,-0.25,-0.25,0.25,0.25,0.25,0.25,-0.0,0.25,4,3,2,corrected_integrated_root
qwen,1,loss,trait,AsCh,1,-1.0,0.5,0.25,0.5,-0.25,0.0,0.25,0.0,0.25,-0.0,0.25,0.5,4,3,2,corrected_integrated_root
qwen,1,loss,trait,AsCm,1,-1.0,0.5,0.0,0.5,-0.5,0.0,0.5,0.0,0.5,-0.0,0.5,0.5,4,2,2,corrected_integrated_root
qwen,1,loss,trait,AsCo,1,-1.0,0.5,0.5,0.5,0.0,0.0,0.0,0.0,-0.0,-0.0,-0.0,0.5,4,4,2,corrected_integrated_root
qwen,1,loss,trait,AsDl,1,-1.0,0.5,0.0,0.5,-0.5,0.0,0.5,0.0,0.5,-0.0,0.5,0.5,4,2,2,corrected_integrated_root
qwen,1,loss,trait,AsHa,1,-1.0,0.5,0.5,0.5,0.0,0.0,0.0,0.0,-0.0,-0.0,-0.0,0.5,4,4,2,corrected_integrated_root
qwen,1,loss,trait,AsHr,1,-1.0,0.5,0.0,0.5,-0.5,0.0,0.5,0.0,0.5,-0.0,0.5,0.5,4,2,2,corrected_integrated_root
qwen,1,loss,trait,AsNc,1,-1.0,0.5,0.5,0.5,0.0,0.0,0.0,0.0,-0.0,-0.0,-0.0,0.5,4,4,2,corrected_integrated_root
qwen,1,loss,trait,AsPc,1,-1.0,0.5,0.5,0.5,0.0,0.0,0.0,0.0,-0.0,-0.0,-0.0,0.5,4,4,2,corrected_integrated_root
qwen,1,loss,trait,AsPd,1,-1.0,0.75,0.5,1.0,-0.25,0.25,0.25,0.25,0.25,-0.25,0.5,0.25,4,3,2,corrected_integrated_root
qwen,1,loss,trait,AsSh,1,-1.0,0.5,0.5,0.5,0.0,0.0,0.0,0.0,-0.0,-0.0,-0.0,0.5,4,4,2,corrected_integrated_root
qwen,1,loss,trait,BaAs,0,1.0,0.5,0.5,0.5,0.0,0.0,0.0,0.0,0.0,0.0,0.0,0.5,4,4,2,corrected_integrated_root
qwen,1,loss,trait,BaBa,0,1.0,0.25,0.5,0.0,0.25,-0.25,0.25,0.25,0.25,-0.25,0.5,0.25,4,3,2,corrected_integrated_root
qwen,1,loss,trait,BaCh,0,1.0,0.25,0.5,0.25,0.25,0.0,0.25,0.0,0.25,0.0,0.25,0.25,4,3,2,corrected_integrated_root
qwen,1,loss,trait,BaCm,0,1.0,0.0,0.5,0.0,0.5,0.0,0.5,0.0,0.5,0.0,0.5,0.0,4,2,2,corrected_integrated_root
qwen,1,loss,trait,BaCo,0,1.0,0.25,0.5,0.0,0.25,-0.25,0.25,0.25,0.25,-0.25,0.5,0.25,4,3,2,corrected_integrated_root
qwen,1,loss,trait,BaDl,0,1.0,0.25,0.5,0.5,0.25,0.25,0.25,0.25,0.25,0.25,0.0,0.25,4,3,2,corrected_integrated_root
qwen,1,loss,trait,BaHa,0,1.0,0.25,0.5,0.0,0.25,-0.25,0.25,0.25,0.25,-0.25,0.5,0.25,4,3,2,corrected_integrated_root
qwen,1,loss,trait,BaHr,0,1.0,0.0,0.25,0.0,0.25,0.0,0.25,0.0,0.25,0.0,0.25,0.0,4,1,1,corrected_integrated_root
qwen,1,loss,trait,BaNc,0,1.0,0.5,0.5,0.5,0.0,0.0,0.0,0.0,0.0,0.0,0.0,0.5,4,4,2,corrected_integrated_root
qwen,1,loss,trait,BaPc,0,1.0,0.25,0.5,0.0,0.25,-0.25,0.25,0.25,0.25,-0.25,0.5,0.25,4,3,2,corrected_integrated_root
qwen,1,loss,trait,BaPd,0,1.0,0.25,0.25,0.5,0.0,0.25,0.0,0.25,0.0,0.25,-0.25,0.25,4,2,1,corrected_integrated_root
qwen,1,loss,trait,BaSh,0,1.0,0.5,0.5,0.5,0.0,0.0,0.0,0.0,0.0,0.0,0.0,0.5,4,4,2,corrected_integrated_root
qwen,1,loss,trait,ChAs,0,1.0,0.25,0.5,0.0,0.25,-0.25,0.25,0.25,0.25,-0.25,0.5,0.25,4,3,2,corrected_integrated_root
qwen,1,loss,trait,ChBa,0,1.0,0.25,0.25,0.0,0.0,-0.25,0.0,0.25,0.0,-0.25,0.25,0.25,4,2,1,corrected_integrated_root
qwen,1,loss,trait,ChCh,0,1.0,0.25,0.5,0.5,0.25,0.25,0.25,0.25,0.25,0.25,0.0,0.25,4,3,2,corrected_integrated_root
qwen,1,loss,trait,ChCm,0,1.0,0.25,0.5,0.0,0.25,-0.25,0.25,0.25,0.25,-0.25,0.5,0.25,4,3,2,corrected_integrated_root
qwen,1,loss,trait,ChCo,0,1.0,0.0,0.5,0.0,0.5,0.0,0.5,0.0,0.5,0.0,0.5,0.0,4,2,2,corrected_integrated_root
qwen,1,loss,trait,ChDl,0,1.0,0.25,0.25,0.0,0.0,-0.25,0.0,0.25,0.0,-0.25,0.25,0.25,4,2,1,corrected_integrated_root
qwen,1,loss,trait,ChHa,0,1.0,0.25,0.5,0.0,0.25,-0.25,0.25,0.25,0.25,-0.25,0.5,0.25,4,3,2,corrected_integrated_root
qwen,1,loss,trait,ChHr,0,1.0,0.0,0.5,0.0,0.5,0.0,0.5,0.0,0.5,0.0,0.5,0.0,4,2,2,corrected_integrated_root
qwen,1,loss,trait,ChNc,0,1.0,0.25,0.5,0.0,0.25,-0.25,0.25,0.25,0.25,-0.25,0.5,0.25,4,3,2,corrected_integrated_root
qwen,1,loss,trait,ChPc,0,1.0,0.0,0.5,0.0,0.5,0.0,0.5,0.0,0.5,0.0,0.5,0.0,4,2,2,corrected_integrated_root
qwen,1,loss,trait,ChPd,0,1.0,0.25,0.5,0.5,0.25,0.25,0.25,0.25,0.25,0.25,0.0,0.25,4,3,2,corrected_integrated_root
qwen,1,loss,trait,ChSh,0,1.0,0.25,0.5,0.0,0.25,-0.25,0.25,0.25,0.25,-0.25,0.5,0.25,4,3,2,corrected_integrated_root
qwen,1,loss,trait,CmAs,1,-2.0,0.0,0.5,0.0,0.5,0.0,0.5,0.0,-0.5,-0.0,-0.5,1.0,4,2,0,corrected_integrated_root
qwen,1,loss,trait,CmBa,1,-2.0,0.0,0.5,0.0,0.5,0.0,0.5,0.0,-0.5,-0.0,-0.5,1.0,4,2,0,corrected_integrated_root
qwen,1,loss,trait,CmCh,1,-2.0,0.0,0.25,0.0,0.25,0.0,0.25,0.0,-0.25,-0.0,-0.25,1.0,4,1,0,corrected_integrated_root
qwen,1,loss,trait,CmCm,1,-2.0,0.0,0.25,0.0,0.25,0.0,0.25,0.0,-0.25,-0.0,-0.25,1.0,4,1,0,corrected_integrated_root
qwen,1,loss,trait,CmCo,1,-2.0,0.0,0.0,0.0,0.0,0.0,0.0,0.0,-0.0,-0.0,-0.0,1.0,4,0,0,corrected_integrated_root
qwen,1,loss,trait,CmDl,1,-2.0,0.0,0.0,0.0,0.0,0.0,0.0,0.0,-0.0,-0.0,-0.0,1.0,4,0,0,corrected_integrated_root
qwen,1,loss,trait,CmHa,1,-2.0,0.0,0.5,0.0,0.5,0.0,0.5,0.0,-0.5,-0.0,-0.5,1.0,4,2,0,corrected_integrated_root
qwen,1,loss,trait,CmHr,1,-2.0,0.0,0.25,0.0,0.25,0.0,0.25,0.0,-0.25,-0.0,-0.25,1.0,4,1,0,corrected_integrated_root
qwen,1,loss,trait,CmNc,1,-2.0,0.0,0.5,0.0,0.5,0.0,0.5,0.0,-0.5,-0.0,-0.5,1.0,4,2,0,corrected_integrated_root
qwen,1,loss,trait,CmPc,1,-2.0,0.0,0.0,0.0,0.0,0.0,0.0,0.0,-0.0,-0.0,-0.0,1.0,4,0,0,corrected_integrated_root
qwen,1,loss,trait,CmPd,1,-2.0,0.0,0.0,0.0,0.0,0.0,0.0,0.0,-0.0,-0.0,-0.0,1.0,4,0,0,corrected_integrated_root
qwen,1,loss,trait,CmSh,1,-2.0,0.0,0.5,0.0,0.5,0.0,0.5,0.0,-0.5,-0.0,-0.5,1.0,4,2,0,corrected_integrated_root
qwen,1,loss,trait,CoAs,0,1.0,0.75,0.5,0.75,-0.25,0.0,0.25,0.0,-0.25,0.0,-0.25,0.75,4,3,1,corrected_integrated_root
qwen,1,loss,trait,CoBa,0,1.0,0.75,0.5,1.0,-0.25,0.25,0.25,0.25,-0.25,0.25,-0.5,0.75,4,3,1,corrected_integrated_root
qwen,1,loss,trait,CoCh,0,1.0,0.75,0.5,1.0,-0.25,0.25,0.25,0.25,-0.25,0.25,-0.5,0.75,4,3,1,corrected_integrated_root
qwen,1,loss,trait,CoCm,0,1.0,0.5,0.5,0.75,0.0,0.25,0.0,0.25,0.0,0.25,-0.25,0.5,4,4,2,corrected_integrated_root
qwen,1,loss,trait,CoCo,0,1.0,0.5,0.5,0.75,0.0,0.25,0.0,0.25,0.0,0.25,-0.25,0.5,4,4,2,corrected_integrated_root
qwen,1,loss,trait,CoDl,0,1.0,0.75,0.5,0.75,-0.25,0.0,0.25,0.0,-0.25,0.0,-0.25,0.75,4,3,1,corrected_integrated_root
qwen,1,loss,trait,CoHa,0,1.0,0.75,1.0,1.0,0.25,0.25,0.25,0.25,0.25,0.25,0.0,0.75,4,1,1,corrected_integrated_root
qwen,1,loss,trait,CoHr,0,1.0,0.75,0.5,0.75,-0.25,0.0,0.25,0.0,-0.25,0.0,-0.25,0.75,4,3,1,corrected_integrated_root
qwen,1,loss,trait,CoNc,0,1.0,0.75,0.5,1.0,-0.25,0.25,0.25,0.25,-0.25,0.25,-0.5,0.75,4,3,1,corrected_integrated_root
qwen,1,loss,trait,CoPc,0,1.0,0.75,1.0,0.75,0.25,0.0,0.25,0.0,0.25,0.0,0.25,0.75,4,1,1,corrected_integrated_root
qwen,1,loss,trait,CoPd,0,1.0,0.75,0.5,1.0,-0.25,0.25,0.25,0.25,-0.25,0.25,-0.5,0.75,4,3,1,corrected_integrated_root
qwen,1,loss,trait,CoSh,0,1.0,1.0,0.5,1.0,-0.5,0.0,0.5,0.0,-0.5,0.0,-0.5,1.0,4,2,0,corrected_integrated_root
qwen,1,loss,trait,DlAs,1,-2.0,0.0,0.0,0.0,0.0,0.0,0.0,0.0,-0.0,-0.0,-0.0,1.0,4,0,0,corrected_integrated_root
qwen,1,loss,trait,DlBa,1,-2.0,0.0,0.0,0.0,0.0,0.0,0.0,0.0,-0.0,-0.0,-0.0,1.0,4,0,0,corrected_integrated_root
qwen,1,loss,trait,DlCh,1,-2.0,0.0,0.0,0.0,0.0,0.0,0.0,0.0,-0.0,-0.0,-0.0,1.0,4,0,0,corrected_integrated_root
qwen,1,loss,trait,DlCm,1,-2.0,0.0,0.0,0.0,0.0,0.0,0.0,0.0,-0.0,-0.0,-0.0,1.0,4,0,0,corrected_integrated_root
qwen,1,loss,trait,DlCo,1,-2.0,0.0,0.5,0.0,0.5,0.0,0.5,0.0,-0.5,-0.0,-0.5,1.0,4,2,0,corrected_integrated_root
qwen,1,loss,trait,DlDl,1,-2.0,0.0,0.0,0.0,0.0,0.0,0.0,0.0,-0.0,-0.0,-0.0,1.0,4,0,0,corrected_integrated_root
qwen,1,loss,trait,DlHa,1,-2.0,0.0,0.0,0.0,0.0,0.0,0.0,0.0,-0.0,-0.0,-0.0,1.0,4,0,0,corrected_integrated_root
qwen,1,loss,trait,DlHr,1,-2.0,0.0,0.0,0.0,0.0,0.0,0.0,0.0,-0.0,-0.0,-0.0,1.0,4,0,0,corrected_integrated_root
qwen,1,loss,trait,DlNc,1,-2.0,0.0,0.25,0.0,0.25,0.0,0.25,0.0,-0.25,-0.0,-0.25,1.0,4,1,0,corrected_integrated_root
qwen,1,loss,trait,DlPc,1,-2.0,0.0,0.5,0.0,0.5,0.0,0.5,0.0,-0.5,-0.0,-0.5,1.0,4,2,0,corrected_integrated_root
qwen,1,loss,trait,DlPd,1,-2.0,0.0,0.0,0.0,0.0,0.0,0.0,0.0,-0.0,-0.0,-0.0,1.0,4,0,0,corrected_integrated_root
qwen,1,loss,trait,DlSh,1,-2.0,0.0,0.0,0.0,0.0,0.0,0.0,0.0,-0.0,-0.0,-0.0,1.0,4,0,0,corrected_integrated_root
qwen,1,loss,trait,HaAs,0,2.0,1.0,1.0,1.0,0.0,0.0,0.0,0.0,0.0,0.0,0.0,1.0,4,0,0,corrected_integrated_root
qwen,1,loss,trait,HaBa,0,2.0,1.0,0.5,1.0,-0.5,0.0,0.5,0.0,-0.5,0.0,-0.5,1.0,4,2,0,corrected_integrated_root
qwen,1,loss,trait,HaCh,0,2.0,1.0,0.5,1.0,-0.5,0.0,0.5,0.0,-0.5,0.0,-0.5,1.0,4,2,0,corrected_integrated_root
qwen,1,loss,trait,HaCm,0,2.0,1.0,0.5,1.0,-0.5,0.0,0.5,0.0,-0.5,0.0,-0.5,1.0,4,2,0,corrected_integrated_root
qwen,1,loss,trait,HaCo,0,2.0,1.0,0.5,1.0,-0.5,0.0,0.5,0.0,-0.5,0.0,-0.5,1.0,4,2,0,corrected_integrated_root
qwen,1,loss,trait,HaDl,0,2.0,1.0,0.5,1.0,-0.5,0.0,0.5,0.0,-0.5,0.0,-0.5,1.0,4,2,0,corrected_integrated_root
qwen,1,loss,trait,HaHa,0,2.0,1.0,0.75,1.0,-0.25,0.0,0.25,0.0,-0.25,0.0,-0.25,1.0,4,1,0,corrected_integrated_root
qwen,1,loss,trait,HaHr,0,2.0,1.0,0.5,1.0,-0.5,0.0,0.5,0.0,-0.5,0.0,-0.5,1.0,4,2,0,corrected_integrated_root
qwen,1,loss,trait,HaNc,0,2.0,1.0,0.5,1.0,-0.5,0.0,0.5,0.0,-0.5,0.0,-0.5,1.0,4,2,0,corrected_integrated_root
qwen,1,loss,trait,HaPc,0,2.0,1.0,0.75,1.0,-0.25,0.0,0.25,0.0,-0.25,0.0,-0.25,1.0,4,1,0,corrected_integrated_root
qwen,1,loss,trait,HaPd,0,2.0,1.0,0.5,1.0,-0.5,0.0,0.5,0.0,-0.5,0.0,-0.5,1.0,4,2,0,corrected_integrated_root
qwen,1,loss,trait,HaSh,0,2.0,1.0,0.75,1.0,-0.25,0.0,0.25,0.0,-0.25,0.0,-0.25,1.0,4,1,0,corrected_integrated_root
qwen,1,loss,trait,HrAs,1,-1.0,0.0,0.5,0.0,0.5,0.0,0.5,0.0,-0.5,-0.0,-0.5,1.0,4,2,0,corrected_integrated_root
qwen,1,loss,trait,HrBa,1,-1.0,0.0,0.0,0.0,0.0,0.0,0.0,0.0,-0.0,-0.0,-0.0,1.0,4,0,0,corrected_integrated_root
qwen,1,loss,trait,HrCh,1,-1.0,0.0,0.25,0.0,0.25,0.0,0.25,0.0,-0.25,-0.0,-0.25,1.0,4,1,0,corrected_integrated_root
qwen,1,loss,trait,HrCm,1,-1.0,0.0,0.25,0.0,0.25,0.0,0.25,0.0,-0.25,-0.0,-0.25,1.0,4,1,0,corrected_integrated_root
qwen,1,loss,trait,HrCo,1,-1.0,0.25,0.25,0.0,0.0,-0.25,0.0,0.25,-0.0,0.25,-0.25,0.75,4,2,1,corrected_integrated_root
qwen,1,loss,trait,HrDl,1,-1.0,0.0,0.25,0.0,0.25,0.0,0.25,0.0,-0.25,-0.0,-0.25,1.0,4,1,0,corrected_integrated_root
qwen,1,loss,trait,HrHa,1,-1.0,0.0,0.5,0.0,0.5,0.0,0.5,0.0,-0.5,-0.0,-0.5,1.0,4,2,0,corrected_integrated_root
qwen,1,loss,trait,HrHr,1,-1.0,0.0,0.25,0.0,0.25,0.0,0.25,0.0,-0.25,-0.0,-0.25,1.0,4,1,0,corrected_integrated_root
qwen,1,loss,trait,HrNc,1,-1.0,0.5,0.5,0.0,0.0,-0.5,0.0,0.5,-0.0,0.5,-0.5,0.5,4,4,2,corrected_integrated_root
qwen,1,loss,trait,HrPc,1,-1.0,0.0,0.0,0.0,0.0,0.0,0.0,0.0,-0.0,-0.0,-0.0,1.0,4,0,0,corrected_integrated_root
qwen,1,loss,trait,HrPd,1,-1.0,0.0,0.0,0.0,0.0,0.0,0.0,0.0,-0.0,-0.0,-0.0,1.0,4,0,0,corrected_integrated_root
qwen,1,loss,trait,HrSh,1,-1.0,0.25,0.5,0.0,0.25,-0.25,0.25,0.25,-0.25,0.25,-0.5,0.75,4,3,1,corrected_integrated_root
qwen,1,loss,trait,NcAs,0,1.0,0.5,1.0,0.5,0.5,0.0,0.5,0.0,0.5,0.0,0.5,0.5,4,2,2,corrected_integrated_root
qwen,1,loss,trait,NcBa,0,1.0,0.5,0.0,0.5,-0.5,0.0,0.5,0.0,-0.5,0.0,-0.5,0.5,4,2,0,corrected_integrated_root
qwen,1,loss,trait,NcCh,0,1.0,0.75,0.5,0.75,-0.25,0.0,0.25,0.0,-0.25,0.0,-0.25,0.75,4,3,1,corrected_integrated_root
qwen,1,loss,trait,NcCm,0,1.0,0.75,0.5,0.5,-0.25,-0.25,0.25,0.25,-0.25,-0.25,0.0,0.75,4,3,1,corrected_integrated_root
qwen,1,loss,trait,NcCo,0,1.0,0.5,0.75,0.5,0.25,0.0,0.25,0.0,0.25,0.0,0.25,0.5,4,3,2,corrected_integrated_root
qwen,1,loss,trait,NcDl,0,1.0,0.75,0.5,0.75,-0.25,0.0,0.25,0.0,-0.25,0.0,-0.25,0.75,4,3,1,corrected_integrated_root
qwen,1,loss,trait,NcHa,0,1.0,0.5,0.5,0.5,0.0,0.0,0.0,0.0,0.0,0.0,0.0,0.5,4,4,2,corrected_integrated_root
qwen,1,loss,trait,NcHr,0,1.0,0.5,0.25,0.5,-0.25,0.0,0.25,0.0,-0.25,0.0,-0.25,0.5,4,3,1,corrected_integrated_root
qwen,1,loss,trait,NcNc,0,1.0,0.75,0.5,0.75,-0.25,0.0,0.25,0.0,-0.25,0.0,-0.25,0.75,4,3,1,corrected_integrated_root
qwen,1,loss,trait,NcPc,0,1.0,0.5,0.5,0.5,0.0,0.0,0.0,0.0,0.0,0.0,0.0,0.5,4,4,2,corrected_integrated_root
qwen,1,loss,trait,NcPd,0,1.0,0.75,0.5,0.5,-0.25,-0.25,0.25,0.25,-0.25,-0.25,0.0,0.75,4,3,1,corrected_integrated_root
qwen,1,loss,trait,NcSh,0,1.0,0.75,0.5,0.5,-0.25,-0.25,0.25,0.25,-0.25,-0.25,0.0,0.75,4,3,1,corrected_integrated_root
qwen,1,loss,trait,PcAs,0,2.0,1.0,0.5,1.0,-0.5,0.0,0.5,0.0,-0.5,0.0,-0.5,1.0,4,2,0,corrected_integrated_root
qwen,1,loss,trait,PcBa,0,2.0,1.0,0.5,1.0,-0.5,0.0,0.5,0.0,-0.5,0.0,-0.5,1.0,4,2,0,corrected_integrated_root
qwen,1,loss,trait,PcCh,0,2.0,1.0,0.5,1.0,-0.5,0.0,0.5,0.0,-0.5,0.0,-0.5,1.0,4,2,0,corrected_integrated_root
qwen,1,loss,trait,PcCm,0,2.0,1.0,0.5,1.0,-0.5,0.0,0.5,0.0,-0.5,0.0,-0.5,1.0,4,2,0,corrected_integrated_root
qwen,1,loss,trait,PcCo,0,2.0,1.0,0.75,1.0,-0.25,0.0,0.25,0.0,-0.25,0.0,-0.25,1.0,4,1,0,corrected_integrated_root
qwen,1,loss,trait,PcDl,0,2.0,1.0,0.5,1.0,-0.5,0.0,0.5,0.0,-0.5,0.0,-0.5,1.0,4,2,0,corrected_integrated_root
qwen,1,loss,trait,PcHa,0,2.0,1.0,1.0,1.0,0.0,0.0,0.0,0.0,0.0,0.0,0.0,1.0,4,0,0,corrected_integrated_root
qwen,1,loss,trait,PcHr,0,2.0,1.0,0.5,1.0,-0.5,0.0,0.5,0.0,-0.5,0.0,-0.5,1.0,4,2,0,corrected_integrated_root
qwen,1,loss,trait,PcNc,0,2.0,1.0,0.5,1.0,-0.5,0.0,0.5,0.0,-0.5,0.0,-0.5,1.0,4,2,0,corrected_integrated_root
qwen,1,loss,trait,PcPc,0,2.0,1.0,0.75,1.0,-0.25,0.0,0.25,0.0,-0.25,0.0,-0.25,1.0,4,1,0,corrected_integrated_root
qwen,1,loss,trait,PcPd,0,2.0,1.0,0.5,1.0,-0.5,0.0,0.5,0.0,-0.5,0.0,-0.5,1.0,4,2,0,corrected_integrated_root
qwen,1,loss,trait,PcSh,0,2.0,1.0,0.5,1.0,-0.5,0.0,0.5,0.0,-0.5,0.0,-0.5,1.0,4,2,0,corrected_integrated_root
qwen,1,loss,trait,PdAs,1,-1.0,0.0,0.5,0.0,0.5,0.0,0.5,0.0,-0.5,-0.0,-0.5,1.0,4,2,0,corrected_integrated_root
qwen,1,loss,trait,PdBa,1,-1.0,0.0,0.0,0.0,0.0,0.0,0.0,0.0,-0.0,-0.0,-0.0,1.0,4,0,0,corrected_integrated_root
qwen,1,loss,trait,PdCh,1,-1.0,0.25,0.0,0.0,-0.25,-0.25,0.25,0.25,0.25,0.25,-0.0,0.75,4,1,1,corrected_integrated_root
qwen,1,loss,trait,PdCm,1,-1.0,0.0,0.0,0.0,0.0,0.0,0.0,0.0,-0.0,-0.0,-0.0,1.0,4,0,0,corrected_integrated_root
qwen,1,loss,trait,PdCo,1,-1.0,0.0,0.5,0.0,0.5,0.0,0.5,0.0,-0.5,-0.0,-0.5,1.0,4,2,0,corrected_integrated_root
qwen,1,loss,trait,PdDl,1,-1.0,0.0,0.0,0.0,0.0,0.0,0.0,0.0,-0.0,-0.0,-0.0,1.0,4,0,0,corrected_integrated_root
qwen,1,loss,trait,PdHa,1,-1.0,0.0,0.5,0.0,0.5,0.0,0.5,0.0,-0.5,-0.0,-0.5,1.0,4,2,0,corrected_integrated_root
qwen,1,loss,trait,PdHr,1,-1.0,0.0,0.0,0.0,0.0,0.0,0.0,0.0,-0.0,-0.0,-0.0,1.0,4,0,0,corrected_integrated_root
qwen,1,loss,trait,PdNc,1,-1.0,0.0,0.0,0.0,0.0,0.0,0.0,0.0,-0.0,-0.0,-0.0,1.0,4,0,0,corrected_integrated_root
qwen,1,loss,trait,PdPc,1,-1.0,0.0,0.5,0.0,0.5,0.0,0.5,0.0,-0.5,-0.0,-0.5,1.0,4,2,0,corrected_integrated_root
qwen,1,loss,trait,PdPd,1,-1.0,0.25,0.0,0.0,-0.25,-0.25,0.25,0.25,0.25,0.25,-0.0,0.75,4,1,1,corrected_integrated_root
qwen,1,loss,trait,PdSh,1,-1.0,0.0,0.5,0.0,0.5,0.0,0.5,0.0,-0.5,-0.0,-0.5,1.0,4,2,0,corrected_integrated_root
qwen,1,loss,trait,ShAs,1,-1.0,0.5,0.5,0.5,0.0,0.0,0.0,0.0,-0.0,-0.0,-0.0,0.5,4,4,2,corrected_integrated_root
qwen,1,loss,trait,ShBa,1,-1.0,0.5,0.0,0.5,-0.5,0.0,0.5,0.0,0.5,-0.0,0.5,0.5,4,2,2,corrected_integrated_root
qwen,1,loss,trait,ShCh,1,-1.0,0.5,0.0,0.5,-0.5,0.0,0.5,0.0,0.5,-0.0,0.5,0.5,4,2,2,corrected_integrated_root
qwen,1,loss,trait,ShCm,1,-1.0,0.5,0.0,0.5,-0.5,0.0,0.5,0.0,0.5,-0.0,0.5,0.5,4,2,2,corrected_integrated_root
qwen,1,loss,trait,ShCo,1,-1.0,0.5,0.5,0.5,0.0,0.0,0.0,0.0,-0.0,-0.0,-0.0,0.5,4,4,2,corrected_integrated_root
qwen,1,loss,trait,ShDl,1,-1.0,0.5,0.0,0.5,-0.5,0.0,0.5,0.0,0.5,-0.0,0.5,0.5,4,2,2,corrected_integrated_root
qwen,1,loss,trait,ShHa,1,-1.0,0.5,0.0,0.5,-0.5,0.0,0.5,0.0,0.5,-0.0,0.5,0.5,4,2,2,corrected_integrated_root
qwen,1,loss,trait,ShHr,1,-1.0,0.5,0.0,0.5,-0.5,0.0,0.5,0.0,0.5,-0.0,0.5,0.5,4,2,2,corrected_integrated_root
qwen,1,loss,trait,ShNc,1,-1.0,0.5,0.25,0.5,-0.25,0.0,0.25,0.0,0.25,-0.0,0.25,0.5,4,3,2,corrected_integrated_root
qwen,1,loss,trait,ShPc,1,-1.0,0.5,0.5,0.5,0.0,0.0,0.0,0.0,-0.0,-0.0,-0.0,0.5,4,4,2,corrected_integrated_root
qwen,1,loss,trait,ShPd,1,-1.0,0.5,0.0,0.5,-0.5,0.0,0.5,0.0,0.5,-0.0,0.5,0.5,4,2,2,corrected_integrated_root
qwen,1,loss,trait,ShSh,1,-1.0,0.5,0.25,0.5,-0.25,0.0,0.25,0.0,0.25,-0.0,0.25,0.5,4,3,2,corrected_integrated_root
qwen,1,inequity,trait,AsBa,1,-1.0,0.75,0.0,0.5,-0.75,-0.25,0.75,0.25,0.75,0.25,0.5,0.25,4,3,3,corrected_integrated_root
qwen,1,inequity,trait,AsCh,1,-1.0,0.5,0.0,0.5,-0.5,0.0,0.5,0.0,0.5,-0.0,0.5,0.5,4,2,2,corrected_integrated_root
qwen,1,inequity,trait,AsCm,1,-3.0,0.5,0.0,0.5,-0.5,0.0,0.5,0.0,0.5,-0.0,0.5,0.5,4,2,2,corrected_integrated_root
qwen,1,inequity,trait,AsDl,1,-2.0,0.5,0.0,0.5,-0.5,0.0,0.5,0.0,0.5,-0.0,0.5,0.5,4,2,2,corrected_integrated_root
qwen,1,inequity,trait,AsHa,0,1.0,0.5,1.0,0.5,0.5,0.0,0.5,0.0,0.5,0.0,0.5,0.5,4,2,2,corrected_integrated_root
qwen,1,inequity,trait,AsHr,1,-2.0,0.5,0.0,0.5,-0.5,0.0,0.5,0.0,0.5,-0.0,0.5,0.5,4,2,2,corrected_integrated_root
qwen,1,inequity,trait,AsPc,0,1.0,0.5,1.0,0.5,0.5,0.0,0.5,0.0,0.5,0.0,0.5,0.5,4,2,2,corrected_integrated_root
qwen,1,inequity,trait,AsPd,1,-1.0,0.75,0.0,1.0,-0.75,0.25,0.75,0.25,0.75,-0.25,1.0,0.25,4,3,3,corrected_integrated_root
qwen,1,inequity,trait,BaAs,0,1.0,0.5,1.0,0.5,0.5,0.0,0.5,0.0,0.5,0.0,0.5,0.5,4,2,2,corrected_integrated_root
qwen,1,inequity,trait,BaCm,0,1.0,0.0,0.25,0.0,0.25,0.0,0.25,0.0,0.25,0.0,0.25,0.0,4,1,1,corrected_integrated_root
qwen,1,inequity,trait,BaDl,0,2.0,0.25,1.0,0.5,0.75,0.25,0.75,0.25,0.75,0.25,0.5,0.25,4,3,3,corrected_integrated_root
qwen,1,inequity,trait,BaHa,1,-1.0,0.25,0.25,0.0,0.0,-0.25,0.0,0.25,-0.0,0.25,-0.25,0.75,4,2,1,corrected_integrated_root
qwen,1,inequity,trait,BaPc,1,-1.0,0.25,0.0,0.0,-0.25,-0.25,0.25,0.25,0.25,0.25,-0.0,0.75,4,1,1,corrected_integrated_root
qwen,1,inequity,trait,BaPd,0,1.0,0.25,0.5,0.5,0.25,0.25,0.25,0.25,0.25,0.25,0.0,0.25,4,3,2,corrected_integrated_root
qwen,1,inequity,trait,BaSh,0,1.0,0.5,1.0,0.5,0.5,0.0,0.5,0.0,0.5,0.0,0.5,0.5,4,2,2,corrected_integrated_root
qwen,1,inequity,trait,ChAs,0,2.0,0.25,1.0,0.0,0.75,-0.25,0.75,0.25,0.75,-0.25,1.0,0.25,4,3,3,corrected_integrated_root
qwen,1,inequity,trait,ChBa,1,-1.0,0.25,0.0,0.0,-0.25,-0.25,0.25,0.25,0.25,0.25,-0.0,0.75,4,1,1,corrected_integrated_root
qwen,1,inequity,trait,ChCo,0,1.0,0.0,0.5,0.0,0.5,0.0,0.5,0.0,0.5,0.0,0.5,0.0,4,2,2,corrected_integrated_root
qwen,1,inequity,trait,ChDl,0,1.0,0.25,1.0,0.0,0.75,-0.25,0.75,0.25,0.75,-0.25,1.0,0.25,4,3,3,corrected_integrated_root
qwen,1,inequity,trait,ChHr,1,-1.0,0.0,0.0,0.0,0.0,0.0,0.0,0.0,-0.0,-0.0,-0.0,1.0,4,0,0,corrected_integrated_root
qwen,1,inequity,trait,ChPd,0,1.0,0.25,1.0,0.5,0.75,0.25,0.75,0.25,0.75,0.25,0.5,0.25,4,3,3,corrected_integrated_root
qwen,1,inequity,trait,ChSh,0,1.0,0.25,0.5,0.0,0.25,-0.25,0.25,0.25,0.25,-0.25,0.5,0.25,4,3,2,corrected_integrated_root
qwen,1,inequity,trait,CmCo,1,-1.0,0.0,0.0,0.0,0.0,0.0,0.0,0.0,-0.0,-0.0,-0.0,1.0,4,0,0,corrected_integrated_root
qwen,1,inequity,trait,CmPc,1,-1.0,0.0,0.0,0.0,0.0,0.0,0.0,0.0,-0.0,-0.0,-0.0,1.0,4,0,0,corrected_integrated_root
qwen,1,inequity,trait,CoCm,1,-2.0,0.5,0.0,0.75,-0.5,0.25,0.5,0.25,0.5,-0.25,0.75,0.5,4,2,2,corrected_integrated_root
qwen,1,inequity,trait,CoDl,1,-2.0,0.75,0.0,0.75,-0.75,0.0,0.75,0.0,0.75,-0.0,0.75,0.25,4,3,3,corrected_integrated_root
qwen,1,inequity,trait,CoHa,0,2.0,0.75,1.0,1.0,0.25,0.25,0.25,0.25,0.25,0.25,0.0,0.75,4,1,1,corrected_integrated_root
qwen,1,inequity,trait,CoHr,1,-1.0,0.75,0.25,0.75,-0.5,0.0,0.5,0.0,0.5,-0.0,0.5,0.25,4,2,2,corrected_integrated_root
qwen,1,inequity,trait,CoNc,0,1.0,0.75,1.0,1.0,0.25,0.25,0.25,0.25,0.25,0.25,0.0,0.75,4,1,1,corrected_integrated_root
qwen,1,inequity,trait,CoPc,0,1.0,0.75,1.0,0.75,0.25,0.0,0.25,0.0,0.25,0.0,0.25,0.75,4,1,1,corrected_integrated_root
qwen,1,inequity,trait,CoPd,1,-1.0,0.75,0.25,1.0,-0.5,0.25,0.5,0.25,0.5,-0.25,0.75,0.25,4,4,3,corrected_integrated_root
qwen,1,inequity,trait,DlCm,1,-1.0,0.0,0.0,0.0,0.0,0.0,0.0,0.0,-0.0,-0.0,-0.0,1.0,4,0,0,corrected_integrated_root
qwen,1,inequity,trait,DlHr,1,-1.0,0.0,0.0,0.0,0.0,0.0,0.0,0.0,-0.0,-0.0,-0.0,1.0,4,0,0,corrected_integrated_root
qwen,1,inequity,trait,HaAs,0,1.0,1.0,1.0,1.0,0.0,0.0,0.0,0.0,0.0,0.0,0.0,1.0,4,0,0,corrected_integrated_root
qwen,1,inequity,trait,HaBa,1,-1.0,1.0,0.5,1.0,-0.5,0.0,0.5,0.0,0.5,-0.0,0.5,0.0,4,2,2,corrected_integrated_root
qwen,1,inequity,trait,HaCh,1,-1.0,1.0,0.5,1.0,-0.5,0.0,0.5,0.0,0.5,-0.0,0.5,0.0,4,2,2,corrected_integrated_root
qwen,1,inequity,trait,HaCm,1,-1.0,1.0,0.25,1.0,-0.75,0.0,0.75,0.0,0.75,-0.0,0.75,0.0,4,3,3,corrected_integrated_root
qwen,1,inequity,trait,HaHr,1,-1.0,1.0,0.5,1.0,-0.5,0.0,0.5,0.0,0.5,-0.0,0.5,0.0,4,2,2,corrected_integrated_root
qwen,1,inequity,trait,HaSh,0,1.0,1.0,1.0,1.0,0.0,0.0,0.0,0.0,0.0,0.0,0.0,1.0,4,0,0,corrected_integrated_root
qwen,1,inequity,trait,HrCm,0,1.0,0.0,0.0,0.0,0.0,0.0,0.0,0.0,0.0,0.0,0.0,0.0,4,0,0,corrected_integrated_root
qwen,1,inequity,trait,HrCo,1,-1.0,0.25,0.0,0.0,-0.25,-0.25,0.25,0.25,0.25,0.25,-0.0,0.75,4,1,1,corrected_integrated_root
qwen,1,inequity,trait,HrDl,0,1.0,0.0,0.5,0.0,0.5,0.0,0.5,0.0,0.5,0.0,0.5,0.0,4,2,2,corrected_integrated_root
qwen,1,inequity,trait,HrHa,1,-1.0,0.0,0.25,0.0,0.25,0.0,0.25,0.0,-0.25,-0.0,-0.25,1.0,4,1,0,corrected_integrated_root
qwen,1,inequity,trait,HrPc,1,-2.0,0.0,0.0,0.0,0.0,0.0,0.0,0.0,-0.0,-0.0,-0.0,1.0,4,0,0,corrected_integrated_root
qwen,1,inequity,trait,NcAs,0,2.0,0.5,1.0,0.5,0.5,0.0,0.5,0.0,0.5,0.0,0.5,0.5,4,2,2,corrected_integrated_root
qwen,1,inequity,trait,NcBa,1,-2.0,0.5,0.0,0.5,-0.5,0.0,0.5,0.0,0.5,-0.0,0.5,0.5,4,2,2,corrected_integrated_root
qwen,1,inequity,trait,NcCh,1,-1.0,0.75,0.0,0.75,-0.75,0.0,0.75,0.0,0.75,-0.0,0.75,0.25,4,3,3,corrected_integrated_root
qwen,1,inequity,trait,NcCm,1,-1.0,0.75,0.0,0.5,-0.75,-0.25,0.75,0.25,0.75,0.25,0.5,0.25,4,3,3,corrected_integrated_root
qwen,1,inequity,trait,NcCo,0,1.0,0.5,1.0,0.5,0.5,0.0,0.5,0.0,0.5,0.0,0.5,0.5,4,2,2,corrected_integrated_root
qwen,1,inequity,trait,NcHr,1,-2.0,0.5,0.0,0.5,-0.5,0.0,0.5,0.0,0.5,-0.0,0.5,0.5,4,2,2,corrected_integrated_root
qwen,1,inequity,trait,NcSh,0,1.0,0.75,1.0,0.5,0.25,-0.25,0.25,0.25,0.25,-0.25,0.5,0.75,4,1,1,corrected_integrated_root
qwen,1,inequity,trait,PcCm,1,-1.0,1.0,0.5,1.0,-0.5,0.0,0.5,0.0,0.5,-0.0,0.5,0.0,4,2,2,corrected_integrated_root
qwen,1,inequity,trait,PcDl,1,-1.0,1.0,0.5,1.0,-0.5,0.0,0.5,0.0,0.5,-0.0,0.5,0.0,4,2,2,corrected_integrated_root
qwen,1,inequity,trait,PcHa,0,1.0,1.0,1.0,1.0,0.0,0.0,0.0,0.0,0.0,0.0,0.0,1.0,4,0,0,corrected_integrated_root
qwen,1,inequity,trait,PcHr,1,-1.0,1.0,0.5,1.0,-0.5,0.0,0.5,0.0,0.5,-0.0,0.5,0.0,4,2,2,corrected_integrated_root
qwen,1,inequity,trait,PcNc,0,1.0,1.0,1.0,1.0,0.0,0.0,0.0,0.0,0.0,0.0,0.0,1.0,4,0,0,corrected_integrated_root
qwen,1,inequity,trait,PcPd,1,-1.0,1.0,0.25,1.0,-0.75,0.0,0.75,0.0,0.75,-0.0,0.75,0.0,4,3,3,corrected_integrated_root
qwen,1,inequity,trait,PdAs,0,1.0,0.0,0.5,0.0,0.5,0.0,0.5,0.0,0.5,0.0,0.5,0.0,4,2,2,corrected_integrated_root
qwen,1,inequity,trait,PdBa,1,-1.0,0.0,0.0,0.0,0.0,0.0,0.0,0.0,-0.0,-0.0,-0.0,1.0,4,0,0,corrected_integrated_root
qwen,1,inequity,trait,PdCm,1,-1.0,0.0,0.0,0.0,0.0,0.0,0.0,0.0,-0.0,-0.0,-0.0,1.0,4,0,0,corrected_integrated_root
qwen,1,inequity,trait,PdCo,0,1.0,0.0,0.5,0.0,0.5,0.0,0.5,0.0,0.5,0.0,0.5,0.0,4,2,2,corrected_integrated_root
qwen,1,inequity,trait,PdHr,1,-2.0,0.0,0.0,0.0,0.0,0.0,0.0,0.0,-0.0,-0.0,-0.0,1.0,4,0,0,corrected_integrated_root
qwen,1,inequity,trait,ShAs,0,1.0,0.5,1.0,0.5,0.5,0.0,0.5,0.0,0.5,0.0,0.5,0.5,4,2,2,corrected_integrated_root
qwen,1,inequity,trait,ShBa,1,-2.0,0.5,0.0,0.5,-0.5,0.0,0.5,0.0,0.5,-0.0,0.5,0.5,4,2,2,corrected_integrated_root
qwen,1,inequity,trait,ShCh,1,-1.0,0.5,0.0,0.5,-0.5,0.0,0.5,0.0,0.5,-0.0,0.5,0.5,4,2,2,corrected_integrated_root
qwen,1,inequity,trait,ShCm,1,-2.0,0.5,0.0,0.5,-0.5,0.0,0.5,0.0,0.5,-0.0,0.5,0.5,4,2,2,corrected_integrated_root
qwen,1,inequity,trait,ShCo,0,1.0,0.5,1.0,0.5,0.5,0.0,0.5,0.0,0.5,0.0,0.5,0.5,4,2,2,corrected_integrated_root
qwen,1,inequity,trait,ShDl,1,-1.0,0.5,0.0,0.5,-0.5,0.0,0.5,0.0,0.5,-0.0,0.5,0.5,4,2,2,corrected_integrated_root
qwen,1,inequity,trait,ShHr,1,-3.0,0.5,0.0,0.5,-0.5,0.0,0.5,0.0,0.5,-0.0,0.5,0.5,4,2,2,corrected_integrated_root
qwen,1,inequity,trait,ShPd,1,-1.0,0.5,0.0,0.5,-0.5,0.0,0.5,0.0,0.5,-0.0,0.5,0.5,4,2,2,corrected_integrated_root
qwen,1,selfish,trait,CmAs,1,-2.0,0.0,0.0,0.0,0.0,0.0,0.0,0.0,-0.0,-0.0,-0.0,1.0,4,0,0,corrected_integrated_root
qwen,1,selfish,trait,CmBa,1,-2.0,0.0,0.0,0.0,0.0,0.0,0.0,0.0,-0.0,-0.0,-0.0,1.0,4,0,0,corrected_integrated_root
qwen,1,selfish,trait,CmCh,1,-2.0,0.0,0.0,0.0,0.0,0.0,0.0,0.0,-0.0,-0.0,-0.0,1.0,4,0,0,corrected_integrated_root
qwen,1,selfish,trait,CmCm,1,-2.0,0.0,0.0,0.0,0.0,0.0,0.0,0.0,-0.0,-0.0,-0.0,1.0,4,0,0,corrected_integrated_root
qwen,1,selfish,trait,CmCo,1,-2.0,0.0,0.0,0.0,0.0,0.0,0.0,0.0,-0.0,-0.0,-0.0,1.0,4,0,0,corrected_integrated_root
qwen,1,selfish,trait,CmDl,1,-2.0,0.0,0.0,0.0,0.0,0.0,0.0,0.0,-0.0,-0.0,-0.0,1.0,4,0,0,corrected_integrated_root
qwen,1,selfish,trait,CmHa,1,-2.0,0.0,0.0,0.0,0.0,0.0,0.0,0.0,-0.0,-0.0,-0.0,1.0,4,0,0,corrected_integrated_root
qwen,1,selfish,trait,CmHr,1,-2.0,0.0,0.0,0.0,0.0,0.0,0.0,0.0,-0.0,-0.0,-0.0,1.0,4,0,0,corrected_integrated_root
qwen,1,selfish,trait,CmNc,1,-2.0,0.0,0.0,0.0,0.0,0.0,0.0,0.0,-0.0,-0.0,-0.0,1.0,4,0,0,corrected_integrated_root
qwen,1,selfish,trait,CmPc,1,-2.0,0.0,0.0,0.0,0.0,0.0,0.0,0.0,-0.0,-0.0,-0.0,1.0,4,0,0,corrected_integrated_root
qwen,1,selfish,trait,CmPd,1,-2.0,0.0,0.0,0.0,0.0,0.0,0.0,0.0,-0.0,-0.0,-0.0,1.0,4,0,0,corrected_integrated_root
qwen,1,selfish,trait,CmSh,1,-2.0,0.0,0.0,0.0,0.0,0.0,0.0,0.0,-0.0,-0.0,-0.0,1.0,4,0,0,corrected_integrated_root
qwen,1,selfish,trait,CoAs,0,1.0,0.75,0.75,0.75,0.0,0.0,0.0,0.0,0.0,0.0,0.0,0.75,4,2,1,corrected_integrated_root
qwen,1,selfish,trait,CoBa,0,1.0,0.75,1.0,1.0,0.25,0.25,0.25,0.25,0.25,0.25,0.0,0.75,4,1,1,corrected_integrated_root
qwen,1,selfish,trait,CoCh,0,1.0,0.75,1.0,1.0,0.25,0.25,0.25,0.25,0.25,0.25,0.0,0.75,4,1,1,corrected_integrated_root
qwen,1,selfish,trait,CoCm,0,1.0,0.5,1.0,0.75,0.5,0.25,0.5,0.25,0.5,0.25,0.25,0.5,4,2,2,corrected_integrated_root
qwen,1,selfish,trait,CoCo,0,1.0,0.5,1.0,0.75,0.5,0.25,0.5,0.25,0.5,0.25,0.25,0.5,4,2,2,corrected_integrated_root
qwen,1,selfish,trait,CoDl,0,1.0,0.75,1.0,0.75,0.25,0.0,0.25,0.0,0.25,0.0,0.25,0.75,4,1,1,corrected_integrated_root
qwen,1,selfish,trait,CoHa,0,1.0,0.75,0.5,1.0,-0.25,0.25,0.25,0.25,-0.25,0.25,-0.5,0.75,4,1,0,corrected_integrated_root
qwen,1,selfish,trait,CoHr,0,1.0,0.75,1.0,0.75,0.25,0.0,0.25,0.0,0.25,0.0,0.25,0.75,4,1,1,corrected_integrated_root
qwen,1,selfish,trait,CoNc,0,1.0,0.75,1.0,1.0,0.25,0.25,0.25,0.25,0.25,0.25,0.0,0.75,4,1,1,corrected_integrated_root
qwen,1,selfish,trait,CoPc,0,1.0,0.75,1.0,0.75,0.25,0.0,0.25,0.0,0.25,0.0,0.25,0.75,4,1,1,corrected_integrated_root
qwen,1,selfish,trait,CoPd,0,1.0,0.75,1.0,1.0,0.25,0.25,0.25,0.25,0.25,0.25,0.0,0.75,4,1,1,corrected_integrated_root
qwen,1,selfish,trait,CoSh,0,1.0,1.0,1.0,1.0,0.0,0.0,0.0,0.0,0.0,0.0,0.0,1.0,4,0,0,corrected_integrated_root
qwen,1,selfish,trait,DlAs,1,-2.0,0.0,0.0,0.0,0.0,0.0,0.0,0.0,-0.0,-0.0,-0.0,1.0,4,0,0,corrected_integrated_root
qwen,1,selfish,trait,DlBa,1,-2.0,0.0,0.0,0.0,0.0,0.0,0.0,0.0,-0.0,-0.0,-0.0,1.0,4,0,0,corrected_integrated_root
qwen,1,selfish,trait,DlCh,1,-2.0,0.0,0.0,0.0,0.0,0.0,0.0,0.0,-0.0,-0.0,-0.0,1.0,4,0,0,corrected_integrated_root
qwen,1,selfish,trait,DlCm,1,-2.0,0.0,0.0,0.0,0.0,0.0,0.0,0.0,-0.0,-0.0,-0.0,1.0,4,0,0,corrected_integrated_root
qwen,1,selfish,trait,DlCo,1,-2.0,0.0,0.0,0.0,0.0,0.0,0.0,0.0,-0.0,-0.0,-0.0,1.0,4,0,0,corrected_integrated_root
qwen,1,selfish,trait,DlDl,1,-2.0,0.0,0.0,0.0,0.0,0.0,0.0,0.0,-0.0,-0.0,-0.0,1.0,4,0,0,corrected_integrated_root
qwen,1,selfish,trait,DlHa,1,-2.0,0.0,0.0,0.0,0.0,0.0,0.0,0.0,-0.0,-0.0,-0.0,1.0,4,0,0,corrected_integrated_root
qwen,1,selfish,trait,DlHr,1,-2.0,0.0,0.0,0.0,0.0,0.0,0.0,0.0,-0.0,-0.0,-0.0,1.0,4,0,0,corrected_integrated_root
qwen,1,selfish,trait,DlNc,1,-2.0,0.0,0.0,0.0,0.0,0.0,0.0,0.0,-0.0,-0.0,-0.0,1.0,4,0,0,corrected_integrated_root
qwen,1,selfish,trait,DlPc,1,-2.0,0.0,0.0,0.0,0.0,0.0,0.0,0.0,-0.0,-0.0,-0.0,1.0,4,0,0,corrected_integrated_root
qwen,1,selfish,trait,DlPd,1,-2.0,0.0,0.0,0.0,0.0,0.0,0.0,0.0,-0.0,-0.0,-0.0,1.0,4,0,0,corrected_integrated_root
qwen,1,selfish,trait,DlSh,1,-2.0,0.0,0.0,0.0,0.0,0.0,0.0,0.0,-0.0,-0.0,-0.0,1.0,4,0,0,corrected_integrated_root
qwen,1,selfish,trait,HaAs,0,2.0,1.0,1.0,1.0,0.0,0.0,0.0,0.0,0.0,0.0,0.0,1.0,4,0,0,corrected_integrated_root
qwen,1,selfish,trait,HaBa,0,2.0,1.0,1.0,1.0,0.0,0.0,0.0,0.0,0.0,0.0,0.0,1.0,4,0,0,corrected_integrated_root
qwen,1,selfish,trait,HaCh,0,2.0,1.0,1.0,1.0,0.0,0.0,0.0,0.0,0.0,0.0,0.0,1.0,4,0,0,corrected_integrated_root
qwen,1,selfish,trait,HaCm,0,2.0,1.0,1.0,1.0,0.0,0.0,0.0,0.0,0.0,0.0,0.0,1.0,4,0,0,corrected_integrated_root
qwen,1,selfish,trait,HaCo,0,2.0,1.0,1.0,1.0,0.0,0.0,0.0,0.0,0.0,0.0,0.0,1.0,4,0,0,corrected_integrated_root
qwen,1,selfish,trait,HaDl,0,2.0,1.0,1.0,1.0,0.0,0.0,0.0,0.0,0.0,0.0,0.0,1.0,4,0,0,corrected_integrated_root
qwen,1,selfish,trait,HaHa,0,2.0,1.0,1.0,1.0,0.0,0.0,0.0,0.0,0.0,0.0,0.0,1.0,4,0,0,corrected_integrated_root
qwen,1,selfish,trait,HaHr,0,2.0,1.0,1.0,1.0,0.0,0.0,0.0,0.0,0.0,0.0,0.0,1.0,4,0,0,corrected_integrated_root
qwen,1,selfish,trait,HaNc,0,2.0,1.0,1.0,1.0,0.0,0.0,0.0,0.0,0.0,0.0,0.0,1.0,4,0,0,corrected_integrated_root
qwen,1,selfish,trait,HaPc,0,2.0,1.0,1.0,1.0,0.0,0.0,0.0,0.0,0.0,0.0,0.0,1.0,4,0,0,corrected_integrated_root
qwen,1,selfish,trait,HaPd,0,2.0,1.0,1.0,1.0,0.0,0.0,0.0,0.0,0.0,0.0,0.0,1.0,4,0,0,corrected_integrated_root
qwen,1,selfish,trait,HaSh,0,2.0,1.0,1.0,1.0,0.0,0.0,0.0,0.0,0.0,0.0,0.0,1.0,4,0,0,corrected_integrated_root
qwen,1,selfish,trait,HrAs,1,-1.0,0.0,0.0,0.0,0.0,0.0,0.0,0.0,-0.0,-0.0,-0.0,1.0,4,0,0,corrected_integrated_root
qwen,1,selfish,trait,HrBa,1,-1.0,0.0,0.0,0.0,0.0,0.0,0.0,0.0,-0.0,-0.0,-0.0,1.0,4,0,0,corrected_integrated_root
qwen,1,selfish,trait,HrCh,1,-1.0,0.0,0.0,0.0,0.0,0.0,0.0,0.0,-0.0,-0.0,-0.0,1.0,4,0,0,corrected_integrated_root
qwen,1,selfish,trait,HrCm,1,-1.0,0.0,0.0,0.0,0.0,0.0,0.0,0.0,-0.0,-0.0,-0.0,1.0,4,0,0,corrected_integrated_root
qwen,1,selfish,trait,HrCo,1,-1.0,0.25,0.0,0.0,-0.25,-0.25,0.25,0.25,0.25,0.25,-0.0,0.75,4,1,1,corrected_integrated_root
qwen,1,selfish,trait,HrDl,1,-1.0,0.0,0.0,0.0,0.0,0.0,0.0,0.0,-0.0,-0.0,-0.0,1.0,4,0,0,corrected_integrated_root
qwen,1,selfish,trait,HrHa,1,-1.0,0.0,0.0,0.0,0.0,0.0,0.0,0.0,-0.0,-0.0,-0.0,1.0,4,0,0,corrected_integrated_root
qwen,1,selfish,trait,HrHr,1,-1.0,0.0,0.0,0.0,0.0,0.0,0.0,0.0,-0.0,-0.0,-0.0,1.0,4,0,0,corrected_integrated_root
qwen,1,selfish,trait,HrNc,1,-1.0,0.5,0.0,0.0,-0.5,-0.5,0.5,0.5,0.5,0.5,-0.0,0.5,4,2,2,corrected_integrated_root
qwen,1,selfish,trait,HrPc,1,-1.0,0.0,0.0,0.0,0.0,0.0,0.0,0.0,-0.0,-0.0,-0.0,1.0,4,0,0,corrected_integrated_root
qwen,1,selfish,trait,HrPd,1,-1.0,0.0,0.25,0.0,0.25,0.0,0.25,0.0,-0.25,-0.0,-0.25,1.0,4,1,0,corrected_integrated_root
qwen,1,selfish,trait,HrSh,1,-1.0,0.25,0.5,0.0,0.25,-0.25,0.25,0.25,-0.25,0.25,-0.5,0.75,4,1,0,corrected_integrated_root
qwen,1,selfish,trait,NcAs,0,1.0,0.5,0.5,0.5,0.0,0.0,0.0,0.0,0.0,0.0,0.0,0.5,4,0,0,corrected_integrated_root
qwen,1,selfish,trait,NcBa,0,1.0,0.5,1.0,0.5,0.5,0.0,0.5,0.0,0.5,0.0,0.5,0.5,4,2,2,corrected_integrated_root
qwen,1,selfish,trait,NcCh,0,1.0,0.75,1.0,0.75,0.25,0.0,0.25,0.0,0.25,0.0,0.25,0.75,4,1,1,corrected_integrated_root
qwen,1,selfish,trait,NcCm,0,1.0,0.75,0.75,0.5,0.0,-0.25,0.0,0.25,0.0,-0.25,0.25,0.75,4,2,1,corrected_integrated_root
qwen,1,selfish,trait,NcCo,0,1.0,0.5,0.5,0.5,0.0,0.0,0.0,0.0,0.0,0.0,0.0,0.5,4,0,0,corrected_integrated_root
qwen,1,selfish,trait,NcDl,0,1.0,0.75,0.75,0.75,0.0,0.0,0.0,0.0,0.0,0.0,0.0,0.75,4,2,1,corrected_integrated_root
qwen,1,selfish,trait,NcHa,0,1.0,0.5,0.5,0.5,0.0,0.0,0.0,0.0,0.0,0.0,0.0,0.5,4,0,0,corrected_integrated_root
qwen,1,selfish,trait,NcHr,0,1.0,0.5,0.75,0.5,0.25,0.0,0.25,0.0,0.25,0.0,0.25,0.5,4,1,1,corrected_integrated_root
qwen,1,selfish,trait,NcNc,0,1.0,0.75,1.0,0.75,0.25,0.0,0.25,0.0,0.25,0.0,0.25,0.75,4,1,1,corrected_integrated_root
qwen,1,selfish,trait,NcPc,0,1.0,0.5,0.5,0.5,0.0,0.0,0.0,0.0,0.0,0.0,0.0,0.5,4,0,0,corrected_integrated_root
qwen,1,selfish,trait,NcPd,0,1.0,0.75,1.0,0.5,0.25,-0.25,0.25,0.25,0.25,-0.25,0.5,0.75,4,1,1,corrected_integrated_root
qwen,1,selfish,trait,NcSh,0,1.0,0.75,0.75,0.5,0.0,-0.25,0.0,0.25,0.0,-0.25,0.25,0.75,4,2,1,corrected_integrated_root
qwen,1,selfish,trait,PcAs,0,2.0,1.0,1.0,1.0,0.0,0.0,0.0,0.0,0.0,0.0,0.0,1.0,4,0,0,corrected_integrated_root
qwen,1,selfish,trait,PcBa,0,2.0,1.0,1.0,1.0,0.0,0.0,0.0,0.0,0.0,0.0,0.0,1.0,4,0,0,corrected_integrated_root
qwen,1,selfish,trait,PcCh,0,2.0,1.0,1.0,1.0,0.0,0.0,0.0,0.0,0.0,0.0,0.0,1.0,4,0,0,corrected_integrated_root
qwen,1,selfish,trait,PcCm,0,2.0,1.0,1.0,1.0,0.0,0.0,0.0,0.0,0.0,0.0,0.0,1.0,4,0,0,corrected_integrated_root
qwen,1,selfish,trait,PcCo,0,2.0,1.0,1.0,1.0,0.0,0.0,0.0,0.0,0.0,0.0,0.0,1.0,4,0,0,corrected_integrated_root
qwen,1,selfish,trait,PcDl,0,2.0,1.0,1.0,1.0,0.0,0.0,0.0,0.0,0.0,0.0,0.0,1.0,4,0,0,corrected_integrated_root
qwen,1,selfish,trait,PcHa,0,2.0,1.0,1.0,1.0,0.0,0.0,0.0,0.0,0.0,0.0,0.0,1.0,4,0,0,corrected_integrated_root
qwen,1,selfish,trait,PcHr,0,2.0,1.0,1.0,1.0,0.0,0.0,0.0,0.0,0.0,0.0,0.0,1.0,4,0,0,corrected_integrated_root
qwen,1,selfish,trait,PcNc,0,2.0,1.0,1.0,1.0,0.0,0.0,0.0,0.0,0.0,0.0,0.0,1.0,4,0,0,corrected_integrated_root
qwen,1,selfish,trait,PcPc,0,2.0,1.0,1.0,1.0,0.0,0.0,0.0,0.0,0.0,0.0,0.0,1.0,4,0,0,corrected_integrated_root
qwen,1,selfish,trait,PcPd,0,2.0,1.0,1.0,1.0,0.0,0.0,0.0,0.0,0.0,0.0,0.0,1.0,4,0,0,corrected_integrated_root
qwen,1,selfish,trait,PcSh,0,2.0,1.0,1.0,1.0,0.0,0.0,0.0,0.0,0.0,0.0,0.0,1.0,4,0,0,corrected_integrated_root
qwen,1,selfish,trait,PdAs,1,-1.0,0.0,0.0,0.0,0.0,0.0,0.0,0.0,-0.0,-0.0,-0.0,1.0,4,0,0,corrected_integrated_root
qwen,1,selfish,trait,PdBa,1,-1.0,0.0,0.0,0.0,0.0,0.0,0.0,0.0,-0.0,-0.0,-0.0,1.0,4,0,0,corrected_integrated_root
qwen,1,selfish,trait,PdCh,1,-1.0,0.25,0.0,0.0,-0.25,-0.25,0.25,0.25,0.25,0.25,-0.0,0.75,4,1,1,corrected_integrated_root
qwen,1,selfish,trait,PdCm,1,-1.0,0.0,0.0,0.0,0.0,0.0,0.0,0.0,-0.0,-0.0,-0.0,1.0,4,0,0,corrected_integrated_root
qwen,1,selfish,trait,PdCo,1,-1.0,0.0,0.0,0.0,0.0,0.0,0.0,0.0,-0.0,-0.0,-0.0,1.0,4,0,0,corrected_integrated_root
qwen,1,selfish,trait,PdDl,1,-1.0,0.0,0.0,0.0,0.0,0.0,0.0,0.0,-0.0,-0.0,-0.0,1.0,4,0,0,corrected_integrated_root
qwen,1,selfish,trait,PdHa,1,-1.0,0.0,0.0,0.0,0.0,0.0,0.0,0.0,-0.0,-0.0,-0.0,1.0,4,0,0,corrected_integrated_root
qwen,1,selfish,trait,PdHr,1,-1.0,0.0,0.0,0.0,0.0,0.0,0.0,0.0,-0.0,-0.0,-0.0,1.0,4,0,0,corrected_integrated_root
qwen,1,selfish,trait,PdNc,1,-1.0,0.0,0.0,0.0,0.0,0.0,0.0,0.0,-0.0,-0.0,-0.0,1.0,4,0,0,corrected_integrated_root
qwen,1,selfish,trait,PdPc,1,-1.0,0.0,0.0,0.0,0.0,0.0,0.0,0.0,-0.0,-0.0,-0.0,1.0,4,0,0,corrected_integrated_root
qwen,1,selfish,trait,PdPd,1,-1.0,0.25,0.0,0.0,-0.25,-0.25,0.25,0.25,0.25,0.25,-0.0,0.75,4,1,1,corrected_integrated_root
qwen,1,selfish,trait,PdSh,1,-1.0,0.0,0.0,0.0,0.0,0.0,0.0,0.0,-0.0,-0.0,-0.0,1.0,4,0,0,corrected_integrated_root
qwen,1,maximin,rule,AsAs,1,-1.0,0.5,0.25,0.5,-0.25,0.0,0.25,0.0,0.25,-0.0,0.25,0.5,4,3,2,corrected_integrated_root
qwen,1,maximin,rule,AsBa,1,-1.0,0.75,0.5,0.5,-0.25,-0.25,0.25,0.25,0.25,0.25,-0.0,0.25,4,3,2,corrected_integrated_root
qwen,1,maximin,rule,AsCh,1,-1.0,0.5,0.25,0.5,-0.25,0.0,0.25,0.0,0.25,-0.0,0.25,0.5,4,3,2,corrected_integrated_root
qwen,1,maximin,rule,AsCm,1,-1.0,0.5,0.25,0.5,-0.25,0.0,0.25,0.0,0.25,-0.0,0.25,0.5,4,3,2,corrected_integrated_root
qwen,1,maximin,rule,AsCo,1,-1.0,0.5,0.5,0.5,0.0,0.0,0.0,0.0,-0.0,-0.0,-0.0,0.5,4,4,2,corrected_integrated_root
qwen,1,maximin,rule,AsDl,1,-1.0,0.5,0.0,0.5,-0.5,0.0,0.5,0.0,0.5,-0.0,0.5,0.5,4,2,2,corrected_integrated_root
qwen,1,maximin,rule,AsHa,1,-1.0,0.5,0.5,0.5,0.0,0.0,0.0,0.0,-0.0,-0.0,-0.0,0.5,4,4,2,corrected_integrated_root
qwen,1,maximin,rule,AsHr,1,-1.0,0.5,0.25,0.5,-0.25,0.0,0.25,0.0,0.25,-0.0,0.25,0.5,4,3,2,corrected_integrated_root
qwen,1,maximin,rule,AsNc,1,-1.0,0.5,0.5,0.5,0.0,0.0,0.0,0.0,-0.0,-0.0,-0.0,0.5,4,4,2,corrected_integrated_root
qwen,1,maximin,rule,AsPc,1,-1.0,0.5,0.5,0.5,0.0,0.0,0.0,0.0,-0.0,-0.0,-0.0,0.5,4,4,2,corrected_integrated_root
qwen,1,maximin,rule,AsPd,1,-1.0,0.75,0.5,1.0,-0.25,0.25,0.25,0.25,0.25,-0.25,0.5,0.25,4,3,2,corrected_integrated_root
qwen,1,maximin,rule,AsSh,1,-1.0,0.5,0.25,0.5,-0.25,0.0,0.25,0.0,0.25,-0.0,0.25,0.5,4,3,2,corrected_integrated_root
qwen,1,maximin,rule,BaAs,0,1.0,0.5,0.75,0.5,0.25,0.0,0.25,0.0,0.25,0.0,0.25,0.5,4,3,2,corrected_integrated_root
qwen,1,maximin,rule,BaBa,0,1.0,0.25,0.5,0.0,0.25,-0.25,0.25,0.25,0.25,-0.25,0.5,0.25,4,3,2,corrected_integrated_root
qwen,1,maximin,rule,BaCh,0,1.0,0.25,0.5,0.25,0.25,0.0,0.25,0.0,0.25,0.0,0.25,0.25,4,3,2,corrected_integrated_root
qwen,1,maximin,rule,BaCm,0,1.0,0.0,0.5,0.0,0.5,0.0,0.5,0.0,0.5,0.0,0.5,0.0,4,2,2,corrected_integrated_root
qwen,1,maximin,rule,BaCo,0,1.0,0.25,0.5,0.0,0.25,-0.25,0.25,0.25,0.25,-0.25,0.5,0.25,4,3,2,corrected_integrated_root
qwen,1,maximin,rule,BaDl,0,1.0,0.25,0.5,0.5,0.25,0.25,0.25,0.25,0.25,0.25,0.0,0.25,4,3,2,corrected_integrated_root
qwen,1,maximin,rule,BaHa,0,1.0,0.25,0.5,0.0,0.25,-0.25,0.25,0.25,0.25,-0.25,0.5,0.25,4,3,2,corrected_integrated_root
qwen,1,maximin,rule,BaHr,0,1.0,0.0,0.25,0.0,0.25,0.0,0.25,0.0,0.25,0.0,0.25,0.0,4,1,1,corrected_integrated_root
qwen,1,maximin,rule,BaNc,0,1.0,0.5,0.5,0.5,0.0,0.0,0.0,0.0,0.0,0.0,0.0,0.5,4,4,2,corrected_integrated_root
qwen,1,maximin,rule,BaPc,0,1.0,0.25,0.5,0.0,0.25,-0.25,0.25,0.25,0.25,-0.25,0.5,0.25,4,3,2,corrected_integrated_root
qwen,1,maximin,rule,BaPd,0,1.0,0.25,0.5,0.5,0.25,0.25,0.25,0.25,0.25,0.25,0.0,0.25,4,3,2,corrected_integrated_root
qwen,1,maximin,rule,BaSh,0,1.0,0.5,0.5,0.5,0.0,0.0,0.0,0.0,0.0,0.0,0.0,0.5,4,4,2,corrected_integrated_root
qwen,1,maximin,rule,ChAs,0,1.0,0.25,0.5,0.0,0.25,-0.25,0.25,0.25,0.25,-0.25,0.5,0.25,4,3,2,corrected_integrated_root
qwen,1,maximin,rule,ChBa,0,1.0,0.25,0.25,0.0,0.0,-0.25,0.0,0.25,0.0,-0.25,0.25,0.25,4,2,1,corrected_integrated_root
qwen,1,maximin,rule,ChCh,0,1.0,0.25,0.5,0.5,0.25,0.25,0.25,0.25,0.25,0.25,0.0,0.25,4,3,2,corrected_integrated_root
qwen,1,maximin,rule,ChCm,0,1.0,0.25,0.5,0.0,0.25,-0.25,0.25,0.25,0.25,-0.25,0.5,0.25,4,3,2,corrected_integrated_root
qwen,1,maximin,rule,ChCo,0,1.0,0.0,0.5,0.0,0.5,0.0,0.5,0.0,0.5,0.0,0.5,0.0,4,2,2,corrected_integrated_root
qwen,1,maximin,rule,ChDl,0,1.0,0.25,0.5,0.0,0.25,-0.25,0.25,0.25,0.25,-0.25,0.5,0.25,4,3,2,corrected_integrated_root
qwen,1,maximin,rule,ChHa,0,1.0,0.25,0.5,0.0,0.25,-0.25,0.25,0.25,0.25,-0.25,0.5,0.25,4,3,2,corrected_integrated_root
qwen,1,maximin,rule,ChHr,0,1.0,0.0,0.5,0.0,0.5,0.0,0.5,0.0,0.5,0.0,0.5,0.0,4,2,2,corrected_integrated_root
qwen,1,maximin,rule,ChNc,0,1.0,0.25,0.5,0.0,0.25,-0.25,0.25,0.25,0.25,-0.25,0.5,0.25,4,3,2,corrected_integrated_root
qwen,1,maximin,rule,ChPc,0,1.0,0.0,0.25,0.0,0.25,0.0,0.25,0.0,0.25,0.0,0.25,0.0,4,1,1,corrected_integrated_root
qwen,1,maximin,rule,ChPd,0,1.0,0.25,0.25,0.5,0.0,0.25,0.0,0.25,0.0,0.25,-0.25,0.25,4,2,1,corrected_integrated_root
qwen,1,maximin,rule,ChSh,0,1.0,0.25,0.5,0.0,0.25,-0.25,0.25,0.25,0.25,-0.25,0.5,0.25,4,3,2,corrected_integrated_root
qwen,1,maximin,rule,CmAs,1,-2.0,0.0,0.0,0.0,0.0,0.0,0.0,0.0,-0.0,-0.0,-0.0,1.0,4,0,0,corrected_integrated_root
qwen,1,maximin,rule,CmBa,1,-2.0,0.0,0.0,0.0,0.0,0.0,0.0,0.0,-0.0,-0.0,-0.0,1.0,4,0,0,corrected_integrated_root
qwen,1,maximin,rule,CmCh,1,-2.0,0.0,0.0,0.0,0.0,0.0,0.0,0.0,-0.0,-0.0,-0.0,1.0,4,0,0,corrected_integrated_root
qwen,1,maximin,rule,CmCm,1,-2.0,0.0,0.0,0.0,0.0,0.0,0.0,0.0,-0.0,-0.0,-0.0,1.0,4,0,0,corrected_integrated_root
qwen,1,maximin,rule,CmCo,1,-2.0,0.0,0.0,0.0,0.0,0.0,0.0,0.0,-0.0,-0.0,-0.0,1.0,4,0,0,corrected_integrated_root
qwen,1,maximin,rule,CmDl,1,-2.0,0.0,0.25,0.0,0.25,0.0,0.25,0.0,-0.25,-0.0,-0.25,1.0,4,1,0,corrected_integrated_root
qwen,1,maximin,rule,CmHa,1,-2.0,0.0,0.0,0.0,0.0,0.0,0.0,0.0,-0.0,-0.0,-0.0,1.0,4,0,0,corrected_integrated_root
qwen,1,maximin,rule,CmHr,1,-2.0,0.0,0.0,0.0,0.0,0.0,0.0,0.0,-0.0,-0.0,-0.0,1.0,4,0,0,corrected_integrated_root
qwen,1,maximin,rule,CmNc,1,-2.0,0.0,0.0,0.0,0.0,0.0,0.0,0.0,-0.0,-0.0,-0.0,1.0,4,0,0,corrected_integrated_root
qwen,1,maximin,rule,CmPc,1,-2.0,0.0,0.0,0.0,0.0,0.0,0.0,0.0,-0.0,-0.0,-0.0,1.0,4,0,0,corrected_integrated_root
qwen,1,maximin,rule,CmPd,1,-2.0,0.0,0.0,0.0,0.0,0.0,0.0,0.0,-0.0,-0.0,-0.0,1.0,4,0,0,corrected_integrated_root
qwen,1,maximin,rule,CmSh,1,-2.0,0.0,0.0,0.0,0.0,0.0,0.0,0.0,-0.0,-0.0,-0.0,1.0,4,0,0,corrected_integrated_root
qwen,1,maximin,rule,CoAs,0,1.0,0.75,0.75,0.75,0.0,0.0,0.0,0.0,0.0,0.0,0.0,0.75,4,2,1,corrected_integrated_root
qwen,1,maximin,rule,CoBa,0,1.0,0.75,0.5,1.0,-0.25,0.25,0.25,0.25,-0.25,0.25,-0.5,0.75,4,3,1,corrected_integrated_root
qwen,1,maximin,rule,CoCh,0,1.0,0.75,0.5,1.0,-0.25,0.25,0.25,0.25,-0.25,0.25,-0.5,0.75,4,3,1,corrected_integrated_root
qwen,1,maximin,rule,CoCm,0,1.0,0.5,0.5,0.75,0.0,0.25,0.0,0.25,0.0,0.25,-0.25,0.5,4,4,2,corrected_integrated_root
qwen,1,maximin,rule,CoCo,0,1.0,0.5,1.0,0.75,0.5,0.25,0.5,0.25,0.5,0.25,0.25,0.5,4,2,2,corrected_integrated_root
qwen,1,maximin,rule,CoDl,0,1.0,0.75,0.5,0.75,-0.25,0.0,0.25,0.0,-0.25,0.0,-0.25,0.75,4,3,1,corrected_integrated_root
qwen,1,maximin,rule,CoHa,0,1.0,0.75,0.75,1.0,0.0,0.25,0.0,0.25,0.0,0.25,-0.25,0.75,4,2,1,corrected_integrated_root
qwen,1,maximin,rule,CoHr,0,1.0,0.75,0.5,0.75,-0.25,0.0,0.25,0.0,-0.25,0.0,-0.25,0.75,4,3,1,corrected_integrated_root
qwen,1,maximin,rule,CoNc,0,1.0,0.75,1.0,1.0,0.25,0.25,0.25,0.25,0.25,0.25,0.0,0.75,4,1,1,corrected_integrated_root
qwen,1,maximin,rule,CoPc,0,1.0,0.75,1.0,0.75,0.25,0.0,0.25,0.0,0.25,0.0,0.25,0.75,4,1,1,corrected_integrated_root
qwen,1,maximin,rule,CoPd,0,1.0,0.75,0.5,1.0,-0.25,0.25,0.25,0.25,-0.25,0.25,-0.5,0.75,4,3,1,corrected_integrated_root
qwen,1,maximin,rule,CoSh,0,1.0,1.0,0.5,1.0,-0.5,0.0,0.5,0.0,-0.5,0.0,-0.5,1.0,4,2,0,corrected_integrated_root
qwen,1,maximin,rule,DlAs,1,-2.0,0.0,0.0,0.0,0.0,0.0,0.0,0.0,-0.0,-0.0,-0.0,1.0,4,0,0,corrected_integrated_root
qwen,1,maximin,rule,DlBa,1,-2.0,0.0,0.0,0.0,0.0,0.0,0.0,0.0,-0.0,-0.0,-0.0,1.0,4,0,0,corrected_integrated_root
qwen,1,maximin,rule,DlCh,1,-2.0,0.0,0.0,0.0,0.0,0.0,0.0,0.0,-0.0,-0.0,-0.0,1.0,4,0,0,corrected_integrated_root
qwen,1,maximin,rule,DlCm,1,-2.0,0.0,0.0,0.0,0.0,0.0,0.0,0.0,-0.0,-0.0,-0.0,1.0,4,0,0,corrected_integrated_root
qwen,1,maximin,rule,DlCo,1,-2.0,0.0,0.0,0.0,0.0,0.0,0.0,0.0,-0.0,-0.0,-0.0,1.0,4,0,0,corrected_integrated_root
qwen,1,maximin,rule,DlDl,1,-2.0,0.0,0.0,0.0,0.0,0.0,0.0,0.0,-0.0,-0.0,-0.0,1.0,4,0,0,corrected_integrated_root
qwen,1,maximin,rule,DlHa,1,-2.0,0.0,0.0,0.0,0.0,0.0,0.0,0.0,-0.0,-0.0,-0.0,1.0,4,0,0,corrected_integrated_root
qwen,1,maximin,rule,DlHr,1,-2.0,0.0,0.0,0.0,0.0,0.0,0.0,0.0,-0.0,-0.0,-0.0,1.0,4,0,0,corrected_integrated_root
qwen,1,maximin,rule,DlNc,1,-2.0,0.0,0.0,0.0,0.0,0.0,0.0,0.0,-0.0,-0.0,-0.0,1.0,4,0,0,corrected_integrated_root
qwen,1,maximin,rule,DlPc,1,-2.0,0.0,0.0,0.0,0.0,0.0,0.0,0.0,-0.0,-0.0,-0.0,1.0,4,0,0,corrected_integrated_root
qwen,1,maximin,rule,DlPd,1,-2.0,0.0,0.0,0.0,0.0,0.0,0.0,0.0,-0.0,-0.0,-0.0,1.0,4,0,0,corrected_integrated_root
qwen,1,maximin,rule,DlSh,1,-2.0,0.0,0.0,0.0,0.0,0.0,0.0,0.0,-0.0,-0.0,-0.0,1.0,4,0,0,corrected_integrated_root
qwen,1,maximin,rule,HaAs,0,2.0,1.0,1.0,1.0,0.0,0.0,0.0,0.0,0.0,0.0,0.0,1.0,4,0,0,corrected_integrated_root
qwen,1,maximin,rule,HaBa,0,2.0,1.0,0.75,1.0,-0.25,0.0,0.25,0.0,-0.25,0.0,-0.25,1.0,4,1,0,corrected_integrated_root
qwen,1,maximin,rule,HaCh,0,2.0,1.0,0.5,1.0,-0.5,0.0,0.5,0.0,-0.5,0.0,-0.5,1.0,4,2,0,corrected_integrated_root
qwen,1,maximin,rule,HaCm,0,2.0,1.0,0.5,1.0,-0.5,0.0,0.5,0.0,-0.5,0.0,-0.5,1.0,4,2,0,corrected_integrated_root
qwen,1,maximin,rule,HaCo,0,2.0,1.0,1.0,1.0,0.0,0.0,0.0,0.0,0.0,0.0,0.0,1.0,4,0,0,corrected_integrated_root
qwen,1,maximin,rule,HaDl,0,2.0,1.0,1.0,1.0,0.0,0.0,0.0,0.0,0.0,0.0,0.0,1.0,4,0,0,corrected_integrated_root
qwen,1,maximin,rule,HaHa,0,2.0,1.0,1.0,1.0,0.0,0.0,0.0,0.0,0.0,0.0,0.0,1.0,4,0,0,corrected_integrated_root
qwen,1,maximin,rule,HaHr,0,2.0,1.0,0.5,1.0,-0.5,0.0,0.5,0.0,-0.5,0.0,-0.5,1.0,4,2,0,corrected_integrated_root
qwen,1,maximin,rule,HaNc,0,2.0,1.0,0.75,1.0,-0.25,0.0,0.25,0.0,-0.25,0.0,-0.25,1.0,4,1,0,corrected_integrated_root
qwen,1,maximin,rule,HaPc,0,2.0,1.0,1.0,1.0,0.0,0.0,0.0,0.0,0.0,0.0,0.0,1.0,4,0,0,corrected_integrated_root
qwen,1,maximin,rule,HaPd,0,2.0,1.0,0.75,1.0,-0.25,0.0,0.25,0.0,-0.25,0.0,-0.25,1.0,4,1,0,corrected_integrated_root
qwen,1,maximin,rule,HaSh,0,2.0,1.0,1.0,1.0,0.0,0.0,0.0,0.0,0.0,0.0,0.0,1.0,4,0,0,corrected_integrated_root
qwen,1,maximin,rule,HrAs,1,-1.0,0.0,0.0,0.0,0.0,0.0,0.0,0.0,-0.0,-0.0,-0.0,1.0,4,0,0,corrected_integrated_root
qwen,1,maximin,rule,HrBa,1,-1.0,0.0,0.0,0.0,0.0,0.0,0.0,0.0,-0.0,-0.0,-0.0,1.0,4,0,0,corrected_integrated_root
qwen,1,maximin,rule,HrCh,1,-1.0,0.0,0.0,0.0,0.0,0.0,0.0,0.0,-0.0,-0.0,-0.0,1.0,4,0,0,corrected_integrated_root
qwen,1,maximin,rule,HrCm,1,-1.0,0.0,0.0,0.0,0.0,0.0,0.0,0.0,-0.0,-0.0,-0.0,1.0,4,0,0,corrected_integrated_root
qwen,1,maximin,rule,HrCo,1,-1.0,0.25,0.0,0.0,-0.25,-0.25,0.25,0.25,0.25,0.25,-0.0,0.75,4,1,1,corrected_integrated_root
qwen,1,maximin,rule,HrDl,1,-1.0,0.0,0.0,0.0,0.0,0.0,0.0,0.0,-0.0,-0.0,-0.0,1.0,4,0,0,corrected_integrated_root
qwen,1,maximin,rule,HrHa,1,-1.0,0.0,0.0,0.0,0.0,0.0,0.0,0.0,-0.0,-0.0,-0.0,1.0,4,0,0,corrected_integrated_root
qwen,1,maximin,rule,HrHr,1,-1.0,0.0,0.0,0.0,0.0,0.0,0.0,0.0,-0.0,-0.0,-0.0,1.0,4,0,0,corrected_integrated_root
qwen,1,maximin,rule,HrNc,1,-1.0,0.5,0.0,0.0,-0.5,-0.5,0.5,0.5,0.5,0.5,-0.0,0.5,4,2,2,corrected_integrated_root
qwen,1,maximin,rule,HrPc,1,-1.0,0.0,0.0,0.0,0.0,0.0,0.0,0.0,-0.0,-0.0,-0.0,1.0,4,0,0,corrected_integrated_root
qwen,1,maximin,rule,HrPd,1,-1.0,0.0,0.0,0.0,0.0,0.0,0.0,0.0,-0.0,-0.0,-0.0,1.0,4,0,0,corrected_integrated_root
qwen,1,maximin,rule,HrSh,1,-1.0,0.25,0.25,0.0,0.0,-0.25,0.0,0.25,-0.0,0.25,-0.25,0.75,4,2,1,corrected_integrated_root
qwen,1,maximin,rule,NcAs,0,1.0,0.5,1.0,0.5,0.5,0.0,0.5,0.0,0.5,0.0,0.5,0.5,4,2,2,corrected_integrated_root
qwen,1,maximin,rule,NcBa,0,1.0,0.5,0.5,0.5,0.0,0.0,0.0,0.0,0.0,0.0,0.0,0.5,4,4,2,corrected_integrated_root
qwen,1,maximin,rule,NcCh,0,1.0,0.75,0.5,0.75,-0.25,0.0,0.25,0.0,-0.25,0.0,-0.25,0.75,4,3,1,corrected_integrated_root
qwen,1,maximin,rule,NcCm,0,1.0,0.75,0.5,0.5,-0.25,-0.25,0.25,0.25,-0.25,-0.25,0.0,0.75,4,3,1,corrected_integrated_root
qwen,1,maximin,rule,NcCo,0,1.0,0.5,1.0,0.5,0.5,0.0,0.5,0.0,0.5,0.0,0.5,0.5,4,2,2,corrected_integrated_root
qwen,1,maximin,rule,NcDl,0,1.0,0.75,0.5,0.75,-0.25,0.0,0.25,0.0,-0.25,0.0,-0.25,0.75,4,3,1,corrected_integrated_root
qwen,1,maximin,rule,NcHa,0,1.0,0.5,0.75,0.5,0.25,0.0,0.25,0.0,0.25,0.0,0.25,0.5,4,3,2,corrected_integrated_root
qwen,1,maximin,rule,NcHr,0,1.0,0.5,0.5,0.5,0.0,0.0,0.0,0.0,0.0,0.0,0.0,0.5,4,4,2,corrected_integrated_root
qwen,1,maximin,rule,NcNc,0,1.0,0.75,0.5,0.75,-0.25,0.0,0.25,0.0,-0.25,0.0,-0.25,0.75,4,3,1,corrected_integrated_root
qwen,1,maximin,rule,NcPc,0,1.0,0.5,1.0,0.5,0.5,0.0,0.5,0.0,0.5,0.0,0.5,0.5,4,2,2,corrected_integrated_root
qwen,1,maximin,rule,NcPd,0,1.0,0.75,0.5,0.5,-0.25,-0.25,0.25,0.25,-0.25,-0.25,0.0,0.75,4,3,1,corrected_integrated_root
qwen,1,maximin,rule,NcSh,0,1.0,0.75,0.75,0.5,0.0,-0.25,0.0,0.25,0.0,-0.25,0.25,0.75,4,2,1,corrected_integrated_root
qwen,1,maximin,rule,PcAs,0,2.0,1.0,1.0,1.0,0.0,0.0,0.0,0.0,0.0,0.0,0.0,1.0,4,0,0,corrected_integrated_root
qwen,1,maximin,rule,PcBa,0,2.0,1.0,0.5,1.0,-0.5,0.0,0.5,0.0,-0.5,0.0,-0.5,1.0,4,2,0,corrected_integrated_root
qwen,1,maximin,rule,PcCh,0,2.0,1.0,0.5,1.0,-0.5,0.0,0.5,0.0,-0.5,0.0,-0.5,1.0,4,2,0,corrected_integrated_root
qwen,1,maximin,rule,PcCm,0,2.0,1.0,0.5,1.0,-0.5,0.0,0.5,0.0,-0.5,0.0,-0.5,1.0,4,2,0,corrected_integrated_root
qwen,1,maximin,rule,PcCo,0,2.0,1.0,1.0,1.0,0.0,0.0,0.0,0.0,0.0,0.0,0.0,1.0,4,0,0,corrected_integrated_root
qwen,1,maximin,rule,PcDl,0,2.0,1.0,0.5,1.0,-0.5,0.0,0.5,0.0,-0.5,0.0,-0.5,1.0,4,2,0,corrected_integrated_root
qwen,1,maximin,rule,PcHa,0,2.0,1.0,1.0,1.0,0.0,0.0,0.0,0.0,0.0,0.0,0.0,1.0,4,0,0,corrected_integrated_root
qwen,1,maximin,rule,PcHr,0,2.0,1.0,0.5,1.0,-0.5,0.0,0.5,0.0,-0.5,0.0,-0.5,1.0,4,2,0,corrected_integrated_root
qwen,1,maximin,rule,PcNc,0,2.0,1.0,1.0,1.0,0.0,0.0,0.0,0.0,0.0,0.0,0.0,1.0,4,0,0,corrected_integrated_root
qwen,1,maximin,rule,PcPc,0,2.0,1.0,1.0,1.0,0.0,0.0,0.0,0.0,0.0,0.0,0.0,1.0,4,0,0,corrected_integrated_root
qwen,1,maximin,rule,PcPd,0,2.0,1.0,0.5,1.0,-0.5,0.0,0.5,0.0,-0.5,0.0,-0.5,1.0,4,2,0,corrected_integrated_root
qwen,1,maximin,rule,PcSh,0,2.0,1.0,1.0,1.0,0.0,0.0,0.0,0.0,0.0,0.0,0.0,1.0,4,0,0,corrected_integrated_root
qwen,1,maximin,rule,PdAs,1,-1.0,0.0,0.0,0.0,0.0,0.0,0.0,0.0,-0.0,-0.0,-0.0,1.0,4,0,0,corrected_integrated_root
qwen,1,maximin,rule,PdBa,1,-1.0,0.0,0.0,0.0,0.0,0.0,0.0,0.0,-0.0,-0.0,-0.0,1.0,4,0,0,corrected_integrated_root
qwen,1,maximin,rule,PdCh,1,-1.0,0.25,0.0,0.0,-0.25,-0.25,0.25,0.25,0.25,0.25,-0.0,0.75,4,1,1,corrected_integrated_root
qwen,1,maximin,rule,PdCm,1,-1.0,0.0,0.0,0.0,0.0,0.0,0.0,0.0,-0.0,-0.0,-0.0,1.0,4,0,0,corrected_integrated_root
qwen,1,maximin,rule,PdCo,1,-1.0,0.0,0.0,0.0,0.0,0.0,0.0,0.0,-0.0,-0.0,-0.0,1.0,4,0,0,corrected_integrated_root
qwen,1,maximin,rule,PdDl,1,-1.0,0.0,0.25,0.0,0.25,0.0,0.25,0.0,-0.25,-0.0,-0.25,1.0,4,1,0,corrected_integrated_root
qwen,1,maximin,rule,PdHa,1,-1.0,0.0,0.0,0.0,0.0,0.0,0.0,0.0,-0.0,-0.0,-0.0,1.0,4,0,0,corrected_integrated_root
qwen,1,maximin,rule,PdHr,1,-1.0,0.0,0.0,0.0,0.0,0.0,0.0,0.0,-0.0,-0.0,-0.0,1.0,4,0,0,corrected_integrated_root
qwen,1,maximin,rule,PdNc,1,-1.0,0.0,0.0,0.0,0.0,0.0,0.0,0.0,-0.0,-0.0,-0.0,1.0,4,0,0,corrected_integrated_root
qwen,1,maximin,rule,PdPc,1,-1.0,0.0,0.0,0.0,0.0,0.0,0.0,0.0,-0.0,-0.0,-0.0,1.0,4,0,0,corrected_integrated_root
qwen,1,maximin,rule,PdPd,1,-1.0,0.25,0.25,0.0,0.0,-0.25,0.0,0.25,-0.0,0.25,-0.25,0.75,4,2,1,corrected_integrated_root
qwen,1,maximin,rule,PdSh,1,-1.0,0.0,0.0,0.0,0.0,0.0,0.0,0.0,-0.0,-0.0,-0.0,1.0,4,0,0,corrected_integrated_root
qwen,1,maximin,rule,ShAs,1,-1.0,0.5,0.25,0.5,-0.25,0.0,0.25,0.0,0.25,-0.0,0.25,0.5,4,3,2,corrected_integrated_root
qwen,1,maximin,rule,ShBa,1,-1.0,0.5,0.0,0.5,-0.5,0.0,0.5,0.0,0.5,-0.0,0.5,0.5,4,2,2,corrected_integrated_root
qwen,1,maximin,rule,ShCh,1,-1.0,0.5,0.0,0.5,-0.5,0.0,0.5,0.0,0.5,-0.0,0.5,0.5,4,2,2,corrected_integrated_root
qwen,1,maximin,rule,ShCm,1,-1.0,0.5,0.0,0.5,-0.5,0.0,0.5,0.0,0.5,-0.0,0.5,0.5,4,2,2,corrected_integrated_root
qwen,1,maximin,rule,ShCo,1,-1.0,0.5,0.25,0.5,-0.25,0.0,0.25,0.0,0.25,-0.0,0.25,0.5,4,3,2,corrected_integrated_root
qwen,1,maximin,rule,ShDl,1,-1.0,0.5,0.25,0.5,-0.25,0.0,0.25,0.0,0.25,-0.0,0.25,0.5,4,3,2,corrected_integrated_root
qwen,1,maximin,rule,ShHa,1,-1.0,0.5,0.0,0.5,-0.5,0.0,0.5,0.0,0.5,-0.0,0.5,0.5,4,2,2,corrected_integrated_root
qwen,1,maximin,rule,ShHr,1,-1.0,0.5,0.0,0.5,-0.5,0.0,0.5,0.0,0.5,-0.0,0.5,0.5,4,2,2,corrected_integrated_root
qwen,1,maximin,rule,ShNc,1,-1.0,0.5,0.0,0.5,-0.5,0.0,0.5,0.0,0.5,-0.0,0.5,0.5,4,2,2,corrected_integrated_root
qwen,1,maximin,rule,ShPc,1,-1.0,0.5,0.0,0.5,-0.5,0.0,0.5,0.0,0.5,-0.0,0.5,0.5,4,2,2,corrected_integrated_root
qwen,1,maximin,rule,ShPd,1,-1.0,0.5,0.0,0.5,-0.5,0.0,0.5,0.0,0.5,-0.0,0.5,0.5,4,2,2,corrected_integrated_root
qwen,1,maximin,rule,ShSh,1,-1.0,0.5,0.0,0.5,-0.5,0.0,0.5,0.0,0.5,-0.0,0.5,0.5,4,2,2,corrected_integrated_root
qwen_instruct,1,risk,trait,AsAs,1,-1.0,0.5,0.5,0.5,0.0,0.0,0.0,0.0,-0.0,-0.0,-0.0,0.5,4,4,2,corrected_integrated_root
qwen_instruct,1,risk,trait,AsBa,1,-1.0,0.5,0.0,0.5,-0.5,0.0,0.5,0.0,0.5,-0.0,0.5,0.5,4,2,2,corrected_integrated_root
qwen_instruct,1,risk,trait,AsCh,1,-1.0,0.5,0.0,0.5,-0.5,0.0,0.5,0.0,0.5,-0.0,0.5,0.5,4,2,2,corrected_integrated_root
qwen_instruct,1,risk,trait,AsCm,1,-1.0,0.25,0.5,0.25,0.25,0.0,0.25,0.0,-0.25,-0.0,-0.25,0.75,4,3,1,corrected_integrated_root
qwen_instruct,1,risk,trait,AsCo,1,-1.0,0.5,0.25,0.5,-0.25,0.0,0.25,0.0,0.25,-0.0,0.25,0.5,4,3,2,corrected_integrated_root
qwen_instruct,1,risk,trait,AsDl,1,-1.0,0.5,0.0,0.5,-0.5,0.0,0.5,0.0,0.5,-0.0,0.5,0.5,4,2,2,corrected_integrated_root
qwen_instruct,1,risk,trait,AsHa,1,-1.0,0.5,0.5,0.5,0.0,0.0,0.0,0.0,-0.0,-0.0,-0.0,0.5,4,4,2,corrected_integrated_root
qwen_instruct,1,risk,trait,AsHr,1,-1.0,0.5,0.25,0.5,-0.25,0.0,0.25,0.0,0.25,-0.0,0.25,0.5,4,3,2,corrected_integrated_root
qwen_instruct,1,risk,trait,AsNc,1,-1.0,0.5,0.25,0.5,-0.25,0.0,0.25,0.0,0.25,-0.0,0.25,0.5,4,3,2,corrected_integrated_root
qwen_instruct,1,risk,trait,AsPc,1,-1.0,0.5,0.5,0.75,0.0,0.25,0.0,0.25,-0.0,-0.25,0.25,0.5,4,4,2,corrected_integrated_root
qwen_instruct,1,risk,trait,AsPd,1,-1.0,0.5,0.25,0.5,-0.25,0.0,0.25,0.0,0.25,-0.0,0.25,0.5,4,3,2,corrected_integrated_root
qwen_instruct,1,risk,trait,AsSh,1,-1.0,0.5,0.0,0.5,-0.5,0.0,0.5,0.0,0.5,-0.0,0.5,0.5,4,2,2,corrected_integrated_root
qwen_instruct,1,risk,trait,BaAs,0,1.0,0.5,0.75,0.5,0.25,0.0,0.25,0.0,0.25,0.0,0.25,0.5,4,3,2,corrected_integrated_root
qwen_instruct,1,risk,trait,BaBa,0,1.0,0.25,0.75,0.0,0.5,-0.25,0.5,0.25,0.5,-0.25,0.75,0.25,4,2,2,corrected_integrated_root
qwen_instruct,1,risk,trait,BaCh,0,1.0,0.25,0.5,0.0,0.25,-0.25,0.25,0.25,0.25,-0.25,0.5,0.25,4,3,2,corrected_integrated_root
qwen_instruct,1,risk,trait,BaCm,0,1.0,0.0,0.5,0.0,0.5,0.0,0.5,0.0,0.5,0.0,0.5,0.0,4,2,2,corrected_integrated_root
qwen_instruct,1,risk,trait,BaCo,0,1.0,0.25,0.5,0.0,0.25,-0.25,0.25,0.25,0.25,-0.25,0.5,0.25,4,1,1,corrected_integrated_root
qwen_instruct,1,risk,trait,BaDl,0,1.0,0.25,0.75,0.5,0.5,0.25,0.5,0.25,0.5,0.25,0.25,0.25,4,2,2,corrected_integrated_root
qwen_instruct,1,risk,trait,BaHa,0,1.0,0.25,0.5,0.0,0.25,-0.25,0.25,0.25,0.25,-0.25,0.5,0.25,4,3,2,corrected_integrated_root
qwen_instruct,1,risk,trait,BaHr,0,1.0,0.0,0.5,0.0,0.5,0.0,0.5,0.0,0.5,0.0,0.5,0.0,4,2,2,corrected_integrated_root
qwen_instruct,1,risk,trait,BaNc,0,1.0,0.5,1.0,0.5,0.5,0.0,0.5,0.0,0.5,0.0,0.5,0.5,4,2,2,corrected_integrated_root
qwen_instruct,1,risk,trait,BaPc,0,1.0,0.25,0.0,0.0,-0.25,-0.25,0.25,0.25,-0.25,-0.25,0.0,0.25,4,1,0,corrected_integrated_root
qwen_instruct,1,risk,trait,BaPd,0,1.0,0.25,0.75,0.0,0.5,-0.25,0.5,0.25,0.5,-0.25,0.75,0.25,4,2,2,corrected_integrated_root
qwen_instruct,1,risk,trait,BaSh,0,1.0,0.5,0.75,0.5,0.25,0.0,0.25,0.0,0.25,0.0,0.25,0.5,4,3,2,corrected_integrated_root
qwen_instruct,1,risk,trait,ChAs,0,1.0,0.25,1.0,0.0,0.75,-0.25,0.75,0.25,0.75,-0.25,1.0,0.25,4,3,3,corrected_integrated_root
qwen_instruct,1,risk,trait,ChBa,0,1.0,0.0,0.0,0.0,0.0,0.0,0.0,0.0,0.0,0.0,0.0,0.0,4,0,0,corrected_integrated_root
qwen_instruct,1,risk,trait,ChCh,0,1.0,0.5,0.5,0.5,0.0,0.0,0.0,0.0,0.0,0.0,0.0,0.5,4,4,2,corrected_integrated_root
qwen_instruct,1,risk,trait,ChCm,0,1.0,0.0,0.5,0.0,0.5,0.0,0.5,0.0,0.5,0.0,0.5,0.0,4,2,2,corrected_integrated_root
qwen_instruct,1,risk,trait,ChCo,0,1.0,0.25,0.5,0.0,0.25,-0.25,0.25,0.25,0.25,-0.25,0.5,0.25,4,3,2,corrected_integrated_root
qwen_instruct,1,risk,trait,ChDl,0,1.0,0.25,1.0,0.0,0.75,-0.25,0.75,0.25,0.75,-0.25,1.0,0.25,4,3,3,corrected_integrated_root
qwen_instruct,1,risk,trait,ChHa,0,1.0,0.0,0.5,0.0,0.5,0.0,0.5,0.0,0.5,0.0,0.5,0.0,4,2,2,corrected_integrated_root
qwen_instruct,1,risk,trait,ChHr,0,1.0,0.0,0.75,0.0,0.75,0.0,0.75,0.0,0.75,0.0,0.75,0.0,4,3,3,corrected_integrated_root
qwen_instruct,1,risk,trait,ChNc,0,1.0,0.25,0.5,0.0,0.25,-0.25,0.25,0.25,0.25,-0.25,0.5,0.25,4,3,2,corrected_integrated_root
qwen_instruct,1,risk,trait,ChPc,0,1.0,0.0,0.5,0.0,0.5,0.0,0.5,0.0,0.5,0.0,0.5,0.0,4,2,2,corrected_integrated_root
qwen_instruct,1,risk,trait,ChPd,0,1.0,0.5,0.75,0.5,0.25,0.0,0.25,0.0,0.25,0.0,0.25,0.5,4,3,2,corrected_integrated_root
qwen_instruct,1,risk,trait,ChSh,0,1.0,0.25,1.0,0.0,0.75,-0.25,0.75,0.25,0.75,-0.25,1.0,0.25,4,3,3,corrected_integrated_root
qwen_instruct,1,risk,trait,CmAs,1,-2.0,0.0,0.75,0.0,0.75,0.0,0.75,0.0,-0.75,-0.0,-0.75,1.0,4,3,0,corrected_integrated_root
qwen_instruct,1,risk,trait,CmBa,1,-2.0,0.0,0.25,0.0,0.25,0.0,0.25,0.0,-0.25,-0.0,-0.25,1.0,4,1,0,corrected_integrated_root
qwen_instruct,1,risk,trait,CmCh,1,-2.0,0.0,0.25,0.0,0.25,0.0,0.25,0.0,-0.25,-0.0,-0.25,1.0,4,1,0,corrected_integrated_root
qwen_instruct,1,risk,trait,CmCm,1,-2.0,0.0,0.25,0.0,0.25,0.0,0.25,0.0,-0.25,-0.0,-0.25,1.0,4,1,0,corrected_integrated_root
qwen_instruct,1,risk,trait,CmCo,1,-2.0,0.0,0.25,0.0,0.25,0.0,0.25,0.0,-0.25,-0.0,-0.25,1.0,4,1,0,corrected_integrated_root
qwen_instruct,1,risk,trait,CmDl,1,-2.0,0.0,0.25,0.0,0.25,0.0,0.25,0.0,-0.25,-0.0,-0.25,1.0,4,1,0,corrected_integrated_root
qwen_instruct,1,risk,trait,CmHa,1,-2.0,0.0,0.5,0.0,0.5,0.0,0.5,0.0,-0.5,-0.0,-0.5,1.0,4,2,0,corrected_integrated_root
qwen_instruct,1,risk,trait,CmHr,1,-2.0,0.0,0.25,0.0,0.25,0.0,0.25,0.0,-0.25,-0.0,-0.25,1.0,4,1,0,corrected_integrated_root
qwen_instruct,1,risk,trait,CmNc,1,-2.0,0.0,0.0,0.0,0.0,0.0,0.0,0.0,-0.0,-0.0,-0.0,1.0,4,0,0,corrected_integrated_root
qwen_instruct,1,risk,trait,CmPc,1,-2.0,0.0,0.25,0.0,0.25,0.0,0.25,0.0,-0.25,-0.0,-0.25,1.0,4,1,0,corrected_integrated_root
qwen_instruct,1,risk,trait,CmPd,1,-2.0,0.0,0.0,0.0,0.0,0.0,0.0,0.0,-0.0,-0.0,-0.0,1.0,4,0,0,corrected_integrated_root
qwen_instruct,1,risk,trait,CmSh,1,-2.0,0.0,0.25,0.0,0.25,0.0,0.25,0.0,-0.25,-0.0,-0.25,1.0,4,1,0,corrected_integrated_root
qwen_instruct,1,risk,trait,CoAs,0,1.0,0.75,0.5,1.0,-0.25,0.25,0.25,0.25,-0.25,0.25,-0.5,0.75,4,3,1,corrected_integrated_root
qwen_instruct,1,risk,trait,CoBa,0,1.0,0.75,0.5,0.75,-0.25,0.0,0.25,0.0,-0.25,0.0,-0.25,0.75,4,3,1,corrected_integrated_root
qwen_instruct,1,risk,trait,CoCh,0,1.0,0.75,0.5,0.75,-0.25,0.0,0.25,0.0,-0.25,0.0,-0.25,0.75,4,3,1,corrected_integrated_root
qwen_instruct,1,risk,trait,CoCm,0,1.0,0.5,0.5,0.5,0.0,0.0,0.0,0.0,0.0,0.0,0.0,0.5,4,4,2,corrected_integrated_root
qwen_instruct,1,risk,trait,CoCo,0,1.0,1.0,0.5,1.0,-0.5,0.0,0.5,0.0,-0.5,0.0,-0.5,1.0,4,2,0,corrected_integrated_root
qwen_instruct,1,risk,trait,CoDl,0,1.0,0.5,0.25,0.5,-0.25,0.0,0.25,0.0,-0.25,0.0,-0.25,0.5,4,3,1,corrected_integrated_root
qwen_instruct,1,risk,trait,CoHa,0,1.0,1.0,0.75,1.0,-0.25,0.0,0.25,0.0,-0.25,0.0,-0.25,1.0,4,1,0,corrected_integrated_root
qwen_instruct,1,risk,trait,CoHr,0,1.0,0.75,0.25,0.5,-0.5,-0.25,0.5,0.25,-0.5,-0.25,-0.25,0.75,4,2,0,corrected_integrated_root
qwen_instruct,1,risk,trait,CoNc,0,1.0,1.0,1.0,1.0,0.0,0.0,0.0,0.0,0.0,0.0,0.0,1.0,4,0,0,corrected_integrated_root
qwen_instruct,1,risk,trait,CoPc,0,1.0,0.75,1.0,1.0,0.25,0.25,0.25,0.25,0.25,0.25,0.0,0.75,4,1,1,corrected_integrated_root
qwen_instruct,1,risk,trait,CoPd,0,1.0,0.75,0.5,0.75,-0.25,0.0,0.25,0.0,-0.25,0.0,-0.25,0.75,4,3,1,corrected_integrated_root
qwen_instruct,1,risk,trait,CoSh,0,1.0,0.75,0.5,1.0,-0.25,0.25,0.25,0.25,-0.25,0.25,-0.5,0.75,4,3,1,corrected_integrated_root
qwen_instruct,1,risk,trait,DlAs,1,-2.0,0.0,0.0,0.0,0.0,0.0,0.0,0.0,-0.0,-0.0,-0.0,1.0,4,0,0,corrected_integrated_root
qwen_instruct,1,risk,trait,DlBa,1,-2.0,0.0,0.25,0.0,0.25,0.0,0.25,0.0,-0.25,-0.0,-0.25,1.0,4,1,0,corrected_integrated_root
qwen_instruct,1,risk,trait,DlCh,1,-2.0,0.0,0.0,0.0,0.0,0.0,0.0,0.0,-0.0,-0.0,-0.0,1.0,4,0,0,corrected_integrated_root
qwen_instruct,1,risk,trait,DlCm,1,-2.0,0.0,0.0,0.0,0.0,0.0,0.0,0.0,-0.0,-0.0,-0.0,1.0,4,0,0,corrected_integrated_root
qwen_instruct,1,risk,trait,DlCo,1,-2.0,0.0,0.5,0.0,0.5,0.0,0.5,0.0,-0.5,-0.0,-0.5,1.0,4,2,0,corrected_integrated_root
qwen_instruct,1,risk,trait,DlDl,1,-2.0,0.0,0.5,0.0,0.5,0.0,0.5,0.0,-0.5,-0.0,-0.5,1.0,4,2,0,corrected_integrated_root
qwen_instruct,1,risk,trait,DlHa,1,-2.0,0.0,0.0,0.0,0.0,0.0,0.0,0.0,-0.0,-0.0,-0.0,1.0,4,0,0,corrected_integrated_root
qwen_instruct,1,risk,trait,DlHr,1,-2.0,0.0,0.25,0.0,0.25,0.0,0.25,0.0,-0.25,-0.0,-0.25,1.0,4,1,0,corrected_integrated_root
qwen_instruct,1,risk,trait,DlNc,1,-2.0,0.0,0.25,0.0,0.25,0.0,0.25,0.0,-0.25,-0.0,-0.25,1.0,4,1,0,corrected_integrated_root
qwen_instruct,1,risk,trait,DlPc,1,-2.0,0.0,0.5,0.0,0.5,0.0,0.5,0.0,-0.5,-0.0,-0.5,1.0,4,2,0,corrected_integrated_root
qwen_instruct,1,risk,trait,DlPd,1,-2.0,0.0,0.25,0.0,0.25,0.0,0.25,0.0,-0.25,-0.0,-0.25,1.0,4,1,0,corrected_integrated_root
qwen_instruct,1,risk,trait,DlSh,1,-2.0,0.0,0.25,0.0,0.25,0.0,0.25,0.0,-0.25,-0.0,-0.25,1.0,4,1,0,corrected_integrated_root
qwen_instruct,1,risk,trait,HaAs,0,2.0,1.0,0.75,1.0,-0.25,0.0,0.25,0.0,-0.25,0.0,-0.25,1.0,4,1,0,corrected_integrated_root
qwen_instruct,1,risk,trait,HaBa,0,2.0,1.0,0.5,1.0,-0.5,0.0,0.5,0.0,-0.5,0.0,-0.5,1.0,4,2,0,corrected_integrated_root
qwen_instruct,1,risk,trait,HaCh,0,2.0,1.0,0.5,1.0,-0.5,0.0,0.5,0.0,-0.5,0.0,-0.5,1.0,4,2,0,corrected_integrated_root
qwen_instruct,1,risk,trait,HaCm,0,2.0,1.0,0.5,1.0,-0.5,0.0,0.5,0.0,-0.5,0.0,-0.5,1.0,4,2,0,corrected_integrated_root
qwen_instruct,1,risk,trait,HaCo,0,2.0,1.0,0.5,1.0,-0.5,0.0,0.5,0.0,-0.5,0.0,-0.5,1.0,4,2,0,corrected_integrated_root
qwen_instruct,1,risk,trait,HaDl,0,2.0,1.0,0.5,1.0,-0.5,0.0,0.5,0.0,-0.5,0.0,-0.5,1.0,4,2,0,corrected_integrated_root
qwen_instruct,1,risk,trait,HaHa,0,2.0,1.0,0.5,1.0,-0.5,0.0,0.5,0.0,-0.5,0.0,-0.5,1.0,4,2,0,corrected_integrated_root
qwen_instruct,1,risk,trait,HaHr,0,2.0,1.0,0.5,1.0,-0.5,0.0,0.5,0.0,-0.5,0.0,-0.5,1.0,4,2,0,corrected_integrated_root
qwen_instruct,1,risk,trait,HaNc,0,2.0,1.0,0.5,1.0,-0.5,0.0,0.5,0.0,-0.5,0.0,-0.5,1.0,4,2,0,corrected_integrated_root
qwen_instruct,1,risk,trait,HaPc,0,2.0,1.0,0.75,1.0,-0.25,0.0,0.25,0.0,-0.25,0.0,-0.25,1.0,4,1,0,corrected_integrated_root
qwen_instruct,1,risk,trait,HaPd,0,2.0,1.0,0.5,1.0,-0.5,0.0,0.5,0.0,-0.5,0.0,-0.5,1.0,4,2,0,corrected_integrated_root
qwen_instruct,1,risk,trait,HaSh,0,2.0,1.0,0.75,1.0,-0.25,0.0,0.25,0.0,-0.25,0.0,-0.25,1.0,4,1,0,corrected_integrated_root
qwen_instruct,1,risk,trait,HrAs,1,-1.0,0.0,0.5,0.0,0.5,0.0,0.5,0.0,-0.5,-0.0,-0.5,1.0,4,2,0,corrected_integrated_root
qwen_instruct,1,risk,trait,HrBa,1,-1.0,0.0,0.0,0.0,0.0,0.0,0.0,0.0,-0.0,-0.0,-0.0,1.0,4,0,0,corrected_integrated_root
qwen_instruct,1,risk,trait,HrCh,1,-1.0,0.0,0.25,0.0,0.25,0.0,0.25,0.0,-0.25,-0.0,-0.25,1.0,4,1,0,corrected_integrated_root
qwen_instruct,1,risk,trait,HrCm,1,-1.0,0.0,0.25,0.0,0.25,0.0,0.25,0.0,-0.25,-0.0,-0.25,1.0,4,1,0,corrected_integrated_root
qwen_instruct,1,risk,trait,HrCo,1,-1.0,0.25,0.25,0.0,0.0,-0.25,0.0,0.25,-0.0,0.25,-0.25,0.75,4,2,1,corrected_integrated_root
qwen_instruct,1,risk,trait,HrDl,1,-1.0,0.0,0.0,0.0,0.0,0.0,0.0,0.0,-0.0,-0.0,-0.0,1.0,4,0,0,corrected_integrated_root
qwen_instruct,1,risk,trait,HrHa,1,-1.0,0.0,0.0,0.0,0.0,0.0,0.0,0.0,-0.0,-0.0,-0.0,1.0,4,0,0,corrected_integrated_root
qwen_instruct,1,risk,trait,HrHr,1,-1.0,0.0,0.25,0.0,0.25,0.0,0.25,0.0,-0.25,-0.0,-0.25,1.0,4,1,0,corrected_integrated_root
qwen_instruct,1,risk,trait,HrNc,1,-1.0,0.5,0.25,0.25,-0.25,-0.25,0.25,0.25,0.25,0.25,-0.0,0.5,4,1,1,corrected_integrated_root
qwen_instruct,1,risk,trait,HrPc,1,-1.0,0.0,0.25,0.0,0.25,0.0,0.25,0.0,-0.25,-0.0,-0.25,1.0,4,1,0,corrected_integrated_root
qwen_instruct,1,risk,trait,HrPd,1,-1.0,0.0,0.0,0.0,0.0,0.0,0.0,0.0,-0.0,-0.0,-0.0,1.0,4,0,0,corrected_integrated_root
qwen_instruct,1,risk,trait,HrSh,1,-1.0,0.5,0.25,0.5,-0.25,0.0,0.25,0.0,0.25,-0.0,0.25,0.5,4,1,1,corrected_integrated_root
qwen_instruct,1,risk,trait,NcAs,0,1.0,0.75,0.5,1.0,-0.25,0.25,0.25,0.25,-0.25,0.25,-0.5,0.75,4,3,1,corrected_integrated_root
qwen_instruct,1,risk,trait,NcBa,0,1.0,0.5,0.0,0.25,-0.5,-0.25,0.5,0.25,-0.5,-0.25,-0.25,0.5,4,2,0,corrected_integrated_root
qwen_instruct,1,risk,trait,NcCh,0,1.0,0.75,0.5,1.0,-0.25,0.25,0.25,0.25,-0.25,0.25,-0.5,0.75,4,3,1,corrected_integrated_root
qwen_instruct,1,risk,trait,NcCm,0,1.0,0.5,0.0,0.5,-0.5,0.0,0.5,0.0,-0.5,0.0,-0.5,0.5,4,2,0,corrected_integrated_root
qwen_instruct,1,risk,trait,NcCo,0,1.0,0.5,0.75,0.5,0.25,0.0,0.25,0.0,0.25,0.0,0.25,0.5,4,1,1,corrected_integrated_root
qwen_instruct,1,risk,trait,NcDl,0,1.0,0.5,0.5,1.0,0.0,0.5,0.0,0.5,0.0,0.5,-0.5,0.5,4,4,2,corrected_integrated_root
qwen_instruct,1,risk,trait,NcHa,0,1.0,0.5,0.0,0.75,-0.5,0.25,0.5,0.25,-0.5,0.25,-0.75,0.5,4,2,0,corrected_integrated_root
qwen_instruct,1,risk,trait,NcHr,0,1.0,0.5,0.0,0.5,-0.5,0.0,0.5,0.0,-0.5,0.0,-0.5,0.5,4,2,0,corrected_integrated_root
qwen_instruct,1,risk,trait,NcNc,0,1.0,0.75,0.5,1.0,-0.25,0.25,0.25,0.25,-0.25,0.25,-0.5,0.75,4,3,1,corrected_integrated_root
qwen_instruct,1,risk,trait,NcPc,0,1.0,0.5,0.0,0.5,-0.5,0.0,0.5,0.0,-0.5,0.0,-0.5,0.5,4,2,0,corrected_integrated_root
qwen_instruct,1,risk,trait,NcPd,0,1.0,0.5,0.5,0.5,0.0,0.0,0.0,0.0,0.0,0.0,0.0,0.5,4,4,2,corrected_integrated_root
qwen_instruct,1,risk,trait,NcSh,0,1.0,0.75,0.75,1.0,0.0,0.25,0.0,0.25,0.0,0.25,-0.25,0.75,4,2,1,corrected_integrated_root
qwen_instruct,1,risk,trait,PcAs,0,2.0,1.0,0.5,1.0,-0.5,0.0,0.5,0.0,-0.5,0.0,-0.5,1.0,4,2,0,corrected_integrated_root
qwen_instruct,1,risk,trait,PcBa,0,2.0,1.0,0.5,1.0,-0.5,0.0,0.5,0.0,-0.5,0.0,-0.5,1.0,4,2,0,corrected_integrated_root
qwen_instruct,1,risk,trait,PcCh,0,2.0,1.0,0.5,1.0,-0.5,0.0,0.5,0.0,-0.5,0.0,-0.5,1.0,4,2,0,corrected_integrated_root
qwen_instruct,1,risk,trait,PcCm,0,2.0,1.0,0.5,1.0,-0.5,0.0,0.5,0.0,-0.5,0.0,-0.5,1.0,4,2,0,corrected_integrated_root
qwen_instruct,1,risk,trait,PcCo,0,2.0,1.0,0.75,1.0,-0.25,0.0,0.25,0.0,-0.25,0.0,-0.25,1.0,4,1,0,corrected_integrated_root
qwen_instruct,1,risk,trait,PcDl,0,2.0,1.0,0.5,1.0,-0.5,0.0,0.5,0.0,-0.5,0.0,-0.5,1.0,4,2,0,corrected_integrated_root
qwen_instruct,1,risk,trait,PcHa,0,2.0,1.0,0.75,1.0,-0.25,0.0,0.25,0.0,-0.25,0.0,-0.25,1.0,4,1,0,corrected_integrated_root
qwen_instruct,1,risk,trait,PcHr,0,2.0,1.0,0.5,1.0,-0.5,0.0,0.5,0.0,-0.5,0.0,-0.5,1.0,4,2,0,corrected_integrated_root
qwen_instruct,1,risk,trait,PcNc,0,2.0,1.0,0.5,1.0,-0.5,0.0,0.5,0.0,-0.5,0.0,-0.5,1.0,4,2,0,corrected_integrated_root
qwen_instruct,1,risk,trait,PcPc,0,2.0,1.0,1.0,1.0,0.0,0.0,0.0,0.0,0.0,0.0,0.0,1.0,4,0,0,corrected_integrated_root
qwen_instruct,1,risk,trait,PcPd,0,2.0,1.0,0.5,1.0,-0.5,0.0,0.5,0.0,-0.5,0.0,-0.5,1.0,4,2,0,corrected_integrated_root
qwen_instruct,1,risk,trait,PcSh,0,2.0,1.0,0.5,1.0,-0.5,0.0,0.5,0.0,-0.5,0.0,-0.5,1.0,4,2,0,corrected_integrated_root
qwen_instruct,1,risk,trait,PdAs,1,-1.0,0.0,0.0,0.0,0.0,0.0,0.0,0.0,-0.0,-0.0,-0.0,1.0,4,0,0,corrected_integrated_root
qwen_instruct,1,risk,trait,PdBa,1,-1.0,0.0,0.0,0.0,0.0,0.0,0.0,0.0,-0.0,-0.0,-0.0,1.0,4,0,0,corrected_integrated_root
qwen_instruct,1,risk,trait,PdCh,1,-1.0,0.25,0.25,0.0,0.0,-0.25,0.0,0.25,-0.0,0.25,-0.25,0.75,4,2,1,corrected_integrated_root
qwen_instruct,1,risk,trait,PdCm,1,-1.0,0.0,0.0,0.0,0.0,0.0,0.0,0.0,-0.0,-0.0,-0.0,1.0,4,0,0,corrected_integrated_root
qwen_instruct,1,risk,trait,PdCo,1,-1.0,0.0,0.5,0.0,0.5,0.0,0.5,0.0,-0.5,-0.0,-0.5,1.0,4,2,0,corrected_integrated_root
qwen_instruct,1,risk,trait,PdDl,1,-1.0,0.0,0.0,0.0,0.0,0.0,0.0,0.0,-0.0,-0.0,-0.0,1.0,4,0,0,corrected_integrated_root
qwen_instruct,1,risk,trait,PdHa,1,-1.0,0.0,0.25,0.0,0.25,0.0,0.25,0.0,-0.25,-0.0,-0.25,1.0,4,1,0,corrected_integrated_root
qwen_instruct,1,risk,trait,PdHr,1,-1.0,0.0,0.0,0.0,0.0,0.0,0.0,0.0,-0.0,-0.0,-0.0,1.0,4,0,0,corrected_integrated_root
qwen_instruct,1,risk,trait,PdNc,1,-1.0,0.0,0.25,0.0,0.25,0.0,0.25,0.0,-0.25,-0.0,-0.25,1.0,4,1,0,corrected_integrated_root
qwen_instruct,1,risk,trait,PdPc,1,-1.0,0.0,0.0,0.0,0.0,0.0,0.0,0.0,-0.0,-0.0,-0.0,1.0,4,0,0,corrected_integrated_root
qwen_instruct,1,risk,trait,PdPd,1,-1.0,0.25,0.5,0.0,0.25,-0.25,0.25,0.25,-0.25,0.25,-0.5,0.75,4,1,0,corrected_integrated_root
qwen_instruct,1,risk,trait,PdSh,1,-1.0,0.0,0.0,0.0,0.0,0.0,0.0,0.0,-0.0,-0.0,-0.0,1.0,4,0,0,corrected_integrated_root
qwen_instruct,1,risk,trait,ShAs,1,-1.0,0.5,0.25,0.5,-0.25,0.0,0.25,0.0,0.25,-0.0,0.25,0.5,4,3,2,corrected_integrated_root
qwen_instruct,1,risk,trait,ShBa,1,-1.0,0.5,0.0,0.25,-0.5,-0.25,0.5,0.25,0.5,0.25,0.25,0.5,4,2,2,corrected_integrated_root
qwen_instruct,1,risk,trait,ShCh,1,-1.0,0.5,0.0,0.5,-0.5,0.0,0.5,0.0,0.5,-0.0,0.5,0.5,4,2,2,corrected_integrated_root
qwen_instruct,1,risk,trait,ShCm,1,-1.0,0.5,0.5,0.5,0.0,0.0,0.0,0.0,-0.0,-0.0,-0.0,0.5,4,4,2,corrected_integrated_root
qwen_instruct,1,risk,trait,ShCo,1,-1.0,0.5,0.5,0.5,0.0,0.0,0.0,0.0,-0.0,-0.0,-0.0,0.5,4,4,2,corrected_integrated_root
qwen_instruct,1,risk,trait,ShDl,1,-1.0,0.5,0.0,0.5,-0.5,0.0,0.5,0.0,0.5,-0.0,0.5,0.5,4,2,2,corrected_integrated_root
qwen_instruct,1,risk,trait,ShHa,1,-1.0,0.5,0.25,0.5,-0.25,0.0,0.25,0.0,0.25,-0.0,0.25,0.5,4,3,2,corrected_integrated_root
qwen_instruct,1,risk,trait,ShHr,1,-1.0,0.25,0.0,0.0,-0.25,-0.25,0.25,0.25,0.25,0.25,-0.0,0.75,4,1,1,corrected_integrated_root
qwen_instruct,1,risk,trait,ShNc,1,-1.0,0.5,0.25,0.5,-0.25,0.0,0.25,0.0,0.25,-0.0,0.25,0.5,4,3,2,corrected_integrated_root
qwen_instruct,1,risk,trait,ShPc,1,-1.0,0.5,0.0,0.5,-0.5,0.0,0.5,0.0,0.5,-0.0,0.5,0.5,4,2,2,corrected_integrated_root
qwen_instruct,1,risk,trait,ShPd,1,-1.0,0.5,0.0,0.5,-0.5,0.0,0.5,0.0,0.5,-0.0,0.5,0.5,4,2,2,corrected_integrated_root
qwen_instruct,1,risk,trait,ShSh,1,-1.0,0.5,0.0,0.5,-0.5,0.0,0.5,0.0,0.5,-0.0,0.5,0.5,4,2,2,corrected_integrated_root
qwen_instruct,1,loss,trait,AsAs,1,-1.0,0.5,0.0,0.5,-0.5,0.0,0.5,0.0,0.5,-0.0,0.5,0.5,4,2,2,corrected_integrated_root
qwen_instruct,1,loss,trait,AsBa,1,-1.0,0.5,0.0,0.5,-0.5,0.0,0.5,0.0,0.5,-0.0,0.5,0.5,4,2,2,corrected_integrated_root
qwen_instruct,1,loss,trait,AsCh,1,-1.0,0.5,0.0,0.5,-0.5,0.0,0.5,0.0,0.5,-0.0,0.5,0.5,4,2,2,corrected_integrated_root
qwen_instruct,1,loss,trait,AsCm,1,-1.0,0.25,0.0,0.25,-0.25,0.0,0.25,0.0,0.25,-0.0,0.25,0.75,4,1,1,corrected_integrated_root
qwen_instruct,1,loss,trait,AsCo,1,-1.0,0.5,0.25,0.5,-0.25,0.0,0.25,0.0,0.25,-0.0,0.25,0.5,4,1,1,corrected_integrated_root
qwen_instruct,1,loss,trait,AsDl,1,-1.0,0.5,0.0,0.5,-0.5,0.0,0.5,0.0,0.5,-0.0,0.5,0.5,4,2,2,corrected_integrated_root
qwen_instruct,1,loss,trait,AsHa,1,-1.0,0.5,0.5,0.5,0.0,0.0,0.0,0.0,-0.0,-0.0,-0.0,0.5,4,4,2,corrected_integrated_root
qwen_instruct,1,loss,trait,AsHr,1,-1.0,0.5,0.0,0.5,-0.5,0.0,0.5,0.0,0.5,-0.0,0.5,0.5,4,2,2,corrected_integrated_root
qwen_instruct,1,loss,trait,AsNc,1,-1.0,0.5,0.0,0.5,-0.5,0.0,0.5,0.0,0.5,-0.0,0.5,0.5,4,2,2,corrected_integrated_root
qwen_instruct,1,loss,trait,AsPc,1,-1.0,0.5,0.5,0.75,0.0,0.25,0.0,0.25,-0.0,-0.25,0.25,0.5,4,4,2,corrected_integrated_root
qwen_instruct,1,loss,trait,AsPd,1,-1.0,0.5,0.0,0.5,-0.5,0.0,0.5,0.0,0.5,-0.0,0.5,0.5,4,2,2,corrected_integrated_root
qwen_instruct,1,loss,trait,AsSh,1,-1.0,0.5,0.25,0.5,-0.25,0.0,0.25,0.0,0.25,-0.0,0.25,0.5,4,3,2,corrected_integrated_root
qwen_instruct,1,loss,trait,BaAs,0,1.0,0.5,1.0,0.5,0.5,0.0,0.5,0.0,0.5,0.0,0.5,0.5,4,2,2,corrected_integrated_root
qwen_instruct,1,loss,trait,BaBa,0,1.0,0.25,0.75,0.0,0.5,-0.25,0.5,0.25,0.5,-0.25,0.75,0.25,4,4,3,corrected_integrated_root
qwen_instruct,1,loss,trait,BaCh,0,1.0,0.25,0.5,0.0,0.25,-0.25,0.25,0.25,0.25,-0.25,0.5,0.25,4,3,2,corrected_integrated_root
qwen_instruct,1,loss,trait,BaCm,0,1.0,0.0,0.5,0.0,0.5,0.0,0.5,0.0,0.5,0.0,0.5,0.0,4,2,2,corrected_integrated_root
qwen_instruct,1,loss,trait,BaCo,0,1.0,0.25,1.0,0.0,0.75,-0.25,0.75,0.25,0.75,-0.25,1.0,0.25,4,3,3,corrected_integrated_root
qwen_instruct,1,loss,trait,BaDl,0,1.0,0.25,1.0,0.5,0.75,0.25,0.75,0.25,0.75,0.25,0.5,0.25,4,3,3,corrected_integrated_root
qwen_instruct,1,loss,trait,BaHa,0,1.0,0.25,0.5,0.0,0.25,-0.25,0.25,0.25,0.25,-0.25,0.5,0.25,4,3,2,corrected_integrated_root
qwen_instruct,1,loss,trait,BaHr,0,1.0,0.0,0.25,0.0,0.25,0.0,0.25,0.0,0.25,0.0,0.25,0.0,4,1,1,corrected_integrated_root
qwen_instruct,1,loss,trait,BaNc,0,1.0,0.5,1.0,0.5,0.5,0.0,0.5,0.0,0.5,0.0,0.5,0.5,4,2,2,corrected_integrated_root
qwen_instruct,1,loss,trait,BaPc,0,1.0,0.25,0.25,0.0,0.0,-0.25,0.0,0.25,0.0,-0.25,0.25,0.25,4,2,1,corrected_integrated_root
qwen_instruct,1,loss,trait,BaPd,0,1.0,0.25,0.5,0.0,0.25,-0.25,0.25,0.25,0.25,-0.25,0.5,0.25,4,3,2,corrected_integrated_root
qwen_instruct,1,loss,trait,BaSh,0,1.0,0.5,1.0,0.5,0.5,0.0,0.5,0.0,0.5,0.0,0.5,0.5,4,2,2,corrected_integrated_root
qwen_instruct,1,loss,trait,ChAs,0,1.0,0.25,0.75,0.0,0.5,-0.25,0.5,0.25,0.5,-0.25,0.75,0.25,4,4,3,corrected_integrated_root
qwen_instruct,1,loss,trait,ChBa,0,1.0,0.0,0.5,0.0,0.5,0.0,0.5,0.0,0.5,0.0,0.5,0.0,4,2,2,corrected_integrated_root
qwen_instruct,1,loss,trait,ChCh,0,1.0,0.5,0.5,0.5,0.0,0.0,0.0,0.0,0.0,0.0,0.0,0.5,4,4,2,corrected_integrated_root
qwen_instruct,1,loss,trait,ChCm,0,1.0,0.0,0.0,0.0,0.0,0.0,0.0,0.0,0.0,0.0,0.0,0.0,4,0,0,corrected_integrated_root
qwen_instruct,1,loss,trait,ChCo,0,1.0,0.25,0.5,0.0,0.25,-0.25,0.25,0.25,0.25,-0.25,0.5,0.25,4,3,2,corrected_integrated_root
qwen_instruct,1,loss,trait,ChDl,0,1.0,0.25,0.5,0.0,0.25,-0.25,0.25,0.25,0.25,-0.25,0.5,0.25,4,3,2,corrected_integrated_root
qwen_instruct,1,loss,trait,ChHa,0,1.0,0.0,0.5,0.0,0.5,0.0,0.5,0.0,0.5,0.0,0.5,0.0,4,2,2,corrected_integrated_root
qwen_instruct,1,loss,trait,ChHr,0,1.0,0.0,0.25,0.0,0.25,0.0,0.25,0.0,0.25,0.0,0.25,0.0,4,1,1,corrected_integrated_root
qwen_instruct,1,loss,trait,ChNc,0,1.0,0.25,0.5,0.0,0.25,-0.25,0.25,0.25,0.25,-0.25,0.5,0.25,4,3,2,corrected_integrated_root
qwen_instruct,1,loss,trait,ChPc,0,1.0,0.0,0.25,0.0,0.25,0.0,0.25,0.0,0.25,0.0,0.25,0.0,4,1,1,corrected_integrated_root
qwen_instruct,1,loss,trait,ChPd,0,1.0,0.5,1.0,0.5,0.5,0.0,0.5,0.0,0.5,0.0,0.5,0.5,4,2,2,corrected_integrated_root
qwen_instruct,1,loss,trait,ChSh,0,1.0,0.25,0.5,0.0,0.25,-0.25,0.25,0.25,0.25,-0.25,0.5,0.25,4,3,2,corrected_integrated_root
qwen_instruct,1,loss,trait,CmAs,1,-2.0,0.0,0.75,0.0,0.75,0.0,0.75,0.0,-0.75,-0.0,-0.75,1.0,4,3,0,corrected_integrated_root
qwen_instruct,1,loss,trait,CmBa,1,-2.0,0.0,0.25,0.0,0.25,0.0,0.25,0.0,-0.25,-0.0,-0.25,1.0,4,1,0,corrected_integrated_root
qwen_instruct,1,loss,trait,CmCh,1,-2.0,0.0,0.5,0.0,0.5,0.0,0.5,0.0,-0.5,-0.0,-0.5,1.0,4,2,0,corrected_integrated_root
qwen_instruct,1,loss,trait,CmCm,1,-2.0,0.0,0.25,0.0,0.25,0.0,0.25,0.0,-0.25,-0.0,-0.25,1.0,4,1,0,corrected_integrated_root
qwen_instruct,1,loss,trait,CmCo,1,-2.0,0.0,0.0,0.0,0.0,0.0,0.0,0.0,-0.0,-0.0,-0.0,1.0,4,0,0,corrected_integrated_root
qwen_instruct,1,loss,trait,CmDl,1,-2.0,0.0,0.5,0.0,0.5,0.0,0.5,0.0,-0.5,-0.0,-0.5,1.0,4,2,0,corrected_integrated_root
qwen_instruct,1,loss,trait,CmHa,1,-2.0,0.0,0.5,0.0,0.5,0.0,0.5,0.0,-0.5,-0.0,-0.5,1.0,4,2,0,corrected_integrated_root
qwen_instruct,1,loss,trait,CmHr,1,-2.0,0.0,0.5,0.0,0.5,0.0,0.5,0.0,-0.5,-0.0,-0.5,1.0,4,2,0,corrected_integrated_root
qwen_instruct,1,loss,trait,CmNc,1,-2.0,0.0,0.25,0.0,0.25,0.0,0.25,0.0,-0.25,-0.0,-0.25,1.0,4,1,0,corrected_integrated_root
qwen_instruct,1,loss,trait,CmPc,1,-2.0,0.0,0.25,0.0,0.25,0.0,0.25,0.0,-0.25,-0.0,-0.25,1.0,4,1,0,corrected_integrated_root
qwen_instruct,1,loss,trait,CmPd,1,-2.0,0.0,0.25,0.0,0.25,0.0,0.25,0.0,-0.25,-0.0,-0.25,1.0,4,1,0,corrected_integrated_root
qwen_instruct,1,loss,trait,CmSh,1,-2.0,0.0,0.5,0.0,0.5,0.0,0.5,0.0,-0.5,-0.0,-0.5,1.0,4,2,0,corrected_integrated_root
qwen_instruct,1,loss,trait,CoAs,0,1.0,0.75,0.5,1.0,-0.25,0.25,0.25,0.25,-0.25,0.25,-0.5,0.75,4,3,1,corrected_integrated_root
qwen_instruct,1,loss,trait,CoBa,0,1.0,0.75,0.5,0.75,-0.25,0.0,0.25,0.0,-0.25,0.0,-0.25,0.75,4,3,1,corrected_integrated_root
qwen_instruct,1,loss,trait,CoCh,0,1.0,0.75,0.5,0.75,-0.25,0.0,0.25,0.0,-0.25,0.0,-0.25,0.75,4,3,1,corrected_integrated_root
qwen_instruct,1,loss,trait,CoCm,0,1.0,0.5,0.25,0.5,-0.25,0.0,0.25,0.0,-0.25,0.0,-0.25,0.5,4,3,1,corrected_integrated_root
qwen_instruct,1,loss,trait,CoCo,0,1.0,1.0,0.5,1.0,-0.5,0.0,0.5,0.0,-0.5,0.0,-0.5,1.0,4,2,0,corrected_integrated_root
qwen_instruct,1,loss,trait,CoDl,0,1.0,0.5,0.25,0.5,-0.25,0.0,0.25,0.0,-0.25,0.0,-0.25,0.5,4,3,1,corrected_integrated_root
qwen_instruct,1,loss,trait,CoHa,0,1.0,1.0,0.75,1.0,-0.25,0.0,0.25,0.0,-0.25,0.0,-0.25,1.0,4,1,0,corrected_integrated_root
qwen_instruct,1,loss,trait,CoHr,0,1.0,0.75,0.5,0.5,-0.25,-0.25,0.25,0.25,-0.25,-0.25,0.0,0.75,4,3,1,corrected_integrated_root
qwen_instruct,1,loss,trait,CoNc,0,1.0,1.0,0.5,1.0,-0.5,0.0,0.5,0.0,-0.5,0.0,-0.5,1.0,4,2,0,corrected_integrated_root
qwen_instruct,1,loss,trait,CoPc,0,1.0,0.75,0.75,1.0,0.0,0.25,0.0,0.25,0.0,0.25,-0.25,0.75,4,2,1,corrected_integrated_root
qwen_instruct,1,loss,trait,CoPd,0,1.0,0.75,0.25,0.75,-0.5,0.0,0.5,0.0,-0.5,0.0,-0.5,0.75,4,2,0,corrected_integrated_root
qwen_instruct,1,loss,trait,CoSh,0,1.0,0.75,0.5,1.0,-0.25,0.25,0.25,0.25,-0.25,0.25,-0.5,0.75,4,3,1,corrected_integrated_root
qwen_instruct,1,loss,trait,DlAs,1,-2.0,0.0,0.5,0.0,0.5,0.0,0.5,0.0,-0.5,-0.0,-0.5,1.0,4,2,0,corrected_integrated_root
qwen_instruct,1,loss,trait,DlBa,1,-2.0,0.0,0.0,0.0,0.0,0.0,0.0,0.0,-0.0,-0.0,-0.0,1.0,4,0,0,corrected_integrated_root
qwen_instruct,1,loss,trait,DlCh,1,-2.0,0.0,0.0,0.0,0.0,0.0,0.0,0.0,-0.0,-0.0,-0.0,1.0,4,0,0,corrected_integrated_root
qwen_instruct,1,loss,trait,DlCm,1,-2.0,0.0,0.0,0.0,0.0,0.0,0.0,0.0,-0.0,-0.0,-0.0,1.0,4,0,0,corrected_integrated_root
qwen_instruct,1,loss,trait,DlCo,1,-2.0,0.0,0.5,0.0,0.5,0.0,0.5,0.0,-0.5,-0.0,-0.5,1.0,4,2,0,corrected_integrated_root
qwen_instruct,1,loss,trait,DlDl,1,-2.0,0.0,0.5,0.0,0.5,0.0,0.5,0.0,-0.5,-0.0,-0.5,1.0,4,2,0,corrected_integrated_root
qwen_instruct,1,loss,trait,DlHa,1,-2.0,0.0,0.5,0.0,0.5,0.0,0.5,0.0,-0.5,-0.0,-0.5,1.0,4,2,0,corrected_integrated_root
qwen_instruct,1,loss,trait,DlHr,1,-2.0,0.0,0.0,0.0,0.0,0.0,0.0,0.0,-0.0,-0.0,-0.0,1.0,4,0,0,corrected_integrated_root
qwen_instruct,1,loss,trait,DlNc,1,-2.0,0.0,0.0,0.0,0.0,0.0,0.0,0.0,-0.0,-0.0,-0.0,1.0,4,0,0,corrected_integrated_root
qwen_instruct,1,loss,trait,DlPc,1,-2.0,0.0,0.5,0.0,0.5,0.0,0.5,0.0,-0.5,-0.0,-0.5,1.0,4,2,0,corrected_integrated_root
qwen_instruct,1,loss,trait,DlPd,1,-2.0,0.0,0.0,0.0,0.0,0.0,0.0,0.0,-0.0,-0.0,-0.0,1.0,4,0,0,corrected_integrated_root
qwen_instruct,1,loss,trait,DlSh,1,-2.0,0.0,0.5,0.0,0.5,0.0,0.5,0.0,-0.5,-0.0,-0.5,1.0,4,2,0,corrected_integrated_root
qwen_instruct,1,loss,trait,HaAs,0,2.0,1.0,1.0,1.0,0.0,0.0,0.0,0.0,0.0,0.0,0.0,1.0,4,0,0,corrected_integrated_root
qwen_instruct,1,loss,trait,HaBa,0,2.0,1.0,0.5,1.0,-0.5,0.0,0.5,0.0,-0.5,0.0,-0.5,1.0,4,2,0,corrected_integrated_root
qwen_instruct,1,loss,trait,HaCh,0,2.0,1.0,0.5,1.0,-0.5,0.0,0.5,0.0,-0.5,0.0,-0.5,1.0,4,2,0,corrected_integrated_root
qwen_instruct,1,loss,trait,HaCm,0,2.0,1.0,0.5,1.0,-0.5,0.0,0.5,0.0,-0.5,0.0,-0.5,1.0,4,2,0,corrected_integrated_root
qwen_instruct,1,loss,trait,HaCo,0,2.0,1.0,0.5,1.0,-0.5,0.0,0.5,0.0,-0.5,0.0,-0.5,1.0,4,2,0,corrected_integrated_root
qwen_instruct,1,loss,trait,HaDl,0,2.0,1.0,0.5,1.0,-0.5,0.0,0.5,0.0,-0.5,0.0,-0.5,1.0,4,2,0,corrected_integrated_root
qwen_instruct,1,loss,trait,HaHa,0,2.0,1.0,0.5,1.0,-0.5,0.0,0.5,0.0,-0.5,0.0,-0.5,1.0,4,2,0,corrected_integrated_root
qwen_instruct,1,loss,trait,HaHr,0,2.0,1.0,0.5,1.0,-0.5,0.0,0.5,0.0,-0.5,0.0,-0.5,1.0,4,2,0,corrected_integrated_root
qwen_instruct,1,loss,trait,HaNc,0,2.0,1.0,0.5,1.0,-0.5,0.0,0.5,0.0,-0.5,0.0,-0.5,1.0,4,2,0,corrected_integrated_root
qwen_instruct,1,loss,trait,HaPc,0,2.0,1.0,0.5,1.0,-0.5,0.0,0.5,0.0,-0.5,0.0,-0.5,1.0,4,2,0,corrected_integrated_root
qwen_instruct,1,loss,trait,HaPd,0,2.0,1.0,0.5,1.0,-0.5,0.0,0.5,0.0,-0.5,0.0,-0.5,1.0,4,2,0,corrected_integrated_root
qwen_instruct,1,loss,trait,HaSh,0,2.0,1.0,1.0,1.0,0.0,0.0,0.0,0.0,0.0,0.0,0.0,1.0,4,0,0,corrected_integrated_root
qwen_instruct,1,loss,trait,HrAs,1,-1.0,0.0,0.75,0.0,0.75,0.0,0.75,0.0,-0.75,-0.0,-0.75,1.0,4,3,0,corrected_integrated_root
qwen_instruct,1,loss,trait,HrBa,1,-1.0,0.0,0.0,0.0,0.0,0.0,0.0,0.0,-0.0,-0.0,-0.0,1.0,4,0,0,corrected_integrated_root
qwen_instruct,1,loss,trait,HrCh,1,-1.0,0.0,0.0,0.0,0.0,0.0,0.0,0.0,-0.0,-0.0,-0.0,1.0,4,0,0,corrected_integrated_root
qwen_instruct,1,loss,trait,HrCm,1,-1.0,0.0,0.5,0.0,0.5,0.0,0.5,0.0,-0.5,-0.0,-0.5,1.0,4,2,0,corrected_integrated_root
qwen_instruct,1,loss,trait,HrCo,1,-1.0,0.25,0.25,0.0,0.0,-0.25,0.0,0.25,-0.0,0.25,-0.25,0.75,4,2,1,corrected_integrated_root
qwen_instruct,1,loss,trait,HrDl,1,-1.0,0.0,0.25,0.0,0.25,0.0,0.25,0.0,-0.25,-0.0,-0.25,1.0,4,1,0,corrected_integrated_root
qwen_instruct,1,loss,trait,HrHa,1,-1.0,0.0,0.0,0.0,0.0,0.0,0.0,0.0,-0.0,-0.0,-0.0,1.0,4,0,0,corrected_integrated_root
qwen_instruct,1,loss,trait,HrHr,1,-1.0,0.0,0.25,0.0,0.25,0.0,0.25,0.0,-0.25,-0.0,-0.25,1.0,4,1,0,corrected_integrated_root
qwen_instruct,1,loss,trait,HrNc,1,-1.0,0.5,1.0,0.25,0.5,-0.25,0.5,0.25,-0.5,0.25,-0.75,0.5,4,2,0,corrected_integrated_root
qwen_instruct,1,loss,trait,HrPc,1,-1.0,0.0,0.0,0.0,0.0,0.0,0.0,0.0,-0.0,-0.0,-0.0,1.0,4,0,0,corrected_integrated_root
qwen_instruct,1,loss,trait,HrPd,1,-1.0,0.0,0.5,0.0,0.5,0.0,0.5,0.0,-0.5,-0.0,-0.5,1.0,4,2,0,corrected_integrated_root
qwen_instruct,1,loss,trait,HrSh,1,-1.0,0.5,1.0,0.5,0.5,0.0,0.5,0.0,-0.5,-0.0,-0.5,0.5,4,2,0,corrected_integrated_root
qwen_instruct,1,loss,trait,NcAs,0,1.0,0.75,1.0,1.0,0.25,0.25,0.25,0.25,0.25,0.25,0.0,0.75,4,1,1,corrected_integrated_root
qwen_instruct,1,loss,trait,NcBa,0,1.0,0.5,0.0,0.25,-0.5,-0.25,0.5,0.25,-0.5,-0.25,-0.25,0.5,4,2,0,corrected_integrated_root
qwen_instruct,1,loss,trait,NcCh,0,1.0,0.75,0.25,1.0,-0.5,0.25,0.5,0.25,-0.5,0.25,-0.75,0.75,4,2,0,corrected_integrated_root
qwen_instruct,1,loss,trait,NcCm,0,1.0,0.5,0.0,0.5,-0.5,0.0,0.5,0.0,-0.5,0.0,-0.5,0.5,4,2,0,corrected_integrated_root
qwen_instruct,1,loss,trait,NcCo,0,1.0,0.5,0.0,0.5,-0.5,0.0,0.5,0.0,-0.5,0.0,-0.5,0.5,4,2,0,corrected_integrated_root
qwen_instruct,1,loss,trait,NcDl,0,1.0,0.5,0.0,1.0,-0.5,0.5,0.5,0.5,-0.5,0.5,-1.0,0.5,4,2,0,corrected_integrated_root
qwen_instruct,1,loss,trait,NcHa,0,1.0,0.5,0.0,0.75,-0.5,0.25,0.5,0.25,-0.5,0.25,-0.75,0.5,4,2,0,corrected_integrated_root
qwen_instruct,1,loss,trait,NcHr,0,1.0,0.5,0.0,0.5,-0.5,0.0,0.5,0.0,-0.5,0.0,-0.5,0.5,4,2,0,corrected_integrated_root
qwen_instruct,1,loss,trait,NcNc,0,1.0,0.75,0.25,1.0,-0.5,0.25,0.5,0.25,-0.5,0.25,-0.75,0.75,4,2,0,corrected_integrated_root
qwen_instruct,1,loss,trait,NcPc,0,1.0,0.5,0.0,0.5,-0.5,0.0,0.5,0.0,-0.5,0.0,-0.5,0.5,4,2,0,corrected_integrated_root
qwen_instruct,1,loss,trait,NcPd,0,1.0,0.5,0.25,0.5,-0.25,0.0,0.25,0.0,-0.25,0.0,-0.25,0.5,4,3,1,corrected_integrated_root
qwen_instruct,1,loss,trait,NcSh,0,1.0,0.75,0.5,1.0,-0.25,0.25,0.25,0.25,-0.25,0.25,-0.5,0.75,4,3,1,corrected_integrated_root
qwen_instruct,1,loss,trait,PcAs,0,2.0,1.0,0.5,1.0,-0.5,0.0,0.5,0.0,-0.5,0.0,-0.5,1.0,4,2,0,corrected_integrated_root
qwen_instruct,1,loss,trait,PcBa,0,2.0,1.0,0.5,1.0,-0.5,0.0,0.5,0.0,-0.5,0.0,-0.5,1.0,4,2,0,corrected_integrated_root
qwen_instruct,1,loss,trait,PcCh,0,2.0,1.0,0.5,1.0,-0.5,0.0,0.5,0.0,-0.5,0.0,-0.5,1.0,4,2,0,corrected_integrated_root
qwen_instruct,1,loss,trait,PcCm,0,2.0,1.0,0.5,1.0,-0.5,0.0,0.5,0.0,-0.5,0.0,-0.5,1.0,4,2,0,corrected_integrated_root
qwen_instruct,1,loss,trait,PcCo,0,2.0,1.0,0.5,1.0,-0.5,0.0,0.5,0.0,-0.5,0.0,-0.5,1.0,4,2,0,corrected_integrated_root
qwen_instruct,1,loss,trait,PcDl,0,2.0,1.0,0.5,1.0,-0.5,0.0,0.5,0.0,-0.5,0.0,-0.5,1.0,4,2,0,corrected_integrated_root
qwen_instruct,1,loss,trait,PcHa,0,2.0,1.0,1.0,1.0,0.0,0.0,0.0,0.0,0.0,0.0,0.0,1.0,4,0,0,corrected_integrated_root
qwen_instruct,1,loss,trait,PcHr,0,2.0,1.0,0.5,1.0,-0.5,0.0,0.5,0.0,-0.5,0.0,-0.5,1.0,4,2,0,corrected_integrated_root
qwen_instruct,1,loss,trait,PcNc,0,2.0,1.0,1.0,1.0,0.0,0.0,0.0,0.0,0.0,0.0,0.0,1.0,4,0,0,corrected_integrated_root
qwen_instruct,1,loss,trait,PcPc,0,2.0,1.0,0.5,1.0,-0.5,0.0,0.5,0.0,-0.5,0.0,-0.5,1.0,4,2,0,corrected_integrated_root
qwen_instruct,1,loss,trait,PcPd,0,2.0,1.0,0.5,1.0,-0.5,0.0,0.5,0.0,-0.5,0.0,-0.5,1.0,4,2,0,corrected_integrated_root
qwen_instruct,1,loss,trait,PcSh,0,2.0,1.0,0.75,1.0,-0.25,0.0,0.25,0.0,-0.25,0.0,-0.25,1.0,4,1,0,corrected_integrated_root
qwen_instruct,1,loss,trait,PdAs,1,-1.0,0.0,0.25,0.0,0.25,0.0,0.25,0.0,-0.25,-0.0,-0.25,1.0,4,1,0,corrected_integrated_root
qwen_instruct,1,loss,trait,PdBa,1,-1.0,0.0,0.0,0.0,0.0,0.0,0.0,0.0,-0.0,-0.0,-0.0,1.0,4,0,0,corrected_integrated_root
qwen_instruct,1,loss,trait,PdCh,1,-1.0,0.25,0.0,0.0,-0.25,-0.25,0.25,0.25,0.25,0.25,-0.0,0.75,4,1,1,corrected_integrated_root
qwen_instruct,1,loss,trait,PdCm,1,-1.0,0.0,0.0,0.0,0.0,0.0,0.0,0.0,-0.0,-0.0,-0.0,1.0,4,0,0,corrected_integrated_root
qwen_instruct,1,loss,trait,PdCo,1,-1.0,0.0,0.5,0.0,0.5,0.0,0.5,0.0,-0.5,-0.0,-0.5,1.0,4,2,0,corrected_integrated_root
qwen_instruct,1,loss,trait,PdDl,1,-1.0,0.0,0.0,0.0,0.0,0.0,0.0,0.0,-0.0,-0.0,-0.0,1.0,4,0,0,corrected_integrated_root
qwen_instruct,1,loss,trait,PdHa,1,-1.0,0.0,0.0,0.0,0.0,0.0,0.0,0.0,-0.0,-0.0,-0.0,1.0,4,0,0,corrected_integrated_root
qwen_instruct,1,loss,trait,PdHr,1,-1.0,0.0,0.0,0.0,0.0,0.0,0.0,0.0,-0.0,-0.0,-0.0,1.0,4,0,0,corrected_integrated_root
qwen_instruct,1,loss,trait,PdNc,1,-1.0,0.0,0.0,0.0,0.0,0.0,0.0,0.0,-0.0,-0.0,-0.0,1.0,4,0,0,corrected_integrated_root
qwen_instruct,1,loss,trait,PdPc,1,-1.0,0.0,0.5,0.0,0.5,0.0,0.5,0.0,-0.5,-0.0,-0.5,1.0,4,2,0,corrected_integrated_root
qwen_instruct,1,loss,trait,PdPd,1,-1.0,0.25,0.25,0.0,0.0,-0.25,0.0,0.25,-0.0,0.25,-0.25,0.75,4,2,1,corrected_integrated_root
qwen_instruct,1,loss,trait,PdSh,1,-1.0,0.0,0.25,0.0,0.25,0.0,0.25,0.0,-0.25,-0.0,-0.25,1.0,4,1,0,corrected_integrated_root
qwen_instruct,1,loss,trait,ShAs,1,-1.0,0.5,0.0,0.5,-0.5,0.0,0.5,0.0,0.5,-0.0,0.5,0.5,4,2,2,corrected_integrated_root
qwen_instruct,1,loss,trait,ShBa,1,-1.0,0.5,0.0,0.25,-0.5,-0.25,0.5,0.25,0.5,0.25,0.25,0.5,4,2,2,corrected_integrated_root
qwen_instruct,1,loss,trait,ShCh,1,-1.0,0.5,0.0,0.5,-0.5,0.0,0.5,0.0,0.5,-0.0,0.5,0.5,4,2,2,corrected_integrated_root
qwen_instruct,1,loss,trait,ShCm,1,-1.0,0.5,0.0,0.5,-0.5,0.0,0.5,0.0,0.5,-0.0,0.5,0.5,4,2,2,corrected_integrated_root
qwen_instruct,1,loss,trait,ShCo,1,-1.0,0.5,0.5,0.5,0.0,0.0,0.0,0.0,-0.0,-0.0,-0.0,0.5,4,4,2,corrected_integrated_root
qwen_instruct,1,loss,trait,ShDl,1,-1.0,0.5,0.0,0.5,-0.5,0.0,0.5,0.0,0.5,-0.0,0.5,0.5,4,2,2,corrected_integrated_root
qwen_instruct,1,loss,trait,ShHa,1,-1.0,0.5,0.0,0.5,-0.5,0.0,0.5,0.0,0.5,-0.0,0.5,0.5,4,2,2,corrected_integrated_root
qwen_instruct,1,loss,trait,ShHr,1,-1.0,0.25,0.0,0.0,-0.25,-0.25,0.25,0.25,0.25,0.25,-0.0,0.75,4,1,1,corrected_integrated_root
qwen_instruct,1,loss,trait,ShNc,1,-1.0,0.5,0.0,0.5,-0.5,0.0,0.5,0.0,0.5,-0.0,0.5,0.5,4,2,2,corrected_integrated_root
qwen_instruct,1,loss,trait,ShPc,1,-1.0,0.5,0.0,0.5,-0.5,0.0,0.5,0.0,0.5,-0.0,0.5,0.5,4,2,2,corrected_integrated_root
qwen_instruct,1,loss,trait,ShPd,1,-1.0,0.5,0.0,0.5,-0.5,0.0,0.5,0.0,0.5,-0.0,0.5,0.5,4,2,2,corrected_integrated_root
qwen_instruct,1,loss,trait,ShSh,1,-1.0,0.5,0.0,0.5,-0.5,0.0,0.5,0.0,0.5,-0.0,0.5,0.5,4,2,2,corrected_integrated_root
qwen_instruct,1,inequity,trait,AsBa,1,-1.0,0.5,0.0,0.5,-0.5,0.0,0.5,0.0,0.5,-0.0,0.5,0.5,4,2,2,corrected_integrated_root
qwen_instruct,1,inequity,trait,AsCh,1,-1.0,0.5,0.0,0.5,-0.5,0.0,0.5,0.0,0.5,-0.0,0.5,0.5,4,2,2,corrected_integrated_root
qwen_instruct,1,inequity,trait,AsCm,1,-3.0,0.25,0.0,0.25,-0.25,0.0,0.25,0.0,0.25,-0.0,0.25,0.75,4,1,1,corrected_integrated_root
qwen_instruct,1,inequity,trait,AsDl,1,-2.0,0.5,0.0,0.5,-0.5,0.0,0.5,0.0,0.5,-0.0,0.5,0.5,4,2,2,corrected_integrated_root
qwen_instruct,1,inequity,trait,AsHa,0,1.0,0.5,0.75,0.5,0.25,0.0,0.25,0.0,0.25,0.0,0.25,0.5,4,1,1,corrected_integrated_root
qwen_instruct,1,inequity,trait,AsHr,1,-2.0,0.5,0.0,0.5,-0.5,0.0,0.5,0.0,0.5,-0.0,0.5,0.5,4,2,2,corrected_integrated_root
qwen_instruct,1,inequity,trait,AsPc,0,1.0,0.5,1.0,0.75,0.5,0.25,0.5,0.25,0.5,0.25,0.25,0.5,4,2,2,corrected_integrated_root
qwen_instruct,1,inequity,trait,AsPd,1,-1.0,0.5,0.0,0.5,-0.5,0.0,0.5,0.0,0.5,-0.0,0.5,0.5,4,2,2,corrected_integrated_root
qwen_instruct,1,inequity,trait,BaAs,0,1.0,0.5,1.0,0.5,0.5,0.0,0.5,0.0,0.5,0.0,0.5,0.5,4,2,2,corrected_integrated_root
qwen_instruct,1,inequity,trait,BaCm,0,1.0,0.0,0.5,0.0,0.5,0.0,0.5,0.0,0.5,0.0,0.5,0.0,4,2,2,corrected_integrated_root
qwen_instruct,1,inequity,trait,BaDl,0,2.0,0.25,1.0,0.5,0.75,0.25,0.75,0.25,0.75,0.25,0.5,0.25,4,3,3,corrected_integrated_root
qwen_instruct,1,inequity,trait,BaHa,1,-1.0,0.25,0.5,0.0,0.25,-0.25,0.25,0.25,-0.25,0.25,-0.5,0.75,4,1,0,corrected_integrated_root
qwen_instruct,1,inequity,trait,BaPc,1,-1.0,0.25,0.0,0.0,-0.25,-0.25,0.25,0.25,0.25,0.25,-0.0,0.75,4,1,1,corrected_integrated_root
qwen_instruct,1,inequity,trait,BaPd,0,1.0,0.25,1.0,0.0,0.75,-0.25,0.75,0.25,0.75,-0.25,1.0,0.25,4,3,3,corrected_integrated_root
qwen_instruct,1,inequity,trait,BaSh,0,1.0,0.5,1.0,0.5,0.5,0.0,0.5,0.0,0.5,0.0,0.5,0.5,4,2,2,corrected_integrated_root
qwen_instruct,1,inequity,trait,ChAs,0,2.0,0.25,1.0,0.0,0.75,-0.25,0.75,0.25,0.75,-0.25,1.0,0.25,4,3,3,corrected_integrated_root
qwen_instruct,1,inequity,trait,ChBa,1,-1.0,0.0,0.0,0.0,0.0,0.0,0.0,0.0,-0.0,-0.0,-0.0,1.0,4,0,0,corrected_integrated_root
qwen_instruct,1,inequity,trait,ChCo,0,1.0,0.25,0.5,0.0,0.25,-0.25,0.25,0.25,0.25,-0.25,0.5,0.25,4,3,2,corrected_integrated_root
qwen_instruct,1,inequity,trait,ChDl,0,1.0,0.25,1.0,0.0,0.75,-0.25,0.75,0.25,0.75,-0.25,1.0,0.25,4,3,3,corrected_integrated_root
qwen_instruct,1,inequity,trait,ChHr,1,-1.0,0.0,0.0,0.0,0.0,0.0,0.0,0.0,-0.0,-0.0,-0.0,1.0,4,0,0,corrected_integrated_root
qwen_instruct,1,inequity,trait,ChPd,0,1.0,0.5,0.75,0.5,0.25,0.0,0.25,0.0,0.25,0.0,0.25,0.5,4,3,2,corrected_integrated_root
qwen_instruct,1,inequity,trait,ChSh,0,1.0,0.25,1.0,0.0,0.75,-0.25,0.75,0.25,0.75,-0.25,1.0,0.25,4,3,3,corrected_integrated_root
qwen_instruct,1,inequity,trait,CmCo,1,-1.0,0.0,0.0,0.0,0.0,0.0,0.0,0.0,-0.0,-0.0,-0.0,1.0,4,0,0,corrected_integrated_root
qwen_instruct,1,inequity,trait,CmPc,1,-1.0,0.0,0.0,0.0,0.0,0.0,0.0,0.0,-0.0,-0.0,-0.0,1.0,4,0,0,corrected_integrated_root
qwen_instruct,1,inequity,trait,CoCm,1,-2.0,0.5,0.0,0.5,-0.5,0.0,0.5,0.0,0.5,-0.0,0.5,0.5,4,2,2,corrected_integrated_root
qwen_instruct,1,inequity,trait,CoDl,1,-2.0,0.5,0.0,0.5,-0.5,0.0,0.5,0.0,0.5,-0.0,0.5,0.5,4,2,2,corrected_integrated_root
qwen_instruct,1,inequity,trait,CoHa,0,2.0,1.0,0.75,1.0,-0.25,0.0,0.25,0.0,-0.25,0.0,-0.25,1.0,4,1,0,corrected_integrated_root
qwen_instruct,1,inequity,trait,CoHr,1,-1.0,0.75,0.0,0.5,-0.75,-0.25,0.75,0.25,0.75,0.25,0.5,0.25,4,3,3,corrected_integrated_root
qwen_instruct,1,inequity,trait,CoNc,0,1.0,1.0,1.0,1.0,0.0,0.0,0.0,0.0,0.0,0.0,0.0,1.0,4,0,0,corrected_integrated_root
qwen_instruct,1,inequity,trait,CoPc,0,1.0,0.75,1.0,1.0,0.25,0.25,0.25,0.25,0.25,0.25,0.0,0.75,4,1,1,corrected_integrated_root
qwen_instruct,1,inequity,trait,CoPd,1,-1.0,0.75,0.0,0.75,-0.75,0.0,0.75,0.0,0.75,-0.0,0.75,0.25,4,3,3,corrected_integrated_root
qwen_instruct,1,inequity,trait,DlCm,1,-1.0,0.0,0.0,0.0,0.0,0.0,0.0,0.0,-0.0,-0.0,-0.0,1.0,4,0,0,corrected_integrated_root
qwen_instruct,1,inequity,trait,DlHr,1,-1.0,0.0,0.0,0.0,0.0,0.0,0.0,0.0,-0.0,-0.0,-0.0,1.0,4,0,0,corrected_integrated_root
qwen_instruct,1,inequity,trait,HaAs,0,1.0,1.0,1.0,1.0,0.0,0.0,0.0,0.0,0.0,0.0,0.0,1.0,4,0,0,corrected_integrated_root
qwen_instruct,1,inequity,trait,HaBa,1,-1.0,1.0,0.5,1.0,-0.5,0.0,0.5,0.0,0.5,-0.0,0.5,0.0,4,2,2,corrected_integrated_root
qwen_instruct,1,inequity,trait,HaCh,1,-1.0,1.0,0.5,1.0,-0.5,0.0,0.5,0.0,0.5,-0.0,0.5,0.0,4,2,2,corrected_integrated_root
qwen_instruct,1,inequity,trait,HaCm,1,-1.0,1.0,0.0,1.0,-1.0,0.0,1.0,0.0,1.0,-0.0,1.0,0.0,4,4,4,corrected_integrated_root
qwen_instruct,1,inequity,trait,HaHr,1,-1.0,1.0,0.5,1.0,-0.5,0.0,0.5,0.0,0.5,-0.0,0.5,0.0,4,2,2,corrected_integrated_root
qwen_instruct,1,inequity,trait,HaSh,0,1.0,1.0,1.0,1.0,0.0,0.0,0.0,0.0,0.0,0.0,0.0,1.0,4,0,0,corrected_integrated_root
qwen_instruct,1,inequity,trait,HrCm,0,1.0,0.0,0.25,0.0,0.25,0.0,0.25,0.0,0.25,0.0,0.25,0.0,4,1,1,corrected_integrated_root
qwen_instruct,1,inequity,trait,HrCo,1,-1.0,0.25,0.0,0.0,-0.25,-0.25,0.25,0.25,0.25,0.25,-0.0,0.75,4,1,1,corrected_integrated_root
qwen_instruct,1,inequity,trait,HrDl,0,1.0,0.0,1.0,0.0,1.0,0.0,1.0,0.0,1.0,0.0,1.0,0.0,4,4,4,corrected_integrated_root
qwen_instruct,1,inequity,trait,HrHa,1,-1.0,0.0,0.5,0.0,0.5,0.0,0.5,0.0,-0.5,-0.0,-0.5,1.0,4,2,0,corrected_integrated_root
qwen_instruct,1,inequity,trait,HrPc,1,-2.0,0.0,0.0,0.0,0.0,0.0,0.0,0.0,-0.0,-0.0,-0.0,1.0,4,0,0,corrected_integrated_root
qwen_instruct,1,inequity,trait,NcAs,0,2.0,0.75,0.5,1.0,-0.25,0.25,0.25,0.25,-0.25,0.25,-0.5,0.75,4,3,1,corrected_integrated_root
qwen_instruct,1,inequity,trait,NcBa,1,-2.0,0.5,0.0,0.25,-0.5,-0.25,0.5,0.25,0.5,0.25,0.25,0.5,4,2,2,corrected_integrated_root
qwen_instruct,1,inequity,trait,NcCh,1,-1.0,0.75,0.0,1.0,-0.75,0.25,0.75,0.25,0.75,-0.25,1.0,0.25,4,3,3,corrected_integrated_root
qwen_instruct,1,inequity,trait,NcCm,1,-1.0,0.5,0.0,0.5,-0.5,0.0,0.5,0.0,0.5,-0.0,0.5,0.5,4,2,2,corrected_integrated_root
qwen_instruct,1,inequity,trait,NcCo,0,1.0,0.5,0.5,0.5,0.0,0.0,0.0,0.0,0.0,0.0,0.0,0.5,4,0,0,corrected_integrated_root
qwen_instruct,1,inequity,trait,NcHr,1,-2.0,0.5,0.0,0.5,-0.5,0.0,0.5,0.0,0.5,-0.0,0.5,0.5,4,2,2,corrected_integrated_root
qwen_instruct,1,inequity,trait,NcSh,0,1.0,0.75,1.0,1.0,0.25,0.25,0.25,0.25,0.25,0.25,0.0,0.75,4,1,1,corrected_integrated_root
qwen_instruct,1,inequity,trait,PcCm,1,-1.0,1.0,0.5,1.0,-0.5,0.0,0.5,0.0,0.5,-0.0,0.5,0.0,4,2,2,corrected_integrated_root
qwen_instruct,1,inequity,trait,PcDl,1,-1.0,1.0,0.5,1.0,-0.5,0.0,0.5,0.0,0.5,-0.0,0.5,0.0,4,2,2,corrected_integrated_root
qwen_instruct,1,inequity,trait,PcHa,0,1.0,1.0,1.0,1.0,0.0,0.0,0.0,0.0,0.0,0.0,0.0,1.0,4,0,0,corrected_integrated_root
qwen_instruct,1,inequity,trait,PcHr,1,-1.0,1.0,0.0,1.0,-1.0,0.0,1.0,0.0,1.0,-0.0,1.0,0.0,4,4,4,corrected_integrated_root
qwen_instruct,1,inequity,trait,PcNc,0,1.0,1.0,1.0,1.0,0.0,0.0,0.0,0.0,0.0,0.0,0.0,1.0,4,0,0,corrected_integrated_root
qwen_instruct,1,inequity,trait,PcPd,1,-1.0,1.0,0.5,1.0,-0.5,0.0,0.5,0.0,0.5,-0.0,0.5,0.0,4,2,2,corrected_integrated_root
qwen_instruct,1,inequity,trait,PdAs,0,1.0,0.0,1.0,0.0,1.0,0.0,1.0,0.0,1.0,0.0,1.0,0.0,4,4,4,corrected_integrated_root
qwen_instruct,1,inequity,trait,PdBa,1,-1.0,0.0,0.0,0.0,0.0,0.0,0.0,0.0,-0.0,-0.0,-0.0,1.0,4,0,0,corrected_integrated_root
qwen_instruct,1,inequity,trait,PdCm,1,-1.0,0.0,0.0,0.0,0.0,0.0,0.0,0.0,-0.0,-0.0,-0.0,1.0,4,0,0,corrected_integrated_root
qwen_instruct,1,inequity,trait,PdCo,0,1.0,0.0,0.5,0.0,0.5,0.0,0.5,0.0,0.5,0.0,0.5,0.0,4,2,2,corrected_integrated_root
qwen_instruct,1,inequity,trait,PdHr,1,-2.0,0.0,0.0,0.0,0.0,0.0,0.0,0.0,-0.0,-0.0,-0.0,1.0,4,0,0,corrected_integrated_root
qwen_instruct,1,inequity,trait,ShAs,0,1.0,0.5,1.0,0.5,0.5,0.0,0.5,0.0,0.5,0.0,0.5,0.5,4,2,2,corrected_integrated_root
qwen_instruct,1,inequity,trait,ShBa,1,-2.0,0.5,0.0,0.25,-0.5,-0.25,0.5,0.25,0.5,0.25,0.25,0.5,4,2,2,corrected_integrated_root
qwen_instruct,1,inequity,trait,ShCh,1,-1.0,0.5,0.0,0.5,-0.5,0.0,0.5,0.0,0.5,-0.0,0.5,0.5,4,2,2,corrected_integrated_root
qwen_instruct,1,inequity,trait,ShCm,1,-2.0,0.5,0.0,0.5,-0.5,0.0,0.5,0.0,0.5,-0.0,0.5,0.5,4,2,2,corrected_integrated_root
qwen_instruct,1,inequity,trait,ShCo,0,1.0,0.5,0.75,0.5,0.25,0.0,0.25,0.0,0.25,0.0,0.25,0.5,4,3,2,corrected_integrated_root
qwen_instruct,1,inequity,trait,ShDl,1,-1.0,0.5,0.0,0.5,-0.5,0.0,0.5,0.0,0.5,-0.0,0.5,0.5,4,2,2,corrected_integrated_root
qwen_instruct,1,inequity,trait,ShHr,1,-3.0,0.25,0.25,0.0,0.0,-0.25,0.0,0.25,-0.0,0.25,-0.25,0.75,4,2,1,corrected_integrated_root
qwen_instruct,1,inequity,trait,ShPd,1,-1.0,0.5,0.0,0.5,-0.5,0.0,0.5,0.0,0.5,-0.0,0.5,0.5,4,2,2,corrected_integrated_root
qwen_instruct,1,selfish,trait,CmAs,1,-2.0,0.0,0.0,0.0,0.0,0.0,0.0,0.0,-0.0,-0.0,-0.0,1.0,4,0,0,corrected_integrated_root
qwen_instruct,1,selfish,trait,CmBa,1,-2.0,0.0,0.0,0.0,0.0,0.0,0.0,0.0,-0.0,-0.0,-0.0,1.0,4,0,0,corrected_integrated_root
qwen_instruct,1,selfish,trait,CmCh,1,-2.0,0.0,0.0,0.0,0.0,0.0,0.0,0.0,-0.0,-0.0,-0.0,1.0,4,0,0,corrected_integrated_root
qwen_instruct,1,selfish,trait,CmCm,1,-2.0,0.0,0.0,0.0,0.0,0.0,0.0,0.0,-0.0,-0.0,-0.0,1.0,4,0,0,corrected_integrated_root
qwen_instruct,1,selfish,trait,CmCo,1,-2.0,0.0,0.0,0.0,0.0,0.0,0.0,0.0,-0.0,-0.0,-0.0,1.0,4,0,0,corrected_integrated_root
qwen_instruct,1,selfish,trait,CmDl,1,-2.0,0.0,0.0,0.0,0.0,0.0,0.0,0.0,-0.0,-0.0,-0.0,1.0,4,0,0,corrected_integrated_root
qwen_instruct,1,selfish,trait,CmHa,1,-2.0,0.0,0.0,0.0,0.0,0.0,0.0,0.0,-0.0,-0.0,-0.0,1.0,4,0,0,corrected_integrated_root
qwen_instruct,1,selfish,trait,CmHr,1,-2.0,0.0,0.0,0.0,0.0,0.0,0.0,0.0,-0.0,-0.0,-0.0,1.0,4,0,0,corrected_integrated_root
qwen_instruct,1,selfish,trait,CmNc,1,-2.0,0.0,0.0,0.0,0.0,0.0,0.0,0.0,-0.0,-0.0,-0.0,1.0,4,0,0,corrected_integrated_root
qwen_instruct,1,selfish,trait,CmPc,1,-2.0,0.0,0.0,0.0,0.0,0.0,0.0,0.0,-0.0,-0.0,-0.0,1.0,4,0,0,corrected_integrated_root
qwen_instruct,1,selfish,trait,CmPd,1,-2.0,0.0,0.0,0.0,0.0,0.0,0.0,0.0,-0.0,-0.0,-0.0,1.0,4,0,0,corrected_integrated_root
qwen_instruct,1,selfish,trait,CmSh,1,-2.0,0.0,0.0,0.0,0.0,0.0,0.0,0.0,-0.0,-0.0,-0.0,1.0,4,0,0,corrected_integrated_root
qwen_instruct,1,selfish,trait,CoAs,0,1.0,0.75,1.0,1.0,0.25,0.25,0.25,0.25,0.25,0.25,0.0,0.75,2,0,0,corrected_integrated_root
qwen_instruct,1,selfish,trait,CoBa,0,1.0,0.75,1.0,0.75,0.25,0.0,0.25,0.0,0.25,0.0,0.25,0.75,2,0,0,corrected_integrated_root
qwen_instruct,1,selfish,trait,CoCh,0,1.0,0.75,1.0,0.75,0.25,0.0,0.25,0.0,0.25,0.0,0.25,0.75,2,0,0,corrected_integrated_root
qwen_instruct,1,selfish,trait,CoCm,0,1.0,0.5,1.0,0.5,0.5,0.0,0.5,0.0,0.5,0.0,0.5,0.5,2,0,0,corrected_integrated_root
qwen_instruct,1,selfish,trait,CoCo,0,1.0,1.0,1.0,1.0,0.0,0.0,0.0,0.0,0.0,0.0,0.0,1.0,1,0,0,corrected_integrated_root
qwen_instruct,1,selfish,trait,CoDl,0,1.0,0.5,1.0,0.5,0.5,0.0,0.5,0.0,0.5,0.0,0.5,0.5,2,0,0,corrected_integrated_root
qwen_instruct,1,selfish,trait,CoHa,0,1.0,1.0,1.0,1.0,0.0,0.0,0.0,0.0,0.0,0.0,0.0,1.0,3,0,0,corrected_integrated_root
qwen_instruct,1,selfish,trait,CoHr,0,1.0,0.75,1.0,0.5,0.25,-0.25,0.25,0.25,0.25,-0.25,0.5,0.75,2,0,0,corrected_integrated_root
qwen_instruct,1,selfish,trait,CoNc,0,1.0,1.0,1.0,1.0,0.0,0.0,0.0,0.0,0.0,0.0,0.0,1.0,2,0,0,corrected_integrated_root
qwen_instruct,1,selfish,trait,CoPc,0,1.0,0.75,1.0,1.0,0.25,0.25,0.25,0.25,0.25,0.25,0.0,0.75,2,0,0,corrected_integrated_root
qwen_instruct,1,selfish,trait,CoPd,0,1.0,0.75,1.0,0.75,0.25,0.0,0.25,0.0,0.25,0.0,0.25,0.75,2,0,0,corrected_integrated_root
qwen_instruct,1,selfish,trait,CoSh,0,1.0,0.75,1.0,1.0,0.25,0.25,0.25,0.25,0.25,0.25,0.0,0.75,2,0,0,corrected_integrated_root
qwen_instruct,1,selfish,trait,DlAs,1,-2.0,0.0,0.0,0.0,0.0,0.0,0.0,0.0,-0.0,-0.0,-0.0,1.0,3,0,0,corrected_integrated_root
qwen_instruct,1,selfish,trait,DlBa,1,-2.0,0.0,0.0,0.0,0.0,0.0,0.0,0.0,-0.0,-0.0,-0.0,1.0,4,0,0,corrected_integrated_root
qwen_instruct,1,selfish,trait,DlCh,1,-2.0,0.0,0.0,0.0,0.0,0.0,0.0,0.0,-0.0,-0.0,-0.0,1.0,4,0,0,corrected_integrated_root
qwen_instruct,1,selfish,trait,DlCm,1,-2.0,0.0,0.0,0.0,0.0,0.0,0.0,0.0,-0.0,-0.0,-0.0,1.0,4,0,0,corrected_integrated_root
qwen_instruct,1,selfish,trait,DlCo,1,-2.0,0.0,0.0,0.0,0.0,0.0,0.0,0.0,-0.0,-0.0,-0.0,1.0,4,0,0,corrected_integrated_root
qwen_instruct,1,selfish,trait,DlDl,1,-2.0,0.0,0.0,0.0,0.0,0.0,0.0,0.0,-0.0,-0.0,-0.0,1.0,4,0,0,corrected_integrated_root
qwen_instruct,1,selfish,trait,DlHa,1,-2.0,0.0,0.0,0.0,0.0,0.0,0.0,0.0,-0.0,-0.0,-0.0,1.0,4,0,0,corrected_integrated_root
qwen_instruct,1,selfish,trait,DlHr,1,-2.0,0.0,0.0,0.0,0.0,0.0,0.0,0.0,-0.0,-0.0,-0.0,1.0,4,0,0,corrected_integrated_root
qwen_instruct,1,selfish,trait,DlNc,1,-2.0,0.0,0.0,0.0,0.0,0.0,0.0,0.0,-0.0,-0.0,-0.0,1.0,4,0,0,corrected_integrated_root
qwen_instruct,1,selfish,trait,DlPc,1,-2.0,0.0,0.0,0.0,0.0,0.0,0.0,0.0,-0.0,-0.0,-0.0,1.0,4,0,0,corrected_integrated_root
qwen_instruct,1,selfish,trait,DlPd,1,-2.0,0.0,0.0,0.0,0.0,0.0,0.0,0.0,-0.0,-0.0,-0.0,1.0,4,0,0,corrected_integrated_root
qwen_instruct,1,selfish,trait,DlSh,1,-2.0,0.0,0.0,0.0,0.0,0.0,0.0,0.0,-0.0,-0.0,-0.0,1.0,4,0,0,corrected_integrated_root
qwen_instruct,1,selfish,trait,HaAs,0,2.0,1.0,1.0,1.0,0.0,0.0,0.0,0.0,0.0,0.0,0.0,1.0,4,0,0,corrected_integrated_root
qwen_instruct,1,selfish,trait,HaBa,0,2.0,1.0,1.0,1.0,0.0,0.0,0.0,0.0,0.0,0.0,0.0,1.0,4,0,0,corrected_integrated_root
qwen_instruct,1,selfish,trait,HaCh,0,2.0,1.0,1.0,1.0,0.0,0.0,0.0,0.0,0.0,0.0,0.0,1.0,4,0,0,corrected_integrated_root
qwen_instruct,1,selfish,trait,HaCm,0,2.0,1.0,1.0,1.0,0.0,0.0,0.0,0.0,0.0,0.0,0.0,1.0,4,0,0,corrected_integrated_root
qwen_instruct,1,selfish,trait,HaCo,0,2.0,1.0,1.0,1.0,0.0,0.0,0.0,0.0,0.0,0.0,0.0,1.0,2,0,0,corrected_integrated_root
qwen_instruct,1,selfish,trait,HaDl,0,2.0,1.0,1.0,1.0,0.0,0.0,0.0,0.0,0.0,0.0,0.0,1.0,4,0,0,corrected_integrated_root
qwen_instruct,1,selfish,trait,HaHa,0,2.0,1.0,1.0,1.0,0.0,0.0,0.0,0.0,0.0,0.0,0.0,1.0,4,0,0,corrected_integrated_root
qwen_instruct,1,selfish,trait,HaHr,0,2.0,1.0,1.0,1.0,0.0,0.0,0.0,0.0,0.0,0.0,0.0,1.0,4,0,0,corrected_integrated_root
qwen_instruct,1,selfish,trait,HaNc,0,2.0,1.0,1.0,1.0,0.0,0.0,0.0,0.0,0.0,0.0,0.0,1.0,4,0,0,corrected_integrated_root
qwen_instruct,1,selfish,trait,HaPc,0,2.0,1.0,1.0,1.0,0.0,0.0,0.0,0.0,0.0,0.0,0.0,1.0,4,0,0,corrected_integrated_root
qwen_instruct,1,selfish,trait,HaPd,0,2.0,1.0,1.0,1.0,0.0,0.0,0.0,0.0,0.0,0.0,0.0,1.0,4,0,0,corrected_integrated_root
qwen_instruct,1,selfish,trait,HaSh,0,2.0,1.0,1.0,1.0,0.0,0.0,0.0,0.0,0.0,0.0,0.0,1.0,4,0,0,corrected_integrated_root
qwen_instruct,1,selfish,trait,HrAs,1,-1.0,0.0,0.0,0.0,0.0,0.0,0.0,0.0,-0.0,-0.0,-0.0,1.0,4,0,0,corrected_integrated_root
qwen_instruct,1,selfish,trait,HrBa,1,-1.0,0.0,0.0,0.0,0.0,0.0,0.0,0.0,-0.0,-0.0,-0.0,1.0,4,0,0,corrected_integrated_root
qwen_instruct,1,selfish,trait,HrCh,1,-1.0,0.0,0.0,0.0,0.0,0.0,0.0,0.0,-0.0,-0.0,-0.0,1.0,4,0,0,corrected_integrated_root
qwen_instruct,1,selfish,trait,HrCm,1,-1.0,0.0,0.0,0.0,0.0,0.0,0.0,0.0,-0.0,-0.0,-0.0,1.0,4,0,0,corrected_integrated_root
qwen_instruct,1,selfish,trait,HrCo,1,-1.0,0.25,0.0,0.0,-0.25,-0.25,0.25,0.25,0.25,0.25,-0.0,0.75,3,1,1,corrected_integrated_root
qwen_instruct,1,selfish,trait,HrDl,1,-1.0,0.0,0.0,0.0,0.0,0.0,0.0,0.0,-0.0,-0.0,-0.0,1.0,4,0,0,corrected_integrated_root
qwen_instruct,1,selfish,trait,HrHa,1,-1.0,0.0,0.0,0.0,0.0,0.0,0.0,0.0,-0.0,-0.0,-0.0,1.0,4,0,0,corrected_integrated_root
qwen_instruct,1,selfish,trait,HrHr,1,-1.0,0.0,0.0,0.0,0.0,0.0,0.0,0.0,-0.0,-0.0,-0.0,1.0,4,0,0,corrected_integrated_root
qwen_instruct,1,selfish,trait,HrNc,1,-1.0,0.5,0.0,0.25,-0.5,-0.25,0.5,0.25,0.5,0.25,0.25,0.5,3,1,1,corrected_integrated_root
qwen_instruct,1,selfish,trait,HrPc,1,-1.0,0.0,0.0,0.0,0.0,0.0,0.0,0.0,-0.0,-0.0,-0.0,1.0,2,0,0,corrected_integrated_root
qwen_instruct,1,selfish,trait,HrPd,1,-1.0,0.0,0.0,0.0,0.0,0.0,0.0,0.0,-0.0,-0.0,-0.0,1.0,3,0,0,corrected_integrated_root
qwen_instruct,1,selfish,trait,HrSh,1,-1.0,0.5,0.0,0.5,-0.5,0.0,0.5,0.0,0.5,-0.0,0.5,0.5,2,0,0,corrected_integrated_root
qwen_instruct,1,selfish,trait,NcAs,0,1.0,0.75,1.0,1.0,0.25,0.25,0.25,0.25,0.25,0.25,0.0,0.75,2,0,0,corrected_integrated_root
qwen_instruct,1,selfish,trait,NcBa,0,1.0,0.5,1.0,0.25,0.5,-0.25,0.5,0.25,0.5,-0.25,0.75,0.5,2,0,0,corrected_integrated_root
qwen_instruct,1,selfish,trait,NcCh,0,1.0,0.75,1.0,1.0,0.25,0.25,0.25,0.25,0.25,0.25,0.0,0.75,3,1,1,corrected_integrated_root
qwen_instruct,1,selfish,trait,NcCm,0,1.0,0.5,0.6666666666666666,0.5,0.16666666666666663,0.0,0.16666666666666663,0.0,0.16666666666666663,0.0,0.16666666666666663,0.5,3,0,0,corrected_integrated_root
qwen_instruct,1,selfish,trait,NcCo,0,1.0,0.5,0.5,0.5,0.0,0.0,0.0,0.0,0.0,0.0,0.0,0.5,4,0,0,corrected_integrated_root
qwen_instruct,1,selfish,trait,NcDl,0,1.0,0.5,1.0,1.0,0.5,0.5,0.5,0.5,0.5,0.5,0.0,0.5,2,0,0,corrected_integrated_root
qwen_instruct,1,selfish,trait,NcHa,0,1.0,0.5,1.0,0.75,0.5,0.25,0.5,0.25,0.5,0.25,0.25,0.5,2,0,0,corrected_integrated_root
qwen_instruct,1,selfish,trait,NcHr,0,1.0,0.5,0.6666666666666666,0.5,0.16666666666666663,0.0,0.16666666666666663,0.0,0.16666666666666663,0.0,0.16666666666666663,0.5,3,0,0,corrected_integrated_root
qwen_instruct,1,selfish,trait,NcNc,0,1.0,0.75,1.0,1.0,0.25,0.25,0.25,0.25,0.25,0.25,0.0,0.75,3,0,0,corrected_integrated_root
qwen_instruct,1,selfish,trait,NcPc,0,1.0,0.5,1.0,0.5,0.5,0.0,0.5,0.0,0.5,0.0,0.5,0.5,2,0,0,corrected_integrated_root
qwen_instruct,1,selfish,trait,NcPd,0,1.0,0.5,1.0,0.5,0.5,0.0,0.5,0.0,0.5,0.0,0.5,0.5,2,0,0,corrected_integrated_root
qwen_instruct,1,selfish,trait,NcSh,0,1.0,0.75,1.0,1.0,0.25,0.25,0.25,0.25,0.25,0.25,0.0,0.75,2,0,0,corrected_integrated_root
qwen_instruct,1,selfish,trait,PcAs,0,2.0,1.0,1.0,1.0,0.0,0.0,0.0,0.0,0.0,0.0,0.0,1.0,4,0,0,corrected_integrated_root
qwen_instruct,1,selfish,trait,PcBa,0,2.0,1.0,1.0,1.0,0.0,0.0,0.0,0.0,0.0,0.0,0.0,1.0,4,0,0,corrected_integrated_root
qwen_instruct,1,selfish,trait,PcCh,0,2.0,1.0,1.0,1.0,0.0,0.0,0.0,0.0,0.0,0.0,0.0,1.0,4,0,0,corrected_integrated_root
qwen_instruct,1,selfish,trait,PcCm,0,2.0,1.0,1.0,1.0,0.0,0.0,0.0,0.0,0.0,0.0,0.0,1.0,4,0,0,corrected_integrated_root
qwen_instruct,1,selfish,trait,PcCo,0,2.0,1.0,1.0,1.0,0.0,0.0,0.0,0.0,0.0,0.0,0.0,1.0,4,0,0,corrected_integrated_root
qwen_instruct,1,selfish,trait,PcDl,0,2.0,1.0,1.0,1.0,0.0,0.0,0.0,0.0,0.0,0.0,0.0,1.0,4,0,0,corrected_integrated_root
qwen_instruct,1,selfish,trait,PcHa,0,2.0,1.0,1.0,1.0,0.0,0.0,0.0,0.0,0.0,0.0,0.0,1.0,4,0,0,corrected_integrated_root
qwen_instruct,1,selfish,trait,PcHr,0,2.0,1.0,1.0,1.0,0.0,0.0,0.0,0.0,0.0,0.0,0.0,1.0,4,0,0,corrected_integrated_root
qwen_instruct,1,selfish,trait,PcNc,0,2.0,1.0,1.0,1.0,0.0,0.0,0.0,0.0,0.0,0.0,0.0,1.0,4,0,0,corrected_integrated_root
qwen_instruct,1,selfish,trait,PcPc,0,2.0,1.0,1.0,1.0,0.0,0.0,0.0,0.0,0.0,0.0,0.0,1.0,4,0,0,corrected_integrated_root
qwen_instruct,1,selfish,trait,PcPd,0,2.0,1.0,1.0,1.0,0.0,0.0,0.0,0.0,0.0,0.0,0.0,1.0,4,0,0,corrected_integrated_root
qwen_instruct,1,selfish,trait,PcSh,0,2.0,1.0,1.0,1.0,0.0,0.0,0.0,0.0,0.0,0.0,0.0,1.0,4,0,0,corrected_integrated_root
qwen_instruct,1,selfish,trait,PdAs,1,-1.0,0.0,0.0,0.0,0.0,0.0,0.0,0.0,-0.0,-0.0,-0.0,1.0,4,0,0,corrected_integrated_root
qwen_instruct,1,selfish,trait,PdBa,1,-1.0,0.0,0.0,0.0,0.0,0.0,0.0,0.0,-0.0,-0.0,-0.0,1.0,3,0,0,corrected_integrated_root
qwen_instruct,1,selfish,trait,PdCh,1,-1.0,0.25,0.0,0.0,-0.25,-0.25,0.25,0.25,0.25,0.25,-0.0,0.75,3,0,0,corrected_integrated_root
qwen_instruct,1,selfish,trait,PdCm,1,-1.0,0.0,0.0,0.0,0.0,0.0,0.0,0.0,-0.0,-0.0,-0.0,1.0,4,0,0,corrected_integrated_root
qwen_instruct,1,selfish,trait,PdCo,1,-1.0,0.0,0.0,0.0,0.0,0.0,0.0,0.0,-0.0,-0.0,-0.0,1.0,4,0,0,corrected_integrated_root
qwen_instruct,1,selfish,trait,PdDl,1,-1.0,0.0,0.0,0.0,0.0,0.0,0.0,0.0,-0.0,-0.0,-0.0,1.0,4,0,0,corrected_integrated_root
qwen_instruct,1,selfish,trait,PdHa,1,-1.0,0.0,0.0,0.0,0.0,0.0,0.0,0.0,-0.0,-0.0,-0.0,1.0,4,0,0,corrected_integrated_root
qwen_instruct,1,selfish,trait,PdHr,1,-1.0,0.0,0.0,0.0,0.0,0.0,0.0,0.0,-0.0,-0.0,-0.0,1.0,2,0,0,corrected_integrated_root
qwen_instruct,1,selfish,trait,PdNc,1,-1.0,0.0,0.0,0.0,0.0,0.0,0.0,0.0,-0.0,-0.0,-0.0,1.0,4,0,0,corrected_integrated_root
qwen_instruct,1,selfish,trait,PdPc,1,-1.0,0.0,0.0,0.0,0.0,0.0,0.0,0.0,-0.0,-0.0,-0.0,1.0,4,0,0,corrected_integrated_root
qwen_instruct,1,selfish,trait,PdPd,1,-1.0,0.25,0.0,0.0,-0.25,-0.25,0.25,0.25,0.25,0.25,-0.0,0.75,3,0,0,corrected_integrated_root
qwen_instruct,1,selfish,trait,PdSh,1,-1.0,0.0,0.0,0.0,0.0,0.0,0.0,0.0,-0.0,-0.0,-0.0,1.0,4,0,0,corrected_integrated_root
qwen_instruct,1,maximin,rule,AsAs,1,-1.0,0.5,0.25,0.5,-0.25,0.0,0.25,0.0,0.25,-0.0,0.25,0.5,4,1,1,corrected_integrated_root
qwen_instruct,1,maximin,rule,AsBa,1,-1.0,0.5,0.25,0.5,-0.25,0.0,0.25,0.0,0.25,-0.0,0.25,0.5,4,1,1,corrected_integrated_root
qwen_instruct,1,maximin,rule,AsCh,1,-1.0,0.5,0.0,0.5,-0.5,0.0,0.5,0.0,0.5,-0.0,0.5,0.5,4,2,2,corrected_integrated_root
qwen_instruct,1,maximin,rule,AsCm,1,-1.0,0.25,0.0,0.25,-0.25,0.0,0.25,0.0,0.25,-0.0,0.25,0.75,4,1,1,corrected_integrated_root
qwen_instruct,1,maximin,rule,AsCo,1,-1.0,0.5,0.0,0.5,-0.5,0.0,0.5,0.0,0.5,-0.0,0.5,0.5,4,2,2,corrected_integrated_root
qwen_instruct,1,maximin,rule,AsDl,1,-1.0,0.5,0.0,0.5,-0.5,0.0,0.5,0.0,0.5,-0.0,0.5,0.5,4,2,2,corrected_integrated_root
qwen_instruct,1,maximin,rule,AsHa,1,-1.0,0.5,0.25,0.5,-0.25,0.0,0.25,0.0,0.25,-0.0,0.25,0.5,4,1,1,corrected_integrated_root
qwen_instruct,1,maximin,rule,AsHr,1,-1.0,0.5,0.0,0.5,-0.5,0.0,0.5,0.0,0.5,-0.0,0.5,0.5,4,2,2,corrected_integrated_root
qwen_instruct,1,maximin,rule,AsNc,1,-1.0,0.5,0.0,0.5,-0.5,0.0,0.5,0.0,0.5,-0.0,0.5,0.5,4,2,2,corrected_integrated_root
qwen_instruct,1,maximin,rule,AsPc,1,-1.0,0.5,0.25,0.75,-0.25,0.25,0.25,0.25,0.25,-0.25,0.5,0.5,4,3,2,corrected_integrated_root
qwen_instruct,1,maximin,rule,AsPd,1,-1.0,0.5,0.25,0.5,-0.25,0.0,0.25,0.0,0.25,-0.0,0.25,0.5,4,3,2,corrected_integrated_root
qwen_instruct,1,maximin,rule,AsSh,1,-1.0,0.5,0.0,0.5,-0.5,0.0,0.5,0.0,0.5,-0.0,0.5,0.5,4,2,2,corrected_integrated_root
qwen_instruct,1,maximin,rule,BaAs,0,1.0,0.5,1.0,0.5,0.5,0.0,0.5,0.0,0.5,0.0,0.5,0.5,4,2,2,corrected_integrated_root
qwen_instruct,1,maximin,rule,BaBa,0,1.0,0.25,0.5,0.0,0.25,-0.25,0.25,0.25,0.25,-0.25,0.5,0.25,4,1,1,corrected_integrated_root
qwen_instruct,1,maximin,rule,BaCh,0,1.0,0.25,0.5,0.0,0.25,-0.25,0.25,0.25,0.25,-0.25,0.5,0.25,4,3,2,corrected_integrated_root
qwen_instruct,1,maximin,rule,BaCm,0,1.0,0.0,0.25,0.0,0.25,0.0,0.25,0.0,0.25,0.0,0.25,0.0,4,1,1,corrected_integrated_root
qwen_instruct,1,maximin,rule,BaCo,0,1.0,0.25,0.5,0.0,0.25,-0.25,0.25,0.25,0.25,-0.25,0.5,0.25,4,1,1,corrected_integrated_root
qwen_instruct,1,maximin,rule,BaDl,0,1.0,0.25,1.0,0.5,0.75,0.25,0.75,0.25,0.75,0.25,0.5,0.25,4,3,3,corrected_integrated_root
qwen_instruct,1,maximin,rule,BaHa,0,1.0,0.25,0.0,0.0,-0.25,-0.25,0.25,0.25,-0.25,-0.25,0.0,0.25,4,1,0,corrected_integrated_root
qwen_instruct,1,maximin,rule,BaHr,0,1.0,0.0,0.0,0.0,0.0,0.0,0.0,0.0,0.0,0.0,0.0,0.0,4,0,0,corrected_integrated_root
qwen_instruct,1,maximin,rule,BaNc,0,1.0,0.5,0.5,0.5,0.0,0.0,0.0,0.0,0.0,0.0,0.0,0.5,4,4,2,corrected_integrated_root
qwen_instruct,1,maximin,rule,BaPc,0,1.0,0.25,0.0,0.0,-0.25,-0.25,0.25,0.25,-0.25,-0.25,0.0,0.25,4,1,0,corrected_integrated_root
qwen_instruct,1,maximin,rule,BaPd,0,1.0,0.25,0.5,0.0,0.25,-0.25,0.25,0.25,0.25,-0.25,0.5,0.25,4,3,2,corrected_integrated_root
qwen_instruct,1,maximin,rule,BaSh,0,1.0,0.5,1.0,0.5,0.5,0.0,0.5,0.0,0.5,0.0,0.5,0.5,4,2,2,corrected_integrated_root
qwen_instruct,1,maximin,rule,ChAs,0,1.0,0.25,0.5,0.0,0.25,-0.25,0.25,0.25,0.25,-0.25,0.5,0.25,4,3,2,corrected_integrated_root
qwen_instruct,1,maximin,rule,ChBa,0,1.0,0.0,0.25,0.0,0.25,0.0,0.25,0.0,0.25,0.0,0.25,0.0,4,1,1,corrected_integrated_root
qwen_instruct,1,maximin,rule,ChCh,0,1.0,0.5,0.75,0.5,0.25,0.0,0.25,0.0,0.25,0.0,0.25,0.5,4,1,1,corrected_integrated_root
qwen_instruct,1,maximin,rule,ChCm,0,1.0,0.0,0.25,0.0,0.25,0.0,0.25,0.0,0.25,0.0,0.25,0.0,4,1,1,corrected_integrated_root
qwen_instruct,1,maximin,rule,ChCo,0,1.0,0.25,0.0,0.0,-0.25,-0.25,0.25,0.25,-0.25,-0.25,0.0,0.25,4,1,0,corrected_integrated_root
qwen_instruct,1,maximin,rule,ChDl,0,1.0,0.25,0.25,0.0,0.0,-0.25,0.0,0.25,0.0,-0.25,0.25,0.25,4,2,1,corrected_integrated_root
qwen_instruct,1,maximin,rule,ChHa,0,1.0,0.0,0.5,0.0,0.5,0.0,0.5,0.0,0.5,0.0,0.5,0.0,4,2,2,corrected_integrated_root
qwen_instruct,1,maximin,rule,ChHr,0,1.0,0.0,0.25,0.0,0.25,0.0,0.25,0.0,0.25,0.0,0.25,0.0,4,1,1,corrected_integrated_root
qwen_instruct,1,maximin,rule,ChNc,0,1.0,0.25,0.5,0.0,0.25,-0.25,0.25,0.25,0.25,-0.25,0.5,0.25,4,3,2,corrected_integrated_root
qwen_instruct,1,maximin,rule,ChPc,0,1.0,0.0,0.0,0.0,0.0,0.0,0.0,0.0,0.0,0.0,0.0,0.0,4,0,0,corrected_integrated_root
qwen_instruct,1,maximin,rule,ChPd,0,1.0,0.5,0.75,0.5,0.25,0.0,0.25,0.0,0.25,0.0,0.25,0.5,4,1,1,corrected_integrated_root
qwen_instruct,1,maximin,rule,ChSh,0,1.0,0.25,0.75,0.0,0.5,-0.25,0.5,0.25,0.5,-0.25,0.75,0.25,4,2,2,corrected_integrated_root
qwen_instruct,1,maximin,rule,CmAs,1,-2.0,0.0,0.0,0.0,0.0,0.0,0.0,0.0,-0.0,-0.0,-0.0,1.0,4,0,0,corrected_integrated_root
qwen_instruct,1,maximin,rule,CmBa,1,-2.0,0.0,0.0,0.0,0.0,0.0,0.0,0.0,-0.0,-0.0,-0.0,1.0,4,0,0,corrected_integrated_root
qwen_instruct,1,maximin,rule,CmCh,1,-2.0,0.0,0.0,0.0,0.0,0.0,0.0,0.0,-0.0,-0.0,-0.0,1.0,4,0,0,corrected_integrated_root
qwen_instruct,1,maximin,rule,CmCm,1,-2.0,0.0,0.0,0.0,0.0,0.0,0.0,0.0,-0.0,-0.0,-0.0,1.0,4,0,0,corrected_integrated_root
qwen_instruct,1,maximin,rule,CmCo,1,-2.0,0.0,0.0,0.0,0.0,0.0,0.0,0.0,-0.0,-0.0,-0.0,1.0,4,0,0,corrected_integrated_root
qwen_instruct,1,maximin,rule,CmDl,1,-2.0,0.0,0.0,0.0,0.0,0.0,0.0,0.0,-0.0,-0.0,-0.0,1.0,4,0,0,corrected_integrated_root
qwen_instruct,1,maximin,rule,CmHa,1,-2.0,0.0,0.0,0.0,0.0,0.0,0.0,0.0,-0.0,-0.0,-0.0,1.0,4,0,0,corrected_integrated_root
qwen_instruct,1,maximin,rule,CmHr,1,-2.0,0.0,0.0,0.0,0.0,0.0,0.0,0.0,-0.0,-0.0,-0.0,1.0,4,0,0,corrected_integrated_root
qwen_instruct,1,maximin,rule,CmNc,1,-2.0,0.0,0.0,0.0,0.0,0.0,0.0,0.0,-0.0,-0.0,-0.0,1.0,4,0,0,corrected_integrated_root
qwen_instruct,1,maximin,rule,CmPc,1,-2.0,0.0,0.0,0.0,0.0,0.0,0.0,0.0,-0.0,-0.0,-0.0,1.0,4,0,0,corrected_integrated_root
qwen_instruct,1,maximin,rule,CmPd,1,-2.0,0.0,0.0,0.0,0.0,0.0,0.0,0.0,-0.0,-0.0,-0.0,1.0,4,0,0,corrected_integrated_root
qwen_instruct,1,maximin,rule,CmSh,1,-2.0,0.0,0.0,0.0,0.0,0.0,0.0,0.0,-0.0,-0.0,-0.0,1.0,4,0,0,corrected_integrated_root
qwen_instruct,1,maximin,rule,CoAs,0,1.0,0.75,1.0,1.0,0.25,0.25,0.25,0.25,0.25,0.25,0.0,0.75,4,1,1,corrected_integrated_root
qwen_instruct,1,maximin,rule,CoBa,0,1.0,0.75,0.75,0.75,0.0,0.0,0.0,0.0,0.0,0.0,0.0,0.75,4,0,0,corrected_integrated_root
qwen_instruct,1,maximin,rule,CoCh,0,1.0,0.75,1.0,0.75,0.25,0.0,0.25,0.0,0.25,0.0,0.25,0.75,4,1,1,corrected_integrated_root
qwen_instruct,1,maximin,rule,CoCm,0,1.0,0.5,0.75,0.5,0.25,0.0,0.25,0.0,0.25,0.0,0.25,0.5,4,1,1,corrected_integrated_root
qwen_instruct,1,maximin,rule,CoCo,0,1.0,1.0,1.0,1.0,0.0,0.0,0.0,0.0,0.0,0.0,0.0,1.0,4,0,0,corrected_integrated_root
qwen_instruct,1,maximin,rule,CoDl,0,1.0,0.5,0.5,0.5,0.0,0.0,0.0,0.0,0.0,0.0,0.0,0.5,4,2,1,corrected_integrated_root
qwen_instruct,1,maximin,rule,CoHa,0,1.0,1.0,1.0,1.0,0.0,0.0,0.0,0.0,0.0,0.0,0.0,1.0,4,0,0,corrected_integrated_root
qwen_instruct,1,maximin,rule,CoHr,0,1.0,0.75,1.0,0.5,0.25,-0.25,0.25,0.25,0.25,-0.25,0.5,0.75,4,1,1,corrected_integrated_root
qwen_instruct,1,maximin,rule,CoNc,0,1.0,1.0,1.0,1.0,0.0,0.0,0.0,0.0,0.0,0.0,0.0,1.0,4,0,0,corrected_integrated_root
qwen_instruct,1,maximin,rule,CoPc,0,1.0,0.75,1.0,1.0,0.25,0.25,0.25,0.25,0.25,0.25,0.0,0.75,4,1,1,corrected_integrated_root
qwen_instruct,1,maximin,rule,CoPd,0,1.0,0.75,0.75,0.75,0.0,0.0,0.0,0.0,0.0,0.0,0.0,0.75,4,2,1,corrected_integrated_root
qwen_instruct,1,maximin,rule,CoSh,0,1.0,0.75,1.0,1.0,0.25,0.25,0.25,0.25,0.25,0.25,0.0,0.75,4,1,1,corrected_integrated_root
qwen_instruct,1,maximin,rule,DlAs,1,-2.0,0.0,0.0,0.0,0.0,0.0,0.0,0.0,-0.0,-0.0,-0.0,1.0,4,0,0,corrected_integrated_root
qwen_instruct,1,maximin,rule,DlBa,1,-2.0,0.0,0.0,0.0,0.0,0.0,0.0,0.0,-0.0,-0.0,-0.0,1.0,4,0,0,corrected_integrated_root
qwen_instruct,1,maximin,rule,DlCh,1,-2.0,0.0,0.0,0.0,0.0,0.0,0.0,0.0,-0.0,-0.0,-0.0,1.0,4,0,0,corrected_integrated_root
qwen_instruct,1,maximin,rule,DlCm,1,-2.0,0.0,0.0,0.0,0.0,0.0,0.0,0.0,-0.0,-0.0,-0.0,1.0,4,0,0,corrected_integrated_root
qwen_instruct,1,maximin,rule,DlCo,1,-2.0,0.0,0.0,0.0,0.0,0.0,0.0,0.0,-0.0,-0.0,-0.0,1.0,4,0,0,corrected_integrated_root
qwen_instruct,1,maximin,rule,DlDl,1,-2.0,0.0,0.0,0.0,0.0,0.0,0.0,0.0,-0.0,-0.0,-0.0,1.0,4,0,0,corrected_integrated_root
qwen_instruct,1,maximin,rule,DlHa,1,-2.0,0.0,0.0,0.0,0.0,0.0,0.0,0.0,-0.0,-0.0,-0.0,1.0,4,0,0,corrected_integrated_root
qwen_instruct,1,maximin,rule,DlHr,1,-2.0,0.0,0.0,0.0,0.0,0.0,0.0,0.0,-0.0,-0.0,-0.0,1.0,4,0,0,corrected_integrated_root
qwen_instruct,1,maximin,rule,DlNc,1,-2.0,0.0,0.0,0.0,0.0,0.0,0.0,0.0,-0.0,-0.0,-0.0,1.0,4,0,0,corrected_integrated_root
qwen_instruct,1,maximin,rule,DlPc,1,-2.0,0.0,0.0,0.0,0.0,0.0,0.0,0.0,-0.0,-0.0,-0.0,1.0,4,0,0,corrected_integrated_root
qwen_instruct,1,maximin,rule,DlPd,1,-2.0,0.0,0.0,0.0,0.0,0.0,0.0,0.0,-0.0,-0.0,-0.0,1.0,4,0,0,corrected_integrated_root
qwen_instruct,1,maximin,rule,DlSh,1,-2.0,0.0,0.0,0.0,0.0,0.0,0.0,0.0,-0.0,-0.0,-0.0,1.0,4,0,0,corrected_integrated_root
qwen_instruct,1,maximin,rule,HaAs,0,2.0,1.0,1.0,1.0,0.0,0.0,0.0,0.0,0.0,0.0,0.0,1.0,4,0,0,corrected_integrated_root
qwen_instruct,1,maximin,rule,HaBa,0,2.0,1.0,1.0,1.0,0.0,0.0,0.0,0.0,0.0,0.0,0.0,1.0,4,0,0,corrected_integrated_root
qwen_instruct,1,maximin,rule,HaCh,0,2.0,1.0,1.0,1.0,0.0,0.0,0.0,0.0,0.0,0.0,0.0,1.0,4,0,0,corrected_integrated_root
qwen_instruct,1,maximin,rule,HaCm,0,2.0,1.0,1.0,1.0,0.0,0.0,0.0,0.0,0.0,0.0,0.0,1.0,4,0,0,corrected_integrated_root
qwen_instruct,1,maximin,rule,HaCo,0,2.0,1.0,1.0,1.0,0.0,0.0,0.0,0.0,0.0,0.0,0.0,1.0,4,0,0,corrected_integrated_root
qwen_instruct,1,maximin,rule,HaDl,0,2.0,1.0,1.0,1.0,0.0,0.0,0.0,0.0,0.0,0.0,0.0,1.0,4,0,0,corrected_integrated_root
qwen_instruct,1,maximin,rule,HaHa,0,2.0,1.0,1.0,1.0,0.0,0.0,0.0,0.0,0.0,0.0,0.0,1.0,4,0,0,corrected_integrated_root
qwen_instruct,1,maximin,rule,HaHr,0,2.0,1.0,1.0,1.0,0.0,0.0,0.0,0.0,0.0,0.0,0.0,1.0,4,0,0,corrected_integrated_root
qwen_instruct,1,maximin,rule,HaNc,0,2.0,1.0,1.0,1.0,0.0,0.0,0.0,0.0,0.0,0.0,0.0,1.0,4,0,0,corrected_integrated_root
qwen_instruct,1,maximin,rule,HaPc,0,2.0,1.0,1.0,1.0,0.0,0.0,0.0,0.0,0.0,0.0,0.0,1.0,4,0,0,corrected_integrated_root
qwen_instruct,1,maximin,rule,HaPd,0,2.0,1.0,1.0,1.0,0.0,0.0,0.0,0.0,0.0,0.0,0.0,1.0,4,0,0,corrected_integrated_root
qwen_instruct,1,maximin,rule,HaSh,0,2.0,1.0,1.0,1.0,0.0,0.0,0.0,0.0,0.0,0.0,0.0,1.0,4,0,0,corrected_integrated_root
qwen_instruct,1,maximin,rule,HrAs,1,-1.0,0.0,0.0,0.0,0.0,0.0,0.0,0.0,-0.0,-0.0,-0.0,1.0,4,0,0,corrected_integrated_root
qwen_instruct,1,maximin,rule,HrBa,1,-1.0,0.0,0.0,0.0,0.0,0.0,0.0,0.0,-0.0,-0.0,-0.0,1.0,4,0,0,corrected_integrated_root
qwen_instruct,1,maximin,rule,HrCh,1,-1.0,0.0,0.0,0.0,0.0,0.0,0.0,0.0,-0.0,-0.0,-0.0,1.0,4,0,0,corrected_integrated_root
qwen_instruct,1,maximin,rule,HrCm,1,-1.0,0.0,0.0,0.0,0.0,0.0,0.0,0.0,-0.0,-0.0,-0.0,1.0,4,0,0,corrected_integrated_root
qwen_instruct,1,maximin,rule,HrCo,1,-1.0,0.25,0.0,0.0,-0.25,-0.25,0.25,0.25,0.25,0.25,-0.0,0.75,4,1,1,corrected_integrated_root
qwen_instruct,1,maximin,rule,HrDl,1,-1.0,0.0,0.0,0.0,0.0,0.0,0.0,0.0,-0.0,-0.0,-0.0,1.0,4,0,0,corrected_integrated_root
qwen_instruct,1,maximin,rule,HrHa,1,-1.0,0.0,0.0,0.0,0.0,0.0,0.0,0.0,-0.0,-0.0,-0.0,1.0,4,0,0,corrected_integrated_root
qwen_instruct,1,maximin,rule,HrHr,1,-1.0,0.0,0.0,0.0,0.0,0.0,0.0,0.0,-0.0,-0.0,-0.0,1.0,4,0,0,corrected_integrated_root
qwen_instruct,1,maximin,rule,HrNc,1,-1.0,0.5,0.0,0.25,-0.5,-0.25,0.5,0.25,0.5,0.25,0.25,0.5,4,2,2,corrected_integrated_root
qwen_instruct,1,maximin,rule,HrPc,1,-1.0,0.0,0.0,0.0,0.0,0.0,0.0,0.0,-0.0,-0.0,-0.0,1.0,4,0,0,corrected_integrated_root
qwen_instruct,1,maximin,rule,HrPd,1,-1.0,0.0,0.0,0.0,0.0,0.0,0.0,0.0,-0.0,-0.0,-0.0,1.0,4,0,0,corrected_integrated_root
qwen_instruct,1,maximin,rule,HrSh,1,-1.0,0.5,0.0,0.5,-0.5,0.0,0.5,0.0,0.5,-0.0,0.5,0.5,4,2,2,corrected_integrated_root
qwen_instruct,1,maximin,rule,NcAs,0,1.0,0.75,1.0,1.0,0.25,0.25,0.25,0.25,0.25,0.25,0.0,0.75,4,1,1,corrected_integrated_root
qwen_instruct,1,maximin,rule,NcBa,0,1.0,0.5,0.75,0.25,0.25,-0.25,0.25,0.25,0.25,-0.25,0.5,0.5,4,3,2,corrected_integrated_root
qwen_instruct,1,maximin,rule,NcCh,0,1.0,0.75,0.75,1.0,0.0,0.25,0.0,0.25,0.0,0.25,-0.25,0.75,4,2,1,corrected_integrated_root
qwen_instruct,1,maximin,rule,NcCm,0,1.0,0.5,1.0,0.5,0.5,0.0,0.5,0.0,0.5,0.0,0.5,0.5,4,2,2,corrected_integrated_root
qwen_instruct,1,maximin,rule,NcCo,0,1.0,0.5,0.75,0.5,0.25,0.0,0.25,0.0,0.25,0.0,0.25,0.5,4,1,1,corrected_integrated_root
qwen_instruct,1,maximin,rule,NcDl,0,1.0,0.5,1.0,1.0,0.5,0.5,0.5,0.5,0.5,0.5,0.0,0.5,4,2,2,corrected_integrated_root
qwen_instruct,1,maximin,rule,NcHa,0,1.0,0.5,0.75,0.75,0.25,0.25,0.25,0.25,0.25,0.25,0.0,0.5,4,3,2,corrected_integrated_root
qwen_instruct,1,maximin,rule,NcHr,0,1.0,0.5,0.25,0.5,-0.25,0.0,0.25,0.0,-0.25,0.0,-0.25,0.5,4,1,0,corrected_integrated_root
qwen_instruct,1,maximin,rule,NcNc,0,1.0,0.75,1.0,1.0,0.25,0.25,0.25,0.25,0.25,0.25,0.0,0.75,4,1,1,corrected_integrated_root
qwen_instruct,1,maximin,rule,NcPc,0,1.0,0.5,0.25,0.5,-0.25,0.0,0.25,0.0,-0.25,0.0,-0.25,0.5,4,1,0,corrected_integrated_root
qwen_instruct,1,maximin,rule,NcPd,0,1.0,0.5,0.75,0.5,0.25,0.0,0.25,0.0,0.25,0.0,0.25,0.5,4,3,2,corrected_integrated_root
qwen_instruct,1,maximin,rule,NcSh,0,1.0,0.75,1.0,1.0,0.25,0.25,0.25,0.25,0.25,0.25,0.0,0.75,4,1,1,corrected_integrated_root
qwen_instruct,1,maximin,rule,PcAs,0,2.0,1.0,1.0,1.0,0.0,0.0,0.0,0.0,0.0,0.0,0.0,1.0,4,0,0,corrected_integrated_root
qwen_instruct,1,maximin,rule,PcBa,0,2.0,1.0,1.0,1.0,0.0,0.0,0.0,0.0,0.0,0.0,0.0,1.0,4,0,0,corrected_integrated_root
qwen_instruct,1,maximin,rule,PcCh,0,2.0,1.0,1.0,1.0,0.0,0.0,0.0,0.0,0.0,0.0,0.0,1.0,4,0,0,corrected_integrated_root
qwen_instruct,1,maximin,rule,PcCm,0,2.0,1.0,1.0,1.0,0.0,0.0,0.0,0.0,0.0,0.0,0.0,1.0,4,0,0,corrected_integrated_root
qwen_instruct,1,maximin,rule,PcCo,0,2.0,1.0,1.0,1.0,0.0,0.0,0.0,0.0,0.0,0.0,0.0,1.0,4,0,0,corrected_integrated_root
qwen_instruct,1,maximin,rule,PcDl,0,2.0,1.0,1.0,1.0,0.0,0.0,0.0,0.0,0.0,0.0,0.0,1.0,4,0,0,corrected_integrated_root
qwen_instruct,1,maximin,rule,PcHa,0,2.0,1.0,1.0,1.0,0.0,0.0,0.0,0.0,0.0,0.0,0.0,1.0,4,0,0,corrected_integrated_root
qwen_instruct,1,maximin,rule,PcHr,0,2.0,1.0,1.0,1.0,0.0,0.0,0.0,0.0,0.0,0.0,0.0,1.0,4,0,0,corrected_integrated_root
qwen_instruct,1,maximin,rule,PcNc,0,2.0,1.0,1.0,1.0,0.0,0.0,0.0,0.0,0.0,0.0,0.0,1.0,4,0,0,corrected_integrated_root
qwen_instruct,1,maximin,rule,PcPc,0,2.0,1.0,1.0,1.0,0.0,0.0,0.0,0.0,0.0,0.0,0.0,1.0,4,0,0,corrected_integrated_root
qwen_instruct,1,maximin,rule,PcPd,0,2.0,1.0,1.0,1.0,0.0,0.0,0.0,0.0,0.0,0.0,0.0,1.0,4,0,0,corrected_integrated_root
qwen_instruct,1,maximin,rule,PcSh,0,2.0,1.0,1.0,1.0,0.0,0.0,0.0,0.0,0.0,0.0,0.0,1.0,4,0,0,corrected_integrated_root
qwen_instruct,1,maximin,rule,PdAs,1,-1.0,0.0,0.0,0.0,0.0,0.0,0.0,0.0,-0.0,-0.0,-0.0,1.0,4,0,0,corrected_integrated_root
qwen_instruct,1,maximin,rule,PdBa,1,-1.0,0.0,0.0,0.0,0.0,0.0,0.0,0.0,-0.0,-0.0,-0.0,1.0,4,0,0,corrected_integrated_root
qwen_instruct,1,maximin,rule,PdCh,1,-1.0,0.25,0.0,0.0,-0.25,-0.25,0.25,0.25,0.25,0.25,-0.0,0.75,4,1,1,corrected_integrated_root
qwen_instruct,1,maximin,rule,PdCm,1,-1.0,0.0,0.0,0.0,0.0,0.0,0.0,0.0,-0.0,-0.0,-0.0,1.0,4,0,0,corrected_integrated_root
qwen_instruct,1,maximin,rule,PdCo,1,-1.0,0.0,0.0,0.0,0.0,0.0,0.0,0.0,-0.0,-0.0,-0.0,1.0,4,0,0,corrected_integrated_root
qwen_instruct,1,maximin,rule,PdDl,1,-1.0,0.0,0.0,0.0,0.0,0.0,0.0,0.0,-0.0,-0.0,-0.0,1.0,4,0,0,corrected_integrated_root
qwen_instruct,1,maximin,rule,PdHa,1,-1.0,0.0,0.0,0.0,0.0,0.0,0.0,0.0,-0.0,-0.0,-0.0,1.0,4,0,0,corrected_integrated_root
qwen_instruct,1,maximin,rule,PdHr,1,-1.0,0.0,0.0,0.0,0.0,0.0,0.0,0.0,-0.0,-0.0,-0.0,1.0,4,0,0,corrected_integrated_root
qwen_instruct,1,maximin,rule,PdNc,1,-1.0,0.0,0.0,0.0,0.0,0.0,0.0,0.0,-0.0,-0.0,-0.0,1.0,4,0,0,corrected_integrated_root
qwen_instruct,1,maximin,rule,PdPc,1,-1.0,0.0,0.0,0.0,0.0,0.0,0.0,0.0,-0.0,-0.0,-0.0,1.0,4,0,0,corrected_integrated_root
qwen_instruct,1,maximin,rule,PdPd,1,-1.0,0.25,0.0,0.0,-0.25,-0.25,0.25,0.25,0.25,0.25,-0.0,0.75,4,1,1,corrected_integrated_root
qwen_instruct,1,maximin,rule,PdSh,1,-1.0,0.0,0.0,0.0,0.0,0.0,0.0,0.0,-0.0,-0.0,-0.0,1.0,4,0,0,corrected_integrated_root
qwen_instruct,1,maximin,rule,ShAs,1,-1.0,0.5,0.25,0.5,-0.25,0.0,0.25,0.0,0.25,-0.0,0.25,0.5,4,1,1,corrected_integrated_root
qwen_instruct,1,maximin,rule,ShBa,1,-1.0,0.5,0.0,0.25,-0.5,-0.25,0.5,0.25,0.5,0.25,0.25,0.5,4,2,2,corrected_integrated_root
qwen_instruct,1,maximin,rule,ShCh,1,-1.0,0.5,0.0,0.5,-0.5,0.0,0.5,0.0,0.5,-0.0,0.5,0.5,4,2,2,corrected_integrated_root
qwen_instruct,1,maximin,rule,ShCm,1,-1.0,0.5,0.0,0.5,-0.5,0.0,0.5,0.0,0.5,-0.0,0.5,0.5,4,2,2,corrected_integrated_root
qwen_instruct,1,maximin,rule,ShCo,1,-1.0,0.5,0.25,0.5,-0.25,0.0,0.25,0.0,0.25,-0.0,0.25,0.5,4,1,1,corrected_integrated_root
qwen_instruct,1,maximin,rule,ShDl,1,-1.0,0.5,0.0,0.5,-0.5,0.0,0.5,0.0,0.5,-0.0,0.5,0.5,4,2,2,corrected_integrated_root
qwen_instruct,1,maximin,rule,ShHa,1,-1.0,0.5,0.0,0.5,-0.5,0.0,0.5,0.0,0.5,-0.0,0.5,0.5,4,2,2,corrected_integrated_root
qwen_instruct,1,maximin,rule,ShHr,1,-1.0,0.25,0.0,0.0,-0.25,-0.25,0.25,0.25,0.25,0.25,-0.0,0.75,4,1,1,corrected_integrated_root
qwen_instruct,1,maximin,rule,ShNc,1,-1.0,0.5,0.0,0.5,-0.5,0.0,0.5,0.0,0.5,-0.0,0.5,0.5,4,2,2,corrected_integrated_root
qwen_instruct,1,maximin,rule,ShPc,1,-1.0,0.5,0.0,0.5,-0.5,0.0,0.5,0.0,0.5,-0.0,0.5,0.5,4,2,2,corrected_integrated_root
qwen_instruct,1,maximin,rule,ShPd,1,-1.0,0.5,0.0,0.5,-0.5,0.0,0.5,0.0,0.5,-0.0,0.5,0.5,4,2,2,corrected_integrated_root
qwen_instruct,1,maximin,rule,ShSh,1,-1.0,0.5,0.0,0.5,-0.5,0.0,0.5,0.0,0.5,-0.0,0.5,0.5,4,2,2,corrected_integrated_root
llama31_instruct,1,risk,trait,AsAs,1,-1.0,0.5,0.5,1.0,0.0,0.5,0.0,0.5,-0.0,-0.5,0.5,0.5,4,0,0,corrected_integrated_root
llama31_instruct,1,risk,trait,AsBa,1,-1.0,0.5,0.25,1.0,-0.25,0.5,0.25,0.5,0.25,-0.5,0.75,0.5,4,1,1,corrected_integrated_root
llama31_instruct,1,risk,trait,AsCh,1,-1.0,0.5,0.0,1.0,-0.5,0.5,0.5,0.5,0.5,-0.5,1.0,0.5,4,2,2,corrected_integrated_root
llama31_instruct,1,risk,trait,AsCm,1,-1.0,1.0,0.5,1.0,-0.5,0.0,0.5,0.0,0.5,-0.0,0.5,0.0,4,2,2,corrected_integrated_root
llama31_instruct,1,risk,trait,AsCo,1,-1.0,0.5,0.5,1.0,0.0,0.5,0.0,0.5,-0.0,-0.5,0.5,0.5,4,0,0,corrected_integrated_root
llama31_instruct,1,risk,trait,AsDl,1,-1.0,0.5,0.25,1.0,-0.25,0.5,0.25,0.5,0.25,-0.5,0.75,0.5,4,1,1,corrected_integrated_root
llama31_instruct,1,risk,trait,AsHa,1,-1.0,0.5,0.5,0.25,0.0,-0.25,0.0,0.25,-0.0,0.25,-0.25,0.5,4,0,0,corrected_integrated_root
llama31_instruct,1,risk,trait,AsHr,1,-1.0,1.0,0.25,1.0,-0.75,0.0,0.75,0.0,0.75,-0.0,0.75,0.0,4,3,3,corrected_integrated_root
llama31_instruct,1,risk,trait,AsNc,1,-1.0,0.5,0.25,0.75,-0.25,0.25,0.25,0.25,0.25,-0.25,0.5,0.5,4,1,1,corrected_integrated_root
llama31_instruct,1,risk,trait,AsPc,1,-1.0,0.5,0.5,0.75,0.0,0.25,0.0,0.25,-0.0,-0.25,0.25,0.5,4,0,0,corrected_integrated_root
llama31_instruct,1,risk,trait,AsPd,1,-1.0,0.5,0.5,1.0,0.0,0.5,0.0,0.5,-0.0,-0.5,0.5,0.5,4,0,0,corrected_integrated_root
llama31_instruct,1,risk,trait,AsSh,1,-1.0,0.5,0.5,1.0,0.0,0.5,0.0,0.5,-0.0,-0.5,0.5,0.5,4,0,0,corrected_integrated_root
llama31_instruct,1,risk,trait,BaAs,0,1.0,0.0,0.5,0.5,0.5,0.5,0.5,0.5,0.5,0.5,0.0,0.0,4,2,2,corrected_integrated_root
llama31_instruct,1,risk,trait,BaBa,0,1.0,0.5,0.25,0.5,-0.25,0.0,0.25,0.0,-0.25,0.0,-0.25,0.5,4,1,0,corrected_integrated_root
llama31_instruct,1,risk,trait,BaCh,0,1.0,0.5,0.5,1.0,0.0,0.5,0.0,0.5,0.0,0.5,-0.5,0.5,4,0,0,corrected_integrated_root
llama31_instruct,1,risk,trait,BaCm,0,1.0,0.5,0.5,0.5,0.0,0.0,0.0,0.0,0.0,0.0,0.0,0.5,4,2,1,corrected_integrated_root
llama31_instruct,1,risk,trait,BaCo,0,1.0,0.25,0.5,0.5,0.25,0.25,0.25,0.25,0.25,0.25,0.0,0.25,4,3,2,corrected_integrated_root
llama31_instruct,1,risk,trait,BaDl,0,1.0,0.5,0.5,0.5,0.0,0.0,0.0,0.0,0.0,0.0,0.0,0.5,4,0,0,corrected_integrated_root
llama31_instruct,1,risk,trait,BaHa,0,1.0,0.25,0.25,0.5,0.0,0.25,0.0,0.25,0.0,0.25,-0.25,0.25,4,2,1,corrected_integrated_root
llama31_instruct,1,risk,trait,BaHr,0,1.0,0.0,0.5,0.5,0.5,0.5,0.5,0.5,0.5,0.5,0.0,0.0,4,2,2,corrected_integrated_root
llama31_instruct,1,risk,trait,BaNc,0,1.0,0.25,0.5,0.75,0.25,0.5,0.25,0.5,0.25,0.5,-0.25,0.25,4,1,1,corrected_integrated_root
llama31_instruct,1,risk,trait,BaPc,0,1.0,0.25,0.75,0.5,0.5,0.25,0.5,0.25,0.5,0.25,0.25,0.25,4,2,2,corrected_integrated_root
llama31_instruct,1,risk,trait,BaPd,0,1.0,0.5,0.5,0.75,0.0,0.25,0.0,0.25,0.0,0.25,-0.25,0.5,4,0,0,corrected_integrated_root
llama31_instruct,1,risk,trait,BaSh,0,1.0,0.25,0.5,0.5,0.25,0.25,0.25,0.25,0.25,0.25,0.0,0.25,4,1,1,corrected_integrated_root
llama31_instruct,1,risk,trait,ChAs,0,1.0,0.0,0.5,0.5,0.5,0.5,0.5,0.5,0.5,0.5,0.0,0.0,4,2,2,corrected_integrated_root
llama31_instruct,1,risk,trait,ChBa,0,1.0,0.5,0.5,0.5,0.0,0.0,0.0,0.0,0.0,0.0,0.0,0.5,4,2,1,corrected_integrated_root
llama31_instruct,1,risk,trait,ChCh,0,1.0,0.75,0.5,0.5,-0.25,-0.25,0.25,0.25,-0.25,-0.25,0.0,0.75,4,1,0,corrected_integrated_root
llama31_instruct,1,risk,trait,ChCm,0,1.0,0.75,0.5,0.5,-0.25,-0.25,0.25,0.25,-0.25,-0.25,0.0,0.75,4,3,1,corrected_integrated_root
llama31_instruct,1,risk,trait,ChCo,0,1.0,0.5,0.5,0.5,0.0,0.0,0.0,0.0,0.0,0.0,0.0,0.5,4,2,1,corrected_integrated_root
llama31_instruct,1,risk,trait,ChDl,0,1.0,0.25,0.5,0.5,0.25,0.25,0.25,0.25,0.25,0.25,0.0,0.25,4,3,2,corrected_integrated_root
llama31_instruct,1,risk,trait,ChHa,0,1.0,0.0,0.5,0.5,0.5,0.5,0.5,0.5,0.5,0.5,0.0,0.0,4,2,2,corrected_integrated_root
llama31_instruct,1,risk,trait,ChHr,0,1.0,0.25,0.5,0.5,0.25,0.25,0.25,0.25,0.25,0.25,0.0,0.25,4,3,2,corrected_integrated_root
llama31_instruct,1,risk,trait,ChNc,0,1.0,0.0,0.5,0.5,0.5,0.5,0.5,0.5,0.5,0.5,0.0,0.0,4,2,2,corrected_integrated_root
llama31_instruct,1,risk,trait,ChPc,0,1.0,0.25,0.5,0.5,0.25,0.25,0.25,0.25,0.25,0.25,0.0,0.25,4,3,2,corrected_integrated_root
llama31_instruct,1,risk,trait,ChPd,0,1.0,0.5,0.5,0.5,0.0,0.0,0.0,0.0,0.0,0.0,0.0,0.5,4,0,0,corrected_integrated_root
llama31_instruct,1,risk,trait,ChSh,0,1.0,0.5,0.5,0.5,0.0,0.0,0.0,0.0,0.0,0.0,0.0,0.5,4,0,0,corrected_integrated_root
llama31_instruct,1,risk,trait,CmAs,1,-2.0,0.0,0.5,0.0,0.5,0.0,0.5,0.0,-0.5,-0.0,-0.5,1.0,4,2,0,corrected_integrated_root
llama31_instruct,1,risk,trait,CmBa,1,-2.0,0.0,0.5,0.0,0.5,0.0,0.5,0.0,-0.5,-0.0,-0.5,1.0,4,2,0,corrected_integrated_root
llama31_instruct,1,risk,trait,CmCh,1,-2.0,0.0,0.5,0.0,0.5,0.0,0.5,0.0,-0.5,-0.0,-0.5,1.0,4,2,0,corrected_integrated_root
llama31_instruct,1,risk,trait,CmCm,1,-2.0,0.0,0.5,0.0,0.5,0.0,0.5,0.0,-0.5,-0.0,-0.5,1.0,4,2,0,corrected_integrated_root
llama31_instruct,1,risk,trait,CmCo,1,-2.0,0.0,0.25,0.0,0.25,0.0,0.25,0.0,-0.25,-0.0,-0.25,1.0,4,1,0,corrected_integrated_root
llama31_instruct,1,risk,trait,CmDl,1,-2.0,0.0,0.25,0.0,0.25,0.0,0.25,0.0,-0.25,-0.0,-0.25,1.0,4,1,0,corrected_integrated_root
llama31_instruct,1,risk,trait,CmHa,1,-2.0,0.0,0.5,0.0,0.5,0.0,0.5,0.0,-0.5,-0.0,-0.5,1.0,4,2,0,corrected_integrated_root
llama31_instruct,1,risk,trait,CmHr,1,-2.0,0.0,0.5,0.0,0.5,0.0,0.5,0.0,-0.5,-0.0,-0.5,1.0,4,2,0,corrected_integrated_root
llama31_instruct,1,risk,trait,CmNc,1,-2.0,0.0,0.5,0.0,0.5,0.0,0.5,0.0,-0.5,-0.0,-0.5,1.0,4,2,0,corrected_integrated_root
llama31_instruct,1,risk,trait,CmPc,1,-2.0,0.0,0.5,0.0,0.5,0.0,0.5,0.0,-0.5,-0.0,-0.5,1.0,4,2,0,corrected_integrated_root
llama31_instruct,1,risk,trait,CmPd,1,-2.0,0.0,0.5,0.0,0.5,0.0,0.5,0.0,-0.5,-0.0,-0.5,1.0,4,2,0,corrected_integrated_root
llama31_instruct,1,risk,trait,CmSh,1,-2.0,0.0,0.5,0.0,0.5,0.0,0.5,0.0,-0.5,-0.0,-0.5,1.0,4,2,0,corrected_integrated_root
llama31_instruct,1,risk,trait,CoAs,0,1.0,1.0,0.25,1.0,-0.75,0.0,0.75,0.0,-0.75,0.0,-0.75,1.0,4,3,0,corrected_integrated_root
llama31_instruct,1,risk,trait,CoBa,0,1.0,1.0,0.5,1.0,-0.5,0.0,0.5,0.0,-0.5,0.0,-0.5,1.0,4,2,0,corrected_integrated_root
llama31_instruct,1,risk,trait,CoCh,0,1.0,0.5,0.25,1.0,-0.25,0.5,0.25,0.5,-0.25,0.5,-0.75,0.5,4,1,0,corrected_integrated_root
llama31_instruct,1,risk,trait,CoCm,0,1.0,1.0,0.5,1.0,-0.5,0.0,0.5,0.0,-0.5,0.0,-0.5,1.0,4,2,0,corrected_integrated_root
llama31_instruct,1,risk,trait,CoCo,0,1.0,1.0,0.5,1.0,-0.5,0.0,0.5,0.0,-0.5,0.0,-0.5,1.0,4,2,0,corrected_integrated_root
llama31_instruct,1,risk,trait,CoDl,0,1.0,1.0,0.5,1.0,-0.5,0.0,0.5,0.0,-0.5,0.0,-0.5,1.0,4,2,0,corrected_integrated_root
llama31_instruct,1,risk,trait,CoHa,0,1.0,0.5,0.5,0.75,0.0,0.25,0.0,0.25,0.0,0.25,-0.25,0.5,4,0,0,corrected_integrated_root
llama31_instruct,1,risk,trait,CoHr,0,1.0,1.0,0.5,1.0,-0.5,0.0,0.5,0.0,-0.5,0.0,-0.5,1.0,4,2,0,corrected_integrated_root
llama31_instruct,1,risk,trait,CoNc,0,1.0,0.5,0.5,1.0,0.0,0.5,0.0,0.5,0.0,0.5,-0.5,0.5,4,0,0,corrected_integrated_root
llama31_instruct,1,risk,trait,CoPc,0,1.0,1.0,0.75,1.0,-0.25,0.0,0.25,0.0,-0.25,0.0,-0.25,1.0,4,1,0,corrected_integrated_root
llama31_instruct,1,risk,trait,CoPd,0,1.0,0.5,0.25,1.0,-0.25,0.5,0.25,0.5,-0.25,0.5,-0.75,0.5,4,1,0,corrected_integrated_root
llama31_instruct,1,risk,trait,CoSh,0,1.0,0.75,0.25,1.0,-0.5,0.25,0.5,0.25,-0.5,0.25,-0.75,0.75,4,2,0,corrected_integrated_root
llama31_instruct,1,risk,trait,DlAs,1,-2.0,0.0,0.25,0.0,0.25,0.0,0.25,0.0,-0.25,-0.0,-0.25,1.0,4,1,0,corrected_integrated_root
llama31_instruct,1,risk,trait,DlBa,1,-2.0,0.0,0.25,0.0,0.25,0.0,0.25,0.0,-0.25,-0.0,-0.25,1.0,4,1,0,corrected_integrated_root
llama31_instruct,1,risk,trait,DlCh,1,-2.0,0.0,0.25,0.0,0.25,0.0,0.25,0.0,-0.25,-0.0,-0.25,1.0,4,1,0,corrected_integrated_root
llama31_instruct,1,risk,trait,DlCm,1,-2.0,0.0,0.25,0.0,0.25,0.0,0.25,0.0,-0.25,-0.0,-0.25,1.0,4,1,0,corrected_integrated_root
llama31_instruct,1,risk,trait,DlCo,1,-2.0,0.0,0.5,0.0,0.5,0.0,0.5,0.0,-0.5,-0.0,-0.5,1.0,4,2,0,corrected_integrated_root
llama31_instruct,1,risk,trait,DlDl,1,-2.0,0.0,0.25,0.0,0.25,0.0,0.25,0.0,-0.25,-0.0,-0.25,1.0,4,1,0,corrected_integrated_root
llama31_instruct,1,risk,trait,DlHa,1,-2.0,0.0,0.25,0.0,0.25,0.0,0.25,0.0,-0.25,-0.0,-0.25,1.0,4,1,0,corrected_integrated_root
llama31_instruct,1,risk,trait,DlHr,1,-2.0,0.0,0.25,0.0,0.25,0.0,0.25,0.0,-0.25,-0.0,-0.25,1.0,4,1,0,corrected_integrated_root
llama31_instruct,1,risk,trait,DlNc,1,-2.0,0.0,0.25,0.0,0.25,0.0,0.25,0.0,-0.25,-0.0,-0.25,1.0,4,1,0,corrected_integrated_root
llama31_instruct,1,risk,trait,DlPc,1,-2.0,0.0,0.25,0.0,0.25,0.0,0.25,0.0,-0.25,-0.0,-0.25,1.0,4,1,0,corrected_integrated_root
llama31_instruct,1,risk,trait,DlPd,1,-2.0,0.0,0.5,0.0,0.5,0.0,0.5,0.0,-0.5,-0.0,-0.5,1.0,4,2,0,corrected_integrated_root
llama31_instruct,1,risk,trait,DlSh,1,-2.0,0.0,0.5,0.0,0.5,0.0,0.5,0.0,-0.5,-0.0,-0.5,1.0,4,2,0,corrected_integrated_root
llama31_instruct,1,risk,trait,HaAs,0,2.0,1.0,0.5,1.0,-0.5,0.0,0.5,0.0,-0.5,0.0,-0.5,1.0,4,2,0,corrected_integrated_root
llama31_instruct,1,risk,trait,HaBa,0,2.0,0.75,0.25,1.0,-0.5,0.25,0.5,0.25,-0.5,0.25,-0.75,0.75,4,2,0,corrected_integrated_root
llama31_instruct,1,risk,trait,HaCh,0,2.0,1.0,0.25,1.0,-0.75,0.0,0.75,0.0,-0.75,0.0,-0.75,1.0,4,3,0,corrected_integrated_root
llama31_instruct,1,risk,trait,HaCm,0,2.0,1.0,0.5,1.0,-0.5,0.0,0.5,0.0,-0.5,0.0,-0.5,1.0,4,2,0,corrected_integrated_root
llama31_instruct,1,risk,trait,HaCo,0,2.0,1.0,0.5,1.0,-0.5,0.0,0.5,0.0,-0.5,0.0,-0.5,1.0,4,2,0,corrected_integrated_root
llama31_instruct,1,risk,trait,HaDl,0,2.0,0.75,0.5,1.0,-0.25,0.25,0.25,0.25,-0.25,0.25,-0.5,0.75,4,1,0,corrected_integrated_root
llama31_instruct,1,risk,trait,HaHa,0,2.0,1.0,0.25,1.0,-0.75,0.0,0.75,0.0,-0.75,0.0,-0.75,1.0,4,3,0,corrected_integrated_root
llama31_instruct,1,risk,trait,HaHr,0,2.0,1.0,0.5,1.0,-0.5,0.0,0.5,0.0,-0.5,0.0,-0.5,1.0,4,2,0,corrected_integrated_root
llama31_instruct,1,risk,trait,HaNc,0,2.0,1.0,0.25,1.0,-0.75,0.0,0.75,0.0,-0.75,0.0,-0.75,1.0,4,3,0,corrected_integrated_root
llama31_instruct,1,risk,trait,HaPc,0,2.0,1.0,0.5,1.0,-0.5,0.0,0.5,0.0,-0.5,0.0,-0.5,1.0,4,2,0,corrected_integrated_root
llama31_instruct,1,risk,trait,HaPd,0,2.0,1.0,0.25,1.0,-0.75,0.0,0.75,0.0,-0.75,0.0,-0.75,1.0,4,3,0,corrected_integrated_root
llama31_instruct,1,risk,trait,HaSh,0,2.0,1.0,0.75,1.0,-0.25,0.0,0.25,0.0,-0.25,0.0,-0.25,1.0,4,1,0,corrected_integrated_root
llama31_instruct,1,risk,trait,HrAs,1,-1.0,0.0,0.5,0.0,0.5,0.0,0.5,0.0,-0.5,-0.0,-0.5,1.0,4,2,0,corrected_integrated_root
llama31_instruct,1,risk,trait,HrBa,1,-1.0,0.0,0.5,0.0,0.5,0.0,0.5,0.0,-0.5,-0.0,-0.5,1.0,4,2,0,corrected_integrated_root
llama31_instruct,1,risk,trait,HrCh,1,-1.0,0.0,0.5,0.0,0.5,0.0,0.5,0.0,-0.5,-0.0,-0.5,1.0,4,2,0,corrected_integrated_root
llama31_instruct,1,risk,trait,HrCm,1,-1.0,0.25,0.5,0.0,0.25,-0.25,0.25,0.25,-0.25,0.25,-0.5,0.75,4,1,0,corrected_integrated_root
llama31_instruct,1,risk,trait,HrCo,1,-1.0,0.0,0.5,0.25,0.5,0.25,0.5,0.25,-0.5,-0.25,-0.25,1.0,4,2,0,corrected_integrated_root
llama31_instruct,1,risk,trait,HrDl,1,-1.0,0.25,0.5,0.0,0.25,-0.25,0.25,0.25,-0.25,0.25,-0.5,0.75,4,1,0,corrected_integrated_root
llama31_instruct,1,risk,trait,HrHa,1,-1.0,0.25,0.5,0.25,0.25,0.0,0.25,0.0,-0.25,-0.0,-0.25,0.75,4,3,1,corrected_integrated_root
llama31_instruct,1,risk,trait,HrHr,1,-1.0,0.0,0.5,0.0,0.5,0.0,0.5,0.0,-0.5,-0.0,-0.5,1.0,4,2,0,corrected_integrated_root
llama31_instruct,1,risk,trait,HrNc,1,-1.0,0.0,0.5,0.0,0.5,0.0,0.5,0.0,-0.5,-0.0,-0.5,1.0,4,2,0,corrected_integrated_root
llama31_instruct,1,risk,trait,HrPc,1,-1.0,0.0,0.5,0.25,0.5,0.25,0.5,0.25,-0.5,-0.25,-0.25,1.0,4,2,0,corrected_integrated_root
llama31_instruct,1,risk,trait,HrPd,1,-1.0,0.25,0.5,0.0,0.25,-0.25,0.25,0.25,-0.25,0.25,-0.5,0.75,4,1,0,corrected_integrated_root
llama31_instruct,1,risk,trait,HrSh,1,-1.0,0.0,0.75,0.0,0.75,0.0,0.75,0.0,-0.75,-0.0,-0.75,1.0,4,3,0,corrected_integrated_root
llama31_instruct,1,risk,trait,NcAs,0,1.0,0.75,0.5,1.0,-0.25,0.25,0.25,0.25,-0.25,0.25,-0.5,0.75,4,1,0,corrected_integrated_root
llama31_instruct,1,risk,trait,NcBa,0,1.0,0.75,0.25,1.0,-0.5,0.25,0.5,0.25,-0.5,0.25,-0.75,0.75,4,2,0,corrected_integrated_root
llama31_instruct,1,risk,trait,NcCh,0,1.0,0.5,0.0,1.0,-0.5,0.5,0.5,0.5,-0.5,0.5,-1.0,0.5,4,2,0,corrected_integrated_root
llama31_instruct,1,risk,trait,NcCm,0,1.0,0.5,0.5,1.0,0.0,0.5,0.0,0.5,0.0,0.5,-0.5,0.5,4,0,0,corrected_integrated_root
llama31_instruct,1,risk,trait,NcCo,0,1.0,1.0,0.5,1.0,-0.5,0.0,0.5,0.0,-0.5,0.0,-0.5,1.0,4,2,0,corrected_integrated_root
llama31_instruct,1,risk,trait,NcDl,0,1.0,1.0,0.5,1.0,-0.5,0.0,0.5,0.0,-0.5,0.0,-0.5,1.0,4,2,0,corrected_integrated_root
llama31_instruct,1,risk,trait,NcHa,0,1.0,1.0,0.5,1.0,-0.5,0.0,0.5,0.0,-0.5,0.0,-0.5,1.0,4,2,0,corrected_integrated_root
llama31_instruct,1,risk,trait,NcHr,0,1.0,0.5,0.5,1.0,0.0,0.5,0.0,0.5,0.0,0.5,-0.5,0.5,4,0,0,corrected_integrated_root
llama31_instruct,1,risk,trait,NcNc,0,1.0,0.75,0.5,1.0,-0.25,0.25,0.25,0.25,-0.25,0.25,-0.5,0.75,4,1,0,corrected_integrated_root
llama31_instruct,1,risk,trait,NcPc,0,1.0,1.0,0.5,1.0,-0.5,0.0,0.5,0.0,-0.5,0.0,-0.5,1.0,4,2,0,corrected_integrated_root
llama31_instruct,1,risk,trait,NcPd,0,1.0,0.5,0.5,1.0,0.0,0.5,0.0,0.5,0.0,0.5,-0.5,0.5,4,0,0,corrected_integrated_root
llama31_instruct,1,risk,trait,NcSh,0,1.0,0.75,0.5,1.0,-0.25,0.25,0.25,0.25,-0.25,0.25,-0.5,0.75,4,1,0,corrected_integrated_root
llama31_instruct,1,risk,trait,PcAs,0,2.0,1.0,0.5,1.0,-0.5,0.0,0.5,0.0,-0.5,0.0,-0.5,1.0,4,2,0,corrected_integrated_root
llama31_instruct,1,risk,trait,PcBa,0,2.0,1.0,0.5,1.0,-0.5,0.0,0.5,0.0,-0.5,0.0,-0.5,1.0,4,2,0,corrected_integrated_root
llama31_instruct,1,risk,trait,PcCh,0,2.0,1.0,0.0,1.0,-1.0,0.0,1.0,0.0,-1.0,0.0,-1.0,1.0,4,4,0,corrected_integrated_root
llama31_instruct,1,risk,trait,PcCm,0,2.0,1.0,0.5,1.0,-0.5,0.0,0.5,0.0,-0.5,0.0,-0.5,1.0,4,2,0,corrected_integrated_root
llama31_instruct,1,risk,trait,PcCo,0,2.0,1.0,0.5,1.0,-0.5,0.0,0.5,0.0,-0.5,0.0,-0.5,1.0,4,2,0,corrected_integrated_root
llama31_instruct,1,risk,trait,PcDl,0,2.0,1.0,0.25,1.0,-0.75,0.0,0.75,0.0,-0.75,0.0,-0.75,1.0,4,3,0,corrected_integrated_root
llama31_instruct,1,risk,trait,PcHa,0,2.0,1.0,0.5,1.0,-0.5,0.0,0.5,0.0,-0.5,0.0,-0.5,1.0,4,2,0,corrected_integrated_root
llama31_instruct,1,risk,trait,PcHr,0,2.0,1.0,0.5,1.0,-0.5,0.0,0.5,0.0,-0.5,0.0,-0.5,1.0,4,2,0,corrected_integrated_root
llama31_instruct,1,risk,trait,PcNc,0,2.0,1.0,0.25,1.0,-0.75,0.0,0.75,0.0,-0.75,0.0,-0.75,1.0,4,3,0,corrected_integrated_root
llama31_instruct,1,risk,trait,PcPc,0,2.0,1.0,0.25,1.0,-0.75,0.0,0.75,0.0,-0.75,0.0,-0.75,1.0,4,3,0,corrected_integrated_root
llama31_instruct,1,risk,trait,PcPd,0,2.0,1.0,0.25,1.0,-0.75,0.0,0.75,0.0,-0.75,0.0,-0.75,1.0,4,3,0,corrected_integrated_root
llama31_instruct,1,risk,trait,PcSh,0,2.0,1.0,0.25,1.0,-0.75,0.0,0.75,0.0,-0.75,0.0,-0.75,1.0,4,3,0,corrected_integrated_root
llama31_instruct,1,risk,trait,PdAs,1,-1.0,0.0,0.5,0.25,0.5,0.25,0.5,0.25,-0.5,-0.25,-0.25,1.0,4,2,0,corrected_integrated_root
llama31_instruct,1,risk,trait,PdBa,1,-1.0,0.25,0.25,0.5,0.0,0.25,0.0,0.25,-0.0,-0.25,0.25,0.75,4,2,1,corrected_integrated_root
llama31_instruct,1,risk,trait,PdCh,1,-1.0,0.0,0.25,0.0,0.25,0.0,0.25,0.0,-0.25,-0.0,-0.25,1.0,4,1,0,corrected_integrated_root
llama31_instruct,1,risk,trait,PdCm,1,-1.0,0.75,0.5,0.5,-0.25,-0.25,0.25,0.25,0.25,0.25,-0.0,0.25,4,3,2,corrected_integrated_root
llama31_instruct,1,risk,trait,PdCo,1,-1.0,0.0,0.75,0.25,0.75,0.25,0.75,0.25,-0.75,-0.25,-0.5,1.0,4,3,0,corrected_integrated_root
llama31_instruct,1,risk,trait,PdDl,1,-1.0,0.5,0.5,0.5,0.0,0.0,0.0,0.0,-0.0,-0.0,-0.0,0.5,4,4,2,corrected_integrated_root
llama31_instruct,1,risk,trait,PdHa,1,-1.0,0.0,0.5,0.25,0.5,0.25,0.5,0.25,-0.5,-0.25,-0.25,1.0,4,2,0,corrected_integrated_root
llama31_instruct,1,risk,trait,PdHr,1,-1.0,0.25,0.5,0.5,0.25,0.25,0.25,0.25,-0.25,-0.25,-0.0,0.75,4,3,1,corrected_integrated_root
llama31_instruct,1,risk,trait,PdNc,1,-1.0,0.0,0.25,0.0,0.25,0.0,0.25,0.0,-0.25,-0.0,-0.25,1.0,4,1,0,corrected_integrated_root
llama31_instruct,1,risk,trait,PdPc,1,-1.0,0.0,0.5,0.5,0.5,0.5,0.5,0.5,-0.5,-0.5,-0.0,1.0,4,2,0,corrected_integrated_root
llama31_instruct,1,risk,trait,PdPd,1,-1.0,0.0,0.25,0.5,0.25,0.5,0.25,0.5,-0.25,-0.5,0.25,1.0,4,1,0,corrected_integrated_root
llama31_instruct,1,risk,trait,PdSh,1,-1.0,0.0,0.25,0.0,0.25,0.0,0.25,0.0,-0.25,-0.0,-0.25,1.0,4,1,0,corrected_integrated_root
llama31_instruct,1,risk,trait,ShAs,1,-1.0,0.5,0.5,1.0,0.0,0.5,0.0,0.5,-0.0,-0.5,0.5,0.5,4,0,0,corrected_integrated_root
llama31_instruct,1,risk,trait,ShBa,1,-1.0,0.5,0.0,1.0,-0.5,0.5,0.5,0.5,0.5,-0.5,1.0,0.5,4,2,2,corrected_integrated_root
llama31_instruct,1,risk,trait,ShCh,1,-1.0,0.5,0.0,1.0,-0.5,0.5,0.5,0.5,0.5,-0.5,1.0,0.5,4,2,2,corrected_integrated_root
llama31_instruct,1,risk,trait,ShCm,1,-1.0,1.0,0.5,1.0,-0.5,0.0,0.5,0.0,0.5,-0.0,0.5,0.0,4,2,2,corrected_integrated_root
llama31_instruct,1,risk,trait,ShCo,1,-1.0,0.5,0.5,1.0,0.0,0.5,0.0,0.5,-0.0,-0.5,0.5,0.5,4,0,0,corrected_integrated_root
llama31_instruct,1,risk,trait,ShDl,1,-1.0,0.5,0.5,1.0,0.0,0.5,0.0,0.5,-0.0,-0.5,0.5,0.5,4,0,0,corrected_integrated_root
llama31_instruct,1,risk,trait,ShHa,1,-1.0,0.5,0.5,1.0,0.0,0.5,0.0,0.5,-0.0,-0.5,0.5,0.5,4,0,0,corrected_integrated_root
llama31_instruct,1,risk,trait,ShHr,1,-1.0,0.5,0.25,1.0,-0.25,0.5,0.25,0.5,0.25,-0.5,0.75,0.5,4,1,1,corrected_integrated_root
llama31_instruct,1,risk,trait,ShNc,1,-1.0,0.5,0.25,0.75,-0.25,0.25,0.25,0.25,0.25,-0.25,0.5,0.5,4,1,1,corrected_integrated_root
llama31_instruct,1,risk,trait,ShPc,1,-1.0,0.5,0.75,1.0,0.25,0.5,0.25,0.5,-0.25,-0.5,0.25,0.5,4,1,0,corrected_integrated_root
llama31_instruct,1,risk,trait,ShPd,1,-1.0,0.5,0.0,1.0,-0.5,0.5,0.5,0.5,0.5,-0.5,1.0,0.5,4,2,2,corrected_integrated_root
llama31_instruct,1,risk,trait,ShSh,1,-1.0,0.5,0.25,1.0,-0.25,0.5,0.25,0.5,0.25,-0.5,0.75,0.5,4,1,1,corrected_integrated_root
llama31_instruct,1,loss,trait,AsAs,1,-1.0,0.5,0.5,1.0,0.0,0.5,0.0,0.5,-0.0,-0.5,0.5,0.5,4,0,0,corrected_integrated_root
llama31_instruct,1,loss,trait,AsBa,1,-1.0,0.5,0.5,1.0,0.0,0.5,0.0,0.5,-0.0,-0.5,0.5,0.5,4,0,0,corrected_integrated_root
llama31_instruct,1,loss,trait,AsCh,1,-1.0,0.5,0.5,1.0,0.0,0.5,0.0,0.5,-0.0,-0.5,0.5,0.5,4,0,0,corrected_integrated_root
llama31_instruct,1,loss,trait,AsCm,1,-1.0,1.0,0.5,1.0,-0.5,0.0,0.5,0.0,0.5,-0.0,0.5,0.0,4,2,2,corrected_integrated_root
llama31_instruct,1,loss,trait,AsCo,1,-1.0,0.5,0.5,1.0,0.0,0.5,0.0,0.5,-0.0,-0.5,0.5,0.5,4,0,0,corrected_integrated_root
llama31_instruct,1,loss,trait,AsDl,1,-1.0,0.5,0.5,1.0,0.0,0.5,0.0,0.5,-0.0,-0.5,0.5,0.5,4,0,0,corrected_integrated_root
llama31_instruct,1,loss,trait,AsHa,1,-1.0,0.5,0.5,0.25,0.0,-0.25,0.0,0.25,-0.0,0.25,-0.25,0.5,4,0,0,corrected_integrated_root
llama31_instruct,1,loss,trait,AsHr,1,-1.0,1.0,0.75,1.0,-0.25,0.0,0.25,0.0,0.25,-0.0,0.25,0.0,4,1,1,corrected_integrated_root
llama31_instruct,1,loss,trait,AsNc,1,-1.0,0.5,0.5,0.75,0.0,0.25,0.0,0.25,-0.0,-0.25,0.25,0.5,4,0,0,corrected_integrated_root
llama31_instruct,1,loss,trait,AsPc,1,-1.0,0.5,0.5,0.75,0.0,0.25,0.0,0.25,-0.0,-0.25,0.25,0.5,4,0,0,corrected_integrated_root
llama31_instruct,1,loss,trait,AsPd,1,-1.0,0.5,0.5,1.0,0.0,0.5,0.0,0.5,-0.0,-0.5,0.5,0.5,4,0,0,corrected_integrated_root
llama31_instruct,1,loss,trait,AsSh,1,-1.0,0.5,0.5,1.0,0.0,0.5,0.0,0.5,-0.0,-0.5,0.5,0.5,4,0,0,corrected_integrated_root
llama31_instruct,1,loss,trait,BaAs,0,1.0,0.0,0.25,0.5,0.25,0.5,0.25,0.5,0.25,0.5,-0.25,0.0,4,1,1,corrected_integrated_root
llama31_instruct,1,loss,trait,BaBa,0,1.0,0.5,0.25,0.5,-0.25,0.0,0.25,0.0,-0.25,0.0,-0.25,0.5,4,1,0,corrected_integrated_root
llama31_instruct,1,loss,trait,BaCh,0,1.0,0.5,0.0,1.0,-0.5,0.5,0.5,0.5,-0.5,0.5,-1.0,0.5,4,2,0,corrected_integrated_root
llama31_instruct,1,loss,trait,BaCm,0,1.0,0.5,0.5,0.5,0.0,0.0,0.0,0.0,0.0,0.0,0.0,0.5,4,2,1,corrected_integrated_root
llama31_instruct,1,loss,trait,BaCo,0,1.0,0.25,0.5,0.5,0.25,0.25,0.25,0.25,0.25,0.25,0.0,0.25,4,3,2,corrected_integrated_root
llama31_instruct,1,loss,trait,BaDl,0,1.0,0.5,0.5,0.5,0.0,0.0,0.0,0.0,0.0,0.0,0.0,0.5,4,0,0,corrected_integrated_root
llama31_instruct,1,loss,trait,BaHa,0,1.0,0.25,0.0,0.5,-0.25,0.25,0.25,0.25,-0.25,0.25,-0.5,0.25,4,1,0,corrected_integrated_root
llama31_instruct,1,loss,trait,BaHr,0,1.0,0.0,0.5,0.5,0.5,0.5,0.5,0.5,0.5,0.5,0.0,0.0,4,2,2,corrected_integrated_root
llama31_instruct,1,loss,trait,BaNc,0,1.0,0.25,0.25,0.75,0.0,0.5,0.0,0.5,0.0,0.5,-0.5,0.25,4,0,0,corrected_integrated_root
llama31_instruct,1,loss,trait,BaPc,0,1.0,0.25,0.5,0.5,0.25,0.25,0.25,0.25,0.25,0.25,0.0,0.25,4,3,2,corrected_integrated_root
llama31_instruct,1,loss,trait,BaPd,0,1.0,0.5,0.5,0.75,0.0,0.25,0.0,0.25,0.0,0.25,-0.25,0.5,4,0,0,corrected_integrated_root
llama31_instruct,1,loss,trait,BaSh,0,1.0,0.25,0.5,0.5,0.25,0.25,0.25,0.25,0.25,0.25,0.0,0.25,4,1,1,corrected_integrated_root
llama31_instruct,1,loss,trait,ChAs,0,1.0,0.0,0.5,0.5,0.5,0.5,0.5,0.5,0.5,0.5,0.0,0.0,4,2,2,corrected_integrated_root
llama31_instruct,1,loss,trait,ChBa,0,1.0,0.5,0.5,0.5,0.0,0.0,0.0,0.0,0.0,0.0,0.0,0.5,4,2,1,corrected_integrated_root
llama31_instruct,1,loss,trait,ChCh,0,1.0,0.75,0.0,0.5,-0.75,-0.25,0.75,0.25,-0.75,-0.25,-0.5,0.75,4,3,0,corrected_integrated_root
llama31_instruct,1,loss,trait,ChCm,0,1.0,0.75,0.5,0.5,-0.25,-0.25,0.25,0.25,-0.25,-0.25,0.0,0.75,4,3,1,corrected_integrated_root
llama31_instruct,1,loss,trait,ChCo,0,1.0,0.5,0.5,0.5,0.0,0.0,0.0,0.0,0.0,0.0,0.0,0.5,4,2,1,corrected_integrated_root
llama31_instruct,1,loss,trait,ChDl,0,1.0,0.25,0.5,0.5,0.25,0.25,0.25,0.25,0.25,0.25,0.0,0.25,4,3,2,corrected_integrated_root
llama31_instruct,1,loss,trait,ChHa,0,1.0,0.0,0.5,0.5,0.5,0.5,0.5,0.5,0.5,0.5,0.0,0.0,4,2,2,corrected_integrated_root
llama31_instruct,1,loss,trait,ChHr,0,1.0,0.25,0.5,0.5,0.25,0.25,0.25,0.25,0.25,0.25,0.0,0.25,4,3,2,corrected_integrated_root
llama31_instruct,1,loss,trait,ChNc,0,1.0,0.0,0.0,0.5,0.0,0.5,0.0,0.5,0.0,0.5,-0.5,0.0,4,0,0,corrected_integrated_root
llama31_instruct,1,loss,trait,ChPc,0,1.0,0.25,0.5,0.5,0.25,0.25,0.25,0.25,0.25,0.25,0.0,0.25,4,3,2,corrected_integrated_root
llama31_instruct,1,loss,trait,ChPd,0,1.0,0.5,0.5,0.5,0.0,0.0,0.0,0.0,0.0,0.0,0.0,0.5,4,0,0,corrected_integrated_root
llama31_instruct,1,loss,trait,ChSh,0,1.0,0.5,0.0,0.5,-0.5,0.0,0.5,0.0,-0.5,0.0,-0.5,0.5,4,2,0,corrected_integrated_root
llama31_instruct,1,loss,trait,CmAs,1,-2.0,0.0,0.5,0.0,0.5,0.0,0.5,0.0,-0.5,-0.0,-0.5,1.0,4,2,0,corrected_integrated_root
llama31_instruct,1,loss,trait,CmBa,1,-2.0,0.0,0.5,0.0,0.5,0.0,0.5,0.0,-0.5,-0.0,-0.5,1.0,4,2,0,corrected_integrated_root
llama31_instruct,1,loss,trait,CmCh,1,-2.0,0.0,0.5,0.0,0.5,0.0,0.5,0.0,-0.5,-0.0,-0.5,1.0,4,2,0,corrected_integrated_root
llama31_instruct,1,loss,trait,CmCm,1,-2.0,0.0,0.25,0.0,0.25,0.0,0.25,0.0,-0.25,-0.0,-0.25,1.0,4,1,0,corrected_integrated_root
llama31_instruct,1,loss,trait,CmCo,1,-2.0,0.0,0.0,0.0,0.0,0.0,0.0,0.0,-0.0,-0.0,-0.0,1.0,4,0,0,corrected_integrated_root
llama31_instruct,1,loss,trait,CmDl,1,-2.0,0.0,0.25,0.0,0.25,0.0,0.25,0.0,-0.25,-0.0,-0.25,1.0,4,1,0,corrected_integrated_root
llama31_instruct,1,loss,trait,CmHa,1,-2.0,0.0,0.5,0.0,0.5,0.0,0.5,0.0,-0.5,-0.0,-0.5,1.0,4,2,0,corrected_integrated_root
llama31_instruct,1,loss,trait,CmHr,1,-2.0,0.0,0.5,0.0,0.5,0.0,0.5,0.0,-0.5,-0.0,-0.5,1.0,4,2,0,corrected_integrated_root
llama31_instruct,1,loss,trait,CmNc,1,-2.0,0.0,0.25,0.0,0.25,0.0,0.25,0.0,-0.25,-0.0,-0.25,1.0,4,1,0,corrected_integrated_root
llama31_instruct,1,loss,trait,CmPc,1,-2.0,0.0,0.25,0.0,0.25,0.0,0.25,0.0,-0.25,-0.0,-0.25,1.0,4,1,0,corrected_integrated_root
llama31_instruct,1,loss,trait,CmPd,1,-2.0,0.0,0.25,0.0,0.25,0.0,0.25,0.0,-0.25,-0.0,-0.25,1.0,4,1,0,corrected_integrated_root
llama31_instruct,1,loss,trait,CmSh,1,-2.0,0.0,0.5,0.0,0.5,0.0,0.5,0.0,-0.5,-0.0,-0.5,1.0,4,2,0,corrected_integrated_root
llama31_instruct,1,loss,trait,CoAs,0,1.0,1.0,0.5,1.0,-0.5,0.0,0.5,0.0,-0.5,0.0,-0.5,1.0,4,2,0,corrected_integrated_root
llama31_instruct,1,loss,trait,CoBa,0,1.0,1.0,0.5,1.0,-0.5,0.0,0.5,0.0,-0.5,0.0,-0.5,1.0,4,2,0,corrected_integrated_root
llama31_instruct,1,loss,trait,CoCh,0,1.0,0.5,0.5,1.0,0.0,0.5,0.0,0.5,0.0,0.5,-0.5,0.5,4,0,0,corrected_integrated_root
llama31_instruct,1,loss,trait,CoCm,0,1.0,1.0,0.5,1.0,-0.5,0.0,0.5,0.0,-0.5,0.0,-0.5,1.0,4,2,0,corrected_integrated_root
llama31_instruct,1,loss,trait,CoCo,0,1.0,1.0,0.5,1.0,-0.5,0.0,0.5,0.0,-0.5,0.0,-0.5,1.0,4,2,0,corrected_integrated_root
llama31_instruct,1,loss,trait,CoDl,0,1.0,1.0,0.5,1.0,-0.5,0.0,0.5,0.0,-0.5,0.0,-0.5,1.0,4,2,0,corrected_integrated_root
llama31_instruct,1,loss,trait,CoHa,0,1.0,0.5,0.5,0.75,0.0,0.25,0.0,0.25,0.0,0.25,-0.25,0.5,4,0,0,corrected_integrated_root
llama31_instruct,1,loss,trait,CoHr,0,1.0,1.0,0.75,1.0,-0.25,0.0,0.25,0.0,-0.25,0.0,-0.25,1.0,4,1,0,corrected_integrated_root
llama31_instruct,1,loss,trait,CoNc,0,1.0,0.5,0.5,1.0,0.0,0.5,0.0,0.5,0.0,0.5,-0.5,0.5,4,0,0,corrected_integrated_root
llama31_instruct,1,loss,trait,CoPc,0,1.0,1.0,1.0,1.0,0.0,0.0,0.0,0.0,0.0,0.0,0.0,1.0,4,0,0,corrected_integrated_root
llama31_instruct,1,loss,trait,CoPd,0,1.0,0.5,0.5,1.0,0.0,0.5,0.0,0.5,0.0,0.5,-0.5,0.5,4,0,0,corrected_integrated_root
llama31_instruct,1,loss,trait,CoSh,0,1.0,0.75,0.5,1.0,-0.25,0.25,0.25,0.25,-0.25,0.25,-0.5,0.75,4,1,0,corrected_integrated_root
llama31_instruct,1,loss,trait,DlAs,1,-2.0,0.0,0.0,0.0,0.0,0.0,0.0,0.0,-0.0,-0.0,-0.0,1.0,4,0,0,corrected_integrated_root
llama31_instruct,1,loss,trait,DlBa,1,-2.0,0.0,0.25,0.0,0.25,0.0,0.25,0.0,-0.25,-0.0,-0.25,1.0,4,1,0,corrected_integrated_root
llama31_instruct,1,loss,trait,DlCh,1,-2.0,0.0,0.25,0.0,0.25,0.0,0.25,0.0,-0.25,-0.0,-0.25,1.0,4,1,0,corrected_integrated_root
llama31_instruct,1,loss,trait,DlCm,1,-2.0,0.0,0.25,0.0,0.25,0.0,0.25,0.0,-0.25,-0.0,-0.25,1.0,4,1,0,corrected_integrated_root
llama31_instruct,1,loss,trait,DlCo,1,-2.0,0.0,0.25,0.0,0.25,0.0,0.25,0.0,-0.25,-0.0,-0.25,1.0,4,1,0,corrected_integrated_root
llama31_instruct,1,loss,trait,DlDl,1,-2.0,0.0,0.25,0.0,0.25,0.0,0.25,0.0,-0.25,-0.0,-0.25,1.0,4,1,0,corrected_integrated_root
llama31_instruct,1,loss,trait,DlHa,1,-2.0,0.0,0.0,0.0,0.0,0.0,0.0,0.0,-0.0,-0.0,-0.0,1.0,4,0,0,corrected_integrated_root
llama31_instruct,1,loss,trait,DlHr,1,-2.0,0.0,0.5,0.0,0.5,0.0,0.5,0.0,-0.5,-0.0,-0.5,1.0,4,2,0,corrected_integrated_root
llama31_instruct,1,loss,trait,DlNc,1,-2.0,0.0,0.25,0.0,0.25,0.0,0.25,0.0,-0.25,-0.0,-0.25,1.0,4,1,0,corrected_integrated_root
llama31_instruct,1,loss,trait,DlPc,1,-2.0,0.0,0.5,0.0,0.5,0.0,0.5,0.0,-0.5,-0.0,-0.5,1.0,4,2,0,corrected_integrated_root
llama31_instruct,1,loss,trait,DlPd,1,-2.0,0.0,0.25,0.0,0.25,0.0,0.25,0.0,-0.25,-0.0,-0.25,1.0,4,1,0,corrected_integrated_root
llama31_instruct,1,loss,trait,DlSh,1,-2.0,0.0,0.25,0.0,0.25,0.0,0.25,0.0,-0.25,-0.0,-0.25,1.0,4,1,0,corrected_integrated_root
llama31_instruct,1,loss,trait,HaAs,0,2.0,1.0,0.75,1.0,-0.25,0.0,0.25,0.0,-0.25,0.0,-0.25,1.0,4,1,0,corrected_integrated_root
llama31_instruct,1,loss,trait,HaBa,0,2.0,0.75,0.5,1.0,-0.25,0.25,0.25,0.25,-0.25,0.25,-0.5,0.75,4,1,0,corrected_integrated_root
llama31_instruct,1,loss,trait,HaCh,0,2.0,1.0,0.25,1.0,-0.75,0.0,0.75,0.0,-0.75,0.0,-0.75,1.0,4,3,0,corrected_integrated_root
llama31_instruct,1,loss,trait,HaCm,0,2.0,1.0,0.5,1.0,-0.5,0.0,0.5,0.0,-0.5,0.0,-0.5,1.0,4,2,0,corrected_integrated_root
llama31_instruct,1,loss,trait,HaCo,0,2.0,1.0,0.5,1.0,-0.5,0.0,0.5,0.0,-0.5,0.0,-0.5,1.0,4,2,0,corrected_integrated_root
llama31_instruct,1,loss,trait,HaDl,0,2.0,0.75,0.5,1.0,-0.25,0.25,0.25,0.25,-0.25,0.25,-0.5,0.75,4,1,0,corrected_integrated_root
llama31_instruct,1,loss,trait,HaHa,0,2.0,1.0,0.5,1.0,-0.5,0.0,0.5,0.0,-0.5,0.0,-0.5,1.0,4,2,0,corrected_integrated_root
llama31_instruct,1,loss,trait,HaHr,0,2.0,1.0,0.5,1.0,-0.5,0.0,0.5,0.0,-0.5,0.0,-0.5,1.0,4,2,0,corrected_integrated_root
llama31_instruct,1,loss,trait,HaNc,0,2.0,1.0,0.5,1.0,-0.5,0.0,0.5,0.0,-0.5,0.0,-0.5,1.0,4,2,0,corrected_integrated_root
llama31_instruct,1,loss,trait,HaPc,0,2.0,1.0,0.75,1.0,-0.25,0.0,0.25,0.0,-0.25,0.0,-0.25,1.0,4,1,0,corrected_integrated_root
llama31_instruct,1,loss,trait,HaPd,0,2.0,1.0,0.5,1.0,-0.5,0.0,0.5,0.0,-0.5,0.0,-0.5,1.0,4,2,0,corrected_integrated_root
llama31_instruct,1,loss,trait,HaSh,0,2.0,1.0,0.5,1.0,-0.5,0.0,0.5,0.0,-0.5,0.0,-0.5,1.0,4,2,0,corrected_integrated_root
llama31_instruct,1,loss,trait,HrAs,1,-1.0,0.0,0.5,0.0,0.5,0.0,0.5,0.0,-0.5,-0.0,-0.5,1.0,4,2,0,corrected_integrated_root
llama31_instruct,1,loss,trait,HrBa,1,-1.0,0.0,0.5,0.0,0.5,0.0,0.5,0.0,-0.5,-0.0,-0.5,1.0,4,2,0,corrected_integrated_root
llama31_instruct,1,loss,trait,HrCh,1,-1.0,0.0,0.5,0.0,0.5,0.0,0.5,0.0,-0.5,-0.0,-0.5,1.0,4,2,0,corrected_integrated_root
llama31_instruct,1,loss,trait,HrCm,1,-1.0,0.25,0.5,0.0,0.25,-0.25,0.25,0.25,-0.25,0.25,-0.5,0.75,4,1,0,corrected_integrated_root
llama31_instruct,1,loss,trait,HrCo,1,-1.0,0.0,0.25,0.25,0.25,0.25,0.25,0.25,-0.25,-0.25,-0.0,1.0,4,1,0,corrected_integrated_root
llama31_instruct,1,loss,trait,HrDl,1,-1.0,0.25,0.25,0.0,0.0,-0.25,0.0,0.25,-0.0,0.25,-0.25,0.75,4,0,0,corrected_integrated_root
llama31_instruct,1,loss,trait,HrHa,1,-1.0,0.25,0.5,0.25,0.25,0.0,0.25,0.0,-0.25,-0.0,-0.25,0.75,4,3,1,corrected_integrated_root
llama31_instruct,1,loss,trait,HrHr,1,-1.0,0.0,0.5,0.0,0.5,0.0,0.5,0.0,-0.5,-0.0,-0.5,1.0,4,2,0,corrected_integrated_root
llama31_instruct,1,loss,trait,HrNc,1,-1.0,0.0,0.25,0.0,0.25,0.0,0.25,0.0,-0.25,-0.0,-0.25,1.0,4,1,0,corrected_integrated_root
llama31_instruct,1,loss,trait,HrPc,1,-1.0,0.0,0.0,0.25,0.0,0.25,0.0,0.25,-0.0,-0.25,0.25,1.0,4,0,0,corrected_integrated_root
llama31_instruct,1,loss,trait,HrPd,1,-1.0,0.25,0.25,0.0,0.0,-0.25,0.0,0.25,-0.0,0.25,-0.25,0.75,4,0,0,corrected_integrated_root
llama31_instruct,1,loss,trait,HrSh,1,-1.0,0.0,0.5,0.0,0.5,0.0,0.5,0.0,-0.5,-0.0,-0.5,1.0,4,2,0,corrected_integrated_root
llama31_instruct,1,loss,trait,NcAs,0,1.0,0.75,0.5,1.0,-0.25,0.25,0.25,0.25,-0.25,0.25,-0.5,0.75,4,1,0,corrected_integrated_root
llama31_instruct,1,loss,trait,NcBa,0,1.0,0.75,0.25,1.0,-0.5,0.25,0.5,0.25,-0.5,0.25,-0.75,0.75,4,2,0,corrected_integrated_root
llama31_instruct,1,loss,trait,NcCh,0,1.0,0.5,0.0,1.0,-0.5,0.5,0.5,0.5,-0.5,0.5,-1.0,0.5,4,2,0,corrected_integrated_root
llama31_instruct,1,loss,trait,NcCm,0,1.0,0.5,0.5,1.0,0.0,0.5,0.0,0.5,0.0,0.5,-0.5,0.5,4,0,0,corrected_integrated_root
llama31_instruct,1,loss,trait,NcCo,0,1.0,1.0,0.75,1.0,-0.25,0.0,0.25,0.0,-0.25,0.0,-0.25,1.0,4,1,0,corrected_integrated_root
llama31_instruct,1,loss,trait,NcDl,0,1.0,1.0,0.5,1.0,-0.5,0.0,0.5,0.0,-0.5,0.0,-0.5,1.0,4,2,0,corrected_integrated_root
llama31_instruct,1,loss,trait,NcHa,0,1.0,1.0,0.5,1.0,-0.5,0.0,0.5,0.0,-0.5,0.0,-0.5,1.0,4,2,0,corrected_integrated_root
llama31_instruct,1,loss,trait,NcHr,0,1.0,0.5,0.5,1.0,0.0,0.5,0.0,0.5,0.0,0.5,-0.5,0.5,4,0,0,corrected_integrated_root
llama31_instruct,1,loss,trait,NcNc,0,1.0,0.75,0.5,1.0,-0.25,0.25,0.25,0.25,-0.25,0.25,-0.5,0.75,4,1,0,corrected_integrated_root
llama31_instruct,1,loss,trait,NcPc,0,1.0,1.0,0.5,1.0,-0.5,0.0,0.5,0.0,-0.5,0.0,-0.5,1.0,4,2,0,corrected_integrated_root
llama31_instruct,1,loss,trait,NcPd,0,1.0,0.5,0.25,1.0,-0.25,0.5,0.25,0.5,-0.25,0.5,-0.75,0.5,4,1,0,corrected_integrated_root
llama31_instruct,1,loss,trait,NcSh,0,1.0,0.75,0.5,1.0,-0.25,0.25,0.25,0.25,-0.25,0.25,-0.5,0.75,4,1,0,corrected_integrated_root
llama31_instruct,1,loss,trait,PcAs,0,2.0,1.0,0.75,1.0,-0.25,0.0,0.25,0.0,-0.25,0.0,-0.25,1.0,4,1,0,corrected_integrated_root
llama31_instruct,1,loss,trait,PcBa,0,2.0,1.0,0.5,1.0,-0.5,0.0,0.5,0.0,-0.5,0.0,-0.5,1.0,4,2,0,corrected_integrated_root
llama31_instruct,1,loss,trait,PcCh,0,2.0,1.0,0.25,1.0,-0.75,0.0,0.75,0.0,-0.75,0.0,-0.75,1.0,4,3,0,corrected_integrated_root
llama31_instruct,1,loss,trait,PcCm,0,2.0,1.0,0.5,1.0,-0.5,0.0,0.5,0.0,-0.5,0.0,-0.5,1.0,4,2,0,corrected_integrated_root
llama31_instruct,1,loss,trait,PcCo,0,2.0,1.0,0.75,1.0,-0.25,0.0,0.25,0.0,-0.25,0.0,-0.25,1.0,4,1,0,corrected_integrated_root
llama31_instruct,1,loss,trait,PcDl,0,2.0,1.0,0.5,1.0,-0.5,0.0,0.5,0.0,-0.5,0.0,-0.5,1.0,4,2,0,corrected_integrated_root
llama31_instruct,1,loss,trait,PcHa,0,2.0,1.0,0.75,1.0,-0.25,0.0,0.25,0.0,-0.25,0.0,-0.25,1.0,4,1,0,corrected_integrated_root
llama31_instruct,1,loss,trait,PcHr,0,2.0,1.0,0.5,1.0,-0.5,0.0,0.5,0.0,-0.5,0.0,-0.5,1.0,4,2,0,corrected_integrated_root
llama31_instruct,1,loss,trait,PcNc,0,2.0,1.0,0.5,1.0,-0.5,0.0,0.5,0.0,-0.5,0.0,-0.5,1.0,4,2,0,corrected_integrated_root
llama31_instruct,1,loss,trait,PcPc,0,2.0,1.0,0.25,1.0,-0.75,0.0,0.75,0.0,-0.75,0.0,-0.75,1.0,4,3,0,corrected_integrated_root
llama31_instruct,1,loss,trait,PcPd,0,2.0,1.0,0.5,1.0,-0.5,0.0,0.5,0.0,-0.5,0.0,-0.5,1.0,4,2,0,corrected_integrated_root
llama31_instruct,1,loss,trait,PcSh,0,2.0,1.0,0.5,1.0,-0.5,0.0,0.5,0.0,-0.5,0.0,-0.5,1.0,4,2,0,corrected_integrated_root
llama31_instruct,1,loss,trait,PdAs,1,-1.0,0.0,0.25,0.25,0.25,0.25,0.25,0.25,-0.25,-0.25,-0.0,1.0,4,1,0,corrected_integrated_root
llama31_instruct,1,loss,trait,PdBa,1,-1.0,0.25,0.25,0.5,0.0,0.25,0.0,0.25,-0.0,-0.25,0.25,0.75,4,2,1,corrected_integrated_root
llama31_instruct,1,loss,trait,PdCh,1,-1.0,0.0,0.0,0.0,0.0,0.0,0.0,0.0,-0.0,-0.0,-0.0,1.0,4,0,0,corrected_integrated_root
llama31_instruct,1,loss,trait,PdCm,1,-1.0,0.75,0.5,0.5,-0.25,-0.25,0.25,0.25,0.25,0.25,-0.0,0.25,4,3,2,corrected_integrated_root
llama31_instruct,1,loss,trait,PdCo,1,-1.0,0.0,0.5,0.25,0.5,0.25,0.5,0.25,-0.5,-0.25,-0.25,1.0,4,2,0,corrected_integrated_root
llama31_instruct,1,loss,trait,PdDl,1,-1.0,0.5,0.25,0.5,-0.25,0.0,0.25,0.0,0.25,-0.0,0.25,0.5,4,3,2,corrected_integrated_root
llama31_instruct,1,loss,trait,PdHa,1,-1.0,0.0,0.25,0.25,0.25,0.25,0.25,0.25,-0.25,-0.25,-0.0,1.0,4,1,0,corrected_integrated_root
llama31_instruct,1,loss,trait,PdHr,1,-1.0,0.25,0.5,0.5,0.25,0.25,0.25,0.25,-0.25,-0.25,-0.0,0.75,4,3,1,corrected_integrated_root
llama31_instruct,1,loss,trait,PdNc,1,-1.0,0.0,0.0,0.0,0.0,0.0,0.0,0.0,-0.0,-0.0,-0.0,1.0,4,0,0,corrected_integrated_root
llama31_instruct,1,loss,trait,PdPc,1,-1.0,0.0,0.5,0.5,0.5,0.5,0.5,0.5,-0.5,-0.5,-0.0,1.0,4,2,0,corrected_integrated_root
llama31_instruct,1,loss,trait,PdPd,1,-1.0,0.0,0.0,0.5,0.0,0.5,0.0,0.5,-0.0,-0.5,0.5,1.0,4,0,0,corrected_integrated_root
llama31_instruct,1,loss,trait,PdSh,1,-1.0,0.0,0.0,0.0,0.0,0.0,0.0,0.0,-0.0,-0.0,-0.0,1.0,4,0,0,corrected_integrated_root
llama31_instruct,1,loss,trait,ShAs,1,-1.0,0.5,0.5,1.0,0.0,0.5,0.0,0.5,-0.0,-0.5,0.5,0.5,4,0,0,corrected_integrated_root
llama31_instruct,1,loss,trait,ShBa,1,-1.0,0.5,0.25,1.0,-0.25,0.5,0.25,0.5,0.25,-0.5,0.75,0.5,4,1,1,corrected_integrated_root
llama31_instruct,1,loss,trait,ShCh,1,-1.0,0.5,0.0,1.0,-0.5,0.5,0.5,0.5,0.5,-0.5,1.0,0.5,4,2,2,corrected_integrated_root
llama31_instruct,1,loss,trait,ShCm,1,-1.0,1.0,1.0,1.0,0.0,0.0,0.0,0.0,-0.0,-0.0,-0.0,0.0,4,0,0,corrected_integrated_root
llama31_instruct,1,loss,trait,ShCo,1,-1.0,0.5,0.75,1.0,0.25,0.5,0.25,0.5,-0.25,-0.5,0.25,0.5,4,1,0,corrected_integrated_root
llama31_instruct,1,loss,trait,ShDl,1,-1.0,0.5,0.5,1.0,0.0,0.5,0.0,0.5,-0.0,-0.5,0.5,0.5,4,0,0,corrected_integrated_root
llama31_instruct,1,loss,trait,ShHa,1,-1.0,0.5,0.5,1.0,0.0,0.5,0.0,0.5,-0.0,-0.5,0.5,0.5,4,0,0,corrected_integrated_root
llama31_instruct,1,loss,trait,ShHr,1,-1.0,0.5,0.0,1.0,-0.5,0.5,0.5,0.5,0.5,-0.5,1.0,0.5,4,2,2,corrected_integrated_root
llama31_instruct,1,loss,trait,ShNc,1,-1.0,0.5,0.25,0.75,-0.25,0.25,0.25,0.25,0.25,-0.25,0.5,0.5,4,1,1,corrected_integrated_root
llama31_instruct,1,loss,trait,ShPc,1,-1.0,0.5,0.5,1.0,0.0,0.5,0.0,0.5,-0.0,-0.5,0.5,0.5,4,0,0,corrected_integrated_root
llama31_instruct,1,loss,trait,ShPd,1,-1.0,0.5,0.0,1.0,-0.5,0.5,0.5,0.5,0.5,-0.5,1.0,0.5,4,2,2,corrected_integrated_root
llama31_instruct,1,loss,trait,ShSh,1,-1.0,0.5,0.25,1.0,-0.25,0.5,0.25,0.5,0.25,-0.5,0.75,0.5,4,1,1,corrected_integrated_root
llama31_instruct,1,inequity,trait,AsBa,1,-1.0,0.5,0.0,1.0,-0.5,0.5,0.5,0.5,0.5,-0.5,1.0,0.5,4,2,2,corrected_integrated_root
llama31_instruct,1,inequity,trait,AsCh,1,-1.0,0.5,0.0,1.0,-0.5,0.5,0.5,0.5,0.5,-0.5,1.0,0.5,4,2,2,corrected_integrated_root
llama31_instruct,1,inequity,trait,AsCm,1,-3.0,1.0,0.0,1.0,-1.0,0.0,1.0,0.0,1.0,-0.0,1.0,0.0,4,4,4,corrected_integrated_root
llama31_instruct,1,inequity,trait,AsDl,1,-2.0,0.5,0.0,1.0,-0.5,0.5,0.5,0.5,0.5,-0.5,1.0,0.5,4,2,2,corrected_integrated_root
llama31_instruct,1,inequity,trait,AsHa,0,1.0,0.5,0.75,0.25,0.25,-0.25,0.25,0.25,0.25,-0.25,0.5,0.5,4,1,1,corrected_integrated_root
llama31_instruct,1,inequity,trait,AsHr,1,-2.0,1.0,0.0,1.0,-1.0,0.0,1.0,0.0,1.0,-0.0,1.0,0.0,4,4,4,corrected_integrated_root
llama31_instruct,1,inequity,trait,AsPc,0,1.0,0.5,1.0,0.75,0.5,0.25,0.5,0.25,0.5,0.25,0.25,0.5,4,2,2,corrected_integrated_root
llama31_instruct,1,inequity,trait,AsPd,1,-1.0,0.5,0.0,1.0,-0.5,0.5,0.5,0.5,0.5,-0.5,1.0,0.5,4,2,2,corrected_integrated_root
llama31_instruct,1,inequity,trait,BaAs,0,1.0,0.0,0.5,0.5,0.5,0.5,0.5,0.5,0.5,0.5,0.0,0.0,4,2,2,corrected_integrated_root
llama31_instruct,1,inequity,trait,BaCm,0,1.0,0.5,0.5,0.5,0.0,0.0,0.0,0.0,0.0,0.0,0.0,0.5,4,2,1,corrected_integrated_root
llama31_instruct,1,inequity,trait,BaDl,0,2.0,0.5,1.0,0.5,0.5,0.0,0.5,0.0,0.5,0.0,0.5,0.5,4,2,2,corrected_integrated_root
llama31_instruct,1,inequity,trait,BaHa,1,-1.0,0.25,0.0,0.5,-0.25,0.25,0.25,0.25,0.25,-0.25,0.5,0.75,4,1,1,corrected_integrated_root
llama31_instruct,1,inequity,trait,BaPc,1,-1.0,0.25,0.0,0.5,-0.25,0.25,0.25,0.25,0.25,-0.25,0.5,0.75,4,1,1,corrected_integrated_root
llama31_instruct,1,inequity,trait,BaPd,0,1.0,0.5,0.5,0.75,0.0,0.25,0.0,0.25,0.0,0.25,-0.25,0.5,4,0,0,corrected_integrated_root
llama31_instruct,1,inequity,trait,BaSh,0,1.0,0.25,1.0,0.5,0.75,0.25,0.75,0.25,0.75,0.25,0.5,0.25,4,3,3,corrected_integrated_root
llama31_instruct,1,inequity,trait,ChAs,0,2.0,0.0,1.0,0.5,1.0,0.5,1.0,0.5,1.0,0.5,0.5,0.0,4,4,4,corrected_integrated_root
llama31_instruct,1,inequity,trait,ChBa,1,-1.0,0.5,0.0,0.5,-0.5,0.0,0.5,0.0,0.5,-0.0,0.5,0.5,4,2,2,corrected_integrated_root
llama31_instruct,1,inequity,trait,ChCo,0,1.0,0.5,0.5,0.5,0.0,0.0,0.0,0.0,0.0,0.0,0.0,0.5,4,2,1,corrected_integrated_root
llama31_instruct,1,inequity,trait,ChDl,0,1.0,0.25,0.75,0.5,0.5,0.25,0.5,0.25,0.5,0.25,0.25,0.25,4,4,3,corrected_integrated_root
llama31_instruct,1,inequity,trait,ChHr,1,-1.0,0.25,0.25,0.5,0.0,0.25,0.0,0.25,-0.0,-0.25,0.25,0.75,4,2,1,corrected_integrated_root
llama31_instruct,1,inequity,trait,ChPd,0,1.0,0.5,0.75,0.5,0.25,0.0,0.25,0.0,0.25,0.0,0.25,0.5,4,1,1,corrected_integrated_root
llama31_instruct,1,inequity,trait,ChSh,0,1.0,0.5,0.5,0.5,0.0,0.0,0.0,0.0,0.0,0.0,0.0,0.5,4,0,0,corrected_integrated_root
llama31_instruct,1,inequity,trait,CmCo,1,-1.0,0.0,0.0,0.0,0.0,0.0,0.0,0.0,-0.0,-0.0,-0.0,1.0,4,0,0,corrected_integrated_root
llama31_instruct,1,inequity,trait,CmPc,1,-1.0,0.0,0.0,0.0,0.0,0.0,0.0,0.0,-0.0,-0.0,-0.0,1.0,4,0,0,corrected_integrated_root
llama31_instruct,1,inequity,trait,CoCm,1,-2.0,1.0,0.0,1.0,-1.0,0.0,1.0,0.0,1.0,-0.0,1.0,0.0,4,4,4,corrected_integrated_root
llama31_instruct,1,inequity,trait,CoDl,1,-2.0,1.0,0.0,1.0,-1.0,0.0,1.0,0.0,1.0,-0.0,1.0,0.0,4,4,4,corrected_integrated_root
llama31_instruct,1,inequity,trait,CoHa,0,2.0,0.5,1.0,0.75,0.5,0.25,0.5,0.25,0.5,0.25,0.25,0.5,4,2,2,corrected_integrated_root
llama31_instruct,1,inequity,trait,CoHr,1,-1.0,1.0,0.5,1.0,-0.5,0.0,0.5,0.0,0.5,-0.0,0.5,0.0,4,2,2,corrected_integrated_root
llama31_instruct,1,inequity,trait,CoNc,0,1.0,0.5,1.0,1.0,0.5,0.5,0.5,0.5,0.5,0.5,0.0,0.5,4,2,2,corrected_integrated_root
llama31_instruct,1,inequity,trait,CoPc,0,1.0,1.0,1.0,1.0,0.0,0.0,0.0,0.0,0.0,0.0,0.0,1.0,4,0,0,corrected_integrated_root
llama31_instruct,1,inequity,trait,CoPd,1,-1.0,0.5,0.0,1.0,-0.5,0.5,0.5,0.5,0.5,-0.5,1.0,0.5,4,2,2,corrected_integrated_root
llama31_instruct,1,inequity,trait,DlCm,1,-1.0,0.0,0.0,0.0,0.0,0.0,0.0,0.0,-0.0,-0.0,-0.0,1.0,4,0,0,corrected_integrated_root
llama31_instruct,1,inequity,trait,DlHr,1,-1.0,0.0,0.0,0.0,0.0,0.0,0.0,0.0,-0.0,-0.0,-0.0,1.0,4,0,0,corrected_integrated_root
llama31_instruct,1,inequity,trait,HaAs,0,1.0,1.0,1.0,1.0,0.0,0.0,0.0,0.0,0.0,0.0,0.0,1.0,4,0,0,corrected_integrated_root
llama31_instruct,1,inequity,trait,HaBa,1,-1.0,0.75,0.0,1.0,-0.75,0.25,0.75,0.25,0.75,-0.25,1.0,0.25,4,3,3,corrected_integrated_root
llama31_instruct,1,inequity,trait,HaCh,1,-1.0,1.0,0.0,1.0,-1.0,0.0,1.0,0.0,1.0,-0.0,1.0,0.0,4,4,4,corrected_integrated_root
llama31_instruct,1,inequity,trait,HaCm,1,-1.0,1.0,0.0,1.0,-1.0,0.0,1.0,0.0,1.0,-0.0,1.0,0.0,4,4,4,corrected_integrated_root
llama31_instruct,1,inequity,trait,HaHr,1,-1.0,1.0,0.5,1.0,-0.5,0.0,0.5,0.0,0.5,-0.0,0.5,0.0,4,2,2,corrected_integrated_root
llama31_instruct,1,inequity,trait,HaSh,0,1.0,1.0,1.0,1.0,0.0,0.0,0.0,0.0,0.0,0.0,0.0,1.0,4,0,0,corrected_integrated_root
llama31_instruct,1,inequity,trait,HrCm,0,1.0,0.25,0.5,0.0,0.25,-0.25,0.25,0.25,0.25,-0.25,0.5,0.25,4,1,1,corrected_integrated_root
llama31_instruct,1,inequity,trait,HrCo,1,-1.0,0.0,0.0,0.25,0.0,0.25,0.0,0.25,-0.0,-0.25,0.25,1.0,4,0,0,corrected_integrated_root
llama31_instruct,1,inequity,trait,HrDl,0,1.0,0.25,0.5,0.0,0.25,-0.25,0.25,0.25,0.25,-0.25,0.5,0.25,4,1,1,corrected_integrated_root
llama31_instruct,1,inequity,trait,HrHa,1,-1.0,0.25,0.0,0.25,-0.25,0.0,0.25,0.0,0.25,-0.0,0.25,0.75,4,1,1,corrected_integrated_root
llama31_instruct,1,inequity,trait,HrPc,1,-2.0,0.0,0.0,0.25,0.0,0.25,0.0,0.25,-0.0,-0.25,0.25,1.0,4,0,0,corrected_integrated_root
llama31_instruct,1,inequity,trait,NcAs,0,2.0,0.75,1.0,1.0,0.25,0.25,0.25,0.25,0.25,0.25,0.0,0.75,4,1,1,corrected_integrated_root
llama31_instruct,1,inequity,trait,NcBa,1,-2.0,0.75,0.0,1.0,-0.75,0.25,0.75,0.25,0.75,-0.25,1.0,0.25,4,3,3,corrected_integrated_root
llama31_instruct,1,inequity,trait,NcCh,1,-1.0,0.5,0.0,1.0,-0.5,0.5,0.5,0.5,0.5,-0.5,1.0,0.5,4,2,2,corrected_integrated_root
llama31_instruct,1,inequity,trait,NcCm,1,-1.0,0.5,0.5,1.0,0.0,0.5,0.0,0.5,-0.0,-0.5,0.5,0.5,4,0,0,corrected_integrated_root
llama31_instruct,1,inequity,trait,NcCo,0,1.0,1.0,0.75,1.0,-0.25,0.0,0.25,0.0,-0.25,0.0,-0.25,1.0,4,1,0,corrected_integrated_root
llama31_instruct,1,inequity,trait,NcHr,1,-2.0,0.5,0.0,1.0,-0.5,0.5,0.5,0.5,0.5,-0.5,1.0,0.5,4,2,2,corrected_integrated_root
llama31_instruct,1,inequity,trait,NcSh,0,1.0,0.75,0.5,1.0,-0.25,0.25,0.25,0.25,-0.25,0.25,-0.5,0.75,4,1,0,corrected_integrated_root
llama31_instruct,1,inequity,trait,PcCm,1,-1.0,1.0,0.75,1.0,-0.25,0.0,0.25,0.0,0.25,-0.0,0.25,0.0,4,1,1,corrected_integrated_root
llama31_instruct,1,inequity,trait,PcDl,1,-1.0,1.0,0.0,1.0,-1.0,0.0,1.0,0.0,1.0,-0.0,1.0,0.0,4,4,4,corrected_integrated_root
llama31_instruct,1,inequity,trait,PcHa,0,1.0,1.0,1.0,1.0,0.0,0.0,0.0,0.0,0.0,0.0,0.0,1.0,4,0,0,corrected_integrated_root
llama31_instruct,1,inequity,trait,PcHr,1,-1.0,1.0,0.0,1.0,-1.0,0.0,1.0,0.0,1.0,-0.0,1.0,0.0,4,4,4,corrected_integrated_root
llama31_instruct,1,inequity,trait,PcNc,0,1.0,1.0,1.0,1.0,0.0,0.0,0.0,0.0,0.0,0.0,0.0,1.0,4,0,0,corrected_integrated_root
llama31_instruct,1,inequity,trait,PcPd,1,-1.0,1.0,0.0,1.0,-1.0,0.0,1.0,0.0,1.0,-0.0,1.0,0.0,4,4,4,corrected_integrated_root
llama31_instruct,1,inequity,trait,PdAs,0,1.0,0.0,0.5,0.25,0.5,0.25,0.5,0.25,0.5,0.25,0.25,0.0,4,2,2,corrected_integrated_root
llama31_instruct,1,inequity,trait,PdBa,1,-1.0,0.25,0.0,0.5,-0.25,0.25,0.25,0.25,0.25,-0.25,0.5,0.75,4,1,1,corrected_integrated_root
llama31_instruct,1,inequity,trait,PdCm,1,-1.0,0.75,0.0,0.5,-0.75,-0.25,0.75,0.25,0.75,0.25,0.5,0.25,4,3,3,corrected_integrated_root
llama31_instruct,1,inequity,trait,PdCo,0,1.0,0.0,1.0,0.25,1.0,0.25,1.0,0.25,1.0,0.25,0.75,0.0,4,4,4,corrected_integrated_root
llama31_instruct,1,inequity,trait,PdHr,1,-2.0,0.25,0.0,0.5,-0.25,0.25,0.25,0.25,0.25,-0.25,0.5,0.75,4,1,1,corrected_integrated_root
llama31_instruct,1,inequity,trait,ShAs,0,1.0,0.5,0.75,1.0,0.25,0.5,0.25,0.5,0.25,0.5,-0.25,0.5,4,1,1,corrected_integrated_root
llama31_instruct,1,inequity,trait,ShBa,1,-2.0,0.5,0.0,1.0,-0.5,0.5,0.5,0.5,0.5,-0.5,1.0,0.5,4,2,2,corrected_integrated_root
llama31_instruct,1,inequity,trait,ShCh,1,-1.0,0.5,0.0,1.0,-0.5,0.5,0.5,0.5,0.5,-0.5,1.0,0.5,4,2,2,corrected_integrated_root
llama31_instruct,1,inequity,trait,ShCm,1,-2.0,1.0,0.0,1.0,-1.0,0.0,1.0,0.0,1.0,-0.0,1.0,0.0,4,4,4,corrected_integrated_root
llama31_instruct,1,inequity,trait,ShCo,0,1.0,0.5,1.0,1.0,0.5,0.5,0.5,0.5,0.5,0.5,0.0,0.5,4,2,2,corrected_integrated_root
llama31_instruct,1,inequity,trait,ShDl,1,-1.0,0.5,0.0,1.0,-0.5,0.5,0.5,0.5,0.5,-0.5,1.0,0.5,4,2,2,corrected_integrated_root
llama31_instruct,1,inequity,trait,ShHr,1,-3.0,0.5,0.0,1.0,-0.5,0.5,0.5,0.5,0.5,-0.5,1.0,0.5,4,2,2,corrected_integrated_root
llama31_instruct,1,inequity,trait,ShPd,1,-1.0,0.5,0.0,1.0,-0.5,0.5,0.5,0.5,0.5,-0.5,1.0,0.5,4,2,2,corrected_integrated_root
llama31_instruct,1,selfish,trait,CmAs,1,-2.0,0.0,0.0,0.0,0.0,0.0,0.0,0.0,-0.0,-0.0,-0.0,1.0,4,0,0,corrected_integrated_root
llama31_instruct,1,selfish,trait,CmBa,1,-2.0,0.0,0.25,0.0,0.25,0.0,0.25,0.0,-0.25,-0.0,-0.25,1.0,4,1,0,corrected_integrated_root
llama31_instruct,1,selfish,trait,CmCh,1,-2.0,0.0,0.0,0.0,0.0,0.0,0.0,0.0,-0.0,-0.0,-0.0,1.0,4,0,0,corrected_integrated_root
llama31_instruct,1,selfish,trait,CmCm,1,-2.0,0.0,0.0,0.0,0.0,0.0,0.0,0.0,-0.0,-0.0,-0.0,1.0,4,0,0,corrected_integrated_root
llama31_instruct,1,selfish,trait,CmCo,1,-2.0,0.0,0.0,0.0,0.0,0.0,0.0,0.0,-0.0,-0.0,-0.0,1.0,4,0,0,corrected_integrated_root
llama31_instruct,1,selfish,trait,CmDl,1,-2.0,0.0,0.0,0.0,0.0,0.0,0.0,0.0,-0.0,-0.0,-0.0,1.0,4,0,0,corrected_integrated_root
llama31_instruct,1,selfish,trait,CmHa,1,-2.0,0.0,0.0,0.0,0.0,0.0,0.0,0.0,-0.0,-0.0,-0.0,1.0,4,0,0,corrected_integrated_root
llama31_instruct,1,selfish,trait,CmHr,1,-2.0,0.0,0.0,0.0,0.0,0.0,0.0,0.0,-0.0,-0.0,-0.0,1.0,4,0,0,corrected_integrated_root
llama31_instruct,1,selfish,trait,CmNc,1,-2.0,0.0,0.0,0.0,0.0,0.0,0.0,0.0,-0.0,-0.0,-0.0,1.0,4,0,0,corrected_integrated_root
llama31_instruct,1,selfish,trait,CmPc,1,-2.0,0.0,0.0,0.0,0.0,0.0,0.0,0.0,-0.0,-0.0,-0.0,1.0,4,0,0,corrected_integrated_root
llama31_instruct,1,selfish,trait,CmPd,1,-2.0,0.0,0.0,0.0,0.0,0.0,0.0,0.0,-0.0,-0.0,-0.0,1.0,4,0,0,corrected_integrated_root
llama31_instruct,1,selfish,trait,CmSh,1,-2.0,0.0,0.0,0.0,0.0,0.0,0.0,0.0,-0.0,-0.0,-0.0,1.0,4,0,0,corrected_integrated_root
llama31_instruct,1,selfish,trait,CoAs,0,1.0,1.0,1.0,1.0,0.0,0.0,0.0,0.0,0.0,0.0,0.0,1.0,4,0,0,corrected_integrated_root
llama31_instruct,1,selfish,trait,CoBa,0,1.0,1.0,1.0,1.0,0.0,0.0,0.0,0.0,0.0,0.0,0.0,1.0,4,0,0,corrected_integrated_root
llama31_instruct,1,selfish,trait,CoCh,0,1.0,0.5,1.0,1.0,0.5,0.5,0.5,0.5,0.5,0.5,0.0,0.5,4,2,2,corrected_integrated_root
llama31_instruct,1,selfish,trait,CoCm,0,1.0,1.0,1.0,1.0,0.0,0.0,0.0,0.0,0.0,0.0,0.0,1.0,4,0,0,corrected_integrated_root
llama31_instruct,1,selfish,trait,CoCo,0,1.0,1.0,1.0,1.0,0.0,0.0,0.0,0.0,0.0,0.0,0.0,1.0,4,0,0,corrected_integrated_root
llama31_instruct,1,selfish,trait,CoDl,0,1.0,1.0,1.0,1.0,0.0,0.0,0.0,0.0,0.0,0.0,0.0,1.0,4,0,0,corrected_integrated_root
llama31_instruct,1,selfish,trait,CoHa,0,1.0,0.5,1.0,0.75,0.5,0.25,0.5,0.25,0.5,0.25,0.25,0.5,4,2,2,corrected_integrated_root
llama31_instruct,1,selfish,trait,CoHr,0,1.0,1.0,1.0,1.0,0.0,0.0,0.0,0.0,0.0,0.0,0.0,1.0,4,0,0,corrected_integrated_root
llama31_instruct,1,selfish,trait,CoNc,0,1.0,0.5,1.0,1.0,0.5,0.5,0.5,0.5,0.5,0.5,0.0,0.5,4,2,2,corrected_integrated_root
llama31_instruct,1,selfish,trait,CoPc,0,1.0,1.0,1.0,1.0,0.0,0.0,0.0,0.0,0.0,0.0,0.0,1.0,4,0,0,corrected_integrated_root
llama31_instruct,1,selfish,trait,CoPd,0,1.0,0.5,1.0,1.0,0.5,0.5,0.5,0.5,0.5,0.5,0.0,0.5,4,2,2,corrected_integrated_root
llama31_instruct,1,selfish,trait,CoSh,0,1.0,0.75,1.0,1.0,0.25,0.25,0.25,0.25,0.25,0.25,0.0,0.75,4,1,1,corrected_integrated_root
llama31_instruct,1,selfish,trait,DlAs,1,-2.0,0.0,0.0,0.0,0.0,0.0,0.0,0.0,-0.0,-0.0,-0.0,1.0,4,0,0,corrected_integrated_root
llama31_instruct,1,selfish,trait,DlBa,1,-2.0,0.0,0.0,0.0,0.0,0.0,0.0,0.0,-0.0,-0.0,-0.0,1.0,4,0,0,corrected_integrated_root
llama31_instruct,1,selfish,trait,DlCh,1,-2.0,0.0,0.0,0.0,0.0,0.0,0.0,0.0,-0.0,-0.0,-0.0,1.0,4,0,0,corrected_integrated_root
llama31_instruct,1,selfish,trait,DlCm,1,-2.0,0.0,0.0,0.0,0.0,0.0,0.0,0.0,-0.0,-0.0,-0.0,1.0,4,0,0,corrected_integrated_root
llama31_instruct,1,selfish,trait,DlCo,1,-2.0,0.0,0.0,0.0,0.0,0.0,0.0,0.0,-0.0,-0.0,-0.0,1.0,4,0,0,corrected_integrated_root
llama31_instruct,1,selfish,trait,DlDl,1,-2.0,0.0,0.0,0.0,0.0,0.0,0.0,0.0,-0.0,-0.0,-0.0,1.0,4,0,0,corrected_integrated_root
llama31_instruct,1,selfish,trait,DlHa,1,-2.0,0.0,0.0,0.0,0.0,0.0,0.0,0.0,-0.0,-0.0,-0.0,1.0,4,0,0,corrected_integrated_root
llama31_instruct,1,selfish,trait,DlHr,1,-2.0,0.0,0.0,0.0,0.0,0.0,0.0,0.0,-0.0,-0.0,-0.0,1.0,4,0,0,corrected_integrated_root
llama31_instruct,1,selfish,trait,DlNc,1,-2.0,0.0,0.0,0.0,0.0,0.0,0.0,0.0,-0.0,-0.0,-0.0,1.0,4,0,0,corrected_integrated_root
llama31_instruct,1,selfish,trait,DlPc,1,-2.0,0.0,0.0,0.0,0.0,0.0,0.0,0.0,-0.0,-0.0,-0.0,1.0,4,0,0,corrected_integrated_root
llama31_instruct,1,selfish,trait,DlPd,1,-2.0,0.0,0.0,0.0,0.0,0.0,0.0,0.0,-0.0,-0.0,-0.0,1.0,4,0,0,corrected_integrated_root
llama31_instruct,1,selfish,trait,DlSh,1,-2.0,0.0,0.0,0.0,0.0,0.0,0.0,0.0,-0.0,-0.0,-0.0,1.0,4,0,0,corrected_integrated_root
llama31_instruct,1,selfish,trait,HaAs,0,2.0,1.0,1.0,1.0,0.0,0.0,0.0,0.0,0.0,0.0,0.0,1.0,4,0,0,corrected_integrated_root
llama31_instruct,1,selfish,trait,HaBa,0,2.0,0.75,1.0,1.0,0.25,0.25,0.25,0.25,0.25,0.25,0.0,0.75,4,1,1,corrected_integrated_root
llama31_instruct,1,selfish,trait,HaCh,0,2.0,1.0,1.0,1.0,0.0,0.0,0.0,0.0,0.0,0.0,0.0,1.0,4,0,0,corrected_integrated_root
llama31_instruct,1,selfish,trait,HaCm,0,2.0,1.0,1.0,1.0,0.0,0.0,0.0,0.0,0.0,0.0,0.0,1.0,4,0,0,corrected_integrated_root
llama31_instruct,1,selfish,trait,HaCo,0,2.0,1.0,1.0,1.0,0.0,0.0,0.0,0.0,0.0,0.0,0.0,1.0,4,0,0,corrected_integrated_root
llama31_instruct,1,selfish,trait,HaDl,0,2.0,0.75,1.0,1.0,0.25,0.25,0.25,0.25,0.25,0.25,0.0,0.75,4,1,1,corrected_integrated_root
llama31_instruct,1,selfish,trait,HaHa,0,2.0,1.0,1.0,1.0,0.0,0.0,0.0,0.0,0.0,0.0,0.0,1.0,4,0,0,corrected_integrated_root
llama31_instruct,1,selfish,trait,HaHr,0,2.0,1.0,1.0,1.0,0.0,0.0,0.0,0.0,0.0,0.0,0.0,1.0,4,0,0,corrected_integrated_root
llama31_instruct,1,selfish,trait,HaNc,0,2.0,1.0,1.0,1.0,0.0,0.0,0.0,0.0,0.0,0.0,0.0,1.0,4,0,0,corrected_integrated_root
llama31_instruct,1,selfish,trait,HaPc,0,2.0,1.0,1.0,1.0,0.0,0.0,0.0,0.0,0.0,0.0,0.0,1.0,4,0,0,corrected_integrated_root
llama31_instruct,1,selfish,trait,HaPd,0,2.0,1.0,1.0,1.0,0.0,0.0,0.0,0.0,0.0,0.0,0.0,1.0,4,0,0,corrected_integrated_root
llama31_instruct,1,selfish,trait,HaSh,0,2.0,1.0,1.0,1.0,0.0,0.0,0.0,0.0,0.0,0.0,0.0,1.0,4,0,0,corrected_integrated_root
llama31_instruct,1,selfish,trait,HrAs,1,-1.0,0.0,0.5,0.0,0.5,0.0,0.5,0.0,-0.5,-0.0,-0.5,1.0,4,2,0,corrected_integrated_root
llama31_instruct,1,selfish,trait,HrBa,1,-1.0,0.0,0.25,0.0,0.25,0.0,0.25,0.0,-0.25,-0.0,-0.25,1.0,4,1,0,corrected_integrated_root
llama31_instruct,1,selfish,trait,HrCh,1,-1.0,0.0,0.5,0.0,0.5,0.0,0.5,0.0,-0.5,-0.0,-0.5,1.0,4,2,0,corrected_integrated_root
llama31_instruct,1,selfish,trait,HrCm,1,-1.0,0.25,0.0,0.0,-0.25,-0.25,0.25,0.25,0.25,0.25,-0.0,0.75,4,1,1,corrected_integrated_root
llama31_instruct,1,selfish,trait,HrCo,1,-1.0,0.0,0.25,0.25,0.25,0.25,0.25,0.25,-0.25,-0.25,-0.0,1.0,4,1,0,corrected_integrated_root
llama31_instruct,1,selfish,trait,HrDl,1,-1.0,0.25,0.5,0.0,0.25,-0.25,0.25,0.25,-0.25,0.25,-0.5,0.75,4,1,0,corrected_integrated_root
llama31_instruct,1,selfish,trait,HrHa,1,-1.0,0.25,0.0,0.25,-0.25,0.0,0.25,0.0,0.25,-0.0,0.25,0.75,4,1,1,corrected_integrated_root
llama31_instruct,1,selfish,trait,HrHr,1,-1.0,0.0,0.0,0.0,0.0,0.0,0.0,0.0,-0.0,-0.0,-0.0,1.0,4,0,0,corrected_integrated_root
llama31_instruct,1,selfish,trait,HrNc,1,-1.0,0.0,0.0,0.0,0.0,0.0,0.0,0.0,-0.0,-0.0,-0.0,1.0,4,0,0,corrected_integrated_root
llama31_instruct,1,selfish,trait,HrPc,1,-1.0,0.0,0.0,0.25,0.0,0.25,0.0,0.25,-0.0,-0.25,0.25,1.0,4,0,0,corrected_integrated_root
llama31_instruct,1,selfish,trait,HrPd,1,-1.0,0.25,0.5,0.0,0.25,-0.25,0.25,0.25,-0.25,0.25,-0.5,0.75,4,1,0,corrected_integrated_root
llama31_instruct,1,selfish,trait,HrSh,1,-1.0,0.0,0.5,0.0,0.5,0.0,0.5,0.0,-0.5,-0.0,-0.5,1.0,4,2,0,corrected_integrated_root
llama31_instruct,1,selfish,trait,NcAs,0,1.0,0.75,1.0,1.0,0.25,0.25,0.25,0.25,0.25,0.25,0.0,0.75,4,1,1,corrected_integrated_root
llama31_instruct,1,selfish,trait,NcBa,0,1.0,0.75,1.0,1.0,0.25,0.25,0.25,0.25,0.25,0.25,0.0,0.75,4,1,1,corrected_integrated_root
llama31_instruct,1,selfish,trait,NcCh,0,1.0,0.5,1.0,1.0,0.5,0.5,0.5,0.5,0.5,0.5,0.0,0.5,4,2,2,corrected_integrated_root
llama31_instruct,1,selfish,trait,NcCm,0,1.0,0.5,1.0,1.0,0.5,0.5,0.5,0.5,0.5,0.5,0.0,0.5,4,2,2,corrected_integrated_root
llama31_instruct,1,selfish,trait,NcCo,0,1.0,1.0,1.0,1.0,0.0,0.0,0.0,0.0,0.0,0.0,0.0,1.0,4,0,0,corrected_integrated_root
llama31_instruct,1,selfish,trait,NcDl,0,1.0,1.0,1.0,1.0,0.0,0.0,0.0,0.0,0.0,0.0,0.0,1.0,4,0,0,corrected_integrated_root
llama31_instruct,1,selfish,trait,NcHa,0,1.0,1.0,1.0,1.0,0.0,0.0,0.0,0.0,0.0,0.0,0.0,1.0,4,0,0,corrected_integrated_root
llama31_instruct,1,selfish,trait,NcHr,0,1.0,0.5,1.0,1.0,0.5,0.5,0.5,0.5,0.5,0.5,0.0,0.5,4,2,2,corrected_integrated_root
llama31_instruct,1,selfish,trait,NcNc,0,1.0,0.75,1.0,1.0,0.25,0.25,0.25,0.25,0.25,0.25,0.0,0.75,4,1,1,corrected_integrated_root
llama31_instruct,1,selfish,trait,NcPc,0,1.0,1.0,1.0,1.0,0.0,0.0,0.0,0.0,0.0,0.0,0.0,1.0,4,0,0,corrected_integrated_root
llama31_instruct,1,selfish,trait,NcPd,0,1.0,0.5,1.0,1.0,0.5,0.5,0.5,0.5,0.5,0.5,0.0,0.5,4,2,2,corrected_integrated_root
llama31_instruct,1,selfish,trait,NcSh,0,1.0,0.75,1.0,1.0,0.25,0.25,0.25,0.25,0.25,0.25,0.0,0.75,4,1,1,corrected_integrated_root
llama31_instruct,1,selfish,trait,PcAs,0,2.0,1.0,1.0,1.0,0.0,0.0,0.0,0.0,0.0,0.0,0.0,1.0,4,0,0,corrected_integrated_root
llama31_instruct,1,selfish,trait,PcBa,0,2.0,1.0,1.0,1.0,0.0,0.0,0.0,0.0,0.0,0.0,0.0,1.0,4,0,0,corrected_integrated_root
llama31_instruct,1,selfish,trait,PcCh,0,2.0,1.0,1.0,1.0,0.0,0.0,0.0,0.0,0.0,0.0,0.0,1.0,4,0,0,corrected_integrated_root
llama31_instruct,1,selfish,trait,PcCm,0,2.0,1.0,1.0,1.0,0.0,0.0,0.0,0.0,0.0,0.0,0.0,1.0,4,0,0,corrected_integrated_root
llama31_instruct,1,selfish,trait,PcCo,0,2.0,1.0,1.0,1.0,0.0,0.0,0.0,0.0,0.0,0.0,0.0,1.0,4,0,0,corrected_integrated_root
llama31_instruct,1,selfish,trait,PcDl,0,2.0,1.0,1.0,1.0,0.0,0.0,0.0,0.0,0.0,0.0,0.0,1.0,4,0,0,corrected_integrated_root
llama31_instruct,1,selfish,trait,PcHa,0,2.0,1.0,1.0,1.0,0.0,0.0,0.0,0.0,0.0,0.0,0.0,1.0,4,0,0,corrected_integrated_root
llama31_instruct,1,selfish,trait,PcHr,0,2.0,1.0,1.0,1.0,0.0,0.0,0.0,0.0,0.0,0.0,0.0,1.0,4,0,0,corrected_integrated_root
llama31_instruct,1,selfish,trait,PcNc,0,2.0,1.0,1.0,1.0,0.0,0.0,0.0,0.0,0.0,0.0,0.0,1.0,4,0,0,corrected_integrated_root
llama31_instruct,1,selfish,trait,PcPc,0,2.0,1.0,1.0,1.0,0.0,0.0,0.0,0.0,0.0,0.0,0.0,1.0,4,0,0,corrected_integrated_root
llama31_instruct,1,selfish,trait,PcPd,0,2.0,1.0,1.0,1.0,0.0,0.0,0.0,0.0,0.0,0.0,0.0,1.0,4,0,0,corrected_integrated_root
llama31_instruct,1,selfish,trait,PcSh,0,2.0,1.0,1.0,1.0,0.0,0.0,0.0,0.0,0.0,0.0,0.0,1.0,4,0,0,corrected_integrated_root
llama31_instruct,1,selfish,trait,PdAs,1,-1.0,0.0,0.0,0.25,0.0,0.25,0.0,0.25,-0.0,-0.25,0.25,1.0,4,0,0,corrected_integrated_root
llama31_instruct,1,selfish,trait,PdBa,1,-1.0,0.25,0.0,0.5,-0.25,0.25,0.25,0.25,0.25,-0.25,0.5,0.75,4,1,1,corrected_integrated_root
llama31_instruct,1,selfish,trait,PdCh,1,-1.0,0.0,0.0,0.0,0.0,0.0,0.0,0.0,-0.0,-0.0,-0.0,1.0,4,0,0,corrected_integrated_root
llama31_instruct,1,selfish,trait,PdCm,1,-1.0,0.75,0.5,0.5,-0.25,-0.25,0.25,0.25,0.25,0.25,-0.0,0.25,4,3,2,corrected_integrated_root
llama31_instruct,1,selfish,trait,PdCo,1,-1.0,0.0,0.0,0.25,0.0,0.25,0.0,0.25,-0.0,-0.25,0.25,1.0,4,0,0,corrected_integrated_root
llama31_instruct,1,selfish,trait,PdDl,1,-1.0,0.5,0.0,0.5,-0.5,0.0,0.5,0.0,0.5,-0.0,0.5,0.5,4,2,2,corrected_integrated_root
llama31_instruct,1,selfish,trait,PdHa,1,-1.0,0.0,0.0,0.25,0.0,0.25,0.0,0.25,-0.0,-0.25,0.25,1.0,4,0,0,corrected_integrated_root
llama31_instruct,1,selfish,trait,PdHr,1,-1.0,0.25,0.0,0.5,-0.25,0.25,0.25,0.25,0.25,-0.25,0.5,0.75,4,1,1,corrected_integrated_root
llama31_instruct,1,selfish,trait,PdNc,1,-1.0,0.0,0.0,0.0,0.0,0.0,0.0,0.0,-0.0,-0.0,-0.0,1.0,4,0,0,corrected_integrated_root
llama31_instruct,1,selfish,trait,PdPc,1,-1.0,0.0,0.0,0.5,0.0,0.5,0.0,0.5,-0.0,-0.5,0.5,1.0,4,0,0,corrected_integrated_root
llama31_instruct,1,selfish,trait,PdPd,1,-1.0,0.0,0.0,0.5,0.0,0.5,0.0,0.5,-0.0,-0.5,0.5,1.0,4,0,0,corrected_integrated_root
llama31_instruct,1,selfish,trait,PdSh,1,-1.0,0.0,0.0,0.0,0.0,0.0,0.0,0.0,-0.0,-0.0,-0.0,1.0,4,0,0,corrected_integrated_root
llama31_instruct,1,maximin,rule,AsAs,1,-1.0,0.5,0.5,1.0,0.0,0.5,0.0,0.5,-0.0,-0.5,0.5,0.5,4,2,1,corrected_integrated_root
llama31_instruct,1,maximin,rule,AsBa,1,-1.0,0.5,0.75,1.0,0.25,0.5,0.25,0.5,-0.25,-0.5,0.25,0.5,4,1,0,corrected_integrated_root
llama31_instruct,1,maximin,rule,AsCh,1,-1.0,0.5,0.25,1.0,-0.25,0.5,0.25,0.5,0.25,-0.5,0.75,0.5,4,1,1,corrected_integrated_root
llama31_instruct,1,maximin,rule,AsCm,1,-1.0,1.0,0.75,1.0,-0.25,0.0,0.25,0.0,0.25,-0.0,0.25,0.0,4,1,1,corrected_integrated_root
llama31_instruct,1,maximin,rule,AsCo,1,-1.0,0.5,1.0,1.0,0.5,0.5,0.5,0.5,-0.5,-0.5,-0.0,0.5,4,2,0,corrected_integrated_root
llama31_instruct,1,maximin,rule,AsDl,1,-1.0,0.5,0.75,1.0,0.25,0.5,0.25,0.5,-0.25,-0.5,0.25,0.5,4,1,0,corrected_integrated_root
llama31_instruct,1,maximin,rule,AsHa,1,-1.0,0.5,0.75,0.25,0.25,-0.25,0.25,0.25,-0.25,0.25,-0.5,0.5,4,1,0,corrected_integrated_root
llama31_instruct,1,maximin,rule,AsHr,1,-1.0,1.0,0.75,1.0,-0.25,0.0,0.25,0.0,0.25,-0.0,0.25,0.0,4,1,1,corrected_integrated_root
llama31_instruct,1,maximin,rule,AsNc,1,-1.0,0.5,0.25,0.75,-0.25,0.25,0.25,0.25,0.25,-0.25,0.5,0.5,4,1,1,corrected_integrated_root
llama31_instruct,1,maximin,rule,AsPc,1,-1.0,0.5,0.25,0.75,-0.25,0.25,0.25,0.25,0.25,-0.25,0.5,0.5,4,3,2,corrected_integrated_root
llama31_instruct,1,maximin,rule,AsPd,1,-1.0,0.5,0.5,1.0,0.0,0.5,0.0,0.5,-0.0,-0.5,0.5,0.5,4,0,0,corrected_integrated_root
llama31_instruct,1,maximin,rule,AsSh,1,-1.0,0.5,0.75,1.0,0.25,0.5,0.25,0.5,-0.25,-0.5,0.25,0.5,4,1,0,corrected_integrated_root
llama31_instruct,1,maximin,rule,BaAs,0,1.0,0.0,0.25,0.5,0.25,0.5,0.25,0.5,0.25,0.5,-0.25,0.0,4,1,1,corrected_integrated_root
llama31_instruct,1,maximin,rule,BaBa,0,1.0,0.5,0.0,0.5,-0.5,0.0,0.5,0.0,-0.5,0.0,-0.5,0.5,4,2,0,corrected_integrated_root
llama31_instruct,1,maximin,rule,BaCh,0,1.0,0.5,0.0,1.0,-0.5,0.5,0.5,0.5,-0.5,0.5,-1.0,0.5,4,2,0,corrected_integrated_root
llama31_instruct,1,maximin,rule,BaCm,0,1.0,0.5,0.5,0.5,0.0,0.0,0.0,0.0,0.0,0.0,0.0,0.5,4,2,1,corrected_integrated_root
llama31_instruct,1,maximin,rule,BaCo,0,1.0,0.25,0.5,0.5,0.25,0.25,0.25,0.25,0.25,0.25,0.0,0.25,4,3,2,corrected_integrated_root
llama31_instruct,1,maximin,rule,BaDl,0,1.0,0.5,0.5,0.5,0.0,0.0,0.0,0.0,0.0,0.0,0.0,0.5,4,0,0,corrected_integrated_root
llama31_instruct,1,maximin,rule,BaHa,0,1.0,0.25,0.5,0.5,0.25,0.25,0.25,0.25,0.25,0.25,0.0,0.25,4,1,1,corrected_integrated_root
llama31_instruct,1,maximin,rule,BaHr,0,1.0,0.0,0.75,0.5,0.75,0.5,0.75,0.5,0.75,0.5,0.25,0.0,4,3,3,corrected_integrated_root
llama31_instruct,1,maximin,rule,BaNc,0,1.0,0.25,0.0,0.75,-0.25,0.5,0.25,0.5,-0.25,0.5,-0.75,0.25,4,1,0,corrected_integrated_root
llama31_instruct,1,maximin,rule,BaPc,0,1.0,0.25,0.75,0.5,0.5,0.25,0.5,0.25,0.5,0.25,0.25,0.25,4,2,2,corrected_integrated_root
llama31_instruct,1,maximin,rule,BaPd,0,1.0,0.5,0.25,0.75,-0.25,0.25,0.25,0.25,-0.25,0.25,-0.5,0.5,4,1,0,corrected_integrated_root
llama31_instruct,1,maximin,rule,BaSh,0,1.0,0.25,0.5,0.5,0.25,0.25,0.25,0.25,0.25,0.25,0.0,0.25,4,1,1,corrected_integrated_root
llama31_instruct,1,maximin,rule,ChAs,0,1.0,0.0,0.25,0.5,0.25,0.5,0.25,0.5,0.25,0.5,-0.25,0.0,4,1,1,corrected_integrated_root
llama31_instruct,1,maximin,rule,ChBa,0,1.0,0.5,0.0,0.5,-0.5,0.0,0.5,0.0,-0.5,0.0,-0.5,0.5,4,2,0,corrected_integrated_root
llama31_instruct,1,maximin,rule,ChCh,0,1.0,0.75,0.0,0.5,-0.75,-0.25,0.75,0.25,-0.75,-0.25,-0.5,0.75,4,3,0,corrected_integrated_root
llama31_instruct,1,maximin,rule,ChCm,0,1.0,0.75,0.5,0.5,-0.25,-0.25,0.25,0.25,-0.25,-0.25,0.0,0.75,4,1,0,corrected_integrated_root
llama31_instruct,1,maximin,rule,ChCo,0,1.0,0.5,0.5,0.5,0.0,0.0,0.0,0.0,0.0,0.0,0.0,0.5,4,0,0,corrected_integrated_root
llama31_instruct,1,maximin,rule,ChDl,0,1.0,0.25,0.5,0.5,0.25,0.25,0.25,0.25,0.25,0.25,0.0,0.25,4,3,2,corrected_integrated_root
llama31_instruct,1,maximin,rule,ChHa,0,1.0,0.0,0.25,0.5,0.25,0.5,0.25,0.5,0.25,0.5,-0.25,0.0,4,1,1,corrected_integrated_root
llama31_instruct,1,maximin,rule,ChHr,0,1.0,0.25,0.5,0.5,0.25,0.25,0.25,0.25,0.25,0.25,0.0,0.25,4,3,2,corrected_integrated_root
llama31_instruct,1,maximin,rule,ChNc,0,1.0,0.0,0.0,0.5,0.0,0.5,0.0,0.5,0.0,0.5,-0.5,0.0,4,0,0,corrected_integrated_root
llama31_instruct,1,maximin,rule,ChPc,0,1.0,0.25,0.75,0.5,0.5,0.25,0.5,0.25,0.5,0.25,0.25,0.25,4,2,2,corrected_integrated_root
llama31_instruct,1,maximin,rule,ChPd,0,1.0,0.5,0.5,0.5,0.0,0.0,0.0,0.0,0.0,0.0,0.0,0.5,4,0,0,corrected_integrated_root
llama31_instruct,1,maximin,rule,ChSh,0,1.0,0.5,0.0,0.5,-0.5,0.0,0.5,0.0,-0.5,0.0,-0.5,0.5,4,2,0,corrected_integrated_root
llama31_instruct,1,maximin,rule,CmAs,1,-2.0,0.0,0.25,0.0,0.25,0.0,0.25,0.0,-0.25,-0.0,-0.25,1.0,4,1,0,corrected_integrated_root
llama31_instruct,1,maximin,rule,CmBa,1,-2.0,0.0,0.0,0.0,0.0,0.0,0.0,0.0,-0.0,-0.0,-0.0,1.0,4,0,0,corrected_integrated_root
llama31_instruct,1,maximin,rule,CmCh,1,-2.0,0.0,0.5,0.0,0.5,0.0,0.5,0.0,-0.5,-0.0,-0.5,1.0,4,2,0,corrected_integrated_root
llama31_instruct,1,maximin,rule,CmCm,1,-2.0,0.0,0.0,0.0,0.0,0.0,0.0,0.0,-0.0,-0.0,-0.0,1.0,4,0,0,corrected_integrated_root
llama31_instruct,1,maximin,rule,CmCo,1,-2.0,0.0,0.25,0.0,0.25,0.0,0.25,0.0,-0.25,-0.0,-0.25,1.0,4,1,0,corrected_integrated_root
llama31_instruct,1,maximin,rule,CmDl,1,-2.0,0.0,0.25,0.0,0.25,0.0,0.25,0.0,-0.25,-0.0,-0.25,1.0,4,1,0,corrected_integrated_root
llama31_instruct,1,maximin,rule,CmHa,1,-2.0,0.0,0.0,0.0,0.0,0.0,0.0,0.0,-0.0,-0.0,-0.0,1.0,4,0,0,corrected_integrated_root
llama31_instruct,1,maximin,rule,CmHr,1,-2.0,0.0,0.25,0.0,0.25,0.0,0.25,0.0,-0.25,-0.0,-0.25,1.0,4,1,0,corrected_integrated_root
llama31_instruct,1,maximin,rule,CmNc,1,-2.0,0.0,0.25,0.0,0.25,0.0,0.25,0.0,-0.25,-0.0,-0.25,1.0,4,1,0,corrected_integrated_root
llama31_instruct,1,maximin,rule,CmPc,1,-2.0,0.0,0.25,0.0,0.25,0.0,0.25,0.0,-0.25,-0.0,-0.25,1.0,4,1,0,corrected_integrated_root
llama31_instruct,1,maximin,rule,CmPd,1,-2.0,0.0,0.0,0.0,0.0,0.0,0.0,0.0,-0.0,-0.0,-0.0,1.0,4,0,0,corrected_integrated_root
llama31_instruct,1,maximin,rule,CmSh,1,-2.0,0.0,0.0,0.0,0.0,0.0,0.0,0.0,-0.0,-0.0,-0.0,1.0,4,0,0,corrected_integrated_root
llama31_instruct,1,maximin,rule,CoAs,0,1.0,1.0,1.0,1.0,0.0,0.0,0.0,0.0,0.0,0.0,0.0,1.0,4,0,0,corrected_integrated_root
llama31_instruct,1,maximin,rule,CoBa,0,1.0,1.0,0.5,1.0,-0.5,0.0,0.5,0.0,-0.5,0.0,-0.5,1.0,4,2,0,corrected_integrated_root
llama31_instruct,1,maximin,rule,CoCh,0,1.0,0.5,1.0,1.0,0.5,0.5,0.5,0.5,0.5,0.5,0.0,0.5,4,2,2,corrected_integrated_root
llama31_instruct,1,maximin,rule,CoCm,0,1.0,1.0,0.25,1.0,-0.75,0.0,0.75,0.0,-0.75,0.0,-0.75,1.0,4,3,0,corrected_integrated_root
llama31_instruct,1,maximin,rule,CoCo,0,1.0,1.0,0.75,1.0,-0.25,0.0,0.25,0.0,-0.25,0.0,-0.25,1.0,4,1,0,corrected_integrated_root
llama31_instruct,1,maximin,rule,CoDl,0,1.0,1.0,0.75,1.0,-0.25,0.0,0.25,0.0,-0.25,0.0,-0.25,1.0,4,1,0,corrected_integrated_root
llama31_instruct,1,maximin,rule,CoHa,0,1.0,0.5,0.75,0.75,0.25,0.25,0.25,0.25,0.25,0.25,0.0,0.5,4,1,1,corrected_integrated_root
llama31_instruct,1,maximin,rule,CoHr,0,1.0,1.0,0.5,1.0,-0.5,0.0,0.5,0.0,-0.5,0.0,-0.5,1.0,4,2,0,corrected_integrated_root
llama31_instruct,1,maximin,rule,CoNc,0,1.0,0.5,0.5,1.0,0.0,0.5,0.0,0.5,0.0,0.5,-0.5,0.5,4,2,1,corrected_integrated_root
llama31_instruct,1,maximin,rule,CoPc,0,1.0,1.0,0.75,1.0,-0.25,0.0,0.25,0.0,-0.25,0.0,-0.25,1.0,4,1,0,corrected_integrated_root
llama31_instruct,1,maximin,rule,CoPd,0,1.0,0.5,0.75,1.0,0.25,0.5,0.25,0.5,0.25,0.5,-0.25,0.5,4,1,1,corrected_integrated_root
llama31_instruct,1,maximin,rule,CoSh,0,1.0,0.75,0.75,1.0,0.0,0.25,0.0,0.25,0.0,0.25,-0.25,0.75,4,2,1,corrected_integrated_root
llama31_instruct,1,maximin,rule,DlAs,1,-2.0,0.0,0.5,0.0,0.5,0.0,0.5,0.0,-0.5,-0.0,-0.5,1.0,4,2,0,corrected_integrated_root
llama31_instruct,1,maximin,rule,DlBa,1,-2.0,0.0,0.0,0.0,0.0,0.0,0.0,0.0,-0.0,-0.0,-0.0,1.0,4,0,0,corrected_integrated_root
llama31_instruct,1,maximin,rule,DlCh,1,-2.0,0.0,0.5,0.0,0.5,0.0,0.5,0.0,-0.5,-0.0,-0.5,1.0,4,2,0,corrected_integrated_root
llama31_instruct,1,maximin,rule,DlCm,1,-2.0,0.0,0.25,0.0,0.25,0.0,0.25,0.0,-0.25,-0.0,-0.25,1.0,4,1,0,corrected_integrated_root
llama31_instruct,1,maximin,rule,DlCo,1,-2.0,0.0,0.5,0.0,0.5,0.0,0.5,0.0,-0.5,-0.0,-0.5,1.0,4,2,0,corrected_integrated_root
llama31_instruct,1,maximin,rule,DlDl,1,-2.0,0.0,0.5,0.0,0.5,0.0,0.5,0.0,-0.5,-0.0,-0.5,1.0,4,2,0,corrected_integrated_root
llama31_instruct,1,maximin,rule,DlHa,1,-2.0,0.0,0.25,0.0,0.25,0.0,0.25,0.0,-0.25,-0.0,-0.25,1.0,4,1,0,corrected_integrated_root
llama31_instruct,1,maximin,rule,DlHr,1,-2.0,0.0,0.25,0.0,0.25,0.0,0.25,0.0,-0.25,-0.0,-0.25,1.0,4,1,0,corrected_integrated_root
llama31_instruct,1,maximin,rule,DlNc,1,-2.0,0.0,0.0,0.0,0.0,0.0,0.0,0.0,-0.0,-0.0,-0.0,1.0,4,0,0,corrected_integrated_root
llama31_instruct,1,maximin,rule,DlPc,1,-2.0,0.0,0.25,0.0,0.25,0.0,0.25,0.0,-0.25,-0.0,-0.25,1.0,4,1,0,corrected_integrated_root
llama31_instruct,1,maximin,rule,DlPd,1,-2.0,0.0,0.25,0.0,0.25,0.0,0.25,0.0,-0.25,-0.0,-0.25,1.0,4,1,0,corrected_integrated_root
llama31_instruct,1,maximin,rule,DlSh,1,-2.0,0.0,0.0,0.0,0.0,0.0,0.0,0.0,-0.0,-0.0,-0.0,1.0,4,0,0,corrected_integrated_root
llama31_instruct,1,maximin,rule,HaAs,0,2.0,1.0,1.0,1.0,0.0,0.0,0.0,0.0,0.0,0.0,0.0,1.0,4,0,0,corrected_integrated_root
llama31_instruct,1,maximin,rule,HaBa,0,2.0,0.75,0.5,1.0,-0.25,0.25,0.25,0.25,-0.25,0.25,-0.5,0.75,4,3,1,corrected_integrated_root
llama31_instruct,1,maximin,rule,HaCh,0,2.0,1.0,0.75,1.0,-0.25,0.0,0.25,0.0,-0.25,0.0,-0.25,1.0,4,1,0,corrected_integrated_root
llama31_instruct,1,maximin,rule,HaCm,0,2.0,1.0,1.0,1.0,0.0,0.0,0.0,0.0,0.0,0.0,0.0,1.0,4,0,0,corrected_integrated_root
llama31_instruct,1,maximin,rule,HaCo,0,2.0,1.0,1.0,1.0,0.0,0.0,0.0,0.0,0.0,0.0,0.0,1.0,4,0,0,corrected_integrated_root
llama31_instruct,1,maximin,rule,HaDl,0,2.0,0.75,0.75,1.0,0.0,0.25,0.0,0.25,0.0,0.25,-0.25,0.75,4,2,1,corrected_integrated_root
llama31_instruct,1,maximin,rule,HaHa,0,2.0,1.0,0.75,1.0,-0.25,0.0,0.25,0.0,-0.25,0.0,-0.25,1.0,4,1,0,corrected_integrated_root
llama31_instruct,1,maximin,rule,HaHr,0,2.0,1.0,0.75,1.0,-0.25,0.0,0.25,0.0,-0.25,0.0,-0.25,1.0,4,1,0,corrected_integrated_root
llama31_instruct,1,maximin,rule,HaNc,0,2.0,1.0,1.0,1.0,0.0,0.0,0.0,0.0,0.0,0.0,0.0,1.0,4,0,0,corrected_integrated_root
llama31_instruct,1,maximin,rule,HaPc,0,2.0,1.0,1.0,1.0,0.0,0.0,0.0,0.0,0.0,0.0,0.0,1.0,4,0,0,corrected_integrated_root
llama31_instruct,1,maximin,rule,HaPd,0,2.0,1.0,0.5,1.0,-0.5,0.0,0.5,0.0,-0.5,0.0,-0.5,1.0,4,2,0,corrected_integrated_root
llama31_instruct,1,maximin,rule,HaSh,0,2.0,1.0,1.0,1.0,0.0,0.0,0.0,0.0,0.0,0.0,0.0,1.0,4,0,0,corrected_integrated_root
llama31_instruct,1,maximin,rule,HrAs,1,-1.0,0.0,0.25,0.0,0.25,0.0,0.25,0.0,-0.25,-0.0,-0.25,1.0,4,1,0,corrected_integrated_root
llama31_instruct,1,maximin,rule,HrBa,1,-1.0,0.0,0.0,0.0,0.0,0.0,0.0,0.0,-0.0,-0.0,-0.0,1.0,4,0,0,corrected_integrated_root
llama31_instruct,1,maximin,rule,HrCh,1,-1.0,0.0,0.5,0.0,0.5,0.0,0.5,0.0,-0.5,-0.0,-0.5,1.0,4,2,0,corrected_integrated_root
llama31_instruct,1,maximin,rule,HrCm,1,-1.0,0.25,0.0,0.0,-0.25,-0.25,0.25,0.25,0.25,0.25,-0.0,0.75,4,1,1,corrected_integrated_root
llama31_instruct,1,maximin,rule,HrCo,1,-1.0,0.0,0.5,0.25,0.5,0.25,0.5,0.25,-0.5,-0.25,-0.25,1.0,4,2,0,corrected_integrated_root
llama31_instruct,1,maximin,rule,HrDl,1,-1.0,0.25,0.5,0.0,0.25,-0.25,0.25,0.25,-0.25,0.25,-0.5,0.75,4,1,0,corrected_integrated_root
llama31_instruct,1,maximin,rule,HrHa,1,-1.0,0.25,0.25,0.25,0.0,0.0,0.0,0.0,-0.0,-0.0,-0.0,0.75,4,0,0,corrected_integrated_root
llama31_instruct,1,maximin,rule,HrHr,1,-1.0,0.0,0.0,0.0,0.0,0.0,0.0,0.0,-0.0,-0.0,-0.0,1.0,4,0,0,corrected_integrated_root
llama31_instruct,1,maximin,rule,HrNc,1,-1.0,0.0,0.0,0.0,0.0,0.0,0.0,0.0,-0.0,-0.0,-0.0,1.0,4,0,0,corrected_integrated_root
llama31_instruct,1,maximin,rule,HrPc,1,-1.0,0.0,0.0,0.25,0.0,0.25,0.0,0.25,-0.0,-0.25,0.25,1.0,4,0,0,corrected_integrated_root
llama31_instruct,1,maximin,rule,HrPd,1,-1.0,0.25,0.25,0.0,0.0,-0.25,0.0,0.25,-0.0,0.25,-0.25,0.75,4,2,1,corrected_integrated_root
llama31_instruct,1,maximin,rule,HrSh,1,-1.0,0.0,0.0,0.0,0.0,0.0,0.0,0.0,-0.0,-0.0,-0.0,1.0,4,0,0,corrected_integrated_root
llama31_instruct,1,maximin,rule,NcAs,0,1.0,0.75,1.0,1.0,0.25,0.25,0.25,0.25,0.25,0.25,0.0,0.75,4,1,1,corrected_integrated_root
llama31_instruct,1,maximin,rule,NcBa,0,1.0,0.75,0.75,1.0,0.0,0.25,0.0,0.25,0.0,0.25,-0.25,0.75,4,2,1,corrected_integrated_root
llama31_instruct,1,maximin,rule,NcCh,0,1.0,0.5,0.75,1.0,0.25,0.5,0.25,0.5,0.25,0.5,-0.25,0.5,4,1,1,corrected_integrated_root
llama31_instruct,1,maximin,rule,NcCm,0,1.0,0.5,1.0,1.0,0.5,0.5,0.5,0.5,0.5,0.5,0.0,0.5,4,2,2,corrected_integrated_root
llama31_instruct,1,maximin,rule,NcCo,0,1.0,1.0,1.0,1.0,0.0,0.0,0.0,0.0,0.0,0.0,0.0,1.0,4,0,0,corrected_integrated_root
llama31_instruct,1,maximin,rule,NcDl,0,1.0,1.0,0.75,1.0,-0.25,0.0,0.25,0.0,-0.25,0.0,-0.25,1.0,4,1,0,corrected_integrated_root
llama31_instruct,1,maximin,rule,NcHa,0,1.0,1.0,1.0,1.0,0.0,0.0,0.0,0.0,0.0,0.0,0.0,1.0,4,0,0,corrected_integrated_root
llama31_instruct,1,maximin,rule,NcHr,0,1.0,0.5,0.75,1.0,0.25,0.5,0.25,0.5,0.25,0.5,-0.25,0.5,4,3,2,corrected_integrated_root
llama31_instruct,1,maximin,rule,NcNc,0,1.0,0.75,0.75,1.0,0.0,0.25,0.0,0.25,0.0,0.25,-0.25,0.75,4,2,1,corrected_integrated_root
llama31_instruct,1,maximin,rule,NcPc,0,1.0,1.0,0.75,1.0,-0.25,0.0,0.25,0.0,-0.25,0.0,-0.25,1.0,4,1,0,corrected_integrated_root
llama31_instruct,1,maximin,rule,NcPd,0,1.0,0.5,0.75,1.0,0.25,0.5,0.25,0.5,0.25,0.5,-0.25,0.5,4,3,2,corrected_integrated_root
llama31_instruct,1,maximin,rule,NcSh,0,1.0,0.75,0.75,1.0,0.0,0.25,0.0,0.25,0.0,0.25,-0.25,0.75,4,2,1,corrected_integrated_root
llama31_instruct,1,maximin,rule,PcAs,0,2.0,1.0,1.0,1.0,0.0,0.0,0.0,0.0,0.0,0.0,0.0,1.0,4,0,0,corrected_integrated_root
llama31_instruct,1,maximin,rule,PcBa,0,2.0,1.0,1.0,1.0,0.0,0.0,0.0,0.0,0.0,0.0,0.0,1.0,4,0,0,corrected_integrated_root
llama31_instruct,1,maximin,rule,PcCh,0,2.0,1.0,1.0,1.0,0.0,0.0,0.0,0.0,0.0,0.0,0.0,1.0,4,0,0,corrected_integrated_root
llama31_instruct,1,maximin,rule,PcCm,0,2.0,1.0,0.5,1.0,-0.5,0.0,0.5,0.0,-0.5,0.0,-0.5,1.0,4,2,0,corrected_integrated_root
llama31_instruct,1,maximin,rule,PcCo,0,2.0,1.0,0.75,1.0,-0.25,0.0,0.25,0.0,-0.25,0.0,-0.25,1.0,4,1,0,corrected_integrated_root
llama31_instruct,1,maximin,rule,PcDl,0,2.0,1.0,0.75,1.0,-0.25,0.0,0.25,0.0,-0.25,0.0,-0.25,1.0,4,1,0,corrected_integrated_root
llama31_instruct,1,maximin,rule,PcHa,0,2.0,1.0,1.0,1.0,0.0,0.0,0.0,0.0,0.0,0.0,0.0,1.0,4,0,0,corrected_integrated_root
llama31_instruct,1,maximin,rule,PcHr,0,2.0,1.0,0.75,1.0,-0.25,0.0,0.25,0.0,-0.25,0.0,-0.25,1.0,4,1,0,corrected_integrated_root
llama31_instruct,1,maximin,rule,PcNc,0,2.0,1.0,1.0,1.0,0.0,0.0,0.0,0.0,0.0,0.0,0.0,1.0,4,0,0,corrected_integrated_root
llama31_instruct,1,maximin,rule,PcPc,0,2.0,1.0,0.75,1.0,-0.25,0.0,0.25,0.0,-0.25,0.0,-0.25,1.0,4,1,0,corrected_integrated_root
llama31_instruct,1,maximin,rule,PcPd,0,2.0,1.0,1.0,1.0,0.0,0.0,0.0,0.0,0.0,0.0,0.0,1.0,4,0,0,corrected_integrated_root
llama31_instruct,1,maximin,rule,PcSh,0,2.0,1.0,1.0,1.0,0.0,0.0,0.0,0.0,0.0,0.0,0.0,1.0,4,0,0,corrected_integrated_root
llama31_instruct,1,maximin,rule,PdAs,1,-1.0,0.0,0.25,0.25,0.25,0.25,0.25,0.25,-0.25,-0.25,-0.0,1.0,4,1,0,corrected_integrated_root
llama31_instruct,1,maximin,rule,PdBa,1,-1.0,0.25,0.25,0.5,0.0,0.25,0.0,0.25,-0.0,-0.25,0.25,0.75,4,2,1,corrected_integrated_root
llama31_instruct,1,maximin,rule,PdCh,1,-1.0,0.0,0.0,0.0,0.0,0.0,0.0,0.0,-0.0,-0.0,-0.0,1.0,4,0,0,corrected_integrated_root
llama31_instruct,1,maximin,rule,PdCm,1,-1.0,0.75,0.25,0.5,-0.5,-0.25,0.5,0.25,0.5,0.25,0.25,0.25,4,2,2,corrected_integrated_root
llama31_instruct,1,maximin,rule,PdCo,1,-1.0,0.0,0.25,0.25,0.25,0.25,0.25,0.25,-0.25,-0.25,-0.0,1.0,4,1,0,corrected_integrated_root
llama31_instruct,1,maximin,rule,PdDl,1,-1.0,0.5,0.0,0.5,-0.5,0.0,0.5,0.0,0.5,-0.0,0.5,0.5,4,2,2,corrected_integrated_root
llama31_instruct,1,maximin,rule,PdHa,1,-1.0,0.0,0.0,0.25,0.0,0.25,0.0,0.25,-0.0,-0.25,0.25,1.0,4,0,0,corrected_integrated_root
llama31_instruct,1,maximin,rule,PdHr,1,-1.0,0.25,0.0,0.5,-0.25,0.25,0.25,0.25,0.25,-0.25,0.5,0.75,4,1,1,corrected_integrated_root
llama31_instruct,1,maximin,rule,PdNc,1,-1.0,0.0,0.0,0.0,0.0,0.0,0.0,0.0,-0.0,-0.0,-0.0,1.0,4,0,0,corrected_integrated_root
llama31_instruct,1,maximin,rule,PdPc,1,-1.0,0.0,0.25,0.5,0.25,0.5,0.25,0.5,-0.25,-0.5,0.25,1.0,4,1,0,corrected_integrated_root
llama31_instruct,1,maximin,rule,PdPd,1,-1.0,0.0,0.0,0.5,0.0,0.5,0.0,0.5,-0.0,-0.5,0.5,1.0,4,0,0,corrected_integrated_root
llama31_instruct,1,maximin,rule,PdSh,1,-1.0,0.0,0.25,0.0,0.25,0.0,0.25,0.0,-0.25,-0.0,-0.25,1.0,4,1,0,corrected_integrated_root
llama31_instruct,1,maximin,rule,ShAs,1,-1.0,0.5,0.75,1.0,0.25,0.5,0.25,0.5,-0.25,-0.5,0.25,0.5,4,3,1,corrected_integrated_root
llama31_instruct,1,maximin,rule,ShBa,1,-1.0,0.5,0.25,1.0,-0.25,0.5,0.25,0.5,0.25,-0.5,0.75,0.5,4,1,1,corrected_integrated_root
llama31_instruct,1,maximin,rule,ShCh,1,-1.0,0.5,0.25,1.0,-0.25,0.5,0.25,0.5,0.25,-0.5,0.75,0.5,4,1,1,corrected_integrated_root
llama31_instruct,1,maximin,rule,ShCm,1,-1.0,1.0,0.75,1.0,-0.25,0.0,0.25,0.0,0.25,-0.0,0.25,0.0,4,1,1,corrected_integrated_root
llama31_instruct,1,maximin,rule,ShCo,1,-1.0,0.5,0.75,1.0,0.25,0.5,0.25,0.5,-0.25,-0.5,0.25,0.5,4,3,1,corrected_integrated_root
llama31_instruct,1,maximin,rule,ShDl,1,-1.0,0.5,0.75,1.0,0.25,0.5,0.25,0.5,-0.25,-0.5,0.25,0.5,4,1,0,corrected_integrated_root
llama31_instruct,1,maximin,rule,ShHa,1,-1.0,0.5,0.25,1.0,-0.25,0.5,0.25,0.5,0.25,-0.5,0.75,0.5,4,1,1,corrected_integrated_root
llama31_instruct,1,maximin,rule,ShHr,1,-1.0,0.5,0.5,1.0,0.0,0.5,0.0,0.5,-0.0,-0.5,0.5,0.5,4,4,2,corrected_integrated_root
llama31_instruct,1,maximin,rule,ShNc,1,-1.0,0.5,1.0,0.75,0.5,0.25,0.5,0.25,-0.5,-0.25,-0.25,0.5,4,2,0,corrected_integrated_root
llama31_instruct,1,maximin,rule,ShPc,1,-1.0,0.5,1.0,1.0,0.5,0.5,0.5,0.5,-0.5,-0.5,-0.0,0.5,4,2,0,corrected_integrated_root
llama31_instruct,1,maximin,rule,ShPd,1,-1.0,0.5,0.75,1.0,0.25,0.5,0.25,0.5,-0.25,-0.5,0.25,0.5,4,1,0,corrected_integrated_root
llama31_instruct,1,maximin,rule,ShSh,1,-1.0,0.5,1.0,1.0,0.5,0.5,0.5,0.5,-0.5,-0.5,-0.0,0.5,4,2,0,corrected_integrated_root
gptoss,1,risk,trait,AsAs,1,-1.0,0.75,0.0,0.75,-0.75,0.0,0.75,0.0,0.75,-0.0,0.75,0.25,4,3,3,corrected_integrated_root
gptoss,1,risk,trait,AsBa,1,-1.0,0.25,0.0,0.0,-0.25,-0.25,0.25,0.25,0.25,0.25,-0.0,0.75,4,1,1,corrected_integrated_root
gptoss,1,risk,trait,AsCh,1,-1.0,0.0,0.0,0.25,0.0,0.25,0.0,0.25,-0.0,-0.25,0.25,1.0,4,0,0,corrected_integrated_root
gptoss,1,risk,trait,AsCm,1,-1.0,0.25,0.0,0.0,-0.25,-0.25,0.25,0.25,0.25,0.25,-0.0,0.75,4,1,1,corrected_integrated_root
gptoss,1,risk,trait,AsCo,1,-1.0,0.75,0.0,0.5,-0.75,-0.25,0.75,0.25,0.75,0.25,0.5,0.25,4,3,3,corrected_integrated_root
gptoss,1,risk,trait,AsDl,1,-1.0,0.0,0.0,0.0,0.0,0.0,0.0,0.0,-0.0,-0.0,-0.0,1.0,4,0,0,corrected_integrated_root
gptoss,1,risk,trait,AsHa,1,-1.0,1.0,0.0,0.75,-1.0,-0.25,1.0,0.25,1.0,0.25,0.75,0.0,4,4,4,corrected_integrated_root
gptoss,1,risk,trait,AsHr,1,-1.0,0.0,0.0,0.0,0.0,0.0,0.0,0.0,-0.0,-0.0,-0.0,1.0,4,0,0,corrected_integrated_root
gptoss,1,risk,trait,AsNc,1,-1.0,1.0,0.0,0.75,-1.0,-0.25,1.0,0.25,1.0,0.25,0.75,0.0,4,4,4,corrected_integrated_root
gptoss,1,risk,trait,AsPc,1,-1.0,1.0,0.0,0.75,-1.0,-0.25,1.0,0.25,1.0,0.25,0.75,0.0,4,4,4,corrected_integrated_root
gptoss,1,risk,trait,AsPd,1,-1.0,0.0,0.0,0.0,0.0,0.0,0.0,0.0,-0.0,-0.0,-0.0,1.0,4,0,0,corrected_integrated_root
gptoss,1,risk,trait,AsSh,1,-1.0,0.5,0.0,0.25,-0.5,-0.25,0.5,0.25,0.5,0.25,0.25,0.5,4,2,2,corrected_integrated_root
gptoss,1,risk,trait,BaAs,0,1.0,0.75,1.0,1.0,0.25,0.25,0.25,0.25,0.25,0.25,0.0,0.75,4,1,1,corrected_integrated_root
gptoss,1,risk,trait,BaBa,0,1.0,0.25,1.0,0.0,0.75,-0.25,0.75,0.25,0.75,-0.25,1.0,0.25,4,3,3,corrected_integrated_root
gptoss,1,risk,trait,BaCh,0,1.0,0.75,1.0,0.25,0.25,-0.5,0.25,0.5,0.25,-0.5,0.75,0.75,4,1,1,corrected_integrated_root
gptoss,1,risk,trait,BaCm,0,1.0,0.5,1.0,0.25,0.5,-0.25,0.5,0.25,0.5,-0.25,0.75,0.5,4,2,2,corrected_integrated_root
gptoss,1,risk,trait,BaCo,0,1.0,0.75,1.0,0.0,0.25,-0.75,0.25,0.75,0.25,-0.75,1.0,0.75,4,1,1,corrected_integrated_root
gptoss,1,risk,trait,BaDl,0,1.0,1.0,1.0,1.0,0.0,0.0,0.0,0.0,0.0,0.0,0.0,1.0,4,0,0,corrected_integrated_root
gptoss,1,risk,trait,BaHa,0,1.0,0.25,1.0,0.0,0.75,-0.25,0.75,0.25,0.75,-0.25,1.0,0.25,4,3,3,corrected_integrated_root
gptoss,1,risk,trait,BaHr,0,1.0,0.5,1.0,0.0,0.5,-0.5,0.5,0.5,0.5,-0.5,1.0,0.5,4,2,2,corrected_integrated_root
gptoss,1,risk,trait,BaNc,0,1.0,0.5,1.0,0.25,0.5,-0.25,0.5,0.25,0.5,-0.25,0.75,0.5,4,2,2,corrected_integrated_root
gptoss,1,risk,trait,BaPc,0,1.0,0.25,1.0,0.0,0.75,-0.25,0.75,0.25,0.75,-0.25,1.0,0.25,4,3,3,corrected_integrated_root
gptoss,1,risk,trait,BaPd,0,1.0,1.0,1.0,1.0,0.0,0.0,0.0,0.0,0.0,0.0,0.0,1.0,4,0,0,corrected_integrated_root
gptoss,1,risk,trait,BaSh,0,1.0,1.0,1.0,0.75,0.0,-0.25,0.0,0.25,0.0,-0.25,0.25,1.0,4,0,0,corrected_integrated_root
gptoss,1,risk,trait,ChAs,0,1.0,0.5,1.0,1.0,0.5,0.5,0.5,0.5,0.5,0.5,0.0,0.5,4,2,2,corrected_integrated_root
gptoss,1,risk,trait,ChBa,0,1.0,0.25,1.0,0.0,0.75,-0.25,0.75,0.25,0.75,-0.25,1.0,0.25,4,3,3,corrected_integrated_root
gptoss,1,risk,trait,ChCh,0,1.0,1.0,1.0,0.5,0.0,-0.5,0.0,0.5,0.0,-0.5,0.5,1.0,4,0,0,corrected_integrated_root
gptoss,1,risk,trait,ChCm,0,1.0,1.0,1.0,0.5,0.0,-0.5,0.0,0.5,0.0,-0.5,0.5,1.0,4,0,0,corrected_integrated_root
gptoss,1,risk,trait,ChCo,0,1.0,0.5,1.0,0.0,0.5,-0.5,0.5,0.5,0.5,-0.5,1.0,0.5,4,2,2,corrected_integrated_root
gptoss,1,risk,trait,ChDl,0,1.0,1.0,1.0,1.0,0.0,0.0,0.0,0.0,0.0,0.0,0.0,1.0,4,0,0,corrected_integrated_root
gptoss,1,risk,trait,ChHa,0,1.0,0.25,1.0,0.5,0.75,0.25,0.75,0.25,0.75,0.25,0.5,0.25,4,3,3,corrected_integrated_root
gptoss,1,risk,trait,ChHr,0,1.0,0.0,1.0,0.0,1.0,0.0,1.0,0.0,1.0,0.0,1.0,0.0,4,4,4,corrected_integrated_root
gptoss,1,risk,trait,ChNc,0,1.0,0.75,1.0,0.25,0.25,-0.5,0.25,0.5,0.25,-0.5,0.75,0.75,4,1,1,corrected_integrated_root
gptoss,1,risk,trait,ChPc,0,1.0,0.0,1.0,0.0,1.0,0.0,1.0,0.0,1.0,0.0,1.0,0.0,4,4,4,corrected_integrated_root
gptoss,1,risk,trait,ChPd,0,1.0,1.0,1.0,1.0,0.0,0.0,0.0,0.0,0.0,0.0,0.0,1.0,4,0,0,corrected_integrated_root
gptoss,1,risk,trait,ChSh,0,1.0,1.0,1.0,0.5,0.0,-0.5,0.0,0.5,0.0,-0.5,0.5,1.0,4,0,0,corrected_integrated_root
gptoss,1,risk,trait,CmAs,1,-2.0,0.0,0.0,0.0,0.0,0.0,0.0,0.0,-0.0,-0.0,-0.0,1.0,4,0,0,corrected_integrated_root
gptoss,1,risk,trait,CmBa,1,-2.0,0.0,0.0,0.0,0.0,0.0,0.0,0.0,-0.0,-0.0,-0.0,1.0,4,0,0,corrected_integrated_root
gptoss,1,risk,trait,CmCh,1,-2.0,0.0,0.0,0.0,0.0,0.0,0.0,0.0,-0.0,-0.0,-0.0,1.0,4,0,0,corrected_integrated_root
gptoss,1,risk,trait,CmCm,1,-2.0,0.0,0.0,0.0,0.0,0.0,0.0,0.0,-0.0,-0.0,-0.0,1.0,4,0,0,corrected_integrated_root
gptoss,1,risk,trait,CmCo,1,-2.0,0.0,0.0,0.0,0.0,0.0,0.0,0.0,-0.0,-0.0,-0.0,1.0,4,0,0,corrected_integrated_root
gptoss,1,risk,trait,CmDl,1,-2.0,0.0,0.0,0.0,0.0,0.0,0.0,0.0,-0.0,-0.0,-0.0,1.0,4,0,0,corrected_integrated_root
gptoss,1,risk,trait,CmHa,1,-2.0,0.0,0.0,0.0,0.0,0.0,0.0,0.0,-0.0,-0.0,-0.0,1.0,4,0,0,corrected_integrated_root
gptoss,1,risk,trait,CmHr,1,-2.0,0.0,0.0,0.0,0.0,0.0,0.0,0.0,-0.0,-0.0,-0.0,1.0,4,0,0,corrected_integrated_root
gptoss,1,risk,trait,CmNc,1,-2.0,0.0,0.0,0.0,0.0,0.0,0.0,0.0,-0.0,-0.0,-0.0,1.0,4,0,0,corrected_integrated_root
gptoss,1,risk,trait,CmPc,1,-2.0,0.0,0.0,0.0,0.0,0.0,0.0,0.0,-0.0,-0.0,-0.0,1.0,4,0,0,corrected_integrated_root
gptoss,1,risk,trait,CmPd,1,-2.0,0.0,0.0,0.0,0.0,0.0,0.0,0.0,-0.0,-0.0,-0.0,1.0,4,0,0,corrected_integrated_root
gptoss,1,risk,trait,CmSh,1,-2.0,0.0,0.0,0.0,0.0,0.0,0.0,0.0,-0.0,-0.0,-0.0,1.0,4,0,0,corrected_integrated_root
gptoss,1,risk,trait,CoAs,0,1.0,0.75,1.0,1.0,0.25,0.25,0.25,0.25,0.25,0.25,0.0,0.75,4,1,1,corrected_integrated_root
gptoss,1,risk,trait,CoBa,0,1.0,1.0,1.0,1.0,0.0,0.0,0.0,0.0,0.0,0.0,0.0,1.0,4,0,0,corrected_integrated_root
gptoss,1,risk,trait,CoCh,0,1.0,0.5,1.0,0.75,0.5,0.25,0.5,0.25,0.5,0.25,0.25,0.5,4,2,2,corrected_integrated_root
gptoss,1,risk,trait,CoCm,0,1.0,0.0,1.0,0.0,1.0,0.0,1.0,0.0,1.0,0.0,1.0,0.0,4,4,4,corrected_integrated_root
gptoss,1,risk,trait,CoCo,0,1.0,0.5,1.0,0.75,0.5,0.25,0.5,0.25,0.5,0.25,0.25,0.5,4,2,2,corrected_integrated_root
gptoss,1,risk,trait,CoDl,0,1.0,0.0,1.0,0.0,1.0,0.0,1.0,0.0,1.0,0.0,1.0,0.0,4,4,4,corrected_integrated_root
gptoss,1,risk,trait,CoHa,0,1.0,1.0,1.0,1.0,0.0,0.0,0.0,0.0,0.0,0.0,0.0,1.0,4,0,0,corrected_integrated_root
gptoss,1,risk,trait,CoHr,0,1.0,0.5,1.0,0.75,0.5,0.25,0.5,0.25,0.5,0.25,0.25,0.5,4,2,2,corrected_integrated_root
gptoss,1,risk,trait,CoNc,0,1.0,0.25,1.0,1.0,0.75,0.75,0.75,0.75,0.75,0.75,0.0,0.25,4,3,3,corrected_integrated_root
gptoss,1,risk,trait,CoPc,0,1.0,1.0,1.0,1.0,0.0,0.0,0.0,0.0,0.0,0.0,0.0,1.0,4,0,0,corrected_integrated_root
gptoss,1,risk,trait,CoPd,0,1.0,0.0,1.0,0.25,1.0,0.25,1.0,0.25,1.0,0.25,0.75,0.0,4,4,4,corrected_integrated_root
gptoss,1,risk,trait,CoSh,0,1.0,0.25,0.75,0.75,0.5,0.5,0.5,0.5,0.5,0.5,0.0,0.25,4,2,2,corrected_integrated_root
gptoss,1,risk,trait,DlAs,1,-2.0,0.0,0.0,0.0,0.0,0.0,0.0,0.0,-0.0,-0.0,-0.0,1.0,4,0,0,corrected_integrated_root
gptoss,1,risk,trait,DlBa,1,-2.0,0.0,0.0,0.0,0.0,0.0,0.0,0.0,-0.0,-0.0,-0.0,1.0,4,0,0,corrected_integrated_root
gptoss,1,risk,trait,DlCh,1,-2.0,0.0,0.0,0.0,0.0,0.0,0.0,0.0,-0.0,-0.0,-0.0,1.0,4,0,0,corrected_integrated_root
gptoss,1,risk,trait,DlCm,1,-2.0,0.0,0.0,0.0,0.0,0.0,0.0,0.0,-0.0,-0.0,-0.0,1.0,4,0,0,corrected_integrated_root
gptoss,1,risk,trait,DlCo,1,-2.0,0.0,0.0,0.0,0.0,0.0,0.0,0.0,-0.0,-0.0,-0.0,1.0,4,0,0,corrected_integrated_root
gptoss,1,risk,trait,DlDl,1,-2.0,0.0,0.0,0.0,0.0,0.0,0.0,0.0,-0.0,-0.0,-0.0,1.0,4,0,0,corrected_integrated_root
gptoss,1,risk,trait,DlHa,1,-2.0,0.0,0.0,0.0,0.0,0.0,0.0,0.0,-0.0,-0.0,-0.0,1.0,4,0,0,corrected_integrated_root
gptoss,1,risk,trait,DlHr,1,-2.0,0.0,0.0,0.0,0.0,0.0,0.0,0.0,-0.0,-0.0,-0.0,1.0,4,0,0,corrected_integrated_root
gptoss,1,risk,trait,DlNc,1,-2.0,0.0,0.0,0.0,0.0,0.0,0.0,0.0,-0.0,-0.0,-0.0,1.0,4,0,0,corrected_integrated_root
gptoss,1,risk,trait,DlPc,1,-2.0,0.0,0.0,0.0,0.0,0.0,0.0,0.0,-0.0,-0.0,-0.0,1.0,4,0,0,corrected_integrated_root
gptoss,1,risk,trait,DlPd,1,-2.0,0.0,0.0,0.0,0.0,0.0,0.0,0.0,-0.0,-0.0,-0.0,1.0,4,0,0,corrected_integrated_root
gptoss,1,risk,trait,DlSh,1,-2.0,0.0,0.0,0.0,0.0,0.0,0.0,0.0,-0.0,-0.0,-0.0,1.0,4,0,0,corrected_integrated_root
gptoss,1,risk,trait,HaAs,0,2.0,1.0,1.0,1.0,0.0,0.0,0.0,0.0,0.0,0.0,0.0,1.0,4,0,0,corrected_integrated_root
gptoss,1,risk,trait,HaBa,0,2.0,1.0,1.0,1.0,0.0,0.0,0.0,0.0,0.0,0.0,0.0,1.0,4,0,0,corrected_integrated_root
gptoss,1,risk,trait,HaCh,0,2.0,1.0,1.0,1.0,0.0,0.0,0.0,0.0,0.0,0.0,0.0,1.0,4,0,0,corrected_integrated_root
gptoss,1,risk,trait,HaCm,0,2.0,1.0,1.0,1.0,0.0,0.0,0.0,0.0,0.0,0.0,0.0,1.0,4,0,0,corrected_integrated_root
gptoss,1,risk,trait,HaCo,0,2.0,1.0,1.0,1.0,0.0,0.0,0.0,0.0,0.0,0.0,0.0,1.0,4,0,0,corrected_integrated_root
gptoss,1,risk,trait,HaDl,0,2.0,1.0,1.0,1.0,0.0,0.0,0.0,0.0,0.0,0.0,0.0,1.0,4,0,0,corrected_integrated_root
gptoss,1,risk,trait,HaHa,0,2.0,1.0,1.0,1.0,0.0,0.0,0.0,0.0,0.0,0.0,0.0,1.0,4,0,0,corrected_integrated_root
gptoss,1,risk,trait,HaHr,0,2.0,1.0,1.0,1.0,0.0,0.0,0.0,0.0,0.0,0.0,0.0,1.0,4,0,0,corrected_integrated_root
gptoss,1,risk,trait,HaNc,0,2.0,1.0,1.0,1.0,0.0,0.0,0.0,0.0,0.0,0.0,0.0,1.0,4,0,0,corrected_integrated_root
gptoss,1,risk,trait,HaPc,0,2.0,1.0,1.0,1.0,0.0,0.0,0.0,0.0,0.0,0.0,0.0,1.0,4,0,0,corrected_integrated_root
gptoss,1,risk,trait,HaPd,0,2.0,1.0,1.0,1.0,0.0,0.0,0.0,0.0,0.0,0.0,0.0,1.0,4,0,0,corrected_integrated_root
gptoss,1,risk,trait,HaSh,0,2.0,1.0,1.0,1.0,0.0,0.0,0.0,0.0,0.0,0.0,0.0,1.0,4,0,0,corrected_integrated_root
gptoss,1,risk,trait,HrAs,1,-1.0,0.25,0.0,0.25,-0.25,0.0,0.25,0.0,0.25,-0.0,0.25,0.75,4,1,1,corrected_integrated_root
gptoss,1,risk,trait,HrBa,1,-1.0,0.0,0.0,0.0,0.0,0.0,0.0,0.0,-0.0,-0.0,-0.0,1.0,4,0,0,corrected_integrated_root
gptoss,1,risk,trait,HrCh,1,-1.0,0.25,0.0,0.75,-0.25,0.5,0.25,0.5,0.25,-0.5,0.75,0.75,4,1,1,corrected_integrated_root
gptoss,1,risk,trait,HrCm,1,-1.0,0.75,0.0,0.75,-0.75,0.0,0.75,0.0,0.75,-0.0,0.75,0.25,4,3,3,corrected_integrated_root
gptoss,1,risk,trait,HrCo,1,-1.0,0.0,0.0,0.0,0.0,0.0,0.0,0.0,-0.0,-0.0,-0.0,1.0,4,0,0,corrected_integrated_root
gptoss,1,risk,trait,HrDl,1,-1.0,1.0,0.0,0.75,-1.0,-0.25,1.0,0.25,1.0,0.25,0.75,0.0,4,4,4,corrected_integrated_root
gptoss,1,risk,trait,HrHa,1,-1.0,0.25,0.0,0.0,-0.25,-0.25,0.25,0.25,0.25,0.25,-0.0,0.75,4,1,1,corrected_integrated_root
gptoss,1,risk,trait,HrHr,1,-1.0,0.25,0.0,0.0,-0.25,-0.25,0.25,0.25,0.25,0.25,-0.0,0.75,4,1,1,corrected_integrated_root
gptoss,1,risk,trait,HrNc,1,-1.0,0.25,0.0,0.5,-0.25,0.25,0.25,0.25,0.25,-0.25,0.5,0.75,4,1,1,corrected_integrated_root
gptoss,1,risk,trait,HrPc,1,-1.0,0.0,0.0,0.0,0.0,0.0,0.0,0.0,-0.0,-0.0,-0.0,1.0,4,0,0,corrected_integrated_root
gptoss,1,risk,trait,HrPd,1,-1.0,1.0,0.0,1.0,-1.0,0.0,1.0,0.0,1.0,-0.0,1.0,0.0,4,4,4,corrected_integrated_root
gptoss,1,risk,trait,HrSh,1,-1.0,0.75,0.0,0.75,-0.75,0.0,0.75,0.0,0.75,-0.0,0.75,0.25,4,3,3,corrected_integrated_root
gptoss,1,risk,trait,NcAs,0,1.0,1.0,1.0,1.0,0.0,0.0,0.0,0.0,0.0,0.0,0.0,1.0,4,0,0,corrected_integrated_root
gptoss,1,risk,trait,NcBa,0,1.0,1.0,1.0,1.0,0.0,0.0,0.0,0.0,0.0,0.0,0.0,1.0,4,0,0,corrected_integrated_root
gptoss,1,risk,trait,NcCh,0,1.0,1.0,1.0,1.0,0.0,0.0,0.0,0.0,0.0,0.0,0.0,1.0,4,0,0,corrected_integrated_root
gptoss,1,risk,trait,NcCm,0,1.0,1.0,1.0,1.0,0.0,0.0,0.0,0.0,0.0,0.0,0.0,1.0,4,0,0,corrected_integrated_root
gptoss,1,risk,trait,NcCo,0,1.0,1.0,1.0,1.0,0.0,0.0,0.0,0.0,0.0,0.0,0.0,1.0,4,0,0,corrected_integrated_root
gptoss,1,risk,trait,NcDl,0,1.0,1.0,1.0,1.0,0.0,0.0,0.0,0.0,0.0,0.0,0.0,1.0,4,0,0,corrected_integrated_root
gptoss,1,risk,trait,NcHa,0,1.0,1.0,1.0,1.0,0.0,0.0,0.0,0.0,0.0,0.0,0.0,1.0,4,0,0,corrected_integrated_root
gptoss,1,risk,trait,NcHr,0,1.0,1.0,1.0,1.0,0.0,0.0,0.0,0.0,0.0,0.0,0.0,1.0,4,0,0,corrected_integrated_root
gptoss,1,risk,trait,NcNc,0,1.0,1.0,1.0,1.0,0.0,0.0,0.0,0.0,0.0,0.0,0.0,1.0,4,0,0,corrected_integrated_root
gptoss,1,risk,trait,NcPc,0,1.0,1.0,1.0,1.0,0.0,0.0,0.0,0.0,0.0,0.0,0.0,1.0,4,0,0,corrected_integrated_root
gptoss,1,risk,trait,NcPd,0,1.0,1.0,0.75,1.0,-0.25,0.0,0.25,0.0,-0.25,0.0,-0.25,1.0,4,1,0,corrected_integrated_root
gptoss,1,risk,trait,NcSh,0,1.0,1.0,1.0,1.0,0.0,0.0,0.0,0.0,0.0,0.0,0.0,1.0,4,0,0,corrected_integrated_root
gptoss,1,risk,trait,PcAs,0,2.0,1.0,1.0,1.0,0.0,0.0,0.0,0.0,0.0,0.0,0.0,1.0,4,0,0,corrected_integrated_root
gptoss,1,risk,trait,PcBa,0,2.0,1.0,1.0,1.0,0.0,0.0,0.0,0.0,0.0,0.0,0.0,1.0,4,0,0,corrected_integrated_root
gptoss,1,risk,trait,PcCh,0,2.0,1.0,1.0,1.0,0.0,0.0,0.0,0.0,0.0,0.0,0.0,1.0,4,0,0,corrected_integrated_root
gptoss,1,risk,trait,PcCm,0,2.0,1.0,1.0,1.0,0.0,0.0,0.0,0.0,0.0,0.0,0.0,1.0,4,0,0,corrected_integrated_root
gptoss,1,risk,trait,PcCo,0,2.0,1.0,1.0,1.0,0.0,0.0,0.0,0.0,0.0,0.0,0.0,1.0,4,0,0,corrected_integrated_root
gptoss,1,risk,trait,PcDl,0,2.0,1.0,1.0,1.0,0.0,0.0,0.0,0.0,0.0,0.0,0.0,1.0,4,0,0,corrected_integrated_root
gptoss,1,risk,trait,PcHa,0,2.0,1.0,1.0,1.0,0.0,0.0,0.0,0.0,0.0,0.0,0.0,1.0,4,0,0,corrected_integrated_root
gptoss,1,risk,trait,PcHr,0,2.0,1.0,1.0,1.0,0.0,0.0,0.0,0.0,0.0,0.0,0.0,1.0,4,0,0,corrected_integrated_root
gptoss,1,risk,trait,PcNc,0,2.0,1.0,1.0,1.0,0.0,0.0,0.0,0.0,0.0,0.0,0.0,1.0,4,0,0,corrected_integrated_root
gptoss,1,risk,trait,PcPc,0,2.0,1.0,1.0,1.0,0.0,0.0,0.0,0.0,0.0,0.0,0.0,1.0,4,0,0,corrected_integrated_root
gptoss,1,risk,trait,PcPd,0,2.0,1.0,1.0,1.0,0.0,0.0,0.0,0.0,0.0,0.0,0.0,1.0,4,0,0,corrected_integrated_root
gptoss,1,risk,trait,PcSh,0,2.0,1.0,1.0,1.0,0.0,0.0,0.0,0.0,0.0,0.0,0.0,1.0,4,0,0,corrected_integrated_root
gptoss,1,risk,trait,PdAs,1,-1.0,0.0,0.0,0.0,0.0,0.0,0.0,0.0,-0.0,-0.0,-0.0,1.0,4,0,0,corrected_integrated_root
gptoss,1,risk,trait,PdBa,1,-1.0,0.0,0.0,0.0,0.0,0.0,0.0,0.0,-0.0,-0.0,-0.0,1.0,4,0,0,corrected_integrated_root
gptoss,1,risk,trait,PdCh,1,-1.0,0.0,0.0,0.0,0.0,0.0,0.0,0.0,-0.0,-0.0,-0.0,1.0,4,0,0,corrected_integrated_root
gptoss,1,risk,trait,PdCm,1,-1.0,0.0,0.0,0.0,0.0,0.0,0.0,0.0,-0.0,-0.0,-0.0,1.0,4,0,0,corrected_integrated_root
gptoss,1,risk,trait,PdCo,1,-1.0,0.0,0.25,0.0,0.25,0.0,0.25,0.0,-0.25,-0.0,-0.25,1.0,4,1,0,corrected_integrated_root
gptoss,1,risk,trait,PdDl,1,-1.0,0.0,0.0,0.0,0.0,0.0,0.0,0.0,-0.0,-0.0,-0.0,1.0,4,0,0,corrected_integrated_root
gptoss,1,risk,trait,PdHa,1,-1.0,0.0,0.0,0.0,0.0,0.0,0.0,0.0,-0.0,-0.0,-0.0,1.0,4,0,0,corrected_integrated_root
gptoss,1,risk,trait,PdHr,1,-1.0,0.0,0.0,0.0,0.0,0.0,0.0,0.0,-0.0,-0.0,-0.0,1.0,4,0,0,corrected_integrated_root
gptoss,1,risk,trait,PdNc,1,-1.0,0.0,0.0,0.0,0.0,0.0,0.0,0.0,-0.0,-0.0,-0.0,1.0,4,0,0,corrected_integrated_root
gptoss,1,risk,trait,PdPc,1,-1.0,0.0,0.0,0.0,0.0,0.0,0.0,0.0,-0.0,-0.0,-0.0,1.0,4,0,0,corrected_integrated_root
gptoss,1,risk,trait,PdPd,1,-1.0,0.0,0.0,0.0,0.0,0.0,0.0,0.0,-0.0,-0.0,-0.0,1.0,4,0,0,corrected_integrated_root
gptoss,1,risk,trait,PdSh,1,-1.0,0.0,0.0,0.0,0.0,0.0,0.0,0.0,-0.0,-0.0,-0.0,1.0,4,0,0,corrected_integrated_root
gptoss,1,risk,trait,ShAs,1,-1.0,1.0,0.0,0.0,-1.0,-1.0,1.0,1.0,1.0,1.0,-0.0,0.0,4,4,4,corrected_integrated_root
gptoss,1,risk,trait,ShBa,1,-1.0,0.25,0.0,0.5,-0.25,0.25,0.25,0.25,0.25,-0.25,0.5,0.75,4,1,1,corrected_integrated_root
gptoss,1,risk,trait,ShCh,1,-1.0,0.25,0.0,0.0,-0.25,-0.25,0.25,0.25,0.25,0.25,-0.0,0.75,4,1,1,corrected_integrated_root
gptoss,1,risk,trait,ShCm,1,-1.0,0.0,0.0,0.0,0.0,0.0,0.0,0.0,-0.0,-0.0,-0.0,1.0,4,0,0,corrected_integrated_root
gptoss,1,risk,trait,ShCo,1,-1.0,0.75,0.0,0.75,-0.75,0.0,0.75,0.0,0.75,-0.0,0.75,0.25,4,3,3,corrected_integrated_root
gptoss,1,risk,trait,ShDl,1,-1.0,0.0,0.0,0.0,0.0,0.0,0.0,0.0,-0.0,-0.0,-0.0,1.0,4,0,0,corrected_integrated_root
gptoss,1,risk,trait,ShHa,1,-1.0,1.0,0.0,0.75,-1.0,-0.25,1.0,0.25,1.0,0.25,0.75,0.0,4,4,4,corrected_integrated_root
gptoss,1,risk,trait,ShHr,1,-1.0,0.25,0.0,0.25,-0.25,0.0,0.25,0.0,0.25,-0.0,0.25,0.75,4,1,1,corrected_integrated_root
gptoss,1,risk,trait,ShNc,1,-1.0,0.75,0.0,1.0,-0.75,0.25,0.75,0.25,0.75,-0.25,1.0,0.25,4,3,3,corrected_integrated_root
gptoss,1,risk,trait,ShPc,1,-1.0,0.75,0.0,0.5,-0.75,-0.25,0.75,0.25,0.75,0.25,0.5,0.25,4,3,3,corrected_integrated_root
gptoss,1,risk,trait,ShPd,1,-1.0,0.0,0.0,0.0,0.0,0.0,0.0,0.0,-0.0,-0.0,-0.0,1.0,4,0,0,corrected_integrated_root
gptoss,1,risk,trait,ShSh,1,-1.0,0.75,0.0,0.0,-0.75,-0.75,0.75,0.75,0.75,0.75,-0.0,0.25,4,3,3,corrected_integrated_root
gptoss,1,loss,trait,AsAs,1,-1.0,0.75,0.0,0.75,-0.75,0.0,0.75,0.0,0.75,-0.0,0.75,0.25,4,3,3,corrected_integrated_root
gptoss,1,loss,trait,AsBa,1,-1.0,0.25,0.0,0.0,-0.25,-0.25,0.25,0.25,0.25,0.25,-0.0,0.75,4,1,1,corrected_integrated_root
gptoss,1,loss,trait,AsCh,1,-1.0,0.0,0.0,0.25,0.0,0.25,0.0,0.25,-0.0,-0.25,0.25,1.0,4,0,0,corrected_integrated_root
gptoss,1,loss,trait,AsCm,1,-1.0,0.25,0.0,0.0,-0.25,-0.25,0.25,0.25,0.25,0.25,-0.0,0.75,4,1,1,corrected_integrated_root
gptoss,1,loss,trait,AsCo,1,-1.0,0.75,0.0,0.5,-0.75,-0.25,0.75,0.25,0.75,0.25,0.5,0.25,4,3,3,corrected_integrated_root
gptoss,1,loss,trait,AsDl,1,-1.0,0.0,0.0,0.0,0.0,0.0,0.0,0.0,-0.0,-0.0,-0.0,1.0,4,0,0,corrected_integrated_root
gptoss,1,loss,trait,AsHa,1,-1.0,1.0,0.0,0.75,-1.0,-0.25,1.0,0.25,1.0,0.25,0.75,0.0,4,4,4,corrected_integrated_root
gptoss,1,loss,trait,AsHr,1,-1.0,0.0,0.0,0.0,0.0,0.0,0.0,0.0,-0.0,-0.0,-0.0,1.0,4,0,0,corrected_integrated_root
gptoss,1,loss,trait,AsNc,1,-1.0,1.0,0.0,0.75,-1.0,-0.25,1.0,0.25,1.0,0.25,0.75,0.0,4,4,4,corrected_integrated_root
gptoss,1,loss,trait,AsPc,1,-1.0,1.0,0.0,0.75,-1.0,-0.25,1.0,0.25,1.0,0.25,0.75,0.0,4,4,4,corrected_integrated_root
gptoss,1,loss,trait,AsPd,1,-1.0,0.0,0.0,0.0,0.0,0.0,0.0,0.0,-0.0,-0.0,-0.0,1.0,4,0,0,corrected_integrated_root
gptoss,1,loss,trait,AsSh,1,-1.0,0.5,0.0,0.25,-0.5,-0.25,0.5,0.25,0.5,0.25,0.25,0.5,4,2,2,corrected_integrated_root
gptoss,1,loss,trait,BaAs,0,1.0,0.75,1.0,1.0,0.25,0.25,0.25,0.25,0.25,0.25,0.0,0.75,4,1,1,corrected_integrated_root
gptoss,1,loss,trait,BaBa,0,1.0,0.25,1.0,0.0,0.75,-0.25,0.75,0.25,0.75,-0.25,1.0,0.25,4,3,3,corrected_integrated_root
gptoss,1,loss,trait,BaCh,0,1.0,0.75,1.0,0.25,0.25,-0.5,0.25,0.5,0.25,-0.5,0.75,0.75,4,1,1,corrected_integrated_root
gptoss,1,loss,trait,BaCm,0,1.0,0.5,1.0,0.25,0.5,-0.25,0.5,0.25,0.5,-0.25,0.75,0.5,4,2,2,corrected_integrated_root
gptoss,1,loss,trait,BaCo,0,1.0,0.75,1.0,0.0,0.25,-0.75,0.25,0.75,0.25,-0.75,1.0,0.75,4,1,1,corrected_integrated_root
gptoss,1,loss,trait,BaDl,0,1.0,1.0,1.0,1.0,0.0,0.0,0.0,0.0,0.0,0.0,0.0,1.0,4,0,0,corrected_integrated_root
gptoss,1,loss,trait,BaHa,0,1.0,0.25,1.0,0.0,0.75,-0.25,0.75,0.25,0.75,-0.25,1.0,0.25,4,3,3,corrected_integrated_root
gptoss,1,loss,trait,BaHr,0,1.0,0.5,1.0,0.0,0.5,-0.5,0.5,0.5,0.5,-0.5,1.0,0.5,4,2,2,corrected_integrated_root
gptoss,1,loss,trait,BaNc,0,1.0,0.5,1.0,0.25,0.5,-0.25,0.5,0.25,0.5,-0.25,0.75,0.5,4,2,2,corrected_integrated_root
gptoss,1,loss,trait,BaPc,0,1.0,0.25,1.0,0.0,0.75,-0.25,0.75,0.25,0.75,-0.25,1.0,0.25,4,3,3,corrected_integrated_root
gptoss,1,loss,trait,BaPd,0,1.0,1.0,1.0,1.0,0.0,0.0,0.0,0.0,0.0,0.0,0.0,1.0,4,0,0,corrected_integrated_root
gptoss,1,loss,trait,BaSh,0,1.0,1.0,1.0,0.75,0.0,-0.25,0.0,0.25,0.0,-0.25,0.25,1.0,4,0,0,corrected_integrated_root
gptoss,1,loss,trait,ChAs,0,1.0,0.5,1.0,1.0,0.5,0.5,0.5,0.5,0.5,0.5,0.0,0.5,4,2,2,corrected_integrated_root
gptoss,1,loss,trait,ChBa,0,1.0,0.25,1.0,0.0,0.75,-0.25,0.75,0.25,0.75,-0.25,1.0,0.25,4,3,3,corrected_integrated_root
gptoss,1,loss,trait,ChCh,0,1.0,1.0,1.0,0.5,0.0,-0.5,0.0,0.5,0.0,-0.5,0.5,1.0,4,0,0,corrected_integrated_root
gptoss,1,loss,trait,ChCm,0,1.0,1.0,1.0,0.5,0.0,-0.5,0.0,0.5,0.0,-0.5,0.5,1.0,4,0,0,corrected_integrated_root
gptoss,1,loss,trait,ChCo,0,1.0,0.5,1.0,0.0,0.5,-0.5,0.5,0.5,0.5,-0.5,1.0,0.5,4,2,2,corrected_integrated_root
gptoss,1,loss,trait,ChDl,0,1.0,1.0,1.0,1.0,0.0,0.0,0.0,0.0,0.0,0.0,0.0,1.0,4,0,0,corrected_integrated_root
gptoss,1,loss,trait,ChHa,0,1.0,0.25,1.0,0.5,0.75,0.25,0.75,0.25,0.75,0.25,0.5,0.25,4,3,3,corrected_integrated_root
gptoss,1,loss,trait,ChHr,0,1.0,0.0,1.0,0.0,1.0,0.0,1.0,0.0,1.0,0.0,1.0,0.0,4,4,4,corrected_integrated_root
gptoss,1,loss,trait,ChNc,0,1.0,0.75,1.0,0.25,0.25,-0.5,0.25,0.5,0.25,-0.5,0.75,0.75,4,1,1,corrected_integrated_root
gptoss,1,loss,trait,ChPc,0,1.0,0.0,1.0,0.0,1.0,0.0,1.0,0.0,1.0,0.0,1.0,0.0,4,4,4,corrected_integrated_root
gptoss,1,loss,trait,ChPd,0,1.0,1.0,1.0,1.0,0.0,0.0,0.0,0.0,0.0,0.0,0.0,1.0,4,0,0,corrected_integrated_root
gptoss,1,loss,trait,ChSh,0,1.0,1.0,1.0,0.5,0.0,-0.5,0.0,0.5,0.0,-0.5,0.5,1.0,4,0,0,corrected_integrated_root
gptoss,1,loss,trait,CmAs,1,-2.0,0.0,0.0,0.0,0.0,0.0,0.0,0.0,-0.0,-0.0,-0.0,1.0,4,0,0,corrected_integrated_root
gptoss,1,loss,trait,CmBa,1,-2.0,0.0,0.0,0.0,0.0,0.0,0.0,0.0,-0.0,-0.0,-0.0,1.0,4,0,0,corrected_integrated_root
gptoss,1,loss,trait,CmCh,1,-2.0,0.0,0.0,0.0,0.0,0.0,0.0,0.0,-0.0,-0.0,-0.0,1.0,4,0,0,corrected_integrated_root
gptoss,1,loss,trait,CmCm,1,-2.0,0.0,0.0,0.0,0.0,0.0,0.0,0.0,-0.0,-0.0,-0.0,1.0,4,0,0,corrected_integrated_root
gptoss,1,loss,trait,CmCo,1,-2.0,0.0,0.0,0.0,0.0,0.0,0.0,0.0,-0.0,-0.0,-0.0,1.0,4,0,0,corrected_integrated_root
gptoss,1,loss,trait,CmDl,1,-2.0,0.0,0.0,0.0,0.0,0.0,0.0,0.0,-0.0,-0.0,-0.0,1.0,4,0,0,corrected_integrated_root
gptoss,1,loss,trait,CmHa,1,-2.0,0.0,0.0,0.0,0.0,0.0,0.0,0.0,-0.0,-0.0,-0.0,1.0,4,0,0,corrected_integrated_root
gptoss,1,loss,trait,CmHr,1,-2.0,0.0,0.0,0.0,0.0,0.0,0.0,0.0,-0.0,-0.0,-0.0,1.0,4,0,0,corrected_integrated_root
gptoss,1,loss,trait,CmNc,1,-2.0,0.0,0.0,0.0,0.0,0.0,0.0,0.0,-0.0,-0.0,-0.0,1.0,4,0,0,corrected_integrated_root
gptoss,1,loss,trait,CmPc,1,-2.0,0.0,0.0,0.0,0.0,0.0,0.0,0.0,-0.0,-0.0,-0.0,1.0,4,0,0,corrected_integrated_root
gptoss,1,loss,trait,CmPd,1,-2.0,0.0,0.0,0.0,0.0,0.0,0.0,0.0,-0.0,-0.0,-0.0,1.0,4,0,0,corrected_integrated_root
gptoss,1,loss,trait,CmSh,1,-2.0,0.0,0.0,0.0,0.0,0.0,0.0,0.0,-0.0,-0.0,-0.0,1.0,4,0,0,corrected_integrated_root
gptoss,1,loss,trait,CoAs,0,1.0,0.75,1.0,1.0,0.25,0.25,0.25,0.25,0.25,0.25,0.0,0.75,4,1,1,corrected_integrated_root
gptoss,1,loss,trait,CoBa,0,1.0,1.0,1.0,1.0,0.0,0.0,0.0,0.0,0.0,0.0,0.0,1.0,4,0,0,corrected_integrated_root
gptoss,1,loss,trait,CoCh,0,1.0,0.5,1.0,0.75,0.5,0.25,0.5,0.25,0.5,0.25,0.25,0.5,4,2,2,corrected_integrated_root
gptoss,1,loss,trait,CoCm,0,1.0,0.0,1.0,0.0,1.0,0.0,1.0,0.0,1.0,0.0,1.0,0.0,4,4,4,corrected_integrated_root
gptoss,1,loss,trait,CoCo,0,1.0,0.5,1.0,0.75,0.5,0.25,0.5,0.25,0.5,0.25,0.25,0.5,4,2,2,corrected_integrated_root
gptoss,1,loss,trait,CoDl,0,1.0,0.0,1.0,0.0,1.0,0.0,1.0,0.0,1.0,0.0,1.0,0.0,4,4,4,corrected_integrated_root
gptoss,1,loss,trait,CoHa,0,1.0,1.0,1.0,1.0,0.0,0.0,0.0,0.0,0.0,0.0,0.0,1.0,4,0,0,corrected_integrated_root
gptoss,1,loss,trait,CoHr,0,1.0,0.5,1.0,0.75,0.5,0.25,0.5,0.25,0.5,0.25,0.25,0.5,4,2,2,corrected_integrated_root
gptoss,1,loss,trait,CoNc,0,1.0,0.25,1.0,1.0,0.75,0.75,0.75,0.75,0.75,0.75,0.0,0.25,4,3,3,corrected_integrated_root
gptoss,1,loss,trait,CoPc,0,1.0,1.0,1.0,1.0,0.0,0.0,0.0,0.0,0.0,0.0,0.0,1.0,4,0,0,corrected_integrated_root
gptoss,1,loss,trait,CoPd,0,1.0,0.0,1.0,0.25,1.0,0.25,1.0,0.25,1.0,0.25,0.75,0.0,4,4,4,corrected_integrated_root
gptoss,1,loss,trait,CoSh,0,1.0,0.25,1.0,0.75,0.75,0.5,0.75,0.5,0.75,0.5,0.25,0.25,4,3,3,corrected_integrated_root
gptoss,1,loss,trait,DlAs,1,-2.0,0.0,0.0,0.0,0.0,0.0,0.0,0.0,-0.0,-0.0,-0.0,1.0,4,0,0,corrected_integrated_root
gptoss,1,loss,trait,DlBa,1,-2.0,0.0,0.0,0.0,0.0,0.0,0.0,0.0,-0.0,-0.0,-0.0,1.0,4,0,0,corrected_integrated_root
gptoss,1,loss,trait,DlCh,1,-2.0,0.0,0.0,0.0,0.0,0.0,0.0,0.0,-0.0,-0.0,-0.0,1.0,4,0,0,corrected_integrated_root
gptoss,1,loss,trait,DlCm,1,-2.0,0.0,0.0,0.0,0.0,0.0,0.0,0.0,-0.0,-0.0,-0.0,1.0,4,0,0,corrected_integrated_root
gptoss,1,loss,trait,DlCo,1,-2.0,0.0,0.0,0.0,0.0,0.0,0.0,0.0,-0.0,-0.0,-0.0,1.0,4,0,0,corrected_integrated_root
gptoss,1,loss,trait,DlDl,1,-2.0,0.0,0.0,0.0,0.0,0.0,0.0,0.0,-0.0,-0.0,-0.0,1.0,4,0,0,corrected_integrated_root
gptoss,1,loss,trait,DlHa,1,-2.0,0.0,0.0,0.0,0.0,0.0,0.0,0.0,-0.0,-0.0,-0.0,1.0,4,0,0,corrected_integrated_root
gptoss,1,loss,trait,DlHr,1,-2.0,0.0,0.0,0.0,0.0,0.0,0.0,0.0,-0.0,-0.0,-0.0,1.0,4,0,0,corrected_integrated_root
gptoss,1,loss,trait,DlNc,1,-2.0,0.0,0.0,0.0,0.0,0.0,0.0,0.0,-0.0,-0.0,-0.0,1.0,4,0,0,corrected_integrated_root
gptoss,1,loss,trait,DlPc,1,-2.0,0.0,0.0,0.0,0.0,0.0,0.0,0.0,-0.0,-0.0,-0.0,1.0,4,0,0,corrected_integrated_root
gptoss,1,loss,trait,DlPd,1,-2.0,0.0,0.0,0.0,0.0,0.0,0.0,0.0,-0.0,-0.0,-0.0,1.0,4,0,0,corrected_integrated_root
gptoss,1,loss,trait,DlSh,1,-2.0,0.0,0.0,0.0,0.0,0.0,0.0,0.0,-0.0,-0.0,-0.0,1.0,4,0,0,corrected_integrated_root
gptoss,1,loss,trait,HaAs,0,2.0,1.0,1.0,1.0,0.0,0.0,0.0,0.0,0.0,0.0,0.0,1.0,4,0,0,corrected_integrated_root
gptoss,1,loss,trait,HaBa,0,2.0,1.0,1.0,1.0,0.0,0.0,0.0,0.0,0.0,0.0,0.0,1.0,4,0,0,corrected_integrated_root
gptoss,1,loss,trait,HaCh,0,2.0,1.0,1.0,1.0,0.0,0.0,0.0,0.0,0.0,0.0,0.0,1.0,4,0,0,corrected_integrated_root
gptoss,1,loss,trait,HaCm,0,2.0,1.0,1.0,1.0,0.0,0.0,0.0,0.0,0.0,0.0,0.0,1.0,4,0,0,corrected_integrated_root
gptoss,1,loss,trait,HaCo,0,2.0,1.0,1.0,1.0,0.0,0.0,0.0,0.0,0.0,0.0,0.0,1.0,4,0,0,corrected_integrated_root
gptoss,1,loss,trait,HaDl,0,2.0,1.0,1.0,1.0,0.0,0.0,0.0,0.0,0.0,0.0,0.0,1.0,4,0,0,corrected_integrated_root
gptoss,1,loss,trait,HaHa,0,2.0,1.0,1.0,1.0,0.0,0.0,0.0,0.0,0.0,0.0,0.0,1.0,4,0,0,corrected_integrated_root
gptoss,1,loss,trait,HaHr,0,2.0,1.0,1.0,1.0,0.0,0.0,0.0,0.0,0.0,0.0,0.0,1.0,4,0,0,corrected_integrated_root
gptoss,1,loss,trait,HaNc,0,2.0,1.0,1.0,1.0,0.0,0.0,0.0,0.0,0.0,0.0,0.0,1.0,4,0,0,corrected_integrated_root
gptoss,1,loss,trait,HaPc,0,2.0,1.0,1.0,1.0,0.0,0.0,0.0,0.0,0.0,0.0,0.0,1.0,4,0,0,corrected_integrated_root
gptoss,1,loss,trait,HaPd,0,2.0,1.0,1.0,1.0,0.0,0.0,0.0,0.0,0.0,0.0,0.0,1.0,4,0,0,corrected_integrated_root
gptoss,1,loss,trait,HaSh,0,2.0,1.0,1.0,1.0,0.0,0.0,0.0,0.0,0.0,0.0,0.0,1.0,4,0,0,corrected_integrated_root
gptoss,1,loss,trait,HrAs,1,-1.0,0.25,0.0,0.25,-0.25,0.0,0.25,0.0,0.25,-0.0,0.25,0.75,4,1,1,corrected_integrated_root
gptoss,1,loss,trait,HrBa,1,-1.0,0.0,0.0,0.0,0.0,0.0,0.0,0.0,-0.0,-0.0,-0.0,1.0,4,0,0,corrected_integrated_root
gptoss,1,loss,trait,HrCh,1,-1.0,0.25,0.0,0.75,-0.25,0.5,0.25,0.5,0.25,-0.5,0.75,0.75,4,1,1,corrected_integrated_root
gptoss,1,loss,trait,HrCm,1,-1.0,0.75,0.0,0.75,-0.75,0.0,0.75,0.0,0.75,-0.0,0.75,0.25,4,3,3,corrected_integrated_root
gptoss,1,loss,trait,HrCo,1,-1.0,0.0,0.0,0.0,0.0,0.0,0.0,0.0,-0.0,-0.0,-0.0,1.0,4,0,0,corrected_integrated_root
gptoss,1,loss,trait,HrDl,1,-1.0,1.0,0.0,0.75,-1.0,-0.25,1.0,0.25,1.0,0.25,0.75,0.0,4,4,4,corrected_integrated_root
gptoss,1,loss,trait,HrHa,1,-1.0,0.25,0.0,0.0,-0.25,-0.25,0.25,0.25,0.25,0.25,-0.0,0.75,4,1,1,corrected_integrated_root
gptoss,1,loss,trait,HrHr,1,-1.0,0.25,0.0,0.0,-0.25,-0.25,0.25,0.25,0.25,0.25,-0.0,0.75,4,1,1,corrected_integrated_root
gptoss,1,loss,trait,HrNc,1,-1.0,0.25,0.0,0.5,-0.25,0.25,0.25,0.25,0.25,-0.25,0.5,0.75,4,1,1,corrected_integrated_root
gptoss,1,loss,trait,HrPc,1,-1.0,0.0,0.0,0.0,0.0,0.0,0.0,0.0,-0.0,-0.0,-0.0,1.0,4,0,0,corrected_integrated_root
gptoss,1,loss,trait,HrPd,1,-1.0,1.0,0.0,1.0,-1.0,0.0,1.0,0.0,1.0,-0.0,1.0,0.0,4,4,4,corrected_integrated_root
gptoss,1,loss,trait,HrSh,1,-1.0,0.75,0.0,0.75,-0.75,0.0,0.75,0.0,0.75,-0.0,0.75,0.25,4,3,3,corrected_integrated_root
gptoss,1,loss,trait,NcAs,0,1.0,1.0,1.0,1.0,0.0,0.0,0.0,0.0,0.0,0.0,0.0,1.0,4,0,0,corrected_integrated_root
gptoss,1,loss,trait,NcBa,0,1.0,1.0,1.0,1.0,0.0,0.0,0.0,0.0,0.0,0.0,0.0,1.0,4,0,0,corrected_integrated_root
gptoss,1,loss,trait,NcCh,0,1.0,1.0,1.0,1.0,0.0,0.0,0.0,0.0,0.0,0.0,0.0,1.0,4,0,0,corrected_integrated_root
gptoss,1,loss,trait,NcCm,0,1.0,1.0,1.0,1.0,0.0,0.0,0.0,0.0,0.0,0.0,0.0,1.0,4,0,0,corrected_integrated_root
gptoss,1,loss,trait,NcCo,0,1.0,1.0,1.0,1.0,0.0,0.0,0.0,0.0,0.0,0.0,0.0,1.0,4,0,0,corrected_integrated_root
gptoss,1,loss,trait,NcDl,0,1.0,1.0,1.0,1.0,0.0,0.0,0.0,0.0,0.0,0.0,0.0,1.0,4,0,0,corrected_integrated_root
gptoss,1,loss,trait,NcHa,0,1.0,1.0,1.0,1.0,0.0,0.0,0.0,0.0,0.0,0.0,0.0,1.0,4,0,0,corrected_integrated_root
gptoss,1,loss,trait,NcHr,0,1.0,1.0,1.0,1.0,0.0,0.0,0.0,0.0,0.0,0.0,0.0,1.0,4,0,0,corrected_integrated_root
gptoss,1,loss,trait,NcNc,0,1.0,1.0,1.0,1.0,0.0,0.0,0.0,0.0,0.0,0.0,0.0,1.0,4,0,0,corrected_integrated_root
gptoss,1,loss,trait,NcPc,0,1.0,1.0,1.0,1.0,0.0,0.0,0.0,0.0,0.0,0.0,0.0,1.0,4,0,0,corrected_integrated_root
gptoss,1,loss,trait,NcPd,0,1.0,1.0,1.0,1.0,0.0,0.0,0.0,0.0,0.0,0.0,0.0,1.0,4,0,0,corrected_integrated_root
gptoss,1,loss,trait,NcSh,0,1.0,1.0,1.0,1.0,0.0,0.0,0.0,0.0,0.0,0.0,0.0,1.0,4,0,0,corrected_integrated_root
gptoss,1,loss,trait,PcAs,0,2.0,1.0,1.0,1.0,0.0,0.0,0.0,0.0,0.0,0.0,0.0,1.0,4,0,0,corrected_integrated_root
gptoss,1,loss,trait,PcBa,0,2.0,1.0,1.0,1.0,0.0,0.0,0.0,0.0,0.0,0.0,0.0,1.0,4,0,0,corrected_integrated_root
gptoss,1,loss,trait,PcCh,0,2.0,1.0,1.0,1.0,0.0,0.0,0.0,0.0,0.0,0.0,0.0,1.0,4,0,0,corrected_integrated_root
gptoss,1,loss,trait,PcCm,0,2.0,1.0,1.0,1.0,0.0,0.0,0.0,0.0,0.0,0.0,0.0,1.0,4,0,0,corrected_integrated_root
gptoss,1,loss,trait,PcCo,0,2.0,1.0,1.0,1.0,0.0,0.0,0.0,0.0,0.0,0.0,0.0,1.0,4,0,0,corrected_integrated_root
gptoss,1,loss,trait,PcDl,0,2.0,1.0,1.0,1.0,0.0,0.0,0.0,0.0,0.0,0.0,0.0,1.0,4,0,0,corrected_integrated_root
gptoss,1,loss,trait,PcHa,0,2.0,1.0,1.0,1.0,0.0,0.0,0.0,0.0,0.0,0.0,0.0,1.0,4,0,0,corrected_integrated_root
gptoss,1,loss,trait,PcHr,0,2.0,1.0,1.0,1.0,0.0,0.0,0.0,0.0,0.0,0.0,0.0,1.0,4,0,0,corrected_integrated_root
gptoss,1,loss,trait,PcNc,0,2.0,1.0,1.0,1.0,0.0,0.0,0.0,0.0,0.0,0.0,0.0,1.0,4,0,0,corrected_integrated_root
gptoss,1,loss,trait,PcPc,0,2.0,1.0,1.0,1.0,0.0,0.0,0.0,0.0,0.0,0.0,0.0,1.0,4,0,0,corrected_integrated_root
gptoss,1,loss,trait,PcPd,0,2.0,1.0,1.0,1.0,0.0,0.0,0.0,0.0,0.0,0.0,0.0,1.0,4,0,0,corrected_integrated_root
gptoss,1,loss,trait,PcSh,0,2.0,1.0,1.0,1.0,0.0,0.0,0.0,0.0,0.0,0.0,0.0,1.0,4,0,0,corrected_integrated_root
gptoss,1,loss,trait,PdAs,1,-1.0,0.0,0.0,0.0,0.0,0.0,0.0,0.0,-0.0,-0.0,-0.0,1.0,4,0,0,corrected_integrated_root
gptoss,1,loss,trait,PdBa,1,-1.0,0.0,0.0,0.0,0.0,0.0,0.0,0.0,-0.0,-0.0,-0.0,1.0,4,0,0,corrected_integrated_root
gptoss,1,loss,trait,PdCh,1,-1.0,0.0,0.0,0.0,0.0,0.0,0.0,0.0,-0.0,-0.0,-0.0,1.0,4,0,0,corrected_integrated_root
gptoss,1,loss,trait,PdCm,1,-1.0,0.0,0.0,0.0,0.0,0.0,0.0,0.0,-0.0,-0.0,-0.0,1.0,4,0,0,corrected_integrated_root
gptoss,1,loss,trait,PdCo,1,-1.0,0.0,0.0,0.0,0.0,0.0,0.0,0.0,-0.0,-0.0,-0.0,1.0,4,0,0,corrected_integrated_root
gptoss,1,loss,trait,PdDl,1,-1.0,0.0,0.0,0.0,0.0,0.0,0.0,0.0,-0.0,-0.0,-0.0,1.0,4,0,0,corrected_integrated_root
gptoss,1,loss,trait,PdHa,1,-1.0,0.0,0.0,0.0,0.0,0.0,0.0,0.0,-0.0,-0.0,-0.0,1.0,4,0,0,corrected_integrated_root
gptoss,1,loss,trait,PdHr,1,-1.0,0.0,0.0,0.0,0.0,0.0,0.0,0.0,-0.0,-0.0,-0.0,1.0,4,0,0,corrected_integrated_root
gptoss,1,loss,trait,PdNc,1,-1.0,0.0,0.0,0.0,0.0,0.0,0.0,0.0,-0.0,-0.0,-0.0,1.0,4,0,0,corrected_integrated_root
gptoss,1,loss,trait,PdPc,1,-1.0,0.0,0.0,0.0,0.0,0.0,0.0,0.0,-0.0,-0.0,-0.0,1.0,4,0,0,corrected_integrated_root
gptoss,1,loss,trait,PdPd,1,-1.0,0.0,0.0,0.0,0.0,0.0,0.0,0.0,-0.0,-0.0,-0.0,1.0,4,0,0,corrected_integrated_root
gptoss,1,loss,trait,PdSh,1,-1.0,0.0,0.0,0.0,0.0,0.0,0.0,0.0,-0.0,-0.0,-0.0,1.0,4,0,0,corrected_integrated_root
gptoss,1,loss,trait,ShAs,1,-1.0,1.0,0.0,0.0,-1.0,-1.0,1.0,1.0,1.0,1.0,-0.0,0.0,4,4,4,corrected_integrated_root
gptoss,1,loss,trait,ShBa,1,-1.0,0.25,0.0,0.5,-0.25,0.25,0.25,0.25,0.25,-0.25,0.5,0.75,4,1,1,corrected_integrated_root
gptoss,1,loss,trait,ShCh,1,-1.0,0.25,0.0,0.0,-0.25,-0.25,0.25,0.25,0.25,0.25,-0.0,0.75,4,1,1,corrected_integrated_root
gptoss,1,loss,trait,ShCm,1,-1.0,0.0,0.0,0.0,0.0,0.0,0.0,0.0,-0.0,-0.0,-0.0,1.0,4,0,0,corrected_integrated_root
gptoss,1,loss,trait,ShCo,1,-1.0,0.75,0.0,0.75,-0.75,0.0,0.75,0.0,0.75,-0.0,0.75,0.25,4,3,3,corrected_integrated_root
gptoss,1,loss,trait,ShDl,1,-1.0,0.0,0.0,0.0,0.0,0.0,0.0,0.0,-0.0,-0.0,-0.0,1.0,4,0,0,corrected_integrated_root
gptoss,1,loss,trait,ShHa,1,-1.0,1.0,0.0,0.75,-1.0,-0.25,1.0,0.25,1.0,0.25,0.75,0.0,4,4,4,corrected_integrated_root
gptoss,1,loss,trait,ShHr,1,-1.0,0.25,0.0,0.25,-0.25,0.0,0.25,0.0,0.25,-0.0,0.25,0.75,4,1,1,corrected_integrated_root
gptoss,1,loss,trait,ShNc,1,-1.0,0.75,0.0,1.0,-0.75,0.25,0.75,0.25,0.75,-0.25,1.0,0.25,4,3,3,corrected_integrated_root
gptoss,1,loss,trait,ShPc,1,-1.0,0.75,0.0,0.5,-0.75,-0.25,0.75,0.25,0.75,0.25,0.5,0.25,4,3,3,corrected_integrated_root
gptoss,1,loss,trait,ShPd,1,-1.0,0.0,0.0,0.0,0.0,0.0,0.0,0.0,-0.0,-0.0,-0.0,1.0,4,0,0,corrected_integrated_root
gptoss,1,loss,trait,ShSh,1,-1.0,0.75,0.0,0.0,-0.75,-0.75,0.75,0.75,0.75,0.75,-0.0,0.25,4,3,3,corrected_integrated_root
gptoss,1,inequity,trait,AsBa,1,-1.0,0.25,0.0,0.0,-0.25,-0.25,0.25,0.25,0.25,0.25,-0.0,0.75,4,1,1,corrected_integrated_root
gptoss,1,inequity,trait,AsCh,1,-1.0,0.0,0.0,0.25,0.0,0.25,0.0,0.25,-0.0,-0.25,0.25,1.0,4,0,0,corrected_integrated_root
gptoss,1,inequity,trait,AsCm,1,-3.0,0.25,0.0,0.0,-0.25,-0.25,0.25,0.25,0.25,0.25,-0.0,0.75,4,1,1,corrected_integrated_root
gptoss,1,inequity,trait,AsDl,1,-2.0,0.0,0.0,0.0,0.0,0.0,0.0,0.0,-0.0,-0.0,-0.0,1.0,4,0,0,corrected_integrated_root
gptoss,1,inequity,trait,AsHa,0,1.0,1.0,1.0,0.75,0.0,-0.25,0.0,0.25,0.0,-0.25,0.25,1.0,4,0,0,corrected_integrated_root
gptoss,1,inequity,trait,AsHr,1,-2.0,0.0,0.0,0.0,0.0,0.0,0.0,0.0,-0.0,-0.0,-0.0,1.0,4,0,0,corrected_integrated_root
gptoss,1,inequity,trait,AsPc,0,1.0,1.0,1.0,0.75,0.0,-0.25,0.0,0.25,0.0,-0.25,0.25,1.0,4,0,0,corrected_integrated_root
gptoss,1,inequity,trait,AsPd,1,-1.0,0.0,0.0,0.0,0.0,0.0,0.0,0.0,-0.0,-0.0,-0.0,1.0,4,0,0,corrected_integrated_root
gptoss,1,inequity,trait,BaAs,0,1.0,0.75,1.0,1.0,0.25,0.25,0.25,0.25,0.25,0.25,0.0,0.75,4,1,1,corrected_integrated_root
gptoss,1,inequity,trait,BaCm,0,1.0,0.5,1.0,0.25,0.5,-0.25,0.5,0.25,0.5,-0.25,0.75,0.5,4,2,2,corrected_integrated_root
gptoss,1,inequity,trait,BaDl,0,2.0,1.0,1.0,1.0,0.0,0.0,0.0,0.0,0.0,0.0,0.0,1.0,4,0,0,corrected_integrated_root
gptoss,1,inequity,trait,BaHa,1,-1.0,0.25,0.0,0.0,-0.25,-0.25,0.25,0.25,0.25,0.25,-0.0,0.75,4,1,1,corrected_integrated_root
gptoss,1,inequity,trait,BaPc,1,-1.0,0.25,0.0,0.0,-0.25,-0.25,0.25,0.25,0.25,0.25,-0.0,0.75,4,1,1,corrected_integrated_root
gptoss,1,inequity,trait,BaPd,0,1.0,1.0,1.0,1.0,0.0,0.0,0.0,0.0,0.0,0.0,0.0,1.0,4,0,0,corrected_integrated_root
gptoss,1,inequity,trait,BaSh,0,1.0,1.0,1.0,0.75,0.0,-0.25,0.0,0.25,0.0,-0.25,0.25,1.0,4,0,0,corrected_integrated_root
gptoss,1,inequity,trait,ChAs,0,2.0,0.5,1.0,1.0,0.5,0.5,0.5,0.5,0.5,0.5,0.0,0.5,4,2,2,corrected_integrated_root
gptoss,1,inequity,trait,ChBa,1,-1.0,0.25,0.0,0.0,-0.25,-0.25,0.25,0.25,0.25,0.25,-0.0,0.75,4,1,1,corrected_integrated_root
gptoss,1,inequity,trait,ChCo,0,1.0,0.5,1.0,0.0,0.5,-0.5,0.5,0.5,0.5,-0.5,1.0,0.5,4,2,2,corrected_integrated_root
gptoss,1,inequity,trait,ChDl,0,1.0,1.0,1.0,1.0,0.0,0.0,0.0,0.0,0.0,0.0,0.0,1.0,4,0,0,corrected_integrated_root
gptoss,1,inequity,trait,ChHr,1,-1.0,0.0,0.0,0.0,0.0,0.0,0.0,0.0,-0.0,-0.0,-0.0,1.0,4,0,0,corrected_integrated_root
gptoss,1,inequity,trait,ChPd,0,1.0,1.0,1.0,1.0,0.0,0.0,0.0,0.0,0.0,0.0,0.0,1.0,4,0,0,corrected_integrated_root
gptoss,1,inequity,trait,ChSh,0,1.0,1.0,1.0,0.5,0.0,-0.5,0.0,0.5,0.0,-0.5,0.5,1.0,4,0,0,corrected_integrated_root
gptoss,1,inequity,trait,CmCo,1,-1.0,0.0,0.0,0.0,0.0,0.0,0.0,0.0,-0.0,-0.0,-0.0,1.0,4,0,0,corrected_integrated_root
gptoss,1,inequity,trait,CmPc,1,-1.0,0.0,0.0,0.0,0.0,0.0,0.0,0.0,-0.0,-0.0,-0.0,1.0,4,0,0,corrected_integrated_root
gptoss,1,inequity,trait,CoCm,1,-2.0,0.0,0.0,0.0,0.0,0.0,0.0,0.0,-0.0,-0.0,-0.0,1.0,4,0,0,corrected_integrated_root
gptoss,1,inequity,trait,CoDl,1,-2.0,0.0,0.0,0.0,0.0,0.0,0.0,0.0,-0.0,-0.0,-0.0,1.0,4,0,0,corrected_integrated_root
gptoss,1,inequity,trait,CoHa,0,2.0,1.0,1.0,1.0,0.0,0.0,0.0,0.0,0.0,0.0,0.0,1.0,4,0,0,corrected_integrated_root
gptoss,1,inequity,trait,CoHr,1,-1.0,0.5,0.0,0.75,-0.5,0.25,0.5,0.25,0.5,-0.25,0.75,0.5,4,2,2,corrected_integrated_root
gptoss,1,inequity,trait,CoNc,0,1.0,0.25,1.0,1.0,0.75,0.75,0.75,0.75,0.75,0.75,0.0,0.25,4,3,3,corrected_integrated_root
gptoss,1,inequity,trait,CoPc,0,1.0,1.0,1.0,1.0,0.0,0.0,0.0,0.0,0.0,0.0,0.0,1.0,4,0,0,corrected_integrated_root
gptoss,1,inequity,trait,CoPd,1,-1.0,0.0,0.0,0.25,0.0,0.25,0.0,0.25,-0.0,-0.25,0.25,1.0,4,0,0,corrected_integrated_root
gptoss,1,inequity,trait,DlCm,1,-1.0,0.0,0.0,0.0,0.0,0.0,0.0,0.0,-0.0,-0.0,-0.0,1.0,4,0,0,corrected_integrated_root
gptoss,1,inequity,trait,DlHr,1,-1.0,0.0,0.0,0.0,0.0,0.0,0.0,0.0,-0.0,-0.0,-0.0,1.0,4,0,0,corrected_integrated_root
gptoss,1,inequity,trait,HaAs,0,1.0,1.0,1.0,1.0,0.0,0.0,0.0,0.0,0.0,0.0,0.0,1.0,4,0,0,corrected_integrated_root
gptoss,1,inequity,trait,HaBa,1,-1.0,1.0,0.0,1.0,-1.0,0.0,1.0,0.0,1.0,-0.0,1.0,0.0,4,4,4,corrected_integrated_root
gptoss,1,inequity,trait,HaCh,1,-1.0,1.0,0.0,1.0,-1.0,0.0,1.0,0.0,1.0,-0.0,1.0,0.0,4,4,4,corrected_integrated_root
gptoss,1,inequity,trait,HaCm,1,-1.0,1.0,0.0,1.0,-1.0,0.0,1.0,0.0,1.0,-0.0,1.0,0.0,4,4,4,corrected_integrated_root
gptoss,1,inequity,trait,HaHr,1,-1.0,1.0,0.0,1.0,-1.0,0.0,1.0,0.0,1.0,-0.0,1.0,0.0,4,4,4,corrected_integrated_root
gptoss,1,inequity,trait,HaSh,0,1.0,1.0,1.0,1.0,0.0,0.0,0.0,0.0,0.0,0.0,0.0,1.0,4,0,0,corrected_integrated_root
gptoss,1,inequity,trait,HrCm,0,1.0,0.75,1.0,0.75,0.25,0.0,0.25,0.0,0.25,0.0,0.25,0.75,4,1,1,corrected_integrated_root
gptoss,1,inequity,trait,HrCo,1,-1.0,0.0,0.0,0.0,0.0,0.0,0.0,0.0,-0.0,-0.0,-0.0,1.0,4,0,0,corrected_integrated_root
gptoss,1,inequity,trait,HrDl,0,1.0,1.0,1.0,0.75,0.0,-0.25,0.0,0.25,0.0,-0.25,0.25,1.0,4,0,0,corrected_integrated_root
gptoss,1,inequity,trait,HrHa,1,-1.0,0.25,0.0,0.0,-0.25,-0.25,0.25,0.25,0.25,0.25,-0.0,0.75,4,1,1,corrected_integrated_root
gptoss,1,inequity,trait,HrPc,1,-2.0,0.0,0.0,0.0,0.0,0.0,0.0,0.0,-0.0,-0.0,-0.0,1.0,4,0,0,corrected_integrated_root
gptoss,1,inequity,trait,NcAs,0,2.0,1.0,1.0,1.0,0.0,0.0,0.0,0.0,0.0,0.0,0.0,1.0,4,0,0,corrected_integrated_root
gptoss,1,inequity,trait,NcBa,1,-2.0,1.0,0.0,1.0,-1.0,0.0,1.0,0.0,1.0,-0.0,1.0,0.0,4,4,4,corrected_integrated_root
gptoss,1,inequity,trait,NcCh,1,-1.0,1.0,0.0,1.0,-1.0,0.0,1.0,0.0,1.0,-0.0,1.0,0.0,4,4,4,corrected_integrated_root
gptoss,1,inequity,trait,NcCm,1,-1.0,1.0,0.0,1.0,-1.0,0.0,1.0,0.0,1.0,-0.0,1.0,0.0,4,4,4,corrected_integrated_root
gptoss,1,inequity,trait,NcCo,0,1.0,1.0,1.0,1.0,0.0,0.0,0.0,0.0,0.0,0.0,0.0,1.0,4,0,0,corrected_integrated_root
gptoss,1,inequity,trait,NcHr,1,-2.0,1.0,0.0,1.0,-1.0,0.0,1.0,0.0,1.0,-0.0,1.0,0.0,4,4,4,corrected_integrated_root
gptoss,1,inequity,trait,NcSh,0,1.0,1.0,1.0,1.0,0.0,0.0,0.0,0.0,0.0,0.0,0.0,1.0,4,0,0,corrected_integrated_root
gptoss,1,inequity,trait,PcCm,1,-1.0,1.0,0.0,1.0,-1.0,0.0,1.0,0.0,1.0,-0.0,1.0,0.0,4,4,4,corrected_integrated_root
gptoss,1,inequity,trait,PcDl,1,-1.0,1.0,0.0,1.0,-1.0,0.0,1.0,0.0,1.0,-0.0,1.0,0.0,4,4,4,corrected_integrated_root
gptoss,1,inequity,trait,PcHa,0,1.0,1.0,1.0,1.0,0.0,0.0,0.0,0.0,0.0,0.0,0.0,1.0,4,0,0,corrected_integrated_root
gptoss,1,inequity,trait,PcHr,1,-1.0,1.0,0.0,1.0,-1.0,0.0,1.0,0.0,1.0,-0.0,1.0,0.0,4,4,4,corrected_integrated_root
gptoss,1,inequity,trait,PcNc,0,1.0,1.0,1.0,1.0,0.0,0.0,0.0,0.0,0.0,0.0,0.0,1.0,4,0,0,corrected_integrated_root
gptoss,1,inequity,trait,PcPd,1,-1.0,1.0,0.0,1.0,-1.0,0.0,1.0,0.0,1.0,-0.0,1.0,0.0,4,4,4,corrected_integrated_root
gptoss,1,inequity,trait,PdAs,0,1.0,0.0,1.0,0.0,1.0,0.0,1.0,0.0,1.0,0.0,1.0,0.0,4,4,4,corrected_integrated_root
gptoss,1,inequity,trait,PdBa,1,-1.0,0.0,0.0,0.0,0.0,0.0,0.0,0.0,-0.0,-0.0,-0.0,1.0,4,0,0,corrected_integrated_root
gptoss,1,inequity,trait,PdCm,1,-1.0,0.0,0.0,0.0,0.0,0.0,0.0,0.0,-0.0,-0.0,-0.0,1.0,4,0,0,corrected_integrated_root
gptoss,1,inequity,trait,PdCo,0,1.0,0.0,1.0,0.0,1.0,0.0,1.0,0.0,1.0,0.0,1.0,0.0,4,4,4,corrected_integrated_root
gptoss,1,inequity,trait,PdHr,1,-2.0,0.0,0.0,0.0,0.0,0.0,0.0,0.0,-0.0,-0.0,-0.0,1.0,4,0,0,corrected_integrated_root
gptoss,1,inequity,trait,ShAs,0,1.0,1.0,1.0,0.0,0.0,-1.0,0.0,1.0,0.0,-1.0,1.0,1.0,4,0,0,corrected_integrated_root
gptoss,1,inequity,trait,ShBa,1,-2.0,0.25,0.0,0.5,-0.25,0.25,0.25,0.25,0.25,-0.25,0.5,0.75,4,1,1,corrected_integrated_root
gptoss,1,inequity,trait,ShCh,1,-1.0,0.25,0.0,0.0,-0.25,-0.25,0.25,0.25,0.25,0.25,-0.0,0.75,4,1,1,corrected_integrated_root
gptoss,1,inequity,trait,ShCm,1,-2.0,0.0,0.0,0.0,0.0,0.0,0.0,0.0,-0.0,-0.0,-0.0,1.0,4,0,0,corrected_integrated_root
gptoss,1,inequity,trait,ShCo,0,1.0,0.75,1.0,0.75,0.25,0.0,0.25,0.0,0.25,0.0,0.25,0.75,4,1,1,corrected_integrated_root
gptoss,1,inequity,trait,ShDl,1,-1.0,0.0,0.0,0.0,0.0,0.0,0.0,0.0,-0.0,-0.0,-0.0,1.0,4,0,0,corrected_integrated_root
gptoss,1,inequity,trait,ShHr,1,-3.0,0.25,0.0,0.25,-0.25,0.0,0.25,0.0,0.25,-0.0,0.25,0.75,4,1,1,corrected_integrated_root
gptoss,1,inequity,trait,ShPd,1,-1.0,0.0,0.0,0.0,0.0,0.0,0.0,0.0,-0.0,-0.0,-0.0,1.0,4,0,0,corrected_integrated_root
gptoss,1,selfish,trait,CmAs,1,-2.0,0.0,0.0,0.0,0.0,0.0,0.0,0.0,-0.0,-0.0,-0.0,1.0,4,0,0,corrected_integrated_root
gptoss,1,selfish,trait,CmBa,1,-2.0,0.0,0.0,0.0,0.0,0.0,0.0,0.0,-0.0,-0.0,-0.0,1.0,4,0,0,corrected_integrated_root
gptoss,1,selfish,trait,CmCh,1,-2.0,0.0,0.0,0.0,0.0,0.0,0.0,0.0,-0.0,-0.0,-0.0,1.0,4,0,0,corrected_integrated_root
gptoss,1,selfish,trait,CmCm,1,-2.0,0.0,0.0,0.0,0.0,0.0,0.0,0.0,-0.0,-0.0,-0.0,1.0,4,0,0,corrected_integrated_root
gptoss,1,selfish,trait,CmCo,1,-2.0,0.0,0.0,0.0,0.0,0.0,0.0,0.0,-0.0,-0.0,-0.0,1.0,4,0,0,corrected_integrated_root
gptoss,1,selfish,trait,CmDl,1,-2.0,0.0,0.0,0.0,0.0,0.0,0.0,0.0,-0.0,-0.0,-0.0,1.0,4,0,0,corrected_integrated_root
gptoss,1,selfish,trait,CmHa,1,-2.0,0.0,0.0,0.0,0.0,0.0,0.0,0.0,-0.0,-0.0,-0.0,1.0,4,0,0,corrected_integrated_root
gptoss,1,selfish,trait,CmHr,1,-2.0,0.0,0.0,0.0,0.0,0.0,0.0,0.0,-0.0,-0.0,-0.0,1.0,4,0,0,corrected_integrated_root
gptoss,1,selfish,trait,CmNc,1,-2.0,0.0,0.0,0.0,0.0,0.0,0.0,0.0,-0.0,-0.0,-0.0,1.0,4,0,0,corrected_integrated_root
gptoss,1,selfish,trait,CmPc,1,-2.0,0.0,0.0,0.0,0.0,0.0,0.0,0.0,-0.0,-0.0,-0.0,1.0,4,0,0,corrected_integrated_root
gptoss,1,selfish,trait,CmPd,1,-2.0,0.0,0.0,0.0,0.0,0.0,0.0,0.0,-0.0,-0.0,-0.0,1.0,4,0,0,corrected_integrated_root
gptoss,1,selfish,trait,CmSh,1,-2.0,0.0,0.0,0.0,0.0,0.0,0.0,0.0,-0.0,-0.0,-0.0,1.0,4,0,0,corrected_integrated_root
gptoss,1,selfish,trait,CoAs,0,1.0,0.75,1.0,1.0,0.25,0.25,0.25,0.25,0.25,0.25,0.0,0.75,4,1,1,corrected_integrated_root
gptoss,1,selfish,trait,CoBa,0,1.0,1.0,1.0,1.0,0.0,0.0,0.0,0.0,0.0,0.0,0.0,1.0,4,0,0,corrected_integrated_root
gptoss,1,selfish,trait,CoCh,0,1.0,0.5,1.0,0.75,0.5,0.25,0.5,0.25,0.5,0.25,0.25,0.5,4,2,2,corrected_integrated_root
gptoss,1,selfish,trait,CoCm,0,1.0,0.0,1.0,0.0,1.0,0.0,1.0,0.0,1.0,0.0,1.0,0.0,4,4,4,corrected_integrated_root
gptoss,1,selfish,trait,CoCo,0,1.0,0.5,1.0,0.75,0.5,0.25,0.5,0.25,0.5,0.25,0.25,0.5,4,2,2,corrected_integrated_root
gptoss,1,selfish,trait,CoDl,0,1.0,0.0,1.0,0.0,1.0,0.0,1.0,0.0,1.0,0.0,1.0,0.0,4,4,4,corrected_integrated_root
gptoss,1,selfish,trait,CoHa,0,1.0,1.0,1.0,1.0,0.0,0.0,0.0,0.0,0.0,0.0,0.0,1.0,4,0,0,corrected_integrated_root
gptoss,1,selfish,trait,CoHr,0,1.0,0.5,1.0,0.75,0.5,0.25,0.5,0.25,0.5,0.25,0.25,0.5,4,2,2,corrected_integrated_root
gptoss,1,selfish,trait,CoNc,0,1.0,0.25,1.0,1.0,0.75,0.75,0.75,0.75,0.75,0.75,0.0,0.25,4,3,3,corrected_integrated_root
gptoss,1,selfish,trait,CoPc,0,1.0,1.0,1.0,1.0,0.0,0.0,0.0,0.0,0.0,0.0,0.0,1.0,4,0,0,corrected_integrated_root
gptoss,1,selfish,trait,CoPd,0,1.0,0.0,1.0,0.25,1.0,0.25,1.0,0.25,1.0,0.25,0.75,0.0,4,4,4,corrected_integrated_root
gptoss,1,selfish,trait,CoSh,0,1.0,0.25,1.0,0.75,0.75,0.5,0.75,0.5,0.75,0.5,0.25,0.25,4,3,3,corrected_integrated_root
gptoss,1,selfish,trait,DlAs,1,-2.0,0.0,0.0,0.0,0.0,0.0,0.0,0.0,-0.0,-0.0,-0.0,1.0,4,0,0,corrected_integrated_root
gptoss,1,selfish,trait,DlBa,1,-2.0,0.0,0.0,0.0,0.0,0.0,0.0,0.0,-0.0,-0.0,-0.0,1.0,4,0,0,corrected_integrated_root
gptoss,1,selfish,trait,DlCh,1,-2.0,0.0,0.0,0.0,0.0,0.0,0.0,0.0,-0.0,-0.0,-0.0,1.0,4,0,0,corrected_integrated_root
gptoss,1,selfish,trait,DlCm,1,-2.0,0.0,0.0,0.0,0.0,0.0,0.0,0.0,-0.0,-0.0,-0.0,1.0,4,0,0,corrected_integrated_root
gptoss,1,selfish,trait,DlCo,1,-2.0,0.0,0.0,0.0,0.0,0.0,0.0,0.0,-0.0,-0.0,-0.0,1.0,4,0,0,corrected_integrated_root
gptoss,1,selfish,trait,DlDl,1,-2.0,0.0,0.0,0.0,0.0,0.0,0.0,0.0,-0.0,-0.0,-0.0,1.0,4,0,0,corrected_integrated_root
gptoss,1,selfish,trait,DlHa,1,-2.0,0.0,0.0,0.0,0.0,0.0,0.0,0.0,-0.0,-0.0,-0.0,1.0,4,0,0,corrected_integrated_root
gptoss,1,selfish,trait,DlHr,1,-2.0,0.0,0.0,0.0,0.0,0.0,0.0,0.0,-0.0,-0.0,-0.0,1.0,4,0,0,corrected_integrated_root
gptoss,1,selfish,trait,DlNc,1,-2.0,0.0,0.0,0.0,0.0,0.0,0.0,0.0,-0.0,-0.0,-0.0,1.0,4,0,0,corrected_integrated_root
gptoss,1,selfish,trait,DlPc,1,-2.0,0.0,0.0,0.0,0.0,0.0,0.0,0.0,-0.0,-0.0,-0.0,1.0,4,0,0,corrected_integrated_root
gptoss,1,selfish,trait,DlPd,1,-2.0,0.0,0.0,0.0,0.0,0.0,0.0,0.0,-0.0,-0.0,-0.0,1.0,4,0,0,corrected_integrated_root
gptoss,1,selfish,trait,DlSh,1,-2.0,0.0,0.0,0.0,0.0,0.0,0.0,0.0,-0.0,-0.0,-0.0,1.0,4,0,0,corrected_integrated_root
gptoss,1,selfish,trait,HaAs,0,2.0,1.0,1.0,1.0,0.0,0.0,0.0,0.0,0.0,0.0,0.0,1.0,4,0,0,corrected_integrated_root
gptoss,1,selfish,trait,HaBa,0,2.0,1.0,1.0,1.0,0.0,0.0,0.0,0.0,0.0,0.0,0.0,1.0,4,0,0,corrected_integrated_root
gptoss,1,selfish,trait,HaCh,0,2.0,1.0,1.0,1.0,0.0,0.0,0.0,0.0,0.0,0.0,0.0,1.0,4,0,0,corrected_integrated_root
gptoss,1,selfish,trait,HaCm,0,2.0,1.0,1.0,1.0,0.0,0.0,0.0,0.0,0.0,0.0,0.0,1.0,4,0,0,corrected_integrated_root
gptoss,1,selfish,trait,HaCo,0,2.0,1.0,1.0,1.0,0.0,0.0,0.0,0.0,0.0,0.0,0.0,1.0,4,0,0,corrected_integrated_root
gptoss,1,selfish,trait,HaDl,0,2.0,1.0,1.0,1.0,0.0,0.0,0.0,0.0,0.0,0.0,0.0,1.0,4,0,0,corrected_integrated_root
gptoss,1,selfish,trait,HaHa,0,2.0,1.0,1.0,1.0,0.0,0.0,0.0,0.0,0.0,0.0,0.0,1.0,4,0,0,corrected_integrated_root
gptoss,1,selfish,trait,HaHr,0,2.0,1.0,1.0,1.0,0.0,0.0,0.0,0.0,0.0,0.0,0.0,1.0,4,0,0,corrected_integrated_root
gptoss,1,selfish,trait,HaNc,0,2.0,1.0,1.0,1.0,0.0,0.0,0.0,0.0,0.0,0.0,0.0,1.0,4,0,0,corrected_integrated_root
gptoss,1,selfish,trait,HaPc,0,2.0,1.0,1.0,1.0,0.0,0.0,0.0,0.0,0.0,0.0,0.0,1.0,4,0,0,corrected_integrated_root
gptoss,1,selfish,trait,HaPd,0,2.0,1.0,1.0,1.0,0.0,0.0,0.0,0.0,0.0,0.0,0.0,1.0,4,0,0,corrected_integrated_root
gptoss,1,selfish,trait,HaSh,0,2.0,1.0,1.0,1.0,0.0,0.0,0.0,0.0,0.0,0.0,0.0,1.0,4,0,0,corrected_integrated_root
gptoss,1,selfish,trait,HrAs,1,-1.0,0.25,0.0,0.25,-0.25,0.0,0.25,0.0,0.25,-0.0,0.25,0.75,4,1,1,corrected_integrated_root
gptoss,1,selfish,trait,HrBa,1,-1.0,0.0,0.0,0.0,0.0,0.0,0.0,0.0,-0.0,-0.0,-0.0,1.0,4,0,0,corrected_integrated_root
gptoss,1,selfish,trait,HrCh,1,-1.0,0.25,0.0,0.75,-0.25,0.5,0.25,0.5,0.25,-0.5,0.75,0.75,4,1,1,corrected_integrated_root
gptoss,1,selfish,trait,HrCm,1,-1.0,0.75,0.0,0.75,-0.75,0.0,0.75,0.0,0.75,-0.0,0.75,0.25,4,3,3,corrected_integrated_root
gptoss,1,selfish,trait,HrCo,1,-1.0,0.0,0.0,0.0,0.0,0.0,0.0,0.0,-0.0,-0.0,-0.0,1.0,4,0,0,corrected_integrated_root
gptoss,1,selfish,trait,HrDl,1,-1.0,1.0,0.0,0.75,-1.0,-0.25,1.0,0.25,1.0,0.25,0.75,0.0,4,4,4,corrected_integrated_root
gptoss,1,selfish,trait,HrHa,1,-1.0,0.25,0.0,0.0,-0.25,-0.25,0.25,0.25,0.25,0.25,-0.0,0.75,4,1,1,corrected_integrated_root
gptoss,1,selfish,trait,HrHr,1,-1.0,0.25,0.0,0.0,-0.25,-0.25,0.25,0.25,0.25,0.25,-0.0,0.75,4,1,1,corrected_integrated_root
gptoss,1,selfish,trait,HrNc,1,-1.0,0.25,0.0,0.5,-0.25,0.25,0.25,0.25,0.25,-0.25,0.5,0.75,4,1,1,corrected_integrated_root
gptoss,1,selfish,trait,HrPc,1,-1.0,0.0,0.0,0.0,0.0,0.0,0.0,0.0,-0.0,-0.0,-0.0,1.0,4,0,0,corrected_integrated_root
gptoss,1,selfish,trait,HrPd,1,-1.0,1.0,0.0,1.0,-1.0,0.0,1.0,0.0,1.0,-0.0,1.0,0.0,4,4,4,corrected_integrated_root
gptoss,1,selfish,trait,HrSh,1,-1.0,0.75,0.0,0.75,-0.75,0.0,0.75,0.0,0.75,-0.0,0.75,0.25,4,3,3,corrected_integrated_root
gptoss,1,selfish,trait,NcAs,0,1.0,1.0,1.0,1.0,0.0,0.0,0.0,0.0,0.0,0.0,0.0,1.0,4,0,0,corrected_integrated_root
gptoss,1,selfish,trait,NcBa,0,1.0,1.0,1.0,1.0,0.0,0.0,0.0,0.0,0.0,0.0,0.0,1.0,4,0,0,corrected_integrated_root
gptoss,1,selfish,trait,NcCh,0,1.0,1.0,1.0,1.0,0.0,0.0,0.0,0.0,0.0,0.0,0.0,1.0,4,0,0,corrected_integrated_root
gptoss,1,selfish,trait,NcCm,0,1.0,1.0,1.0,1.0,0.0,0.0,0.0,0.0,0.0,0.0,0.0,1.0,4,0,0,corrected_integrated_root
gptoss,1,selfish,trait,NcCo,0,1.0,1.0,1.0,1.0,0.0,0.0,0.0,0.0,0.0,0.0,0.0,1.0,4,0,0,corrected_integrated_root
gptoss,1,selfish,trait,NcDl,0,1.0,1.0,1.0,1.0,0.0,0.0,0.0,0.0,0.0,0.0,0.0,1.0,4,0,0,corrected_integrated_root
gptoss,1,selfish,trait,NcHa,0,1.0,1.0,1.0,1.0,0.0,0.0,0.0,0.0,0.0,0.0,0.0,1.0,4,0,0,corrected_integrated_root
gptoss,1,selfish,trait,NcHr,0,1.0,1.0,1.0,1.0,0.0,0.0,0.0,0.0,0.0,0.0,0.0,1.0,4,0,0,corrected_integrated_root
gptoss,1,selfish,trait,NcNc,0,1.0,1.0,1.0,1.0,0.0,0.0,0.0,0.0,0.0,0.0,0.0,1.0,4,0,0,corrected_integrated_root
gptoss,1,selfish,trait,NcPc,0,1.0,1.0,1.0,1.0,0.0,0.0,0.0,0.0,0.0,0.0,0.0,1.0,4,0,0,corrected_integrated_root
gptoss,1,selfish,trait,NcPd,0,1.0,1.0,1.0,1.0,0.0,0.0,0.0,0.0,0.0,0.0,0.0,1.0,4,0,0,corrected_integrated_root
gptoss,1,selfish,trait,NcSh,0,1.0,1.0,1.0,1.0,0.0,0.0,0.0,0.0,0.0,0.0,0.0,1.0,4,0,0,corrected_integrated_root
gptoss,1,selfish,trait,PcAs,0,2.0,1.0,1.0,1.0,0.0,0.0,0.0,0.0,0.0,0.0,0.0,1.0,4,0,0,corrected_integrated_root
gptoss,1,selfish,trait,PcBa,0,2.0,1.0,1.0,1.0,0.0,0.0,0.0,0.0,0.0,0.0,0.0,1.0,4,0,0,corrected_integrated_root
gptoss,1,selfish,trait,PcCh,0,2.0,1.0,1.0,1.0,0.0,0.0,0.0,0.0,0.0,0.0,0.0,1.0,4,0,0,corrected_integrated_root
gptoss,1,selfish,trait,PcCm,0,2.0,1.0,1.0,1.0,0.0,0.0,0.0,0.0,0.0,0.0,0.0,1.0,4,0,0,corrected_integrated_root
gptoss,1,selfish,trait,PcCo,0,2.0,1.0,1.0,1.0,0.0,0.0,0.0,0.0,0.0,0.0,0.0,1.0,4,0,0,corrected_integrated_root
gptoss,1,selfish,trait,PcDl,0,2.0,1.0,1.0,1.0,0.0,0.0,0.0,0.0,0.0,0.0,0.0,1.0,4,0,0,corrected_integrated_root
gptoss,1,selfish,trait,PcHa,0,2.0,1.0,1.0,1.0,0.0,0.0,0.0,0.0,0.0,0.0,0.0,1.0,4,0,0,corrected_integrated_root
gptoss,1,selfish,trait,PcHr,0,2.0,1.0,1.0,1.0,0.0,0.0,0.0,0.0,0.0,0.0,0.0,1.0,4,0,0,corrected_integrated_root
gptoss,1,selfish,trait,PcNc,0,2.0,1.0,1.0,1.0,0.0,0.0,0.0,0.0,0.0,0.0,0.0,1.0,4,0,0,corrected_integrated_root
gptoss,1,selfish,trait,PcPc,0,2.0,1.0,1.0,1.0,0.0,0.0,0.0,0.0,0.0,0.0,0.0,1.0,4,0,0,corrected_integrated_root
gptoss,1,selfish,trait,PcPd,0,2.0,1.0,1.0,1.0,0.0,0.0,0.0,0.0,0.0,0.0,0.0,1.0,4,0,0,corrected_integrated_root
gptoss,1,selfish,trait,PcSh,0,2.0,1.0,1.0,1.0,0.0,0.0,0.0,0.0,0.0,0.0,0.0,1.0,4,0,0,corrected_integrated_root
gptoss,1,selfish,trait,PdAs,1,-1.0,0.0,0.0,0.0,0.0,0.0,0.0,0.0,-0.0,-0.0,-0.0,1.0,4,0,0,corrected_integrated_root
gptoss,1,selfish,trait,PdBa,1,-1.0,0.0,0.0,0.0,0.0,0.0,0.0,0.0,-0.0,-0.0,-0.0,1.0,4,0,0,corrected_integrated_root
gptoss,1,selfish,trait,PdCh,1,-1.0,0.0,0.0,0.0,0.0,0.0,0.0,0.0,-0.0,-0.0,-0.0,1.0,4,0,0,corrected_integrated_root
gptoss,1,selfish,trait,PdCm,1,-1.0,0.0,0.0,0.0,0.0,0.0,0.0,0.0,-0.0,-0.0,-0.0,1.0,4,0,0,corrected_integrated_root
gptoss,1,selfish,trait,PdCo,1,-1.0,0.0,0.0,0.0,0.0,0.0,0.0,0.0,-0.0,-0.0,-0.0,1.0,4,0,0,corrected_integrated_root
gptoss,1,selfish,trait,PdDl,1,-1.0,0.0,0.0,0.0,0.0,0.0,0.0,0.0,-0.0,-0.0,-0.0,1.0,4,0,0,corrected_integrated_root
gptoss,1,selfish,trait,PdHa,1,-1.0,0.0,0.0,0.0,0.0,0.0,0.0,0.0,-0.0,-0.0,-0.0,1.0,4,0,0,corrected_integrated_root
gptoss,1,selfish,trait,PdHr,1,-1.0,0.0,0.0,0.0,0.0,0.0,0.0,0.0,-0.0,-0.0,-0.0,1.0,4,0,0,corrected_integrated_root
gptoss,1,selfish,trait,PdNc,1,-1.0,0.0,0.0,0.0,0.0,0.0,0.0,0.0,-0.0,-0.0,-0.0,1.0,4,0,0,corrected_integrated_root
gptoss,1,selfish,trait,PdPc,1,-1.0,0.0,0.0,0.0,0.0,0.0,0.0,0.0,-0.0,-0.0,-0.0,1.0,4,0,0,corrected_integrated_root
gptoss,1,selfish,trait,PdPd,1,-1.0,0.0,0.0,0.0,0.0,0.0,0.0,0.0,-0.0,-0.0,-0.0,1.0,4,0,0,corrected_integrated_root
gptoss,1,selfish,trait,PdSh,1,-1.0,0.0,0.0,0.0,0.0,0.0,0.0,0.0,-0.0,-0.0,-0.0,1.0,4,0,0,corrected_integrated_root
gptoss,1,maximin,rule,AsAs,1,-1.0,0.75,0.0,0.75,-0.75,0.0,0.75,0.0,0.75,-0.0,0.75,0.25,4,3,3,corrected_integrated_root
gptoss,1,maximin,rule,AsBa,1,-1.0,0.25,0.0,0.0,-0.25,-0.25,0.25,0.25,0.25,0.25,-0.0,0.75,4,1,1,corrected_integrated_root
gptoss,1,maximin,rule,AsCh,1,-1.0,0.0,0.0,0.25,0.0,0.25,0.0,0.25,-0.0,-0.25,0.25,1.0,4,0,0,corrected_integrated_root
gptoss,1,maximin,rule,AsCm,1,-1.0,0.25,0.0,0.0,-0.25,-0.25,0.25,0.25,0.25,0.25,-0.0,0.75,4,1,1,corrected_integrated_root
gptoss,1,maximin,rule,AsCo,1,-1.0,0.75,0.0,0.5,-0.75,-0.25,0.75,0.25,0.75,0.25,0.5,0.25,4,3,3,corrected_integrated_root
gptoss,1,maximin,rule,AsDl,1,-1.0,0.0,0.0,0.0,0.0,0.0,0.0,0.0,-0.0,-0.0,-0.0,1.0,4,0,0,corrected_integrated_root
gptoss,1,maximin,rule,AsHa,1,-1.0,1.0,0.0,0.75,-1.0,-0.25,1.0,0.25,1.0,0.25,0.75,0.0,4,4,4,corrected_integrated_root
gptoss,1,maximin,rule,AsHr,1,-1.0,0.0,0.0,0.0,0.0,0.0,0.0,0.0,-0.0,-0.0,-0.0,1.0,4,0,0,corrected_integrated_root
gptoss,1,maximin,rule,AsNc,1,-1.0,1.0,0.0,0.75,-1.0,-0.25,1.0,0.25,1.0,0.25,0.75,0.0,4,4,4,corrected_integrated_root
gptoss,1,maximin,rule,AsPc,1,-1.0,1.0,0.0,0.75,-1.0,-0.25,1.0,0.25,1.0,0.25,0.75,0.0,4,4,4,corrected_integrated_root
gptoss,1,maximin,rule,AsPd,1,-1.0,0.0,0.0,0.0,0.0,0.0,0.0,0.0,-0.0,-0.0,-0.0,1.0,4,0,0,corrected_integrated_root
gptoss,1,maximin,rule,AsSh,1,-1.0,0.5,0.0,0.25,-0.5,-0.25,0.5,0.25,0.5,0.25,0.25,0.5,4,2,2,corrected_integrated_root
gptoss,1,maximin,rule,BaAs,0,1.0,0.75,1.0,1.0,0.25,0.25,0.25,0.25,0.25,0.25,0.0,0.75,4,1,1,corrected_integrated_root
gptoss,1,maximin,rule,BaBa,0,1.0,0.25,1.0,0.0,0.75,-0.25,0.75,0.25,0.75,-0.25,1.0,0.25,4,3,3,corrected_integrated_root
gptoss,1,maximin,rule,BaCh,0,1.0,0.75,1.0,0.25,0.25,-0.5,0.25,0.5,0.25,-0.5,0.75,0.75,4,1,1,corrected_integrated_root
gptoss,1,maximin,rule,BaCm,0,1.0,0.5,1.0,0.25,0.5,-0.25,0.5,0.25,0.5,-0.25,0.75,0.5,4,2,2,corrected_integrated_root
gptoss,1,maximin,rule,BaCo,0,1.0,0.75,1.0,0.0,0.25,-0.75,0.25,0.75,0.25,-0.75,1.0,0.75,4,1,1,corrected_integrated_root
gptoss,1,maximin,rule,BaDl,0,1.0,1.0,1.0,1.0,0.0,0.0,0.0,0.0,0.0,0.0,0.0,1.0,4,0,0,corrected_integrated_root
gptoss,1,maximin,rule,BaHa,0,1.0,0.25,1.0,0.0,0.75,-0.25,0.75,0.25,0.75,-0.25,1.0,0.25,4,3,3,corrected_integrated_root
gptoss,1,maximin,rule,BaHr,0,1.0,0.5,1.0,0.0,0.5,-0.5,0.5,0.5,0.5,-0.5,1.0,0.5,4,2,2,corrected_integrated_root
gptoss,1,maximin,rule,BaNc,0,1.0,0.5,1.0,0.25,0.5,-0.25,0.5,0.25,0.5,-0.25,0.75,0.5,4,2,2,corrected_integrated_root
gptoss,1,maximin,rule,BaPc,0,1.0,0.25,1.0,0.0,0.75,-0.25,0.75,0.25,0.75,-0.25,1.0,0.25,4,3,3,corrected_integrated_root
gptoss,1,maximin,rule,BaPd,0,1.0,1.0,1.0,1.0,0.0,0.0,0.0,0.0,0.0,0.0,0.0,1.0,4,0,0,corrected_integrated_root
gptoss,1,maximin,rule,BaSh,0,1.0,1.0,1.0,0.75,0.0,-0.25,0.0,0.25,0.0,-0.25,0.25,1.0,4,0,0,corrected_integrated_root
gptoss,1,maximin,rule,ChAs,0,1.0,0.5,1.0,1.0,0.5,0.5,0.5,0.5,0.5,0.5,0.0,0.5,4,2,2,corrected_integrated_root
gptoss,1,maximin,rule,ChBa,0,1.0,0.25,1.0,0.0,0.75,-0.25,0.75,0.25,0.75,-0.25,1.0,0.25,4,3,3,corrected_integrated_root
gptoss,1,maximin,rule,ChCh,0,1.0,1.0,1.0,0.5,0.0,-0.5,0.0,0.5,0.0,-0.5,0.5,1.0,4,0,0,corrected_integrated_root
gptoss,1,maximin,rule,ChCm,0,1.0,1.0,1.0,0.5,0.0,-0.5,0.0,0.5,0.0,-0.5,0.5,1.0,4,0,0,corrected_integrated_root
gptoss,1,maximin,rule,ChCo,0,1.0,0.5,1.0,0.0,0.5,-0.5,0.5,0.5,0.5,-0.5,1.0,0.5,4,2,2,corrected_integrated_root
gptoss,1,maximin,rule,ChDl,0,1.0,1.0,1.0,1.0,0.0,0.0,0.0,0.0,0.0,0.0,0.0,1.0,4,0,0,corrected_integrated_root
gptoss,1,maximin,rule,ChHa,0,1.0,0.25,1.0,0.5,0.75,0.25,0.75,0.25,0.75,0.25,0.5,0.25,4,3,3,corrected_integrated_root
gptoss,1,maximin,rule,ChHr,0,1.0,0.0,1.0,0.0,1.0,0.0,1.0,0.0,1.0,0.0,1.0,0.0,4,4,4,corrected_integrated_root
gptoss,1,maximin,rule,ChNc,0,1.0,0.75,1.0,0.25,0.25,-0.5,0.25,0.5,0.25,-0.5,0.75,0.75,4,1,1,corrected_integrated_root
gptoss,1,maximin,rule,ChPc,0,1.0,0.0,1.0,0.0,1.0,0.0,1.0,0.0,1.0,0.0,1.0,0.0,4,4,4,corrected_integrated_root
gptoss,1,maximin,rule,ChPd,0,1.0,1.0,1.0,1.0,0.0,0.0,0.0,0.0,0.0,0.0,0.0,1.0,4,0,0,corrected_integrated_root
gptoss,1,maximin,rule,ChSh,0,1.0,1.0,1.0,0.5,0.0,-0.5,0.0,0.5,0.0,-0.5,0.5,1.0,4,0,0,corrected_integrated_root
gptoss,1,maximin,rule,CmAs,1,-2.0,0.0,0.0,0.0,0.0,0.0,0.0,0.0,-0.0,-0.0,-0.0,1.0,4,0,0,corrected_integrated_root
gptoss,1,maximin,rule,CmBa,1,-2.0,0.0,0.0,0.0,0.0,0.0,0.0,0.0,-0.0,-0.0,-0.0,1.0,4,0,0,corrected_integrated_root
gptoss,1,maximin,rule,CmCh,1,-2.0,0.0,0.0,0.0,0.0,0.0,0.0,0.0,-0.0,-0.0,-0.0,1.0,4,0,0,corrected_integrated_root
gptoss,1,maximin,rule,CmCm,1,-2.0,0.0,0.0,0.0,0.0,0.0,0.0,0.0,-0.0,-0.0,-0.0,1.0,4,0,0,corrected_integrated_root
gptoss,1,maximin,rule,CmCo,1,-2.0,0.0,0.0,0.0,0.0,0.0,0.0,0.0,-0.0,-0.0,-0.0,1.0,4,0,0,corrected_integrated_root
gptoss,1,maximin,rule,CmDl,1,-2.0,0.0,0.0,0.0,0.0,0.0,0.0,0.0,-0.0,-0.0,-0.0,1.0,4,0,0,corrected_integrated_root
gptoss,1,maximin,rule,CmHa,1,-2.0,0.0,0.0,0.0,0.0,0.0,0.0,0.0,-0.0,-0.0,-0.0,1.0,4,0,0,corrected_integrated_root
gptoss,1,maximin,rule,CmHr,1,-2.0,0.0,0.0,0.0,0.0,0.0,0.0,0.0,-0.0,-0.0,-0.0,1.0,4,0,0,corrected_integrated_root
gptoss,1,maximin,rule,CmNc,1,-2.0,0.0,0.0,0.0,0.0,0.0,0.0,0.0,-0.0,-0.0,-0.0,1.0,4,0,0,corrected_integrated_root
gptoss,1,maximin,rule,CmPc,1,-2.0,0.0,0.0,0.0,0.0,0.0,0.0,0.0,-0.0,-0.0,-0.0,1.0,4,0,0,corrected_integrated_root
gptoss,1,maximin,rule,CmPd,1,-2.0,0.0,0.0,0.0,0.0,0.0,0.0,0.0,-0.0,-0.0,-0.0,1.0,4,0,0,corrected_integrated_root
gptoss,1,maximin,rule,CmSh,1,-2.0,0.0,0.0,0.0,0.0,0.0,0.0,0.0,-0.0,-0.0,-0.0,1.0,4,0,0,corrected_integrated_root
gptoss,1,maximin,rule,CoAs,0,1.0,0.75,1.0,1.0,0.25,0.25,0.25,0.25,0.25,0.25,0.0,0.75,4,1,1,corrected_integrated_root
gptoss,1,maximin,rule,CoBa,0,1.0,1.0,1.0,1.0,0.0,0.0,0.0,0.0,0.0,0.0,0.0,1.0,4,0,0,corrected_integrated_root
gptoss,1,maximin,rule,CoCh,0,1.0,0.5,1.0,0.75,0.5,0.25,0.5,0.25,0.5,0.25,0.25,0.5,4,2,2,corrected_integrated_root
gptoss,1,maximin,rule,CoCm,0,1.0,0.0,1.0,0.0,1.0,0.0,1.0,0.0,1.0,0.0,1.0,0.0,4,4,4,corrected_integrated_root
gptoss,1,maximin,rule,CoCo,0,1.0,0.5,1.0,0.75,0.5,0.25,0.5,0.25,0.5,0.25,0.25,0.5,4,2,2,corrected_integrated_root
gptoss,1,maximin,rule,CoDl,0,1.0,0.0,1.0,0.0,1.0,0.0,1.0,0.0,1.0,0.0,1.0,0.0,4,4,4,corrected_integrated_root
gptoss,1,maximin,rule,CoHa,0,1.0,1.0,1.0,1.0,0.0,0.0,0.0,0.0,0.0,0.0,0.0,1.0,4,0,0,corrected_integrated_root
gptoss,1,maximin,rule,CoHr,0,1.0,0.5,1.0,0.75,0.5,0.25,0.5,0.25,0.5,0.25,0.25,0.5,4,2,2,corrected_integrated_root
gptoss,1,maximin,rule,CoNc,0,1.0,0.25,1.0,1.0,0.75,0.75,0.75,0.75,0.75,0.75,0.0,0.25,4,3,3,corrected_integrated_root
gptoss,1,maximin,rule,CoPc,0,1.0,1.0,1.0,1.0,0.0,0.0,0.0,0.0,0.0,0.0,0.0,1.0,4,0,0,corrected_integrated_root
gptoss,1,maximin,rule,CoPd,0,1.0,0.0,1.0,0.25,1.0,0.25,1.0,0.25,1.0,0.25,0.75,0.0,4,4,4,corrected_integrated_root
gptoss,1,maximin,rule,CoSh,0,1.0,0.25,1.0,0.75,0.75,0.5,0.75,0.5,0.75,0.5,0.25,0.25,4,3,3,corrected_integrated_root
gptoss,1,maximin,rule,DlAs,1,-2.0,0.0,0.0,0.0,0.0,0.0,0.0,0.0,-0.0,-0.0,-0.0,1.0,4,0,0,corrected_integrated_root
gptoss,1,maximin,rule,DlBa,1,-2.0,0.0,0.0,0.0,0.0,0.0,0.0,0.0,-0.0,-0.0,-0.0,1.0,4,0,0,corrected_integrated_root
gptoss,1,maximin,rule,DlCh,1,-2.0,0.0,0.0,0.0,0.0,0.0,0.0,0.0,-0.0,-0.0,-0.0,1.0,4,0,0,corrected_integrated_root
gptoss,1,maximin,rule,DlCm,1,-2.0,0.0,0.0,0.0,0.0,0.0,0.0,0.0,-0.0,-0.0,-0.0,1.0,4,0,0,corrected_integrated_root
gptoss,1,maximin,rule,DlCo,1,-2.0,0.0,0.0,0.0,0.0,0.0,0.0,0.0,-0.0,-0.0,-0.0,1.0,4,0,0,corrected_integrated_root
gptoss,1,maximin,rule,DlDl,1,-2.0,0.0,0.0,0.0,0.0,0.0,0.0,0.0,-0.0,-0.0,-0.0,1.0,4,0,0,corrected_integrated_root
gptoss,1,maximin,rule,DlHa,1,-2.0,0.0,0.0,0.0,0.0,0.0,0.0,0.0,-0.0,-0.0,-0.0,1.0,4,0,0,corrected_integrated_root
gptoss,1,maximin,rule,DlHr,1,-2.0,0.0,0.0,0.0,0.0,0.0,0.0,0.0,-0.0,-0.0,-0.0,1.0,4,0,0,corrected_integrated_root
gptoss,1,maximin,rule,DlNc,1,-2.0,0.0,0.0,0.0,0.0,0.0,0.0,0.0,-0.0,-0.0,-0.0,1.0,4,0,0,corrected_integrated_root
gptoss,1,maximin,rule,DlPc,1,-2.0,0.0,0.0,0.0,0.0,0.0,0.0,0.0,-0.0,-0.0,-0.0,1.0,4,0,0,corrected_integrated_root
gptoss,1,maximin,rule,DlPd,1,-2.0,0.0,0.0,0.0,0.0,0.0,0.0,0.0,-0.0,-0.0,-0.0,1.0,4,0,0,corrected_integrated_root
gptoss,1,maximin,rule,DlSh,1,-2.0,0.0,0.0,0.0,0.0,0.0,0.0,0.0,-0.0,-0.0,-0.0,1.0,4,0,0,corrected_integrated_root
gptoss,1,maximin,rule,HaAs,0,2.0,1.0,1.0,1.0,0.0,0.0,0.0,0.0,0.0,0.0,0.0,1.0,4,0,0,corrected_integrated_root
gptoss,1,maximin,rule,HaBa,0,2.0,1.0,1.0,1.0,0.0,0.0,0.0,0.0,0.0,0.0,0.0,1.0,4,0,0,corrected_integrated_root
gptoss,1,maximin,rule,HaCh,0,2.0,1.0,1.0,1.0,0.0,0.0,0.0,0.0,0.0,0.0,0.0,1.0,4,0,0,corrected_integrated_root
gptoss,1,maximin,rule,HaCm,0,2.0,1.0,1.0,1.0,0.0,0.0,0.0,0.0,0.0,0.0,0.0,1.0,4,0,0,corrected_integrated_root
gptoss,1,maximin,rule,HaCo,0,2.0,1.0,1.0,1.0,0.0,0.0,0.0,0.0,0.0,0.0,0.0,1.0,4,0,0,corrected_integrated_root
gptoss,1,maximin,rule,HaDl,0,2.0,1.0,1.0,1.0,0.0,0.0,0.0,0.0,0.0,0.0,0.0,1.0,4,0,0,corrected_integrated_root
gptoss,1,maximin,rule,HaHa,0,2.0,1.0,1.0,1.0,0.0,0.0,0.0,0.0,0.0,0.0,0.0,1.0,4,0,0,corrected_integrated_root
gptoss,1,maximin,rule,HaHr,0,2.0,1.0,1.0,1.0,0.0,0.0,0.0,0.0,0.0,0.0,0.0,1.0,4,0,0,corrected_integrated_root
gptoss,1,maximin,rule,HaNc,0,2.0,1.0,1.0,1.0,0.0,0.0,0.0,0.0,0.0,0.0,0.0,1.0,4,0,0,corrected_integrated_root
gptoss,1,maximin,rule,HaPc,0,2.0,1.0,1.0,1.0,0.0,0.0,0.0,0.0,0.0,0.0,0.0,1.0,4,0,0,corrected_integrated_root
gptoss,1,maximin,rule,HaPd,0,2.0,1.0,1.0,1.0,0.0,0.0,0.0,0.0,0.0,0.0,0.0,1.0,4,0,0,corrected_integrated_root
gptoss,1,maximin,rule,HaSh,0,2.0,1.0,1.0,1.0,0.0,0.0,0.0,0.0,0.0,0.0,0.0,1.0,4,0,0,corrected_integrated_root
gptoss,1,maximin,rule,HrAs,1,-1.0,0.25,0.0,0.25,-0.25,0.0,0.25,0.0,0.25,-0.0,0.25,0.75,4,1,1,corrected_integrated_root
gptoss,1,maximin,rule,HrBa,1,-1.0,0.0,0.0,0.0,0.0,0.0,0.0,0.0,-0.0,-0.0,-0.0,1.0,4,0,0,corrected_integrated_root
gptoss,1,maximin,rule,HrCh,1,-1.0,0.25,0.0,0.75,-0.25,0.5,0.25,0.5,0.25,-0.5,0.75,0.75,4,1,1,corrected_integrated_root
gptoss,1,maximin,rule,HrCm,1,-1.0,0.75,0.0,0.75,-0.75,0.0,0.75,0.0,0.75,-0.0,0.75,0.25,4,3,3,corrected_integrated_root
gptoss,1,maximin,rule,HrCo,1,-1.0,0.0,0.0,0.0,0.0,0.0,0.0,0.0,-0.0,-0.0,-0.0,1.0,4,0,0,corrected_integrated_root
gptoss,1,maximin,rule,HrDl,1,-1.0,1.0,0.0,0.75,-1.0,-0.25,1.0,0.25,1.0,0.25,0.75,0.0,4,4,4,corrected_integrated_root
gptoss,1,maximin,rule,HrHa,1,-1.0,0.25,0.0,0.0,-0.25,-0.25,0.25,0.25,0.25,0.25,-0.0,0.75,4,1,1,corrected_integrated_root
gptoss,1,maximin,rule,HrHr,1,-1.0,0.25,0.0,0.0,-0.25,-0.25,0.25,0.25,0.25,0.25,-0.0,0.75,4,1,1,corrected_integrated_root
gptoss,1,maximin,rule,HrNc,1,-1.0,0.25,0.0,0.5,-0.25,0.25,0.25,0.25,0.25,-0.25,0.5,0.75,4,1,1,corrected_integrated_root
gptoss,1,maximin,rule,HrPc,1,-1.0,0.0,0.0,0.0,0.0,0.0,0.0,0.0,-0.0,-0.0,-0.0,1.0,4,0,0,corrected_integrated_root
gptoss,1,maximin,rule,HrPd,1,-1.0,1.0,0.0,1.0,-1.0,0.0,1.0,0.0,1.0,-0.0,1.0,0.0,4,4,4,corrected_integrated_root
gptoss,1,maximin,rule,HrSh,1,-1.0,0.75,0.0,0.75,-0.75,0.0,0.75,0.0,0.75,-0.0,0.75,0.25,4,3,3,corrected_integrated_root
gptoss,1,maximin,rule,NcAs,0,1.0,1.0,1.0,1.0,0.0,0.0,0.0,0.0,0.0,0.0,0.0,1.0,4,0,0,corrected_integrated_root
gptoss,1,maximin,rule,NcBa,0,1.0,1.0,1.0,1.0,0.0,0.0,0.0,0.0,0.0,0.0,0.0,1.0,4,0,0,corrected_integrated_root
gptoss,1,maximin,rule,NcCh,0,1.0,1.0,1.0,1.0,0.0,0.0,0.0,0.0,0.0,0.0,0.0,1.0,4,0,0,corrected_integrated_root
gptoss,1,maximin,rule,NcCm,0,1.0,1.0,1.0,1.0,0.0,0.0,0.0,0.0,0.0,0.0,0.0,1.0,4,0,0,corrected_integrated_root
gptoss,1,maximin,rule,NcCo,0,1.0,1.0,1.0,1.0,0.0,0.0,0.0,0.0,0.0,0.0,0.0,1.0,4,0,0,corrected_integrated_root
gptoss,1,maximin,rule,NcDl,0,1.0,1.0,1.0,1.0,0.0,0.0,0.0,0.0,0.0,0.0,0.0,1.0,4,0,0,corrected_integrated_root
gptoss,1,maximin,rule,NcHa,0,1.0,1.0,1.0,1.0,0.0,0.0,0.0,0.0,0.0,0.0,0.0,1.0,4,0,0,corrected_integrated_root
gptoss,1,maximin,rule,NcHr,0,1.0,1.0,1.0,1.0,0.0,0.0,0.0,0.0,0.0,0.0,0.0,1.0,4,0,0,corrected_integrated_root
gptoss,1,maximin,rule,NcNc,0,1.0,1.0,1.0,1.0,0.0,0.0,0.0,0.0,0.0,0.0,0.0,1.0,4,0,0,corrected_integrated_root
gptoss,1,maximin,rule,NcPc,0,1.0,1.0,1.0,1.0,0.0,0.0,0.0,0.0,0.0,0.0,0.0,1.0,4,0,0,corrected_integrated_root
gptoss,1,maximin,rule,NcPd,0,1.0,1.0,1.0,1.0,0.0,0.0,0.0,0.0,0.0,0.0,0.0,1.0,4,0,0,corrected_integrated_root
gptoss,1,maximin,rule,NcSh,0,1.0,1.0,1.0,1.0,0.0,0.0,0.0,0.0,0.0,0.0,0.0,1.0,4,0,0,corrected_integrated_root
gptoss,1,maximin,rule,PcAs,0,2.0,1.0,1.0,1.0,0.0,0.0,0.0,0.0,0.0,0.0,0.0,1.0,4,0,0,corrected_integrated_root
gptoss,1,maximin,rule,PcBa,0,2.0,1.0,1.0,1.0,0.0,0.0,0.0,0.0,0.0,0.0,0.0,1.0,4,0,0,corrected_integrated_root
gptoss,1,maximin,rule,PcCh,0,2.0,1.0,1.0,1.0,0.0,0.0,0.0,0.0,0.0,0.0,0.0,1.0,4,0,0,corrected_integrated_root
gptoss,1,maximin,rule,PcCm,0,2.0,1.0,1.0,1.0,0.0,0.0,0.0,0.0,0.0,0.0,0.0,1.0,4,0,0,corrected_integrated_root
gptoss,1,maximin,rule,PcCo,0,2.0,1.0,1.0,1.0,0.0,0.0,0.0,0.0,0.0,0.0,0.0,1.0,4,0,0,corrected_integrated_root
gptoss,1,maximin,rule,PcDl,0,2.0,1.0,1.0,1.0,0.0,0.0,0.0,0.0,0.0,0.0,0.0,1.0,4,0,0,corrected_integrated_root
gptoss,1,maximin,rule,PcHa,0,2.0,1.0,1.0,1.0,0.0,0.0,0.0,0.0,0.0,0.0,0.0,1.0,4,0,0,corrected_integrated_root
gptoss,1,maximin,rule,PcHr,0,2.0,1.0,1.0,1.0,0.0,0.0,0.0,0.0,0.0,0.0,0.0,1.0,4,0,0,corrected_integrated_root
gptoss,1,maximin,rule,PcNc,0,2.0,1.0,1.0,1.0,0.0,0.0,0.0,0.0,0.0,0.0,0.0,1.0,4,0,0,corrected_integrated_root
gptoss,1,maximin,rule,PcPc,0,2.0,1.0,1.0,1.0,0.0,0.0,0.0,0.0,0.0,0.0,0.0,1.0,4,0,0,corrected_integrated_root
gptoss,1,maximin,rule,PcPd,0,2.0,1.0,1.0,1.0,0.0,0.0,0.0,0.0,0.0,0.0,0.0,1.0,4,0,0,corrected_integrated_root
gptoss,1,maximin,rule,PcSh,0,2.0,1.0,1.0,1.0,0.0,0.0,0.0,0.0,0.0,0.0,0.0,1.0,4,0,0,corrected_integrated_root
gptoss,1,maximin,rule,PdAs,1,-1.0,0.0,0.0,0.0,0.0,0.0,0.0,0.0,-0.0,-0.0,-0.0,1.0,4,0,0,corrected_integrated_root
gptoss,1,maximin,rule,PdBa,1,-1.0,0.0,0.0,0.0,0.0,0.0,0.0,0.0,-0.0,-0.0,-0.0,1.0,4,0,0,corrected_integrated_root
gptoss,1,maximin,rule,PdCh,1,-1.0,0.0,0.0,0.0,0.0,0.0,0.0,0.0,-0.0,-0.0,-0.0,1.0,4,0,0,corrected_integrated_root
gptoss,1,maximin,rule,PdCm,1,-1.0,0.0,0.0,0.0,0.0,0.0,0.0,0.0,-0.0,-0.0,-0.0,1.0,4,0,0,corrected_integrated_root
gptoss,1,maximin,rule,PdCo,1,-1.0,0.0,0.0,0.0,0.0,0.0,0.0,0.0,-0.0,-0.0,-0.0,1.0,4,0,0,corrected_integrated_root
gptoss,1,maximin,rule,PdDl,1,-1.0,0.0,0.0,0.0,0.0,0.0,0.0,0.0,-0.0,-0.0,-0.0,1.0,4,0,0,corrected_integrated_root
gptoss,1,maximin,rule,PdHa,1,-1.0,0.0,0.0,0.0,0.0,0.0,0.0,0.0,-0.0,-0.0,-0.0,1.0,4,0,0,corrected_integrated_root
gptoss,1,maximin,rule,PdHr,1,-1.0,0.0,0.0,0.0,0.0,0.0,0.0,0.0,-0.0,-0.0,-0.0,1.0,4,0,0,corrected_integrated_root
gptoss,1,maximin,rule,PdNc,1,-1.0,0.0,0.0,0.0,0.0,0.0,0.0,0.0,-0.0,-0.0,-0.0,1.0,4,0,0,corrected_integrated_root
gptoss,1,maximin,rule,PdPc,1,-1.0,0.0,0.0,0.0,0.0,0.0,0.0,0.0,-0.0,-0.0,-0.0,1.0,4,0,0,corrected_integrated_root
gptoss,1,maximin,rule,PdPd,1,-1.0,0.0,0.0,0.0,0.0,0.0,0.0,0.0,-0.0,-0.0,-0.0,1.0,4,0,0,corrected_integrated_root
gptoss,1,maximin,rule,PdSh,1,-1.0,0.0,0.0,0.0,0.0,0.0,0.0,0.0,-0.0,-0.0,-0.0,1.0,4,0,0,corrected_integrated_root
gptoss,1,maximin,rule,ShAs,1,-1.0,1.0,0.0,0.0,-1.0,-1.0,1.0,1.0,1.0,1.0,-0.0,0.0,4,4,4,corrected_integrated_root
gptoss,1,maximin,rule,ShBa,1,-1.0,0.25,0.0,0.5,-0.25,0.25,0.25,0.25,0.25,-0.25,0.5,0.75,4,1,1,corrected_integrated_root
gptoss,1,maximin,rule,ShCh,1,-1.0,0.25,0.0,0.0,-0.25,-0.25,0.25,0.25,0.25,0.25,-0.0,0.75,4,1,1,corrected_integrated_root
gptoss,1,maximin,rule,ShCm,1,-1.0,0.0,0.0,0.0,0.0,0.0,0.0,0.0,-0.0,-0.0,-0.0,1.0,4,0,0,corrected_integrated_root
gptoss,1,maximin,rule,ShCo,1,-1.0,0.75,0.0,0.75,-0.75,0.0,0.75,0.0,0.75,-0.0,0.75,0.25,4,3,3,corrected_integrated_root
gptoss,1,maximin,rule,ShDl,1,-1.0,0.0,0.0,0.0,0.0,0.0,0.0,0.0,-0.0,-0.0,-0.0,1.0,4,0,0,corrected_integrated_root
gptoss,1,maximin,rule,ShHa,1,-1.0,1.0,0.0,0.75,-1.0,-0.25,1.0,0.25,1.0,0.25,0.75,0.0,4,4,4,corrected_integrated_root
gptoss,1,maximin,rule,ShHr,1,-1.0,0.25,0.0,0.25,-0.25,0.0,0.25,0.0,0.25,-0.0,0.25,0.75,4,1,1,corrected_integrated_root
gptoss,1,maximin,rule,ShNc,1,-1.0,0.75,0.0,1.0,-0.75,0.25,0.75,0.25,0.75,-0.25,1.0,0.25,4,3,3,corrected_integrated_root
gptoss,1,maximin,rule,ShPc,1,-1.0,0.75,0.0,0.5,-0.75,-0.25,0.75,0.25,0.75,0.25,0.5,0.25,4,3,3,corrected_integrated_root
gptoss,1,maximin,rule,ShPd,1,-1.0,0.0,0.0,0.0,0.0,0.0,0.0,0.0,-0.0,-0.0,-0.0,1.0,4,0,0,corrected_integrated_root
gptoss,1,maximin,rule,ShSh,1,-1.0,0.75,0.0,0.0,-0.75,-0.75,0.75,0.75,0.75,0.75,-0.0,0.25,4,3,3,corrected_integrated_root
