model,mode,layer,variant,game_code,family,delta1_c,slope_letter,range_letter,slope_canon,range_canon,slope_beh,range_beh,beh_flip
qwen,h1_dinc,65,main,AsAs,CO1,0.0,1.1206249999999998,0.558975,-0.02942500000000003,0.022349999999999995,-0.08333333333333334,0.25,1
qwen,h1_dinc,65,main,AsBa,MP,-0.0,1.1156166666666665,0.552475,0.002933333333333305,0.021574999999999983,-0.24999999999999997,0.25,1
qwen,h1_dinc,65,main,AsCh,MP,-0.0,1.130625,0.5595,-0.0080916666666666,0.014999999999999986,0.0,0.0,1
qwen,h1_dinc,65,main,AsCm,OD1,-0.0,1.1238833333333333,0.556425,0.07741666666666666,0.056075000000000014,0.33333333333333337,0.5,1
qwen,h1_dinc,65,main,AsCo,CO2,0.0,1.09575,0.5405,-0.03133333333333334,0.02510000000000004,0.08333333333333334,0.25,1
qwen,h1_dinc,65,main,AsDl,OD1,-0.0,1.1141166666666666,0.5481,0.04494999999999999,0.031624999999999986,0.08333333333333334,0.25,1
qwen,h1_dinc,65,main,AsHa,OD2,0.0,1.1306166666666668,0.558525,0.001766666666666593,0.02975,0.33333333333333337,0.5,1
qwen,h1_dinc,65,main,AsHr,MP,-0.0,1.1302583333333331,0.5522499999999999,0.023691666666666607,0.014575000000000005,0.6666666666666667,0.25,1
qwen,h1_dinc,65,main,AsNc,OD2,0.0,1.1061750000000004,0.5502750000000001,-0.04927499999999997,0.0223,0.0,0.0,1
qwen,h1_dinc,65,main,AsPc,OD2,0.0,1.1239999999999999,0.5554749999999999,-0.02221666666666666,0.01242500000000002,0.16666666666666669,0.25,1
qwen,h1_dinc,65,main,AsPd,OD1,-0.0,1.150583333333333,0.55985,0.016533333333333334,0.014174999999999993,0.0833333333333334,0.25,1
qwen,h1_dinc,65,main,AsSh,CO1,0.0,1.1229833333333332,0.5563750000000001,0.002949999999999948,0.014850000000000002,0.0,0.0,1
qwen,h1_dinc,65,main,BaAs,MP,0.0,1.0982499999999997,0.5396,-0.0054333333333333724,0.027800000000000033,-0.08333333333333334,0.25,1
qwen,h1_dinc,65,main,BaBa,CO2,0.0,1.1624666666666665,0.575975,-0.010883333333333372,0.03637500000000002,-0.4166666666666666,0.5,1
qwen,h1_dinc,65,main,BaCh,CO2,0.0,1.1347166666666668,0.559225,0.008233333333333384,0.011100000000000013,1.410390785266238e-16,0.0,1
qwen,h1_dinc,65,main,BaCm,OD1,0.0,1.1468416666666665,0.561925,-0.009341666666666743,0.021699999999999997,5.179259186036526e-16,0.25,1
qwen,h1_dinc,65,main,BaCo,MP,0.0,1.1326749999999997,0.5588,0.0010416666666666502,0.025424999999999948,-0.08333333333333323,0.25,1
qwen,h1_dinc,65,main,BaDl,OD1,0.0,1.1013916666666665,0.5378499999999999,0.00600833333333327,0.012774999999999995,-0.6666666666666667,0.25,1
qwen,h1_dinc,65,main,BaHa,OD2,-0.0,1.14975,0.562,0.006216666666666617,0.025825000000000015,0.33333333333333337,0.5,1
qwen,h1_dinc,65,main,BaHr,CO1,0.0,1.1650333333333334,0.56615,-0.02913333333333332,0.04205000000000002,5.179259186036526e-16,0.25,1
qwen,h1_dinc,65,main,BaNc,OD2,-0.0,1.1432916666666666,0.565375,0.014574999999999979,0.021574999999999955,-0.08333333333333334,0.25,1
qwen,h1_dinc,65,main,BaPc,OD2,-0.0,1.1369416666666665,0.558225,0.0341083333333333,0.028499999999999998,-1.410390785266238e-16,0.25,1
qwen,h1_dinc,65,main,BaPd,OD1,0.0,1.1526333333333336,0.5623500000000001,-0.0054333333333333326,0.01990000000000003,-0.6666666666666667,0.25,1
qwen,h1_dinc,65,main,BaSh,MP,0.0,1.0891916666666666,0.53515,-0.007574999999999942,0.01592499999999998,-0.25,0.25,1
qwen,h1_dinc,65,main,ChAs,MP,0.0,1.0972000000000002,0.543675,-0.025349999999999942,0.03507499999999998,-0.08333333333333323,0.25,1
qwen,h1_dinc,65,main,ChBa,CO2,0.0,1.1286416666666665,0.561525,-0.04302500000000002,0.05420000000000001,-0.24999999999999997,0.5,1
qwen,h1_dinc,65,main,ChCh,CO2,0.0,1.1395583333333335,0.5630250000000001,-0.048191666666666653,0.03447499999999999,-0.24999999999999997,0.25,1
qwen,h1_dinc,65,main,ChCm,OD1,0.0,1.114275,0.551775,-0.01879166666666672,0.04490000000000001,0.2500000000000001,0.5,1
qwen,h1_dinc,65,main,ChCo,MP,0.0,1.1608416666666668,0.567075,-0.025008333333333282,0.048625000000000015,5.179259186036526e-16,0.25,1
qwen,h1_dinc,65,main,ChDl,OD1,0.0,1.0992333333333333,0.53905,-0.03918333333333335,0.03290000000000001,-0.33333333333333337,0.5,1
qwen,h1_dinc,65,main,ChHa,OD2,-0.0,1.146708333333333,0.5581,0.0411083333333333,0.03985,0.5833333333333333,0.25,1
qwen,h1_dinc,65,main,ChHr,CO1,0.0,1.1169583333333333,0.5446249999999999,-0.031558333333333334,0.06564999999999999,-0.24999999999999958,0.5,1
qwen,h1_dinc,65,main,CmAs,OD1,2.0,1.0779833333333335,0.531575,0.09008333333333333,0.09094999999999998,0.24999999999999958,0.5,1
qwen,h1_dinc,65,main,CmCm,DD,2.0,1.0519,0.5204,0.07501666666666669,0.099025,-4.623039550284263e-17,0.5,1
qwen,h1_dinc,65,main,CmDl,DD,2.0,1.0930916666666668,0.53835,0.08839166666666658,0.094225,0.16666666666666646,0.5,1
qwen,h1_dinc,65,main,CmHa,DD,2.0,1.0668416666666667,0.5298,0.08539166666666671,0.10032500000000003,0.5833333333333333,0.5,1
qwen,h1_dinc,65,main,CmNc,DD,2.0,1.0784,0.5284500000000001,0.03809999999999996,0.08747500000000002,-2.820781570532476e-16,0.5,1
qwen,h1_dinc,65,main,CoAs,CO2,1.0,1.0486250000000001,0.5280750000000001,0.04300833333333337,0.05109999999999998,0.49999999999999994,0.5,1
qwen,h1_dinc,65,main,CoCo,CO1,1.0,1.0996666666666666,0.5456,0.04558333333333338,0.043125000000000024,0.33333333333333337,0.5,1
qwen,h1_dinc,65,main,CoSh,CO2,1.0,1.1135583333333332,0.553075,0.07804166666666668,0.062975,0.49999999999999994,0.5,1
qwen,h1_dinc,65,main,HaAs,OD2,2.0,1.0831166666666667,0.534925,0.07483333333333331,0.0816,0.4166666666666663,0.5,1
qwen,h1_dinc,65,main,HaBa,OD2,2.0,1.1138416666666666,0.5407249999999999,-0.001775000000000009,0.06567499999999996,-2.820781570532476e-16,0.5,1
qwen,h1_dinc,65,main,HaCm,DD,2.0,1.1198916666666665,0.5431,0.006874999999999995,0.033399999999999985,0.08333333333333286,0.5,1
qwen,h1_dinc,65,main,HaDl,DD,2.0,1.1380833333333333,0.556875,0.01681666666666663,0.056475000000000025,-5.179259186036526e-16,0.25,1
qwen,h1_dinc,65,main,HaHa,DD,2.0,1.1043999999999996,0.5481499999999999,0.08553333333333335,0.09365000000000001,0.16666666666666646,0.5,1
qwen,h1_dinc,65,main,HaNc,DD,2.0,1.0871166666666665,0.5399,0.0600166666666666,0.08115,0.16666666666666646,0.5,1
qwen,h1_dinc,65,main,HaPc,DD,2.0,1.088275,0.5372750000000001,0.038841666666666635,0.05930000000000003,0.16666666666666646,0.5,1
qwen,h1_dinc,65,main,HrAs,MP,1.0,1.1268166666666668,0.5506000000000001,0.03846666666666658,0.043424999999999964,0.1666666666666662,0.25,1
qwen,h1_dinc,65,main,HrBa,CO1,1.0,1.1015916666666665,0.5444749999999999,0.020891666666666694,0.06175,0.08333333333333286,0.5,1
qwen,h1_dinc,65,main,HrCh,CO1,1.0,1.1034916666666665,0.54355,0.062108333333333376,0.07297500000000001,0.6666666666666662,0.5,1
qwen,h1_dinc,65,main,HrHr,CO2,1.0,1.1034416666666664,0.5398999999999999,0.03745833333333334,0.06452499999999997,0.08333333333333286,0.5,1
qwen,h1_dinc,65,main,ShAs,CO1,0.0,1.1095833333333331,0.5537,0.001033333333333318,0.009650000000000006,0.25,0.25,1
qwen,h1_dinc,65,main,ShCo,CO2,0.0,1.0956416666666668,0.5378000000000001,-0.051841666666666626,0.027074999999999988,0.0,0.0,1
qwen,h1_dinc,65,main,ShSh,CO1,0.0,1.1065916666666664,0.546875,-0.028775000000000082,0.0238,0.0,0.0,1
qwen,h1_dinc,65,main_perp,AsAs,CO1,0.0,1.1203249999999998,0.556225,-0.02245833333333331,0.015100000000000002,0.0,0.0,1
qwen,h1_dinc,65,main_perp,AsBa,MP,-0.0,1.1096916666666665,0.537275,0.027008333333333336,0.016750000000000015,-0.08333333333333323,0.25,1
qwen,h1_dinc,65,main_perp,AsCh,MP,-0.0,1.0817333333333332,0.528775,-0.0063000000000000105,0.007824999999999971,0.0,0.0,1
qwen,h1_dinc,65,main_perp,AsCm,OD1,-0.0,1.1169250000000002,0.546775,0.018091666666666686,0.02162500000000006,0.33333333333333337,0.5,1
qwen,h1_dinc,65,main_perp,AsCo,CO2,0.0,1.0864583333333335,0.535875,-0.01742500000000002,0.015649999999999997,0.08333333333333334,0.25,1
qwen,h1_dinc,65,main_perp,AsDl,OD1,-0.0,1.0925083333333332,0.536925,0.04609166666666662,0.03297499999999998,0.16666666666666669,0.5,1
qwen,h1_dinc,65,main_perp,AsHa,OD2,0.0,1.095533333333333,0.5447,-0.014716666666666631,0.010249999999999995,0.16666666666666669,0.25,1
qwen,h1_dinc,65,main_perp,AsHr,MP,-0.0,1.1388999999999996,0.5619,-0.00023333333333335336,0.01477500000000001,0.49999999999999994,0.25,1
qwen,h1_dinc,65,main_perp,AsNc,OD2,0.0,1.1047833333333335,0.53485,0.011500000000000088,0.012649999999999995,0.0,0.0,1
qwen,h1_dinc,65,main_perp,AsPc,OD2,0.0,1.0906999999999998,0.534,-0.019016666666666602,0.023574999999999985,0.25,0.25,1
qwen,h1_dinc,65,main_perp,AsPd,OD1,-0.0,1.1334083333333334,0.5569500000000001,-0.0015416666666667272,0.014724999999999988,0.5833333333333335,0.5,1
qwen,h1_dinc,65,main_perp,AsSh,CO1,0.0,1.1309999999999998,0.552675,-0.0164,0.015900000000000025,0.0,0.0,1
qwen,h1_dinc,65,main_perp,BaAs,MP,0.0,1.0964333333333331,0.539525,-0.007166666666666724,0.012175000000000033,-0.08333333333333334,0.25,1
qwen,h1_dinc,65,main_perp,BaBa,CO2,0.0,1.1360083333333333,0.5587249999999999,-0.009425000000000051,0.028725000000000014,-0.24999999999999986,0.5,1
qwen,h1_dinc,65,main_perp,BaCh,CO2,0.0,1.1109166666666666,0.544825,-0.002233333333333268,0.02517499999999999,-0.08333333333333323,0.25,1
qwen,h1_dinc,65,main_perp,BaCm,OD1,0.0,1.135433333333333,0.552725,-0.029950000000000053,0.03610000000000002,5.179259186036526e-16,0.25,1
qwen,h1_dinc,65,main_perp,BaCo,MP,0.0,1.138433333333333,0.560725,-0.03079999999999992,0.040599999999999956,-0.08333333333333323,0.25,1
qwen,h1_dinc,65,main_perp,BaDl,OD1,0.0,1.08425,0.5282250000000001,0.02199999999999994,0.02384999999999994,-0.5833333333333333,0.25,1
qwen,h1_dinc,65,main_perp,BaHa,OD2,-0.0,1.1392833333333332,0.5595,0.02451666666666658,0.02695,0.08333333333333323,0.25,1
qwen,h1_dinc,65,main_perp,BaHr,CO1,0.0,1.1487666666666667,0.560675,-0.017299999999999947,0.03865000000000003,5.179259186036526e-16,0.25,1
qwen,h1_dinc,65,main_perp,BaNc,OD2,-0.0,1.1039916666666667,0.5435,-0.00409166666666664,0.014899999999999997,-0.08333333333333334,0.25,1
qwen,h1_dinc,65,main_perp,BaPc,OD2,-0.0,1.118475,0.5530250000000001,0.030108333333333386,0.034125000000000016,-1.410390785266238e-16,0.25,1
qwen,h1_dinc,65,main_perp,BaPd,OD1,0.0,1.1406333333333334,0.559175,-0.03899999999999997,0.03299999999999999,-0.6666666666666667,0.25,1
qwen,h1_dinc,65,main_perp,BaSh,MP,0.0,1.0768833333333332,0.535625,-0.024583333333333297,0.016824999999999993,-0.25,0.25,1
qwen,h1_dinc,65,main_perp,ChAs,MP,0.0,1.1021666666666665,0.5355749999999999,-0.041249999999999974,0.037474999999999994,-0.24999999999999997,0.25,1
qwen,h1_dinc,65,main_perp,ChBa,CO2,0.0,1.1047083333333334,0.54765,-0.0570916666666667,0.047575000000000034,-0.24999999999999997,0.5,1
qwen,h1_dinc,65,main_perp,ChCh,CO2,0.0,1.1206583333333333,0.5547249999999999,-0.013541666666666594,0.02579999999999999,-0.08333333333333323,0.25,1
qwen,h1_dinc,65,main_perp,ChCm,OD1,0.0,1.1087083333333332,0.545725,-0.006008333333333346,0.03899999999999999,-0.08333333333333323,0.5,1
qwen,h1_dinc,65,main_perp,ChCo,MP,0.0,1.1156916666666665,0.54595,-0.013391666666666616,0.04252499999999998,-0.1666666666666662,0.25,1
qwen,h1_dinc,65,main_perp,ChDl,OD1,0.0,1.1075666666666666,0.5463749999999999,-0.0358333333333333,0.04447499999999999,-0.33333333333333337,0.5,1
qwen,h1_dinc,65,main_perp,ChHa,OD2,-0.0,1.1389999999999998,0.5520749999999999,0.014499999999999975,0.028424999999999978,-1.410390785266238e-16,0.25,1
qwen,h1_dinc,65,main_perp,ChHr,CO1,0.0,1.0894083333333333,0.5275,-0.019158333333333347,0.044725000000000015,-0.24999999999999958,0.5,1
qwen,h1_dinc,65,main_perp,CmAs,OD1,2.0,1.0719583333333333,0.5317500000000001,0.04522499999999992,0.07644999999999996,0.24999999999999958,0.5,1
qwen,h1_dinc,65,main_perp,CmCm,DD,2.0,1.0412916666666665,0.510675,0.07004166666666671,0.0842,0.16666666666666646,0.5,1
qwen,h1_dinc,65,main_perp,CmDl,DD,2.0,1.0724,0.5310750000000001,0.09494999999999984,0.10417499999999999,0.16666666666666646,0.5,1
qwen,h1_dinc,65,main_perp,CmHa,DD,2.0,1.0587499999999999,0.5265249999999999,0.08364999999999993,0.10450000000000001,0.5833333333333333,0.5,1
qwen,h1_dinc,65,main_perp,CmNc,DD,2.0,1.06435,0.5226500000000001,0.04159999999999983,0.08254999999999993,-2.820781570532476e-16,0.5,1
qwen,h1_dinc,65,main_perp,CoAs,CO2,1.0,1.0615916666666665,0.528375,0.04189166666666664,0.043849999999999986,0.49999999999999994,0.5,1
qwen,h1_dinc,65,main_perp,CoCo,CO1,1.0,1.1046166666666668,0.545525,0.055633333333333396,0.046725000000000017,0.33333333333333337,0.5,1
qwen,h1_dinc,65,main_perp,CoSh,CO2,1.0,1.0999166666666667,0.549375,0.04343333333333338,0.05725000000000004,0.49999999999999994,0.5,1
qwen,h1_dinc,65,main_perp,HaAs,OD2,2.0,1.0818583333333334,0.53325,0.09464166666666661,0.0935,0.3333333333333332,0.5,1
qwen,h1_dinc,65,main_perp,HaBa,OD2,2.0,1.0879333333333332,0.536875,0.03526666666666662,0.07352499999999998,-2.820781570532476e-16,0.5,1
qwen,h1_dinc,65,main_perp,HaCm,DD,2.0,1.1233999999999997,0.5495249999999999,0.05110000000000009,0.05700000000000005,0.08333333333333286,0.5,1
qwen,h1_dinc,65,main_perp,HaDl,DD,2.0,1.1075666666666666,0.538425,0.010333333333333352,0.0587,-5.179259186036526e-16,0.25,1
qwen,h1_dinc,65,main_perp,HaHa,DD,2.0,1.0815,0.529425,0.0800333333333333,0.08604999999999999,0.3333333333333332,0.5,1
qwen,h1_dinc,65,main_perp,HaNc,DD,2.0,1.0744916666666666,0.5253749999999999,0.06510833333333327,0.08754999999999999,0.16666666666666646,0.5,1
qwen,h1_dinc,65,main_perp,HaPc,DD,2.0,1.0847583333333333,0.5429,0.04459166666666661,0.07347500000000001,0.16666666666666646,0.5,1
qwen,h1_dinc,65,main_perp,HrAs,MP,1.0,1.1248166666666666,0.5519499999999999,0.03301666666666669,0.050425,0.1666666666666662,0.25,1
qwen,h1_dinc,65,main_perp,HrBa,CO1,1.0,1.1330916666666666,0.555425,0.02129166666666669,0.0739,0.08333333333333286,0.5,1
qwen,h1_dinc,65,main_perp,HrCh,CO1,1.0,1.077508333333333,0.535125,0.04477499999999996,0.0706,0.4166666666666663,0.5,1
qwen,h1_dinc,65,main_perp,HrHr,CO2,1.0,1.1208833333333332,0.552825,0.031233333333333297,0.054400000000000004,0.08333333333333286,0.5,1
qwen,h1_dinc,65,main_perp,ShAs,CO1,0.0,1.0996083333333333,0.547925,-0.033408333333333345,0.02352499999999999,0.16666666666666669,0.25,1
qwen,h1_dinc,65,main_perp,ShCo,CO2,0.0,1.0680666666666667,0.53215,-0.020649999999999998,0.020924999999999985,0.0,0.0,1
qwen,h1_dinc,65,main_perp,ShSh,CO1,0.0,1.1272416666666667,0.556775,-0.03332499999999996,0.015224999999999989,-0.16666666666666669,0.25,1
qwen,h1_dinc,65,random,AsAs,CO1,0.0,0.0022416666666666644,0.015549999999999994,-0.01882500000000002,0.023874999999999993,0.0,0.0,0
qwen,h1_dinc,65,random,AsBa,MP,-0.0,0.0005333333333333665,0.015849999999999975,0.031333333333333324,0.015600000000000003,0.0,0.0,1
qwen,h1_dinc,65,random,AsCh,MP,-0.0,0.03211666666666667,0.016149999999999998,0.03646666666666664,0.02315000000000003,-0.41666666666666663,0.25,1
qwen,h1_dinc,65,random,AsCm,OD1,-0.0,0.011108333333333324,0.0076999999999999985,-0.0007750000000000715,0.015524999999999983,0.5833333333333334,0.25,1
qwen,h1_dinc,65,random,AsCo,CO2,0.0,-0.003108333333333344,0.014499999999999999,-0.01845833333333333,0.015825000000000006,0.0,0.0,0
qwen,h1_dinc,65,random,AsDl,OD1,-0.0,0.01051666666666666,0.008025000000000004,-0.009849999999999932,0.02345,0.08333333333333334,0.25,1
qwen,h1_dinc,65,random,AsHa,OD2,0.0,-7.499999999998495e-05,0.023575000000000013,0.009891666666666658,0.007674999999999987,0.0,0.0,0
qwen,h1_dinc,65,random,AsHr,MP,-0.0,0.011533333333333298,0.01572499999999999,0.005616666666666639,0.016249999999999987,0.4166666666666666,0.25,1
qwen,h1_dinc,65,random,AsNc,OD2,0.0,0.019008333333333332,0.016174999999999995,-0.03295833333333328,0.023325000000000012,0.0,0.0,0
qwen,h1_dinc,65,random,AsPc,OD2,0.0,-0.013566666666666652,0.00739999999999999,0.013649999999999976,0.008150000000000018,0.0,0.0,0
qwen,h1_dinc,65,random,AsPd,OD1,-0.0,0.002216666666666685,0.016075000000000006,0.023133333333333266,0.01504999999999998,-0.49999999999999994,0.25,1
qwen,h1_dinc,65,random,AsSh,CO1,0.0,-0.00251666666666665,0.01525,-0.017433333333333346,0.01547500000000003,0.0,0.0,0
qwen,h1_dinc,65,random,BaAs,MP,0.0,-0.02313333333333333,0.015625,-0.0027166666666666684,0.008424999999999988,-0.08333333333333334,0.25,1
qwen,h1_dinc,65,random,BaBa,CO2,0.0,0.050874999999999976,0.030524999999999997,0.017508333333333344,0.016775000000000012,0.41666666666666663,0.25,1
qwen,h1_dinc,65,random,BaCh,CO2,0.0,0.0072333333333333034,0.015800000000000022,0.01048333333333333,0.031500000000000014,0.0,0.0,1
qwen,h1_dinc,65,random,BaCm,OD1,0.0,0.0032500000000000207,0.015200000000000005,0.02851666666666668,0.015799999999999995,0.41666666666666674,0.25,1
qwen,h1_dinc,65,random,BaCo,MP,0.0,0.0038416666666666603,0.015574999999999992,0.006758333333333348,0.030324999999999963,0.0,0.0,1
qwen,h1_dinc,65,random,BaDl,OD1,0.0,0.004891666666666654,0.00789999999999999,-0.05729166666666667,0.030875,-0.5833333333333333,0.25,1
qwen,h1_dinc,65,random,BaHa,OD2,-0.0,0.03973333333333337,0.02255000000000003,0.010116666666666671,0.008349999999999996,0.0,0.0,1
qwen,h1_dinc,65,random,BaHr,CO1,0.0,-0.006899999999999998,0.008349999999999996,-0.00831666666666673,0.01522499999999996,0.9999999999999999,0.5,1
qwen,h1_dinc,65,random,BaNc,OD2,-0.0,0.05742500000000002,0.023775000000000004,0.00512499999999997,0.01560000000000003,0.0,0.0,0
qwen,h1_dinc,65,random,BaPc,OD2,-0.0,0.011799999999999984,0.01575,0.03651666666666674,0.030149999999999982,0.0,0.0,1
qwen,h1_dinc,65,random,BaPd,OD1,0.0,0.007600000000000032,0.007949999999999999,0.0002500000000000008,0.015949999999999992,0.0,0.0,1
qwen,h1_dinc,65,random,BaSh,MP,0.0,0.02309999999999998,0.01625,0.01666666666666669,0.02245000000000001,0.0,0.0,0
qwen,h1_dinc,65,random,ChAs,MP,0.0,-0.00537499999999998,0.015075000000000019,0.009824999999999997,0.022950000000000012,0.0,0.0,1
qwen,h1_dinc,65,random,ChBa,CO2,0.0,0.05394999999999994,0.029574999999999976,0.004800000000000013,0.007874999999999993,0.08333333333333334,0.25,1
qwen,h1_dinc,65,random,ChCh,CO2,0.0,-0.004599999999999966,0.00810000000000001,-0.03378333333333328,0.014875,-0.49999999999999994,0.25,1
qwen,h1_dinc,65,random,ChCm,OD1,0.0,0.014658333333333296,0.014949999999999991,0.03045833333333338,0.023275000000000018,0.4166666666666666,0.25,1
qwen,h1_dinc,65,random,ChCo,MP,0.0,0.0020166666666666905,0.02249999999999998,0.009166666666666686,0.008700000000000013,0.5833333333333334,0.25,1
qwen,h1_dinc,65,random,ChDl,OD1,0.0,-0.0024333333333333316,0.0077999999999999875,0.0024666666666666947,0.007824999999999999,0.0,0.0,1
qwen,h1_dinc,65,random,ChHa,OD2,-0.0,0.04570833333333333,0.02302499999999999,-0.005241666666666653,0.015375,0.2500000000000001,0.25,1
qwen,h1_dinc,65,random,ChHr,CO1,0.0,0.030349999999999978,0.015274999999999997,-0.004683333333333322,0.007824999999999971,0.0,0.0,1
qwen,h1_dinc,65,random,CmAs,OD1,2.0,0.03411666666666667,0.019199999999999995,-0.013616666666666784,0.015449999999999992,0.0,0.0,1
qwen,h1_dinc,65,random,CmCm,DD,2.0,0.04537500000000003,0.02625000000000001,-0.02739166666666674,0.01460000000000003,0.0,0.0,1
qwen,h1_dinc,65,random,CmDl,DD,2.0,0.02692500000000001,0.023425,0.04072499999999999,0.02057500000000001,0.0,0.0,1
qwen,h1_dinc,65,random,CmHa,DD,2.0,0.011233333333333309,0.006725000000000009,-0.012516666666666705,0.014724999999999988,0.0,0.0,1
qwen,h1_dinc,65,random,CmNc,DD,2.0,0.024925000000000013,0.018275000000000013,-0.024758333333333268,0.011374999999999968,0.0,0.0,1
qwen,h1_dinc,65,random,CoAs,CO2,1.0,0.01965000000000003,0.021350000000000008,-0.012083333333333376,0.01435000000000003,0.0,0.0,1
qwen,h1_dinc,65,random,CoCo,CO1,1.0,0.00721666666666666,0.008575000000000013,0.012850000000000037,0.015649999999999997,0.5,0.25,1
qwen,h1_dinc,65,random,CoSh,CO2,1.0,0.04193333333333334,0.022300000000000014,0.01978333333333333,0.008900000000000047,0.16666666666666669,0.25,1
qwen,h1_dinc,65,random,HaAs,OD2,2.0,0.015150000000000045,0.007700000000000026,0.008583333333333429,0.01352500000000001,0.0,0.0,1
qwen,h1_dinc,65,random,HaBa,OD2,2.0,-0.002466666666666664,0.021174999999999986,-0.021566666666666665,0.015749999999999986,0.0,0.0,1
qwen,h1_dinc,65,random,HaCm,DD,2.0,0.018341666666666714,0.015425000000000008,-0.01962499999999998,0.008649999999999991,0.0,0.0,1
qwen,h1_dinc,65,random,HaDl,DD,2.0,0.016108333333333277,0.02247499999999998,0.025608333333333334,0.012700000000000017,0.0,0.0,1
qwen,h1_dinc,65,random,HaHa,DD,2.0,-0.0043000000000000425,0.008074999999999999,-0.003416666666666662,0.007675000000000015,0.0,0.0,1
qwen,h1_dinc,65,random,HaNc,DD,2.0,-0.03299999999999999,0.02105,0.01076666666666659,0.013375000000000026,0.0,0.0,1
qwen,h1_dinc,65,random,HaPc,DD,2.0,0.03586666666666668,0.021275000000000002,0.020349999999999938,0.014749999999999958,0.0,0.0,1
qwen,h1_dinc,65,random,HrAs,MP,1.0,0.03239166666666669,0.030100000000000016,0.011708333333333308,0.02262499999999998,0.0,0.0,1
qwen,h1_dinc,65,random,HrBa,CO1,1.0,0.018200000000000008,0.015200000000000005,0.01564999999999995,0.015550000000000008,0.0,0.0,1
qwen,h1_dinc,65,random,HrCh,CO1,1.0,0.049549999999999976,0.028249999999999983,-0.01795,0.02200000000000002,0.0,0.0,1
qwen,h1_dinc,65,random,HrHr,CO2,1.0,0.013233333333333312,0.021475000000000008,-0.022283333333333325,0.014224999999999988,0.0,0.0,1
qwen,h1_dinc,65,random,ShAs,CO1,0.0,0.010133333333333322,0.030149999999999996,0.010266666666666651,0.014825000000000005,0.0,0.0,0
qwen,h1_dinc,65,random,ShCo,CO2,0.0,0.025166666666666657,0.015325000000000005,-0.046166666666666675,0.023050000000000015,0.0,0.0,0
qwen,h1_dinc,65,random,ShSh,CO1,0.0,0.015108333333333347,0.030775000000000025,-2.5000000000087632e-05,0.015850000000000017,0.0,0.0,0
qwen,h1_dinc,79,main,AsAs,CO1,0.0,0.9078416666666667,0.4518,-0.037891666666666594,0.020399999999999974,-0.08333333333333334,0.25,1
qwen,h1_dinc,79,main,AsBa,MP,-0.0,0.9046249999999999,0.457125,0.016375000000000004,0.025024999999999964,-0.1666666666666666,0.25,1
qwen,h1_dinc,79,main,AsCh,MP,-0.0,0.9202333333333331,0.45759999999999995,-0.009749999999999943,0.022600000000000037,0.16666666666666669,0.25,1
qwen,h1_dinc,79,main,AsCm,OD1,-0.0,0.928,0.455625,0.010166666666666655,0.015774999999999983,0.25,0.25,1
qwen,h1_dinc,79,main,AsCo,CO2,0.0,0.9036333333333333,0.45539999999999997,0.02015,0.026524999999999993,-0.08333333333333334,0.5,1
qwen,h1_dinc,79,main,AsDl,OD1,-0.0,0.9292333333333331,0.47019999999999995,0.004283333333333303,0.014224999999999988,0.08333333333333334,0.25,1
qwen,h1_dinc,79,main,AsHa,OD2,0.0,0.9166333333333332,0.4497,-0.002766666666666606,0.009874999999999995,0.25,0.25,1
qwen,h1_dinc,79,main,AsHr,MP,-0.0,0.9106166666666666,0.45155,0.013133333333333302,0.012599999999999972,0.6666666666666667,0.25,1
qwen,h1_dinc,79,main,AsNc,OD2,0.0,0.9630833333333332,0.48165,-0.018533333333333336,0.016075000000000006,-0.16666666666666669,0.25,1
qwen,h1_dinc,79,main,AsPc,OD2,0.0,0.9113500000000001,0.45372500000000004,-0.005516666666666649,0.014724999999999974,0.0,0.0,1
qwen,h1_dinc,79,main,AsPd,OD1,-0.0,0.9521333333333332,0.48345,0.00480000000000002,0.018600000000000005,-0.08333333333333323,0.25,1
qwen,h1_dinc,79,main,AsSh,CO1,0.0,0.9209333333333333,0.450475,-0.015399999999999947,0.008974999999999969,0.08333333333333334,0.25,1
qwen,h1_dinc,79,main,BaAs,MP,0.0,0.8801083333333334,0.4343,-0.035175,0.018875000000000003,-0.41666666666666674,0.5,1
qwen,h1_dinc,79,main,BaBa,CO2,0.0,0.9386249999999999,0.45610000000000006,0.0019750000000000327,0.01755000000000001,-0.1666666666666666,0.25,1
qwen,h1_dinc,79,main,BaCh,CO2,0.0,0.9420666666666665,0.471825,-0.03543333333333337,0.025275000000000034,-0.08333333333333323,0.25,1
qwen,h1_dinc,79,main,BaCm,OD1,0.0,0.9286333333333333,0.459975,-0.037816666666666686,0.031575000000000034,-0.24999999999999958,0.5,1
qwen,h1_dinc,79,main,BaCo,MP,0.0,0.9451333333333333,0.4665,0.025033333333333272,0.021499999999999964,-0.1666666666666666,0.25,1
qwen,h1_dinc,79,main,BaDl,OD1,0.0,0.952075,0.473925,-0.0354083333333333,0.020724999999999993,-0.6666666666666667,0.25,1
qwen,h1_dinc,79,main,BaHa,OD2,-0.0,0.9017666666666665,0.44892499999999996,-0.006116666666666613,0.014999999999999958,0.24999999999999997,0.25,1
qwen,h1_dinc,79,main,BaHr,CO1,0.0,0.9383666666666666,0.46475,-0.00786666666666667,0.026349999999999985,5.179259186036526e-16,0.25,1
qwen,h1_dinc,79,main,BaNc,OD2,-0.0,0.9232583333333334,0.45317499999999994,-0.01430833333333329,0.0072500000000000064,0.08333333333333334,0.25,1
qwen,h1_dinc,79,main,BaPc,OD2,-0.0,0.9155333333333331,0.45665,0.004366666666666639,0.014950000000000019,-1.410390785266238e-16,0.25,1
qwen,h1_dinc,79,main,BaPd,OD1,0.0,0.9307749999999999,0.46354999999999996,-0.03674166666666666,0.020599999999999993,-0.5833333333333333,0.25,1
qwen,h1_dinc,79,main,BaSh,MP,0.0,0.8916083333333332,0.440625,-0.03064166666666663,0.017600000000000005,-0.16666666666666669,0.25,1
qwen,h1_dinc,79,main,ChAs,MP,0.0,0.8895916666666666,0.44304999999999994,0.00644166666666664,0.01627499999999997,-0.1666666666666666,0.25,1
qwen,h1_dinc,79,main,ChBa,CO2,0.0,0.9283583333333334,0.45940000000000003,-0.006841666666666688,0.030875000000000014,-0.24999999999999997,0.5,1
qwen,h1_dinc,79,main,ChCh,CO2,0.0,0.9161833333333332,0.4541,-0.0014000000000000358,0.016525000000000026,-0.24999999999999997,0.25,1
qwen,h1_dinc,79,main,ChCm,OD1,0.0,0.9107083333333331,0.4554,-0.0013583333333333067,0.037525,-0.08333333333333323,0.5,1
qwen,h1_dinc,79,main,ChCo,MP,0.0,0.9107416666666667,0.454575,-0.03305833333333333,0.03269999999999999,5.179259186036526e-16,0.25,1
qwen,h1_dinc,79,main,ChDl,OD1,0.0,0.9117666666666664,0.4584,-0.004250000000000067,0.02234999999999998,-0.33333333333333337,0.5,1
qwen,h1_dinc,79,main,ChHa,OD2,-0.0,0.9330166666666665,0.45867499999999994,-0.017999999999999936,0.023875000000000007,0.49999999999999994,0.5,1
qwen,h1_dinc,79,main,ChHr,CO1,0.0,0.9159166666666665,0.45325,0.010916666666666663,0.02435000000000001,-0.08333333333333286,0.5,1
qwen,h1_dinc,79,main,CmAs,OD1,2.0,0.8476333333333335,0.41980000000000006,0.021833333333333305,0.03920000000000001,0.16666666666666646,0.5,1
qwen,h1_dinc,79,main,CmCm,DD,2.0,0.8169416666666665,0.413925,0.012858333333333248,0.04794999999999994,0.4166666666666666,0.5,1
qwen,h1_dinc,79,main,CmDl,DD,2.0,0.8602916666666665,0.42772499999999997,0.0387083333333333,0.04202500000000001,0.16666666666666646,0.5,1
qwen,h1_dinc,79,main,CmHa,DD,2.0,0.8298916666666666,0.41475,0.030941666666666583,0.038024999999999975,0.5833333333333333,0.5,1
qwen,h1_dinc,79,main,CmNc,DD,2.0,0.8403916666666665,0.419425,-0.0016583333333333706,0.04317500000000005,-0.2500000000000001,0.5,1
qwen,h1_dinc,79,main,CoAs,CO2,1.0,0.8684583333333334,0.42882500000000007,0.055775000000000005,0.03520000000000001,0.4166666666666666,0.5,1
qwen,h1_dinc,79,main,CoCo,CO1,1.0,0.9272333333333331,0.45165,0.04051666666666659,0.02297499999999998,0.5,0.5,1
qwen,h1_dinc,79,main,CoSh,CO2,1.0,0.8654499999999998,0.42622499999999997,0.06735,0.037075,0.49999999999999994,0.5,1
qwen,h1_dinc,79,main,HaAs,OD2,2.0,0.8549166666666665,0.413575,0.08378333333333333,0.06015000000000001,0.5833333333333333,0.5,1
qwen,h1_dinc,79,main,HaBa,OD2,2.0,0.8611666666666666,0.425175,-0.027066666666666676,0.032149999999999984,0.16666666666666646,0.5,1
qwen,h1_dinc,79,main,HaCm,DD,2.0,0.8761083333333334,0.4309,0.011891666666666637,0.01522499999999996,0.24999999999999958,0.5,1
qwen,h1_dinc,79,main,HaDl,DD,2.0,0.8752249999999998,0.42355000000000004,0.01914166666666667,0.029575000000000018,0.08333333333333286,0.5,1
qwen,h1_dinc,79,main,HaHa,DD,2.0,0.8435416666666665,0.41459999999999997,0.043824999999999954,0.041624999999999995,0.5833333333333333,0.5,1
qwen,h1_dinc,79,main,HaNc,DD,2.0,0.8389583333333334,0.415675,0.029624999999999995,0.044100000000000014,-4.623039550284263e-17,0.5,1
qwen,h1_dinc,79,main,HaPc,DD,2.0,0.8632750000000001,0.42305,0.042308333333333364,0.03672500000000005,0.16666666666666646,0.5,1
qwen,h1_dinc,79,main,HrAs,MP,1.0,0.9132166666666668,0.45035000000000003,0.0046333333333333,0.02262499999999998,0.08333333333333286,0.5,1
qwen,h1_dinc,79,main,HrBa,CO1,1.0,0.8666166666666666,0.4235,-0.01909999999999992,0.025999999999999995,0.08333333333333286,0.5,1
qwen,h1_dinc,79,main,HrCh,CO1,1.0,0.8683333333333333,0.434175,0.021633333333333418,0.029725000000000057,0.24999999999999958,0.5,1
qwen,h1_dinc,79,main,HrHr,CO2,1.0,0.912333333333333,0.4483,-0.01318333333333339,0.03695000000000001,0.08333333333333286,0.5,1
qwen,h1_dinc,79,main,ShAs,CO1,0.0,0.9239,0.45430000000000004,0.0024166666666666993,0.0030000000000000165,0.0,0.0,1
qwen,h1_dinc,79,main,ShCo,CO2,0.0,0.8764333333333335,0.439375,0.012966666666666642,0.013074999999999976,0.0,0.0,1
qwen,h1_dinc,79,main,ShSh,CO1,0.0,0.9299,0.46085,-0.01436666666666673,0.021724999999999994,0.0,0.0,1
qwen,h1_dinc,79,main_perp,AsAs,CO1,0.0,-0.01724166666666668,0.016074999999999978,0.01904166666666667,0.015875000000000014,0.0,0.0,0
qwen,h1_dinc,79,main_perp,AsBa,MP,-0.0,-0.008933333333333354,0.008625000000000008,-0.007883333333333298,0.008324999999999999,0.0,0.0,1
qwen,h1_dinc,79,main_perp,AsCh,MP,-0.0,-0.004733333333333329,0.008299999999999988,0.009066666666666702,0.01502500000000001,0.0,0.0,0
qwen,h1_dinc,79,main_perp,AsCm,OD1,-0.0,-0.0006916666666666833,0.008150000000000018,-0.0004749999999999701,0.007849999999999996,0.16666666666666682,0.25,1
qwen,h1_dinc,79,main_perp,AsCo,CO2,0.0,-0.01368333333333333,0.015850000000000017,0.004183333333333261,0.00799999999999998,0.0,0.0,0
qwen,h1_dinc,79,main_perp,AsDl,OD1,-0.0,0.0019750000000000115,0.0076999999999999985,-0.007575000000000031,0.015375,0.0,0.0,0
qwen,h1_dinc,79,main_perp,AsHa,OD2,0.0,0.008633333333333345,0.014350000000000002,0.0014000000000000538,0.008349999999999982,0.0,0.0,0
qwen,h1_dinc,79,main_perp,AsHr,MP,-0.0,0.011983333333333344,0.008000000000000007,0.001716666666666699,0.016325000000000006,0.0833333333333335,0.25,1
qwen,h1_dinc,79,main_perp,AsNc,OD2,0.0,0.0028166666666666505,0.023849999999999996,0.018600000000000068,0.01507500000000006,0.0,0.0,0
qwen,h1_dinc,79,main_perp,AsPc,OD2,0.0,-0.014491666666666648,0.00772500000000001,-0.0043416666666666655,0.015649999999999997,0.0,0.0,0
qwen,h1_dinc,79,main_perp,AsPd,OD1,-0.0,-0.019133333333333353,0.016024999999999998,-0.0015166666666665922,0.007975000000000038,0.0,0.0,1
qwen,h1_dinc,79,main_perp,AsSh,CO1,0.0,0.006933333333333311,0.016100000000000003,0.029400000000000003,0.023925000000000002,0.0,0.0,0
qwen,h1_dinc,79,main_perp,BaAs,MP,0.0,0.01526666666666665,0.02284999999999998,-0.03089999999999998,0.015574999999999992,-0.41666666666666663,0.25,1
qwen,h1_dinc,79,main_perp,BaBa,CO2,0.0,0.009274999999999974,0.015300000000000008,-0.021008333333333313,0.03037499999999997,0.0,0.0,1
qwen,h1_dinc,79,main_perp,BaCh,CO2,0.0,-0.002391666666666688,0.016100000000000003,0.0024916666666666425,0.016000000000000028,0.0,0.0,1
qwen,h1_dinc,79,main_perp,BaCm,OD1,0.0,0.017524999999999943,0.02277499999999999,0.016308333333333317,0.015899999999999984,1.410390785266238e-16,0.25,1
qwen,h1_dinc,79,main_perp,BaCo,MP,0.0,-0.021033333333333324,0.01545000000000002,0.020466666666666595,0.015599999999999947,0.0,0.0,1
qwen,h1_dinc,79,main_perp,BaDl,OD1,0.0,0.01534999999999999,0.022525000000000003,-0.00019999999999996082,0.007850000000000038,-0.24999999999999986,0.25,1
qwen,h1_dinc,79,main_perp,BaHa,OD2,-0.0,0.0025916666666666375,0.015649999999999997,-0.0022250000000000355,0.023074999999999984,0.0,0.0,1
qwen,h1_dinc,79,main_perp,BaHr,CO1,0.0,0.0007750000000000039,0.00802499999999999,-0.0010250000000000205,0.00777499999999999,-0.4166666666666666,0.25,1
qwen,h1_dinc,79,main_perp,BaNc,OD2,-0.0,0.01150833333333334,0.015299999999999994,-0.004341666666666603,0.008100000000000024,0.0,0.0,0
qwen,h1_dinc,79,main_perp,BaPc,OD2,-0.0,0.01805833333333329,0.01554999999999998,0.007474999999999937,0.007900000000000018,0.0,0.0,1
qwen,h1_dinc,79,main_perp,BaPd,OD1,0.0,-0.002983333333333344,0.007699999999999985,-0.008433333333333336,0.03069999999999999,0.0,0.0,1
qwen,h1_dinc,79,main_perp,BaSh,MP,0.0,0.011758333333333294,0.015774999999999997,0.01850833333333331,0.023124999999999965,0.0,0.0,0
qwen,h1_dinc,79,main_perp,ChAs,MP,0.0,0.01995833333333332,0.015750000000000014,-0.0014750000000000598,0.0009250000000000091,0.0,0.0,1
qwen,h1_dinc,79,main_perp,ChBa,CO2,0.0,-0.0030583333333333196,0.014974999999999974,-0.007291666666666644,0.01617499999999998,0.16666666666666669,0.25,1
qwen,h1_dinc,79,main_perp,ChCh,CO2,0.0,-0.011466666666666717,0.008450000000000027,9.999999999996066e-05,0.015425000000000008,0.16666666666666663,0.25,1
qwen,h1_dinc,79,main_perp,ChCm,OD1,0.0,0.006741666666666623,0.007174999999999987,-0.022324999999999963,0.023349999999999968,0.0,0.0,1
qwen,h1_dinc,79,main_perp,ChCo,MP,0.0,0.002624999999999986,0.015924999999999995,0.03390833333333332,0.023299999999999987,0.5,0.25,1
qwen,h1_dinc,79,main_perp,ChDl,OD1,0.0,-0.010508333333333333,0.01525,-0.022025000000000072,0.015475000000000017,0.0,0.0,1
qwen,h1_dinc,79,main_perp,ChHa,OD2,-0.0,-0.008866666666666677,0.015149999999999983,0.004766666666666622,0.008349999999999996,0.16666666666666663,0.25,1
qwen,h1_dinc,79,main_perp,ChHr,CO1,0.0,0.005808333333333314,0.007749999999999979,-0.0076916666666666435,0.007749999999999979,0.0,0.0,1
qwen,h1_dinc,79,main_perp,CmAs,OD1,2.0,0.010716666666666727,0.021375000000000005,0.0022833333333333234,0.014300000000000035,0.0,0.0,1
qwen,h1_dinc,79,main_perp,CmCm,DD,2.0,-0.0041916666666666925,0.012575000000000003,0.0019249999999999831,0.021425000000000027,0.0,0.0,1
qwen,h1_dinc,79,main_perp,CmDl,DD,2.0,-0.00967500000000003,0.013025000000000023,0.010008333333333444,0.0070250000000000035,0.0,0.0,1
qwen,h1_dinc,79,main_perp,CmHa,DD,2.0,-0.0067666666666666864,0.013624999999999998,-0.017566666666666723,0.014950000000000074,0.0,0.0,1
qwen,h1_dinc,79,main_perp,CmNc,DD,2.0,-0.027691666666666684,0.027200000000000016,-0.010174999999999967,0.015124999999999972,0.0,0.0,1
qwen,h1_dinc,79,main_perp,CoAs,CO2,1.0,0.009675000000000015,0.008325000000000013,-0.021591666666666648,0.021724999999999994,0.0,0.0,1
qwen,h1_dinc,79,main_perp,CoCo,CO1,1.0,0.021541666666666646,0.023724999999999982,0.005508333333333328,0.008724999999999997,0.16666666666666663,0.25,1
qwen,h1_dinc,79,main_perp,CoSh,CO2,1.0,-0.006666666666666684,0.015375000000000014,-0.009416666666666672,0.008625000000000022,-0.24999999999999997,0.25,1
qwen,h1_dinc,79,main_perp,HaAs,OD2,2.0,0.02023333333333332,0.027775000000000008,0.004500000000000049,0.019875000000000004,0.0,0.0,1
qwen,h1_dinc,79,main_perp,HaBa,OD2,2.0,-0.0005166666666666828,0.014775000000000038,0.009866666666666624,0.013450000000000017,0.0,0.0,1
qwen,h1_dinc,79,main_perp,HaCm,DD,2.0,0.021533333333333293,0.015175000000000022,0.028616666666666596,0.015599999999999975,0.0,0.0,1
qwen,h1_dinc,79,main_perp,HaDl,DD,2.0,0.02216666666666677,0.013874999999999985,-0.0023333333333333188,0.007750000000000007,0.0,0.0,1
qwen,h1_dinc,79,main_perp,HaHa,DD,2.0,-0.019358333333333356,0.014749999999999985,-0.016658333333333407,0.021200000000000052,0.0,0.0,1
qwen,h1_dinc,79,main_perp,HaNc,DD,2.0,0.017524999999999964,0.01504999999999998,0.007275000000000043,0.0069999999999999785,0.0,0.0,1
qwen,h1_dinc,79,main_perp,HaPc,DD,2.0,0.010799999999999954,0.020700000000000024,0.004899999999999932,0.014325000000000004,0.0,0.0,1
qwen,h1_dinc,79,main_perp,HrAs,MP,1.0,-0.0018249999999999746,0.007800000000000029,-0.0069583333333333545,0.014999999999999986,0.0,0.0,1
qwen,h1_dinc,79,main_perp,HrBa,CO1,1.0,0.00608333333333329,0.007950000000000026,0.008166666666666659,0.008700000000000013,0.0,0.0,1
qwen,h1_dinc,79,main_perp,HrCh,CO1,1.0,-0.014358333333333365,0.007875000000000021,-0.0018083333333333024,0.021725000000000022,0.0,0.0,1
qwen,h1_dinc,79,main_perp,HrHr,CO2,1.0,0.013050000000000023,0.014625000000000013,-0.012749999999999975,0.008025000000000004,0.0,0.0,1
qwen,h1_dinc,79,main_perp,ShAs,CO1,0.0,0.01813333333333336,0.015950000000000006,0.01911666666666672,0.01585000000000003,0.0,0.0,0
qwen,h1_dinc,79,main_perp,ShCo,CO2,0.0,-0.00040000000000001753,0.015100000000000002,0.0004333333333332877,0.021974999999999995,0.0,0.0,0
qwen,h1_dinc,79,main_perp,ShSh,CO1,0.0,0.017208333333333332,0.015924999999999995,0.015258333333333282,0.015399999999999955,0.0,0.0,0
qwen,h1_dinc,79,random,AsAs,CO1,0.0,-0.030075,0.024175000000000002,0.0029749999999999807,0.015725000000000017,0.0,0.0,0
qwen,h1_dinc,79,random,AsBa,MP,-0.0,-0.04466666666666665,0.031125,-0.005933333333333317,0.008349999999999996,0.16666666666666669,0.25,1
qwen,h1_dinc,79,random,AsCh,MP,-0.0,-0.014908333333333317,0.02302499999999999,0.02575833333333324,0.015325000000000005,0.4166666666666666,0.25,1
qwen,h1_dinc,79,random,AsCm,OD1,-0.0,-0.03835833333333332,0.022874999999999993,-0.01340833333333333,0.00814999999999999,-0.24999999999999986,0.25,1
qwen,h1_dinc,79,random,AsCo,CO2,0.0,-0.03900833333333337,0.023275000000000018,-0.01262499999999992,0.007524999999999962,0.0,0.0,0
qwen,h1_dinc,79,random,AsDl,OD1,-0.0,-0.033983333333333296,0.023549999999999988,-0.019100000000000016,0.016175000000000023,-0.16666666666666669,0.25,1
qwen,h1_dinc,79,random,AsHa,OD2,0.0,-0.031149999999999966,0.023199999999999985,-0.021833333333333295,0.015899999999999997,0.0,0.0,0
qwen,h1_dinc,79,random,AsHr,MP,-0.0,-0.00908333333333334,0.01577500000000001,0.0007999999999998793,0.016124999999999945,1.410390785266238e-16,0.0,1
qwen,h1_dinc,79,random,AsNc,OD2,0.0,-0.047091666666666684,0.031375000000000014,0.005658333333333321,0.007550000000000015,0.0,0.0,0
qwen,h1_dinc,79,random,AsPc,OD2,0.0,-0.04245000000000003,0.022700000000000026,0.0058666666666666424,0.021999999999999992,0.0,0.0,0
qwen,h1_dinc,79,random,AsPd,OD1,-0.0,-0.018408333333333315,0.016,-0.0025083333333333624,0.00789999999999999,0.0,0.0,1
qwen,h1_dinc,79,random,AsSh,CO1,0.0,-0.033158333333333304,0.023599999999999996,0.008341666666666669,0.02289999999999999,0.0,0.0,0
qwen,h1_dinc,79,random,BaAs,MP,0.0,-0.056524999999999964,0.023599999999999982,-0.0058583333333333334,0.031700000000000006,0.16666666666666669,0.25,1
qwen,h1_dinc,79,random,BaBa,CO2,0.0,-0.036716666666666654,0.015975000000000003,-0.014099999999999984,0.015424999999999967,0.0,0.0,1
qwen,h1_dinc,79,random,BaCh,CO2,0.0,-0.033316666666666654,0.022824999999999984,-0.008866666666666741,0.008025000000000032,0.0,0.0,1
qwen,h1_dinc,79,random,BaCm,OD1,0.0,-0.02233333333333335,0.02277499999999999,0.0020833333333333108,0.015125,1.410390785266238e-16,0.25,1
qwen,h1_dinc,79,random,BaCo,MP,0.0,-0.005941666666666659,0.015549999999999994,0.004491666666666677,0.00779999999999996,0.0,0.0,1
qwen,h1_dinc,79,random,BaDl,OD1,0.0,-0.011191666666666692,0.015850000000000003,-0.0252416666666667,0.01532500000000002,-0.24999999999999986,0.25,1
qwen,h1_dinc,79,random,BaHa,OD2,-0.0,-0.03510833333333335,0.023800000000000016,0.007058333333333295,0.014899999999999997,0.0,0.0,1
qwen,h1_dinc,79,random,BaHr,CO1,0.0,-0.03049166666666661,0.022674999999999973,0.020758333333333285,0.015299999999999966,0.41666666666666663,0.25,1
qwen,h1_dinc,79,random,BaNc,OD2,-0.0,-0.011824999999999978,0.023425,-0.013191666666666635,0.016425000000000023,0.0,0.0,0
qwen,h1_dinc,79,random,BaPc,OD2,-0.0,-0.030899999999999962,0.02312499999999998,0.005150000000000094,0.015825000000000033,0.0,0.0,1
qwen,h1_dinc,79,random,BaPd,OD1,0.0,-0.018874999999999982,0.007500000000000007,-0.0057083333333333534,0.015074999999999977,0.0,0.0,1
qwen,h1_dinc,79,random,BaSh,MP,0.0,-0.05448333333333329,0.029949999999999977,0.005583333333333369,0.008125000000000007,0.0,0.0,0
qwen,h1_dinc,79,random,ChAs,MP,0.0,-0.034158333333333374,0.015900000000000025,0.02815833333333336,0.015550000000000022,0.0,0.0,1
qwen,h1_dinc,79,random,ChBa,CO2,0.0,-0.031641666666666665,0.022074999999999984,-0.007774999999999998,0.007824999999999999,0.16666666666666669,0.25,1
qwen,h1_dinc,79,random,ChCh,CO2,0.0,-0.03879166666666668,0.023425000000000015,-0.02112499999999999,0.014374999999999985,0.24999999999999997,0.25,1
qwen,h1_dinc,79,random,ChCm,OD1,0.0,-0.004466666666666708,0.014899999999999983,-0.005183333333333337,0.015324999999999978,0.0,0.0,1
qwen,h1_dinc,79,random,ChCo,MP,0.0,-0.02887499999999995,0.015899999999999984,-0.011975000000000015,0.01609999999999999,0.24999999999999997,0.25,1
qwen,h1_dinc,79,random,ChDl,OD1,0.0,-0.037700000000000046,0.015325000000000005,-0.0030833333333333403,0.015149999999999997,0.0,0.0,1
qwen,h1_dinc,79,random,ChHa,OD2,-0.0,-0.02127499999999995,0.015825000000000006,0.014125000000000054,0.008500000000000035,0.25,0.25,1
qwen,h1_dinc,79,random,ChHr,CO1,0.0,-0.03378333333333327,0.022774999999999962,-0.018149999999999996,0.007875000000000007,0.0,0.0,1
qwen,h1_dinc,79,random,CmAs,OD1,2.0,-0.023441666666666618,0.014574999999999977,-0.022741666666666747,0.013875000000000026,0.0,0.0,1
qwen,h1_dinc,79,random,CmCm,DD,2.0,-0.02697499999999997,0.025599999999999984,0.024741666666666752,0.013300000000000034,0.0,0.0,1
qwen,h1_dinc,79,random,CmDl,DD,2.0,-0.01900833333333333,0.013275000000000023,0.024241666666666734,0.013525000000000037,0.0,0.0,1
qwen,h1_dinc,79,random,CmHa,DD,2.0,-0.01644166666666668,0.020149999999999987,-0.00789166666666666,0.008200000000000013,0.0,0.0,1
qwen,h1_dinc,79,random,CmNc,DD,2.0,-0.034474999999999985,0.027200000000000016,0.0022083333333334353,0.007550000000000001,0.0,0.0,1
qwen,h1_dinc,79,random,CoAs,CO2,1.0,-0.04601666666666665,0.022249999999999992,0.005433333333333318,0.023150000000000018,0.0,0.0,1
qwen,h1_dinc,79,random,CoCo,CO1,1.0,-0.004075000000000003,0.023174999999999987,0.0035083333333333455,0.015799999999999995,-0.24999999999999997,0.25,1
qwen,h1_dinc,79,random,CoSh,CO2,1.0,-0.04545833333333332,0.022849999999999995,0.018208333333333288,0.007374999999999993,0.0,0.0,1
qwen,h1_dinc,79,random,HaAs,OD2,2.0,-0.03835833333333328,0.028550000000000006,-0.012891666666666652,0.01554999999999998,0.0,0.0,1
qwen,h1_dinc,79,random,HaBa,OD2,2.0,-0.03898333333333331,0.022849999999999995,-0.018849999999999936,0.013949999999999962,0.0,0.0,1
qwen,h1_dinc,79,random,HaCm,DD,2.0,0.007016666666666707,0.015850000000000003,0.00495000000000003,0.015500000000000014,0.0,0.0,1
qwen,h1_dinc,79,random,HaDl,DD,2.0,-0.029350000000000067,0.015725000000000017,-0.018983333333333397,0.02200000000000002,0.0,0.0,1
qwen,h1_dinc,79,random,HaHa,DD,2.0,-0.03875833333333333,0.02055,-0.008225,0.019974999999999965,0.0,0.0,1
qwen,h1_dinc,79,random,HaNc,DD,2.0,-0.009891666666666665,0.014374999999999985,0.0011416666666665776,0.0010499999999999676,0.0,0.0,1
qwen,h1_dinc,79,random,HaPc,DD,2.0,-0.03070833333333329,0.02942499999999998,-0.004041666666666823,0.00737500000000002,0.0,0.0,1
qwen,h1_dinc,79,random,HrAs,MP,1.0,-0.022424999999999917,0.02252499999999999,0.039291666666666725,0.023475000000000024,0.0,0.0,1
qwen,h1_dinc,79,random,HrBa,CO1,1.0,-0.04124166666666666,0.021724999999999994,-0.004924999999999967,0.008174999999999988,0.0,0.0,1
qwen,h1_dinc,79,random,HrCh,CO1,1.0,-0.020933333333333373,0.01545000000000002,-0.006916666666666727,0.015475000000000017,0.0,0.0,1
qwen,h1_dinc,79,random,HrHr,CO2,1.0,-0.03363333333333333,0.021600000000000036,-0.01010000000000006,0.008000000000000035,0.0,0.0,1
qwen,h1_dinc,79,random,ShAs,CO1,0.0,-0.003908333333333345,0.015425000000000008,-0.015924999999999998,0.02245000000000001,0.0,0.0,0
qwen,h1_dinc,79,random,ShCo,CO2,0.0,-0.040175,0.021525000000000002,0.006558333333333424,0.022250000000000034,0.0,0.0,0
qwen,h1_dinc,79,random,ShSh,CO1,0.0,-0.03612500000000002,0.023075000000000026,-0.025341666666666676,0.015375000000000014,0.0,0.0,0
qwen,h2_choice,65,main,AsAs,CO1,0.0,-0.5819583333333332,0.290625,0.009091666666666654,0.015724999999999975,0.25,0.25,1
qwen,h2_choice,65,main,AsBa,MP,-0.0,-0.5989750000000001,0.29935,-0.02195833333333323,0.014949999999999991,1.410390785266238e-16,0.0,1
qwen,h2_choice,65,main,AsCh,MP,-0.0,-0.563125,0.285725,0.022975000000000023,0.021925,0.0,0.0,1
qwen,h2_choice,65,main,AsCm,OD1,-0.0,-0.6347833333333333,0.317625,0.08289999999999996,0.036024999999999974,-0.41666666666666674,0.5,1
qwen,h2_choice,65,main,AsCo,CO2,0.0,-0.5182833333333333,0.25705,0.008750000000000077,0.007799999999999974,0.24999999999999986,0.5,1
qwen,h2_choice,65,main,AsDl,OD1,-0.0,-0.5950833333333333,0.295975,0.050799999999999984,0.031275,-0.41666666666666674,0.5,1
qwen,h2_choice,65,main,AsHa,OD2,0.0,-0.6008916666666666,0.295825,0.07215833333333327,0.031299999999999994,-0.9999999999999999,0.5,1
qwen,h2_choice,65,main,AsHr,MP,-0.0,-0.6002083333333333,0.30160000000000003,0.03920833333333332,0.022375000000000006,-0.6666666666666667,0.25,1
qwen,h2_choice,65,main,AsNc,OD2,0.0,-0.5564499999999999,0.27735000000000004,0.0023499999999999415,0.014749999999999971,0.0,0.0,1
qwen,h2_choice,65,main,AsPc,OD2,0.0,-0.5975083333333334,0.3012,0.06074166666666667,0.040525000000000005,-0.4166666666666666,0.25,1
qwen,h2_choice,65,main,AsPd,OD1,-0.0,-0.5756499999999999,0.288375,-0.055399999999999956,0.03187499999999999,-0.4999999999999997,0.5,1
qwen,h2_choice,65,main,AsSh,CO1,0.0,-0.607475,0.30024999999999996,0.01474166666666658,0.01589999999999997,0.16666666666666646,0.5,1
qwen,h2_choice,65,main,BaAs,MP,0.0,-0.5406000000000002,0.273975,0.006333333333333316,0.007699999999999985,1.083333333333333,0.5,1
qwen,h2_choice,65,main,BaBa,CO2,0.0,-0.5171749999999999,0.25222500000000003,-0.021325000000000077,0.01630000000000005,0.49999999999999994,0.5,1
qwen,h2_choice,65,main,BaCh,CO2,0.0,-0.5240666666666667,0.2681,0.0009666666666666224,0.015699999999999992,0.0833333333333335,0.25,1
qwen,h2_choice,65,main,BaCm,OD1,0.0,-0.4887416666666666,0.244475,-0.001608333333333354,0.007675000000000015,0.5833333333333335,0.5,1
qwen,h2_choice,65,main,BaCo,MP,0.0,-0.4835249999999999,0.24397499999999997,0.019891666666666755,0.01245000000000003,0.5833333333333334,0.25,1
qwen,h2_choice,65,main,BaDl,OD1,0.0,-0.5227833333333334,0.26335,0.004916666666666633,0.01515000000000001,0.6666666666666667,0.25,1
qwen,h2_choice,65,main,BaHa,OD2,-0.0,-0.5473083333333333,0.2764,0.03357500000000001,0.0204,-0.5833333333333334,0.25,1
qwen,h2_choice,65,main,BaHr,CO1,0.0,-0.48579999999999995,0.24425000000000002,-0.07529999999999999,0.03425,0.08333333333333365,0.5,1
qwen,h2_choice,65,main,BaNc,OD2,-0.0,-0.5092916666666667,0.25630000000000003,-0.028974999999999983,0.020199999999999996,-0.16666666666666669,0.25,1
qwen,h2_choice,65,main,BaPc,OD2,-0.0,-0.4739583333333334,0.23227500000000004,0.0035750000000001067,0.015750000000000014,-0.41666666666666663,0.25,1
qwen,h2_choice,65,main,BaPd,OD1,0.0,-0.5559333333333333,0.28,-0.013600000000000013,0.01532500000000002,0.5833333333333334,0.25,1
qwen,h2_choice,65,main,BaSh,MP,0.0,-0.5316666666666666,0.27052499999999996,0.06253333333333333,0.030925000000000008,0.8333333333333331,0.5,1
qwen,h2_choice,65,main,ChAs,MP,0.0,-0.52915,0.26435000000000003,-0.03298333333333333,0.021750000000000005,0.5833333333333334,0.25,1
qwen,h2_choice,65,main,ChBa,CO2,0.0,-0.49484166666666674,0.24665000000000004,-0.06935833333333337,0.03630000000000001,1.0833333333333333,0.5,1
qwen,h2_choice,65,main,ChCh,CO2,0.0,-0.5603166666666667,0.270825,0.03493333333333328,0.024699999999999986,1.0833333333333333,0.5,1
qwen,h2_choice,65,main,ChCm,OD1,0.0,-0.5048,0.257725,-0.05099999999999997,0.024974999999999997,0.41666666666666663,0.25,1
qwen,h2_choice,65,main,ChCo,MP,0.0,-0.49731666666666663,0.25170000000000003,-0.07206666666666663,0.041299999999999976,0.5000000000000001,0.5,1
qwen,h2_choice,65,main,ChDl,OD1,0.0,-0.5533500000000001,0.27190000000000003,-0.024316666666666698,0.031050000000000008,0.5833333333333334,0.5,1
qwen,h2_choice,65,main,ChHa,OD2,-0.0,-0.45624999999999993,0.238925,0.018350000000000012,0.012374999999999997,-0.2500000000000001,0.5,1
qwen,h2_choice,65,main,ChHr,CO1,0.0,-0.49868333333333326,0.25795,-0.06663333333333331,0.0343,0.5833333333333335,0.5,1
qwen,h2_choice,65,main,CmAs,OD1,2.0,-0.47507499999999997,0.23712499999999997,0.13820833333333332,0.067575,-0.41666666666666663,0.25,1
qwen,h2_choice,65,main,CmCm,DD,2.0,-0.4678666666666666,0.2289,0.1499833333333334,0.07545000000000002,-0.41666666666666663,0.25,1
qwen,h2_choice,65,main,CmDl,DD,2.0,-0.5185833333333333,0.26055,0.1489166666666667,0.07235000000000003,-0.41666666666666663,0.25,1
qwen,h2_choice,65,main,CmHa,DD,2.0,-0.44641666666666663,0.21802500000000002,0.12258333333333331,0.064275,-0.41666666666666663,0.25,1
qwen,h2_choice,65,main,CmNc,DD,2.0,-0.46803333333333336,0.234675,0.16036666666666674,0.07472500000000004,-2.3115197751421316e-17,0.25,1
qwen,h2_choice,65,main,CoAs,CO2,1.0,-0.5203333333333333,0.25725,0.0611,0.031100000000000003,-1.1666666666666665,0.5,1
qwen,h2_choice,65,main,CoCo,CO1,1.0,-0.6280833333333332,0.31645,0.034633333333333315,0.028575000000000003,-0.9166666666666667,0.5,1
qwen,h2_choice,65,main,CoSh,CO2,1.0,-0.5711166666666666,0.292825,0.07346666666666664,0.03462499999999999,-1.25,0.5,1
qwen,h2_choice,65,main,HaAs,OD2,2.0,-0.5631166666666666,0.2837,0.12395000000000002,0.06210000000000003,-0.8333333333333333,0.5,1
qwen,h2_choice,65,main,HaBa,OD2,2.0,-0.4725666666666666,0.2392,0.11708333333333334,0.05365,-0.41666666666666663,0.25,1
qwen,h2_choice,65,main,HaCm,DD,2.0,-0.46942499999999987,0.2336,0.07627499999999995,0.036599999999999994,-0.5833333333333335,0.5,1
qwen,h2_choice,65,main,HaDl,DD,2.0,-0.5003583333333333,0.253225,0.12752499999999992,0.064475,-0.16666666666666682,0.25,1
qwen,h2_choice,65,main,HaHa,DD,2.0,-0.5555583333333333,0.27807499999999996,0.12050833333333333,0.05547500000000001,-0.8333333333333333,0.5,1
qwen,h2_choice,65,main,HaNc,DD,2.0,-0.4774,0.24325,0.14240000000000003,0.06960000000000002,-0.41666666666666663,0.25,1
qwen,h2_choice,65,main,HaPc,DD,2.0,-0.541575,0.2712,0.10772499999999999,0.04904999999999997,-0.8333333333333333,0.5,1
qwen,h2_choice,65,main,HrAs,MP,1.0,-0.5026499999999999,0.2511,0.07806666666666666,0.04139999999999999,-0.5833333333333335,0.5,1
qwen,h2_choice,65,main,HrBa,CO1,1.0,-0.4679583333333333,0.22845,0.11774166666666665,0.058249999999999996,-0.16666666666666682,0.25,1
qwen,h2_choice,65,main,HrCh,CO1,1.0,-0.5284999999999999,0.267375,0.09784999999999998,0.04594999999999999,-0.9999999999999999,0.5,1
qwen,h2_choice,65,main,HrHr,CO2,1.0,-0.46684999999999993,0.240375,0.09070000000000002,0.04937500000000003,-2.3115197751421316e-17,0.25,1
qwen,h2_choice,65,main,ShAs,CO1,0.0,-0.5828666666666665,0.2908,0.012333333333333255,0.00872500000000001,0.0,0.0,1
qwen,h2_choice,65,main,ShCo,CO2,0.0,-0.6035666666666667,0.30085,0.05673333333333335,0.028900000000000023,0.4166666666666666,0.25,1
qwen,h2_choice,65,main,ShSh,CO1,0.0,-0.6145166666666667,0.306375,0.019600000000000044,0.015400000000000011,0.4166666666666666,0.25,1
qwen,h2_choice,65,main_perp,AsAs,CO1,0.0,-0.5447583333333333,0.27170000000000005,0.013724999999999963,0.016125,0.49999999999999994,0.25,1
qwen,h2_choice,65,main_perp,AsBa,MP,-0.0,-0.5867166666666667,0.2923,-0.04804999999999995,0.02204999999999996,1.410390785266238e-16,0.0,1
qwen,h2_choice,65,main_perp,AsCh,MP,-0.0,-0.55575,0.2783,0.01239999999999993,0.015324999999999978,0.6666666666666667,0.25,1
qwen,h2_choice,65,main_perp,AsCm,OD1,-0.0,-0.592575,0.29664999999999997,0.05864166666666674,0.035500000000000004,-0.8333333333333331,0.5,1
qwen,h2_choice,65,main_perp,AsCo,CO2,0.0,-0.5061166666666665,0.2577,-0.013883333333333291,0.00842499999999996,-0.16666666666666669,0.25,1
qwen,h2_choice,65,main_perp,AsDl,OD1,-0.0,-0.5714583333333334,0.284625,0.08172499999999999,0.043375,-0.33333333333333337,0.5,1
qwen,h2_choice,65,main_perp,AsHa,OD2,0.0,-0.5859666666666665,0.29095,0.05194999999999994,0.023274999999999962,-0.4166666666666666,0.25,1
qwen,h2_choice,65,main_perp,AsHr,MP,-0.0,-0.5695583333333333,0.28464999999999996,0.07274166666666664,0.033049999999999996,-0.25,0.25,1
qwen,h2_choice,65,main_perp,AsNc,OD2,0.0,-0.5501666666666665,0.27617499999999995,0.06806666666666672,0.03942500000000003,0.4166666666666666,0.25,1
qwen,h2_choice,65,main_perp,AsPc,OD2,0.0,-0.5780416666666667,0.29590000000000005,0.049891666666666654,0.022599999999999953,-0.4166666666666666,0.25,1
qwen,h2_choice,65,main_perp,AsPd,OD1,-0.0,-0.582225,0.29412499999999997,-0.04879166666666669,0.023325000000000012,-0.16666666666666646,0.5,1
qwen,h2_choice,65,main_perp,AsSh,CO1,0.0,-0.5891333333333333,0.2959,0.037299999999999944,0.0315,-0.25,0.25,1
qwen,h2_choice,65,main_perp,BaAs,MP,0.0,-0.507125,0.25877500000000003,-0.016641666666666666,0.022549999999999987,0.6666666666666667,0.25,1
qwen,h2_choice,65,main_perp,BaBa,CO2,0.0,-0.4841333333333333,0.243325,-0.010483333333333351,0.009825000000000028,0.6666666666666667,0.5,1
qwen,h2_choice,65,main_perp,BaCh,CO2,0.0,-0.5103250000000001,0.253825,-0.010624999999999978,0.011425000000000005,0.6666666666666667,0.25,1
qwen,h2_choice,65,main_perp,BaCm,OD1,0.0,-0.48768333333333336,0.24205000000000002,-0.04796666666666673,0.034400000000000014,0.6666666666666669,0.5,1
qwen,h2_choice,65,main_perp,BaCo,MP,0.0,-0.5205333333333334,0.257125,-0.013233333333333281,0.013725000000000015,0.5833333333333334,0.25,1
qwen,h2_choice,65,main_perp,BaDl,OD1,0.0,-0.5201499999999998,0.26325,0.013299999999999937,0.00847500000000001,0.6666666666666667,0.25,1
qwen,h2_choice,65,main_perp,BaHa,OD2,-0.0,-0.499675,0.24762499999999998,0.03527499999999993,0.021674999999999972,-0.75,0.5,1
qwen,h2_choice,65,main_perp,BaHr,CO1,0.0,-0.4681583333333333,0.23060000000000003,-0.04259166666666666,0.020599999999999993,0.5000000000000001,0.5,1
qwen,h2_choice,65,main_perp,BaNc,OD2,-0.0,-0.4894166666666667,0.24932500000000005,-0.011833333333333335,0.023499999999999965,0.24999999999999986,0.5,1
qwen,h2_choice,65,main_perp,BaPc,OD2,-0.0,-0.47188333333333315,0.23839999999999997,0.019400000000000035,0.010300000000000004,-0.41666666666666663,0.25,1
qwen,h2_choice,65,main_perp,BaPd,OD1,0.0,-0.5135583333333332,0.25802499999999995,-0.042558333333333316,0.022050000000000014,0.33333333333333337,0.25,1
qwen,h2_choice,65,main_perp,BaSh,MP,0.0,-0.5333166666666666,0.26407499999999995,-0.008133333333333315,0.023224999999999982,0.0,0.0,1
qwen,h2_choice,65,main_perp,ChAs,MP,0.0,-0.48433333333333317,0.23929999999999996,0.010316666666666627,0.029400000000000023,0.8333333333333331,0.5,1
qwen,h2_choice,65,main_perp,ChBa,CO2,0.0,-0.5227083333333333,0.2633,-0.06114166666666665,0.032274999999999984,1.0833333333333333,0.5,1
qwen,h2_choice,65,main_perp,ChCh,CO2,0.0,-0.5464166666666667,0.272675,0.012966666666666668,0.007675000000000015,1.0833333333333333,0.5,1
qwen,h2_choice,65,main_perp,ChCm,OD1,0.0,-0.5106916666666668,0.2587,-0.060391666666666656,0.03324999999999999,0.8333333333333333,0.5,1
qwen,h2_choice,65,main_perp,ChCo,MP,0.0,-0.5285000000000001,0.267825,-0.028283333333333324,0.019475000000000006,0.5000000000000001,0.5,1
qwen,h2_choice,65,main_perp,ChDl,OD1,0.0,-0.5326333333333333,0.2566,-0.03378333333333329,0.022199999999999998,0.9999999999999999,0.5,1
qwen,h2_choice,65,main_perp,ChHa,OD2,-0.0,-0.48361666666666664,0.23835,0.021866666666666652,0.01294999999999999,-0.0833333333333334,0.5,1
qwen,h2_choice,65,main_perp,ChHr,CO1,0.0,-0.4806083333333332,0.23615000000000003,-0.0848916666666666,0.04049999999999998,0.6666666666666669,0.5,1
qwen,h2_choice,65,main_perp,CmAs,OD1,2.0,-0.4760416666666667,0.240775,0.1516083333333333,0.071325,-0.41666666666666663,0.25,1
qwen,h2_choice,65,main_perp,CmCm,DD,2.0,-0.4808499999999999,0.24122499999999997,0.13163333333333338,0.06397500000000003,-0.41666666666666663,0.25,1
qwen,h2_choice,65,main_perp,CmDl,DD,2.0,-0.49868333333333326,0.246825,0.17165000000000005,0.08722500000000005,-0.41666666666666663,0.25,1
qwen,h2_choice,65,main_perp,CmHa,DD,2.0,-0.43654999999999994,0.21942499999999998,0.12245000000000002,0.05537500000000001,-0.41666666666666663,0.25,1
qwen,h2_choice,65,main_perp,CmNc,DD,2.0,-0.46134166666666665,0.2274,0.17242500000000005,0.08205000000000001,-2.3115197751421316e-17,0.25,1
qwen,h2_choice,65,main_perp,CoAs,CO2,1.0,-0.5359166666666667,0.2653,0.07488333333333333,0.037949999999999984,-1.0833333333333333,0.5,1
qwen,h2_choice,65,main_perp,CoCo,CO1,1.0,-0.5545333333333334,0.27432500000000004,0.01846666666666659,0.018174999999999997,-1.166666666666666,0.5,1
qwen,h2_choice,65,main_perp,CoSh,CO2,1.0,-0.5609083333333332,0.28612499999999996,0.09739166666666665,0.043625000000000025,-1.0833333333333333,0.5,1
qwen,h2_choice,65,main_perp,HaAs,OD2,2.0,-0.566375,0.28655,0.12664166666666676,0.06432500000000005,-0.8333333333333333,0.5,1
qwen,h2_choice,65,main_perp,HaBa,OD2,2.0,-0.47868333333333324,0.2346,0.10455000000000002,0.048600000000000004,-0.41666666666666663,0.25,1
qwen,h2_choice,65,main_perp,HaCm,DD,2.0,-0.49380000000000007,0.249275,0.07003333333333336,0.03717500000000003,-0.5833333333333335,0.5,1
qwen,h2_choice,65,main_perp,HaDl,DD,2.0,-0.5088333333333332,0.258575,0.11104999999999995,0.05427499999999999,-2.3115197751421316e-17,0.25,1
qwen,h2_choice,65,main_perp,HaHa,DD,2.0,-0.5089333333333333,0.25907499999999994,0.13175000000000006,0.061500000000000055,-0.41666666666666663,0.25,1
qwen,h2_choice,65,main_perp,HaNc,DD,2.0,-0.46729999999999994,0.23127499999999995,0.1488166666666667,0.07352500000000003,-0.41666666666666663,0.25,1
qwen,h2_choice,65,main_perp,HaPc,DD,2.0,-0.5246833333333334,0.258625,0.11609999999999997,0.06257499999999998,-0.8333333333333333,0.5,1
qwen,h2_choice,65,main_perp,HrAs,MP,1.0,-0.4863333333333333,0.24970000000000003,0.09575,0.05460000000000001,-0.41666666666666685,0.5,1
qwen,h2_choice,65,main_perp,HrBa,CO1,1.0,-0.45922500000000005,0.227925,0.12015833333333327,0.05837499999999998,-0.16666666666666682,0.25,1
qwen,h2_choice,65,main_perp,HrCh,CO1,1.0,-0.5226833333333332,0.25682499999999997,0.08405000000000003,0.04702500000000001,-0.9999999999999999,0.5,1
qwen,h2_choice,65,main_perp,HrHr,CO2,1.0,-0.46179166666666666,0.22354999999999997,0.12770833333333326,0.06275,-2.3115197751421316e-17,0.25,1
qwen,h2_choice,65,main_perp,ShAs,CO1,0.0,-0.601675,0.29915,0.028324999999999975,0.025449999999999987,-0.4166666666666666,0.25,1
qwen,h2_choice,65,main_perp,ShCo,CO2,0.0,-0.6247416666666666,0.308675,0.06365833333333337,0.039525000000000005,0.4166666666666666,0.25,1
qwen,h2_choice,65,main_perp,ShSh,CO1,0.0,-0.6188166666666668,0.30585,0.026133333333333342,0.022900000000000004,0.16666666666666669,0.25,1
qwen,h2_choice,65,random,AsAs,CO1,0.0,0.0022416666666666644,0.015549999999999994,-0.01882500000000002,0.023874999999999993,0.0,0.0,0
qwen,h2_choice,65,random,AsBa,MP,-0.0,0.0005333333333333665,0.015849999999999975,0.031333333333333324,0.015600000000000003,0.0,0.0,1
qwen,h2_choice,65,random,AsCh,MP,-0.0,0.03211666666666667,0.016149999999999998,0.03646666666666664,0.02315000000000003,-0.41666666666666663,0.25,1
qwen,h2_choice,65,random,AsCm,OD1,-0.0,0.011108333333333324,0.0076999999999999985,-0.0007750000000000715,0.015524999999999983,0.5833333333333334,0.25,1
qwen,h2_choice,65,random,AsCo,CO2,0.0,-0.003108333333333344,0.014499999999999999,-0.01845833333333333,0.015825000000000006,0.0,0.0,0
qwen,h2_choice,65,random,AsDl,OD1,-0.0,0.01051666666666666,0.008025000000000004,-0.009849999999999932,0.02345,0.08333333333333334,0.25,1
qwen,h2_choice,65,random,AsHa,OD2,0.0,-7.499999999998495e-05,0.023575000000000013,0.009891666666666658,0.007674999999999987,0.0,0.0,0
qwen,h2_choice,65,random,AsHr,MP,-0.0,0.011533333333333298,0.01572499999999999,0.005616666666666639,0.016249999999999987,0.4166666666666666,0.25,1
qwen,h2_choice,65,random,AsNc,OD2,0.0,0.019008333333333332,0.016174999999999995,-0.03295833333333328,0.023325000000000012,0.0,0.0,0
qwen,h2_choice,65,random,AsPc,OD2,0.0,-0.013566666666666652,0.00739999999999999,0.013649999999999976,0.008150000000000018,0.0,0.0,0
qwen,h2_choice,65,random,AsPd,OD1,-0.0,0.002216666666666685,0.016075000000000006,0.023133333333333266,0.01504999999999998,-0.49999999999999994,0.25,1
qwen,h2_choice,65,random,AsSh,CO1,0.0,-0.00251666666666665,0.01525,-0.017433333333333346,0.01547500000000003,0.0,0.0,0
qwen,h2_choice,65,random,BaAs,MP,0.0,-0.02313333333333333,0.015625,-0.0027166666666666684,0.008424999999999988,-0.08333333333333334,0.25,1
qwen,h2_choice,65,random,BaBa,CO2,0.0,0.050874999999999976,0.030524999999999997,0.017508333333333344,0.016775000000000012,0.41666666666666663,0.25,1
qwen,h2_choice,65,random,BaCh,CO2,0.0,0.0072333333333333034,0.015800000000000022,0.01048333333333333,0.031500000000000014,0.0,0.0,1
qwen,h2_choice,65,random,BaCm,OD1,0.0,0.0032500000000000207,0.015200000000000005,0.02851666666666668,0.015799999999999995,0.41666666666666674,0.25,1
qwen,h2_choice,65,random,BaCo,MP,0.0,0.0038416666666666603,0.015574999999999992,0.006758333333333348,0.030324999999999963,0.0,0.0,1
qwen,h2_choice,65,random,BaDl,OD1,0.0,0.004891666666666654,0.00789999999999999,-0.05729166666666667,0.030875,-0.5833333333333333,0.25,1
qwen,h2_choice,65,random,BaHa,OD2,-0.0,0.03973333333333337,0.02255000000000003,0.010116666666666671,0.008349999999999996,0.0,0.0,1
qwen,h2_choice,65,random,BaHr,CO1,0.0,-0.006899999999999998,0.008349999999999996,-0.00831666666666673,0.01522499999999996,0.9999999999999999,0.5,1
qwen,h2_choice,65,random,BaNc,OD2,-0.0,0.05742500000000002,0.023775000000000004,0.00512499999999997,0.01560000000000003,0.0,0.0,0
qwen,h2_choice,65,random,BaPc,OD2,-0.0,0.011799999999999984,0.01575,0.03651666666666674,0.030149999999999982,0.0,0.0,1
qwen,h2_choice,65,random,BaPd,OD1,0.0,0.007600000000000032,0.007949999999999999,0.0002500000000000008,0.015949999999999992,0.0,0.0,1
qwen,h2_choice,65,random,BaSh,MP,0.0,0.02309999999999998,0.01625,0.01666666666666669,0.02245000000000001,0.0,0.0,0
qwen,h2_choice,65,random,ChAs,MP,0.0,-0.00537499999999998,0.015075000000000019,0.009824999999999997,0.022950000000000012,0.0,0.0,1
qwen,h2_choice,65,random,ChBa,CO2,0.0,0.05394999999999994,0.029574999999999976,0.004800000000000013,0.007874999999999993,0.08333333333333334,0.25,1
qwen,h2_choice,65,random,ChCh,CO2,0.0,-0.004599999999999966,0.00810000000000001,-0.03378333333333328,0.014875,-0.49999999999999994,0.25,1
qwen,h2_choice,65,random,ChCm,OD1,0.0,0.014658333333333296,0.014949999999999991,0.03045833333333338,0.023275000000000018,0.4166666666666666,0.25,1
qwen,h2_choice,65,random,ChCo,MP,0.0,0.0020166666666666905,0.02249999999999998,0.009166666666666686,0.008700000000000013,0.5833333333333334,0.25,1
qwen,h2_choice,65,random,ChDl,OD1,0.0,-0.0024333333333333316,0.0077999999999999875,0.0024666666666666947,0.007824999999999999,0.0,0.0,1
qwen,h2_choice,65,random,ChHa,OD2,-0.0,0.04570833333333333,0.02302499999999999,-0.005241666666666653,0.015375,0.2500000000000001,0.25,1
qwen,h2_choice,65,random,ChHr,CO1,0.0,0.030349999999999978,0.015274999999999997,-0.004683333333333322,0.007824999999999971,0.0,0.0,1
qwen,h2_choice,65,random,CmAs,OD1,2.0,0.03411666666666667,0.019199999999999995,-0.013616666666666784,0.015449999999999992,0.0,0.0,1
qwen,h2_choice,65,random,CmCm,DD,2.0,0.04537500000000003,0.02625000000000001,-0.02739166666666674,0.01460000000000003,0.0,0.0,1
qwen,h2_choice,65,random,CmDl,DD,2.0,0.02692500000000001,0.023425,0.04072499999999999,0.02057500000000001,0.0,0.0,1
qwen,h2_choice,65,random,CmHa,DD,2.0,0.011233333333333309,0.006725000000000009,-0.012516666666666705,0.014724999999999988,0.0,0.0,1
qwen,h2_choice,65,random,CmNc,DD,2.0,0.024925000000000013,0.018275000000000013,-0.024758333333333268,0.011374999999999968,0.0,0.0,1
qwen,h2_choice,65,random,CoAs,CO2,1.0,0.01965000000000003,0.021350000000000008,-0.012083333333333376,0.01435000000000003,0.0,0.0,1
qwen,h2_choice,65,random,CoCo,CO1,1.0,0.00721666666666666,0.008575000000000013,0.012850000000000037,0.015649999999999997,0.5,0.25,1
qwen,h2_choice,65,random,CoSh,CO2,1.0,0.04193333333333334,0.022300000000000014,0.01978333333333333,0.008900000000000047,0.16666666666666669,0.25,1
qwen,h2_choice,65,random,HaAs,OD2,2.0,0.015150000000000045,0.007700000000000026,0.008583333333333429,0.01352500000000001,0.0,0.0,1
qwen,h2_choice,65,random,HaBa,OD2,2.0,-0.002466666666666664,0.021174999999999986,-0.021566666666666665,0.015749999999999986,0.0,0.0,1
qwen,h2_choice,65,random,HaCm,DD,2.0,0.018341666666666714,0.015425000000000008,-0.01962499999999998,0.008649999999999991,0.0,0.0,1
qwen,h2_choice,65,random,HaDl,DD,2.0,0.016108333333333277,0.02247499999999998,0.025608333333333334,0.012700000000000017,0.0,0.0,1
qwen,h2_choice,65,random,HaHa,DD,2.0,-0.0043000000000000425,0.008074999999999999,-0.003416666666666662,0.007675000000000015,0.0,0.0,1
qwen,h2_choice,65,random,HaNc,DD,2.0,-0.03299999999999999,0.02105,0.01076666666666659,0.013375000000000026,0.0,0.0,1
qwen,h2_choice,65,random,HaPc,DD,2.0,0.03586666666666668,0.021275000000000002,0.020349999999999938,0.014749999999999958,0.0,0.0,1
qwen,h2_choice,65,random,HrAs,MP,1.0,0.03239166666666669,0.030100000000000016,0.011708333333333308,0.02262499999999998,0.0,0.0,1
qwen,h2_choice,65,random,HrBa,CO1,1.0,0.018200000000000008,0.015200000000000005,0.01564999999999995,0.015550000000000008,0.0,0.0,1
qwen,h2_choice,65,random,HrCh,CO1,1.0,0.049549999999999976,0.028249999999999983,-0.01795,0.02200000000000002,0.0,0.0,1
qwen,h2_choice,65,random,HrHr,CO2,1.0,0.013233333333333312,0.021475000000000008,-0.022283333333333325,0.014224999999999988,0.0,0.0,1
qwen,h2_choice,65,random,ShAs,CO1,0.0,0.010133333333333322,0.030149999999999996,0.010266666666666651,0.014825000000000005,0.0,0.0,0
qwen,h2_choice,65,random,ShCo,CO2,0.0,0.025166666666666657,0.015325000000000005,-0.046166666666666675,0.023050000000000015,0.0,0.0,0
qwen,h2_choice,65,random,ShSh,CO1,0.0,0.015108333333333347,0.030775000000000025,-2.5000000000087632e-05,0.015850000000000017,0.0,0.0,0
qwen,h2_choice,79,main,AsAs,CO1,0.0,-0.5976083333333332,0.29247499999999993,-0.0055749999999999906,0.019775,0.16666666666666669,0.25,1
qwen,h2_choice,79,main,AsBa,MP,-0.0,-0.6281000000000001,0.312125,0.00948333333333328,0.011399999999999993,0.16666666666666674,0.25,1
qwen,h2_choice,79,main,AsCh,MP,-0.0,-0.6355333333333334,0.314125,-0.0003166666666667905,0.007925000000000043,0.08333333333333334,0.25,1
qwen,h2_choice,79,main,AsCm,OD1,-0.0,-0.6112166666666665,0.304175,-0.049466666666666645,0.02620000000000003,-0.41666666666666674,0.5,1
qwen,h2_choice,79,main,AsCo,CO2,0.0,-0.5955,0.29142500000000005,-0.008783333333333337,0.014275000000000024,0.0,0.0,1
qwen,h2_choice,79,main,AsDl,OD1,-0.0,-0.6388833333333332,0.31287499999999996,0.0009666666666667173,0.007824999999999999,-0.25,0.25,1
qwen,h2_choice,79,main,AsHa,OD2,0.0,-0.6199666666666668,0.3066000000000001,0.013799999999999963,0.015,-0.16666666666666669,0.25,1
qwen,h2_choice,79,main,AsHr,MP,-0.0,-0.6207166666666666,0.305125,-0.0009833333333334198,0.014649999999999996,-0.6666666666666667,0.25,1
qwen,h2_choice,79,main,AsNc,OD2,0.0,-0.6309416666666666,0.3126,0.0014750000000000412,0.007499999999999993,0.0,0.0,1
qwen,h2_choice,79,main,AsPc,OD2,0.0,-0.5774666666666667,0.281325,0.025149999999999978,0.02189999999999999,0.0,0.0,1
qwen,h2_choice,79,main,AsPd,OD1,-0.0,-0.6195833333333333,0.30079999999999996,0.005316666666666777,0.015674999999999994,1.410390785266238e-16,0.25,1
qwen,h2_choice,79,main,AsSh,CO1,0.0,-0.6282833333333333,0.318925,-0.00899999999999999,0.0237,-0.25,0.25,1
qwen,h2_choice,79,main,BaAs,MP,0.0,-0.6062166666666665,0.304175,0.017583333333333225,0.012899999999999967,0.25,0.25,1
qwen,h2_choice,79,main,BaBa,CO2,0.0,-0.6181249999999999,0.30974999999999997,0.02224166666666671,0.02647500000000004,0.0833333333333334,0.5,1
qwen,h2_choice,79,main,BaCh,CO2,0.0,-0.6393583333333334,0.322225,0.014291666666666617,0.010000000000000023,0.16666666666666674,0.25,1
qwen,h2_choice,79,main,BaCm,OD1,0.0,-0.6212666666666666,0.31157499999999994,0.00554999999999998,0.015274999999999997,0.2500000000000003,0.5,1
qwen,h2_choice,79,main,BaCo,MP,0.0,-0.6485333333333332,0.31862499999999994,-0.034683333333333274,0.023474999999999996,0.16666666666666682,0.25,1
qwen,h2_choice,79,main,BaDl,OD1,0.0,-0.6512499999999999,0.3266,0.026916666666666627,0.01772499999999999,0.6666666666666667,0.25,1
qwen,h2_choice,79,main,BaHa,OD2,-0.0,-0.5979583333333331,0.29527499999999995,-0.02932499999999999,0.016774999999999984,-0.3333333333333335,0.5,1
qwen,h2_choice,79,main,BaHr,CO1,0.0,-0.6238333333333332,0.30922499999999997,0.01429999999999997,0.01974999999999999,5.179259186036526e-16,0.25,1
qwen,h2_choice,79,main,BaNc,OD2,-0.0,-0.6430833333333332,0.3212,0.001949999999999914,0.015375000000000028,-0.25,0.25,1
qwen,h2_choice,79,main,BaPc,OD2,-0.0,-0.6173833333333332,0.305925,0.00030000000000002393,0.0179,-0.0833333333333334,0.5,1
qwen,h2_choice,79,main,BaPd,OD1,0.0,-0.6259499999999999,0.31210000000000004,0.028966666666666682,0.019550000000000012,0.6666666666666667,0.5,1
qwen,h2_choice,79,main,BaSh,MP,0.0,-0.6156583333333332,0.3017,0.013358333333333312,0.009174999999999989,0.0,0.0,1
qwen,h2_choice,79,main,ChAs,MP,0.0,-0.618575,0.30390000000000006,0.014075000000000034,0.015599999999999989,0.16666666666666682,0.25,1
qwen,h2_choice,79,main,ChBa,CO2,0.0,-0.5942166666666665,0.2911,0.04244999999999991,0.02829999999999995,0.2500000000000001,0.5,1
qwen,h2_choice,79,main,ChCh,CO2,0.0,-0.6027499999999999,0.302425,-0.0058833333333333125,0.008674999999999988,0.2500000000000001,0.25,1
qwen,h2_choice,79,main,ChCm,OD1,0.0,-0.63185,0.31222500000000003,0.0207333333333333,0.02315000000000003,0.2500000000000001,0.5,1
qwen,h2_choice,79,main,ChCo,MP,0.0,-0.6206416666666668,0.30735,0.0035583333333332906,0.023350000000000024,5.179259186036526e-16,0.25,1
qwen,h2_choice,79,main,ChDl,OD1,0.0,-0.6019083333333332,0.294675,0.02129166666666671,0.023075,0.3333333333333335,0.5,1
qwen,h2_choice,79,main,ChHa,OD2,-0.0,-0.6300083333333334,0.3174,0.018041666666666626,0.01419999999999999,-0.6666666666666667,0.5,1
qwen,h2_choice,79,main,ChHr,CO1,0.0,-0.5958666666666664,0.290025,0.001083333333333291,0.008575000000000013,0.2500000000000003,0.5,1
qwen,h2_choice,79,main,CmAs,OD1,2.0,-0.5666916666666666,0.28495,-0.015224999999999992,0.02510000000000004,-0.41666666666666663,0.25,1
qwen,h2_choice,79,main,CmCm,DD,2.0,-0.5536583333333334,0.27915,0.01070833333333329,0.022474999999999967,-0.41666666666666663,0.25,1
qwen,h2_choice,79,main,CmDl,DD,2.0,-0.56845,0.28469999999999995,-0.05246666666666661,0.03997499999999998,-0.8333333333333333,0.5,1
qwen,h2_choice,79,main,CmHa,DD,2.0,-0.5438999999999998,0.27132500000000004,-0.009749999999999977,0.025474999999999998,-0.41666666666666663,0.25,1
qwen,h2_choice,79,main,CmNc,DD,2.0,-0.5622083333333332,0.275225,-0.005275000000000013,0.028000000000000025,-2.3115197751421316e-17,0.25,1
qwen,h2_choice,79,main,CoAs,CO2,1.0,-0.5992083333333331,0.299225,-0.009358333333333382,0.013150000000000009,-1.1666666666666665,0.5,1
qwen,h2_choice,79,main,CoCo,CO1,1.0,-0.6335,0.3162999999999999,-0.026616666666666674,0.017125,-0.5,0.5,1
qwen,h2_choice,79,main,CoSh,CO2,1.0,-0.5799916666666668,0.29005000000000003,-0.05209166666666663,0.028724999999999987,-0.9166666666666667,0.5,1
qwen,h2_choice,79,main,HaAs,OD2,2.0,-0.5763416666666663,0.29027499999999995,-0.05700833333333328,0.03920000000000001,-0.8333333333333333,0.5,1
qwen,h2_choice,79,main,HaBa,OD2,2.0,-0.5647166666666665,0.28432500000000005,0.0003000000000000146,0.021625000000000005,0.4166666666666666,0.5,1
qwen,h2_choice,79,main,HaCm,DD,2.0,-0.615775,0.308025,-0.0015249999999998728,0.014475000000000016,-0.1666666666666668,0.5,1
qwen,h2_choice,79,main,HaDl,DD,2.0,-0.6058416666666666,0.30267499999999997,0.003975000000000013,0.022400000000000003,0.24999999999999983,0.5,1
qwen,h2_choice,79,main,HaHa,DD,2.0,-0.5391,0.2639,-0.008016666666666625,0.019224999999999992,-0.41666666666666663,0.25,1
qwen,h2_choice,79,main,HaNc,DD,2.0,-0.5650083333333333,0.28507499999999997,-0.006341666666666604,0.021775000000000003,-0.41666666666666663,0.25,1
qwen,h2_choice,79,main,HaPc,DD,2.0,-0.5841583333333334,0.29205000000000003,-0.04192499999999996,0.029750000000000026,-0.8333333333333333,0.5,1
qwen,h2_choice,79,main,HrAs,MP,1.0,-0.6121916666666666,0.305475,-0.026024999999999986,0.022400000000000003,-0.41666666666666685,0.5,1
qwen,h2_choice,79,main,HrBa,CO1,1.0,-0.5795499999999999,0.29075,-0.0016166666666666584,0.013300000000000006,0.24999999999999983,0.5,1
qwen,h2_choice,79,main,HrCh,CO1,1.0,-0.5943333333333334,0.2909,0.005766666666666714,0.025825000000000042,-0.6666666666666669,0.5,1
qwen,h2_choice,79,main,HrHr,CO2,1.0,-0.58505,0.287625,0.00654999999999999,0.01627500000000001,0.24999999999999983,0.5,1
qwen,h2_choice,79,main,ShAs,CO1,0.0,-0.6064666666666668,0.30287500000000006,-0.003166666666666627,0.015649999999999997,0.0,0.0,1
qwen,h2_choice,79,main,ShCo,CO2,0.0,-0.5871916666666666,0.28745,-0.0143083333333333,0.015075000000000019,-0.4166666666666666,0.25,1
qwen,h2_choice,79,main,ShSh,CO1,0.0,-0.6304333333333333,0.310975,0.0061666666666666415,0.015899999999999984,0.16666666666666669,0.25,1
qwen,h2_choice,79,main_perp,AsAs,CO1,0.0,-0.011749999999999986,0.01592500000000001,-0.012599999999999948,0.015924999999999995,0.0,0.0,0
qwen,h2_choice,79,main_perp,AsBa,MP,-0.0,0.00559166666666664,0.015249999999999986,-0.011808333333333308,0.015699999999999992,-0.08333333333333334,0.25,1
qwen,h2_choice,79,main_perp,AsCh,MP,-0.0,-0.005725000000000016,0.023150000000000004,-0.009874999999999901,0.015550000000000008,0.08333333333333334,0.25,1
qwen,h2_choice,79,main_perp,AsCm,OD1,-0.0,0.024283333333333327,0.016024999999999998,-0.02271666666666661,0.015224999999999989,-0.24999999999999997,0.25,1
qwen,h2_choice,79,main_perp,AsCo,CO2,0.0,-0.011699999999999993,0.015400000000000011,-0.0022000000000000196,0.01595000000000002,0.0,0.0,0
qwen,h2_choice,79,main_perp,AsDl,OD1,-0.0,-0.010500000000000004,0.015624999999999986,0.0003666666666667096,0.0004250000000000087,0.0,0.0,0
qwen,h2_choice,79,main_perp,AsHa,OD2,0.0,-0.02084166666666667,0.015299999999999994,-0.0054083333333333665,0.007874999999999993,0.0,0.0,0
qwen,h2_choice,79,main_perp,AsHr,MP,-0.0,0.011883333333333355,0.007599999999999996,0.02811666666666675,0.015575000000000033,1.410390785266238e-16,0.0,1
qwen,h2_choice,79,main_perp,AsNc,OD2,0.0,-0.019925000000000033,0.008025000000000018,-0.005674999999999989,0.015900000000000025,0.0,0.0,0
qwen,h2_choice,79,main_perp,AsPc,OD2,0.0,-0.027933333333333348,0.015350000000000003,-0.03758333333333338,0.01535000000000003,0.0,0.0,0
qwen,h2_choice,79,main_perp,AsPd,OD1,-0.0,-0.009450000000000038,0.01525,0.00023333333333337887,0.007925000000000015,0.0,0.0,1
qwen,h2_choice,79,main_perp,AsSh,CO1,0.0,0.033325,0.023325,0.007441666666666699,0.023425000000000015,0.0,0.0,0
qwen,h2_choice,79,main_perp,BaAs,MP,0.0,-0.0011250000000000448,0.015724999999999975,-0.027591666666666716,0.022925000000000015,-0.16666666666666669,0.25,1
qwen,h2_choice,79,main_perp,BaBa,CO2,0.0,-0.00014166666666671658,0.008075000000000013,-0.009458333333333319,0.02255,0.0,0.0,1
qwen,h2_choice,79,main_perp,BaCh,CO2,0.0,0.010041666666666648,0.015349999999999989,0.005641666666666762,0.015649999999999997,0.0,0.0,1
qwen,h2_choice,79,main_perp,BaCm,OD1,0.0,0.027875000000000028,0.015125,0.02820833333333333,0.015125,1.410390785266238e-16,0.0,1
qwen,h2_choice,79,main_perp,BaCo,MP,0.0,0.002475000000000019,0.008099999999999996,-0.0025749999999999337,0.0076749999999999735,0.0,0.0,1
qwen,h2_choice,79,main_perp,BaDl,OD1,0.0,0.008416666666666654,0.023825,-0.008383333333333293,0.015700000000000006,-0.25,0.25,1
qwen,h2_choice,79,main_perp,BaHa,OD2,-0.0,-0.009500000000000028,0.022874999999999993,-0.005700000000000001,0.008050000000000002,0.0,0.0,1
qwen,h2_choice,79,main_perp,BaHr,CO1,0.0,0.015183333333333307,0.02297499999999998,-0.009649999999999964,0.015124999999999972,2.3115197751421316e-17,0.25,1
qwen,h2_choice,79,main_perp,BaNc,OD2,-0.0,-0.00808333333333331,0.008175000000000002,-0.008216666666666707,0.02385000000000001,0.0,0.0,0
qwen,h2_choice,79,main_perp,BaPc,OD2,-0.0,-0.007866666666666655,0.015125,0.007616666666666601,0.007574999999999971,0.0,0.0,1
qwen,h2_choice,79,main_perp,BaPd,OD1,0.0,0.007075000000000026,0.022925,0.007874999999999934,0.007849999999999968,0.0,0.0,1
qwen,h2_choice,79,main_perp,BaSh,MP,0.0,0.0024499999999999713,0.0155,-0.0013833333333333375,0.015524999999999983,0.0,0.0,0
qwen,h2_choice,79,main_perp,ChAs,MP,0.0,0.008908333333333402,0.008100000000000024,-0.017441666666666692,0.015300000000000022,0.0,0.0,1
qwen,h2_choice,79,main_perp,ChBa,CO2,0.0,-0.017608333333333292,0.014874999999999972,-0.03647499999999997,0.021899999999999975,-0.16666666666666669,0.25,1
qwen,h2_choice,79,main_perp,ChCh,CO2,0.0,0.013200000000000005,0.015375,0.02191666666666666,0.014524999999999996,0.16666666666666669,0.25,1
qwen,h2_choice,79,main_perp,ChCm,OD1,0.0,-0.0008833333333333076,0.0005499999999999811,0.016566666666666605,0.01564999999999997,0.0,0.0,1
qwen,h2_choice,79,main_perp,ChCo,MP,0.0,0.02467499999999998,0.014674999999999994,0.0046416666666666394,0.015949999999999992,-0.3333333333333332,0.25,1
qwen,h2_choice,79,main_perp,ChDl,OD1,0.0,-0.02514999999999996,0.015449999999999978,-0.013783333333333267,0.014749999999999971,0.0,0.0,1
qwen,h2_choice,79,main_perp,ChHa,OD2,-0.0,0.023591666666666598,0.01479999999999998,-0.00025833333333341677,0.014474999999999988,0.2500000000000001,0.25,1
qwen,h2_choice,79,main_perp,ChHr,CO1,0.0,-0.014649999999999976,0.008424999999999988,0.015383333333333324,0.008524999999999991,0.41666666666666663,0.25,1
qwen,h2_choice,79,main_perp,CmAs,OD1,2.0,0.01759166666666666,0.020925,0.00680833333333342,0.014024999999999982,0.0,0.0,1
qwen,h2_choice,79,main_perp,CmCm,DD,2.0,-0.005699999999999994,0.007949999999999999,-0.009916666666666636,0.01387499999999997,0.0,0.0,1
qwen,h2_choice,79,main_perp,CmDl,DD,2.0,0.0011166666666666404,0.007675000000000001,-0.019716666666666684,0.013500000000000012,0.0,0.0,1
qwen,h2_choice,79,main_perp,CmHa,DD,2.0,-0.0004333333333333105,0.020149999999999987,-0.003116666666666682,0.013849999999999973,0.0,0.0,1
qwen,h2_choice,79,main_perp,CmNc,DD,2.0,-0.021199999999999983,0.021699999999999997,0.006933333333333369,0.012425000000000047,0.0,0.0,1
qwen,h2_choice,79,main_perp,CoAs,CO2,1.0,0.0015166666666666109,0.007999999999999993,-0.025183333333333304,0.02985,0.0,0.0,1
qwen,h2_choice,79,main_perp,CoCo,CO1,1.0,0.0070083333333333265,0.023174999999999987,-0.03140833333333332,0.022574999999999998,-0.16666666666666646,0.25,1
qwen,h2_choice,79,main_perp,CoSh,CO2,1.0,-0.011849999999999982,0.02149999999999999,-0.004600000000000067,0.008050000000000002,0.0,0.0,1
qwen,h2_choice,79,main_perp,HaAs,OD2,2.0,0.03216666666666664,0.02185000000000001,0.02903333333333334,0.02227499999999999,0.0,0.0,1
qwen,h2_choice,79,main_perp,HaBa,OD2,2.0,-0.0135833333333333,0.028849999999999987,-0.007533333333333318,0.014675000000000049,0.0,0.0,1
qwen,h2_choice,79,main_perp,HaCm,DD,2.0,0.012474999999999936,0.030625000000000013,0.012358333333333285,0.00732499999999997,0.0,0.0,1
qwen,h2_choice,79,main_perp,HaDl,DD,2.0,-0.021949999999999963,0.015474999999999989,-0.026133333333333345,0.021150000000000002,0.0,0.0,1
qwen,h2_choice,79,main_perp,HaHa,DD,2.0,-0.012375000000000046,0.008550000000000016,-0.0014250000000001026,0.020875000000000032,0.0,0.0,1
qwen,h2_choice,79,main_perp,HaNc,DD,2.0,0.014816666666666662,0.008000000000000007,0.0005166666666667472,0.014399999999999996,0.0,0.0,1
qwen,h2_choice,79,main_perp,HaPc,DD,2.0,0.031083333333333286,0.022649999999999976,0.004416666666666826,0.013700000000000018,0.0,0.0,1
qwen,h2_choice,79,main_perp,HrAs,MP,1.0,-0.007241666666666745,0.015500000000000014,-0.0034250000000000096,0.02215000000000003,0.0,0.0,1
qwen,h2_choice,79,main_perp,HrBa,CO1,1.0,0.020433333333333324,0.007924999999999988,0.0052333333333333155,0.014749999999999985,0.0,0.0,1
qwen,h2_choice,79,main_perp,HrCh,CO1,1.0,0.000558333333333369,0.00797500000000001,0.0005083333333334065,0.008200000000000013,0.0,0.0,1
qwen,h2_choice,79,main_perp,HrHr,CO2,1.0,0.009699999999999993,0.013825000000000032,0.008816666666666726,0.014574999999999977,0.0,0.0,1
qwen,h2_choice,79,main_perp,ShAs,CO1,0.0,-0.02498333333333332,0.022425,0.02524999999999999,0.015274999999999997,0.0,0.0,0
qwen,h2_choice,79,main_perp,ShCo,CO2,0.0,-0.002874999999999994,0.022449999999999998,0.013775000000000008,0.015699999999999964,0.0,0.0,0
qwen,h2_choice,79,main_perp,ShSh,CO1,0.0,0.03717499999999998,0.023424999999999987,-0.00019166666666666385,0.016324999999999992,0.0,0.0,0
qwen,h2_choice,79,random,AsAs,CO1,0.0,-0.030075,0.024175000000000002,0.0029749999999999807,0.015725000000000017,0.0,0.0,0
qwen,h2_choice,79,random,AsBa,MP,-0.0,-0.04466666666666665,0.031125,-0.005933333333333317,0.008349999999999996,0.16666666666666669,0.25,1
qwen,h2_choice,79,random,AsCh,MP,-0.0,-0.014908333333333317,0.02302499999999999,0.02575833333333324,0.015325000000000005,0.4166666666666666,0.25,1
qwen,h2_choice,79,random,AsCm,OD1,-0.0,-0.03835833333333332,0.022874999999999993,-0.01340833333333333,0.00814999999999999,-0.24999999999999986,0.25,1
qwen,h2_choice,79,random,AsCo,CO2,0.0,-0.03900833333333337,0.023275000000000018,-0.01262499999999992,0.007524999999999962,0.0,0.0,0
qwen,h2_choice,79,random,AsDl,OD1,-0.0,-0.033983333333333296,0.023549999999999988,-0.019100000000000016,0.016175000000000023,-0.16666666666666669,0.25,1
qwen,h2_choice,79,random,AsHa,OD2,0.0,-0.031149999999999966,0.023199999999999985,-0.021833333333333295,0.015899999999999997,0.0,0.0,0
qwen,h2_choice,79,random,AsHr,MP,-0.0,-0.00908333333333334,0.01577500000000001,0.0007999999999998793,0.016124999999999945,1.410390785266238e-16,0.0,1
qwen,h2_choice,79,random,AsNc,OD2,0.0,-0.047091666666666684,0.031375000000000014,0.005658333333333321,0.007550000000000015,0.0,0.0,0
qwen,h2_choice,79,random,AsPc,OD2,0.0,-0.04245000000000003,0.022700000000000026,0.0058666666666666424,0.021999999999999992,0.0,0.0,0
qwen,h2_choice,79,random,AsPd,OD1,-0.0,-0.018408333333333315,0.016,-0.0025083333333333624,0.00789999999999999,0.0,0.0,1
qwen,h2_choice,79,random,AsSh,CO1,0.0,-0.033158333333333304,0.023599999999999996,0.008341666666666669,0.02289999999999999,0.0,0.0,0
qwen,h2_choice,79,random,BaAs,MP,0.0,-0.056524999999999964,0.023599999999999982,-0.0058583333333333334,0.031700000000000006,0.16666666666666669,0.25,1
qwen,h2_choice,79,random,BaBa,CO2,0.0,-0.036716666666666654,0.015975000000000003,-0.014099999999999984,0.015424999999999967,0.0,0.0,1
qwen,h2_choice,79,random,BaCh,CO2,0.0,-0.033316666666666654,0.022824999999999984,-0.008866666666666741,0.008025000000000032,0.0,0.0,1
qwen,h2_choice,79,random,BaCm,OD1,0.0,-0.02233333333333335,0.02277499999999999,0.0020833333333333108,0.015125,1.410390785266238e-16,0.25,1
qwen,h2_choice,79,random,BaCo,MP,0.0,-0.005941666666666659,0.015549999999999994,0.004491666666666677,0.00779999999999996,0.0,0.0,1
qwen,h2_choice,79,random,BaDl,OD1,0.0,-0.011191666666666692,0.015850000000000003,-0.0252416666666667,0.01532500000000002,-0.24999999999999986,0.25,1
qwen,h2_choice,79,random,BaHa,OD2,-0.0,-0.03510833333333335,0.023800000000000016,0.007058333333333295,0.014899999999999997,0.0,0.0,1
qwen,h2_choice,79,random,BaHr,CO1,0.0,-0.03049166666666661,0.022674999999999973,0.020758333333333285,0.015299999999999966,0.41666666666666663,0.25,1
qwen,h2_choice,79,random,BaNc,OD2,-0.0,-0.011824999999999978,0.023425,-0.013191666666666635,0.016425000000000023,0.0,0.0,0
qwen,h2_choice,79,random,BaPc,OD2,-0.0,-0.030899999999999962,0.02312499999999998,0.005150000000000094,0.015825000000000033,0.0,0.0,1
qwen,h2_choice,79,random,BaPd,OD1,0.0,-0.018874999999999982,0.007500000000000007,-0.0057083333333333534,0.015074999999999977,0.0,0.0,1
qwen,h2_choice,79,random,BaSh,MP,0.0,-0.05448333333333329,0.029949999999999977,0.005583333333333369,0.008125000000000007,0.0,0.0,0
qwen,h2_choice,79,random,ChAs,MP,0.0,-0.034158333333333374,0.015900000000000025,0.02815833333333336,0.015550000000000022,0.0,0.0,1
qwen,h2_choice,79,random,ChBa,CO2,0.0,-0.031641666666666665,0.022074999999999984,-0.007774999999999998,0.007824999999999999,0.16666666666666669,0.25,1
qwen,h2_choice,79,random,ChCh,CO2,0.0,-0.03879166666666668,0.023425000000000015,-0.02112499999999999,0.014374999999999985,0.24999999999999997,0.25,1
qwen,h2_choice,79,random,ChCm,OD1,0.0,-0.004466666666666708,0.014899999999999983,-0.005183333333333337,0.015324999999999978,0.0,0.0,1
qwen,h2_choice,79,random,ChCo,MP,0.0,-0.02887499999999995,0.015899999999999984,-0.011975000000000015,0.01609999999999999,0.24999999999999997,0.25,1
qwen,h2_choice,79,random,ChDl,OD1,0.0,-0.037700000000000046,0.015325000000000005,-0.0030833333333333403,0.015149999999999997,0.0,0.0,1
qwen,h2_choice,79,random,ChHa,OD2,-0.0,-0.02127499999999995,0.015825000000000006,0.014125000000000054,0.008500000000000035,0.25,0.25,1
qwen,h2_choice,79,random,ChHr,CO1,0.0,-0.03378333333333327,0.022774999999999962,-0.018149999999999996,0.007875000000000007,0.0,0.0,1
qwen,h2_choice,79,random,CmAs,OD1,2.0,-0.023441666666666618,0.014574999999999977,-0.022741666666666747,0.013875000000000026,0.0,0.0,1
qwen,h2_choice,79,random,CmCm,DD,2.0,-0.02697499999999997,0.025599999999999984,0.024741666666666752,0.013300000000000034,0.0,0.0,1
qwen,h2_choice,79,random,CmDl,DD,2.0,-0.01900833333333333,0.013275000000000023,0.024241666666666734,0.013525000000000037,0.0,0.0,1
qwen,h2_choice,79,random,CmHa,DD,2.0,-0.01644166666666668,0.020149999999999987,-0.00789166666666666,0.008200000000000013,0.0,0.0,1
qwen,h2_choice,79,random,CmNc,DD,2.0,-0.034474999999999985,0.027200000000000016,0.0022083333333334353,0.007550000000000001,0.0,0.0,1
qwen,h2_choice,79,random,CoAs,CO2,1.0,-0.04601666666666665,0.022249999999999992,0.005433333333333318,0.023150000000000018,0.0,0.0,1
qwen,h2_choice,79,random,CoCo,CO1,1.0,-0.004075000000000003,0.023174999999999987,0.0035083333333333455,0.015799999999999995,-0.24999999999999997,0.25,1
qwen,h2_choice,79,random,CoSh,CO2,1.0,-0.04545833333333332,0.022849999999999995,0.018208333333333288,0.007374999999999993,0.0,0.0,1
qwen,h2_choice,79,random,HaAs,OD2,2.0,-0.03835833333333328,0.028550000000000006,-0.012891666666666652,0.01554999999999998,0.0,0.0,1
qwen,h2_choice,79,random,HaBa,OD2,2.0,-0.03898333333333331,0.022849999999999995,-0.018849999999999936,0.013949999999999962,0.0,0.0,1
qwen,h2_choice,79,random,HaCm,DD,2.0,0.007016666666666707,0.015850000000000003,0.00495000000000003,0.015500000000000014,0.0,0.0,1
qwen,h2_choice,79,random,HaDl,DD,2.0,-0.029350000000000067,0.015725000000000017,-0.018983333333333397,0.02200000000000002,0.0,0.0,1
qwen,h2_choice,79,random,HaHa,DD,2.0,-0.03875833333333333,0.02055,-0.008225,0.019974999999999965,0.0,0.0,1
qwen,h2_choice,79,random,HaNc,DD,2.0,-0.009891666666666665,0.014374999999999985,0.0011416666666665776,0.0010499999999999676,0.0,0.0,1
qwen,h2_choice,79,random,HaPc,DD,2.0,-0.03070833333333329,0.02942499999999998,-0.004041666666666823,0.00737500000000002,0.0,0.0,1
qwen,h2_choice,79,random,HrAs,MP,1.0,-0.022424999999999917,0.02252499999999999,0.039291666666666725,0.023475000000000024,0.0,0.0,1
qwen,h2_choice,79,random,HrBa,CO1,1.0,-0.04124166666666666,0.021724999999999994,-0.004924999999999967,0.008174999999999988,0.0,0.0,1
qwen,h2_choice,79,random,HrCh,CO1,1.0,-0.020933333333333373,0.01545000000000002,-0.006916666666666727,0.015475000000000017,0.0,0.0,1
qwen,h2_choice,79,random,HrHr,CO2,1.0,-0.03363333333333333,0.021600000000000036,-0.01010000000000006,0.008000000000000035,0.0,0.0,1
qwen,h2_choice,79,random,ShAs,CO1,0.0,-0.003908333333333345,0.015425000000000008,-0.015924999999999998,0.02245000000000001,0.0,0.0,0
qwen,h2_choice,79,random,ShCo,CO2,0.0,-0.040175,0.021525000000000002,0.006558333333333424,0.022250000000000034,0.0,0.0,0
qwen,h2_choice,79,random,ShSh,CO1,0.0,-0.03612500000000002,0.023075000000000026,-0.025341666666666676,0.015375000000000014,0.0,0.0,0
qwen_instruct,h1_dinc,65,main,AsAs,CO1,0.0,1.575408333333333,0.8336250000000001,-0.06589166666666667,0.057325,-0.16666666666666669,0.25,1
qwen_instruct,h1_dinc,65,main,AsBa,MP,-0.0,1.5442999999999998,0.7862499999999999,-0.008266666666666632,0.013549999999999979,0.0,0.0,1
qwen_instruct,h1_dinc,65,main,AsCh,MP,-0.0,1.5213083333333335,0.7699749999999999,0.16464166666666671,0.0811,0.0,0.0,1
qwen_instruct,h1_dinc,65,main,AsCm,OD1,-0.0,1.3511250000000001,0.6811250000000001,0.3977916666666667,0.23382500000000003,0.75,0.5,1
qwen_instruct,h1_dinc,65,main,AsCo,CO2,0.0,1.6350083333333332,0.823475,-0.06282499999999994,0.055624999999999966,0.08333333333333334,0.25,1
qwen_instruct,h1_dinc,65,main,AsDl,OD1,-0.0,1.501783333333333,0.7606499999999999,0.3407666666666666,0.18854999999999997,1.0833333333333333,0.5,1
qwen_instruct,h1_dinc,65,main,AsHa,OD2,0.0,1.4381916666666663,0.7619499999999999,0.21535833333333337,0.11492499999999997,0.5833333333333334,0.25,1
qwen_instruct,h1_dinc,65,main,AsHr,MP,-0.0,1.579333333333333,0.7874749999999999,0.15501666666666666,0.09624999999999997,0.08333333333333334,0.25,1
qwen_instruct,h1_dinc,65,main,AsNc,OD2,0.0,1.3782166666666666,0.749625,0.05034999999999997,0.03295000000000002,0.41666666666666663,0.25,1
qwen_instruct,h1_dinc,65,main,AsPc,OD2,0.0,1.5480416666666663,0.783175,0.23139166666666663,0.16445,0.6666666666666667,0.25,1
qwen_instruct,h1_dinc,65,main,AsPd,OD1,-0.0,1.7367833333333333,0.857775,0.0269333333333333,0.029374999999999957,0.0,0.0,1
qwen_instruct,h1_dinc,65,main,AsSh,CO1,0.0,1.6829749999999999,0.8579749999999999,0.03307500000000001,0.03165000000000002,0.16666666666666669,0.25,1
qwen_instruct,h1_dinc,65,main,BaAs,MP,0.0,1.5650333333333333,0.80985,-0.14428333333333343,0.15022500000000003,-0.6666666666666667,0.25,1
qwen_instruct,h1_dinc,65,main,BaBa,CO2,0.0,1.5300583333333333,0.781575,-0.14297499999999996,0.25575,-0.6666666666666667,0.5,1
qwen_instruct,h1_dinc,65,main,BaCh,CO2,0.0,1.6643749999999995,0.8374249999999999,-0.12685833333333332,0.217025,-0.8333333333333335,0.5,1
qwen_instruct,h1_dinc,65,main,BaCm,OD1,0.0,1.3069166666666663,0.665125,-0.17733333333333326,0.2792,-0.8333333333333331,0.5,1
qwen_instruct,h1_dinc,65,main,BaCo,MP,0.0,1.485275,0.7702,-0.19854166666666662,0.22507499999999997,-0.5833333333333333,0.25,1
qwen_instruct,h1_dinc,65,main,BaDl,OD1,0.0,1.5349833333333331,0.782025,-0.28201666666666664,0.24145000000000003,-0.8333333333333335,0.5,1
qwen_instruct,h1_dinc,65,main,BaHa,OD2,-0.0,1.5931,0.820525,0.1212,0.19627500000000003,0.5833333333333333,0.25,1
qwen_instruct,h1_dinc,65,main,BaHr,CO1,0.0,1.2685916666666668,0.65705,-0.18884166666666657,0.2759,-0.5833333333333333,0.5,1
qwen_instruct,h1_dinc,65,main,BaNc,OD2,-0.0,1.5263666666666666,0.7982999999999999,0.09156666666666671,0.06512499999999996,0.5833333333333334,0.25,1
qwen_instruct,h1_dinc,65,main,BaPc,OD2,-0.0,1.5564583333333333,0.795225,0.23672499999999985,0.256675,0.75,0.5,1
qwen_instruct,h1_dinc,65,main,BaPd,OD1,0.0,1.5270749999999997,0.7628000000000001,-0.13339166666666655,0.220975,-0.6666666666666667,0.5,1
qwen_instruct,h1_dinc,65,main,BaSh,MP,0.0,1.4804583333333332,0.7834749999999999,0.018708333333333355,0.09455,-0.16666666666666669,0.25,1
qwen_instruct,h1_dinc,65,main,ChAs,MP,0.0,1.4696833333333332,0.75135,-0.11559999999999976,0.1799,-0.5833333333333333,0.5,1
qwen_instruct,h1_dinc,65,main,ChBa,CO2,0.0,1.2462666666666666,0.632275,-0.40501666666666636,0.32575,-1.083333333333333,0.5,1
qwen_instruct,h1_dinc,65,main,ChCh,CO2,0.0,1.402,0.7392249999999999,-0.31981666666666664,0.153225,-0.41666666666666663,0.25,1
qwen_instruct,h1_dinc,65,main,ChCm,OD1,0.0,1.3642499999999997,0.6879249999999999,-0.3358333333333334,0.289475,-1.2499999999999998,0.5,1
qwen_instruct,h1_dinc,65,main,ChCo,MP,0.0,1.4806583333333332,0.76715,-0.1071416666666664,0.24634999999999999,-0.6666666666666667,0.5,1
qwen_instruct,h1_dinc,65,main,ChDl,OD1,0.0,1.1575499999999996,0.585075,-0.38916666666666655,0.281925,-1.0833333333333333,0.5,1
qwen_instruct,h1_dinc,65,main,ChHa,OD2,-0.0,1.4090416666666667,0.728275,-0.01184166666666683,0.26157500000000006,0.5833333333333333,0.5,1
qwen_instruct,h1_dinc,65,main,ChHr,CO1,0.0,1.1188416666666667,0.56935,-0.37860833333333327,0.297725,-0.9999999999999999,0.5,1
qwen_instruct,h1_dinc,65,main,CmAs,OD1,2.0,0.8216166666666667,0.4345,0.20678333333333318,0.23107499999999997,-2.3115197751421316e-17,0.25,1
qwen_instruct,h1_dinc,65,main,CmCm,DD,2.0,0.5607416666666665,0.29969999999999997,0.39217499999999994,0.24602499999999997,0.4166666666666666,0.25,1
qwen_instruct,h1_dinc,65,main,CmDl,DD,2.0,0.6280749999999998,0.335175,0.33755833333333335,0.24240000000000003,0.0,0.0,1
qwen_instruct,h1_dinc,65,main,CmHa,DD,2.0,0.7046083333333333,0.378325,0.2921916666666666,0.24764999999999998,0.8333333333333331,0.5,1
qwen_instruct,h1_dinc,65,main,CmNc,DD,2.0,0.6616583333333332,0.36505,0.1644083333333333,0.211225,0.0,0.0,1
qwen_instruct,h1_dinc,65,main,CoAs,CO2,1.0,1.26255,0.6275000000000001,0.4392833333333333,0.3022,0.9999999999999999,0.75,1
qwen_instruct,h1_dinc,65,main,CoCo,CO1,1.0,1.3184083333333336,0.6705500000000001,0.33619166666666656,0.29785000000000006,1.083333333333333,0.5,1
qwen_instruct,h1_dinc,65,main,CoSh,CO2,1.0,1.1082583333333333,0.548125,0.5214749999999999,0.3015,1.0833333333333333,0.5,1
qwen_instruct,h1_dinc,65,main,HaAs,OD2,2.0,0.6808416666666666,0.3523,0.4365083333333333,0.2738750000000001,0.8333333333333331,0.5,1
qwen_instruct,h1_dinc,65,main,HaBa,OD2,2.0,0.9300249999999999,0.498775,-0.04804166666666679,0.2356,0.4166666666666666,0.25,1
qwen_instruct,h1_dinc,65,main,HaCm,DD,2.0,1.2254583333333335,0.6319500000000001,-0.007574999999999953,0.25417499999999993,0.8333333333333331,0.5,1
qwen_instruct,h1_dinc,65,main,HaDl,DD,2.0,0.8749416666666664,0.471675,0.1071583333333333,0.2304,0.8333333333333331,0.5,1
qwen_instruct,h1_dinc,65,main,HaHa,DD,2.0,0.7183333333333335,0.38455000000000006,0.3128166666666665,0.25655,0.8333333333333331,0.5,1
qwen_instruct,h1_dinc,65,main,HaNc,DD,2.0,0.6830083333333332,0.377925,0.16039166666666643,0.21584999999999996,0.0,0.0,1
qwen_instruct,h1_dinc,65,main,HaPc,DD,2.0,0.8726416666666665,0.462575,0.27317499999999995,0.270875,0.8333333333333331,0.5,1
qwen_instruct,h1_dinc,65,main,HrAs,MP,1.0,1.3223166666666666,0.6786749999999999,0.23575,0.2635,0.6666666666666664,0.5,1
qwen_instruct,h1_dinc,65,main,HrBa,CO1,1.0,1.0570333333333333,0.558425,0.16794999999999993,0.26455000000000006,0.8333333333333331,0.5,1
qwen_instruct,h1_dinc,65,main,HrCh,CO1,1.0,0.9352083333333331,0.49195,0.29125833333333323,0.28605,0.4166666666666666,0.5,1
qwen_instruct,h1_dinc,65,main,HrHr,CO2,1.0,1.1795833333333332,0.616375,0.1198499999999999,0.25980000000000003,0.4166666666666666,0.5,1
qwen_instruct,h1_dinc,65,main,ShAs,CO1,0.0,1.4884666666666666,0.7859499999999999,-0.05791666666666664,0.03809999999999998,0.0,0.0,1
qwen_instruct,h1_dinc,65,main,ShCo,CO2,0.0,1.3824083333333335,0.71745,0.17284166666666667,0.10089999999999999,0.41666666666666663,0.25,1
qwen_instruct,h1_dinc,65,main,ShSh,CO1,0.0,1.4885416666666667,0.784,0.08115833333333335,0.040050000000000016,0.0,0.0,1
qwen_instruct,h1_dinc,65,main_perp,AsAs,CO1,0.0,1.5598249999999996,0.8220249999999999,-0.049358333333333365,0.045325000000000004,-0.16666666666666669,0.25,1
qwen_instruct,h1_dinc,65,main_perp,AsBa,MP,-0.0,1.5295166666666664,0.768625,-0.025783333333333387,0.018625000000000003,0.0,0.0,1
qwen_instruct,h1_dinc,65,main_perp,AsCh,MP,-0.0,1.4790583333333336,0.744,0.18600833333333336,0.08757500000000001,0.0,0.0,1
qwen_instruct,h1_dinc,65,main_perp,AsCm,OD1,-0.0,1.316083333333333,0.658325,0.4097999999999999,0.23365000000000002,0.8333333333333335,0.5,1
qwen_instruct,h1_dinc,65,main_perp,AsCo,CO2,0.0,1.6071333333333333,0.8033250000000001,-0.05429999999999998,0.041224999999999984,0.08333333333333334,0.25,1
qwen_instruct,h1_dinc,65,main_perp,AsDl,OD1,-0.0,1.4843083333333331,0.7568,0.3276583333333334,0.187225,1.0833333333333333,0.5,1
qwen_instruct,h1_dinc,65,main_perp,AsHa,OD2,0.0,1.4263916666666665,0.7550999999999999,0.20474166666666668,0.11025,0.5833333333333334,0.25,1
qwen_instruct,h1_dinc,65,main_perp,AsHr,MP,-0.0,1.5751583333333334,0.7831,0.13640833333333335,0.08545000000000003,0.08333333333333334,0.25,1
qwen_instruct,h1_dinc,65,main_perp,AsNc,OD2,0.0,1.3237833333333335,0.71635,0.08326666666666661,0.03692500000000001,0.8333333333333333,0.5,1
qwen_instruct,h1_dinc,65,main_perp,AsPc,OD2,0.0,1.5380083333333332,0.7782999999999999,0.24992499999999987,0.17087500000000003,0.6666666666666667,0.25,1
qwen_instruct,h1_dinc,65,main_perp,AsPd,OD1,-0.0,1.70675,0.843375,0.008516666666666676,0.02495,0.0,0.0,1
qwen_instruct,h1_dinc,65,main_perp,AsSh,CO1,0.0,1.6611416666666665,0.8478249999999999,0.038508333333333374,0.03377500000000003,0.16666666666666669,0.25,1
qwen_instruct,h1_dinc,65,main_perp,BaAs,MP,0.0,1.5467583333333332,0.79555,-0.1571416666666667,0.15350000000000003,-0.6666666666666667,0.25,1
qwen_instruct,h1_dinc,65,main_perp,BaBa,CO2,0.0,1.4838999999999996,0.7598,-0.1650666666666666,0.25975,-0.6666666666666667,0.5,1
qwen_instruct,h1_dinc,65,main_perp,BaCh,CO2,0.0,1.6614333333333335,0.8347249999999999,-0.13681666666666661,0.21714999999999998,-0.8333333333333335,0.5,1
qwen_instruct,h1_dinc,65,main_perp,BaCm,OD1,0.0,1.2917083333333332,0.6618999999999999,-0.17549166666666674,0.281925,-0.8333333333333331,0.5,1
qwen_instruct,h1_dinc,65,main_perp,BaCo,MP,0.0,1.4390333333333332,0.7473999999999998,-0.21069999999999994,0.22285,-0.9999999999999999,0.5,1
qwen_instruct,h1_dinc,65,main_perp,BaDl,OD1,0.0,1.4732999999999998,0.75185,-0.31769999999999987,0.236275,-1.25,0.5,1
qwen_instruct,h1_dinc,65,main_perp,BaHa,OD2,-0.0,1.5569000000000002,0.8010999999999999,0.14633333333333326,0.19302500000000003,0.5833333333333333,0.25,1
qwen_instruct,h1_dinc,65,main_perp,BaHr,CO1,0.0,1.2224666666666664,0.6296999999999999,-0.21444999999999986,0.268375,-0.9999999999999999,0.5,1
qwen_instruct,h1_dinc,65,main_perp,BaNc,OD2,-0.0,1.4717416666666665,0.77235,0.10575833333333323,0.06129999999999999,0.16666666666666669,0.25,1
qwen_instruct,h1_dinc,65,main_perp,BaPc,OD2,-0.0,1.5031249999999998,0.772025,0.23655833333333334,0.25105,0.75,0.5,1
qwen_instruct,h1_dinc,65,main_perp,BaPd,OD1,0.0,1.5010416666666664,0.7553249999999999,-0.15774166666666664,0.22892500000000002,-0.6666666666666667,0.5,1
qwen_instruct,h1_dinc,65,main_perp,BaSh,MP,0.0,1.4238499999999996,0.75035,0.02468333333333336,0.09579999999999998,0.24999999999999997,0.5,1
qwen_instruct,h1_dinc,65,main_perp,ChAs,MP,0.0,1.449883333333333,0.7318749999999999,-0.13716666666666663,0.17174999999999999,-0.5833333333333333,0.5,1
qwen_instruct,h1_dinc,65,main_perp,ChBa,CO2,0.0,1.174525,0.597375,-0.3984916666666664,0.31415,-1.083333333333333,0.5,1
qwen_instruct,h1_dinc,65,main_perp,ChCh,CO2,0.0,1.3352416666666664,0.70505,-0.32254166666666667,0.147125,-0.41666666666666663,0.25,1
qwen_instruct,h1_dinc,65,main_perp,ChCm,OD1,0.0,1.3205666666666664,0.666025,-0.32973333333333327,0.27875,-1.083333333333333,0.5,1
qwen_instruct,h1_dinc,65,main_perp,ChCo,MP,0.0,1.465258333333333,0.753025,-0.12395833333333334,0.24485,-0.6666666666666667,0.5,1
qwen_instruct,h1_dinc,65,main_perp,ChDl,OD1,0.0,1.129575,0.57215,-0.4017916666666667,0.2743,-1.0833333333333333,0.5,1
qwen_instruct,h1_dinc,65,main_perp,ChHa,OD2,-0.0,1.3651499999999999,0.6997249999999999,-0.043333333333333376,0.25612499999999994,0.5833333333333333,0.5,1
qwen_instruct,h1_dinc,65,main_perp,ChHr,CO1,0.0,1.1101666666666665,0.56195,-0.3956166666666664,0.298075,-1.083333333333333,0.5,1
qwen_instruct,h1_dinc,65,main_perp,CmAs,OD1,2.0,0.8001916666666665,0.41935,0.23325833333333323,0.22937499999999997,0.4166666666666666,0.25,1
qwen_instruct,h1_dinc,65,main_perp,CmCm,DD,2.0,0.5369666666666666,0.28675,0.38604999999999984,0.23832499999999995,0.4166666666666666,0.25,1
qwen_instruct,h1_dinc,65,main_perp,CmDl,DD,2.0,0.6030416666666667,0.32,0.33799166666666663,0.2351,0.0,0.0,1
qwen_instruct,h1_dinc,65,main_perp,CmHa,DD,2.0,0.6642166666666666,0.353675,0.30623333333333325,0.2387,0.4166666666666666,0.25,1
qwen_instruct,h1_dinc,65,main_perp,CmNc,DD,2.0,0.6494833333333332,0.35775,0.20315000000000003,0.219275,0.4166666666666666,0.25,1
qwen_instruct,h1_dinc,65,main_perp,CoAs,CO2,1.0,1.2227666666666666,0.610125,0.42148333333333327,0.284925,0.6666666666666667,0.5,1
qwen_instruct,h1_dinc,65,main_perp,CoCo,CO1,1.0,1.2952416666666666,0.65625,0.3404083333333332,0.286975,1.083333333333333,0.5,1
qwen_instruct,h1_dinc,65,main_perp,CoSh,CO2,1.0,1.103575,0.5492,0.5277749999999999,0.3115,1.0833333333333333,0.5,1
qwen_instruct,h1_dinc,65,main_perp,HaAs,OD2,2.0,0.6446416666666666,0.333125,0.44047499999999984,0.266425,0.8333333333333331,0.5,1
qwen_instruct,h1_dinc,65,main_perp,HaBa,OD2,2.0,0.8898916666666666,0.473425,-0.060125000000000046,0.225125,0.0,0.0,1
qwen_instruct,h1_dinc,65,main_perp,HaCm,DD,2.0,1.208075,0.6199,0.019091666666666753,0.245225,0.4166666666666666,0.5,1
qwen_instruct,h1_dinc,65,main_perp,HaDl,DD,2.0,0.8473499999999998,0.4606,0.11919999999999999,0.231325,0.8333333333333331,0.5,1
qwen_instruct,h1_dinc,65,main_perp,HaHa,DD,2.0,0.6917,0.36740000000000006,0.3173166666666664,0.24905,0.8333333333333331,0.5,1
qwen_instruct,h1_dinc,65,main_perp,HaNc,DD,2.0,0.681458333333333,0.377575,0.18535833333333332,0.224675,0.0,0.0,1
qwen_instruct,h1_dinc,65,main_perp,HaPc,DD,2.0,0.8092083333333332,0.426875,0.25347499999999995,0.24719999999999998,0.4166666666666666,0.25,1
qwen_instruct,h1_dinc,65,main_perp,HrAs,MP,1.0,1.2832666666666666,0.654225,0.24961666666666674,0.25865,0.6666666666666664,0.5,1
qwen_instruct,h1_dinc,65,main_perp,HrBa,CO1,1.0,1.0490916666666665,0.5520499999999999,0.187375,0.269425,0.8333333333333331,0.5,1
qwen_instruct,h1_dinc,65,main_perp,HrCh,CO1,1.0,0.8908916666666664,0.46104999999999996,0.325525,0.27922499999999995,0.4166666666666666,0.5,1
qwen_instruct,h1_dinc,65,main_perp,HrHr,CO2,1.0,1.14675,0.590925,0.1540833333333333,0.257775,0.8333333333333331,0.5,1
qwen_instruct,h1_dinc,65,main_perp,ShAs,CO1,0.0,1.4482750000000002,0.768475,-0.029408333333333293,0.02819999999999999,0.0,0.0,1
qwen_instruct,h1_dinc,65,main_perp,ShCo,CO2,0.0,1.348308333333333,0.6965249999999998,0.19365833333333332,0.08994999999999999,0.41666666666666663,0.25,1
qwen_instruct,h1_dinc,65,main_perp,ShSh,CO1,0.0,1.4539333333333335,0.7683500000000001,0.09715000000000001,0.046750000000000014,0.0,0.0,1
qwen_instruct,h1_dinc,65,random,AsAs,CO1,0.0,-0.002266666666666667,0.009125000000000003,0.012383333333333304,0.00932500000000002,0.0,0.0,0
qwen_instruct,h1_dinc,65,random,AsBa,MP,-0.0,0.05505833333333331,0.02869999999999999,0.00270833333333333,0.009374999999999967,0.0,0.0,0
qwen_instruct,h1_dinc,65,random,AsCh,MP,-0.0,0.04933333333333332,0.02745,0.02800000000000006,0.01577500000000001,0.0,0.0,0
qwen_instruct,h1_dinc,65,random,AsCm,OD1,-0.0,0.04986666666666669,0.028575,0.05638333333333329,0.030799999999999994,0.0,0.0,1
qwen_instruct,h1_dinc,65,random,AsCo,CO2,0.0,0.027508333333333353,0.01700000000000001,-0.00019166666666665122,0.007424999999999994,0.0,0.0,0
qwen_instruct,h1_dinc,65,random,AsDl,OD1,-0.0,0.027525000000000004,0.022874999999999996,0.021724999999999963,0.015825000000000006,0.0,0.0,0
qwen_instruct,h1_dinc,65,random,AsHa,OD2,0.0,0.012266666666666669,0.009174999999999999,0.020933333333333304,0.011599999999999989,0.0,0.0,0
qwen_instruct,h1_dinc,65,random,AsHr,MP,-0.0,0.041791666666666664,0.03455,0.018941666666666676,0.016475000000000017,0.2500000000000001,0.25,1
qwen_instruct,h1_dinc,65,random,AsNc,OD2,0.0,0.008116666666666668,0.005925,-0.008333333333333281,0.00492499999999999,0.0,0.0,0
qwen_instruct,h1_dinc,65,random,AsPc,OD2,0.0,0.009783333333333342,0.014549999999999997,0.023850000000000003,0.016525000000000005,0.0,0.0,0
qwen_instruct,h1_dinc,65,random,AsPd,OD1,-0.0,0.04021666666666667,0.035050000000000005,-0.010883333333333288,0.012750000000000011,0.0,0.0,0
qwen_instruct,h1_dinc,65,random,AsSh,CO1,0.0,0.016983333333333323,0.0143,0.022499999999999996,0.012949999999999996,0.0,0.0,0
qwen_instruct,h1_dinc,65,random,BaAs,MP,0.0,-0.008525000000000008,0.010774999999999996,-0.0009749999999999951,0.006375000000000018,0.0,0.0,0
qwen_instruct,h1_dinc,65,random,BaBa,CO2,0.0,0.03995833333333336,0.02227500000000001,-0.038841666666666684,0.023675000000000022,0.0,0.0,1
qwen_instruct,h1_dinc,65,random,BaCh,CO2,0.0,0.04788333333333333,0.02335,-0.0625333333333333,0.03414999999999999,0.0,0.0,1
qwen_instruct,h1_dinc,65,random,BaCm,OD1,0.0,0.04567499999999999,0.025200000000000014,-0.05534166666666666,0.030550000000000008,0.0,0.0,1
qwen_instruct,h1_dinc,65,random,BaCo,MP,0.0,0.021341666666666658,0.011874999999999998,-0.026908333333333326,0.014175,0.0,0.0,1
qwen_instruct,h1_dinc,65,random,BaDl,OD1,0.0,0.049358333333333324,0.027774999999999994,-0.05795833333333327,0.030824999999999964,-0.4166666666666666,0.25,1
qwen_instruct,h1_dinc,65,random,BaHa,OD2,-0.0,0.022058333333333333,0.012624999999999997,0.027641666666666773,0.014150000000000051,0.0,0.0,1
qwen_instruct,h1_dinc,65,random,BaHr,CO1,0.0,0.06535,0.03464999999999999,-0.06191666666666669,0.032999999999999995,0.0,0.0,1
qwen_instruct,h1_dinc,65,random,BaNc,OD2,-0.0,-0.002449999999999999,0.009225000000000004,0.00038333333333337774,0.009950000000000014,0.0,0.0,0
qwen_instruct,h1_dinc,65,random,BaPc,OD2,-0.0,-0.001016666666666634,0.00762500000000002,-0.0033499999999999463,0.008925000000000016,0.0,0.0,1
qwen_instruct,h1_dinc,65,random,BaPd,OD1,0.0,0.03884999999999997,0.022675000000000018,-0.048033333333333275,0.02879999999999997,-0.33333333333333337,0.25,1
qwen_instruct,h1_dinc,65,random,BaSh,MP,0.0,0.016616666666666655,0.01634999999999999,-0.01964999999999998,0.011824999999999994,0.0,0.0,0
qwen_instruct,h1_dinc,65,random,ChAs,MP,0.0,0.043058333333333317,0.025025,-0.03249166666666669,0.018650000000000014,0.0,0.0,1
qwen_instruct,h1_dinc,65,random,ChBa,CO2,0.0,0.06239999999999996,0.03194999999999998,-0.06404999999999997,0.032399999999999984,0.0,0.0,1
qwen_instruct,h1_dinc,65,random,ChCh,CO2,0.0,0.021416666666666667,0.013024999999999998,-0.02238333333333333,0.01342499999999999,0.0,0.0,0
qwen_instruct,h1_dinc,65,random,ChCm,OD1,0.0,0.058025000000000014,0.027950000000000003,-0.06299166666666667,0.03,-0.6666666666666667,0.25,1
qwen_instruct,h1_dinc,65,random,ChCo,MP,0.0,0.05090833333333339,0.02842500000000002,-0.03812500000000006,0.019425000000000033,0.0,0.0,1
qwen_instruct,h1_dinc,65,random,ChDl,OD1,0.0,0.03950833333333338,0.022925000000000022,-0.04302500000000005,0.025025000000000026,-0.41666666666666674,0.25,1
qwen_instruct,h1_dinc,65,random,ChHa,OD2,-0.0,0.026466666666666677,0.020750000000000008,0.03296666666666668,0.016600000000000004,0.0,0.0,1
qwen_instruct,h1_dinc,65,random,ChHr,CO1,0.0,0.02967500000000003,0.01650000000000003,-0.035758333333333364,0.01925000000000003,0.0,0.0,1
qwen_instruct,h1_dinc,65,random,CmAs,OD1,2.0,0.03983333333333333,0.02135,0.04170000000000004,0.022450000000000025,0.0,0.0,1
qwen_instruct,h1_dinc,65,random,CmCm,DD,2.0,0.01266666666666667,0.0056000000000000025,0.012650000000000002,0.005500000000000005,0.0,0.0,1
qwen_instruct,h1_dinc,65,random,CmDl,DD,2.0,0.02122500000000002,0.009875000000000009,0.021441666666666668,0.010124999999999995,0.0,0.0,1
qwen_instruct,h1_dinc,65,random,CmHa,DD,2.0,0.023791666666666662,0.011949999999999997,0.02470833333333327,0.012299999999999978,0.0,0.0,1
qwen_instruct,h1_dinc,65,random,CmNc,DD,2.0,0.011533333333333375,0.005325000000000033,0.013333333333333407,0.006175000000000042,0.0,0.0,1
qwen_instruct,h1_dinc,65,random,CoAs,CO2,1.0,0.07041666666666666,0.0373,0.07559999999999997,0.040150000000000005,0.41666666666666674,0.5,1
qwen_instruct,h1_dinc,65,random,CoCo,CO1,1.0,0.06178333333333329,0.03237499999999997,0.06284999999999995,0.03292499999999997,0.6666666666666667,0.25,1
qwen_instruct,h1_dinc,65,random,CoSh,CO2,1.0,0.07014999999999999,0.03672500000000001,0.07098333333333333,0.03672500000000001,0.6666666666666667,0.25,1
qwen_instruct,h1_dinc,65,random,HaAs,OD2,2.0,0.026508333333333366,0.012650000000000022,0.027041666666666693,0.012650000000000022,0.0,0.0,1
qwen_instruct,h1_dinc,65,random,HaBa,OD2,2.0,0.0281583333333333,0.015574999999999988,0.03172499999999991,0.016399999999999942,0.0,0.0,1
qwen_instruct,h1_dinc,65,random,HaCm,DD,2.0,0.06134166666666664,0.031900000000000005,0.065675,0.03155000000000002,0.0,0.0,1
qwen_instruct,h1_dinc,65,random,HaDl,DD,2.0,0.02390833333333335,0.011375000000000012,0.02387500000000001,0.011275000000000007,0.0,0.0,1
qwen_instruct,h1_dinc,65,random,HaHa,DD,2.0,0.025491666666666656,0.01287499999999998,0.02704166666666668,0.013674999999999993,0.0,0.0,1
qwen_instruct,h1_dinc,65,random,HaNc,DD,2.0,0.006641666666666695,0.0036250000000000154,0.011491666666666688,0.005675000000000013,0.0,0.0,1
qwen_instruct,h1_dinc,65,random,HaPc,DD,2.0,0.03800833333333334,0.018975000000000013,0.041008333333333376,0.020625000000000032,0.0,0.0,1
qwen_instruct,h1_dinc,65,random,HrAs,MP,1.0,0.06005833333333333,0.03345000000000001,0.06515833333333333,0.03295000000000001,0.0,0.0,1
qwen_instruct,h1_dinc,65,random,HrBa,CO1,1.0,0.04969999999999996,0.02309999999999998,0.05076666666666663,0.023399999999999976,0.0,0.0,1
qwen_instruct,h1_dinc,65,random,HrCh,CO1,1.0,0.029766666666666698,0.013550000000000027,0.03353333333333334,0.015200000000000019,0.0,0.0,1
qwen_instruct,h1_dinc,65,random,HrHr,CO2,1.0,0.05656666666666669,0.026075000000000008,0.06705000000000001,0.031725,0.0,0.0,1
qwen_instruct,h1_dinc,65,random,ShAs,CO1,0.0,-0.009816666666666665,0.009349999999999997,0.0017500000000000046,0.011450000000000007,0.0,0.0,0
qwen_instruct,h1_dinc,65,random,ShCo,CO2,0.0,-0.0072416666666666775,0.010349999999999995,-0.002958333333333332,0.009474999999999994,0.0,0.0,0
qwen_instruct,h1_dinc,65,random,ShSh,CO1,0.0,-0.025383333333333348,0.011600000000000003,-0.019333333333333303,0.012424999999999999,0.0,0.0,0
qwen_instruct,h1_dinc,79,main,AsAs,CO1,0.0,1.176575,0.598975,-0.08412499999999999,0.04385000000000002,0.0,0.0,1
qwen_instruct,h1_dinc,79,main,AsBa,MP,-0.0,1.3575999999999997,0.669225,-0.10406666666666663,0.05177499999999999,-0.5555555555555555,0.3333333333333333,1
qwen_instruct,h1_dinc,79,main,AsCh,MP,-0.0,1.3276249999999998,0.6540249999999999,0.20922499999999997,0.09482499999999999,0.0,0.0,1
qwen_instruct,h1_dinc,79,main,AsCm,OD1,-0.0,1.260133333333333,0.612475,0.5546499999999999,0.263175,0.8333333333333335,0.5,1
qwen_instruct,h1_dinc,79,main,AsCo,CO2,0.0,1.5137,0.7399499999999999,0.07894999999999998,0.03854999999999999,0.6388888888888888,0.3333333333333333,1
qwen_instruct,h1_dinc,79,main,AsDl,OD1,-0.0,1.2922333333333331,0.636075,0.4259333333333333,0.18574999999999997,1.0833333333333333,0.5,1
qwen_instruct,h1_dinc,79,main,AsHa,OD2,0.0,1.1084,0.56775,0.30735000000000007,0.14225000000000004,1.111111111111111,0.6666666666666666,1
qwen_instruct,h1_dinc,79,main,AsHr,MP,-0.0,1.469825,0.7158749999999999,0.11434166666666665,0.06622500000000003,-0.47222222222222215,0.5833333333333333,1
qwen_instruct,h1_dinc,79,main,AsNc,OD2,0.0,0.9384833333333333,0.48369999999999996,0.07233333333333329,0.03149999999999998,0.8333333333333333,0.5,1
qwen_instruct,h1_dinc,79,main,AsPc,OD2,0.0,1.3284416666666663,0.6514249999999999,0.42402500000000004,0.19407500000000003,0.8055555555555555,0.3333333333333333,1
qwen_instruct,h1_dinc,79,main,AsPd,OD1,-0.0,1.583708333333333,0.765675,-0.08749166666666662,0.05309999999999998,0.0,0.0,1
qwen_instruct,h1_dinc,79,main,AsSh,CO1,0.0,1.3756499999999998,0.68635,0.10409999999999997,0.0464,0.5555555555555555,0.3333333333333333,1
qwen_instruct,h1_dinc,79,main,BaAs,MP,0.0,1.2539416666666665,0.6222,-0.333525,0.15760000000000002,-1.3611111111111112,0.6666666666666666,1
qwen_instruct,h1_dinc,79,main,BaBa,CO2,0.0,1.243758333333333,0.615575,-0.45240833333333347,0.28125,-1.5,0.75,1
qwen_instruct,h1_dinc,79,main,BaCh,CO2,0.0,1.415225,0.690775,-0.4067083333333332,0.239625,-1.3888888888888888,0.5833333333333333,1
qwen_instruct,h1_dinc,79,main,BaCm,OD1,0.0,1.0691916666666663,0.53645,-0.447125,0.29505000000000003,-0.9999999999999999,0.5,1
qwen_instruct,h1_dinc,79,main,BaCo,MP,0.0,1.1023583333333333,0.5497500000000001,-0.540025,0.24775,-1.4166666666666665,0.75,1
qwen_instruct,h1_dinc,79,main,BaDl,OD1,0.0,1.2373416666666666,0.6039749999999999,-0.5556916666666666,0.24909999999999996,-1.666666666666667,0.75,1
qwen_instruct,h1_dinc,79,main,BaHa,OD2,-0.0,1.270383333333333,0.634525,0.42249999999999993,0.220975,1.4166666666666665,0.75,1
qwen_instruct,h1_dinc,79,main,BaHr,CO1,0.0,0.9776749999999998,0.493575,-0.4325249999999999,0.26854999999999996,-1.083333333333333,0.5,1
qwen_instruct,h1_dinc,79,main,BaNc,OD2,-0.0,1.2018083333333331,0.6012,0.18034166666666668,0.0834,0.8333333333333333,0.5,1
qwen_instruct,h1_dinc,79,main,BaPc,OD2,-0.0,1.2217583333333333,0.605375,0.5150083333333333,0.269525,1.583333333333333,0.75,1
qwen_instruct,h1_dinc,79,main,BaPd,OD1,0.0,1.3157499999999998,0.6486999999999999,-0.39034999999999986,0.25495,-1.222222222222222,0.5833333333333333,1
qwen_instruct,h1_dinc,79,main,BaSh,MP,0.0,1.08605,0.552975,-0.08063333333333336,0.05387499999999999,-0.8333333333333333,0.5,1
qwen_instruct,h1_dinc,79,main,ChAs,MP,0.0,1.3207666666666666,0.658575,-0.27633333333333326,0.19572499999999998,-1.1388888888888888,0.5833333333333333,1
qwen_instruct,h1_dinc,79,main,ChBa,CO2,0.0,0.9602833333333335,0.47362499999999996,-0.6399499999999999,0.322925,-1.083333333333333,0.5,1
qwen_instruct,h1_dinc,79,main,ChCh,CO2,0.0,1.0344,0.5252,-0.4705666666666665,0.22284999999999994,-0.8333333333333333,0.5,1
qwen_instruct,h1_dinc,79,main,ChCm,OD1,0.0,1.1522333333333332,0.5711999999999999,-0.5528000000000002,0.3062250000000001,-1.083333333333333,0.5,1
qwen_instruct,h1_dinc,79,main,ChCo,MP,0.0,1.1387916666666666,0.57015,-0.3262083333333333,0.2272,-1.222222222222222,0.5833333333333333,1
qwen_instruct,h1_dinc,79,main,ChDl,OD1,0.0,0.9720083333333334,0.47802500000000003,-0.6614416666666667,0.316325,-1.222222222222222,0.5833333333333333,1
qwen_instruct,h1_dinc,79,main,ChHa,OD2,-0.0,1.198908333333333,0.6052500000000001,0.02045833333333328,0.18255,0.1666666666666666,0.25,1
qwen_instruct,h1_dinc,79,main,ChHr,CO1,0.0,0.8733249999999998,0.43574999999999997,-0.5923416666666664,0.29955,-1.083333333333333,0.5,1
qwen_instruct,h1_dinc,79,main,CmAs,OD1,2.0,0.5813833333333331,0.299825,0.3225333333333333,0.20022499999999996,0.4166666666666666,0.25,1
qwen_instruct,h1_dinc,79,main,CmCm,DD,2.0,0.2933166666666666,0.155825,0.27429999999999993,0.14532499999999998,0.4166666666666666,0.25,1
qwen_instruct,h1_dinc,79,main,CmDl,DD,2.0,0.34616666666666673,0.18327500000000005,0.2906499999999999,0.15764999999999998,0.0,0.0,1
qwen_instruct,h1_dinc,79,main,CmHa,DD,2.0,0.3776666666666666,0.199825,0.25346666666666656,0.15187500000000004,0.4166666666666666,0.25,1
qwen_instruct,h1_dinc,79,main,CmNc,DD,2.0,0.257425,0.138275,0.1640083333333332,0.10389999999999996,0.0,0.0,1
qwen_instruct,h1_dinc,79,main,CoAs,CO2,1.0,1.106508333333333,0.5367999999999999,0.641025,0.3212250000000001,1.222222222222222,0.5833333333333333,1
qwen_instruct,h1_dinc,79,main,CoCo,CO1,1.0,1.086083333333333,0.531075,0.6379500000000001,0.323125,1.083333333333333,0.5,1
qwen_instruct,h1_dinc,79,main,CoSh,CO2,1.0,0.9537833333333332,0.46767499999999995,0.7297666666666667,0.346425,1.0833333333333333,0.5,1
qwen_instruct,h1_dinc,79,main,HaAs,OD2,2.0,0.4064583333333333,0.21352500000000002,0.3579416666666665,0.18924999999999997,0.4166666666666666,0.25,1
qwen_instruct,h1_dinc,79,main,HaBa,OD2,2.0,0.6164333333333333,0.32582500000000003,0.005316666666666701,0.1247,0.4166666666666666,0.25,1
qwen_instruct,h1_dinc,79,main,HaCm,DD,2.0,1.0569416666666664,0.5380499999999999,0.16419166666666646,0.21907500000000002,-0.13888888888888892,0.3333333333333333,1
qwen_instruct,h1_dinc,79,main,HaDl,DD,2.0,0.4558916666666666,0.2431,0.22510833333333316,0.16034999999999996,0.4166666666666666,0.25,1
qwen_instruct,h1_dinc,79,main,HaHa,DD,2.0,0.37459166666666655,0.196175,0.2879916666666666,0.16097499999999998,0.4166666666666666,0.25,1
qwen_instruct,h1_dinc,79,main,HaNc,DD,2.0,0.318325,0.17332500000000003,0.11359166666666665,0.1053,0.0,0.0,1
qwen_instruct,h1_dinc,79,main,HaPc,DD,2.0,0.5059166666666665,0.261325,0.33503333333333307,0.19282499999999997,0.4166666666666666,0.25,1
qwen_instruct,h1_dinc,79,main,HrAs,MP,1.0,1.09285,0.5405249999999999,0.49456666666666654,0.282725,1.083333333333333,0.5,1
qwen_instruct,h1_dinc,79,main,HrBa,CO1,1.0,0.7349416666666666,0.3779,0.378775,0.24120000000000003,0.4166666666666666,0.25,1
qwen_instruct,h1_dinc,79,main,HrCh,CO1,1.0,0.6015833333333334,0.308125,0.45006666666666656,0.24314999999999998,0.4166666666666666,0.25,1
qwen_instruct,h1_dinc,79,main,HrHr,CO2,1.0,0.8917,0.45489999999999997,0.31811666666666666,0.23752500000000001,0.4166666666666666,0.25,1
qwen_instruct,h1_dinc,79,main,ShAs,CO1,0.0,1.1172333333333333,0.569975,-0.02046666666666672,0.020874999999999977,0.0,0.0,1
qwen_instruct,h1_dinc,79,main,ShCo,CO2,0.0,1.1688166666666666,0.5822500000000002,0.3588166666666668,0.16595000000000007,0.5555555555555555,0.3333333333333333,1
qwen_instruct,h1_dinc,79,main,ShSh,CO1,0.0,1.1436416666666667,0.58405,0.12689166666666665,0.06404999999999998,0.0,0.0,1
qwen_instruct,h1_dinc,79,main_perp,AsAs,CO1,0.0,-0.007433333333333324,0.006249999999999995,0.00016666666666667636,0.004900000000000012,0.0,0.0,0
qwen_instruct,h1_dinc,79,main_perp,AsBa,MP,-0.0,-0.008541666666666671,0.012824999999999998,0.016525000000000005,0.009425000000000044,0.0,0.0,0
qwen_instruct,h1_dinc,79,main_perp,AsCh,MP,-0.0,0.0023666666666666606,0.008675000000000009,0.011616666666666636,0.013324999999999976,0.0,0.0,0
qwen_instruct,h1_dinc,79,main_perp,AsCm,OD1,-0.0,-0.0035333333333333553,0.008500000000000011,-0.0007500000000000656,0.008724999999999955,0.0,0.0,1
qwen_instruct,h1_dinc,79,main_perp,AsCo,CO2,0.0,-0.022241666666666673,0.017350000000000004,-0.003674999999999988,0.007174999999999994,0.0,0.0,0
qwen_instruct,h1_dinc,79,main_perp,AsDl,OD1,-0.0,-0.011050000000000004,0.010324999999999997,-0.014383333333333427,0.007974999999999982,0.0,0.0,0
qwen_instruct,h1_dinc,79,main_perp,AsHa,OD2,0.0,-0.005266666666666648,0.011124999999999993,-0.003766666666666657,0.008775000000000002,0.0,0.0,0
qwen_instruct,h1_dinc,79,main_perp,AsHr,MP,-0.0,0.006491666666666648,0.0062249999999999875,-0.001508333333333289,0.01237499999999997,0.0,0.0,0
qwen_instruct,h1_dinc,79,main_perp,AsNc,OD2,0.0,0.0025666666666666893,0.007600000000000009,-0.002499999999999996,0.008799999999999988,0.0,0.0,0
qwen_instruct,h1_dinc,79,main_perp,AsPc,OD2,0.0,-0.001833333333333347,0.006075000000000004,0.0023666666666666406,0.009324999999999972,0.0,0.0,0
qwen_instruct,h1_dinc,79,main_perp,AsPd,OD1,-0.0,-0.010825000000000005,0.007975000000000006,0.011574999999999953,0.009775000000000006,0.0,0.0,0
qwen_instruct,h1_dinc,79,main_perp,AsSh,CO1,0.0,0.006541666666666659,0.010400000000000001,0.0047916666666666715,0.0092,0.0,0.0,0
qwen_instruct,h1_dinc,79,main_perp,BaAs,MP,0.0,-0.00502499999999999,0.005224999999999995,0.0008583333333332993,0.004150000000000006,0.0,0.0,0
qwen_instruct,h1_dinc,79,main_perp,BaBa,CO2,0.0,-0.005691666666666651,0.006024999999999971,7.499999999996884e-05,0.004375,0.0,0.0,1
qwen_instruct,h1_dinc,79,main_perp,BaCh,CO2,0.0,-0.016216666666666667,0.010000000000000002,0.0075500000000000254,0.007600000000000023,0.0,0.0,1
qwen_instruct,h1_dinc,79,main_perp,BaCm,OD1,0.0,-0.0014666666666667322,0.0012000000000000257,-0.001283333333333271,0.0011750000000000007,0.0,0.0,1
qwen_instruct,h1_dinc,79,main_perp,BaCo,MP,0.0,0.0017666666666666627,0.006225000000000003,-0.004816666666666652,0.006074999999999995,0.0,0.0,1
qwen_instruct,h1_dinc,79,main_perp,BaDl,OD1,0.0,-0.005225000000000029,0.007050000000000005,0.004925000000000026,0.0068000000000000066,0.0,0.0,1
qwen_instruct,h1_dinc,79,main_perp,BaHa,OD2,-0.0,-0.005950000000000014,0.007999999999999976,-0.0067166666666667,0.007950000000000013,0.0,0.0,1
qwen_instruct,h1_dinc,79,main_perp,BaHr,CO1,0.0,-0.01273333333333337,0.008350000000000007,0.01208333333333337,0.007725000000000012,0.0,0.0,1
qwen_instruct,h1_dinc,79,main_perp,BaNc,OD2,-0.0,-0.008025,0.004750000000000002,0.008358333333333358,0.00712500000000002,0.0,0.0,0
qwen_instruct,h1_dinc,79,main_perp,BaPc,OD2,-0.0,-0.0033999999999999803,0.006224999999999984,-0.0043333333333333375,0.006349999999999967,0.0,0.0,1
qwen_instruct,h1_dinc,79,main_perp,BaPd,OD1,0.0,0.006641666666666685,0.007100000000000014,-0.009658333333333373,0.00900000000000003,0.0,0.0,1
qwen_instruct,h1_dinc,79,main_perp,BaSh,MP,0.0,-0.00048333333333332157,0.0031749999999999955,-3.333333333333262e-05,0.0022000000000000144,0.0,0.0,0
qwen_instruct,h1_dinc,79,main_perp,ChAs,MP,0.0,-0.0008416666666667131,0.005449999999999995,-0.00497499999999997,0.007899999999999992,0.0,0.0,1
qwen_instruct,h1_dinc,79,main_perp,ChBa,CO2,0.0,-0.0008500000000000184,0.008374999999999983,0.0021500000000000204,0.007400000000000014,0.0,0.0,1
qwen_instruct,h1_dinc,79,main_perp,ChCh,CO2,0.0,-0.009874999999999981,0.004474999999999992,0.006608333333333316,0.004400000000000003,0.0,0.0,0
qwen_instruct,h1_dinc,79,main_perp,ChCm,OD1,0.0,-0.0002749999999999995,0.008075000000000008,8.33333333333123e-06,0.008224999999999993,2.3115197751421316e-17,0.25,1
qwen_instruct,h1_dinc,79,main_perp,ChCo,MP,0.0,0.008833333333333323,0.00625000000000001,-0.015866666666666626,0.010100000000000022,0.0,0.0,1
qwen_instruct,h1_dinc,79,main_perp,ChDl,OD1,0.0,0.002775000000000022,0.007699999999999987,-0.005825000000000022,0.008375000000000007,-2.3115197751421316e-17,0.25,1
qwen_instruct,h1_dinc,79,main_perp,ChHa,OD2,-0.0,0.010849999999999973,0.009949999999999997,0.01254999999999994,0.0068749999999999645,0.0,0.0,1
qwen_instruct,h1_dinc,79,main_perp,ChHr,CO1,0.0,0.0030916666666667035,0.010699999999999993,-0.005991666666666697,0.010175000000000014,0.0,0.0,1
qwen_instruct,h1_dinc,79,main_perp,CmAs,OD1,2.0,0.005383333333333301,0.004674999999999996,0.006616666666666621,0.004174999999999984,0.0,0.0,1
qwen_instruct,h1_dinc,79,main_perp,CmCm,DD,2.0,0.003066666666666652,0.0018499999999999905,0.0030666666666666524,0.001899999999999985,0.0,0.0,1
qwen_instruct,h1_dinc,79,main_perp,CmDl,DD,2.0,0.0014250000000000072,0.002850000000000019,0.0018083333333333653,0.0028750000000000164,0.0,0.0,1
qwen_instruct,h1_dinc,79,main_perp,CmHa,DD,2.0,0.0008749999999999885,0.002374999999999991,0.0006749999999999813,0.0024249999999999827,0.0,0.0,1
qwen_instruct,h1_dinc,79,main_perp,CmNc,DD,2.0,0.0004666666666666664,0.0015999999999999875,0.0012166666666666714,0.0013749999999999873,0.0,0.0,1
qwen_instruct,h1_dinc,79,main_perp,CoAs,CO2,1.0,0.013641666666666693,0.012525000000000007,0.015958333333333363,0.013899999999999996,0.5833333333333334,0.25,1
qwen_instruct,h1_dinc,79,main_perp,CoCo,CO1,1.0,0.013883333333333305,0.008949999999999982,0.012099999999999956,0.008250000000000007,0.4166666666666666,0.25,1
qwen_instruct,h1_dinc,79,main_perp,CoSh,CO2,1.0,0.010408333333333308,0.011700000000000012,0.011574999999999964,0.012800000000000006,0.25,0.25,1
qwen_instruct,h1_dinc,79,main_perp,HaAs,OD2,2.0,-0.004591666666666685,0.0025749999999999775,-0.004475000000000025,0.0024500000000000077,0.0,0.0,1
qwen_instruct,h1_dinc,79,main_perp,HaBa,OD2,2.0,0.004716666666666679,0.0021249999999999915,-0.005033333333333317,0.002124999999999988,0.0,0.0,1
qwen_instruct,h1_dinc,79,main_perp,HaCm,DD,2.0,-0.015116666666666693,0.006550000000000007,-0.013416666666666688,0.00552500000000003,0.0,0.0,1
qwen_instruct,h1_dinc,79,main_perp,HaDl,DD,2.0,-0.0016916666666666634,0.002750000000000005,-0.003758333333333326,0.003349999999999992,0.0,0.0,1
qwen_instruct,h1_dinc,79,main_perp,HaHa,DD,2.0,-0.00024166666666668448,0.0003499999999999892,-0.0002750000000000159,0.0003499999999999892,0.0,0.0,1
qwen_instruct,h1_dinc,79,main_perp,HaNc,DD,2.0,-0.00040833333333334414,0.0005499999999999967,-5.833333333334466e-05,0.0007000000000000062,0.0,0.0,1
qwen_instruct,h1_dinc,79,main_perp,HaPc,DD,2.0,-0.001266666666666654,0.0043249999999999955,0.00018333333333332214,0.004599999999999993,0.0,0.0,1
qwen_instruct,h1_dinc,79,main_perp,HrAs,MP,1.0,-0.008150000000000025,0.00997499999999999,-0.0010666666666667157,0.005775000000000002,0.0,0.0,1
qwen_instruct,h1_dinc,79,main_perp,HrBa,CO1,1.0,-0.005458333333333315,0.005700000000000002,-0.004658333333333292,0.005950000000000011,0.0,0.0,1
qwen_instruct,h1_dinc,79,main_perp,HrCh,CO1,1.0,-0.007816666666666625,0.0047,-0.00653333333333329,0.003949999999999981,0.0,0.0,1
qwen_instruct,h1_dinc,79,main_perp,HrHr,CO2,1.0,-0.0075083333333333295,0.006874999999999989,-0.006174999999999995,0.006924999999999987,0.0,0.0,1
qwen_instruct,h1_dinc,79,main_perp,ShAs,CO1,0.0,-0.0014499999999999858,0.003949999999999992,0.0030666666666666485,0.005150000000000005,0.0,0.0,0
qwen_instruct,h1_dinc,79,main_perp,ShCo,CO2,0.0,-0.018458333333333316,0.009899999999999989,-0.007141666666666611,0.003474999999999992,0.0,0.0,0
qwen_instruct,h1_dinc,79,main_perp,ShSh,CO1,0.0,-0.009483333333333314,0.005799999999999995,-0.009833333333333352,0.00565000000000002,0.0,0.0,0
qwen_instruct,h1_dinc,79,random,AsAs,CO1,0.0,0.04150000000000001,0.019175000000000005,-0.016750000000000036,0.009375000000000008,0.0,0.0,0
qwen_instruct,h1_dinc,79,random,AsBa,MP,-0.0,0.04953333333333333,0.02935,0.004800000000000027,0.0070500000000000285,0.0,0.0,0
qwen_instruct,h1_dinc,79,random,AsCh,MP,-0.0,0.03245000000000001,0.017150000000000006,0.0211333333333332,0.010424999999999962,0.0,0.0,0
qwen_instruct,h1_dinc,79,random,AsCm,OD1,-0.0,0.05063333333333338,0.032725000000000025,0.035600000000000076,0.02762500000000001,0.0,0.0,1
qwen_instruct,h1_dinc,79,random,AsCo,CO2,0.0,0.08365000000000002,0.04245000000000001,-0.01053333333333327,0.013774999999999961,0.0,0.0,0
qwen_instruct,h1_dinc,79,random,AsDl,OD1,-0.0,0.045649999999999996,0.023375000000000003,0.02356666666666675,0.015675000000000022,0.0,0.0,0
qwen_instruct,h1_dinc,79,random,AsHa,OD2,0.0,0.020291666666666677,0.01440000000000001,-0.0033416666666666,0.009224999999999983,0.0,0.0,0
qwen_instruct,h1_dinc,79,random,AsHr,MP,-0.0,0.07529999999999999,0.03737499999999999,0.011050000000000022,0.015150000000000025,0.5833333333333334,0.25,1
qwen_instruct,h1_dinc,79,random,AsNc,OD2,0.0,0.03616666666666666,0.018224999999999998,0.01113333333333334,0.006325,0.0,0.0,0
qwen_instruct,h1_dinc,79,random,AsPc,OD2,0.0,0.07117500000000002,0.03395000000000001,0.041891666666666695,0.023925000000000016,0.0,0.0,0
qwen_instruct,h1_dinc,79,random,AsPd,OD1,-0.0,0.09033333333333331,0.045250000000000005,-0.01564999999999997,0.01257500000000003,0.0,0.0,0
qwen_instruct,h1_dinc,79,random,AsSh,CO1,0.0,0.05523333333333334,0.030375,0.0067833333333333365,0.015350000000000016,0.0,0.0,0
qwen_instruct,h1_dinc,79,random,BaAs,MP,0.0,0.05724166666666665,0.028624999999999998,-0.037458333333333316,0.017775,0.0,0.0,0
qwen_instruct,h1_dinc,79,random,BaBa,CO2,0.0,0.04551666666666666,0.023749999999999993,-0.03144999999999998,0.015749999999999986,0.0,0.0,1
qwen_instruct,h1_dinc,79,random,BaCh,CO2,0.0,0.054875000000000014,0.026975000000000006,-0.030924999999999987,0.017550000000000003,0.0,0.0,1
qwen_instruct,h1_dinc,79,random,BaCm,OD1,0.0,0.026124999999999975,0.014,-0.008858333333333312,0.0076749999999999995,0.0,0.0,1
qwen_instruct,h1_dinc,79,random,BaCo,MP,0.0,0.03203333333333335,0.016650000000000005,-0.02213333333333335,0.012000000000000005,0.0,0.0,1
qwen_instruct,h1_dinc,79,random,BaDl,OD1,0.0,0.03942499999999999,0.02447499999999999,-0.02650833333333328,0.019824999999999975,-0.08333333333333334,0.25,1
qwen_instruct,h1_dinc,79,random,BaHa,OD2,-0.0,0.03785833333333333,0.023525,0.016841666666666692,0.011275000000000007,0.0,0.0,1
qwen_instruct,h1_dinc,79,random,BaHr,CO1,0.0,0.031216666666666643,0.014099999999999984,-0.021449999999999973,0.010699999999999998,0.0,0.0,1
qwen_instruct,h1_dinc,79,random,BaNc,OD2,-0.0,0.04510000000000001,0.02130000000000001,0.0039833333333333856,0.007699999999999985,0.0,0.0,0
qwen_instruct,h1_dinc,79,random,BaPc,OD2,-0.0,0.04216666666666665,0.023349999999999985,0.028099999999999993,0.017075000000000007,0.0,0.0,1
qwen_instruct,h1_dinc,79,random,BaPd,OD1,0.0,0.05157500000000001,0.026075000000000004,-0.018658333333333336,0.01500000000000001,0.0,0.0,1
qwen_instruct,h1_dinc,79,random,BaSh,MP,0.0,0.034141666666666654,0.015825,-0.0023583333333333195,0.008125000000000007,0.0,0.0,0
qwen_instruct,h1_dinc,79,random,ChAs,MP,0.0,0.04165833333333334,0.020975000000000008,-0.013641666666666734,0.009925000000000008,0.0,0.0,1
qwen_instruct,h1_dinc,79,random,ChBa,CO2,0.0,0.02831666666666664,0.012824999999999996,-0.02134999999999998,0.00977499999999998,0.0,0.0,1
qwen_instruct,h1_dinc,79,random,ChCh,CO2,0.0,0.03176666666666668,0.014200000000000004,-0.021650000000000034,0.010425000000000012,0.0,0.0,0
qwen_instruct,h1_dinc,79,random,ChCm,OD1,0.0,0.060208333333333315,0.029175000000000006,-0.0416083333333333,0.021249999999999977,-0.6666666666666667,0.25,1
qwen_instruct,h1_dinc,79,random,ChCo,MP,0.0,0.051425000000000026,0.02525000000000001,-0.03169166666666673,0.015250000000000015,0.0,0.0,1
qwen_instruct,h1_dinc,79,random,ChDl,OD1,0.0,0.030549999999999983,0.013125000000000008,-0.025366666666666652,0.011924999999999995,-0.5833333333333334,0.25,1
qwen_instruct,h1_dinc,79,random,ChHa,OD2,-0.0,0.04162500000000002,0.021150000000000016,-0.001191666666666648,0.012850000000000028,0.0,0.0,1
qwen_instruct,h1_dinc,79,random,ChHr,CO1,0.0,0.03592499999999999,0.018400000000000007,-0.031191666666666656,0.016800000000000006,0.0,0.0,1
qwen_instruct,h1_dinc,79,random,CmAs,OD1,2.0,0.012574999999999956,0.006924999999999991,0.006174999999999968,0.003824999999999995,0.0,0.0,1
qwen_instruct,h1_dinc,79,random,CmCm,DD,2.0,0.0054749999999999755,0.0021499999999999935,0.005191666666666659,0.0020499999999999963,0.0,0.0,1
qwen_instruct,h1_dinc,79,random,CmDl,DD,2.0,0.005325000000000017,0.0031000000000000194,0.004291666666666666,0.0026499999999999857,0.0,0.0,1
qwen_instruct,h1_dinc,79,random,CmHa,DD,2.0,0.00517499999999999,0.0031749999999999964,0.0033916666666666353,0.001999999999999974,0.0,0.0,1
qwen_instruct,h1_dinc,79,random,CmNc,DD,2.0,0.006991666666666621,0.003424999999999978,0.005591666666666614,0.0026499999999999857,0.0,0.0,1
qwen_instruct,h1_dinc,79,random,CoAs,CO2,1.0,0.05364999999999998,0.025175000000000003,0.041283333333333325,0.019674999999999998,0.5833333333333334,0.25,1
qwen_instruct,h1_dinc,79,random,CoCo,CO1,1.0,0.05486666666666665,0.026750000000000003,0.0474833333333333,0.02447500000000001,0.5833333333333333,0.25,1
qwen_instruct,h1_dinc,79,random,CoSh,CO2,1.0,0.046541666666666676,0.02127500000000002,0.04137500000000004,0.01892500000000001,0.6666666666666667,0.25,1
qwen_instruct,h1_dinc,79,random,HaAs,OD2,2.0,0.012875000000000062,0.005700000000000035,0.01185833333333334,0.005299999999999999,0.0,0.0,1
qwen_instruct,h1_dinc,79,random,HaBa,OD2,2.0,0.015274999999999934,0.006974999999999963,0.003324999999999959,0.003475000000000006,0.0,0.0,1
qwen_instruct,h1_dinc,79,random,HaCm,DD,2.0,0.025841666666666648,0.012674999999999994,-0.006875000000000076,0.009075000000000027,0.0,0.0,1
qwen_instruct,h1_dinc,79,random,HaDl,DD,2.0,0.00997500000000004,0.005975000000000024,0.007708333333333407,0.00467500000000004,0.0,0.0,1
qwen_instruct,h1_dinc,79,random,HaHa,DD,2.0,0.010000000000000009,0.005450000000000007,0.008983333333333333,0.005125000000000018,0.0,0.0,1
qwen_instruct,h1_dinc,79,random,HaNc,DD,2.0,0.004075,0.0023000000000000017,0.00012499999999996818,0.0016499999999999848,0.0,0.0,1
qwen_instruct,h1_dinc,79,random,HaPc,DD,2.0,0.016258333333333378,0.00945000000000001,0.013375000000000045,0.008050000000000002,0.0,0.0,1
qwen_instruct,h1_dinc,79,random,HrAs,MP,1.0,0.0340833333333333,0.013824999999999978,0.025833333333333323,0.011425000000000018,0.0,0.0,1
qwen_instruct,h1_dinc,79,random,HrBa,CO1,1.0,0.027491666666666643,0.013299999999999985,0.022224999999999995,0.011149999999999993,0.0,0.0,1
qwen_instruct,h1_dinc,79,random,HrCh,CO1,1.0,0.021433333333333283,0.010474999999999977,0.018666666666666616,0.009074999999999972,0.0,0.0,1
qwen_instruct,h1_dinc,79,random,HrHr,CO2,1.0,0.024316666666666664,0.012149999999999994,0.01136666666666665,0.00714999999999999,0.0,0.0,1
qwen_instruct,h1_dinc,79,random,ShAs,CO1,0.0,0.04088333333333334,0.022075000000000004,-0.0018666666666666627,0.006574999999999985,0.0,0.0,0
qwen_instruct,h1_dinc,79,random,ShCo,CO2,0.0,0.04986666666666663,0.023824999999999985,0.028666666666666576,0.015374999999999951,0.0,0.0,0
qwen_instruct,h1_dinc,79,random,ShSh,CO1,0.0,0.03364999999999999,0.016550000000000002,0.014683333333333295,0.006549999999999993,0.0,0.0,0
qwen_instruct,h2_choice,65,main,AsAs,CO1,0.0,-0.8412749999999999,0.407425,0.07757500000000002,0.037425,0.4166666666666666,0.25,1
qwen_instruct,h2_choice,65,main,AsBa,MP,-0.0,-0.9597166666666664,0.46962499999999996,0.12361666666666658,0.05907499999999996,0.0,0.0,1
qwen_instruct,h2_choice,65,main,AsCh,MP,-0.0,-0.8870333333333332,0.42584999999999995,-0.13123333333333342,0.05922500000000003,0.4166666666666666,0.25,1
qwen_instruct,h2_choice,65,main,AsCm,OD1,-0.0,-0.8382833333333333,0.412675,-0.24376666666666666,0.15512499999999999,-0.9999999999999999,0.5,1
qwen_instruct,h2_choice,65,main,AsCo,CO2,0.0,-0.9160333333333334,0.44,0.034600000000000075,0.035675000000000026,0.0,0.0,1
qwen_instruct,h2_choice,65,main,AsDl,OD1,-0.0,-0.9662749999999999,0.46562499999999996,-0.2675083333333334,0.14912499999999998,-0.6666666666666667,0.25,1
qwen_instruct,h2_choice,65,main,AsHa,OD2,0.0,-0.7715916666666666,0.37702499999999994,-0.20192499999999997,0.09187499999999998,-0.4166666666666666,0.25,1
qwen_instruct,h2_choice,65,main,AsHr,MP,-0.0,-1.0612916666666665,0.5119,-0.07034166666666672,0.065525,-0.25,0.25,1
qwen_instruct,h2_choice,65,main,AsNc,OD2,0.0,-0.6210499999999999,0.306775,0.00911666666666672,0.018600000000000005,0.0,0.0,0
qwen_instruct,h2_choice,65,main,AsPc,OD2,0.0,-0.9482833333333331,0.4596,-0.2762666666666666,0.13977499999999998,-1.083333333333333,0.5,1
qwen_instruct,h2_choice,65,main,AsPd,OD1,-0.0,-1.0494499999999998,0.5061249999999999,0.0048833333333333125,0.02842499999999995,-0.16666666666666669,0.25,1
qwen_instruct,h2_choice,65,main,AsSh,CO1,0.0,-1.0151416666666664,0.488225,-0.033958333333333396,0.021800000000000014,-0.4166666666666666,0.25,1
qwen_instruct,h2_choice,65,main,BaAs,MP,0.0,-0.833525,0.40405,0.3201583333333333,0.15465,0.6666666666666667,0.25,1
qwen_instruct,h2_choice,65,main,BaBa,CO2,0.0,-0.7956499999999999,0.40249999999999997,0.34678333333333333,0.19005,1.0833333333333333,0.5,1
qwen_instruct,h2_choice,65,main,BaCh,CO2,0.0,-0.9559000000000001,0.4754,0.3814666666666667,0.1976,0.9999999999999999,0.5,1
qwen_instruct,h2_choice,65,main,BaCm,OD1,0.0,-0.5322749999999999,0.27047499999999997,0.22777500000000003,0.126125,0.41666666666666663,0.25,1
qwen_instruct,h2_choice,65,main,BaCo,MP,0.0,-0.7017083333333334,0.35315,0.34874166666666667,0.17160000000000003,0.41666666666666663,0.25,1
qwen_instruct,h2_choice,65,main,BaDl,OD1,0.0,-0.8701666666666666,0.424875,0.4750166666666667,0.223875,1.0833333333333333,0.5,1
qwen_instruct,h2_choice,65,main,BaHa,OD2,-0.0,-0.8398666666666667,0.41805000000000003,-0.36310000000000003,0.18180000000000002,-0.41666666666666663,0.25,1
qwen_instruct,h2_choice,65,main,BaHr,CO1,0.0,-0.5230916666666667,0.26670000000000005,0.21374166666666672,0.12632500000000002,0.5833333333333334,0.25,1
qwen_instruct,h2_choice,65,main,BaNc,OD2,-0.0,-0.6539833333333332,0.318725,-0.1491666666666667,0.06892500000000001,0.0,0.0,0
qwen_instruct,h2_choice,65,main,BaPc,OD2,-0.0,-0.8129916666666667,0.400225,-0.42277499999999996,0.21447499999999997,-0.8333333333333331,0.5,1
qwen_instruct,h2_choice,65,main,BaPd,OD1,0.0,-0.8083833333333332,0.40290000000000004,0.29333333333333333,0.1643,1.0833333333333333,0.5,1
qwen_instruct,h2_choice,65,main,BaSh,MP,0.0,-0.5938,0.2883,0.07174999999999997,0.03697499999999999,0.0,0.0,0
qwen_instruct,h2_choice,65,main,ChAs,MP,0.0,-0.7147916666666665,0.346275,0.20089166666666664,0.09932499999999998,0.4166666666666666,0.25,1
qwen_instruct,h2_choice,65,main,ChBa,CO2,0.0,-0.6322583333333334,0.32265,0.4583416666666666,0.23315000000000002,0.6666666666666667,0.25,1
qwen_instruct,h2_choice,65,main,ChCh,CO2,0.0,-0.6904833333333332,0.3325,0.4151,0.19405,0.0,0.0,0
qwen_instruct,h2_choice,65,main,ChCm,OD1,0.0,-0.72765,0.36525,0.38111666666666666,0.2062,1.0833333333333333,0.5,1
qwen_instruct,h2_choice,65,main,ChCo,MP,0.0,-0.7044999999999998,0.353,0.2543833333333333,0.157775,0.6666666666666667,0.25,1
qwen_instruct,h2_choice,65,main,ChDl,OD1,0.0,-0.6081916666666666,0.30735,0.4003916666666667,0.20930000000000004,1.0833333333333333,0.5,1
qwen_instruct,h2_choice,65,main,ChHa,OD2,-0.0,-0.671025,0.336325,-0.12544166666666673,0.10495000000000002,-0.5833333333333334,0.25,1
qwen_instruct,h2_choice,65,main,ChHr,CO1,0.0,-0.498375,0.259675,0.33804166666666663,0.176625,0.5833333333333334,0.25,1
qwen_instruct,h2_choice,65,main,CmAs,OD1,2.0,-0.29056666666666664,0.151175,-0.0632666666666667,0.05847499999999997,0.0,0.0,1
qwen_instruct,h2_choice,65,main,CmCm,DD,2.0,-0.126425,0.067425,-0.08262499999999996,0.046924999999999994,0.0,0.0,1
qwen_instruct,h2_choice,65,main,CmDl,DD,2.0,-0.1791666666666666,0.0948,-0.09313333333333328,0.057725,0.0,0.0,1
qwen_instruct,h2_choice,65,main,CmHa,DD,2.0,-0.15764999999999998,0.0806,-0.06823333333333334,0.04239999999999999,0.0,0.0,1
qwen_instruct,h2_choice,65,main,CmNc,DD,2.0,-0.12892499999999996,0.0676,-0.03502499999999999,0.031474999999999975,0.0,0.0,1
qwen_instruct,h2_choice,65,main,CoAs,CO2,1.0,-0.7159249999999998,0.35992500000000005,-0.41627500000000006,0.20677500000000004,-1.0833333333333333,0.5,1
qwen_instruct,h2_choice,65,main,CoCo,CO1,1.0,-0.7570666666666667,0.38605,-0.4227499999999999,0.22865,-1.0833333333333333,0.5,1
qwen_instruct,h2_choice,65,main,CoSh,CO2,1.0,-0.6910416666666667,0.35395,-0.445825,0.230875,-1.0833333333333333,0.5,1
qwen_instruct,h2_choice,65,main,HaAs,OD2,2.0,-0.2602416666666667,0.1392,-0.16227499999999997,0.09559999999999999,0.0,0.0,1
qwen_instruct,h2_choice,65,main,HaBa,OD2,2.0,-0.3377749999999999,0.17005,0.093925,0.07567500000000002,0.0,0.0,1
qwen_instruct,h2_choice,65,main,HaCm,DD,2.0,-0.5588333333333333,0.2842,0.019833333333333245,0.06952499999999998,0.0,0.0,1
qwen_instruct,h2_choice,65,main,HaDl,DD,2.0,-0.27705833333333324,0.145075,-0.03845833333333329,0.06109999999999996,0.0,0.0,1
qwen_instruct,h2_choice,65,main,HaHa,DD,2.0,-0.22608333333333333,0.11747500000000001,-0.10386666666666665,0.0665,0.0,0.0,1
qwen_instruct,h2_choice,65,main,HaNc,DD,2.0,-0.1436333333333333,0.07424999999999998,0.008083333333333364,0.02714999999999998,0.0,0.0,1
qwen_instruct,h2_choice,65,main,HaPc,DD,2.0,-0.3059416666666666,0.159225,-0.11790833333333331,0.08027499999999999,0.0,0.0,1
qwen_instruct,h2_choice,65,main,HrAs,MP,1.0,-0.6722666666666666,0.3427,-0.2838666666666666,0.171075,-0.6666666666666667,0.25,1
qwen_instruct,h2_choice,65,main,HrBa,CO1,1.0,-0.3802083333333333,0.196525,-0.11762499999999997,0.08787499999999998,0.0,0.0,1
qwen_instruct,h2_choice,65,main,HrCh,CO1,1.0,-0.3198166666666666,0.16582499999999997,-0.1924833333333333,0.104825,0.0,0.0,1
qwen_instruct,h2_choice,65,main,HrHr,CO2,1.0,-0.4522,0.23209999999999997,-0.047799999999999905,0.07544999999999996,0.0,0.0,1
qwen_instruct,h2_choice,65,main,ShAs,CO1,0.0,-0.7734333333333331,0.37082499999999996,0.14606666666666665,0.069375,0.4166666666666666,0.25,1
qwen_instruct,h2_choice,65,main,ShCo,CO2,0.0,-0.7980999999999999,0.391475,-0.0949333333333334,0.06365000000000001,0.0,0.0,0
qwen_instruct,h2_choice,65,main,ShSh,CO1,0.0,-0.7741333333333333,0.373675,-0.04543333333333332,0.022724999999999967,0.0,0.0,0
qwen_instruct,h2_choice,65,main_perp,AsAs,CO1,0.0,-0.8391416666666663,0.40787500000000004,0.07174166666666663,0.03372500000000002,0.4166666666666666,0.25,1
qwen_instruct,h2_choice,65,main_perp,AsBa,MP,-0.0,-0.9523666666666665,0.46235000000000004,0.13288333333333327,0.06129999999999999,0.0,0.0,1
qwen_instruct,h2_choice,65,main_perp,AsCh,MP,-0.0,-0.8235833333333333,0.39415,-0.13761666666666666,0.06337500000000001,0.0,0.0,0
qwen_instruct,h2_choice,65,main_perp,AsCm,OD1,-0.0,-0.8529916666666665,0.420475,-0.2539416666666666,0.15442499999999998,-0.9999999999999999,0.5,1
qwen_instruct,h2_choice,65,main_perp,AsCo,CO2,0.0,-0.9081499999999997,0.44237499999999996,0.021183333333333332,0.028374999999999994,0.0,0.0,1
qwen_instruct,h2_choice,65,main_perp,AsDl,OD1,-0.0,-0.9303499999999998,0.448925,-0.2757833333333332,0.14024999999999996,-0.6666666666666667,0.25,1
qwen_instruct,h2_choice,65,main_perp,AsHa,OD2,0.0,-0.7444833333333333,0.36285,-0.17094999999999994,0.08492500000000001,-0.4166666666666666,0.25,1
qwen_instruct,h2_choice,65,main_perp,AsHr,MP,-0.0,-1.0327166666666667,0.498275,-0.0764333333333333,0.06074999999999997,-0.25,0.25,1
qwen_instruct,h2_choice,65,main_perp,AsNc,OD2,0.0,-0.6076333333333332,0.29927499999999996,0.020450000000000003,0.030200000000000022,0.0,0.0,0
qwen_instruct,h2_choice,65,main_perp,AsPc,OD2,0.0,-0.95605,0.46275,-0.26668333333333333,0.1424,-1.083333333333333,0.5,1
qwen_instruct,h2_choice,65,main_perp,AsPd,OD1,-0.0,-1.0268583333333332,0.49502500000000005,-0.033608333333333296,0.03754999999999997,-0.16666666666666669,0.25,1
qwen_instruct,h2_choice,65,main_perp,AsSh,CO1,0.0,-0.9796083333333333,0.47250000000000003,-0.0011583333333333335,0.022399999999999993,0.0,0.0,1
qwen_instruct,h2_choice,65,main_perp,BaAs,MP,0.0,-0.7896749999999999,0.37887499999999996,0.3385416666666667,0.160375,0.6666666666666667,0.25,1
qwen_instruct,h2_choice,65,main_perp,BaBa,CO2,0.0,-0.7549833333333332,0.377375,0.34243333333333337,0.17387500000000003,1.0833333333333333,0.5,1
qwen_instruct,h2_choice,65,main_perp,BaCh,CO2,0.0,-0.9139583333333332,0.451425,0.41405833333333336,0.20667500000000003,0.9999999999999999,0.5,1
qwen_instruct,h2_choice,65,main_perp,BaCm,OD1,0.0,-0.5060000000000001,0.259525,0.2021,0.12270000000000003,0.41666666666666663,0.25,1
qwen_instruct,h2_choice,65,main_perp,BaCo,MP,0.0,-0.6691416666666664,0.337325,0.3356249999999999,0.16782499999999997,0.41666666666666663,0.25,1
qwen_instruct,h2_choice,65,main_perp,BaDl,OD1,0.0,-0.8601833333333332,0.4145,0.49565000000000003,0.23315,1.0833333333333333,0.5,1
qwen_instruct,h2_choice,65,main_perp,BaHa,OD2,-0.0,-0.7955499999999999,0.388575,-0.3398833333333333,0.17345,-0.41666666666666663,0.25,1
qwen_instruct,h2_choice,65,main_perp,BaHr,CO1,0.0,-0.49319999999999997,0.24680000000000002,0.21575000000000008,0.1281,0.5833333333333334,0.25,1
qwen_instruct,h2_choice,65,main_perp,BaNc,OD2,-0.0,-0.6325916666666666,0.30695,-0.16062499999999996,0.0784,0.0,0.0,0
qwen_instruct,h2_choice,65,main_perp,BaPc,OD2,-0.0,-0.78685,0.38980000000000004,-0.4070666666666667,0.2017,-0.8333333333333331,0.5,1
qwen_instruct,h2_choice,65,main_perp,BaPd,OD1,0.0,-0.7641666666666667,0.3809,0.27975,0.16655,1.0833333333333333,0.5,1
qwen_instruct,h2_choice,65,main_perp,BaSh,MP,0.0,-0.5548833333333333,0.271025,0.09001666666666663,0.05077499999999996,0.0,0.0,0
qwen_instruct,h2_choice,65,main_perp,ChAs,MP,0.0,-0.69865,0.33957499999999996,0.20946666666666666,0.10417499999999999,0.4166666666666666,0.25,1
qwen_instruct,h2_choice,65,main_perp,ChBa,CO2,0.0,-0.5811,0.296675,0.4383,0.225475,0.6666666666666667,0.25,1
qwen_instruct,h2_choice,65,main_perp,ChCh,CO2,0.0,-0.6725250000000002,0.32495,0.3960916666666665,0.18655,0.0,0.0,0
qwen_instruct,h2_choice,65,main_perp,ChCm,OD1,0.0,-0.6791583333333334,0.34455,0.37884166666666663,0.196575,1.0833333333333333,0.5,1
qwen_instruct,h2_choice,65,main_perp,ChCo,MP,0.0,-0.6738166666666666,0.33365,0.2594833333333333,0.149625,0.6666666666666667,0.25,1
qwen_instruct,h2_choice,65,main_perp,ChDl,OD1,0.0,-0.5840416666666667,0.299525,0.4061416666666666,0.210175,1.0833333333333333,0.5,1
qwen_instruct,h2_choice,65,main_perp,ChHa,OD2,-0.0,-0.6366666666666666,0.319075,-0.13566666666666674,0.10392500000000002,-0.5833333333333334,0.25,1
qwen_instruct,h2_choice,65,main_perp,ChHr,CO1,0.0,-0.4995583333333334,0.2569,0.3470916666666667,0.17925000000000002,0.5833333333333334,0.25,1
qwen_instruct,h2_choice,65,main_perp,CmAs,OD1,2.0,-0.27801666666666663,0.143575,-0.06721666666666665,0.054400000000000004,0.0,0.0,1
qwen_instruct,h2_choice,65,main_perp,CmCm,DD,2.0,-0.11653333333333335,0.059450000000000024,-0.07805,0.04125000000000001,0.0,0.0,1
qwen_instruct,h2_choice,65,main_perp,CmDl,DD,2.0,-0.17064166666666664,0.08975000000000001,-0.0982083333333333,0.05804999999999999,0.0,0.0,1
qwen_instruct,h2_choice,65,main_perp,CmHa,DD,2.0,-0.15034999999999998,0.077175,-0.07393333333333331,0.04244999999999999,0.0,0.0,1
qwen_instruct,h2_choice,65,main_perp,CmNc,DD,2.0,-0.123975,0.06535,-0.03582500000000002,0.03142500000000001,0.0,0.0,1
qwen_instruct,h2_choice,65,main_perp,CoAs,CO2,1.0,-0.6957249999999999,0.352825,-0.39997499999999997,0.20417500000000002,-0.9999999999999999,0.5,1
qwen_instruct,h2_choice,65,main_perp,CoCo,CO1,1.0,-0.7694666666666666,0.393,-0.45764999999999995,0.2342,-1.0833333333333333,0.5,1
qwen_instruct,h2_choice,65,main_perp,CoSh,CO2,1.0,-0.6639499999999999,0.339275,-0.4269333333333333,0.21412499999999998,-1.0833333333333333,0.5,1
qwen_instruct,h2_choice,65,main_perp,HaAs,OD2,2.0,-0.2547916666666667,0.134225,-0.16192499999999993,0.09355,0.0,0.0,1
qwen_instruct,h2_choice,65,main_perp,HaBa,OD2,2.0,-0.3176416666666666,0.15969999999999998,0.08289166666666675,0.06865000000000002,0.0,0.0,1
qwen_instruct,h2_choice,65,main_perp,HaCm,DD,2.0,-0.5370916666666666,0.270875,0.0209083333333333,0.063025,0.0,0.0,1
qwen_instruct,h2_choice,65,main_perp,HaDl,DD,2.0,-0.2857916666666666,0.14995000000000003,-0.03764166666666667,0.06337500000000001,0.0,0.0,1
qwen_instruct,h2_choice,65,main_perp,HaHa,DD,2.0,-0.2180583333333333,0.114225,-0.10010833333333334,0.0665,0.0,0.0,1
qwen_instruct,h2_choice,65,main_perp,HaNc,DD,2.0,-0.13401666666666662,0.06989999999999998,0.016000000000000066,0.027750000000000025,0.0,0.0,1
qwen_instruct,h2_choice,65,main_perp,HaPc,DD,2.0,-0.2945333333333333,0.154325,-0.10816666666666665,0.07432499999999997,0.0,0.0,1
qwen_instruct,h2_choice,65,main_perp,HrAs,MP,1.0,-0.6170833333333332,0.311025,-0.27091666666666664,0.1594,-0.6666666666666667,0.25,1
qwen_instruct,h2_choice,65,main_perp,HrBa,CO1,1.0,-0.3463,0.1794,-0.12474999999999997,0.08145,0.0,0.0,1
qwen_instruct,h2_choice,65,main_perp,HrCh,CO1,1.0,-0.3011083333333333,0.15622499999999997,-0.19070833333333326,0.09922499999999998,0.0,0.0,1
qwen_instruct,h2_choice,65,main_perp,HrHr,CO2,1.0,-0.4189333333333333,0.21275,-0.04685000000000003,0.06570000000000001,0.0,0.0,1
qwen_instruct,h2_choice,65,main_perp,ShAs,CO1,0.0,-0.7216499999999997,0.3499,0.12706666666666663,0.06015,0.4166666666666666,0.25,1
qwen_instruct,h2_choice,65,main_perp,ShCo,CO2,0.0,-0.7871333333333332,0.384625,-0.1068166666666666,0.06789999999999999,0.0,0.0,0
qwen_instruct,h2_choice,65,main_perp,ShSh,CO1,0.0,-0.7504416666666666,0.36022499999999996,-0.04229166666666661,0.025324999999999986,0.0,0.0,0
qwen_instruct,h2_choice,65,random,AsAs,CO1,0.0,-0.002266666666666667,0.009125000000000003,0.012383333333333304,0.00932500000000002,0.0,0.0,0
qwen_instruct,h2_choice,65,random,AsBa,MP,-0.0,0.05505833333333331,0.02869999999999999,0.00270833333333333,0.009374999999999967,0.0,0.0,0
qwen_instruct,h2_choice,65,random,AsCh,MP,-0.0,0.04933333333333332,0.02745,0.02800000000000006,0.01577500000000001,0.0,0.0,0
qwen_instruct,h2_choice,65,random,AsCm,OD1,-0.0,0.04986666666666669,0.028575,0.05638333333333329,0.030799999999999994,0.0,0.0,1
qwen_instruct,h2_choice,65,random,AsCo,CO2,0.0,0.027508333333333353,0.01700000000000001,-0.00019166666666665122,0.007424999999999994,0.0,0.0,0
qwen_instruct,h2_choice,65,random,AsDl,OD1,-0.0,0.027525000000000004,0.022874999999999996,0.021724999999999963,0.015825000000000006,0.0,0.0,0
qwen_instruct,h2_choice,65,random,AsHa,OD2,0.0,0.012266666666666669,0.009174999999999999,0.020933333333333304,0.011599999999999989,0.0,0.0,0
qwen_instruct,h2_choice,65,random,AsHr,MP,-0.0,0.041791666666666664,0.03455,0.018941666666666676,0.016475000000000017,0.2500000000000001,0.25,1
qwen_instruct,h2_choice,65,random,AsNc,OD2,0.0,0.008116666666666668,0.005925,-0.008333333333333281,0.00492499999999999,0.0,0.0,0
qwen_instruct,h2_choice,65,random,AsPc,OD2,0.0,0.009783333333333342,0.014549999999999997,0.023850000000000003,0.016525000000000005,0.0,0.0,0
qwen_instruct,h2_choice,65,random,AsPd,OD1,-0.0,0.04021666666666667,0.035050000000000005,-0.010883333333333288,0.012750000000000011,0.0,0.0,0
qwen_instruct,h2_choice,65,random,AsSh,CO1,0.0,0.016983333333333323,0.0143,0.022499999999999996,0.012949999999999996,0.0,0.0,0
qwen_instruct,h2_choice,65,random,BaAs,MP,0.0,-0.008525000000000008,0.010774999999999996,-0.0009749999999999951,0.006375000000000018,0.0,0.0,0
qwen_instruct,h2_choice,65,random,BaBa,CO2,0.0,0.03995833333333336,0.02227500000000001,-0.038841666666666684,0.023675000000000022,0.0,0.0,1
qwen_instruct,h2_choice,65,random,BaCh,CO2,0.0,0.04788333333333333,0.02335,-0.0625333333333333,0.03414999999999999,0.0,0.0,1
qwen_instruct,h2_choice,65,random,BaCm,OD1,0.0,0.04567499999999999,0.025200000000000014,-0.05534166666666666,0.030550000000000008,0.0,0.0,1
qwen_instruct,h2_choice,65,random,BaCo,MP,0.0,0.021341666666666658,0.011874999999999998,-0.026908333333333326,0.014175,0.0,0.0,1
qwen_instruct,h2_choice,65,random,BaDl,OD1,0.0,0.049358333333333324,0.027774999999999994,-0.05795833333333327,0.030824999999999964,-0.4166666666666666,0.25,1
qwen_instruct,h2_choice,65,random,BaHa,OD2,-0.0,0.022058333333333333,0.012624999999999997,0.027641666666666773,0.014150000000000051,0.0,0.0,1
qwen_instruct,h2_choice,65,random,BaHr,CO1,0.0,0.06535,0.03464999999999999,-0.06191666666666669,0.032999999999999995,0.0,0.0,1
qwen_instruct,h2_choice,65,random,BaNc,OD2,-0.0,-0.002449999999999999,0.009225000000000004,0.00038333333333337774,0.009950000000000014,0.0,0.0,0
qwen_instruct,h2_choice,65,random,BaPc,OD2,-0.0,-0.001016666666666634,0.00762500000000002,-0.0033499999999999463,0.008925000000000016,0.0,0.0,1
qwen_instruct,h2_choice,65,random,BaPd,OD1,0.0,0.03884999999999997,0.022675000000000018,-0.048033333333333275,0.02879999999999997,-0.33333333333333337,0.25,1
qwen_instruct,h2_choice,65,random,BaSh,MP,0.0,0.016616666666666655,0.01634999999999999,-0.01964999999999998,0.011824999999999994,0.0,0.0,0
qwen_instruct,h2_choice,65,random,ChAs,MP,0.0,0.043058333333333317,0.025025,-0.03249166666666669,0.018650000000000014,0.0,0.0,1
qwen_instruct,h2_choice,65,random,ChBa,CO2,0.0,0.06239999999999996,0.03194999999999998,-0.06404999999999997,0.032399999999999984,0.0,0.0,1
qwen_instruct,h2_choice,65,random,ChCh,CO2,0.0,0.021416666666666667,0.013024999999999998,-0.02238333333333333,0.01342499999999999,0.0,0.0,0
qwen_instruct,h2_choice,65,random,ChCm,OD1,0.0,0.058025000000000014,0.027950000000000003,-0.06299166666666667,0.03,-0.6666666666666667,0.25,1
qwen_instruct,h2_choice,65,random,ChCo,MP,0.0,0.05090833333333339,0.02842500000000002,-0.03812500000000006,0.019425000000000033,0.0,0.0,1
qwen_instruct,h2_choice,65,random,ChDl,OD1,0.0,0.03950833333333338,0.022925000000000022,-0.04302500000000005,0.025025000000000026,-0.41666666666666674,0.25,1
qwen_instruct,h2_choice,65,random,ChHa,OD2,-0.0,0.026466666666666677,0.020750000000000008,0.03296666666666668,0.016600000000000004,0.0,0.0,1
qwen_instruct,h2_choice,65,random,ChHr,CO1,0.0,0.02967500000000003,0.01650000000000003,-0.035758333333333364,0.01925000000000003,0.0,0.0,1
qwen_instruct,h2_choice,65,random,CmAs,OD1,2.0,0.03983333333333333,0.02135,0.04170000000000004,0.022450000000000025,0.0,0.0,1
qwen_instruct,h2_choice,65,random,CmCm,DD,2.0,0.01266666666666667,0.0056000000000000025,0.012650000000000002,0.005500000000000005,0.0,0.0,1
qwen_instruct,h2_choice,65,random,CmDl,DD,2.0,0.02122500000000002,0.009875000000000009,0.021441666666666668,0.010124999999999995,0.0,0.0,1
qwen_instruct,h2_choice,65,random,CmHa,DD,2.0,0.023791666666666662,0.011949999999999997,0.02470833333333327,0.012299999999999978,0.0,0.0,1
qwen_instruct,h2_choice,65,random,CmNc,DD,2.0,0.011533333333333375,0.005325000000000033,0.013333333333333407,0.006175000000000042,0.0,0.0,1
qwen_instruct,h2_choice,65,random,CoAs,CO2,1.0,0.07041666666666666,0.0373,0.07559999999999997,0.040150000000000005,0.41666666666666674,0.5,1
qwen_instruct,h2_choice,65,random,CoCo,CO1,1.0,0.06178333333333329,0.03237499999999997,0.06284999999999995,0.03292499999999997,0.6666666666666667,0.25,1
qwen_instruct,h2_choice,65,random,CoSh,CO2,1.0,0.07014999999999999,0.03672500000000001,0.07098333333333333,0.03672500000000001,0.6666666666666667,0.25,1
qwen_instruct,h2_choice,65,random,HaAs,OD2,2.0,0.026508333333333366,0.012650000000000022,0.027041666666666693,0.012650000000000022,0.0,0.0,1
qwen_instruct,h2_choice,65,random,HaBa,OD2,2.0,0.0281583333333333,0.015574999999999988,0.03172499999999991,0.016399999999999942,0.0,0.0,1
qwen_instruct,h2_choice,65,random,HaCm,DD,2.0,0.06134166666666664,0.031900000000000005,0.065675,0.03155000000000002,0.0,0.0,1
qwen_instruct,h2_choice,65,random,HaDl,DD,2.0,0.02390833333333335,0.011375000000000012,0.02387500000000001,0.011275000000000007,0.0,0.0,1
qwen_instruct,h2_choice,65,random,HaHa,DD,2.0,0.025491666666666656,0.01287499999999998,0.02704166666666668,0.013674999999999993,0.0,0.0,1
qwen_instruct,h2_choice,65,random,HaNc,DD,2.0,0.006641666666666695,0.0036250000000000154,0.011491666666666688,0.005675000000000013,0.0,0.0,1
qwen_instruct,h2_choice,65,random,HaPc,DD,2.0,0.03800833333333334,0.018975000000000013,0.041008333333333376,0.020625000000000032,0.0,0.0,1
qwen_instruct,h2_choice,65,random,HrAs,MP,1.0,0.06005833333333333,0.03345000000000001,0.06515833333333333,0.03295000000000001,0.0,0.0,1
qwen_instruct,h2_choice,65,random,HrBa,CO1,1.0,0.04969999999999996,0.02309999999999998,0.05076666666666663,0.023399999999999976,0.0,0.0,1
qwen_instruct,h2_choice,65,random,HrCh,CO1,1.0,0.029766666666666698,0.013550000000000027,0.03353333333333334,0.015200000000000019,0.0,0.0,1
qwen_instruct,h2_choice,65,random,HrHr,CO2,1.0,0.05656666666666669,0.026075000000000008,0.06705000000000001,0.031725,0.0,0.0,1
qwen_instruct,h2_choice,65,random,ShAs,CO1,0.0,-0.009816666666666665,0.009349999999999997,0.0017500000000000046,0.011450000000000007,0.0,0.0,0
qwen_instruct,h2_choice,65,random,ShCo,CO2,0.0,-0.0072416666666666775,0.010349999999999995,-0.002958333333333332,0.009474999999999994,0.0,0.0,0
qwen_instruct,h2_choice,65,random,ShSh,CO1,0.0,-0.025383333333333348,0.011600000000000003,-0.019333333333333303,0.012424999999999999,0.0,0.0,0
qwen_instruct,h2_choice,79,main,AsAs,CO1,0.0,-0.8591999999999997,0.438175,0.0884833333333333,0.04087499999999999,0.5555555555555555,0.3333333333333333,1
qwen_instruct,h2_choice,79,main,AsBa,MP,-0.0,-1.064958333333333,0.5264499999999999,0.10365833333333327,0.05134999999999998,0.0,0.0,1
qwen_instruct,h2_choice,79,main,AsCh,MP,-0.0,-1.0306499999999998,0.5078,-0.19273333333333334,0.09405,0.4166666666666666,0.25,1
qwen_instruct,h2_choice,79,main,AsCm,OD1,-0.0,-0.9808583333333332,0.48445000000000005,-0.5339916666666668,0.25170000000000003,-1.1666666666666665,0.5,1
qwen_instruct,h2_choice,79,main,AsCo,CO2,0.0,-1.2319666666666664,0.6065499999999999,-0.06405000000000002,0.03299999999999999,-0.4166666666666666,0.25,1
qwen_instruct,h2_choice,79,main,AsDl,OD1,-0.0,-0.9908833333333331,0.490675,-0.4355833333333333,0.20557499999999998,-1.083333333333333,0.5,1
qwen_instruct,h2_choice,79,main,AsHa,OD2,0.0,-0.8184166666666667,0.414625,-0.2869,0.135525,-0.4166666666666666,0.25,1
qwen_instruct,h2_choice,79,main,AsHr,MP,-0.0,-1.1539,0.5705749999999999,-0.13208333333333336,0.07045000000000001,-0.6666666666666667,0.25,1
qwen_instruct,h2_choice,79,main,AsNc,OD2,0.0,-0.6699166666666664,0.3456,-0.08504999999999992,0.039899999999999984,-0.4166666666666666,0.25,1
qwen_instruct,h2_choice,79,main,AsPc,OD2,0.0,-1.0604083333333334,0.5251250000000001,-0.4247583333333333,0.193975,-1.083333333333333,0.5,1
qwen_instruct,h2_choice,79,main,AsPd,OD1,-0.0,-1.2753999999999996,0.6287750000000001,0.11296666666666669,0.051025000000000015,0.4166666666666666,0.25,1
qwen_instruct,h2_choice,79,main,AsSh,CO1,0.0,-1.0584416666666663,0.5339,-0.10452500000000003,0.0534,-0.4166666666666666,0.25,1
qwen_instruct,h2_choice,79,main,BaAs,MP,0.0,-0.9640416666666665,0.48572499999999996,0.33469166666666667,0.15487499999999998,1.083333333333333,0.5,1
qwen_instruct,h2_choice,79,main,BaBa,CO2,0.0,-0.9433083333333334,0.46837500000000004,0.43879166666666664,0.22052499999999997,1.0833333333333333,0.5,1
qwen_instruct,h2_choice,79,main,BaCh,CO2,0.0,-1.1171666666666664,0.552825,0.40791666666666665,0.210875,1.1666666666666665,0.5,1
qwen_instruct,h2_choice,79,main,BaCm,OD1,0.0,-0.7822666666666664,0.39664999999999995,0.38611666666666666,0.22142499999999998,0.8333333333333333,0.5,1
qwen_instruct,h2_choice,79,main,BaCo,MP,0.0,-0.8263916666666666,0.41507499999999997,0.46329166666666655,0.225575,0.8333333333333331,0.5,1
qwen_instruct,h2_choice,79,main,BaDl,OD1,0.0,-0.9539999999999998,0.47214999999999996,0.5308166666666667,0.248,1.0833333333333333,0.5,1
qwen_instruct,h2_choice,79,main,BaHa,OD2,-0.0,-0.9718166666666667,0.48767499999999997,-0.41224999999999995,0.194775,-0.9999999999999999,0.5,1
qwen_instruct,h2_choice,79,main,BaHr,CO1,0.0,-0.7404333333333334,0.3715,0.40240000000000004,0.21087500000000003,0.6666666666666667,0.25,1
qwen_instruct,h2_choice,79,main,BaNc,OD2,-0.0,-0.9047666666666665,0.45814999999999995,-0.17198333333333335,0.08510000000000001,-0.4166666666666666,0.25,1
qwen_instruct,h2_choice,79,main,BaPc,OD2,-0.0,-0.926275,0.46,-0.49345833333333333,0.2304,-0.8333333333333331,0.5,1
qwen_instruct,h2_choice,79,main,BaPd,OD1,0.0,-1.0232916666666665,0.508975,0.378875,0.2107,1.0833333333333333,0.5,1
qwen_instruct,h2_choice,79,main,BaSh,MP,0.0,-0.7880499999999998,0.40215,0.1111,0.049250000000000016,0.4166666666666666,0.25,1
qwen_instruct,h2_choice,79,main,ChAs,MP,0.0,-1.018333333333333,0.506725,0.27481666666666665,0.158825,0.8333333333333331,0.5,1
qwen_instruct,h2_choice,79,main,ChBa,CO2,0.0,-0.7237666666666667,0.362225,0.5384999999999999,0.26337499999999997,1.0833333333333333,0.5,1
qwen_instruct,h2_choice,79,main,ChCh,CO2,0.0,-0.7628583333333331,0.387725,0.4180749999999999,0.20367499999999997,0.4166666666666666,0.25,1
qwen_instruct,h2_choice,79,main,ChCm,OD1,0.0,-0.8927499999999999,0.442025,0.49679999999999996,0.24049999999999996,1.0833333333333333,0.5,1
qwen_instruct,h2_choice,79,main,ChCo,MP,0.0,-0.8694999999999998,0.434575,0.3238,0.1818,0.6666666666666667,0.25,1
qwen_instruct,h2_choice,79,main,ChDl,OD1,0.0,-0.7526666666666666,0.3713,0.5675,0.27249999999999996,1.0833333333333333,0.5,1
qwen_instruct,h2_choice,79,main,ChHa,OD2,-0.0,-0.8843749999999998,0.44609999999999994,-0.05939166666666671,0.12229999999999999,-0.5833333333333334,0.25,1
qwen_instruct,h2_choice,79,main,ChHr,CO1,0.0,-0.6977749999999998,0.34887499999999994,0.5328583333333332,0.261075,0.6666666666666667,0.25,1
qwen_instruct,h2_choice,79,main,CmAs,OD1,2.0,-0.4123499999999999,0.21242499999999997,-0.26043333333333335,0.142725,-0.41666666666666663,0.25,1
qwen_instruct,h2_choice,79,main,CmCm,DD,2.0,-0.19205833333333328,0.10074999999999996,-0.18275833333333327,0.09579999999999997,0.0,0.0,1
qwen_instruct,h2_choice,79,main,CmDl,DD,2.0,-0.24144999999999994,0.12635,-0.2116333333333332,0.11034999999999995,0.0,0.0,1
qwen_instruct,h2_choice,79,main,CmHa,DD,2.0,-0.23684999999999995,0.12405,-0.1724166666666666,0.09389999999999998,0.0,0.0,1
qwen_instruct,h2_choice,79,main,CmNc,DD,2.0,-0.16145000000000004,0.08615000000000003,-0.1094166666666667,0.06437500000000002,0.0,0.0,1
qwen_instruct,h2_choice,79,main,CoAs,CO2,1.0,-0.8602166666666666,0.422175,-0.5698666666666666,0.26787500000000003,-1.0833333333333333,0.5,1
qwen_instruct,h2_choice,79,main,CoCo,CO1,1.0,-0.8548416666666665,0.420575,-0.5716749999999999,0.27107499999999995,-1.0833333333333333,0.5,1
qwen_instruct,h2_choice,79,main,CoSh,CO2,1.0,-0.7603666666666666,0.37327499999999997,-0.6310999999999999,0.30522499999999997,-1.0833333333333333,0.5,1
qwen_instruct,h2_choice,79,main,HaAs,OD2,2.0,-0.27519166666666667,0.141725,-0.2506249999999999,0.12867499999999996,0.0,0.0,1
qwen_instruct,h2_choice,79,main,HaBa,OD2,2.0,-0.41363333333333335,0.21665,-0.008916666666666632,0.07599999999999998,0.0,0.0,1
qwen_instruct,h2_choice,79,main,HaCm,DD,2.0,-0.7593249999999998,0.38525,-0.16345833333333332,0.1498,-0.41666666666666663,0.25,1
qwen_instruct,h2_choice,79,main,HaDl,DD,2.0,-0.2978833333333333,0.155675,-0.17404999999999993,0.10612499999999997,0.0,0.0,1
qwen_instruct,h2_choice,79,main,HaHa,DD,2.0,-0.25237499999999996,0.1301,-0.20429166666666665,0.10652499999999998,0.0,0.0,1
qwen_instruct,h2_choice,79,main,HaNc,DD,2.0,-0.18142499999999995,0.09652499999999999,-0.0736083333333333,0.05647499999999997,0.0,0.0,1
qwen_instruct,h2_choice,79,main,HaPc,DD,2.0,-0.357575,0.18270000000000003,-0.269525,0.14122499999999996,-0.41666666666666663,0.25,1
qwen_instruct,h2_choice,79,main,HrAs,MP,1.0,-0.8340499999999998,0.41507499999999997,-0.4561166666666666,0.227975,-1.0833333333333333,0.5,1
qwen_instruct,h2_choice,79,main,HrBa,CO1,1.0,-0.5167916666666665,0.262,-0.30259166666666665,0.16555,-0.41666666666666663,0.25,1
qwen_instruct,h2_choice,79,main,HrCh,CO1,1.0,-0.4281,0.21897499999999998,-0.34475,0.17477499999999999,-0.41666666666666663,0.25,1
qwen_instruct,h2_choice,79,main,HrHr,CO2,1.0,-0.6220416666666667,0.31484999999999996,-0.2857416666666667,0.17347500000000002,-0.41666666666666663,0.25,1
qwen_instruct,h2_choice,79,main,ShAs,CO1,0.0,-0.7971583333333333,0.404625,0.03315833333333337,0.01697499999999999,0.0,0.0,1
qwen_instruct,h2_choice,79,main,ShCo,CO2,0.0,-0.892208333333333,0.44904999999999995,-0.30114166666666664,0.14679999999999999,0.0,0.0,0
qwen_instruct,h2_choice,79,main,ShSh,CO1,0.0,-0.8448416666666666,0.43055000000000004,-0.09209166666666674,0.047300000000000036,0.0,0.0,1
qwen_instruct,h2_choice,79,main_perp,AsAs,CO1,0.0,0.01596666666666667,0.010175000000000002,-0.007283333333333369,0.005600000000000018,0.0,0.0,0
qwen_instruct,h2_choice,79,main_perp,AsBa,MP,-0.0,-0.00034166666666668433,0.010475000000000003,-0.0002416666666666668,0.007050000000000001,0.0,0.0,0
qwen_instruct,h2_choice,79,main_perp,AsCh,MP,-0.0,0.04214166666666665,0.019874999999999993,-0.006241666666666701,0.009499999999999925,0.0,0.0,0
qwen_instruct,h2_choice,79,main_perp,AsCm,OD1,-0.0,0.004841666666666699,0.017350000000000004,-0.004991666666666663,0.016749999999999987,0.0,0.0,1
qwen_instruct,h2_choice,79,main_perp,AsCo,CO2,0.0,-0.0012916666666666539,0.010249999999999995,0.0004916666666667343,0.017174999999999996,0.0,0.0,0
qwen_instruct,h2_choice,79,main_perp,AsDl,OD1,-0.0,0.015291666666666665,0.015150000000000007,0.003258333333333289,0.010200000000000015,0.0,0.0,0
qwen_instruct,h2_choice,79,main_perp,AsHa,OD2,0.0,0.017558333333333336,0.011374999999999996,0.009241666666666684,0.009299999999999982,0.0,0.0,0
qwen_instruct,h2_choice,79,main_perp,AsHr,MP,-0.0,-0.006200000000000006,0.015950000000000006,-0.004316666666666673,0.007824999999999999,-0.16666666666666669,0.25,1
qwen_instruct,h2_choice,79,main_perp,AsNc,OD2,0.0,0.014099999999999994,0.007874999999999997,0.00470000000000001,0.005100000000000004,0.0,0.0,0
qwen_instruct,h2_choice,79,main_perp,AsPc,OD2,0.0,-0.0003833333333333127,0.005825000000000001,-0.0006833333333332993,0.0059999999999999845,0.0,0.0,0
qwen_instruct,h2_choice,79,main_perp,AsPd,OD1,-0.0,0.00815,0.005099999999999997,-0.009083333333333297,0.005499999999999977,0.0,0.0,0
qwen_instruct,h2_choice,79,main_perp,AsSh,CO1,0.0,0.015458333333333343,0.015900000000000004,-0.007558333333333356,0.009274999999999992,0.0,0.0,0
qwen_instruct,h2_choice,79,main_perp,BaAs,MP,0.0,0.013991666666666671,0.013700000000000004,-0.006458333333333331,0.008799999999999981,0.0,0.0,0
qwen_instruct,h2_choice,79,main_perp,BaBa,CO2,0.0,0.005408333333333311,0.005674999999999987,0.005258333333333371,0.0058250000000000125,0.0,0.0,1
qwen_instruct,h2_choice,79,main_perp,BaCh,CO2,0.0,0.004816666666666661,0.0028249999999999907,0.0038499999999999893,0.0026750000000000246,0.0,0.0,1
qwen_instruct,h2_choice,79,main_perp,BaCm,OD1,0.0,0.0007916666666666343,0.0011999999999999884,2.5000000000033744e-05,0.0007750000000000274,0.0,0.0,1
qwen_instruct,h2_choice,79,main_perp,BaCo,MP,0.0,0.00019999999999997044,0.009125000000000005,0.004333333333333378,0.011825000000000013,0.0,0.0,1
qwen_instruct,h2_choice,79,main_perp,BaDl,OD1,0.0,0.011699999999999986,0.012724999999999997,-0.0069833333333332885,0.015574999999999995,0.0,0.0,1
qwen_instruct,h2_choice,79,main_perp,BaHa,OD2,-0.0,-0.0024250000000000057,0.0031500000000000052,0.003925000000000006,0.0035499999999999976,0.0,0.0,1
qwen_instruct,h2_choice,79,main_perp,BaHr,CO1,0.0,-0.008816666666666622,0.009324999999999972,0.014549999999999948,0.009324999999999972,0.0,0.0,1
qwen_instruct,h2_choice,79,main_perp,BaNc,OD2,-0.0,0.0077250000000000105,0.007599999999999993,0.007075000000000018,0.009450000000000014,0.0,0.0,0
qwen_instruct,h2_choice,79,main_perp,BaPc,OD2,-0.0,0.004766666666666676,0.008249999999999987,-0.001566666666666632,0.007349999999999995,0.0,0.0,1
qwen_instruct,h2_choice,79,main_perp,BaPd,OD1,0.0,-0.01734999999999999,0.012549999999999997,0.020483333333333343,0.013925000000000005,0.0,0.0,1
qwen_instruct,h2_choice,79,main_perp,BaSh,MP,0.0,0.016325,0.008224999999999998,-0.00665833333333331,0.007899999999999983,0.0,0.0,0
qwen_instruct,h2_choice,79,main_perp,ChAs,MP,0.0,0.0032000000000000314,0.0077500000000000225,0.002666666666666583,0.007574999999999967,0.0,0.0,1
qwen_instruct,h2_choice,79,main_perp,ChBa,CO2,0.0,-0.005408333333333328,0.010750000000000006,0.01064166666666666,0.01127499999999999,0.0,0.0,1
qwen_instruct,h2_choice,79,main_perp,ChCh,CO2,0.0,0.01613333333333333,0.010700000000000001,-0.00858333333333336,0.007574999999999997,0.0,0.0,0
qwen_instruct,h2_choice,79,main_perp,ChCm,OD1,0.0,0.003524999999999973,0.012374999999999997,-0.0036583333333333064,0.012374999999999997,-0.08333333333333334,0.25,1
qwen_instruct,h2_choice,79,main_perp,ChCo,MP,0.0,-0.015224999999999997,0.009999999999999992,0.016041666666666697,0.01092500000000001,0.0,0.0,1
qwen_instruct,h2_choice,79,main_perp,ChDl,OD1,0.0,0.0031749999999999778,0.012724999999999998,-0.001958333333333313,0.010975,-0.25,0.25,1
qwen_instruct,h2_choice,79,main_perp,ChHa,OD2,-0.0,0.005475000000000005,0.005475000000000004,-0.004291666666666658,0.005524999999999974,0.0,0.0,1
qwen_instruct,h2_choice,79,main_perp,ChHr,CO1,0.0,-0.0022916666666666385,0.010450000000000018,0.005591666666666634,0.011399999999999997,0.0,0.0,1
qwen_instruct,h2_choice,79,main_perp,CmAs,OD1,2.0,-0.004333333333333297,0.004774999999999974,-0.006416666666666626,0.004774999999999974,0.0,0.0,1
qwen_instruct,h2_choice,79,main_perp,CmCm,DD,2.0,-0.000566666666666646,0.00027499999999999747,-0.0006499999999999746,0.0002999999999999947,0.0,0.0,1
qwen_instruct,h2_choice,79,main_perp,CmDl,DD,2.0,0.0003416666666666537,0.0002250000000000167,-0.00010833333333336762,0.000250000000000028,0.0,0.0,1
qwen_instruct,h2_choice,79,main_perp,CmHa,DD,2.0,-0.000841666666666672,0.002074999999999988,-0.0025916666666666774,0.002625000000000016,0.0,0.0,1
qwen_instruct,h2_choice,79,main_perp,CmNc,DD,2.0,-0.0025249999999999873,0.0013999999999999818,-0.0035749999999999944,0.0017749999999999988,0.0,0.0,1
qwen_instruct,h2_choice,79,main_perp,CoAs,CO2,1.0,-0.002774999999999995,0.01257500000000001,-0.008424999999999986,0.014249999999999985,-0.08333333333333334,0.25,1
qwen_instruct,h2_choice,79,main_perp,CoCo,CO1,1.0,0.0008166666666666391,0.007949999999999985,-0.0008166666666666987,0.009374999999999994,0.3333333333333332,0.25,1
qwen_instruct,h2_choice,79,main_perp,CoSh,CO2,1.0,-0.018566666666666638,0.012150000000000013,-0.022099999999999977,0.01294999999999999,-0.4166666666666666,0.25,1
qwen_instruct,h2_choice,79,main_perp,HaAs,OD2,2.0,0.0006916666666666838,0.0008500000000000144,-0.0004750000000000199,0.0007500000000000284,0.0,0.0,1
qwen_instruct,h2_choice,79,main_perp,HaBa,OD2,2.0,0.0023833333333333558,0.0038250000000000046,-0.001266666666666654,0.002349999999999991,0.0,0.0,1
qwen_instruct,h2_choice,79,main_perp,HaCm,DD,2.0,0.0023916666666666726,0.006375000000000006,-0.007025000000000023,0.009700000000000014,0.0,0.0,1
qwen_instruct,h2_choice,79,main_perp,HaDl,DD,2.0,-0.003341666666666702,0.002725000000000024,-0.004425000000000012,0.0024250000000000105,0.0,0.0,1
qwen_instruct,h2_choice,79,main_perp,HaHa,DD,2.0,0.0004333333333333197,0.002624999999999986,-0.0003500000000000169,0.0029000000000000137,0.0,0.0,1
qwen_instruct,h2_choice,79,main_perp,HaNc,DD,2.0,-0.0019666666666666543,0.0018249999999999896,-0.0036333333333333573,0.002050000000000024,0.0,0.0,1
qwen_instruct,h2_choice,79,main_perp,HaPc,DD,2.0,-0.007658333333333341,0.004050000000000021,-0.009858333333333339,0.004650000000000015,0.0,0.0,1
qwen_instruct,h2_choice,79,main_perp,HrAs,MP,1.0,-0.006716666666666656,0.011175000000000004,-0.008599999999999967,0.011425000000000018,0.0,0.0,1
qwen_instruct,h2_choice,79,main_perp,HrBa,CO1,1.0,0.003966666666666671,0.0064499999999999905,-0.0005499999999999855,0.005424999999999985,0.0,0.0,1
qwen_instruct,h2_choice,79,main_perp,HrCh,CO1,1.0,0.002083333333333318,0.004549999999999985,0.0008333333333332941,0.004149999999999987,0.0,0.0,1
qwen_instruct,h2_choice,79,main_perp,HrHr,CO2,1.0,0.002816666666666725,0.007600000000000015,-0.004183333333333298,0.007249999999999979,0.0,0.0,1
qwen_instruct,h2_choice,79,main_perp,ShAs,CO1,0.0,0.011825000000000007,0.005025000000000003,0.01262500000000002,0.005300000000000008,0.0,0.0,0
qwen_instruct,h2_choice,79,main_perp,ShCo,CO2,0.0,-0.0033916666666666743,0.009875000000000005,0.006858333333333308,0.012125,0.0,0.0,0
qwen_instruct,h2_choice,79,main_perp,ShSh,CO1,0.0,0.008366666666666647,0.007800000000000001,0.0060000000000000105,0.00615000000000001,0.0,0.0,0
qwen_instruct,h2_choice,79,random,AsAs,CO1,0.0,0.04150000000000001,0.019175000000000005,-0.016750000000000036,0.009375000000000008,0.0,0.0,0
qwen_instruct,h2_choice,79,random,AsBa,MP,-0.0,0.04953333333333333,0.02935,0.004800000000000027,0.0070500000000000285,0.0,0.0,0
qwen_instruct,h2_choice,79,random,AsCh,MP,-0.0,0.03245000000000001,0.017150000000000006,0.0211333333333332,0.010424999999999962,0.0,0.0,0
qwen_instruct,h2_choice,79,random,AsCm,OD1,-0.0,0.05063333333333338,0.032725000000000025,0.035600000000000076,0.02762500000000001,0.0,0.0,1
qwen_instruct,h2_choice,79,random,AsCo,CO2,0.0,0.08365000000000002,0.04245000000000001,-0.01053333333333327,0.013774999999999961,0.0,0.0,0
qwen_instruct,h2_choice,79,random,AsDl,OD1,-0.0,0.045649999999999996,0.023375000000000003,0.02356666666666675,0.015675000000000022,0.0,0.0,0
qwen_instruct,h2_choice,79,random,AsHa,OD2,0.0,0.020291666666666677,0.01440000000000001,-0.0033416666666666,0.009224999999999983,0.0,0.0,0
qwen_instruct,h2_choice,79,random,AsHr,MP,-0.0,0.07529999999999999,0.03737499999999999,0.011050000000000022,0.015150000000000025,0.5833333333333334,0.25,1
qwen_instruct,h2_choice,79,random,AsNc,OD2,0.0,0.03616666666666666,0.018224999999999998,0.01113333333333334,0.006325,0.0,0.0,0
qwen_instruct,h2_choice,79,random,AsPc,OD2,0.0,0.07117500000000002,0.03395000000000001,0.041891666666666695,0.023925000000000016,0.0,0.0,0
qwen_instruct,h2_choice,79,random,AsPd,OD1,-0.0,0.09033333333333331,0.045250000000000005,-0.01564999999999997,0.01257500000000003,0.0,0.0,0
qwen_instruct,h2_choice,79,random,AsSh,CO1,0.0,0.05523333333333334,0.030375,0.0067833333333333365,0.015350000000000016,0.0,0.0,0
qwen_instruct,h2_choice,79,random,BaAs,MP,0.0,0.05724166666666665,0.028624999999999998,-0.037458333333333316,0.017775,0.0,0.0,0
qwen_instruct,h2_choice,79,random,BaBa,CO2,0.0,0.04551666666666666,0.023749999999999993,-0.03144999999999998,0.015749999999999986,0.0,0.0,1
qwen_instruct,h2_choice,79,random,BaCh,CO2,0.0,0.054875000000000014,0.026975000000000006,-0.030924999999999987,0.017550000000000003,0.0,0.0,1
qwen_instruct,h2_choice,79,random,BaCm,OD1,0.0,0.026124999999999975,0.014,-0.008858333333333312,0.0076749999999999995,0.0,0.0,1
qwen_instruct,h2_choice,79,random,BaCo,MP,0.0,0.03203333333333335,0.016650000000000005,-0.02213333333333335,0.012000000000000005,0.0,0.0,1
qwen_instruct,h2_choice,79,random,BaDl,OD1,0.0,0.03942499999999999,0.02447499999999999,-0.02650833333333328,0.019824999999999975,-0.08333333333333334,0.25,1
qwen_instruct,h2_choice,79,random,BaHa,OD2,-0.0,0.03785833333333333,0.023525,0.016841666666666692,0.011275000000000007,0.0,0.0,1
qwen_instruct,h2_choice,79,random,BaHr,CO1,0.0,0.031216666666666643,0.014099999999999984,-0.021449999999999973,0.010699999999999998,0.0,0.0,1
qwen_instruct,h2_choice,79,random,BaNc,OD2,-0.0,0.04510000000000001,0.02130000000000001,0.0039833333333333856,0.007699999999999985,0.0,0.0,0
qwen_instruct,h2_choice,79,random,BaPc,OD2,-0.0,0.04216666666666665,0.023349999999999985,0.028099999999999993,0.017075000000000007,0.0,0.0,1
qwen_instruct,h2_choice,79,random,BaPd,OD1,0.0,0.05157500000000001,0.026075000000000004,-0.018658333333333336,0.01500000000000001,0.0,0.0,1
qwen_instruct,h2_choice,79,random,BaSh,MP,0.0,0.034141666666666654,0.015825,-0.0023583333333333195,0.008125000000000007,0.0,0.0,0
qwen_instruct,h2_choice,79,random,ChAs,MP,0.0,0.04165833333333334,0.020975000000000008,-0.013641666666666734,0.009925000000000008,0.0,0.0,1
qwen_instruct,h2_choice,79,random,ChBa,CO2,0.0,0.02831666666666664,0.012824999999999996,-0.02134999999999998,0.00977499999999998,0.0,0.0,1
qwen_instruct,h2_choice,79,random,ChCh,CO2,0.0,0.03176666666666668,0.014200000000000004,-0.021650000000000034,0.010425000000000012,0.0,0.0,0
qwen_instruct,h2_choice,79,random,ChCm,OD1,0.0,0.060208333333333315,0.029175000000000006,-0.0416083333333333,0.021249999999999977,-0.6666666666666667,0.25,1
qwen_instruct,h2_choice,79,random,ChCo,MP,0.0,0.051425000000000026,0.02525000000000001,-0.03169166666666673,0.015250000000000015,0.0,0.0,1
qwen_instruct,h2_choice,79,random,ChDl,OD1,0.0,0.030549999999999983,0.013125000000000008,-0.025366666666666652,0.011924999999999995,-0.5833333333333334,0.25,1
qwen_instruct,h2_choice,79,random,ChHa,OD2,-0.0,0.04162500000000002,0.021150000000000016,-0.001191666666666648,0.012850000000000028,0.0,0.0,1
qwen_instruct,h2_choice,79,random,ChHr,CO1,0.0,0.03592499999999999,0.018400000000000007,-0.031191666666666656,0.016800000000000006,0.0,0.0,1
qwen_instruct,h2_choice,79,random,CmAs,OD1,2.0,0.012574999999999956,0.006924999999999991,0.006174999999999968,0.003824999999999995,0.0,0.0,1
qwen_instruct,h2_choice,79,random,CmCm,DD,2.0,0.0054749999999999755,0.0021499999999999935,0.005191666666666659,0.0020499999999999963,0.0,0.0,1
qwen_instruct,h2_choice,79,random,CmDl,DD,2.0,0.005325000000000017,0.0031000000000000194,0.004291666666666666,0.0026499999999999857,0.0,0.0,1
qwen_instruct,h2_choice,79,random,CmHa,DD,2.0,0.00517499999999999,0.0031749999999999964,0.0033916666666666353,0.001999999999999974,0.0,0.0,1
qwen_instruct,h2_choice,79,random,CmNc,DD,2.0,0.006991666666666621,0.003424999999999978,0.005591666666666614,0.0026499999999999857,0.0,0.0,1
qwen_instruct,h2_choice,79,random,CoAs,CO2,1.0,0.05364999999999998,0.025175000000000003,0.041283333333333325,0.019674999999999998,0.5833333333333334,0.25,1
qwen_instruct,h2_choice,79,random,CoCo,CO1,1.0,0.05486666666666665,0.026750000000000003,0.0474833333333333,0.02447500000000001,0.5833333333333333,0.25,1
qwen_instruct,h2_choice,79,random,CoSh,CO2,1.0,0.046541666666666676,0.02127500000000002,0.04137500000000004,0.01892500000000001,0.6666666666666667,0.25,1
qwen_instruct,h2_choice,79,random,HaAs,OD2,2.0,0.012875000000000062,0.005700000000000035,0.01185833333333334,0.005299999999999999,0.0,0.0,1
qwen_instruct,h2_choice,79,random,HaBa,OD2,2.0,0.015274999999999934,0.006974999999999963,0.003324999999999959,0.003475000000000006,0.0,0.0,1
qwen_instruct,h2_choice,79,random,HaCm,DD,2.0,0.025841666666666648,0.012674999999999994,-0.006875000000000076,0.009075000000000027,0.0,0.0,1
qwen_instruct,h2_choice,79,random,HaDl,DD,2.0,0.00997500000000004,0.005975000000000024,0.007708333333333407,0.00467500000000004,0.0,0.0,1
qwen_instruct,h2_choice,79,random,HaHa,DD,2.0,0.010000000000000009,0.005450000000000007,0.008983333333333333,0.005125000000000018,0.0,0.0,1
qwen_instruct,h2_choice,79,random,HaNc,DD,2.0,0.004075,0.0023000000000000017,0.00012499999999996818,0.0016499999999999848,0.0,0.0,1
qwen_instruct,h2_choice,79,random,HaPc,DD,2.0,0.016258333333333378,0.00945000000000001,0.013375000000000045,0.008050000000000002,0.0,0.0,1
qwen_instruct,h2_choice,79,random,HrAs,MP,1.0,0.0340833333333333,0.013824999999999978,0.025833333333333323,0.011425000000000018,0.0,0.0,1
qwen_instruct,h2_choice,79,random,HrBa,CO1,1.0,0.027491666666666643,0.013299999999999985,0.022224999999999995,0.011149999999999993,0.0,0.0,1
qwen_instruct,h2_choice,79,random,HrCh,CO1,1.0,0.021433333333333283,0.010474999999999977,0.018666666666666616,0.009074999999999972,0.0,0.0,1
qwen_instruct,h2_choice,79,random,HrHr,CO2,1.0,0.024316666666666664,0.012149999999999994,0.01136666666666665,0.00714999999999999,0.0,0.0,1
qwen_instruct,h2_choice,79,random,ShAs,CO1,0.0,0.04088333333333334,0.022075000000000004,-0.0018666666666666627,0.006574999999999985,0.0,0.0,0
qwen_instruct,h2_choice,79,random,ShCo,CO2,0.0,0.04986666666666663,0.023824999999999985,0.028666666666666576,0.015374999999999951,0.0,0.0,0
qwen_instruct,h2_choice,79,random,ShSh,CO1,0.0,0.03364999999999999,0.016550000000000002,0.014683333333333295,0.006549999999999993,0.0,0.0,0
llama31_instruct,h1_dinc,65,main,AsAs,CO1,0.0,1.4714166666666666,0.7308249999999998,0.15756666666666666,0.12762500000000002,0.33333333333333337,0.5,1
llama31_instruct,h1_dinc,65,main,AsBa,MP,-0.0,1.5717666666666665,0.7685,-0.12066666666666677,0.1038,-0.41666666666666674,0.5,1
llama31_instruct,h1_dinc,65,main,AsCh,MP,-0.0,1.5418166666666662,0.752775,-0.15798333333333325,0.08795,-0.33333333333333337,0.5,1
llama31_instruct,h1_dinc,65,main,AsCm,OD1,-0.0,1.316433333333333,0.6437499999999999,-0.2758666666666666,0.19904999999999995,-0.49999999999999994,0.5,1
llama31_instruct,h1_dinc,65,main,AsCo,CO2,0.0,1.4586749999999997,0.7135,0.22075833333333325,0.152125,0.5,0.5,1
llama31_instruct,h1_dinc,65,main,AsDl,OD1,-0.0,1.4673416666666663,0.7283999999999999,-0.15932499999999994,0.11902499999999999,-0.33333333333333337,0.5,1
llama31_instruct,h1_dinc,65,main,AsHa,OD2,0.0,1.5658666666666667,0.764825,0.12468333333333334,0.06942499999999999,0.16666666666666669,0.25,1
llama31_instruct,h1_dinc,65,main,AsHr,MP,-0.0,1.4895916666666669,0.7277,-0.18272499999999997,0.1877,-0.3333333333333332,0.5,1
llama31_instruct,h1_dinc,65,main,AsNc,OD2,0.0,1.481583333333333,0.7366999999999999,0.20133333333333342,0.117625,0.33333333333333337,0.5,1
llama31_instruct,h1_dinc,65,main,AsPc,OD2,0.0,1.5709083333333331,0.748625,0.09317499999999997,0.07899999999999997,0.33333333333333337,0.5,1
llama31_instruct,h1_dinc,65,main,AsPd,OD1,-0.0,1.3973166666666668,0.6954499999999999,-0.3003833333333332,0.18872499999999998,-0.41666666666666674,0.5,1
llama31_instruct,h1_dinc,65,main,AsSh,CO1,0.0,1.3900083333333333,0.7043999999999999,0.13619166666666663,0.06905,0.0,0.0,1
llama31_instruct,h1_dinc,65,main,BaAs,MP,0.0,1.5753,0.7529250000000001,-0.018766666666666626,0.09940000000000002,-0.1666666666666662,0.25,1
llama31_instruct,h1_dinc,65,main,BaBa,CO2,0.0,1.6215,0.782375,-0.01116666666666666,0.039025000000000004,-0.16666666666666669,0.25,1
llama31_instruct,h1_dinc,65,main,BaCh,CO2,0.0,1.4935833333333328,0.7389999999999999,-0.04475000000000003,0.041399999999999985,-0.08333333333333334,0.25,1
llama31_instruct,h1_dinc,65,main,BaCm,OD1,0.0,1.6217833333333327,0.7660750000000001,-0.007500000000000116,0.05417499999999999,0.0,0.25,1
llama31_instruct,h1_dinc,65,main,BaCo,MP,0.0,1.6086499999999997,0.7708749999999999,0.057666666666666755,0.09910000000000004,0.25000000000000017,0.5,1
llama31_instruct,h1_dinc,65,main,BaDl,OD1,0.0,1.5819,0.75805,0.012233333333333263,0.014924999999999966,-0.16666666666666669,0.25,1
llama31_instruct,h1_dinc,65,main,BaHa,OD2,-0.0,1.4908583333333336,0.703725,-0.09794166666666661,0.08972499999999997,-0.16666666666666682,0.25,1
llama31_instruct,h1_dinc,65,main,BaHr,CO1,0.0,1.6197833333333336,0.7703,0.03610000000000011,0.09870000000000005,0.2500000000000003,0.5,1
llama31_instruct,h1_dinc,65,main,BaNc,OD2,-0.0,1.5879083333333333,0.757425,0.07457499999999996,0.09112499999999998,0.24999999999999997,0.25,1
llama31_instruct,h1_dinc,65,main,BaPc,OD2,-0.0,1.6232166666666668,0.7645,-0.01818333333333333,0.035025,-1.410390785266238e-16,0.0,1
llama31_instruct,h1_dinc,65,main,BaPd,OD1,0.0,1.4668916666666667,0.7295,0.03189166666666662,0.03017500000000002,0.0,0.0,1
llama31_instruct,h1_dinc,65,main,BaSh,MP,0.0,1.5601916666666664,0.7430749999999999,-0.06557499999999994,0.088675,-0.1666666666666666,0.25,1
llama31_instruct,h1_dinc,65,main,ChAs,MP,0.0,1.576225,0.7565,-0.035874999999999886,0.10354999999999999,5.179259186036526e-16,0.25,1
llama31_instruct,h1_dinc,65,main,ChBa,CO2,0.0,1.616825,0.76075,-0.045641666666666636,0.040949999999999986,-0.08333333333333334,0.25,1
llama31_instruct,h1_dinc,65,main,ChCh,CO2,0.0,1.6222166666666664,0.7817750000000001,-0.04048333333333334,0.03024999999999997,-1.410390785266238e-16,0.0,1
llama31_instruct,h1_dinc,65,main,ChCm,OD1,0.0,1.6063416666666663,0.7625500000000001,-0.054375,0.027249999999999996,-1.410390785266238e-16,0.0,1
llama31_instruct,h1_dinc,65,main,ChCo,MP,0.0,1.6208666666666667,0.767175,-0.01846666666666669,0.043475,0.0,0.25,1
llama31_instruct,h1_dinc,65,main,ChDl,OD1,0.0,1.568133333333333,0.743625,-0.004133333333333309,0.037675000000000014,0.0833333333333335,0.25,1
llama31_instruct,h1_dinc,65,main,ChHa,OD2,-0.0,1.5049249999999996,0.71425,-0.07320833333333332,0.12225000000000003,-0.33333333333333365,0.5,1
llama31_instruct,h1_dinc,65,main,ChHr,CO1,0.0,1.6049083333333332,0.7649,0.006475000000000038,0.03267499999999998,0.0833333333333335,0.25,1
llama31_instruct,h1_dinc,65,main,CmAs,OD1,2.0,1.030725,0.5332749999999999,-0.20679166666666665,0.22644999999999998,-0.41666666666666674,0.5,1
llama31_instruct,h1_dinc,65,main,CmCm,DD,2.0,1.1083833333333333,0.565,-0.1831999999999999,0.21742499999999995,-0.41666666666666674,0.5,1
llama31_instruct,h1_dinc,65,main,CmDl,DD,2.0,1.0822,0.56115,0.007900000000000107,0.18907499999999997,-4.623039550284263e-17,0.5,1
llama31_instruct,h1_dinc,65,main,CmHa,DD,2.0,1.1811416666666665,0.598075,-0.20237500000000014,0.22867500000000004,-0.41666666666666674,0.5,1
llama31_instruct,h1_dinc,65,main,CmNc,DD,2.0,1.1523583333333332,0.58815,-0.1358916666666667,0.21492499999999995,-0.41666666666666674,0.5,1
llama31_instruct,h1_dinc,65,main,CoAs,CO2,1.0,1.459508333333333,0.70855,0.15567499999999992,0.17629999999999998,0.4166666666666663,0.5,1
llama31_instruct,h1_dinc,65,main,CoCo,CO1,1.0,1.518633333333333,0.735725,0.08376666666666666,0.16717500000000005,0.3333333333333332,0.5,1
llama31_instruct,h1_dinc,65,main,CoSh,CO2,1.0,1.3467833333333332,0.658,0.3717833333333333,0.2251,0.49999999999999994,0.5,1
llama31_instruct,h1_dinc,65,main,HaAs,OD2,2.0,1.3056333333333334,0.652925,-0.006100000000000208,0.18755000000000002,-4.623039550284263e-17,0.5,1
llama31_instruct,h1_dinc,65,main,HaBa,OD2,2.0,1.3333249999999999,0.66755,0.3764749999999999,0.22822500000000004,0.49999999999999994,0.5,1
llama31_instruct,h1_dinc,65,main,HaCm,DD,2.0,1.3370083333333331,0.6590750000000001,0.35832499999999995,0.24002499999999996,0.9166666666666667,0.5,1
llama31_instruct,h1_dinc,65,main,HaDl,DD,2.0,1.4853083333333332,0.7231000000000001,0.20984166666666665,0.18927499999999997,0.4166666666666666,0.5,1
llama31_instruct,h1_dinc,65,main,HaHa,DD,2.0,1.1748499999999995,0.5927749999999999,0.08470000000000004,0.18942500000000004,-4.623039550284263e-17,0.5,1
llama31_instruct,h1_dinc,65,main,HaNc,DD,2.0,0.9782083333333332,0.4917,0.4811416666666666,0.270475,1.083333333333333,0.5,1
llama31_instruct,h1_dinc,65,main,HaPc,DD,2.0,1.1369583333333333,0.56555,0.28052499999999997,0.231975,0.5833333333333333,0.5,1
llama31_instruct,h1_dinc,65,main,HrAs,MP,1.0,1.4140916666666667,0.6954,-0.1410083333333334,0.17060000000000003,-0.2500000000000003,0.5,1
llama31_instruct,h1_dinc,65,main,HrBa,CO1,1.0,1.6385,0.7806250000000001,0.008916666666666734,0.12022500000000008,0.08333333333333309,0.5,1
llama31_instruct,h1_dinc,65,main,HrCh,CO1,1.0,1.4934666666666665,0.73015,0.02164999999999999,0.15595,0.4166666666666663,0.5,1
llama31_instruct,h1_dinc,65,main,HrHr,CO2,1.0,1.5035499999999997,0.7291000000000001,-0.022300000000000056,0.153125,-2.820781570532476e-16,0.5,1
llama31_instruct,h1_dinc,65,main,ShAs,CO1,0.0,1.3927083333333334,0.7027749999999999,0.14364166666666667,0.09517500000000001,0.16666666666666669,0.25,1
llama31_instruct,h1_dinc,65,main,ShCo,CO2,0.0,1.3277583333333332,0.65835,0.290875,0.15709999999999996,0.41666666666666674,0.5,1
llama31_instruct,h1_dinc,65,main,ShSh,CO1,0.0,1.4133499999999997,0.7108749999999999,0.21266666666666667,0.12887500000000002,0.33333333333333337,0.5,1
llama31_instruct,h1_dinc,65,main_perp,AsAs,CO1,0.0,1.3820916666666667,0.68225,0.19032500000000002,0.10952500000000001,0.33333333333333337,0.5,1
llama31_instruct,h1_dinc,65,main_perp,AsBa,MP,-0.0,1.4679999999999997,0.7222249999999999,-0.10266666666666664,0.08520000000000003,-0.33333333333333337,0.5,1
llama31_instruct,h1_dinc,65,main_perp,AsCh,MP,-0.0,1.471775,0.7269249999999999,-0.1926583333333333,0.10335,-0.33333333333333337,0.5,1
llama31_instruct,h1_dinc,65,main_perp,AsCm,OD1,-0.0,1.2036833333333334,0.59835,-0.2988333333333334,0.1878,-0.49999999999999994,0.5,1
llama31_instruct,h1_dinc,65,main_perp,AsCo,CO2,0.0,1.3936083333333331,0.6955250000000001,0.19812500000000005,0.12627500000000003,0.5,0.5,1
llama31_instruct,h1_dinc,65,main_perp,AsDl,OD1,-0.0,1.349875,0.679975,-0.16207499999999997,0.12189999999999998,-0.41666666666666674,0.5,1
llama31_instruct,h1_dinc,65,main_perp,AsHa,OD2,0.0,1.4901,0.72655,0.10765000000000005,0.057350000000000026,0.33333333333333337,0.5,1
llama31_instruct,h1_dinc,65,main_perp,AsHr,MP,-0.0,1.3997249999999999,0.68025,-0.17709166666666668,0.17305000000000004,-0.4166666666666663,0.5,1
llama31_instruct,h1_dinc,65,main_perp,AsNc,OD2,0.0,1.3632250000000001,0.6695500000000001,0.22337500000000005,0.10295,0.33333333333333337,0.5,1
llama31_instruct,h1_dinc,65,main_perp,AsPc,OD2,0.0,1.4712166666666662,0.717425,0.09763333333333335,0.07707500000000002,0.5,0.5,1
llama31_instruct,h1_dinc,65,main_perp,AsPd,OD1,-0.0,1.3067166666666665,0.65415,-0.2841166666666667,0.164025,-0.41666666666666674,0.5,1
llama31_instruct,h1_dinc,65,main_perp,AsSh,CO1,0.0,1.2959083333333332,0.653875,0.15714166666666665,0.06984999999999998,0.16666666666666669,0.25,1
llama31_instruct,h1_dinc,65,main_perp,BaAs,MP,0.0,1.4748166666666664,0.70275,0.0135,0.099075,-0.08333333333333309,0.5,1
llama31_instruct,h1_dinc,65,main_perp,BaBa,CO2,0.0,1.544358333333333,0.744375,-0.018425000000000025,0.04597499999999999,-0.25,0.25,1
llama31_instruct,h1_dinc,65,main_perp,BaCh,CO2,0.0,1.4377166666666663,0.710175,-0.04130000000000008,0.041275000000000006,-0.25,0.25,1
llama31_instruct,h1_dinc,65,main_perp,BaCm,OD1,0.0,1.522433333333333,0.73095,-0.0007999999999999953,0.06647500000000002,0.0,0.25,1
llama31_instruct,h1_dinc,65,main_perp,BaCo,MP,0.0,1.5007000000000001,0.7207250000000001,0.10413333333333337,0.10542500000000002,0.25000000000000017,0.5,1
llama31_instruct,h1_dinc,65,main_perp,BaDl,OD1,0.0,1.486625,0.7195750000000001,-0.0001416666666666484,0.018024999999999958,-0.16666666666666669,0.25,1
llama31_instruct,h1_dinc,65,main_perp,BaHa,OD2,-0.0,1.3777083333333329,0.667875,-0.052158333333333314,0.07694999999999996,-0.16666666666666682,0.25,1
llama31_instruct,h1_dinc,65,main_perp,BaHr,CO1,0.0,1.5321249999999995,0.7375,-0.002991666666666586,0.1075,0.2500000000000003,0.5,1
llama31_instruct,h1_dinc,65,main_perp,BaNc,OD2,-0.0,1.4931166666666666,0.716575,0.048483333333333344,0.08702500000000002,0.24999999999999997,0.5,1
llama31_instruct,h1_dinc,65,main_perp,BaPc,OD2,-0.0,1.5392166666666667,0.737325,0.0012333333333333714,0.02479999999999999,-1.410390785266238e-16,0.0,1
llama31_instruct,h1_dinc,65,main_perp,BaPd,OD1,0.0,1.3704999999999998,0.686425,0.043566666666666636,0.024675000000000002,0.0,0.0,1
llama31_instruct,h1_dinc,65,main_perp,BaSh,MP,0.0,1.4944999999999997,0.72075,-0.034099999999999984,0.07500000000000001,-0.1666666666666666,0.25,1
llama31_instruct,h1_dinc,65,main_perp,ChAs,MP,0.0,1.5031749999999997,0.72065,-0.0009249999999999059,0.089325,0.16666666666666724,0.25,1
llama31_instruct,h1_dinc,65,main_perp,ChBa,CO2,0.0,1.5122749999999994,0.7216499999999999,-0.008475000000000066,0.013075000000000003,-0.25,0.25,1
llama31_instruct,h1_dinc,65,main_perp,ChCh,CO2,0.0,1.5428249999999997,0.7351750000000001,0.007025000000000052,0.04085,-1.410390785266238e-16,0.0,1
llama31_instruct,h1_dinc,65,main_perp,ChCm,OD1,0.0,1.502916666666666,0.7169,-0.048499999999999995,0.0232,-0.0833333333333335,0.25,1
llama31_instruct,h1_dinc,65,main_perp,ChCo,MP,0.0,1.4934333333333334,0.7182250000000001,0.013333333333333393,0.0413,0.0,0.25,1
llama31_instruct,h1_dinc,65,main_perp,ChDl,OD1,0.0,1.4984583333333334,0.7229249999999999,0.007958333333333322,0.04544999999999999,0.0833333333333335,0.25,1
llama31_instruct,h1_dinc,65,main_perp,ChHa,OD2,-0.0,1.3812749999999996,0.66445,-0.1255416666666666,0.1267,-0.2500000000000003,0.5,1
llama31_instruct,h1_dinc,65,main_perp,ChHr,CO1,0.0,1.5153249999999996,0.723125,0.0689083333333333,0.05089999999999997,0.2500000000000001,0.25,1
llama31_instruct,h1_dinc,65,main_perp,CmAs,OD1,2.0,0.9105333333333332,0.46692500000000003,-0.21296666666666667,0.204075,-0.8333333333333333,0.5,1
llama31_instruct,h1_dinc,65,main_perp,CmCm,DD,2.0,1.0435416666666666,0.53595,-0.2048583333333333,0.20307500000000003,-0.41666666666666674,0.5,1
llama31_instruct,h1_dinc,65,main_perp,CmDl,DD,2.0,0.9711666666666665,0.502175,-0.0071333333333331765,0.157425,-0.41666666666666674,0.5,1
llama31_instruct,h1_dinc,65,main_perp,CmHa,DD,2.0,1.0488833333333332,0.5318499999999999,-0.20646666666666666,0.213425,-0.41666666666666674,0.5,1
llama31_instruct,h1_dinc,65,main_perp,CmNc,DD,2.0,1.0868333333333333,0.5523,-0.1540333333333334,0.20865,-0.41666666666666674,0.5,1
llama31_instruct,h1_dinc,65,main_perp,CoAs,CO2,1.0,1.3509250000000002,0.665675,0.14885833333333331,0.155925,0.4166666666666663,0.5,1
llama31_instruct,h1_dinc,65,main_perp,CoCo,CO1,1.0,1.429725,0.696925,0.09482500000000003,0.158925,0.3333333333333332,0.5,1
llama31_instruct,h1_dinc,65,main_perp,CoSh,CO2,1.0,1.2596499999999997,0.6178,0.353,0.21845,0.9166666666666667,0.5,1
llama31_instruct,h1_dinc,65,main_perp,HaAs,OD2,2.0,1.204608333333333,0.6029,0.006291666666666681,0.1581,-4.623039550284263e-17,0.5,1
llama31_instruct,h1_dinc,65,main_perp,HaBa,OD2,2.0,1.2912833333333333,0.640725,0.3589333333333332,0.20800000000000002,0.49999999999999994,0.5,1
llama31_instruct,h1_dinc,65,main_perp,HaCm,DD,2.0,1.2711833333333333,0.628525,0.3197499999999998,0.22294999999999998,0.9166666666666667,0.5,1
llama31_instruct,h1_dinc,65,main_perp,HaDl,DD,2.0,1.340833333333333,0.6695249999999999,0.22029999999999994,0.17937499999999998,0.4166666666666666,0.5,1
llama31_instruct,h1_dinc,65,main_perp,HaHa,DD,2.0,1.1158249999999996,0.5544,0.059958333333333336,0.1553,-4.623039550284263e-17,0.5,1
llama31_instruct,h1_dinc,65,main_perp,HaNc,DD,2.0,0.9067499999999997,0.45025000000000004,0.45243333333333335,0.23415,1.083333333333333,0.5,1
llama31_instruct,h1_dinc,65,main_perp,HaPc,DD,2.0,1.0729916666666663,0.53655,0.2837583333333333,0.22552500000000003,0.5833333333333333,0.5,1
llama31_instruct,h1_dinc,65,main_perp,HrAs,MP,1.0,1.3224333333333331,0.652625,-0.1546499999999999,0.1543,-0.2500000000000003,0.5,1
llama31_instruct,h1_dinc,65,main_perp,HrBa,CO1,1.0,1.5216333333333334,0.735775,-0.01874999999999996,0.099825,0.16666666666666646,0.5,1
llama31_instruct,h1_dinc,65,main_perp,HrCh,CO1,1.0,1.3804583333333331,0.674125,0.03914166666666658,0.1225,0.24999999999999958,0.5,1
llama31_instruct,h1_dinc,65,main_perp,HrHr,CO2,1.0,1.4148499999999997,0.69925,-0.024800000000000037,0.14702500000000004,0.16666666666666646,0.5,1
llama31_instruct,h1_dinc,65,main_perp,ShAs,CO1,0.0,1.3407833333333332,0.680325,0.1685,0.09635,0.16666666666666669,0.25,1
llama31_instruct,h1_dinc,65,main_perp,ShCo,CO2,0.0,1.2543666666666666,0.6362000000000001,0.2612333333333334,0.154825,0.75,0.5,1
llama31_instruct,h1_dinc,65,main_perp,ShSh,CO1,0.0,1.359133333333333,0.678225,0.22628333333333334,0.12155,0.33333333333333337,0.5,1
llama31_instruct,h1_dinc,65,random,AsAs,CO1,0.0,0.11464999999999999,0.062000000000000006,0.07563333333333332,0.040499999999999994,0.0,0.0,0
llama31_instruct,h1_dinc,65,random,AsBa,MP,-0.0,0.19132499999999997,0.10605,-0.0458083333333334,0.027150000000000035,-0.41666666666666663,0.25,1
llama31_instruct,h1_dinc,65,random,AsCh,MP,-0.0,0.15535833333333332,0.08085,-0.06587499999999998,0.029299999999999993,0.0,0.0,0
llama31_instruct,h1_dinc,65,random,AsCm,OD1,-0.0,0.1436,0.070475,-0.10799999999999997,0.055900000000000005,0.0,0.0,1
llama31_instruct,h1_dinc,65,random,AsCo,CO2,0.0,0.13767499999999996,0.06642500000000001,0.09359166666666667,0.056975,0.41666666666666663,0.25,1
llama31_instruct,h1_dinc,65,random,AsDl,OD1,-0.0,0.13209999999999997,0.0717,-0.11750000000000001,0.06305000000000002,-0.41666666666666663,0.25,1
llama31_instruct,h1_dinc,65,random,AsHa,OD2,0.0,0.16225,0.08305000000000001,0.025033333333333397,0.02372500000000001,0.0,0.0,0
llama31_instruct,h1_dinc,65,random,AsHr,MP,-0.0,0.10674999999999996,0.062875,-0.04959999999999997,0.03982499999999997,0.0,0.0,1
llama31_instruct,h1_dinc,65,random,AsNc,OD2,0.0,0.18376666666666666,0.09455,0.06528333333333333,0.03465,0.0,0.0,0
llama31_instruct,h1_dinc,65,random,AsPc,OD2,0.0,0.18625,0.09897500000000001,0.04485000000000005,0.032000000000000015,0.41666666666666663,0.25,1
llama31_instruct,h1_dinc,65,random,AsPd,OD1,-0.0,0.18793333333333337,0.099,-0.13559999999999997,0.06759999999999997,-0.41666666666666663,0.25,1
llama31_instruct,h1_dinc,65,random,AsSh,CO1,0.0,0.09036666666666665,0.043899999999999995,0.039700000000000076,0.020900000000000002,0.0,0.0,0
llama31_instruct,h1_dinc,65,random,BaAs,MP,0.0,0.16950833333333337,0.09022500000000003,0.015924999999999984,0.015100000000000002,0.41666666666666663,0.25,1
llama31_instruct,h1_dinc,65,random,BaBa,CO2,0.0,0.20970833333333333,0.104475,-0.014774999999999969,0.02314999999999999,-0.5833333333333334,0.25,1
llama31_instruct,h1_dinc,65,random,BaCh,CO2,0.0,0.12195833333333334,0.06722500000000001,0.029874999999999957,0.028075000000000003,0.0,0.0,0
llama31_instruct,h1_dinc,65,random,BaCm,OD1,0.0,0.1897083333333333,0.09739999999999999,-0.052475,0.0374,-0.0833333333333334,0.5,1
llama31_instruct,h1_dinc,65,random,BaCo,MP,0.0,0.21903333333333333,0.11477500000000003,0.007416666666666642,0.043725000000000014,0.6666666666666667,0.25,1
llama31_instruct,h1_dinc,65,random,BaDl,OD1,0.0,0.2019916666666666,0.09649999999999999,-0.01797499999999996,0.030224999999999974,-0.5833333333333334,0.25,1
llama31_instruct,h1_dinc,65,random,BaHa,OD2,-0.0,0.24194999999999994,0.12474999999999999,-0.03553333333333331,0.03140000000000001,-0.4166666666666666,0.25,1
llama31_instruct,h1_dinc,65,random,BaHr,CO1,0.0,0.2741416666666667,0.1342,-0.004675000000000049,0.040325,0.49999999999999994,0.25,1
llama31_instruct,h1_dinc,65,random,BaNc,OD2,-0.0,0.2146166666666667,0.10927500000000001,0.055783333333333365,0.03562500000000002,0.0,0.0,1
llama31_instruct,h1_dinc,65,random,BaPc,OD2,-0.0,0.21474999999999997,0.10182499999999998,-0.05731666666666671,0.029650000000000037,-0.41666666666666663,0.25,1
llama31_instruct,h1_dinc,65,random,BaPd,OD1,0.0,0.09254166666666666,0.053125000000000006,0.0398916666666667,0.025674999999999996,0.0,0.0,0
llama31_instruct,h1_dinc,65,random,BaSh,MP,0.0,0.20359166666666664,0.10695,-0.07729166666666668,0.05015000000000001,0.0,0.0,1
llama31_instruct,h1_dinc,65,random,ChAs,MP,0.0,0.18228333333333324,0.09117499999999999,-0.01854999999999995,0.017100000000000004,0.0,0.0,1
llama31_instruct,h1_dinc,65,random,ChBa,CO2,0.0,0.24619999999999995,0.140325,0.013399999999999948,0.014700000000000019,0.0,0.0,1
llama31_instruct,h1_dinc,65,random,ChCh,CO2,0.0,0.17819999999999997,0.08259999999999998,0.0097333333333333,0.02164999999999999,-0.2500000000000001,0.25,1
llama31_instruct,h1_dinc,65,random,ChCm,OD1,0.0,0.245125,0.12887500000000002,-0.021341666666666693,0.01685000000000003,-0.5833333333333334,0.25,1
llama31_instruct,h1_dinc,65,random,ChCo,MP,0.0,0.22278333333333333,0.10617499999999999,-0.02901666666666668,0.05107500000000001,-0.16666666666666682,0.25,1
llama31_instruct,h1_dinc,65,random,ChDl,OD1,0.0,0.20741666666666664,0.10252500000000002,-0.029566666666666686,0.029250000000000012,0.0,0.0,1
llama31_instruct,h1_dinc,65,random,ChHa,OD2,-0.0,0.18846666666666667,0.10205000000000004,0.01591666666666669,0.014875000000000027,-0.41666666666666674,0.25,1
llama31_instruct,h1_dinc,65,random,ChHr,CO1,0.0,0.23396666666666663,0.130125,0.06245000000000001,0.040925,0.6666666666666667,0.5,1
llama31_instruct,h1_dinc,65,random,CmAs,OD1,2.0,0.06912499999999998,0.037625,-0.01567499999999992,0.013975000000000015,0.0,0.0,1
llama31_instruct,h1_dinc,65,random,CmCm,DD,2.0,0.08632499999999997,0.04630000000000001,0.0036583333333332795,0.013049999999999978,0.0,0.0,1
llama31_instruct,h1_dinc,65,random,CmDl,DD,2.0,0.07323333333333328,0.035874999999999976,0.0405,0.02152499999999999,0.0,0.0,1
llama31_instruct,h1_dinc,65,random,CmHa,DD,2.0,0.08650833333333334,0.04647500000000001,0.016375000000000032,0.01907500000000001,0.0,0.0,1
llama31_instruct,h1_dinc,65,random,CmNc,DD,2.0,0.08795000000000001,0.04372500000000002,0.02769999999999996,0.01697499999999999,0.0,0.0,1
llama31_instruct,h1_dinc,65,random,CoAs,CO2,1.0,0.200925,0.0952,0.11107500000000008,0.054900000000000004,0.5833333333333333,0.25,1
llama31_instruct,h1_dinc,65,random,CoCo,CO1,1.0,0.1469083333333333,0.08817500000000002,0.08320833333333337,0.044625000000000054,0.0,0.0,1
llama31_instruct,h1_dinc,65,random,CoSh,CO2,1.0,0.11564166666666663,0.06867499999999999,0.06762499999999994,0.03857499999999997,0.33333333333333337,0.25,1
llama31_instruct,h1_dinc,65,random,HaAs,OD2,2.0,0.16234999999999997,0.07970000000000001,0.05470000000000001,0.029949999999999977,0.0,0.0,1
llama31_instruct,h1_dinc,65,random,HaBa,OD2,2.0,0.15771666666666667,0.07930000000000001,0.1239166666666667,0.05890000000000002,0.8333333333333331,0.5,1
llama31_instruct,h1_dinc,65,random,HaCm,DD,2.0,0.16832499999999995,0.08582499999999998,0.09800833333333336,0.048424999999999996,0.4166666666666666,0.25,1
llama31_instruct,h1_dinc,65,random,HaDl,DD,2.0,0.14084999999999992,0.07189999999999999,0.11881666666666658,0.062099999999999975,0.6666666666666667,0.25,1
llama31_instruct,h1_dinc,65,random,HaHa,DD,2.0,0.09556666666666666,0.04667500000000001,0.0675666666666666,0.032275000000000026,0.0,0.0,1
llama31_instruct,h1_dinc,65,random,HaNc,DD,2.0,0.11045000000000003,0.05875000000000002,0.10551666666666668,0.062450000000000006,0.0,0.0,1
llama31_instruct,h1_dinc,65,random,HaPc,DD,2.0,0.117525,0.06405000000000001,0.08757500000000004,0.04365000000000002,0.0,0.0,1
llama31_instruct,h1_dinc,65,random,HrAs,MP,1.0,0.1705083333333333,0.09359999999999999,0.032324999999999895,0.022174999999999973,0.0,0.0,1
llama31_instruct,h1_dinc,65,random,HrBa,CO1,1.0,0.27384166666666665,0.13692500000000002,0.10865833333333333,0.050875000000000004,0.0,0.0,1
llama31_instruct,h1_dinc,65,random,HrCh,CO1,1.0,0.13976666666666662,0.06632499999999998,0.08999999999999998,0.042874999999999996,0.25,0.25,1
llama31_instruct,h1_dinc,65,random,HrHr,CO2,1.0,0.14736666666666667,0.07285000000000001,0.0469833333333334,0.027150000000000035,0.0,0.0,1
llama31_instruct,h1_dinc,65,random,ShAs,CO1,0.0,0.13298333333333331,0.080075,0.05768333333333342,0.03454999999999999,0.0,0.0,0
llama31_instruct,h1_dinc,65,random,ShCo,CO2,0.0,0.09857500000000002,0.048625000000000015,0.070175,0.03352500000000001,0.0,0.0,0
llama31_instruct,h1_dinc,65,random,ShSh,CO1,0.0,0.18201666666666663,0.08787500000000001,0.08496666666666662,0.043125,0.0,0.0,0
llama31_instruct,h1_dinc,79,main,AsAs,CO1,0.0,2.6037000000000003,1.0,0.011949999999999924,0.04157500000000003,0.0,0.0,1
llama31_instruct,h1_dinc,79,main,AsBa,MP,-0.0,2.609808333333334,1.0,-0.009491666666666633,0.027725,0.0,0.0,1
llama31_instruct,h1_dinc,79,main,AsCh,MP,-0.0,2.601333333333333,1.0,-0.011733333333333271,0.039349999999999996,0.0,0.0,1
llama31_instruct,h1_dinc,79,main,AsCm,OD1,-0.0,2.5755999999999997,0.99995,-0.03369999999999992,0.12187499999999998,2.820781570532476e-16,0.0,1
llama31_instruct,h1_dinc,79,main,AsCo,CO2,0.0,2.5978250000000003,1.0,0.026624999999999965,0.07984999999999998,0.0,0.0,1
llama31_instruct,h1_dinc,79,main,AsDl,OD1,-0.0,2.588383333333333,0.9999750000000001,-0.02499999999999998,0.07390000000000005,0.0,0.0,1
llama31_instruct,h1_dinc,79,main,AsHa,OD2,0.0,2.607975,1.0,0.011141666666666654,0.031450000000000033,0.0,0.0,1
llama31_instruct,h1_dinc,79,main,AsHr,MP,-0.0,2.6025666666666663,0.999975,-0.015283333333333237,0.06982500000000003,2.820781570532476e-16,0.0,1
llama31_instruct,h1_dinc,79,main,AsNc,OD2,0.0,2.5810916666666666,0.999975,0.03147500000000001,0.0827,0.0,0.0,1
llama31_instruct,h1_dinc,79,main,AsPc,OD2,0.0,2.6075583333333334,0.9999750000000001,0.015608333333333257,0.04622499999999999,0.0,0.0,1
llama31_instruct,h1_dinc,79,main,AsPd,OD1,-0.0,2.5760249999999996,0.9999750000000001,-0.0354416666666665,0.1041,0.0,0.0,1
llama31_instruct,h1_dinc,79,main,AsSh,CO1,0.0,2.5711583333333334,0.99995,0.012608333333333291,0.03675000000000003,0.0,0.0,1
llama31_instruct,h1_dinc,79,main,BaAs,MP,0.0,2.609583333333333,1.0,-0.004916666666666509,0.04389999999999997,2.820781570532476e-16,0.0,1
llama31_instruct,h1_dinc,79,main,BaBa,CO2,0.0,2.6162166666666664,1.0,-0.006166666666666628,0.01869999999999994,0.0,0.0,1
llama31_instruct,h1_dinc,79,main,BaCh,CO2,0.0,2.6050666666666666,1.0,-0.007800000000000043,0.02490000000000006,0.0,0.0,1
llama31_instruct,h1_dinc,79,main,BaCm,OD1,0.0,2.621925,1.0,-0.002441666666666658,0.014150000000000024,0.0,0.0,1
llama31_instruct,h1_dinc,79,main,BaCo,MP,0.0,2.614166666666667,1.0,0.0048833333333333975,0.037500000000000006,1.410390785266238e-16,0.0,1
llama31_instruct,h1_dinc,79,main,BaDl,OD1,0.0,2.6146166666666666,1.0,-0.005016666666666728,0.012124999999999997,0.0,0.0,1
llama31_instruct,h1_dinc,79,main,BaHa,OD2,-0.0,2.609433333333333,1.0,-0.007183333333333447,0.04120000000000004,-1.410390785266238e-16,0.0,1
llama31_instruct,h1_dinc,79,main,BaHr,CO1,0.0,2.6209083333333334,1.0,0.002058333333333486,0.03217500000000001,2.820781570532476e-16,0.0,1
llama31_instruct,h1_dinc,79,main,BaNc,OD2,-0.0,2.608333333333334,0.9999750000000001,0.010016666666666597,0.036424999999999985,-1.410390785266238e-16,0.0,1
llama31_instruct,h1_dinc,79,main,BaPc,OD2,-0.0,2.618808333333333,1.0,-0.0010583333333333206,0.011099999999999999,-1.410390785266238e-16,0.0,1
llama31_instruct,h1_dinc,79,main,BaPd,OD1,0.0,2.6016749999999997,1.0,-0.0008083333333333464,0.0024500000000000077,0.0,0.0,1
llama31_instruct,h1_dinc,79,main,BaSh,MP,0.0,2.6074916666666663,1.0,-0.007125000000000037,0.03902500000000003,1.410390785266238e-16,0.0,1
llama31_instruct,h1_dinc,79,main,ChAs,MP,0.0,2.6171249999999997,1.0,0.0028250000000000722,0.027900000000000008,2.820781570532476e-16,0.0,1
llama31_instruct,h1_dinc,79,main,ChBa,CO2,0.0,2.6174749999999998,1.0,-0.004908333333333311,0.011925000000000019,0.0,0.0,1
llama31_instruct,h1_dinc,79,main,ChCh,CO2,0.0,2.6177416666666664,1.0,-0.006391666666666683,0.014824999999999977,-1.410390785266238e-16,0.0,1
llama31_instruct,h1_dinc,79,main,ChCm,OD1,0.0,2.6223500000000004,1.0,-0.002016666666666624,0.005774999999999975,-1.410390785266238e-16,0.0,1
llama31_instruct,h1_dinc,79,main,ChCo,MP,0.0,2.6183750000000003,1.0,0.0006083333333333397,0.010925000000000018,0.0,0.0,1
llama31_instruct,h1_dinc,79,main,ChDl,OD1,0.0,2.6182499999999997,1.0,0.0001499999999999862,0.010525000000000034,1.410390785266238e-16,0.0,1
llama31_instruct,h1_dinc,79,main,ChHa,OD2,-0.0,2.6047583333333333,1.0,-0.010725000000000057,0.05862499999999998,-2.820781570532476e-16,0.0,1
llama31_instruct,h1_dinc,79,main,ChHr,CO1,0.0,2.6215166666666665,1.0,0.0003000000000000068,0.008075000000000027,1.410390785266238e-16,0.0,1
llama31_instruct,h1_dinc,79,main,CmAs,OD1,2.0,2.5212749999999997,0.9999750000000001,-0.049458333333333805,0.221225,-0.08333333333333387,0.25,1
llama31_instruct,h1_dinc,79,main,CmCm,DD,2.0,2.5474833333333335,1.0,-0.040100000000000115,0.18407500000000002,-2.820781570532476e-16,0.0,1
llama31_instruct,h1_dinc,79,main,CmDl,DD,2.0,2.547433333333333,0.9999750000000001,0.011016666666666668,0.14645,-2.820781570532476e-16,0.0,1
llama31_instruct,h1_dinc,79,main,CmHa,DD,2.0,2.5360249999999995,0.9999750000000001,-0.055641666666666846,0.20745,-0.08333333333333387,0.25,1
llama31_instruct,h1_dinc,79,main,CmNc,DD,2.0,2.5529249999999997,1.0,-0.02935833333333337,0.16932499999999998,-2.820781570532476e-16,0.0,1
llama31_instruct,h1_dinc,79,main,CoAs,CO2,1.0,2.5960083333333333,1.0,0.01747499999999988,0.08407499999999998,-2.820781570532476e-16,0.0,1
llama31_instruct,h1_dinc,79,main,CoCo,CO1,1.0,2.595983333333333,0.999975,0.008099999999999882,0.07340000000000002,-2.820781570532476e-16,0.0,1
llama31_instruct,h1_dinc,79,main,CoSh,CO2,1.0,2.5693583333333327,0.9999499999999999,0.04767499999999996,0.144225,-1.410390785266238e-16,0.0,1
llama31_instruct,h1_dinc,79,main,HaAs,OD2,2.0,2.569833333333333,0.9999750000000001,-0.002650000000000168,0.10837499999999997,-2.820781570532476e-16,0.0,1
llama31_instruct,h1_dinc,79,main,HaBa,OD2,2.0,2.579883333333333,0.99995,0.04121666666666658,0.1237,-1.410390785266238e-16,0.0,1
llama31_instruct,h1_dinc,79,main,HaCm,DD,2.0,2.57815,0.9999750000000001,0.04233333333333327,0.13195,-2.820781570532476e-16,0.0,1
llama31_instruct,h1_dinc,79,main,HaDl,DD,2.0,2.5931416666666665,0.9999750000000001,0.022108333333333206,0.08715,-1.410390785266238e-16,0.0,1
llama31_instruct,h1_dinc,79,main,HaHa,DD,2.0,2.558858333333333,0.9999750000000001,0.00827499999999987,0.12610000000000005,-2.820781570532476e-16,0.0,1
llama31_instruct,h1_dinc,79,main,HaNc,DD,2.0,2.526458333333333,0.999925,0.07409166666666658,0.23027500000000004,0.08333333333333309,0.25,1
llama31_instruct,h1_dinc,79,main,HaPc,DD,2.0,2.5346416666666665,0.999925,0.04192500000000002,0.19195,-2.820781570532476e-16,0.0,1
llama31_instruct,h1_dinc,79,main,HrAs,MP,1.0,2.587425,1.0,-0.02244166666666668,0.10575000000000001,-2.820781570532476e-16,0.0,1
llama31_instruct,h1_dinc,79,main,HrBa,CO1,1.0,2.6183666666666663,1.0,0.0037666666666665454,0.04194999999999996,-2.820781570532476e-16,0.0,1
llama31_instruct,h1_dinc,79,main,HrCh,CO1,1.0,2.6005083333333334,1.0,0.0190583333333331,0.08252499999999999,-2.820781570532476e-16,0.0,1
llama31_instruct,h1_dinc,79,main,HrHr,CO2,1.0,2.5991333333333326,1.0,1.666666666663178e-05,0.06555,-2.820781570532476e-16,0.0,1
llama31_instruct,h1_dinc,79,main,ShAs,CO1,0.0,2.5830916666666663,0.9999750000000001,0.022658333333333357,0.060874999999999985,0.0,0.0,1
llama31_instruct,h1_dinc,79,main,ShCo,CO2,0.0,2.5699833333333335,0.9999500000000001,0.04870000000000012,0.13199999999999998,0.0,0.0,1
llama31_instruct,h1_dinc,79,main,ShSh,CO1,0.0,2.580666666666666,0.999975,0.02591666666666667,0.07425000000000001,0.0,0.0,1
llama31_instruct,h1_dinc,79,main_perp,AsAs,CO1,0.0,0.017658333333333335,0.030349999999999988,-0.006408333333333351,0.017875000000000002,0.0,0.0,0
llama31_instruct,h1_dinc,79,main_perp,AsBa,MP,-0.0,0.03677499999999999,0.028875000000000012,0.02157500000000007,0.01335,0.0,0.0,0
llama31_instruct,h1_dinc,79,main_perp,AsCh,MP,-0.0,0.007716666666666643,0.031349999999999996,0.0026666666666667095,0.018925000000000025,0.0,0.0,0
llama31_instruct,h1_dinc,79,main_perp,AsCm,OD1,-0.0,0.02875833333333332,0.024675000000000016,0.020158333333333403,0.025174999999999975,0.0,0.0,1
llama31_instruct,h1_dinc,79,main_perp,AsCo,CO2,0.0,0.03678333333333336,0.02877500000000001,-0.001983333333333312,0.021024999999999988,0.0,0.0,0
llama31_instruct,h1_dinc,79,main_perp,AsDl,OD1,-0.0,0.04469166666666668,0.038000000000000006,-0.00027499999999997627,0.015050000000000008,0.0,0.0,0
llama31_instruct,h1_dinc,79,main_perp,AsHa,OD2,0.0,0.0053249999999999765,0.028249999999999997,-0.0005750000000000491,0.020525,0.0,0.0,0
llama31_instruct,h1_dinc,79,main_perp,AsHr,MP,-0.0,0.0023666666666666354,0.011025000000000014,0.05916666666666672,0.05027500000000004,0.0,0.0,1
llama31_instruct,h1_dinc,79,main_perp,AsNc,OD2,0.0,0.015808333333333355,0.028475000000000007,0.0025416666666666747,0.016950000000000034,0.0,0.0,0
llama31_instruct,h1_dinc,79,main_perp,AsPc,OD2,0.0,0.0057166666666666624,0.020649999999999988,-0.03001666666666666,0.020724999999999993,0.0,0.0,0
llama31_instruct,h1_dinc,79,main_perp,AsPd,OD1,-0.0,0.02726666666666669,0.03222500000000001,0.03416666666666668,0.031775000000000025,0.0,0.0,0
llama31_instruct,h1_dinc,79,main_perp,AsSh,CO1,0.0,0.030033333333333374,0.040650000000000006,-0.009683333333333329,0.019049999999999997,0.0,0.0,0
llama31_instruct,h1_dinc,79,main_perp,BaAs,MP,0.0,0.010975000000000026,0.007150000000000031,-0.0065083333333333096,0.03409999999999999,0.0,0.0,1
llama31_instruct,h1_dinc,79,main_perp,BaBa,CO2,0.0,0.022799999999999977,0.022599999999999995,-0.006233333333333352,0.014950000000000005,0.0,0.0,0
llama31_instruct,h1_dinc,79,main_perp,BaCh,CO2,0.0,0.021891666666666632,0.025274999999999985,0.03117499999999991,0.01637499999999996,0.0,0.0,0
llama31_instruct,h1_dinc,79,main_perp,BaCm,OD1,0.0,-0.002691666666666656,0.007374999999999993,-0.0016083333333333132,0.014700000000000019,0.0,0.0,1
llama31_instruct,h1_dinc,79,main_perp,BaCo,MP,0.0,-0.001975000000000003,0.01974999999999999,0.00434166666666665,0.014674999999999994,-0.41666666666666663,0.25,1
llama31_instruct,h1_dinc,79,main_perp,BaDl,OD1,0.0,0.020375000000000004,0.028175000000000006,0.02784166666666668,0.015549999999999994,0.3333333333333332,0.25,1
llama31_instruct,h1_dinc,79,main_perp,BaHa,OD2,-0.0,-0.03090833333333336,0.01705000000000001,-0.02504166666666668,0.03385000000000002,0.0,0.0,1
llama31_instruct,h1_dinc,79,main_perp,BaHr,CO1,0.0,-0.0009583333333333859,0.013624999999999984,0.02635833333333339,0.026575000000000015,0.0,0.0,1
llama31_instruct,h1_dinc,79,main_perp,BaNc,OD2,-0.0,0.018966666666666666,0.021275000000000002,-0.007599999999999914,0.014399999999999968,0.0,0.0,1
llama31_instruct,h1_dinc,79,main_perp,BaPc,OD2,-0.0,-0.005591666666666697,0.021124999999999977,0.022324999999999998,0.014624999999999999,0.0,0.0,1
llama31_instruct,h1_dinc,79,main_perp,BaPd,OD1,0.0,0.027949999999999975,0.038274999999999997,-0.006683333333333396,0.007300000000000029,0.0,0.0,0
llama31_instruct,h1_dinc,79,main_perp,BaSh,MP,0.0,0.031116666666666654,0.02005,0.010133333333333348,0.006274999999999989,0.0,0.0,1
llama31_instruct,h1_dinc,79,main_perp,ChAs,MP,0.0,0.011224999999999994,0.01580000000000001,-0.006841666666666641,0.025675000000000017,0.0,0.0,1
llama31_instruct,h1_dinc,79,main_perp,ChBa,CO2,0.0,0.03329166666666668,0.022625000000000006,-0.01892500000000002,0.015125000000000027,-0.4166666666666666,0.25,1
llama31_instruct,h1_dinc,79,main_perp,ChCh,CO2,0.0,0.02207500000000003,0.022125000000000006,0.016875000000000005,0.01497500000000003,-0.08333333333333334,0.25,1
llama31_instruct,h1_dinc,79,main_perp,ChCm,OD1,0.0,-0.030983333333333356,0.02260000000000001,-0.03691666666666671,0.02345,0.0,0.0,1
llama31_instruct,h1_dinc,79,main_perp,ChCo,MP,0.0,0.02071666666666667,0.025774999999999992,-0.016416666666666663,0.018600000000000005,0.0,0.0,1
llama31_instruct,h1_dinc,79,main_perp,ChDl,OD1,0.0,0.002533333333333314,0.014849999999999974,0.03165000000000006,0.02234999999999998,0.0,0.0,1
llama31_instruct,h1_dinc,79,main_perp,ChHa,OD2,-0.0,-0.015841666666666643,0.019974999999999993,-0.04292499999999993,0.03084999999999999,-0.4166666666666666,0.25,1
llama31_instruct,h1_dinc,79,main_perp,ChHr,CO1,0.0,0.001874999999999969,0.006675000000000014,-0.0027749999999999385,0.006924999999999987,1.410390785266238e-16,0.0,1
llama31_instruct,h1_dinc,79,main_perp,CmAs,OD1,2.0,-0.006624999999999954,0.006475000000000036,-0.05785833333333333,0.0426,0.0,0.0,1
llama31_instruct,h1_dinc,79,main_perp,CmCm,DD,2.0,-0.005416666666666709,0.011774999999999973,-0.04658333333333341,0.042625000000000024,0.0,0.0,1
llama31_instruct,h1_dinc,79,main_perp,CmDl,DD,2.0,-0.027425000000000015,0.015400000000000018,-0.06087500000000005,0.04777500000000001,0.0,0.0,1
llama31_instruct,h1_dinc,79,main_perp,CmHa,DD,2.0,-0.007158333333333306,0.006474999999999995,-0.03527500000000004,0.03529999999999997,0.0,0.0,1
llama31_instruct,h1_dinc,79,main_perp,CmNc,DD,2.0,-0.02439166666666667,0.01357500000000001,-0.045225,0.046825000000000006,0.0,0.0,1
llama31_instruct,h1_dinc,79,main_perp,CoAs,CO2,1.0,0.02114166666666669,0.020899999999999988,-0.0352083333333333,0.03917499999999999,0.0,0.0,1
llama31_instruct,h1_dinc,79,main_perp,CoCo,CO1,1.0,0.006200000000000047,0.017100000000000004,-0.012083333333333307,0.030899999999999983,0.0,0.0,1
llama31_instruct,h1_dinc,79,main_perp,CoSh,CO2,1.0,0.030875,0.01865,-0.005075000000000026,0.018650000000000028,0.0,0.0,1
llama31_instruct,h1_dinc,79,main_perp,HaAs,OD2,2.0,-0.01526666666666671,0.009725000000000032,-0.04546666666666676,0.047325000000000006,0.0,0.0,1
llama31_instruct,h1_dinc,79,main_perp,HaBa,OD2,2.0,0.027533333333333358,0.027100000000000013,-0.026733333333333293,0.0266,0.0,0.0,1
llama31_instruct,h1_dinc,79,main_perp,HaCm,DD,2.0,-1.6666666666657902e-05,0.009399999999999999,-0.03146666666666668,0.03325,0.0,0.0,1
llama31_instruct,h1_dinc,79,main_perp,HaDl,DD,2.0,0.005075000000000036,0.012525000000000008,-0.03844166666666666,0.035275,0.0,0.0,1
llama31_instruct,h1_dinc,79,main_perp,HaHa,DD,2.0,0.00047499999999999485,0.00847500000000001,-0.05207500000000006,0.051950000000000024,0.0,0.0,1
llama31_instruct,h1_dinc,79,main_perp,HaNc,DD,2.0,0.02324166666666665,0.012225000000000007,-0.028008333333333343,0.03729999999999997,0.0,0.0,1
llama31_instruct,h1_dinc,79,main_perp,HaPc,DD,2.0,-0.0036,0.005799999999999989,-0.04503333333333335,0.04185,0.0,0.0,1
llama31_instruct,h1_dinc,79,main_perp,HrAs,MP,1.0,-0.03745833333333337,0.021100000000000008,-0.021175000000000072,0.03810000000000005,0.0,0.0,1
llama31_instruct,h1_dinc,79,main_perp,HrBa,CO1,1.0,-0.021075000000000035,0.017900000000000027,-0.022108333333333362,0.02762500000000001,0.0,0.0,1
llama31_instruct,h1_dinc,79,main_perp,HrCh,CO1,1.0,0.008683333333333336,0.020825000000000003,-0.02563333333333336,0.035424999999999984,0.0,0.0,1
llama31_instruct,h1_dinc,79,main_perp,HrHr,CO2,1.0,0.012233333333333353,0.013974999999999994,-0.025949999999999997,0.043149999999999994,0.0,0.0,1
llama31_instruct,h1_dinc,79,main_perp,ShAs,CO1,0.0,0.02539166666666667,0.029075000000000004,-0.008625000000000015,0.007549999999999987,0.0,0.0,0
llama31_instruct,h1_dinc,79,main_perp,ShCo,CO2,0.0,0.03999166666666666,0.037899999999999996,-0.011024999999999991,0.012550000000000006,0.0,0.0,0
llama31_instruct,h1_dinc,79,main_perp,ShSh,CO1,0.0,0.024733333333333347,0.03350000000000001,-0.0064166666666666955,0.011674999999999991,0.0,0.0,0
llama31_instruct,h1_dinc,79,random,AsAs,CO1,0.0,-0.8479499999999999,0.40802499999999997,-0.08386666666666659,0.05524999999999998,-0.9999999999999999,0.5,1
llama31_instruct,h1_dinc,79,random,AsBa,MP,-0.0,-0.8799749999999997,0.425225,0.025925000000000045,0.022999999999999993,0.16666666666666669,0.25,1
llama31_instruct,h1_dinc,79,random,AsCh,MP,-0.0,-0.8232416666666665,0.400425,0.08987499999999994,0.050624999999999976,0.5833333333333333,0.25,1
llama31_instruct,h1_dinc,79,random,AsCm,OD1,-0.0,-0.7254666666666666,0.355475,0.15863333333333338,0.10215000000000002,1.1666666666666667,0.5,1
llama31_instruct,h1_dinc,79,random,AsCo,CO2,0.0,-0.8365666666666665,0.40425,-0.15094999999999997,0.08094999999999998,-1.2499999999999998,0.5,1
llama31_instruct,h1_dinc,79,random,AsDl,OD1,-0.0,-0.7773833333333331,0.38487499999999997,0.1567333333333333,0.07352500000000001,0.9999999999999999,0.5,1
llama31_instruct,h1_dinc,79,random,AsHa,OD2,0.0,-0.8715583333333329,0.42279999999999995,-0.04567499999999999,0.027424999999999977,-0.16666666666666669,0.25,1
llama31_instruct,h1_dinc,79,random,AsHr,MP,-0.0,-0.8389583333333334,0.4052,0.10524166666666661,0.08432499999999998,1.1666666666666667,0.5,1
llama31_instruct,h1_dinc,79,random,AsNc,OD2,0.0,-0.7491666666666666,0.36562500000000003,-0.13741666666666674,0.06367500000000004,-0.8333333333333331,0.5,1
llama31_instruct,h1_dinc,79,random,AsPc,OD2,0.0,-0.9015666666666667,0.429925,-0.0915166666666667,0.0505,-0.9166666666666667,0.5,1
llama31_instruct,h1_dinc,79,random,AsPd,OD1,-0.0,-0.7151583333333333,0.34982500000000005,0.1820416666666667,0.09022499999999997,1.2499999999999998,0.5,1
llama31_instruct,h1_dinc,79,random,AsSh,CO1,0.0,-0.6856666666666666,0.340125,-0.07048333333333334,0.03702499999999998,-0.4166666666666666,0.25,1
llama31_instruct,h1_dinc,79,random,BaAs,MP,0.0,-0.8859916666666664,0.430075,-0.012875000000000037,0.04035000000000001,-0.08333333333333286,0.5,1
llama31_instruct,h1_dinc,79,random,BaBa,CO2,0.0,-0.9299166666666665,0.447975,0.03791666666666673,0.031200000000000033,0.25,0.25,1
llama31_instruct,h1_dinc,79,random,BaCh,CO2,0.0,-0.870825,0.423925,0.047658333333333296,0.026250000000000016,0.6666666666666667,0.25,1
llama31_instruct,h1_dinc,79,random,BaCm,OD1,0.0,-0.9896749999999997,0.478,0.0183583333333334,0.01782500000000002,0.16666666666666669,0.25,1
llama31_instruct,h1_dinc,79,random,BaCo,MP,0.0,-0.8980833333333331,0.44039999999999996,-0.0371333333333333,0.0533,-0.24999999999999997,0.5,1
llama31_instruct,h1_dinc,79,random,BaDl,OD1,0.0,-0.9136,0.444875,-0.004833333333333344,0.009399999999999992,0.08333333333333334,0.25,1
llama31_instruct,h1_dinc,79,random,BaHa,OD2,-0.0,-0.8840083333333332,0.43252499999999994,0.05670833333333332,0.04895000000000002,0.4166666666666666,0.25,1
llama31_instruct,h1_dinc,79,random,BaHr,CO1,0.0,-0.90835,0.441075,-0.030249999999999982,0.037675000000000014,-0.08333333333333286,0.5,1
llama31_instruct,h1_dinc,79,random,BaNc,OD2,-0.0,-0.9001666666666664,0.43337499999999995,-0.05095000000000006,0.0534,-0.16666666666666674,0.5,1
llama31_instruct,h1_dinc,79,random,BaPc,OD2,-0.0,-0.9146666666666664,0.442275,0.011833333333333296,0.022050000000000042,-0.0833333333333335,0.25,1
llama31_instruct,h1_dinc,79,random,BaPd,OD1,0.0,-0.8141499999999999,0.398425,0.018716666666666704,0.018300000000000018,0.0,0.0,1
llama31_instruct,h1_dinc,79,random,BaSh,MP,0.0,-0.888375,0.43132499999999996,0.011775000000000006,0.03422500000000001,-0.1666666666666666,0.25,1
llama31_instruct,h1_dinc,79,random,ChAs,MP,0.0,-0.9220999999999999,0.443025,-0.03445000000000002,0.04010000000000004,-0.1666666666666662,0.25,1
llama31_instruct,h1_dinc,79,random,ChBa,CO2,0.0,-0.9441416666666665,0.459625,0.047025000000000025,0.030200000000000005,0.41666666666666674,0.5,1
llama31_instruct,h1_dinc,79,random,ChCh,CO2,0.0,-0.9115499999999999,0.43542499999999995,0.028700000000000024,0.016875000000000015,0.1666666666666666,0.25,1
llama31_instruct,h1_dinc,79,random,ChCm,OD1,0.0,-0.9519249999999998,0.4655,-0.010108333333333346,0.00520000000000001,-1.410390785266238e-16,0.0,1
llama31_instruct,h1_dinc,79,random,ChCo,MP,0.0,-0.9524166666666664,0.456275,0.004233333333333434,0.019224999999999992,0.0,0.25,1
llama31_instruct,h1_dinc,79,random,ChDl,OD1,0.0,-0.9211750000000001,0.449275,-0.00977500000000001,0.023875000000000007,-0.24999999999999997,0.25,1
llama31_instruct,h1_dinc,79,random,ChHa,OD2,-0.0,-0.8817583333333332,0.42965,0.1003583333333333,0.07779999999999998,0.8333333333333328,0.5,1
llama31_instruct,h1_dinc,79,random,ChHr,CO1,0.0,-0.9611583333333333,0.4648,-0.018975000000000013,0.017325000000000007,-0.24999999999999997,0.25,1
llama31_instruct,h1_dinc,79,random,CmAs,OD1,2.0,-0.53285,0.272175,0.14431666666666668,0.11345000000000005,0.0,0.0,1
llama31_instruct,h1_dinc,79,random,CmCm,DD,2.0,-0.6131083333333333,0.306825,0.1460583333333333,0.11407499999999998,0.4166666666666666,0.25,1
llama31_instruct,h1_dinc,79,random,CmDl,DD,2.0,-0.5916999999999999,0.29345,-0.031200000000000054,0.07492499999999996,0.0,0.0,1
llama31_instruct,h1_dinc,79,random,CmHa,DD,2.0,-0.6189666666666666,0.307675,0.18229999999999993,0.12139999999999998,0.4166666666666666,0.25,1
llama31_instruct,h1_dinc,79,random,CmNc,DD,2.0,-0.6223416666666666,0.311525,0.11594166666666668,0.11385000000000003,0.0,0.0,1
llama31_instruct,h1_dinc,79,random,CoAs,CO2,1.0,-0.8158333333333334,0.3978,-0.11576666666666664,0.09225,-0.9999999999999999,0.5,1
llama31_instruct,h1_dinc,79,random,CoCo,CO1,1.0,-0.8062916666666665,0.39480000000000004,-0.0757583333333333,0.08089999999999997,-0.8333333333333333,0.5,1
llama31_instruct,h1_dinc,79,random,CoSh,CO2,1.0,-0.7227083333333333,0.35285,-0.20760833333333345,0.10655,-1.3333333333333335,0.5,1
llama31_instruct,h1_dinc,79,random,HaAs,OD2,2.0,-0.6943916666666666,0.3408,0.03489166666666656,0.08362499999999998,0.4166666666666666,0.25,1
llama31_instruct,h1_dinc,79,random,HaBa,OD2,2.0,-0.7559499999999999,0.372175,-0.19486666666666666,0.10424999999999995,-1.3333333333333335,0.5,1
llama31_instruct,h1_dinc,79,random,HaCm,DD,2.0,-0.7501749999999999,0.36185,-0.22052500000000003,0.12357499999999999,-1.25,0.5,1
llama31_instruct,h1_dinc,79,random,HaDl,DD,2.0,-0.8089416666666666,0.398025,-0.14434166666666673,0.09225,-1.0833333333333333,0.5,1
llama31_instruct,h1_dinc,79,random,HaHa,DD,2.0,-0.6253,0.312075,-0.041466666666666735,0.08410000000000004,0.0,0.0,1
llama31_instruct,h1_dinc,79,random,HaNc,DD,2.0,-0.5655249999999999,0.282675,-0.24300833333333327,0.13297499999999998,-0.5833333333333334,0.25,1
llama31_instruct,h1_dinc,79,random,HaPc,DD,2.0,-0.5831999999999999,0.29215,-0.14760000000000004,0.107325,-0.41666666666666663,0.25,1
llama31_instruct,h1_dinc,79,random,HrAs,MP,1.0,-0.77005,0.3788,0.09935000000000012,0.09062500000000007,0.5833333333333333,0.5,1
llama31_instruct,h1_dinc,79,random,HrBa,CO1,1.0,-0.9058333333333333,0.43895,-0.013616666666666678,0.05009999999999998,0.16666666666666646,0.5,1
llama31_instruct,h1_dinc,79,random,HrCh,CO1,1.0,-0.7998083333333331,0.391775,-0.09520833333333337,0.08389999999999995,-1.0833333333333333,0.5,1
llama31_instruct,h1_dinc,79,random,HrHr,CO2,1.0,-0.7764583333333333,0.379575,0.003774999999999957,0.06024999999999997,-2.3115197751421316e-17,0.25,1
llama31_instruct,h1_dinc,79,random,ShAs,CO1,0.0,-0.7596499999999999,0.37534999999999996,-0.09814999999999997,0.04949999999999999,-0.8333333333333331,0.5,1
llama31_instruct,h1_dinc,79,random,ShCo,CO2,0.0,-0.7353416666666666,0.36012500000000003,-0.21874166666666672,0.10252500000000003,-0.9999999999999999,0.5,1
llama31_instruct,h1_dinc,79,random,ShSh,CO1,0.0,-0.7847416666666667,0.388475,-0.13777500000000004,0.06492500000000004,-0.8333333333333331,0.5,1
llama31_instruct,h2_choice,65,main,AsAs,CO1,0.0,-0.2901666666666667,0.14035,-0.12344999999999991,0.06574999999999996,-0.8333333333333331,0.5,1
llama31_instruct,h2_choice,65,main,AsBa,MP,-0.0,-0.3504,0.17282499999999998,0.09078333333333338,0.044625000000000054,0.8333333333333331,0.5,1
llama31_instruct,h2_choice,65,main,AsCh,MP,-0.0,-0.32775833333333326,0.16779999999999998,0.1430249999999999,0.07254999999999998,0.8333333333333331,0.5,1
llama31_instruct,h2_choice,65,main,AsCm,OD1,-0.0,-0.32694166666666663,0.16022499999999998,0.2807583333333333,0.138375,0.9999999999999999,0.5,1
llama31_instruct,h2_choice,65,main,AsCo,CO2,0.0,-0.3081083333333332,0.15520000000000003,-0.18144166666666658,0.092075,-0.9999999999999999,0.5,1
llama31_instruct,h2_choice,65,main,AsDl,OD1,-0.0,-0.22095833333333326,0.111275,0.167725,0.08302499999999999,0.4166666666666666,0.25,1
llama31_instruct,h2_choice,65,main,AsHa,OD2,0.0,-0.27177500000000004,0.13895000000000002,-0.05464166666666674,0.03385000000000003,-0.4166666666666666,0.25,1
llama31_instruct,h2_choice,65,main,AsHr,MP,-0.0,-0.3176583333333333,0.15735,0.1999749999999999,0.10339999999999996,0.41666666666666663,0.25,1
llama31_instruct,h2_choice,65,main,AsNc,OD2,0.0,-0.28369999999999995,0.138875,-0.19378333333333334,0.09842500000000001,-0.8333333333333331,0.5,1
llama31_instruct,h2_choice,65,main,AsPc,OD2,0.0,-0.31937499999999985,0.15534999999999996,-0.040325,0.0431,-1.2499999999999998,0.5,1
llama31_instruct,h2_choice,65,main,AsPd,OD1,-0.0,-0.293475,0.146625,0.23952499999999996,0.124525,0.9999999999999999,0.5,1
llama31_instruct,h2_choice,65,main,AsSh,CO1,0.0,-0.15916666666666665,0.085975,-0.09464999999999994,0.045774999999999996,0.0,0.0,0
llama31_instruct,h2_choice,65,main,BaAs,MP,0.0,-0.4114,0.20875,0.15451666666666672,0.07815000000000003,2.3115197751421316e-17,0.25,1
llama31_instruct,h2_choice,65,main,BaBa,CO2,0.0,-0.339375,0.17017500000000002,0.12689166666666657,0.06612499999999998,0.25,0.25,1
llama31_instruct,h2_choice,65,main,BaCh,CO2,0.0,-0.28797500000000004,0.16030000000000003,0.07057500000000005,0.04892500000000002,0.4166666666666666,0.25,1
llama31_instruct,h2_choice,65,main,BaCm,OD1,0.0,-0.4896416666666666,0.23702499999999999,0.023358333333333377,0.021799999999999986,-1.410390785266238e-16,0.0,1
llama31_instruct,h2_choice,65,main,BaCo,MP,0.0,-0.49370833333333347,0.23515000000000003,0.04714166666666665,0.03362499999999999,-1.0833333333333333,0.5,1
llama31_instruct,h2_choice,65,main,BaDl,OD1,0.0,-0.3241999999999999,0.155525,0.11759999999999997,0.064725,0.16666666666666669,0.25,1
llama31_instruct,h2_choice,65,main,BaHa,OD2,-0.0,-0.4641666666666666,0.23532499999999998,-0.07833333333333338,0.04350000000000004,0.0,0.0,1
llama31_instruct,h2_choice,65,main,BaHr,CO1,0.0,-0.4968249999999999,0.24109999999999998,0.039291666666666634,0.038774999999999976,-0.5833333333333333,0.5,1
llama31_instruct,h2_choice,65,main,BaNc,OD2,-0.0,-0.36603333333333327,0.19272499999999998,-0.13744999999999993,0.06497499999999998,-0.41666666666666663,0.25,1
llama31_instruct,h2_choice,65,main,BaPc,OD2,-0.0,-0.5737166666666667,0.289625,-0.017883333333333317,0.021375000000000005,-0.16666666666666682,0.25,1
llama31_instruct,h2_choice,65,main,BaPd,OD1,0.0,-0.22909999999999997,0.119175,0.009383333333333318,0.012475,0.0,0.0,0
llama31_instruct,h2_choice,65,main,BaSh,MP,0.0,-0.41195833333333326,0.21234999999999998,0.14629166666666665,0.08165,0.0,0.0,1
llama31_instruct,h2_choice,65,main,ChAs,MP,0.0,-0.448825,0.22192500000000004,0.07402500000000004,0.040275000000000005,2.3115197751421316e-17,0.25,1
llama31_instruct,h2_choice,65,main,ChBa,CO2,0.0,-0.3910416666666667,0.208425,-0.00039166666666668837,0.028724999999999987,0.8333333333333331,0.5,1
llama31_instruct,h2_choice,65,main,ChCh,CO2,0.0,-0.4213416666666666,0.207625,0.01647499999999998,0.023224999999999982,-1.410390785266238e-16,0.0,1
llama31_instruct,h2_choice,65,main,ChCm,OD1,0.0,-0.5577333333333333,0.28145,0.057116666666666704,0.039175000000000015,0.4166666666666666,0.25,1
llama31_instruct,h2_choice,65,main,ChCo,MP,0.0,-0.4573999999999999,0.233925,0.048066666666666716,0.03297500000000002,-0.24999999999999997,0.25,1
llama31_instruct,h2_choice,65,main,ChDl,OD1,0.0,-0.41741666666666666,0.19445,0.06764999999999999,0.05652500000000002,-0.4166666666666666,0.25,1
llama31_instruct,h2_choice,65,main,ChHa,OD2,-0.0,-0.36787500000000006,0.18689999999999998,-0.03525833333333336,0.04872500000000002,0.9999999999999994,0.5,1
llama31_instruct,h2_choice,65,main,ChHr,CO1,0.0,-0.49110833333333326,0.249475,-0.0024583333333333,0.03299999999999999,-0.5833333333333333,0.5,1
llama31_instruct,h2_choice,65,main,CmAs,OD1,2.0,-0.16787499999999997,0.08177500000000001,-0.06089166666666662,0.04000000000000001,0.0,0.0,1
llama31_instruct,h2_choice,65,main,CmCm,DD,2.0,-0.19906666666666661,0.10527499999999998,-0.06991666666666665,0.03872500000000001,0.0,0.0,1
llama31_instruct,h2_choice,65,main,CmDl,DD,2.0,-0.20199999999999999,0.09992500000000003,-0.1353166666666667,0.06487500000000004,0.0,0.0,1
llama31_instruct,h2_choice,65,main,CmHa,DD,2.0,-0.23677499999999999,0.12367500000000002,-0.03720833333333338,0.037525,0.0,0.0,1
llama31_instruct,h2_choice,65,main,CmNc,DD,2.0,-0.2002333333333333,0.10855000000000001,-0.0866833333333333,0.05745,0.0,0.0,1
llama31_instruct,h2_choice,65,main,CoAs,CO2,1.0,-0.34455833333333324,0.17995,-0.18247499999999997,0.0917,-0.5833333333333334,0.25,1
llama31_instruct,h2_choice,65,main,CoCo,CO1,1.0,-0.3365916666666666,0.16765,-0.1871083333333333,0.09119999999999998,0.0,0.0,1
llama31_instruct,h2_choice,65,main,CoSh,CO2,1.0,-0.3354083333333333,0.1694,-0.29697499999999993,0.15475,-1.0833333333333333,0.5,1
llama31_instruct,h2_choice,65,main,HaAs,OD2,2.0,-0.23471666666666666,0.13035,-0.13328333333333334,0.066225,0.0,0.0,1
llama31_instruct,h2_choice,65,main,HaBa,OD2,2.0,-0.31242499999999995,0.14504999999999998,-0.27914166666666657,0.13539999999999996,-1.3333333333333335,0.5,1
llama31_instruct,h2_choice,65,main,HaCm,DD,2.0,-0.3363916666666666,0.16544999999999999,-0.23354166666666668,0.10735,-0.9999999999999999,0.5,1
llama31_instruct,h2_choice,65,main,HaDl,DD,2.0,-0.3303999999999999,0.15617499999999998,-0.29205,0.137725,-0.6666666666666667,0.25,1
llama31_instruct,h2_choice,65,main,HaHa,DD,2.0,-0.22859999999999994,0.115175,-0.17179999999999998,0.08097499999999999,0.0,0.0,1
llama31_instruct,h2_choice,65,main,HaNc,DD,2.0,-0.19685833333333333,0.098,-0.18207500000000004,0.09085000000000001,0.0,0.0,1
llama31_instruct,h2_choice,65,main,HaPc,DD,2.0,-0.23625833333333335,0.11892500000000002,-0.19894166666666677,0.10197500000000004,0.0,0.0,1
llama31_instruct,h2_choice,65,main,HrAs,MP,1.0,-0.40639166666666665,0.20830000000000004,-0.021591666666666655,0.03875000000000001,0.4166666666666666,0.25,1
llama31_instruct,h2_choice,65,main,HrBa,CO1,1.0,-0.4943666666666665,0.24662499999999998,-0.09031666666666677,0.05055000000000004,-2.3115197751421316e-17,0.25,1
llama31_instruct,h2_choice,65,main,HrCh,CO1,1.0,-0.3282833333333333,0.161875,-0.15143333333333336,0.07327500000000003,-0.6666666666666667,0.25,1
llama31_instruct,h2_choice,65,main,HrHr,CO2,1.0,-0.42227500000000007,0.21642499999999998,-0.0718583333333334,0.05770000000000003,-2.3115197751421316e-17,0.25,1
llama31_instruct,h2_choice,65,main,ShAs,CO1,0.0,-0.16864166666666666,0.084975,-0.10532499999999997,0.05277500000000001,0.0,0.0,0
llama31_instruct,h2_choice,65,main,ShCo,CO2,0.0,-0.22400833333333325,0.10557499999999997,-0.23937500000000003,0.12102500000000002,-0.8333333333333331,0.5,1
llama31_instruct,h2_choice,65,main,ShSh,CO1,0.0,-0.27699999999999997,0.13924999999999998,-0.14941666666666656,0.08357499999999995,-0.4166666666666666,0.25,1
llama31_instruct,h2_choice,65,main_perp,AsAs,CO1,0.0,-0.33485,0.16779999999999998,-0.08133333333333335,0.04925,-0.8333333333333331,0.5,1
llama31_instruct,h2_choice,65,main_perp,AsBa,MP,-0.0,-0.320775,0.16770000000000002,0.15210833333333335,0.079875,0.8333333333333331,0.5,1
llama31_instruct,h2_choice,65,main_perp,AsCh,MP,-0.0,-0.3678083333333332,0.18037499999999998,0.15420833333333323,0.07367499999999996,0.8333333333333331,0.5,1
llama31_instruct,h2_choice,65,main_perp,AsCm,OD1,-0.0,-0.29025833333333323,0.15104999999999996,0.2727916666666666,0.13614999999999997,0.8333333333333333,0.5,1
llama31_instruct,h2_choice,65,main_perp,AsCo,CO2,0.0,-0.33254999999999996,0.17377499999999996,-0.1880833333333333,0.09887499999999998,-0.8333333333333331,0.5,1
llama31_instruct,h2_choice,65,main_perp,AsDl,OD1,-0.0,-0.2700416666666666,0.13324999999999998,0.21065833333333323,0.10499999999999998,0.4166666666666666,0.25,1
llama31_instruct,h2_choice,65,main_perp,AsHa,OD2,0.0,-0.274025,0.1366,-0.04030833333333334,0.028100000000000014,0.0,0.0,0
llama31_instruct,h2_choice,65,main_perp,AsHr,MP,-0.0,-0.30606666666666665,0.140125,0.2290833333333333,0.10887499999999997,0.41666666666666663,0.25,1
llama31_instruct,h2_choice,65,main_perp,AsNc,OD2,0.0,-0.25156666666666666,0.11850000000000001,-0.10351666666666666,0.056450000000000014,0.0,0.0,0
llama31_instruct,h2_choice,65,main_perp,AsPc,OD2,0.0,-0.35024999999999984,0.17439999999999997,-0.06904999999999997,0.03952500000000002,-1.083333333333333,0.5,1
llama31_instruct,h2_choice,65,main_perp,AsPd,OD1,-0.0,-0.345,0.17565,0.26271666666666654,0.13809999999999997,0.8333333333333331,0.5,1
llama31_instruct,h2_choice,65,main_perp,AsSh,CO1,0.0,-0.21443333333333323,0.11062499999999999,-0.09079999999999999,0.042500000000000024,0.0,0.0,0
llama31_instruct,h2_choice,65,main_perp,BaAs,MP,0.0,-0.34598333333333314,0.173475,0.14479999999999996,0.07572499999999999,2.3115197751421316e-17,0.25,1
llama31_instruct,h2_choice,65,main_perp,BaBa,CO2,0.0,-0.37899999999999995,0.19227499999999997,0.11334999999999998,0.059725000000000014,0.25,0.25,1
llama31_instruct,h2_choice,65,main_perp,BaCh,CO2,0.0,-0.29442499999999994,0.15157500000000002,0.0897250000000001,0.05092500000000001,0.4166666666666666,0.25,1
llama31_instruct,h2_choice,65,main_perp,BaCm,OD1,0.0,-0.5052666666666666,0.24000000000000005,-0.010799999999999914,0.036275,-1.410390785266238e-16,0.0,1
llama31_instruct,h2_choice,65,main_perp,BaCo,MP,0.0,-0.495075,0.2549,0.07367500000000002,0.04297500000000001,-0.25,0.25,1
llama31_instruct,h2_choice,65,main_perp,BaDl,OD1,0.0,-0.3432833333333332,0.169975,0.09391666666666662,0.05032500000000001,0.25,0.25,1
llama31_instruct,h2_choice,65,main_perp,BaHa,OD2,-0.0,-0.4387916666666666,0.2128,-0.0635083333333334,0.05102500000000004,0.0,0.0,1
llama31_instruct,h2_choice,65,main_perp,BaHr,CO1,0.0,-0.5094916666666667,0.24505,0.09737499999999999,0.049399999999999986,-0.1666666666666666,0.25,1
llama31_instruct,h2_choice,65,main_perp,BaNc,OD2,-0.0,-0.4051583333333334,0.21392500000000003,-0.10885833333333333,0.052175000000000055,-0.41666666666666663,0.25,1
llama31_instruct,h2_choice,65,main_perp,BaPc,OD2,-0.0,-0.5347499999999998,0.26327500000000004,-0.03680000000000003,0.021100000000000008,-2.3115197751421316e-17,0.25,1
llama31_instruct,h2_choice,65,main_perp,BaPd,OD1,0.0,-0.2652166666666666,0.134125,0.012399999999999967,0.038425,0.0,0.0,0
llama31_instruct,h2_choice,65,main_perp,BaSh,MP,0.0,-0.41865833333333324,0.20794999999999997,0.1547583333333333,0.0857,0.0,0.0,1
llama31_instruct,h2_choice,65,main_perp,ChAs,MP,0.0,-0.4404,0.215025,0.07476666666666665,0.0388,-0.16666666666666646,0.5,1
llama31_instruct,h2_choice,65,main_perp,ChBa,CO2,0.0,-0.45431666666666665,0.232775,-0.0007833333333333273,0.035549999999999984,0.49999999999999994,0.5,1
llama31_instruct,h2_choice,65,main_perp,ChCh,CO2,0.0,-0.45749166666666646,0.2243,-0.011708333333333291,0.03762499999999998,-0.41666666666666674,0.25,1
llama31_instruct,h2_choice,65,main_perp,ChCm,OD1,0.0,-0.5906499999999999,0.2984,0.01101666666666671,0.029100000000000015,0.08333333333333323,0.25,1
llama31_instruct,h2_choice,65,main_perp,ChCo,MP,0.0,-0.45359166666666667,0.24162500000000003,0.04869166666666673,0.03495000000000001,-0.24999999999999997,0.25,1
llama31_instruct,h2_choice,65,main_perp,ChDl,OD1,0.0,-0.4805333333333333,0.2299,0.06578333333333333,0.034850000000000006,-0.4166666666666666,0.25,1
llama31_instruct,h2_choice,65,main_perp,ChHa,OD2,-0.0,-0.41196666666666665,0.203375,-0.0640833333333334,0.04097500000000001,0.8333333333333328,0.5,1
llama31_instruct,h2_choice,65,main_perp,ChHr,CO1,0.0,-0.5256166666666665,0.268475,-0.06694999999999997,0.040624999999999994,-0.5833333333333333,0.25,1
llama31_instruct,h2_choice,65,main_perp,CmAs,OD1,2.0,-0.16604999999999995,0.07964999999999997,-0.062383333333333235,0.031149999999999956,0.0,0.0,1
llama31_instruct,h2_choice,65,main_perp,CmCm,DD,2.0,-0.19698333333333337,0.09980000000000001,-0.027283333333333375,0.014024999999999982,0.0,0.0,1
llama31_instruct,h2_choice,65,main_perp,CmDl,DD,2.0,-0.18305833333333338,0.09195000000000003,-0.12394166666666671,0.06265000000000004,0.0,0.0,1
llama31_instruct,h2_choice,65,main_perp,CmHa,DD,2.0,-0.26017500000000005,0.13374999999999998,-0.03342499999999998,0.045849999999999974,0.0,0.0,1
llama31_instruct,h2_choice,65,main_perp,CmNc,DD,2.0,-0.20938333333333328,0.109625,-0.0778833333333333,0.050275000000000014,0.0,0.0,1
llama31_instruct,h2_choice,65,main_perp,CoAs,CO2,1.0,-0.38120833333333326,0.1961,-0.21222499999999994,0.10785,-0.8333333333333333,0.5,1
llama31_instruct,h2_choice,65,main_perp,CoCo,CO1,1.0,-0.32674166666666665,0.15875,-0.17479166666666668,0.07870000000000002,0.0,0.0,1
llama31_instruct,h2_choice,65,main_perp,CoSh,CO2,1.0,-0.32171666666666654,0.16602499999999998,-0.2847333333333333,0.145075,-1.25,0.5,1
llama31_instruct,h2_choice,65,main_perp,HaAs,OD2,2.0,-0.23550000000000001,0.117125,-0.15466666666666673,0.07522500000000004,0.0,0.0,1
llama31_instruct,h2_choice,65,main_perp,HaBa,OD2,2.0,-0.3269166666666665,0.15885,-0.2672666666666666,0.13595,-1.1666666666666665,0.5,1
llama31_instruct,h2_choice,65,main_perp,HaCm,DD,2.0,-0.29584999999999984,0.14525,-0.18988333333333335,0.08730000000000002,-0.8333333333333333,0.5,1
llama31_instruct,h2_choice,65,main_perp,HaDl,DD,2.0,-0.3389249999999999,0.169425,-0.287825,0.14072500000000004,-0.6666666666666667,0.25,1
llama31_instruct,h2_choice,65,main_perp,HaHa,DD,2.0,-0.21126666666666663,0.10735,-0.15073333333333327,0.07444999999999999,0.0,0.0,1
llama31_instruct,h2_choice,65,main_perp,HaNc,DD,2.0,-0.20633333333333329,0.10602500000000001,-0.205,0.10602500000000001,-0.41666666666666663,0.25,1
llama31_instruct,h2_choice,65,main_perp,HaPc,DD,2.0,-0.22907500000000003,0.11395000000000002,-0.19142500000000007,0.09915000000000004,0.0,0.0,1
llama31_instruct,h2_choice,65,main_perp,HrAs,MP,1.0,-0.3868083333333333,0.195975,-0.043558333333333345,0.025824999999999987,0.4166666666666666,0.25,1
llama31_instruct,h2_choice,65,main_perp,HrBa,CO1,1.0,-0.5352916666666666,0.266425,-0.053675000000000014,0.05205000000000001,-2.3115197751421316e-17,0.25,1
llama31_instruct,h2_choice,65,main_perp,HrCh,CO1,1.0,-0.33569166666666655,0.167275,-0.19464166666666666,0.097525,-0.6666666666666667,0.25,1
llama31_instruct,h2_choice,65,main_perp,HrHr,CO2,1.0,-0.4233083333333331,0.20482499999999998,-0.07574166666666672,0.05105000000000001,0.0,0.0,1
llama31_instruct,h2_choice,65,main_perp,ShAs,CO1,0.0,-0.1796583333333333,0.089675,-0.11397500000000002,0.05494999999999999,0.0,0.0,0
llama31_instruct,h2_choice,65,main_perp,ShCo,CO2,0.0,-0.22539999999999996,0.11439999999999997,-0.21276666666666663,0.11219999999999997,-0.8333333333333331,0.5,1
llama31_instruct,h2_choice,65,main_perp,ShSh,CO1,0.0,-0.2976333333333333,0.14015,-0.15361666666666665,0.06410000000000002,-0.4166666666666666,0.25,1
llama31_instruct,h2_choice,65,random,AsAs,CO1,0.0,0.11464999999999999,0.062000000000000006,0.07563333333333332,0.040499999999999994,0.0,0.0,0
llama31_instruct,h2_choice,65,random,AsBa,MP,-0.0,0.19132499999999997,0.10605,-0.0458083333333334,0.027150000000000035,-0.41666666666666663,0.25,1
llama31_instruct,h2_choice,65,random,AsCh,MP,-0.0,0.15535833333333332,0.08085,-0.06587499999999998,0.029299999999999993,0.0,0.0,0
llama31_instruct,h2_choice,65,random,AsCm,OD1,-0.0,0.1436,0.070475,-0.10799999999999997,0.055900000000000005,0.0,0.0,1
llama31_instruct,h2_choice,65,random,AsCo,CO2,0.0,0.13767499999999996,0.06642500000000001,0.09359166666666667,0.056975,0.41666666666666663,0.25,1
llama31_instruct,h2_choice,65,random,AsDl,OD1,-0.0,0.13209999999999997,0.0717,-0.11750000000000001,0.06305000000000002,-0.41666666666666663,0.25,1
llama31_instruct,h2_choice,65,random,AsHa,OD2,0.0,0.16225,0.08305000000000001,0.025033333333333397,0.02372500000000001,0.0,0.0,0
llama31_instruct,h2_choice,65,random,AsHr,MP,-0.0,0.10674999999999996,0.062875,-0.04959999999999997,0.03982499999999997,0.0,0.0,1
llama31_instruct,h2_choice,65,random,AsNc,OD2,0.0,0.18376666666666666,0.09455,0.06528333333333333,0.03465,0.0,0.0,0
llama31_instruct,h2_choice,65,random,AsPc,OD2,0.0,0.18625,0.09897500000000001,0.04485000000000005,0.032000000000000015,0.41666666666666663,0.25,1
llama31_instruct,h2_choice,65,random,AsPd,OD1,-0.0,0.18793333333333337,0.099,-0.13559999999999997,0.06759999999999997,-0.41666666666666663,0.25,1
llama31_instruct,h2_choice,65,random,AsSh,CO1,0.0,0.09036666666666665,0.043899999999999995,0.039700000000000076,0.020900000000000002,0.0,0.0,0
llama31_instruct,h2_choice,65,random,BaAs,MP,0.0,0.16950833333333337,0.09022500000000003,0.015924999999999984,0.015100000000000002,0.41666666666666663,0.25,1
llama31_instruct,h2_choice,65,random,BaBa,CO2,0.0,0.20970833333333333,0.104475,-0.014774999999999969,0.02314999999999999,-0.5833333333333334,0.25,1
llama31_instruct,h2_choice,65,random,BaCh,CO2,0.0,0.12195833333333334,0.06722500000000001,0.029874999999999957,0.028075000000000003,0.0,0.0,0
llama31_instruct,h2_choice,65,random,BaCm,OD1,0.0,0.1897083333333333,0.09739999999999999,-0.052475,0.0374,-0.0833333333333334,0.5,1
llama31_instruct,h2_choice,65,random,BaCo,MP,0.0,0.21903333333333333,0.11477500000000003,0.007416666666666642,0.043725000000000014,0.6666666666666667,0.25,1
llama31_instruct,h2_choice,65,random,BaDl,OD1,0.0,0.2019916666666666,0.09649999999999999,-0.01797499999999996,0.030224999999999974,-0.5833333333333334,0.25,1
llama31_instruct,h2_choice,65,random,BaHa,OD2,-0.0,0.24194999999999994,0.12474999999999999,-0.03553333333333331,0.03140000000000001,-0.4166666666666666,0.25,1
llama31_instruct,h2_choice,65,random,BaHr,CO1,0.0,0.2741416666666667,0.1342,-0.004675000000000049,0.040325,0.49999999999999994,0.25,1
llama31_instruct,h2_choice,65,random,BaNc,OD2,-0.0,0.2146166666666667,0.10927500000000001,0.055783333333333365,0.03562500000000002,0.0,0.0,1
llama31_instruct,h2_choice,65,random,BaPc,OD2,-0.0,0.21474999999999997,0.10182499999999998,-0.05731666666666671,0.029650000000000037,-0.41666666666666663,0.25,1
llama31_instruct,h2_choice,65,random,BaPd,OD1,0.0,0.09254166666666666,0.053125000000000006,0.0398916666666667,0.025674999999999996,0.0,0.0,0
llama31_instruct,h2_choice,65,random,BaSh,MP,0.0,0.20359166666666664,0.10695,-0.07729166666666668,0.05015000000000001,0.0,0.0,1
llama31_instruct,h2_choice,65,random,ChAs,MP,0.0,0.18228333333333324,0.09117499999999999,-0.01854999999999995,0.017100000000000004,0.0,0.0,1
llama31_instruct,h2_choice,65,random,ChBa,CO2,0.0,0.24619999999999995,0.140325,0.013399999999999948,0.014700000000000019,0.0,0.0,1
llama31_instruct,h2_choice,65,random,ChCh,CO2,0.0,0.17819999999999997,0.08259999999999998,0.0097333333333333,0.02164999999999999,-0.2500000000000001,0.25,1
llama31_instruct,h2_choice,65,random,ChCm,OD1,0.0,0.245125,0.12887500000000002,-0.021341666666666693,0.01685000000000003,-0.5833333333333334,0.25,1
llama31_instruct,h2_choice,65,random,ChCo,MP,0.0,0.22278333333333333,0.10617499999999999,-0.02901666666666668,0.05107500000000001,-0.16666666666666682,0.25,1
llama31_instruct,h2_choice,65,random,ChDl,OD1,0.0,0.20741666666666664,0.10252500000000002,-0.029566666666666686,0.029250000000000012,0.0,0.0,1
llama31_instruct,h2_choice,65,random,ChHa,OD2,-0.0,0.18846666666666667,0.10205000000000004,0.01591666666666669,0.014875000000000027,-0.41666666666666674,0.25,1
llama31_instruct,h2_choice,65,random,ChHr,CO1,0.0,0.23396666666666663,0.130125,0.06245000000000001,0.040925,0.6666666666666667,0.5,1
llama31_instruct,h2_choice,65,random,CmAs,OD1,2.0,0.06912499999999998,0.037625,-0.01567499999999992,0.013975000000000015,0.0,0.0,1
llama31_instruct,h2_choice,65,random,CmCm,DD,2.0,0.08632499999999997,0.04630000000000001,0.0036583333333332795,0.013049999999999978,0.0,0.0,1
llama31_instruct,h2_choice,65,random,CmDl,DD,2.0,0.07323333333333328,0.035874999999999976,0.0405,0.02152499999999999,0.0,0.0,1
llama31_instruct,h2_choice,65,random,CmHa,DD,2.0,0.08650833333333334,0.04647500000000001,0.016375000000000032,0.01907500000000001,0.0,0.0,1
llama31_instruct,h2_choice,65,random,CmNc,DD,2.0,0.08795000000000001,0.04372500000000002,0.02769999999999996,0.01697499999999999,0.0,0.0,1
llama31_instruct,h2_choice,65,random,CoAs,CO2,1.0,0.200925,0.0952,0.11107500000000008,0.054900000000000004,0.5833333333333333,0.25,1
llama31_instruct,h2_choice,65,random,CoCo,CO1,1.0,0.1469083333333333,0.08817500000000002,0.08320833333333337,0.044625000000000054,0.0,0.0,1
llama31_instruct,h2_choice,65,random,CoSh,CO2,1.0,0.11564166666666663,0.06867499999999999,0.06762499999999994,0.03857499999999997,0.33333333333333337,0.25,1
llama31_instruct,h2_choice,65,random,HaAs,OD2,2.0,0.16234999999999997,0.07970000000000001,0.05470000000000001,0.029949999999999977,0.0,0.0,1
llama31_instruct,h2_choice,65,random,HaBa,OD2,2.0,0.15771666666666667,0.07930000000000001,0.1239166666666667,0.05890000000000002,0.8333333333333331,0.5,1
llama31_instruct,h2_choice,65,random,HaCm,DD,2.0,0.16832499999999995,0.08582499999999998,0.09800833333333336,0.048424999999999996,0.4166666666666666,0.25,1
llama31_instruct,h2_choice,65,random,HaDl,DD,2.0,0.14084999999999992,0.07189999999999999,0.11881666666666658,0.062099999999999975,0.6666666666666667,0.25,1
llama31_instruct,h2_choice,65,random,HaHa,DD,2.0,0.09556666666666666,0.04667500000000001,0.0675666666666666,0.032275000000000026,0.0,0.0,1
llama31_instruct,h2_choice,65,random,HaNc,DD,2.0,0.11045000000000003,0.05875000000000002,0.10551666666666668,0.062450000000000006,0.0,0.0,1
llama31_instruct,h2_choice,65,random,HaPc,DD,2.0,0.117525,0.06405000000000001,0.08757500000000004,0.04365000000000002,0.0,0.0,1
llama31_instruct,h2_choice,65,random,HrAs,MP,1.0,0.1705083333333333,0.09359999999999999,0.032324999999999895,0.022174999999999973,0.0,0.0,1
llama31_instruct,h2_choice,65,random,HrBa,CO1,1.0,0.27384166666666665,0.13692500000000002,0.10865833333333333,0.050875000000000004,0.0,0.0,1
llama31_instruct,h2_choice,65,random,HrCh,CO1,1.0,0.13976666666666662,0.06632499999999998,0.08999999999999998,0.042874999999999996,0.25,0.25,1
llama31_instruct,h2_choice,65,random,HrHr,CO2,1.0,0.14736666666666667,0.07285000000000001,0.0469833333333334,0.027150000000000035,0.0,0.0,1
llama31_instruct,h2_choice,65,random,ShAs,CO1,0.0,0.13298333333333331,0.080075,0.05768333333333342,0.03454999999999999,0.0,0.0,0
llama31_instruct,h2_choice,65,random,ShCo,CO2,0.0,0.09857500000000002,0.048625000000000015,0.070175,0.03352500000000001,0.0,0.0,0
llama31_instruct,h2_choice,65,random,ShSh,CO1,0.0,0.18201666666666663,0.08787500000000001,0.08496666666666662,0.043125,0.0,0.0,0
llama31_instruct,h2_choice,79,main,AsAs,CO1,0.0,-2.0889083333333325,0.9411499999999999,-0.05599166666666678,0.08780000000000002,-0.16666666666666669,0.5,1
llama31_instruct,h2_choice,79,main,AsBa,MP,-0.0,-2.1105249999999995,0.941525,0.0433916666666667,0.06700000000000003,0.08333333333333334,0.25,1
llama31_instruct,h2_choice,79,main,AsCh,MP,-0.0,-2.0751999999999993,0.9386249999999999,0.059900000000000016,0.08745,0.16666666666666669,0.5,1
llama31_instruct,h2_choice,79,main,AsCm,OD1,-0.0,-1.9694416666666672,0.914525,0.14202500000000007,0.2297,0.5000000000000002,0.5,1
llama31_instruct,h2_choice,79,main,AsCo,CO2,0.0,-2.075933333333333,0.936525,-0.11796666666666665,0.14459999999999995,-0.16666666666666669,0.5,1
llama31_instruct,h2_choice,79,main,AsDl,OD1,-0.0,-2.025683333333333,0.9257750000000001,0.11206666666666676,0.13,0.16666666666666669,0.5,1
llama31_instruct,h2_choice,79,main,AsHa,OD2,0.0,-2.1213500000000005,0.9438,-0.047300000000000064,0.053500000000000034,-0.08333333333333334,0.25,1
llama31_instruct,h2_choice,79,main,AsHr,MP,-0.0,-2.0770416666666667,0.937125,0.06597500000000014,0.16535000000000002,0.166666666666667,0.5,1
llama31_instruct,h2_choice,79,main,AsNc,OD2,0.0,-2.0146749999999987,0.92245,-0.12675833333333333,0.12352499999999998,-0.33333333333333337,0.5,1
llama31_instruct,h2_choice,79,main,AsPc,OD2,0.0,-2.113183333333333,0.9393,-0.06505,0.099375,-0.08333333333333334,0.25,1
llama31_instruct,h2_choice,79,main,AsPd,OD1,-0.0,-1.9743833333333327,0.9153249999999999,0.1498833333333334,0.1795,0.5,0.5,1
llama31_instruct,h2_choice,79,main,AsSh,CO1,0.0,-1.9436999999999995,0.9109749999999999,-0.0585833333333334,0.0647,-0.33333333333333337,0.5,1
llama31_instruct,h2_choice,79,main,BaAs,MP,0.0,-2.1131583333333332,0.9408749999999999,0.016375000000000074,0.120975,0.08333333333333387,0.25,1
llama31_instruct,h2_choice,79,main,BaBa,CO2,0.0,-2.1454583333333335,0.94845,0.02569166666666673,0.04227499999999999,0.08333333333333334,0.25,1
llama31_instruct,h2_choice,79,main,BaCh,CO2,0.0,-2.0992583333333332,0.9441,0.025458333333333364,0.03630000000000003,0.08333333333333334,0.25,1
llama31_instruct,h2_choice,79,main,BaCm,OD1,0.0,-2.1744166666666667,0.95295,0.006083333333333297,0.04095,0.0,0.0,1
llama31_instruct,h2_choice,79,main,BaCo,MP,0.0,-2.1298333333333335,0.943125,-0.032816666666666605,0.11802499999999999,-0.08333333333333323,0.25,1
llama31_instruct,h2_choice,79,main,BaDl,OD1,0.0,-2.132291666666666,0.9466,0.019924999999999967,0.01974999999999999,0.0,0.0,1
llama31_instruct,h2_choice,79,main,BaHa,OD2,-0.0,-2.1041999999999996,0.9389249999999999,0.04391666666666662,0.10599999999999998,0.08333333333333323,0.25,1
llama31_instruct,h2_choice,79,main,BaHr,CO1,0.0,-2.1552916666666664,0.9478000000000001,-0.030058333333333305,0.11012499999999997,-0.08333333333333309,0.25,1
llama31_instruct,h2_choice,79,main,BaNc,OD2,-0.0,-2.1133499999999996,0.9430499999999998,-0.03154999999999999,0.081125,-0.0833333333333335,0.25,1
llama31_instruct,h2_choice,79,main,BaPc,OD2,-0.0,-2.1444166666666664,0.946275,0.01301666666666661,0.038949999999999985,-1.410390785266238e-16,0.0,1
llama31_instruct,h2_choice,79,main,BaPd,OD1,0.0,-2.067483333333333,0.939475,0.0031000000000000285,0.003725000000000006,0.0,0.0,1
llama31_instruct,h2_choice,79,main,BaSh,MP,0.0,-2.104116666666666,0.9401999999999999,0.015083333333333355,0.08249999999999999,0.0833333333333335,0.25,1
llama31_instruct,h2_choice,79,main,ChAs,MP,0.0,-2.1353666666666666,0.94415,-0.03341666666666666,0.09112500000000003,-0.08333333333333309,0.25,1
llama31_instruct,h2_choice,79,main,ChBa,CO2,0.0,-2.1566666666666667,0.9481,0.03071666666666668,0.024400000000000005,0.0,0.0,1
llama31_instruct,h2_choice,79,main,ChCh,CO2,0.0,-2.1573499999999997,0.94825,0.028566666666666688,0.025400000000000034,-1.410390785266238e-16,0.0,1
llama31_instruct,h2_choice,79,main,ChCm,OD1,0.0,-2.1740333333333335,0.9507749999999999,0.006833333333333356,0.008374999999999994,-1.410390785266238e-16,0.0,1
llama31_instruct,h2_choice,79,main,ChCo,MP,0.0,-2.1518499999999996,0.947475,-0.010283333333333264,0.03845,0.0,0.0,1
llama31_instruct,h2_choice,79,main,ChDl,OD1,0.0,-2.149825,0.9459,-0.013358333333333335,0.032274999999999957,1.410390785266238e-16,0.0,1
llama31_instruct,h2_choice,79,main,ChHa,OD2,-0.0,-2.0708416666666665,0.9313499999999999,0.06867499999999994,0.14419999999999997,0.08333333333333309,0.25,1
llama31_instruct,h2_choice,79,main,ChHr,CO1,0.0,-2.1556916666666663,0.9499,-0.0018916666666666312,0.03467500000000001,1.410390785266238e-16,0.0,1
llama31_instruct,h2_choice,79,main,CmAs,OD1,2.0,-1.743933333333333,0.8455,0.19538333333333338,0.32475,0.16666666666666646,0.5,1
llama31_instruct,h2_choice,79,main,CmCm,DD,2.0,-1.8332583333333332,0.8720749999999999,0.17809166666666673,0.31150000000000005,0.16666666666666646,0.5,1
llama31_instruct,h2_choice,79,main,CmDl,DD,2.0,-1.8403,0.8817,-0.02595000000000031,0.27922499999999995,-0.1666666666666668,0.5,1
llama31_instruct,h2_choice,79,main,CmHa,DD,2.0,-1.8116166666666662,0.8605499999999999,0.21871666666666661,0.31124999999999997,0.16666666666666646,0.5,1
llama31_instruct,h2_choice,79,main,CmNc,DD,2.0,-1.845308333333333,0.8813249999999999,0.14365833333333344,0.311275,0.16666666666666646,0.5,1
llama31_instruct,h2_choice,79,main,CoAs,CO2,1.0,-2.0406333333333335,0.9302750000000001,-0.07303333333333335,0.20377499999999998,-0.33333333333333365,0.5,1
llama31_instruct,h2_choice,79,main,CoCo,CO1,1.0,-2.041875,0.9287500000000001,-0.04807500000000016,0.194625,-0.166666666666667,0.5,1
llama31_instruct,h2_choice,79,main,CoSh,CO2,1.0,-1.9767000000000001,0.91285,-0.17665000000000003,0.2296,-0.5000000000000002,0.5,1
llama31_instruct,h2_choice,79,main,HaAs,OD2,2.0,-1.9186749999999997,0.9014249999999999,0.045391666666666323,0.24582499999999996,-0.166666666666667,0.5,1
llama31_instruct,h2_choice,79,main,HaBa,OD2,2.0,-1.9838416666666667,0.917875,-0.18325833333333344,0.21710000000000002,-0.5000000000000002,0.5,1
llama31_instruct,h2_choice,79,main,HaCm,DD,2.0,-1.9836083333333336,0.91785,-0.17317499999999997,0.24037499999999998,-0.5000000000000002,0.5,1
llama31_instruct,h2_choice,79,main,HaDl,DD,2.0,-2.0494666666666665,0.9301750000000001,-0.10886666666666661,0.187875,-0.16666666666666685,0.5,1
llama31_instruct,h2_choice,79,main,HaHa,DD,2.0,-1.8778999999999997,0.8914,-0.004516666666666924,0.26092499999999996,-0.1666666666666668,0.5,1
llama31_instruct,h2_choice,79,main,HaNc,DD,2.0,-1.7731916666666667,0.85835,-0.2660749999999999,0.33422499999999994,-0.416666666666667,0.5,1
llama31_instruct,h2_choice,79,main,HaPc,DD,2.0,-1.8028750000000002,0.8713,-0.14214166666666667,0.299675,-0.33333333333333365,0.5,1
llama31_instruct,h2_choice,79,main,HrAs,MP,1.0,-2.004425,0.919825,0.11710833333333329,0.2259,0.24999999999999958,0.5,1
llama31_instruct,h2_choice,79,main,HrBa,CO1,1.0,-2.143575,0.948075,-0.00029166666666657134,0.13525000000000006,-0.08333333333333387,0.25,1
llama31_instruct,h2_choice,79,main,HrCh,CO1,1.0,-2.066425,0.934225,-0.07282500000000011,0.18487500000000004,-0.166666666666667,0.5,1
llama31_instruct,h2_choice,79,main,HrHr,CO2,1.0,-2.0601999999999996,0.930725,0.005950000000000033,0.18710000000000004,-0.08333333333333365,0.5,1
llama31_instruct,h2_choice,79,main,ShAs,CO1,0.0,-1.9960749999999994,0.9254,-0.08854166666666673,0.09282499999999999,-0.25,0.25,1
llama31_instruct,h2_choice,79,main,ShCo,CO2,0.0,-1.9740250000000001,0.91415,-0.18329166666666677,0.168025,-0.5,0.5,1
llama31_instruct,h2_choice,79,main,ShSh,CO1,0.0,-1.998116666666666,0.92335,-0.11303333333333346,0.116875,-0.33333333333333337,0.5,1
llama31_instruct,h2_choice,79,main_perp,AsAs,CO1,0.0,0.045841666666666656,0.03857499999999999,-0.026008333333333383,0.016175000000000037,0.0,0.0,0
llama31_instruct,h2_choice,79,main_perp,AsBa,MP,-0.0,0.04074999999999998,0.02715,0.016100000000000086,0.01200000000000001,0.0,0.0,0
llama31_instruct,h2_choice,79,main_perp,AsCh,MP,-0.0,0.04860833333333331,0.044125,0.011041666666666864,0.013825000000000032,0.0,0.0,0
llama31_instruct,h2_choice,79,main_perp,AsCm,OD1,-0.0,0.041858333333333254,0.025124999999999967,0.014075000000000079,0.02454999999999999,0.0,0.0,1
llama31_instruct,h2_choice,79,main_perp,AsCo,CO2,0.0,0.042374999999999996,0.041824999999999994,-0.025391666666666646,0.017900000000000027,0.0,0.0,0
llama31_instruct,h2_choice,79,main_perp,AsDl,OD1,-0.0,0.02501666666666664,0.0314,0.03661666666666673,0.027850000000000014,0.0,0.0,0
llama31_instruct,h2_choice,79,main_perp,AsHa,OD2,0.0,0.0178,0.028249999999999997,-0.012633333333333349,0.008499999999999994,0.0,0.0,0
llama31_instruct,h2_choice,79,main_perp,AsHr,MP,-0.0,0.024049999999999908,0.028849999999999994,0.04835000000000017,0.03097500000000003,0.0,0.0,1
llama31_instruct,h2_choice,79,main_perp,AsNc,OD2,0.0,0.05858333333333333,0.038875,-0.009266666666666708,0.010000000000000009,0.0,0.0,0
llama31_instruct,h2_choice,79,main_perp,AsPc,OD2,0.0,0.013158333333333341,0.03532500000000001,-0.015758333333333367,0.019000000000000003,0.0,0.0,0
llama31_instruct,h2_choice,79,main_perp,AsPd,OD1,-0.0,0.02004166666666666,0.028474999999999993,0.06040833333333329,0.03419999999999995,0.0,0.0,0
llama31_instruct,h2_choice,79,main_perp,AsSh,CO1,0.0,0.05410000000000003,0.046799999999999994,-0.01764999999999994,0.010099999999999984,0.0,0.0,0
llama31_instruct,h2_choice,79,main_perp,BaAs,MP,0.0,-0.01796666666666672,0.014950000000000033,0.010300000000000004,0.020074999999999996,0.0,0.0,1
llama31_instruct,h2_choice,79,main_perp,BaBa,CO2,0.0,0.015933333333333317,0.028925000000000006,0.009516666666666623,0.021974999999999967,0.0,0.0,0
llama31_instruct,h2_choice,79,main_perp,BaCh,CO2,0.0,0.03764166666666667,0.045425,0.003041666666666572,0.0059999999999999915,0.0,0.0,0
llama31_instruct,h2_choice,79,main_perp,BaCm,OD1,0.0,-0.0018166666666666722,0.01577499999999997,-0.012599999999999986,0.016375000000000015,0.0,0.0,1
llama31_instruct,h2_choice,79,main_perp,BaCo,MP,0.0,-0.013916666666666657,0.013224999999999973,0.015166666666666625,0.025899999999999992,0.0,0.0,1
llama31_instruct,h2_choice,79,main_perp,BaDl,OD1,0.0,0.02129166666666663,0.021900000000000003,0.011108333333333345,0.016075000000000006,0.4166666666666666,0.25,1
llama31_instruct,h2_choice,79,main_perp,BaHa,OD2,-0.0,-0.028941666666666716,0.032375000000000015,-0.013908333333333365,0.018325000000000036,0.0,0.0,1
llama31_instruct,h2_choice,79,main_perp,BaHr,CO1,0.0,-0.028750000000000032,0.02875000000000001,0.034600000000000034,0.03457500000000001,0.0,0.0,1
llama31_instruct,h2_choice,79,main_perp,BaNc,OD2,-0.0,-0.01998333333333336,0.02665,-0.002983333333333393,0.012399999999999994,0.0,0.0,1
llama31_instruct,h2_choice,79,main_perp,BaPc,OD2,-0.0,-0.01377500000000004,0.020900000000000016,0.019941666666666732,0.015325000000000005,0.0,0.0,1
llama31_instruct,h2_choice,79,main_perp,BaPd,OD1,0.0,0.038083333333333316,0.046025,-0.005983333333333391,0.00732500000000004,0.0,0.0,0
llama31_instruct,h2_choice,79,main_perp,BaSh,MP,0.0,0.01909166666666668,0.026900000000000014,0.02179166666666667,0.035574999999999954,0.0,0.0,1
llama31_instruct,h2_choice,79,main_perp,ChAs,MP,0.0,0.00878333333333329,0.025324999999999986,0.012783333333333383,0.029625000000000012,0.0,0.0,1
llama31_instruct,h2_choice,79,main_perp,ChBa,CO2,0.0,0.034316666666666655,0.02310000000000001,0.005183333333333375,0.01454999999999998,0.16666666666666669,0.25,1
llama31_instruct,h2_choice,79,main_perp,ChCh,CO2,0.0,0.0309083333333333,0.015149999999999983,-0.03645833333333327,0.022749999999999992,-0.5833333333333334,0.25,1
llama31_instruct,h2_choice,79,main_perp,ChCm,OD1,0.0,-0.0067083333333333136,0.014875,-0.014508333333333375,0.01637500000000003,0.0,0.0,1
llama31_instruct,h2_choice,79,main_perp,ChCo,MP,0.0,0.010758333333333326,0.015225000000000044,0.001841666666666681,0.022249999999999992,0.0,0.0,1
llama31_instruct,h2_choice,79,main_perp,ChDl,OD1,0.0,-0.020708333333333412,0.029725000000000015,0.005874999999999968,0.01899999999999999,0.0,0.0,1
llama31_instruct,h2_choice,79,main_perp,ChHa,OD2,-0.0,-0.008033333333333297,0.015199999999999991,-0.028366666666666585,0.035424999999999984,0.1666666666666666,0.25,1
llama31_instruct,h2_choice,79,main_perp,ChHr,CO1,0.0,0.006441666666666623,0.011474999999999985,-0.03122499999999999,0.018424999999999997,-0.49999999999999994,0.25,1
llama31_instruct,h2_choice,79,main_perp,CmAs,OD1,2.0,0.02476666666666668,0.016925000000000003,-0.0611666666666666,0.05377499999999999,0.0,0.0,1
llama31_instruct,h2_choice,79,main_perp,CmCm,DD,2.0,0.010499999999999957,0.006399999999999968,-0.0649500000000001,0.045575000000000004,0.0,0.0,1
llama31_instruct,h2_choice,79,main_perp,CmDl,DD,2.0,0.027599999999999986,0.0158,-0.04065000000000001,0.0408,0.0,0.0,1
llama31_instruct,h2_choice,79,main_perp,CmHa,DD,2.0,0.009349999999999992,0.011024999999999986,-0.04706666666666669,0.03997500000000001,0.0,0.0,1
llama31_instruct,h2_choice,79,main_perp,CmNc,DD,2.0,-0.004966666666666616,0.0068749999999999645,-0.052033333333333306,0.049274999999999985,0.0,0.0,1
llama31_instruct,h2_choice,79,main_perp,CoAs,CO2,1.0,0.039883333333333285,0.02484999999999999,-0.02868333333333341,0.025225000000000025,0.0,0.0,1
llama31_instruct,h2_choice,79,main_perp,CoCo,CO1,1.0,0.015649999999999976,0.01397499999999998,-0.05976666666666676,0.04475000000000001,0.0,0.0,1
llama31_instruct,h2_choice,79,main_perp,CoSh,CO2,1.0,0.05091666666666668,0.027975,-0.030866666666666646,0.027324999999999988,0.0,0.0,1
llama31_instruct,h2_choice,79,main_perp,HaAs,OD2,2.0,0.009016666666666649,0.010700000000000008,-0.0459166666666667,0.03610000000000002,0.0,0.0,1
llama31_instruct,h2_choice,79,main_perp,HaBa,OD2,2.0,0.03465,0.02565,-0.02129999999999998,0.025650000000000006,0.0,0.0,1
llama31_instruct,h2_choice,79,main_perp,HaCm,DD,2.0,0.013024999999999938,0.015100000000000002,-0.02815833333333342,0.03160000000000002,0.0,0.0,1
llama31_instruct,h2_choice,79,main_perp,HaDl,DD,2.0,0.022808333333333302,0.013274999999999988,-0.026258333333333352,0.03505000000000004,0.0,0.0,1
llama31_instruct,h2_choice,79,main_perp,HaHa,DD,2.0,0.017866666666666642,0.010000000000000016,-0.05218333333333333,0.03465000000000004,0.0,0.0,1
llama31_instruct,h2_choice,79,main_perp,HaNc,DD,2.0,0.017775,0.01475,-0.05107500000000001,0.04422499999999999,0.0,0.0,1
llama31_instruct,h2_choice,79,main_perp,HaPc,DD,2.0,0.009399999999999988,0.014025000000000024,-0.05765000000000005,0.044225000000000014,0.0,0.0,1
llama31_instruct,h2_choice,79,main_perp,HrAs,MP,1.0,0.004533333333333318,0.014325000000000004,-0.01844999999999995,0.0315,0.0,0.0,1
llama31_instruct,h2_choice,79,main_perp,HrBa,CO1,1.0,-0.011274999999999952,0.007499999999999993,-0.024908333333333237,0.03300000000000003,0.0,0.0,1
llama31_instruct,h2_choice,79,main_perp,HrCh,CO1,1.0,0.022075000000000008,0.014175000000000007,-0.032275000000000005,0.03642500000000001,-0.41666666666666663,0.25,1
llama31_instruct,h2_choice,79,main_perp,HrHr,CO2,1.0,0.0027833333333333317,0.01902499999999998,-0.048016666666666694,0.04197500000000004,0.0,0.0,1
llama31_instruct,h2_choice,79,main_perp,ShAs,CO1,0.0,0.04384999999999998,0.043599999999999986,-0.03470000000000003,0.023525000000000004,0.0,0.0,0
llama31_instruct,h2_choice,79,main_perp,ShCo,CO2,0.0,0.04240000000000001,0.030574999999999998,-0.03776666666666661,0.023849999999999982,0.0,0.0,0
llama31_instruct,h2_choice,79,main_perp,ShSh,CO1,0.0,0.04853333333333331,0.05097500000000001,-0.04200000000000004,0.020825000000000024,0.0,0.0,0
llama31_instruct,h2_choice,79,random,AsAs,CO1,0.0,-0.8479499999999999,0.40802499999999997,-0.08386666666666659,0.05524999999999998,-0.9999999999999999,0.5,1
llama31_instruct,h2_choice,79,random,AsBa,MP,-0.0,-0.8799749999999997,0.425225,0.025925000000000045,0.022999999999999993,0.16666666666666669,0.25,1
llama31_instruct,h2_choice,79,random,AsCh,MP,-0.0,-0.8232416666666665,0.400425,0.08987499999999994,0.050624999999999976,0.5833333333333333,0.25,1
llama31_instruct,h2_choice,79,random,AsCm,OD1,-0.0,-0.7254666666666666,0.355475,0.15863333333333338,0.10215000000000002,1.1666666666666667,0.5,1
llama31_instruct,h2_choice,79,random,AsCo,CO2,0.0,-0.8365666666666665,0.40425,-0.15094999999999997,0.08094999999999998,-1.2499999999999998,0.5,1
llama31_instruct,h2_choice,79,random,AsDl,OD1,-0.0,-0.7773833333333331,0.38487499999999997,0.1567333333333333,0.07352500000000001,0.9999999999999999,0.5,1
llama31_instruct,h2_choice,79,random,AsHa,OD2,0.0,-0.8715583333333329,0.42279999999999995,-0.04567499999999999,0.027424999999999977,-0.16666666666666669,0.25,1
llama31_instruct,h2_choice,79,random,AsHr,MP,-0.0,-0.8389583333333334,0.4052,0.10524166666666661,0.08432499999999998,1.1666666666666667,0.5,1
llama31_instruct,h2_choice,79,random,AsNc,OD2,0.0,-0.7491666666666666,0.36562500000000003,-0.13741666666666674,0.06367500000000004,-0.8333333333333331,0.5,1
llama31_instruct,h2_choice,79,random,AsPc,OD2,0.0,-0.9015666666666667,0.429925,-0.0915166666666667,0.0505,-0.9166666666666667,0.5,1
llama31_instruct,h2_choice,79,random,AsPd,OD1,-0.0,-0.7151583333333333,0.34982500000000005,0.1820416666666667,0.09022499999999997,1.2499999999999998,0.5,1
llama31_instruct,h2_choice,79,random,AsSh,CO1,0.0,-0.6856666666666666,0.340125,-0.07048333333333334,0.03702499999999998,-0.4166666666666666,0.25,1
llama31_instruct,h2_choice,79,random,BaAs,MP,0.0,-0.8859916666666664,0.430075,-0.012875000000000037,0.04035000000000001,-0.08333333333333286,0.5,1
llama31_instruct,h2_choice,79,random,BaBa,CO2,0.0,-0.9299166666666665,0.447975,0.03791666666666673,0.031200000000000033,0.25,0.25,1
llama31_instruct,h2_choice,79,random,BaCh,CO2,0.0,-0.870825,0.423925,0.047658333333333296,0.026250000000000016,0.6666666666666667,0.25,1
llama31_instruct,h2_choice,79,random,BaCm,OD1,0.0,-0.9896749999999997,0.478,0.0183583333333334,0.01782500000000002,0.16666666666666669,0.25,1
llama31_instruct,h2_choice,79,random,BaCo,MP,0.0,-0.8980833333333331,0.44039999999999996,-0.0371333333333333,0.0533,-0.24999999999999997,0.5,1
llama31_instruct,h2_choice,79,random,BaDl,OD1,0.0,-0.9136,0.444875,-0.004833333333333344,0.009399999999999992,0.08333333333333334,0.25,1
llama31_instruct,h2_choice,79,random,BaHa,OD2,-0.0,-0.8840083333333332,0.43252499999999994,0.05670833333333332,0.04895000000000002,0.4166666666666666,0.25,1
llama31_instruct,h2_choice,79,random,BaHr,CO1,0.0,-0.90835,0.441075,-0.030249999999999982,0.037675000000000014,-0.08333333333333286,0.5,1
llama31_instruct,h2_choice,79,random,BaNc,OD2,-0.0,-0.9001666666666664,0.43337499999999995,-0.05095000000000006,0.0534,-0.16666666666666674,0.5,1
llama31_instruct,h2_choice,79,random,BaPc,OD2,-0.0,-0.9146666666666664,0.442275,0.011833333333333296,0.022050000000000042,-0.0833333333333335,0.25,1
llama31_instruct,h2_choice,79,random,BaPd,OD1,0.0,-0.8141499999999999,0.398425,0.018716666666666704,0.018300000000000018,0.0,0.0,1
llama31_instruct,h2_choice,79,random,BaSh,MP,0.0,-0.888375,0.43132499999999996,0.011775000000000006,0.03422500000000001,-0.1666666666666666,0.25,1
llama31_instruct,h2_choice,79,random,ChAs,MP,0.0,-0.9220999999999999,0.443025,-0.03445000000000002,0.04010000000000004,-0.1666666666666662,0.25,1
llama31_instruct,h2_choice,79,random,ChBa,CO2,0.0,-0.9441416666666665,0.459625,0.047025000000000025,0.030200000000000005,0.41666666666666674,0.5,1
llama31_instruct,h2_choice,79,random,ChCh,CO2,0.0,-0.9115499999999999,0.43542499999999995,0.028700000000000024,0.016875000000000015,0.1666666666666666,0.25,1
llama31_instruct,h2_choice,79,random,ChCm,OD1,0.0,-0.9519249999999998,0.4655,-0.010108333333333346,0.00520000000000001,-1.410390785266238e-16,0.0,1
llama31_instruct,h2_choice,79,random,ChCo,MP,0.0,-0.9524166666666664,0.456275,0.004233333333333434,0.019224999999999992,0.0,0.25,1
llama31_instruct,h2_choice,79,random,ChDl,OD1,0.0,-0.9211750000000001,0.449275,-0.00977500000000001,0.023875000000000007,-0.24999999999999997,0.25,1
llama31_instruct,h2_choice,79,random,ChHa,OD2,-0.0,-0.8817583333333332,0.42965,0.1003583333333333,0.07779999999999998,0.8333333333333328,0.5,1
llama31_instruct,h2_choice,79,random,ChHr,CO1,0.0,-0.9611583333333333,0.4648,-0.018975000000000013,0.017325000000000007,-0.24999999999999997,0.25,1
llama31_instruct,h2_choice,79,random,CmAs,OD1,2.0,-0.53285,0.272175,0.14431666666666668,0.11345000000000005,0.0,0.0,1
llama31_instruct,h2_choice,79,random,CmCm,DD,2.0,-0.6131083333333333,0.306825,0.1460583333333333,0.11407499999999998,0.4166666666666666,0.25,1
llama31_instruct,h2_choice,79,random,CmDl,DD,2.0,-0.5916999999999999,0.29345,-0.031200000000000054,0.07492499999999996,0.0,0.0,1
llama31_instruct,h2_choice,79,random,CmHa,DD,2.0,-0.6189666666666666,0.307675,0.18229999999999993,0.12139999999999998,0.4166666666666666,0.25,1
llama31_instruct,h2_choice,79,random,CmNc,DD,2.0,-0.6223416666666666,0.311525,0.11594166666666668,0.11385000000000003,0.0,0.0,1
llama31_instruct,h2_choice,79,random,CoAs,CO2,1.0,-0.8158333333333334,0.3978,-0.11576666666666664,0.09225,-0.9999999999999999,0.5,1
llama31_instruct,h2_choice,79,random,CoCo,CO1,1.0,-0.8062916666666665,0.39480000000000004,-0.0757583333333333,0.08089999999999997,-0.8333333333333333,0.5,1
llama31_instruct,h2_choice,79,random,CoSh,CO2,1.0,-0.7227083333333333,0.35285,-0.20760833333333345,0.10655,-1.3333333333333335,0.5,1
llama31_instruct,h2_choice,79,random,HaAs,OD2,2.0,-0.6943916666666666,0.3408,0.03489166666666656,0.08362499999999998,0.4166666666666666,0.25,1
llama31_instruct,h2_choice,79,random,HaBa,OD2,2.0,-0.7559499999999999,0.372175,-0.19486666666666666,0.10424999999999995,-1.3333333333333335,0.5,1
llama31_instruct,h2_choice,79,random,HaCm,DD,2.0,-0.7501749999999999,0.36185,-0.22052500000000003,0.12357499999999999,-1.25,0.5,1
llama31_instruct,h2_choice,79,random,HaDl,DD,2.0,-0.8089416666666666,0.398025,-0.14434166666666673,0.09225,-1.0833333333333333,0.5,1
llama31_instruct,h2_choice,79,random,HaHa,DD,2.0,-0.6253,0.312075,-0.041466666666666735,0.08410000000000004,0.0,0.0,1
llama31_instruct,h2_choice,79,random,HaNc,DD,2.0,-0.5655249999999999,0.282675,-0.24300833333333327,0.13297499999999998,-0.5833333333333334,0.25,1
llama31_instruct,h2_choice,79,random,HaPc,DD,2.0,-0.5831999999999999,0.29215,-0.14760000000000004,0.107325,-0.41666666666666663,0.25,1
llama31_instruct,h2_choice,79,random,HrAs,MP,1.0,-0.77005,0.3788,0.09935000000000012,0.09062500000000007,0.5833333333333333,0.5,1
llama31_instruct,h2_choice,79,random,HrBa,CO1,1.0,-0.9058333333333333,0.43895,-0.013616666666666678,0.05009999999999998,0.16666666666666646,0.5,1
llama31_instruct,h2_choice,79,random,HrCh,CO1,1.0,-0.7998083333333331,0.391775,-0.09520833333333337,0.08389999999999995,-1.0833333333333333,0.5,1
llama31_instruct,h2_choice,79,random,HrHr,CO2,1.0,-0.7764583333333333,0.379575,0.003774999999999957,0.06024999999999997,-2.3115197751421316e-17,0.25,1
llama31_instruct,h2_choice,79,random,ShAs,CO1,0.0,-0.7596499999999999,0.37534999999999996,-0.09814999999999997,0.04949999999999999,-0.8333333333333331,0.5,1
llama31_instruct,h2_choice,79,random,ShCo,CO2,0.0,-0.7353416666666666,0.36012500000000003,-0.21874166666666672,0.10252500000000003,-0.9999999999999999,0.5,1
llama31_instruct,h2_choice,79,random,ShSh,CO1,0.0,-0.7847416666666667,0.388475,-0.13777500000000004,0.06492500000000004,-0.8333333333333331,0.5,1
