model,mode,steer_layer,variant,game_code,letter_nonzero_rate,letter_dose_aligned_rate_all,letter_dose_aligned_rate_nonzero,act0_nonzero_rate,act0_dose_aligned_rate_all,act0_dose_aligned_rate_nonzero,canon_nonzero_rate,canon_dose_aligned_rate_all,canon_dose_aligned_rate_nonzero
llama31_instruct,h1_dinc,65,main,AsAs,1.0,1.0,1.0,1.0,0.5,0.5,1.0,0.5,0.5
llama31_instruct,h1_dinc,65,main,AsBa,1.0,1.0,1.0,1.0,0.5,0.5,1.0,0.5,0.5
llama31_instruct,h1_dinc,65,main,AsCh,1.0,1.0,1.0,1.0,0.5,0.5,1.0,0.5,0.5
llama31_instruct,h1_dinc,65,main,AsCm,0.9583333333333334,0.9583333333333334,1.0,0.9583333333333334,0.5,0.5217391304347826,0.9583333333333334,0.4583333333333333,0.4782608695652174
llama31_instruct,h1_dinc,65,main,AsCo,1.0,1.0,1.0,1.0,0.5,0.5,1.0,0.5,0.5
llama31_instruct,h1_dinc,65,main,AsDl,1.0,1.0,1.0,1.0,0.5,0.5,1.0,0.5,0.5
llama31_instruct,h1_dinc,65,main,AsHa,1.0,1.0,1.0,1.0,0.5,0.5,1.0,0.5,0.5
llama31_instruct,h1_dinc,65,main,AsHr,1.0,1.0,1.0,1.0,0.5,0.5,1.0,0.5,0.5
llama31_instruct,h1_dinc,65,main,AsNc,1.0,1.0,1.0,1.0,0.5,0.5,1.0,0.5,0.5
llama31_instruct,h1_dinc,65,main,AsPc,1.0,0.9583333333333334,0.9583333333333334,1.0,0.5416666666666666,0.5416666666666666,1.0,0.5416666666666666,0.5416666666666666
llama31_instruct,h1_dinc,65,main,AsPd,1.0,1.0,1.0,1.0,0.5,0.5,1.0,0.5,0.5
llama31_instruct,h1_dinc,65,main,AsSh,1.0,1.0,1.0,1.0,0.5,0.5,1.0,0.5,0.5
llama31_instruct,h1_dinc,65,main,BaAs,1.0,1.0,1.0,1.0,0.5,0.5,1.0,0.5,0.5
llama31_instruct,h1_dinc,65,main,BaBa,1.0,1.0,1.0,1.0,0.5,0.5,1.0,0.5,0.5
llama31_instruct,h1_dinc,65,main,BaCh,1.0,1.0,1.0,1.0,0.5,0.5,1.0,0.5,0.5
llama31_instruct,h1_dinc,65,main,BaCm,1.0,1.0,1.0,1.0,0.5,0.5,1.0,0.5,0.5
llama31_instruct,h1_dinc,65,main,BaCo,1.0,1.0,1.0,1.0,0.5,0.5,1.0,0.5,0.5
llama31_instruct,h1_dinc,65,main,BaDl,1.0,1.0,1.0,1.0,0.5,0.5,1.0,0.5,0.5
llama31_instruct,h1_dinc,65,main,BaHa,1.0,1.0,1.0,1.0,0.5,0.5,1.0,0.5,0.5
llama31_instruct,h1_dinc,65,main,BaHr,1.0,1.0,1.0,1.0,0.5,0.5,1.0,0.5,0.5
llama31_instruct,h1_dinc,65,main,BaNc,1.0,1.0,1.0,1.0,0.5,0.5,1.0,0.5,0.5
llama31_instruct,h1_dinc,65,main,BaPc,1.0,1.0,1.0,1.0,0.5,0.5,1.0,0.5,0.5
llama31_instruct,h1_dinc,65,main,BaPd,1.0,1.0,1.0,1.0,0.5,0.5,1.0,0.5,0.5
llama31_instruct,h1_dinc,65,main,BaSh,1.0,1.0,1.0,1.0,0.5,0.5,1.0,0.5,0.5
llama31_instruct,h1_dinc,65,main,ChAs,1.0,1.0,1.0,1.0,0.5,0.5,1.0,0.5,0.5
llama31_instruct,h1_dinc,65,main,ChBa,0.9583333333333334,0.9583333333333334,1.0,0.9583333333333334,0.4583333333333333,0.4782608695652174,0.9583333333333334,0.4583333333333333,0.4782608695652174
llama31_instruct,h1_dinc,65,main,ChCh,1.0,1.0,1.0,1.0,0.5,0.5,1.0,0.5,0.5
llama31_instruct,h1_dinc,65,main,ChCm,1.0,1.0,1.0,1.0,0.5,0.5,1.0,0.5,0.5
llama31_instruct,h1_dinc,65,main,ChCo,1.0,1.0,1.0,1.0,0.5,0.5,1.0,0.5,0.5
llama31_instruct,h1_dinc,65,main,ChDl,1.0,1.0,1.0,1.0,0.5,0.5,1.0,0.5,0.5
llama31_instruct,h1_dinc,65,main,ChHa,1.0,1.0,1.0,1.0,0.5,0.5,1.0,0.5,0.5
llama31_instruct,h1_dinc,65,main,ChHr,1.0,1.0,1.0,1.0,0.5,0.5,1.0,0.5,0.5
llama31_instruct,h1_dinc,65,main,CmAs,1.0,1.0,1.0,1.0,0.5,0.5,1.0,0.5,0.5
llama31_instruct,h1_dinc,65,main,CmCm,1.0,1.0,1.0,1.0,0.5,0.5,1.0,0.5,0.5
llama31_instruct,h1_dinc,65,main,CmDl,1.0,1.0,1.0,1.0,0.5,0.5,1.0,0.5,0.5
llama31_instruct,h1_dinc,65,main,CmHa,1.0,1.0,1.0,1.0,0.5,0.5,1.0,0.5,0.5
llama31_instruct,h1_dinc,65,main,CmNc,0.9583333333333334,0.9583333333333334,1.0,0.9583333333333334,0.4583333333333333,0.4782608695652174,0.9583333333333334,0.5,0.5217391304347826
llama31_instruct,h1_dinc,65,main,CoAs,1.0,1.0,1.0,1.0,0.5,0.5,1.0,0.5,0.5
llama31_instruct,h1_dinc,65,main,CoCo,1.0,1.0,1.0,1.0,0.5,0.5,1.0,0.5,0.5
llama31_instruct,h1_dinc,65,main,CoSh,1.0,1.0,1.0,1.0,0.5,0.5,1.0,0.5,0.5
llama31_instruct,h1_dinc,65,main,HaAs,1.0,1.0,1.0,1.0,0.5,0.5,1.0,0.5,0.5
llama31_instruct,h1_dinc,65,main,HaBa,1.0,1.0,1.0,1.0,0.5,0.5,1.0,0.5,0.5
llama31_instruct,h1_dinc,65,main,HaCm,1.0,1.0,1.0,1.0,0.5,0.5,1.0,0.5,0.5
llama31_instruct,h1_dinc,65,main,HaDl,1.0,1.0,1.0,1.0,0.5,0.5,1.0,0.5,0.5
llama31_instruct,h1_dinc,65,main,HaHa,1.0,1.0,1.0,1.0,0.5,0.5,1.0,0.5,0.5
llama31_instruct,h1_dinc,65,main,HaNc,1.0,1.0,1.0,1.0,0.5,0.5,1.0,0.5,0.5
llama31_instruct,h1_dinc,65,main,HaPc,1.0,1.0,1.0,1.0,0.5,0.5,1.0,0.5,0.5
llama31_instruct,h1_dinc,65,main,HrAs,1.0,1.0,1.0,1.0,0.5,0.5,1.0,0.5,0.5
llama31_instruct,h1_dinc,65,main,HrBa,1.0,1.0,1.0,1.0,0.5,0.5,1.0,0.5,0.5
llama31_instruct,h1_dinc,65,main,HrCh,1.0,1.0,1.0,1.0,0.5,0.5,1.0,0.5,0.5
llama31_instruct,h1_dinc,65,main,HrHr,1.0,1.0,1.0,1.0,0.5,0.5,1.0,0.5,0.5
llama31_instruct,h1_dinc,65,main,ShAs,0.9166666666666666,0.9166666666666666,1.0,0.9166666666666666,0.4166666666666667,0.45454545454545453,0.9166666666666666,0.4166666666666667,0.45454545454545453
llama31_instruct,h1_dinc,65,main,ShCo,1.0,1.0,1.0,1.0,0.5,0.5,1.0,0.5,0.5
llama31_instruct,h1_dinc,65,main,ShSh,0.9583333333333334,0.9583333333333334,1.0,0.9583333333333334,0.5,0.5217391304347826,0.9583333333333334,0.5,0.5217391304347826
llama31_instruct,h1_dinc,65,main_perp,AsAs,1.0,1.0,1.0,1.0,0.5,0.5,1.0,0.5,0.5
llama31_instruct,h1_dinc,65,main_perp,AsBa,1.0,1.0,1.0,1.0,0.5,0.5,1.0,0.5,0.5
llama31_instruct,h1_dinc,65,main_perp,AsCh,1.0,1.0,1.0,1.0,0.5,0.5,1.0,0.5,0.5
llama31_instruct,h1_dinc,65,main_perp,AsCm,1.0,1.0,1.0,1.0,0.5,0.5,1.0,0.5,0.5
llama31_instruct,h1_dinc,65,main_perp,AsCo,1.0,1.0,1.0,1.0,0.5,0.5,1.0,0.5,0.5
llama31_instruct,h1_dinc,65,main_perp,AsDl,1.0,1.0,1.0,1.0,0.5,0.5,1.0,0.5,0.5
llama31_instruct,h1_dinc,65,main_perp,AsHa,1.0,1.0,1.0,1.0,0.5,0.5,1.0,0.5,0.5
llama31_instruct,h1_dinc,65,main_perp,AsHr,1.0,1.0,1.0,1.0,0.5,0.5,1.0,0.5,0.5
llama31_instruct,h1_dinc,65,main_perp,AsNc,1.0,1.0,1.0,1.0,0.5,0.5,1.0,0.5,0.5
llama31_instruct,h1_dinc,65,main_perp,AsPc,1.0,0.9583333333333334,0.9583333333333334,1.0,0.5416666666666666,0.5416666666666666,1.0,0.5416666666666666,0.5416666666666666
llama31_instruct,h1_dinc,65,main_perp,AsPd,1.0,1.0,1.0,1.0,0.5,0.5,1.0,0.5,0.5
llama31_instruct,h1_dinc,65,main_perp,AsSh,1.0,1.0,1.0,1.0,0.5,0.5,1.0,0.5,0.5
llama31_instruct,h1_dinc,65,main_perp,BaAs,1.0,1.0,1.0,1.0,0.5,0.5,1.0,0.5,0.5
llama31_instruct,h1_dinc,65,main_perp,BaBa,1.0,1.0,1.0,1.0,0.5,0.5,1.0,0.5,0.5
llama31_instruct,h1_dinc,65,main_perp,BaCh,1.0,1.0,1.0,1.0,0.5,0.5,1.0,0.5,0.5
llama31_instruct,h1_dinc,65,main_perp,BaCm,1.0,1.0,1.0,1.0,0.5,0.5,1.0,0.5,0.5
llama31_instruct,h1_dinc,65,main_perp,BaCo,1.0,1.0,1.0,1.0,0.5,0.5,1.0,0.5,0.5
llama31_instruct,h1_dinc,65,main_perp,BaDl,1.0,1.0,1.0,1.0,0.5,0.5,1.0,0.5,0.5
llama31_instruct,h1_dinc,65,main_perp,BaHa,1.0,1.0,1.0,1.0,0.5,0.5,1.0,0.5,0.5
llama31_instruct,h1_dinc,65,main_perp,BaHr,1.0,1.0,1.0,1.0,0.5,0.5,1.0,0.5,0.5
llama31_instruct,h1_dinc,65,main_perp,BaNc,1.0,1.0,1.0,1.0,0.5,0.5,1.0,0.5,0.5
llama31_instruct,h1_dinc,65,main_perp,BaPc,1.0,1.0,1.0,1.0,0.5,0.5,1.0,0.5,0.5
llama31_instruct,h1_dinc,65,main_perp,BaPd,1.0,1.0,1.0,1.0,0.5,0.5,1.0,0.5,0.5
llama31_instruct,h1_dinc,65,main_perp,BaSh,1.0,1.0,1.0,1.0,0.5,0.5,1.0,0.5,0.5
llama31_instruct,h1_dinc,65,main_perp,ChAs,1.0,1.0,1.0,1.0,0.5,0.5,1.0,0.5,0.5
llama31_instruct,h1_dinc,65,main_perp,ChBa,1.0,1.0,1.0,1.0,0.5,0.5,1.0,0.5,0.5
llama31_instruct,h1_dinc,65,main_perp,ChCh,1.0,1.0,1.0,1.0,0.5,0.5,1.0,0.5,0.5
llama31_instruct,h1_dinc,65,main_perp,ChCm,1.0,1.0,1.0,1.0,0.5,0.5,1.0,0.5,0.5
llama31_instruct,h1_dinc,65,main_perp,ChCo,0.9583333333333334,0.9583333333333334,1.0,0.9583333333333334,0.5,0.5217391304347826,0.9583333333333334,0.5,0.5217391304347826
llama31_instruct,h1_dinc,65,main_perp,ChDl,1.0,1.0,1.0,1.0,0.5,0.5,1.0,0.5,0.5
llama31_instruct,h1_dinc,65,main_perp,ChHa,1.0,1.0,1.0,1.0,0.5,0.5,1.0,0.5,0.5
llama31_instruct,h1_dinc,65,main_perp,ChHr,0.9583333333333334,0.9583333333333334,1.0,0.9583333333333334,0.5,0.5217391304347826,0.9583333333333334,0.5,0.5217391304347826
llama31_instruct,h1_dinc,65,main_perp,CmAs,0.9583333333333334,0.9583333333333334,1.0,0.9583333333333334,0.4583333333333333,0.4782608695652174,0.9583333333333334,0.5,0.5217391304347826
llama31_instruct,h1_dinc,65,main_perp,CmCm,1.0,1.0,1.0,1.0,0.5,0.5,1.0,0.5,0.5
llama31_instruct,h1_dinc,65,main_perp,CmDl,1.0,1.0,1.0,1.0,0.5,0.5,1.0,0.5,0.5
llama31_instruct,h1_dinc,65,main_perp,CmHa,1.0,1.0,1.0,1.0,0.5,0.5,1.0,0.5,0.5
llama31_instruct,h1_dinc,65,main_perp,CmNc,1.0,1.0,1.0,1.0,0.5,0.5,1.0,0.5,0.5
llama31_instruct,h1_dinc,65,main_perp,CoAs,1.0,1.0,1.0,1.0,0.5,0.5,1.0,0.5,0.5
llama31_instruct,h1_dinc,65,main_perp,CoCo,1.0,1.0,1.0,1.0,0.5,0.5,1.0,0.5,0.5
llama31_instruct,h1_dinc,65,main_perp,CoSh,1.0,1.0,1.0,1.0,0.5,0.5,1.0,0.5,0.5
llama31_instruct,h1_dinc,65,main_perp,HaAs,1.0,1.0,1.0,1.0,0.5,0.5,1.0,0.5,0.5
llama31_instruct,h1_dinc,65,main_perp,HaBa,1.0,1.0,1.0,1.0,0.5,0.5,1.0,0.5,0.5
llama31_instruct,h1_dinc,65,main_perp,HaCm,1.0,1.0,1.0,1.0,0.5,0.5,1.0,0.5,0.5
llama31_instruct,h1_dinc,65,main_perp,HaDl,1.0,1.0,1.0,1.0,0.5,0.5,1.0,0.5,0.5
llama31_instruct,h1_dinc,65,main_perp,HaHa,1.0,1.0,1.0,1.0,0.5,0.5,1.0,0.5,0.5
llama31_instruct,h1_dinc,65,main_perp,HaNc,0.9583333333333334,0.9583333333333334,1.0,0.9583333333333334,0.5,0.5217391304347826,0.9583333333333334,0.5,0.5217391304347826
llama31_instruct,h1_dinc,65,main_perp,HaPc,1.0,1.0,1.0,1.0,0.5,0.5,1.0,0.5,0.5
llama31_instruct,h1_dinc,65,main_perp,HrAs,1.0,1.0,1.0,1.0,0.5,0.5,1.0,0.5,0.5
llama31_instruct,h1_dinc,65,main_perp,HrBa,1.0,1.0,1.0,1.0,0.5,0.5,1.0,0.5,0.5
llama31_instruct,h1_dinc,65,main_perp,HrCh,1.0,1.0,1.0,1.0,0.5,0.5,1.0,0.5,0.5
llama31_instruct,h1_dinc,65,main_perp,HrHr,1.0,1.0,1.0,1.0,0.5,0.5,1.0,0.5,0.5
llama31_instruct,h1_dinc,65,main_perp,ShAs,0.9583333333333334,0.9583333333333334,1.0,0.9583333333333334,0.4583333333333333,0.4782608695652174,0.9583333333333334,0.4583333333333333,0.4782608695652174
llama31_instruct,h1_dinc,65,main_perp,ShCo,1.0,1.0,1.0,1.0,0.5,0.5,1.0,0.5,0.5
llama31_instruct,h1_dinc,65,main_perp,ShSh,1.0,1.0,1.0,1.0,0.5,0.5,1.0,0.5,0.5
llama31_instruct,h1_dinc,65,random,AsAs,0.5416666666666666,0.4583333333333333,0.8461538461538461,0.5416666666666666,0.3333333333333333,0.6153846153846154,0.5416666666666666,0.3333333333333333,0.6153846153846154
llama31_instruct,h1_dinc,65,random,AsBa,0.7083333333333334,0.5416666666666666,0.7647058823529411,0.7083333333333334,0.4166666666666667,0.5882352941176471,0.7083333333333334,0.2916666666666667,0.4117647058823529
llama31_instruct,h1_dinc,65,random,AsCh,0.625,0.5,0.8,0.625,0.4166666666666667,0.6666666666666666,0.625,0.20833333333333334,0.3333333333333333
llama31_instruct,h1_dinc,65,random,AsCm,0.75,0.625,0.8333333333333334,0.75,0.5416666666666666,0.7222222222222222,0.75,0.20833333333333334,0.2777777777777778
llama31_instruct,h1_dinc,65,random,AsCo,0.7083333333333334,0.5833333333333334,0.8235294117647058,0.7083333333333334,0.3333333333333333,0.47058823529411764,0.7083333333333334,0.3333333333333333,0.47058823529411764
llama31_instruct,h1_dinc,65,random,AsDl,0.7916666666666666,0.4583333333333333,0.5789473684210527,0.7916666666666666,0.4583333333333333,0.5789473684210527,0.7916666666666666,0.3333333333333333,0.42105263157894735
llama31_instruct,h1_dinc,65,random,AsHa,0.4166666666666667,0.4166666666666667,1.0,0.4166666666666667,0.25,0.6,0.4166666666666667,0.25,0.6
llama31_instruct,h1_dinc,65,random,AsHr,0.75,0.4583333333333333,0.6111111111111112,0.75,0.4583333333333333,0.6111111111111112,0.75,0.2916666666666667,0.3888888888888889
llama31_instruct,h1_dinc,65,random,AsNc,0.7083333333333334,0.625,0.8823529411764706,0.7083333333333334,0.4583333333333333,0.6470588235294118,0.7083333333333334,0.4583333333333333,0.6470588235294118
llama31_instruct,h1_dinc,65,random,AsPc,0.7083333333333334,0.5833333333333334,0.8235294117647058,0.7083333333333334,0.375,0.5294117647058824,0.7083333333333334,0.375,0.5294117647058824
llama31_instruct,h1_dinc,65,random,AsPd,0.625,0.5,0.8,0.625,0.4583333333333333,0.7333333333333333,0.625,0.16666666666666666,0.26666666666666666
llama31_instruct,h1_dinc,65,random,AsSh,0.4166666666666667,0.3333333333333333,0.8,0.4166666666666667,0.20833333333333334,0.5,0.4166666666666667,0.20833333333333334,0.5
llama31_instruct,h1_dinc,65,random,BaAs,0.8333333333333334,0.625,0.75,0.8333333333333334,0.5,0.6,0.8333333333333334,0.5,0.6
llama31_instruct,h1_dinc,65,random,BaBa,0.6666666666666666,0.5833333333333334,0.875,0.6666666666666666,0.3333333333333333,0.5,0.6666666666666666,0.3333333333333333,0.5
llama31_instruct,h1_dinc,65,random,BaCh,0.5833333333333334,0.4166666666666667,0.7142857142857143,0.5833333333333334,0.2916666666666667,0.5,0.5833333333333334,0.2916666666666667,0.5
llama31_instruct,h1_dinc,65,random,BaCm,0.75,0.625,0.8333333333333334,0.75,0.2916666666666667,0.3888888888888889,0.75,0.2916666666666667,0.3888888888888889
llama31_instruct,h1_dinc,65,random,BaCo,0.7916666666666666,0.5833333333333334,0.7368421052631579,0.7916666666666666,0.375,0.47368421052631576,0.7916666666666666,0.375,0.47368421052631576
llama31_instruct,h1_dinc,65,random,BaDl,0.6666666666666666,0.625,0.9375,0.6666666666666666,0.3333333333333333,0.5,0.6666666666666666,0.3333333333333333,0.5
llama31_instruct,h1_dinc,65,random,BaHa,0.75,0.6666666666666666,0.8888888888888888,0.75,0.375,0.5,0.75,0.375,0.5
llama31_instruct,h1_dinc,65,random,BaHr,0.7083333333333334,0.7083333333333334,1.0,0.7083333333333334,0.3333333333333333,0.47058823529411764,0.7083333333333334,0.3333333333333333,0.47058823529411764
llama31_instruct,h1_dinc,65,random,BaNc,0.75,0.625,0.8333333333333334,0.75,0.3333333333333333,0.4444444444444444,0.75,0.4166666666666667,0.5555555555555556
llama31_instruct,h1_dinc,65,random,BaPc,0.625,0.625,1.0,0.625,0.3333333333333333,0.5333333333333333,0.625,0.2916666666666667,0.4666666666666667
llama31_instruct,h1_dinc,65,random,BaPd,0.6666666666666666,0.4583333333333333,0.6875,0.6666666666666666,0.375,0.5625,0.6666666666666666,0.375,0.5625
llama31_instruct,h1_dinc,65,random,BaSh,0.7916666666666666,0.5833333333333334,0.7368421052631579,0.7916666666666666,0.3333333333333333,0.42105263157894735,0.7916666666666666,0.3333333333333333,0.42105263157894735
llama31_instruct,h1_dinc,65,random,ChAs,0.9166666666666666,0.75,0.8181818181818182,0.9166666666666666,0.375,0.4090909090909091,0.9166666666666666,0.375,0.4090909090909091
llama31_instruct,h1_dinc,65,random,ChBa,0.875,0.6666666666666666,0.7619047619047619,0.875,0.4166666666666667,0.47619047619047616,0.875,0.4166666666666667,0.47619047619047616
llama31_instruct,h1_dinc,65,random,ChCh,0.6666666666666666,0.625,0.9375,0.6666666666666666,0.3333333333333333,0.5,0.6666666666666666,0.3333333333333333,0.5
llama31_instruct,h1_dinc,65,random,ChCm,0.875,0.7083333333333334,0.8095238095238095,0.875,0.4166666666666667,0.47619047619047616,0.875,0.4166666666666667,0.47619047619047616
llama31_instruct,h1_dinc,65,random,ChCo,0.7083333333333334,0.5416666666666666,0.7647058823529411,0.7083333333333334,0.3333333333333333,0.47058823529411764,0.7083333333333334,0.3333333333333333,0.47058823529411764
llama31_instruct,h1_dinc,65,random,ChDl,0.7916666666666666,0.625,0.7894736842105263,0.7916666666666666,0.3333333333333333,0.42105263157894735,0.7916666666666666,0.3333333333333333,0.42105263157894735
llama31_instruct,h1_dinc,65,random,ChHa,0.6666666666666666,0.5833333333333334,0.875,0.6666666666666666,0.2916666666666667,0.4375,0.6666666666666666,0.375,0.5625
llama31_instruct,h1_dinc,65,random,ChHr,0.75,0.625,0.8333333333333334,0.75,0.4583333333333333,0.6111111111111112,0.75,0.4583333333333333,0.6111111111111112
llama31_instruct,h1_dinc,65,random,CmAs,0.625,0.5416666666666666,0.8666666666666667,0.625,0.25,0.4,0.625,0.375,0.6
llama31_instruct,h1_dinc,65,random,CmCm,0.625,0.5416666666666666,0.8666666666666667,0.625,0.25,0.4,0.625,0.375,0.6
llama31_instruct,h1_dinc,65,random,CmDl,0.7083333333333334,0.5833333333333334,0.8235294117647058,0.7083333333333334,0.25,0.35294117647058826,0.7083333333333334,0.4583333333333333,0.6470588235294118
llama31_instruct,h1_dinc,65,random,CmHa,0.75,0.5833333333333334,0.7777777777777778,0.75,0.25,0.3333333333333333,0.75,0.5,0.6666666666666666
llama31_instruct,h1_dinc,65,random,CmNc,0.875,0.75,0.8571428571428571,0.875,0.3333333333333333,0.38095238095238093,0.875,0.5416666666666666,0.6190476190476191
llama31_instruct,h1_dinc,65,random,CoAs,0.7083333333333334,0.6666666666666666,0.9411764705882353,0.7083333333333334,0.4583333333333333,0.6470588235294118,0.7083333333333334,0.4583333333333333,0.6470588235294118
llama31_instruct,h1_dinc,65,random,CoCo,0.7916666666666666,0.5,0.631578947368421,0.7916666666666666,0.5416666666666666,0.6842105263157895,0.7916666666666666,0.5416666666666666,0.6842105263157895
llama31_instruct,h1_dinc,65,random,CoSh,0.5833333333333334,0.4583333333333333,0.7857142857142857,0.5833333333333334,0.2916666666666667,0.5,0.5833333333333334,0.2916666666666667,0.5
llama31_instruct,h1_dinc,65,random,HaAs,0.625,0.5833333333333334,0.9333333333333333,0.625,0.375,0.6,0.625,0.375,0.6
llama31_instruct,h1_dinc,65,random,HaBa,0.6666666666666666,0.5,0.75,0.6666666666666666,0.5,0.75,0.6666666666666666,0.5,0.75
llama31_instruct,h1_dinc,65,random,HaCm,0.75,0.625,0.8333333333333334,0.75,0.4583333333333333,0.6111111111111112,0.75,0.4583333333333333,0.6111111111111112
llama31_instruct,h1_dinc,65,random,HaDl,0.7916666666666666,0.5833333333333334,0.7368421052631579,0.7916666666666666,0.5,0.631578947368421,0.7916666666666666,0.5,0.631578947368421
llama31_instruct,h1_dinc,65,random,HaHa,0.8333333333333334,0.6666666666666666,0.8,0.8333333333333334,0.5833333333333334,0.7,0.8333333333333334,0.5833333333333334,0.7
llama31_instruct,h1_dinc,65,random,HaNc,0.5833333333333334,0.375,0.6428571428571429,0.5833333333333334,0.3333333333333333,0.5714285714285714,0.5833333333333334,0.3333333333333333,0.5714285714285714
llama31_instruct,h1_dinc,65,random,HaPc,0.625,0.5,0.8,0.625,0.4583333333333333,0.7333333333333333,0.625,0.4583333333333333,0.7333333333333333
llama31_instruct,h1_dinc,65,random,HrAs,0.75,0.5833333333333334,0.7777777777777778,0.75,0.2916666666666667,0.3888888888888889,0.75,0.4583333333333333,0.6111111111111112
llama31_instruct,h1_dinc,65,random,HrBa,0.7916666666666666,0.6666666666666666,0.8421052631578947,0.7916666666666666,0.3333333333333333,0.42105263157894735,0.7916666666666666,0.4583333333333333,0.5789473684210527
llama31_instruct,h1_dinc,65,random,HrCh,0.75,0.6666666666666666,0.8888888888888888,0.75,0.20833333333333334,0.2777777777777778,0.75,0.5416666666666666,0.7222222222222222
llama31_instruct,h1_dinc,65,random,HrHr,0.8333333333333334,0.625,0.75,0.8333333333333334,0.2916666666666667,0.35,0.8333333333333334,0.5416666666666666,0.65
llama31_instruct,h1_dinc,65,random,ShAs,0.7916666666666666,0.4166666666666667,0.5263157894736842,0.7916666666666666,0.4166666666666667,0.5263157894736842,0.7916666666666666,0.4166666666666667,0.5263157894736842
llama31_instruct,h1_dinc,65,random,ShCo,0.5416666666666666,0.375,0.6923076923076923,0.5416666666666666,0.4583333333333333,0.8461538461538461,0.5416666666666666,0.4583333333333333,0.8461538461538461
llama31_instruct,h1_dinc,65,random,ShSh,0.8333333333333334,0.7083333333333334,0.85,0.8333333333333334,0.4166666666666667,0.5,0.8333333333333334,0.4166666666666667,0.5
llama31_instruct,h1_dinc,79,main,AsAs,1.0,1.0,1.0,1.0,0.5,0.5,1.0,0.5,0.5
llama31_instruct,h1_dinc,79,main,AsBa,1.0,1.0,1.0,1.0,0.5,0.5,1.0,0.5,0.5
llama31_instruct,h1_dinc,79,main,AsCh,1.0,1.0,1.0,1.0,0.5,0.5,1.0,0.5,0.5
llama31_instruct,h1_dinc,79,main,AsCm,1.0,1.0,1.0,1.0,0.5,0.5,1.0,0.5,0.5
llama31_instruct,h1_dinc,79,main,AsCo,1.0,1.0,1.0,1.0,0.5,0.5,1.0,0.5,0.5
llama31_instruct,h1_dinc,79,main,AsDl,1.0,1.0,1.0,1.0,0.5,0.5,1.0,0.5,0.5
llama31_instruct,h1_dinc,79,main,AsHa,1.0,1.0,1.0,1.0,0.5,0.5,1.0,0.5,0.5
llama31_instruct,h1_dinc,79,main,AsHr,1.0,1.0,1.0,1.0,0.5,0.5,1.0,0.5,0.5
llama31_instruct,h1_dinc,79,main,AsNc,1.0,1.0,1.0,1.0,0.5,0.5,1.0,0.5,0.5
llama31_instruct,h1_dinc,79,main,AsPc,1.0,1.0,1.0,1.0,0.5,0.5,1.0,0.5,0.5
llama31_instruct,h1_dinc,79,main,AsPd,1.0,1.0,1.0,1.0,0.5,0.5,1.0,0.5,0.5
llama31_instruct,h1_dinc,79,main,AsSh,1.0,1.0,1.0,1.0,0.5,0.5,1.0,0.5,0.5
llama31_instruct,h1_dinc,79,main,BaAs,1.0,1.0,1.0,1.0,0.5,0.5,1.0,0.5,0.5
llama31_instruct,h1_dinc,79,main,BaBa,1.0,1.0,1.0,1.0,0.5,0.5,1.0,0.5,0.5
llama31_instruct,h1_dinc,79,main,BaCh,1.0,1.0,1.0,1.0,0.5,0.5,1.0,0.5,0.5
llama31_instruct,h1_dinc,79,main,BaCm,1.0,1.0,1.0,1.0,0.5,0.5,1.0,0.5,0.5
llama31_instruct,h1_dinc,79,main,BaCo,1.0,1.0,1.0,1.0,0.5,0.5,1.0,0.5,0.5
llama31_instruct,h1_dinc,79,main,BaDl,1.0,1.0,1.0,1.0,0.5,0.5,1.0,0.5,0.5
llama31_instruct,h1_dinc,79,main,BaHa,1.0,1.0,1.0,1.0,0.5,0.5,1.0,0.5,0.5
llama31_instruct,h1_dinc,79,main,BaHr,1.0,1.0,1.0,1.0,0.5,0.5,1.0,0.5,0.5
llama31_instruct,h1_dinc,79,main,BaNc,1.0,1.0,1.0,1.0,0.5,0.5,1.0,0.5,0.5
llama31_instruct,h1_dinc,79,main,BaPc,1.0,1.0,1.0,1.0,0.5,0.5,1.0,0.5,0.5
llama31_instruct,h1_dinc,79,main,BaPd,1.0,1.0,1.0,1.0,0.5,0.5,1.0,0.5,0.5
llama31_instruct,h1_dinc,79,main,BaSh,1.0,1.0,1.0,1.0,0.5,0.5,1.0,0.5,0.5
llama31_instruct,h1_dinc,79,main,ChAs,1.0,1.0,1.0,1.0,0.5,0.5,1.0,0.5,0.5
llama31_instruct,h1_dinc,79,main,ChBa,1.0,1.0,1.0,1.0,0.5,0.5,1.0,0.5,0.5
llama31_instruct,h1_dinc,79,main,ChCh,1.0,1.0,1.0,1.0,0.5,0.5,1.0,0.5,0.5
llama31_instruct,h1_dinc,79,main,ChCm,1.0,1.0,1.0,1.0,0.5,0.5,1.0,0.5,0.5
llama31_instruct,h1_dinc,79,main,ChCo,1.0,1.0,1.0,1.0,0.5,0.5,1.0,0.5,0.5
llama31_instruct,h1_dinc,79,main,ChDl,1.0,1.0,1.0,1.0,0.5,0.5,1.0,0.5,0.5
llama31_instruct,h1_dinc,79,main,ChHa,1.0,1.0,1.0,1.0,0.5,0.5,1.0,0.5,0.5
llama31_instruct,h1_dinc,79,main,ChHr,1.0,1.0,1.0,1.0,0.5,0.5,1.0,0.5,0.5
llama31_instruct,h1_dinc,79,main,CmAs,1.0,1.0,1.0,1.0,0.5,0.5,1.0,0.5,0.5
llama31_instruct,h1_dinc,79,main,CmCm,1.0,1.0,1.0,1.0,0.5,0.5,1.0,0.5,0.5
llama31_instruct,h1_dinc,79,main,CmDl,1.0,1.0,1.0,1.0,0.5,0.5,1.0,0.5,0.5
llama31_instruct,h1_dinc,79,main,CmHa,1.0,1.0,1.0,1.0,0.5,0.5,1.0,0.5,0.5
llama31_instruct,h1_dinc,79,main,CmNc,1.0,1.0,1.0,1.0,0.5,0.5,1.0,0.5,0.5
llama31_instruct,h1_dinc,79,main,CoAs,1.0,1.0,1.0,1.0,0.5,0.5,1.0,0.5,0.5
llama31_instruct,h1_dinc,79,main,CoCo,1.0,1.0,1.0,1.0,0.5,0.5,1.0,0.5,0.5
llama31_instruct,h1_dinc,79,main,CoSh,1.0,1.0,1.0,1.0,0.5,0.5,1.0,0.5,0.5
llama31_instruct,h1_dinc,79,main,HaAs,1.0,1.0,1.0,1.0,0.5,0.5,1.0,0.5,0.5
llama31_instruct,h1_dinc,79,main,HaBa,1.0,1.0,1.0,1.0,0.5,0.5,1.0,0.5,0.5
llama31_instruct,h1_dinc,79,main,HaCm,1.0,1.0,1.0,1.0,0.5,0.5,1.0,0.5,0.5
llama31_instruct,h1_dinc,79,main,HaDl,1.0,1.0,1.0,1.0,0.5,0.5,1.0,0.5,0.5
llama31_instruct,h1_dinc,79,main,HaHa,1.0,1.0,1.0,1.0,0.5,0.5,1.0,0.5,0.5
llama31_instruct,h1_dinc,79,main,HaNc,1.0,1.0,1.0,1.0,0.5,0.5,1.0,0.5,0.5
llama31_instruct,h1_dinc,79,main,HaPc,1.0,1.0,1.0,1.0,0.5,0.5,1.0,0.5,0.5
llama31_instruct,h1_dinc,79,main,HrAs,1.0,1.0,1.0,1.0,0.5,0.5,1.0,0.5,0.5
llama31_instruct,h1_dinc,79,main,HrBa,1.0,1.0,1.0,1.0,0.5,0.5,1.0,0.5,0.5
llama31_instruct,h1_dinc,79,main,HrCh,1.0,1.0,1.0,1.0,0.5,0.5,1.0,0.5,0.5
llama31_instruct,h1_dinc,79,main,HrHr,1.0,1.0,1.0,1.0,0.5,0.5,1.0,0.5,0.5
llama31_instruct,h1_dinc,79,main,ShAs,1.0,1.0,1.0,1.0,0.5,0.5,1.0,0.5,0.5
llama31_instruct,h1_dinc,79,main,ShCo,1.0,1.0,1.0,1.0,0.5,0.5,1.0,0.5,0.5
llama31_instruct,h1_dinc,79,main,ShSh,1.0,1.0,1.0,1.0,0.5,0.5,1.0,0.5,0.5
llama31_instruct,h1_dinc,79,main_perp,AsAs,0.9166666666666666,0.5,0.5454545454545454,0.9166666666666666,0.4583333333333333,0.5,0.9166666666666666,0.4583333333333333,0.5
llama31_instruct,h1_dinc,79,main_perp,AsBa,0.6666666666666666,0.20833333333333334,0.3125,0.6666666666666666,0.25,0.375,0.6666666666666666,0.4166666666666667,0.625
llama31_instruct,h1_dinc,79,main_perp,AsCh,0.7916666666666666,0.5416666666666666,0.6842105263157895,0.7916666666666666,0.4583333333333333,0.5789473684210527,0.7916666666666666,0.3333333333333333,0.42105263157894735
llama31_instruct,h1_dinc,79,main_perp,AsCm,0.75,0.4583333333333333,0.6111111111111112,0.75,0.375,0.5,0.75,0.375,0.5
llama31_instruct,h1_dinc,79,main_perp,AsCo,0.8333333333333334,0.4583333333333333,0.55,0.8333333333333334,0.3333333333333333,0.4,0.8333333333333334,0.3333333333333333,0.4
llama31_instruct,h1_dinc,79,main_perp,AsDl,0.9166666666666666,0.5416666666666666,0.5909090909090909,0.9166666666666666,0.4166666666666667,0.45454545454545453,0.9166666666666666,0.5,0.5454545454545454
llama31_instruct,h1_dinc,79,main_perp,AsHa,0.7916666666666666,0.4583333333333333,0.5789473684210527,0.7916666666666666,0.375,0.47368421052631576,0.7916666666666666,0.375,0.47368421052631576
llama31_instruct,h1_dinc,79,main_perp,AsHr,0.875,0.4166666666666667,0.47619047619047616,0.875,0.375,0.42857142857142855,0.875,0.5,0.5714285714285714
llama31_instruct,h1_dinc,79,main_perp,AsNc,0.625,0.375,0.6,0.625,0.3333333333333333,0.5333333333333333,0.625,0.3333333333333333,0.5333333333333333
llama31_instruct,h1_dinc,79,main_perp,AsPc,0.9583333333333334,0.4583333333333333,0.4782608695652174,0.9583333333333334,0.5416666666666666,0.5652173913043478,0.9583333333333334,0.5416666666666666,0.5652173913043478
llama31_instruct,h1_dinc,79,main_perp,AsPd,0.7083333333333334,0.3333333333333333,0.47058823529411764,0.7083333333333334,0.25,0.35294117647058826,0.7083333333333334,0.4583333333333333,0.6470588235294118
llama31_instruct,h1_dinc,79,main_perp,AsSh,0.8333333333333334,0.5,0.6,0.8333333333333334,0.4166666666666667,0.5,0.8333333333333334,0.4166666666666667,0.5
llama31_instruct,h1_dinc,79,main_perp,BaAs,0.7916666666666666,0.4583333333333333,0.5789473684210527,0.7916666666666666,0.4583333333333333,0.5789473684210527,0.7916666666666666,0.4583333333333333,0.5789473684210527
llama31_instruct,h1_dinc,79,main_perp,BaBa,0.7916666666666666,0.5416666666666666,0.6842105263157895,0.7916666666666666,0.375,0.47368421052631576,0.7916666666666666,0.375,0.47368421052631576
llama31_instruct,h1_dinc,79,main_perp,BaCh,0.7916666666666666,0.4166666666666667,0.5263157894736842,0.7916666666666666,0.5416666666666666,0.6842105263157895,0.7916666666666666,0.5416666666666666,0.6842105263157895
llama31_instruct,h1_dinc,79,main_perp,BaCm,0.6666666666666666,0.3333333333333333,0.5,0.6666666666666666,0.375,0.5625,0.6666666666666666,0.375,0.5625
llama31_instruct,h1_dinc,79,main_perp,BaCo,0.7083333333333334,0.3333333333333333,0.47058823529411764,0.7083333333333334,0.4166666666666667,0.5882352941176471,0.7083333333333334,0.4166666666666667,0.5882352941176471
llama31_instruct,h1_dinc,79,main_perp,BaDl,0.8333333333333334,0.4583333333333333,0.55,0.8333333333333334,0.375,0.45,0.8333333333333334,0.375,0.45
llama31_instruct,h1_dinc,79,main_perp,BaHa,0.7916666666666666,0.25,0.3157894736842105,0.7916666666666666,0.4166666666666667,0.5263157894736842,0.7916666666666666,0.375,0.47368421052631576
llama31_instruct,h1_dinc,79,main_perp,BaHr,0.6666666666666666,0.4166666666666667,0.625,0.6666666666666666,0.5,0.75,0.6666666666666666,0.5,0.75
llama31_instruct,h1_dinc,79,main_perp,BaNc,0.7916666666666666,0.3333333333333333,0.42105263157894735,0.7916666666666666,0.5416666666666666,0.6842105263157895,0.7916666666666666,0.25,0.3157894736842105
llama31_instruct,h1_dinc,79,main_perp,BaPc,0.7083333333333334,0.20833333333333334,0.29411764705882354,0.7083333333333334,0.375,0.5294117647058824,0.7083333333333334,0.3333333333333333,0.47058823529411764
llama31_instruct,h1_dinc,79,main_perp,BaPd,0.875,0.4583333333333333,0.5238095238095238,0.875,0.375,0.42857142857142855,0.875,0.375,0.42857142857142855
llama31_instruct,h1_dinc,79,main_perp,BaSh,0.9166666666666666,0.4166666666666667,0.45454545454545453,0.9166666666666666,0.4583333333333333,0.5,0.9166666666666666,0.4583333333333333,0.5
llama31_instruct,h1_dinc,79,main_perp,ChAs,0.7916666666666666,0.5,0.631578947368421,0.7916666666666666,0.25,0.3157894736842105,0.7916666666666666,0.25,0.3157894736842105
llama31_instruct,h1_dinc,79,main_perp,ChBa,0.9166666666666666,0.5416666666666666,0.5909090909090909,0.9166666666666666,0.4583333333333333,0.5,0.9166666666666666,0.4583333333333333,0.5
llama31_instruct,h1_dinc,79,main_perp,ChCh,0.7083333333333334,0.375,0.5294117647058824,0.7083333333333334,0.4166666666666667,0.5882352941176471,0.7083333333333334,0.4166666666666667,0.5882352941176471
llama31_instruct,h1_dinc,79,main_perp,ChCm,0.6666666666666666,0.3333333333333333,0.5,0.6666666666666666,0.3333333333333333,0.5,0.6666666666666666,0.3333333333333333,0.5
llama31_instruct,h1_dinc,79,main_perp,ChCo,0.7916666666666666,0.4583333333333333,0.5789473684210527,0.7916666666666666,0.375,0.47368421052631576,0.7916666666666666,0.375,0.47368421052631576
llama31_instruct,h1_dinc,79,main_perp,ChDl,0.75,0.4166666666666667,0.5555555555555556,0.75,0.375,0.5,0.75,0.375,0.5
llama31_instruct,h1_dinc,79,main_perp,ChHa,0.7916666666666666,0.375,0.47368421052631576,0.7916666666666666,0.4166666666666667,0.5263157894736842,0.7916666666666666,0.375,0.47368421052631576
llama31_instruct,h1_dinc,79,main_perp,ChHr,0.625,0.2916666666666667,0.4666666666666667,0.625,0.375,0.6,0.625,0.375,0.6
llama31_instruct,h1_dinc,79,main_perp,CmAs,0.875,0.2916666666666667,0.3333333333333333,0.875,0.5833333333333334,0.6666666666666666,0.875,0.2916666666666667,0.3333333333333333
llama31_instruct,h1_dinc,79,main_perp,CmCm,0.9166666666666666,0.4583333333333333,0.5,0.9166666666666666,0.6666666666666666,0.7272727272727273,0.9166666666666666,0.25,0.2727272727272727
llama31_instruct,h1_dinc,79,main_perp,CmDl,0.9166666666666666,0.5,0.5454545454545454,0.9166666666666666,0.5833333333333334,0.6363636363636364,0.9166666666666666,0.3333333333333333,0.36363636363636365
llama31_instruct,h1_dinc,79,main_perp,CmHa,0.7916666666666666,0.375,0.47368421052631576,0.7916666666666666,0.5,0.631578947368421,0.7916666666666666,0.2916666666666667,0.3684210526315789
llama31_instruct,h1_dinc,79,main_perp,CmNc,0.875,0.4166666666666667,0.47619047619047616,0.875,0.4583333333333333,0.5238095238095238,0.875,0.4166666666666667,0.47619047619047616
llama31_instruct,h1_dinc,79,main_perp,CoAs,0.7083333333333334,0.375,0.5294117647058824,0.7083333333333334,0.2916666666666667,0.4117647058823529,0.7083333333333334,0.2916666666666667,0.4117647058823529
llama31_instruct,h1_dinc,79,main_perp,CoCo,0.8333333333333334,0.375,0.45,0.8333333333333334,0.375,0.45,0.8333333333333334,0.375,0.45
llama31_instruct,h1_dinc,79,main_perp,CoSh,0.7083333333333334,0.4166666666666667,0.5882352941176471,0.7083333333333334,0.2916666666666667,0.4117647058823529,0.7083333333333334,0.2916666666666667,0.4117647058823529
llama31_instruct,h1_dinc,79,main_perp,HaAs,0.875,0.375,0.42857142857142855,0.875,0.3333333333333333,0.38095238095238093,0.875,0.3333333333333333,0.38095238095238093
llama31_instruct,h1_dinc,79,main_perp,HaBa,0.875,0.5,0.5714285714285714,0.875,0.4166666666666667,0.47619047619047616,0.875,0.4166666666666667,0.47619047619047616
llama31_instruct,h1_dinc,79,main_perp,HaCm,0.9583333333333334,0.5,0.5217391304347826,0.9583333333333334,0.4166666666666667,0.43478260869565216,0.9583333333333334,0.4166666666666667,0.43478260869565216
llama31_instruct,h1_dinc,79,main_perp,HaDl,0.7916666666666666,0.4166666666666667,0.5263157894736842,0.7916666666666666,0.3333333333333333,0.42105263157894735,0.7916666666666666,0.3333333333333333,0.42105263157894735
llama31_instruct,h1_dinc,79,main_perp,HaHa,0.9166666666666666,0.5,0.5454545454545454,0.9166666666666666,0.4166666666666667,0.45454545454545453,0.9166666666666666,0.4166666666666667,0.45454545454545453
llama31_instruct,h1_dinc,79,main_perp,HaNc,0.8333333333333334,0.5,0.6,0.8333333333333334,0.375,0.45,0.8333333333333334,0.375,0.45
llama31_instruct,h1_dinc,79,main_perp,HaPc,0.7916666666666666,0.4583333333333333,0.5789473684210527,0.7916666666666666,0.25,0.3157894736842105,0.7916666666666666,0.25,0.3157894736842105
llama31_instruct,h1_dinc,79,main_perp,HrAs,0.7916666666666666,0.2916666666666667,0.3684210526315789,0.7916666666666666,0.375,0.47368421052631576,0.7916666666666666,0.4166666666666667,0.5263157894736842
llama31_instruct,h1_dinc,79,main_perp,HrBa,0.875,0.375,0.42857142857142855,0.875,0.4583333333333333,0.5238095238095238,0.875,0.4166666666666667,0.47619047619047616
llama31_instruct,h1_dinc,79,main_perp,HrCh,0.875,0.5416666666666666,0.6190476190476191,0.875,0.5,0.5714285714285714,0.875,0.375,0.42857142857142855
llama31_instruct,h1_dinc,79,main_perp,HrHr,0.7916666666666666,0.25,0.3157894736842105,0.7916666666666666,0.4166666666666667,0.5263157894736842,0.7916666666666666,0.375,0.47368421052631576
llama31_instruct,h1_dinc,79,main_perp,ShAs,0.9166666666666666,0.5416666666666666,0.5909090909090909,0.9166666666666666,0.375,0.4090909090909091,0.9166666666666666,0.375,0.4090909090909091
llama31_instruct,h1_dinc,79,main_perp,ShCo,0.875,0.5833333333333334,0.6666666666666666,0.875,0.2916666666666667,0.3333333333333333,0.875,0.2916666666666667,0.3333333333333333
llama31_instruct,h1_dinc,79,main_perp,ShSh,0.7916666666666666,0.5,0.631578947368421,0.7916666666666666,0.4166666666666667,0.5263157894736842,0.7916666666666666,0.4166666666666667,0.5263157894736842
llama31_instruct,h1_dinc,79,random,AsAs,1.0,0.0,0.0,1.0,0.5,0.5,1.0,0.5,0.5
llama31_instruct,h1_dinc,79,random,AsBa,1.0,0.0,0.0,1.0,0.5,0.5,1.0,0.5,0.5
llama31_instruct,h1_dinc,79,random,AsCh,1.0,0.0,0.0,1.0,0.5,0.5,1.0,0.5,0.5
llama31_instruct,h1_dinc,79,random,AsCm,1.0,0.0,0.0,1.0,0.5,0.5,1.0,0.5,0.5
llama31_instruct,h1_dinc,79,random,AsCo,1.0,0.0,0.0,1.0,0.5,0.5,1.0,0.5,0.5
llama31_instruct,h1_dinc,79,random,AsDl,1.0,0.0,0.0,1.0,0.5,0.5,1.0,0.5,0.5
llama31_instruct,h1_dinc,79,random,AsHa,1.0,0.0,0.0,1.0,0.5,0.5,1.0,0.5,0.5
llama31_instruct,h1_dinc,79,random,AsHr,1.0,0.0,0.0,1.0,0.5,0.5,1.0,0.5,0.5
llama31_instruct,h1_dinc,79,random,AsNc,1.0,0.0,0.0,1.0,0.5,0.5,1.0,0.5,0.5
llama31_instruct,h1_dinc,79,random,AsPc,1.0,0.0,0.0,1.0,0.5,0.5,1.0,0.5,0.5
llama31_instruct,h1_dinc,79,random,AsPd,1.0,0.0,0.0,1.0,0.5,0.5,1.0,0.5,0.5
llama31_instruct,h1_dinc,79,random,AsSh,1.0,0.0,0.0,1.0,0.5,0.5,1.0,0.5,0.5
llama31_instruct,h1_dinc,79,random,BaAs,1.0,0.0,0.0,1.0,0.5,0.5,1.0,0.5,0.5
llama31_instruct,h1_dinc,79,random,BaBa,1.0,0.0,0.0,1.0,0.5,0.5,1.0,0.5,0.5
llama31_instruct,h1_dinc,79,random,BaCh,1.0,0.0,0.0,1.0,0.5,0.5,1.0,0.5,0.5
llama31_instruct,h1_dinc,79,random,BaCm,1.0,0.0,0.0,1.0,0.5,0.5,1.0,0.5,0.5
llama31_instruct,h1_dinc,79,random,BaCo,1.0,0.0,0.0,1.0,0.5,0.5,1.0,0.5,0.5
llama31_instruct,h1_dinc,79,random,BaDl,1.0,0.0,0.0,1.0,0.5,0.5,1.0,0.5,0.5
llama31_instruct,h1_dinc,79,random,BaHa,1.0,0.0,0.0,1.0,0.5,0.5,1.0,0.5,0.5
llama31_instruct,h1_dinc,79,random,BaHr,1.0,0.0,0.0,1.0,0.5,0.5,1.0,0.5,0.5
llama31_instruct,h1_dinc,79,random,BaNc,1.0,0.0,0.0,1.0,0.5,0.5,1.0,0.5,0.5
llama31_instruct,h1_dinc,79,random,BaPc,1.0,0.0,0.0,1.0,0.5,0.5,1.0,0.5,0.5
llama31_instruct,h1_dinc,79,random,BaPd,1.0,0.0,0.0,1.0,0.5,0.5,1.0,0.5,0.5
llama31_instruct,h1_dinc,79,random,BaSh,1.0,0.0,0.0,1.0,0.5,0.5,1.0,0.5,0.5
llama31_instruct,h1_dinc,79,random,ChAs,1.0,0.0,0.0,1.0,0.5,0.5,1.0,0.5,0.5
llama31_instruct,h1_dinc,79,random,ChBa,1.0,0.0,0.0,1.0,0.5,0.5,1.0,0.5,0.5
llama31_instruct,h1_dinc,79,random,ChCh,1.0,0.0,0.0,1.0,0.5,0.5,1.0,0.5,0.5
llama31_instruct,h1_dinc,79,random,ChCm,1.0,0.0,0.0,1.0,0.5,0.5,1.0,0.5,0.5
llama31_instruct,h1_dinc,79,random,ChCo,1.0,0.0,0.0,1.0,0.5,0.5,1.0,0.5,0.5
llama31_instruct,h1_dinc,79,random,ChDl,1.0,0.0,0.0,1.0,0.5,0.5,1.0,0.5,0.5
llama31_instruct,h1_dinc,79,random,ChHa,1.0,0.0,0.0,1.0,0.5,0.5,1.0,0.5,0.5
llama31_instruct,h1_dinc,79,random,ChHr,1.0,0.0,0.0,1.0,0.5,0.5,1.0,0.5,0.5
llama31_instruct,h1_dinc,79,random,CmAs,1.0,0.0,0.0,1.0,0.5,0.5,1.0,0.5,0.5
llama31_instruct,h1_dinc,79,random,CmCm,1.0,0.0,0.0,1.0,0.5,0.5,1.0,0.5,0.5
llama31_instruct,h1_dinc,79,random,CmDl,1.0,0.0,0.0,1.0,0.5,0.5,1.0,0.5,0.5
llama31_instruct,h1_dinc,79,random,CmHa,1.0,0.0,0.0,1.0,0.5,0.5,1.0,0.5,0.5
llama31_instruct,h1_dinc,79,random,CmNc,1.0,0.0,0.0,1.0,0.5,0.5,1.0,0.5,0.5
llama31_instruct,h1_dinc,79,random,CoAs,1.0,0.0,0.0,1.0,0.5,0.5,1.0,0.5,0.5
llama31_instruct,h1_dinc,79,random,CoCo,1.0,0.0,0.0,1.0,0.5,0.5,1.0,0.5,0.5
llama31_instruct,h1_dinc,79,random,CoSh,1.0,0.0,0.0,1.0,0.5,0.5,1.0,0.5,0.5
llama31_instruct,h1_dinc,79,random,HaAs,1.0,0.0,0.0,1.0,0.5,0.5,1.0,0.5,0.5
llama31_instruct,h1_dinc,79,random,HaBa,1.0,0.0,0.0,1.0,0.5,0.5,1.0,0.5,0.5
llama31_instruct,h1_dinc,79,random,HaCm,1.0,0.0,0.0,1.0,0.5,0.5,1.0,0.5,0.5
llama31_instruct,h1_dinc,79,random,HaDl,1.0,0.0,0.0,1.0,0.5,0.5,1.0,0.5,0.5
llama31_instruct,h1_dinc,79,random,HaHa,1.0,0.0,0.0,1.0,0.5,0.5,1.0,0.5,0.5
llama31_instruct,h1_dinc,79,random,HaNc,1.0,0.0,0.0,1.0,0.5,0.5,1.0,0.5,0.5
llama31_instruct,h1_dinc,79,random,HaPc,1.0,0.0,0.0,1.0,0.5,0.5,1.0,0.5,0.5
llama31_instruct,h1_dinc,79,random,HrAs,1.0,0.0,0.0,1.0,0.5,0.5,1.0,0.5,0.5
llama31_instruct,h1_dinc,79,random,HrBa,1.0,0.0,0.0,1.0,0.5,0.5,1.0,0.5,0.5
llama31_instruct,h1_dinc,79,random,HrCh,1.0,0.0,0.0,1.0,0.5,0.5,1.0,0.5,0.5
llama31_instruct,h1_dinc,79,random,HrHr,1.0,0.0,0.0,1.0,0.5,0.5,1.0,0.5,0.5
llama31_instruct,h1_dinc,79,random,ShAs,1.0,0.0,0.0,1.0,0.5,0.5,1.0,0.5,0.5
llama31_instruct,h1_dinc,79,random,ShCo,1.0,0.0,0.0,1.0,0.5,0.5,1.0,0.5,0.5
llama31_instruct,h1_dinc,79,random,ShSh,1.0,0.0,0.0,1.0,0.5,0.5,1.0,0.5,0.5
llama31_instruct,h2_choice,65,main,AsAs,0.5833333333333334,0.20833333333333334,0.35714285714285715,0.5833333333333334,0.20833333333333334,0.35714285714285715,0.5833333333333334,0.20833333333333334,0.35714285714285715
llama31_instruct,h2_choice,65,main,AsBa,0.625,0.3333333333333333,0.5333333333333333,0.625,0.3333333333333333,0.5333333333333333,0.625,0.2916666666666667,0.4666666666666667
llama31_instruct,h2_choice,65,main,AsCh,0.7083333333333334,0.16666666666666666,0.23529411764705882,0.7083333333333334,0.375,0.5294117647058824,0.7083333333333334,0.3333333333333333,0.47058823529411764
llama31_instruct,h2_choice,65,main,AsCm,0.75,0.2916666666666667,0.3888888888888889,0.75,0.16666666666666666,0.2222222222222222,0.75,0.5833333333333334,0.7777777777777778
llama31_instruct,h2_choice,65,main,AsCo,0.625,0.20833333333333334,0.3333333333333333,0.625,0.20833333333333334,0.3333333333333333,0.625,0.20833333333333334,0.3333333333333333
llama31_instruct,h2_choice,65,main,AsDl,0.8333333333333334,0.375,0.45,0.8333333333333334,0.3333333333333333,0.4,0.8333333333333334,0.5,0.6
llama31_instruct,h2_choice,65,main,AsHa,0.7083333333333334,0.375,0.5294117647058824,0.7083333333333334,0.2916666666666667,0.4117647058823529,0.7083333333333334,0.2916666666666667,0.4117647058823529
llama31_instruct,h2_choice,65,main,AsHr,0.5416666666666666,0.16666666666666666,0.3076923076923077,0.5416666666666666,0.08333333333333333,0.15384615384615385,0.5416666666666666,0.4583333333333333,0.8461538461538461
llama31_instruct,h2_choice,65,main,AsNc,0.6666666666666666,0.16666666666666666,0.25,0.6666666666666666,0.3333333333333333,0.5,0.6666666666666666,0.3333333333333333,0.5
llama31_instruct,h2_choice,65,main,AsPc,0.625,0.25,0.4,0.625,0.25,0.4,0.625,0.25,0.4
llama31_instruct,h2_choice,65,main,AsPd,0.625,0.20833333333333334,0.3333333333333333,0.625,0.25,0.4,0.625,0.375,0.6
llama31_instruct,h2_choice,65,main,AsSh,0.5416666666666666,0.375,0.6923076923076923,0.5416666666666666,0.16666666666666666,0.3076923076923077,0.5416666666666666,0.16666666666666666,0.3076923076923077
llama31_instruct,h2_choice,65,main,BaAs,0.6666666666666666,0.20833333333333334,0.3125,0.6666666666666666,0.4583333333333333,0.6875,0.6666666666666666,0.4583333333333333,0.6875
llama31_instruct,h2_choice,65,main,BaBa,0.75,0.375,0.5,0.75,0.5416666666666666,0.7222222222222222,0.75,0.5416666666666666,0.7222222222222222
llama31_instruct,h2_choice,65,main,BaCh,0.5416666666666666,0.20833333333333334,0.38461538461538464,0.5416666666666666,0.4166666666666667,0.7692307692307693,0.5416666666666666,0.4166666666666667,0.7692307692307693
llama31_instruct,h2_choice,65,main,BaCm,0.75,0.25,0.3333333333333333,0.75,0.3333333333333333,0.4444444444444444,0.75,0.3333333333333333,0.4444444444444444
llama31_instruct,h2_choice,65,main,BaCo,0.75,0.16666666666666666,0.2222222222222222,0.75,0.5833333333333334,0.7777777777777778,0.75,0.5833333333333334,0.7777777777777778
llama31_instruct,h2_choice,65,main,BaDl,0.6666666666666666,0.25,0.375,0.6666666666666666,0.5,0.75,0.6666666666666666,0.5,0.75
llama31_instruct,h2_choice,65,main,BaHa,0.6666666666666666,0.20833333333333334,0.3125,0.6666666666666666,0.4166666666666667,0.625,0.6666666666666666,0.25,0.375
llama31_instruct,h2_choice,65,main,BaHr,0.7083333333333334,0.0,0.0,0.7083333333333334,0.375,0.5294117647058824,0.7083333333333334,0.375,0.5294117647058824
llama31_instruct,h2_choice,65,main,BaNc,0.7916666666666666,0.2916666666666667,0.3684210526315789,0.7916666666666666,0.4583333333333333,0.5789473684210527,0.7916666666666666,0.3333333333333333,0.42105263157894735
llama31_instruct,h2_choice,65,main,BaPc,0.5833333333333334,0.16666666666666666,0.2857142857142857,0.5833333333333334,0.3333333333333333,0.5714285714285714,0.5833333333333334,0.25,0.42857142857142855
llama31_instruct,h2_choice,65,main,BaPd,0.6666666666666666,0.375,0.5625,0.6666666666666666,0.5416666666666666,0.8125,0.6666666666666666,0.5416666666666666,0.8125
llama31_instruct,h2_choice,65,main,BaSh,0.75,0.16666666666666666,0.2222222222222222,0.75,0.4166666666666667,0.5555555555555556,0.75,0.4166666666666667,0.5555555555555556
llama31_instruct,h2_choice,65,main,ChAs,0.625,0.20833333333333334,0.3333333333333333,0.625,0.4583333333333333,0.7333333333333333,0.625,0.4583333333333333,0.7333333333333333
llama31_instruct,h2_choice,65,main,ChBa,0.75,0.3333333333333333,0.4444444444444444,0.75,0.25,0.3333333333333333,0.75,0.25,0.3333333333333333
llama31_instruct,h2_choice,65,main,ChCh,0.6666666666666666,0.3333333333333333,0.5,0.6666666666666666,0.25,0.375,0.6666666666666666,0.25,0.375
llama31_instruct,h2_choice,65,main,ChCm,0.6666666666666666,0.125,0.1875,0.6666666666666666,0.375,0.5625,0.6666666666666666,0.375,0.5625
llama31_instruct,h2_choice,65,main,ChCo,0.875,0.25,0.2857142857142857,0.875,0.375,0.42857142857142855,0.875,0.375,0.42857142857142855
llama31_instruct,h2_choice,65,main,ChDl,0.75,0.125,0.16666666666666666,0.75,0.3333333333333333,0.4444444444444444,0.75,0.3333333333333333,0.4444444444444444
llama31_instruct,h2_choice,65,main,ChHa,0.875,0.25,0.2857142857142857,0.875,0.625,0.7142857142857143,0.875,0.25,0.2857142857142857
llama31_instruct,h2_choice,65,main,ChHr,0.75,0.16666666666666666,0.2222222222222222,0.75,0.4166666666666667,0.5555555555555556,0.75,0.4166666666666667,0.5555555555555556
llama31_instruct,h2_choice,65,main,CmAs,0.7916666666666666,0.3333333333333333,0.42105263157894735,0.7916666666666666,0.5416666666666666,0.6842105263157895,0.7916666666666666,0.25,0.3157894736842105
llama31_instruct,h2_choice,65,main,CmCm,0.7916666666666666,0.16666666666666666,0.21052631578947367,0.7916666666666666,0.5833333333333334,0.7368421052631579,0.7916666666666666,0.20833333333333334,0.2631578947368421
llama31_instruct,h2_choice,65,main,CmDl,0.7916666666666666,0.25,0.3157894736842105,0.7916666666666666,0.5,0.631578947368421,0.7916666666666666,0.2916666666666667,0.3684210526315789
llama31_instruct,h2_choice,65,main,CmHa,0.7916666666666666,0.3333333333333333,0.42105263157894735,0.7916666666666666,0.5416666666666666,0.6842105263157895,0.7916666666666666,0.25,0.3157894736842105
llama31_instruct,h2_choice,65,main,CmNc,0.75,0.375,0.5,0.75,0.625,0.8333333333333334,0.75,0.125,0.16666666666666666
llama31_instruct,h2_choice,65,main,CoAs,0.5833333333333334,0.08333333333333333,0.14285714285714285,0.5833333333333334,0.2916666666666667,0.5,0.5833333333333334,0.2916666666666667,0.5
llama31_instruct,h2_choice,65,main,CoCo,0.5833333333333334,0.25,0.42857142857142855,0.5833333333333334,0.2916666666666667,0.5,0.5833333333333334,0.2916666666666667,0.5
llama31_instruct,h2_choice,65,main,CoSh,0.6666666666666666,0.4166666666666667,0.625,0.6666666666666666,0.20833333333333334,0.3125,0.6666666666666666,0.20833333333333334,0.3125
llama31_instruct,h2_choice,65,main,HaAs,0.875,0.375,0.42857142857142855,0.875,0.375,0.42857142857142855,0.875,0.375,0.42857142857142855
llama31_instruct,h2_choice,65,main,HaBa,0.9166666666666666,0.3333333333333333,0.36363636363636365,0.9166666666666666,0.3333333333333333,0.36363636363636365,0.9166666666666666,0.3333333333333333,0.36363636363636365
llama31_instruct,h2_choice,65,main,HaCm,0.7083333333333334,0.25,0.35294117647058826,0.7083333333333334,0.3333333333333333,0.47058823529411764,0.7083333333333334,0.3333333333333333,0.47058823529411764
llama31_instruct,h2_choice,65,main,HaDl,0.75,0.4166666666666667,0.5555555555555556,0.75,0.20833333333333334,0.2777777777777778,0.75,0.20833333333333334,0.2777777777777778
llama31_instruct,h2_choice,65,main,HaHa,0.8333333333333334,0.2916666666666667,0.35,0.8333333333333334,0.20833333333333334,0.25,0.8333333333333334,0.20833333333333334,0.25
llama31_instruct,h2_choice,65,main,HaNc,0.5833333333333334,0.3333333333333333,0.5714285714285714,0.5833333333333334,0.20833333333333334,0.35714285714285715,0.5833333333333334,0.20833333333333334,0.35714285714285715
llama31_instruct,h2_choice,65,main,HaPc,0.8333333333333334,0.25,0.3,0.8333333333333334,0.3333333333333333,0.4,0.8333333333333334,0.3333333333333333,0.4
llama31_instruct,h2_choice,65,main,HrAs,0.875,0.16666666666666666,0.19047619047619047,0.875,0.5,0.5714285714285714,0.875,0.375,0.42857142857142855
llama31_instruct,h2_choice,65,main,HrBa,0.9166666666666666,0.2916666666666667,0.3181818181818182,0.9166666666666666,0.5,0.5454545454545454,0.9166666666666666,0.4166666666666667,0.45454545454545453
llama31_instruct,h2_choice,65,main,HrCh,0.6666666666666666,0.125,0.1875,0.6666666666666666,0.5416666666666666,0.8125,0.6666666666666666,0.125,0.1875
llama31_instruct,h2_choice,65,main,HrHr,0.7083333333333334,0.25,0.35294117647058826,0.7083333333333334,0.4166666666666667,0.5882352941176471,0.7083333333333334,0.2916666666666667,0.4117647058823529
llama31_instruct,h2_choice,65,main,ShAs,0.7083333333333334,0.4166666666666667,0.5882352941176471,0.7083333333333334,0.3333333333333333,0.47058823529411764,0.7083333333333334,0.3333333333333333,0.47058823529411764
llama31_instruct,h2_choice,65,main,ShCo,0.8333333333333334,0.4166666666666667,0.5,0.8333333333333334,0.3333333333333333,0.4,0.8333333333333334,0.3333333333333333,0.4
llama31_instruct,h2_choice,65,main,ShSh,0.75,0.20833333333333334,0.2777777777777778,0.75,0.2916666666666667,0.3888888888888889,0.75,0.2916666666666667,0.3888888888888889
llama31_instruct,h2_choice,65,main_perp,AsAs,0.7916666666666666,0.20833333333333334,0.2631578947368421,0.7916666666666666,0.4166666666666667,0.5263157894736842,0.7916666666666666,0.4166666666666667,0.5263157894736842
llama31_instruct,h2_choice,65,main_perp,AsBa,0.625,0.25,0.4,0.625,0.25,0.4,0.625,0.375,0.6
llama31_instruct,h2_choice,65,main_perp,AsCh,0.7083333333333334,0.16666666666666666,0.23529411764705882,0.7083333333333334,0.375,0.5294117647058824,0.7083333333333334,0.3333333333333333,0.47058823529411764
llama31_instruct,h2_choice,65,main_perp,AsCm,0.7916666666666666,0.20833333333333334,0.2631578947368421,0.7916666666666666,0.16666666666666666,0.21052631578947367,0.7916666666666666,0.625,0.7894736842105263
llama31_instruct,h2_choice,65,main_perp,AsCo,0.6666666666666666,0.25,0.375,0.6666666666666666,0.08333333333333333,0.125,0.6666666666666666,0.08333333333333333,0.125
llama31_instruct,h2_choice,65,main_perp,AsDl,0.875,0.3333333333333333,0.38095238095238093,0.875,0.3333333333333333,0.38095238095238093,0.875,0.5416666666666666,0.6190476190476191
llama31_instruct,h2_choice,65,main_perp,AsHa,0.5416666666666666,0.16666666666666666,0.3076923076923077,0.5416666666666666,0.25,0.46153846153846156,0.5416666666666666,0.25,0.46153846153846156
llama31_instruct,h2_choice,65,main_perp,AsHr,0.7916666666666666,0.125,0.15789473684210525,0.7916666666666666,0.25,0.3157894736842105,0.7916666666666666,0.5416666666666666,0.6842105263157895
llama31_instruct,h2_choice,65,main_perp,AsNc,0.5416666666666666,0.08333333333333333,0.15384615384615385,0.5416666666666666,0.16666666666666666,0.3076923076923077,0.5416666666666666,0.16666666666666666,0.3076923076923077
llama31_instruct,h2_choice,65,main_perp,AsPc,0.7083333333333334,0.125,0.17647058823529413,0.7083333333333334,0.25,0.35294117647058826,0.7083333333333334,0.25,0.35294117647058826
llama31_instruct,h2_choice,65,main_perp,AsPd,0.5,0.08333333333333333,0.16666666666666666,0.5,0.08333333333333333,0.16666666666666666,0.5,0.4166666666666667,0.8333333333333334
llama31_instruct,h2_choice,65,main_perp,AsSh,0.6666666666666666,0.2916666666666667,0.4375,0.6666666666666666,0.3333333333333333,0.5,0.6666666666666666,0.3333333333333333,0.5
llama31_instruct,h2_choice,65,main_perp,BaAs,0.9166666666666666,0.20833333333333334,0.22727272727272727,0.9166666666666666,0.6666666666666666,0.7272727272727273,0.9166666666666666,0.6666666666666666,0.7272727272727273
llama31_instruct,h2_choice,65,main_perp,BaBa,0.4583333333333333,0.16666666666666666,0.36363636363636365,0.4583333333333333,0.375,0.8181818181818182,0.4583333333333333,0.375,0.8181818181818182
llama31_instruct,h2_choice,65,main_perp,BaCh,0.6666666666666666,0.25,0.375,0.6666666666666666,0.4583333333333333,0.6875,0.6666666666666666,0.4583333333333333,0.6875
llama31_instruct,h2_choice,65,main_perp,BaCm,0.875,0.20833333333333334,0.23809523809523808,0.875,0.375,0.42857142857142855,0.875,0.375,0.42857142857142855
llama31_instruct,h2_choice,65,main_perp,BaCo,0.875,0.08333333333333333,0.09523809523809523,0.875,0.5416666666666666,0.6190476190476191,0.875,0.5416666666666666,0.6190476190476191
llama31_instruct,h2_choice,65,main_perp,BaDl,0.7083333333333334,0.16666666666666666,0.23529411764705882,0.7083333333333334,0.5416666666666666,0.7647058823529411,0.7083333333333334,0.5416666666666666,0.7647058823529411
llama31_instruct,h2_choice,65,main_perp,BaHa,0.6666666666666666,0.20833333333333334,0.3125,0.6666666666666666,0.4166666666666667,0.625,0.6666666666666666,0.25,0.375
llama31_instruct,h2_choice,65,main_perp,BaHr,0.6666666666666666,0.08333333333333333,0.125,0.6666666666666666,0.4166666666666667,0.625,0.6666666666666666,0.4166666666666667,0.625
llama31_instruct,h2_choice,65,main_perp,BaNc,0.875,0.20833333333333334,0.23809523809523808,0.875,0.5833333333333334,0.6666666666666666,0.875,0.2916666666666667,0.3333333333333333
llama31_instruct,h2_choice,65,main_perp,BaPc,0.6666666666666666,0.125,0.1875,0.6666666666666666,0.5,0.75,0.6666666666666666,0.16666666666666666,0.25
llama31_instruct,h2_choice,65,main_perp,BaPd,0.7916666666666666,0.3333333333333333,0.42105263157894735,0.7916666666666666,0.5416666666666666,0.6842105263157895,0.7916666666666666,0.5416666666666666,0.6842105263157895
llama31_instruct,h2_choice,65,main_perp,BaSh,0.875,0.2916666666666667,0.3333333333333333,0.875,0.625,0.7142857142857143,0.875,0.625,0.7142857142857143
llama31_instruct,h2_choice,65,main_perp,ChAs,0.5416666666666666,0.041666666666666664,0.07692307692307693,0.5416666666666666,0.25,0.46153846153846156,0.5416666666666666,0.25,0.46153846153846156
llama31_instruct,h2_choice,65,main_perp,ChBa,0.75,0.2916666666666667,0.3888888888888889,0.75,0.2916666666666667,0.3888888888888889,0.75,0.2916666666666667,0.3888888888888889
llama31_instruct,h2_choice,65,main_perp,ChCh,0.5833333333333334,0.16666666666666666,0.2857142857142857,0.5833333333333334,0.3333333333333333,0.5714285714285714,0.5833333333333334,0.3333333333333333,0.5714285714285714
llama31_instruct,h2_choice,65,main_perp,ChCm,0.7916666666666666,0.08333333333333333,0.10526315789473684,0.7916666666666666,0.4583333333333333,0.5789473684210527,0.7916666666666666,0.4583333333333333,0.5789473684210527
llama31_instruct,h2_choice,65,main_perp,ChCo,0.875,0.25,0.2857142857142857,0.875,0.4166666666666667,0.47619047619047616,0.875,0.4166666666666667,0.47619047619047616
llama31_instruct,h2_choice,65,main_perp,ChDl,0.7083333333333334,0.125,0.17647058823529413,0.7083333333333334,0.4166666666666667,0.5882352941176471,0.7083333333333334,0.4166666666666667,0.5882352941176471
llama31_instruct,h2_choice,65,main_perp,ChHa,0.9166666666666666,0.25,0.2727272727272727,0.9166666666666666,0.6666666666666666,0.7272727272727273,0.9166666666666666,0.25,0.2727272727272727
llama31_instruct,h2_choice,65,main_perp,ChHr,0.8333333333333334,0.16666666666666666,0.2,0.8333333333333334,0.4166666666666667,0.5,0.8333333333333334,0.4166666666666667,0.5
llama31_instruct,h2_choice,65,main_perp,CmAs,0.7916666666666666,0.2916666666666667,0.3684210526315789,0.7916666666666666,0.5416666666666666,0.6842105263157895,0.7916666666666666,0.25,0.3157894736842105
llama31_instruct,h2_choice,65,main_perp,CmCm,0.875,0.16666666666666666,0.19047619047619047,0.875,0.5416666666666666,0.6190476190476191,0.875,0.3333333333333333,0.38095238095238093
llama31_instruct,h2_choice,65,main_perp,CmDl,0.625,0.16666666666666666,0.26666666666666666,0.625,0.375,0.6,0.625,0.25,0.4
llama31_instruct,h2_choice,65,main_perp,CmHa,0.8333333333333334,0.25,0.3,0.8333333333333334,0.5,0.6,0.8333333333333334,0.3333333333333333,0.4
llama31_instruct,h2_choice,65,main_perp,CmNc,0.7083333333333334,0.25,0.35294117647058826,0.7083333333333334,0.5833333333333334,0.8235294117647058,0.7083333333333334,0.125,0.17647058823529413
llama31_instruct,h2_choice,65,main_perp,CoAs,0.5833333333333334,0.125,0.21428571428571427,0.5833333333333334,0.16666666666666666,0.2857142857142857,0.5833333333333334,0.16666666666666666,0.2857142857142857
llama31_instruct,h2_choice,65,main_perp,CoCo,0.5416666666666666,0.125,0.23076923076923078,0.5416666666666666,0.16666666666666666,0.3076923076923077,0.5416666666666666,0.16666666666666666,0.3076923076923077
llama31_instruct,h2_choice,65,main_perp,CoSh,0.7916666666666666,0.375,0.47368421052631576,0.7916666666666666,0.20833333333333334,0.2631578947368421,0.7916666666666666,0.20833333333333334,0.2631578947368421
llama31_instruct,h2_choice,65,main_perp,HaAs,0.75,0.2916666666666667,0.3888888888888889,0.75,0.20833333333333334,0.2777777777777778,0.75,0.20833333333333334,0.2777777777777778
llama31_instruct,h2_choice,65,main_perp,HaBa,0.75,0.3333333333333333,0.4444444444444444,0.75,0.125,0.16666666666666666,0.75,0.125,0.16666666666666666
llama31_instruct,h2_choice,65,main_perp,HaCm,0.7083333333333334,0.16666666666666666,0.23529411764705882,0.7083333333333334,0.20833333333333334,0.29411764705882354,0.7083333333333334,0.20833333333333334,0.29411764705882354
llama31_instruct,h2_choice,65,main_perp,HaDl,0.5833333333333334,0.16666666666666666,0.2857142857142857,0.5833333333333334,0.125,0.21428571428571427,0.5833333333333334,0.125,0.21428571428571427
llama31_instruct,h2_choice,65,main_perp,HaHa,0.7916666666666666,0.2916666666666667,0.3684210526315789,0.7916666666666666,0.20833333333333334,0.2631578947368421,0.7916666666666666,0.20833333333333334,0.2631578947368421
llama31_instruct,h2_choice,65,main_perp,HaNc,0.7083333333333334,0.375,0.5294117647058824,0.7083333333333334,0.2916666666666667,0.4117647058823529,0.7083333333333334,0.2916666666666667,0.4117647058823529
llama31_instruct,h2_choice,65,main_perp,HaPc,0.7916666666666666,0.16666666666666666,0.21052631578947367,0.7916666666666666,0.25,0.3157894736842105,0.7916666666666666,0.25,0.3157894736842105
llama31_instruct,h2_choice,65,main_perp,HrAs,0.75,0.041666666666666664,0.05555555555555555,0.75,0.4583333333333333,0.6111111111111112,0.75,0.2916666666666667,0.3888888888888889
llama31_instruct,h2_choice,65,main_perp,HrBa,0.75,0.08333333333333333,0.1111111111111111,0.75,0.375,0.5,0.75,0.375,0.5
llama31_instruct,h2_choice,65,main_perp,HrCh,0.7916666666666666,0.125,0.15789473684210525,0.7916666666666666,0.4583333333333333,0.5789473684210527,0.7916666666666666,0.3333333333333333,0.42105263157894735
llama31_instruct,h2_choice,65,main_perp,HrHr,0.6666666666666666,0.16666666666666666,0.25,0.6666666666666666,0.4166666666666667,0.625,0.6666666666666666,0.25,0.375
llama31_instruct,h2_choice,65,main_perp,ShAs,0.625,0.3333333333333333,0.5333333333333333,0.625,0.25,0.4,0.625,0.25,0.4
llama31_instruct,h2_choice,65,main_perp,ShCo,0.6666666666666666,0.375,0.5625,0.6666666666666666,0.16666666666666666,0.25,0.6666666666666666,0.16666666666666666,0.25
llama31_instruct,h2_choice,65,main_perp,ShSh,0.6666666666666666,0.20833333333333334,0.3125,0.6666666666666666,0.25,0.375,0.6666666666666666,0.25,0.375
llama31_instruct,h2_choice,65,random,AsAs,0.5416666666666666,0.4583333333333333,0.8461538461538461,0.5416666666666666,0.3333333333333333,0.6153846153846154,0.5416666666666666,0.3333333333333333,0.6153846153846154
llama31_instruct,h2_choice,65,random,AsBa,0.7083333333333334,0.5416666666666666,0.7647058823529411,0.7083333333333334,0.4166666666666667,0.5882352941176471,0.7083333333333334,0.2916666666666667,0.4117647058823529
llama31_instruct,h2_choice,65,random,AsCh,0.625,0.5,0.8,0.625,0.4166666666666667,0.6666666666666666,0.625,0.20833333333333334,0.3333333333333333
llama31_instruct,h2_choice,65,random,AsCm,0.75,0.625,0.8333333333333334,0.75,0.5416666666666666,0.7222222222222222,0.75,0.20833333333333334,0.2777777777777778
llama31_instruct,h2_choice,65,random,AsCo,0.7083333333333334,0.5833333333333334,0.8235294117647058,0.7083333333333334,0.3333333333333333,0.47058823529411764,0.7083333333333334,0.3333333333333333,0.47058823529411764
llama31_instruct,h2_choice,65,random,AsDl,0.7916666666666666,0.4583333333333333,0.5789473684210527,0.7916666666666666,0.4583333333333333,0.5789473684210527,0.7916666666666666,0.3333333333333333,0.42105263157894735
llama31_instruct,h2_choice,65,random,AsHa,0.4166666666666667,0.4166666666666667,1.0,0.4166666666666667,0.25,0.6,0.4166666666666667,0.25,0.6
llama31_instruct,h2_choice,65,random,AsHr,0.75,0.4583333333333333,0.6111111111111112,0.75,0.4583333333333333,0.6111111111111112,0.75,0.2916666666666667,0.3888888888888889
llama31_instruct,h2_choice,65,random,AsNc,0.7083333333333334,0.625,0.8823529411764706,0.7083333333333334,0.4583333333333333,0.6470588235294118,0.7083333333333334,0.4583333333333333,0.6470588235294118
llama31_instruct,h2_choice,65,random,AsPc,0.7083333333333334,0.5833333333333334,0.8235294117647058,0.7083333333333334,0.375,0.5294117647058824,0.7083333333333334,0.375,0.5294117647058824
llama31_instruct,h2_choice,65,random,AsPd,0.625,0.5,0.8,0.625,0.4583333333333333,0.7333333333333333,0.625,0.16666666666666666,0.26666666666666666
llama31_instruct,h2_choice,65,random,AsSh,0.4166666666666667,0.3333333333333333,0.8,0.4166666666666667,0.20833333333333334,0.5,0.4166666666666667,0.20833333333333334,0.5
llama31_instruct,h2_choice,65,random,BaAs,0.8333333333333334,0.625,0.75,0.8333333333333334,0.5,0.6,0.8333333333333334,0.5,0.6
llama31_instruct,h2_choice,65,random,BaBa,0.6666666666666666,0.5833333333333334,0.875,0.6666666666666666,0.3333333333333333,0.5,0.6666666666666666,0.3333333333333333,0.5
llama31_instruct,h2_choice,65,random,BaCh,0.5833333333333334,0.4166666666666667,0.7142857142857143,0.5833333333333334,0.2916666666666667,0.5,0.5833333333333334,0.2916666666666667,0.5
llama31_instruct,h2_choice,65,random,BaCm,0.75,0.625,0.8333333333333334,0.75,0.2916666666666667,0.3888888888888889,0.75,0.2916666666666667,0.3888888888888889
llama31_instruct,h2_choice,65,random,BaCo,0.7916666666666666,0.5833333333333334,0.7368421052631579,0.7916666666666666,0.375,0.47368421052631576,0.7916666666666666,0.375,0.47368421052631576
llama31_instruct,h2_choice,65,random,BaDl,0.6666666666666666,0.625,0.9375,0.6666666666666666,0.3333333333333333,0.5,0.6666666666666666,0.3333333333333333,0.5
llama31_instruct,h2_choice,65,random,BaHa,0.75,0.6666666666666666,0.8888888888888888,0.75,0.375,0.5,0.75,0.375,0.5
llama31_instruct,h2_choice,65,random,BaHr,0.7083333333333334,0.7083333333333334,1.0,0.7083333333333334,0.3333333333333333,0.47058823529411764,0.7083333333333334,0.3333333333333333,0.47058823529411764
llama31_instruct,h2_choice,65,random,BaNc,0.75,0.625,0.8333333333333334,0.75,0.3333333333333333,0.4444444444444444,0.75,0.4166666666666667,0.5555555555555556
llama31_instruct,h2_choice,65,random,BaPc,0.625,0.625,1.0,0.625,0.3333333333333333,0.5333333333333333,0.625,0.2916666666666667,0.4666666666666667
llama31_instruct,h2_choice,65,random,BaPd,0.6666666666666666,0.4583333333333333,0.6875,0.6666666666666666,0.375,0.5625,0.6666666666666666,0.375,0.5625
llama31_instruct,h2_choice,65,random,BaSh,0.7916666666666666,0.5833333333333334,0.7368421052631579,0.7916666666666666,0.3333333333333333,0.42105263157894735,0.7916666666666666,0.3333333333333333,0.42105263157894735
llama31_instruct,h2_choice,65,random,ChAs,0.9166666666666666,0.75,0.8181818181818182,0.9166666666666666,0.375,0.4090909090909091,0.9166666666666666,0.375,0.4090909090909091
llama31_instruct,h2_choice,65,random,ChBa,0.875,0.6666666666666666,0.7619047619047619,0.875,0.4166666666666667,0.47619047619047616,0.875,0.4166666666666667,0.47619047619047616
llama31_instruct,h2_choice,65,random,ChCh,0.6666666666666666,0.625,0.9375,0.6666666666666666,0.3333333333333333,0.5,0.6666666666666666,0.3333333333333333,0.5
llama31_instruct,h2_choice,65,random,ChCm,0.875,0.7083333333333334,0.8095238095238095,0.875,0.4166666666666667,0.47619047619047616,0.875,0.4166666666666667,0.47619047619047616
llama31_instruct,h2_choice,65,random,ChCo,0.7083333333333334,0.5416666666666666,0.7647058823529411,0.7083333333333334,0.3333333333333333,0.47058823529411764,0.7083333333333334,0.3333333333333333,0.47058823529411764
llama31_instruct,h2_choice,65,random,ChDl,0.7916666666666666,0.625,0.7894736842105263,0.7916666666666666,0.3333333333333333,0.42105263157894735,0.7916666666666666,0.3333333333333333,0.42105263157894735
llama31_instruct,h2_choice,65,random,ChHa,0.6666666666666666,0.5833333333333334,0.875,0.6666666666666666,0.2916666666666667,0.4375,0.6666666666666666,0.375,0.5625
llama31_instruct,h2_choice,65,random,ChHr,0.75,0.625,0.8333333333333334,0.75,0.4583333333333333,0.6111111111111112,0.75,0.4583333333333333,0.6111111111111112
llama31_instruct,h2_choice,65,random,CmAs,0.625,0.5416666666666666,0.8666666666666667,0.625,0.25,0.4,0.625,0.375,0.6
llama31_instruct,h2_choice,65,random,CmCm,0.625,0.5416666666666666,0.8666666666666667,0.625,0.25,0.4,0.625,0.375,0.6
llama31_instruct,h2_choice,65,random,CmDl,0.7083333333333334,0.5833333333333334,0.8235294117647058,0.7083333333333334,0.25,0.35294117647058826,0.7083333333333334,0.4583333333333333,0.6470588235294118
llama31_instruct,h2_choice,65,random,CmHa,0.75,0.5833333333333334,0.7777777777777778,0.75,0.25,0.3333333333333333,0.75,0.5,0.6666666666666666
llama31_instruct,h2_choice,65,random,CmNc,0.875,0.75,0.8571428571428571,0.875,0.3333333333333333,0.38095238095238093,0.875,0.5416666666666666,0.6190476190476191
llama31_instruct,h2_choice,65,random,CoAs,0.7083333333333334,0.6666666666666666,0.9411764705882353,0.7083333333333334,0.4583333333333333,0.6470588235294118,0.7083333333333334,0.4583333333333333,0.6470588235294118
llama31_instruct,h2_choice,65,random,CoCo,0.7916666666666666,0.5,0.631578947368421,0.7916666666666666,0.5416666666666666,0.6842105263157895,0.7916666666666666,0.5416666666666666,0.6842105263157895
llama31_instruct,h2_choice,65,random,CoSh,0.5833333333333334,0.4583333333333333,0.7857142857142857,0.5833333333333334,0.2916666666666667,0.5,0.5833333333333334,0.2916666666666667,0.5
llama31_instruct,h2_choice,65,random,HaAs,0.625,0.5833333333333334,0.9333333333333333,0.625,0.375,0.6,0.625,0.375,0.6
llama31_instruct,h2_choice,65,random,HaBa,0.6666666666666666,0.5,0.75,0.6666666666666666,0.5,0.75,0.6666666666666666,0.5,0.75
llama31_instruct,h2_choice,65,random,HaCm,0.75,0.625,0.8333333333333334,0.75,0.4583333333333333,0.6111111111111112,0.75,0.4583333333333333,0.6111111111111112
llama31_instruct,h2_choice,65,random,HaDl,0.7916666666666666,0.5833333333333334,0.7368421052631579,0.7916666666666666,0.5,0.631578947368421,0.7916666666666666,0.5,0.631578947368421
llama31_instruct,h2_choice,65,random,HaHa,0.8333333333333334,0.6666666666666666,0.8,0.8333333333333334,0.5833333333333334,0.7,0.8333333333333334,0.5833333333333334,0.7
llama31_instruct,h2_choice,65,random,HaNc,0.5833333333333334,0.375,0.6428571428571429,0.5833333333333334,0.3333333333333333,0.5714285714285714,0.5833333333333334,0.3333333333333333,0.5714285714285714
llama31_instruct,h2_choice,65,random,HaPc,0.625,0.5,0.8,0.625,0.4583333333333333,0.7333333333333333,0.625,0.4583333333333333,0.7333333333333333
llama31_instruct,h2_choice,65,random,HrAs,0.75,0.5833333333333334,0.7777777777777778,0.75,0.2916666666666667,0.3888888888888889,0.75,0.4583333333333333,0.6111111111111112
llama31_instruct,h2_choice,65,random,HrBa,0.7916666666666666,0.6666666666666666,0.8421052631578947,0.7916666666666666,0.3333333333333333,0.42105263157894735,0.7916666666666666,0.4583333333333333,0.5789473684210527
llama31_instruct,h2_choice,65,random,HrCh,0.75,0.6666666666666666,0.8888888888888888,0.75,0.20833333333333334,0.2777777777777778,0.75,0.5416666666666666,0.7222222222222222
llama31_instruct,h2_choice,65,random,HrHr,0.8333333333333334,0.625,0.75,0.8333333333333334,0.2916666666666667,0.35,0.8333333333333334,0.5416666666666666,0.65
llama31_instruct,h2_choice,65,random,ShAs,0.7916666666666666,0.4166666666666667,0.5263157894736842,0.7916666666666666,0.4166666666666667,0.5263157894736842,0.7916666666666666,0.4166666666666667,0.5263157894736842
llama31_instruct,h2_choice,65,random,ShCo,0.5416666666666666,0.375,0.6923076923076923,0.5416666666666666,0.4583333333333333,0.8461538461538461,0.5416666666666666,0.4583333333333333,0.8461538461538461
llama31_instruct,h2_choice,65,random,ShSh,0.8333333333333334,0.7083333333333334,0.85,0.8333333333333334,0.4166666666666667,0.5,0.8333333333333334,0.4166666666666667,0.5
llama31_instruct,h2_choice,79,main,AsAs,1.0,0.0,0.0,1.0,0.5,0.5,1.0,0.5,0.5
llama31_instruct,h2_choice,79,main,AsBa,1.0,0.0,0.0,1.0,0.5,0.5,1.0,0.5,0.5
llama31_instruct,h2_choice,79,main,AsCh,1.0,0.0,0.0,1.0,0.5,0.5,1.0,0.5,0.5
llama31_instruct,h2_choice,79,main,AsCm,1.0,0.0,0.0,1.0,0.5,0.5,1.0,0.5,0.5
llama31_instruct,h2_choice,79,main,AsCo,1.0,0.0,0.0,1.0,0.5,0.5,1.0,0.5,0.5
llama31_instruct,h2_choice,79,main,AsDl,1.0,0.0,0.0,1.0,0.5,0.5,1.0,0.5,0.5
llama31_instruct,h2_choice,79,main,AsHa,1.0,0.0,0.0,1.0,0.5,0.5,1.0,0.5,0.5
llama31_instruct,h2_choice,79,main,AsHr,1.0,0.0,0.0,1.0,0.5,0.5,1.0,0.5,0.5
llama31_instruct,h2_choice,79,main,AsNc,1.0,0.0,0.0,1.0,0.5,0.5,1.0,0.5,0.5
llama31_instruct,h2_choice,79,main,AsPc,1.0,0.0,0.0,1.0,0.5,0.5,1.0,0.5,0.5
llama31_instruct,h2_choice,79,main,AsPd,1.0,0.0,0.0,1.0,0.5,0.5,1.0,0.5,0.5
llama31_instruct,h2_choice,79,main,AsSh,1.0,0.0,0.0,1.0,0.5,0.5,1.0,0.5,0.5
llama31_instruct,h2_choice,79,main,BaAs,1.0,0.0,0.0,1.0,0.5,0.5,1.0,0.5,0.5
llama31_instruct,h2_choice,79,main,BaBa,1.0,0.0,0.0,1.0,0.5,0.5,1.0,0.5,0.5
llama31_instruct,h2_choice,79,main,BaCh,1.0,0.0,0.0,1.0,0.5,0.5,1.0,0.5,0.5
llama31_instruct,h2_choice,79,main,BaCm,1.0,0.0,0.0,1.0,0.5,0.5,1.0,0.5,0.5
llama31_instruct,h2_choice,79,main,BaCo,1.0,0.0,0.0,1.0,0.5,0.5,1.0,0.5,0.5
llama31_instruct,h2_choice,79,main,BaDl,1.0,0.0,0.0,1.0,0.5,0.5,1.0,0.5,0.5
llama31_instruct,h2_choice,79,main,BaHa,1.0,0.0,0.0,1.0,0.5,0.5,1.0,0.5,0.5
llama31_instruct,h2_choice,79,main,BaHr,1.0,0.0,0.0,1.0,0.5,0.5,1.0,0.5,0.5
llama31_instruct,h2_choice,79,main,BaNc,1.0,0.0,0.0,1.0,0.5,0.5,1.0,0.5,0.5
llama31_instruct,h2_choice,79,main,BaPc,1.0,0.0,0.0,1.0,0.5,0.5,1.0,0.5,0.5
llama31_instruct,h2_choice,79,main,BaPd,1.0,0.0,0.0,1.0,0.5,0.5,1.0,0.5,0.5
llama31_instruct,h2_choice,79,main,BaSh,1.0,0.0,0.0,1.0,0.5,0.5,1.0,0.5,0.5
llama31_instruct,h2_choice,79,main,ChAs,1.0,0.0,0.0,1.0,0.5,0.5,1.0,0.5,0.5
llama31_instruct,h2_choice,79,main,ChBa,1.0,0.0,0.0,1.0,0.5,0.5,1.0,0.5,0.5
llama31_instruct,h2_choice,79,main,ChCh,1.0,0.0,0.0,1.0,0.5,0.5,1.0,0.5,0.5
llama31_instruct,h2_choice,79,main,ChCm,1.0,0.0,0.0,1.0,0.5,0.5,1.0,0.5,0.5
llama31_instruct,h2_choice,79,main,ChCo,1.0,0.0,0.0,1.0,0.5,0.5,1.0,0.5,0.5
llama31_instruct,h2_choice,79,main,ChDl,1.0,0.0,0.0,1.0,0.5,0.5,1.0,0.5,0.5
llama31_instruct,h2_choice,79,main,ChHa,1.0,0.0,0.0,1.0,0.5,0.5,1.0,0.5,0.5
llama31_instruct,h2_choice,79,main,ChHr,1.0,0.0,0.0,1.0,0.5,0.5,1.0,0.5,0.5
llama31_instruct,h2_choice,79,main,CmAs,1.0,0.0,0.0,1.0,0.5,0.5,1.0,0.5,0.5
llama31_instruct,h2_choice,79,main,CmCm,1.0,0.0,0.0,1.0,0.5,0.5,1.0,0.5,0.5
llama31_instruct,h2_choice,79,main,CmDl,1.0,0.0,0.0,1.0,0.5,0.5,1.0,0.5,0.5
llama31_instruct,h2_choice,79,main,CmHa,1.0,0.0,0.0,1.0,0.5,0.5,1.0,0.5,0.5
llama31_instruct,h2_choice,79,main,CmNc,1.0,0.0,0.0,1.0,0.5,0.5,1.0,0.5,0.5
llama31_instruct,h2_choice,79,main,CoAs,1.0,0.0,0.0,1.0,0.5,0.5,1.0,0.5,0.5
llama31_instruct,h2_choice,79,main,CoCo,1.0,0.0,0.0,1.0,0.5,0.5,1.0,0.5,0.5
llama31_instruct,h2_choice,79,main,CoSh,1.0,0.0,0.0,1.0,0.5,0.5,1.0,0.5,0.5
llama31_instruct,h2_choice,79,main,HaAs,1.0,0.0,0.0,1.0,0.5,0.5,1.0,0.5,0.5
llama31_instruct,h2_choice,79,main,HaBa,1.0,0.0,0.0,1.0,0.5,0.5,1.0,0.5,0.5
llama31_instruct,h2_choice,79,main,HaCm,1.0,0.0,0.0,1.0,0.5,0.5,1.0,0.5,0.5
llama31_instruct,h2_choice,79,main,HaDl,1.0,0.0,0.0,1.0,0.5,0.5,1.0,0.5,0.5
llama31_instruct,h2_choice,79,main,HaHa,1.0,0.0,0.0,1.0,0.5,0.5,1.0,0.5,0.5
llama31_instruct,h2_choice,79,main,HaNc,1.0,0.0,0.0,1.0,0.5,0.5,1.0,0.5,0.5
llama31_instruct,h2_choice,79,main,HaPc,1.0,0.0,0.0,1.0,0.5,0.5,1.0,0.5,0.5
llama31_instruct,h2_choice,79,main,HrAs,1.0,0.0,0.0,1.0,0.5,0.5,1.0,0.5,0.5
llama31_instruct,h2_choice,79,main,HrBa,1.0,0.0,0.0,1.0,0.5,0.5,1.0,0.5,0.5
llama31_instruct,h2_choice,79,main,HrCh,1.0,0.0,0.0,1.0,0.5,0.5,1.0,0.5,0.5
llama31_instruct,h2_choice,79,main,HrHr,1.0,0.0,0.0,1.0,0.5,0.5,1.0,0.5,0.5
llama31_instruct,h2_choice,79,main,ShAs,1.0,0.0,0.0,1.0,0.5,0.5,1.0,0.5,0.5
llama31_instruct,h2_choice,79,main,ShCo,1.0,0.0,0.0,1.0,0.5,0.5,1.0,0.5,0.5
llama31_instruct,h2_choice,79,main,ShSh,1.0,0.0,0.0,1.0,0.5,0.5,1.0,0.5,0.5
llama31_instruct,h2_choice,79,main_perp,AsAs,0.75,0.4583333333333333,0.6111111111111112,0.75,0.4166666666666667,0.5555555555555556,0.75,0.4166666666666667,0.5555555555555556
llama31_instruct,h2_choice,79,main_perp,AsBa,0.625,0.375,0.6,0.625,0.3333333333333333,0.5333333333333333,0.625,0.2916666666666667,0.4666666666666667
llama31_instruct,h2_choice,79,main_perp,AsCh,0.7916666666666666,0.4583333333333333,0.5789473684210527,0.7916666666666666,0.5416666666666666,0.6842105263157895,0.7916666666666666,0.25,0.3157894736842105
llama31_instruct,h2_choice,79,main_perp,AsCm,0.6666666666666666,0.2916666666666667,0.4375,0.6666666666666666,0.25,0.375,0.6666666666666666,0.4166666666666667,0.625
llama31_instruct,h2_choice,79,main_perp,AsCo,0.5833333333333334,0.2916666666666667,0.5,0.5833333333333334,0.25,0.42857142857142855,0.5833333333333334,0.25,0.42857142857142855
llama31_instruct,h2_choice,79,main_perp,AsDl,0.7083333333333334,0.4166666666666667,0.5882352941176471,0.7083333333333334,0.3333333333333333,0.47058823529411764,0.7083333333333334,0.375,0.5294117647058824
llama31_instruct,h2_choice,79,main_perp,AsHa,0.9166666666666666,0.4583333333333333,0.5,0.9166666666666666,0.4583333333333333,0.5,0.9166666666666666,0.4583333333333333,0.5
llama31_instruct,h2_choice,79,main_perp,AsHr,0.7083333333333334,0.3333333333333333,0.47058823529411764,0.7083333333333334,0.20833333333333334,0.29411764705882354,0.7083333333333334,0.5,0.7058823529411765
llama31_instruct,h2_choice,79,main_perp,AsNc,0.6666666666666666,0.3333333333333333,0.5,0.6666666666666666,0.375,0.5625,0.6666666666666666,0.375,0.5625
llama31_instruct,h2_choice,79,main_perp,AsPc,0.8333333333333334,0.375,0.45,0.8333333333333334,0.4166666666666667,0.5,0.8333333333333334,0.4166666666666667,0.5
llama31_instruct,h2_choice,79,main_perp,AsPd,0.6666666666666666,0.4166666666666667,0.625,0.6666666666666666,0.3333333333333333,0.5,0.6666666666666666,0.3333333333333333,0.5
llama31_instruct,h2_choice,79,main_perp,AsSh,0.75,0.4166666666666667,0.5555555555555556,0.75,0.2916666666666667,0.3888888888888889,0.75,0.2916666666666667,0.3888888888888889
llama31_instruct,h2_choice,79,main_perp,BaAs,0.7916666666666666,0.375,0.47368421052631576,0.7916666666666666,0.375,0.47368421052631576,0.7916666666666666,0.375,0.47368421052631576
llama31_instruct,h2_choice,79,main_perp,BaBa,0.7916666666666666,0.3333333333333333,0.42105263157894735,0.7916666666666666,0.3333333333333333,0.42105263157894735,0.7916666666666666,0.3333333333333333,0.42105263157894735
llama31_instruct,h2_choice,79,main_perp,BaCh,0.75,0.375,0.5,0.75,0.375,0.5,0.75,0.375,0.5
llama31_instruct,h2_choice,79,main_perp,BaCm,0.6666666666666666,0.4166666666666667,0.625,0.6666666666666666,0.4166666666666667,0.625,0.6666666666666666,0.4166666666666667,0.625
llama31_instruct,h2_choice,79,main_perp,BaCo,0.75,0.4166666666666667,0.5555555555555556,0.75,0.375,0.5,0.75,0.375,0.5
llama31_instruct,h2_choice,79,main_perp,BaDl,0.5,0.20833333333333334,0.4166666666666667,0.5,0.25,0.5,0.5,0.25,0.5
llama31_instruct,h2_choice,79,main_perp,BaHa,0.5833333333333334,0.2916666666666667,0.5,0.5833333333333334,0.20833333333333334,0.35714285714285715,0.5833333333333334,0.375,0.6428571428571429
llama31_instruct,h2_choice,79,main_perp,BaHr,0.4583333333333333,0.25,0.5454545454545454,0.4583333333333333,0.25,0.5454545454545454,0.4583333333333333,0.25,0.5454545454545454
llama31_instruct,h2_choice,79,main_perp,BaNc,0.75,0.375,0.5,0.75,0.5,0.6666666666666666,0.75,0.25,0.3333333333333333
llama31_instruct,h2_choice,79,main_perp,BaPc,0.5833333333333334,0.25,0.42857142857142855,0.5833333333333334,0.125,0.21428571428571427,0.5833333333333334,0.4583333333333333,0.7857142857142857
llama31_instruct,h2_choice,79,main_perp,BaPd,0.5833333333333334,0.2916666666666667,0.5,0.5833333333333334,0.20833333333333334,0.35714285714285715,0.5833333333333334,0.20833333333333334,0.35714285714285715
llama31_instruct,h2_choice,79,main_perp,BaSh,0.8333333333333334,0.4583333333333333,0.55,0.8333333333333334,0.4166666666666667,0.5,0.8333333333333334,0.4166666666666667,0.5
llama31_instruct,h2_choice,79,main_perp,ChAs,0.7916666666666666,0.4583333333333333,0.5789473684210527,0.7916666666666666,0.4583333333333333,0.5789473684210527,0.7916666666666666,0.4583333333333333,0.5789473684210527
llama31_instruct,h2_choice,79,main_perp,ChBa,0.875,0.5833333333333334,0.6666666666666666,0.875,0.4166666666666667,0.47619047619047616,0.875,0.4166666666666667,0.47619047619047616
llama31_instruct,h2_choice,79,main_perp,ChCh,0.5416666666666666,0.3333333333333333,0.6153846153846154,0.5416666666666666,0.16666666666666666,0.3076923076923077,0.5416666666666666,0.16666666666666666,0.3076923076923077
llama31_instruct,h2_choice,79,main_perp,ChCm,0.7083333333333334,0.5,0.7058823529411765,0.7083333333333334,0.4583333333333333,0.6470588235294118,0.7083333333333334,0.4583333333333333,0.6470588235294118
llama31_instruct,h2_choice,79,main_perp,ChCo,0.7083333333333334,0.25,0.35294117647058826,0.7083333333333334,0.5,0.7058823529411765,0.7083333333333334,0.5,0.7058823529411765
llama31_instruct,h2_choice,79,main_perp,ChDl,0.75,0.375,0.5,0.75,0.3333333333333333,0.4444444444444444,0.75,0.3333333333333333,0.4444444444444444
llama31_instruct,h2_choice,79,main_perp,ChHa,0.75,0.2916666666666667,0.3888888888888889,0.75,0.4166666666666667,0.5555555555555556,0.75,0.3333333333333333,0.4444444444444444
llama31_instruct,h2_choice,79,main_perp,ChHr,0.5,0.2916666666666667,0.5833333333333334,0.5,0.2916666666666667,0.5833333333333334,0.5,0.2916666666666667,0.5833333333333334
llama31_instruct,h2_choice,79,main_perp,CmAs,0.6666666666666666,0.2916666666666667,0.4375,0.6666666666666666,0.4583333333333333,0.6875,0.6666666666666666,0.20833333333333334,0.3125
llama31_instruct,h2_choice,79,main_perp,CmCm,0.5833333333333334,0.25,0.42857142857142855,0.5833333333333334,0.2916666666666667,0.5,0.5833333333333334,0.2916666666666667,0.5
llama31_instruct,h2_choice,79,main_perp,CmDl,0.7916666666666666,0.5416666666666666,0.6842105263157895,0.7916666666666666,0.4583333333333333,0.5789473684210527,0.7916666666666666,0.3333333333333333,0.42105263157894735
llama31_instruct,h2_choice,79,main_perp,CmHa,0.875,0.4583333333333333,0.5238095238095238,0.875,0.4583333333333333,0.5238095238095238,0.875,0.4166666666666667,0.47619047619047616
llama31_instruct,h2_choice,79,main_perp,CmNc,0.7916666666666666,0.4583333333333333,0.5789473684210527,0.7916666666666666,0.375,0.47368421052631576,0.7916666666666666,0.4166666666666667,0.5263157894736842
llama31_instruct,h2_choice,79,main_perp,CoAs,0.5416666666666666,0.25,0.46153846153846156,0.5416666666666666,0.20833333333333334,0.38461538461538464,0.5416666666666666,0.20833333333333334,0.38461538461538464
llama31_instruct,h2_choice,79,main_perp,CoCo,0.8333333333333334,0.375,0.45,0.8333333333333334,0.375,0.45,0.8333333333333334,0.375,0.45
llama31_instruct,h2_choice,79,main_perp,CoSh,0.625,0.375,0.6,0.625,0.3333333333333333,0.5333333333333333,0.625,0.3333333333333333,0.5333333333333333
llama31_instruct,h2_choice,79,main_perp,HaAs,0.7083333333333334,0.4166666666666667,0.5882352941176471,0.7083333333333334,0.4583333333333333,0.6470588235294118,0.7083333333333334,0.4583333333333333,0.6470588235294118
llama31_instruct,h2_choice,79,main_perp,HaBa,0.7916666666666666,0.4583333333333333,0.5789473684210527,0.7916666666666666,0.2916666666666667,0.3684210526315789,0.7916666666666666,0.2916666666666667,0.3684210526315789
llama31_instruct,h2_choice,79,main_perp,HaCm,0.75,0.5,0.6666666666666666,0.75,0.375,0.5,0.75,0.375,0.5
llama31_instruct,h2_choice,79,main_perp,HaDl,0.75,0.4166666666666667,0.5555555555555556,0.75,0.375,0.5,0.75,0.375,0.5
llama31_instruct,h2_choice,79,main_perp,HaHa,0.5833333333333334,0.375,0.6428571428571429,0.5833333333333334,0.3333333333333333,0.5714285714285714,0.5833333333333334,0.3333333333333333,0.5714285714285714
llama31_instruct,h2_choice,79,main_perp,HaNc,0.5833333333333334,0.375,0.6428571428571429,0.5833333333333334,0.25,0.42857142857142855,0.5833333333333334,0.25,0.42857142857142855
llama31_instruct,h2_choice,79,main_perp,HaPc,0.75,0.375,0.5,0.75,0.3333333333333333,0.4444444444444444,0.75,0.3333333333333333,0.4444444444444444
llama31_instruct,h2_choice,79,main_perp,HrAs,0.6666666666666666,0.3333333333333333,0.5,0.6666666666666666,0.3333333333333333,0.5,0.6666666666666666,0.3333333333333333,0.5
llama31_instruct,h2_choice,79,main_perp,HrBa,0.9166666666666666,0.4583333333333333,0.5,0.9166666666666666,0.4166666666666667,0.45454545454545453,0.9166666666666666,0.5,0.5454545454545454
llama31_instruct,h2_choice,79,main_perp,HrCh,0.7916666666666666,0.4166666666666667,0.5263157894736842,0.7916666666666666,0.375,0.47368421052631576,0.7916666666666666,0.4166666666666667,0.5263157894736842
llama31_instruct,h2_choice,79,main_perp,HrHr,0.7083333333333334,0.3333333333333333,0.47058823529411764,0.7083333333333334,0.375,0.5294117647058824,0.7083333333333334,0.3333333333333333,0.47058823529411764
llama31_instruct,h2_choice,79,main_perp,ShAs,0.75,0.375,0.5,0.75,0.375,0.5,0.75,0.375,0.5
llama31_instruct,h2_choice,79,main_perp,ShCo,0.75,0.4583333333333333,0.6111111111111112,0.75,0.2916666666666667,0.3888888888888889,0.75,0.2916666666666667,0.3888888888888889
llama31_instruct,h2_choice,79,main_perp,ShSh,0.7083333333333334,0.4583333333333333,0.6470588235294118,0.7083333333333334,0.375,0.5294117647058824,0.7083333333333334,0.375,0.5294117647058824
llama31_instruct,h2_choice,79,random,AsAs,1.0,0.0,0.0,1.0,0.5,0.5,1.0,0.5,0.5
llama31_instruct,h2_choice,79,random,AsBa,1.0,0.0,0.0,1.0,0.5,0.5,1.0,0.5,0.5
llama31_instruct,h2_choice,79,random,AsCh,1.0,0.0,0.0,1.0,0.5,0.5,1.0,0.5,0.5
llama31_instruct,h2_choice,79,random,AsCm,1.0,0.0,0.0,1.0,0.5,0.5,1.0,0.5,0.5
llama31_instruct,h2_choice,79,random,AsCo,1.0,0.0,0.0,1.0,0.5,0.5,1.0,0.5,0.5
llama31_instruct,h2_choice,79,random,AsDl,1.0,0.0,0.0,1.0,0.5,0.5,1.0,0.5,0.5
llama31_instruct,h2_choice,79,random,AsHa,1.0,0.0,0.0,1.0,0.5,0.5,1.0,0.5,0.5
llama31_instruct,h2_choice,79,random,AsHr,1.0,0.0,0.0,1.0,0.5,0.5,1.0,0.5,0.5
llama31_instruct,h2_choice,79,random,AsNc,1.0,0.0,0.0,1.0,0.5,0.5,1.0,0.5,0.5
llama31_instruct,h2_choice,79,random,AsPc,1.0,0.0,0.0,1.0,0.5,0.5,1.0,0.5,0.5
llama31_instruct,h2_choice,79,random,AsPd,1.0,0.0,0.0,1.0,0.5,0.5,1.0,0.5,0.5
llama31_instruct,h2_choice,79,random,AsSh,1.0,0.0,0.0,1.0,0.5,0.5,1.0,0.5,0.5
llama31_instruct,h2_choice,79,random,BaAs,1.0,0.0,0.0,1.0,0.5,0.5,1.0,0.5,0.5
llama31_instruct,h2_choice,79,random,BaBa,1.0,0.0,0.0,1.0,0.5,0.5,1.0,0.5,0.5
llama31_instruct,h2_choice,79,random,BaCh,1.0,0.0,0.0,1.0,0.5,0.5,1.0,0.5,0.5
llama31_instruct,h2_choice,79,random,BaCm,1.0,0.0,0.0,1.0,0.5,0.5,1.0,0.5,0.5
llama31_instruct,h2_choice,79,random,BaCo,1.0,0.0,0.0,1.0,0.5,0.5,1.0,0.5,0.5
llama31_instruct,h2_choice,79,random,BaDl,1.0,0.0,0.0,1.0,0.5,0.5,1.0,0.5,0.5
llama31_instruct,h2_choice,79,random,BaHa,1.0,0.0,0.0,1.0,0.5,0.5,1.0,0.5,0.5
llama31_instruct,h2_choice,79,random,BaHr,1.0,0.0,0.0,1.0,0.5,0.5,1.0,0.5,0.5
llama31_instruct,h2_choice,79,random,BaNc,1.0,0.0,0.0,1.0,0.5,0.5,1.0,0.5,0.5
llama31_instruct,h2_choice,79,random,BaPc,1.0,0.0,0.0,1.0,0.5,0.5,1.0,0.5,0.5
llama31_instruct,h2_choice,79,random,BaPd,1.0,0.0,0.0,1.0,0.5,0.5,1.0,0.5,0.5
llama31_instruct,h2_choice,79,random,BaSh,1.0,0.0,0.0,1.0,0.5,0.5,1.0,0.5,0.5
llama31_instruct,h2_choice,79,random,ChAs,1.0,0.0,0.0,1.0,0.5,0.5,1.0,0.5,0.5
llama31_instruct,h2_choice,79,random,ChBa,1.0,0.0,0.0,1.0,0.5,0.5,1.0,0.5,0.5
llama31_instruct,h2_choice,79,random,ChCh,1.0,0.0,0.0,1.0,0.5,0.5,1.0,0.5,0.5
llama31_instruct,h2_choice,79,random,ChCm,1.0,0.0,0.0,1.0,0.5,0.5,1.0,0.5,0.5
llama31_instruct,h2_choice,79,random,ChCo,1.0,0.0,0.0,1.0,0.5,0.5,1.0,0.5,0.5
llama31_instruct,h2_choice,79,random,ChDl,1.0,0.0,0.0,1.0,0.5,0.5,1.0,0.5,0.5
llama31_instruct,h2_choice,79,random,ChHa,1.0,0.0,0.0,1.0,0.5,0.5,1.0,0.5,0.5
llama31_instruct,h2_choice,79,random,ChHr,1.0,0.0,0.0,1.0,0.5,0.5,1.0,0.5,0.5
llama31_instruct,h2_choice,79,random,CmAs,1.0,0.0,0.0,1.0,0.5,0.5,1.0,0.5,0.5
llama31_instruct,h2_choice,79,random,CmCm,1.0,0.0,0.0,1.0,0.5,0.5,1.0,0.5,0.5
llama31_instruct,h2_choice,79,random,CmDl,1.0,0.0,0.0,1.0,0.5,0.5,1.0,0.5,0.5
llama31_instruct,h2_choice,79,random,CmHa,1.0,0.0,0.0,1.0,0.5,0.5,1.0,0.5,0.5
llama31_instruct,h2_choice,79,random,CmNc,1.0,0.0,0.0,1.0,0.5,0.5,1.0,0.5,0.5
llama31_instruct,h2_choice,79,random,CoAs,1.0,0.0,0.0,1.0,0.5,0.5,1.0,0.5,0.5
llama31_instruct,h2_choice,79,random,CoCo,1.0,0.0,0.0,1.0,0.5,0.5,1.0,0.5,0.5
llama31_instruct,h2_choice,79,random,CoSh,1.0,0.0,0.0,1.0,0.5,0.5,1.0,0.5,0.5
llama31_instruct,h2_choice,79,random,HaAs,1.0,0.0,0.0,1.0,0.5,0.5,1.0,0.5,0.5
llama31_instruct,h2_choice,79,random,HaBa,1.0,0.0,0.0,1.0,0.5,0.5,1.0,0.5,0.5
llama31_instruct,h2_choice,79,random,HaCm,1.0,0.0,0.0,1.0,0.5,0.5,1.0,0.5,0.5
llama31_instruct,h2_choice,79,random,HaDl,1.0,0.0,0.0,1.0,0.5,0.5,1.0,0.5,0.5
llama31_instruct,h2_choice,79,random,HaHa,1.0,0.0,0.0,1.0,0.5,0.5,1.0,0.5,0.5
llama31_instruct,h2_choice,79,random,HaNc,1.0,0.0,0.0,1.0,0.5,0.5,1.0,0.5,0.5
llama31_instruct,h2_choice,79,random,HaPc,1.0,0.0,0.0,1.0,0.5,0.5,1.0,0.5,0.5
llama31_instruct,h2_choice,79,random,HrAs,1.0,0.0,0.0,1.0,0.5,0.5,1.0,0.5,0.5
llama31_instruct,h2_choice,79,random,HrBa,1.0,0.0,0.0,1.0,0.5,0.5,1.0,0.5,0.5
llama31_instruct,h2_choice,79,random,HrCh,1.0,0.0,0.0,1.0,0.5,0.5,1.0,0.5,0.5
llama31_instruct,h2_choice,79,random,HrHr,1.0,0.0,0.0,1.0,0.5,0.5,1.0,0.5,0.5
llama31_instruct,h2_choice,79,random,ShAs,1.0,0.0,0.0,1.0,0.5,0.5,1.0,0.5,0.5
llama31_instruct,h2_choice,79,random,ShCo,1.0,0.0,0.0,1.0,0.5,0.5,1.0,0.5,0.5
llama31_instruct,h2_choice,79,random,ShSh,1.0,0.0,0.0,1.0,0.5,0.5,1.0,0.5,0.5
qwen,h1_dinc,65,main,AsAs,1.0,1.0,1.0,1.0,0.5,0.5,1.0,0.5,0.5
qwen,h1_dinc,65,main,AsBa,1.0,1.0,1.0,1.0,0.5,0.5,1.0,0.5,0.5
qwen,h1_dinc,65,main,AsCh,1.0,1.0,1.0,1.0,0.5,0.5,1.0,0.5,0.5
qwen,h1_dinc,65,main,AsCm,1.0,1.0,1.0,1.0,0.5,0.5,1.0,0.5,0.5
qwen,h1_dinc,65,main,AsCo,1.0,1.0,1.0,1.0,0.5,0.5,1.0,0.5,0.5
qwen,h1_dinc,65,main,AsDl,1.0,1.0,1.0,1.0,0.5,0.5,1.0,0.5,0.5
qwen,h1_dinc,65,main,AsHa,1.0,1.0,1.0,1.0,0.5,0.5,1.0,0.5,0.5
qwen,h1_dinc,65,main,AsHr,1.0,0.9583333333333334,0.9583333333333334,1.0,0.4583333333333333,0.4583333333333333,1.0,0.5416666666666666,0.5416666666666666
qwen,h1_dinc,65,main,AsNc,1.0,1.0,1.0,1.0,0.5,0.5,1.0,0.5,0.5
qwen,h1_dinc,65,main,AsPc,1.0,1.0,1.0,1.0,0.5,0.5,1.0,0.5,0.5
qwen,h1_dinc,65,main,AsPd,1.0,1.0,1.0,1.0,0.5,0.5,1.0,0.5,0.5
qwen,h1_dinc,65,main,AsSh,1.0,0.9583333333333334,0.9583333333333334,1.0,0.4583333333333333,0.4583333333333333,1.0,0.4583333333333333,0.4583333333333333
qwen,h1_dinc,65,main,BaAs,1.0,1.0,1.0,1.0,0.5,0.5,1.0,0.5,0.5
qwen,h1_dinc,65,main,BaBa,1.0,1.0,1.0,1.0,0.5,0.5,1.0,0.5,0.5
qwen,h1_dinc,65,main,BaCh,1.0,1.0,1.0,1.0,0.5,0.5,1.0,0.5,0.5
qwen,h1_dinc,65,main,BaCm,1.0,1.0,1.0,1.0,0.5,0.5,1.0,0.5,0.5
qwen,h1_dinc,65,main,BaCo,1.0,1.0,1.0,1.0,0.5,0.5,1.0,0.5,0.5
qwen,h1_dinc,65,main,BaDl,1.0,1.0,1.0,1.0,0.5,0.5,1.0,0.5,0.5
qwen,h1_dinc,65,main,BaHa,1.0,1.0,1.0,1.0,0.5,0.5,1.0,0.5,0.5
qwen,h1_dinc,65,main,BaHr,1.0,1.0,1.0,1.0,0.5,0.5,1.0,0.5,0.5
qwen,h1_dinc,65,main,BaNc,1.0,0.9583333333333334,0.9583333333333334,1.0,0.4583333333333333,0.4583333333333333,1.0,0.5416666666666666,0.5416666666666666
qwen,h1_dinc,65,main,BaPc,1.0,1.0,1.0,1.0,0.5,0.5,1.0,0.5,0.5
qwen,h1_dinc,65,main,BaPd,1.0,1.0,1.0,1.0,0.5,0.5,1.0,0.5,0.5
qwen,h1_dinc,65,main,BaSh,1.0,1.0,1.0,1.0,0.5,0.5,1.0,0.5,0.5
qwen,h1_dinc,65,main,ChAs,1.0,1.0,1.0,1.0,0.5,0.5,1.0,0.5,0.5
qwen,h1_dinc,65,main,ChBa,1.0,1.0,1.0,1.0,0.5,0.5,1.0,0.5,0.5
qwen,h1_dinc,65,main,ChCh,1.0,1.0,1.0,1.0,0.5,0.5,1.0,0.5,0.5
qwen,h1_dinc,65,main,ChCm,1.0,1.0,1.0,1.0,0.5,0.5,1.0,0.5,0.5
qwen,h1_dinc,65,main,ChCo,1.0,0.9583333333333334,0.9583333333333334,1.0,0.4583333333333333,0.4583333333333333,1.0,0.4583333333333333,0.4583333333333333
qwen,h1_dinc,65,main,ChDl,1.0,1.0,1.0,1.0,0.5,0.5,1.0,0.5,0.5
qwen,h1_dinc,65,main,ChHa,1.0,1.0,1.0,1.0,0.5,0.5,1.0,0.5,0.5
qwen,h1_dinc,65,main,ChHr,1.0,1.0,1.0,1.0,0.5,0.5,1.0,0.5,0.5
qwen,h1_dinc,65,main,CmAs,1.0,1.0,1.0,1.0,0.5,0.5,1.0,0.5,0.5
qwen,h1_dinc,65,main,CmCm,1.0,1.0,1.0,1.0,0.5,0.5,1.0,0.5,0.5
qwen,h1_dinc,65,main,CmDl,1.0,1.0,1.0,1.0,0.5,0.5,1.0,0.5,0.5
qwen,h1_dinc,65,main,CmHa,1.0,0.9583333333333334,0.9583333333333334,1.0,0.4583333333333333,0.4583333333333333,1.0,0.5416666666666666,0.5416666666666666
qwen,h1_dinc,65,main,CmNc,1.0,1.0,1.0,1.0,0.5,0.5,1.0,0.5,0.5
qwen,h1_dinc,65,main,CoAs,1.0,1.0,1.0,1.0,0.5,0.5,1.0,0.5,0.5
qwen,h1_dinc,65,main,CoCo,1.0,1.0,1.0,1.0,0.5,0.5,1.0,0.5,0.5
qwen,h1_dinc,65,main,CoSh,1.0,1.0,1.0,1.0,0.5,0.5,1.0,0.5,0.5
qwen,h1_dinc,65,main,HaAs,1.0,1.0,1.0,1.0,0.5,0.5,1.0,0.5,0.5
qwen,h1_dinc,65,main,HaBa,1.0,1.0,1.0,1.0,0.5,0.5,1.0,0.5,0.5
qwen,h1_dinc,65,main,HaCm,1.0,1.0,1.0,1.0,0.5,0.5,1.0,0.5,0.5
qwen,h1_dinc,65,main,HaDl,1.0,0.9583333333333334,0.9583333333333334,1.0,0.5416666666666666,0.5416666666666666,1.0,0.5416666666666666,0.5416666666666666
qwen,h1_dinc,65,main,HaHa,1.0,1.0,1.0,1.0,0.5,0.5,1.0,0.5,0.5
qwen,h1_dinc,65,main,HaNc,1.0,1.0,1.0,1.0,0.5,0.5,1.0,0.5,0.5
qwen,h1_dinc,65,main,HaPc,1.0,1.0,1.0,1.0,0.5,0.5,1.0,0.5,0.5
qwen,h1_dinc,65,main,HrAs,1.0,1.0,1.0,1.0,0.5,0.5,1.0,0.5,0.5
qwen,h1_dinc,65,main,HrBa,1.0,1.0,1.0,1.0,0.5,0.5,1.0,0.5,0.5
qwen,h1_dinc,65,main,HrCh,1.0,0.9583333333333334,0.9583333333333334,1.0,0.4583333333333333,0.4583333333333333,1.0,0.5416666666666666,0.5416666666666666
qwen,h1_dinc,65,main,HrHr,1.0,1.0,1.0,1.0,0.5,0.5,1.0,0.5,0.5
qwen,h1_dinc,65,main,ShAs,1.0,1.0,1.0,1.0,0.5,0.5,1.0,0.5,0.5
qwen,h1_dinc,65,main,ShCo,1.0,1.0,1.0,1.0,0.5,0.5,1.0,0.5,0.5
qwen,h1_dinc,65,main,ShSh,1.0,1.0,1.0,1.0,0.5,0.5,1.0,0.5,0.5
qwen,h1_dinc,65,main_perp,AsAs,1.0,1.0,1.0,1.0,0.5,0.5,1.0,0.5,0.5
qwen,h1_dinc,65,main_perp,AsBa,1.0,1.0,1.0,1.0,0.5,0.5,1.0,0.5,0.5
qwen,h1_dinc,65,main_perp,AsCh,1.0,0.9583333333333334,0.9583333333333334,1.0,0.5416666666666666,0.5416666666666666,1.0,0.4583333333333333,0.4583333333333333
qwen,h1_dinc,65,main_perp,AsCm,1.0,1.0,1.0,1.0,0.5,0.5,1.0,0.5,0.5
qwen,h1_dinc,65,main_perp,AsCo,1.0,1.0,1.0,1.0,0.5,0.5,1.0,0.5,0.5
qwen,h1_dinc,65,main_perp,AsDl,1.0,1.0,1.0,1.0,0.5,0.5,1.0,0.5,0.5
qwen,h1_dinc,65,main_perp,AsHa,1.0,1.0,1.0,1.0,0.5,0.5,1.0,0.5,0.5
qwen,h1_dinc,65,main_perp,AsHr,1.0,0.9583333333333334,0.9583333333333334,1.0,0.4583333333333333,0.4583333333333333,1.0,0.5416666666666666,0.5416666666666666
qwen,h1_dinc,65,main_perp,AsNc,1.0,1.0,1.0,1.0,0.5,0.5,1.0,0.5,0.5
qwen,h1_dinc,65,main_perp,AsPc,1.0,1.0,1.0,1.0,0.5,0.5,1.0,0.5,0.5
qwen,h1_dinc,65,main_perp,AsPd,1.0,1.0,1.0,1.0,0.5,0.5,1.0,0.5,0.5
qwen,h1_dinc,65,main_perp,AsSh,1.0,0.9583333333333334,0.9583333333333334,1.0,0.4583333333333333,0.4583333333333333,1.0,0.4583333333333333,0.4583333333333333
qwen,h1_dinc,65,main_perp,BaAs,1.0,1.0,1.0,1.0,0.5,0.5,1.0,0.5,0.5
qwen,h1_dinc,65,main_perp,BaBa,1.0,1.0,1.0,1.0,0.5,0.5,1.0,0.5,0.5
qwen,h1_dinc,65,main_perp,BaCh,1.0,1.0,1.0,1.0,0.5,0.5,1.0,0.5,0.5
qwen,h1_dinc,65,main_perp,BaCm,1.0,1.0,1.0,1.0,0.5,0.5,1.0,0.5,0.5
qwen,h1_dinc,65,main_perp,BaCo,1.0,1.0,1.0,1.0,0.5,0.5,1.0,0.5,0.5
qwen,h1_dinc,65,main_perp,BaDl,1.0,1.0,1.0,1.0,0.5,0.5,1.0,0.5,0.5
qwen,h1_dinc,65,main_perp,BaHa,1.0,0.9583333333333334,0.9583333333333334,1.0,0.4583333333333333,0.4583333333333333,1.0,0.5416666666666666,0.5416666666666666
qwen,h1_dinc,65,main_perp,BaHr,1.0,1.0,1.0,1.0,0.5,0.5,1.0,0.5,0.5
qwen,h1_dinc,65,main_perp,BaNc,1.0,0.9583333333333334,0.9583333333333334,1.0,0.4583333333333333,0.4583333333333333,1.0,0.5416666666666666,0.5416666666666666
qwen,h1_dinc,65,main_perp,BaPc,1.0,1.0,1.0,1.0,0.5,0.5,1.0,0.5,0.5
qwen,h1_dinc,65,main_perp,BaPd,1.0,1.0,1.0,1.0,0.5,0.5,1.0,0.5,0.5
qwen,h1_dinc,65,main_perp,BaSh,1.0,1.0,1.0,1.0,0.5,0.5,1.0,0.5,0.5
qwen,h1_dinc,65,main_perp,ChAs,1.0,1.0,1.0,1.0,0.5,0.5,1.0,0.5,0.5
qwen,h1_dinc,65,main_perp,ChBa,1.0,1.0,1.0,1.0,0.5,0.5,1.0,0.5,0.5
qwen,h1_dinc,65,main_perp,ChCh,1.0,1.0,1.0,1.0,0.5,0.5,1.0,0.5,0.5
qwen,h1_dinc,65,main_perp,ChCm,1.0,1.0,1.0,1.0,0.5,0.5,1.0,0.5,0.5
qwen,h1_dinc,65,main_perp,ChCo,1.0,1.0,1.0,1.0,0.5,0.5,1.0,0.5,0.5
qwen,h1_dinc,65,main_perp,ChDl,1.0,1.0,1.0,1.0,0.5,0.5,1.0,0.5,0.5
qwen,h1_dinc,65,main_perp,ChHa,1.0,1.0,1.0,1.0,0.5,0.5,1.0,0.5,0.5
qwen,h1_dinc,65,main_perp,ChHr,1.0,1.0,1.0,1.0,0.5,0.5,1.0,0.5,0.5
qwen,h1_dinc,65,main_perp,CmAs,1.0,1.0,1.0,1.0,0.5,0.5,1.0,0.5,0.5
qwen,h1_dinc,65,main_perp,CmCm,1.0,1.0,1.0,1.0,0.5,0.5,1.0,0.5,0.5
qwen,h1_dinc,65,main_perp,CmDl,1.0,1.0,1.0,1.0,0.5,0.5,1.0,0.5,0.5
qwen,h1_dinc,65,main_perp,CmHa,1.0,1.0,1.0,1.0,0.5,0.5,1.0,0.5,0.5
qwen,h1_dinc,65,main_perp,CmNc,1.0,1.0,1.0,1.0,0.5,0.5,1.0,0.5,0.5
qwen,h1_dinc,65,main_perp,CoAs,1.0,0.9583333333333334,0.9583333333333334,1.0,0.5416666666666666,0.5416666666666666,1.0,0.5416666666666666,0.5416666666666666
qwen,h1_dinc,65,main_perp,CoCo,1.0,0.9583333333333334,0.9583333333333334,1.0,0.4583333333333333,0.4583333333333333,1.0,0.4583333333333333,0.4583333333333333
qwen,h1_dinc,65,main_perp,CoSh,1.0,1.0,1.0,1.0,0.5,0.5,1.0,0.5,0.5
qwen,h1_dinc,65,main_perp,HaAs,1.0,1.0,1.0,1.0,0.5,0.5,1.0,0.5,0.5
qwen,h1_dinc,65,main_perp,HaBa,1.0,1.0,1.0,1.0,0.5,0.5,1.0,0.5,0.5
qwen,h1_dinc,65,main_perp,HaCm,1.0,1.0,1.0,1.0,0.5,0.5,1.0,0.5,0.5
qwen,h1_dinc,65,main_perp,HaDl,1.0,0.9583333333333334,0.9583333333333334,1.0,0.5416666666666666,0.5416666666666666,1.0,0.5416666666666666,0.5416666666666666
qwen,h1_dinc,65,main_perp,HaHa,1.0,1.0,1.0,1.0,0.5,0.5,1.0,0.5,0.5
qwen,h1_dinc,65,main_perp,HaNc,1.0,1.0,1.0,1.0,0.5,0.5,1.0,0.5,0.5
qwen,h1_dinc,65,main_perp,HaPc,1.0,1.0,1.0,1.0,0.5,0.5,1.0,0.5,0.5
qwen,h1_dinc,65,main_perp,HrAs,1.0,1.0,1.0,1.0,0.5,0.5,1.0,0.5,0.5
qwen,h1_dinc,65,main_perp,HrBa,1.0,1.0,1.0,1.0,0.5,0.5,1.0,0.5,0.5
qwen,h1_dinc,65,main_perp,HrCh,1.0,1.0,1.0,1.0,0.5,0.5,1.0,0.5,0.5
qwen,h1_dinc,65,main_perp,HrHr,1.0,1.0,1.0,1.0,0.5,0.5,1.0,0.5,0.5
qwen,h1_dinc,65,main_perp,ShAs,1.0,1.0,1.0,1.0,0.5,0.5,1.0,0.5,0.5
qwen,h1_dinc,65,main_perp,ShCo,1.0,1.0,1.0,1.0,0.5,0.5,1.0,0.5,0.5
qwen,h1_dinc,65,main_perp,ShSh,0.9583333333333334,0.9583333333333334,1.0,0.9583333333333334,0.5,0.5217391304347826,0.9583333333333334,0.5,0.5217391304347826
qwen,h1_dinc,65,random,AsAs,0.7083333333333334,0.3333333333333333,0.47058823529411764,0.7083333333333334,0.16666666666666666,0.23529411764705882,0.7083333333333334,0.16666666666666666,0.23529411764705882
qwen,h1_dinc,65,random,AsBa,0.6666666666666666,0.25,0.375,0.6666666666666666,0.25,0.375,0.6666666666666666,0.4166666666666667,0.625
qwen,h1_dinc,65,random,AsCh,0.75,0.4166666666666667,0.5555555555555556,0.75,0.20833333333333334,0.2777777777777778,0.75,0.5416666666666666,0.7222222222222222
qwen,h1_dinc,65,random,AsCm,0.5,0.20833333333333334,0.4166666666666667,0.5,0.20833333333333334,0.4166666666666667,0.5,0.2916666666666667,0.5833333333333334
qwen,h1_dinc,65,random,AsCo,0.7083333333333334,0.2916666666666667,0.4117647058823529,0.7083333333333334,0.3333333333333333,0.47058823529411764,0.7083333333333334,0.3333333333333333,0.47058823529411764
qwen,h1_dinc,65,random,AsDl,0.7083333333333334,0.3333333333333333,0.47058823529411764,0.7083333333333334,0.2916666666666667,0.4117647058823529,0.7083333333333334,0.4166666666666667,0.5882352941176471
qwen,h1_dinc,65,random,AsHa,0.7083333333333334,0.25,0.35294117647058826,0.7083333333333334,0.375,0.5294117647058824,0.7083333333333334,0.375,0.5294117647058824
qwen,h1_dinc,65,random,AsHr,0.6666666666666666,0.3333333333333333,0.5,0.6666666666666666,0.375,0.5625,0.6666666666666666,0.2916666666666667,0.4375
qwen,h1_dinc,65,random,AsNc,0.75,0.5,0.6666666666666666,0.75,0.3333333333333333,0.4444444444444444,0.75,0.3333333333333333,0.4444444444444444
qwen,h1_dinc,65,random,AsPc,0.7916666666666666,0.4166666666666667,0.5263157894736842,0.7916666666666666,0.4166666666666667,0.5263157894736842,0.7916666666666666,0.4166666666666667,0.5263157894736842
qwen,h1_dinc,65,random,AsPd,0.7916666666666666,0.4166666666666667,0.5263157894736842,0.7916666666666666,0.3333333333333333,0.42105263157894735,0.7916666666666666,0.4583333333333333,0.5789473684210527
qwen,h1_dinc,65,random,AsSh,0.625,0.3333333333333333,0.5333333333333333,0.625,0.2916666666666667,0.4666666666666667,0.625,0.2916666666666667,0.4666666666666667
qwen,h1_dinc,65,random,BaAs,0.375,0.125,0.3333333333333333,0.375,0.125,0.3333333333333333,0.375,0.125,0.3333333333333333
qwen,h1_dinc,65,random,BaBa,0.625,0.5,0.8,0.625,0.375,0.6,0.625,0.375,0.6
qwen,h1_dinc,65,random,BaCh,0.9166666666666666,0.5416666666666666,0.5909090909090909,0.9166666666666666,0.625,0.6818181818181818,0.9166666666666666,0.625,0.6818181818181818
qwen,h1_dinc,65,random,BaCm,0.875,0.4583333333333333,0.5238095238095238,0.875,0.5,0.5714285714285714,0.875,0.5,0.5714285714285714
qwen,h1_dinc,65,random,BaCo,0.75,0.375,0.5,0.75,0.4166666666666667,0.5555555555555556,0.75,0.4166666666666667,0.5555555555555556
qwen,h1_dinc,65,random,BaDl,0.625,0.20833333333333334,0.3333333333333333,0.625,0.125,0.2,0.625,0.125,0.2
qwen,h1_dinc,65,random,BaHa,0.7083333333333334,0.375,0.5294117647058824,0.7083333333333334,0.375,0.5294117647058824,0.7083333333333334,0.3333333333333333,0.47058823529411764
qwen,h1_dinc,65,random,BaHr,0.9166666666666666,0.375,0.4090909090909091,0.9166666666666666,0.4583333333333333,0.5,0.9166666666666666,0.4583333333333333,0.5
qwen,h1_dinc,65,random,BaNc,0.8333333333333334,0.5416666666666666,0.65,0.8333333333333334,0.4583333333333333,0.55,0.8333333333333334,0.375,0.45
qwen,h1_dinc,65,random,BaPc,0.625,0.25,0.4,0.625,0.3333333333333333,0.5333333333333333,0.625,0.2916666666666667,0.4666666666666667
qwen,h1_dinc,65,random,BaPd,0.75,0.375,0.5,0.75,0.5833333333333334,0.7777777777777778,0.75,0.5833333333333334,0.7777777777777778
qwen,h1_dinc,65,random,BaSh,0.7916666666666666,0.4583333333333333,0.5789473684210527,0.7916666666666666,0.375,0.47368421052631576,0.7916666666666666,0.375,0.47368421052631576
qwen,h1_dinc,65,random,ChAs,0.7916666666666666,0.3333333333333333,0.42105263157894735,0.7916666666666666,0.3333333333333333,0.42105263157894735,0.7916666666666666,0.3333333333333333,0.42105263157894735
qwen,h1_dinc,65,random,ChBa,0.5416666666666666,0.375,0.6923076923076923,0.5416666666666666,0.3333333333333333,0.6153846153846154,0.5416666666666666,0.3333333333333333,0.6153846153846154
qwen,h1_dinc,65,random,ChCh,0.75,0.375,0.5,0.75,0.2916666666666667,0.3888888888888889,0.75,0.2916666666666667,0.3888888888888889
qwen,h1_dinc,65,random,ChCm,0.5833333333333334,0.2916666666666667,0.5,0.5833333333333334,0.3333333333333333,0.5714285714285714,0.5833333333333334,0.3333333333333333,0.5714285714285714
qwen,h1_dinc,65,random,ChCo,0.6666666666666666,0.4166666666666667,0.625,0.6666666666666666,0.25,0.375,0.6666666666666666,0.25,0.375
qwen,h1_dinc,65,random,ChDl,0.6666666666666666,0.3333333333333333,0.5,0.6666666666666666,0.3333333333333333,0.5,0.6666666666666666,0.3333333333333333,0.5
qwen,h1_dinc,65,random,ChHa,0.7083333333333334,0.4166666666666667,0.5882352941176471,0.7083333333333334,0.3333333333333333,0.47058823529411764,0.7083333333333334,0.375,0.5294117647058824
qwen,h1_dinc,65,random,ChHr,0.75,0.4583333333333333,0.6111111111111112,0.75,0.3333333333333333,0.4444444444444444,0.75,0.3333333333333333,0.4444444444444444
qwen,h1_dinc,65,random,CmAs,0.7083333333333334,0.4583333333333333,0.6470588235294118,0.7083333333333334,0.3333333333333333,0.47058823529411764,0.7083333333333334,0.375,0.5294117647058824
qwen,h1_dinc,65,random,CmCm,0.8333333333333334,0.5,0.6,0.8333333333333334,0.375,0.45,0.8333333333333334,0.4583333333333333,0.55
qwen,h1_dinc,65,random,CmDl,0.7916666666666666,0.5,0.631578947368421,0.7916666666666666,0.25,0.3157894736842105,0.7916666666666666,0.5416666666666666,0.6842105263157895
qwen,h1_dinc,65,random,CmHa,0.8333333333333334,0.4583333333333333,0.55,0.8333333333333334,0.4166666666666667,0.5,0.8333333333333334,0.4166666666666667,0.5
qwen,h1_dinc,65,random,CmNc,0.875,0.4583333333333333,0.5238095238095238,0.875,0.5,0.5714285714285714,0.875,0.375,0.42857142857142855
qwen,h1_dinc,65,random,CoAs,0.625,0.2916666666666667,0.4666666666666667,0.625,0.3333333333333333,0.5333333333333333,0.625,0.3333333333333333,0.5333333333333333
qwen,h1_dinc,65,random,CoCo,0.7916666666666666,0.3333333333333333,0.42105263157894735,0.7916666666666666,0.4583333333333333,0.5789473684210527,0.7916666666666666,0.4583333333333333,0.5789473684210527
qwen,h1_dinc,65,random,CoSh,0.5833333333333334,0.3333333333333333,0.5714285714285714,0.5833333333333334,0.3333333333333333,0.5714285714285714,0.5833333333333334,0.3333333333333333,0.5714285714285714
qwen,h1_dinc,65,random,HaAs,0.5416666666666666,0.2916666666666667,0.5384615384615384,0.5416666666666666,0.25,0.46153846153846156,0.5416666666666666,0.25,0.46153846153846156
qwen,h1_dinc,65,random,HaBa,0.8333333333333334,0.375,0.45,0.8333333333333334,0.5,0.6,0.8333333333333334,0.5,0.6
qwen,h1_dinc,65,random,HaCm,0.75,0.3333333333333333,0.4444444444444444,0.75,0.2916666666666667,0.3888888888888889,0.75,0.2916666666666667,0.3888888888888889
qwen,h1_dinc,65,random,HaDl,0.7916666666666666,0.4166666666666667,0.5263157894736842,0.7916666666666666,0.5,0.631578947368421,0.7916666666666666,0.5,0.631578947368421
qwen,h1_dinc,65,random,HaHa,0.7083333333333334,0.4166666666666667,0.5882352941176471,0.7083333333333334,0.4166666666666667,0.5882352941176471,0.7083333333333334,0.4166666666666667,0.5882352941176471
qwen,h1_dinc,65,random,HaNc,0.5,0.08333333333333333,0.16666666666666666,0.5,0.2916666666666667,0.5833333333333334,0.5,0.2916666666666667,0.5833333333333334
qwen,h1_dinc,65,random,HaPc,0.7916666666666666,0.375,0.47368421052631576,0.7916666666666666,0.5,0.631578947368421,0.7916666666666666,0.5,0.631578947368421
qwen,h1_dinc,65,random,HrAs,0.8333333333333334,0.5416666666666666,0.65,0.8333333333333334,0.375,0.45,0.8333333333333334,0.4583333333333333,0.55
qwen,h1_dinc,65,random,HrBa,0.7083333333333334,0.3333333333333333,0.47058823529411764,0.7083333333333334,0.3333333333333333,0.47058823529411764,0.7083333333333334,0.375,0.5294117647058824
qwen,h1_dinc,65,random,HrCh,0.7083333333333334,0.4166666666666667,0.5882352941176471,0.7083333333333334,0.4583333333333333,0.6470588235294118,0.7083333333333334,0.25,0.35294117647058826
qwen,h1_dinc,65,random,HrHr,0.625,0.3333333333333333,0.5333333333333333,0.625,0.375,0.6,0.625,0.25,0.4
qwen,h1_dinc,65,random,ShAs,0.8333333333333334,0.4166666666666667,0.5,0.8333333333333334,0.375,0.45,0.8333333333333334,0.375,0.45
qwen,h1_dinc,65,random,ShCo,0.875,0.5,0.5714285714285714,0.875,0.3333333333333333,0.38095238095238093,0.875,0.3333333333333333,0.38095238095238093
qwen,h1_dinc,65,random,ShSh,0.75,0.4166666666666667,0.5555555555555556,0.75,0.4166666666666667,0.5555555555555556,0.75,0.4166666666666667,0.5555555555555556
qwen,h1_dinc,79,main,AsAs,1.0,1.0,1.0,1.0,0.5,0.5,1.0,0.5,0.5
qwen,h1_dinc,79,main,AsBa,1.0,1.0,1.0,1.0,0.5,0.5,1.0,0.5,0.5
qwen,h1_dinc,79,main,AsCh,0.9583333333333334,0.9583333333333334,1.0,0.9583333333333334,0.5,0.5217391304347826,0.9583333333333334,0.4583333333333333,0.4782608695652174
qwen,h1_dinc,79,main,AsCm,0.9583333333333334,0.9583333333333334,1.0,0.9583333333333334,0.4583333333333333,0.4782608695652174,0.9583333333333334,0.5,0.5217391304347826
qwen,h1_dinc,79,main,AsCo,0.9583333333333334,0.9583333333333334,1.0,0.9583333333333334,0.5,0.5217391304347826,0.9583333333333334,0.5,0.5217391304347826
qwen,h1_dinc,79,main,AsDl,0.9583333333333334,0.9166666666666666,0.9565217391304348,0.9583333333333334,0.4166666666666667,0.43478260869565216,0.9583333333333334,0.5416666666666666,0.5652173913043478
qwen,h1_dinc,79,main,AsHa,0.9583333333333334,0.9583333333333334,1.0,0.9583333333333334,0.5,0.5217391304347826,0.9583333333333334,0.5,0.5217391304347826
qwen,h1_dinc,79,main,AsHr,0.9583333333333334,0.9583333333333334,1.0,0.9583333333333334,0.5,0.5217391304347826,0.9583333333333334,0.4583333333333333,0.4782608695652174
qwen,h1_dinc,79,main,AsNc,1.0,1.0,1.0,1.0,0.5,0.5,1.0,0.5,0.5
qwen,h1_dinc,79,main,AsPc,0.9583333333333334,0.9583333333333334,1.0,0.9583333333333334,0.4583333333333333,0.4782608695652174,0.9583333333333334,0.4583333333333333,0.4782608695652174
qwen,h1_dinc,79,main,AsPd,0.9583333333333334,0.9583333333333334,1.0,0.9583333333333334,0.5,0.5217391304347826,0.9583333333333334,0.4583333333333333,0.4782608695652174
qwen,h1_dinc,79,main,AsSh,0.9583333333333334,0.9583333333333334,1.0,0.9583333333333334,0.5,0.5217391304347826,0.9583333333333334,0.5,0.5217391304347826
qwen,h1_dinc,79,main,BaAs,1.0,1.0,1.0,1.0,0.5,0.5,1.0,0.5,0.5
qwen,h1_dinc,79,main,BaBa,1.0,1.0,1.0,1.0,0.5,0.5,1.0,0.5,0.5
qwen,h1_dinc,79,main,BaCh,1.0,1.0,1.0,1.0,0.5,0.5,1.0,0.5,0.5
qwen,h1_dinc,79,main,BaCm,1.0,1.0,1.0,1.0,0.5,0.5,1.0,0.5,0.5
qwen,h1_dinc,79,main,BaCo,1.0,1.0,1.0,1.0,0.5,0.5,1.0,0.5,0.5
qwen,h1_dinc,79,main,BaDl,1.0,1.0,1.0,1.0,0.5,0.5,1.0,0.5,0.5
qwen,h1_dinc,79,main,BaHa,1.0,0.9583333333333334,0.9583333333333334,1.0,0.4583333333333333,0.4583333333333333,1.0,0.5416666666666666,0.5416666666666666
qwen,h1_dinc,79,main,BaHr,1.0,1.0,1.0,1.0,0.5,0.5,1.0,0.5,0.5
qwen,h1_dinc,79,main,BaNc,1.0,0.9583333333333334,0.9583333333333334,1.0,0.5416666666666666,0.5416666666666666,1.0,0.4583333333333333,0.4583333333333333
qwen,h1_dinc,79,main,BaPc,1.0,1.0,1.0,1.0,0.5,0.5,1.0,0.5,0.5
qwen,h1_dinc,79,main,BaPd,1.0,1.0,1.0,1.0,0.5,0.5,1.0,0.5,0.5
qwen,h1_dinc,79,main,BaSh,0.9583333333333334,0.9583333333333334,1.0,0.9583333333333334,0.4583333333333333,0.4782608695652174,0.9583333333333334,0.4583333333333333,0.4782608695652174
qwen,h1_dinc,79,main,ChAs,1.0,1.0,1.0,1.0,0.5,0.5,1.0,0.5,0.5
qwen,h1_dinc,79,main,ChBa,0.9583333333333334,0.9583333333333334,1.0,0.9583333333333334,0.4583333333333333,0.4782608695652174,0.9583333333333334,0.4583333333333333,0.4782608695652174
qwen,h1_dinc,79,main,ChCh,1.0,1.0,1.0,1.0,0.5,0.5,1.0,0.5,0.5
qwen,h1_dinc,79,main,ChCm,0.9583333333333334,0.9583333333333334,1.0,0.9583333333333334,0.5,0.5217391304347826,0.9583333333333334,0.5,0.5217391304347826
qwen,h1_dinc,79,main,ChCo,0.9583333333333334,0.9583333333333334,1.0,0.9583333333333334,0.4583333333333333,0.4782608695652174,0.9583333333333334,0.4583333333333333,0.4782608695652174
qwen,h1_dinc,79,main,ChDl,1.0,1.0,1.0,1.0,0.5,0.5,1.0,0.5,0.5
qwen,h1_dinc,79,main,ChHa,1.0,1.0,1.0,1.0,0.5,0.5,1.0,0.5,0.5
qwen,h1_dinc,79,main,ChHr,1.0,1.0,1.0,1.0,0.5,0.5,1.0,0.5,0.5
qwen,h1_dinc,79,main,CmAs,0.9583333333333334,0.9583333333333334,1.0,0.9583333333333334,0.4583333333333333,0.4782608695652174,0.9583333333333334,0.5,0.5217391304347826
qwen,h1_dinc,79,main,CmCm,1.0,1.0,1.0,1.0,0.5,0.5,1.0,0.5,0.5
qwen,h1_dinc,79,main,CmDl,1.0,1.0,1.0,1.0,0.5,0.5,1.0,0.5,0.5
qwen,h1_dinc,79,main,CmHa,0.9583333333333334,0.9583333333333334,1.0,0.9583333333333334,0.5,0.5217391304347826,0.9583333333333334,0.4583333333333333,0.4782608695652174
qwen,h1_dinc,79,main,CmNc,0.9583333333333334,0.9583333333333334,1.0,0.9583333333333334,0.4583333333333333,0.4782608695652174,0.9583333333333334,0.5,0.5217391304347826
qwen,h1_dinc,79,main,CoAs,1.0,1.0,1.0,1.0,0.5,0.5,1.0,0.5,0.5
qwen,h1_dinc,79,main,CoCo,1.0,1.0,1.0,1.0,0.5,0.5,1.0,0.5,0.5
qwen,h1_dinc,79,main,CoSh,1.0,1.0,1.0,1.0,0.5,0.5,1.0,0.5,0.5
qwen,h1_dinc,79,main,HaAs,1.0,1.0,1.0,1.0,0.5,0.5,1.0,0.5,0.5
qwen,h1_dinc,79,main,HaBa,1.0,0.9583333333333334,0.9583333333333334,1.0,0.5416666666666666,0.5416666666666666,1.0,0.5416666666666666,0.5416666666666666
qwen,h1_dinc,79,main,HaCm,1.0,1.0,1.0,1.0,0.5,0.5,1.0,0.5,0.5
qwen,h1_dinc,79,main,HaDl,0.9583333333333334,0.9583333333333334,1.0,0.9583333333333334,0.5,0.5217391304347826,0.9583333333333334,0.5,0.5217391304347826
qwen,h1_dinc,79,main,HaHa,1.0,1.0,1.0,1.0,0.5,0.5,1.0,0.5,0.5
qwen,h1_dinc,79,main,HaNc,1.0,1.0,1.0,1.0,0.5,0.5,1.0,0.5,0.5
qwen,h1_dinc,79,main,HaPc,1.0,1.0,1.0,1.0,0.5,0.5,1.0,0.5,0.5
qwen,h1_dinc,79,main,HrAs,1.0,1.0,1.0,1.0,0.5,0.5,1.0,0.5,0.5
qwen,h1_dinc,79,main,HrBa,1.0,1.0,1.0,1.0,0.5,0.5,1.0,0.5,0.5
qwen,h1_dinc,79,main,HrCh,0.9166666666666666,0.9166666666666666,1.0,0.9166666666666666,0.4166666666666667,0.45454545454545453,0.9166666666666666,0.5,0.5454545454545454
qwen,h1_dinc,79,main,HrHr,1.0,1.0,1.0,1.0,0.5,0.5,1.0,0.5,0.5
qwen,h1_dinc,79,main,ShAs,1.0,1.0,1.0,1.0,0.5,0.5,1.0,0.5,0.5
qwen,h1_dinc,79,main,ShCo,0.875,0.875,1.0,0.875,0.4583333333333333,0.5238095238095238,0.875,0.4583333333333333,0.5238095238095238
qwen,h1_dinc,79,main,ShSh,1.0,1.0,1.0,1.0,0.5,0.5,1.0,0.5,0.5
qwen,h1_dinc,79,main_perp,AsAs,0.5833333333333334,0.4166666666666667,0.7142857142857143,0.5833333333333334,0.25,0.42857142857142855,0.5833333333333334,0.25,0.42857142857142855
qwen,h1_dinc,79,main_perp,AsBa,0.5,0.125,0.25,0.5,0.125,0.25,0.5,0.375,0.75
qwen,h1_dinc,79,main_perp,AsCh,0.4583333333333333,0.4166666666666667,0.9090909090909091,0.4583333333333333,0.125,0.2727272727272727,0.4583333333333333,0.3333333333333333,0.7272727272727273
qwen,h1_dinc,79,main_perp,AsCm,0.4166666666666667,0.2916666666666667,0.7,0.4166666666666667,0.25,0.6,0.4166666666666667,0.16666666666666666,0.4
qwen,h1_dinc,79,main_perp,AsCo,0.7083333333333334,0.3333333333333333,0.47058823529411764,0.7083333333333334,0.3333333333333333,0.47058823529411764,0.7083333333333334,0.3333333333333333,0.47058823529411764
qwen,h1_dinc,79,main_perp,AsDl,0.3333333333333333,0.20833333333333334,0.625,0.3333333333333333,0.25,0.75,0.3333333333333333,0.08333333333333333,0.25
qwen,h1_dinc,79,main_perp,AsHa,0.4583333333333333,0.375,0.8181818181818182,0.4583333333333333,0.16666666666666666,0.36363636363636365,0.4583333333333333,0.16666666666666666,0.36363636363636365
qwen,h1_dinc,79,main_perp,AsHr,0.7083333333333334,0.375,0.5294117647058824,0.7083333333333334,0.4583333333333333,0.6470588235294118,0.7083333333333334,0.25,0.35294117647058826
qwen,h1_dinc,79,main_perp,AsNc,0.625,0.3333333333333333,0.5333333333333333,0.625,0.20833333333333334,0.3333333333333333,0.625,0.20833333333333334,0.3333333333333333
qwen,h1_dinc,79,main_perp,AsPc,0.5416666666666666,0.3333333333333333,0.6153846153846154,0.5416666666666666,0.2916666666666667,0.5384615384615384,0.5416666666666666,0.2916666666666667,0.5384615384615384
qwen,h1_dinc,79,main_perp,AsPd,0.2916666666666667,0.16666666666666666,0.5714285714285714,0.2916666666666667,0.125,0.42857142857142855,0.2916666666666667,0.16666666666666666,0.5714285714285714
qwen,h1_dinc,79,main_perp,AsSh,0.5,0.25,0.5,0.5,0.20833333333333334,0.4166666666666667,0.5,0.20833333333333334,0.4166666666666667
qwen,h1_dinc,79,main_perp,BaAs,0.5833333333333334,0.125,0.21428571428571427,0.5833333333333334,0.2916666666666667,0.5,0.5833333333333334,0.2916666666666667,0.5
qwen,h1_dinc,79,main_perp,BaBa,0.5416666666666666,0.2916666666666667,0.5384615384615384,0.5416666666666666,0.4166666666666667,0.7692307692307693,0.5416666666666666,0.4166666666666667,0.7692307692307693
qwen,h1_dinc,79,main_perp,BaCh,0.625,0.3333333333333333,0.5333333333333333,0.625,0.20833333333333334,0.3333333333333333,0.625,0.20833333333333334,0.3333333333333333
qwen,h1_dinc,79,main_perp,BaCm,0.5416666666666666,0.16666666666666666,0.3076923076923077,0.5416666666666666,0.25,0.46153846153846156,0.5416666666666666,0.25,0.46153846153846156
qwen,h1_dinc,79,main_perp,BaCo,0.625,0.2916666666666667,0.4666666666666667,0.625,0.3333333333333333,0.5333333333333333,0.625,0.3333333333333333,0.5333333333333333
qwen,h1_dinc,79,main_perp,BaDl,0.4583333333333333,0.16666666666666666,0.36363636363636365,0.4583333333333333,0.20833333333333334,0.45454545454545453,0.4583333333333333,0.20833333333333334,0.45454545454545453
qwen,h1_dinc,79,main_perp,BaHa,0.75,0.4166666666666667,0.5555555555555556,0.75,0.5,0.6666666666666666,0.75,0.25,0.3333333333333333
qwen,h1_dinc,79,main_perp,BaHr,0.6666666666666666,0.3333333333333333,0.5,0.6666666666666666,0.375,0.5625,0.6666666666666666,0.375,0.5625
qwen,h1_dinc,79,main_perp,BaNc,0.6666666666666666,0.3333333333333333,0.5,0.6666666666666666,0.3333333333333333,0.5,0.6666666666666666,0.3333333333333333,0.5
qwen,h1_dinc,79,main_perp,BaPc,0.5833333333333334,0.375,0.6428571428571429,0.5833333333333334,0.2916666666666667,0.5,0.5833333333333334,0.2916666666666667,0.5
qwen,h1_dinc,79,main_perp,BaPd,0.5833333333333334,0.3333333333333333,0.5714285714285714,0.5833333333333334,0.2916666666666667,0.5,0.5833333333333334,0.2916666666666667,0.5
qwen,h1_dinc,79,main_perp,BaSh,0.7083333333333334,0.3333333333333333,0.47058823529411764,0.7083333333333334,0.2916666666666667,0.4117647058823529,0.7083333333333334,0.2916666666666667,0.4117647058823529
qwen,h1_dinc,79,main_perp,ChAs,0.4583333333333333,0.20833333333333334,0.45454545454545453,0.4583333333333333,0.20833333333333334,0.45454545454545453,0.4583333333333333,0.20833333333333334,0.45454545454545453
qwen,h1_dinc,79,main_perp,ChBa,0.5,0.3333333333333333,0.6666666666666666,0.5,0.2916666666666667,0.5833333333333334,0.5,0.2916666666666667,0.5833333333333334
qwen,h1_dinc,79,main_perp,ChCh,0.6666666666666666,0.4166666666666667,0.625,0.6666666666666666,0.25,0.375,0.6666666666666666,0.25,0.375
qwen,h1_dinc,79,main_perp,ChCm,0.5833333333333334,0.2916666666666667,0.5,0.5833333333333334,0.3333333333333333,0.5714285714285714,0.5833333333333334,0.3333333333333333,0.5714285714285714
qwen,h1_dinc,79,main_perp,ChCo,0.5416666666666666,0.375,0.6923076923076923,0.5416666666666666,0.20833333333333334,0.38461538461538464,0.5416666666666666,0.20833333333333334,0.38461538461538464
qwen,h1_dinc,79,main_perp,ChDl,0.5416666666666666,0.20833333333333334,0.38461538461538464,0.5416666666666666,0.25,0.46153846153846156,0.5416666666666666,0.25,0.46153846153846156
qwen,h1_dinc,79,main_perp,ChHa,0.4166666666666667,0.25,0.6,0.4166666666666667,0.25,0.6,0.4166666666666667,0.16666666666666666,0.4
qwen,h1_dinc,79,main_perp,ChHr,0.5416666666666666,0.2916666666666667,0.5384615384615384,0.5416666666666666,0.20833333333333334,0.38461538461538464,0.5416666666666666,0.20833333333333334,0.38461538461538464
qwen,h1_dinc,79,main_perp,CmAs,0.625,0.20833333333333334,0.3333333333333333,0.625,0.2916666666666667,0.4666666666666667,0.625,0.3333333333333333,0.5333333333333333
qwen,h1_dinc,79,main_perp,CmCm,0.75,0.3333333333333333,0.4444444444444444,0.75,0.2916666666666667,0.3888888888888889,0.75,0.4583333333333333,0.6111111111111112
qwen,h1_dinc,79,main_perp,CmDl,0.4166666666666667,0.20833333333333334,0.5,0.4166666666666667,0.2916666666666667,0.7,0.4166666666666667,0.125,0.3
qwen,h1_dinc,79,main_perp,CmHa,0.7083333333333334,0.4583333333333333,0.6470588235294118,0.7083333333333334,0.4166666666666667,0.5882352941176471,0.7083333333333334,0.2916666666666667,0.4117647058823529
qwen,h1_dinc,79,main_perp,CmNc,0.7916666666666666,0.5,0.631578947368421,0.7916666666666666,0.5,0.631578947368421,0.7916666666666666,0.2916666666666667,0.3684210526315789
qwen,h1_dinc,79,main_perp,CoAs,0.625,0.25,0.4,0.625,0.4166666666666667,0.6666666666666666,0.625,0.4166666666666667,0.6666666666666666
qwen,h1_dinc,79,main_perp,CoCo,0.4583333333333333,0.125,0.2727272727272727,0.4583333333333333,0.25,0.5454545454545454,0.4583333333333333,0.25,0.5454545454545454
qwen,h1_dinc,79,main_perp,CoSh,0.3333333333333333,0.16666666666666666,0.5,0.3333333333333333,0.125,0.375,0.3333333333333333,0.125,0.375
qwen,h1_dinc,79,main_perp,HaAs,0.4583333333333333,0.16666666666666666,0.36363636363636365,0.4583333333333333,0.25,0.5454545454545454,0.4583333333333333,0.25,0.5454545454545454
qwen,h1_dinc,79,main_perp,HaBa,0.625,0.2916666666666667,0.4666666666666667,0.625,0.375,0.6,0.625,0.375,0.6
qwen,h1_dinc,79,main_perp,HaCm,0.5416666666666666,0.20833333333333334,0.38461538461538464,0.5416666666666666,0.25,0.46153846153846156,0.5416666666666666,0.25,0.46153846153846156
qwen,h1_dinc,79,main_perp,HaDl,0.5416666666666666,0.2916666666666667,0.5384615384615384,0.5416666666666666,0.25,0.46153846153846156,0.5416666666666666,0.25,0.46153846153846156
qwen,h1_dinc,79,main_perp,HaHa,0.2916666666666667,0.125,0.42857142857142855,0.2916666666666667,0.16666666666666666,0.5714285714285714,0.2916666666666667,0.16666666666666666,0.5714285714285714
qwen,h1_dinc,79,main_perp,HaNc,0.2916666666666667,0.16666666666666666,0.5714285714285714,0.2916666666666667,0.16666666666666666,0.5714285714285714,0.2916666666666667,0.16666666666666666,0.5714285714285714
qwen,h1_dinc,79,main_perp,HaPc,0.5833333333333334,0.25,0.42857142857142855,0.5833333333333334,0.375,0.6428571428571429,0.5833333333333334,0.375,0.6428571428571429
qwen,h1_dinc,79,main_perp,HrAs,0.5416666666666666,0.2916666666666667,0.5384615384615384,0.5416666666666666,0.2916666666666667,0.5384615384615384,0.5416666666666666,0.25,0.46153846153846156
qwen,h1_dinc,79,main_perp,HrBa,0.5,0.2916666666666667,0.5833333333333334,0.5,0.25,0.5,0.5,0.25,0.5
qwen,h1_dinc,79,main_perp,HrCh,0.7916666666666666,0.4166666666666667,0.5263157894736842,0.7916666666666666,0.4166666666666667,0.5263157894736842,0.7916666666666666,0.375,0.47368421052631576
qwen,h1_dinc,79,main_perp,HrHr,0.6666666666666666,0.3333333333333333,0.5,0.6666666666666666,0.25,0.375,0.6666666666666666,0.4166666666666667,0.625
qwen,h1_dinc,79,main_perp,ShAs,0.375,0.125,0.3333333333333333,0.375,0.16666666666666666,0.4444444444444444,0.375,0.16666666666666666,0.4444444444444444
qwen,h1_dinc,79,main_perp,ShCo,0.5833333333333334,0.4166666666666667,0.7142857142857143,0.5833333333333334,0.375,0.6428571428571429,0.5833333333333334,0.375,0.6428571428571429
qwen,h1_dinc,79,main_perp,ShSh,0.4166666666666667,0.2916666666666667,0.7,0.4166666666666667,0.16666666666666666,0.4,0.4166666666666667,0.16666666666666666,0.4
qwen,h1_dinc,79,random,AsAs,0.4583333333333333,0.125,0.2727272727272727,0.4583333333333333,0.20833333333333334,0.45454545454545453,0.4583333333333333,0.20833333333333334,0.45454545454545453
qwen,h1_dinc,79,random,AsBa,0.4583333333333333,0.041666666666666664,0.09090909090909091,0.4583333333333333,0.16666666666666666,0.36363636363636365,0.4583333333333333,0.2916666666666667,0.6363636363636364
qwen,h1_dinc,79,random,AsCh,0.3333333333333333,0.125,0.375,0.3333333333333333,0.125,0.375,0.3333333333333333,0.20833333333333334,0.625
qwen,h1_dinc,79,random,AsCm,0.4166666666666667,0.125,0.3,0.4166666666666667,0.2916666666666667,0.7,0.4166666666666667,0.125,0.3
qwen,h1_dinc,79,random,AsCo,0.4583333333333333,0.08333333333333333,0.18181818181818182,0.4583333333333333,0.20833333333333334,0.45454545454545453,0.4583333333333333,0.20833333333333334,0.45454545454545453
qwen,h1_dinc,79,random,AsDl,0.5,0.20833333333333334,0.4166666666666667,0.5,0.3333333333333333,0.6666666666666666,0.5,0.16666666666666666,0.3333333333333333
qwen,h1_dinc,79,random,AsHa,0.4166666666666667,0.16666666666666666,0.4,0.4166666666666667,0.125,0.3,0.4166666666666667,0.125,0.3
qwen,h1_dinc,79,random,AsHr,0.625,0.3333333333333333,0.5333333333333333,0.625,0.3333333333333333,0.5333333333333333,0.625,0.2916666666666667,0.4666666666666667
qwen,h1_dinc,79,random,AsNc,0.4166666666666667,0.125,0.3,0.4166666666666667,0.25,0.6,0.4166666666666667,0.25,0.6
qwen,h1_dinc,79,random,AsPc,0.5,0.16666666666666666,0.3333333333333333,0.5,0.3333333333333333,0.6666666666666666,0.5,0.3333333333333333,0.6666666666666666
qwen,h1_dinc,79,random,AsPd,0.4583333333333333,0.16666666666666666,0.36363636363636365,0.4583333333333333,0.25,0.5454545454545454,0.4583333333333333,0.20833333333333334,0.45454545454545453
qwen,h1_dinc,79,random,AsSh,0.5,0.16666666666666666,0.3333333333333333,0.5,0.20833333333333334,0.4166666666666667,0.5,0.20833333333333334,0.4166666666666667
qwen,h1_dinc,79,random,BaAs,0.5416666666666666,0.08333333333333333,0.15384615384615385,0.5416666666666666,0.20833333333333334,0.38461538461538464,0.5416666666666666,0.20833333333333334,0.38461538461538464
qwen,h1_dinc,79,random,BaBa,0.4166666666666667,0.125,0.3,0.4166666666666667,0.25,0.6,0.4166666666666667,0.25,0.6
qwen,h1_dinc,79,random,BaCh,0.4166666666666667,0.125,0.3,0.4166666666666667,0.041666666666666664,0.1,0.4166666666666667,0.041666666666666664,0.1
qwen,h1_dinc,79,random,BaCm,0.4166666666666667,0.16666666666666666,0.4,0.4166666666666667,0.16666666666666666,0.4,0.4166666666666667,0.16666666666666666,0.4
qwen,h1_dinc,79,random,BaCo,0.625,0.2916666666666667,0.4666666666666667,0.625,0.25,0.4,0.625,0.25,0.4
qwen,h1_dinc,79,random,BaDl,0.3333333333333333,0.041666666666666664,0.125,0.3333333333333333,0.16666666666666666,0.5,0.3333333333333333,0.16666666666666666,0.5
qwen,h1_dinc,79,random,BaHa,0.4583333333333333,0.125,0.2727272727272727,0.4583333333333333,0.20833333333333334,0.45454545454545453,0.4583333333333333,0.25,0.5454545454545454
qwen,h1_dinc,79,random,BaHr,0.625,0.2916666666666667,0.4666666666666667,0.625,0.375,0.6,0.625,0.375,0.6
qwen,h1_dinc,79,random,BaNc,0.5,0.20833333333333334,0.4166666666666667,0.5,0.20833333333333334,0.4166666666666667,0.5,0.2916666666666667,0.5833333333333334
qwen,h1_dinc,79,random,BaPc,0.375,0.20833333333333334,0.5555555555555556,0.375,0.20833333333333334,0.5555555555555556,0.375,0.16666666666666666,0.4444444444444444
qwen,h1_dinc,79,random,BaPd,0.3333333333333333,0.16666666666666666,0.5,0.3333333333333333,0.20833333333333334,0.625,0.3333333333333333,0.20833333333333334,0.625
qwen,h1_dinc,79,random,BaSh,0.5,0.20833333333333334,0.4166666666666667,0.5,0.2916666666666667,0.5833333333333334,0.5,0.2916666666666667,0.5833333333333334
qwen,h1_dinc,79,random,ChAs,0.375,0.041666666666666664,0.1111111111111111,0.375,0.20833333333333334,0.5555555555555556,0.375,0.20833333333333334,0.5555555555555556
qwen,h1_dinc,79,random,ChBa,0.375,0.16666666666666666,0.4444444444444444,0.375,0.16666666666666666,0.4444444444444444,0.375,0.16666666666666666,0.4444444444444444
qwen,h1_dinc,79,random,ChCh,0.4583333333333333,0.08333333333333333,0.18181818181818182,0.4583333333333333,0.16666666666666666,0.36363636363636365,0.4583333333333333,0.16666666666666666,0.36363636363636365
qwen,h1_dinc,79,random,ChCm,0.5,0.16666666666666666,0.3333333333333333,0.5,0.20833333333333334,0.4166666666666667,0.5,0.20833333333333334,0.4166666666666667
qwen,h1_dinc,79,random,ChCo,0.5,0.20833333333333334,0.4166666666666667,0.5,0.20833333333333334,0.4166666666666667,0.5,0.20833333333333334,0.4166666666666667
qwen,h1_dinc,79,random,ChDl,0.5416666666666666,0.125,0.23076923076923078,0.5416666666666666,0.16666666666666666,0.3076923076923077,0.5416666666666666,0.16666666666666666,0.3076923076923077
qwen,h1_dinc,79,random,ChHa,0.5,0.25,0.5,0.5,0.25,0.5,0.5,0.25,0.5
qwen,h1_dinc,79,random,ChHr,0.5,0.16666666666666666,0.3333333333333333,0.5,0.16666666666666666,0.3333333333333333,0.5,0.16666666666666666,0.3333333333333333
qwen,h1_dinc,79,random,CmAs,0.5416666666666666,0.16666666666666666,0.3076923076923077,0.5416666666666666,0.4166666666666667,0.7692307692307693,0.5416666666666666,0.125,0.23076923076923078
qwen,h1_dinc,79,random,CmCm,0.5416666666666666,0.20833333333333334,0.38461538461538464,0.5416666666666666,0.20833333333333334,0.38461538461538464,0.5416666666666666,0.3333333333333333,0.6153846153846154
qwen,h1_dinc,79,random,CmDl,0.4583333333333333,0.25,0.5454545454545454,0.4583333333333333,0.20833333333333334,0.45454545454545453,0.4583333333333333,0.25,0.5454545454545454
qwen,h1_dinc,79,random,CmHa,0.5,0.20833333333333334,0.4166666666666667,0.5,0.375,0.75,0.5,0.125,0.25
qwen,h1_dinc,79,random,CmNc,0.4166666666666667,0.20833333333333334,0.5,0.4166666666666667,0.16666666666666666,0.4,0.4166666666666667,0.25,0.6
qwen,h1_dinc,79,random,CoAs,0.4583333333333333,0.08333333333333333,0.18181818181818182,0.4583333333333333,0.3333333333333333,0.7272727272727273,0.4583333333333333,0.3333333333333333,0.7272727272727273
qwen,h1_dinc,79,random,CoCo,0.5833333333333334,0.25,0.42857142857142855,0.5833333333333334,0.20833333333333334,0.35714285714285715,0.5833333333333334,0.20833333333333334,0.35714285714285715
qwen,h1_dinc,79,random,CoSh,0.3333333333333333,0.0,0.0,0.3333333333333333,0.20833333333333334,0.625,0.3333333333333333,0.20833333333333334,0.625
qwen,h1_dinc,79,random,HaAs,0.5,0.16666666666666666,0.3333333333333333,0.5,0.3333333333333333,0.6666666666666666,0.5,0.3333333333333333,0.6666666666666666
qwen,h1_dinc,79,random,HaBa,0.4166666666666667,0.08333333333333333,0.2,0.4166666666666667,0.20833333333333334,0.5,0.4166666666666667,0.20833333333333334,0.5
qwen,h1_dinc,79,random,HaCm,0.625,0.2916666666666667,0.4666666666666667,0.625,0.2916666666666667,0.4666666666666667,0.625,0.2916666666666667,0.4666666666666667
qwen,h1_dinc,79,random,HaDl,0.2916666666666667,0.125,0.42857142857142855,0.2916666666666667,0.16666666666666666,0.5714285714285714,0.2916666666666667,0.16666666666666666,0.5714285714285714
qwen,h1_dinc,79,random,HaHa,0.375,0.08333333333333333,0.2222222222222222,0.375,0.16666666666666666,0.4444444444444444,0.375,0.16666666666666666,0.4444444444444444
qwen,h1_dinc,79,random,HaNc,0.3333333333333333,0.125,0.375,0.3333333333333333,0.20833333333333334,0.625,0.3333333333333333,0.20833333333333334,0.625
qwen,h1_dinc,79,random,HaPc,0.4583333333333333,0.125,0.2727272727272727,0.4583333333333333,0.2916666666666667,0.6363636363636364,0.4583333333333333,0.2916666666666667,0.6363636363636364
qwen,h1_dinc,79,random,HrAs,0.4583333333333333,0.125,0.2727272727272727,0.4583333333333333,0.125,0.2727272727272727,0.4583333333333333,0.3333333333333333,0.7272727272727273
qwen,h1_dinc,79,random,HrBa,0.375,0.125,0.3333333333333333,0.375,0.20833333333333334,0.5555555555555556,0.375,0.16666666666666666,0.4444444444444444
qwen,h1_dinc,79,random,HrCh,0.625,0.25,0.4,0.625,0.3333333333333333,0.5333333333333333,0.625,0.2916666666666667,0.4666666666666667
qwen,h1_dinc,79,random,HrHr,0.4166666666666667,0.08333333333333333,0.2,0.4166666666666667,0.16666666666666666,0.4,0.4166666666666667,0.25,0.6
qwen,h1_dinc,79,random,ShAs,0.5,0.2916666666666667,0.5833333333333334,0.5,0.16666666666666666,0.3333333333333333,0.5,0.16666666666666666,0.3333333333333333
qwen,h1_dinc,79,random,ShCo,0.625,0.20833333333333334,0.3333333333333333,0.625,0.2916666666666667,0.4666666666666667,0.625,0.2916666666666667,0.4666666666666667
qwen,h1_dinc,79,random,ShSh,0.4583333333333333,0.16666666666666666,0.36363636363636365,0.4583333333333333,0.16666666666666666,0.36363636363636365,0.4583333333333333,0.16666666666666666,0.36363636363636365
qwen,h2_choice,65,main,AsAs,0.875,0.0,0.0,0.875,0.4166666666666667,0.47619047619047616,0.875,0.4166666666666667,0.47619047619047616
qwen,h2_choice,65,main,AsBa,0.875,0.0,0.0,0.875,0.4583333333333333,0.5238095238095238,0.875,0.4166666666666667,0.47619047619047616
qwen,h2_choice,65,main,AsCh,0.875,0.041666666666666664,0.047619047619047616,0.875,0.5,0.5714285714285714,0.875,0.375,0.42857142857142855
qwen,h2_choice,65,main,AsCm,0.9166666666666666,0.0,0.0,0.9166666666666666,0.4583333333333333,0.5,0.9166666666666666,0.4583333333333333,0.5
qwen,h2_choice,65,main,AsCo,0.8333333333333334,0.125,0.15,0.8333333333333334,0.375,0.45,0.8333333333333334,0.375,0.45
qwen,h2_choice,65,main,AsDl,0.8333333333333334,0.041666666666666664,0.05,0.8333333333333334,0.4166666666666667,0.5,0.8333333333333334,0.4166666666666667,0.5
qwen,h2_choice,65,main,AsHa,0.8333333333333334,0.0,0.0,0.8333333333333334,0.375,0.45,0.8333333333333334,0.375,0.45
qwen,h2_choice,65,main,AsHr,0.875,0.041666666666666664,0.047619047619047616,0.875,0.4583333333333333,0.5238095238095238,0.875,0.4166666666666667,0.47619047619047616
qwen,h2_choice,65,main,AsNc,0.9166666666666666,0.041666666666666664,0.045454545454545456,0.9166666666666666,0.4583333333333333,0.5,0.9166666666666666,0.4583333333333333,0.5
qwen,h2_choice,65,main,AsPc,0.9166666666666666,0.08333333333333333,0.09090909090909091,0.9166666666666666,0.4583333333333333,0.5,0.9166666666666666,0.4583333333333333,0.5
qwen,h2_choice,65,main,AsPd,0.9583333333333334,0.125,0.13043478260869565,0.9583333333333334,0.5833333333333334,0.6086956521739131,0.9583333333333334,0.375,0.391304347826087
qwen,h2_choice,65,main,AsSh,0.875,0.08333333333333333,0.09523809523809523,0.875,0.5,0.5714285714285714,0.875,0.5,0.5714285714285714
qwen,h2_choice,65,main,BaAs,0.9583333333333334,0.041666666666666664,0.043478260869565216,0.9583333333333334,0.5,0.5217391304347826,0.9583333333333334,0.5,0.5217391304347826
qwen,h2_choice,65,main,BaBa,0.9166666666666666,0.041666666666666664,0.045454545454545456,0.9166666666666666,0.4166666666666667,0.45454545454545453,0.9166666666666666,0.4166666666666667,0.45454545454545453
qwen,h2_choice,65,main,BaCh,0.875,0.041666666666666664,0.047619047619047616,0.875,0.4166666666666667,0.47619047619047616,0.875,0.4166666666666667,0.47619047619047616
qwen,h2_choice,65,main,BaCm,0.9166666666666666,0.08333333333333333,0.09090909090909091,0.9166666666666666,0.4166666666666667,0.45454545454545453,0.9166666666666666,0.4166666666666667,0.45454545454545453
qwen,h2_choice,65,main,BaCo,0.7916666666666666,0.16666666666666666,0.21052631578947367,0.7916666666666666,0.2916666666666667,0.3684210526315789,0.7916666666666666,0.2916666666666667,0.3684210526315789
qwen,h2_choice,65,main,BaDl,0.875,0.08333333333333333,0.09523809523809523,0.875,0.4166666666666667,0.47619047619047616,0.875,0.4166666666666667,0.47619047619047616
qwen,h2_choice,65,main,BaHa,1.0,0.041666666666666664,0.041666666666666664,1.0,0.5416666666666666,0.5416666666666666,1.0,0.4583333333333333,0.4583333333333333
qwen,h2_choice,65,main,BaHr,0.7916666666666666,0.041666666666666664,0.05263157894736842,0.7916666666666666,0.4166666666666667,0.5263157894736842,0.7916666666666666,0.4166666666666667,0.5263157894736842
qwen,h2_choice,65,main,BaNc,0.9166666666666666,0.08333333333333333,0.09090909090909091,0.9166666666666666,0.4166666666666667,0.45454545454545453,0.9166666666666666,0.5,0.5454545454545454
qwen,h2_choice,65,main,BaPc,0.75,0.08333333333333333,0.1111111111111111,0.75,0.3333333333333333,0.4444444444444444,0.75,0.4166666666666667,0.5555555555555556
qwen,h2_choice,65,main,BaPd,0.8333333333333334,0.041666666666666664,0.05,0.8333333333333334,0.4166666666666667,0.5,0.8333333333333334,0.4166666666666667,0.5
qwen,h2_choice,65,main,BaSh,0.9583333333333334,0.0,0.0,0.9583333333333334,0.5,0.5217391304347826,0.9583333333333334,0.5,0.5217391304347826
qwen,h2_choice,65,main,ChAs,0.875,0.16666666666666666,0.19047619047619047,0.875,0.4166666666666667,0.47619047619047616,0.875,0.4166666666666667,0.47619047619047616
qwen,h2_choice,65,main,ChBa,0.7916666666666666,0.08333333333333333,0.10526315789473684,0.7916666666666666,0.375,0.47368421052631576,0.7916666666666666,0.375,0.47368421052631576
qwen,h2_choice,65,main,ChCh,0.9166666666666666,0.0,0.0,0.9166666666666666,0.5,0.5454545454545454,0.9166666666666666,0.5,0.5454545454545454
qwen,h2_choice,65,main,ChCm,0.9166666666666666,0.125,0.13636363636363635,0.9166666666666666,0.375,0.4090909090909091,0.9166666666666666,0.375,0.4090909090909091
qwen,h2_choice,65,main,ChCo,0.7916666666666666,0.041666666666666664,0.05263157894736842,0.7916666666666666,0.25,0.3157894736842105,0.7916666666666666,0.25,0.3157894736842105
qwen,h2_choice,65,main,ChDl,0.875,0.041666666666666664,0.047619047619047616,0.875,0.4166666666666667,0.47619047619047616,0.875,0.4166666666666667,0.47619047619047616
qwen,h2_choice,65,main,ChHa,0.875,0.08333333333333333,0.09523809523809523,0.875,0.2916666666666667,0.3333333333333333,0.875,0.5833333333333334,0.6666666666666666
qwen,h2_choice,65,main,ChHr,0.8333333333333334,0.041666666666666664,0.05,0.8333333333333334,0.375,0.45,0.8333333333333334,0.375,0.45
qwen,h2_choice,65,main,CmAs,0.7916666666666666,0.041666666666666664,0.05263157894736842,0.7916666666666666,0.3333333333333333,0.42105263157894735,0.7916666666666666,0.4583333333333333,0.5789473684210527
qwen,h2_choice,65,main,CmCm,0.8333333333333334,0.08333333333333333,0.1,0.8333333333333334,0.2916666666666667,0.35,0.8333333333333334,0.5416666666666666,0.65
qwen,h2_choice,65,main,CmDl,0.875,0.0,0.0,0.875,0.4166666666666667,0.47619047619047616,0.875,0.4583333333333333,0.5238095238095238
qwen,h2_choice,65,main,CmHa,0.7916666666666666,0.08333333333333333,0.10526315789473684,0.7916666666666666,0.3333333333333333,0.42105263157894735,0.7916666666666666,0.4583333333333333,0.5789473684210527
qwen,h2_choice,65,main,CmNc,1.0,0.20833333333333334,0.20833333333333334,1.0,0.2916666666666667,0.2916666666666667,1.0,0.7083333333333334,0.7083333333333334
qwen,h2_choice,65,main,CoAs,0.875,0.041666666666666664,0.047619047619047616,0.875,0.4166666666666667,0.47619047619047616,0.875,0.4166666666666667,0.47619047619047616
qwen,h2_choice,65,main,CoCo,0.9166666666666666,0.08333333333333333,0.09090909090909091,0.9166666666666666,0.5416666666666666,0.5909090909090909,0.9166666666666666,0.5416666666666666,0.5909090909090909
qwen,h2_choice,65,main,CoSh,0.8333333333333334,0.0,0.0,0.8333333333333334,0.5,0.6,0.8333333333333334,0.5,0.6
qwen,h2_choice,65,main,HaAs,0.8333333333333334,0.08333333333333333,0.1,0.8333333333333334,0.5416666666666666,0.65,0.8333333333333334,0.5416666666666666,0.65
qwen,h2_choice,65,main,HaBa,0.7916666666666666,0.08333333333333333,0.10526315789473684,0.7916666666666666,0.5416666666666666,0.6842105263157895,0.7916666666666666,0.5416666666666666,0.6842105263157895
qwen,h2_choice,65,main,HaCm,0.7916666666666666,0.125,0.15789473684210525,0.7916666666666666,0.4583333333333333,0.5789473684210527,0.7916666666666666,0.4583333333333333,0.5789473684210527
qwen,h2_choice,65,main,HaDl,0.8333333333333334,0.041666666666666664,0.05,0.8333333333333334,0.5416666666666666,0.65,0.8333333333333334,0.5416666666666666,0.65
qwen,h2_choice,65,main,HaHa,0.7916666666666666,0.041666666666666664,0.05263157894736842,0.7916666666666666,0.5416666666666666,0.6842105263157895,0.7916666666666666,0.5416666666666666,0.6842105263157895
qwen,h2_choice,65,main,HaNc,1.0,0.16666666666666666,0.16666666666666666,1.0,0.6666666666666666,0.6666666666666666,1.0,0.6666666666666666,0.6666666666666666
qwen,h2_choice,65,main,HaPc,0.9166666666666666,0.125,0.13636363636363635,0.9166666666666666,0.5833333333333334,0.6363636363636364,0.9166666666666666,0.5833333333333334,0.6363636363636364
qwen,h2_choice,65,main,HrAs,0.9166666666666666,0.041666666666666664,0.045454545454545456,0.9166666666666666,0.375,0.4090909090909091,0.9166666666666666,0.5416666666666666,0.5909090909090909
qwen,h2_choice,65,main,HrBa,0.8333333333333334,0.0,0.0,0.8333333333333334,0.3333333333333333,0.4,0.8333333333333334,0.5,0.6
qwen,h2_choice,65,main,HrCh,0.8333333333333334,0.08333333333333333,0.1,0.8333333333333334,0.375,0.45,0.8333333333333334,0.4583333333333333,0.55
qwen,h2_choice,65,main,HrHr,0.8333333333333334,0.041666666666666664,0.05,0.8333333333333334,0.3333333333333333,0.4,0.8333333333333334,0.5,0.6
qwen,h2_choice,65,main,ShAs,1.0,0.0,0.0,1.0,0.5,0.5,1.0,0.5,0.5
qwen,h2_choice,65,main,ShCo,0.875,0.0,0.0,0.875,0.4583333333333333,0.5238095238095238,0.875,0.4583333333333333,0.5238095238095238
qwen,h2_choice,65,main,ShSh,0.9583333333333334,0.041666666666666664,0.043478260869565216,0.9583333333333334,0.5416666666666666,0.5652173913043478,0.9583333333333334,0.5416666666666666,0.5652173913043478
qwen,h2_choice,65,main_perp,AsAs,0.7083333333333334,0.0,0.0,0.7083333333333334,0.2916666666666667,0.4117647058823529,0.7083333333333334,0.2916666666666667,0.4117647058823529
qwen,h2_choice,65,main_perp,AsBa,0.9166666666666666,0.041666666666666664,0.045454545454545456,0.9166666666666666,0.5,0.5454545454545454,0.9166666666666666,0.4166666666666667,0.45454545454545453
qwen,h2_choice,65,main_perp,AsCh,0.8333333333333334,0.041666666666666664,0.05,0.8333333333333334,0.4166666666666667,0.5,0.8333333333333334,0.4166666666666667,0.5
qwen,h2_choice,65,main_perp,AsCm,0.9166666666666666,0.0,0.0,0.9166666666666666,0.4166666666666667,0.45454545454545453,0.9166666666666666,0.5,0.5454545454545454
qwen,h2_choice,65,main_perp,AsCo,0.8333333333333334,0.041666666666666664,0.05,0.8333333333333334,0.4166666666666667,0.5,0.8333333333333334,0.4166666666666667,0.5
qwen,h2_choice,65,main_perp,AsDl,0.9583333333333334,0.08333333333333333,0.08695652173913043,0.9583333333333334,0.4583333333333333,0.4782608695652174,0.9583333333333334,0.5,0.5217391304347826
qwen,h2_choice,65,main_perp,AsHa,0.9166666666666666,0.0,0.0,0.9166666666666666,0.4166666666666667,0.45454545454545453,0.9166666666666666,0.4166666666666667,0.45454545454545453
qwen,h2_choice,65,main_perp,AsHr,0.8333333333333334,0.041666666666666664,0.05,0.8333333333333334,0.4166666666666667,0.5,0.8333333333333334,0.4166666666666667,0.5
qwen,h2_choice,65,main_perp,AsNc,0.9166666666666666,0.08333333333333333,0.09090909090909091,0.9166666666666666,0.4583333333333333,0.5,0.9166666666666666,0.4583333333333333,0.5
qwen,h2_choice,65,main_perp,AsPc,0.875,0.041666666666666664,0.047619047619047616,0.875,0.4583333333333333,0.5238095238095238,0.875,0.4583333333333333,0.5238095238095238
qwen,h2_choice,65,main_perp,AsPd,0.9166666666666666,0.125,0.13636363636363635,0.9166666666666666,0.5416666666666666,0.5909090909090909,0.9166666666666666,0.375,0.4090909090909091
qwen,h2_choice,65,main_perp,AsSh,0.9166666666666666,0.0,0.0,0.9166666666666666,0.5,0.5454545454545454,0.9166666666666666,0.5,0.5454545454545454
qwen,h2_choice,65,main_perp,BaAs,0.875,0.0,0.0,0.875,0.4166666666666667,0.47619047619047616,0.875,0.4166666666666667,0.47619047619047616
qwen,h2_choice,65,main_perp,BaBa,0.8333333333333334,0.08333333333333333,0.1,0.8333333333333334,0.375,0.45,0.8333333333333334,0.375,0.45
qwen,h2_choice,65,main_perp,BaCh,0.9166666666666666,0.041666666666666664,0.045454545454545456,0.9166666666666666,0.4583333333333333,0.5,0.9166666666666666,0.4583333333333333,0.5
qwen,h2_choice,65,main_perp,BaCm,0.7916666666666666,0.16666666666666666,0.21052631578947367,0.7916666666666666,0.25,0.3157894736842105,0.7916666666666666,0.25,0.3157894736842105
qwen,h2_choice,65,main_perp,BaCo,0.875,0.125,0.14285714285714285,0.875,0.4583333333333333,0.5238095238095238,0.875,0.4583333333333333,0.5238095238095238
qwen,h2_choice,65,main_perp,BaDl,0.9166666666666666,0.041666666666666664,0.045454545454545456,0.9166666666666666,0.4583333333333333,0.5,0.9166666666666666,0.4583333333333333,0.5
qwen,h2_choice,65,main_perp,BaHa,0.9166666666666666,0.08333333333333333,0.09090909090909091,0.9166666666666666,0.375,0.4090909090909091,0.9166666666666666,0.5416666666666666,0.5909090909090909
qwen,h2_choice,65,main_perp,BaHr,0.875,0.125,0.14285714285714285,0.875,0.4166666666666667,0.47619047619047616,0.875,0.4166666666666667,0.47619047619047616
qwen,h2_choice,65,main_perp,BaNc,0.875,0.08333333333333333,0.09523809523809523,0.875,0.4583333333333333,0.5238095238095238,0.875,0.4166666666666667,0.47619047619047616
qwen,h2_choice,65,main_perp,BaPc,0.8333333333333334,0.041666666666666664,0.05,0.8333333333333334,0.4166666666666667,0.5,0.8333333333333334,0.4166666666666667,0.5
qwen,h2_choice,65,main_perp,BaPd,0.8333333333333334,0.041666666666666664,0.05,0.8333333333333334,0.375,0.45,0.8333333333333334,0.375,0.45
qwen,h2_choice,65,main_perp,BaSh,0.9583333333333334,0.125,0.13043478260869565,0.9583333333333334,0.5416666666666666,0.5652173913043478,0.9583333333333334,0.5416666666666666,0.5652173913043478
qwen,h2_choice,65,main_perp,ChAs,0.9583333333333334,0.08333333333333333,0.08695652173913043,0.9583333333333334,0.4583333333333333,0.4782608695652174,0.9583333333333334,0.4583333333333333,0.4782608695652174
qwen,h2_choice,65,main_perp,ChBa,0.8333333333333334,0.125,0.15,0.8333333333333334,0.3333333333333333,0.4,0.8333333333333334,0.3333333333333333,0.4
qwen,h2_choice,65,main_perp,ChCh,0.9166666666666666,0.0,0.0,0.9166666666666666,0.4583333333333333,0.5,0.9166666666666666,0.4583333333333333,0.5
qwen,h2_choice,65,main_perp,ChCm,0.875,0.125,0.14285714285714285,0.875,0.25,0.2857142857142857,0.875,0.25,0.2857142857142857
qwen,h2_choice,65,main_perp,ChCo,0.9583333333333334,0.16666666666666666,0.17391304347826086,0.9583333333333334,0.375,0.391304347826087,0.9583333333333334,0.375,0.391304347826087
qwen,h2_choice,65,main_perp,ChDl,0.8333333333333334,0.08333333333333333,0.1,0.8333333333333334,0.375,0.45,0.8333333333333334,0.375,0.45
qwen,h2_choice,65,main_perp,ChHa,0.7083333333333334,0.041666666666666664,0.058823529411764705,0.7083333333333334,0.25,0.35294117647058826,0.7083333333333334,0.4583333333333333,0.6470588235294118
qwen,h2_choice,65,main_perp,ChHr,0.7916666666666666,0.08333333333333333,0.10526315789473684,0.7916666666666666,0.375,0.47368421052631576,0.7916666666666666,0.375,0.47368421052631576
qwen,h2_choice,65,main_perp,CmAs,0.8333333333333334,0.08333333333333333,0.1,0.8333333333333334,0.3333333333333333,0.4,0.8333333333333334,0.5,0.6
qwen,h2_choice,65,main_perp,CmCm,0.7083333333333334,0.08333333333333333,0.11764705882352941,0.7083333333333334,0.16666666666666666,0.23529411764705882,0.7083333333333334,0.5416666666666666,0.7647058823529411
qwen,h2_choice,65,main_perp,CmDl,0.9166666666666666,0.08333333333333333,0.09090909090909091,0.9166666666666666,0.3333333333333333,0.36363636363636365,0.9166666666666666,0.5833333333333334,0.6363636363636364
qwen,h2_choice,65,main_perp,CmHa,0.6666666666666666,0.08333333333333333,0.125,0.6666666666666666,0.20833333333333334,0.3125,0.6666666666666666,0.4583333333333333,0.6875
qwen,h2_choice,65,main_perp,CmNc,0.9583333333333334,0.25,0.2608695652173913,0.9583333333333334,0.3333333333333333,0.34782608695652173,0.9583333333333334,0.625,0.6521739130434783
qwen,h2_choice,65,main_perp,CoAs,0.9166666666666666,0.041666666666666664,0.045454545454545456,0.9166666666666666,0.5416666666666666,0.5909090909090909,0.9166666666666666,0.5416666666666666,0.5909090909090909
qwen,h2_choice,65,main_perp,CoCo,0.875,0.08333333333333333,0.09523809523809523,0.875,0.5,0.5714285714285714,0.875,0.5,0.5714285714285714
qwen,h2_choice,65,main_perp,CoSh,0.875,0.08333333333333333,0.09523809523809523,0.875,0.4583333333333333,0.5238095238095238,0.875,0.4583333333333333,0.5238095238095238
qwen,h2_choice,65,main_perp,HaAs,0.875,0.125,0.14285714285714285,0.875,0.625,0.7142857142857143,0.875,0.625,0.7142857142857143
qwen,h2_choice,65,main_perp,HaBa,0.8333333333333334,0.16666666666666666,0.2,0.8333333333333334,0.5833333333333334,0.7,0.8333333333333334,0.5833333333333334,0.7
qwen,h2_choice,65,main_perp,HaCm,0.875,0.08333333333333333,0.09523809523809523,0.875,0.5416666666666666,0.6190476190476191,0.875,0.5416666666666666,0.6190476190476191
qwen,h2_choice,65,main_perp,HaDl,0.875,0.08333333333333333,0.09523809523809523,0.875,0.5416666666666666,0.6190476190476191,0.875,0.5416666666666666,0.6190476190476191
qwen,h2_choice,65,main_perp,HaHa,0.875,0.041666666666666664,0.047619047619047616,0.875,0.5416666666666666,0.6190476190476191,0.875,0.5416666666666666,0.6190476190476191
qwen,h2_choice,65,main_perp,HaNc,0.875,0.041666666666666664,0.047619047619047616,0.875,0.5,0.5714285714285714,0.875,0.5,0.5714285714285714
qwen,h2_choice,65,main_perp,HaPc,0.9583333333333334,0.08333333333333333,0.08695652173913043,0.9583333333333334,0.5833333333333334,0.6086956521739131,0.9583333333333334,0.5833333333333334,0.6086956521739131
qwen,h2_choice,65,main_perp,HrAs,0.75,0.041666666666666664,0.05555555555555555,0.75,0.2916666666666667,0.3888888888888889,0.75,0.4583333333333333,0.6111111111111112
qwen,h2_choice,65,main_perp,HrBa,0.8333333333333334,0.041666666666666664,0.05,0.8333333333333334,0.4166666666666667,0.5,0.8333333333333334,0.4166666666666667,0.5
qwen,h2_choice,65,main_perp,HrCh,0.7916666666666666,0.041666666666666664,0.05263157894736842,0.7916666666666666,0.375,0.47368421052631576,0.7916666666666666,0.4166666666666667,0.5263157894736842
qwen,h2_choice,65,main_perp,HrHr,0.75,0.041666666666666664,0.05555555555555555,0.75,0.2916666666666667,0.3888888888888889,0.75,0.4583333333333333,0.6111111111111112
qwen,h2_choice,65,main_perp,ShAs,1.0,0.041666666666666664,0.041666666666666664,1.0,0.5416666666666666,0.5416666666666666,1.0,0.5416666666666666,0.5416666666666666
qwen,h2_choice,65,main_perp,ShCo,0.9166666666666666,0.08333333333333333,0.09090909090909091,0.9166666666666666,0.5,0.5454545454545454,0.9166666666666666,0.5,0.5454545454545454
qwen,h2_choice,65,main_perp,ShSh,1.0,0.08333333333333333,0.08333333333333333,1.0,0.5833333333333334,0.5833333333333334,1.0,0.5833333333333334,0.5833333333333334
qwen,h2_choice,65,random,AsAs,0.7083333333333334,0.3333333333333333,0.47058823529411764,0.7083333333333334,0.16666666666666666,0.23529411764705882,0.7083333333333334,0.16666666666666666,0.23529411764705882
qwen,h2_choice,65,random,AsBa,0.6666666666666666,0.25,0.375,0.6666666666666666,0.25,0.375,0.6666666666666666,0.4166666666666667,0.625
qwen,h2_choice,65,random,AsCh,0.75,0.4166666666666667,0.5555555555555556,0.75,0.20833333333333334,0.2777777777777778,0.75,0.5416666666666666,0.7222222222222222
qwen,h2_choice,65,random,AsCm,0.5,0.20833333333333334,0.4166666666666667,0.5,0.20833333333333334,0.4166666666666667,0.5,0.2916666666666667,0.5833333333333334
qwen,h2_choice,65,random,AsCo,0.7083333333333334,0.2916666666666667,0.4117647058823529,0.7083333333333334,0.3333333333333333,0.47058823529411764,0.7083333333333334,0.3333333333333333,0.47058823529411764
qwen,h2_choice,65,random,AsDl,0.7083333333333334,0.3333333333333333,0.47058823529411764,0.7083333333333334,0.2916666666666667,0.4117647058823529,0.7083333333333334,0.4166666666666667,0.5882352941176471
qwen,h2_choice,65,random,AsHa,0.7083333333333334,0.25,0.35294117647058826,0.7083333333333334,0.375,0.5294117647058824,0.7083333333333334,0.375,0.5294117647058824
qwen,h2_choice,65,random,AsHr,0.6666666666666666,0.3333333333333333,0.5,0.6666666666666666,0.375,0.5625,0.6666666666666666,0.2916666666666667,0.4375
qwen,h2_choice,65,random,AsNc,0.75,0.5,0.6666666666666666,0.75,0.3333333333333333,0.4444444444444444,0.75,0.3333333333333333,0.4444444444444444
qwen,h2_choice,65,random,AsPc,0.7916666666666666,0.4166666666666667,0.5263157894736842,0.7916666666666666,0.4166666666666667,0.5263157894736842,0.7916666666666666,0.4166666666666667,0.5263157894736842
qwen,h2_choice,65,random,AsPd,0.7916666666666666,0.4166666666666667,0.5263157894736842,0.7916666666666666,0.3333333333333333,0.42105263157894735,0.7916666666666666,0.4583333333333333,0.5789473684210527
qwen,h2_choice,65,random,AsSh,0.625,0.3333333333333333,0.5333333333333333,0.625,0.2916666666666667,0.4666666666666667,0.625,0.2916666666666667,0.4666666666666667
qwen,h2_choice,65,random,BaAs,0.375,0.125,0.3333333333333333,0.375,0.125,0.3333333333333333,0.375,0.125,0.3333333333333333
qwen,h2_choice,65,random,BaBa,0.625,0.5,0.8,0.625,0.375,0.6,0.625,0.375,0.6
qwen,h2_choice,65,random,BaCh,0.9166666666666666,0.5416666666666666,0.5909090909090909,0.9166666666666666,0.625,0.6818181818181818,0.9166666666666666,0.625,0.6818181818181818
qwen,h2_choice,65,random,BaCm,0.875,0.4583333333333333,0.5238095238095238,0.875,0.5,0.5714285714285714,0.875,0.5,0.5714285714285714
qwen,h2_choice,65,random,BaCo,0.75,0.375,0.5,0.75,0.4166666666666667,0.5555555555555556,0.75,0.4166666666666667,0.5555555555555556
qwen,h2_choice,65,random,BaDl,0.625,0.20833333333333334,0.3333333333333333,0.625,0.125,0.2,0.625,0.125,0.2
qwen,h2_choice,65,random,BaHa,0.7083333333333334,0.375,0.5294117647058824,0.7083333333333334,0.375,0.5294117647058824,0.7083333333333334,0.3333333333333333,0.47058823529411764
qwen,h2_choice,65,random,BaHr,0.9166666666666666,0.375,0.4090909090909091,0.9166666666666666,0.4583333333333333,0.5,0.9166666666666666,0.4583333333333333,0.5
qwen,h2_choice,65,random,BaNc,0.8333333333333334,0.5416666666666666,0.65,0.8333333333333334,0.4583333333333333,0.55,0.8333333333333334,0.375,0.45
qwen,h2_choice,65,random,BaPc,0.625,0.25,0.4,0.625,0.3333333333333333,0.5333333333333333,0.625,0.2916666666666667,0.4666666666666667
qwen,h2_choice,65,random,BaPd,0.75,0.375,0.5,0.75,0.5833333333333334,0.7777777777777778,0.75,0.5833333333333334,0.7777777777777778
qwen,h2_choice,65,random,BaSh,0.7916666666666666,0.4583333333333333,0.5789473684210527,0.7916666666666666,0.375,0.47368421052631576,0.7916666666666666,0.375,0.47368421052631576
qwen,h2_choice,65,random,ChAs,0.7916666666666666,0.3333333333333333,0.42105263157894735,0.7916666666666666,0.3333333333333333,0.42105263157894735,0.7916666666666666,0.3333333333333333,0.42105263157894735
qwen,h2_choice,65,random,ChBa,0.5416666666666666,0.375,0.6923076923076923,0.5416666666666666,0.3333333333333333,0.6153846153846154,0.5416666666666666,0.3333333333333333,0.6153846153846154
qwen,h2_choice,65,random,ChCh,0.75,0.375,0.5,0.75,0.2916666666666667,0.3888888888888889,0.75,0.2916666666666667,0.3888888888888889
qwen,h2_choice,65,random,ChCm,0.5833333333333334,0.2916666666666667,0.5,0.5833333333333334,0.3333333333333333,0.5714285714285714,0.5833333333333334,0.3333333333333333,0.5714285714285714
qwen,h2_choice,65,random,ChCo,0.6666666666666666,0.4166666666666667,0.625,0.6666666666666666,0.25,0.375,0.6666666666666666,0.25,0.375
qwen,h2_choice,65,random,ChDl,0.6666666666666666,0.3333333333333333,0.5,0.6666666666666666,0.3333333333333333,0.5,0.6666666666666666,0.3333333333333333,0.5
qwen,h2_choice,65,random,ChHa,0.7083333333333334,0.4166666666666667,0.5882352941176471,0.7083333333333334,0.3333333333333333,0.47058823529411764,0.7083333333333334,0.375,0.5294117647058824
qwen,h2_choice,65,random,ChHr,0.75,0.4583333333333333,0.6111111111111112,0.75,0.3333333333333333,0.4444444444444444,0.75,0.3333333333333333,0.4444444444444444
qwen,h2_choice,65,random,CmAs,0.7083333333333334,0.4583333333333333,0.6470588235294118,0.7083333333333334,0.3333333333333333,0.47058823529411764,0.7083333333333334,0.375,0.5294117647058824
qwen,h2_choice,65,random,CmCm,0.8333333333333334,0.5,0.6,0.8333333333333334,0.375,0.45,0.8333333333333334,0.4583333333333333,0.55
qwen,h2_choice,65,random,CmDl,0.7916666666666666,0.5,0.631578947368421,0.7916666666666666,0.25,0.3157894736842105,0.7916666666666666,0.5416666666666666,0.6842105263157895
qwen,h2_choice,65,random,CmHa,0.8333333333333334,0.4583333333333333,0.55,0.8333333333333334,0.4166666666666667,0.5,0.8333333333333334,0.4166666666666667,0.5
qwen,h2_choice,65,random,CmNc,0.875,0.4583333333333333,0.5238095238095238,0.875,0.5,0.5714285714285714,0.875,0.375,0.42857142857142855
qwen,h2_choice,65,random,CoAs,0.625,0.2916666666666667,0.4666666666666667,0.625,0.3333333333333333,0.5333333333333333,0.625,0.3333333333333333,0.5333333333333333
qwen,h2_choice,65,random,CoCo,0.7916666666666666,0.3333333333333333,0.42105263157894735,0.7916666666666666,0.4583333333333333,0.5789473684210527,0.7916666666666666,0.4583333333333333,0.5789473684210527
qwen,h2_choice,65,random,CoSh,0.5833333333333334,0.3333333333333333,0.5714285714285714,0.5833333333333334,0.3333333333333333,0.5714285714285714,0.5833333333333334,0.3333333333333333,0.5714285714285714
qwen,h2_choice,65,random,HaAs,0.5416666666666666,0.2916666666666667,0.5384615384615384,0.5416666666666666,0.25,0.46153846153846156,0.5416666666666666,0.25,0.46153846153846156
qwen,h2_choice,65,random,HaBa,0.8333333333333334,0.375,0.45,0.8333333333333334,0.5,0.6,0.8333333333333334,0.5,0.6
qwen,h2_choice,65,random,HaCm,0.75,0.3333333333333333,0.4444444444444444,0.75,0.2916666666666667,0.3888888888888889,0.75,0.2916666666666667,0.3888888888888889
qwen,h2_choice,65,random,HaDl,0.7916666666666666,0.4166666666666667,0.5263157894736842,0.7916666666666666,0.5,0.631578947368421,0.7916666666666666,0.5,0.631578947368421
qwen,h2_choice,65,random,HaHa,0.7083333333333334,0.4166666666666667,0.5882352941176471,0.7083333333333334,0.4166666666666667,0.5882352941176471,0.7083333333333334,0.4166666666666667,0.5882352941176471
qwen,h2_choice,65,random,HaNc,0.5,0.08333333333333333,0.16666666666666666,0.5,0.2916666666666667,0.5833333333333334,0.5,0.2916666666666667,0.5833333333333334
qwen,h2_choice,65,random,HaPc,0.7916666666666666,0.375,0.47368421052631576,0.7916666666666666,0.5,0.631578947368421,0.7916666666666666,0.5,0.631578947368421
qwen,h2_choice,65,random,HrAs,0.8333333333333334,0.5416666666666666,0.65,0.8333333333333334,0.375,0.45,0.8333333333333334,0.4583333333333333,0.55
qwen,h2_choice,65,random,HrBa,0.7083333333333334,0.3333333333333333,0.47058823529411764,0.7083333333333334,0.3333333333333333,0.47058823529411764,0.7083333333333334,0.375,0.5294117647058824
qwen,h2_choice,65,random,HrCh,0.7083333333333334,0.4166666666666667,0.5882352941176471,0.7083333333333334,0.4583333333333333,0.6470588235294118,0.7083333333333334,0.25,0.35294117647058826
qwen,h2_choice,65,random,HrHr,0.625,0.3333333333333333,0.5333333333333333,0.625,0.375,0.6,0.625,0.25,0.4
qwen,h2_choice,65,random,ShAs,0.8333333333333334,0.4166666666666667,0.5,0.8333333333333334,0.375,0.45,0.8333333333333334,0.375,0.45
qwen,h2_choice,65,random,ShCo,0.875,0.5,0.5714285714285714,0.875,0.3333333333333333,0.38095238095238093,0.875,0.3333333333333333,0.38095238095238093
qwen,h2_choice,65,random,ShSh,0.75,0.4166666666666667,0.5555555555555556,0.75,0.4166666666666667,0.5555555555555556,0.75,0.4166666666666667,0.5555555555555556
qwen,h2_choice,79,main,AsAs,0.75,0.041666666666666664,0.05555555555555555,0.75,0.4583333333333333,0.6111111111111112,0.75,0.4583333333333333,0.6111111111111112
qwen,h2_choice,79,main,AsBa,0.75,0.25,0.3333333333333333,0.75,0.5,0.6666666666666666,0.75,0.25,0.3333333333333333
qwen,h2_choice,79,main,AsCh,0.7083333333333334,0.0,0.0,0.7083333333333334,0.375,0.5294117647058824,0.7083333333333334,0.3333333333333333,0.47058823529411764
qwen,h2_choice,79,main,AsCm,0.7083333333333334,0.041666666666666664,0.058823529411764705,0.7083333333333334,0.2916666666666667,0.4117647058823529,0.7083333333333334,0.4166666666666667,0.5882352941176471
qwen,h2_choice,79,main,AsCo,0.8333333333333334,0.16666666666666666,0.2,0.8333333333333334,0.375,0.45,0.8333333333333334,0.375,0.45
qwen,h2_choice,79,main,AsDl,0.8333333333333334,0.08333333333333333,0.1,0.8333333333333334,0.4583333333333333,0.55,0.8333333333333334,0.375,0.45
qwen,h2_choice,79,main,AsHa,0.75,0.0,0.0,0.75,0.375,0.5,0.75,0.375,0.5
qwen,h2_choice,79,main,AsHr,0.7916666666666666,0.16666666666666666,0.21052631578947367,0.7916666666666666,0.375,0.47368421052631576,0.7916666666666666,0.4166666666666667,0.5263157894736842
qwen,h2_choice,79,main,AsNc,0.7916666666666666,0.0,0.0,0.7916666666666666,0.4166666666666667,0.5263157894736842,0.7916666666666666,0.4166666666666667,0.5263157894736842
qwen,h2_choice,79,main,AsPc,0.8333333333333334,0.041666666666666664,0.05,0.8333333333333334,0.4166666666666667,0.5,0.8333333333333334,0.4166666666666667,0.5
qwen,h2_choice,79,main,AsPd,0.875,0.20833333333333334,0.23809523809523808,0.875,0.4583333333333333,0.5238095238095238,0.875,0.4166666666666667,0.47619047619047616
qwen,h2_choice,79,main,AsSh,0.875,0.125,0.14285714285714285,0.875,0.5416666666666666,0.6190476190476191,0.875,0.5416666666666666,0.6190476190476191
qwen,h2_choice,79,main,BaAs,0.75,0.08333333333333333,0.1111111111111111,0.75,0.375,0.5,0.75,0.375,0.5
qwen,h2_choice,79,main,BaBa,0.7916666666666666,0.0,0.0,0.7916666666666666,0.3333333333333333,0.42105263157894735,0.7916666666666666,0.3333333333333333,0.42105263157894735
qwen,h2_choice,79,main,BaCh,0.8333333333333334,0.16666666666666666,0.2,0.8333333333333334,0.4166666666666667,0.5,0.8333333333333334,0.4166666666666667,0.5
qwen,h2_choice,79,main,BaCm,0.9166666666666666,0.125,0.13636363636363635,0.9166666666666666,0.5,0.5454545454545454,0.9166666666666666,0.5,0.5454545454545454
qwen,h2_choice,79,main,BaCo,0.875,0.16666666666666666,0.19047619047619047,0.875,0.5,0.5714285714285714,0.875,0.5,0.5714285714285714
qwen,h2_choice,79,main,BaDl,0.8333333333333334,0.16666666666666666,0.2,0.8333333333333334,0.375,0.45,0.8333333333333334,0.375,0.45
qwen,h2_choice,79,main,BaHa,0.8333333333333334,0.08333333333333333,0.1,0.8333333333333334,0.3333333333333333,0.4,0.8333333333333334,0.5,0.6
qwen,h2_choice,79,main,BaHr,0.7083333333333334,0.041666666666666664,0.058823529411764705,0.7083333333333334,0.375,0.5294117647058824,0.7083333333333334,0.375,0.5294117647058824
qwen,h2_choice,79,main,BaNc,0.875,0.16666666666666666,0.19047619047619047,0.875,0.5,0.5714285714285714,0.875,0.375,0.42857142857142855
qwen,h2_choice,79,main,BaPc,0.75,0.041666666666666664,0.05555555555555555,0.75,0.4166666666666667,0.5555555555555556,0.75,0.3333333333333333,0.4444444444444444
qwen,h2_choice,79,main,BaPd,0.8333333333333334,0.08333333333333333,0.1,0.8333333333333334,0.4166666666666667,0.5,0.8333333333333334,0.4166666666666667,0.5
qwen,h2_choice,79,main,BaSh,0.8333333333333334,0.16666666666666666,0.2,0.8333333333333334,0.3333333333333333,0.4,0.8333333333333334,0.3333333333333333,0.4
qwen,h2_choice,79,main,ChAs,0.8333333333333334,0.25,0.3,0.8333333333333334,0.5,0.6,0.8333333333333334,0.5,0.6
qwen,h2_choice,79,main,ChBa,0.75,0.0,0.0,0.75,0.375,0.5,0.75,0.375,0.5
qwen,h2_choice,79,main,ChCh,0.7916666666666666,0.041666666666666664,0.05263157894736842,0.7916666666666666,0.375,0.47368421052631576,0.7916666666666666,0.375,0.47368421052631576
qwen,h2_choice,79,main,ChCm,0.8333333333333334,0.125,0.15,0.8333333333333334,0.4583333333333333,0.55,0.8333333333333334,0.4583333333333333,0.55
qwen,h2_choice,79,main,ChCo,0.875,0.125,0.14285714285714285,0.875,0.4583333333333333,0.5238095238095238,0.875,0.4583333333333333,0.5238095238095238
qwen,h2_choice,79,main,ChDl,0.875,0.25,0.2857142857142857,0.875,0.4583333333333333,0.5238095238095238,0.875,0.4583333333333333,0.5238095238095238
qwen,h2_choice,79,main,ChHa,0.7916666666666666,0.041666666666666664,0.05263157894736842,0.7916666666666666,0.375,0.47368421052631576,0.7916666666666666,0.4166666666666667,0.5263157894736842
qwen,h2_choice,79,main,ChHr,0.875,0.08333333333333333,0.09523809523809523,0.875,0.4583333333333333,0.5238095238095238,0.875,0.4583333333333333,0.5238095238095238
qwen,h2_choice,79,main,CmAs,0.8333333333333334,0.16666666666666666,0.2,0.8333333333333334,0.375,0.45,0.8333333333333334,0.4583333333333333,0.55
qwen,h2_choice,79,main,CmCm,0.7916666666666666,0.041666666666666664,0.05263157894736842,0.7916666666666666,0.4166666666666667,0.5263157894736842,0.7916666666666666,0.375,0.47368421052631576
qwen,h2_choice,79,main,CmDl,0.75,0.041666666666666664,0.05555555555555555,0.75,0.3333333333333333,0.4444444444444444,0.75,0.4166666666666667,0.5555555555555556
qwen,h2_choice,79,main,CmHa,0.875,0.16666666666666666,0.19047619047619047,0.875,0.4166666666666667,0.47619047619047616,0.875,0.4583333333333333,0.5238095238095238
qwen,h2_choice,79,main,CmNc,0.7916666666666666,0.08333333333333333,0.10526315789473684,0.7916666666666666,0.375,0.47368421052631576,0.7916666666666666,0.4166666666666667,0.5263157894736842
qwen,h2_choice,79,main,CoAs,0.7916666666666666,0.125,0.15789473684210525,0.7916666666666666,0.2916666666666667,0.3684210526315789,0.7916666666666666,0.2916666666666667,0.3684210526315789
qwen,h2_choice,79,main,CoCo,0.8333333333333334,0.16666666666666666,0.2,0.8333333333333334,0.4583333333333333,0.55,0.8333333333333334,0.4583333333333333,0.55
qwen,h2_choice,79,main,CoSh,0.75,0.041666666666666664,0.05555555555555555,0.75,0.3333333333333333,0.4444444444444444,0.75,0.3333333333333333,0.4444444444444444
qwen,h2_choice,79,main,HaAs,0.75,0.125,0.16666666666666666,0.75,0.3333333333333333,0.4444444444444444,0.75,0.3333333333333333,0.4444444444444444
qwen,h2_choice,79,main,HaBa,0.7916666666666666,0.08333333333333333,0.10526315789473684,0.7916666666666666,0.375,0.47368421052631576,0.7916666666666666,0.375,0.47368421052631576
qwen,h2_choice,79,main,HaCm,0.8333333333333334,0.08333333333333333,0.1,0.8333333333333334,0.4166666666666667,0.5,0.8333333333333334,0.4166666666666667,0.5
qwen,h2_choice,79,main,HaDl,0.75,0.041666666666666664,0.05555555555555555,0.75,0.375,0.5,0.75,0.375,0.5
qwen,h2_choice,79,main,HaHa,0.7916666666666666,0.0,0.0,0.7916666666666666,0.375,0.47368421052631576,0.7916666666666666,0.375,0.47368421052631576
qwen,h2_choice,79,main,HaNc,0.7083333333333334,0.041666666666666664,0.058823529411764705,0.7083333333333334,0.2916666666666667,0.4117647058823529,0.7083333333333334,0.2916666666666667,0.4117647058823529
qwen,h2_choice,79,main,HaPc,0.875,0.16666666666666666,0.19047619047619047,0.875,0.2916666666666667,0.3333333333333333,0.875,0.2916666666666667,0.3333333333333333
qwen,h2_choice,79,main,HrAs,0.7916666666666666,0.16666666666666666,0.21052631578947367,0.7916666666666666,0.4166666666666667,0.5263157894736842,0.7916666666666666,0.375,0.47368421052631576
qwen,h2_choice,79,main,HrBa,0.8333333333333334,0.041666666666666664,0.05,0.8333333333333334,0.375,0.45,0.8333333333333334,0.4583333333333333,0.55
qwen,h2_choice,79,main,HrCh,0.875,0.125,0.14285714285714285,0.875,0.5,0.5714285714285714,0.875,0.375,0.42857142857142855
qwen,h2_choice,79,main,HrHr,0.8333333333333334,0.08333333333333333,0.1,0.8333333333333334,0.4583333333333333,0.55,0.8333333333333334,0.375,0.45
qwen,h2_choice,79,main,ShAs,0.7916666666666666,0.08333333333333333,0.10526315789473684,0.7916666666666666,0.3333333333333333,0.42105263157894735,0.7916666666666666,0.3333333333333333,0.42105263157894735
qwen,h2_choice,79,main,ShCo,0.875,0.25,0.2857142857142857,0.875,0.375,0.42857142857142855,0.875,0.375,0.42857142857142855
qwen,h2_choice,79,main,ShSh,0.875,0.08333333333333333,0.09523809523809523,0.875,0.5,0.5714285714285714,0.875,0.5,0.5714285714285714
qwen,h2_choice,79,main_perp,AsAs,0.75,0.4166666666666667,0.5555555555555556,0.75,0.2916666666666667,0.3888888888888889,0.75,0.2916666666666667,0.3888888888888889
qwen,h2_choice,79,main_perp,AsBa,0.5833333333333334,0.4166666666666667,0.7142857142857143,0.5833333333333334,0.3333333333333333,0.5714285714285714,0.5833333333333334,0.25,0.42857142857142855
qwen,h2_choice,79,main_perp,AsCh,0.7083333333333334,0.2916666666666667,0.4117647058823529,0.7083333333333334,0.4583333333333333,0.6470588235294118,0.7083333333333334,0.25,0.35294117647058826
qwen,h2_choice,79,main_perp,AsCm,0.7916666666666666,0.4583333333333333,0.5789473684210527,0.7916666666666666,0.375,0.47368421052631576,0.7916666666666666,0.4166666666666667,0.5263157894736842
qwen,h2_choice,79,main_perp,AsCo,0.7083333333333334,0.25,0.35294117647058826,0.7083333333333334,0.2916666666666667,0.4117647058823529,0.7083333333333334,0.2916666666666667,0.4117647058823529
qwen,h2_choice,79,main_perp,AsDl,0.7083333333333334,0.4166666666666667,0.5882352941176471,0.7083333333333334,0.375,0.5294117647058824,0.7083333333333334,0.3333333333333333,0.47058823529411764
qwen,h2_choice,79,main_perp,AsHa,0.7083333333333334,0.2916666666666667,0.4117647058823529,0.7083333333333334,0.3333333333333333,0.47058823529411764,0.7083333333333334,0.3333333333333333,0.47058823529411764
qwen,h2_choice,79,main_perp,AsHr,0.8333333333333334,0.5,0.6,0.8333333333333334,0.375,0.45,0.8333333333333334,0.4583333333333333,0.55
qwen,h2_choice,79,main_perp,AsNc,0.7083333333333334,0.375,0.5294117647058824,0.7083333333333334,0.2916666666666667,0.4117647058823529,0.7083333333333334,0.2916666666666667,0.4117647058823529
qwen,h2_choice,79,main_perp,AsPc,0.8333333333333334,0.2916666666666667,0.35,0.8333333333333334,0.20833333333333334,0.25,0.8333333333333334,0.20833333333333334,0.25
qwen,h2_choice,79,main_perp,AsPd,0.8333333333333334,0.4583333333333333,0.55,0.8333333333333334,0.5,0.6,0.8333333333333334,0.3333333333333333,0.4
qwen,h2_choice,79,main_perp,AsSh,0.7916666666666666,0.4166666666666667,0.5263157894736842,0.7916666666666666,0.4166666666666667,0.5263157894736842,0.7916666666666666,0.4166666666666667,0.5263157894736842
qwen,h2_choice,79,main_perp,BaAs,0.6666666666666666,0.3333333333333333,0.5,0.6666666666666666,0.375,0.5625,0.6666666666666666,0.375,0.5625
qwen,h2_choice,79,main_perp,BaBa,0.6666666666666666,0.25,0.375,0.6666666666666666,0.2916666666666667,0.4375,0.6666666666666666,0.2916666666666667,0.4375
qwen,h2_choice,79,main_perp,BaCh,0.7916666666666666,0.4166666666666667,0.5263157894736842,0.7916666666666666,0.4166666666666667,0.5263157894736842,0.7916666666666666,0.4166666666666667,0.5263157894736842
qwen,h2_choice,79,main_perp,BaCm,0.8333333333333334,0.375,0.45,0.8333333333333334,0.5833333333333334,0.7,0.8333333333333334,0.5833333333333334,0.7
qwen,h2_choice,79,main_perp,BaCo,0.9166666666666666,0.4583333333333333,0.5,0.9166666666666666,0.5,0.5454545454545454,0.9166666666666666,0.5,0.5454545454545454
qwen,h2_choice,79,main_perp,BaDl,0.7916666666666666,0.5416666666666666,0.6842105263157895,0.7916666666666666,0.4166666666666667,0.5263157894736842,0.7916666666666666,0.4166666666666667,0.5263157894736842
qwen,h2_choice,79,main_perp,BaHa,0.7916666666666666,0.4583333333333333,0.5789473684210527,0.7916666666666666,0.4166666666666667,0.5263157894736842,0.7916666666666666,0.375,0.47368421052631576
qwen,h2_choice,79,main_perp,BaHr,0.8333333333333334,0.2916666666666667,0.35,0.8333333333333334,0.5416666666666666,0.65,0.8333333333333334,0.5416666666666666,0.65
qwen,h2_choice,79,main_perp,BaNc,0.875,0.375,0.42857142857142855,0.875,0.4583333333333333,0.5238095238095238,0.875,0.4166666666666667,0.47619047619047616
qwen,h2_choice,79,main_perp,BaPc,0.625,0.25,0.4,0.625,0.2916666666666667,0.4666666666666667,0.625,0.3333333333333333,0.5333333333333333
qwen,h2_choice,79,main_perp,BaPd,0.875,0.25,0.2857142857142857,0.875,0.4583333333333333,0.5238095238095238,0.875,0.4583333333333333,0.5238095238095238
qwen,h2_choice,79,main_perp,BaSh,0.875,0.4166666666666667,0.47619047619047616,0.875,0.4166666666666667,0.47619047619047616,0.875,0.4166666666666667,0.47619047619047616
qwen,h2_choice,79,main_perp,ChAs,0.75,0.5,0.6666666666666666,0.75,0.4583333333333333,0.6111111111111112,0.75,0.4583333333333333,0.6111111111111112
qwen,h2_choice,79,main_perp,ChBa,0.7916666666666666,0.4166666666666667,0.5263157894736842,0.7916666666666666,0.4166666666666667,0.5263157894736842,0.7916666666666666,0.4166666666666667,0.5263157894736842
qwen,h2_choice,79,main_perp,ChCh,0.75,0.4166666666666667,0.5555555555555556,0.75,0.3333333333333333,0.4444444444444444,0.75,0.3333333333333333,0.4444444444444444
qwen,h2_choice,79,main_perp,ChCm,0.6666666666666666,0.375,0.5625,0.6666666666666666,0.4166666666666667,0.625,0.6666666666666666,0.4166666666666667,0.625
qwen,h2_choice,79,main_perp,ChCo,0.7916666666666666,0.3333333333333333,0.42105263157894735,0.7916666666666666,0.375,0.47368421052631576,0.7916666666666666,0.375,0.47368421052631576
qwen,h2_choice,79,main_perp,ChDl,0.7916666666666666,0.4583333333333333,0.5789473684210527,0.7916666666666666,0.5416666666666666,0.6842105263157895,0.7916666666666666,0.5416666666666666,0.6842105263157895
qwen,h2_choice,79,main_perp,ChHa,0.7083333333333334,0.2916666666666667,0.4117647058823529,0.7083333333333334,0.25,0.35294117647058826,0.7083333333333334,0.4583333333333333,0.6470588235294118
qwen,h2_choice,79,main_perp,ChHr,0.8333333333333334,0.5,0.6,0.8333333333333334,0.5416666666666666,0.65,0.8333333333333334,0.5416666666666666,0.65
qwen,h2_choice,79,main_perp,CmAs,0.875,0.2916666666666667,0.3333333333333333,0.875,0.375,0.42857142857142855,0.875,0.5,0.5714285714285714
qwen,h2_choice,79,main_perp,CmCm,0.75,0.2916666666666667,0.3888888888888889,0.75,0.5416666666666666,0.7222222222222222,0.75,0.20833333333333334,0.2777777777777778
qwen,h2_choice,79,main_perp,CmDl,0.625,0.3333333333333333,0.5333333333333333,0.625,0.2916666666666667,0.4666666666666667,0.625,0.3333333333333333,0.5333333333333333
qwen,h2_choice,79,main_perp,CmHa,0.9166666666666666,0.4166666666666667,0.45454545454545453,0.9166666666666666,0.375,0.4090909090909091,0.9166666666666666,0.5416666666666666,0.5909090909090909
qwen,h2_choice,79,main_perp,CmNc,0.8333333333333334,0.375,0.45,0.8333333333333334,0.5416666666666666,0.65,0.8333333333333334,0.2916666666666667,0.35
qwen,h2_choice,79,main_perp,CoAs,0.75,0.4583333333333333,0.6111111111111112,0.75,0.3333333333333333,0.4444444444444444,0.75,0.3333333333333333,0.4444444444444444
qwen,h2_choice,79,main_perp,CoCo,0.7083333333333334,0.375,0.5294117647058824,0.7083333333333334,0.3333333333333333,0.47058823529411764,0.7083333333333334,0.3333333333333333,0.47058823529411764
qwen,h2_choice,79,main_perp,CoSh,0.5416666666666666,0.25,0.46153846153846156,0.5416666666666666,0.3333333333333333,0.6153846153846154,0.5416666666666666,0.3333333333333333,0.6153846153846154
qwen,h2_choice,79,main_perp,HaAs,0.8333333333333334,0.4166666666666667,0.5,0.8333333333333334,0.4166666666666667,0.5,0.8333333333333334,0.4166666666666667,0.5
qwen,h2_choice,79,main_perp,HaBa,0.7916666666666666,0.4583333333333333,0.5789473684210527,0.7916666666666666,0.4166666666666667,0.5263157894736842,0.7916666666666666,0.4166666666666667,0.5263157894736842
qwen,h2_choice,79,main_perp,HaCm,0.875,0.5416666666666666,0.6190476190476191,0.875,0.4583333333333333,0.5238095238095238,0.875,0.4583333333333333,0.5238095238095238
qwen,h2_choice,79,main_perp,HaDl,0.75,0.4166666666666667,0.5555555555555556,0.75,0.4583333333333333,0.6111111111111112,0.75,0.4583333333333333,0.6111111111111112
qwen,h2_choice,79,main_perp,HaHa,0.7083333333333334,0.25,0.35294117647058826,0.7083333333333334,0.375,0.5294117647058824,0.7083333333333334,0.375,0.5294117647058824
qwen,h2_choice,79,main_perp,HaNc,0.6666666666666666,0.2916666666666667,0.4375,0.6666666666666666,0.2916666666666667,0.4375,0.6666666666666666,0.2916666666666667,0.4375
qwen,h2_choice,79,main_perp,HaPc,0.75,0.375,0.5,0.75,0.25,0.3333333333333333,0.75,0.25,0.3333333333333333
qwen,h2_choice,79,main_perp,HrAs,0.8333333333333334,0.375,0.45,0.8333333333333334,0.5416666666666666,0.65,0.8333333333333334,0.2916666666666667,0.35
qwen,h2_choice,79,main_perp,HrBa,0.7083333333333334,0.4583333333333333,0.6470588235294118,0.7083333333333334,0.375,0.5294117647058824,0.7083333333333334,0.3333333333333333,0.47058823529411764
qwen,h2_choice,79,main_perp,HrCh,0.875,0.5,0.5714285714285714,0.875,0.5,0.5714285714285714,0.875,0.375,0.42857142857142855
qwen,h2_choice,79,main_perp,HrHr,0.6666666666666666,0.4583333333333333,0.6875,0.6666666666666666,0.20833333333333334,0.3125,0.6666666666666666,0.4583333333333333,0.6875
qwen,h2_choice,79,main_perp,ShAs,0.7916666666666666,0.5,0.631578947368421,0.7916666666666666,0.2916666666666667,0.3684210526315789,0.7916666666666666,0.2916666666666667,0.3684210526315789
qwen,h2_choice,79,main_perp,ShCo,0.8333333333333334,0.375,0.45,0.8333333333333334,0.4166666666666667,0.5,0.8333333333333334,0.4166666666666667,0.5
qwen,h2_choice,79,main_perp,ShSh,0.7916666666666666,0.5416666666666666,0.6842105263157895,0.7916666666666666,0.2916666666666667,0.3684210526315789,0.7916666666666666,0.2916666666666667,0.3684210526315789
qwen,h2_choice,79,random,AsAs,0.4583333333333333,0.125,0.2727272727272727,0.4583333333333333,0.20833333333333334,0.45454545454545453,0.4583333333333333,0.20833333333333334,0.45454545454545453
qwen,h2_choice,79,random,AsBa,0.4583333333333333,0.041666666666666664,0.09090909090909091,0.4583333333333333,0.16666666666666666,0.36363636363636365,0.4583333333333333,0.2916666666666667,0.6363636363636364
qwen,h2_choice,79,random,AsCh,0.3333333333333333,0.125,0.375,0.3333333333333333,0.125,0.375,0.3333333333333333,0.20833333333333334,0.625
qwen,h2_choice,79,random,AsCm,0.4166666666666667,0.125,0.3,0.4166666666666667,0.2916666666666667,0.7,0.4166666666666667,0.125,0.3
qwen,h2_choice,79,random,AsCo,0.4583333333333333,0.08333333333333333,0.18181818181818182,0.4583333333333333,0.20833333333333334,0.45454545454545453,0.4583333333333333,0.20833333333333334,0.45454545454545453
qwen,h2_choice,79,random,AsDl,0.5,0.20833333333333334,0.4166666666666667,0.5,0.3333333333333333,0.6666666666666666,0.5,0.16666666666666666,0.3333333333333333
qwen,h2_choice,79,random,AsHa,0.4166666666666667,0.16666666666666666,0.4,0.4166666666666667,0.125,0.3,0.4166666666666667,0.125,0.3
qwen,h2_choice,79,random,AsHr,0.625,0.3333333333333333,0.5333333333333333,0.625,0.3333333333333333,0.5333333333333333,0.625,0.2916666666666667,0.4666666666666667
qwen,h2_choice,79,random,AsNc,0.4166666666666667,0.125,0.3,0.4166666666666667,0.25,0.6,0.4166666666666667,0.25,0.6
qwen,h2_choice,79,random,AsPc,0.5,0.16666666666666666,0.3333333333333333,0.5,0.3333333333333333,0.6666666666666666,0.5,0.3333333333333333,0.6666666666666666
qwen,h2_choice,79,random,AsPd,0.4583333333333333,0.16666666666666666,0.36363636363636365,0.4583333333333333,0.25,0.5454545454545454,0.4583333333333333,0.20833333333333334,0.45454545454545453
qwen,h2_choice,79,random,AsSh,0.5,0.16666666666666666,0.3333333333333333,0.5,0.20833333333333334,0.4166666666666667,0.5,0.20833333333333334,0.4166666666666667
qwen,h2_choice,79,random,BaAs,0.5416666666666666,0.08333333333333333,0.15384615384615385,0.5416666666666666,0.20833333333333334,0.38461538461538464,0.5416666666666666,0.20833333333333334,0.38461538461538464
qwen,h2_choice,79,random,BaBa,0.4166666666666667,0.125,0.3,0.4166666666666667,0.25,0.6,0.4166666666666667,0.25,0.6
qwen,h2_choice,79,random,BaCh,0.4166666666666667,0.125,0.3,0.4166666666666667,0.041666666666666664,0.1,0.4166666666666667,0.041666666666666664,0.1
qwen,h2_choice,79,random,BaCm,0.4166666666666667,0.16666666666666666,0.4,0.4166666666666667,0.16666666666666666,0.4,0.4166666666666667,0.16666666666666666,0.4
qwen,h2_choice,79,random,BaCo,0.625,0.2916666666666667,0.4666666666666667,0.625,0.25,0.4,0.625,0.25,0.4
qwen,h2_choice,79,random,BaDl,0.3333333333333333,0.041666666666666664,0.125,0.3333333333333333,0.16666666666666666,0.5,0.3333333333333333,0.16666666666666666,0.5
qwen,h2_choice,79,random,BaHa,0.4583333333333333,0.125,0.2727272727272727,0.4583333333333333,0.20833333333333334,0.45454545454545453,0.4583333333333333,0.25,0.5454545454545454
qwen,h2_choice,79,random,BaHr,0.625,0.2916666666666667,0.4666666666666667,0.625,0.375,0.6,0.625,0.375,0.6
qwen,h2_choice,79,random,BaNc,0.5,0.20833333333333334,0.4166666666666667,0.5,0.20833333333333334,0.4166666666666667,0.5,0.2916666666666667,0.5833333333333334
qwen,h2_choice,79,random,BaPc,0.375,0.20833333333333334,0.5555555555555556,0.375,0.20833333333333334,0.5555555555555556,0.375,0.16666666666666666,0.4444444444444444
qwen,h2_choice,79,random,BaPd,0.3333333333333333,0.16666666666666666,0.5,0.3333333333333333,0.20833333333333334,0.625,0.3333333333333333,0.20833333333333334,0.625
qwen,h2_choice,79,random,BaSh,0.5,0.20833333333333334,0.4166666666666667,0.5,0.2916666666666667,0.5833333333333334,0.5,0.2916666666666667,0.5833333333333334
qwen,h2_choice,79,random,ChAs,0.375,0.041666666666666664,0.1111111111111111,0.375,0.20833333333333334,0.5555555555555556,0.375,0.20833333333333334,0.5555555555555556
qwen,h2_choice,79,random,ChBa,0.375,0.16666666666666666,0.4444444444444444,0.375,0.16666666666666666,0.4444444444444444,0.375,0.16666666666666666,0.4444444444444444
qwen,h2_choice,79,random,ChCh,0.4583333333333333,0.08333333333333333,0.18181818181818182,0.4583333333333333,0.16666666666666666,0.36363636363636365,0.4583333333333333,0.16666666666666666,0.36363636363636365
qwen,h2_choice,79,random,ChCm,0.5,0.16666666666666666,0.3333333333333333,0.5,0.20833333333333334,0.4166666666666667,0.5,0.20833333333333334,0.4166666666666667
qwen,h2_choice,79,random,ChCo,0.5,0.20833333333333334,0.4166666666666667,0.5,0.20833333333333334,0.4166666666666667,0.5,0.20833333333333334,0.4166666666666667
qwen,h2_choice,79,random,ChDl,0.5416666666666666,0.125,0.23076923076923078,0.5416666666666666,0.16666666666666666,0.3076923076923077,0.5416666666666666,0.16666666666666666,0.3076923076923077
qwen,h2_choice,79,random,ChHa,0.5,0.25,0.5,0.5,0.25,0.5,0.5,0.25,0.5
qwen,h2_choice,79,random,ChHr,0.5,0.16666666666666666,0.3333333333333333,0.5,0.16666666666666666,0.3333333333333333,0.5,0.16666666666666666,0.3333333333333333
qwen,h2_choice,79,random,CmAs,0.5416666666666666,0.16666666666666666,0.3076923076923077,0.5416666666666666,0.4166666666666667,0.7692307692307693,0.5416666666666666,0.125,0.23076923076923078
qwen,h2_choice,79,random,CmCm,0.5416666666666666,0.20833333333333334,0.38461538461538464,0.5416666666666666,0.20833333333333334,0.38461538461538464,0.5416666666666666,0.3333333333333333,0.6153846153846154
qwen,h2_choice,79,random,CmDl,0.4583333333333333,0.25,0.5454545454545454,0.4583333333333333,0.20833333333333334,0.45454545454545453,0.4583333333333333,0.25,0.5454545454545454
qwen,h2_choice,79,random,CmHa,0.5,0.20833333333333334,0.4166666666666667,0.5,0.375,0.75,0.5,0.125,0.25
qwen,h2_choice,79,random,CmNc,0.4166666666666667,0.20833333333333334,0.5,0.4166666666666667,0.16666666666666666,0.4,0.4166666666666667,0.25,0.6
qwen,h2_choice,79,random,CoAs,0.4583333333333333,0.08333333333333333,0.18181818181818182,0.4583333333333333,0.3333333333333333,0.7272727272727273,0.4583333333333333,0.3333333333333333,0.7272727272727273
qwen,h2_choice,79,random,CoCo,0.5833333333333334,0.25,0.42857142857142855,0.5833333333333334,0.20833333333333334,0.35714285714285715,0.5833333333333334,0.20833333333333334,0.35714285714285715
qwen,h2_choice,79,random,CoSh,0.3333333333333333,0.0,0.0,0.3333333333333333,0.20833333333333334,0.625,0.3333333333333333,0.20833333333333334,0.625
qwen,h2_choice,79,random,HaAs,0.5,0.16666666666666666,0.3333333333333333,0.5,0.3333333333333333,0.6666666666666666,0.5,0.3333333333333333,0.6666666666666666
qwen,h2_choice,79,random,HaBa,0.4166666666666667,0.08333333333333333,0.2,0.4166666666666667,0.20833333333333334,0.5,0.4166666666666667,0.20833333333333334,0.5
qwen,h2_choice,79,random,HaCm,0.625,0.2916666666666667,0.4666666666666667,0.625,0.2916666666666667,0.4666666666666667,0.625,0.2916666666666667,0.4666666666666667
qwen,h2_choice,79,random,HaDl,0.2916666666666667,0.125,0.42857142857142855,0.2916666666666667,0.16666666666666666,0.5714285714285714,0.2916666666666667,0.16666666666666666,0.5714285714285714
qwen,h2_choice,79,random,HaHa,0.375,0.08333333333333333,0.2222222222222222,0.375,0.16666666666666666,0.4444444444444444,0.375,0.16666666666666666,0.4444444444444444
qwen,h2_choice,79,random,HaNc,0.3333333333333333,0.125,0.375,0.3333333333333333,0.20833333333333334,0.625,0.3333333333333333,0.20833333333333334,0.625
qwen,h2_choice,79,random,HaPc,0.4583333333333333,0.125,0.2727272727272727,0.4583333333333333,0.2916666666666667,0.6363636363636364,0.4583333333333333,0.2916666666666667,0.6363636363636364
qwen,h2_choice,79,random,HrAs,0.4583333333333333,0.125,0.2727272727272727,0.4583333333333333,0.125,0.2727272727272727,0.4583333333333333,0.3333333333333333,0.7272727272727273
qwen,h2_choice,79,random,HrBa,0.375,0.125,0.3333333333333333,0.375,0.20833333333333334,0.5555555555555556,0.375,0.16666666666666666,0.4444444444444444
qwen,h2_choice,79,random,HrCh,0.625,0.25,0.4,0.625,0.3333333333333333,0.5333333333333333,0.625,0.2916666666666667,0.4666666666666667
qwen,h2_choice,79,random,HrHr,0.4166666666666667,0.08333333333333333,0.2,0.4166666666666667,0.16666666666666666,0.4,0.4166666666666667,0.25,0.6
qwen,h2_choice,79,random,ShAs,0.5,0.2916666666666667,0.5833333333333334,0.5,0.16666666666666666,0.3333333333333333,0.5,0.16666666666666666,0.3333333333333333
qwen,h2_choice,79,random,ShCo,0.625,0.20833333333333334,0.3333333333333333,0.625,0.2916666666666667,0.4666666666666667,0.625,0.2916666666666667,0.4666666666666667
qwen,h2_choice,79,random,ShSh,0.4583333333333333,0.16666666666666666,0.36363636363636365,0.4583333333333333,0.16666666666666666,0.36363636363636365,0.4583333333333333,0.16666666666666666,0.36363636363636365
qwen_instruct,h1_dinc,65,main,AsAs,1.0,1.0,1.0,1.0,0.5,0.5,1.0,0.5,0.5
qwen_instruct,h1_dinc,65,main,AsBa,1.0,1.0,1.0,1.0,0.5,0.5,1.0,0.5,0.5
qwen_instruct,h1_dinc,65,main,AsCh,1.0,1.0,1.0,1.0,0.5,0.5,1.0,0.5,0.5
qwen_instruct,h1_dinc,65,main,AsCm,1.0,1.0,1.0,1.0,0.5,0.5,1.0,0.5,0.5
qwen_instruct,h1_dinc,65,main,AsCo,1.0,1.0,1.0,1.0,0.5,0.5,1.0,0.5,0.5
qwen_instruct,h1_dinc,65,main,AsDl,1.0,1.0,1.0,1.0,0.5,0.5,1.0,0.5,0.5
qwen_instruct,h1_dinc,65,main,AsHa,1.0,1.0,1.0,1.0,0.5,0.5,1.0,0.5,0.5
qwen_instruct,h1_dinc,65,main,AsHr,1.0,1.0,1.0,1.0,0.5,0.5,1.0,0.5,0.5
qwen_instruct,h1_dinc,65,main,AsNc,1.0,1.0,1.0,1.0,0.5,0.5,1.0,0.5,0.5
qwen_instruct,h1_dinc,65,main,AsPc,1.0,1.0,1.0,1.0,0.5,0.5,1.0,0.5,0.5
qwen_instruct,h1_dinc,65,main,AsPd,1.0,1.0,1.0,1.0,0.5,0.5,1.0,0.5,0.5
qwen_instruct,h1_dinc,65,main,AsSh,1.0,1.0,1.0,1.0,0.5,0.5,1.0,0.5,0.5
qwen_instruct,h1_dinc,65,main,BaAs,1.0,1.0,1.0,1.0,0.5,0.5,1.0,0.5,0.5
qwen_instruct,h1_dinc,65,main,BaBa,1.0,1.0,1.0,1.0,0.5,0.5,1.0,0.5,0.5
qwen_instruct,h1_dinc,65,main,BaCh,1.0,1.0,1.0,1.0,0.5,0.5,1.0,0.5,0.5
qwen_instruct,h1_dinc,65,main,BaCm,1.0,1.0,1.0,1.0,0.5,0.5,1.0,0.5,0.5
qwen_instruct,h1_dinc,65,main,BaCo,1.0,1.0,1.0,1.0,0.5,0.5,1.0,0.5,0.5
qwen_instruct,h1_dinc,65,main,BaDl,1.0,1.0,1.0,1.0,0.5,0.5,1.0,0.5,0.5
qwen_instruct,h1_dinc,65,main,BaHa,1.0,1.0,1.0,1.0,0.5,0.5,1.0,0.5,0.5
qwen_instruct,h1_dinc,65,main,BaHr,1.0,1.0,1.0,1.0,0.5,0.5,1.0,0.5,0.5
qwen_instruct,h1_dinc,65,main,BaNc,1.0,1.0,1.0,1.0,0.5,0.5,1.0,0.5,0.5
qwen_instruct,h1_dinc,65,main,BaPc,1.0,1.0,1.0,1.0,0.5,0.5,1.0,0.5,0.5
qwen_instruct,h1_dinc,65,main,BaPd,1.0,1.0,1.0,1.0,0.5,0.5,1.0,0.5,0.5
qwen_instruct,h1_dinc,65,main,BaSh,1.0,1.0,1.0,1.0,0.5,0.5,1.0,0.5,0.5
qwen_instruct,h1_dinc,65,main,ChAs,1.0,1.0,1.0,1.0,0.5,0.5,1.0,0.5,0.5
qwen_instruct,h1_dinc,65,main,ChBa,1.0,1.0,1.0,1.0,0.5,0.5,1.0,0.5,0.5
qwen_instruct,h1_dinc,65,main,ChCh,1.0,1.0,1.0,1.0,0.5,0.5,1.0,0.5,0.5
qwen_instruct,h1_dinc,65,main,ChCm,1.0,1.0,1.0,1.0,0.5,0.5,1.0,0.5,0.5
qwen_instruct,h1_dinc,65,main,ChCo,1.0,1.0,1.0,1.0,0.5,0.5,1.0,0.5,0.5
qwen_instruct,h1_dinc,65,main,ChDl,1.0,1.0,1.0,1.0,0.5,0.5,1.0,0.5,0.5
qwen_instruct,h1_dinc,65,main,ChHa,1.0,1.0,1.0,1.0,0.5,0.5,1.0,0.5,0.5
qwen_instruct,h1_dinc,65,main,ChHr,1.0,1.0,1.0,1.0,0.5,0.5,1.0,0.5,0.5
qwen_instruct,h1_dinc,65,main,CmAs,1.0,1.0,1.0,1.0,0.5,0.5,1.0,0.5,0.5
qwen_instruct,h1_dinc,65,main,CmCm,1.0,1.0,1.0,1.0,0.5,0.5,1.0,0.5,0.5
qwen_instruct,h1_dinc,65,main,CmDl,1.0,1.0,1.0,1.0,0.5,0.5,1.0,0.5,0.5
qwen_instruct,h1_dinc,65,main,CmHa,1.0,1.0,1.0,1.0,0.5,0.5,1.0,0.5,0.5
qwen_instruct,h1_dinc,65,main,CmNc,1.0,1.0,1.0,1.0,0.5,0.5,1.0,0.5,0.5
qwen_instruct,h1_dinc,65,main,CoAs,1.0,1.0,1.0,1.0,0.5,0.5,1.0,0.5,0.5
qwen_instruct,h1_dinc,65,main,CoCo,1.0,1.0,1.0,1.0,0.5,0.5,1.0,0.5,0.5
qwen_instruct,h1_dinc,65,main,CoSh,1.0,1.0,1.0,1.0,0.5,0.5,1.0,0.5,0.5
qwen_instruct,h1_dinc,65,main,HaAs,1.0,1.0,1.0,1.0,0.5,0.5,1.0,0.5,0.5
qwen_instruct,h1_dinc,65,main,HaBa,1.0,1.0,1.0,1.0,0.5,0.5,1.0,0.5,0.5
qwen_instruct,h1_dinc,65,main,HaCm,1.0,1.0,1.0,1.0,0.5,0.5,1.0,0.5,0.5
qwen_instruct,h1_dinc,65,main,HaDl,1.0,1.0,1.0,1.0,0.5,0.5,1.0,0.5,0.5
qwen_instruct,h1_dinc,65,main,HaHa,1.0,1.0,1.0,1.0,0.5,0.5,1.0,0.5,0.5
qwen_instruct,h1_dinc,65,main,HaNc,1.0,1.0,1.0,1.0,0.5,0.5,1.0,0.5,0.5
qwen_instruct,h1_dinc,65,main,HaPc,1.0,1.0,1.0,1.0,0.5,0.5,1.0,0.5,0.5
qwen_instruct,h1_dinc,65,main,HrAs,1.0,1.0,1.0,1.0,0.5,0.5,1.0,0.5,0.5
qwen_instruct,h1_dinc,65,main,HrBa,1.0,1.0,1.0,1.0,0.5,0.5,1.0,0.5,0.5
qwen_instruct,h1_dinc,65,main,HrCh,1.0,1.0,1.0,1.0,0.5,0.5,1.0,0.5,0.5
qwen_instruct,h1_dinc,65,main,HrHr,1.0,1.0,1.0,1.0,0.5,0.5,1.0,0.5,0.5
qwen_instruct,h1_dinc,65,main,ShAs,1.0,1.0,1.0,1.0,0.5,0.5,1.0,0.5,0.5
qwen_instruct,h1_dinc,65,main,ShCo,1.0,1.0,1.0,1.0,0.5,0.5,1.0,0.5,0.5
qwen_instruct,h1_dinc,65,main,ShSh,1.0,1.0,1.0,1.0,0.5,0.5,1.0,0.5,0.5
qwen_instruct,h1_dinc,65,main_perp,AsAs,1.0,1.0,1.0,1.0,0.5,0.5,1.0,0.5,0.5
qwen_instruct,h1_dinc,65,main_perp,AsBa,1.0,1.0,1.0,1.0,0.5,0.5,1.0,0.5,0.5
qwen_instruct,h1_dinc,65,main_perp,AsCh,1.0,1.0,1.0,1.0,0.5,0.5,1.0,0.5,0.5
qwen_instruct,h1_dinc,65,main_perp,AsCm,1.0,1.0,1.0,1.0,0.5,0.5,1.0,0.5,0.5
qwen_instruct,h1_dinc,65,main_perp,AsCo,1.0,1.0,1.0,1.0,0.5,0.5,1.0,0.5,0.5
qwen_instruct,h1_dinc,65,main_perp,AsDl,1.0,1.0,1.0,1.0,0.5,0.5,1.0,0.5,0.5
qwen_instruct,h1_dinc,65,main_perp,AsHa,1.0,1.0,1.0,1.0,0.5,0.5,1.0,0.5,0.5
qwen_instruct,h1_dinc,65,main_perp,AsHr,1.0,1.0,1.0,1.0,0.5,0.5,1.0,0.5,0.5
qwen_instruct,h1_dinc,65,main_perp,AsNc,1.0,1.0,1.0,1.0,0.5,0.5,1.0,0.5,0.5
qwen_instruct,h1_dinc,65,main_perp,AsPc,1.0,1.0,1.0,1.0,0.5,0.5,1.0,0.5,0.5
qwen_instruct,h1_dinc,65,main_perp,AsPd,1.0,1.0,1.0,1.0,0.5,0.5,1.0,0.5,0.5
qwen_instruct,h1_dinc,65,main_perp,AsSh,1.0,1.0,1.0,1.0,0.5,0.5,1.0,0.5,0.5
qwen_instruct,h1_dinc,65,main_perp,BaAs,1.0,1.0,1.0,1.0,0.5,0.5,1.0,0.5,0.5
qwen_instruct,h1_dinc,65,main_perp,BaBa,1.0,1.0,1.0,1.0,0.5,0.5,1.0,0.5,0.5
qwen_instruct,h1_dinc,65,main_perp,BaCh,1.0,1.0,1.0,1.0,0.5,0.5,1.0,0.5,0.5
qwen_instruct,h1_dinc,65,main_perp,BaCm,1.0,1.0,1.0,1.0,0.5,0.5,1.0,0.5,0.5
qwen_instruct,h1_dinc,65,main_perp,BaCo,1.0,1.0,1.0,1.0,0.5,0.5,1.0,0.5,0.5
qwen_instruct,h1_dinc,65,main_perp,BaDl,1.0,1.0,1.0,1.0,0.5,0.5,1.0,0.5,0.5
qwen_instruct,h1_dinc,65,main_perp,BaHa,1.0,1.0,1.0,1.0,0.5,0.5,1.0,0.5,0.5
qwen_instruct,h1_dinc,65,main_perp,BaHr,1.0,1.0,1.0,1.0,0.5,0.5,1.0,0.5,0.5
qwen_instruct,h1_dinc,65,main_perp,BaNc,1.0,1.0,1.0,1.0,0.5,0.5,1.0,0.5,0.5
qwen_instruct,h1_dinc,65,main_perp,BaPc,1.0,1.0,1.0,1.0,0.5,0.5,1.0,0.5,0.5
qwen_instruct,h1_dinc,65,main_perp,BaPd,1.0,1.0,1.0,1.0,0.5,0.5,1.0,0.5,0.5
qwen_instruct,h1_dinc,65,main_perp,BaSh,1.0,1.0,1.0,1.0,0.5,0.5,1.0,0.5,0.5
qwen_instruct,h1_dinc,65,main_perp,ChAs,1.0,1.0,1.0,1.0,0.5,0.5,1.0,0.5,0.5
qwen_instruct,h1_dinc,65,main_perp,ChBa,1.0,1.0,1.0,1.0,0.5,0.5,1.0,0.5,0.5
qwen_instruct,h1_dinc,65,main_perp,ChCh,1.0,1.0,1.0,1.0,0.5,0.5,1.0,0.5,0.5
qwen_instruct,h1_dinc,65,main_perp,ChCm,1.0,1.0,1.0,1.0,0.5,0.5,1.0,0.5,0.5
qwen_instruct,h1_dinc,65,main_perp,ChCo,1.0,1.0,1.0,1.0,0.5,0.5,1.0,0.5,0.5
qwen_instruct,h1_dinc,65,main_perp,ChDl,1.0,1.0,1.0,1.0,0.5,0.5,1.0,0.5,0.5
qwen_instruct,h1_dinc,65,main_perp,ChHa,1.0,1.0,1.0,1.0,0.5,0.5,1.0,0.5,0.5
qwen_instruct,h1_dinc,65,main_perp,ChHr,1.0,1.0,1.0,1.0,0.5,0.5,1.0,0.5,0.5
qwen_instruct,h1_dinc,65,main_perp,CmAs,1.0,1.0,1.0,1.0,0.5,0.5,1.0,0.5,0.5
qwen_instruct,h1_dinc,65,main_perp,CmCm,1.0,1.0,1.0,1.0,0.5,0.5,1.0,0.5,0.5
qwen_instruct,h1_dinc,65,main_perp,CmDl,1.0,1.0,1.0,1.0,0.5,0.5,1.0,0.5,0.5
qwen_instruct,h1_dinc,65,main_perp,CmHa,1.0,1.0,1.0,1.0,0.5,0.5,1.0,0.5,0.5
qwen_instruct,h1_dinc,65,main_perp,CmNc,1.0,1.0,1.0,1.0,0.5,0.5,1.0,0.5,0.5
qwen_instruct,h1_dinc,65,main_perp,CoAs,1.0,1.0,1.0,1.0,0.5,0.5,1.0,0.5,0.5
qwen_instruct,h1_dinc,65,main_perp,CoCo,1.0,1.0,1.0,1.0,0.5,0.5,1.0,0.5,0.5
qwen_instruct,h1_dinc,65,main_perp,CoSh,1.0,1.0,1.0,1.0,0.5,0.5,1.0,0.5,0.5
qwen_instruct,h1_dinc,65,main_perp,HaAs,1.0,1.0,1.0,1.0,0.5,0.5,1.0,0.5,0.5
qwen_instruct,h1_dinc,65,main_perp,HaBa,1.0,1.0,1.0,1.0,0.5,0.5,1.0,0.5,0.5
qwen_instruct,h1_dinc,65,main_perp,HaCm,1.0,1.0,1.0,1.0,0.5,0.5,1.0,0.5,0.5
qwen_instruct,h1_dinc,65,main_perp,HaDl,1.0,1.0,1.0,1.0,0.5,0.5,1.0,0.5,0.5
qwen_instruct,h1_dinc,65,main_perp,HaHa,1.0,1.0,1.0,1.0,0.5,0.5,1.0,0.5,0.5
qwen_instruct,h1_dinc,65,main_perp,HaNc,1.0,1.0,1.0,1.0,0.5,0.5,1.0,0.5,0.5
qwen_instruct,h1_dinc,65,main_perp,HaPc,1.0,1.0,1.0,1.0,0.5,0.5,1.0,0.5,0.5
qwen_instruct,h1_dinc,65,main_perp,HrAs,1.0,1.0,1.0,1.0,0.5,0.5,1.0,0.5,0.5
qwen_instruct,h1_dinc,65,main_perp,HrBa,1.0,1.0,1.0,1.0,0.5,0.5,1.0,0.5,0.5
qwen_instruct,h1_dinc,65,main_perp,HrCh,1.0,1.0,1.0,1.0,0.5,0.5,1.0,0.5,0.5
qwen_instruct,h1_dinc,65,main_perp,HrHr,1.0,1.0,1.0,1.0,0.5,0.5,1.0,0.5,0.5
qwen_instruct,h1_dinc,65,main_perp,ShAs,1.0,1.0,1.0,1.0,0.5,0.5,1.0,0.5,0.5
qwen_instruct,h1_dinc,65,main_perp,ShCo,1.0,1.0,1.0,1.0,0.5,0.5,1.0,0.5,0.5
qwen_instruct,h1_dinc,65,main_perp,ShSh,1.0,1.0,1.0,1.0,0.5,0.5,1.0,0.5,0.5
qwen_instruct,h1_dinc,65,random,AsAs,0.875,0.375,0.42857142857142855,0.875,0.4583333333333333,0.5238095238095238,0.875,0.4583333333333333,0.5238095238095238
qwen_instruct,h1_dinc,65,random,AsBa,0.875,0.5833333333333334,0.6666666666666666,0.875,0.5416666666666666,0.6190476190476191,0.875,0.3333333333333333,0.38095238095238093
qwen_instruct,h1_dinc,65,random,AsCh,0.9166666666666666,0.5833333333333334,0.6363636363636364,0.9166666666666666,0.3333333333333333,0.36363636363636365,0.9166666666666666,0.5833333333333334,0.6363636363636364
qwen_instruct,h1_dinc,65,random,AsCm,0.9166666666666666,0.5,0.5454545454545454,0.9166666666666666,0.4583333333333333,0.5,0.9166666666666666,0.4583333333333333,0.5
qwen_instruct,h1_dinc,65,random,AsCo,0.875,0.625,0.7142857142857143,0.875,0.4583333333333333,0.5238095238095238,0.875,0.4583333333333333,0.5238095238095238
qwen_instruct,h1_dinc,65,random,AsDl,0.75,0.4583333333333333,0.6111111111111112,0.75,0.2916666666666667,0.3888888888888889,0.75,0.4583333333333333,0.6111111111111112
qwen_instruct,h1_dinc,65,random,AsHa,0.75,0.3333333333333333,0.4444444444444444,0.75,0.5,0.6666666666666666,0.75,0.5,0.6666666666666666
qwen_instruct,h1_dinc,65,random,AsHr,0.8333333333333334,0.5,0.6,0.8333333333333334,0.3333333333333333,0.4,0.8333333333333334,0.5,0.6
qwen_instruct,h1_dinc,65,random,AsNc,0.9166666666666666,0.4583333333333333,0.5,0.9166666666666666,0.375,0.4090909090909091,0.9166666666666666,0.375,0.4090909090909091
qwen_instruct,h1_dinc,65,random,AsPc,0.6666666666666666,0.375,0.5625,0.6666666666666666,0.3333333333333333,0.5,0.6666666666666666,0.3333333333333333,0.5
qwen_instruct,h1_dinc,65,random,AsPd,0.9166666666666666,0.5416666666666666,0.5909090909090909,0.9166666666666666,0.5,0.5454545454545454,0.9166666666666666,0.4166666666666667,0.45454545454545453
qwen_instruct,h1_dinc,65,random,AsSh,0.5416666666666666,0.25,0.46153846153846156,0.5416666666666666,0.375,0.6923076923076923,0.5416666666666666,0.375,0.6923076923076923
qwen_instruct,h1_dinc,65,random,BaAs,0.9166666666666666,0.3333333333333333,0.36363636363636365,0.9166666666666666,0.4166666666666667,0.45454545454545453,0.9166666666666666,0.4166666666666667,0.45454545454545453
qwen_instruct,h1_dinc,65,random,BaBa,0.875,0.5,0.5714285714285714,0.875,0.3333333333333333,0.38095238095238093,0.875,0.3333333333333333,0.38095238095238093
qwen_instruct,h1_dinc,65,random,BaCh,0.875,0.5833333333333334,0.6666666666666666,0.875,0.3333333333333333,0.38095238095238093,0.875,0.3333333333333333,0.38095238095238093
qwen_instruct,h1_dinc,65,random,BaCm,0.875,0.5,0.5714285714285714,0.875,0.2916666666666667,0.3333333333333333,0.875,0.2916666666666667,0.3333333333333333
qwen_instruct,h1_dinc,65,random,BaCo,0.7916666666666666,0.4583333333333333,0.5789473684210527,0.7916666666666666,0.375,0.47368421052631576,0.7916666666666666,0.375,0.47368421052631576
qwen_instruct,h1_dinc,65,random,BaDl,0.9166666666666666,0.375,0.4090909090909091,0.9166666666666666,0.2916666666666667,0.3181818181818182,0.9166666666666666,0.2916666666666667,0.3181818181818182
qwen_instruct,h1_dinc,65,random,BaHa,1.0,0.5,0.5,1.0,0.4166666666666667,0.4166666666666667,1.0,0.5833333333333334,0.5833333333333334
qwen_instruct,h1_dinc,65,random,BaHr,0.875,0.625,0.7142857142857143,0.875,0.4583333333333333,0.5238095238095238,0.875,0.4583333333333333,0.5238095238095238
qwen_instruct,h1_dinc,65,random,BaNc,0.9583333333333334,0.5,0.5217391304347826,0.9583333333333334,0.5,0.5217391304347826,0.9583333333333334,0.4583333333333333,0.4782608695652174
qwen_instruct,h1_dinc,65,random,BaPc,0.8333333333333334,0.4166666666666667,0.5,0.8333333333333334,0.4166666666666667,0.5,0.8333333333333334,0.4166666666666667,0.5
qwen_instruct,h1_dinc,65,random,BaPd,0.8333333333333334,0.5416666666666666,0.65,0.8333333333333334,0.25,0.3,0.8333333333333334,0.25,0.3
qwen_instruct,h1_dinc,65,random,BaSh,0.875,0.5416666666666666,0.6190476190476191,0.875,0.4583333333333333,0.5238095238095238,0.875,0.4583333333333333,0.5238095238095238
qwen_instruct,h1_dinc,65,random,ChAs,0.6666666666666666,0.4583333333333333,0.6875,0.6666666666666666,0.25,0.375,0.6666666666666666,0.25,0.375
qwen_instruct,h1_dinc,65,random,ChBa,0.875,0.5416666666666666,0.6190476190476191,0.875,0.3333333333333333,0.38095238095238093,0.875,0.3333333333333333,0.38095238095238093
qwen_instruct,h1_dinc,65,random,ChCh,0.7916666666666666,0.375,0.47368421052631576,0.7916666666666666,0.2916666666666667,0.3684210526315789,0.7916666666666666,0.2916666666666667,0.3684210526315789
qwen_instruct,h1_dinc,65,random,ChCm,0.9583333333333334,0.6666666666666666,0.6956521739130435,0.9583333333333334,0.25,0.2608695652173913,0.9583333333333334,0.25,0.2608695652173913
qwen_instruct,h1_dinc,65,random,ChCo,0.875,0.5833333333333334,0.6666666666666666,0.875,0.5,0.5714285714285714,0.875,0.5,0.5714285714285714
qwen_instruct,h1_dinc,65,random,ChDl,0.75,0.4583333333333333,0.6111111111111112,0.75,0.2916666666666667,0.3888888888888889,0.75,0.2916666666666667,0.3888888888888889
qwen_instruct,h1_dinc,65,random,ChHa,0.75,0.5,0.6666666666666666,0.75,0.20833333333333334,0.2777777777777778,0.75,0.5416666666666666,0.7222222222222222
qwen_instruct,h1_dinc,65,random,ChHr,0.7916666666666666,0.4166666666666667,0.5263157894736842,0.7916666666666666,0.2916666666666667,0.3684210526315789,0.7916666666666666,0.2916666666666667,0.3684210526315789
qwen_instruct,h1_dinc,65,random,CmAs,0.9583333333333334,0.5833333333333334,0.6086956521739131,0.9583333333333334,0.3333333333333333,0.34782608695652173,0.9583333333333334,0.625,0.6521739130434783
qwen_instruct,h1_dinc,65,random,CmCm,0.5833333333333334,0.375,0.6428571428571429,0.5833333333333334,0.125,0.21428571428571427,0.5833333333333334,0.4583333333333333,0.7857142857142857
qwen_instruct,h1_dinc,65,random,CmDl,0.7916666666666666,0.5833333333333334,0.7368421052631579,0.7916666666666666,0.3333333333333333,0.42105263157894735,0.7916666666666666,0.4583333333333333,0.5789473684210527
qwen_instruct,h1_dinc,65,random,CmHa,0.8333333333333334,0.5833333333333334,0.7,0.8333333333333334,0.125,0.15,0.8333333333333334,0.7083333333333334,0.85
qwen_instruct,h1_dinc,65,random,CmNc,0.75,0.4166666666666667,0.5555555555555556,0.75,0.25,0.3333333333333333,0.75,0.5,0.6666666666666666
qwen_instruct,h1_dinc,65,random,CoAs,0.75,0.5,0.6666666666666666,0.75,0.4583333333333333,0.6111111111111112,0.75,0.4583333333333333,0.6111111111111112
qwen_instruct,h1_dinc,65,random,CoCo,0.7916666666666666,0.5416666666666666,0.6842105263157895,0.7916666666666666,0.5833333333333334,0.7368421052631579,0.7916666666666666,0.5833333333333334,0.7368421052631579
qwen_instruct,h1_dinc,65,random,CoSh,0.75,0.5,0.6666666666666666,0.75,0.5833333333333334,0.7777777777777778,0.75,0.5833333333333334,0.7777777777777778
qwen_instruct,h1_dinc,65,random,HaAs,0.9166666666666666,0.5833333333333334,0.6363636363636364,0.9166666666666666,0.6666666666666666,0.7272727272727273,0.9166666666666666,0.6666666666666666,0.7272727272727273
qwen_instruct,h1_dinc,65,random,HaBa,0.7916666666666666,0.5416666666666666,0.6842105263157895,0.7916666666666666,0.5416666666666666,0.6842105263157895,0.7916666666666666,0.5416666666666666,0.6842105263157895
qwen_instruct,h1_dinc,65,random,HaCm,0.875,0.5833333333333334,0.6666666666666666,0.875,0.6666666666666666,0.7619047619047619,0.875,0.6666666666666666,0.7619047619047619
qwen_instruct,h1_dinc,65,random,HaDl,0.875,0.6666666666666666,0.7619047619047619,0.875,0.625,0.7142857142857143,0.875,0.625,0.7142857142857143
qwen_instruct,h1_dinc,65,random,HaHa,0.5416666666666666,0.375,0.6923076923076923,0.5416666666666666,0.4583333333333333,0.8461538461538461,0.5416666666666666,0.4583333333333333,0.8461538461538461
qwen_instruct,h1_dinc,65,random,HaNc,0.75,0.4166666666666667,0.5555555555555556,0.75,0.625,0.8333333333333334,0.75,0.625,0.8333333333333334
qwen_instruct,h1_dinc,65,random,HaPc,0.625,0.375,0.6,0.625,0.4166666666666667,0.6666666666666666,0.625,0.4166666666666667,0.6666666666666666
qwen_instruct,h1_dinc,65,random,HrAs,0.7916666666666666,0.5,0.631578947368421,0.7916666666666666,0.20833333333333334,0.2631578947368421,0.7916666666666666,0.5833333333333334,0.7368421052631579
qwen_instruct,h1_dinc,65,random,HrBa,0.75,0.5,0.6666666666666666,0.75,0.20833333333333334,0.2777777777777778,0.75,0.5416666666666666,0.7222222222222222
qwen_instruct,h1_dinc,65,random,HrCh,0.7083333333333334,0.4166666666666667,0.5882352941176471,0.7083333333333334,0.0,0.0,0.7083333333333334,0.7083333333333334,1.0
qwen_instruct,h1_dinc,65,random,HrHr,0.7916666666666666,0.5833333333333334,0.7368421052631579,0.7916666666666666,0.125,0.15789473684210525,0.7916666666666666,0.6666666666666666,0.8421052631578947
qwen_instruct,h1_dinc,65,random,ShAs,0.6666666666666666,0.2916666666666667,0.4375,0.6666666666666666,0.3333333333333333,0.5,0.6666666666666666,0.3333333333333333,0.5
qwen_instruct,h1_dinc,65,random,ShCo,0.7916666666666666,0.3333333333333333,0.42105263157894735,0.7916666666666666,0.4166666666666667,0.5263157894736842,0.7916666666666666,0.4166666666666667,0.5263157894736842
qwen_instruct,h1_dinc,65,random,ShSh,0.875,0.2916666666666667,0.3333333333333333,0.875,0.2916666666666667,0.3333333333333333,0.875,0.2916666666666667,0.3333333333333333
qwen_instruct,h1_dinc,79,main,AsAs,1.0,1.0,1.0,1.0,0.5,0.5,1.0,0.5,0.5
qwen_instruct,h1_dinc,79,main,AsBa,1.0,1.0,1.0,1.0,0.5,0.5,1.0,0.5,0.5
qwen_instruct,h1_dinc,79,main,AsCh,1.0,1.0,1.0,1.0,0.5,0.5,1.0,0.5,0.5
qwen_instruct,h1_dinc,79,main,AsCm,1.0,1.0,1.0,1.0,0.5,0.5,1.0,0.5,0.5
qwen_instruct,h1_dinc,79,main,AsCo,1.0,1.0,1.0,1.0,0.5,0.5,1.0,0.5,0.5
qwen_instruct,h1_dinc,79,main,AsDl,1.0,1.0,1.0,1.0,0.5,0.5,1.0,0.5,0.5
qwen_instruct,h1_dinc,79,main,AsHa,1.0,1.0,1.0,1.0,0.5,0.5,1.0,0.5,0.5
qwen_instruct,h1_dinc,79,main,AsHr,1.0,1.0,1.0,1.0,0.5,0.5,1.0,0.5,0.5
qwen_instruct,h1_dinc,79,main,AsNc,1.0,1.0,1.0,1.0,0.5,0.5,1.0,0.5,0.5
qwen_instruct,h1_dinc,79,main,AsPc,1.0,1.0,1.0,1.0,0.5,0.5,1.0,0.5,0.5
qwen_instruct,h1_dinc,79,main,AsPd,1.0,1.0,1.0,1.0,0.5,0.5,1.0,0.5,0.5
qwen_instruct,h1_dinc,79,main,AsSh,1.0,1.0,1.0,1.0,0.5,0.5,1.0,0.5,0.5
qwen_instruct,h1_dinc,79,main,BaAs,1.0,1.0,1.0,1.0,0.5,0.5,1.0,0.5,0.5
qwen_instruct,h1_dinc,79,main,BaBa,1.0,1.0,1.0,1.0,0.5,0.5,1.0,0.5,0.5
qwen_instruct,h1_dinc,79,main,BaCh,1.0,1.0,1.0,1.0,0.5,0.5,1.0,0.5,0.5
qwen_instruct,h1_dinc,79,main,BaCm,1.0,1.0,1.0,1.0,0.5,0.5,1.0,0.5,0.5
qwen_instruct,h1_dinc,79,main,BaCo,1.0,1.0,1.0,1.0,0.5,0.5,1.0,0.5,0.5
qwen_instruct,h1_dinc,79,main,BaDl,1.0,1.0,1.0,1.0,0.5,0.5,1.0,0.5,0.5
qwen_instruct,h1_dinc,79,main,BaHa,1.0,1.0,1.0,1.0,0.5,0.5,1.0,0.5,0.5
qwen_instruct,h1_dinc,79,main,BaHr,1.0,1.0,1.0,1.0,0.5,0.5,1.0,0.5,0.5
qwen_instruct,h1_dinc,79,main,BaNc,1.0,1.0,1.0,1.0,0.5,0.5,1.0,0.5,0.5
qwen_instruct,h1_dinc,79,main,BaPc,1.0,1.0,1.0,1.0,0.5,0.5,1.0,0.5,0.5
qwen_instruct,h1_dinc,79,main,BaPd,1.0,1.0,1.0,1.0,0.5,0.5,1.0,0.5,0.5
qwen_instruct,h1_dinc,79,main,BaSh,1.0,1.0,1.0,1.0,0.5,0.5,1.0,0.5,0.5
qwen_instruct,h1_dinc,79,main,ChAs,1.0,1.0,1.0,1.0,0.5,0.5,1.0,0.5,0.5
qwen_instruct,h1_dinc,79,main,ChBa,1.0,1.0,1.0,1.0,0.5,0.5,1.0,0.5,0.5
qwen_instruct,h1_dinc,79,main,ChCh,1.0,1.0,1.0,1.0,0.5,0.5,1.0,0.5,0.5
qwen_instruct,h1_dinc,79,main,ChCm,1.0,1.0,1.0,1.0,0.5,0.5,1.0,0.5,0.5
qwen_instruct,h1_dinc,79,main,ChCo,1.0,1.0,1.0,1.0,0.5,0.5,1.0,0.5,0.5
qwen_instruct,h1_dinc,79,main,ChDl,1.0,1.0,1.0,1.0,0.5,0.5,1.0,0.5,0.5
qwen_instruct,h1_dinc,79,main,ChHa,1.0,1.0,1.0,1.0,0.5,0.5,1.0,0.5,0.5
qwen_instruct,h1_dinc,79,main,ChHr,1.0,1.0,1.0,1.0,0.5,0.5,1.0,0.5,0.5
qwen_instruct,h1_dinc,79,main,CmAs,1.0,1.0,1.0,1.0,0.5,0.5,1.0,0.5,0.5
qwen_instruct,h1_dinc,79,main,CmCm,1.0,1.0,1.0,1.0,0.5,0.5,1.0,0.5,0.5
qwen_instruct,h1_dinc,79,main,CmDl,1.0,1.0,1.0,1.0,0.5,0.5,1.0,0.5,0.5
qwen_instruct,h1_dinc,79,main,CmHa,1.0,1.0,1.0,1.0,0.5,0.5,1.0,0.5,0.5
qwen_instruct,h1_dinc,79,main,CmNc,1.0,1.0,1.0,1.0,0.5,0.5,1.0,0.5,0.5
qwen_instruct,h1_dinc,79,main,CoAs,1.0,1.0,1.0,1.0,0.5,0.5,1.0,0.5,0.5
qwen_instruct,h1_dinc,79,main,CoCo,1.0,1.0,1.0,1.0,0.5,0.5,1.0,0.5,0.5
qwen_instruct,h1_dinc,79,main,CoSh,1.0,1.0,1.0,1.0,0.5,0.5,1.0,0.5,0.5
qwen_instruct,h1_dinc,79,main,HaAs,1.0,1.0,1.0,1.0,0.5,0.5,1.0,0.5,0.5
qwen_instruct,h1_dinc,79,main,HaBa,1.0,1.0,1.0,1.0,0.5,0.5,1.0,0.5,0.5
qwen_instruct,h1_dinc,79,main,HaCm,1.0,1.0,1.0,1.0,0.5,0.5,1.0,0.5,0.5
qwen_instruct,h1_dinc,79,main,HaDl,1.0,1.0,1.0,1.0,0.5,0.5,1.0,0.5,0.5
qwen_instruct,h1_dinc,79,main,HaHa,1.0,1.0,1.0,1.0,0.5,0.5,1.0,0.5,0.5
qwen_instruct,h1_dinc,79,main,HaNc,1.0,1.0,1.0,1.0,0.5,0.5,1.0,0.5,0.5
qwen_instruct,h1_dinc,79,main,HaPc,1.0,1.0,1.0,1.0,0.5,0.5,1.0,0.5,0.5
qwen_instruct,h1_dinc,79,main,HrAs,1.0,1.0,1.0,1.0,0.5,0.5,1.0,0.5,0.5
qwen_instruct,h1_dinc,79,main,HrBa,1.0,1.0,1.0,1.0,0.5,0.5,1.0,0.5,0.5
qwen_instruct,h1_dinc,79,main,HrCh,1.0,1.0,1.0,1.0,0.5,0.5,1.0,0.5,0.5
qwen_instruct,h1_dinc,79,main,HrHr,1.0,1.0,1.0,1.0,0.5,0.5,1.0,0.5,0.5
qwen_instruct,h1_dinc,79,main,ShAs,1.0,1.0,1.0,1.0,0.5,0.5,1.0,0.5,0.5
qwen_instruct,h1_dinc,79,main,ShCo,1.0,1.0,1.0,1.0,0.5,0.5,1.0,0.5,0.5
qwen_instruct,h1_dinc,79,main,ShSh,1.0,1.0,1.0,1.0,0.5,0.5,1.0,0.5,0.5
qwen_instruct,h1_dinc,79,main_perp,AsAs,0.7916666666666666,0.375,0.47368421052631576,0.7916666666666666,0.4583333333333333,0.5789473684210527,0.7916666666666666,0.4583333333333333,0.5789473684210527
qwen_instruct,h1_dinc,79,main_perp,AsBa,0.875,0.375,0.42857142857142855,0.875,0.4583333333333333,0.5238095238095238,0.875,0.4166666666666667,0.47619047619047616
qwen_instruct,h1_dinc,79,main_perp,AsCh,0.7916666666666666,0.4166666666666667,0.5263157894736842,0.7916666666666666,0.4166666666666667,0.5263157894736842,0.7916666666666666,0.375,0.47368421052631576
qwen_instruct,h1_dinc,79,main_perp,AsCm,0.7916666666666666,0.3333333333333333,0.42105263157894735,0.7916666666666666,0.5,0.631578947368421,0.7916666666666666,0.2916666666666667,0.3684210526315789
qwen_instruct,h1_dinc,79,main_perp,AsCo,0.9583333333333334,0.4583333333333333,0.4782608695652174,0.9583333333333334,0.5,0.5217391304347826,0.9583333333333334,0.5,0.5217391304347826
qwen_instruct,h1_dinc,79,main_perp,AsDl,0.8333333333333334,0.375,0.45,0.8333333333333334,0.4583333333333333,0.55,0.8333333333333334,0.375,0.45
qwen_instruct,h1_dinc,79,main_perp,AsHa,0.8333333333333334,0.3333333333333333,0.4,0.8333333333333334,0.4166666666666667,0.5,0.8333333333333334,0.4166666666666667,0.5
qwen_instruct,h1_dinc,79,main_perp,AsHr,0.8333333333333334,0.5,0.6,0.8333333333333334,0.5416666666666666,0.65,0.8333333333333334,0.2916666666666667,0.35
qwen_instruct,h1_dinc,79,main_perp,AsNc,0.875,0.3333333333333333,0.38095238095238093,0.875,0.4583333333333333,0.5238095238095238,0.875,0.4583333333333333,0.5238095238095238
qwen_instruct,h1_dinc,79,main_perp,AsPc,0.7916666666666666,0.375,0.47368421052631576,0.7916666666666666,0.4583333333333333,0.5789473684210527,0.7916666666666666,0.4583333333333333,0.5789473684210527
qwen_instruct,h1_dinc,79,main_perp,AsPd,0.9583333333333334,0.5416666666666666,0.5652173913043478,0.9583333333333334,0.5,0.5217391304347826,0.9583333333333334,0.4583333333333333,0.4782608695652174
qwen_instruct,h1_dinc,79,main_perp,AsSh,0.8333333333333334,0.375,0.45,0.8333333333333334,0.5,0.6,0.8333333333333334,0.5,0.6
qwen_instruct,h1_dinc,79,main_perp,BaAs,0.875,0.375,0.42857142857142855,0.875,0.4583333333333333,0.5238095238095238,0.875,0.4583333333333333,0.5238095238095238
qwen_instruct,h1_dinc,79,main_perp,BaBa,0.9166666666666666,0.3333333333333333,0.36363636363636365,0.9166666666666666,0.4166666666666667,0.45454545454545453,0.9166666666666666,0.4166666666666667,0.45454545454545453
qwen_instruct,h1_dinc,79,main_perp,BaCh,0.9583333333333334,0.5,0.5217391304347826,0.9583333333333334,0.4583333333333333,0.4782608695652174,0.9583333333333334,0.4583333333333333,0.4782608695652174
qwen_instruct,h1_dinc,79,main_perp,BaCm,1.0,0.4583333333333333,0.4583333333333333,1.0,0.375,0.375,1.0,0.375,0.375
qwen_instruct,h1_dinc,79,main_perp,BaCo,0.75,0.4166666666666667,0.5555555555555556,0.75,0.4166666666666667,0.5555555555555556,0.75,0.4166666666666667,0.5555555555555556
qwen_instruct,h1_dinc,79,main_perp,BaDl,0.7083333333333334,0.3333333333333333,0.47058823529411764,0.7083333333333334,0.5,0.7058823529411765,0.7083333333333334,0.5,0.7058823529411765
qwen_instruct,h1_dinc,79,main_perp,BaHa,1.0,0.5833333333333334,0.5833333333333334,1.0,0.5,0.5,1.0,0.5,0.5
qwen_instruct,h1_dinc,79,main_perp,BaHr,0.6666666666666666,0.20833333333333334,0.3125,0.6666666666666666,0.375,0.5625,0.6666666666666666,0.375,0.5625
qwen_instruct,h1_dinc,79,main_perp,BaNc,0.9583333333333334,0.4166666666666667,0.43478260869565216,0.9583333333333334,0.5833333333333334,0.6086956521739131,0.9583333333333334,0.375,0.391304347826087
qwen_instruct,h1_dinc,79,main_perp,BaPc,0.6666666666666666,0.25,0.375,0.6666666666666666,0.20833333333333334,0.3125,0.6666666666666666,0.4583333333333333,0.6875
qwen_instruct,h1_dinc,79,main_perp,BaPd,0.8333333333333334,0.375,0.45,0.8333333333333334,0.375,0.45,0.8333333333333334,0.375,0.45
qwen_instruct,h1_dinc,79,main_perp,BaSh,0.9166666666666666,0.375,0.4090909090909091,0.9166666666666666,0.4166666666666667,0.45454545454545453,0.9166666666666666,0.4166666666666667,0.45454545454545453
qwen_instruct,h1_dinc,79,main_perp,ChAs,0.9166666666666666,0.4583333333333333,0.5,0.9166666666666666,0.5,0.5454545454545454,0.9166666666666666,0.5,0.5454545454545454
qwen_instruct,h1_dinc,79,main_perp,ChBa,0.75,0.25,0.3333333333333333,0.75,0.5,0.6666666666666666,0.75,0.5,0.6666666666666666
qwen_instruct,h1_dinc,79,main_perp,ChCh,0.7083333333333334,0.3333333333333333,0.47058823529411764,0.7083333333333334,0.3333333333333333,0.47058823529411764,0.7083333333333334,0.3333333333333333,0.47058823529411764
qwen_instruct,h1_dinc,79,main_perp,ChCm,0.625,0.4166666666666667,0.6666666666666666,0.625,0.25,0.4,0.625,0.25,0.4
qwen_instruct,h1_dinc,79,main_perp,ChCo,0.875,0.4166666666666667,0.47619047619047616,0.875,0.4583333333333333,0.5238095238095238,0.875,0.4583333333333333,0.5238095238095238
qwen_instruct,h1_dinc,79,main_perp,ChDl,0.5833333333333334,0.3333333333333333,0.5714285714285714,0.5833333333333334,0.20833333333333334,0.35714285714285715,0.5833333333333334,0.20833333333333334,0.35714285714285715
qwen_instruct,h1_dinc,79,main_perp,ChHa,0.75,0.2916666666666667,0.3888888888888889,0.75,0.4583333333333333,0.6111111111111112,0.75,0.2916666666666667,0.3888888888888889
qwen_instruct,h1_dinc,79,main_perp,ChHr,0.9166666666666666,0.4583333333333333,0.5,0.9166666666666666,0.4166666666666667,0.45454545454545453,0.9166666666666666,0.4166666666666667,0.45454545454545453
qwen_instruct,h1_dinc,79,main_perp,CmAs,0.8333333333333334,0.4166666666666667,0.5,0.8333333333333334,0.5,0.6,0.8333333333333334,0.3333333333333333,0.4
qwen_instruct,h1_dinc,79,main_perp,CmCm,0.3333333333333333,0.125,0.375,0.3333333333333333,0.20833333333333334,0.625,0.3333333333333333,0.125,0.375
qwen_instruct,h1_dinc,79,main_perp,CmDl,0.5,0.16666666666666666,0.3333333333333333,0.5,0.3333333333333333,0.6666666666666666,0.5,0.16666666666666666,0.3333333333333333
qwen_instruct,h1_dinc,79,main_perp,CmHa,0.4583333333333333,0.16666666666666666,0.36363636363636365,0.4583333333333333,0.2916666666666667,0.6363636363636364,0.4583333333333333,0.16666666666666666,0.36363636363636365
qwen_instruct,h1_dinc,79,main_perp,CmNc,0.5833333333333334,0.2916666666666667,0.5,0.5833333333333334,0.25,0.42857142857142855,0.5833333333333334,0.3333333333333333,0.5714285714285714
qwen_instruct,h1_dinc,79,main_perp,CoAs,0.7083333333333334,0.2916666666666667,0.4117647058823529,0.7083333333333334,0.3333333333333333,0.47058823529411764,0.7083333333333334,0.3333333333333333,0.47058823529411764
qwen_instruct,h1_dinc,79,main_perp,CoCo,0.7916666666666666,0.375,0.47368421052631576,0.7916666666666666,0.3333333333333333,0.42105263157894735,0.7916666666666666,0.3333333333333333,0.42105263157894735
qwen_instruct,h1_dinc,79,main_perp,CoSh,0.5,0.3333333333333333,0.6666666666666666,0.5,0.16666666666666666,0.3333333333333333,0.5,0.16666666666666666,0.3333333333333333
qwen_instruct,h1_dinc,79,main_perp,HaAs,0.7916666666666666,0.4166666666666667,0.5263157894736842,0.7916666666666666,0.375,0.47368421052631576,0.7916666666666666,0.375,0.47368421052631576
qwen_instruct,h1_dinc,79,main_perp,HaBa,0.75,0.3333333333333333,0.4444444444444444,0.75,0.3333333333333333,0.4444444444444444,0.75,0.3333333333333333,0.4444444444444444
qwen_instruct,h1_dinc,79,main_perp,HaCm,0.7916666666666666,0.5,0.631578947368421,0.7916666666666666,0.375,0.47368421052631576,0.7916666666666666,0.375,0.47368421052631576
qwen_instruct,h1_dinc,79,main_perp,HaDl,0.4166666666666667,0.125,0.3,0.4166666666666667,0.16666666666666666,0.4,0.4166666666666667,0.16666666666666666,0.4
qwen_instruct,h1_dinc,79,main_perp,HaHa,0.4166666666666667,0.125,0.3,0.4166666666666667,0.20833333333333334,0.5,0.4166666666666667,0.20833333333333334,0.5
qwen_instruct,h1_dinc,79,main_perp,HaNc,0.625,0.25,0.4,0.625,0.25,0.4,0.625,0.25,0.4
qwen_instruct,h1_dinc,79,main_perp,HaPc,0.5,0.25,0.5,0.5,0.25,0.5,0.5,0.25,0.5
qwen_instruct,h1_dinc,79,main_perp,HrAs,0.7083333333333334,0.3333333333333333,0.47058823529411764,0.7083333333333334,0.3333333333333333,0.47058823529411764,0.7083333333333334,0.375,0.5294117647058824
qwen_instruct,h1_dinc,79,main_perp,HrBa,0.5833333333333334,0.25,0.42857142857142855,0.5833333333333334,0.2916666666666667,0.5,0.5833333333333334,0.2916666666666667,0.5
qwen_instruct,h1_dinc,79,main_perp,HrCh,0.5,0.2916666666666667,0.5833333333333334,0.5,0.16666666666666666,0.3333333333333333,0.5,0.3333333333333333,0.6666666666666666
qwen_instruct,h1_dinc,79,main_perp,HrHr,0.875,0.25,0.2857142857142857,0.875,0.4583333333333333,0.5238095238095238,0.875,0.4166666666666667,0.47619047619047616
qwen_instruct,h1_dinc,79,main_perp,ShAs,0.7916666666666666,0.4583333333333333,0.5789473684210527,0.7916666666666666,0.3333333333333333,0.42105263157894735,0.7916666666666666,0.3333333333333333,0.42105263157894735
qwen_instruct,h1_dinc,79,main_perp,ShCo,0.8333333333333334,0.3333333333333333,0.4,0.8333333333333334,0.2916666666666667,0.35,0.8333333333333334,0.2916666666666667,0.35
qwen_instruct,h1_dinc,79,main_perp,ShSh,0.875,0.5416666666666666,0.6190476190476191,0.875,0.4583333333333333,0.5238095238095238,0.875,0.4583333333333333,0.5238095238095238
qwen_instruct,h1_dinc,79,random,AsAs,0.5833333333333334,0.5833333333333334,1.0,0.5833333333333334,0.20833333333333334,0.35714285714285715,0.5833333333333334,0.20833333333333334,0.35714285714285715
qwen_instruct,h1_dinc,79,random,AsBa,0.5833333333333334,0.4583333333333333,0.7857142857142857,0.5833333333333334,0.375,0.6428571428571429,0.5833333333333334,0.20833333333333334,0.35714285714285715
qwen_instruct,h1_dinc,79,random,AsCh,0.5416666666666666,0.4166666666666667,0.7692307692307693,0.5416666666666666,0.16666666666666666,0.3076923076923077,0.5416666666666666,0.375,0.6923076923076923
qwen_instruct,h1_dinc,79,random,AsCm,0.625,0.4166666666666667,0.6666666666666666,0.625,0.375,0.6,0.625,0.25,0.4
qwen_instruct,h1_dinc,79,random,AsCo,0.5416666666666666,0.4166666666666667,0.7692307692307693,0.5416666666666666,0.16666666666666666,0.3076923076923077,0.5416666666666666,0.16666666666666666,0.3076923076923077
qwen_instruct,h1_dinc,79,random,AsDl,0.7083333333333334,0.5416666666666666,0.7647058823529411,0.7083333333333334,0.375,0.5294117647058824,0.7083333333333334,0.3333333333333333,0.47058823529411764
qwen_instruct,h1_dinc,79,random,AsHa,0.5416666666666666,0.375,0.6923076923076923,0.5416666666666666,0.16666666666666666,0.3076923076923077,0.5416666666666666,0.16666666666666666,0.3076923076923077
qwen_instruct,h1_dinc,79,random,AsHr,0.7083333333333334,0.5416666666666666,0.7647058823529411,0.7083333333333334,0.4166666666666667,0.5882352941176471,0.7083333333333334,0.2916666666666667,0.4117647058823529
qwen_instruct,h1_dinc,79,random,AsNc,0.75,0.5833333333333334,0.7777777777777778,0.75,0.5416666666666666,0.7222222222222222,0.75,0.5416666666666666,0.7222222222222222
qwen_instruct,h1_dinc,79,random,AsPc,0.7083333333333334,0.5,0.7058823529411765,0.7083333333333334,0.2916666666666667,0.4117647058823529,0.7083333333333334,0.2916666666666667,0.4117647058823529
qwen_instruct,h1_dinc,79,random,AsPd,0.75,0.5416666666666666,0.7222222222222222,0.75,0.3333333333333333,0.4444444444444444,0.75,0.4166666666666667,0.5555555555555556
qwen_instruct,h1_dinc,79,random,AsSh,0.5,0.4166666666666667,0.8333333333333334,0.5,0.16666666666666666,0.3333333333333333,0.5,0.16666666666666666,0.3333333333333333
qwen_instruct,h1_dinc,79,random,BaAs,0.75,0.5,0.6666666666666666,0.75,0.375,0.5,0.75,0.375,0.5
qwen_instruct,h1_dinc,79,random,BaBa,0.625,0.4583333333333333,0.7333333333333333,0.625,0.25,0.4,0.625,0.25,0.4
qwen_instruct,h1_dinc,79,random,BaCh,0.6666666666666666,0.5,0.75,0.6666666666666666,0.3333333333333333,0.5,0.6666666666666666,0.3333333333333333,0.5
qwen_instruct,h1_dinc,79,random,BaCm,0.8333333333333334,0.5833333333333334,0.7,0.8333333333333334,0.5,0.6,0.8333333333333334,0.5,0.6
qwen_instruct,h1_dinc,79,random,BaCo,0.5833333333333334,0.4583333333333333,0.7857142857142857,0.5833333333333334,0.2916666666666667,0.5,0.5833333333333334,0.2916666666666667,0.5
qwen_instruct,h1_dinc,79,random,BaDl,0.75,0.625,0.8333333333333334,0.75,0.4166666666666667,0.5555555555555556,0.75,0.4166666666666667,0.5555555555555556
qwen_instruct,h1_dinc,79,random,BaHa,0.6666666666666666,0.4583333333333333,0.6875,0.6666666666666666,0.4166666666666667,0.625,0.6666666666666666,0.25,0.375
qwen_instruct,h1_dinc,79,random,BaHr,0.5416666666666666,0.4583333333333333,0.8461538461538461,0.5416666666666666,0.20833333333333334,0.38461538461538464,0.5416666666666666,0.20833333333333334,0.38461538461538464
qwen_instruct,h1_dinc,79,random,BaNc,0.9166666666666666,0.6666666666666666,0.7272727272727273,0.9166666666666666,0.2916666666666667,0.3181818181818182,0.9166666666666666,0.625,0.6818181818181818
qwen_instruct,h1_dinc,79,random,BaPc,0.6666666666666666,0.5,0.75,0.6666666666666666,0.3333333333333333,0.5,0.6666666666666666,0.3333333333333333,0.5
qwen_instruct,h1_dinc,79,random,BaPd,0.5416666666666666,0.4166666666666667,0.7692307692307693,0.5416666666666666,0.25,0.46153846153846156,0.5416666666666666,0.25,0.46153846153846156
qwen_instruct,h1_dinc,79,random,BaSh,0.75,0.5833333333333334,0.7777777777777778,0.75,0.2916666666666667,0.3888888888888889,0.75,0.2916666666666667,0.3888888888888889
qwen_instruct,h1_dinc,79,random,ChAs,0.7083333333333334,0.5416666666666666,0.7647058823529411,0.7083333333333334,0.5416666666666666,0.7647058823529411,0.7083333333333334,0.5416666666666666,0.7647058823529411
qwen_instruct,h1_dinc,79,random,ChBa,0.5833333333333334,0.5833333333333334,1.0,0.5833333333333334,0.20833333333333334,0.35714285714285715,0.5833333333333334,0.20833333333333334,0.35714285714285715
qwen_instruct,h1_dinc,79,random,ChCh,0.6666666666666666,0.5416666666666666,0.8125,0.6666666666666666,0.25,0.375,0.6666666666666666,0.25,0.375
qwen_instruct,h1_dinc,79,random,ChCm,0.75,0.6666666666666666,0.8888888888888888,0.75,0.4166666666666667,0.5555555555555556,0.75,0.4166666666666667,0.5555555555555556
qwen_instruct,h1_dinc,79,random,ChCo,0.625,0.5,0.8,0.625,0.25,0.4,0.625,0.25,0.4
qwen_instruct,h1_dinc,79,random,ChDl,0.5416666666666666,0.4166666666666667,0.7692307692307693,0.5416666666666666,0.3333333333333333,0.6153846153846154,0.5416666666666666,0.3333333333333333,0.6153846153846154
qwen_instruct,h1_dinc,79,random,ChHa,0.625,0.5,0.8,0.625,0.3333333333333333,0.5333333333333333,0.625,0.2916666666666667,0.4666666666666667
qwen_instruct,h1_dinc,79,random,ChHr,0.5833333333333334,0.5,0.8571428571428571,0.5833333333333334,0.2916666666666667,0.5,0.5833333333333334,0.2916666666666667,0.5
qwen_instruct,h1_dinc,79,random,CmAs,0.6666666666666666,0.5833333333333334,0.875,0.6666666666666666,0.3333333333333333,0.5,0.6666666666666666,0.3333333333333333,0.5
qwen_instruct,h1_dinc,79,random,CmCm,0.2916666666666667,0.25,0.8571428571428571,0.2916666666666667,0.125,0.42857142857142855,0.2916666666666667,0.16666666666666666,0.5714285714285714
qwen_instruct,h1_dinc,79,random,CmDl,0.4166666666666667,0.3333333333333333,0.8,0.4166666666666667,0.25,0.6,0.4166666666666667,0.16666666666666666,0.4
qwen_instruct,h1_dinc,79,random,CmHa,0.4166666666666667,0.2916666666666667,0.7,0.4166666666666667,0.20833333333333334,0.5,0.4166666666666667,0.20833333333333334,0.5
qwen_instruct,h1_dinc,79,random,CmNc,0.5,0.4166666666666667,0.8333333333333334,0.5,0.16666666666666666,0.3333333333333333,0.5,0.3333333333333333,0.6666666666666666
qwen_instruct,h1_dinc,79,random,CoAs,0.5416666666666666,0.5416666666666666,1.0,0.5416666666666666,0.25,0.46153846153846156,0.5416666666666666,0.25,0.46153846153846156
qwen_instruct,h1_dinc,79,random,CoCo,0.7083333333333334,0.5833333333333334,0.8235294117647058,0.7083333333333334,0.3333333333333333,0.47058823529411764,0.7083333333333334,0.3333333333333333,0.47058823529411764
qwen_instruct,h1_dinc,79,random,CoSh,0.5416666666666666,0.5,0.9230769230769231,0.5416666666666666,0.25,0.46153846153846156,0.5416666666666666,0.25,0.46153846153846156
qwen_instruct,h1_dinc,79,random,HaAs,0.5,0.4583333333333333,0.9166666666666666,0.5,0.2916666666666667,0.5833333333333334,0.5,0.2916666666666667,0.5833333333333334
qwen_instruct,h1_dinc,79,random,HaBa,0.5,0.4166666666666667,0.8333333333333334,0.5,0.2916666666666667,0.5833333333333334,0.5,0.2916666666666667,0.5833333333333334
qwen_instruct,h1_dinc,79,random,HaCm,0.75,0.5416666666666666,0.7222222222222222,0.75,0.25,0.3333333333333333,0.75,0.25,0.3333333333333333
qwen_instruct,h1_dinc,79,random,HaDl,0.375,0.3333333333333333,0.8888888888888888,0.375,0.16666666666666666,0.4444444444444444,0.375,0.16666666666666666,0.4444444444444444
qwen_instruct,h1_dinc,79,random,HaHa,0.4166666666666667,0.375,0.9,0.4166666666666667,0.25,0.6,0.4166666666666667,0.25,0.6
qwen_instruct,h1_dinc,79,random,HaNc,0.5,0.375,0.75,0.5,0.16666666666666666,0.3333333333333333,0.5,0.16666666666666666,0.3333333333333333
qwen_instruct,h1_dinc,79,random,HaPc,0.4583333333333333,0.2916666666666667,0.6363636363636364,0.4583333333333333,0.16666666666666666,0.36363636363636365,0.4583333333333333,0.16666666666666666,0.36363636363636365
qwen_instruct,h1_dinc,79,random,HrAs,0.7083333333333334,0.4583333333333333,0.6470588235294118,0.7083333333333334,0.20833333333333334,0.29411764705882354,0.7083333333333334,0.5,0.7058823529411765
qwen_instruct,h1_dinc,79,random,HrBa,0.5416666666666666,0.4583333333333333,0.8461538461538461,0.5416666666666666,0.2916666666666667,0.5384615384615384,0.5416666666666666,0.25,0.46153846153846156
qwen_instruct,h1_dinc,79,random,HrCh,0.5,0.4166666666666667,0.8333333333333334,0.5,0.25,0.5,0.5,0.25,0.5
qwen_instruct,h1_dinc,79,random,HrHr,0.625,0.5,0.8,0.625,0.4166666666666667,0.6666666666666666,0.625,0.20833333333333334,0.3333333333333333
qwen_instruct,h1_dinc,79,random,ShAs,0.6666666666666666,0.5416666666666666,0.8125,0.6666666666666666,0.375,0.5625,0.6666666666666666,0.375,0.5625
qwen_instruct,h1_dinc,79,random,ShCo,0.75,0.6666666666666666,0.8888888888888888,0.75,0.2916666666666667,0.3888888888888889,0.75,0.2916666666666667,0.3888888888888889
qwen_instruct,h1_dinc,79,random,ShSh,0.625,0.5,0.8,0.625,0.25,0.4,0.625,0.25,0.4
qwen_instruct,h2_choice,65,main,AsAs,1.0,0.0,0.0,1.0,0.5,0.5,1.0,0.5,0.5
qwen_instruct,h2_choice,65,main,AsBa,1.0,0.0,0.0,1.0,0.5,0.5,1.0,0.5,0.5
qwen_instruct,h2_choice,65,main,AsCh,1.0,0.0,0.0,1.0,0.5,0.5,1.0,0.5,0.5
qwen_instruct,h2_choice,65,main,AsCm,1.0,0.0,0.0,1.0,0.5,0.5,1.0,0.5,0.5
qwen_instruct,h2_choice,65,main,AsCo,1.0,0.0,0.0,1.0,0.5,0.5,1.0,0.5,0.5
qwen_instruct,h2_choice,65,main,AsDl,1.0,0.0,0.0,1.0,0.5,0.5,1.0,0.5,0.5
qwen_instruct,h2_choice,65,main,AsHa,1.0,0.0,0.0,1.0,0.5,0.5,1.0,0.5,0.5
qwen_instruct,h2_choice,65,main,AsHr,1.0,0.0,0.0,1.0,0.5,0.5,1.0,0.5,0.5
qwen_instruct,h2_choice,65,main,AsNc,1.0,0.0,0.0,1.0,0.5,0.5,1.0,0.5,0.5
qwen_instruct,h2_choice,65,main,AsPc,1.0,0.0,0.0,1.0,0.5,0.5,1.0,0.5,0.5
qwen_instruct,h2_choice,65,main,AsPd,0.9583333333333334,0.0,0.0,0.9583333333333334,0.5,0.5217391304347826,0.9583333333333334,0.4583333333333333,0.4782608695652174
qwen_instruct,h2_choice,65,main,AsSh,1.0,0.0,0.0,1.0,0.5,0.5,1.0,0.5,0.5
qwen_instruct,h2_choice,65,main,BaAs,1.0,0.0,0.0,1.0,0.5,0.5,1.0,0.5,0.5
qwen_instruct,h2_choice,65,main,BaBa,1.0,0.0,0.0,1.0,0.5,0.5,1.0,0.5,0.5
qwen_instruct,h2_choice,65,main,BaCh,1.0,0.0,0.0,1.0,0.5,0.5,1.0,0.5,0.5
qwen_instruct,h2_choice,65,main,BaCm,1.0,0.0,0.0,1.0,0.5,0.5,1.0,0.5,0.5
qwen_instruct,h2_choice,65,main,BaCo,1.0,0.0,0.0,1.0,0.5,0.5,1.0,0.5,0.5
qwen_instruct,h2_choice,65,main,BaDl,1.0,0.0,0.0,1.0,0.5,0.5,1.0,0.5,0.5
qwen_instruct,h2_choice,65,main,BaHa,1.0,0.0,0.0,1.0,0.5,0.5,1.0,0.5,0.5
qwen_instruct,h2_choice,65,main,BaHr,1.0,0.0,0.0,1.0,0.5,0.5,1.0,0.5,0.5
qwen_instruct,h2_choice,65,main,BaNc,1.0,0.0,0.0,1.0,0.5,0.5,1.0,0.5,0.5
qwen_instruct,h2_choice,65,main,BaPc,1.0,0.0,0.0,1.0,0.5,0.5,1.0,0.5,0.5
qwen_instruct,h2_choice,65,main,BaPd,1.0,0.0,0.0,1.0,0.5,0.5,1.0,0.5,0.5
qwen_instruct,h2_choice,65,main,BaSh,1.0,0.0,0.0,1.0,0.5,0.5,1.0,0.5,0.5
qwen_instruct,h2_choice,65,main,ChAs,1.0,0.0,0.0,1.0,0.5,0.5,1.0,0.5,0.5
qwen_instruct,h2_choice,65,main,ChBa,1.0,0.0,0.0,1.0,0.5,0.5,1.0,0.5,0.5
qwen_instruct,h2_choice,65,main,ChCh,1.0,0.0,0.0,1.0,0.5,0.5,1.0,0.5,0.5
qwen_instruct,h2_choice,65,main,ChCm,1.0,0.0,0.0,1.0,0.5,0.5,1.0,0.5,0.5
qwen_instruct,h2_choice,65,main,ChCo,1.0,0.0,0.0,1.0,0.5,0.5,1.0,0.5,0.5
qwen_instruct,h2_choice,65,main,ChDl,1.0,0.0,0.0,1.0,0.5,0.5,1.0,0.5,0.5
qwen_instruct,h2_choice,65,main,ChHa,1.0,0.0,0.0,1.0,0.5,0.5,1.0,0.5,0.5
qwen_instruct,h2_choice,65,main,ChHr,0.9583333333333334,0.0,0.0,0.9583333333333334,0.4583333333333333,0.4782608695652174,0.9583333333333334,0.4583333333333333,0.4782608695652174
qwen_instruct,h2_choice,65,main,CmAs,1.0,0.0,0.0,1.0,0.5,0.5,1.0,0.5,0.5
qwen_instruct,h2_choice,65,main,CmCm,0.875,0.0,0.0,0.875,0.375,0.42857142857142855,0.875,0.5,0.5714285714285714
qwen_instruct,h2_choice,65,main,CmDl,1.0,0.0,0.0,1.0,0.5,0.5,1.0,0.5,0.5
qwen_instruct,h2_choice,65,main,CmHa,0.9583333333333334,0.041666666666666664,0.043478260869565216,0.9583333333333334,0.4166666666666667,0.43478260869565216,0.9583333333333334,0.5416666666666666,0.5652173913043478
qwen_instruct,h2_choice,65,main,CmNc,0.875,0.0,0.0,0.875,0.375,0.42857142857142855,0.875,0.5,0.5714285714285714
qwen_instruct,h2_choice,65,main,CoAs,1.0,0.0,0.0,1.0,0.5,0.5,1.0,0.5,0.5
qwen_instruct,h2_choice,65,main,CoCo,1.0,0.0,0.0,1.0,0.5,0.5,1.0,0.5,0.5
qwen_instruct,h2_choice,65,main,CoSh,1.0,0.0,0.0,1.0,0.5,0.5,1.0,0.5,0.5
qwen_instruct,h2_choice,65,main,HaAs,0.9583333333333334,0.0,0.0,0.9583333333333334,0.5,0.5217391304347826,0.9583333333333334,0.5,0.5217391304347826
qwen_instruct,h2_choice,65,main,HaBa,0.9166666666666666,0.0,0.0,0.9166666666666666,0.5,0.5454545454545454,0.9166666666666666,0.5,0.5454545454545454
qwen_instruct,h2_choice,65,main,HaCm,0.9583333333333334,0.0,0.0,0.9583333333333334,0.5,0.5217391304347826,0.9583333333333334,0.5,0.5217391304347826
qwen_instruct,h2_choice,65,main,HaDl,0.9166666666666666,0.0,0.0,0.9166666666666666,0.5,0.5454545454545454,0.9166666666666666,0.5,0.5454545454545454
qwen_instruct,h2_choice,65,main,HaHa,1.0,0.0,0.0,1.0,0.5,0.5,1.0,0.5,0.5
qwen_instruct,h2_choice,65,main,HaNc,0.9583333333333334,0.041666666666666664,0.043478260869565216,0.9583333333333334,0.5416666666666666,0.5652173913043478,0.9583333333333334,0.5416666666666666,0.5652173913043478
qwen_instruct,h2_choice,65,main,HaPc,0.9583333333333334,0.0,0.0,0.9583333333333334,0.5,0.5217391304347826,0.9583333333333334,0.5,0.5217391304347826
qwen_instruct,h2_choice,65,main,HrAs,1.0,0.0,0.0,1.0,0.5,0.5,1.0,0.5,0.5
qwen_instruct,h2_choice,65,main,HrBa,0.9583333333333334,0.0,0.0,0.9583333333333334,0.4583333333333333,0.4782608695652174,0.9583333333333334,0.5,0.5217391304347826
qwen_instruct,h2_choice,65,main,HrCh,0.9583333333333334,0.0,0.0,0.9583333333333334,0.4583333333333333,0.4782608695652174,0.9583333333333334,0.5,0.5217391304347826
qwen_instruct,h2_choice,65,main,HrHr,0.9583333333333334,0.0,0.0,0.9583333333333334,0.4583333333333333,0.4782608695652174,0.9583333333333334,0.5,0.5217391304347826
qwen_instruct,h2_choice,65,main,ShAs,1.0,0.0,0.0,1.0,0.5,0.5,1.0,0.5,0.5
qwen_instruct,h2_choice,65,main,ShCo,1.0,0.0,0.0,1.0,0.5,0.5,1.0,0.5,0.5
qwen_instruct,h2_choice,65,main,ShSh,1.0,0.0,0.0,1.0,0.5,0.5,1.0,0.5,0.5
qwen_instruct,h2_choice,65,main_perp,AsAs,1.0,0.0,0.0,1.0,0.5,0.5,1.0,0.5,0.5
qwen_instruct,h2_choice,65,main_perp,AsBa,1.0,0.0,0.0,1.0,0.5,0.5,1.0,0.5,0.5
qwen_instruct,h2_choice,65,main_perp,AsCh,1.0,0.0,0.0,1.0,0.5,0.5,1.0,0.5,0.5
qwen_instruct,h2_choice,65,main_perp,AsCm,1.0,0.0,0.0,1.0,0.5,0.5,1.0,0.5,0.5
qwen_instruct,h2_choice,65,main_perp,AsCo,1.0,0.0,0.0,1.0,0.5,0.5,1.0,0.5,0.5
qwen_instruct,h2_choice,65,main_perp,AsDl,1.0,0.0,0.0,1.0,0.5,0.5,1.0,0.5,0.5
qwen_instruct,h2_choice,65,main_perp,AsHa,1.0,0.0,0.0,1.0,0.5,0.5,1.0,0.5,0.5
qwen_instruct,h2_choice,65,main_perp,AsHr,1.0,0.0,0.0,1.0,0.5,0.5,1.0,0.5,0.5
qwen_instruct,h2_choice,65,main_perp,AsNc,1.0,0.0,0.0,1.0,0.5,0.5,1.0,0.5,0.5
qwen_instruct,h2_choice,65,main_perp,AsPc,1.0,0.0,0.0,1.0,0.5,0.5,1.0,0.5,0.5
qwen_instruct,h2_choice,65,main_perp,AsPd,0.9583333333333334,0.0,0.0,0.9583333333333334,0.5,0.5217391304347826,0.9583333333333334,0.4583333333333333,0.4782608695652174
qwen_instruct,h2_choice,65,main_perp,AsSh,1.0,0.0,0.0,1.0,0.5,0.5,1.0,0.5,0.5
qwen_instruct,h2_choice,65,main_perp,BaAs,1.0,0.0,0.0,1.0,0.5,0.5,1.0,0.5,0.5
qwen_instruct,h2_choice,65,main_perp,BaBa,1.0,0.0,0.0,1.0,0.5,0.5,1.0,0.5,0.5
qwen_instruct,h2_choice,65,main_perp,BaCh,1.0,0.0,0.0,1.0,0.5,0.5,1.0,0.5,0.5
qwen_instruct,h2_choice,65,main_perp,BaCm,1.0,0.0,0.0,1.0,0.5,0.5,1.0,0.5,0.5
qwen_instruct,h2_choice,65,main_perp,BaCo,1.0,0.0,0.0,1.0,0.5,0.5,1.0,0.5,0.5
qwen_instruct,h2_choice,65,main_perp,BaDl,1.0,0.0,0.0,1.0,0.5,0.5,1.0,0.5,0.5
qwen_instruct,h2_choice,65,main_perp,BaHa,1.0,0.0,0.0,1.0,0.5,0.5,1.0,0.5,0.5
qwen_instruct,h2_choice,65,main_perp,BaHr,1.0,0.0,0.0,1.0,0.5,0.5,1.0,0.5,0.5
qwen_instruct,h2_choice,65,main_perp,BaNc,1.0,0.0,0.0,1.0,0.5,0.5,1.0,0.5,0.5
qwen_instruct,h2_choice,65,main_perp,BaPc,1.0,0.0,0.0,1.0,0.5,0.5,1.0,0.5,0.5
qwen_instruct,h2_choice,65,main_perp,BaPd,1.0,0.0,0.0,1.0,0.5,0.5,1.0,0.5,0.5
qwen_instruct,h2_choice,65,main_perp,BaSh,1.0,0.0,0.0,1.0,0.5,0.5,1.0,0.5,0.5
qwen_instruct,h2_choice,65,main_perp,ChAs,1.0,0.0,0.0,1.0,0.5,0.5,1.0,0.5,0.5
qwen_instruct,h2_choice,65,main_perp,ChBa,1.0,0.0,0.0,1.0,0.5,0.5,1.0,0.5,0.5
qwen_instruct,h2_choice,65,main_perp,ChCh,1.0,0.0,0.0,1.0,0.5,0.5,1.0,0.5,0.5
qwen_instruct,h2_choice,65,main_perp,ChCm,1.0,0.0,0.0,1.0,0.5,0.5,1.0,0.5,0.5
qwen_instruct,h2_choice,65,main_perp,ChCo,1.0,0.0,0.0,1.0,0.5,0.5,1.0,0.5,0.5
qwen_instruct,h2_choice,65,main_perp,ChDl,1.0,0.0,0.0,1.0,0.5,0.5,1.0,0.5,0.5
qwen_instruct,h2_choice,65,main_perp,ChHa,1.0,0.0,0.0,1.0,0.5,0.5,1.0,0.5,0.5
qwen_instruct,h2_choice,65,main_perp,ChHr,1.0,0.041666666666666664,0.041666666666666664,1.0,0.4583333333333333,0.4583333333333333,1.0,0.4583333333333333,0.4583333333333333
qwen_instruct,h2_choice,65,main_perp,CmAs,0.9583333333333334,0.0,0.0,0.9583333333333334,0.4583333333333333,0.4782608695652174,0.9583333333333334,0.5,0.5217391304347826
qwen_instruct,h2_choice,65,main_perp,CmCm,0.9583333333333334,0.0,0.0,0.9583333333333334,0.4583333333333333,0.4782608695652174,0.9583333333333334,0.5,0.5217391304347826
qwen_instruct,h2_choice,65,main_perp,CmDl,0.875,0.041666666666666664,0.047619047619047616,0.875,0.3333333333333333,0.38095238095238093,0.875,0.5416666666666666,0.6190476190476191
qwen_instruct,h2_choice,65,main_perp,CmHa,0.8333333333333334,0.0,0.0,0.8333333333333334,0.3333333333333333,0.4,0.8333333333333334,0.5,0.6
qwen_instruct,h2_choice,65,main_perp,CmNc,0.9166666666666666,0.0,0.0,0.9166666666666666,0.4166666666666667,0.45454545454545453,0.9166666666666666,0.5,0.5454545454545454
qwen_instruct,h2_choice,65,main_perp,CoAs,1.0,0.0,0.0,1.0,0.5,0.5,1.0,0.5,0.5
qwen_instruct,h2_choice,65,main_perp,CoCo,1.0,0.0,0.0,1.0,0.5,0.5,1.0,0.5,0.5
qwen_instruct,h2_choice,65,main_perp,CoSh,1.0,0.0,0.0,1.0,0.5,0.5,1.0,0.5,0.5
qwen_instruct,h2_choice,65,main_perp,HaAs,1.0,0.041666666666666664,0.041666666666666664,1.0,0.5416666666666666,0.5416666666666666,1.0,0.5416666666666666,0.5416666666666666
qwen_instruct,h2_choice,65,main_perp,HaBa,0.9583333333333334,0.041666666666666664,0.043478260869565216,0.9583333333333334,0.5416666666666666,0.5652173913043478,0.9583333333333334,0.5416666666666666,0.5652173913043478
qwen_instruct,h2_choice,65,main_perp,HaCm,0.9583333333333334,0.0,0.0,0.9583333333333334,0.5,0.5217391304347826,0.9583333333333334,0.5,0.5217391304347826
qwen_instruct,h2_choice,65,main_perp,HaDl,1.0,0.08333333333333333,0.08333333333333333,1.0,0.5833333333333334,0.5833333333333334,1.0,0.5833333333333334,0.5833333333333334
qwen_instruct,h2_choice,65,main_perp,HaHa,1.0,0.0,0.0,1.0,0.5,0.5,1.0,0.5,0.5
qwen_instruct,h2_choice,65,main_perp,HaNc,0.9166666666666666,0.0,0.0,0.9166666666666666,0.5,0.5454545454545454,0.9166666666666666,0.5,0.5454545454545454
qwen_instruct,h2_choice,65,main_perp,HaPc,0.875,0.0,0.0,0.875,0.5,0.5714285714285714,0.875,0.5,0.5714285714285714
qwen_instruct,h2_choice,65,main_perp,HrAs,1.0,0.041666666666666664,0.041666666666666664,1.0,0.4583333333333333,0.4583333333333333,1.0,0.5416666666666666,0.5416666666666666
qwen_instruct,h2_choice,65,main_perp,HrBa,0.9583333333333334,0.041666666666666664,0.043478260869565216,0.9583333333333334,0.4166666666666667,0.43478260869565216,0.9583333333333334,0.5416666666666666,0.5652173913043478
qwen_instruct,h2_choice,65,main_perp,HrCh,0.9166666666666666,0.0,0.0,0.9166666666666666,0.4166666666666667,0.45454545454545453,0.9166666666666666,0.5,0.5454545454545454
qwen_instruct,h2_choice,65,main_perp,HrHr,1.0,0.0,0.0,1.0,0.5,0.5,1.0,0.5,0.5
qwen_instruct,h2_choice,65,main_perp,ShAs,1.0,0.0,0.0,1.0,0.5,0.5,1.0,0.5,0.5
qwen_instruct,h2_choice,65,main_perp,ShCo,1.0,0.0,0.0,1.0,0.5,0.5,1.0,0.5,0.5
qwen_instruct,h2_choice,65,main_perp,ShSh,1.0,0.0,0.0,1.0,0.5,0.5,1.0,0.5,0.5
qwen_instruct,h2_choice,65,random,AsAs,0.875,0.375,0.42857142857142855,0.875,0.4583333333333333,0.5238095238095238,0.875,0.4583333333333333,0.5238095238095238
qwen_instruct,h2_choice,65,random,AsBa,0.875,0.5833333333333334,0.6666666666666666,0.875,0.5416666666666666,0.6190476190476191,0.875,0.3333333333333333,0.38095238095238093
qwen_instruct,h2_choice,65,random,AsCh,0.9166666666666666,0.5833333333333334,0.6363636363636364,0.9166666666666666,0.3333333333333333,0.36363636363636365,0.9166666666666666,0.5833333333333334,0.6363636363636364
qwen_instruct,h2_choice,65,random,AsCm,0.9166666666666666,0.5,0.5454545454545454,0.9166666666666666,0.4583333333333333,0.5,0.9166666666666666,0.4583333333333333,0.5
qwen_instruct,h2_choice,65,random,AsCo,0.875,0.625,0.7142857142857143,0.875,0.4583333333333333,0.5238095238095238,0.875,0.4583333333333333,0.5238095238095238
qwen_instruct,h2_choice,65,random,AsDl,0.75,0.4583333333333333,0.6111111111111112,0.75,0.2916666666666667,0.3888888888888889,0.75,0.4583333333333333,0.6111111111111112
qwen_instruct,h2_choice,65,random,AsHa,0.75,0.3333333333333333,0.4444444444444444,0.75,0.5,0.6666666666666666,0.75,0.5,0.6666666666666666
qwen_instruct,h2_choice,65,random,AsHr,0.8333333333333334,0.5,0.6,0.8333333333333334,0.3333333333333333,0.4,0.8333333333333334,0.5,0.6
qwen_instruct,h2_choice,65,random,AsNc,0.9166666666666666,0.4583333333333333,0.5,0.9166666666666666,0.375,0.4090909090909091,0.9166666666666666,0.375,0.4090909090909091
qwen_instruct,h2_choice,65,random,AsPc,0.6666666666666666,0.375,0.5625,0.6666666666666666,0.3333333333333333,0.5,0.6666666666666666,0.3333333333333333,0.5
qwen_instruct,h2_choice,65,random,AsPd,0.9166666666666666,0.5416666666666666,0.5909090909090909,0.9166666666666666,0.5,0.5454545454545454,0.9166666666666666,0.4166666666666667,0.45454545454545453
qwen_instruct,h2_choice,65,random,AsSh,0.5416666666666666,0.25,0.46153846153846156,0.5416666666666666,0.375,0.6923076923076923,0.5416666666666666,0.375,0.6923076923076923
qwen_instruct,h2_choice,65,random,BaAs,0.9166666666666666,0.3333333333333333,0.36363636363636365,0.9166666666666666,0.4166666666666667,0.45454545454545453,0.9166666666666666,0.4166666666666667,0.45454545454545453
qwen_instruct,h2_choice,65,random,BaBa,0.875,0.5,0.5714285714285714,0.875,0.3333333333333333,0.38095238095238093,0.875,0.3333333333333333,0.38095238095238093
qwen_instruct,h2_choice,65,random,BaCh,0.875,0.5833333333333334,0.6666666666666666,0.875,0.3333333333333333,0.38095238095238093,0.875,0.3333333333333333,0.38095238095238093
qwen_instruct,h2_choice,65,random,BaCm,0.875,0.5,0.5714285714285714,0.875,0.2916666666666667,0.3333333333333333,0.875,0.2916666666666667,0.3333333333333333
qwen_instruct,h2_choice,65,random,BaCo,0.7916666666666666,0.4583333333333333,0.5789473684210527,0.7916666666666666,0.375,0.47368421052631576,0.7916666666666666,0.375,0.47368421052631576
qwen_instruct,h2_choice,65,random,BaDl,0.9166666666666666,0.375,0.4090909090909091,0.9166666666666666,0.2916666666666667,0.3181818181818182,0.9166666666666666,0.2916666666666667,0.3181818181818182
qwen_instruct,h2_choice,65,random,BaHa,1.0,0.5,0.5,1.0,0.4166666666666667,0.4166666666666667,1.0,0.5833333333333334,0.5833333333333334
qwen_instruct,h2_choice,65,random,BaHr,0.875,0.625,0.7142857142857143,0.875,0.4583333333333333,0.5238095238095238,0.875,0.4583333333333333,0.5238095238095238
qwen_instruct,h2_choice,65,random,BaNc,0.9583333333333334,0.5,0.5217391304347826,0.9583333333333334,0.5,0.5217391304347826,0.9583333333333334,0.4583333333333333,0.4782608695652174
qwen_instruct,h2_choice,65,random,BaPc,0.8333333333333334,0.4166666666666667,0.5,0.8333333333333334,0.4166666666666667,0.5,0.8333333333333334,0.4166666666666667,0.5
qwen_instruct,h2_choice,65,random,BaPd,0.8333333333333334,0.5416666666666666,0.65,0.8333333333333334,0.25,0.3,0.8333333333333334,0.25,0.3
qwen_instruct,h2_choice,65,random,BaSh,0.875,0.5416666666666666,0.6190476190476191,0.875,0.4583333333333333,0.5238095238095238,0.875,0.4583333333333333,0.5238095238095238
qwen_instruct,h2_choice,65,random,ChAs,0.6666666666666666,0.4583333333333333,0.6875,0.6666666666666666,0.25,0.375,0.6666666666666666,0.25,0.375
qwen_instruct,h2_choice,65,random,ChBa,0.875,0.5416666666666666,0.6190476190476191,0.875,0.3333333333333333,0.38095238095238093,0.875,0.3333333333333333,0.38095238095238093
qwen_instruct,h2_choice,65,random,ChCh,0.7916666666666666,0.375,0.47368421052631576,0.7916666666666666,0.2916666666666667,0.3684210526315789,0.7916666666666666,0.2916666666666667,0.3684210526315789
qwen_instruct,h2_choice,65,random,ChCm,0.9583333333333334,0.6666666666666666,0.6956521739130435,0.9583333333333334,0.25,0.2608695652173913,0.9583333333333334,0.25,0.2608695652173913
qwen_instruct,h2_choice,65,random,ChCo,0.875,0.5833333333333334,0.6666666666666666,0.875,0.5,0.5714285714285714,0.875,0.5,0.5714285714285714
qwen_instruct,h2_choice,65,random,ChDl,0.75,0.4583333333333333,0.6111111111111112,0.75,0.2916666666666667,0.3888888888888889,0.75,0.2916666666666667,0.3888888888888889
qwen_instruct,h2_choice,65,random,ChHa,0.75,0.5,0.6666666666666666,0.75,0.20833333333333334,0.2777777777777778,0.75,0.5416666666666666,0.7222222222222222
qwen_instruct,h2_choice,65,random,ChHr,0.7916666666666666,0.4166666666666667,0.5263157894736842,0.7916666666666666,0.2916666666666667,0.3684210526315789,0.7916666666666666,0.2916666666666667,0.3684210526315789
qwen_instruct,h2_choice,65,random,CmAs,0.9583333333333334,0.5833333333333334,0.6086956521739131,0.9583333333333334,0.3333333333333333,0.34782608695652173,0.9583333333333334,0.625,0.6521739130434783
qwen_instruct,h2_choice,65,random,CmCm,0.5833333333333334,0.375,0.6428571428571429,0.5833333333333334,0.125,0.21428571428571427,0.5833333333333334,0.4583333333333333,0.7857142857142857
qwen_instruct,h2_choice,65,random,CmDl,0.7916666666666666,0.5833333333333334,0.7368421052631579,0.7916666666666666,0.3333333333333333,0.42105263157894735,0.7916666666666666,0.4583333333333333,0.5789473684210527
qwen_instruct,h2_choice,65,random,CmHa,0.8333333333333334,0.5833333333333334,0.7,0.8333333333333334,0.125,0.15,0.8333333333333334,0.7083333333333334,0.85
qwen_instruct,h2_choice,65,random,CmNc,0.75,0.4166666666666667,0.5555555555555556,0.75,0.25,0.3333333333333333,0.75,0.5,0.6666666666666666
qwen_instruct,h2_choice,65,random,CoAs,0.75,0.5,0.6666666666666666,0.75,0.4583333333333333,0.6111111111111112,0.75,0.4583333333333333,0.6111111111111112
qwen_instruct,h2_choice,65,random,CoCo,0.7916666666666666,0.5416666666666666,0.6842105263157895,0.7916666666666666,0.5833333333333334,0.7368421052631579,0.7916666666666666,0.5833333333333334,0.7368421052631579
qwen_instruct,h2_choice,65,random,CoSh,0.75,0.5,0.6666666666666666,0.75,0.5833333333333334,0.7777777777777778,0.75,0.5833333333333334,0.7777777777777778
qwen_instruct,h2_choice,65,random,HaAs,0.9166666666666666,0.5833333333333334,0.6363636363636364,0.9166666666666666,0.6666666666666666,0.7272727272727273,0.9166666666666666,0.6666666666666666,0.7272727272727273
qwen_instruct,h2_choice,65,random,HaBa,0.7916666666666666,0.5416666666666666,0.6842105263157895,0.7916666666666666,0.5416666666666666,0.6842105263157895,0.7916666666666666,0.5416666666666666,0.6842105263157895
qwen_instruct,h2_choice,65,random,HaCm,0.875,0.5833333333333334,0.6666666666666666,0.875,0.6666666666666666,0.7619047619047619,0.875,0.6666666666666666,0.7619047619047619
qwen_instruct,h2_choice,65,random,HaDl,0.875,0.6666666666666666,0.7619047619047619,0.875,0.625,0.7142857142857143,0.875,0.625,0.7142857142857143
qwen_instruct,h2_choice,65,random,HaHa,0.5416666666666666,0.375,0.6923076923076923,0.5416666666666666,0.4583333333333333,0.8461538461538461,0.5416666666666666,0.4583333333333333,0.8461538461538461
qwen_instruct,h2_choice,65,random,HaNc,0.75,0.4166666666666667,0.5555555555555556,0.75,0.625,0.8333333333333334,0.75,0.625,0.8333333333333334
qwen_instruct,h2_choice,65,random,HaPc,0.625,0.375,0.6,0.625,0.4166666666666667,0.6666666666666666,0.625,0.4166666666666667,0.6666666666666666
qwen_instruct,h2_choice,65,random,HrAs,0.7916666666666666,0.5,0.631578947368421,0.7916666666666666,0.20833333333333334,0.2631578947368421,0.7916666666666666,0.5833333333333334,0.7368421052631579
qwen_instruct,h2_choice,65,random,HrBa,0.75,0.5,0.6666666666666666,0.75,0.20833333333333334,0.2777777777777778,0.75,0.5416666666666666,0.7222222222222222
qwen_instruct,h2_choice,65,random,HrCh,0.7083333333333334,0.4166666666666667,0.5882352941176471,0.7083333333333334,0.0,0.0,0.7083333333333334,0.7083333333333334,1.0
qwen_instruct,h2_choice,65,random,HrHr,0.7916666666666666,0.5833333333333334,0.7368421052631579,0.7916666666666666,0.125,0.15789473684210525,0.7916666666666666,0.6666666666666666,0.8421052631578947
qwen_instruct,h2_choice,65,random,ShAs,0.6666666666666666,0.2916666666666667,0.4375,0.6666666666666666,0.3333333333333333,0.5,0.6666666666666666,0.3333333333333333,0.5
qwen_instruct,h2_choice,65,random,ShCo,0.7916666666666666,0.3333333333333333,0.42105263157894735,0.7916666666666666,0.4166666666666667,0.5263157894736842,0.7916666666666666,0.4166666666666667,0.5263157894736842
qwen_instruct,h2_choice,65,random,ShSh,0.875,0.2916666666666667,0.3333333333333333,0.875,0.2916666666666667,0.3333333333333333,0.875,0.2916666666666667,0.3333333333333333
qwen_instruct,h2_choice,79,main,AsAs,1.0,0.0,0.0,1.0,0.5,0.5,1.0,0.5,0.5
qwen_instruct,h2_choice,79,main,AsBa,1.0,0.0,0.0,1.0,0.5,0.5,1.0,0.5,0.5
qwen_instruct,h2_choice,79,main,AsCh,1.0,0.0,0.0,1.0,0.5,0.5,1.0,0.5,0.5
qwen_instruct,h2_choice,79,main,AsCm,1.0,0.0,0.0,1.0,0.5,0.5,1.0,0.5,0.5
qwen_instruct,h2_choice,79,main,AsCo,1.0,0.0,0.0,1.0,0.5,0.5,1.0,0.5,0.5
qwen_instruct,h2_choice,79,main,AsDl,1.0,0.0,0.0,1.0,0.5,0.5,1.0,0.5,0.5
qwen_instruct,h2_choice,79,main,AsHa,1.0,0.0,0.0,1.0,0.5,0.5,1.0,0.5,0.5
qwen_instruct,h2_choice,79,main,AsHr,1.0,0.0,0.0,1.0,0.5,0.5,1.0,0.5,0.5
qwen_instruct,h2_choice,79,main,AsNc,1.0,0.0,0.0,1.0,0.5,0.5,1.0,0.5,0.5
qwen_instruct,h2_choice,79,main,AsPc,1.0,0.0,0.0,1.0,0.5,0.5,1.0,0.5,0.5
qwen_instruct,h2_choice,79,main,AsPd,1.0,0.0,0.0,1.0,0.5,0.5,1.0,0.5,0.5
qwen_instruct,h2_choice,79,main,AsSh,1.0,0.0,0.0,1.0,0.5,0.5,1.0,0.5,0.5
qwen_instruct,h2_choice,79,main,BaAs,1.0,0.0,0.0,1.0,0.5,0.5,1.0,0.5,0.5
qwen_instruct,h2_choice,79,main,BaBa,1.0,0.0,0.0,1.0,0.5,0.5,1.0,0.5,0.5
qwen_instruct,h2_choice,79,main,BaCh,1.0,0.0,0.0,1.0,0.5,0.5,1.0,0.5,0.5
qwen_instruct,h2_choice,79,main,BaCm,1.0,0.0,0.0,1.0,0.5,0.5,1.0,0.5,0.5
qwen_instruct,h2_choice,79,main,BaCo,1.0,0.0,0.0,1.0,0.5,0.5,1.0,0.5,0.5
qwen_instruct,h2_choice,79,main,BaDl,1.0,0.0,0.0,1.0,0.5,0.5,1.0,0.5,0.5
qwen_instruct,h2_choice,79,main,BaHa,1.0,0.0,0.0,1.0,0.5,0.5,1.0,0.5,0.5
qwen_instruct,h2_choice,79,main,BaHr,1.0,0.0,0.0,1.0,0.5,0.5,1.0,0.5,0.5
qwen_instruct,h2_choice,79,main,BaNc,1.0,0.0,0.0,1.0,0.5,0.5,1.0,0.5,0.5
qwen_instruct,h2_choice,79,main,BaPc,1.0,0.0,0.0,1.0,0.5,0.5,1.0,0.5,0.5
qwen_instruct,h2_choice,79,main,BaPd,1.0,0.0,0.0,1.0,0.5,0.5,1.0,0.5,0.5
qwen_instruct,h2_choice,79,main,BaSh,1.0,0.0,0.0,1.0,0.5,0.5,1.0,0.5,0.5
qwen_instruct,h2_choice,79,main,ChAs,1.0,0.0,0.0,1.0,0.5,0.5,1.0,0.5,0.5
qwen_instruct,h2_choice,79,main,ChBa,1.0,0.0,0.0,1.0,0.5,0.5,1.0,0.5,0.5
qwen_instruct,h2_choice,79,main,ChCh,1.0,0.0,0.0,1.0,0.5,0.5,1.0,0.5,0.5
qwen_instruct,h2_choice,79,main,ChCm,1.0,0.0,0.0,1.0,0.5,0.5,1.0,0.5,0.5
qwen_instruct,h2_choice,79,main,ChCo,1.0,0.0,0.0,1.0,0.5,0.5,1.0,0.5,0.5
qwen_instruct,h2_choice,79,main,ChDl,1.0,0.0,0.0,1.0,0.5,0.5,1.0,0.5,0.5
qwen_instruct,h2_choice,79,main,ChHa,1.0,0.0,0.0,1.0,0.5,0.5,1.0,0.5,0.5
qwen_instruct,h2_choice,79,main,ChHr,1.0,0.0,0.0,1.0,0.5,0.5,1.0,0.5,0.5
qwen_instruct,h2_choice,79,main,CmAs,1.0,0.0,0.0,1.0,0.5,0.5,1.0,0.5,0.5
qwen_instruct,h2_choice,79,main,CmCm,1.0,0.0,0.0,1.0,0.5,0.5,1.0,0.5,0.5
qwen_instruct,h2_choice,79,main,CmDl,1.0,0.0,0.0,1.0,0.5,0.5,1.0,0.5,0.5
qwen_instruct,h2_choice,79,main,CmHa,1.0,0.0,0.0,1.0,0.5,0.5,1.0,0.5,0.5
qwen_instruct,h2_choice,79,main,CmNc,1.0,0.0,0.0,1.0,0.5,0.5,1.0,0.5,0.5
qwen_instruct,h2_choice,79,main,CoAs,1.0,0.0,0.0,1.0,0.5,0.5,1.0,0.5,0.5
qwen_instruct,h2_choice,79,main,CoCo,1.0,0.0,0.0,1.0,0.5,0.5,1.0,0.5,0.5
qwen_instruct,h2_choice,79,main,CoSh,1.0,0.0,0.0,1.0,0.5,0.5,1.0,0.5,0.5
qwen_instruct,h2_choice,79,main,HaAs,1.0,0.0,0.0,1.0,0.5,0.5,1.0,0.5,0.5
qwen_instruct,h2_choice,79,main,HaBa,1.0,0.0,0.0,1.0,0.5,0.5,1.0,0.5,0.5
qwen_instruct,h2_choice,79,main,HaCm,1.0,0.0,0.0,1.0,0.5,0.5,1.0,0.5,0.5
qwen_instruct,h2_choice,79,main,HaDl,1.0,0.0,0.0,1.0,0.5,0.5,1.0,0.5,0.5
qwen_instruct,h2_choice,79,main,HaHa,1.0,0.0,0.0,1.0,0.5,0.5,1.0,0.5,0.5
qwen_instruct,h2_choice,79,main,HaNc,1.0,0.0,0.0,1.0,0.5,0.5,1.0,0.5,0.5
qwen_instruct,h2_choice,79,main,HaPc,1.0,0.0,0.0,1.0,0.5,0.5,1.0,0.5,0.5
qwen_instruct,h2_choice,79,main,HrAs,1.0,0.0,0.0,1.0,0.5,0.5,1.0,0.5,0.5
qwen_instruct,h2_choice,79,main,HrBa,1.0,0.0,0.0,1.0,0.5,0.5,1.0,0.5,0.5
qwen_instruct,h2_choice,79,main,HrCh,1.0,0.0,0.0,1.0,0.5,0.5,1.0,0.5,0.5
qwen_instruct,h2_choice,79,main,HrHr,1.0,0.0,0.0,1.0,0.5,0.5,1.0,0.5,0.5
qwen_instruct,h2_choice,79,main,ShAs,1.0,0.0,0.0,1.0,0.5,0.5,1.0,0.5,0.5
qwen_instruct,h2_choice,79,main,ShCo,1.0,0.0,0.0,1.0,0.5,0.5,1.0,0.5,0.5
qwen_instruct,h2_choice,79,main,ShSh,1.0,0.0,0.0,1.0,0.5,0.5,1.0,0.5,0.5
qwen_instruct,h2_choice,79,main_perp,AsAs,0.875,0.625,0.7142857142857143,0.875,0.3333333333333333,0.38095238095238093,0.875,0.3333333333333333,0.38095238095238093
qwen_instruct,h2_choice,79,main_perp,AsBa,0.9583333333333334,0.5,0.5217391304347826,0.9583333333333334,0.5416666666666666,0.5652173913043478,0.9583333333333334,0.4166666666666667,0.43478260869565216
qwen_instruct,h2_choice,79,main_perp,AsCh,0.7916666666666666,0.3333333333333333,0.42105263157894735,0.7916666666666666,0.4583333333333333,0.5789473684210527,0.7916666666666666,0.3333333333333333,0.42105263157894735
qwen_instruct,h2_choice,79,main_perp,AsCm,0.9583333333333334,0.4583333333333333,0.4782608695652174,0.9583333333333334,0.5416666666666666,0.5652173913043478,0.9583333333333334,0.4166666666666667,0.43478260869565216
qwen_instruct,h2_choice,79,main_perp,AsCo,0.9583333333333334,0.7083333333333334,0.7391304347826086,0.9583333333333334,0.4166666666666667,0.43478260869565216,0.9583333333333334,0.4166666666666667,0.43478260869565216
qwen_instruct,h2_choice,79,main_perp,AsDl,0.9166666666666666,0.5,0.5454545454545454,0.9166666666666666,0.4166666666666667,0.45454545454545453,0.9166666666666666,0.5,0.5454545454545454
qwen_instruct,h2_choice,79,main_perp,AsHa,0.7916666666666666,0.375,0.47368421052631576,0.7916666666666666,0.25,0.3157894736842105,0.7916666666666666,0.25,0.3157894736842105
qwen_instruct,h2_choice,79,main_perp,AsHr,0.875,0.4583333333333333,0.5238095238095238,0.875,0.5,0.5714285714285714,0.875,0.375,0.42857142857142855
qwen_instruct,h2_choice,79,main_perp,AsNc,0.9166666666666666,0.4166666666666667,0.45454545454545453,0.9166666666666666,0.4583333333333333,0.5,0.9166666666666666,0.4583333333333333,0.5
qwen_instruct,h2_choice,79,main_perp,AsPc,0.8333333333333334,0.4583333333333333,0.55,0.8333333333333334,0.3333333333333333,0.4,0.8333333333333334,0.3333333333333333,0.4
qwen_instruct,h2_choice,79,main_perp,AsPd,1.0,0.5,0.5,1.0,0.4166666666666667,0.4166666666666667,1.0,0.5833333333333334,0.5833333333333334
qwen_instruct,h2_choice,79,main_perp,AsSh,0.8333333333333334,0.4166666666666667,0.5,0.8333333333333334,0.3333333333333333,0.4,0.8333333333333334,0.3333333333333333,0.4
qwen_instruct,h2_choice,79,main_perp,BaAs,0.8333333333333334,0.4583333333333333,0.55,0.8333333333333334,0.4583333333333333,0.55,0.8333333333333334,0.4583333333333333,0.55
qwen_instruct,h2_choice,79,main_perp,BaBa,0.9166666666666666,0.4583333333333333,0.5,0.9166666666666666,0.375,0.4090909090909091,0.9166666666666666,0.375,0.4090909090909091
qwen_instruct,h2_choice,79,main_perp,BaCh,0.9166666666666666,0.5,0.5454545454545454,0.9166666666666666,0.4166666666666667,0.45454545454545453,0.9166666666666666,0.4166666666666667,0.45454545454545453
qwen_instruct,h2_choice,79,main_perp,BaCm,0.875,0.375,0.42857142857142855,0.875,0.375,0.42857142857142855,0.875,0.375,0.42857142857142855
qwen_instruct,h2_choice,79,main_perp,BaCo,0.8333333333333334,0.5416666666666666,0.65,0.8333333333333334,0.375,0.45,0.8333333333333334,0.375,0.45
qwen_instruct,h2_choice,79,main_perp,BaDl,0.8333333333333334,0.4583333333333333,0.55,0.8333333333333334,0.4583333333333333,0.55,0.8333333333333334,0.4583333333333333,0.55
qwen_instruct,h2_choice,79,main_perp,BaHa,0.9166666666666666,0.4583333333333333,0.5,0.9166666666666666,0.375,0.4090909090909091,0.9166666666666666,0.5416666666666666,0.5909090909090909
qwen_instruct,h2_choice,79,main_perp,BaHr,0.625,0.3333333333333333,0.5333333333333333,0.625,0.2916666666666667,0.4666666666666667,0.625,0.2916666666666667,0.4666666666666667
qwen_instruct,h2_choice,79,main_perp,BaNc,0.875,0.4166666666666667,0.47619047619047616,0.875,0.4166666666666667,0.47619047619047616,0.875,0.4583333333333333,0.5238095238095238
qwen_instruct,h2_choice,79,main_perp,BaPc,0.6666666666666666,0.20833333333333334,0.3125,0.6666666666666666,0.2916666666666667,0.4375,0.6666666666666666,0.375,0.5625
qwen_instruct,h2_choice,79,main_perp,BaPd,0.7916666666666666,0.375,0.47368421052631576,0.7916666666666666,0.2916666666666667,0.3684210526315789,0.7916666666666666,0.2916666666666667,0.3684210526315789
qwen_instruct,h2_choice,79,main_perp,BaSh,0.8333333333333334,0.4166666666666667,0.5,0.8333333333333334,0.5,0.6,0.8333333333333334,0.5,0.6
qwen_instruct,h2_choice,79,main_perp,ChAs,0.9166666666666666,0.4583333333333333,0.5,0.9166666666666666,0.375,0.4090909090909091,0.9166666666666666,0.375,0.4090909090909091
qwen_instruct,h2_choice,79,main_perp,ChBa,0.75,0.4583333333333333,0.6111111111111112,0.75,0.4583333333333333,0.6111111111111112,0.75,0.4583333333333333,0.6111111111111112
qwen_instruct,h2_choice,79,main_perp,ChCh,0.875,0.375,0.42857142857142855,0.875,0.3333333333333333,0.38095238095238093,0.875,0.3333333333333333,0.38095238095238093
qwen_instruct,h2_choice,79,main_perp,ChCm,0.7916666666666666,0.4166666666666667,0.5263157894736842,0.7916666666666666,0.5,0.631578947368421,0.7916666666666666,0.5,0.631578947368421
qwen_instruct,h2_choice,79,main_perp,ChCo,0.7916666666666666,0.375,0.47368421052631576,0.7916666666666666,0.4583333333333333,0.5789473684210527,0.7916666666666666,0.4583333333333333,0.5789473684210527
qwen_instruct,h2_choice,79,main_perp,ChDl,0.5,0.375,0.75,0.5,0.2916666666666667,0.5833333333333334,0.5,0.2916666666666667,0.5833333333333334
qwen_instruct,h2_choice,79,main_perp,ChHa,0.875,0.4166666666666667,0.47619047619047616,0.875,0.5,0.5714285714285714,0.875,0.375,0.42857142857142855
qwen_instruct,h2_choice,79,main_perp,ChHr,0.6666666666666666,0.4583333333333333,0.6875,0.6666666666666666,0.3333333333333333,0.5,0.6666666666666666,0.3333333333333333,0.5
qwen_instruct,h2_choice,79,main_perp,CmAs,0.8333333333333334,0.4166666666666667,0.5,0.8333333333333334,0.5416666666666666,0.65,0.8333333333333334,0.2916666666666667,0.35
qwen_instruct,h2_choice,79,main_perp,CmCm,0.4166666666666667,0.20833333333333334,0.5,0.4166666666666667,0.2916666666666667,0.7,0.4166666666666667,0.125,0.3
qwen_instruct,h2_choice,79,main_perp,CmDl,0.5,0.25,0.5,0.5,0.375,0.75,0.5,0.125,0.25
qwen_instruct,h2_choice,79,main_perp,CmHa,0.4583333333333333,0.375,0.8181818181818182,0.4583333333333333,0.20833333333333334,0.45454545454545453,0.4583333333333333,0.25,0.5454545454545454
qwen_instruct,h2_choice,79,main_perp,CmNc,0.6666666666666666,0.375,0.5625,0.6666666666666666,0.3333333333333333,0.5,0.6666666666666666,0.3333333333333333,0.5
qwen_instruct,h2_choice,79,main_perp,CoAs,0.5833333333333334,0.3333333333333333,0.5714285714285714,0.5833333333333334,0.20833333333333334,0.35714285714285715,0.5833333333333334,0.20833333333333334,0.35714285714285715
qwen_instruct,h2_choice,79,main_perp,CoCo,0.75,0.5,0.6666666666666666,0.75,0.3333333333333333,0.4444444444444444,0.75,0.3333333333333333,0.4444444444444444
qwen_instruct,h2_choice,79,main_perp,CoSh,0.5,0.375,0.75,0.5,0.125,0.25,0.5,0.125,0.25
qwen_instruct,h2_choice,79,main_perp,HaAs,0.7083333333333334,0.4166666666666667,0.5882352941176471,0.7083333333333334,0.2916666666666667,0.4117647058823529,0.7083333333333334,0.2916666666666667,0.4117647058823529
qwen_instruct,h2_choice,79,main_perp,HaBa,0.7083333333333334,0.3333333333333333,0.47058823529411764,0.7083333333333334,0.2916666666666667,0.4117647058823529,0.7083333333333334,0.2916666666666667,0.4117647058823529
qwen_instruct,h2_choice,79,main_perp,HaCm,0.7916666666666666,0.4166666666666667,0.5263157894736842,0.7916666666666666,0.20833333333333334,0.2631578947368421,0.7916666666666666,0.20833333333333334,0.2631578947368421
qwen_instruct,h2_choice,79,main_perp,HaDl,0.4583333333333333,0.16666666666666666,0.36363636363636365,0.4583333333333333,0.2916666666666667,0.6363636363636364,0.4583333333333333,0.2916666666666667,0.6363636363636364
qwen_instruct,h2_choice,79,main_perp,HaHa,0.5,0.25,0.5,0.5,0.16666666666666666,0.3333333333333333,0.5,0.16666666666666666,0.3333333333333333
qwen_instruct,h2_choice,79,main_perp,HaNc,0.625,0.4583333333333333,0.7333333333333333,0.625,0.2916666666666667,0.4666666666666667,0.625,0.2916666666666667,0.4666666666666667
qwen_instruct,h2_choice,79,main_perp,HaPc,0.5,0.4166666666666667,0.8333333333333334,0.5,0.20833333333333334,0.4166666666666667,0.5,0.20833333333333334,0.4166666666666667
qwen_instruct,h2_choice,79,main_perp,HrAs,0.875,0.4583333333333333,0.5238095238095238,0.875,0.5416666666666666,0.6190476190476191,0.875,0.3333333333333333,0.38095238095238093
qwen_instruct,h2_choice,79,main_perp,HrBa,0.625,0.3333333333333333,0.5333333333333333,0.625,0.375,0.6,0.625,0.25,0.4
qwen_instruct,h2_choice,79,main_perp,HrCh,0.5416666666666666,0.25,0.46153846153846156,0.5416666666666666,0.375,0.6923076923076923,0.5416666666666666,0.16666666666666666,0.3076923076923077
qwen_instruct,h2_choice,79,main_perp,HrHr,0.875,0.3333333333333333,0.38095238095238093,0.875,0.5,0.5714285714285714,0.875,0.375,0.42857142857142855
qwen_instruct,h2_choice,79,main_perp,ShAs,0.9166666666666666,0.5416666666666666,0.5909090909090909,0.9166666666666666,0.25,0.2727272727272727,0.9166666666666666,0.25,0.2727272727272727
qwen_instruct,h2_choice,79,main_perp,ShCo,0.875,0.375,0.42857142857142855,0.875,0.25,0.2857142857142857,0.875,0.25,0.2857142857142857
qwen_instruct,h2_choice,79,main_perp,ShSh,0.9583333333333334,0.5833333333333334,0.6086956521739131,0.9583333333333334,0.25,0.2608695652173913,0.9583333333333334,0.25,0.2608695652173913
qwen_instruct,h2_choice,79,random,AsAs,0.5833333333333334,0.5833333333333334,1.0,0.5833333333333334,0.20833333333333334,0.35714285714285715,0.5833333333333334,0.20833333333333334,0.35714285714285715
qwen_instruct,h2_choice,79,random,AsBa,0.5833333333333334,0.4583333333333333,0.7857142857142857,0.5833333333333334,0.375,0.6428571428571429,0.5833333333333334,0.20833333333333334,0.35714285714285715
qwen_instruct,h2_choice,79,random,AsCh,0.5416666666666666,0.4166666666666667,0.7692307692307693,0.5416666666666666,0.16666666666666666,0.3076923076923077,0.5416666666666666,0.375,0.6923076923076923
qwen_instruct,h2_choice,79,random,AsCm,0.625,0.4166666666666667,0.6666666666666666,0.625,0.375,0.6,0.625,0.25,0.4
qwen_instruct,h2_choice,79,random,AsCo,0.5416666666666666,0.4166666666666667,0.7692307692307693,0.5416666666666666,0.16666666666666666,0.3076923076923077,0.5416666666666666,0.16666666666666666,0.3076923076923077
qwen_instruct,h2_choice,79,random,AsDl,0.7083333333333334,0.5416666666666666,0.7647058823529411,0.7083333333333334,0.375,0.5294117647058824,0.7083333333333334,0.3333333333333333,0.47058823529411764
qwen_instruct,h2_choice,79,random,AsHa,0.5416666666666666,0.375,0.6923076923076923,0.5416666666666666,0.16666666666666666,0.3076923076923077,0.5416666666666666,0.16666666666666666,0.3076923076923077
qwen_instruct,h2_choice,79,random,AsHr,0.7083333333333334,0.5416666666666666,0.7647058823529411,0.7083333333333334,0.4166666666666667,0.5882352941176471,0.7083333333333334,0.2916666666666667,0.4117647058823529
qwen_instruct,h2_choice,79,random,AsNc,0.75,0.5833333333333334,0.7777777777777778,0.75,0.5416666666666666,0.7222222222222222,0.75,0.5416666666666666,0.7222222222222222
qwen_instruct,h2_choice,79,random,AsPc,0.7083333333333334,0.5,0.7058823529411765,0.7083333333333334,0.2916666666666667,0.4117647058823529,0.7083333333333334,0.2916666666666667,0.4117647058823529
qwen_instruct,h2_choice,79,random,AsPd,0.75,0.5416666666666666,0.7222222222222222,0.75,0.3333333333333333,0.4444444444444444,0.75,0.4166666666666667,0.5555555555555556
qwen_instruct,h2_choice,79,random,AsSh,0.5,0.4166666666666667,0.8333333333333334,0.5,0.16666666666666666,0.3333333333333333,0.5,0.16666666666666666,0.3333333333333333
qwen_instruct,h2_choice,79,random,BaAs,0.75,0.5,0.6666666666666666,0.75,0.375,0.5,0.75,0.375,0.5
qwen_instruct,h2_choice,79,random,BaBa,0.625,0.4583333333333333,0.7333333333333333,0.625,0.25,0.4,0.625,0.25,0.4
qwen_instruct,h2_choice,79,random,BaCh,0.6666666666666666,0.5,0.75,0.6666666666666666,0.3333333333333333,0.5,0.6666666666666666,0.3333333333333333,0.5
qwen_instruct,h2_choice,79,random,BaCm,0.8333333333333334,0.5833333333333334,0.7,0.8333333333333334,0.5,0.6,0.8333333333333334,0.5,0.6
qwen_instruct,h2_choice,79,random,BaCo,0.5833333333333334,0.4583333333333333,0.7857142857142857,0.5833333333333334,0.2916666666666667,0.5,0.5833333333333334,0.2916666666666667,0.5
qwen_instruct,h2_choice,79,random,BaDl,0.75,0.625,0.8333333333333334,0.75,0.4166666666666667,0.5555555555555556,0.75,0.4166666666666667,0.5555555555555556
qwen_instruct,h2_choice,79,random,BaHa,0.6666666666666666,0.4583333333333333,0.6875,0.6666666666666666,0.4166666666666667,0.625,0.6666666666666666,0.25,0.375
qwen_instruct,h2_choice,79,random,BaHr,0.5416666666666666,0.4583333333333333,0.8461538461538461,0.5416666666666666,0.20833333333333334,0.38461538461538464,0.5416666666666666,0.20833333333333334,0.38461538461538464
qwen_instruct,h2_choice,79,random,BaNc,0.9166666666666666,0.6666666666666666,0.7272727272727273,0.9166666666666666,0.2916666666666667,0.3181818181818182,0.9166666666666666,0.625,0.6818181818181818
qwen_instruct,h2_choice,79,random,BaPc,0.6666666666666666,0.5,0.75,0.6666666666666666,0.3333333333333333,0.5,0.6666666666666666,0.3333333333333333,0.5
qwen_instruct,h2_choice,79,random,BaPd,0.5416666666666666,0.4166666666666667,0.7692307692307693,0.5416666666666666,0.25,0.46153846153846156,0.5416666666666666,0.25,0.46153846153846156
qwen_instruct,h2_choice,79,random,BaSh,0.75,0.5833333333333334,0.7777777777777778,0.75,0.2916666666666667,0.3888888888888889,0.75,0.2916666666666667,0.3888888888888889
qwen_instruct,h2_choice,79,random,ChAs,0.7083333333333334,0.5416666666666666,0.7647058823529411,0.7083333333333334,0.5416666666666666,0.7647058823529411,0.7083333333333334,0.5416666666666666,0.7647058823529411
qwen_instruct,h2_choice,79,random,ChBa,0.5833333333333334,0.5833333333333334,1.0,0.5833333333333334,0.20833333333333334,0.35714285714285715,0.5833333333333334,0.20833333333333334,0.35714285714285715
qwen_instruct,h2_choice,79,random,ChCh,0.6666666666666666,0.5416666666666666,0.8125,0.6666666666666666,0.25,0.375,0.6666666666666666,0.25,0.375
qwen_instruct,h2_choice,79,random,ChCm,0.75,0.6666666666666666,0.8888888888888888,0.75,0.4166666666666667,0.5555555555555556,0.75,0.4166666666666667,0.5555555555555556
qwen_instruct,h2_choice,79,random,ChCo,0.625,0.5,0.8,0.625,0.25,0.4,0.625,0.25,0.4
qwen_instruct,h2_choice,79,random,ChDl,0.5416666666666666,0.4166666666666667,0.7692307692307693,0.5416666666666666,0.3333333333333333,0.6153846153846154,0.5416666666666666,0.3333333333333333,0.6153846153846154
qwen_instruct,h2_choice,79,random,ChHa,0.625,0.5,0.8,0.625,0.3333333333333333,0.5333333333333333,0.625,0.2916666666666667,0.4666666666666667
qwen_instruct,h2_choice,79,random,ChHr,0.5833333333333334,0.5,0.8571428571428571,0.5833333333333334,0.2916666666666667,0.5,0.5833333333333334,0.2916666666666667,0.5
qwen_instruct,h2_choice,79,random,CmAs,0.6666666666666666,0.5833333333333334,0.875,0.6666666666666666,0.3333333333333333,0.5,0.6666666666666666,0.3333333333333333,0.5
qwen_instruct,h2_choice,79,random,CmCm,0.2916666666666667,0.25,0.8571428571428571,0.2916666666666667,0.125,0.42857142857142855,0.2916666666666667,0.16666666666666666,0.5714285714285714
qwen_instruct,h2_choice,79,random,CmDl,0.4166666666666667,0.3333333333333333,0.8,0.4166666666666667,0.25,0.6,0.4166666666666667,0.16666666666666666,0.4
qwen_instruct,h2_choice,79,random,CmHa,0.4166666666666667,0.2916666666666667,0.7,0.4166666666666667,0.20833333333333334,0.5,0.4166666666666667,0.20833333333333334,0.5
qwen_instruct,h2_choice,79,random,CmNc,0.5,0.4166666666666667,0.8333333333333334,0.5,0.16666666666666666,0.3333333333333333,0.5,0.3333333333333333,0.6666666666666666
qwen_instruct,h2_choice,79,random,CoAs,0.5416666666666666,0.5416666666666666,1.0,0.5416666666666666,0.25,0.46153846153846156,0.5416666666666666,0.25,0.46153846153846156
qwen_instruct,h2_choice,79,random,CoCo,0.7083333333333334,0.5833333333333334,0.8235294117647058,0.7083333333333334,0.3333333333333333,0.47058823529411764,0.7083333333333334,0.3333333333333333,0.47058823529411764
qwen_instruct,h2_choice,79,random,CoSh,0.5416666666666666,0.5,0.9230769230769231,0.5416666666666666,0.25,0.46153846153846156,0.5416666666666666,0.25,0.46153846153846156
qwen_instruct,h2_choice,79,random,HaAs,0.5,0.4583333333333333,0.9166666666666666,0.5,0.2916666666666667,0.5833333333333334,0.5,0.2916666666666667,0.5833333333333334
qwen_instruct,h2_choice,79,random,HaBa,0.5,0.4166666666666667,0.8333333333333334,0.5,0.2916666666666667,0.5833333333333334,0.5,0.2916666666666667,0.5833333333333334
qwen_instruct,h2_choice,79,random,HaCm,0.75,0.5416666666666666,0.7222222222222222,0.75,0.25,0.3333333333333333,0.75,0.25,0.3333333333333333
qwen_instruct,h2_choice,79,random,HaDl,0.375,0.3333333333333333,0.8888888888888888,0.375,0.16666666666666666,0.4444444444444444,0.375,0.16666666666666666,0.4444444444444444
qwen_instruct,h2_choice,79,random,HaHa,0.4166666666666667,0.375,0.9,0.4166666666666667,0.25,0.6,0.4166666666666667,0.25,0.6
qwen_instruct,h2_choice,79,random,HaNc,0.5,0.375,0.75,0.5,0.16666666666666666,0.3333333333333333,0.5,0.16666666666666666,0.3333333333333333
qwen_instruct,h2_choice,79,random,HaPc,0.4583333333333333,0.2916666666666667,0.6363636363636364,0.4583333333333333,0.16666666666666666,0.36363636363636365,0.4583333333333333,0.16666666666666666,0.36363636363636365
qwen_instruct,h2_choice,79,random,HrAs,0.7083333333333334,0.4583333333333333,0.6470588235294118,0.7083333333333334,0.20833333333333334,0.29411764705882354,0.7083333333333334,0.5,0.7058823529411765
qwen_instruct,h2_choice,79,random,HrBa,0.5416666666666666,0.4583333333333333,0.8461538461538461,0.5416666666666666,0.2916666666666667,0.5384615384615384,0.5416666666666666,0.25,0.46153846153846156
qwen_instruct,h2_choice,79,random,HrCh,0.5,0.4166666666666667,0.8333333333333334,0.5,0.25,0.5,0.5,0.25,0.5
qwen_instruct,h2_choice,79,random,HrHr,0.625,0.5,0.8,0.625,0.4166666666666667,0.6666666666666666,0.625,0.20833333333333334,0.3333333333333333
qwen_instruct,h2_choice,79,random,ShAs,0.6666666666666666,0.5416666666666666,0.8125,0.6666666666666666,0.375,0.5625,0.6666666666666666,0.375,0.5625
qwen_instruct,h2_choice,79,random,ShCo,0.75,0.6666666666666666,0.8888888888888888,0.75,0.2916666666666667,0.3888888888888889,0.75,0.2916666666666667,0.3888888888888889
qwen_instruct,h2_choice,79,random,ShSh,0.625,0.5,0.8,0.625,0.25,0.4,0.625,0.25,0.4
