model,mode,steer_layer,variant,game_code,d_letter_slope,d_letter_range,d_letter_at_pos025,d_letter_at_neg025,d_act0_slope,d_act0_range,d_act0_at_pos025,d_act0_at_neg025,d_canon_slope,d_canon_range,d_canon_at_pos025,d_canon_at_neg025,d_beh_letter_slope,d_beh_letter_range,d_beh_letter_at_pos025,d_beh_letter_at_neg025,d_beh_act0_slope,d_beh_act0_range,d_beh_act0_at_pos025,d_beh_act0_at_neg025,d_beh_canon_slope,d_beh_canon_range,d_beh_canon_at_pos025,d_beh_canon_at_neg025,wave,family,num_pure_ne,complexity_score,payoff_conflict
llama31_instruct,h1_dinc,65,main,AsAs,1.4582833333333332,0.718725,0.5002,-0.218525,0.16195,0.111725,-0.008599999999999969,-0.06717499999999997,0.16195,0.111725,-0.008599999999999969,-0.06717499999999997,2.083333333333333,1.0,1.0,0.0,0.41666666666666674,0.5,0.0,0.0,0.41666666666666674,0.5,0.0,0.0,1,CO1,2,-0.5169508502148299,0.2
llama31_instruct,h1_dinc,65,main,AsBa,1.4916999999999998,0.7310749999999999,0.494,-0.23707499999999998,0.1480166666666667,0.09987499999999999,-0.01069999999999996,-0.05637499999999998,-0.1480166666666666,0.09987499999999999,0.01069999999999996,0.05637499999999995,2.1666666666666665,1.0,1.0,0.0,0.5,0.5,0.0,0.0,-0.5,0.5,0.0,0.0,2,MP,0,0.5678259637502947,1.7999999999999998
llama31_instruct,h1_dinc,65,main,AsCh,1.5439166666666664,0.755475,0.517725,-0.23775,0.15571666666666664,0.0957,-0.021425,-0.07395,-0.15571666666666661,0.09569999999999998,0.021424999999999972,0.07394999999999996,1.9999999999999998,1.0,1.0,0.0,0.33333333333333337,0.5,0.0,0.0,-0.33333333333333337,0.5,0.0,0.0,4,MP,0,0.3368858560744445,1.4
llama31_instruct,h1_dinc,65,main,AsCm,1.260375,0.61285,0.36645,-0.2464,0.3207416666666666,0.20732499999999998,-0.038299999999999945,-0.15809999999999996,-0.3207416666666667,0.20732499999999998,0.038299999999999945,0.15809999999999996,2.1666666666666665,1.0,0.5,-0.5,0.49999999999999994,0.5,-0.5,-0.5,-0.49999999999999994,0.5,0.5,0.5,2,OD1,1,0.7408346464128569,1.7999999999999998
llama31_instruct,h1_dinc,65,main,AsCo,1.4496333333333333,0.715,0.48945,-0.22555,0.20090000000000002,0.16112500000000002,-0.03369999999999995,-0.09984999999999998,0.20090000000000002,0.16112500000000002,-0.03369999999999995,-0.09984999999999998,2.1666666666666665,1.0,1.0,0.0,0.5,0.5,0.0,0.0,0.5,0.5,0.0,0.0,1,CO2,2,-0.6035533905932737,0.0
llama31_instruct,h1_dinc,65,main,AsDl,1.4412083333333334,0.7079,0.508725,-0.199175,0.21440833333333337,0.1378,-0.005024999999999946,-0.08812499999999997,-0.2144083333333333,0.1378,0.005024999999999946,0.08812499999999998,1.9999999999999998,1.0,1.0,0.0,0.33333333333333337,0.5,0.0,0.0,-0.33333333333333337,0.5,0.0,0.0,4,OD1,1,0.5098945387370066,1.4
llama31_instruct,h1_dinc,65,main,AsHa,1.5151583333333332,0.745275,0.507225,-0.23804999999999998,0.12840833333333343,0.08070000000000002,0.007575000000000026,-0.038450000000000026,0.12840833333333343,0.08070000000000002,0.007575000000000026,-0.038450000000000026,1.9999999999999998,1.0,1.0,0.0,0.33333333333333337,0.5,0.0,0.0,0.33333333333333337,0.5,0.0,0.0,1,OD2,1,0.048014323385306,0.6000000000000001
llama31_instruct,h1_dinc,65,main,AsHr,1.4697666666666664,0.7159249999999999,0.440775,-0.27515,0.1404,0.16812500000000002,-0.10132499999999997,-0.13834999999999997,-0.1404,0.16812500000000002,0.10132499999999997,0.13834999999999997,2.1666666666666665,1.0,0.5,-0.5,0.49999999999999994,0.5,-0.5,-0.5,-0.49999999999999994,0.5,0.5,0.5,6,MP,0,0.68329601758822,2.0
llama31_instruct,h1_dinc,65,main,AsNc,1.4115583333333332,0.6931499999999999,0.506525,-0.18662499999999999,0.21217500000000009,0.131475,0.0040250000000000286,-0.07582500000000002,0.21217500000000009,0.131475,0.0040250000000000286,-0.07582500000000002,1.9999999999999998,1.0,1.0,0.0,0.33333333333333337,0.5,0.0,0.0,0.33333333333333337,0.5,0.0,0.0,3,OD2,1,0.1634843772232312,0.8
llama31_instruct,h1_dinc,65,main,AsPc,1.5517750000000001,0.7556,0.4982,-0.2574,0.10009166666666663,0.098825,-0.046500000000000014,-0.07545,0.10009166666666663,0.098825,-0.046500000000000014,-0.07545,2.1666666666666665,1.0,1.0,0.0,0.5,0.5,0.0,0.0,0.5,0.5,0.0,0.0,5,OD2,1,-0.1829257842905442,0.2
llama31_instruct,h1_dinc,65,main,AsPd,1.3490749999999998,0.6646000000000001,0.451925,-0.212675,0.32810833333333345,0.16874999999999996,0.0006750000000000228,-0.13442500000000002,-0.32810833333333334,0.16874999999999996,-0.0006750000000000367,0.134425,2.083333333333333,1.0,1.0,0.0,0.41666666666666674,0.5,0.0,0.0,-0.41666666666666674,0.5,0.0,0.0,6,OD1,1,0.3944244848990815,1.2
llama31_instruct,h1_dinc,65,main,AsSh,1.3472416666666667,0.677075,0.5392,-0.137875,0.15920833333333337,0.0766,0.03920000000000007,-0.029924999999999966,0.15920833333333337,0.0766,0.03920000000000007,-0.029924999999999966,1.8333333333333335,1.0,1.0,0.0,0.16666666666666669,0.25,0.0,0.0,0.16666666666666669,0.25,0.0,0.0,3,CO1,2,-0.3437457694579421,0.6000000000000001
llama31_instruct,h1_dinc,65,main,BaAs,1.5217166666666666,0.737975,0.39275,-0.345225,-0.01620000000000007,0.10509999999999997,0.10509999999999997,0.104625,-0.01620000000000007,0.10509999999999997,0.10509999999999997,0.104625,2.2499999999999996,1.0,0.5,-0.5,-0.08333333333333309,0.5,0.5,0.5,-0.08333333333333309,0.5,0.5,0.5,1,MP,0,0.5678259637502947,1.7999999999999998
llama31_instruct,h1_dinc,65,main,BaBa,1.589808333333333,0.76105,0.47572499999999995,-0.285325,-0.03369166666666668,0.04452499999999999,0.009974999999999984,0.026325,-0.03369166666666668,0.04452499999999999,0.009974999999999984,0.026325,2.3333333333333335,1.0,1.0,0.0,-0.16666666666666669,0.25,0.0,0.0,-0.16666666666666669,0.25,0.0,0.0,3,CO2,2,-0.0169508502148298,0.2
llama31_instruct,h1_dinc,65,main,BaCh,1.4743583333333332,0.739025,0.519325,-0.2197,-0.06174166666666667,0.05947500000000003,0.01757499999999998,0.026249999999999968,-0.06174166666666667,0.05947500000000003,0.01757499999999998,0.026249999999999968,1.9166666666666665,1.0,1.0,0.0,-0.25,0.25,0.0,0.0,-0.25,0.25,0.0,0.0,4,CO2,2,0.1562542305420579,0.6000000000000001
llama31_instruct,h1_dinc,65,main,BaCm,1.5780666666666667,0.75605,0.39855,-0.3575,-0.007533333333333354,0.055999999999999994,0.031149999999999997,0.02095000000000001,-0.007533333333333354,0.055999999999999994,0.031149999999999997,0.02095000000000001,2.4999999999999996,1.0,0.5,-0.5,0.0,0.25,0.0,0.0,0.0,0.25,0.0,0.0,1,OD1,1,0.2789544310611563,1.0
llama31_instruct,h1_dinc,65,main,BaCo,1.573575,0.75705,0.332925,-0.424125,0.059775000000000064,0.11307500000000004,0.09932500000000005,0.080125,0.059775000000000064,0.11307500000000004,0.09932500000000005,0.080125,2.2499999999999996,1.0,0.25,-0.75,0.2500000000000001,0.5,0.25,0.25,0.2500000000000001,0.5,0.25,0.25,3,MP,0,0.4523559099123697,1.6
llama31_instruct,h1_dinc,65,main,BaDl,1.555116666666666,0.749575,0.4687,-0.280875,0.016700000000000024,0.02285000000000001,0.008450000000000013,0.0024249999999999966,0.016700000000000024,0.02285000000000001,0.008450000000000013,0.0024249999999999966,2.3333333333333335,1.0,1.0,0.0,-0.16666666666666669,0.25,0.0,0.0,-0.16666666666666669,0.25,0.0,0.0,3,OD1,1,0.5098945387370066,1.4
llama31_instruct,h1_dinc,65,main,BaHa,1.4963166666666667,0.719425,0.33175,-0.387675,0.045566666666666665,0.08474999999999999,0.08180000000000001,0.06607500000000002,-0.045566666666666665,0.08474999999999999,-0.08180000000000001,-0.06607500000000002,2.333333333333333,1.0,0.25,-0.75,0.16666666666666674,0.25,0.25,0.25,-0.16666666666666674,0.25,-0.25,-0.25,2,OD2,1,0.048014323385306,0.6000000000000001
llama31_instruct,h1_dinc,65,main,BaHr,1.6053916666666666,0.7597,0.363225,-0.39647499999999997,0.05550833333333324,0.10142499999999997,0.10142499999999997,0.07767500000000002,0.05550833333333324,0.10142499999999997,0.10142499999999997,0.07767500000000002,2.333333333333333,1.0,0.5,-0.5,0.166666666666667,0.5,0.5,0.5,0.166666666666667,0.5,0.5,0.5,5,CO1,2,0.069651690163614,0.3999999999999999
llama31_instruct,h1_dinc,65,main,BaNc,1.580825,0.7577,0.45877500000000004,-0.298925,-0.08672499999999993,0.08597499999999997,0.050274999999999986,0.07967499999999997,0.08672499999999998,0.08597499999999997,-0.050274999999999986,-0.07967499999999997,2.333333333333333,1.0,0.75,-0.25,-0.1666666666666666,0.25,0.25,0.25,0.1666666666666666,0.25,-0.25,-0.25,4,OD2,1,0.1634843772232312,0.8
llama31_instruct,h1_dinc,65,main,BaPc,1.6332833333333332,0.767325,0.34809999999999997,-0.419225,0.021433333333333228,0.03894999999999996,0.03894999999999996,0.032625000000000015,-0.021433333333333273,0.03894999999999996,-0.03894999999999996,-0.03262499999999999,2.499999999999999,1.0,0.25,-0.75,2.3115197751421316e-17,0.25,0.25,0.25,-2.3115197751421316e-17,0.25,-0.25,-0.25,6,OD2,1,0.2789544310611563,1.0
llama31_instruct,h1_dinc,65,main,BaPd,1.4739666666666666,0.728625,0.524975,-0.20365,0.029816666666666627,0.02234999999999998,0.015924999999999995,-0.00569999999999999,0.029816666666666627,0.02234999999999998,0.015924999999999995,-0.00569999999999999,1.9999999999999998,1.0,1.0,0.0,0.0,0.0,0.0,0.0,0.0,0.0,0.0,0.0,5,OD1,1,0.3944244848990815,1.2
llama31_instruct,h1_dinc,65,main,BaSh,1.5605166666666663,0.7545999999999999,0.461075,-0.293525,-0.042633333333333384,0.07777500000000001,0.06752499999999995,0.07387499999999998,-0.042633333333333384,0.07777500000000001,0.06752499999999995,0.07387499999999998,2.1666666666666665,1.0,0.75,-0.25,-0.1666666666666666,0.25,0.25,0.25,-0.1666666666666666,0.25,0.25,0.25,5,MP,0,0.3368858560744445,1.4
llama31_instruct,h1_dinc,65,main,ChAs,1.5963333333333332,0.757625,0.38532500000000003,-0.37229999999999996,-0.020783333333333303,0.1009,0.08312499999999999,0.09144999999999998,-0.020783333333333303,0.1009,0.08312499999999999,0.09144999999999998,2.416666666666666,1.0,0.5,-0.5,-0.08333333333333309,0.5,0.5,0.5,-0.08333333333333309,0.5,0.5,0.5,7,MP,0,0.3368858560744445,1.4
llama31_instruct,h1_dinc,65,main,ChBa,1.5923083333333337,0.7682,0.4265,-0.3417,-0.03712500000000001,0.03250000000000003,-0.004249999999999976,0.003300000000000025,-0.03712500000000001,0.03250000000000003,-0.004249999999999976,0.003300000000000025,2.5,1.0,0.5,-0.5,0.0,0.0,0.0,0.0,0.0,0.0,0.0,0.0,5,CO2,2,0.1562542305420579,0.6000000000000001
llama31_instruct,h1_dinc,65,main,ChCh,1.5584416666666667,0.7451000000000001,0.44315000000000004,-0.30195,-0.02337499999999999,0.012200000000000016,0.0009500000000000064,0.011200000000000015,-0.02337499999999999,0.012200000000000016,0.0009500000000000064,0.011200000000000015,2.5,1.0,0.75,-0.25,-2.3115197751421316e-17,0.25,-0.25,-0.25,-2.3115197751421316e-17,0.25,-0.25,-0.25,6,CO2,2,0.2428567709205017,0.8
llama31_instruct,h1_dinc,65,main,ChCm,1.5954333333333333,0.7614749999999999,0.35429999999999995,-0.407175,-0.026083333333333333,0.02027499999999996,-0.0014999999999999736,0.017525000000000013,-0.026083333333333333,0.02027499999999996,-0.0014999999999999736,0.017525000000000013,2.499999999999999,1.0,0.25,-0.75,-2.3115197751421316e-17,0.25,-0.25,-0.25,-2.3115197751421316e-17,0.25,-0.25,-0.25,7,OD1,1,0.6253645925749319,1.6
llama31_instruct,h1_dinc,65,main,ChCo,1.5854416666666664,0.751575,0.410125,-0.34145,-0.029041666666666664,0.04272499999999996,0.015874999999999986,0.01954999999999997,-0.029041666666666664,0.04272499999999996,0.015874999999999986,0.01954999999999997,2.4999999999999996,1.0,0.5,-0.5,0.0,0.25,0.0,0.0,0.0,0.25,0.0,0.0,9,MP,0,0.1059457483985941,1.0
llama31_instruct,h1_dinc,65,main,ChDl,1.5703833333333335,0.743175,0.33875000000000005,-0.404425,0.007116666666666666,0.03755,0.022749999999999992,0.015874999999999986,0.007116666666666666,0.03755,0.022749999999999992,0.015874999999999986,2.583333333333333,1.0,0.25,-0.75,0.0833333333333334,0.25,0.25,0.25,0.0833333333333334,0.25,0.25,0.25,9,OD1,1,0.7408346464128569,1.7999999999999998
llama31_instruct,h1_dinc,65,main,ChHa,1.4713916666666662,0.7031999999999999,0.32284999999999997,-0.38034999999999997,0.07554166666666667,0.11890000000000002,0.11890000000000002,0.09980000000000003,-0.07554166666666667,0.11890000000000003,-0.11890000000000003,-0.09980000000000003,2.333333333333333,1.0,0.5,-0.5,0.3333333333333335,0.5,0.5,0.5,-0.3333333333333335,0.5,-0.5,-0.5,8,OD2,1,-0.1829257842905442,0.2
llama31_instruct,h1_dinc,65,main,ChHr,1.601433333333333,0.7605999999999999,0.353575,-0.40702499999999997,0.01975000000000001,0.04889999999999997,0.03167499999999998,0.026574999999999988,0.01975000000000001,0.04889999999999997,0.03167499999999998,0.026574999999999988,2.583333333333333,1.0,0.25,-0.75,0.0833333333333334,0.25,0.25,0.25,0.0833333333333334,0.25,0.25,0.25,6,CO1,2,0.3294593112989456,1.0
llama31_instruct,h1_dinc,65,main,CmAs,0.9716750000000001,0.498625,0.26997499999999997,-0.22865000000000002,0.1930583333333334,0.214275,0.20037500000000003,0.09870000000000001,-0.19305833333333333,0.214275,-0.200375,-0.09870000000000001,1.2499999999999998,0.75,0.5,-0.25,0.41666666666666674,0.5,0.5,0.25,-0.41666666666666674,0.5,-0.5,-0.25,8,OD1,1,0.2694301256218253,1.7999999999999998
llama31_instruct,h1_dinc,65,main,CmCm,1.110333333333333,0.56585,0.301975,-0.263875,0.18641666666666662,0.2181,0.216525,0.11707500000000003,-0.18641666666666667,0.21810000000000002,-0.216525,-0.11707500000000001,1.2499999999999998,0.75,0.5,-0.25,0.41666666666666674,0.5,0.5,0.25,-0.41666666666666674,0.5,-0.5,-0.25,2,DD,1,-0.3079201435678004,0.8
llama31_instruct,h1_dinc,65,main,CmDl,1.082825,0.55925,0.31635,-0.2429,-0.012674999999999968,0.17195000000000002,0.17195000000000002,0.16335000000000002,0.012675000000000014,0.17195000000000002,-0.17195000000000002,-0.16335000000000005,1.6666666666666663,1.0,0.5,-0.5,4.623039550284263e-17,0.5,0.5,0.5,-4.623039550284263e-17,0.5,-0.5,-0.5,4,DD,1,0.0384900179459749,1.4
llama31_instruct,h1_dinc,65,main,CmHa,1.1820499999999998,0.59365,0.31794999999999995,-0.2757,0.2044166666666667,0.22267499999999996,0.21189999999999995,0.11619999999999998,-0.20441666666666666,0.22267499999999998,-0.21189999999999995,-0.11619999999999997,1.2499999999999998,0.75,0.5,-0.25,0.41666666666666674,0.5,0.5,0.25,-0.41666666666666674,0.5,-0.5,-0.25,6,DD,1,0.0384900179459749,1.4
llama31_instruct,h1_dinc,65,main,CmNc,1.1461833333333333,0.58955,0.31297499999999995,-0.276575,0.1276500000000001,0.221725,0.221725,0.146625,-0.1276500000000001,0.221725,-0.221725,-0.146625,1.2499999999999998,0.75,0.5,-0.25,0.41666666666666674,0.5,0.5,0.25,-0.41666666666666674,0.5,-0.5,-0.25,8,DD,1,0.2694301256218253,1.7999999999999998
llama31_instruct,h1_dinc,65,main,CoAs,1.4315416666666667,0.6967,0.41912499999999997,-0.277575,0.15005833333333343,0.16467500000000002,-0.09747499999999998,-0.14762499999999998,0.15005833333333343,0.16467500000000002,-0.09747499999999998,-0.14762499999999998,2.083333333333333,1.0,0.5,-0.5,0.4166666666666663,0.5,-0.5,-0.5,0.4166666666666663,0.5,-0.5,-0.5,7,CO2,2,-0.6035533905932737,0.0
llama31_instruct,h1_dinc,65,main,CoCo,1.4659666666666664,0.71595,0.42022499999999996,-0.295725,0.051783333333333424,0.150675,-0.143375,-0.14727500000000002,0.051783333333333424,0.150675,-0.143375,-0.14727500000000002,1.9999999999999998,1.0,0.5,-0.5,0.3333333333333332,0.5,-0.5,-0.5,0.3333333333333332,0.5,-0.5,-0.5,7,CO1,2,-0.5169508502148299,0.2
llama31_instruct,h1_dinc,65,main,CoSh,1.34435,0.6604249999999999,0.42569999999999997,-0.234725,0.35768333333333335,0.2171,-0.0174,-0.162975,0.35768333333333335,0.2171,-0.0174,-0.162975,2.1666666666666665,1.0,0.75,-0.25,0.49999999999999994,0.5,-0.25,-0.25,0.49999999999999994,0.5,-0.25,-0.25,8,CO2,2,-0.5169508502148299,0.2
llama31_instruct,h1_dinc,65,main,HaAs,1.2885166666666663,0.63905,0.319725,-0.319325,0.04841666666666668,0.18005000000000002,-0.162275,-0.17397500000000005,0.04841666666666668,0.18005000000000002,-0.162275,-0.17397500000000005,1.6666666666666663,1.0,0.5,-0.5,-4.623039550284263e-17,0.5,-0.5,-0.5,-4.623039550284263e-17,0.5,-0.5,-0.5,7,OD2,1,-0.4233901974057255,0.6000000000000001
llama31_instruct,h1_dinc,65,main,HaBa,1.3247499999999997,0.6471,0.43065,-0.21645,0.39713333333333334,0.226475,0.004750000000000004,-0.1428,0.39713333333333334,0.226475,0.004750000000000004,-0.1428,2.1666666666666665,1.0,0.75,-0.25,0.49999999999999994,0.5,-0.25,-0.25,0.49999999999999994,0.5,-0.25,-0.25,9,OD2,1,-0.4233901974057255,0.6000000000000001
llama31_instruct,h1_dinc,65,main,HaCm,1.3025083333333334,0.642575,0.399075,-0.2435,0.35435833333333333,0.2196,-0.02092499999999997,-0.1679,0.35435833333333333,0.2196,-0.02092499999999997,-0.1679,1.75,0.75,0.25,-0.5,0.9166666666666667,0.5,-0.25,-0.5,0.9166666666666667,0.5,-0.25,-0.5,1,DD,1,0.0384900179459749,1.4
llama31_instruct,h1_dinc,65,main,HaDl,1.4030249999999997,0.691025,0.43132499999999996,-0.2597,0.22977500000000003,0.1794,-0.06012500000000001,-0.14495000000000002,0.22977500000000003,0.1794,-0.06012500000000001,-0.14495000000000002,2.083333333333333,1.0,0.75,-0.25,0.4166666666666666,0.5,-0.25,-0.25,0.4166666666666666,0.5,-0.25,-0.25,3,DD,1,-0.1924500897298753,1.0
llama31_instruct,h1_dinc,65,main,HaHa,1.1778083333333331,0.591825,0.31399999999999995,-0.27782500000000004,0.08502499999999986,0.187825,-0.15549999999999997,-0.17367499999999997,0.08502499999999986,0.187825,-0.15549999999999997,-0.17367499999999997,1.6666666666666663,1.0,0.5,-0.5,-4.623039550284263e-17,0.5,-0.5,-0.5,-4.623039550284263e-17,0.5,-0.5,-0.5,5,DD,1,-0.6543303050815759,0.2
llama31_instruct,h1_dinc,65,main,HaNc,0.9587916666666665,0.48097500000000004,0.2376,-0.243375,0.4702083333333332,0.259225,0.00470000000000001,-0.208775,0.4702083333333332,0.259225,0.00470000000000001,-0.208775,1.083333333333333,0.5,0.0,-0.5,1.083333333333333,0.5,0.0,-0.5,1.083333333333333,0.5,0.0,-0.5,7,DD,1,-0.7698003589195012,0.0
llama31_instruct,h1_dinc,65,main,HaPc,1.094625,0.54515,0.279425,-0.265725,0.2682583333333333,0.21710000000000004,-0.095975,-0.20137500000000003,0.2682583333333333,0.21710000000000004,-0.095975,-0.20137500000000003,1.4166666666666665,0.75,0.25,-0.5,0.5833333333333333,0.5,-0.25,-0.5,0.5833333333333333,0.5,-0.25,-0.5,9,DD,1,-0.4233901974057255,0.6000000000000001
llama31_instruct,h1_dinc,65,main,HrAs,1.375783333333333,0.6766749999999999,0.33329999999999993,-0.34337500000000004,0.13676666666666668,0.1685,0.1685,0.09677500000000003,-0.13676666666666668,0.16850000000000004,-0.16850000000000004,-0.09677500000000003,1.9166666666666663,1.0,0.5,-0.5,0.25000000000000017,0.5,0.5,0.5,-0.25000000000000017,0.5,-0.5,-0.5,8,MP,0,0.68329601758822,2.0
llama31_instruct,h1_dinc,65,main,HrBa,1.6392666666666664,0.77935,0.406425,-0.37292499999999995,-0.005799999999999857,0.141725,0.141725,0.13567499999999996,0.005799999999999904,0.14172500000000002,-0.14172500000000002,-0.135675,2.333333333333333,1.0,0.5,-0.5,-0.1666666666666662,0.5,0.5,0.5,0.1666666666666662,0.5,-0.5,-0.5,2,CO1,2,0.069651690163614,0.3999999999999999
llama31_instruct,h1_dinc,65,main,HrCh,1.4594749999999996,0.71105,0.4385,-0.27254999999999996,-0.07714166666666666,0.13955,0.1166,0.13394999999999999,0.07714166666666665,0.13955,-0.11660000000000001,-0.13395,2.083333333333333,1.0,0.5,-0.5,-0.4166666666666663,0.5,0.5,0.5,0.4166666666666663,0.5,-0.5,-0.5,4,CO1,2,0.3294593112989456,1.0
llama31_instruct,h1_dinc,65,main,HrHr,1.5193333333333334,0.7365,0.390425,-0.346075,0.012033333333333342,0.17042500000000002,0.17042500000000002,0.158625,-0.012033333333333342,0.17042500000000002,-0.17042500000000002,-0.158625,1.9999999999999998,1.0,0.5,-0.5,4.623039550284263e-17,0.5,0.5,0.5,-4.623039550284263e-17,0.5,-0.5,-0.5,2,CO2,2,-0.0169508502148298,0.2
llama31_instruct,h1_dinc,65,main,ShAs,1.3926916666666667,0.708125,0.545675,-0.16244999999999998,0.14840833333333342,0.08432500000000001,0.03142500000000001,-0.036950000000000024,0.14840833333333342,0.08432500000000001,0.03142500000000001,-0.036950000000000024,1.8333333333333335,1.0,1.0,0.0,0.16666666666666669,0.25,0.0,0.0,0.16666666666666669,0.25,0.0,0.0,8,CO1,2,-0.3437457694579421,0.6000000000000001
llama31_instruct,h1_dinc,65,main,ShCo,1.3055916666666667,0.644525,0.47115,-0.173375,0.30354166666666654,0.164475,0.021999999999999964,-0.09187500000000001,0.30354166666666654,0.164475,0.021999999999999964,-0.09187500000000001,1.6666666666666665,0.75,0.75,0.0,0.8333333333333335,0.5,0.25,0.0,0.8333333333333335,0.5,0.25,0.0,9,CO2,2,-0.5169508502148299,0.2
llama31_instruct,h1_dinc,65,main,ShSh,1.4279,0.7059749999999999,0.512075,-0.1939,0.19966666666666666,0.11792499999999999,0.01047500000000004,-0.06749999999999998,0.19966666666666666,0.11792499999999999,0.01047500000000004,-0.06749999999999998,1.9999999999999998,1.0,1.0,0.0,0.33333333333333337,0.5,0.0,0.0,0.33333333333333337,0.5,0.0,0.0,9,CO1,2,-0.2571432290794982,0.8
llama31_instruct,h1_dinc,65,main_perp,AsAs,1.4094083333333332,0.699575,0.48467499999999997,-0.21489999999999998,0.176325,0.124,-0.011124999999999968,-0.0726,0.176325,0.124,-0.011124999999999968,-0.0726,1.9999999999999998,1.0,1.0,0.0,0.33333333333333337,0.5,0.0,0.0,0.33333333333333337,0.5,0.0,0.0,1,CO1,2,-0.5169508502148299,0.2
llama31_instruct,h1_dinc,65,main_perp,AsBa,1.4233083333333332,0.7013499999999999,0.4715,-0.22985,0.12322500000000003,0.07342499999999999,-0.0007999999999999674,-0.04439999999999997,-0.12322500000000002,0.07342499999999999,0.0007999999999999396,0.04439999999999994,2.083333333333333,1.0,1.0,0.0,0.41666666666666674,0.5,0.0,0.0,-0.41666666666666674,0.5,0.0,0.0,2,MP,0,0.5678259637502947,1.7999999999999998
llama31_instruct,h1_dinc,65,main_perp,AsCh,1.437125,0.70275,0.4726,-0.23015,0.21442500000000003,0.10445,0.005499999999999977,-0.07550000000000003,-0.2144249999999999,0.10444999999999999,-0.005500000000000005,0.07549999999999998,1.9999999999999998,1.0,1.0,0.0,0.33333333333333337,0.5,0.0,0.0,-0.33333333333333337,0.5,0.0,0.0,4,MP,0,0.3368858560744445,1.4
llama31_instruct,h1_dinc,65,main_perp,AsCm,1.1895583333333328,0.584125,0.339175,-0.24494999999999997,0.34350833333333325,0.204225,-0.01902499999999996,-0.15989999999999996,-0.34350833333333325,0.204225,0.01902499999999996,0.15989999999999996,1.3333333333333335,0.5,0.0,-0.5,1.3333333333333335,0.5,0.0,-0.5,-1.3333333333333335,0.5,0.0,0.5,2,OD1,1,0.7408346464128569,1.7999999999999998
llama31_instruct,h1_dinc,65,main_perp,AsCo,1.3459916666666665,0.66775,0.455325,-0.21242499999999997,0.2012583333333333,0.12662500000000002,-0.015624999999999986,-0.09147499999999999,0.2012583333333333,0.12662500000000002,-0.015624999999999986,-0.09147499999999999,2.1666666666666665,1.0,1.0,0.0,0.5,0.5,0.0,0.0,0.5,0.5,0.0,0.0,1,CO2,2,-0.6035533905932737,0.0
llama31_instruct,h1_dinc,65,main_perp,AsDl,1.3433583333333332,0.668675,0.47902500000000003,-0.18964999999999999,0.17287499999999995,0.10227499999999999,-0.0066249999999999365,-0.07834999999999995,-0.17287499999999997,0.102275,0.0066249999999999365,0.07834999999999998,1.9999999999999998,1.0,1.0,0.0,0.33333333333333337,0.5,0.0,0.0,-0.33333333333333337,0.5,0.0,0.0,4,OD1,1,0.5098945387370066,1.4
llama31_instruct,h1_dinc,65,main_perp,AsHa,1.4543666666666664,0.719525,0.490525,-0.22899999999999998,0.11043333333333336,0.056374999999999995,0.011275000000000007,-0.02940000000000001,0.11043333333333336,0.056374999999999995,0.011275000000000007,-0.02940000000000001,1.9999999999999998,1.0,1.0,0.0,0.33333333333333337,0.5,0.0,0.0,0.33333333333333337,0.5,0.0,0.0,1,OD2,1,0.048014323385306,0.6000000000000001
llama31_instruct,h1_dinc,65,main_perp,AsHr,1.379233333333333,0.685775,0.4204,-0.26537499999999997,0.13853333333333334,0.16085,-0.08519999999999997,-0.128575,-0.13853333333333334,0.16085,0.08519999999999997,0.128575,2.083333333333333,1.0,0.5,-0.5,0.4166666666666663,0.5,-0.5,-0.5,-0.4166666666666663,0.5,0.5,0.5,6,MP,0,0.68329601758822,2.0
llama31_instruct,h1_dinc,65,main_perp,AsNc,1.3391916666666663,0.665675,0.48119999999999996,-0.184475,0.22304166666666664,0.12387500000000001,0.006750000000000006,-0.07797500000000003,0.22304166666666664,0.12387500000000001,0.006750000000000006,-0.07797500000000003,1.9999999999999998,1.0,1.0,0.0,0.33333333333333337,0.5,0.0,0.0,0.33333333333333337,0.5,0.0,0.0,3,OD2,1,0.1634843772232312,0.8
llama31_instruct,h1_dinc,65,main_perp,AsPc,1.456625,0.7066,0.47285,-0.23375,0.08550833333333337,0.06390000000000003,-0.038599999999999995,-0.0627,0.08550833333333337,0.06390000000000003,-0.038599999999999995,-0.0627,2.1666666666666665,1.0,1.0,0.0,0.5,0.5,0.0,0.0,0.5,0.5,0.0,0.0,5,OD2,1,-0.1829257842905442,0.2
llama31_instruct,h1_dinc,65,main_perp,AsPd,1.2713916666666667,0.641875,0.436875,-0.205,0.28630833333333333,0.14897499999999997,0.001825000000000021,-0.13,-0.28630833333333333,0.14897499999999997,-0.001825000000000021,0.13,1.6666666666666665,0.75,0.75,0.0,0.8333333333333335,0.5,0.25,0.0,-0.8333333333333335,0.5,-0.25,0.0,6,OD1,1,0.3944244848990815,1.2
llama31_instruct,h1_dinc,65,main_perp,AsSh,1.259175,0.6364,0.503725,-0.132675,0.17239166666666667,0.07480000000000002,0.04682500000000003,-0.027974999999999986,0.17239166666666667,0.07480000000000002,0.04682500000000003,-0.027974999999999986,1.6666666666666665,1.0,1.0,0.0,0.0,0.0,0.0,0.0,0.0,0.0,0.0,0.0,3,CO1,2,-0.3437457694579421,0.6000000000000001
llama31_instruct,h1_dinc,65,main_perp,BaAs,1.4171666666666665,0.6858249999999999,0.3703,-0.31552499999999994,-0.0077833333333333045,0.095575,0.09404999999999998,0.08912499999999998,-0.0077833333333333045,0.095575,0.09404999999999998,0.08912499999999998,2.166666666666666,1.0,0.5,-0.5,5.179259186036526e-16,0.5,0.5,0.5,5.179259186036526e-16,0.5,0.5,0.5,1,MP,0,0.5678259637502947,1.7999999999999998
llama31_instruct,h1_dinc,65,main_perp,BaBa,1.4951749999999997,0.7317,0.46155,-0.27015,0.012408333333333278,0.04209999999999994,0.02414999999999995,0.01114999999999998,0.012408333333333278,0.04209999999999994,0.02414999999999995,0.01114999999999998,2.2499999999999996,1.0,1.0,0.0,-0.25,0.25,0.0,0.0,-0.25,0.25,0.0,0.0,3,CO2,2,-0.0169508502148298,0.2
llama31_instruct,h1_dinc,65,main_perp,BaCh,1.411908333333333,0.69725,0.4858,-0.21145,-0.04914166666666665,0.051799999999999985,0.015449999999999992,0.027499999999999997,-0.04914166666666665,0.051799999999999985,0.015449999999999992,0.027499999999999997,1.9166666666666665,1.0,1.0,0.0,-0.25,0.25,0.0,0.0,-0.25,0.25,0.0,0.0,4,CO2,2,0.1562542305420579,0.6000000000000001
llama31_instruct,h1_dinc,65,main_perp,BaCm,1.516475,0.7283,0.389875,-0.338425,0.003658333333333399,0.038075000000000025,0.019725000000000034,0.010124999999999995,0.003658333333333399,0.038075000000000025,0.019725000000000034,0.010124999999999995,2.583333333333333,1.0,0.5,-0.5,-0.08333333333333334,0.25,0.0,0.0,-0.08333333333333334,0.25,0.0,0.0,1,OD1,1,0.2789544310611563,1.0
llama31_instruct,h1_dinc,65,main_perp,BaCo,1.4984833333333332,0.714825,0.32685000000000003,-0.387975,0.14156666666666676,0.13290000000000002,0.10540000000000005,0.05862500000000001,0.14156666666666676,0.13290000000000002,0.10540000000000005,0.05862500000000001,2.2499999999999996,1.0,0.25,-0.75,0.2500000000000001,0.5,0.25,0.25,0.2500000000000001,0.5,0.25,0.25,3,MP,0,0.4523559099123697,1.6
llama31_instruct,h1_dinc,65,main_perp,BaDl,1.472675,0.71505,0.4508,-0.26425,-0.004074999999999977,0.017424999999999975,0.004899999999999988,0.0047499999999999765,-0.004074999999999977,0.017424999999999975,0.004899999999999988,0.0047499999999999765,2.3333333333333335,1.0,1.0,0.0,-0.16666666666666669,0.25,0.0,0.0,-0.16666666666666669,0.25,0.0,0.0,3,OD1,1,0.5098945387370066,1.4
llama31_instruct,h1_dinc,65,main_perp,BaHa,1.3900916666666663,0.6678249999999999,0.32032499999999997,-0.3475,0.05319166666666669,0.09127500000000001,0.08427500000000002,0.05495,-0.05319166666666669,0.09127500000000002,-0.08427500000000002,-0.05495,2.333333333333333,1.0,0.25,-0.75,0.16666666666666674,0.25,0.25,0.25,-0.16666666666666674,0.25,-0.25,-0.25,2,OD2,1,0.048014323385306,0.6000000000000001
llama31_instruct,h1_dinc,65,main_perp,BaHr,1.4956499999999997,0.721425,0.35015,-0.371275,0.024733333333333357,0.09930000000000003,0.09470000000000002,0.08062499999999999,0.024733333333333357,0.09930000000000003,0.09470000000000002,0.08062499999999999,2.2499999999999996,1.0,0.5,-0.5,0.25000000000000017,0.5,0.5,0.5,0.25000000000000017,0.5,0.5,0.5,5,CO1,2,0.069651690163614,0.3999999999999999
llama31_instruct,h1_dinc,65,main_perp,BaNc,1.47665,0.7149,0.43705,-0.27785,-0.07586666666666658,0.08680000000000002,0.04780000000000001,0.07169999999999999,0.07586666666666658,0.08679999999999999,-0.04780000000000001,-0.07169999999999999,2.2500000000000004,1.0,0.75,-0.25,-0.24999999999999997,0.25,0.25,0.25,0.24999999999999997,0.25,-0.25,-0.25,4,OD2,1,0.1634843772232312,0.8
llama31_instruct,h1_dinc,65,main_perp,BaPc,1.5094249999999996,0.719225,0.338675,-0.38055,-0.0005749999999999571,0.03842499999999999,0.03637499999999999,0.03004999999999998,0.0005749999999999801,0.03842499999999999,-0.03637499999999999,-0.030049999999999993,2.499999999999999,1.0,0.25,-0.75,2.3115197751421316e-17,0.25,0.25,0.25,-2.3115197751421316e-17,0.25,-0.25,-0.25,6,OD2,1,0.2789544310611563,1.0
llama31_instruct,h1_dinc,65,main_perp,BaPd,1.4125166666666666,0.7036,0.509425,-0.194175,0.03281666666666669,0.023124999999999993,0.013374999999999998,-0.0012749999999999914,0.03281666666666669,0.023124999999999993,0.013374999999999998,-0.0012749999999999914,1.6666666666666665,1.0,1.0,0.0,0.0,0.0,0.0,0.0,0.0,0.0,0.0,0.0,5,OD1,1,0.3944244848990815,1.2
llama31_instruct,h1_dinc,65,main_perp,BaSh,1.4801499999999999,0.715525,0.4416,-0.273925,-0.046999999999999945,0.0895,0.05979999999999999,0.07187499999999997,-0.046999999999999945,0.0895,0.05979999999999999,0.07187499999999997,2.1666666666666665,1.0,0.75,-0.25,-0.1666666666666666,0.25,0.25,0.25,-0.1666666666666666,0.25,0.25,0.25,5,MP,0,0.3368858560744445,1.4
llama31_instruct,h1_dinc,65,main_perp,ChAs,1.4906666666666668,0.716875,0.36602500000000004,-0.35085,-0.042749999999999976,0.0933,0.06957499999999998,0.0933,-0.042749999999999976,0.0933,0.06957499999999998,0.0933,2.416666666666666,1.0,0.5,-0.5,0.2500000000000004,0.5,0.5,0.5,0.2500000000000004,0.5,0.5,0.5,7,MP,0,0.3368858560744445,1.4
llama31_instruct,h1_dinc,65,main_perp,ChBa,1.5164666666666664,0.728475,0.4157,-0.31277499999999997,-0.061916666666666634,0.041150000000000006,-0.008750000000000008,0.008274999999999977,-0.061916666666666634,0.041150000000000006,-0.008750000000000008,0.008274999999999977,2.416666666666666,1.0,0.5,-0.5,-0.25,0.25,0.0,0.0,-0.25,0.25,0.0,0.0,5,CO2,2,0.1562542305420579,0.6000000000000001
llama31_instruct,h1_dinc,65,main_perp,ChCh,1.5133916666666665,0.735175,0.44145,-0.293725,-0.025591666666666697,0.025074999999999993,0.0029499999999999804,0.019424999999999998,-0.025591666666666697,0.025074999999999993,0.0029499999999999804,0.019424999999999998,2.5,1.0,0.75,-0.25,-2.3115197751421316e-17,0.25,-0.25,-0.25,-2.3115197751421316e-17,0.25,-0.25,-0.25,6,CO2,2,0.2428567709205017,0.8
llama31_instruct,h1_dinc,65,main_perp,ChCm,1.5371083333333329,0.7314499999999999,0.34575,-0.3857,-0.049008333333333286,0.029975,-0.007299999999999973,0.016100000000000003,-0.049008333333333286,0.029975,-0.007299999999999973,0.016100000000000003,2.583333333333333,1.0,0.25,-0.75,-0.0833333333333334,0.25,-0.25,-0.25,-0.0833333333333334,0.25,-0.25,-0.25,7,OD1,1,0.6253645925749319,1.6
llama31_instruct,h1_dinc,65,main_perp,ChCo,1.51095,0.717925,0.39590000000000003,-0.322025,0.008483333333333383,0.03957500000000001,0.009150000000000033,0.008374999999999994,0.008483333333333383,0.03957500000000001,0.009150000000000033,0.008374999999999994,2.4999999999999996,1.0,0.5,-0.5,0.0,0.25,0.0,0.0,0.0,0.25,0.0,0.0,9,MP,0,0.1059457483985941,1.0
llama31_instruct,h1_dinc,65,main_perp,ChDl,1.480925,0.710725,0.33025000000000004,-0.38047499999999995,-0.0018916666666666812,0.03405000000000001,0.01715,0.019025,-0.0018916666666666812,0.03405000000000001,0.01715,0.019025,2.583333333333333,1.0,0.25,-0.75,0.0833333333333334,0.25,0.25,0.25,0.0833333333333334,0.25,0.25,0.25,9,OD1,1,0.7408346464128569,1.7999999999999998
llama31_instruct,h1_dinc,65,main_perp,ChHa,1.386408333333333,0.66605,0.318725,-0.347325,0.08357500000000001,0.12302500000000001,0.12302500000000001,0.09582500000000002,-0.08357500000000007,0.12302500000000002,-0.12302500000000002,-0.09582500000000002,2.333333333333333,1.0,0.5,-0.5,0.3333333333333335,0.5,0.5,0.5,-0.3333333333333335,0.5,-0.5,-0.5,8,OD2,1,-0.1829257842905442,0.2
llama31_instruct,h1_dinc,65,main_perp,ChHr,1.4832583333333331,0.7063250000000001,0.33995000000000003,-0.366375,0.05102500000000003,0.03484999999999999,0.03115000000000001,0.0005749999999999922,0.05102500000000003,0.03484999999999999,0.03115000000000001,0.0005749999999999922,2.583333333333333,1.0,0.25,-0.75,0.0833333333333334,0.25,0.25,0.25,0.0833333333333334,0.25,0.25,0.25,6,CO1,2,0.3294593112989456,1.0
llama31_instruct,h1_dinc,65,main_perp,CmAs,0.9059833333333333,0.46985,0.26097499999999996,-0.20887500000000003,0.23204999999999992,0.21395,0.192475,0.07557500000000002,-0.23204999999999998,0.21395000000000003,-0.192475,-0.075575,0.8333333333333333,0.5,0.5,0.0,0.8333333333333333,0.5,0.5,0.0,-0.8333333333333333,0.5,-0.5,0.0,8,OD1,1,0.2694301256218253,1.7999999999999998
llama31_instruct,h1_dinc,65,main_perp,CmCm,1.055075,0.533825,0.287475,-0.24635,0.19542500000000002,0.203575,0.203575,0.10475000000000001,-0.19542500000000002,0.203575,-0.203575,-0.10475000000000001,1.2499999999999998,0.75,0.5,-0.25,0.41666666666666674,0.5,0.5,0.25,-0.41666666666666674,0.5,-0.5,-0.25,2,DD,1,-0.3079201435678004,0.8
llama31_instruct,h1_dinc,65,main_perp,CmDl,1.0064666666666664,0.519575,0.29064999999999996,-0.22892500000000002,-0.008183333333333228,0.16507500000000003,0.1534,0.146125,0.008183333333333275,0.16507499999999997,-0.1534,-0.14612500000000003,1.6666666666666663,1.0,0.5,-0.5,4.623039550284263e-17,0.5,0.5,0.5,-4.623039550284263e-17,0.5,-0.5,-0.5,4,DD,1,0.0384900179459749,1.4
llama31_instruct,h1_dinc,65,main_perp,CmHa,1.0944416666666668,0.5479,0.298075,-0.24982500000000002,0.19610833333333325,0.20109999999999997,0.19522499999999995,0.100325,-0.19610833333333325,0.20109999999999997,-0.19522499999999995,-0.100325,1.2499999999999998,0.75,0.5,-0.25,0.41666666666666674,0.5,0.5,0.25,-0.41666666666666674,0.5,-0.5,-0.25,6,DD,1,0.0384900179459749,1.4
llama31_instruct,h1_dinc,65,main_perp,CmNc,1.0362416666666665,0.52835,0.293425,-0.234925,0.1572416666666667,0.20427500000000004,0.20427500000000004,0.11292500000000003,-0.1572416666666667,0.204275,-0.204275,-0.112925,1.2499999999999998,0.75,0.5,-0.25,0.41666666666666674,0.5,0.5,0.25,-0.41666666666666674,0.5,-0.5,-0.25,8,DD,1,0.2694301256218253,1.7999999999999998
llama31_instruct,h1_dinc,65,main_perp,CoAs,1.3430166666666663,0.6626749999999999,0.397275,-0.26539999999999997,0.1605,0.167975,-0.08277499999999996,-0.13924999999999998,0.1605,0.167975,-0.08277499999999996,-0.13924999999999998,2.083333333333333,1.0,0.5,-0.5,0.4166666666666663,0.5,-0.5,-0.5,0.4166666666666663,0.5,-0.5,-0.5,7,CO2,2,-0.6035533905932737,0.0
llama31_instruct,h1_dinc,65,main_perp,CoCo,1.4025,0.6925,0.405875,-0.286625,0.07178333333333334,0.15037499999999998,-0.13537500000000002,-0.14577500000000002,0.07178333333333334,0.15037499999999998,-0.13537500000000002,-0.14577500000000002,1.833333333333333,1.0,0.5,-0.5,0.16666666666666646,0.5,-0.5,-0.5,0.16666666666666646,0.5,-0.5,-0.5,7,CO1,2,-0.5169508502148299,0.2
llama31_instruct,h1_dinc,65,main_perp,CoSh,1.2913249999999998,0.6367,0.417975,-0.218725,0.3278083333333334,0.21845,-0.02512499999999998,-0.14742500000000003,0.3278083333333334,0.21845,-0.02512499999999998,-0.14742500000000003,2.1666666666666665,1.0,0.75,-0.25,0.49999999999999994,0.5,-0.25,-0.25,0.49999999999999994,0.5,-0.25,-0.25,8,CO2,2,-0.5169508502148299,0.2
llama31_instruct,h1_dinc,65,main_perp,HaAs,1.1866166666666662,0.5971249999999999,0.31339999999999996,-0.283725,-0.01673333333333331,0.166125,-0.15845,-0.13837500000000003,-0.01673333333333331,0.166125,-0.15845,-0.13837500000000003,1.6666666666666663,1.0,0.5,-0.5,-4.623039550284263e-17,0.5,-0.5,-0.5,-4.623039550284263e-17,0.5,-0.5,-0.5,7,OD2,1,-0.4233901974057255,0.6000000000000001
llama31_instruct,h1_dinc,65,main_perp,HaBa,1.2142666666666666,0.6015999999999999,0.39749999999999996,-0.2041,0.37540000000000007,0.2092,0.01899999999999999,-0.1312,0.37540000000000007,0.2092,0.01899999999999999,-0.1312,1.3333333333333335,0.5,0.25,-0.25,1.3333333333333335,0.5,0.25,-0.25,1.3333333333333335,0.5,0.25,-0.25,9,OD2,1,-0.4233901974057255,0.6000000000000001
llama31_instruct,h1_dinc,65,main_perp,HaCm,1.2325833333333331,0.603725,0.37605,-0.227675,0.3487333333333333,0.21617499999999998,-0.012999999999999956,-0.15507499999999996,0.3487333333333333,0.21617499999999998,-0.012999999999999956,-0.15507499999999996,1.75,0.75,0.25,-0.5,0.9166666666666667,0.5,-0.25,-0.5,0.9166666666666667,0.5,-0.25,-0.5,1,DD,1,0.0384900179459749,1.4
llama31_instruct,h1_dinc,65,main_perp,HaDl,1.3085249999999997,0.6413249999999999,0.404375,-0.23695,0.22744166666666654,0.17052499999999998,-0.04747500000000002,-0.13040000000000002,0.22744166666666654,0.17052499999999998,-0.04747500000000002,-0.13040000000000002,2.083333333333333,1.0,0.75,-0.25,0.4166666666666666,0.5,-0.25,-0.25,0.4166666666666666,0.5,-0.25,-0.25,3,DD,1,-0.1924500897298753,1.0
llama31_instruct,h1_dinc,65,main_perp,HaHa,1.049958333333333,0.529175,0.28325,-0.245925,0.07224166666666659,0.16012500000000002,-0.12755,-0.145975,0.07224166666666659,0.16012500000000002,-0.12755,-0.145975,1.2499999999999998,0.75,0.25,-0.5,0.4166666666666666,0.5,-0.25,-0.5,0.4166666666666666,0.5,-0.25,-0.5,5,DD,1,-0.6543303050815759,0.2
llama31_instruct,h1_dinc,65,main_perp,HaNc,0.9030583333333333,0.45305,0.221825,-0.231225,0.4558916666666667,0.24447499999999997,0.01352500000000001,-0.196625,0.4558916666666667,0.24447499999999997,0.01352500000000001,-0.196625,0.9999999999999999,0.5,0.0,-0.5,0.9999999999999999,0.5,0.0,-0.5,0.9999999999999999,0.5,0.0,-0.5,7,DD,1,-0.7698003589195012,0.0
llama31_instruct,h1_dinc,65,main_perp,HaPc,1.0156583333333333,0.5114749999999999,0.26287499999999997,-0.2486,0.25897499999999984,0.20900000000000002,-0.082625,-0.19105,0.25897499999999984,0.20900000000000002,-0.082625,-0.19105,1.2499999999999998,0.75,0.25,-0.5,0.4166666666666666,0.5,-0.25,-0.5,0.4166666666666666,0.5,-0.25,-0.5,9,DD,1,-0.4233901974057255,0.6000000000000001
llama31_instruct,h1_dinc,65,main_perp,HrAs,1.2755583333333331,0.6304,0.31837499999999996,-0.312025,0.15985833333333332,0.156675,0.156225,0.08342500000000003,-0.15985833333333332,0.156675,-0.15622500000000003,-0.08342500000000003,1.9166666666666663,1.0,0.5,-0.5,0.25000000000000017,0.5,0.5,0.5,-0.25000000000000017,0.5,-0.5,-0.5,8,MP,0,0.68329601758822,2.0
llama31_instruct,h1_dinc,65,main_perp,HrBa,1.5424166666666668,0.742025,0.38912500000000005,-0.3529,0.0035166666666667573,0.133775,0.133775,0.11564999999999998,-0.003516666666666711,0.133775,-0.133775,-0.11565,2.2499999999999996,1.0,0.5,-0.5,-0.08333333333333309,0.5,0.5,0.5,0.08333333333333309,0.5,-0.5,-0.5,2,CO1,2,0.069651690163614,0.3999999999999999
llama31_instruct,h1_dinc,65,main_perp,HrCh,1.3415416666666664,0.6654249999999999,0.406175,-0.25925,-0.0791416666666666,0.14377500000000001,0.105975,0.12444999999999999,0.0791416666666665,0.143775,-0.10597500000000001,-0.12445,1.9166666666666663,1.0,0.5,-0.5,-0.24999999999999958,0.5,0.5,0.5,0.24999999999999958,0.5,-0.5,-0.5,4,CO1,2,0.3294593112989456,1.0
llama31_instruct,h1_dinc,65,main_perp,HrHr,1.3932583333333333,0.6791499999999999,0.37129999999999996,-0.30785,0.0011250000000000552,0.15275000000000002,0.15275000000000002,0.13515,-0.001125000000000009,0.15275000000000002,-0.15275000000000002,-0.13515000000000002,1.833333333333333,1.0,0.5,-0.5,-0.16666666666666646,0.5,0.5,0.5,0.16666666666666646,0.5,-0.5,-0.5,2,CO2,2,-0.0169508502148298,0.2
llama31_instruct,h1_dinc,65,main_perp,ShAs,1.34775,0.67825,0.5194,-0.15885,0.15138333333333334,0.07265000000000002,0.03505,-0.033350000000000025,0.15138333333333334,0.07265000000000002,0.03505,-0.033350000000000025,1.8333333333333335,1.0,1.0,0.0,0.16666666666666669,0.25,0.0,0.0,0.16666666666666669,0.25,0.0,0.0,8,CO1,2,-0.3437457694579421,0.6000000000000001
llama31_instruct,h1_dinc,65,main_perp,ShCo,1.21625,0.609725,0.442975,-0.16674999999999998,0.26615,0.14412499999999995,0.023825000000000013,-0.08525,0.26615,0.14412499999999995,0.023825000000000013,-0.08525,1.6666666666666665,0.75,0.75,0.0,0.8333333333333335,0.5,0.25,0.0,0.8333333333333335,0.5,0.25,0.0,9,CO2,2,-0.5169508502148299,0.2
llama31_instruct,h1_dinc,65,main_perp,ShSh,1.334383333333333,0.66475,0.47507499999999997,-0.18967499999999998,0.21644999999999998,0.11497500000000004,0.02612500000000001,-0.066525,0.21644999999999998,0.11497500000000004,0.02612500000000001,-0.066525,1.9999999999999998,1.0,1.0,0.0,0.33333333333333337,0.5,0.0,0.0,0.33333333333333337,0.5,0.0,0.0,9,CO1,2,-0.2571432290794982,0.8
llama31_instruct,h1_dinc,65,random,AsAs,0.11464999999999999,0.062000000000000006,0.035949999999999996,-0.02605000000000001,0.07563333333333332,0.040499999999999994,0.025349999999999998,-0.015149999999999997,0.07563333333333332,0.040499999999999994,0.025349999999999998,-0.015149999999999997,0.0,0.0,0.0,0.0,0.0,0.0,0.0,0.0,0.0,0.0,0.0,0.0,1,CO1,2,-0.5169508502148299,0.2
llama31_instruct,h1_dinc,65,random,AsBa,0.19132499999999997,0.10605,0.07149999999999998,-0.03455000000000002,0.04580833333333337,0.02715000000000002,0.005600000000000022,-0.009900000000000006,-0.0458083333333334,0.027150000000000035,-0.005600000000000049,0.009899999999999992,0.41666666666666663,0.25,0.25,0.0,0.41666666666666663,0.25,0.25,0.0,-0.41666666666666663,0.25,-0.25,0.0,2,MP,0,0.5678259637502947,1.7999999999999998
llama31_instruct,h1_dinc,65,random,AsCh,0.15535833333333332,0.08085,0.05177500000000001,-0.022525000000000003,0.06587499999999998,0.036275,-0.006975000000000009,-0.036275,-0.06587499999999995,0.036274999999999974,0.006974999999999981,0.036274999999999974,0.0,0.0,0.0,0.0,0.0,0.0,0.0,0.0,0.0,0.0,0.0,0.0,4,MP,0,0.3368858560744445,1.4
llama31_instruct,h1_dinc,65,random,AsCm,0.14359999999999998,0.070475,0.028875000000000012,-0.041599999999999984,0.10799999999999997,0.055900000000000005,0.014225000000000015,-0.03334999999999996,-0.10799999999999997,0.055900000000000005,-0.014225000000000015,0.03334999999999996,0.0,0.0,0.0,0.0,0.0,0.0,0.0,0.0,0.0,0.0,0.0,0.0,2,OD1,1,0.7408346464128569,1.7999999999999998
llama31_instruct,h1_dinc,65,random,AsCo,0.13767499999999996,0.06642500000000001,0.04085,-0.025575000000000007,0.09359166666666666,0.056975,0.022400000000000017,-0.03457499999999998,0.09359166666666666,0.056975,0.022400000000000017,-0.03457499999999998,0.41666666666666663,0.25,0.25,0.0,0.41666666666666663,0.25,0.25,0.0,0.41666666666666663,0.25,0.25,0.0,1,CO2,2,-0.6035533905932737,0.0
llama31_instruct,h1_dinc,65,random,AsDl,0.1321,0.0717,0.051525,-0.020175,0.11750000000000005,0.06305000000000004,0.024425000000000058,-0.03862499999999998,-0.11750000000000003,0.06305000000000002,-0.02442500000000003,0.03862499999999999,0.41666666666666663,0.25,0.25,0.0,0.41666666666666663,0.25,0.25,0.0,-0.41666666666666663,0.25,-0.25,0.0,4,OD1,1,0.5098945387370066,1.4
llama31_instruct,h1_dinc,65,random,AsHa,0.16225,0.08305000000000001,0.050475000000000006,-0.03257500000000001,0.025033333333333387,0.02372500000000001,0.02372500000000001,0.017524999999999985,0.025033333333333387,0.02372500000000001,0.02372500000000001,0.017524999999999985,0.0,0.0,0.0,0.0,0.0,0.0,0.0,0.0,0.0,0.0,0.0,0.0,1,OD2,1,0.048014323385306,0.6000000000000001
llama31_instruct,h1_dinc,65,random,AsHr,0.10674999999999996,0.062875,0.01345000000000001,-0.04942499999999999,0.04959999999999997,0.03982499999999997,0.014600000000000002,-0.010724999999999985,-0.04959999999999997,0.03982499999999997,-0.014600000000000002,0.010724999999999985,0.0,0.0,0.0,0.0,0.0,0.0,0.0,0.0,0.0,0.0,0.0,0.0,6,MP,0,0.68329601758822,2.0
llama31_instruct,h1_dinc,65,random,AsNc,0.18376666666666666,0.09455,0.06242500000000001,-0.032124999999999994,0.06528333333333332,0.03465,0.011975000000000013,-0.022674999999999987,0.06528333333333332,0.03465,0.011975000000000013,-0.022674999999999987,0.0,0.0,0.0,0.0,0.0,0.0,0.0,0.0,0.0,0.0,0.0,0.0,3,OD2,1,0.1634843772232312,0.8
llama31_instruct,h1_dinc,65,random,AsPc,0.18625,0.09897500000000001,0.056999999999999995,-0.04197500000000001,0.04485000000000005,0.032000000000000015,0.006250000000000019,-0.01767500000000001,0.04485000000000005,0.032000000000000015,0.006250000000000019,-0.01767500000000001,0.41666666666666663,0.25,0.25,0.0,0.41666666666666663,0.25,0.25,0.0,0.41666666666666663,0.25,0.25,0.0,5,OD2,1,-0.1829257842905442,0.2
llama31_instruct,h1_dinc,65,random,AsPd,0.18793333333333329,0.099,0.057324999999999994,-0.04167500000000001,0.13559999999999994,0.06759999999999995,0.01872499999999995,-0.048875,-0.13559999999999997,0.06759999999999997,-0.018724999999999964,0.048875,0.41666666666666663,0.25,0.25,0.0,0.41666666666666663,0.25,0.25,0.0,-0.41666666666666663,0.25,-0.25,0.0,6,OD1,1,0.3944244848990815,1.2
llama31_instruct,h1_dinc,65,random,AsSh,0.09036666666666664,0.043899999999999995,0.043899999999999995,0.0,0.039700000000000076,0.020900000000000002,0.01680000000000005,0.0,0.039700000000000076,0.020900000000000002,0.01680000000000005,0.0,0.0,0.0,0.0,0.0,0.0,0.0,0.0,0.0,0.0,0.0,0.0,0.0,3,CO1,2,-0.3437457694579421,0.6000000000000001
llama31_instruct,h1_dinc,65,random,BaAs,0.16950833333333337,0.09022500000000003,0.06797500000000002,-0.022250000000000006,0.015924999999999984,0.015100000000000002,0.0053249999999999825,0.00449999999999999,0.015924999999999984,0.015100000000000002,0.0053249999999999825,0.00449999999999999,0.41666666666666663,0.25,0.25,0.0,0.41666666666666663,0.25,0.25,0.0,0.41666666666666663,0.25,0.25,0.0,1,MP,0,0.5678259637502947,1.7999999999999998
llama31_instruct,h1_dinc,65,random,BaBa,0.20970833333333336,0.104475,0.061149999999999996,-0.043325,-0.014774999999999964,0.02314999999999999,-0.016149999999999984,-0.013925000000000007,-0.014774999999999964,0.02314999999999999,-0.016149999999999984,-0.013925000000000007,0.5833333333333334,0.25,0.25,0.0,-0.5833333333333334,0.25,-0.25,0.0,-0.5833333333333334,0.25,-0.25,0.0,3,CO2,2,-0.0169508502148298,0.2
llama31_instruct,h1_dinc,65,random,BaCh,0.12195833333333334,0.06722500000000001,0.042874999999999996,-0.024350000000000004,0.02987499999999997,0.028075000000000003,-0.0010750000000000204,-0.022200000000000004,0.02987499999999997,0.028075000000000003,-0.0010750000000000204,-0.022200000000000004,0.0,0.0,0.0,0.0,0.0,0.0,0.0,0.0,0.0,0.0,0.0,0.0,4,CO2,2,0.1562542305420579,0.6000000000000001
llama31_instruct,h1_dinc,65,random,BaCm,0.1897083333333333,0.09739999999999999,0.051374999999999976,-0.04602500000000001,-0.05247500000000001,0.0374,-0.036525,-0.015725000000000003,-0.05247500000000001,0.0374,-0.036525,-0.015725000000000003,0.9166666666666665,0.5,0.25,-0.25,-0.0833333333333334,0.5,-0.25,-0.25,-0.0833333333333334,0.5,-0.25,-0.25,1,OD1,1,0.2789544310611563,1.0
llama31_instruct,h1_dinc,65,random,BaCo,0.21903333333333333,0.11477500000000003,0.043925000000000006,-0.07085000000000002,0.007416666666666644,0.043725000000000014,0.001575000000000007,0.008350000000000024,0.007416666666666644,0.043725000000000014,0.001575000000000007,0.008350000000000024,0.6666666666666667,0.25,0.0,-0.25,0.6666666666666667,0.25,0.0,-0.25,0.6666666666666667,0.25,0.0,-0.25,3,MP,0,0.4523559099123697,1.6
llama31_instruct,h1_dinc,65,random,BaDl,0.2019916666666666,0.09649999999999999,0.05269999999999998,-0.043800000000000006,-0.017974999999999953,0.030224999999999974,-0.02144999999999997,-0.012849999999999986,-0.017974999999999953,0.030224999999999974,-0.02144999999999997,-0.012849999999999986,0.5833333333333334,0.25,0.25,0.0,-0.5833333333333334,0.25,-0.25,0.0,-0.5833333333333334,0.25,-0.25,0.0,3,OD1,1,0.5098945387370066,1.4
llama31_instruct,h1_dinc,65,random,BaHa,0.24194999999999994,0.12474999999999999,0.046450000000000005,-0.07829999999999998,0.035533333333333354,0.031400000000000025,0.02605000000000003,0.0023500000000000187,-0.03553333333333331,0.03140000000000001,-0.026050000000000018,-0.0023500000000000187,0.4166666666666666,0.25,0.0,-0.25,0.4166666666666666,0.25,0.0,-0.25,-0.4166666666666666,0.25,0.0,0.25,2,OD2,1,0.048014323385306,0.6000000000000001
llama31_instruct,h1_dinc,65,random,BaHr,0.27414166666666673,0.1342,0.07082500000000001,-0.063375,-0.004675000000000049,0.040325,0.005174999999999971,0.017275,-0.004675000000000049,0.040325,0.005174999999999971,0.017275,0.49999999999999994,0.25,0.25,0.0,0.49999999999999994,0.25,0.25,0.0,0.49999999999999994,0.25,0.25,0.0,5,CO1,2,0.069651690163614,0.3999999999999999
llama31_instruct,h1_dinc,65,random,BaNc,0.2146166666666667,0.10927500000000001,0.070325,-0.03895000000000002,-0.05578333333333337,0.035625000000000004,0.0005249999999999769,0.021300000000000006,0.05578333333333336,0.03562500000000002,-0.0005249999999999977,-0.021300000000000013,0.0,0.0,0.0,0.0,0.0,0.0,0.0,0.0,0.0,0.0,0.0,0.0,4,OD2,1,0.1634843772232312,0.8
llama31_instruct,h1_dinc,65,random,BaPc,0.21474999999999997,0.10182499999999998,0.08034999999999998,-0.021475000000000008,0.05731666666666669,0.029650000000000024,0.01924999999999999,-0.0077250000000000235,-0.05731666666666671,0.029650000000000037,-0.01924999999999999,0.007725000000000037,0.41666666666666663,0.25,0.25,0.0,0.41666666666666663,0.25,0.25,0.0,-0.41666666666666663,0.25,-0.25,0.0,6,OD2,1,0.2789544310611563,1.0
llama31_instruct,h1_dinc,65,random,BaPd,0.09254166666666666,0.053125000000000006,0.034925,-0.013374999999999998,0.0398916666666667,0.025674999999999996,0.00687500000000002,-0.01137499999999999,0.0398916666666667,0.025674999999999996,0.00687500000000002,-0.01137499999999999,0.0,0.0,0.0,0.0,0.0,0.0,0.0,0.0,0.0,0.0,0.0,0.0,5,OD1,1,0.3944244848990815,1.2
llama31_instruct,h1_dinc,65,random,BaSh,0.20359166666666664,0.10695,0.07847499999999999,-0.028475000000000014,-0.07729166666666668,0.05015000000000001,-0.021175000000000006,0.028975,-0.07729166666666668,0.05015000000000001,-0.021175000000000006,0.028975,0.0,0.0,0.0,0.0,0.0,0.0,0.0,0.0,0.0,0.0,0.0,0.0,5,MP,0,0.3368858560744445,1.4
llama31_instruct,h1_dinc,65,random,ChAs,0.18228333333333324,0.09117499999999999,0.0339,-0.05727499999999999,-0.01854999999999995,0.017100000000000004,-0.003949999999999995,-0.0020250000000000268,-0.01854999999999995,0.017100000000000004,-0.003949999999999995,-0.0020250000000000268,0.0,0.0,0.0,0.0,0.0,0.0,0.0,0.0,0.0,0.0,0.0,0.0,7,MP,0,0.3368858560744445,1.4
llama31_instruct,h1_dinc,65,random,ChBa,0.24619999999999997,0.140325,0.08630000000000002,-0.05402499999999999,0.013399999999999948,0.014700000000000019,-0.0034499999999999947,-0.007124999999999965,0.013399999999999948,0.014700000000000019,-0.0034499999999999947,-0.007124999999999965,0.8333333333333331,0.5,0.0,-0.5,0.0,0.0,0.0,0.0,0.0,0.0,0.0,0.0,5,CO2,2,0.1562542305420579,0.6000000000000001
llama31_instruct,h1_dinc,65,random,ChCh,0.17819999999999997,0.08259999999999998,0.06059999999999999,-0.021999999999999992,0.0097333333333333,0.02164999999999999,-0.0003500000000000031,-0.006949999999999984,0.0097333333333333,0.02164999999999999,-0.0003500000000000031,-0.006949999999999984,1.0833333333333333,0.5,0.25,-0.25,-0.2500000000000001,0.25,-0.25,-0.25,-0.2500000000000001,0.25,-0.25,-0.25,6,CO2,2,0.2428567709205017,0.8
llama31_instruct,h1_dinc,65,random,ChCm,0.245125,0.12887500000000002,0.08359999999999998,-0.045275000000000024,-0.021341666666666693,0.03022500000000003,0.023800000000000016,0.03022500000000003,-0.021341666666666693,0.03022500000000003,0.023800000000000016,0.03022500000000003,0.5833333333333334,0.25,0.25,0.0,-0.5833333333333334,0.25,-0.25,0.0,-0.5833333333333334,0.25,-0.25,0.0,7,OD1,1,0.6253645925749319,1.6
llama31_instruct,h1_dinc,65,random,ChCo,0.2227833333333333,0.10617499999999999,0.09784999999999999,-0.008324999999999999,-0.02901666666666668,0.05107500000000001,-0.022950000000000012,-0.02402500000000002,-0.02901666666666668,0.05107500000000001,-0.022950000000000012,-0.02402500000000002,0.9999999999999999,0.5,0.25,-0.25,-0.16666666666666674,0.25,-0.25,-0.25,-0.16666666666666674,0.25,-0.25,-0.25,9,MP,0,0.1059457483985941,1.0
llama31_instruct,h1_dinc,65,random,ChDl,0.2074166666666667,0.10252500000000002,0.034550000000000025,-0.067975,-0.029566666666666686,0.029250000000000012,-0.021600000000000008,-0.007875000000000007,-0.029566666666666686,0.029250000000000012,-0.021600000000000008,-0.007875000000000007,0.0,0.0,0.0,0.0,0.0,0.0,0.0,0.0,0.0,0.0,0.0,0.0,9,OD1,1,0.7408346464128569,1.7999999999999998
llama31_instruct,h1_dinc,65,random,ChHa,0.18846666666666675,0.10205000000000004,0.06405000000000001,-0.038000000000000034,-0.015916666666666718,0.022950000000000026,0.01249999999999997,0.022950000000000026,0.01591666666666669,0.022950000000000026,-0.012499999999999983,-0.022950000000000026,0.41666666666666663,0.25,0.25,0.0,0.41666666666666663,0.25,0.25,0.0,-0.41666666666666663,0.25,-0.25,0.0,8,OD2,1,-0.1829257842905442,0.2
llama31_instruct,h1_dinc,65,random,ChHr,0.23396666666666666,0.130125,0.06842500000000001,-0.06169999999999999,0.062450000000000006,0.040925,0.007074999999999998,-0.01565000000000001,0.062450000000000006,0.040925,0.007074999999999998,-0.01565000000000001,1.166666666666666,0.75,0.25,-0.5,0.6666666666666667,0.5,0.25,0.0,0.6666666666666667,0.5,0.25,0.0,6,CO1,2,0.3294593112989456,1.0
llama31_instruct,h1_dinc,65,random,CmAs,0.06912499999999998,0.037625,0.018299999999999976,-0.019325000000000023,0.01567499999999999,0.013975000000000022,0.001250000000000022,-0.00972499999999997,-0.01567499999999992,0.013975000000000015,-0.0012500000000000011,0.009724999999999956,0.0,0.0,0.0,0.0,0.0,0.0,0.0,0.0,0.0,0.0,0.0,0.0,8,OD1,1,0.2694301256218253,1.7999999999999998
llama31_instruct,h1_dinc,65,random,CmCm,0.08632499999999997,0.04630000000000001,0.021149999999999995,-0.025150000000000013,-0.0036583333333333324,0.013049999999999985,0.003599999999999985,0.0044500000000000026,0.0036583333333332795,0.013049999999999978,-0.003599999999999992,-0.004449999999999982,0.0,0.0,0.0,0.0,0.0,0.0,0.0,0.0,0.0,0.0,0.0,0.0,2,DD,1,-0.3079201435678004,0.8
llama31_instruct,h1_dinc,65,random,CmDl,0.07323333333333329,0.035874999999999976,0.01974999999999997,-0.016125000000000007,-0.04049999999999997,0.021524999999999975,-0.012599999999999965,0.00892500000000001,0.04049999999999999,0.02152499999999999,0.012599999999999972,-0.008925000000000016,0.0,0.0,0.0,0.0,0.0,0.0,0.0,0.0,0.0,0.0,0.0,0.0,4,DD,1,0.0384900179459749,1.4
llama31_instruct,h1_dinc,65,random,CmHa,0.08650833333333335,0.04647500000000001,0.03265000000000001,-0.009400000000000006,-0.016375000000000042,0.01907500000000001,0.003349999999999964,0.01029999999999999,0.016375000000000025,0.01907500000000001,-0.003349999999999964,-0.010299999999999976,0.0,0.0,0.0,0.0,0.0,0.0,0.0,0.0,0.0,0.0,0.0,0.0,6,DD,1,0.0384900179459749,1.4
llama31_instruct,h1_dinc,65,random,CmNc,0.08795000000000001,0.04372500000000002,0.032075,-0.006350000000000008,-0.02769999999999998,0.024800000000000003,0.007825000000000006,0.024800000000000003,0.02769999999999996,0.02479999999999999,-0.007824999999999999,-0.02479999999999999,0.0,0.0,0.0,0.0,0.0,0.0,0.0,0.0,0.0,0.0,0.0,0.0,8,DD,1,0.2694301256218253,1.7999999999999998
llama31_instruct,h1_dinc,65,random,CoAs,0.200925,0.0952,0.044075,-0.051125000000000004,0.11107500000000003,0.054900000000000004,0.012775000000000036,-0.040525000000000005,0.11107500000000003,0.054900000000000004,0.012775000000000036,-0.040525000000000005,0.5833333333333333,0.25,0.0,-0.25,0.5833333333333333,0.25,0.0,-0.25,0.5833333333333333,0.25,0.0,-0.25,7,CO2,2,-0.6035533905932737,0.0
llama31_instruct,h1_dinc,65,random,CoCo,0.14690833333333336,0.08817500000000002,0.048275,-0.03990000000000002,0.08320833333333341,0.044625000000000054,0.00522499999999998,-0.031250000000000056,0.08320833333333341,0.044625000000000054,0.00522499999999998,-0.031250000000000056,0.0,0.0,0.0,0.0,0.0,0.0,0.0,0.0,0.0,0.0,0.0,0.0,7,CO1,2,-0.5169508502148299,0.2
llama31_instruct,h1_dinc,65,random,CoSh,0.11564166666666663,0.06867499999999999,0.05292499999999998,-0.01575,0.06762499999999994,0.03857499999999997,0.023074999999999957,-0.015500000000000014,0.06762499999999994,0.03857499999999997,0.023074999999999957,-0.015500000000000014,0.33333333333333337,0.25,0.25,0.0,0.33333333333333337,0.25,0.25,0.0,0.33333333333333337,0.25,0.25,0.0,8,CO2,2,-0.5169508502148299,0.2
llama31_instruct,h1_dinc,65,random,HaAs,0.16234999999999997,0.07970000000000001,0.02309999999999999,-0.05660000000000002,0.05470000000000003,0.029949999999999977,0.011349999999999999,-0.016650000000000026,0.05470000000000003,0.029949999999999977,0.011349999999999999,-0.016650000000000026,0.0,0.0,0.0,0.0,0.0,0.0,0.0,0.0,0.0,0.0,0.0,0.0,7,OD2,1,-0.4233901974057255,0.6000000000000001
llama31_instruct,h1_dinc,65,random,HaBa,0.15771666666666667,0.07930000000000001,0.0553,-0.024000000000000004,0.1239166666666667,0.05890000000000002,0.03635000000000002,-0.02255,0.1239166666666667,0.05890000000000002,0.03635000000000002,-0.02255,0.8333333333333331,0.5,0.25,-0.25,0.8333333333333331,0.5,0.25,-0.25,0.8333333333333331,0.5,0.25,-0.25,9,OD2,1,-0.4233901974057255,0.6000000000000001
llama31_instruct,h1_dinc,65,random,HaCm,0.16832499999999995,0.08582499999999998,0.05205,-0.03377499999999998,0.09800833333333336,0.048424999999999996,0.020500000000000018,-0.026574999999999988,0.09800833333333336,0.048424999999999996,0.020500000000000018,-0.026574999999999988,0.4166666666666666,0.25,0.0,-0.25,0.4166666666666666,0.25,0.0,-0.25,0.4166666666666666,0.25,0.0,-0.25,1,DD,1,0.0384900179459749,1.4
llama31_instruct,h1_dinc,65,random,HaDl,0.14084999999999998,0.07189999999999999,0.03717499999999998,-0.03472500000000001,0.11881666666666658,0.062099999999999975,0.036374999999999935,-0.02572500000000004,0.11881666666666658,0.062099999999999975,0.036374999999999935,-0.02572500000000004,0.6666666666666667,0.25,0.25,0.0,0.6666666666666667,0.25,0.25,0.0,0.6666666666666667,0.25,0.25,0.0,3,DD,1,-0.1924500897298753,1.0
llama31_instruct,h1_dinc,65,random,HaHa,0.09556666666666666,0.04667500000000001,0.01832499999999998,-0.028350000000000028,0.06756666666666658,0.032275000000000026,0.01832499999999998,-0.011549999999999977,0.06756666666666658,0.032275000000000026,0.01832499999999998,-0.011549999999999977,0.0,0.0,0.0,0.0,0.0,0.0,0.0,0.0,0.0,0.0,0.0,0.0,5,DD,1,-0.6543303050815759,0.2
llama31_instruct,h1_dinc,65,random,HaNc,0.11045000000000003,0.05875000000000002,0.03320000000000001,-0.02555000000000001,0.10551666666666668,0.062450000000000006,0.03320000000000001,-0.029249999999999998,0.10551666666666668,0.062450000000000006,0.03320000000000001,-0.029249999999999998,0.0,0.0,0.0,0.0,0.0,0.0,0.0,0.0,0.0,0.0,0.0,0.0,7,DD,1,-0.7698003589195012,0.0
llama31_instruct,h1_dinc,65,random,HaPc,0.117525,0.06405000000000001,0.02817500000000002,-0.03587499999999999,0.08757500000000004,0.04365000000000002,0.007775000000000032,-0.03587499999999999,0.08757500000000004,0.04365000000000002,0.007775000000000032,-0.03587499999999999,0.0,0.0,0.0,0.0,0.0,0.0,0.0,0.0,0.0,0.0,0.0,0.0,9,DD,1,-0.4233901974057255,0.6000000000000001
llama31_instruct,h1_dinc,65,random,HrAs,0.17050833333333323,0.09359999999999999,0.051049999999999984,-0.042550000000000004,-0.03232499999999996,0.022175,-0.008099999999999996,0.004849999999999993,0.032324999999999895,0.022174999999999973,0.008099999999999968,-0.004849999999999993,0.0,0.0,0.0,0.0,0.0,0.0,0.0,0.0,0.0,0.0,0.0,0.0,8,MP,0,0.68329601758822,2.0
llama31_instruct,h1_dinc,65,random,HrBa,0.2738416666666666,0.13692500000000002,0.0655,-0.071425,-0.10865833333333333,0.05087500000000002,-0.007500000000000007,0.04337500000000001,0.10865833333333333,0.050875000000000004,0.007499999999999979,-0.043375000000000025,0.0,0.0,0.0,0.0,0.0,0.0,0.0,0.0,0.0,0.0,0.0,0.0,2,CO1,2,0.069651690163614,0.3999999999999999
llama31_instruct,h1_dinc,65,random,HrCh,0.13976666666666662,0.06632499999999998,0.044125,-0.014124999999999985,-0.08999999999999996,0.04287499999999998,-0.021474999999999994,0.01332499999999999,0.08999999999999998,0.042874999999999996,0.021474999999999994,-0.013325000000000004,0.25,0.25,0.0,0.0,-0.25,0.25,0.0,0.0,0.25,0.25,0.0,0.0,4,CO1,2,0.3294593112989456,1.0
llama31_instruct,h1_dinc,65,random,HrHr,0.14736666666666667,0.07285000000000001,0.036324999999999996,-0.030025000000000017,-0.04698333333333336,0.031275000000000004,0.00412499999999999,0.031275000000000004,0.0469833333333334,0.031275000000000025,-0.00412499999999999,-0.031275000000000025,0.0,0.0,0.0,0.0,0.0,0.0,0.0,0.0,0.0,0.0,0.0,0.0,2,CO2,2,-0.0169508502148298,0.2
llama31_instruct,h1_dinc,65,random,ShAs,0.13298333333333331,0.080075,0.069675,-0.010399999999999993,0.057683333333333406,0.041875,0.041875,0.010399999999999965,0.057683333333333406,0.041875,0.041875,0.010399999999999965,0.0,0.0,0.0,0.0,0.0,0.0,0.0,0.0,0.0,0.0,0.0,0.0,8,CO1,2,-0.3437457694579421,0.6000000000000001
llama31_instruct,h1_dinc,65,random,ShCo,0.09857500000000002,0.048625000000000015,0.03740000000000001,-0.011225000000000006,0.070175,0.03352500000000001,0.007599999999999982,-0.01817500000000001,0.070175,0.03352500000000001,0.007599999999999982,-0.01817500000000001,0.0,0.0,0.0,0.0,0.0,0.0,0.0,0.0,0.0,0.0,0.0,0.0,9,CO2,2,-0.5169508502148299,0.2
llama31_instruct,h1_dinc,65,random,ShSh,0.18201666666666663,0.08787500000000001,0.04992500000000001,-0.03794999999999999,0.08496666666666663,0.043125,0.03932500000000001,-0.003799999999999984,0.08496666666666663,0.043125,0.03932500000000001,-0.003799999999999984,0.0,0.0,0.0,0.0,0.0,0.0,0.0,0.0,0.0,0.0,0.0,0.0,9,CO1,2,-0.2571432290794982,0.8
llama31_instruct,h1_dinc,79,main,AsAs,2.6036749999999995,1.0,0.6848,-0.3152,0.014675000000000002,0.09209999999999999,-0.09209999999999999,-0.09209999999999999,0.014675000000000002,0.09209999999999999,-0.09209999999999999,-0.09209999999999999,2.666666666666667,1.0,1.0,0.0,0.0,0.0,0.0,0.0,0.0,0.0,0.0,0.0,1,CO1,2,-0.5169508502148299,0.2
llama31_instruct,h1_dinc,79,main,AsBa,2.6103166666666664,1.0,0.65455,-0.34545000000000003,0.008983333333333418,0.06234999999999999,-0.06234999999999996,-0.06234999999999999,-0.008983333333333371,0.06234999999999996,0.06234999999999996,0.06234999999999996,2.666666666666667,1.0,1.0,0.0,0.0,0.0,0.0,0.0,0.0,0.0,0.0,0.0,2,MP,0,0.5678259637502947,1.7999999999999998
llama31_instruct,h1_dinc,79,main,AsCh,2.602516666666667,1.0,0.6770750000000001,-0.322925,0.012183333333333395,0.084875,-0.08487499999999998,-0.084875,-0.012183333333333289,0.08487499999999998,0.08487499999999998,0.08487499999999998,2.666666666666667,1.0,1.0,0.0,0.0,0.0,0.0,0.0,0.0,0.0,0.0,0.0,4,MP,0,0.3368858560744445,1.4
llama31_instruct,h1_dinc,79,main,AsCm,2.57805,0.99995,0.625425,-0.374525,0.03459999999999983,0.23272499999999996,-0.23267499999999997,-0.23272499999999996,-0.03459999999999983,0.23272499999999996,0.23267499999999997,0.23272499999999996,2.666666666666667,1.0,0.5,-0.5,-4.623039550284263e-17,0.5,-0.5,-0.5,4.623039550284263e-17,0.5,0.5,0.5,2,OD1,1,0.7408346464128569,1.7999999999999998
llama31_instruct,h1_dinc,79,main,AsCo,2.60165,1.0,0.676675,-0.323325,0.025849999999999998,0.129575,-0.12957499999999997,-0.129575,0.025849999999999998,0.129575,-0.12957499999999997,-0.129575,2.666666666666667,1.0,1.0,0.0,0.0,0.0,0.0,0.0,0.0,0.0,0.0,0.0,1,CO2,2,-0.6035533905932737,0.0
llama31_instruct,h1_dinc,79,main,AsDl,2.5892833333333334,0.999975,0.720575,-0.2794,0.02573333333333326,0.11469999999999995,-0.11467499999999997,-0.11469999999999995,-0.02573333333333334,0.11469999999999997,0.11467499999999997,0.11469999999999997,2.666666666666667,1.0,1.0,0.0,0.0,0.0,0.0,0.0,0.0,0.0,0.0,0.0,4,OD1,1,0.5098945387370066,1.4
llama31_instruct,h1_dinc,79,main,AsHa,2.6099583333333327,1.0,0.656525,-0.343475,0.010341666666666674,0.034925,-0.034924999999999984,-0.034925,0.010341666666666674,0.034925,-0.034924999999999984,-0.034925,2.666666666666667,1.0,1.0,0.0,0.0,0.0,0.0,0.0,0.0,0.0,0.0,0.0,1,OD2,1,0.048014323385306,0.6000000000000001
llama31_instruct,h1_dinc,79,main,AsHr,2.6045249999999993,1.0,0.589725,-0.410275,0.01702500000000006,0.19697499999999998,-0.19697499999999998,-0.19697499999999998,-0.01702500000000006,0.19697499999999998,0.19697499999999998,0.19697499999999998,2.666666666666667,1.0,0.5,-0.5,-4.623039550284263e-17,0.5,-0.5,-0.5,4.623039550284263e-17,0.5,0.5,0.5,6,MP,0,0.68329601758822,2.0
llama31_instruct,h1_dinc,79,main,AsNc,2.5837666666666665,0.99995,0.730975,-0.26897499999999996,0.02928333333333331,0.094375,-0.09432499999999999,-0.094375,0.02928333333333331,0.094375,-0.09432499999999999,-0.094375,2.666666666666667,1.0,1.0,0.0,0.0,0.0,0.0,0.0,0.0,0.0,0.0,0.0,3,OD2,1,0.1634843772232312,0.8
llama31_instruct,h1_dinc,79,main,AsPc,2.6074083333333333,0.9999750000000001,0.6374500000000001,-0.362525,0.014624999999999966,0.090375,-0.09034999999999999,-0.090375,0.014624999999999966,0.090375,-0.09034999999999999,-0.090375,2.666666666666667,1.0,1.0,0.0,0.0,0.0,0.0,0.0,0.0,0.0,0.0,0.0,5,OD2,1,-0.1829257842905442,0.2
llama31_instruct,h1_dinc,79,main,AsPd,2.5778583333333334,0.9999750000000001,0.709975,-0.29,0.034108333333333275,0.1639,-0.163875,-0.1639,-0.03410833333333322,0.1639,0.163875,0.1639,2.666666666666667,1.0,1.0,0.0,0.0,0.0,0.0,0.0,0.0,0.0,0.0,0.0,6,OD1,1,0.3944244848990815,1.2
llama31_instruct,h1_dinc,79,main,AsSh,2.5713749999999997,0.9999499999999999,0.7936749999999999,-0.206275,0.012424999999999964,0.04157499999999997,-0.04157499999999997,-0.04157499999999996,0.012424999999999964,0.04157499999999997,-0.04157499999999997,-0.04157499999999996,2.666666666666667,1.0,1.0,0.0,0.0,0.0,0.0,0.0,0.0,0.0,0.0,0.0,3,CO1,2,-0.3437457694579421,0.6000000000000001
llama31_instruct,h1_dinc,79,main,BaAs,2.6117250000000007,1.0,0.49215000000000003,-0.50785,-0.0059416666666665075,0.1542,0.1542,0.15419999999999998,-0.0059416666666665075,0.1542,0.1542,0.15419999999999998,2.666666666666667,1.0,0.5,-0.5,4.623039550284263e-17,0.5,0.5,0.5,4.623039550284263e-17,0.5,0.5,0.5,1,MP,0,0.5678259637502947,1.7999999999999998
llama31_instruct,h1_dinc,79,main,BaBa,2.61855,1.0,0.598225,-0.401775,-0.005733333333333357,0.03597499999999999,0.03597499999999998,0.03597499999999999,-0.005733333333333357,0.03597499999999999,0.03597499999999998,0.03597499999999999,2.666666666666667,1.0,1.0,0.0,0.0,0.0,0.0,0.0,0.0,0.0,0.0,0.0,3,CO2,2,-0.0169508502148298,0.2
llama31_instruct,h1_dinc,79,main,BaCh,2.6070666666666664,1.0,0.688775,-0.311225,-0.008550000000000082,0.041874999999999996,0.04187499999999997,0.041874999999999996,-0.008550000000000082,0.041874999999999996,0.04187499999999997,0.041874999999999996,2.666666666666667,1.0,1.0,0.0,0.0,0.0,0.0,0.0,0.0,0.0,0.0,0.0,4,CO2,2,0.1562542305420579,0.6000000000000001
llama31_instruct,h1_dinc,79,main,BaCm,2.623741666666667,1.0,0.484375,-0.515625,-0.0026249999999999217,0.04552500000000001,0.04552500000000001,0.04552499999999998,-0.0026249999999999217,0.04552500000000001,0.04552500000000001,0.04552499999999998,2.666666666666667,1.0,0.5,-0.5,0.0,0.0,0.0,0.0,0.0,0.0,0.0,0.0,1,OD1,1,0.2789544310611563,1.0
llama31_instruct,h1_dinc,79,main,BaCo,2.61555,1.0,0.400825,-0.599175,0.004933333333333406,0.12907500000000002,0.12907500000000002,0.12907500000000002,0.004933333333333406,0.12907500000000002,0.12907500000000002,0.12907500000000002,2.666666666666666,1.0,0.25,-0.75,2.3115197751421316e-17,0.25,0.25,0.25,2.3115197751421316e-17,0.25,0.25,0.25,3,MP,0,0.4523559099123697,1.6
llama31_instruct,h1_dinc,79,main,BaDl,2.6168750000000003,1.0,0.604825,-0.395175,-0.003408333333333295,0.015625,0.015625,0.015625,-0.003408333333333295,0.015625,0.015625,0.015625,2.666666666666667,1.0,1.0,0.0,0.0,0.0,0.0,0.0,0.0,0.0,0.0,0.0,3,OD1,1,0.5098945387370066,1.4
llama31_instruct,h1_dinc,79,main,BaHa,2.609983333333333,1.0,0.414825,-0.585175,0.00746666666666667,0.11457500000000001,0.11457500000000001,0.11457500000000001,-0.00746666666666667,0.11457500000000001,-0.11457500000000001,-0.11457500000000001,2.666666666666666,1.0,0.25,-0.75,2.3115197751421316e-17,0.25,0.25,0.25,-2.3115197751421316e-17,0.25,-0.25,-0.25,2,OD2,1,0.048014323385306,0.6000000000000001
llama31_instruct,h1_dinc,79,main,BaHr,2.6222250000000003,1.0,0.4307,-0.5693,0.0006083333333334047,0.13045,0.13045,0.13044999999999998,0.0006083333333334047,0.13045,0.13045,0.13044999999999998,2.666666666666667,1.0,0.5,-0.5,4.623039550284263e-17,0.5,0.5,0.5,4.623039550284263e-17,0.5,0.5,0.5,5,CO1,2,0.069651690163614,0.3999999999999999
llama31_instruct,h1_dinc,79,main,BaNc,2.610891666666667,0.9999750000000001,0.5797,-0.420275,-0.01009166666666661,0.09407499999999999,0.09405,0.09407499999999999,0.01009166666666661,0.09407499999999999,-0.09405,-0.09407499999999999,2.666666666666667,1.0,0.75,-0.25,2.3115197751421316e-17,0.25,0.25,0.25,-2.3115197751421316e-17,0.25,-0.25,-0.25,4,OD2,1,0.1634843772232312,0.8
llama31_instruct,h1_dinc,79,main,BaPc,2.619325,1.0,0.410775,-0.589225,0.0010750000000000295,0.04497499999999999,0.04497499999999999,0.04497499999999999,-0.0010750000000000295,0.04497499999999999,-0.04497499999999999,-0.04497499999999999,2.666666666666666,1.0,0.25,-0.75,2.3115197751421316e-17,0.25,0.25,0.25,-2.3115197751421316e-17,0.25,-0.25,-0.25,6,OD2,1,0.2789544310611563,1.0
llama31_instruct,h1_dinc,79,main,BaPd,2.602383333333334,1.0,0.7179,-0.2821,-0.0007166666666666936,0.003075000000000022,0.0010000000000000009,0.0010000000000000148,-0.0007166666666666936,0.003075000000000022,0.0010000000000000009,0.0010000000000000148,2.666666666666667,1.0,1.0,0.0,0.0,0.0,0.0,0.0,0.0,0.0,0.0,0.0,5,OD1,1,0.3944244848990815,1.2
llama31_instruct,h1_dinc,79,main,BaSh,2.607391666666666,1.0,0.5804,-0.4196,-0.006191666666666702,0.10844999999999999,0.10844999999999999,0.10844999999999999,-0.006191666666666702,0.10844999999999999,0.10844999999999999,0.10844999999999999,2.666666666666667,1.0,0.75,-0.25,2.3115197751421316e-17,0.25,0.25,0.25,2.3115197751421316e-17,0.25,0.25,0.25,5,MP,0,0.3368858560744445,1.4
llama31_instruct,h1_dinc,79,main,ChAs,2.6177833333333327,1.0,0.465225,-0.534775,0.0034833333333333595,0.112125,0.112125,0.112125,0.0034833333333333595,0.112125,0.112125,0.112125,2.666666666666667,1.0,0.5,-0.5,4.623039550284263e-17,0.5,0.5,0.5,4.623039550284263e-17,0.5,0.5,0.5,7,MP,0,0.3368858560744445,1.4
llama31_instruct,h1_dinc,79,main,ChBa,2.6188833333333332,1.0,0.52115,-0.47885,-0.005250000000000004,0.013250000000000012,0.006900000000000017,0.006900000000000017,-0.005250000000000004,0.013250000000000012,0.006900000000000017,0.006900000000000017,2.666666666666667,1.0,0.5,-0.5,0.0,0.0,0.0,0.0,0.0,0.0,0.0,0.0,5,CO2,2,0.1562542305420579,0.6000000000000001
llama31_instruct,h1_dinc,79,main,ChCh,2.618025,1.0,0.553175,-0.44682499999999997,-0.006375000000000003,0.014824999999999991,0.007074999999999998,0.007074999999999998,-0.006375000000000003,0.014824999999999991,0.007074999999999998,0.007074999999999998,2.666666666666667,1.0,0.75,-0.25,-2.3115197751421316e-17,0.25,-0.25,-0.25,-2.3115197751421316e-17,0.25,-0.25,-0.25,6,CO2,2,0.2428567709205017,0.8
llama31_instruct,h1_dinc,79,main,ChCm,2.62305,1.0,0.41605000000000003,-0.58395,-0.0027166666666666377,0.008574999999999972,-0.008449999999999985,-0.008449999999999985,-0.0027166666666666377,0.008574999999999972,-0.008449999999999985,-0.008449999999999985,2.666666666666666,1.0,0.25,-0.75,-2.3115197751421316e-17,0.25,-0.25,-0.25,-2.3115197751421316e-17,0.25,-0.25,-0.25,7,OD1,1,0.6253645925749319,1.6
llama31_instruct,h1_dinc,79,main,ChCo,2.6194916666666668,1.0,0.49267500000000003,-0.507325,0.0010583333333333423,0.03722500000000001,0.03722500000000001,0.03722500000000001,0.0010583333333333423,0.03722500000000001,0.03722500000000001,0.03722500000000001,2.666666666666667,1.0,0.5,-0.5,0.0,0.0,0.0,0.0,0.0,0.0,0.0,0.0,9,MP,0,0.1059457483985941,1.0
llama31_instruct,h1_dinc,79,main,ChDl,2.6185,1.0,0.41635,-0.58365,0.0004666666666666889,0.03864999999999999,0.03864999999999999,0.03864999999999999,0.0004666666666666889,0.03864999999999999,0.03864999999999999,0.03864999999999999,2.666666666666666,1.0,0.25,-0.75,2.3115197751421316e-17,0.25,0.25,0.25,2.3115197751421316e-17,0.25,0.25,0.25,9,OD1,1,0.7408346464128569,1.7999999999999998
llama31_instruct,h1_dinc,79,main,ChHa,2.6048416666666667,1.0,0.390025,-0.6099749999999999,0.010308333333333341,0.15607500000000002,0.15607500000000002,0.15607500000000002,-0.010308333333333341,0.15607500000000002,-0.15607500000000002,-0.15607500000000002,2.666666666666667,1.0,0.5,-0.5,4.623039550284263e-17,0.5,0.5,0.5,-4.623039550284263e-17,0.5,-0.5,-0.5,8,OD2,1,-0.1829257842905442,0.2
llama31_instruct,h1_dinc,79,main,ChHr,2.6217,1.0,0.424825,-0.575175,8.333333333333788e-05,0.04392499999999999,0.04392499999999999,0.04392499999999999,8.333333333333788e-05,0.04392499999999999,0.04392499999999999,0.04392499999999999,2.666666666666666,1.0,0.25,-0.75,2.3115197751421316e-17,0.25,0.25,0.25,2.3115197751421316e-17,0.25,0.25,0.25,6,CO1,2,0.3294593112989456,1.0
llama31_instruct,h1_dinc,79,main,CmAs,2.5228749999999995,0.9999750000000001,0.44482499999999997,-0.55515,0.04679166666666691,0.36140000000000005,0.361375,0.36140000000000005,-0.04679166666666701,0.3614,-0.361375,-0.3614,2.583333333333333,1.0,0.5,-0.5,0.08333333333333365,0.5,0.5,0.5,-0.08333333333333365,0.5,-0.5,-0.5,8,OD1,1,0.2694301256218253,1.7999999999999998
llama31_instruct,h1_dinc,79,main,CmCm,2.5504,1.0,0.4404,-0.5596,0.03971666666666676,0.3365,0.3365,0.3365,-0.03971666666666676,0.3365,-0.3365,-0.3365,2.666666666666667,1.0,0.5,-0.5,4.623039550284263e-17,0.5,0.5,0.5,-4.623039550284263e-17,0.5,-0.5,-0.5,2,DD,1,-0.3079201435678004,0.8
llama31_instruct,h1_dinc,79,main,CmDl,2.550375,0.9999750000000001,0.51885,-0.481125,-0.012541666666666805,0.34782500000000005,0.3478,0.34782500000000005,0.012541666666666805,0.34782500000000005,-0.3478,-0.34782500000000005,2.666666666666667,1.0,0.5,-0.5,4.623039550284263e-17,0.5,0.5,0.5,-4.623039550284263e-17,0.5,-0.5,-0.5,4,DD,1,0.0384900179459749,1.4
llama31_instruct,h1_dinc,79,main,CmHa,2.5386583333333337,1.0,0.43835,-0.56165,0.05444166666666683,0.31655,0.31655,0.31655,-0.05444166666666683,0.31655,-0.31655,-0.31655,2.583333333333333,1.0,0.5,-0.5,0.08333333333333365,0.5,0.5,0.5,-0.08333333333333365,0.5,-0.5,-0.5,6,DD,1,0.0384900179459749,1.4
llama31_instruct,h1_dinc,79,main,CmNc,2.5568083333333336,1.0,0.45692499999999997,-0.543075,0.027358333333333384,0.349325,0.349325,0.349325,-0.027358333333333384,0.349325,-0.349325,-0.349325,2.666666666666667,1.0,0.5,-0.5,4.623039550284263e-17,0.5,0.5,0.5,-4.623039550284263e-17,0.5,-0.5,-0.5,8,DD,1,0.2694301256218253,1.7999999999999998
llama31_instruct,h1_dinc,79,main,CoAs,2.5961666666666665,0.9999750000000001,0.5923,-0.407675,0.018133333333333283,0.21392499999999998,-0.21389999999999998,-0.21392499999999998,0.018133333333333283,0.21392499999999998,-0.21389999999999998,-0.21392499999999998,2.666666666666667,1.0,0.5,-0.5,-4.623039550284263e-17,0.5,-0.5,-0.5,-4.623039550284263e-17,0.5,-0.5,-0.5,7,CO2,2,-0.6035533905932737,0.0
llama31_instruct,h1_dinc,79,main,CoCo,2.597383333333333,0.9999750000000001,0.554125,-0.44585,0.009049999999999806,0.23255,-0.232525,-0.23255,0.009049999999999806,0.23255,-0.232525,-0.23255,2.666666666666667,1.0,0.5,-0.5,-4.623039550284263e-17,0.5,-0.5,-0.5,-4.623039550284263e-17,0.5,-0.5,-0.5,7,CO1,2,-0.5169508502148299,0.2
llama31_instruct,h1_dinc,79,main,CoSh,2.5728,0.9999499999999999,0.67475,-0.3252,0.04476666666666653,0.20605,-0.20600000000000002,-0.20605,0.04476666666666653,0.20605,-0.20600000000000002,-0.20605,2.666666666666667,1.0,0.75,-0.25,-2.3115197751421316e-17,0.25,-0.25,-0.25,-2.3115197751421316e-17,0.25,-0.25,-0.25,8,CO2,2,-0.5169508502148299,0.2
llama31_instruct,h1_dinc,79,main,HaAs,2.5746749999999996,0.9999750000000001,0.4859,-0.5140750000000001,-0.006291666666666783,0.300775,-0.30075,-0.300775,-0.006291666666666783,0.300775,-0.30075,-0.300775,2.666666666666667,1.0,0.5,-0.5,-4.623039550284263e-17,0.5,-0.5,-0.5,-4.623039550284263e-17,0.5,-0.5,-0.5,7,OD2,1,-0.4233901974057255,0.6000000000000001
llama31_instruct,h1_dinc,79,main,HaBa,2.5784333333333334,0.99995,0.6892,-0.31074999999999997,0.043033333333333194,0.18925,-0.1892,-0.18925,0.043033333333333194,0.18925,-0.1892,-0.18925,2.666666666666667,1.0,0.75,-0.25,-2.3115197751421316e-17,0.25,-0.25,-0.25,-2.3115197751421316e-17,0.25,-0.25,-0.25,9,OD2,1,-0.4233901974057255,0.6000000000000001
llama31_instruct,h1_dinc,79,main,HaCm,2.578325,0.9999750000000001,0.648675,-0.3513,0.04407499999999999,0.22519999999999998,-0.225175,-0.22519999999999998,0.04407499999999999,0.22519999999999998,-0.225175,-0.22519999999999998,2.666666666666667,1.0,0.5,-0.5,-4.623039550284263e-17,0.5,-0.5,-0.5,-4.623039550284263e-17,0.5,-0.5,-0.5,1,DD,1,0.0384900179459749,1.4
llama31_instruct,h1_dinc,79,main,HaDl,2.5952499999999996,0.9999750000000001,0.62105,-0.378925,0.02381666666666655,0.19657500000000003,-0.19655000000000003,-0.19657500000000003,0.02381666666666655,0.19657500000000003,-0.19655000000000003,-0.19657500000000003,2.666666666666667,1.0,0.75,-0.25,-2.3115197751421316e-17,0.25,-0.25,-0.25,-2.3115197751421316e-17,0.25,-0.25,-0.25,3,DD,1,-0.1924500897298753,1.0
llama31_instruct,h1_dinc,79,main,HaHa,2.561983333333333,0.9999499999999999,0.5101749999999999,-0.489775,0.010149999999999949,0.325075,-0.325025,-0.325075,0.010149999999999949,0.325075,-0.325025,-0.325075,2.666666666666667,1.0,0.5,-0.5,-4.623039550284263e-17,0.5,-0.5,-0.5,-4.623039550284263e-17,0.5,-0.5,-0.5,5,DD,1,-0.6543303050815759,0.2
llama31_instruct,h1_dinc,79,main,HaNc,2.5257916666666667,0.999925,0.6111,-0.388825,0.07552499999999988,0.324925,-0.32484999999999997,-0.324925,0.07552499999999988,0.324925,-0.32484999999999997,-0.324925,2.5,1.0,0.5,-0.5,0.16666666666666669,0.5,-0.5,-0.5,0.16666666666666669,0.5,-0.5,-0.5,7,DD,1,-0.7698003589195012,0.0
llama31_instruct,h1_dinc,79,main,HaPc,2.5396083333333332,0.999925,0.5645,-0.435425,0.041924999999999685,0.33952499999999997,-0.33945000000000003,-0.33952499999999997,0.041924999999999685,0.33952499999999997,-0.33945000000000003,-0.33952499999999997,2.666666666666667,1.0,0.5,-0.5,-4.623039550284263e-17,0.5,-0.5,-0.5,-4.623039550284263e-17,0.5,-0.5,-0.5,9,DD,1,-0.4233901974057255,0.6000000000000001
llama31_instruct,h1_dinc,79,main,HrAs,2.590358333333333,1.0,0.4279,-0.5721,0.02099166666666667,0.23415000000000002,0.23415000000000002,0.23415000000000002,-0.020991666666666787,0.23415000000000002,-0.23415000000000002,-0.23415000000000002,2.666666666666667,1.0,0.5,-0.5,4.623039550284263e-17,0.5,0.5,0.5,-4.623039550284263e-17,0.5,-0.5,-0.5,8,MP,0,0.68329601758822,2.0
llama31_instruct,h1_dinc,79,main,HrBa,2.6184749999999997,1.0,0.492475,-0.507525,-0.0031916666666666252,0.184625,0.184625,0.184625,0.0031916666666666252,0.184625,-0.184625,-0.184625,2.666666666666667,1.0,0.5,-0.5,4.623039550284263e-17,0.5,0.5,0.5,-4.623039550284263e-17,0.5,-0.5,-0.5,2,CO1,2,0.069651690163614,0.3999999999999999
llama31_instruct,h1_dinc,79,main,HrCh,2.6015166666666665,0.9999750000000001,0.589225,-0.41075,-0.018349999999999877,0.20834999999999998,0.208325,0.20834999999999998,0.018350000000000043,0.20835,-0.208325,-0.20835,2.666666666666667,1.0,0.5,-0.5,4.623039550284263e-17,0.5,0.5,0.5,-4.623039550284263e-17,0.5,-0.5,-0.5,4,CO1,2,0.3294593112989456,1.0
llama31_instruct,h1_dinc,79,main,HrHr,2.601016666666666,0.999975,0.49672499999999997,-0.50325,-0.0016333333333333755,0.23515,0.235125,0.23515,0.0016333333333333755,0.23515,-0.235125,-0.23515,2.666666666666667,1.0,0.5,-0.5,4.623039550284263e-17,0.5,0.5,0.5,-4.623039550284263e-17,0.5,-0.5,-0.5,2,CO2,2,-0.0169508502148298,0.2
llama31_instruct,h1_dinc,79,main,ShAs,2.5851916666666668,0.999975,0.758825,-0.24115,0.021008333333333344,0.055975000000000025,-0.05562500000000001,-0.055650000000000005,0.021008333333333344,0.055975000000000025,-0.05562500000000001,-0.055650000000000005,2.666666666666667,1.0,1.0,0.0,0.0,0.0,0.0,0.0,0.0,0.0,0.0,0.0,8,CO1,2,-0.3437457694579421,0.6000000000000001
llama31_instruct,h1_dinc,79,main,ShCo,2.578983333333333,0.9999500000000001,0.7404000000000001,-0.25955,0.042366666666666754,0.1332,-0.13315,-0.1332,0.042366666666666754,0.1332,-0.13315,-0.1332,2.666666666666667,1.0,1.0,0.0,0.0,0.0,0.0,0.0,0.0,0.0,0.0,0.0,9,CO2,2,-0.5169508502148299,0.2
llama31_instruct,h1_dinc,79,main,ShSh,2.582191666666667,0.9999750000000001,0.7267250000000001,-0.27325,0.027508333333333374,0.09009999999999997,-0.09007499999999996,-0.09009999999999997,0.027508333333333374,0.09009999999999997,-0.09007499999999996,-0.09009999999999997,2.666666666666667,1.0,1.0,0.0,0.0,0.0,0.0,0.0,0.0,0.0,0.0,0.0,9,CO1,2,-0.2571432290794982,0.8
llama31_instruct,h1_dinc,79,main_perp,AsAs,0.054708333333333345,0.030924999999999994,0.030924999999999994,0.00809999999999999,-0.01415833333333338,0.015825000000000006,-0.015825000000000006,-0.00799999999999998,-0.01415833333333338,0.015825000000000006,-0.015825000000000006,-0.00799999999999998,0.0,0.0,0.0,0.0,0.0,0.0,0.0,0.0,0.0,0.0,0.0,0.0,1,CO1,2,-0.5169508502148299,0.2
llama31_instruct,h1_dinc,79,main_perp,AsBa,0.014699999999999979,0.019224999999999985,0.019224999999999985,0.009750000000000002,-0.025400000000000016,0.02024999999999999,-0.019224999999999992,-0.009549999999999989,0.02540000000000006,0.02024999999999999,0.019224999999999992,0.009549999999999975,0.0,0.0,0.0,0.0,0.0,0.0,0.0,0.0,0.0,0.0,0.0,0.0,2,MP,0,0.5678259637502947,1.7999999999999998
llama31_instruct,h1_dinc,79,main_perp,AsCh,0.042100000000000005,0.03935,0.03010000000000001,0.006175,-0.0029000000000000367,0.014950000000000019,-0.014950000000000019,-0.014225000000000015,0.002900000000000151,0.014950000000000019,0.014950000000000019,0.01422499999999996,0.0,0.0,0.0,0.0,0.0,0.0,0.0,0.0,0.0,0.0,0.0,0.0,4,MP,0,0.3368858560744445,1.4
llama31_instruct,h1_dinc,79,main_perp,AsCm,0.020775000000000002,0.018875000000000017,0.011150000000000021,0.003925000000000012,-0.03949166666666677,0.04492500000000002,-0.040799999999999975,-0.019324999999999953,0.03949166666666677,0.04492500000000002,0.040799999999999975,0.019324999999999953,0.0,0.0,0.0,0.0,0.0,0.0,0.0,0.0,0.0,0.0,0.0,0.0,2,OD1,1,0.7408346464128569,1.7999999999999998
llama31_instruct,h1_dinc,79,main_perp,AsCo,0.039808333333333334,0.034199999999999994,0.034199999999999994,0.016325,-0.016008333333333322,0.018549999999999997,-0.018049999999999983,-0.008574999999999985,-0.016008333333333322,0.018549999999999997,-0.018049999999999983,-0.008574999999999985,0.0,0.0,0.0,0.0,0.0,0.0,0.0,0.0,0.0,0.0,0.0,0.0,1,CO2,2,-0.6035533905932737,0.0
llama31_instruct,h1_dinc,79,main_perp,AsDl,0.042191666666666676,0.043575,0.035925,0.01715,-0.02024166666666668,0.02902499999999998,-0.022124999999999964,-0.01059999999999997,0.02024166666666676,0.029024999999999995,0.022125000000000006,0.01059999999999997,0.0,0.0,0.0,0.0,0.0,0.0,0.0,0.0,0.0,0.0,0.0,0.0,4,OD1,1,0.5098945387370066,1.4
llama31_instruct,h1_dinc,79,main_perp,AsHa,0.047041666666666634,0.0495,0.04225000000000001,0.01770000000000002,-0.027775000000000057,0.014500000000000027,0.0017499999999999877,0.011700000000000016,-0.027775000000000057,0.014500000000000027,0.0017499999999999877,0.011700000000000016,0.0,0.0,0.0,0.0,0.0,0.0,0.0,0.0,0.0,0.0,0.0,0.0,1,OD2,1,0.048014323385306,0.6000000000000001
llama31_instruct,h1_dinc,79,main_perp,AsHr,0.022475000000000044,0.02440000000000004,0.014550000000000049,-0.00452499999999998,-0.021558333333333356,0.034074999999999994,-0.02849999999999997,-0.02512499999999998,0.021558333333333356,0.034074999999999994,0.02849999999999997,0.02512499999999998,0.0,0.0,0.0,0.0,0.0,0.0,0.0,0.0,0.0,0.0,0.0,0.0,6,MP,0,0.68329601758822,2.0
llama31_instruct,h1_dinc,79,main_perp,AsNc,0.03217500000000001,0.03137500000000001,0.03137500000000001,0.014399999999999996,-0.014241666666666637,0.024900000000000005,-0.017625000000000016,-0.014150000000000038,-0.014241666666666637,0.024900000000000005,-0.017625000000000016,-0.014150000000000038,0.0,0.0,0.0,0.0,0.0,0.0,0.0,0.0,0.0,0.0,0.0,0.0,3,OD2,1,0.1634843772232312,0.8
llama31_instruct,h1_dinc,79,main_perp,AsPc,0.01655833333333332,0.026249999999999996,0.026249999999999996,0.020150000000000008,0.006124999999999967,0.012124999999999997,-0.010149999999999992,-0.011699999999999988,0.006124999999999967,0.012124999999999997,-0.010149999999999992,-0.011699999999999988,0.0,0.0,0.0,0.0,0.0,0.0,0.0,0.0,0.0,0.0,0.0,0.0,5,OD2,1,-0.1829257842905442,0.2
llama31_instruct,h1_dinc,79,main_perp,AsPd,0.017483333333333337,0.02700000000000001,0.019300000000000005,0.009200000000000007,-0.028633333333333386,0.01930000000000004,-0.01930000000000004,-0.009049999999999989,0.028633333333333427,0.01930000000000004,0.01930000000000004,0.009049999999999975,0.0,0.0,0.0,0.0,0.0,0.0,0.0,0.0,0.0,0.0,0.0,0.0,6,OD1,1,0.3944244848990815,1.2
llama31_instruct,h1_dinc,79,main_perp,AsSh,0.064475,0.048225,0.048225,0.019624999999999997,0.0008249999999999954,0.01312500000000004,0.0007250000000000381,0.0018250000000000419,0.0008249999999999954,0.01312500000000004,0.0007250000000000381,0.0018250000000000419,0.0,0.0,0.0,0.0,0.0,0.0,0.0,0.0,0.0,0.0,0.0,0.0,3,CO1,2,-0.3437457694579421,0.6000000000000001
llama31_instruct,h1_dinc,79,main_perp,BaAs,-0.002441666666666717,0.021199999999999997,-0.007500000000000007,-0.004474999999999979,0.035008333333333364,0.03392500000000001,0.03370000000000001,0.016424999999999995,0.035008333333333364,0.03392500000000001,0.03370000000000001,0.016424999999999995,0.0,0.0,0.0,0.0,0.0,0.0,0.0,0.0,0.0,0.0,0.0,0.0,1,MP,0,0.5678259637502947,1.7999999999999998
llama31_instruct,h1_dinc,79,main_perp,BaBa,0.03394999999999998,0.022675,0.022675,0.0034250000000000114,-0.0009166666666665999,0.01565000000000001,-0.008624999999999994,-0.004075000000000023,-0.0009166666666665999,0.01565000000000001,-0.008624999999999994,-0.004075000000000023,0.0,0.0,0.0,0.0,0.0,0.0,0.0,0.0,0.0,0.0,0.0,0.0,3,CO2,2,-0.0169508502148298,0.2
llama31_instruct,h1_dinc,79,main_perp,BaCh,0.044791666666666625,0.031449999999999985,0.025749999999999988,0.0031000000000000125,0.03557499999999997,0.026499999999999975,0.01274999999999999,-0.0031000000000000125,0.03557499999999997,0.026499999999999975,0.01274999999999999,-0.0031000000000000125,0.0,0.0,0.0,0.0,0.0,0.0,0.0,0.0,0.0,0.0,0.0,0.0,4,CO2,2,0.1562542305420579,0.6000000000000001
llama31_instruct,h1_dinc,79,main_perp,BaCm,0.017299999999999975,0.015374999999999972,0.0070250000000000035,-0.00024999999999998634,-0.0004999999999999846,0.007525000000000004,0.007174999999999987,0.00739999999999999,-0.0004999999999999846,0.007525000000000004,0.007174999999999987,0.00739999999999999,0.0,0.0,0.0,0.0,0.0,0.0,0.0,0.0,0.0,0.0,0.0,0.0,1,OD1,1,0.2789544310611563,1.0
llama31_instruct,h1_dinc,79,main_perp,BaCo,-0.015716666666666643,0.033225000000000005,-0.033225000000000005,-0.02372500000000001,0.021266666666666607,0.025349999999999984,0.01722499999999999,0.0072750000000000176,0.021266666666666607,0.025349999999999984,0.01722499999999999,0.0072750000000000176,0.0,0.0,0.0,0.0,0.0,0.0,0.0,0.0,0.0,0.0,0.0,0.0,3,MP,0,0.4523559099123697,1.6
llama31_instruct,h1_dinc,79,main_perp,BaDl,0.020074999999999996,0.014949999999999991,0.013849999999999987,0.007624999999999993,-0.005241666666666695,0.014775000000000024,0.00014999999999999736,0.0004250000000000087,-0.005241666666666695,0.014775000000000024,0.00014999999999999736,0.0004250000000000087,-0.24999999999999986,0.25,0.0,0.25,0.24999999999999986,0.25,0.0,-0.25,0.24999999999999986,0.25,0.0,-0.25,3,OD1,1,0.5098945387370066,1.4
llama31_instruct,h1_dinc,79,main_perp,BaHa,0.0003749999999999507,0.014825000000000019,0.0015500000000000097,-0.005499999999999977,0.013891666666666668,0.012725,0.012700000000000003,0.00520000000000001,-0.013891666666666627,0.012724999999999986,-0.012699999999999989,-0.00520000000000001,0.0,0.0,0.0,0.0,0.0,0.0,0.0,0.0,0.0,0.0,0.0,0.0,2,OD2,1,0.048014323385306,0.6000000000000001
llama31_instruct,h1_dinc,79,main_perp,BaHr,-0.004783333333333361,0.017524999999999985,-0.017499999999999988,-0.013099999999999987,0.0462166666666667,0.040900000000000006,0.032549999999999996,0.012799999999999992,0.0462166666666667,0.040900000000000006,0.032549999999999996,0.012799999999999992,0.0,0.0,0.0,0.0,0.0,0.0,0.0,0.0,0.0,0.0,0.0,0.0,5,CO1,2,0.069651690163614,0.3999999999999999
llama31_instruct,h1_dinc,79,main_perp,BaNc,0.01061666666666665,0.020549999999999978,0.020549999999999978,0.013749999999999991,0.027233333333333356,0.027224999999999992,0.01935,0.005799999999999993,-0.02723333333333334,0.02722499999999997,-0.019350000000000006,-0.0058,0.0,0.0,0.0,0.0,0.0,0.0,0.0,0.0,0.0,0.0,0.0,0.0,4,OD2,1,0.1634843772232312,0.8
llama31_instruct,h1_dinc,79,main_perp,BaPc,-0.036958333333333336,0.028475,-0.02162500000000002,-0.006450000000000011,-0.0009083333333333644,0.007749999999999979,0.007425000000000001,0.00655,0.0009083333333333865,0.007749999999999951,-0.007424999999999987,-0.00655,0.0,0.0,0.0,0.0,0.0,0.0,0.0,0.0,0.0,0.0,0.0,0.0,6,OD2,1,0.2789544310611563,1.0
llama31_instruct,h1_dinc,79,main_perp,BaPd,0.06671666666666667,0.046124999999999985,0.03944999999999998,0.0066749999999999796,0.00546666666666661,0.007499999999999993,0.0010000000000000009,0.00047500000000003095,0.00546666666666661,0.007499999999999993,0.0010000000000000009,0.00047500000000003095,0.0,0.0,0.0,0.0,0.0,0.0,0.0,0.0,0.0,0.0,0.0,0.0,5,OD1,1,0.3944244848990815,1.2
llama31_instruct,h1_dinc,79,main_perp,BaSh,0.022349999999999984,0.020624999999999998,0.020624999999999998,0.010725000000000005,0.01734999999999995,0.02114999999999996,0.019174999999999963,0.009424999999999996,0.01734999999999995,0.02114999999999996,0.019174999999999963,0.009424999999999996,0.0,0.0,0.0,0.0,0.0,0.0,0.0,0.0,0.0,0.0,0.0,0.0,5,MP,0,0.3368858560744445,1.4
llama31_instruct,h1_dinc,79,main_perp,ChAs,0.011591666666666636,0.01592500000000001,0.0009249999999999953,-0.0027249999999999774,-0.0029249999999999806,0.030224999999999988,0.030224999999999988,0.02547499999999997,-0.0029249999999999806,0.030224999999999988,0.030224999999999988,0.02547499999999997,0.0,0.0,0.0,0.0,0.0,0.0,0.0,0.0,0.0,0.0,0.0,0.0,7,MP,0,0.3368858560744445,1.4
llama31_instruct,h1_dinc,79,main_perp,ChBa,-0.0027000000000000426,0.014950000000000005,0.006275000000000003,0.006075000000000025,0.006916666666666633,0.015350000000000003,0.007275000000000004,0.007675000000000001,0.006916666666666633,0.015350000000000003,0.007275000000000004,0.007675000000000001,-0.5833333333333334,0.25,-0.25,0.0,0.5833333333333334,0.25,0.25,0.0,0.5833333333333334,0.25,0.25,0.0,5,CO2,2,0.1562542305420579,0.6000000000000001
llama31_instruct,h1_dinc,79,main_perp,ChCh,-0.01094999999999997,0.015075000000000005,0.007150000000000004,0.011124999999999996,0.007833333333333269,0.008224999999999982,0.007699999999999971,0.0033250000000000224,0.007833333333333269,0.008224999999999982,0.007699999999999971,0.0033250000000000224,-0.5833333333333333,0.25,0.0,0.25,0.5833333333333333,0.25,0.0,-0.25,0.5833333333333333,0.25,0.0,-0.25,6,CO2,2,0.2428567709205017,0.8
llama31_instruct,h1_dinc,79,main_perp,ChCm,-0.002966666666666672,0.014175000000000007,-0.007475000000000009,-0.007100000000000009,0.0016999999999999255,0.022675,0.0070250000000000035,0.00745000000000004,0.0016999999999999255,0.022675,0.0070250000000000035,0.00745000000000004,0.0,0.0,0.0,0.0,0.0,0.0,0.0,0.0,0.0,0.0,0.0,0.0,7,OD1,1,0.6253645925749319,1.6
llama31_instruct,h1_dinc,79,main_perp,ChCo,0.016341666666666612,0.01554999999999998,0.01554999999999998,0.007525000000000018,0.01017499999999995,0.014575000000000005,-0.0008000000000000229,-0.008275000000000005,0.01017499999999995,0.014575000000000005,-0.0008000000000000229,-0.008275000000000005,0.0,0.0,0.0,0.0,0.0,0.0,0.0,0.0,0.0,0.0,0.0,0.0,9,MP,0,0.1059457483985941,1.0
llama31_instruct,h1_dinc,79,main_perp,ChDl,-0.016691666666666688,0.021874999999999978,-0.02157499999999997,-0.01429999999999998,-0.004858333333333304,0.01525,0.007974999999999996,0.007699999999999985,-0.004858333333333304,0.01525,0.007974999999999996,0.007699999999999985,0.0,0.0,0.0,0.0,0.0,0.0,0.0,0.0,0.0,0.0,0.0,0.0,9,OD1,1,0.7408346464128569,1.7999999999999998
llama31_instruct,h1_dinc,79,main_perp,ChHa,-0.040433333333333404,0.024025000000000005,-0.006100000000000022,0.014025000000000024,0.027033333333333402,0.027650000000000008,0.02125000000000002,0.009324999999999986,-0.027033333333333368,0.027650000000000008,-0.02125000000000002,-0.009325,-0.49999999999999994,0.25,0.0,0.25,-0.49999999999999994,0.25,0.0,0.25,0.49999999999999994,0.25,0.0,-0.25,8,OD2,1,-0.1829257842905442,0.2
llama31_instruct,h1_dinc,79,main_perp,ChHr,-0.029025000000000065,0.022125000000000006,-0.014975000000000016,-0.0045249999999999735,-0.007158333333333337,0.01050000000000001,-0.0010249999999999981,0.004275000000000001,-0.007158333333333337,0.01050000000000001,-0.0010249999999999981,0.004275000000000001,-0.08333333333333334,0.25,0.0,0.0,0.08333333333333334,0.25,0.0,0.0,0.08333333333333334,0.25,0.0,0.0,6,CO1,2,0.3294593112989456,1.0
llama31_instruct,h1_dinc,79,main_perp,CmAs,-0.026199999999999963,0.01492499999999998,-0.010549999999999997,0.004374999999999983,0.06213333333333332,0.05049999999999999,0.0399,0.011175000000000011,-0.062133333333333346,0.05049999999999999,-0.03989999999999999,-0.01117499999999999,0.0,0.0,0.0,0.0,0.0,0.0,0.0,0.0,0.0,0.0,0.0,0.0,8,OD1,1,0.2694301256218253,1.7999999999999998
llama31_instruct,h1_dinc,79,main_perp,CmCm,-0.008525000000000034,0.00845,-0.00822500000000001,-0.002124999999999988,0.07595833333333338,0.053925000000000015,0.04202500000000001,0.008174999999999988,-0.07595833333333343,0.05392500000000003,-0.04202500000000001,-0.00817499999999996,0.0,0.0,0.0,0.0,0.0,0.0,0.0,0.0,0.0,0.0,0.0,0.0,2,DD,1,-0.3079201435678004,0.8
llama31_instruct,h1_dinc,79,main_perp,CmDl,-0.004774999999999996,0.006325000000000004,-0.0028750000000000026,0.0004999999999999935,0.05767499999999999,0.04972499999999999,0.042925000000000005,0.018450000000000015,-0.057675000000000004,0.04972499999999999,-0.04292500000000002,-0.018450000000000022,0.0,0.0,0.0,0.0,0.0,0.0,0.0,0.0,0.0,0.0,0.0,0.0,4,DD,1,0.0384900179459749,1.4
llama31_instruct,h1_dinc,79,main_perp,CmHa,0.009749999999999997,0.01382499999999999,0.010749999999999996,-0.00027499999999999053,0.06461666666666664,0.04879999999999996,0.038249999999999965,0.006574999999999977,-0.0646166666666667,0.04879999999999998,-0.03824999999999998,-0.00657499999999997,0.0,0.0,0.0,0.0,0.0,0.0,0.0,0.0,0.0,0.0,0.0,0.0,6,DD,1,0.0384900179459749,1.4
llama31_instruct,h1_dinc,79,main_perp,CmNc,-0.008899999999999995,0.011250000000000003,-0.00022500000000001685,0.005399999999999995,0.07753333333333332,0.05322499999999999,0.05247500000000001,0.013850000000000008,-0.07753333333333334,0.053224999999999995,-0.052474999999999994,-0.013849999999999973,0.0,0.0,0.0,0.0,0.0,0.0,0.0,0.0,0.0,0.0,0.0,0.0,8,DD,1,0.2694301256218253,1.7999999999999998
llama31_instruct,h1_dinc,79,main_perp,CoAs,0.00478333333333334,0.006400000000000003,0.006375000000000006,0.005025000000000002,-0.05671666666666666,0.046249999999999986,-0.03527499999999997,-0.005624999999999991,-0.05671666666666666,0.046249999999999986,-0.03527499999999997,-0.005624999999999991,0.0,0.0,0.0,0.0,0.0,0.0,0.0,0.0,0.0,0.0,0.0,0.0,7,CO2,2,-0.6035533905932737,0.0
llama31_instruct,h1_dinc,79,main_perp,CoCo,0.012725000000000012,0.01619999999999998,0.00739999999999999,-0.00020000000000001267,-0.05002500000000003,0.05417500000000003,-0.04865000000000003,-0.026800000000000018,-0.05002500000000003,0.05417500000000003,-0.04865000000000003,-0.026800000000000018,0.0,0.0,0.0,0.0,0.0,0.0,0.0,0.0,0.0,0.0,0.0,0.0,7,CO1,2,-0.5169508502148299,0.2
llama31_instruct,h1_dinc,79,main_perp,CoSh,0.035066666666666635,0.020149999999999994,0.019274999999999994,0.0007750000000000187,-0.04093333333333338,0.035475000000000007,-0.03527500000000003,-0.01642500000000001,-0.04093333333333338,0.035475000000000007,-0.03527500000000003,-0.01642500000000001,0.0,0.0,0.0,0.0,0.0,0.0,0.0,0.0,0.0,0.0,0.0,0.0,8,CO2,2,-0.5169508502148299,0.2
llama31_instruct,h1_dinc,79,main_perp,HaAs,-0.01556666666666667,0.011274999999999986,-0.0025500000000000175,0.0007499999999999868,-0.06791666666666675,0.060624999999999984,-0.04770000000000002,-0.016349999999999976,-0.06791666666666675,0.060624999999999984,-0.04770000000000002,-0.016349999999999976,0.0,0.0,0.0,0.0,0.0,0.0,0.0,0.0,0.0,0.0,0.0,0.0,7,OD2,1,-0.4233901974057255,0.6000000000000001
llama31_instruct,h1_dinc,79,main_perp,HaBa,0.019349999999999992,0.0219,0.018324999999999984,0.008199999999999989,-0.02303333333333334,0.022775000000000004,-0.017824999999999994,-0.008349999999999982,-0.02303333333333334,0.022775000000000004,-0.017824999999999994,-0.008349999999999982,0.0,0.0,0.0,0.0,0.0,0.0,0.0,0.0,0.0,0.0,0.0,0.0,9,OD2,1,-0.4233901974057255,0.6000000000000001
llama31_instruct,h1_dinc,79,main_perp,HaCm,0.021149999999999988,0.023124999999999993,0.012474999999999993,0.0019500000000000003,-0.024649999999999984,0.02695,-0.026524999999999993,-0.016649999999999998,-0.024649999999999984,0.02695,-0.026524999999999993,-0.016649999999999998,0.0,0.0,0.0,0.0,0.0,0.0,0.0,0.0,0.0,0.0,0.0,0.0,1,DD,1,0.0384900179459749,1.4
llama31_instruct,h1_dinc,79,main_perp,HaDl,0.02679166666666663,0.01734999999999999,0.005349999999999987,-0.010599999999999991,-0.03099166666666672,0.03550000000000002,-0.035100000000000034,-0.020099999999999993,-0.03099166666666672,0.03550000000000002,-0.035100000000000034,-0.020099999999999993,0.0,0.0,0.0,0.0,0.0,0.0,0.0,0.0,0.0,0.0,0.0,0.0,3,DD,1,-0.1924500897298753,1.0
llama31_instruct,h1_dinc,79,main_perp,HaHa,-0.015691666666666645,0.014549999999999973,-0.0015750000000000208,0.004449999999999982,-0.08102500000000007,0.05322500000000002,-0.04907499999999998,-0.008799999999999947,-0.08102500000000007,0.05322500000000002,-0.04907499999999998,-0.008799999999999947,0.0,0.0,0.0,0.0,0.0,0.0,0.0,0.0,0.0,0.0,0.0,0.0,5,DD,1,-0.6543303050815759,0.2
llama31_instruct,h1_dinc,79,main_perp,HaNc,0.007891666666666707,0.007475000000000008,0.007175000000000023,0.0026999999999999854,-0.04652499999999994,0.04324999999999998,-0.03572499999999998,-0.011450000000000016,-0.04652499999999994,0.04324999999999998,-0.03572499999999998,-0.011450000000000016,0.0,0.0,0.0,0.0,0.0,0.0,0.0,0.0,0.0,0.0,0.0,0.0,7,DD,1,-0.7698003589195012,0.0
llama31_instruct,h1_dinc,79,main_perp,HaPc,-0.013141666666666671,0.009824999999999997,-0.006199999999999994,0.000800000000000009,-0.08125833333333332,0.05462500000000001,-0.05235000000000001,-0.011050000000000004,-0.08125833333333332,0.05462500000000001,-0.05235000000000001,-0.011050000000000004,0.0,0.0,0.0,0.0,0.0,0.0,0.0,0.0,0.0,0.0,0.0,0.0,9,DD,1,-0.4233901974057255,0.6000000000000001
llama31_instruct,h1_dinc,79,main_perp,HrAs,-0.03364166666666666,0.026800000000000004,-0.0033500000000000196,0.0058749999999999775,0.03634166666666666,0.04525000000000001,0.04525000000000001,0.02262500000000002,-0.036341666666666696,0.04525000000000001,-0.04525000000000001,-0.022625000000000006,0.0,0.0,0.0,0.0,0.0,0.0,0.0,0.0,0.0,0.0,0.0,0.0,8,MP,0,0.68329601758822,2.0
llama31_instruct,h1_dinc,79,main_perp,HrBa,0.0013583333333332791,0.010724999999999957,0.0006499999999999978,-0.0029499999999999665,0.039475,0.04254999999999999,0.04254999999999999,0.02414999999999999,-0.03947499999999999,0.042550000000000004,-0.042550000000000004,-0.024150000000000005,0.0,0.0,0.0,0.0,0.0,0.0,0.0,0.0,0.0,0.0,0.0,0.0,2,CO1,2,0.069651690163614,0.3999999999999999
llama31_instruct,h1_dinc,79,main_perp,HrCh,0.013300000000000018,0.01817500000000001,0.006875000000000006,0.0036500000000000074,0.042699999999999995,0.040424999999999975,0.036724999999999994,0.018399999999999993,-0.042700000000000016,0.04042499999999999,-0.03672500000000001,-0.0184,-0.41666666666666663,0.25,-0.25,0.0,0.41666666666666663,0.25,0.25,0.0,-0.41666666666666663,0.25,-0.25,0.0,4,CO1,2,0.3294593112989456,1.0
llama31_instruct,h1_dinc,79,main_perp,HrHr,-0.010275000000000012,0.02324999999999998,-0.0050250000000000156,-0.0053500000000000075,0.053608333333333334,0.04912499999999999,0.044774999999999995,0.018799999999999997,-0.053608333333333355,0.049125,-0.04477500000000001,-0.01880000000000001,0.0,0.0,0.0,0.0,0.0,0.0,0.0,0.0,0.0,0.0,0.0,0.0,2,CO2,2,-0.0169508502148298,0.2
llama31_instruct,h1_dinc,79,main_perp,ShAs,0.05930000000000001,0.050725,0.050725,0.02322499999999999,-0.020866666666666672,0.01892499999999999,0.0008249999999999993,0.010074999999999994,-0.020866666666666672,0.01892499999999999,0.0008249999999999993,0.010074999999999994,0.0,0.0,0.0,0.0,0.0,0.0,0.0,0.0,0.0,0.0,0.0,0.0,8,CO1,2,-0.3437457694579421,0.6000000000000001
llama31_instruct,h1_dinc,79,main_perp,ShCo,0.04770833333333336,0.042124999999999996,0.038325000000000005,0.018500000000000003,-0.008208333333333304,0.012625000000000025,-0.008675000000000016,-0.003500000000000031,-0.008208333333333304,0.012625000000000025,-0.008675000000000016,-0.003500000000000031,0.0,0.0,0.0,0.0,0.0,0.0,0.0,0.0,0.0,0.0,0.0,0.0,9,CO2,2,-0.5169508502148299,0.2
llama31_instruct,h1_dinc,79,main_perp,ShSh,0.04404999999999998,0.03370000000000001,0.029475000000000008,0.008000000000000014,-0.01620000000000001,0.017299999999999996,-0.0006749999999999673,0.007100000000000037,-0.01620000000000001,0.017299999999999996,-0.0006749999999999673,0.007100000000000037,0.0,0.0,0.0,0.0,0.0,0.0,0.0,0.0,0.0,0.0,0.0,0.0,9,CO1,2,-0.2571432290794982,0.8
llama31_instruct,h1_dinc,79,random,AsAs,-0.8479499999999995,0.40802499999999997,-0.1488,0.259225,-0.08386666666666659,0.05524999999999998,-0.04579999999999998,-0.0019750000000000045,-0.08386666666666659,0.05524999999999998,-0.04579999999999998,-0.0019750000000000045,-0.9999999999999999,0.5,0.0,0.5,-0.9999999999999999,0.5,0.0,0.5,-0.9999999999999999,0.5,0.0,0.5,1,CO1,2,-0.5169508502148299,0.2
llama31_instruct,h1_dinc,79,random,AsBa,-0.8799749999999997,0.425225,-0.1638,0.261425,-0.02592500000000005,0.03174999999999997,-0.03174999999999997,-0.017174999999999968,0.02592500000000003,0.031749999999999945,0.031749999999999945,0.01717499999999994,-1.8333333333333326,1.0,0.0,1.0,-0.16666666666666669,0.25,0.0,0.0,0.16666666666666669,0.25,0.0,0.0,2,MP,0,0.5678259637502947,1.7999999999999998
llama31_instruct,h1_dinc,79,random,AsCh,-0.8232416666666665,0.40042500000000003,-0.155825,0.2446,-0.08987499999999994,0.05062499999999997,-0.03967499999999998,-0.0016500000000000126,0.08987499999999994,0.050624999999999976,0.03967499999999996,0.0016499999999999848,-1.4166666666666665,0.75,0.0,0.75,-0.5833333333333333,0.25,0.0,0.25,0.5833333333333333,0.25,0.0,-0.25,4,MP,0,0.3368858560744445,1.4
llama31_instruct,h1_dinc,79,random,AsCm,-0.7254666666666668,0.35547500000000004,-0.15475,0.20072500000000004,-0.15863333333333338,0.10215000000000002,-0.08944999999999997,-0.02027499999999996,0.15863333333333338,0.10215000000000002,0.08944999999999997,0.02027499999999996,-1.1666666666666667,0.5,-0.5,0.0,-1.1666666666666667,0.5,-0.5,0.0,1.1666666666666667,0.5,0.5,0.0,2,OD1,1,0.7408346464128569,1.7999999999999998
llama31_instruct,h1_dinc,79,random,AsCo,-0.8365666666666666,0.40425,-0.15575,0.2485,-0.15095,0.08094999999999998,-0.06294999999999998,0.004000000000000017,-0.15095,0.08094999999999998,-0.06294999999999998,0.004000000000000017,-1.2499999999999998,0.5,0.0,0.5,-1.2499999999999998,0.5,0.0,0.5,-1.2499999999999998,0.5,0.0,0.5,1,CO2,2,-0.6035533905932737,0.0
llama31_instruct,h1_dinc,79,random,AsDl,-0.7773833333333331,0.38487499999999997,-0.14295,0.241925,-0.15673333333333328,0.07352500000000001,-0.05864999999999994,0.014875000000000069,0.1567333333333333,0.07352500000000001,0.05864999999999995,-0.014875000000000055,-0.9999999999999999,0.5,0.0,0.5,-0.9999999999999999,0.5,0.0,0.5,0.9999999999999999,0.5,0.0,-0.5,4,OD1,1,0.5098945387370066,1.4
llama31_instruct,h1_dinc,79,random,AsHa,-0.8715583333333329,0.42279999999999995,-0.15967499999999998,0.263125,-0.045674999999999986,0.027424999999999984,-0.015974999999999996,0.009074999999999986,-0.045674999999999986,0.027424999999999984,-0.015974999999999996,0.009074999999999986,-1.8333333333333326,1.0,0.0,1.0,-0.16666666666666669,0.25,0.0,0.0,-0.16666666666666669,0.25,0.0,0.0,1,OD2,1,0.048014323385306,0.6000000000000001
llama31_instruct,h1_dinc,79,random,AsHr,-0.8389583333333334,0.4052,-0.18199999999999997,0.22320000000000004,-0.10524166666666657,0.08432499999999996,-0.07604999999999995,-0.032049999999999995,0.10524166666666662,0.08432499999999998,0.07604999999999998,0.032049999999999995,-1.1666666666666667,0.5,-0.5,0.0,-1.1666666666666667,0.5,-0.5,0.0,1.1666666666666667,0.5,0.5,0.0,6,MP,0,0.68329601758822,2.0
llama31_instruct,h1_dinc,79,random,AsNc,-0.7491666666666665,0.365625,-0.1276,0.23802500000000001,-0.1374166666666667,0.06367500000000001,-0.0433,0.020375000000000018,-0.1374166666666667,0.06367500000000001,-0.0433,0.020375000000000018,-0.8333333333333331,0.5,0.0,0.5,-0.8333333333333331,0.5,0.0,0.5,-0.8333333333333331,0.5,0.0,0.5,3,OD2,1,0.1634843772232312,0.8
llama31_instruct,h1_dinc,79,random,AsPc,-0.9015666666666667,0.429925,-0.1746,0.255325,-0.09151666666666672,0.050499999999999996,-0.04414999999999999,-0.0032749999999999585,-0.09151666666666672,0.050499999999999996,-0.04414999999999999,-0.0032749999999999585,-1.75,0.75,0.0,0.75,-0.9166666666666667,0.5,0.0,0.25,-0.9166666666666667,0.5,0.0,0.25,5,OD2,1,-0.1829257842905442,0.2
llama31_instruct,h1_dinc,79,random,AsPd,-0.7151583333333333,0.349825,-0.1331,0.216725,-0.18204166666666668,0.09022499999999999,-0.07445000000000002,0.008075000000000013,0.18204166666666666,0.09022499999999997,0.07444999999999999,-0.008075000000000027,-1.2499999999999998,0.5,0.0,0.5,-1.2499999999999998,0.5,0.0,0.5,1.2499999999999998,0.5,0.0,-0.5,6,OD1,1,0.3944244848990815,1.2
llama31_instruct,h1_dinc,79,random,AsSh,-0.6856666666666664,0.340125,-0.09245,0.24767500000000003,-0.07048333333333331,0.03702499999999998,-0.013449999999999955,0.019675000000000054,-0.07048333333333331,0.03702499999999998,-0.013449999999999955,0.019675000000000054,-0.4166666666666666,0.25,0.0,0.25,-0.4166666666666666,0.25,0.0,0.25,-0.4166666666666666,0.25,0.0,0.25,3,CO1,2,-0.3437457694579421,0.6000000000000001
llama31_instruct,h1_dinc,79,random,BaAs,-0.8859916666666667,0.430075,-0.217325,0.21275,-0.01287500000000006,0.052400000000000016,0.04947499999999996,0.052400000000000016,-0.01287500000000006,0.052400000000000016,0.04947499999999996,0.052400000000000016,-2.083333333333333,1.0,-0.5,0.5,-0.08333333333333309,0.5,0.5,0.5,-0.08333333333333309,0.5,0.5,0.5,1,MP,0,0.5678259637502947,1.7999999999999998
llama31_instruct,h1_dinc,79,random,BaBa,-0.9299166666666665,0.447975,-0.1936,0.254375,0.03791666666666676,0.031200000000000033,0.021100000000000008,0.0006749999999999673,0.03791666666666676,0.031200000000000033,0.021100000000000008,0.0006749999999999673,-2.2499999999999996,1.0,0.0,1.0,0.25,0.25,0.0,0.0,0.25,0.25,0.0,0.0,3,CO2,2,-0.0169508502148298,0.2
llama31_instruct,h1_dinc,79,random,BaCh,-0.8708249999999997,0.423925,-0.15917499999999998,0.26475,0.04765833333333334,0.026250000000000016,0.015875,-0.002999999999999989,0.04765833333333334,0.026250000000000016,0.015875,-0.002999999999999989,-1.4999999999999998,0.75,0.0,0.75,0.6666666666666667,0.25,0.0,-0.25,0.6666666666666667,0.25,0.0,-0.25,4,CO2,2,0.1562542305420579,0.6000000000000001
llama31_instruct,h1_dinc,79,random,BaCm,-0.9896749999999997,0.478,-0.243475,0.23452499999999998,0.0183583333333334,0.021025000000000016,0.021025000000000016,0.012474999999999972,0.0183583333333334,0.021025000000000016,0.021025000000000016,0.012474999999999972,-2.333333333333333,1.0,-0.5,0.5,0.16666666666666669,0.25,0.0,0.0,0.16666666666666669,0.25,0.0,0.0,1,OD1,1,0.2789544310611563,1.0
llama31_instruct,h1_dinc,79,random,BaCo,-0.8980833333333335,0.4404,-0.255975,0.184425,-0.0371333333333333,0.0533,0.03392500000000001,0.048125000000000015,-0.0371333333333333,0.0533,0.03392500000000001,0.048125000000000015,-1.9166666666666665,1.0,-0.75,0.25,-0.24999999999999997,0.5,0.25,0.25,-0.24999999999999997,0.5,0.25,0.25,3,MP,0,0.4523559099123697,1.6
llama31_instruct,h1_dinc,79,random,BaDl,-0.9136,0.444875,-0.184475,0.2604,-0.004833333333333337,0.009550000000000003,0.009324999999999986,0.009550000000000003,-0.004833333333333337,0.009550000000000003,0.009324999999999986,0.009550000000000003,-2.0833333333333335,1.0,0.0,1.0,0.08333333333333334,0.25,0.0,0.0,0.08333333333333334,0.25,0.0,0.0,3,OD1,1,0.5098945387370066,1.4
llama31_instruct,h1_dinc,79,random,BaHa,-0.8840083333333332,0.432525,-0.23947499999999997,0.19305000000000003,-0.05670833333333332,0.04895000000000001,0.020225000000000014,0.04695000000000002,0.056708333333333284,0.04895000000000002,-0.02022500000000002,-0.04695000000000002,-1.583333333333333,0.75,-0.5,0.25,-0.4166666666666666,0.25,0.0,0.25,0.4166666666666666,0.25,0.0,-0.25,2,OD2,1,0.048014323385306,0.6000000000000001
llama31_instruct,h1_dinc,79,random,BaHr,-0.90835,0.441075,-0.24424999999999997,0.19682500000000003,-0.03025000000000001,0.041175,0.03090000000000001,0.041175,-0.03025000000000001,0.041175,0.03090000000000001,0.041175,-2.083333333333333,1.0,-0.5,0.5,-0.08333333333333309,0.5,0.5,0.5,-0.08333333333333309,0.5,0.5,0.5,5,CO1,2,0.069651690163614,0.3999999999999999
llama31_instruct,h1_dinc,79,random,BaNc,-0.9001666666666664,0.43337499999999995,-0.1865,0.24687499999999996,0.05095000000000007,0.05340000000000001,0.0383,0.01812499999999996,-0.05095000000000006,0.0534,-0.0383,-0.018124999999999974,-1.833333333333333,1.0,-0.25,0.75,0.16666666666666674,0.5,0.25,0.25,-0.16666666666666674,0.5,-0.25,-0.25,4,OD2,1,0.1634843772232312,0.8
llama31_instruct,h1_dinc,79,random,BaPc,-0.9146666666666664,0.44227500000000003,-0.251375,0.19090000000000001,-0.011833333333333296,0.022050000000000028,0.018924999999999997,0.02174999999999999,0.011833333333333296,0.022050000000000042,-0.018924999999999997,-0.02174999999999999,-2.083333333333333,1.0,-0.75,0.25,0.0833333333333334,0.25,0.25,0.25,-0.0833333333333334,0.25,-0.25,-0.25,6,OD2,1,0.2789544310611563,1.0
llama31_instruct,h1_dinc,79,random,BaPd,-0.8141499999999998,0.39842500000000003,-0.1416,0.256825,0.01871666666666668,0.018300000000000004,0.0008500000000000174,-0.006824999999999984,0.01871666666666668,0.018300000000000004,0.0008500000000000174,-0.006824999999999984,-0.8333333333333331,0.5,0.0,0.5,0.0,0.0,0.0,0.0,0.0,0.0,0.0,0.0,5,OD1,1,0.3944244848990815,1.2
llama31_instruct,h1_dinc,79,random,BaSh,-0.888375,0.43132499999999996,-0.183325,0.248,0.011775000000000044,0.040124999999999994,0.040124999999999994,0.03214999999999997,0.011775000000000044,0.040124999999999994,0.040124999999999994,0.03214999999999997,-1.833333333333333,1.0,-0.25,0.75,-0.1666666666666666,0.25,0.25,0.25,-0.1666666666666666,0.25,0.25,0.25,5,MP,0,0.3368858560744445,1.4
llama31_instruct,h1_dinc,79,random,ChAs,-0.9221,0.443025,-0.2328,0.210225,-0.034449999999999995,0.046475,0.03309999999999999,0.046475,-0.034449999999999995,0.046475,0.03309999999999999,0.046475,-2.333333333333333,1.0,-0.5,0.5,-0.1666666666666662,0.5,0.5,0.5,-0.1666666666666662,0.5,0.5,0.5,7,MP,0,0.3368858560744445,1.4
llama31_instruct,h1_dinc,79,random,ChBa,-0.9441416666666668,0.459625,-0.22057499999999997,0.23905000000000004,0.04702500000000002,0.030200000000000005,0.01947500000000002,-0.005999999999999978,0.04702500000000002,0.030200000000000005,0.01947500000000002,-0.005999999999999978,-2.083333333333333,1.0,-0.5,0.5,0.41666666666666674,0.5,0.0,0.0,0.41666666666666674,0.5,0.0,0.0,5,CO2,2,0.1562542305420579,0.6000000000000001
llama31_instruct,h1_dinc,79,random,ChCh,-0.9115499999999999,0.435425,-0.199675,0.23575000000000002,0.028700000000000038,0.016875000000000022,0.008525000000000012,-0.001799999999999996,0.028700000000000038,0.016875000000000022,0.008525000000000012,-0.001799999999999996,-2.333333333333333,1.0,-0.25,0.75,0.1666666666666666,0.5,-0.25,-0.25,0.1666666666666666,0.5,-0.25,-0.25,6,CO2,2,0.2428567709205017,0.8
llama31_instruct,h1_dinc,79,random,ChCm,-0.9519249999999998,0.4655,-0.25487499999999996,0.21062500000000003,-0.010108333333333323,0.005199999999999996,-0.0021749999999999686,0.0030250000000000277,-0.010108333333333323,0.005199999999999996,-0.0021749999999999686,0.0030250000000000277,-2.1666666666666665,1.0,-0.75,0.25,-2.3115197751421316e-17,0.25,-0.25,-0.25,-2.3115197751421316e-17,0.25,-0.25,-0.25,7,OD1,1,0.6253645925749319,1.6
llama31_instruct,h1_dinc,79,random,ChCo,-0.9524166666666665,0.456275,-0.22105,0.235225,0.004233333333333434,0.019224999999999992,0.012450000000000003,0.008874999999999952,0.004233333333333434,0.019224999999999992,0.012450000000000003,0.008874999999999952,-2.166666666666666,1.0,-0.5,0.5,0.0,0.25,0.0,0.0,0.0,0.25,0.0,0.0,9,MP,0,0.1059457483985941,1.0
llama31_instruct,h1_dinc,79,random,ChDl,-0.9211750000000001,0.449275,-0.246825,0.20245000000000002,-0.009774999999999987,0.023875000000000007,0.012974999999999993,0.01715,-0.009774999999999987,0.023875000000000007,0.012974999999999993,0.01715,-2.2500000000000004,1.0,-0.75,0.25,-0.24999999999999997,0.25,0.25,0.25,-0.24999999999999997,0.25,0.25,0.25,9,OD1,1,0.7408346464128569,1.7999999999999998
llama31_instruct,h1_dinc,79,random,ChHa,-0.8817583333333332,0.42965,-0.236925,0.19272499999999998,-0.10035833333333333,0.07779999999999997,0.029374999999999984,0.07057499999999998,0.1003583333333333,0.07779999999999998,-0.029375000000000012,-0.070575,-1.6666666666666663,0.75,-0.25,0.5,-0.8333333333333328,0.5,0.25,0.5,0.8333333333333328,0.5,-0.25,-0.5,8,OD2,1,-0.1829257842905442,0.2
llama31_instruct,h1_dinc,79,random,ChHr,-0.9611583333333333,0.4648,-0.25755,0.20725000000000002,-0.018975000000000006,0.017325000000000007,0.007550000000000001,0.015200000000000019,-0.018975000000000006,0.017325000000000007,0.007550000000000001,0.015200000000000019,-2.416666666666666,1.0,-0.75,0.25,-0.24999999999999997,0.25,0.25,0.25,-0.24999999999999997,0.25,0.25,0.25,6,CO1,2,0.3294593112989456,1.0
llama31_instruct,h1_dinc,79,random,CmAs,-0.53285,0.272175,-0.12845000000000004,0.14372499999999996,-0.14431666666666662,0.11345000000000004,0.030700000000000033,0.10177500000000003,0.14431666666666662,0.11345000000000005,-0.030700000000000033,-0.10177500000000003,0.0,0.0,0.0,0.0,0.0,0.0,0.0,0.0,0.0,0.0,0.0,0.0,8,OD1,1,0.2694301256218253,1.7999999999999998
llama31_instruct,h1_dinc,79,random,CmCm,-0.6131083333333333,0.306825,-0.15095,0.15587499999999999,-0.1460583333333332,0.11407499999999997,0.03505,0.10462499999999998,0.14605833333333323,0.11407499999999998,-0.03505,-0.104625,-0.4166666666666666,0.25,0.0,0.25,-0.4166666666666666,0.25,0.0,0.25,0.4166666666666666,0.25,0.0,-0.25,2,DD,1,-0.3079201435678004,0.8
llama31_instruct,h1_dinc,79,random,CmDl,-0.5916999999999999,0.29345,-0.14495000000000002,0.14849999999999997,0.031200000000000054,0.07935000000000003,0.07935000000000003,0.06695000000000001,-0.031200000000000054,0.07935000000000003,-0.07935000000000003,-0.06695000000000001,0.0,0.0,0.0,0.0,0.0,0.0,0.0,0.0,0.0,0.0,0.0,0.0,4,DD,1,0.0384900179459749,1.4
llama31_instruct,h1_dinc,79,random,CmHa,-0.6189666666666666,0.307675,-0.14075000000000001,0.16692499999999996,-0.1822999999999999,0.1214,0.014850000000000002,0.10422499999999998,0.18229999999999993,0.12139999999999998,-0.014849999999999974,-0.10422499999999998,-0.4166666666666666,0.25,0.0,0.25,-0.4166666666666666,0.25,0.0,0.25,0.4166666666666666,0.25,0.0,-0.25,6,DD,1,0.0384900179459749,1.4
llama31_instruct,h1_dinc,79,random,CmNc,-0.6223416666666667,0.311525,-0.14815,0.163375,-0.11594166666666657,0.11384999999999999,0.055400000000000005,0.11232500000000001,0.11594166666666668,0.11385000000000003,-0.05539999999999998,-0.11232500000000001,0.0,0.0,0.0,0.0,0.0,0.0,0.0,0.0,0.0,0.0,0.0,0.0,8,DD,1,0.2694301256218253,1.7999999999999998
llama31_instruct,h1_dinc,79,random,CoAs,-0.8158333333333334,0.3978,-0.17759999999999998,0.2202,-0.11576666666666666,0.09225,-0.07974999999999996,-0.02479999999999996,-0.11576666666666666,0.09225,-0.07974999999999996,-0.02479999999999996,-0.9999999999999999,0.5,-0.5,0.0,-0.9999999999999999,0.5,-0.5,0.0,-0.9999999999999999,0.5,-0.5,0.0,7,CO2,2,-0.6035533905932737,0.0
llama31_instruct,h1_dinc,79,random,CoCo,-0.8062916666666665,0.3948,-0.1886,0.2062,-0.07575833333333334,0.08244999999999998,-0.08244999999999998,-0.0489,-0.07575833333333334,0.08244999999999998,-0.08244999999999998,-0.0489,-0.8333333333333333,0.5,-0.5,0.0,-0.8333333333333333,0.5,-0.5,0.0,-0.8333333333333333,0.5,-0.5,0.0,7,CO1,2,-0.5169508502148299,0.2
llama31_instruct,h1_dinc,79,random,CoSh,-0.7227083333333333,0.35285,-0.1461,0.20675000000000002,-0.20760833333333345,0.10655,-0.09065000000000004,0.004600000000000021,-0.20760833333333345,0.10655,-0.09065000000000004,0.004600000000000021,-1.3333333333333335,0.5,-0.25,0.25,-1.3333333333333335,0.5,-0.25,0.25,-1.3333333333333335,0.5,-0.25,0.25,8,CO2,2,-0.5169508502148299,0.2
llama31_instruct,h1_dinc,79,random,HaAs,-0.6943916666666666,0.3408,-0.16892500000000002,0.171875,0.03489166666666653,0.084225,-0.06967500000000004,-0.084225,0.03489166666666653,0.084225,-0.06967500000000004,-0.084225,-0.4166666666666666,0.25,0.0,0.25,0.4166666666666666,0.25,0.0,-0.25,0.4166666666666666,0.25,0.0,-0.25,7,OD2,1,-0.4233901974057255,0.6000000000000001
llama31_instruct,h1_dinc,79,random,HaBa,-0.7559499999999999,0.372175,-0.143725,0.22845,-0.19486666666666666,0.10424999999999995,-0.08687499999999998,0.0013000000000000234,-0.19486666666666666,0.10424999999999995,-0.08687499999999998,0.0013000000000000234,-1.3333333333333335,0.5,-0.25,0.25,-1.3333333333333335,0.5,-0.25,0.25,-1.3333333333333335,0.5,-0.25,0.25,9,OD2,1,-0.4233901974057255,0.6000000000000001
llama31_instruct,h1_dinc,79,random,HaCm,-0.7501749999999999,0.36185,-0.157375,0.20447500000000005,-0.22052500000000003,0.12357499999999999,-0.09897499999999998,-0.004124999999999962,-0.22052500000000003,0.12357499999999999,-0.09897499999999998,-0.004124999999999962,-1.25,0.5,-0.5,0.0,-1.25,0.5,-0.5,0.0,-1.25,0.5,-0.5,0.0,1,DD,1,0.0384900179459749,1.4
llama31_instruct,h1_dinc,79,random,HaDl,-0.8089416666666666,0.398025,-0.17792500000000003,0.2201,-0.14434166666666673,0.09225,-0.08582500000000004,-0.021050000000000013,-0.14434166666666673,0.09225,-0.08582500000000004,-0.021050000000000013,-1.0833333333333333,0.5,-0.25,0.25,-1.0833333333333333,0.5,-0.25,0.25,-1.0833333333333333,0.5,-0.25,0.25,3,DD,1,-0.1924500897298753,1.0
llama31_instruct,h1_dinc,79,random,HaHa,-0.6252999999999999,0.312075,-0.15882500000000002,0.15324999999999997,-0.04146666666666675,0.08410000000000004,-0.079175,-0.05924999999999997,-0.04146666666666675,0.08410000000000004,-0.079175,-0.05924999999999997,0.0,0.0,0.0,0.0,0.0,0.0,0.0,0.0,0.0,0.0,0.0,0.0,5,DD,1,-0.6543303050815759,0.2
llama31_instruct,h1_dinc,79,random,HaNc,-0.5655249999999999,0.282675,-0.1351,0.147575,-0.24300833333333335,0.13297499999999998,-0.10854999999999998,0.009475000000000011,-0.24300833333333335,0.13297499999999998,-0.10854999999999998,0.009475000000000011,-0.5833333333333334,0.25,-0.25,0.0,-0.5833333333333334,0.25,-0.25,0.0,-0.5833333333333334,0.25,-0.25,0.0,7,DD,1,-0.7698003589195012,0.0
llama31_instruct,h1_dinc,79,random,HaPc,-0.5831999999999999,0.29215,-0.14625,0.1459,-0.1476,0.107325,-0.098,-0.03,-0.1476,0.107325,-0.098,-0.03,-0.41666666666666663,0.25,-0.25,0.0,-0.41666666666666663,0.25,-0.25,0.0,-0.41666666666666663,0.25,-0.25,0.0,9,DD,1,-0.4233901974057255,0.6000000000000001
llama31_instruct,h1_dinc,79,random,HrAs,-0.7700499999999999,0.3788,-0.19630000000000003,0.1825,-0.09935000000000004,0.09062500000000005,0.036000000000000004,0.08510000000000005,0.09935000000000005,0.09062500000000007,-0.036000000000000004,-0.08510000000000006,-1.4166666666666665,0.75,-0.25,0.5,-0.5833333333333333,0.5,0.25,0.5,0.5833333333333333,0.5,-0.25,-0.5,8,MP,0,0.68329601758822,2.0
llama31_instruct,h1_dinc,79,random,HrBa,-0.9058333333333333,0.43895,-0.22492499999999999,0.21402500000000002,0.013616666666666659,0.060024999999999995,0.060024999999999995,0.05497500000000001,-0.013616666666666678,0.060024999999999995,-0.060024999999999995,-0.054975000000000024,-1.833333333333333,1.0,-0.5,0.5,-0.16666666666666646,0.5,0.5,0.5,0.16666666666666646,0.5,-0.5,-0.5,2,CO1,2,0.069651690163614,0.3999999999999999
llama31_instruct,h1_dinc,79,random,HrCh,-0.7998083333333331,0.391775,-0.173875,0.2179,0.09520833333333333,0.08389999999999995,0.07892499999999995,0.03369999999999998,-0.09520833333333334,0.08389999999999995,-0.07892499999999997,-0.03369999999999998,-1.0833333333333333,0.5,-0.5,0.0,1.0833333333333333,0.5,0.5,0.0,-1.0833333333333333,0.5,-0.5,0.0,4,CO1,2,0.3294593112989456,1.0
llama31_instruct,h1_dinc,79,random,HrHr,-0.7764583333333333,0.379575,-0.19444999999999998,0.185125,-0.0037749999999999277,0.062374999999999986,0.059199999999999996,0.062374999999999986,0.003774999999999957,0.062374999999999986,-0.0592,-0.062374999999999986,-0.8333333333333331,0.5,-0.25,0.25,2.3115197751421316e-17,0.25,0.25,0.25,-2.3115197751421316e-17,0.25,-0.25,-0.25,2,CO2,2,-0.0169508502148298,0.2
llama31_instruct,h1_dinc,79,random,ShAs,-0.7596499999999999,0.37534999999999996,-0.11664999999999999,0.2587,-0.09814999999999995,0.049499999999999975,-0.022499999999999985,0.021600000000000008,-0.09814999999999995,0.049499999999999975,-0.022499999999999985,0.021600000000000008,-0.8333333333333331,0.5,0.0,0.5,-0.8333333333333331,0.5,0.0,0.5,-0.8333333333333331,0.5,0.0,0.5,8,CO1,2,-0.3437457694579421,0.6000000000000001
llama31_instruct,h1_dinc,79,random,ShCo,-0.7353416666666666,0.36012500000000003,-0.12625,0.233875,-0.21874166666666672,0.10252500000000003,-0.06375000000000003,0.038775000000000004,-0.21874166666666672,0.10252500000000003,-0.06375000000000003,0.038775000000000004,-0.9999999999999999,0.5,0.0,0.5,-0.9999999999999999,0.5,0.0,0.5,-0.9999999999999999,0.5,0.0,0.5,9,CO2,2,-0.5169508502148299,0.2
llama31_instruct,h1_dinc,79,random,ShSh,-0.7847416666666667,0.388475,-0.1388,0.24967500000000004,-0.137775,0.06492500000000001,-0.04114999999999996,0.02377500000000006,-0.137775,0.06492500000000001,-0.04114999999999996,0.02377500000000006,-0.8333333333333331,0.5,0.0,0.5,-0.8333333333333331,0.5,0.0,0.5,-0.8333333333333331,0.5,0.0,0.5,9,CO1,2,-0.2571432290794982,0.8
llama31_instruct,h2_choice,65,main,AsAs,-0.10114999999999999,0.04865,-0.02555000000000001,0.02309999999999999,-0.06935000000000001,0.044700000000000004,-0.004049999999999998,0.023400000000000004,-0.06935000000000001,0.044700000000000004,-0.004049999999999998,0.023400000000000004,0.0,0.0,0.0,0.0,0.0,0.0,0.0,0.0,0.0,0.0,0.0,0.0,1,CO1,2,-0.5169508502148299,0.2
llama31_instruct,h2_choice,65,main,AsBa,0.0007000000000000298,0.02865000000000001,0.0,-0.0006750000000000159,-0.0008833333333333283,0.01577500000000001,0.0,0.0007749999999999979,0.0008833333333333283,0.01577500000000001,0.0,-0.0007749999999999979,0.0,0.0,0.0,0.0,0.0,0.0,0.0,0.0,0.0,0.0,0.0,0.0,2,MP,0,0.5678259637502947,1.7999999999999998
llama31_instruct,h2_choice,65,main,AsCh,-0.08219166666666669,0.050525,-0.017325000000000007,0.024650000000000005,-0.017375000000000033,0.027125000000000024,-0.027125000000000024,-0.009500000000000008,0.017375000000000015,0.02712500000000001,0.02712500000000001,0.009500000000000008,0.0,0.0,0.0,0.0,0.0,0.0,0.0,0.0,0.0,0.0,0.0,0.0,4,MP,0,0.3368858560744445,1.4
llama31_instruct,h2_choice,65,main,AsCm,-0.07095000000000001,0.03745000000000001,-0.030599999999999995,0.006850000000000016,-0.10883333333333334,0.05210000000000001,-0.029549999999999965,0.022550000000000042,0.10883333333333334,0.05210000000000001,0.029549999999999965,-0.022550000000000042,0.0,0.0,0.0,0.0,0.0,0.0,0.0,0.0,0.0,0.0,0.0,0.0,2,OD1,1,0.7408346464128569,1.7999999999999998
llama31_instruct,h2_choice,65,main,AsCo,-0.06764999999999996,0.03199999999999999,-0.012575000000000003,0.019424999999999984,-0.06126666666666669,0.03217499999999998,-0.0019750000000000045,0.027675000000000005,-0.06126666666666669,0.03217499999999998,-0.0019750000000000045,0.027675000000000005,-0.4166666666666666,0.25,0.0,0.25,-0.4166666666666666,0.25,0.0,0.25,-0.4166666666666666,0.25,0.0,0.25,1,CO2,2,-0.6035533905932737,0.0
llama31_instruct,h2_choice,65,main,AsDl,-0.07354166666666666,0.037825000000000004,-0.006725000000000009,0.031099999999999996,-0.07192499999999999,0.037474999999999994,-0.024024999999999935,0.013450000000000059,0.07192500000000003,0.03747500000000001,0.024024999999999963,-0.013450000000000045,0.0,0.0,0.0,0.0,0.0,0.0,0.0,0.0,0.0,0.0,0.0,0.0,4,OD1,1,0.5098945387370066,1.4
llama31_instruct,h2_choice,65,main,AsHa,0.0026749999999999942,0.014399999999999996,0.013674999999999993,0.014399999999999996,-0.04257499999999999,0.02832499999999999,0.000674999999999995,0.015099999999999988,-0.04257499999999999,0.02832499999999999,0.000674999999999995,0.015099999999999988,0.0,0.0,0.0,0.0,0.0,0.0,0.0,0.0,0.0,0.0,0.0,0.0,1,OD2,1,0.048014323385306,0.6000000000000001
llama31_instruct,h2_choice,65,main,AsHr,-0.05947500000000003,0.04792500000000001,0.004900000000000002,0.024850000000000018,-0.09849166666666674,0.051250000000000046,-0.0049000000000000155,0.04635000000000003,0.09849166666666674,0.051250000000000046,0.0049000000000000155,-0.04635000000000003,0.0,0.0,0.0,0.0,0.0,0.0,0.0,0.0,0.0,0.0,0.0,0.0,6,MP,0,0.68329601758822,2.0
llama31_instruct,h2_choice,65,main,AsNc,-0.08370000000000002,0.05020000000000001,-0.031325,0.01887500000000001,-0.05268333333333329,0.03409999999999998,-0.024175000000000002,0.009924999999999976,-0.05268333333333329,0.03409999999999998,-0.024175000000000002,0.009924999999999976,0.0,0.0,0.0,0.0,0.0,0.0,0.0,0.0,0.0,0.0,0.0,0.0,3,OD2,1,0.1634843772232312,0.8
llama31_instruct,h2_choice,65,main,AsPc,-0.060116666666666686,0.03797500000000001,-0.0030750000000000083,0.0349,-0.05416666666666666,0.030399999999999996,-0.012025000000000008,0.012200000000000003,-0.05416666666666666,0.030399999999999996,-0.012025000000000008,0.012200000000000003,0.0,0.0,0.0,0.0,0.0,0.0,0.0,0.0,0.0,0.0,0.0,0.0,5,OD2,1,-0.1829257842905442,0.2
llama31_instruct,h2_choice,65,main,AsPd,-0.07470833333333332,0.038925,-0.026600000000000006,0.012324999999999996,-0.09440833333333332,0.053575,-0.03405000000000001,0.019524999999999987,0.09440833333333337,0.05357500000000001,0.03405,-0.019525000000000015,-0.4166666666666666,0.25,0.0,0.25,-0.4166666666666666,0.25,0.0,0.25,0.4166666666666666,0.25,0.0,-0.25,6,OD1,1,0.3944244848990815,1.2
llama31_instruct,h2_choice,65,main,AsSh,0.028316666666666646,0.014699999999999984,0.010949999999999994,-0.0009749999999999967,-0.015549999999999927,0.01829999999999997,0.010550000000000052,0.01472500000000003,-0.015549999999999927,0.01829999999999997,0.010550000000000052,0.01472500000000003,0.0,0.0,0.0,0.0,0.0,0.0,0.0,0.0,0.0,0.0,0.0,0.0,3,CO1,2,-0.3437457694579421,0.6000000000000001
llama31_instruct,h2_choice,65,main,BaAs,-0.098575,0.05202499999999999,-0.028349999999999986,0.023675,0.1017083333333333,0.059524999999999995,0.028349999999999986,-0.031175000000000008,0.1017083333333333,0.059524999999999995,0.028349999999999986,-0.031175000000000008,0.0,0.0,0.0,0.0,0.0,0.0,0.0,0.0,0.0,0.0,0.0,0.0,1,MP,0,0.5678259637502947,1.7999999999999998
llama31_instruct,h2_choice,65,main,BaBa,-0.046258333333333325,0.04397499999999999,-0.014950000000000005,0.017199999999999993,0.09835833333333327,0.05202499999999999,0.00010000000000000286,-0.04504999999999998,0.09835833333333327,0.05202499999999999,0.00010000000000000286,-0.04504999999999998,-0.49999999999999994,0.25,0.0,0.25,0.49999999999999994,0.25,0.0,-0.25,0.49999999999999994,0.25,0.0,-0.25,3,CO2,2,-0.0169508502148298,0.2
llama31_instruct,h2_choice,65,main,BaCh,-0.09863333333333328,0.05772499999999999,-0.011325000000000002,0.04639999999999999,0.04419999999999999,0.03380000000000002,0.0004249999999999879,-0.015500000000000007,0.04419999999999999,0.03380000000000002,0.0004249999999999879,-0.015500000000000007,-0.4166666666666666,0.25,0.0,0.25,0.4166666666666666,0.25,0.0,-0.25,0.4166666666666666,0.25,0.0,-0.25,4,CO2,2,0.1562542305420579,0.6000000000000001
llama31_instruct,h2_choice,65,main,BaCm,-0.12217499999999992,0.05937499999999997,-0.015624999999999986,0.04374999999999998,-0.014075000000000035,0.030174999999999993,-0.029975000000000016,-0.028999999999999998,-0.014075000000000035,0.030174999999999993,-0.029975000000000016,-0.028999999999999998,-1.25,0.5,-0.25,0.25,-0.0833333333333334,0.25,-0.25,-0.25,-0.0833333333333334,0.25,-0.25,-0.25,1,OD1,1,0.2789544310611563,1.0
llama31_instruct,h2_choice,65,main,BaCo,-0.1364583333333333,0.06609999999999999,-0.04927500000000001,0.016699999999999965,0.058341666666666646,0.03670000000000001,0.0018750000000000155,-0.016999999999999987,0.058341666666666646,0.03670000000000001,0.0018750000000000155,-0.016999999999999987,-0.33333333333333337,0.25,-0.25,0.0,-0.33333333333333337,0.25,-0.25,0.0,-0.33333333333333337,0.25,-0.25,0.0,3,MP,0,0.4523559099123697,1.6
llama31_instruct,h2_choice,65,main,BaDl,-0.05679999999999995,0.03797499999999998,-0.022375000000000006,0.015599999999999975,0.06524999999999996,0.043974999999999986,-0.006225000000000008,-0.029049999999999992,0.06524999999999996,0.043974999999999986,-0.006225000000000008,-0.029049999999999992,-0.4166666666666666,0.25,0.0,0.25,0.4166666666666666,0.25,0.0,-0.25,0.4166666666666666,0.25,0.0,-0.25,3,OD1,1,0.5098945387370066,1.4
llama31_instruct,h2_choice,65,main,BaHa,-0.05982500000000006,0.03627500000000004,-0.019250000000000003,0.008150000000000032,0.065875,0.0398,0.033600000000000005,-0.006199999999999997,-0.06587499999999998,0.039799999999999974,-0.03359999999999999,0.006199999999999983,0.0,0.0,0.0,0.0,0.0,0.0,0.0,0.0,0.0,0.0,0.0,0.0,2,OD2,1,0.048014323385306,0.6000000000000001
llama31_instruct,h2_choice,65,main,BaHr,-0.25234999999999996,0.11844999999999999,-0.033449999999999994,0.08499999999999999,0.11174999999999997,0.05995,0.019099999999999992,-0.03955,0.11174999999999997,0.05995,0.019099999999999992,-0.03955,-0.6666666666666667,0.25,0.0,0.25,-0.6666666666666667,0.25,0.0,0.25,-0.6666666666666667,0.25,0.0,0.25,5,CO1,2,0.069651690163614,0.3999999999999999
llama31_instruct,h2_choice,65,main,BaNc,-0.08778333333333334,0.051100000000000007,-0.00882500000000002,0.042274999999999986,0.06163333333333335,0.03595000000000001,0.020575000000000017,-0.015374999999999993,-0.06163333333333337,0.03595000000000001,-0.02057500000000001,0.015375,0.0,0.0,0.0,0.0,0.0,0.0,0.0,0.0,0.0,0.0,0.0,0.0,4,OD2,1,0.1634843772232312,0.8
llama31_instruct,h2_choice,65,main,BaPc,-0.17904999999999993,0.09919999999999998,-0.022499999999999992,0.07669999999999999,0.03716666666666665,0.03619999999999998,0.03619999999999998,0.011149999999999993,-0.03716666666666665,0.03619999999999998,-0.03619999999999998,-0.011149999999999993,-0.8333333333333331,0.5,-0.25,0.25,2.3115197751421316e-17,0.25,0.25,0.25,-2.3115197751421316e-17,0.25,-0.25,-0.25,6,OD2,1,0.2789544310611563,1.0
llama31_instruct,h2_choice,65,main,BaPd,0.01805000000000001,0.031599999999999975,0.0010000000000000078,-0.004475000000000007,0.061900000000000004,0.03939999999999999,0.0010000000000000078,-0.018174999999999997,0.061900000000000004,0.03939999999999999,0.0010000000000000078,-0.018174999999999997,0.0,0.0,0.0,0.0,0.0,0.0,0.0,0.0,0.0,0.0,0.0,0.0,5,OD1,1,0.3944244848990815,1.2
llama31_instruct,h2_choice,65,main,BaSh,-0.11133333333333331,0.06344999999999999,0.0020750000000000005,0.05685,0.05463333333333332,0.03325,0.0020750000000000005,-0.026150000000000007,0.05463333333333332,0.03325,0.0020750000000000005,-0.026150000000000007,0.0,0.0,0.0,0.0,0.0,0.0,0.0,0.0,0.0,0.0,0.0,0.0,5,MP,0,0.3368858560744445,1.4
llama31_instruct,h2_choice,65,main,ChAs,-0.12024166666666664,0.069225,-0.037474999999999994,0.03175,0.10047499999999997,0.054325,0.022624999999999992,-0.031700000000000006,0.10047499999999997,0.054325,0.022624999999999992,-0.031700000000000006,-0.41666666666666663,0.25,-0.25,0.0,0.41666666666666663,0.25,0.25,0.0,0.41666666666666663,0.25,0.25,0.0,7,MP,0,0.3368858560744445,1.4
llama31_instruct,h2_choice,65,main,ChBa,-0.12539999999999996,0.06547500000000002,-0.007674999999999987,0.05767500000000002,-0.02684999999999999,0.03557500000000001,-0.022224999999999967,-0.015924999999999995,-0.02684999999999999,0.03557500000000001,-0.022224999999999967,-0.015924999999999995,0.0,0.0,0.0,0.0,0.0,0.0,0.0,0.0,0.0,0.0,0.0,0.0,5,CO2,2,0.1562542305420579,0.6000000000000001
llama31_instruct,h2_choice,65,main,ChCh,-0.07160833333333327,0.04559999999999999,0.0010000000000000009,0.04559999999999999,-0.047641666666666665,0.03864999999999999,-9.999999999998899e-05,0.01465000000000001,-0.047641666666666665,0.03864999999999999,-9.999999999998899e-05,0.01465000000000001,-0.08333333333333334,0.25,0.25,0.25,-0.2500000000000001,0.5,-0.25,-0.25,-0.2500000000000001,0.5,-0.25,-0.25,6,CO2,2,0.2428567709205017,0.8
llama31_instruct,h2_choice,65,main,ChCm,-0.20543333333333333,0.098525,-0.015125000000000027,0.08339999999999997,0.02081666666666666,0.03680000000000003,0.01427500000000001,0.0007500000000000284,0.02081666666666666,0.03680000000000003,0.01427500000000001,0.0007500000000000284,-0.4166666666666666,0.25,0.0,0.25,0.4166666666666666,0.25,0.0,-0.25,0.4166666666666666,0.25,0.0,-0.25,7,OD1,1,0.6253645925749319,1.6
llama31_instruct,h2_choice,65,main,ChCo,-0.14274166666666663,0.08619999999999998,0.006599999999999995,0.07147499999999997,0.005641666666666649,0.026425000000000004,-0.022800000000000015,-0.026425000000000004,0.005641666666666649,0.026425000000000004,-0.022800000000000015,-0.026425000000000004,-0.8333333333333331,0.5,-0.25,0.25,-2.3115197751421316e-17,0.25,-0.25,-0.25,-2.3115197751421316e-17,0.25,-0.25,-0.25,9,MP,0,0.1059457483985941,1.0
llama31_instruct,h2_choice,65,main,ChDl,-0.19460000000000005,0.08712500000000001,-0.052424999999999986,0.03470000000000002,0.026016666666666632,0.042675000000000005,-0.007425000000000001,-0.03515,0.026016666666666632,0.042675000000000005,-0.007425000000000001,-0.03515,0.0,0.0,0.0,0.0,0.0,0.0,0.0,0.0,0.0,0.0,0.0,0.0,9,OD1,1,0.7408346464128569,1.7999999999999998
llama31_instruct,h2_choice,65,main,ChHa,-0.07723333333333324,0.038974999999999996,0.004050000000000012,0.02967499999999998,0.10684999999999997,0.05552499999999998,0.026949999999999988,-0.02857499999999999,-0.10684999999999995,0.05552499999999999,-0.02695,0.02857499999999999,-0.08333333333333334,0.25,0.25,0.25,-0.08333333333333334,0.25,0.25,0.25,0.08333333333333334,0.25,-0.25,-0.25,8,OD2,1,-0.1829257842905442,0.2
llama31_instruct,h2_choice,65,main,ChHr,-0.16375833333333326,0.07114999999999999,-0.038325,0.030374999999999985,0.03414166666666668,0.04394999999999999,0.007074999999999998,-0.030675000000000008,0.03414166666666668,0.04394999999999999,0.007074999999999998,-0.030675000000000008,-1.1666666666666667,0.5,-0.5,0.0,-0.6666666666666667,0.75,0.0,0.0,-0.6666666666666667,0.75,0.0,0.0,6,CO1,2,0.3294593112989456,1.0
llama31_instruct,h2_choice,65,main,CmAs,-0.02140833333333335,0.021525000000000002,-0.021525000000000002,-0.005500000000000005,0.04434166666666666,0.027749999999999997,-0.007425000000000001,-0.027749999999999997,-0.04434166666666666,0.027750000000000025,0.007425000000000043,0.027750000000000025,0.0,0.0,0.0,0.0,0.0,0.0,0.0,0.0,0.0,0.0,0.0,0.0,8,OD1,1,0.2694301256218253,1.7999999999999998
llama31_instruct,h2_choice,65,main,CmCm,-0.035933333333333345,0.023549999999999995,-0.015350000000000016,-0.0027500000000000094,0.061599999999999995,0.032150000000000005,0.005550000000000013,-0.02659999999999999,-0.061599999999999946,0.032149999999999984,-0.005549999999999999,0.026599999999999985,0.0,0.0,0.0,0.0,0.0,0.0,0.0,0.0,0.0,0.0,0.0,0.0,2,DD,1,-0.3079201435678004,0.8
llama31_instruct,h2_choice,65,main,CmDl,-0.044233333333333305,0.01989999999999998,-0.010350000000000012,0.0076749999999999804,0.03636666666666664,0.024674999999999975,-0.004049999999999984,-0.014874999999999979,-0.036366666666666644,0.024674999999999975,0.00404999999999997,0.014874999999999972,0.0,0.0,0.0,0.0,0.0,0.0,0.0,0.0,0.0,0.0,0.0,0.0,4,DD,1,0.0384900179459749,1.4
llama31_instruct,h2_choice,65,main,CmHa,-0.04759166666666665,0.042349999999999985,-0.0007499999999999937,0.03375,0.041725000000000026,0.036850000000000015,0.012549999999999985,0.0022499999999999742,-0.04172500000000001,0.03685000000000002,-0.012549999999999978,-0.0022499999999999742,0.0,0.0,0.0,0.0,0.0,0.0,0.0,0.0,0.0,0.0,0.0,0.0,6,DD,1,0.0384900179459749,1.4
llama31_instruct,h2_choice,65,main,CmNc,-0.005508333333333301,0.018049999999999997,-0.0058000000000000065,0.0037249999999999783,0.08342499999999997,0.03967499999999998,0.025350000000000004,-0.014324999999999977,-0.08342499999999994,0.03967499999999996,-0.025349999999999984,0.014324999999999977,0.0,0.0,0.0,0.0,0.0,0.0,0.0,0.0,0.0,0.0,0.0,0.0,8,DD,1,0.2694301256218253,1.7999999999999998
llama31_instruct,h2_choice,65,main,CoAs,-0.11342500000000004,0.06172500000000002,-0.027850000000000014,0.03387500000000001,-0.06009166666666667,0.04022500000000001,-0.017250000000000015,0.022974999999999995,-0.06009166666666667,0.04022500000000001,-0.017250000000000015,0.022974999999999995,0.0,0.0,0.0,0.0,0.0,0.0,0.0,0.0,0.0,0.0,0.0,0.0,7,CO2,2,-0.6035533905932737,0.0
llama31_instruct,h2_choice,65,main,CoCo,-0.04495833333333332,0.025674999999999996,-0.007399999999999997,0.018275,-0.013291666666666627,0.025524999999999992,-0.0063,0.008474999999999983,-0.013291666666666627,0.025524999999999992,-0.0063,0.008474999999999983,0.0,0.0,0.0,0.0,0.0,0.0,0.0,0.0,0.0,0.0,0.0,0.0,7,CO1,2,-0.5169508502148299,0.2
llama31_instruct,h2_choice,65,main,CoSh,-0.020716666666666616,0.012874999999999977,-0.0006999999999999992,0.012174999999999978,-0.08314999999999996,0.049024999999999985,-0.03055000000000002,0.018474999999999964,-0.08314999999999996,0.049024999999999985,-0.03055000000000002,0.018474999999999964,-0.9999999999999999,0.5,-0.25,0.25,-0.9999999999999999,0.5,-0.25,0.25,-0.9999999999999999,0.5,-0.25,0.25,8,CO2,2,-0.5169508502148299,0.2
llama31_instruct,h2_choice,65,main,HaAs,-0.03262500000000006,0.029725000000000022,-0.029725000000000022,-0.014075000000000004,-0.07067500000000011,0.03582500000000005,-0.010175000000000045,0.021175,-0.07067500000000011,0.03582500000000005,-0.010175000000000045,0.021175,0.0,0.0,0.0,0.0,0.0,0.0,0.0,0.0,0.0,0.0,0.0,0.0,7,OD2,1,-0.4233901974057255,0.6000000000000001
llama31_instruct,h2_choice,65,main,HaBa,-0.056375000000000036,0.046325000000000026,0.005874999999999988,0.03475000000000002,-0.08987500000000004,0.049325000000000035,-0.006175000000000014,0.04315000000000002,-0.08987500000000004,0.049325000000000035,-0.006175000000000014,0.04315000000000002,-0.4166666666666666,0.25,0.0,0.25,-0.4166666666666666,0.25,0.0,0.25,-0.4166666666666666,0.25,0.0,0.25,9,OD2,1,-0.4233901974057255,0.6000000000000001
llama31_instruct,h2_choice,65,main,HaCm,-0.08287499999999999,0.047375000000000014,-0.016599999999999993,0.030775000000000018,-0.05152500000000001,0.03320000000000001,0.002349999999999991,0.029375000000000012,-0.05152500000000001,0.03320000000000001,0.002349999999999991,0.029375000000000012,0.0,0.0,0.0,0.0,0.0,0.0,0.0,0.0,0.0,0.0,0.0,0.0,1,DD,1,0.0384900179459749,1.4
llama31_instruct,h2_choice,65,main,HaDl,-0.082975,0.06052499999999998,-0.014850000000000009,0.043674999999999985,-0.10754166666666665,0.058524999999999994,-0.015650000000000053,0.04287499999999994,-0.10754166666666665,0.058524999999999994,-0.015650000000000053,0.04287499999999994,-0.4166666666666666,0.25,0.0,0.25,-0.4166666666666666,0.25,0.0,0.25,-0.4166666666666666,0.25,0.0,0.25,3,DD,1,-0.1924500897298753,1.0
llama31_instruct,h2_choice,65,main,HaHa,-0.043475000000000014,0.02625000000000001,-0.02625000000000001,-0.0031250000000000097,-0.0846083333333334,0.04602500000000004,-0.017999999999999988,0.020825000000000038,-0.0846083333333334,0.04602500000000004,-0.017999999999999988,0.020825000000000038,0.0,0.0,0.0,0.0,0.0,0.0,0.0,0.0,0.0,0.0,0.0,0.0,5,DD,1,-0.6543303050815759,0.2
llama31_instruct,h2_choice,65,main,HaNc,-0.025466666666666634,0.01847499999999999,-0.010999999999999985,0.005625000000000005,-0.023616666666666605,0.013274999999999981,-0.0038499999999999923,0.009424999999999989,-0.023616666666666605,0.013274999999999981,-0.0038499999999999923,0.009424999999999989,0.0,0.0,0.0,0.0,0.0,0.0,0.0,0.0,0.0,0.0,0.0,0.0,7,DD,1,-0.7698003589195012,0.0
llama31_instruct,h2_choice,65,main,HaPc,-0.052424999999999986,0.024625,-0.017599999999999987,0.007025000000000012,-0.046408333333333315,0.03219999999999998,-0.008899999999999991,0.013374999999999998,-0.046408333333333315,0.03219999999999998,-0.008899999999999991,0.013374999999999998,0.0,0.0,0.0,0.0,0.0,0.0,0.0,0.0,0.0,0.0,0.0,0.0,9,DD,1,-0.4233901974057255,0.6000000000000001
llama31_instruct,h2_choice,65,main,HrAs,-0.19911666666666666,0.09730000000000003,-0.05490000000000003,0.0424,0.028916666666666677,0.016400000000000012,0.0066000000000000225,-0.008049999999999995,-0.028916666666666636,0.016399999999999998,-0.0066000000000000225,0.008049999999999974,0.0,0.0,0.0,0.0,0.0,0.0,0.0,0.0,0.0,0.0,0.0,0.0,8,MP,0,0.68329601758822,2.0
llama31_instruct,h2_choice,65,main,HrBa,-0.2095,0.109175,-0.04665,0.062525,0.03411666666666673,0.04245,0.03905,0.026874999999999982,-0.03411666666666668,0.042450000000000015,-0.03905,-0.02687500000000001,-0.4166666666666666,0.25,0.0,0.25,-0.4166666666666666,0.25,0.0,0.25,0.4166666666666666,0.25,0.0,-0.25,2,CO1,2,0.069651690163614,0.3999999999999999
llama31_instruct,h2_choice,65,main,HrCh,-0.11657499999999996,0.05584999999999998,-0.021799999999999986,0.032799999999999996,0.11944166666666663,0.05809999999999999,0.021799999999999986,-0.032799999999999996,-0.11944166666666664,0.05810000000000001,-0.021799999999999986,0.032799999999999996,-0.6666666666666667,0.25,-0.25,0.0,0.6666666666666667,0.25,0.25,0.0,-0.6666666666666667,0.25,-0.25,0.0,4,CO1,2,0.3294593112989456,1.0
llama31_instruct,h2_choice,65,main,HrHr,-0.09015000000000002,0.043200000000000016,-0.00652500000000001,0.035949999999999996,0.017083333333333398,0.02152500000000001,0.02152500000000001,0.017499999999999974,-0.017083333333333405,0.021525000000000016,-0.021525000000000016,-0.017499999999999988,0.0,0.0,0.0,0.0,0.0,0.0,0.0,0.0,0.0,0.0,0.0,0.0,2,CO2,2,-0.0169508502148298,0.2
llama31_instruct,h2_choice,65,main,ShAs,0.000866666666666685,0.020899999999999995,0.013049999999999999,0.018049999999999997,-0.03408333333333334,0.0361,0.013049999999999999,0.0361,-0.03408333333333334,0.0361,0.013049999999999999,0.0361,0.0,0.0,0.0,0.0,0.0,0.0,0.0,0.0,0.0,0.0,0.0,0.0,8,CO1,2,-0.3437457694579421,0.6000000000000001
llama31_instruct,h2_choice,65,main,ShCo,-0.02147499999999999,0.02325,0.0005749999999999991,0.013175,-0.06512499999999999,0.033299999999999996,-0.0005750000000000199,0.032724999999999976,-0.06512499999999999,0.033299999999999996,-0.0005750000000000199,0.032724999999999976,0.0,0.0,0.0,0.0,0.0,0.0,0.0,0.0,0.0,0.0,0.0,0.0,9,CO2,2,-0.5169508502148299,0.2
llama31_instruct,h2_choice,65,main,ShSh,-0.08479166666666667,0.04325,-0.027374999999999997,0.009475000000000004,-0.06977500000000006,0.044725000000000015,-0.000674999999999995,0.03497500000000005,-0.06977500000000006,0.044725000000000015,-0.000674999999999995,0.03497500000000005,0.0,0.0,0.0,0.0,0.0,0.0,0.0,0.0,0.0,0.0,0.0,0.0,9,CO1,2,-0.2571432290794982,0.8
llama31_instruct,h2_choice,65,main_perp,AsAs,-0.11505,0.054525,-0.02782500000000001,0.025399999999999992,-0.041333333333333284,0.037325,0.013275000000000037,0.0359,-0.041333333333333284,0.037325,0.013275000000000037,0.0359,-0.4166666666666666,0.25,0.0,0.25,-0.4166666666666666,0.25,0.0,0.25,-0.4166666666666666,0.25,0.0,0.25,1,CO1,2,-0.5169508502148299,0.2
llama31_instruct,h2_choice,65,main_perp,AsBa,-0.08691666666666664,0.055825,-0.012975000000000007,0.04284999999999999,-0.045399999999999975,0.030924999999999994,-0.0020749999999999935,0.018100000000000005,0.04540000000000002,0.030925000000000008,0.0020749999999999935,-0.018100000000000033,0.0,0.0,0.0,0.0,0.0,0.0,0.0,0.0,0.0,0.0,0.0,0.0,2,MP,0,0.5678259637502947,1.7999999999999998
llama31_instruct,h2_choice,65,main_perp,AsCh,-0.1305083333333333,0.07165000000000002,-0.030399999999999996,0.03792500000000001,-0.02647499999999999,0.03242500000000002,-0.02775000000000001,-0.007625000000000021,0.026474999999999967,0.03242500000000001,0.027749999999999997,0.007625000000000021,0.0,0.0,0.0,0.0,0.0,0.0,0.0,0.0,0.0,0.0,0.0,0.0,4,MP,0,0.3368858560744445,1.4
llama31_instruct,h2_choice,65,main_perp,AsCm,-0.08873333333333337,0.044600000000000015,-0.022749999999999992,0.010425000000000031,-0.15380000000000005,0.07072500000000004,-0.03739999999999999,0.03332500000000005,0.15380000000000005,0.07072500000000004,0.03739999999999999,-0.03332500000000005,0.0,0.0,0.0,0.0,0.0,0.0,0.0,0.0,0.0,0.0,0.0,0.0,2,OD1,1,0.7408346464128569,1.7999999999999998
llama31_instruct,h2_choice,65,main_perp,AsCo,-0.05930833333333331,0.042024999999999986,-0.003050000000000004,0.026099999999999984,-0.10204166666666659,0.05102499999999996,-0.012049999999999977,0.03669999999999998,-0.10204166666666659,0.05102499999999996,-0.012049999999999977,0.03669999999999998,-0.4166666666666666,0.25,0.0,0.25,-0.4166666666666666,0.25,0.0,0.25,-0.4166666666666666,0.25,0.0,0.25,1,CO2,2,-0.6035533905932737,0.0
llama31_instruct,h2_choice,65,main_perp,AsDl,-0.07014166666666666,0.033025000000000006,-0.0018250000000000072,0.0312,-0.08569166666666668,0.045649999999999996,-0.02892499999999995,0.013550000000000062,0.0856916666666667,0.045649999999999996,0.02892499999999998,-0.013550000000000034,0.0,0.0,0.0,0.0,0.0,0.0,0.0,0.0,0.0,0.0,0.0,0.0,4,OD1,1,0.5098945387370066,1.4
llama31_instruct,h2_choice,65,main_perp,AsHa,-0.08389166666666667,0.050400000000000014,-0.014750000000000013,0.03565,-0.020058333333333376,0.015100000000000002,-0.00030000000000002247,0.008900000000000005,-0.020058333333333376,0.015100000000000002,-0.00030000000000002247,0.008900000000000005,0.0,0.0,0.0,0.0,0.0,0.0,0.0,0.0,0.0,0.0,0.0,0.0,1,OD2,1,0.048014323385306,0.6000000000000001
llama31_instruct,h2_choice,65,main_perp,AsHr,-0.1297333333333333,0.075025,-0.01004999999999999,0.04720000000000001,-0.11103333333333337,0.05755000000000002,-0.019850000000000007,0.03770000000000001,0.11103333333333337,0.05755000000000002,0.019850000000000007,-0.03770000000000001,0.0,0.0,0.0,0.0,0.0,0.0,0.0,0.0,0.0,0.0,0.0,0.0,6,MP,0,0.68329601758822,2.0
llama31_instruct,h2_choice,65,main_perp,AsNc,-0.07006666666666668,0.03742500000000001,-0.018749999999999996,0.01867500000000001,-0.04359999999999995,0.02687500000000001,-0.009299999999999989,0.010124999999999981,-0.04359999999999995,0.02687500000000001,-0.009299999999999989,0.010124999999999981,0.0,0.0,0.0,0.0,0.0,0.0,0.0,0.0,0.0,0.0,0.0,0.0,3,OD2,1,0.1634843772232312,0.8
llama31_instruct,h2_choice,65,main_perp,AsPc,-0.1276083333333333,0.057824999999999994,-0.016525000000000005,0.04129999999999999,-0.0413916666666667,0.018625000000000017,-0.013725000000000015,0.004900000000000002,-0.0413916666666667,0.018625000000000017,-0.013725000000000015,0.004900000000000002,-0.4166666666666666,0.25,0.0,0.25,-0.4166666666666666,0.25,0.0,0.25,-0.4166666666666666,0.25,0.0,0.25,5,OD2,1,-0.1829257842905442,0.2
llama31_instruct,h2_choice,65,main_perp,AsPd,-0.10527499999999998,0.049575,-0.030575000000000005,0.018999999999999996,-0.11230833333333332,0.05677499999999999,-0.030575000000000005,0.026199999999999987,0.11230833333333337,0.05677500000000002,0.03057500000000002,-0.0262,-0.4166666666666666,0.25,0.0,0.25,-0.4166666666666666,0.25,0.0,0.25,0.4166666666666666,0.25,0.0,-0.25,6,OD1,1,0.3944244848990815,1.2
llama31_instruct,h2_choice,65,main_perp,AsSh,-0.03568333333333331,0.024574999999999993,-0.004125000000000004,0.019249999999999996,-0.016483333333333332,0.018800000000000053,0.0041250000000000175,0.018800000000000053,-0.016483333333333332,0.018800000000000053,0.0041250000000000175,0.018800000000000053,0.0,0.0,0.0,0.0,0.0,0.0,0.0,0.0,0.0,0.0,0.0,0.0,3,CO1,2,-0.3437457694579421,0.6000000000000001
llama31_instruct,h2_choice,65,main_perp,BaAs,-0.1839666666666666,0.08682500000000001,-0.044624999999999984,0.04220000000000002,0.13016666666666662,0.06547499999999998,0.041924999999999976,-0.02355000000000001,0.13016666666666662,0.06547499999999998,0.041924999999999976,-0.02355000000000001,-0.41666666666666663,0.25,-0.25,0.0,0.41666666666666663,0.25,0.25,0.0,0.41666666666666663,0.25,0.25,0.0,1,MP,0,0.5678259637502947,1.7999999999999998
llama31_instruct,h2_choice,65,main_perp,BaBa,-0.09973333333333333,0.0471,-0.02247500000000001,0.024624999999999994,0.09013333333333327,0.059174999999999964,-0.007425000000000001,-0.03762499999999998,0.09013333333333327,0.059174999999999964,-0.007425000000000001,-0.03762499999999998,-0.6666666666666667,0.25,0.0,0.25,0.6666666666666667,0.25,0.0,-0.25,0.6666666666666667,0.25,0.0,-0.25,3,CO2,2,-0.0169508502148298,0.2
llama31_instruct,h2_choice,65,main_perp,BaCh,-0.10664999999999995,0.056224999999999976,-0.008224999999999996,0.04799999999999998,0.12231666666666671,0.06402500000000003,0.02197500000000001,-0.04205000000000001,0.12231666666666671,0.06402500000000003,0.02197500000000001,-0.04205000000000001,-0.4166666666666666,0.25,0.0,0.25,0.4166666666666666,0.25,0.0,-0.25,0.4166666666666666,0.25,0.0,-0.25,4,CO2,2,0.1562542305420579,0.6000000000000001
llama31_instruct,h2_choice,65,main_perp,BaCm,-0.1863833333333333,0.08937499999999998,-0.024249999999999994,0.06512499999999999,-0.010083333333333305,0.038050000000000014,-0.021349999999999994,-0.02007500000000001,-0.010083333333333305,0.038050000000000014,-0.021349999999999994,-0.02007500000000001,-0.8333333333333331,0.5,0.0,0.25,0.3333333333333332,0.5,0.0,-0.25,0.3333333333333332,0.5,0.0,-0.25,1,OD1,1,0.2789544310611563,1.0
llama31_instruct,h2_choice,65,main_perp,BaCo,-0.2342666666666667,0.11030000000000001,-0.06397500000000002,0.04632499999999999,0.04161666666666669,0.028875000000000026,0.0022250000000000186,-0.016725000000000004,0.04161666666666669,0.028875000000000026,0.0022250000000000186,-0.016725000000000004,-0.49999999999999994,0.25,-0.25,0.0,-0.49999999999999994,0.25,-0.25,0.0,-0.49999999999999994,0.25,-0.25,0.0,3,MP,0,0.4523559099123697,1.6
llama31_instruct,h2_choice,65,main_perp,BaDl,-0.11462499999999998,0.06072499999999999,-0.014950000000000005,0.03809999999999998,0.10242499999999993,0.05237499999999998,0.0011999999999999927,-0.03674999999999999,0.10242499999999993,0.05237499999999998,0.0011999999999999927,-0.03674999999999999,-0.6666666666666667,0.25,0.0,0.25,0.6666666666666667,0.25,0.0,-0.25,0.6666666666666667,0.25,0.0,-0.25,3,OD1,1,0.5098945387370066,1.4
llama31_instruct,h2_choice,65,main_perp,BaHa,-0.14416666666666672,0.07932500000000003,-0.04292499999999999,0.03640000000000004,0.04540000000000002,0.022375000000000006,0.012975000000000014,-0.007000000000000006,-0.04540000000000003,0.022375000000000006,-0.012975000000000014,0.007000000000000006,0.0,0.0,0.0,0.0,0.0,0.0,0.0,0.0,0.0,0.0,0.0,0.0,2,OD2,1,0.048014323385306,0.6000000000000001
llama31_instruct,h2_choice,65,main_perp,BaHr,-0.20374166666666663,0.11005000000000001,-0.03252500000000001,0.077525,0.053608333333333376,0.03507500000000002,0.01817500000000001,-0.001575000000000007,0.053608333333333376,0.03507500000000002,0.01817500000000001,-0.001575000000000007,-0.24999999999999986,0.25,0.0,0.25,-0.24999999999999986,0.25,0.0,0.25,-0.24999999999999986,0.25,0.0,0.25,5,CO1,2,0.069651690163614,0.3999999999999999
llama31_instruct,h2_choice,65,main_perp,BaNc,-0.209975,0.110575,-0.045800000000000014,0.064775,0.08364166666666668,0.052025,0.04249999999999999,0.006074999999999976,-0.08364166666666663,0.05202499999999999,-0.04249999999999998,-0.006074999999999997,0.0,0.0,0.0,0.0,0.0,0.0,0.0,0.0,0.0,0.0,0.0,0.0,4,OD2,1,0.1634843772232312,0.8
llama31_instruct,h2_choice,65,main_perp,BaPc,-0.23402499999999984,0.12267499999999998,-0.029349999999999987,0.09332499999999999,0.03755833333333332,0.029349999999999987,0.029349999999999987,0.017174999999999996,-0.037558333333333326,0.029349999999999987,-0.029349999999999987,-0.017174999999999996,-0.8333333333333331,0.5,-0.25,0.25,2.3115197751421316e-17,0.25,0.25,0.25,-2.3115197751421316e-17,0.25,-0.25,-0.25,6,OD2,1,0.2789544310611563,1.0
llama31_instruct,h2_choice,65,main_perp,BaPd,-0.04403333333333333,0.027524999999999994,-0.011949999999999995,0.008274999999999998,0.07128333333333335,0.04447500000000002,0.003050000000000011,-0.030925000000000008,0.07128333333333335,0.04447500000000002,0.003050000000000011,-0.030925000000000008,0.0,0.0,0.0,0.0,0.0,0.0,0.0,0.0,0.0,0.0,0.0,0.0,5,OD1,1,0.3944244848990815,1.2
llama31_instruct,h2_choice,65,main_perp,BaSh,-0.16321666666666662,0.08587500000000002,-0.02095000000000001,0.06492500000000001,0.13286666666666666,0.06707500000000002,0.021449999999999997,-0.04562500000000002,0.13286666666666666,0.06707500000000002,0.021449999999999997,-0.04562500000000002,0.0,0.0,0.0,0.0,0.0,0.0,0.0,0.0,0.0,0.0,0.0,0.0,5,MP,0,0.3368858560744445,1.4
llama31_instruct,h2_choice,65,main_perp,ChAs,-0.13229166666666664,0.07512500000000001,-0.014824999999999991,0.05432500000000001,0.036074999999999996,0.03752500000000003,-2.5000000000011124e-05,-0.023475000000000024,0.036074999999999996,0.03752500000000003,-2.5000000000011124e-05,-0.023475000000000024,0.0,0.0,0.0,0.0,0.0,0.0,0.0,0.0,0.0,0.0,0.0,0.0,7,MP,0,0.3368858560744445,1.4
llama31_instruct,h2_choice,65,main_perp,ChBa,-0.12742499999999995,0.07304999999999999,-0.015374999999999986,0.057675000000000004,-0.02682500000000004,0.014924999999999994,-0.014524999999999982,-0.0015749999999999792,-0.02682500000000004,0.014924999999999994,-0.014524999999999982,-0.0015749999999999792,0.0,0.0,0.0,0.0,0.0,0.0,0.0,0.0,0.0,0.0,0.0,0.0,5,CO2,2,0.1562542305420579,0.6000000000000001
llama31_instruct,h2_choice,65,main_perp,ChCh,-0.12788333333333335,0.09162500000000001,0.0010000000000000009,0.06840000000000002,0.0035999999999999518,0.03107499999999999,-9.999999999998899e-05,0.007250000000000034,0.0035999999999999518,0.03107499999999999,-9.999999999998899e-05,0.007250000000000034,-0.1666666666666667,0.5,0.25,0.25,0.3333333333333332,0.5,-0.25,-0.25,0.3333333333333332,0.5,-0.25,-0.25,6,CO2,2,0.2428567709205017,0.8
llama31_instruct,h2_choice,65,main_perp,ChCm,-0.2489499999999999,0.1215,-0.03785000000000002,0.08364999999999997,-0.0010833333333332862,0.029950000000000032,0.007700000000000012,0.012800000000000006,-0.0010833333333332862,0.029950000000000032,0.007700000000000012,0.012800000000000006,-0.4166666666666666,0.25,0.0,0.25,0.4166666666666666,0.25,0.0,-0.25,0.4166666666666666,0.25,0.0,-0.25,7,OD1,1,0.6253645925749319,1.6
llama31_instruct,h2_choice,65,main_perp,ChCo,-0.1934916666666667,0.1075,-0.014950000000000019,0.09254999999999998,0.03125833333333333,0.033149999999999985,-0.01630000000000001,-0.03245000000000001,0.03125833333333333,0.033149999999999985,-0.01630000000000001,-0.03245000000000001,-0.8333333333333331,0.5,-0.25,0.25,-2.3115197751421316e-17,0.25,-0.25,-0.25,-2.3115197751421316e-17,0.25,-0.25,-0.25,9,MP,0,0.1059457483985941,1.0
llama31_instruct,h2_choice,65,main_perp,ChDl,-0.20581666666666668,0.10870000000000002,-0.060374999999999984,0.048325000000000035,0.09683333333333331,0.049350000000000005,0.015375,-0.033975000000000005,0.09683333333333331,0.049350000000000005,0.015375,-0.033975000000000005,0.0,0.0,0.0,0.0,0.0,0.0,0.0,0.0,0.0,0.0,0.0,0.0,9,OD1,1,0.7408346464128569,1.7999999999999998
llama31_instruct,h2_choice,65,main_perp,ChHa,-0.12989999999999993,0.06072499999999999,-0.010650000000000007,0.05007499999999998,0.10526666666666669,0.06077500000000001,0.041650000000000006,-0.019125000000000003,-0.10526666666666663,0.060774999999999996,-0.04165000000000002,0.019124999999999975,2.3115197751421316e-17,0.25,0.25,0.25,2.3115197751421316e-17,0.25,0.25,0.25,-2.3115197751421316e-17,0.25,-0.25,-0.25,8,OD2,1,-0.1829257842905442,0.2
llama31_instruct,h2_choice,65,main_perp,ChHr,-0.20642499999999994,0.10442499999999999,-0.03025,0.063525,-0.025908333333333335,0.01957500000000001,-0.0010000000000000009,0.013075000000000003,-0.025908333333333335,0.01957500000000001,-0.0010000000000000009,0.013075000000000003,-1.3333333333333335,0.75,-0.25,0.25,-0.1666666666666666,0.25,0.25,0.25,-0.1666666666666666,0.25,0.25,0.25,6,CO1,2,0.3294593112989456,1.0
llama31_instruct,h2_choice,65,main_perp,CmAs,-0.03220833333333332,0.014900000000000004,-0.012775000000000009,0.0013499999999999832,0.057424999999999976,0.031874999999999994,0.0042250000000000065,-0.027649999999999987,-0.05742499999999997,0.03187499999999999,-0.004224999999999979,0.027650000000000008,0.0,0.0,0.0,0.0,0.0,0.0,0.0,0.0,0.0,0.0,0.0,0.0,8,OD1,1,0.2694301256218253,1.7999999999999998
llama31_instruct,h2_choice,65,main_perp,CmCm,-0.08286666666666663,0.041474999999999984,-0.02290000000000001,0.018574999999999973,0.034466666666666625,0.018774999999999986,0.002150000000000006,-0.01662499999999998,-0.03446666666666662,0.018774999999999986,-0.0021499999999999853,0.016625,0.0,0.0,0.0,0.0,0.0,0.0,0.0,0.0,0.0,0.0,0.0,0.0,2,DD,1,-0.3079201435678004,0.8
llama31_instruct,h2_choice,65,main_perp,CmDl,-0.061599999999999946,0.029249999999999984,-0.010474999999999998,0.018774999999999986,0.03366666666666661,0.022499999999999985,-0.003924999999999998,-0.018774999999999986,-0.03366666666666663,0.022499999999999992,0.003924999999999984,0.018774999999999986,0.0,0.0,0.0,0.0,0.0,0.0,0.0,0.0,0.0,0.0,0.0,0.0,4,DD,1,0.0384900179459749,1.4
llama31_instruct,h2_choice,65,main_perp,CmHa,-0.07065833333333335,0.04070000000000001,-0.0022000000000000006,0.038500000000000006,0.04077500000000005,0.028925000000000006,0.013999999999999992,-0.001950000000000035,-0.04077500000000004,0.028925000000000006,-0.013999999999999985,0.001950000000000035,0.0,0.0,0.0,0.0,0.0,0.0,0.0,0.0,0.0,0.0,0.0,0.0,6,DD,1,0.0384900179459749,1.4
llama31_instruct,h2_choice,65,main_perp,CmNc,-0.043766666666666634,0.027849999999999986,-0.008625000000000022,0.019224999999999964,0.06323333333333331,0.027999999999999997,0.017275000000000013,-0.010574999999999973,-0.06323333333333328,0.02799999999999997,-0.017274999999999985,0.010575000000000001,0.0,0.0,0.0,0.0,0.0,0.0,0.0,0.0,0.0,0.0,0.0,0.0,8,DD,1,0.2694301256218253,1.7999999999999998
llama31_instruct,h2_choice,65,main_perp,CoAs,-0.15203333333333335,0.0837,-0.042975,0.040725000000000004,-0.12213333333333319,0.06104999999999994,-0.031224999999999947,0.02982499999999999,-0.12213333333333319,0.06104999999999994,-0.031224999999999947,0.02982499999999999,0.0,0.0,0.0,0.0,0.0,0.0,0.0,0.0,0.0,0.0,0.0,0.0,7,CO2,2,-0.6035533905932737,0.0
llama31_instruct,h2_choice,65,main_perp,CoCo,-0.10533333333333333,0.052899999999999996,-0.023500000000000007,0.02939999999999999,-0.06299999999999996,0.033300000000000024,-0.033300000000000024,-0.0019000000000000405,-0.06299999999999996,0.033300000000000024,-0.033300000000000024,-0.0019000000000000405,0.0,0.0,0.0,0.0,0.0,0.0,0.0,0.0,0.0,0.0,0.0,0.0,7,CO1,2,-0.5169508502148299,0.2
llama31_instruct,h2_choice,65,main_perp,CoSh,-0.06569166666666659,0.04774999999999997,0.003249999999999996,0.028974999999999976,-0.1278249999999999,0.06537499999999996,-0.018350000000000005,0.047024999999999956,-0.1278249999999999,0.06537499999999996,-0.018350000000000005,0.047024999999999956,-0.6666666666666667,0.25,0.0,0.25,-0.6666666666666667,0.25,0.0,0.25,-0.6666666666666667,0.25,0.0,0.25,8,CO2,2,-0.5169508502148299,0.2
llama31_instruct,h2_choice,65,main_perp,HaAs,-0.03253333333333337,0.029725000000000022,-0.029725000000000022,-0.014075000000000004,-0.0772000000000001,0.03425000000000003,-0.010175000000000045,0.021175,-0.0772000000000001,0.03425000000000003,-0.010175000000000045,0.021175,0.0,0.0,0.0,0.0,0.0,0.0,0.0,0.0,0.0,0.0,0.0,0.0,7,OD2,1,-0.4233901974057255,0.6000000000000001
llama31_instruct,h2_choice,65,main_perp,HaBa,-0.11049166666666665,0.057675000000000004,-0.011349999999999999,0.046325000000000005,-0.14975833333333335,0.08032500000000004,-0.01990000000000003,0.060425000000000006,-0.14975833333333335,0.08032500000000004,-0.01990000000000003,0.060425000000000006,-0.8333333333333331,0.5,-0.25,0.25,-0.8333333333333331,0.5,-0.25,0.25,-0.8333333333333331,0.5,-0.25,0.25,9,OD2,1,-0.4233901974057255,0.6000000000000001
llama31_instruct,h2_choice,65,main_perp,HaCm,-0.12114166666666665,0.06687499999999999,-0.02042499999999998,0.04065000000000001,-0.0908583333333333,0.052224999999999994,-0.008674999999999988,0.03320000000000001,-0.0908583333333333,0.052224999999999994,-0.008674999999999988,0.03320000000000001,-0.16666666666666669,0.25,0.0,0.0,-0.16666666666666669,0.25,0.0,0.0,-0.16666666666666669,0.25,0.0,0.0,1,DD,1,0.0384900179459749,1.4
llama31_instruct,h2_choice,65,main_perp,HaDl,-0.1484416666666667,0.08132500000000002,-0.025500000000000016,0.05582500000000001,-0.15697499999999998,0.08132500000000002,-0.03495000000000002,0.046375,-0.15697499999999998,0.08132500000000002,-0.03495000000000002,0.046375,-0.5833333333333333,0.25,0.0,0.25,-0.5833333333333333,0.25,0.0,0.25,-0.5833333333333333,0.25,0.0,0.25,3,DD,1,-0.1924500897298753,1.0
llama31_instruct,h2_choice,65,main_perp,HaHa,-0.05934166666666673,0.03235000000000004,-0.029975000000000036,0.002375000000000002,-0.1047916666666667,0.05670000000000003,-0.022924999999999973,0.033775000000000055,-0.1047916666666667,0.05670000000000003,-0.022924999999999973,0.033775000000000055,0.0,0.0,0.0,0.0,0.0,0.0,0.0,0.0,0.0,0.0,0.0,0.0,5,DD,1,-0.6543303050815759,0.2
llama31_instruct,h2_choice,65,main_perp,HaNc,-0.04095833333333335,0.02867500000000002,-0.01347500000000001,0.01520000000000001,-0.04952499999999999,0.032475000000000004,-0.010025000000000006,0.022449999999999998,-0.04952499999999999,0.032475000000000004,-0.010025000000000006,0.022449999999999998,0.0,0.0,0.0,0.0,0.0,0.0,0.0,0.0,0.0,0.0,0.0,0.0,7,DD,1,-0.7698003589195012,0.0
llama31_instruct,h2_choice,65,main_perp,HaPc,-0.10007500000000001,0.049524999999999986,-0.03267499999999998,0.016850000000000007,-0.0985416666666667,0.047375,-0.028124999999999983,0.019250000000000017,-0.0985416666666667,0.047375,-0.028124999999999983,0.019250000000000017,0.0,0.0,0.0,0.0,0.0,0.0,0.0,0.0,0.0,0.0,0.0,0.0,9,DD,1,-0.4233901974057255,0.6000000000000001
llama31_instruct,h2_choice,65,main_perp,HrAs,-0.207325,0.10232500000000003,-0.04415000000000003,0.05817499999999999,0.03249166666666672,0.024475000000000018,0.017350000000000025,0.0031749999999999973,-0.0324916666666667,0.024475000000000025,-0.017350000000000032,-0.003175000000000011,-0.4166666666666666,0.25,0.0,0.25,-0.4166666666666666,0.25,0.0,0.25,0.4166666666666666,0.25,0.0,-0.25,8,MP,0,0.68329601758822,2.0
llama31_instruct,h2_choice,65,main_perp,HrBa,-0.2680333333333333,0.137175,-0.0619,0.075275,0.049783333333333325,0.03397499999999999,0.02489999999999999,0.001125000000000001,-0.04978333333333333,0.033975000000000005,-0.024900000000000005,-0.0011250000000000149,-0.4166666666666666,0.25,0.0,0.25,-0.4166666666666666,0.25,0.0,0.25,0.4166666666666666,0.25,0.0,-0.25,2,CO1,2,0.069651690163614,0.3999999999999999
llama31_instruct,h2_choice,65,main_perp,HrCh,-0.15660833333333327,0.07652499999999998,-0.027099999999999985,0.049425,0.08257499999999994,0.04327499999999998,0.016499999999999987,-0.026774999999999993,-0.08257499999999994,0.04327499999999998,-0.016499999999999987,0.026774999999999993,-0.41666666666666663,0.25,-0.25,0.0,0.41666666666666663,0.25,0.25,0.0,-0.41666666666666663,0.25,-0.25,0.0,4,CO1,2,0.3294593112989456,1.0
llama31_instruct,h2_choice,65,main_perp,HrHr,-0.13353333333333334,0.058800000000000005,-0.030400000000000017,0.028399999999999988,0.017300000000000055,0.025400000000000013,0.01915000000000002,0.014650000000000003,-0.017300000000000097,0.025400000000000034,-0.019150000000000028,-0.014649999999999996,0.0,0.0,0.0,0.0,0.0,0.0,0.0,0.0,0.0,0.0,0.0,0.0,2,CO2,2,-0.0169508502148298,0.2
llama31_instruct,h2_choice,65,main_perp,ShAs,-0.07474999999999994,0.05622499999999999,0.013049999999999999,0.05622499999999999,-0.08201666666666664,0.05622499999999999,0.013049999999999999,0.05622499999999999,-0.08201666666666664,0.05622499999999999,0.013049999999999999,0.05622499999999999,0.0,0.0,0.0,0.0,0.0,0.0,0.0,0.0,0.0,0.0,0.0,0.0,8,CO1,2,-0.3437457694579421,0.6000000000000001
llama31_instruct,h2_choice,65,main_perp,ShCo,-0.026650000000000004,0.030025000000000003,0.0001999999999999988,0.023774999999999998,-0.09008333333333338,0.052525000000000016,-0.015250000000000041,0.037274999999999975,-0.09008333333333338,0.052525000000000016,-0.015250000000000041,0.037274999999999975,0.0,0.0,0.0,0.0,0.0,0.0,0.0,0.0,0.0,0.0,0.0,0.0,9,CO2,2,-0.5169508502148299,0.2
llama31_instruct,h2_choice,65,main_perp,ShSh,-0.08836666666666665,0.054025000000000004,-0.017075,0.027250000000000003,-0.03923333333333334,0.03362499999999999,0.017075000000000007,0.03235000000000003,-0.03923333333333334,0.03362499999999999,0.017075000000000007,0.03235000000000003,0.0,0.0,0.0,0.0,0.0,0.0,0.0,0.0,0.0,0.0,0.0,0.0,9,CO1,2,-0.2571432290794982,0.8
llama31_instruct,h2_choice,65,random,AsAs,0.11464999999999999,0.062000000000000006,0.035949999999999996,-0.02605000000000001,0.07563333333333332,0.040499999999999994,0.025349999999999998,-0.015149999999999997,0.07563333333333332,0.040499999999999994,0.025349999999999998,-0.015149999999999997,0.0,0.0,0.0,0.0,0.0,0.0,0.0,0.0,0.0,0.0,0.0,0.0,1,CO1,2,-0.5169508502148299,0.2
llama31_instruct,h2_choice,65,random,AsBa,0.19132499999999997,0.10605,0.07149999999999998,-0.03455000000000002,0.04580833333333337,0.02715000000000002,0.005600000000000022,-0.009900000000000006,-0.0458083333333334,0.027150000000000035,-0.005600000000000049,0.009899999999999992,0.41666666666666663,0.25,0.25,0.0,0.41666666666666663,0.25,0.25,0.0,-0.41666666666666663,0.25,-0.25,0.0,2,MP,0,0.5678259637502947,1.7999999999999998
llama31_instruct,h2_choice,65,random,AsCh,0.15535833333333332,0.08085,0.05177500000000001,-0.022525000000000003,0.06587499999999998,0.036275,-0.006975000000000009,-0.036275,-0.06587499999999995,0.036274999999999974,0.006974999999999981,0.036274999999999974,0.0,0.0,0.0,0.0,0.0,0.0,0.0,0.0,0.0,0.0,0.0,0.0,4,MP,0,0.3368858560744445,1.4
llama31_instruct,h2_choice,65,random,AsCm,0.14359999999999998,0.070475,0.028875000000000012,-0.041599999999999984,0.10799999999999997,0.055900000000000005,0.014225000000000015,-0.03334999999999996,-0.10799999999999997,0.055900000000000005,-0.014225000000000015,0.03334999999999996,0.0,0.0,0.0,0.0,0.0,0.0,0.0,0.0,0.0,0.0,0.0,0.0,2,OD1,1,0.7408346464128569,1.7999999999999998
llama31_instruct,h2_choice,65,random,AsCo,0.13767499999999996,0.06642500000000001,0.04085,-0.025575000000000007,0.09359166666666666,0.056975,0.022400000000000017,-0.03457499999999998,0.09359166666666666,0.056975,0.022400000000000017,-0.03457499999999998,0.41666666666666663,0.25,0.25,0.0,0.41666666666666663,0.25,0.25,0.0,0.41666666666666663,0.25,0.25,0.0,1,CO2,2,-0.6035533905932737,0.0
llama31_instruct,h2_choice,65,random,AsDl,0.1321,0.0717,0.051525,-0.020175,0.11750000000000005,0.06305000000000004,0.024425000000000058,-0.03862499999999998,-0.11750000000000003,0.06305000000000002,-0.02442500000000003,0.03862499999999999,0.41666666666666663,0.25,0.25,0.0,0.41666666666666663,0.25,0.25,0.0,-0.41666666666666663,0.25,-0.25,0.0,4,OD1,1,0.5098945387370066,1.4
llama31_instruct,h2_choice,65,random,AsHa,0.16225,0.08305000000000001,0.050475000000000006,-0.03257500000000001,0.025033333333333387,0.02372500000000001,0.02372500000000001,0.017524999999999985,0.025033333333333387,0.02372500000000001,0.02372500000000001,0.017524999999999985,0.0,0.0,0.0,0.0,0.0,0.0,0.0,0.0,0.0,0.0,0.0,0.0,1,OD2,1,0.048014323385306,0.6000000000000001
llama31_instruct,h2_choice,65,random,AsHr,0.10674999999999996,0.062875,0.01345000000000001,-0.04942499999999999,0.04959999999999997,0.03982499999999997,0.014600000000000002,-0.010724999999999985,-0.04959999999999997,0.03982499999999997,-0.014600000000000002,0.010724999999999985,0.0,0.0,0.0,0.0,0.0,0.0,0.0,0.0,0.0,0.0,0.0,0.0,6,MP,0,0.68329601758822,2.0
llama31_instruct,h2_choice,65,random,AsNc,0.18376666666666666,0.09455,0.06242500000000001,-0.032124999999999994,0.06528333333333332,0.03465,0.011975000000000013,-0.022674999999999987,0.06528333333333332,0.03465,0.011975000000000013,-0.022674999999999987,0.0,0.0,0.0,0.0,0.0,0.0,0.0,0.0,0.0,0.0,0.0,0.0,3,OD2,1,0.1634843772232312,0.8
llama31_instruct,h2_choice,65,random,AsPc,0.18625,0.09897500000000001,0.056999999999999995,-0.04197500000000001,0.04485000000000005,0.032000000000000015,0.006250000000000019,-0.01767500000000001,0.04485000000000005,0.032000000000000015,0.006250000000000019,-0.01767500000000001,0.41666666666666663,0.25,0.25,0.0,0.41666666666666663,0.25,0.25,0.0,0.41666666666666663,0.25,0.25,0.0,5,OD2,1,-0.1829257842905442,0.2
llama31_instruct,h2_choice,65,random,AsPd,0.18793333333333329,0.099,0.057324999999999994,-0.04167500000000001,0.13559999999999994,0.06759999999999995,0.01872499999999995,-0.048875,-0.13559999999999997,0.06759999999999997,-0.018724999999999964,0.048875,0.41666666666666663,0.25,0.25,0.0,0.41666666666666663,0.25,0.25,0.0,-0.41666666666666663,0.25,-0.25,0.0,6,OD1,1,0.3944244848990815,1.2
llama31_instruct,h2_choice,65,random,AsSh,0.09036666666666664,0.043899999999999995,0.043899999999999995,0.0,0.039700000000000076,0.020900000000000002,0.01680000000000005,0.0,0.039700000000000076,0.020900000000000002,0.01680000000000005,0.0,0.0,0.0,0.0,0.0,0.0,0.0,0.0,0.0,0.0,0.0,0.0,0.0,3,CO1,2,-0.3437457694579421,0.6000000000000001
llama31_instruct,h2_choice,65,random,BaAs,0.16950833333333337,0.09022500000000003,0.06797500000000002,-0.022250000000000006,0.015924999999999984,0.015100000000000002,0.0053249999999999825,0.00449999999999999,0.015924999999999984,0.015100000000000002,0.0053249999999999825,0.00449999999999999,0.41666666666666663,0.25,0.25,0.0,0.41666666666666663,0.25,0.25,0.0,0.41666666666666663,0.25,0.25,0.0,1,MP,0,0.5678259637502947,1.7999999999999998
llama31_instruct,h2_choice,65,random,BaBa,0.20970833333333336,0.104475,0.061149999999999996,-0.043325,-0.014774999999999964,0.02314999999999999,-0.016149999999999984,-0.013925000000000007,-0.014774999999999964,0.02314999999999999,-0.016149999999999984,-0.013925000000000007,0.5833333333333334,0.25,0.25,0.0,-0.5833333333333334,0.25,-0.25,0.0,-0.5833333333333334,0.25,-0.25,0.0,3,CO2,2,-0.0169508502148298,0.2
llama31_instruct,h2_choice,65,random,BaCh,0.12195833333333334,0.06722500000000001,0.042874999999999996,-0.024350000000000004,0.02987499999999997,0.028075000000000003,-0.0010750000000000204,-0.022200000000000004,0.02987499999999997,0.028075000000000003,-0.0010750000000000204,-0.022200000000000004,0.0,0.0,0.0,0.0,0.0,0.0,0.0,0.0,0.0,0.0,0.0,0.0,4,CO2,2,0.1562542305420579,0.6000000000000001
llama31_instruct,h2_choice,65,random,BaCm,0.1897083333333333,0.09739999999999999,0.051374999999999976,-0.04602500000000001,-0.05247500000000001,0.0374,-0.036525,-0.015725000000000003,-0.05247500000000001,0.0374,-0.036525,-0.015725000000000003,0.9166666666666665,0.5,0.25,-0.25,-0.0833333333333334,0.5,-0.25,-0.25,-0.0833333333333334,0.5,-0.25,-0.25,1,OD1,1,0.2789544310611563,1.0
llama31_instruct,h2_choice,65,random,BaCo,0.21903333333333333,0.11477500000000003,0.043925000000000006,-0.07085000000000002,0.007416666666666644,0.043725000000000014,0.001575000000000007,0.008350000000000024,0.007416666666666644,0.043725000000000014,0.001575000000000007,0.008350000000000024,0.6666666666666667,0.25,0.0,-0.25,0.6666666666666667,0.25,0.0,-0.25,0.6666666666666667,0.25,0.0,-0.25,3,MP,0,0.4523559099123697,1.6
llama31_instruct,h2_choice,65,random,BaDl,0.2019916666666666,0.09649999999999999,0.05269999999999998,-0.043800000000000006,-0.017974999999999953,0.030224999999999974,-0.02144999999999997,-0.012849999999999986,-0.017974999999999953,0.030224999999999974,-0.02144999999999997,-0.012849999999999986,0.5833333333333334,0.25,0.25,0.0,-0.5833333333333334,0.25,-0.25,0.0,-0.5833333333333334,0.25,-0.25,0.0,3,OD1,1,0.5098945387370066,1.4
llama31_instruct,h2_choice,65,random,BaHa,0.24194999999999994,0.12474999999999999,0.046450000000000005,-0.07829999999999998,0.035533333333333354,0.031400000000000025,0.02605000000000003,0.0023500000000000187,-0.03553333333333331,0.03140000000000001,-0.026050000000000018,-0.0023500000000000187,0.4166666666666666,0.25,0.0,-0.25,0.4166666666666666,0.25,0.0,-0.25,-0.4166666666666666,0.25,0.0,0.25,2,OD2,1,0.048014323385306,0.6000000000000001
llama31_instruct,h2_choice,65,random,BaHr,0.27414166666666673,0.1342,0.07082500000000001,-0.063375,-0.004675000000000049,0.040325,0.005174999999999971,0.017275,-0.004675000000000049,0.040325,0.005174999999999971,0.017275,0.49999999999999994,0.25,0.25,0.0,0.49999999999999994,0.25,0.25,0.0,0.49999999999999994,0.25,0.25,0.0,5,CO1,2,0.069651690163614,0.3999999999999999
llama31_instruct,h2_choice,65,random,BaNc,0.2146166666666667,0.10927500000000001,0.070325,-0.03895000000000002,-0.05578333333333337,0.035625000000000004,0.0005249999999999769,0.021300000000000006,0.05578333333333336,0.03562500000000002,-0.0005249999999999977,-0.021300000000000013,0.0,0.0,0.0,0.0,0.0,0.0,0.0,0.0,0.0,0.0,0.0,0.0,4,OD2,1,0.1634843772232312,0.8
llama31_instruct,h2_choice,65,random,BaPc,0.21474999999999997,0.10182499999999998,0.08034999999999998,-0.021475000000000008,0.05731666666666669,0.029650000000000024,0.01924999999999999,-0.0077250000000000235,-0.05731666666666671,0.029650000000000037,-0.01924999999999999,0.007725000000000037,0.41666666666666663,0.25,0.25,0.0,0.41666666666666663,0.25,0.25,0.0,-0.41666666666666663,0.25,-0.25,0.0,6,OD2,1,0.2789544310611563,1.0
llama31_instruct,h2_choice,65,random,BaPd,0.09254166666666666,0.053125000000000006,0.034925,-0.013374999999999998,0.0398916666666667,0.025674999999999996,0.00687500000000002,-0.01137499999999999,0.0398916666666667,0.025674999999999996,0.00687500000000002,-0.01137499999999999,0.0,0.0,0.0,0.0,0.0,0.0,0.0,0.0,0.0,0.0,0.0,0.0,5,OD1,1,0.3944244848990815,1.2
llama31_instruct,h2_choice,65,random,BaSh,0.20359166666666664,0.10695,0.07847499999999999,-0.028475000000000014,-0.07729166666666668,0.05015000000000001,-0.021175000000000006,0.028975,-0.07729166666666668,0.05015000000000001,-0.021175000000000006,0.028975,0.0,0.0,0.0,0.0,0.0,0.0,0.0,0.0,0.0,0.0,0.0,0.0,5,MP,0,0.3368858560744445,1.4
llama31_instruct,h2_choice,65,random,ChAs,0.18228333333333324,0.09117499999999999,0.0339,-0.05727499999999999,-0.01854999999999995,0.017100000000000004,-0.003949999999999995,-0.0020250000000000268,-0.01854999999999995,0.017100000000000004,-0.003949999999999995,-0.0020250000000000268,0.0,0.0,0.0,0.0,0.0,0.0,0.0,0.0,0.0,0.0,0.0,0.0,7,MP,0,0.3368858560744445,1.4
llama31_instruct,h2_choice,65,random,ChBa,0.24619999999999997,0.140325,0.08630000000000002,-0.05402499999999999,0.013399999999999948,0.014700000000000019,-0.0034499999999999947,-0.007124999999999965,0.013399999999999948,0.014700000000000019,-0.0034499999999999947,-0.007124999999999965,0.8333333333333331,0.5,0.0,-0.5,0.0,0.0,0.0,0.0,0.0,0.0,0.0,0.0,5,CO2,2,0.1562542305420579,0.6000000000000001
llama31_instruct,h2_choice,65,random,ChCh,0.17819999999999997,0.08259999999999998,0.06059999999999999,-0.021999999999999992,0.0097333333333333,0.02164999999999999,-0.0003500000000000031,-0.006949999999999984,0.0097333333333333,0.02164999999999999,-0.0003500000000000031,-0.006949999999999984,1.0833333333333333,0.5,0.25,-0.25,-0.2500000000000001,0.25,-0.25,-0.25,-0.2500000000000001,0.25,-0.25,-0.25,6,CO2,2,0.2428567709205017,0.8
llama31_instruct,h2_choice,65,random,ChCm,0.245125,0.12887500000000002,0.08359999999999998,-0.045275000000000024,-0.021341666666666693,0.03022500000000003,0.023800000000000016,0.03022500000000003,-0.021341666666666693,0.03022500000000003,0.023800000000000016,0.03022500000000003,0.5833333333333334,0.25,0.25,0.0,-0.5833333333333334,0.25,-0.25,0.0,-0.5833333333333334,0.25,-0.25,0.0,7,OD1,1,0.6253645925749319,1.6
llama31_instruct,h2_choice,65,random,ChCo,0.2227833333333333,0.10617499999999999,0.09784999999999999,-0.008324999999999999,-0.02901666666666668,0.05107500000000001,-0.022950000000000012,-0.02402500000000002,-0.02901666666666668,0.05107500000000001,-0.022950000000000012,-0.02402500000000002,0.9999999999999999,0.5,0.25,-0.25,-0.16666666666666674,0.25,-0.25,-0.25,-0.16666666666666674,0.25,-0.25,-0.25,9,MP,0,0.1059457483985941,1.0
llama31_instruct,h2_choice,65,random,ChDl,0.2074166666666667,0.10252500000000002,0.034550000000000025,-0.067975,-0.029566666666666686,0.029250000000000012,-0.021600000000000008,-0.007875000000000007,-0.029566666666666686,0.029250000000000012,-0.021600000000000008,-0.007875000000000007,0.0,0.0,0.0,0.0,0.0,0.0,0.0,0.0,0.0,0.0,0.0,0.0,9,OD1,1,0.7408346464128569,1.7999999999999998
llama31_instruct,h2_choice,65,random,ChHa,0.18846666666666675,0.10205000000000004,0.06405000000000001,-0.038000000000000034,-0.015916666666666718,0.022950000000000026,0.01249999999999997,0.022950000000000026,0.01591666666666669,0.022950000000000026,-0.012499999999999983,-0.022950000000000026,0.41666666666666663,0.25,0.25,0.0,0.41666666666666663,0.25,0.25,0.0,-0.41666666666666663,0.25,-0.25,0.0,8,OD2,1,-0.1829257842905442,0.2
llama31_instruct,h2_choice,65,random,ChHr,0.23396666666666666,0.130125,0.06842500000000001,-0.06169999999999999,0.062450000000000006,0.040925,0.007074999999999998,-0.01565000000000001,0.062450000000000006,0.040925,0.007074999999999998,-0.01565000000000001,1.166666666666666,0.75,0.25,-0.5,0.6666666666666667,0.5,0.25,0.0,0.6666666666666667,0.5,0.25,0.0,6,CO1,2,0.3294593112989456,1.0
llama31_instruct,h2_choice,65,random,CmAs,0.06912499999999998,0.037625,0.018299999999999976,-0.019325000000000023,0.01567499999999999,0.013975000000000022,0.001250000000000022,-0.00972499999999997,-0.01567499999999992,0.013975000000000015,-0.0012500000000000011,0.009724999999999956,0.0,0.0,0.0,0.0,0.0,0.0,0.0,0.0,0.0,0.0,0.0,0.0,8,OD1,1,0.2694301256218253,1.7999999999999998
llama31_instruct,h2_choice,65,random,CmCm,0.08632499999999997,0.04630000000000001,0.021149999999999995,-0.025150000000000013,-0.0036583333333333324,0.013049999999999985,0.003599999999999985,0.0044500000000000026,0.0036583333333332795,0.013049999999999978,-0.003599999999999992,-0.004449999999999982,0.0,0.0,0.0,0.0,0.0,0.0,0.0,0.0,0.0,0.0,0.0,0.0,2,DD,1,-0.3079201435678004,0.8
llama31_instruct,h2_choice,65,random,CmDl,0.07323333333333329,0.035874999999999976,0.01974999999999997,-0.016125000000000007,-0.04049999999999997,0.021524999999999975,-0.012599999999999965,0.00892500000000001,0.04049999999999999,0.02152499999999999,0.012599999999999972,-0.008925000000000016,0.0,0.0,0.0,0.0,0.0,0.0,0.0,0.0,0.0,0.0,0.0,0.0,4,DD,1,0.0384900179459749,1.4
llama31_instruct,h2_choice,65,random,CmHa,0.08650833333333335,0.04647500000000001,0.03265000000000001,-0.009400000000000006,-0.016375000000000042,0.01907500000000001,0.003349999999999964,0.01029999999999999,0.016375000000000025,0.01907500000000001,-0.003349999999999964,-0.010299999999999976,0.0,0.0,0.0,0.0,0.0,0.0,0.0,0.0,0.0,0.0,0.0,0.0,6,DD,1,0.0384900179459749,1.4
llama31_instruct,h2_choice,65,random,CmNc,0.08795000000000001,0.04372500000000002,0.032075,-0.006350000000000008,-0.02769999999999998,0.024800000000000003,0.007825000000000006,0.024800000000000003,0.02769999999999996,0.02479999999999999,-0.007824999999999999,-0.02479999999999999,0.0,0.0,0.0,0.0,0.0,0.0,0.0,0.0,0.0,0.0,0.0,0.0,8,DD,1,0.2694301256218253,1.7999999999999998
llama31_instruct,h2_choice,65,random,CoAs,0.200925,0.0952,0.044075,-0.051125000000000004,0.11107500000000003,0.054900000000000004,0.012775000000000036,-0.040525000000000005,0.11107500000000003,0.054900000000000004,0.012775000000000036,-0.040525000000000005,0.5833333333333333,0.25,0.0,-0.25,0.5833333333333333,0.25,0.0,-0.25,0.5833333333333333,0.25,0.0,-0.25,7,CO2,2,-0.6035533905932737,0.0
llama31_instruct,h2_choice,65,random,CoCo,0.14690833333333336,0.08817500000000002,0.048275,-0.03990000000000002,0.08320833333333341,0.044625000000000054,0.00522499999999998,-0.031250000000000056,0.08320833333333341,0.044625000000000054,0.00522499999999998,-0.031250000000000056,0.0,0.0,0.0,0.0,0.0,0.0,0.0,0.0,0.0,0.0,0.0,0.0,7,CO1,2,-0.5169508502148299,0.2
llama31_instruct,h2_choice,65,random,CoSh,0.11564166666666663,0.06867499999999999,0.05292499999999998,-0.01575,0.06762499999999994,0.03857499999999997,0.023074999999999957,-0.015500000000000014,0.06762499999999994,0.03857499999999997,0.023074999999999957,-0.015500000000000014,0.33333333333333337,0.25,0.25,0.0,0.33333333333333337,0.25,0.25,0.0,0.33333333333333337,0.25,0.25,0.0,8,CO2,2,-0.5169508502148299,0.2
llama31_instruct,h2_choice,65,random,HaAs,0.16234999999999997,0.07970000000000001,0.02309999999999999,-0.05660000000000002,0.05470000000000003,0.029949999999999977,0.011349999999999999,-0.016650000000000026,0.05470000000000003,0.029949999999999977,0.011349999999999999,-0.016650000000000026,0.0,0.0,0.0,0.0,0.0,0.0,0.0,0.0,0.0,0.0,0.0,0.0,7,OD2,1,-0.4233901974057255,0.6000000000000001
llama31_instruct,h2_choice,65,random,HaBa,0.15771666666666667,0.07930000000000001,0.0553,-0.024000000000000004,0.1239166666666667,0.05890000000000002,0.03635000000000002,-0.02255,0.1239166666666667,0.05890000000000002,0.03635000000000002,-0.02255,0.8333333333333331,0.5,0.25,-0.25,0.8333333333333331,0.5,0.25,-0.25,0.8333333333333331,0.5,0.25,-0.25,9,OD2,1,-0.4233901974057255,0.6000000000000001
llama31_instruct,h2_choice,65,random,HaCm,0.16832499999999995,0.08582499999999998,0.05205,-0.03377499999999998,0.09800833333333336,0.048424999999999996,0.020500000000000018,-0.026574999999999988,0.09800833333333336,0.048424999999999996,0.020500000000000018,-0.026574999999999988,0.4166666666666666,0.25,0.0,-0.25,0.4166666666666666,0.25,0.0,-0.25,0.4166666666666666,0.25,0.0,-0.25,1,DD,1,0.0384900179459749,1.4
llama31_instruct,h2_choice,65,random,HaDl,0.14084999999999998,0.07189999999999999,0.03717499999999998,-0.03472500000000001,0.11881666666666658,0.062099999999999975,0.036374999999999935,-0.02572500000000004,0.11881666666666658,0.062099999999999975,0.036374999999999935,-0.02572500000000004,0.6666666666666667,0.25,0.25,0.0,0.6666666666666667,0.25,0.25,0.0,0.6666666666666667,0.25,0.25,0.0,3,DD,1,-0.1924500897298753,1.0
llama31_instruct,h2_choice,65,random,HaHa,0.09556666666666666,0.04667500000000001,0.01832499999999998,-0.028350000000000028,0.06756666666666658,0.032275000000000026,0.01832499999999998,-0.011549999999999977,0.06756666666666658,0.032275000000000026,0.01832499999999998,-0.011549999999999977,0.0,0.0,0.0,0.0,0.0,0.0,0.0,0.0,0.0,0.0,0.0,0.0,5,DD,1,-0.6543303050815759,0.2
llama31_instruct,h2_choice,65,random,HaNc,0.11045000000000003,0.05875000000000002,0.03320000000000001,-0.02555000000000001,0.10551666666666668,0.062450000000000006,0.03320000000000001,-0.029249999999999998,0.10551666666666668,0.062450000000000006,0.03320000000000001,-0.029249999999999998,0.0,0.0,0.0,0.0,0.0,0.0,0.0,0.0,0.0,0.0,0.0,0.0,7,DD,1,-0.7698003589195012,0.0
llama31_instruct,h2_choice,65,random,HaPc,0.117525,0.06405000000000001,0.02817500000000002,-0.03587499999999999,0.08757500000000004,0.04365000000000002,0.007775000000000032,-0.03587499999999999,0.08757500000000004,0.04365000000000002,0.007775000000000032,-0.03587499999999999,0.0,0.0,0.0,0.0,0.0,0.0,0.0,0.0,0.0,0.0,0.0,0.0,9,DD,1,-0.4233901974057255,0.6000000000000001
llama31_instruct,h2_choice,65,random,HrAs,0.17050833333333323,0.09359999999999999,0.051049999999999984,-0.042550000000000004,-0.03232499999999996,0.022175,-0.008099999999999996,0.004849999999999993,0.032324999999999895,0.022174999999999973,0.008099999999999968,-0.004849999999999993,0.0,0.0,0.0,0.0,0.0,0.0,0.0,0.0,0.0,0.0,0.0,0.0,8,MP,0,0.68329601758822,2.0
llama31_instruct,h2_choice,65,random,HrBa,0.2738416666666666,0.13692500000000002,0.0655,-0.071425,-0.10865833333333333,0.05087500000000002,-0.007500000000000007,0.04337500000000001,0.10865833333333333,0.050875000000000004,0.007499999999999979,-0.043375000000000025,0.0,0.0,0.0,0.0,0.0,0.0,0.0,0.0,0.0,0.0,0.0,0.0,2,CO1,2,0.069651690163614,0.3999999999999999
llama31_instruct,h2_choice,65,random,HrCh,0.13976666666666662,0.06632499999999998,0.044125,-0.014124999999999985,-0.08999999999999996,0.04287499999999998,-0.021474999999999994,0.01332499999999999,0.08999999999999998,0.042874999999999996,0.021474999999999994,-0.013325000000000004,0.25,0.25,0.0,0.0,-0.25,0.25,0.0,0.0,0.25,0.25,0.0,0.0,4,CO1,2,0.3294593112989456,1.0
llama31_instruct,h2_choice,65,random,HrHr,0.14736666666666667,0.07285000000000001,0.036324999999999996,-0.030025000000000017,-0.04698333333333336,0.031275000000000004,0.00412499999999999,0.031275000000000004,0.0469833333333334,0.031275000000000025,-0.00412499999999999,-0.031275000000000025,0.0,0.0,0.0,0.0,0.0,0.0,0.0,0.0,0.0,0.0,0.0,0.0,2,CO2,2,-0.0169508502148298,0.2
llama31_instruct,h2_choice,65,random,ShAs,0.13298333333333331,0.080075,0.069675,-0.010399999999999993,0.057683333333333406,0.041875,0.041875,0.010399999999999965,0.057683333333333406,0.041875,0.041875,0.010399999999999965,0.0,0.0,0.0,0.0,0.0,0.0,0.0,0.0,0.0,0.0,0.0,0.0,8,CO1,2,-0.3437457694579421,0.6000000000000001
llama31_instruct,h2_choice,65,random,ShCo,0.09857500000000002,0.048625000000000015,0.03740000000000001,-0.011225000000000006,0.070175,0.03352500000000001,0.007599999999999982,-0.01817500000000001,0.070175,0.03352500000000001,0.007599999999999982,-0.01817500000000001,0.0,0.0,0.0,0.0,0.0,0.0,0.0,0.0,0.0,0.0,0.0,0.0,9,CO2,2,-0.5169508502148299,0.2
llama31_instruct,h2_choice,65,random,ShSh,0.18201666666666663,0.08787500000000001,0.04992500000000001,-0.03794999999999999,0.08496666666666663,0.043125,0.03932500000000001,-0.003799999999999984,0.08496666666666663,0.043125,0.03932500000000001,-0.003799999999999984,0.0,0.0,0.0,0.0,0.0,0.0,0.0,0.0,0.0,0.0,0.0,0.0,9,CO1,2,-0.2571432290794982,0.8
llama31_instruct,h2_choice,79,main,AsAs,-1.2857999999999998,0.6184499999999999,-0.21455000000000002,0.4039,-0.08400000000000003,0.06690000000000003,-0.059300000000000005,-0.023650000000000004,-0.08400000000000003,0.06690000000000003,-0.059300000000000005,-0.023650000000000004,-1.9999999999999998,1.0,0.0,1.0,-0.33333333333333337,0.5,0.0,0.0,-0.33333333333333337,0.5,0.0,0.0,1,CO1,2,-0.5169508502148299,0.2
llama31_instruct,h2_choice,79,main,AsBa,-1.3165916666666664,0.6365000000000001,-0.235875,0.400625,-0.06955833333333333,0.053200000000000025,-0.04597499999999999,-0.021375000000000005,0.06955833333333332,0.053200000000000025,0.04597499999999996,0.021374999999999977,-1.9999999999999998,1.0,0.0,1.0,-0.33333333333333337,0.5,0.0,0.0,0.33333333333333337,0.5,0.0,0.0,2,MP,0,0.5678259637502947,1.7999999999999998
llama31_instruct,h2_choice,79,main,AsCh,-1.2657583333333329,0.60905,-0.22522499999999998,0.383825,-0.09964166666666663,0.06377499999999998,-0.056374999999999995,-0.014425000000000021,0.09964166666666664,0.063775,0.05637499999999998,0.014424999999999993,-1.9999999999999998,1.0,0.0,1.0,-0.33333333333333337,0.5,0.0,0.0,0.33333333333333337,0.5,0.0,0.0,4,MP,0,0.3368858560744445,1.4
llama31_instruct,h2_choice,79,main,AsCm,-1.1496,0.5595000000000001,-0.239425,0.32007500000000005,-0.22076666666666672,0.16112500000000002,-0.14537499999999998,-0.053574999999999956,0.22076666666666672,0.16112500000000002,0.14537499999999998,0.053574999999999956,-1.666666666666667,0.75,-0.5,0.25,-0.8333333333333335,0.5,-0.5,-0.25,0.8333333333333335,0.5,0.5,0.25,2,OD1,1,0.7408346464128569,1.7999999999999998
llama31_instruct,h2_choice,79,main,AsCo,-1.261483333333333,0.609375,-0.2208,0.388575,-0.1883833333333333,0.11352499999999996,-0.09164999999999997,-0.010374999999999981,-0.1883833333333333,0.11352499999999996,-0.09164999999999997,-0.010374999999999981,-2.166666666666666,1.0,0.0,1.0,-0.5,0.5,0.0,0.0,-0.5,0.5,0.0,0.0,1,CO2,2,-0.6035533905932737,0.0
llama31_instruct,h2_choice,79,main,AsDl,-1.202425,0.5845,-0.194325,0.390175,-0.17587500000000006,0.10034999999999998,-0.08012499999999995,-0.007324999999999929,0.17587499999999998,0.10034999999999997,0.08012499999999995,0.007324999999999943,-1.9999999999999998,1.0,0.0,1.0,-0.33333333333333337,0.5,0.0,0.0,0.33333333333333337,0.5,0.0,0.0,4,OD1,1,0.5098945387370066,1.4
llama31_instruct,h2_choice,79,main,AsHa,-1.3275916666666663,0.6366,-0.23259999999999997,0.404,-0.06365833333333334,0.04582499999999999,-0.026199999999999973,-0.0054499999999999965,-0.06365833333333334,0.04582499999999999,-0.026199999999999973,-0.0054499999999999965,-1.9999999999999998,1.0,0.0,1.0,-0.33333333333333337,0.5,0.0,0.0,-0.33333333333333337,0.5,0.0,0.0,1,OD2,1,0.048014323385306,0.6000000000000001
llama31_instruct,h2_choice,79,main,AsHr,-1.2392166666666666,0.596925,-0.263,0.333925,-0.14480000000000004,0.12225,-0.12225,-0.06022499999999997,0.14480000000000004,0.12225,0.12225,0.06022499999999997,-2.1666666666666665,1.0,-0.5,0.5,-0.5000000000000002,0.5,-0.5,-0.5,0.5000000000000002,0.5,0.5,0.5,6,MP,0,0.68329601758822,2.0
llama31_instruct,h2_choice,79,main,AsNc,-1.153725,0.5640000000000001,-0.18845,0.37555000000000005,-0.1634916666666667,0.08402500000000002,-0.06750000000000002,0.003949999999999995,-0.1634916666666667,0.08402500000000002,-0.06750000000000002,0.003949999999999995,-1.4166666666666665,0.75,0.0,0.75,-0.5833333333333333,0.25,0.0,0.25,-0.5833333333333333,0.25,0.0,0.25,3,OD2,1,0.1634843772232312,0.8
llama31_instruct,h2_choice,79,main,AsPc,-1.310883333333333,0.629,-0.246575,0.38242499999999996,-0.10906666666666666,0.08202499999999999,-0.06572499999999999,-0.022425000000000014,-0.10906666666666666,0.08202499999999999,-0.06572499999999999,-0.022425000000000014,-2.166666666666666,1.0,0.0,1.0,-0.5,0.5,0.0,0.0,-0.5,0.5,0.0,0.0,5,OD2,1,-0.1829257842905442,0.2
llama31_instruct,h2_choice,79,main,AsPd,-1.1171499999999999,0.54665,-0.195675,0.350975,-0.24128333333333327,0.13197499999999998,-0.109225,-0.007475000000000023,0.2412833333333333,0.13197499999999998,0.10922499999999999,0.007475000000000009,-1.2499999999999998,0.5,0.0,0.5,-1.2499999999999998,0.5,0.0,0.5,1.2499999999999998,0.5,0.0,-0.5,6,OD1,1,0.3944244848990815,1.2
llama31_instruct,h2_choice,79,main,AsSh,-1.07055,0.530075,-0.137425,0.39265,-0.07513333333333332,0.04329999999999998,-0.023224999999999954,0.011300000000000046,-0.07513333333333332,0.04329999999999998,-0.023224999999999954,0.011300000000000046,-1.6666666666666663,1.0,0.0,1.0,0.0,0.0,0.0,0.0,0.0,0.0,0.0,0.0,3,CO1,2,-0.3437457694579421,0.6000000000000001
llama31_instruct,h2_choice,79,main,BaAs,-1.3102583333333335,0.6306,-0.32035,0.31025,0.029791666666666723,0.08329999999999997,0.08329999999999997,0.06994999999999997,0.029791666666666723,0.08329999999999997,0.08329999999999997,0.06994999999999997,-2.166666666666666,1.0,-0.5,0.5,5.179259186036526e-16,0.5,0.5,0.5,5.179259186036526e-16,0.5,0.5,0.5,1,MP,0,0.5678259637502947,1.7999999999999998
llama31_instruct,h2_choice,79,main,BaBa,-1.3747166666666666,0.657875,-0.270875,0.387,0.04816666666666672,0.03500000000000003,0.018125000000000002,-0.0006500000000000256,0.04816666666666672,0.03500000000000003,0.018125000000000002,-0.0006500000000000256,-2.333333333333332,1.0,0.0,1.0,0.16666666666666669,0.25,0.0,0.0,0.16666666666666669,0.25,0.0,0.0,3,CO2,2,-0.0169508502148298,0.2
llama31_instruct,h2_choice,79,main,BaCh,-1.3058499999999997,0.6274249999999999,-0.218675,0.40874999999999995,0.0606833333333333,0.03684999999999997,0.025274999999999978,4.9999999999980616e-05,0.0606833333333333,0.03684999999999997,0.025274999999999978,4.9999999999980616e-05,-1.9166666666666663,1.0,0.0,1.0,0.25,0.25,0.0,0.0,0.25,0.25,0.0,0.0,4,CO2,2,0.1562542305420579,0.6000000000000001
llama31_instruct,h2_choice,79,main,BaCm,-1.4175,0.671175,-0.34057499999999996,0.3306,0.02611666666666672,0.045125,0.037525,0.021499999999999977,0.02611666666666672,0.045125,0.037525,0.021499999999999977,-2.4999999999999996,1.0,-0.5,0.5,0.0,0.25,0.0,0.0,0.0,0.25,0.0,0.0,1,OD1,1,0.2789544310611563,1.0
llama31_instruct,h2_choice,79,main,BaCo,-1.3332583333333332,0.640925,-0.373675,0.26725000000000004,-0.06904166666666653,0.08197499999999998,0.04562500000000004,0.077,-0.06904166666666653,0.08197499999999998,0.04562500000000004,0.077,-2.2500000000000004,1.0,-0.75,0.25,-0.24999999999999997,0.5,0.25,0.25,-0.24999999999999997,0.5,0.25,0.25,3,MP,0,0.4523559099123697,1.6
llama31_instruct,h2_choice,79,main,BaDl,-1.361358333333333,0.64555,-0.2704,0.37515,0.015991666666666664,0.023425,0.010450000000000001,0.007000000000000006,0.015991666666666664,0.023425,0.010450000000000001,0.007000000000000006,-2.166666666666666,1.0,0.0,1.0,0.0,0.0,0.0,0.0,0.0,0.0,0.0,0.0,3,OD1,1,0.5098945387370066,1.4
llama31_instruct,h2_choice,79,main,BaHa,-1.3197416666666668,0.63405,-0.34964999999999996,0.28440000000000004,-0.06859166666666669,0.06875000000000002,0.039349999999999996,0.06580000000000003,0.06859166666666669,0.06875,-0.039349999999999996,-0.06580000000000003,-2.2500000000000004,1.0,-0.75,0.25,-0.24999999999999997,0.5,0.25,0.25,0.24999999999999997,0.5,-0.25,-0.25,2,OD2,1,0.048014323385306,0.6000000000000001
llama31_instruct,h2_choice,79,main,BaHr,-1.373133333333333,0.652,-0.35565,0.29635,-0.059483333333333374,0.08470000000000001,0.05875,0.07940000000000001,-0.059483333333333374,0.08470000000000001,0.05875,0.07940000000000001,-2.2499999999999996,1.0,-0.5,0.5,-0.24999999999999958,0.5,0.5,0.5,-0.24999999999999958,0.5,0.5,0.5,5,CO1,2,0.069651690163614,0.3999999999999999
llama31_instruct,h2_choice,79,main,BaNc,-1.3234749999999995,0.63565,-0.278175,0.357475,0.05407499999999999,0.055049999999999995,0.05412499999999999,0.030674999999999994,-0.05407499999999991,0.05504999999999996,-0.05412499999999998,-0.030675000000000008,-2.1666666666666665,1.0,-0.25,0.75,0.16666666666666674,0.25,0.25,0.25,-0.16666666666666674,0.25,-0.25,-0.25,4,OD2,1,0.1634843772232312,0.8
llama31_instruct,h2_choice,79,main,BaPc,-1.3622833333333333,0.646575,-0.3671,0.27947500000000003,-0.03135000000000002,0.030425000000000008,0.01934999999999998,0.030425000000000008,0.03135000000000002,0.030425000000000008,-0.01934999999999998,-0.030425000000000008,-2.5,1.0,-0.75,0.25,2.3115197751421316e-17,0.25,0.25,0.25,-2.3115197751421316e-17,0.25,-0.25,-0.25,6,OD2,1,0.2789544310611563,1.0
llama31_instruct,h2_choice,79,main,BaPd,-1.269283333333333,0.614525,-0.1994,0.41512499999999997,0.015883333333333378,0.009500000000000036,0.0032000000000000084,-0.004924999999999999,0.015883333333333378,0.009500000000000036,0.0032000000000000084,-0.004924999999999999,-1.6666666666666663,1.0,0.0,1.0,0.0,0.0,0.0,0.0,0.0,0.0,0.0,0.0,5,OD1,1,0.3944244848990815,1.2
llama31_instruct,h2_choice,79,main,BaSh,-1.3100416666666668,0.6271,-0.2617,0.3654,0.009258333333333346,0.052899999999999975,0.052899999999999975,0.05224999999999998,0.009258333333333346,0.052899999999999975,0.052899999999999975,0.05224999999999998,-2.1666666666666665,1.0,-0.25,0.75,0.16666666666666674,0.25,0.25,0.25,0.16666666666666674,0.25,0.25,0.25,5,MP,0,0.3368858560744445,1.4
llama31_instruct,h2_choice,79,main,ChAs,-1.3490666666666666,0.6419,-0.333825,0.30807500000000004,-0.04859999999999991,0.06672499999999996,0.05152499999999999,0.06672499999999996,-0.04859999999999991,0.06672499999999996,0.05152499999999999,0.06672499999999996,-2.416666666666666,1.0,-0.5,0.5,-0.25000000000000006,0.5,0.5,0.5,-0.25000000000000006,0.5,0.5,0.5,7,MP,0,0.3368858560744445,1.4
llama31_instruct,h2_choice,79,main,ChBa,-1.3870083333333332,0.6582250000000001,-0.31835,0.339875,0.02539166666666665,0.015424999999999994,0.011200000000000015,0.0007750000000000257,0.02539166666666665,0.015424999999999994,0.011200000000000015,0.0007750000000000257,-2.4999999999999996,1.0,-0.5,0.5,0.16666666666666669,0.5,0.0,0.0,0.16666666666666669,0.5,0.0,0.0,5,CO2,2,0.1562542305420579,0.6000000000000001
llama31_instruct,h2_choice,79,main,ChCh,-1.3951666666666667,0.6646750000000001,-0.293675,0.37100000000000005,0.041383333333333355,0.019025,0.011474999999999999,-0.007550000000000001,0.041383333333333355,0.019025,0.011474999999999999,-0.007550000000000001,-2.499999999999999,1.0,-0.25,0.75,-2.3115197751421316e-17,0.25,-0.25,-0.25,-2.3115197751421316e-17,0.25,-0.25,-0.25,6,CO2,2,0.2428567709205017,0.8
llama31_instruct,h2_choice,79,main,ChCm,-1.418066666666667,0.670825,-0.3798,0.291025,0.012916666666666732,0.016450000000000062,-0.0007999999999999952,-0.0034750000000000336,0.012916666666666732,0.016450000000000062,-0.0007999999999999952,-0.0034750000000000336,-2.5,1.0,-0.75,0.25,-2.3115197751421316e-17,0.25,-0.25,-0.25,-2.3115197751421316e-17,0.25,-0.25,-0.25,7,OD1,1,0.6253645925749319,1.6
llama31_instruct,h2_choice,79,main,ChCo,-1.3880833333333331,0.6592749999999999,-0.32484999999999997,0.334425,-0.00404999999999999,0.01807499999999998,0.015049999999999994,0.017574999999999993,-0.00404999999999999,0.01807499999999998,0.015049999999999994,0.017574999999999993,-2.4999999999999996,1.0,-0.5,0.5,0.0,0.25,0.0,0.0,0.0,0.25,0.0,0.0,9,MP,0,0.1059457483985941,1.0
llama31_instruct,h2_choice,79,main,ChDl,-1.3946333333333332,0.6646,-0.375575,0.289025,0.01948333333333337,0.024275000000000005,0.02427499999999999,0.015124999999999972,0.01948333333333337,0.024275000000000005,0.02427499999999999,0.015124999999999972,-2.416666666666666,1.0,-0.75,0.25,-0.08333333333333334,0.25,0.25,0.25,-0.08333333333333334,0.25,0.25,0.25,9,OD1,1,0.7408346464128569,1.7999999999999998
llama31_instruct,h2_choice,79,main,ChHa,-1.2573333333333332,0.609075,-0.347675,0.26139999999999997,-0.09873333333333328,0.09582500000000001,0.051375000000000004,0.09120000000000002,0.09873333333333333,0.09582500000000002,-0.05137500000000003,-0.09120000000000003,-2.083333333333333,1.0,-0.5,0.5,-0.4166666666666663,0.5,0.5,0.5,0.4166666666666663,0.5,-0.5,-0.5,8,OD2,1,-0.1829257842905442,0.2
llama31_instruct,h2_choice,79,main,ChHr,-1.3866333333333332,0.66095,-0.364525,0.29642500000000005,-0.01679999999999998,0.02492499999999999,0.01632499999999998,0.02362499999999998,-0.01679999999999998,0.02492499999999999,0.01632499999999998,0.02362499999999998,-2.416666666666666,1.0,-0.75,0.25,-0.24999999999999997,0.25,0.25,0.25,-0.24999999999999997,0.25,0.25,0.25,6,CO1,2,0.3294593112989456,1.0
llama31_instruct,h2_choice,79,main,CmAs,-0.860625,0.43105000000000004,-0.20160000000000006,0.22945,-0.21164166666666656,0.1784,0.06840000000000003,0.16875,0.21164166666666648,0.17839999999999998,-0.06840000000000002,-0.16874999999999998,-0.8333333333333331,0.5,0.0,0.5,-0.8333333333333331,0.5,0.0,0.5,0.8333333333333331,0.5,0.0,-0.5,8,OD1,1,0.2694301256218253,1.7999999999999998
llama31_instruct,h2_choice,79,main,CmCm,-0.9579249999999998,0.47609999999999997,-0.23895,0.23714999999999997,-0.16704166666666667,0.17597500000000002,0.08365,0.1622,0.16704166666666667,0.17597500000000002,-0.08364999999999997,-0.1622,-1.2499999999999998,0.75,-0.25,0.5,-0.4166666666666666,0.5,0.25,0.5,0.4166666666666666,0.5,-0.25,-0.5,2,DD,1,-0.3079201435678004,0.8
llama31_instruct,h2_choice,79,main,CmDl,-0.9418416666666666,0.4702,-0.23255000000000003,0.23764999999999997,0.06432500000000001,0.14165,0.14165,0.11320000000000002,-0.06432500000000001,0.14165000000000003,-0.14165000000000003,-0.11320000000000002,-0.41666666666666663,0.25,-0.25,0.0,0.41666666666666663,0.25,0.25,0.0,-0.41666666666666663,0.25,-0.25,0.0,4,DD,1,0.0384900179459749,1.4
llama31_instruct,h2_choice,79,main,CmHa,-0.9579916666666665,0.474125,-0.22575,0.248375,-0.20917499999999997,0.17317499999999997,0.05649999999999997,0.15692499999999998,0.20917500000000008,0.17317500000000002,-0.05649999999999994,-0.15692499999999998,-1.2499999999999998,0.75,-0.25,0.5,-0.4166666666666666,0.5,0.25,0.5,0.4166666666666666,0.5,-0.25,-0.5,6,DD,1,0.0384900179459749,1.4
llama31_instruct,h2_choice,79,main,CmNc,-0.97505,0.48574999999999996,-0.23285,0.25289999999999996,-0.15956666666666663,0.17782499999999998,0.09945,0.1759,0.15956666666666663,0.17782499999999998,-0.09944999999999998,-0.1759,-1.2499999999999998,0.75,-0.25,0.5,-0.4166666666666666,0.5,0.25,0.5,0.4166666666666666,0.5,-0.25,-0.5,8,DD,1,0.2694301256218253,1.7999999999999998
llama31_instruct,h2_choice,79,main,CoAs,-1.2292916666666667,0.601425,-0.26305,0.338375,-0.1210416666666667,0.13115,-0.12314999999999998,-0.07327499999999998,-0.1210416666666667,0.13115,-0.12314999999999998,-0.07327499999999998,-2.083333333333333,1.0,-0.5,0.5,-0.41666666666666685,0.5,-0.5,-0.5,-0.41666666666666685,0.5,-0.5,-0.5,7,CO2,2,-0.6035533905932737,0.0
llama31_instruct,h2_choice,79,main,CoCo,-1.2086499999999996,0.587725,-0.272775,0.31495,-0.07836666666666656,0.124075,-0.124075,-0.09440000000000004,-0.07836666666666656,0.124075,-0.124075,-0.09440000000000004,-1.9999999999999998,1.0,-0.5,0.5,-0.3333333333333335,0.5,-0.5,-0.5,-0.3333333333333335,0.5,-0.5,-0.5,7,CO1,2,-0.5169508502148299,0.2
llama31_instruct,h2_choice,79,main,CoSh,-1.1187083333333332,0.5446249999999999,-0.21359999999999998,0.33102499999999996,-0.2703749999999999,0.16377499999999998,-0.1341,-0.01872500000000002,-0.2703749999999999,0.16377499999999998,-0.1341,-0.01872500000000002,-1.3333333333333335,0.5,-0.25,0.25,-1.3333333333333335,0.5,-0.25,0.25,-1.3333333333333335,0.5,-0.25,0.25,8,CO2,2,-0.5169508502148299,0.2
llama31_instruct,h2_choice,79,main,HaAs,-1.0563083333333332,0.52435,-0.262975,0.26137499999999997,0.031091666666666712,0.13007500000000002,-0.114275,-0.13007500000000002,0.031091666666666712,0.13007500000000002,-0.114275,-0.13007500000000002,-1.6666666666666663,1.0,-0.5,0.5,-4.623039550284263e-17,0.5,-0.5,-0.5,-4.623039550284263e-17,0.5,-0.5,-0.5,7,OD2,1,-0.4233901974057255,0.6000000000000001
llama31_instruct,h2_choice,79,main,HaBa,-1.1210083333333336,0.549925,-0.204075,0.34585,-0.27425833333333327,0.15957499999999997,-0.121025,-0.002150000000000013,-0.27425833333333327,0.15957499999999997,-0.121025,-0.002150000000000013,-1.3333333333333335,0.5,-0.25,0.25,-1.3333333333333335,0.5,-0.25,0.25,-1.3333333333333335,0.5,-0.25,0.25,9,OD2,1,-0.4233901974057255,0.6000000000000001
llama31_instruct,h2_choice,79,main,HaCm,-1.1477833333333332,0.555675,-0.23557499999999998,0.32010000000000005,-0.2990833333333333,0.17777500000000002,-0.149175,-0.022249999999999992,-0.2990833333333333,0.17777500000000002,-0.149175,-0.022249999999999992,-1.3333333333333335,0.5,-0.5,0.0,-1.3333333333333335,0.5,-0.5,0.0,-1.3333333333333335,0.5,-0.5,0.0,1,DD,1,0.0384900179459749,1.4
llama31_instruct,h2_choice,79,main,HaDl,-1.222025,0.5941000000000001,-0.25205,0.34205,-0.1666583333333333,0.126575,-0.12655000000000002,-0.05305000000000004,-0.1666583333333333,0.126575,-0.12655000000000002,-0.05305000000000004,-2.083333333333333,1.0,-0.25,0.75,-0.41666666666666685,0.5,-0.25,-0.25,-0.41666666666666685,0.5,-0.25,-0.25,3,DD,1,-0.1924500897298753,1.0
llama31_instruct,h2_choice,79,main,HaHa,-1.0121999999999998,0.501675,-0.24352500000000002,0.25815,-0.033383333333333404,0.13232499999999997,-0.13232499999999997,-0.12414999999999998,-0.033383333333333404,0.13232499999999997,-0.13232499999999997,-0.12414999999999998,-1.6666666666666663,1.0,-0.5,0.5,-4.623039550284263e-17,0.5,-0.5,-0.5,-4.623039550284263e-17,0.5,-0.5,-0.5,5,DD,1,-0.6543303050815759,0.2
llama31_instruct,h2_choice,79,main,HaNc,-0.8841833333333332,0.43875,-0.211025,0.227725,-0.35053333333333336,0.21155000000000004,-0.17322500000000002,-0.015825000000000006,-0.35053333333333336,0.21155000000000004,-0.17322500000000002,-0.015825000000000006,-0.9999999999999999,0.5,-0.5,0.0,-0.9999999999999999,0.5,-0.5,0.0,-0.9999999999999999,0.5,-0.5,0.0,7,DD,1,-0.7698003589195012,0.0
llama31_instruct,h2_choice,79,main,HaPc,-0.9230166666666665,0.463025,-0.2302,0.232825,-0.19431666666666664,0.173325,-0.1656,-0.079325,-0.19431666666666664,0.173325,-0.1656,-0.079325,-0.8333333333333333,0.5,-0.5,0.0,-0.8333333333333333,0.5,-0.5,0.0,-0.8333333333333333,0.5,-0.5,0.0,9,DD,1,-0.4233901974057255,0.6000000000000001
llama31_instruct,h2_choice,79,main,HrAs,-1.1898166666666665,0.57465,-0.3047,0.26994999999999997,-0.14204999999999987,0.1416,0.07570000000000002,0.13069999999999998,0.14204999999999993,0.1416,-0.07570000000000002,-0.1307,-1.4999999999999998,0.75,-0.25,0.5,-0.6666666666666664,0.5,0.25,0.5,0.6666666666666664,0.5,-0.25,-0.5,8,MP,0,0.68329601758822,2.0
llama31_instruct,h2_choice,79,main,HrBa,-1.3723916666666665,0.6536,-0.325125,0.328475,0.006991666666666756,0.09822500000000003,0.09822500000000003,0.09707499999999998,-0.006991666666666821,0.09822500000000006,-0.09822500000000006,-0.097075,-2.1666666666666665,1.0,-0.5,0.5,0.1666666666666668,0.5,0.5,0.5,-0.1666666666666668,0.5,-0.5,-0.5,2,CO1,2,0.069651690163614,0.3999999999999999
llama31_instruct,h2_choice,79,main,HrCh,-1.2534166666666664,0.6084750000000001,-0.267675,0.34080000000000005,0.13120000000000012,0.13232500000000003,0.12572500000000003,0.07654999999999999,-0.13120000000000004,0.132325,-0.12572500000000003,-0.07655,-2.083333333333333,1.0,-0.5,0.5,0.41666666666666685,0.5,0.5,0.5,-0.41666666666666685,0.5,-0.5,-0.5,4,CO1,2,0.3294593112989456,1.0
llama31_instruct,h2_choice,79,main,HrHr,-1.235883333333333,0.5993999999999999,-0.293725,0.305675,-0.01478333333333319,0.11862499999999998,0.10612500000000001,0.11862499999999998,0.014783333333333308,0.11862499999999998,-0.10612500000000002,-0.11862499999999998,-1.833333333333333,1.0,-0.5,0.5,0.1666666666666668,0.5,0.5,0.5,-0.1666666666666668,0.5,-0.5,-0.5,2,CO2,2,-0.0169508502148298,0.2
llama31_instruct,h2_choice,79,main,ShAs,-1.1521833333333331,0.56455,-0.1653,0.39925,-0.1469333333333333,0.07214999999999999,-0.040249999999999994,0.022749999999999992,-0.1469333333333333,0.07214999999999999,-0.040249999999999994,0.022749999999999992,-1.8333333333333326,1.0,0.0,1.0,-0.16666666666666669,0.25,0.0,0.0,-0.16666666666666669,0.25,0.0,0.0,8,CO1,2,-0.3437457694579421,0.6000000000000001
llama31_instruct,h2_choice,79,main,ShCo,-1.113825,0.5450250000000001,-0.17885,0.36617500000000003,-0.2738416666666667,0.138975,-0.09490000000000001,0.023575000000000013,-0.2738416666666667,0.138975,-0.09490000000000001,0.023575000000000013,-1.1666666666666665,0.5,0.0,0.5,-1.1666666666666665,0.5,0.0,0.5,-1.1666666666666665,0.5,0.0,0.5,9,CO2,2,-0.5169508502148299,0.2
llama31_instruct,h2_choice,79,main,ShSh,-1.1634333333333333,0.568575,-0.191075,0.3775,-0.1763666666666667,0.09585,-0.058324999999999974,0.014650000000000038,-0.1763666666666667,0.09585,-0.058324999999999974,0.014650000000000038,-1.583333333333333,0.75,0.0,0.75,-0.75,0.5,0.0,0.25,-0.75,0.5,0.0,0.25,9,CO1,2,-0.2571432290794982,0.8
llama31_instruct,h2_choice,79,main_perp,AsAs,0.057475000000000026,0.052300000000000006,0.044750000000000005,0.01917499999999999,-0.02065833333333328,0.021199999999999955,-0.01384999999999996,-0.0037749999999999867,-0.02065833333333328,0.021199999999999955,-0.01384999999999996,-0.0037749999999999867,0.0,0.0,0.0,0.0,0.0,0.0,0.0,0.0,0.0,0.0,0.0,0.0,1,CO1,2,-0.5169508502148299,0.2
llama31_instruct,h2_choice,79,main_perp,AsBa,0.006091666666666659,0.034899999999999994,0.02762499999999999,0.027324999999999995,-0.0017083333333333093,0.012774999999999967,-0.012774999999999967,-0.011874999999999983,0.001708333333333281,0.012774999999999925,0.012774999999999925,0.011874999999999969,0.0,0.0,0.0,0.0,0.0,0.0,0.0,0.0,0.0,0.0,0.0,0.0,2,MP,0,0.5678259637502947,1.7999999999999998
llama31_instruct,h2_choice,79,main_perp,AsCh,0.015733333333333318,0.027149999999999994,0.018025,0.009825000000000007,0.011983333333333271,0.01242500000000002,-0.0023250000000000215,-0.010524999999999993,-0.011983333333333216,0.01242500000000002,0.0023249999999999937,0.010524999999999951,0.0,0.0,0.0,0.0,0.0,0.0,0.0,0.0,0.0,0.0,0.0,0.0,4,MP,0,0.3368858560744445,1.4
llama31_instruct,h2_choice,79,main_perp,AsCm,0.029933333333333288,0.02395000000000002,0.008850000000000018,-0.007024999999999976,-0.0066166666666666926,0.02882499999999999,-0.02439999999999995,-0.022774999999999962,0.0066166666666666926,0.02882499999999999,0.02439999999999995,0.022774999999999962,0.0,0.0,0.0,0.0,0.0,0.0,0.0,0.0,0.0,0.0,0.0,0.0,2,OD1,1,0.7408346464128569,1.7999999999999998
llama31_instruct,h2_choice,79,main_perp,AsCo,0.005075000000000007,0.028924999999999992,0.028924999999999992,0.023649999999999997,-0.014191666666666656,0.016024999999999998,-0.012524999999999967,-0.008199999999999971,-0.014191666666666656,0.016024999999999998,-0.012524999999999967,-0.008199999999999971,0.0,0.0,0.0,0.0,0.0,0.0,0.0,0.0,0.0,0.0,0.0,0.0,1,CO2,2,-0.6035533905932737,0.0
llama31_instruct,h2_choice,79,main_perp,AsDl,0.027066666666666652,0.026175000000000004,0.025350000000000004,0.012600000000000014,-0.0013333333333333346,0.01469999999999995,-0.01194999999999996,-0.01469999999999995,0.001333333333333319,0.014699999999999963,0.01194999999999996,0.014699999999999963,0.0,0.0,0.0,0.0,0.0,0.0,0.0,0.0,0.0,0.0,0.0,0.0,4,OD1,1,0.5098945387370066,1.4
llama31_instruct,h2_choice,79,main_perp,AsHa,0.02432499999999999,0.03487500000000002,0.03487500000000002,0.027600000000000027,0.011008333333333318,0.015149999999999983,0.008775000000000005,0.0008500000000000174,0.011008333333333318,0.015149999999999983,0.008775000000000005,0.0008500000000000174,0.0,0.0,0.0,0.0,0.0,0.0,0.0,0.0,0.0,0.0,0.0,0.0,1,OD2,1,0.048014323385306,0.6000000000000001
llama31_instruct,h2_choice,79,main_perp,AsHr,0.017566666666666612,0.019374999999999996,0.014225000000000015,0.0024250000000000313,-0.02865000000000007,0.035525,-0.029774999999999968,-0.017624999999999946,0.02865000000000007,0.035525,0.029774999999999968,0.017624999999999946,0.0,0.0,0.0,0.0,0.0,0.0,0.0,0.0,0.0,0.0,0.0,0.0,6,MP,0,0.68329601758822,2.0
llama31_instruct,h2_choice,79,main_perp,AsNc,0.019516666666666682,0.03437500000000002,0.03165000000000002,0.02145000000000001,-0.014516666666666634,0.01709999999999999,-0.01709999999999999,-0.006800000000000014,-0.014516666666666634,0.01709999999999999,-0.01709999999999999,-0.006800000000000014,0.0,0.0,0.0,0.0,0.0,0.0,0.0,0.0,0.0,0.0,0.0,0.0,3,OD2,1,0.1634843772232312,0.8
llama31_instruct,h2_choice,79,main_perp,AsPc,0.03652499999999999,0.033475000000000005,0.033475000000000005,0.012600000000000014,-0.007308333333333326,0.01915,-0.01797499999999999,-0.012049999999999991,-0.007308333333333326,0.01915,-0.01797499999999999,-0.012049999999999991,0.0,0.0,0.0,0.0,0.0,0.0,0.0,0.0,0.0,0.0,0.0,0.0,5,OD2,1,-0.1829257842905442,0.2
llama31_instruct,h2_choice,79,main_perp,AsPd,0.033499999999999995,0.028049999999999985,0.023224999999999996,0.007199999999999991,-0.0018999999999999428,0.02377499999999999,-0.02377499999999999,-0.023200000000000026,0.0018999999999999523,0.023774999999999963,0.023774999999999963,0.0232,0.0,0.0,0.0,0.0,0.0,0.0,0.0,0.0,0.0,0.0,0.0,0.0,6,OD1,1,0.3944244848990815,1.2
llama31_instruct,h2_choice,79,main_perp,AsSh,0.014508333333333335,0.03634999999999999,0.03634999999999999,0.031299999999999994,-0.014291666666666666,0.02062499999999999,-0.0016999999999999585,0.003850000000000041,-0.014291666666666666,0.02062499999999999,-0.0016999999999999585,0.003850000000000041,0.0,0.0,0.0,0.0,0.0,0.0,0.0,0.0,0.0,0.0,0.0,0.0,3,CO1,2,-0.3437457694579421,0.6000000000000001
llama31_instruct,h2_choice,79,main_perp,BaAs,-0.011983333333333332,0.01602499999999997,-0.008449999999999985,-0.00037500000000000033,0.019500000000000024,0.03369999999999998,0.03369999999999998,0.027974999999999986,0.019500000000000024,0.03369999999999998,0.03369999999999998,0.027974999999999986,0.0,0.0,0.0,0.0,0.0,0.0,0.0,0.0,0.0,0.0,0.0,0.0,1,MP,0,0.5678259637502947,1.7999999999999998
llama31_instruct,h2_choice,79,main_perp,BaBa,-0.012774999999999984,0.030075000000000005,0.014675000000000007,0.022650000000000003,-0.017174999999999958,0.016375,-0.016375,-0.00885000000000001,-0.017174999999999958,0.016375,-0.016375,-0.00885000000000001,0.0,0.0,0.0,0.0,0.0,0.0,0.0,0.0,0.0,0.0,0.0,0.0,3,CO2,2,-0.0169508502148298,0.2
llama31_instruct,h2_choice,79,main_perp,BaCh,0.019075000000000012,0.031999999999999994,0.025500000000000002,0.020274999999999994,0.031641666666666665,0.02674999999999999,0.01284999999999998,-0.00807500000000002,0.031641666666666665,0.02674999999999999,0.01284999999999998,-0.00807500000000002,0.0,0.0,0.0,0.0,0.0,0.0,0.0,0.0,0.0,0.0,0.0,0.0,4,CO2,2,0.1562542305420579,0.6000000000000001
llama31_instruct,h2_choice,79,main_perp,BaCm,0.026725000000000044,0.015525000000000011,0.014400000000000024,0.007500000000000007,0.01814166666666667,0.029825000000000018,0.014649999999999996,0.007099999999999995,0.01814166666666667,0.029825000000000018,0.014649999999999996,0.007099999999999995,0.0,0.0,0.0,0.0,0.0,0.0,0.0,0.0,0.0,0.0,0.0,0.0,1,OD1,1,0.2789544310611563,1.0
llama31_instruct,h2_choice,79,main_perp,BaCo,0.002716666666666659,0.026374999999999996,-0.026374999999999996,-0.026099999999999998,-0.0017500000000000584,0.018799999999999997,0.011024999999999993,0.010900000000000035,-0.0017500000000000584,0.018799999999999997,0.011024999999999993,0.010900000000000035,0.0,0.0,0.0,0.0,0.0,0.0,0.0,0.0,0.0,0.0,0.0,0.0,3,MP,0,0.4523559099123697,1.6
llama31_instruct,h2_choice,79,main_perp,BaDl,-0.000449999999999973,0.014800000000000008,-0.0001749999999999946,0.006074999999999997,0.010733333333333376,0.008074999999999999,-0.0001250000000000001,-0.007225000000000023,0.010733333333333376,0.008074999999999999,-0.0001250000000000001,-0.007225000000000023,0.16666666666666669,0.25,0.0,0.0,-0.16666666666666669,0.25,0.0,0.0,-0.16666666666666669,0.25,0.0,0.0,3,OD1,1,0.5098945387370066,1.4
llama31_instruct,h2_choice,79,main_perp,BaHa,0.010983333333333286,0.017225000000000018,0.009375000000000022,0.001725000000000032,0.0068833333333333975,0.02787500000000001,0.020025000000000015,0.013274999999999981,-0.006883333333333386,0.02787500000000001,-0.020025000000000015,-0.013274999999999981,0.0,0.0,0.0,0.0,0.0,0.0,0.0,0.0,0.0,0.0,0.0,0.0,2,OD2,1,0.048014323385306,0.6000000000000001
llama31_instruct,h2_choice,79,main_perp,BaHr,-0.012466666666666707,0.019000000000000003,-0.018775,-0.011924999999999991,-0.011299999999999932,0.027175000000000005,0.01892500000000001,0.026574999999999988,-0.011299999999999932,0.027175000000000005,0.01892500000000001,0.026574999999999988,0.0,0.0,0.0,0.0,0.0,0.0,0.0,0.0,0.0,0.0,0.0,0.0,5,CO1,2,0.069651690163614,0.3999999999999999
llama31_instruct,h2_choice,79,main_perp,BaNc,-0.009483333333333314,0.020599999999999986,0.012150000000000001,0.013374999999999991,0.031899999999999984,0.021599999999999953,0.012749999999999963,-0.001925000000000017,-0.03189999999999999,0.02159999999999998,-0.012749999999999984,0.00192500000000001,0.0,0.0,0.0,0.0,0.0,0.0,0.0,0.0,0.0,0.0,0.0,0.0,4,OD2,1,0.1634843772232312,0.8
llama31_instruct,h2_choice,79,main_perp,BaPc,-0.012308333333333353,0.013799999999999993,-0.01377500000000001,-0.006399999999999989,-0.010841666666666649,0.02149999999999999,0.015424999999999994,0.02149999999999999,0.010841666666666649,0.02149999999999999,-0.015424999999999994,-0.02149999999999999,0.0,0.0,0.0,0.0,0.0,0.0,0.0,0.0,0.0,0.0,0.0,0.0,6,OD2,1,0.2789544310611563,1.0
llama31_instruct,h2_choice,79,main_perp,BaPd,0.03164166666666671,0.03915000000000001,0.03275000000000001,0.01879999999999999,-0.008774999999999923,0.01380000000000002,0.007650000000000032,0.007550000000000001,-0.008774999999999923,0.01380000000000002,0.007650000000000032,0.007550000000000001,0.0,0.0,0.0,0.0,0.0,0.0,0.0,0.0,0.0,0.0,0.0,0.0,5,OD1,1,0.3944244848990815,1.2
llama31_instruct,h2_choice,79,main_perp,BaSh,0.014608333333333348,0.028074999999999996,0.02042500000000002,0.013175000000000013,-0.018641666666666626,0.027849999999999972,0.01947499999999997,0.026474999999999964,-0.018641666666666626,0.027849999999999972,0.01947499999999997,0.026474999999999964,0.0,0.0,0.0,0.0,0.0,0.0,0.0,0.0,0.0,0.0,0.0,0.0,5,MP,0,0.3368858560744445,1.4
llama31_instruct,h2_choice,79,main_perp,ChAs,0.002058333333333337,0.014350000000000016,-0.006775000000000003,-0.006500000000000006,0.017325000000000056,0.022824999999999998,0.021725000000000022,0.02174999999999999,0.017325000000000056,0.022824999999999998,0.021725000000000022,0.02174999999999999,0.0,0.0,0.0,0.0,0.0,0.0,0.0,0.0,0.0,0.0,0.0,0.0,7,MP,0,0.3368858560744445,1.4
llama31_instruct,h2_choice,79,main_perp,ChBa,0.007274999999999998,0.02222500000000001,-0.0010749999999999926,-0.0008749999999999869,0.023108333333333286,0.015499999999999986,0.01532500000000002,-0.00017499999999996685,0.023108333333333286,0.015499999999999986,0.01532500000000002,-0.00017499999999996685,-0.41666666666666663,0.25,-0.25,0.0,0.41666666666666663,0.25,0.25,0.0,0.41666666666666663,0.25,0.25,0.0,5,CO2,2,0.1562542305420579,0.6000000000000001
llama31_instruct,h2_choice,79,main_perp,ChCh,0.013083333333333298,0.01475,0.01475,0.0071500000000000175,-0.018166666666666664,0.01539999999999997,-0.00015000000000001124,0.007550000000000001,-0.018166666666666664,0.01539999999999997,-0.00015000000000001124,0.007550000000000001,0.08333333333333334,0.25,0.0,0.0,-0.08333333333333334,0.25,0.0,0.0,-0.08333333333333334,0.25,0.0,0.0,6,CO2,2,0.2428567709205017,0.8
llama31_instruct,h2_choice,79,main_perp,ChCm,0.005158333333333315,0.02952500000000001,-0.014925000000000008,-0.014875,0.0060249999999999505,0.015024999999999983,0.015024999999999983,0.014225000000000015,0.0060249999999999505,0.015024999999999983,0.015024999999999983,0.014225000000000015,0.0,0.0,0.0,0.0,0.0,0.0,0.0,0.0,0.0,0.0,0.0,0.0,7,OD1,1,0.6253645925749319,1.6
llama31_instruct,h2_choice,79,main_perp,ChCo,-0.015933333333333338,0.022124999999999978,0.007324999999999998,0.015200000000000005,0.011333333333333351,0.022324999999999998,0.007624999999999979,-0.00040000000000002534,0.011333333333333351,0.022324999999999998,0.007624999999999979,-0.00040000000000002534,0.0,0.0,0.0,0.0,0.0,0.0,0.0,0.0,0.0,0.0,0.0,0.0,9,MP,0,0.1059457483985941,1.0
llama31_instruct,h2_choice,79,main_perp,ChDl,0.006833333333333314,0.014924999999999966,-0.014924999999999966,-0.014799999999999966,0.0032333333333333055,0.007525000000000004,0.0006249999999999867,0.00010000000000000286,0.0032333333333333055,0.007525000000000004,0.0006249999999999867,0.00010000000000000286,0.0,0.0,0.0,0.0,0.0,0.0,0.0,0.0,0.0,0.0,0.0,0.0,9,OD1,1,0.7408346464128569,1.7999999999999998
llama31_instruct,h2_choice,79,main_perp,ChHa,-0.028150000000000005,0.03544999999999998,-0.013600000000000001,-0.008649999999999991,0.027216666666666677,0.028200000000000003,0.028200000000000003,0.008599999999999997,-0.027216666666666722,0.02820000000000003,-0.02820000000000003,-0.008599999999999997,-0.16666666666666669,0.25,0.0,0.0,-0.16666666666666669,0.25,0.0,0.0,0.16666666666666669,0.25,0.0,0.0,8,OD2,1,-0.1829257842905442,0.2
llama31_instruct,h2_choice,79,main_perp,ChHr,-0.0016833333333333424,0.014800000000000008,-0.014800000000000008,-0.014575000000000005,0.002066666666666689,0.01504999999999998,0.01504999999999998,0.014774999999999983,0.002066666666666689,0.01504999999999998,0.01504999999999998,0.014774999999999983,0.08333333333333334,0.25,-0.25,-0.25,-0.08333333333333334,0.25,0.25,0.25,-0.08333333333333334,0.25,0.25,0.25,6,CO1,2,0.3294593112989456,1.0
llama31_instruct,h2_choice,79,main_perp,CmAs,0.013241666666666669,0.0116,0.006474999999999981,-0.000475000000000024,0.032874999999999974,0.040449999999999986,0.034975000000000006,0.020225000000000028,-0.032874999999999925,0.04044999999999996,-0.03497499999999998,-0.02022500000000002,0.0,0.0,0.0,0.0,0.0,0.0,0.0,0.0,0.0,0.0,0.0,0.0,8,OD1,1,0.2694301256218253,1.7999999999999998
llama31_instruct,h2_choice,79,main_perp,CmCm,0.004983333333333333,0.0069250000000000075,7.49999999999848e-05,-0.0010500000000000093,0.021916666666666654,0.036950000000000004,0.035225,0.024550000000000002,-0.02191666666666663,0.03695000000000001,-0.035225000000000006,-0.024550000000000016,0.0,0.0,0.0,0.0,0.0,0.0,0.0,0.0,0.0,0.0,0.0,0.0,2,DD,1,-0.3079201435678004,0.8
llama31_instruct,h2_choice,79,main_perp,CmDl,0.023483333333333363,0.011349999999999999,0.003499999999999996,-0.005325000000000017,0.03683333333333334,0.03727500000000001,0.037100000000000015,0.02012500000000001,-0.036833333333333315,0.037275,-0.03710000000000002,-0.020125000000000032,0.0,0.0,0.0,0.0,0.0,0.0,0.0,0.0,0.0,0.0,0.0,0.0,4,DD,1,0.0384900179459749,1.4
llama31_instruct,h2_choice,79,main_perp,CmHa,0.022724999999999967,0.012549999999999978,0.006400000000000003,-0.003124999999999982,0.03325833333333335,0.040349999999999976,0.029749999999999985,0.014824999999999984,-0.03325833333333339,0.04034999999999997,-0.02974999999999997,-0.01482499999999995,0.0,0.0,0.0,0.0,0.0,0.0,0.0,0.0,0.0,0.0,0.0,0.0,6,DD,1,0.0384900179459749,1.4
llama31_instruct,h2_choice,79,main_perp,CmNc,0.0010750000000000397,0.013574999999999955,0.01034999999999997,0.010549999999999948,0.005674999999999967,0.04175000000000001,0.04175000000000001,0.041600000000000026,-0.005674999999999985,0.04174999999999998,-0.04174999999999998,-0.0416,0.0,0.0,0.0,0.0,0.0,0.0,0.0,0.0,0.0,0.0,0.0,0.0,8,DD,1,0.2694301256218253,1.7999999999999998
llama31_instruct,h2_choice,79,main_perp,CoAs,0.024883333333333316,0.017174999999999982,0.01335,0.003500000000000003,-0.023183333333333382,0.03494999999999995,-0.02809999999999996,-0.01674999999999996,-0.023183333333333382,0.03494999999999995,-0.02809999999999996,-0.01674999999999996,0.0,0.0,0.0,0.0,0.0,0.0,0.0,0.0,0.0,0.0,0.0,0.0,7,CO2,2,-0.6035533905932737,0.0
llama31_instruct,h2_choice,79,main_perp,CoCo,-0.01004166666666659,0.023599999999999968,0.0025250000000000064,0.009349999999999976,-0.014691666666666542,0.03002499999999997,-0.03002499999999997,-0.022550000000000042,-0.014691666666666542,0.03002499999999997,-0.03002499999999997,-0.022550000000000042,0.0,0.0,0.0,0.0,0.0,0.0,0.0,0.0,0.0,0.0,0.0,0.0,7,CO1,2,-0.5169508502148299,0.2
llama31_instruct,h2_choice,79,main_perp,CoSh,0.03153333333333332,0.022824999999999998,0.022674999999999987,0.006675,-0.0055666666666667015,0.022975000000000023,-0.022975000000000023,-0.022375000000000006,-0.0055666666666667015,0.022975000000000023,-0.022975000000000023,-0.022375000000000006,0.0,0.0,0.0,0.0,0.0,0.0,0.0,0.0,0.0,0.0,0.0,0.0,8,CO2,2,-0.5169508502148299,0.2
llama31_instruct,h2_choice,79,main_perp,HaAs,0.012766666666666657,0.013024999999999988,0.008524999999999984,0.003149999999999993,-0.012416666666666642,0.04144999999999996,-0.03712499999999999,-0.03175,-0.012416666666666642,0.04144999999999996,-0.03712499999999999,-0.03175,0.0,0.0,0.0,0.0,0.0,0.0,0.0,0.0,0.0,0.0,0.0,0.0,7,OD2,1,-0.4233901974057255,0.6000000000000001
llama31_instruct,h2_choice,79,main_perp,HaBa,0.021758333333333327,0.023075000000000002,0.023075000000000002,0.010625000000000013,-0.027925000000000033,0.03399999999999999,-0.02257500000000001,-0.010124999999999981,-0.027925000000000033,0.03399999999999999,-0.02257500000000001,-0.010124999999999981,0.0,0.0,0.0,0.0,0.0,0.0,0.0,0.0,0.0,0.0,0.0,0.0,9,OD2,1,-0.4233901974057255,0.6000000000000001
llama31_instruct,h2_choice,79,main_perp,HaCm,0.03122499999999997,0.01835000000000001,0.007800000000000008,-0.0037249999999999714,0.010524999999999975,0.02657499999999996,-0.022149999999999975,-0.02657499999999996,0.010524999999999975,0.02657499999999996,-0.022149999999999975,-0.02657499999999996,0.0,0.0,0.0,0.0,0.0,0.0,0.0,0.0,0.0,0.0,0.0,0.0,1,DD,1,0.0384900179459749,1.4
llama31_instruct,h2_choice,79,main_perp,HaDl,0.030025000000000007,0.024625000000000022,0.004975,-0.005175000000000006,-0.020824999999999996,0.035225000000000006,-0.035225000000000006,-0.024475000000000025,-0.020824999999999996,0.035225000000000006,-0.035225000000000006,-0.024475000000000025,0.0,0.0,0.0,0.0,0.0,0.0,0.0,0.0,0.0,0.0,0.0,0.0,3,DD,1,-0.1924500897298753,1.0
llama31_instruct,h2_choice,79,main_perp,HaHa,-0.005616666666666666,0.010800000000000011,-0.0064750000000000155,-0.0004750000000000171,-0.027466666666666667,0.04377499999999998,-0.04377499999999998,-0.028124999999999983,-0.027466666666666667,0.04377499999999998,-0.04377499999999998,-0.028124999999999983,0.0,0.0,0.0,0.0,0.0,0.0,0.0,0.0,0.0,0.0,0.0,0.0,5,DD,1,-0.6543303050815759,0.2
llama31_instruct,h2_choice,79,main_perp,HaNc,0.02609166666666667,0.013650000000000006,0.012050000000000007,0.0014750000000000058,-0.032058333333333335,0.032200000000000006,-0.03075,-0.010575000000000001,-0.032058333333333335,0.032200000000000006,-0.03075,-0.010575000000000001,0.0,0.0,0.0,0.0,0.0,0.0,0.0,0.0,0.0,0.0,0.0,0.0,7,DD,1,-0.7698003589195012,0.0
llama31_instruct,h2_choice,79,main_perp,HaPc,-0.005483333333333355,0.008150000000000004,-0.000999999999999994,0.0014500000000000207,-0.018200000000000036,0.03240000000000001,-0.03240000000000001,-0.024499999999999994,-0.018200000000000036,0.03240000000000001,-0.03240000000000001,-0.024499999999999994,0.0,0.0,0.0,0.0,0.0,0.0,0.0,0.0,0.0,0.0,0.0,0.0,9,DD,1,-0.4233901974057255,0.6000000000000001
llama31_instruct,h2_choice,79,main_perp,HrAs,0.00011666666666666737,0.014175000000000007,-0.00010000000000001674,2.499999999998337e-05,8.333333333331873e-05,0.027900000000000008,0.027900000000000008,0.027875000000000025,-8.333333333332508e-05,0.027900000000000036,-0.027900000000000036,-0.02787500000000004,0.0,0.0,0.0,0.0,0.0,0.0,0.0,0.0,0.0,0.0,0.0,0.0,8,MP,0,0.68329601758822,2.0
llama31_instruct,h2_choice,79,main_perp,HrBa,0.011983333333333323,0.007324999999999998,0.007300000000000001,5.000000000000837e-05,0.010000000000000021,0.03345000000000001,0.03345000000000001,0.027300000000000005,-0.009999999999999981,0.033450000000000035,-0.033450000000000035,-0.027300000000000046,0.0,0.0,0.0,0.0,0.0,0.0,0.0,0.0,0.0,0.0,0.0,0.0,2,CO1,2,0.069651690163614,0.3999999999999999
llama31_instruct,h2_choice,79,main_perp,HrCh,0.020174999999999974,0.015249999999999986,0.009374999999999988,-0.0030999999999999917,-0.0006083333333333152,0.026249999999999996,0.023825000000000006,0.026249999999999996,0.0006083333333333615,0.026250000000000023,-0.023825000000000013,-0.026250000000000023,0.4166666666666666,0.25,0.0,-0.25,-0.4166666666666666,0.25,0.0,0.25,0.4166666666666666,0.25,0.0,-0.25,4,CO1,2,0.3294593112989456,1.0
llama31_instruct,h2_choice,79,main_perp,HrHr,0.009491666666666699,0.007574999999999998,0.0010000000000000009,-0.005300000000000013,0.019408333333333284,0.031274999999999976,0.025399999999999978,0.018750000000000003,-0.01940833333333331,0.03127499999999997,-0.025399999999999978,-0.01874999999999999,0.0,0.0,0.0,0.0,0.0,0.0,0.0,0.0,0.0,0.0,0.0,0.0,2,CO2,2,-0.0169508502148298,0.2
llama31_instruct,h2_choice,79,main_perp,ShAs,0.015075000000000007,0.03875,0.03875,0.029275000000000002,-0.015891666666666675,0.009975000000000005,0.0004000000000000045,0.009975000000000005,-0.015891666666666675,0.009975000000000005,0.0004000000000000045,0.009975000000000005,0.0,0.0,0.0,0.0,0.0,0.0,0.0,0.0,0.0,0.0,0.0,0.0,8,CO1,2,-0.3437457694579421,0.6000000000000001
llama31_instruct,h2_choice,79,main_perp,ShCo,0.04119166666666668,0.03415000000000001,0.03402500000000001,0.014349999999999995,-0.01194166666666664,0.015100000000000002,-0.004425000000000012,0.0005499999999999811,-0.01194166666666664,0.015100000000000002,-0.004425000000000012,0.0005499999999999811,0.0,0.0,0.0,0.0,0.0,0.0,0.0,0.0,0.0,0.0,0.0,0.0,9,CO2,2,-0.5169508502148299,0.2
llama31_instruct,h2_choice,79,main_perp,ShSh,0.02505833333333334,0.03640000000000002,0.027375000000000017,0.01232500000000001,-0.027791666666666614,0.024474999999999983,-0.012824999999999961,0.0018750000000000017,-0.027791666666666614,0.024474999999999983,-0.012824999999999961,0.0018750000000000017,0.0,0.0,0.0,0.0,0.0,0.0,0.0,0.0,0.0,0.0,0.0,0.0,9,CO1,2,-0.2571432290794982,0.8
llama31_instruct,h2_choice,79,random,AsAs,-0.8479499999999995,0.40802499999999997,-0.1488,0.259225,-0.08386666666666659,0.05524999999999998,-0.04579999999999998,-0.0019750000000000045,-0.08386666666666659,0.05524999999999998,-0.04579999999999998,-0.0019750000000000045,-0.9999999999999999,0.5,0.0,0.5,-0.9999999999999999,0.5,0.0,0.5,-0.9999999999999999,0.5,0.0,0.5,1,CO1,2,-0.5169508502148299,0.2
llama31_instruct,h2_choice,79,random,AsBa,-0.8799749999999997,0.425225,-0.1638,0.261425,-0.02592500000000005,0.03174999999999997,-0.03174999999999997,-0.017174999999999968,0.02592500000000003,0.031749999999999945,0.031749999999999945,0.01717499999999994,-1.8333333333333326,1.0,0.0,1.0,-0.16666666666666669,0.25,0.0,0.0,0.16666666666666669,0.25,0.0,0.0,2,MP,0,0.5678259637502947,1.7999999999999998
llama31_instruct,h2_choice,79,random,AsCh,-0.8232416666666665,0.40042500000000003,-0.155825,0.2446,-0.08987499999999994,0.05062499999999997,-0.03967499999999998,-0.0016500000000000126,0.08987499999999994,0.050624999999999976,0.03967499999999996,0.0016499999999999848,-1.4166666666666665,0.75,0.0,0.75,-0.5833333333333333,0.25,0.0,0.25,0.5833333333333333,0.25,0.0,-0.25,4,MP,0,0.3368858560744445,1.4
llama31_instruct,h2_choice,79,random,AsCm,-0.7254666666666668,0.35547500000000004,-0.15475,0.20072500000000004,-0.15863333333333338,0.10215000000000002,-0.08944999999999997,-0.02027499999999996,0.15863333333333338,0.10215000000000002,0.08944999999999997,0.02027499999999996,-1.1666666666666667,0.5,-0.5,0.0,-1.1666666666666667,0.5,-0.5,0.0,1.1666666666666667,0.5,0.5,0.0,2,OD1,1,0.7408346464128569,1.7999999999999998
llama31_instruct,h2_choice,79,random,AsCo,-0.8365666666666666,0.40425,-0.15575,0.2485,-0.15095,0.08094999999999998,-0.06294999999999998,0.004000000000000017,-0.15095,0.08094999999999998,-0.06294999999999998,0.004000000000000017,-1.2499999999999998,0.5,0.0,0.5,-1.2499999999999998,0.5,0.0,0.5,-1.2499999999999998,0.5,0.0,0.5,1,CO2,2,-0.6035533905932737,0.0
llama31_instruct,h2_choice,79,random,AsDl,-0.7773833333333331,0.38487499999999997,-0.14295,0.241925,-0.15673333333333328,0.07352500000000001,-0.05864999999999994,0.014875000000000069,0.1567333333333333,0.07352500000000001,0.05864999999999995,-0.014875000000000055,-0.9999999999999999,0.5,0.0,0.5,-0.9999999999999999,0.5,0.0,0.5,0.9999999999999999,0.5,0.0,-0.5,4,OD1,1,0.5098945387370066,1.4
llama31_instruct,h2_choice,79,random,AsHa,-0.8715583333333329,0.42279999999999995,-0.15967499999999998,0.263125,-0.045674999999999986,0.027424999999999984,-0.015974999999999996,0.009074999999999986,-0.045674999999999986,0.027424999999999984,-0.015974999999999996,0.009074999999999986,-1.8333333333333326,1.0,0.0,1.0,-0.16666666666666669,0.25,0.0,0.0,-0.16666666666666669,0.25,0.0,0.0,1,OD2,1,0.048014323385306,0.6000000000000001
llama31_instruct,h2_choice,79,random,AsHr,-0.8389583333333334,0.4052,-0.18199999999999997,0.22320000000000004,-0.10524166666666657,0.08432499999999996,-0.07604999999999995,-0.032049999999999995,0.10524166666666662,0.08432499999999998,0.07604999999999998,0.032049999999999995,-1.1666666666666667,0.5,-0.5,0.0,-1.1666666666666667,0.5,-0.5,0.0,1.1666666666666667,0.5,0.5,0.0,6,MP,0,0.68329601758822,2.0
llama31_instruct,h2_choice,79,random,AsNc,-0.7491666666666665,0.365625,-0.1276,0.23802500000000001,-0.1374166666666667,0.06367500000000001,-0.0433,0.020375000000000018,-0.1374166666666667,0.06367500000000001,-0.0433,0.020375000000000018,-0.8333333333333331,0.5,0.0,0.5,-0.8333333333333331,0.5,0.0,0.5,-0.8333333333333331,0.5,0.0,0.5,3,OD2,1,0.1634843772232312,0.8
llama31_instruct,h2_choice,79,random,AsPc,-0.9015666666666667,0.429925,-0.1746,0.255325,-0.09151666666666672,0.050499999999999996,-0.04414999999999999,-0.0032749999999999585,-0.09151666666666672,0.050499999999999996,-0.04414999999999999,-0.0032749999999999585,-1.75,0.75,0.0,0.75,-0.9166666666666667,0.5,0.0,0.25,-0.9166666666666667,0.5,0.0,0.25,5,OD2,1,-0.1829257842905442,0.2
llama31_instruct,h2_choice,79,random,AsPd,-0.7151583333333333,0.349825,-0.1331,0.216725,-0.18204166666666668,0.09022499999999999,-0.07445000000000002,0.008075000000000013,0.18204166666666666,0.09022499999999997,0.07444999999999999,-0.008075000000000027,-1.2499999999999998,0.5,0.0,0.5,-1.2499999999999998,0.5,0.0,0.5,1.2499999999999998,0.5,0.0,-0.5,6,OD1,1,0.3944244848990815,1.2
llama31_instruct,h2_choice,79,random,AsSh,-0.6856666666666664,0.340125,-0.09245,0.24767500000000003,-0.07048333333333331,0.03702499999999998,-0.013449999999999955,0.019675000000000054,-0.07048333333333331,0.03702499999999998,-0.013449999999999955,0.019675000000000054,-0.4166666666666666,0.25,0.0,0.25,-0.4166666666666666,0.25,0.0,0.25,-0.4166666666666666,0.25,0.0,0.25,3,CO1,2,-0.3437457694579421,0.6000000000000001
llama31_instruct,h2_choice,79,random,BaAs,-0.8859916666666667,0.430075,-0.217325,0.21275,-0.01287500000000006,0.052400000000000016,0.04947499999999996,0.052400000000000016,-0.01287500000000006,0.052400000000000016,0.04947499999999996,0.052400000000000016,-2.083333333333333,1.0,-0.5,0.5,-0.08333333333333309,0.5,0.5,0.5,-0.08333333333333309,0.5,0.5,0.5,1,MP,0,0.5678259637502947,1.7999999999999998
llama31_instruct,h2_choice,79,random,BaBa,-0.9299166666666665,0.447975,-0.1936,0.254375,0.03791666666666676,0.031200000000000033,0.021100000000000008,0.0006749999999999673,0.03791666666666676,0.031200000000000033,0.021100000000000008,0.0006749999999999673,-2.2499999999999996,1.0,0.0,1.0,0.25,0.25,0.0,0.0,0.25,0.25,0.0,0.0,3,CO2,2,-0.0169508502148298,0.2
llama31_instruct,h2_choice,79,random,BaCh,-0.8708249999999997,0.423925,-0.15917499999999998,0.26475,0.04765833333333334,0.026250000000000016,0.015875,-0.002999999999999989,0.04765833333333334,0.026250000000000016,0.015875,-0.002999999999999989,-1.4999999999999998,0.75,0.0,0.75,0.6666666666666667,0.25,0.0,-0.25,0.6666666666666667,0.25,0.0,-0.25,4,CO2,2,0.1562542305420579,0.6000000000000001
llama31_instruct,h2_choice,79,random,BaCm,-0.9896749999999997,0.478,-0.243475,0.23452499999999998,0.0183583333333334,0.021025000000000016,0.021025000000000016,0.012474999999999972,0.0183583333333334,0.021025000000000016,0.021025000000000016,0.012474999999999972,-2.333333333333333,1.0,-0.5,0.5,0.16666666666666669,0.25,0.0,0.0,0.16666666666666669,0.25,0.0,0.0,1,OD1,1,0.2789544310611563,1.0
llama31_instruct,h2_choice,79,random,BaCo,-0.8980833333333335,0.4404,-0.255975,0.184425,-0.0371333333333333,0.0533,0.03392500000000001,0.048125000000000015,-0.0371333333333333,0.0533,0.03392500000000001,0.048125000000000015,-1.9166666666666665,1.0,-0.75,0.25,-0.24999999999999997,0.5,0.25,0.25,-0.24999999999999997,0.5,0.25,0.25,3,MP,0,0.4523559099123697,1.6
llama31_instruct,h2_choice,79,random,BaDl,-0.9136,0.444875,-0.184475,0.2604,-0.004833333333333337,0.009550000000000003,0.009324999999999986,0.009550000000000003,-0.004833333333333337,0.009550000000000003,0.009324999999999986,0.009550000000000003,-2.0833333333333335,1.0,0.0,1.0,0.08333333333333334,0.25,0.0,0.0,0.08333333333333334,0.25,0.0,0.0,3,OD1,1,0.5098945387370066,1.4
llama31_instruct,h2_choice,79,random,BaHa,-0.8840083333333332,0.432525,-0.23947499999999997,0.19305000000000003,-0.05670833333333332,0.04895000000000001,0.020225000000000014,0.04695000000000002,0.056708333333333284,0.04895000000000002,-0.02022500000000002,-0.04695000000000002,-1.583333333333333,0.75,-0.5,0.25,-0.4166666666666666,0.25,0.0,0.25,0.4166666666666666,0.25,0.0,-0.25,2,OD2,1,0.048014323385306,0.6000000000000001
llama31_instruct,h2_choice,79,random,BaHr,-0.90835,0.441075,-0.24424999999999997,0.19682500000000003,-0.03025000000000001,0.041175,0.03090000000000001,0.041175,-0.03025000000000001,0.041175,0.03090000000000001,0.041175,-2.083333333333333,1.0,-0.5,0.5,-0.08333333333333309,0.5,0.5,0.5,-0.08333333333333309,0.5,0.5,0.5,5,CO1,2,0.069651690163614,0.3999999999999999
llama31_instruct,h2_choice,79,random,BaNc,-0.9001666666666664,0.43337499999999995,-0.1865,0.24687499999999996,0.05095000000000007,0.05340000000000001,0.0383,0.01812499999999996,-0.05095000000000006,0.0534,-0.0383,-0.018124999999999974,-1.833333333333333,1.0,-0.25,0.75,0.16666666666666674,0.5,0.25,0.25,-0.16666666666666674,0.5,-0.25,-0.25,4,OD2,1,0.1634843772232312,0.8
llama31_instruct,h2_choice,79,random,BaPc,-0.9146666666666664,0.44227500000000003,-0.251375,0.19090000000000001,-0.011833333333333296,0.022050000000000028,0.018924999999999997,0.02174999999999999,0.011833333333333296,0.022050000000000042,-0.018924999999999997,-0.02174999999999999,-2.083333333333333,1.0,-0.75,0.25,0.0833333333333334,0.25,0.25,0.25,-0.0833333333333334,0.25,-0.25,-0.25,6,OD2,1,0.2789544310611563,1.0
llama31_instruct,h2_choice,79,random,BaPd,-0.8141499999999998,0.39842500000000003,-0.1416,0.256825,0.01871666666666668,0.018300000000000004,0.0008500000000000174,-0.006824999999999984,0.01871666666666668,0.018300000000000004,0.0008500000000000174,-0.006824999999999984,-0.8333333333333331,0.5,0.0,0.5,0.0,0.0,0.0,0.0,0.0,0.0,0.0,0.0,5,OD1,1,0.3944244848990815,1.2
llama31_instruct,h2_choice,79,random,BaSh,-0.888375,0.43132499999999996,-0.183325,0.248,0.011775000000000044,0.040124999999999994,0.040124999999999994,0.03214999999999997,0.011775000000000044,0.040124999999999994,0.040124999999999994,0.03214999999999997,-1.833333333333333,1.0,-0.25,0.75,-0.1666666666666666,0.25,0.25,0.25,-0.1666666666666666,0.25,0.25,0.25,5,MP,0,0.3368858560744445,1.4
llama31_instruct,h2_choice,79,random,ChAs,-0.9221,0.443025,-0.2328,0.210225,-0.034449999999999995,0.046475,0.03309999999999999,0.046475,-0.034449999999999995,0.046475,0.03309999999999999,0.046475,-2.333333333333333,1.0,-0.5,0.5,-0.1666666666666662,0.5,0.5,0.5,-0.1666666666666662,0.5,0.5,0.5,7,MP,0,0.3368858560744445,1.4
llama31_instruct,h2_choice,79,random,ChBa,-0.9441416666666668,0.459625,-0.22057499999999997,0.23905000000000004,0.04702500000000002,0.030200000000000005,0.01947500000000002,-0.005999999999999978,0.04702500000000002,0.030200000000000005,0.01947500000000002,-0.005999999999999978,-2.083333333333333,1.0,-0.5,0.5,0.41666666666666674,0.5,0.0,0.0,0.41666666666666674,0.5,0.0,0.0,5,CO2,2,0.1562542305420579,0.6000000000000001
llama31_instruct,h2_choice,79,random,ChCh,-0.9115499999999999,0.435425,-0.199675,0.23575000000000002,0.028700000000000038,0.016875000000000022,0.008525000000000012,-0.001799999999999996,0.028700000000000038,0.016875000000000022,0.008525000000000012,-0.001799999999999996,-2.333333333333333,1.0,-0.25,0.75,0.1666666666666666,0.5,-0.25,-0.25,0.1666666666666666,0.5,-0.25,-0.25,6,CO2,2,0.2428567709205017,0.8
llama31_instruct,h2_choice,79,random,ChCm,-0.9519249999999998,0.4655,-0.25487499999999996,0.21062500000000003,-0.010108333333333323,0.005199999999999996,-0.0021749999999999686,0.0030250000000000277,-0.010108333333333323,0.005199999999999996,-0.0021749999999999686,0.0030250000000000277,-2.1666666666666665,1.0,-0.75,0.25,-2.3115197751421316e-17,0.25,-0.25,-0.25,-2.3115197751421316e-17,0.25,-0.25,-0.25,7,OD1,1,0.6253645925749319,1.6
llama31_instruct,h2_choice,79,random,ChCo,-0.9524166666666665,0.456275,-0.22105,0.235225,0.004233333333333434,0.019224999999999992,0.012450000000000003,0.008874999999999952,0.004233333333333434,0.019224999999999992,0.012450000000000003,0.008874999999999952,-2.166666666666666,1.0,-0.5,0.5,0.0,0.25,0.0,0.0,0.0,0.25,0.0,0.0,9,MP,0,0.1059457483985941,1.0
llama31_instruct,h2_choice,79,random,ChDl,-0.9211750000000001,0.449275,-0.246825,0.20245000000000002,-0.009774999999999987,0.023875000000000007,0.012974999999999993,0.01715,-0.009774999999999987,0.023875000000000007,0.012974999999999993,0.01715,-2.2500000000000004,1.0,-0.75,0.25,-0.24999999999999997,0.25,0.25,0.25,-0.24999999999999997,0.25,0.25,0.25,9,OD1,1,0.7408346464128569,1.7999999999999998
llama31_instruct,h2_choice,79,random,ChHa,-0.8817583333333332,0.42965,-0.236925,0.19272499999999998,-0.10035833333333333,0.07779999999999997,0.029374999999999984,0.07057499999999998,0.1003583333333333,0.07779999999999998,-0.029375000000000012,-0.070575,-1.6666666666666663,0.75,-0.25,0.5,-0.8333333333333328,0.5,0.25,0.5,0.8333333333333328,0.5,-0.25,-0.5,8,OD2,1,-0.1829257842905442,0.2
llama31_instruct,h2_choice,79,random,ChHr,-0.9611583333333333,0.4648,-0.25755,0.20725000000000002,-0.018975000000000006,0.017325000000000007,0.007550000000000001,0.015200000000000019,-0.018975000000000006,0.017325000000000007,0.007550000000000001,0.015200000000000019,-2.416666666666666,1.0,-0.75,0.25,-0.24999999999999997,0.25,0.25,0.25,-0.24999999999999997,0.25,0.25,0.25,6,CO1,2,0.3294593112989456,1.0
llama31_instruct,h2_choice,79,random,CmAs,-0.53285,0.272175,-0.12845000000000004,0.14372499999999996,-0.14431666666666662,0.11345000000000004,0.030700000000000033,0.10177500000000003,0.14431666666666662,0.11345000000000005,-0.030700000000000033,-0.10177500000000003,0.0,0.0,0.0,0.0,0.0,0.0,0.0,0.0,0.0,0.0,0.0,0.0,8,OD1,1,0.2694301256218253,1.7999999999999998
llama31_instruct,h2_choice,79,random,CmCm,-0.6131083333333333,0.306825,-0.15095,0.15587499999999999,-0.1460583333333332,0.11407499999999997,0.03505,0.10462499999999998,0.14605833333333323,0.11407499999999998,-0.03505,-0.104625,-0.4166666666666666,0.25,0.0,0.25,-0.4166666666666666,0.25,0.0,0.25,0.4166666666666666,0.25,0.0,-0.25,2,DD,1,-0.3079201435678004,0.8
llama31_instruct,h2_choice,79,random,CmDl,-0.5916999999999999,0.29345,-0.14495000000000002,0.14849999999999997,0.031200000000000054,0.07935000000000003,0.07935000000000003,0.06695000000000001,-0.031200000000000054,0.07935000000000003,-0.07935000000000003,-0.06695000000000001,0.0,0.0,0.0,0.0,0.0,0.0,0.0,0.0,0.0,0.0,0.0,0.0,4,DD,1,0.0384900179459749,1.4
llama31_instruct,h2_choice,79,random,CmHa,-0.6189666666666666,0.307675,-0.14075000000000001,0.16692499999999996,-0.1822999999999999,0.1214,0.014850000000000002,0.10422499999999998,0.18229999999999993,0.12139999999999998,-0.014849999999999974,-0.10422499999999998,-0.4166666666666666,0.25,0.0,0.25,-0.4166666666666666,0.25,0.0,0.25,0.4166666666666666,0.25,0.0,-0.25,6,DD,1,0.0384900179459749,1.4
llama31_instruct,h2_choice,79,random,CmNc,-0.6223416666666667,0.311525,-0.14815,0.163375,-0.11594166666666657,0.11384999999999999,0.055400000000000005,0.11232500000000001,0.11594166666666668,0.11385000000000003,-0.05539999999999998,-0.11232500000000001,0.0,0.0,0.0,0.0,0.0,0.0,0.0,0.0,0.0,0.0,0.0,0.0,8,DD,1,0.2694301256218253,1.7999999999999998
llama31_instruct,h2_choice,79,random,CoAs,-0.8158333333333334,0.3978,-0.17759999999999998,0.2202,-0.11576666666666666,0.09225,-0.07974999999999996,-0.02479999999999996,-0.11576666666666666,0.09225,-0.07974999999999996,-0.02479999999999996,-0.9999999999999999,0.5,-0.5,0.0,-0.9999999999999999,0.5,-0.5,0.0,-0.9999999999999999,0.5,-0.5,0.0,7,CO2,2,-0.6035533905932737,0.0
llama31_instruct,h2_choice,79,random,CoCo,-0.8062916666666665,0.3948,-0.1886,0.2062,-0.07575833333333334,0.08244999999999998,-0.08244999999999998,-0.0489,-0.07575833333333334,0.08244999999999998,-0.08244999999999998,-0.0489,-0.8333333333333333,0.5,-0.5,0.0,-0.8333333333333333,0.5,-0.5,0.0,-0.8333333333333333,0.5,-0.5,0.0,7,CO1,2,-0.5169508502148299,0.2
llama31_instruct,h2_choice,79,random,CoSh,-0.7227083333333333,0.35285,-0.1461,0.20675000000000002,-0.20760833333333345,0.10655,-0.09065000000000004,0.004600000000000021,-0.20760833333333345,0.10655,-0.09065000000000004,0.004600000000000021,-1.3333333333333335,0.5,-0.25,0.25,-1.3333333333333335,0.5,-0.25,0.25,-1.3333333333333335,0.5,-0.25,0.25,8,CO2,2,-0.5169508502148299,0.2
llama31_instruct,h2_choice,79,random,HaAs,-0.6943916666666666,0.3408,-0.16892500000000002,0.171875,0.03489166666666653,0.084225,-0.06967500000000004,-0.084225,0.03489166666666653,0.084225,-0.06967500000000004,-0.084225,-0.4166666666666666,0.25,0.0,0.25,0.4166666666666666,0.25,0.0,-0.25,0.4166666666666666,0.25,0.0,-0.25,7,OD2,1,-0.4233901974057255,0.6000000000000001
llama31_instruct,h2_choice,79,random,HaBa,-0.7559499999999999,0.372175,-0.143725,0.22845,-0.19486666666666666,0.10424999999999995,-0.08687499999999998,0.0013000000000000234,-0.19486666666666666,0.10424999999999995,-0.08687499999999998,0.0013000000000000234,-1.3333333333333335,0.5,-0.25,0.25,-1.3333333333333335,0.5,-0.25,0.25,-1.3333333333333335,0.5,-0.25,0.25,9,OD2,1,-0.4233901974057255,0.6000000000000001
llama31_instruct,h2_choice,79,random,HaCm,-0.7501749999999999,0.36185,-0.157375,0.20447500000000005,-0.22052500000000003,0.12357499999999999,-0.09897499999999998,-0.004124999999999962,-0.22052500000000003,0.12357499999999999,-0.09897499999999998,-0.004124999999999962,-1.25,0.5,-0.5,0.0,-1.25,0.5,-0.5,0.0,-1.25,0.5,-0.5,0.0,1,DD,1,0.0384900179459749,1.4
llama31_instruct,h2_choice,79,random,HaDl,-0.8089416666666666,0.398025,-0.17792500000000003,0.2201,-0.14434166666666673,0.09225,-0.08582500000000004,-0.021050000000000013,-0.14434166666666673,0.09225,-0.08582500000000004,-0.021050000000000013,-1.0833333333333333,0.5,-0.25,0.25,-1.0833333333333333,0.5,-0.25,0.25,-1.0833333333333333,0.5,-0.25,0.25,3,DD,1,-0.1924500897298753,1.0
llama31_instruct,h2_choice,79,random,HaHa,-0.6252999999999999,0.312075,-0.15882500000000002,0.15324999999999997,-0.04146666666666675,0.08410000000000004,-0.079175,-0.05924999999999997,-0.04146666666666675,0.08410000000000004,-0.079175,-0.05924999999999997,0.0,0.0,0.0,0.0,0.0,0.0,0.0,0.0,0.0,0.0,0.0,0.0,5,DD,1,-0.6543303050815759,0.2
llama31_instruct,h2_choice,79,random,HaNc,-0.5655249999999999,0.282675,-0.1351,0.147575,-0.24300833333333335,0.13297499999999998,-0.10854999999999998,0.009475000000000011,-0.24300833333333335,0.13297499999999998,-0.10854999999999998,0.009475000000000011,-0.5833333333333334,0.25,-0.25,0.0,-0.5833333333333334,0.25,-0.25,0.0,-0.5833333333333334,0.25,-0.25,0.0,7,DD,1,-0.7698003589195012,0.0
llama31_instruct,h2_choice,79,random,HaPc,-0.5831999999999999,0.29215,-0.14625,0.1459,-0.1476,0.107325,-0.098,-0.03,-0.1476,0.107325,-0.098,-0.03,-0.41666666666666663,0.25,-0.25,0.0,-0.41666666666666663,0.25,-0.25,0.0,-0.41666666666666663,0.25,-0.25,0.0,9,DD,1,-0.4233901974057255,0.6000000000000001
llama31_instruct,h2_choice,79,random,HrAs,-0.7700499999999999,0.3788,-0.19630000000000003,0.1825,-0.09935000000000004,0.09062500000000005,0.036000000000000004,0.08510000000000005,0.09935000000000005,0.09062500000000007,-0.036000000000000004,-0.08510000000000006,-1.4166666666666665,0.75,-0.25,0.5,-0.5833333333333333,0.5,0.25,0.5,0.5833333333333333,0.5,-0.25,-0.5,8,MP,0,0.68329601758822,2.0
llama31_instruct,h2_choice,79,random,HrBa,-0.9058333333333333,0.43895,-0.22492499999999999,0.21402500000000002,0.013616666666666659,0.060024999999999995,0.060024999999999995,0.05497500000000001,-0.013616666666666678,0.060024999999999995,-0.060024999999999995,-0.054975000000000024,-1.833333333333333,1.0,-0.5,0.5,-0.16666666666666646,0.5,0.5,0.5,0.16666666666666646,0.5,-0.5,-0.5,2,CO1,2,0.069651690163614,0.3999999999999999
llama31_instruct,h2_choice,79,random,HrCh,-0.7998083333333331,0.391775,-0.173875,0.2179,0.09520833333333333,0.08389999999999995,0.07892499999999995,0.03369999999999998,-0.09520833333333334,0.08389999999999995,-0.07892499999999997,-0.03369999999999998,-1.0833333333333333,0.5,-0.5,0.0,1.0833333333333333,0.5,0.5,0.0,-1.0833333333333333,0.5,-0.5,0.0,4,CO1,2,0.3294593112989456,1.0
llama31_instruct,h2_choice,79,random,HrHr,-0.7764583333333333,0.379575,-0.19444999999999998,0.185125,-0.0037749999999999277,0.062374999999999986,0.059199999999999996,0.062374999999999986,0.003774999999999957,0.062374999999999986,-0.0592,-0.062374999999999986,-0.8333333333333331,0.5,-0.25,0.25,2.3115197751421316e-17,0.25,0.25,0.25,-2.3115197751421316e-17,0.25,-0.25,-0.25,2,CO2,2,-0.0169508502148298,0.2
llama31_instruct,h2_choice,79,random,ShAs,-0.7596499999999999,0.37534999999999996,-0.11664999999999999,0.2587,-0.09814999999999995,0.049499999999999975,-0.022499999999999985,0.021600000000000008,-0.09814999999999995,0.049499999999999975,-0.022499999999999985,0.021600000000000008,-0.8333333333333331,0.5,0.0,0.5,-0.8333333333333331,0.5,0.0,0.5,-0.8333333333333331,0.5,0.0,0.5,8,CO1,2,-0.3437457694579421,0.6000000000000001
llama31_instruct,h2_choice,79,random,ShCo,-0.7353416666666666,0.36012500000000003,-0.12625,0.233875,-0.21874166666666672,0.10252500000000003,-0.06375000000000003,0.038775000000000004,-0.21874166666666672,0.10252500000000003,-0.06375000000000003,0.038775000000000004,-0.9999999999999999,0.5,0.0,0.5,-0.9999999999999999,0.5,0.0,0.5,-0.9999999999999999,0.5,0.0,0.5,9,CO2,2,-0.5169508502148299,0.2
llama31_instruct,h2_choice,79,random,ShSh,-0.7847416666666667,0.388475,-0.1388,0.24967500000000004,-0.137775,0.06492500000000001,-0.04114999999999996,0.02377500000000006,-0.137775,0.06492500000000001,-0.04114999999999996,0.02377500000000006,-0.8333333333333331,0.5,0.0,0.5,-0.8333333333333331,0.5,0.0,0.5,-0.8333333333333331,0.5,0.0,0.5,9,CO1,2,-0.2571432290794982,0.8
qwen,h1_dinc,65,main,AsAs,1.0080833333333334,0.500875,0.33599999999999997,-0.16487500000000002,-0.012733333333333293,0.016625000000000015,0.001500000000000029,0.008675000000000016,-0.012733333333333293,0.016625000000000015,0.001500000000000029,0.008675000000000016,2.5,1.0,1.0,0.0,0.0,0.0,0.0,0.0,0.0,0.0,0.0,0.0,1,CO1,2,-0.5169508502148299,0.2
qwen,h1_dinc,65,main,AsBa,1.0359999999999998,0.510425,0.321475,-0.18895,-0.00931666666666667,0.02639999999999998,-0.01067499999999999,-0.0031999999999999945,0.009316666666666642,0.02639999999999998,0.01067499999999999,0.0032000000000000084,2.416666666666666,1.0,0.75,-0.25,0.24999999999999997,0.25,-0.25,-0.25,-0.24999999999999997,0.25,0.25,0.25,2,MP,0,0.5678259637502947,1.7999999999999998
qwen,h1_dinc,65,main,AsCh,1.0197749999999999,0.5031749999999999,0.3383,-0.164875,-0.013024999999999905,0.015799999999999967,-0.015799999999999967,-0.009225000000000025,0.013024999999999905,0.01579999999999998,0.01579999999999998,0.009225000000000039,2.5,1.0,1.0,0.0,0.0,0.0,0.0,0.0,0.0,0.0,0.0,0.0,4,MP,0,0.3368858560744445,1.4
qwen,h1_dinc,65,main,AsCm,1.0186916666666666,0.50945,0.332225,-0.177225,-0.06480833333333332,0.042,-0.0013249999999999929,0.025875000000000002,0.06480833333333334,0.04200000000000001,0.0013249999999999929,-0.02587500000000001,2.2499999999999996,1.0,1.0,0.0,-0.25,0.25,0.0,0.0,0.25,0.25,0.0,0.0,2,OD1,1,0.7408346464128569,1.7999999999999998
qwen,h1_dinc,65,main,AsCo,0.9971666666666665,0.496625,0.31897499999999995,-0.17765,-0.0129833333333333,0.010000000000000023,-0.0019249999999999962,0.005949999999999997,-0.0129833333333333,0.010000000000000023,-0.0019249999999999962,0.005949999999999997,2.4166666666666665,1.0,1.0,0.0,0.08333333333333334,0.25,0.0,0.0,0.08333333333333334,0.25,0.0,0.0,1,CO2,2,-0.6035533905932737,0.0
qwen,h1_dinc,65,main,AsDl,1.0607416666666667,0.5206999999999999,0.334675,-0.186025,-0.022274999999999944,0.02239999999999999,-0.002874999999999961,0.004425000000000012,0.022274999999999958,0.022400000000000003,0.002874999999999961,-0.004425000000000012,2.2499999999999996,1.0,1.0,0.0,-0.25,0.5,0.0,0.0,0.25,0.5,0.0,0.0,4,OD1,1,0.5098945387370066,1.4
qwen,h1_dinc,65,main,AsHa,1.0288249999999999,0.509175,0.34755,-0.16162500000000002,0.011291666666666596,0.010974999999999943,-0.006000000000000005,-0.010374999999999968,0.011291666666666596,0.010974999999999943,-0.006000000000000005,-0.010374999999999968,2.2499999999999996,1.0,1.0,0.0,0.25,0.25,0.0,0.0,0.25,0.25,0.0,0.0,1,OD2,1,0.048014323385306,0.6000000000000001
qwen,h1_dinc,65,main,AsHr,1.0396333333333332,0.5100250000000001,0.3511,-0.158925,-0.018016666666666712,0.015100000000000002,-0.006000000000000047,0.00037499999999998646,0.01801666666666667,0.015100000000000002,0.006000000000000061,-0.0003749999999999587,1.9166666666666665,0.75,0.75,0.0,-0.5833333333333334,0.25,-0.25,0.0,0.5833333333333334,0.25,0.25,0.0,6,MP,0,0.68329601758822,2.0
qwen,h1_dinc,65,main,AsNc,1.0209416666666666,0.5070250000000001,0.33552499999999996,-0.17150000000000004,-0.018225000000000036,0.01579999999999998,-0.0061750000000000554,-5.000000000002225e-05,-0.018225000000000036,0.01579999999999998,-0.0061750000000000554,-5.000000000002225e-05,2.5,1.0,1.0,0.0,0.0,0.0,0.0,0.0,0.0,0.0,0.0,0.0,3,OD2,1,0.1634843772232312,0.8
qwen,h1_dinc,65,main,AsPc,1.0097583333333329,0.508875,0.33504999999999996,-0.173825,-0.06637499999999998,0.03689999999999999,-0.013300000000000006,0.015274999999999983,-0.06637499999999998,0.03689999999999999,-0.013300000000000006,0.015274999999999983,2.1666666666666665,1.0,1.0,0.0,0.0,0.0,0.0,0.0,0.0,0.0,0.0,0.0,5,OD2,1,-0.1829257842905442,0.2
qwen,h1_dinc,65,main,AsPd,1.082983333333333,0.530775,0.31947499999999995,-0.2113,0.006716666666666645,0.02545,-0.006175000000000014,-0.010700000000000001,-0.0067166666666666295,0.025449999999999973,0.006175000000000014,0.010699999999999987,1.9166666666666665,0.75,0.5,-0.25,-0.5833333333333334,0.5,-0.5,-0.25,0.5833333333333334,0.5,0.5,0.25,6,OD1,1,0.3944244848990815,1.2
qwen,h1_dinc,65,main,AsSh,1.0254083333333333,0.50715,0.35125,-0.1559,-0.013324999999999955,0.022175,0.0027500000000000163,0.01235,-0.013324999999999955,0.022175,0.0027500000000000163,0.01235,2.4166666666666665,1.0,1.0,0.0,0.08333333333333334,0.25,0.0,0.0,0.08333333333333334,0.25,0.0,0.0,3,CO1,2,-0.3437457694579421,0.6000000000000001
qwen,h1_dinc,65,main,BaAs,1.0013833333333335,0.49350000000000005,0.330525,-0.162975,-0.015433333333333323,0.024150000000000012,7.499999999999174e-05,0.012174999999999998,-0.015433333333333323,0.024150000000000012,7.499999999999174e-05,0.012174999999999998,2.4166666666666665,1.0,1.0,0.0,-0.08333333333333334,0.25,0.0,0.0,-0.08333333333333334,0.25,0.0,0.0,1,MP,0,0.5678259637502947,1.7999999999999998
qwen,h1_dinc,65,main,BaBa,1.0804916666666664,0.537575,0.3339,-0.20367500000000002,-0.007008333333333342,0.028874999999999998,0.018950000000000036,0.021675000000000028,-0.007008333333333342,0.028874999999999998,0.018950000000000036,0.021675000000000028,1.75,0.75,0.75,0.0,-0.7499999999999997,0.5,0.25,0.5,-0.7499999999999997,0.5,0.25,0.5,3,CO2,2,-0.0169508502148298,0.2
qwen,h1_dinc,65,main,BaCh,1.0241000000000002,0.506125,0.323875,-0.18225000000000002,-0.004083333333333377,0.017424999999999996,0.006274999999999989,0.010350000000000012,-0.004083333333333377,0.017424999999999996,0.006274999999999989,0.010350000000000012,2.5833333333333335,1.0,0.75,-0.25,-0.08333333333333334,0.25,0.25,0.25,-0.08333333333333334,0.25,0.25,0.25,4,CO2,2,0.1562542305420579,0.6000000000000001
qwen,h1_dinc,65,main,BaCm,1.0349666666666664,0.5090749999999999,0.311075,-0.198,-0.01804999999999998,0.028649999999999995,0.02132500000000001,0.028649999999999995,-0.01804999999999998,0.028649999999999995,0.02132500000000001,0.028649999999999995,2.333333333333333,1.0,0.5,-0.5,-0.1666666666666662,0.5,0.5,0.5,-0.1666666666666662,0.5,0.5,0.5,1,OD1,1,0.2789544310611563,1.0
qwen,h1_dinc,65,main,BaCo,1.0571916666666665,0.52075,0.3326,-0.18815,-0.012941666666666672,0.0345,0.0281,0.0345,-0.012941666666666672,0.0345,0.0281,0.0345,2.416666666666666,1.0,0.75,-0.25,-0.24999999999999997,0.25,0.25,0.25,-0.24999999999999997,0.25,0.25,0.25,3,MP,0,0.4523559099123697,1.6
qwen,h1_dinc,65,main,BaDl,1.0433833333333333,0.5181000000000001,0.3279500000000001,-0.19015,-0.01343333333333329,0.013000000000000005,0.006550000000000014,0.012449999999999996,-0.01343333333333329,0.013000000000000005,0.006550000000000014,0.012449999999999996,1.833333333333333,0.75,0.5,-0.25,-0.6666666666666667,0.25,0.0,0.25,-0.6666666666666667,0.25,0.0,0.25,3,OD1,1,0.5098945387370066,1.4
qwen,h1_dinc,65,main,BaHa,1.0429499999999996,0.5113,0.33224999999999993,-0.17905000000000001,-0.04343333333333329,0.03312499999999998,0.011650000000000021,0.028900000000000002,0.043433333333333296,0.03312499999999999,-0.011650000000000021,-0.02890000000000001,2.2500000000000004,1.0,0.75,-0.25,-0.24999999999999997,0.25,0.25,0.25,0.24999999999999997,0.25,-0.25,-0.25,2,OD2,1,0.048014323385306,0.6000000000000001
qwen,h1_dinc,65,main,BaHr,1.0801249999999998,0.529325,0.3154,-0.21392499999999998,-0.02127499999999998,0.02907499999999999,0.022249999999999992,0.02907499999999999,-0.02127499999999998,0.02907499999999999,0.022249999999999992,0.02907499999999999,2.333333333333333,1.0,0.5,-0.5,-0.1666666666666662,0.5,0.5,0.5,-0.1666666666666662,0.5,0.5,0.5,5,CO1,2,0.069651690163614,0.3999999999999999
qwen,h1_dinc,65,main,BaNc,1.0570749999999998,0.51685,0.354325,-0.162525,-0.0027750000000000543,0.015750000000000028,0.005925,0.006675000000000042,0.0027750000000000825,0.015750000000000042,-0.005925000000000014,-0.00667500000000007,2.4166666666666665,1.0,1.0,0.0,0.25,0.25,0.0,0.0,-0.25,0.25,0.0,0.0,4,OD2,1,0.1634843772232312,0.8
qwen,h1_dinc,65,main,BaPc,1.057275,0.5146999999999999,0.316175,-0.198525,0.00944166666666674,0.01872500000000002,0.005575000000000024,-0.001375000000000015,-0.009441666666666718,0.01872500000000002,-0.005575000000000024,0.001375000000000015,2.5,1.0,0.75,-0.25,2.3115197751421316e-17,0.25,0.25,0.25,-2.3115197751421316e-17,0.25,-0.25,-0.25,6,OD2,1,0.2789544310611563,1.0
qwen,h1_dinc,65,main,BaPd,1.0231833333333331,0.510725,0.3285,-0.182225,-0.03433333333333334,0.026074999999999987,-0.001350000000000004,0.013175000000000006,-0.03433333333333334,0.026074999999999987,-0.001350000000000004,0.013175000000000006,2.0000000000000004,0.75,0.5,-0.25,-0.6666666666666667,0.25,0.0,0.25,-0.6666666666666667,0.25,0.0,0.25,5,OD1,1,0.3944244848990815,1.2
qwen,h1_dinc,65,main,BaSh,0.9801583333333332,0.4882,0.320825,-0.167375,-0.013441666666666617,0.01762500000000003,0.012725,0.017025,-0.013441666666666617,0.01762500000000003,0.012725,0.017025,2.083333333333333,1.0,1.0,0.0,-0.08333333333333334,0.25,0.0,0.0,-0.08333333333333334,0.25,0.0,0.0,5,MP,0,0.3368858560744445,1.4
qwen,h1_dinc,65,main,ChAs,1.031483333333333,0.5072,0.32675,-0.18045,-0.04883333333333329,0.04085,0.011800000000000005,0.02695,-0.04883333333333329,0.04085,0.011800000000000005,0.02695,2.2500000000000004,1.0,0.75,-0.25,-0.24999999999999997,0.25,0.25,0.25,-0.24999999999999997,0.25,0.25,0.25,7,MP,0,0.3368858560744445,1.4
qwen,h1_dinc,65,main,ChBa,1.0299833333333333,0.50425,0.30245,-0.20179999999999998,-0.08555,0.060825000000000004,0.007549999999999973,0.03995000000000001,-0.08555,0.060825000000000004,0.007549999999999973,0.03995000000000001,2.2500000000000004,1.0,0.75,-0.25,-0.24999999999999997,0.5,0.25,0.25,-0.24999999999999997,0.5,0.25,0.25,5,CO2,2,0.1562542305420579,0.6000000000000001
qwen,h1_dinc,65,main,ChCh,1.0505916666666666,0.518075,0.342825,-0.17525,-0.02935833333333334,0.02040000000000005,0.002275000000000027,0.013300000000000027,-0.02935833333333334,0.02040000000000005,0.002275000000000027,0.013300000000000027,2.2500000000000004,1.0,0.75,-0.25,-0.24999999999999997,0.25,0.25,0.25,-0.24999999999999997,0.25,0.25,0.25,6,CO2,2,0.2428567709205017,0.8
qwen,h1_dinc,65,main,ChCm,1.0477666666666667,0.5146,0.31285,-0.20174999999999998,-0.039566666666666694,0.03982500000000001,0.02734999999999997,0.03914999999999999,-0.039566666666666694,0.03982500000000001,0.02734999999999997,0.03914999999999999,2.2500000000000004,1.0,0.75,-0.25,-0.24999999999999997,0.5,0.25,0.25,-0.24999999999999997,0.5,0.25,0.25,7,OD1,1,0.6253645925749319,1.6
qwen,h1_dinc,65,main,ChCo,1.0454583333333334,0.51885,0.32135,-0.1975,-0.018375,0.0345,0.0345,0.031299999999999994,-0.018375,0.0345,0.0345,0.031299999999999994,2.333333333333333,1.0,0.5,-0.5,-0.1666666666666662,0.5,0.5,0.5,-0.1666666666666662,0.5,0.5,0.5,9,MP,0,0.1059457483985941,1.0
qwen,h1_dinc,65,main,ChDl,1.0325,0.5022,0.33097499999999996,-0.17122500000000002,-0.04671666666666665,0.04527499999999998,0.005225000000000007,0.023575000000000013,-0.04671666666666665,0.04527499999999998,0.005225000000000007,0.023575000000000013,2.2500000000000004,1.0,0.75,-0.25,-0.24999999999999997,0.5,0.25,0.25,-0.24999999999999997,0.5,0.25,0.25,9,OD1,1,0.7408346464128569,1.7999999999999998
qwen,h1_dinc,65,main,ChHa,1.0470750000000002,0.512325,0.312425,-0.19990000000000002,-0.02615833333333328,0.03464999999999996,0.017574999999999993,0.027549999999999977,0.02615833333333332,0.03464999999999996,-0.017575000000000007,-0.02754999999999999,2.2500000000000004,1.0,0.75,-0.25,-0.24999999999999997,0.5,0.25,0.25,0.24999999999999997,0.5,-0.25,-0.25,8,OD2,1,-0.1829257842905442,0.2
qwen,h1_dinc,65,main,ChHr,1.0850583333333335,0.53105,0.32065000000000005,-0.2104,-0.055291666666666704,0.052025000000000016,0.028299999999999978,0.046950000000000006,-0.055291666666666704,0.052025000000000016,0.028299999999999978,0.046950000000000006,2.2499999999999996,1.0,0.5,-0.5,-0.24999999999999958,0.5,0.5,0.5,-0.24999999999999958,0.5,0.5,0.5,6,CO1,2,0.3294593112989456,1.0
qwen,h1_dinc,65,main,CmAs,0.9923666666666666,0.4893,0.31335,-0.17595,-0.05938333333333326,0.07795,0.05485000000000001,0.07795,0.05938333333333329,0.07795000000000002,-0.05485000000000001,-0.07795000000000002,1.833333333333333,1.0,0.5,-0.5,-0.16666666666666646,0.5,0.5,0.5,0.16666666666666646,0.5,-0.5,-0.5,8,OD1,1,0.2694301256218253,1.7999999999999998
qwen,h1_dinc,65,main,CmCm,0.9442083333333333,0.47195,0.2804,-0.19155,-0.07892499999999994,0.092575,0.045950000000000005,0.07355,0.07892499999999994,0.09257500000000002,-0.04594999999999999,-0.07355,1.6666666666666663,1.0,0.5,-0.5,4.623039550284263e-17,0.5,0.5,0.5,-4.623039550284263e-17,0.5,-0.5,-0.5,2,DD,1,-0.3079201435678004,0.8
qwen,h1_dinc,65,main,CmDl,0.9972916666666667,0.495425,0.308325,-0.18709999999999996,-0.10152500000000006,0.08947500000000004,0.030574999999999977,0.07145000000000001,0.10152500000000006,0.08947500000000005,-0.03057499999999999,-0.07145000000000001,1.833333333333333,1.0,0.5,-0.5,-0.16666666666666646,0.5,0.5,0.5,0.16666666666666646,0.5,-0.5,-0.5,4,DD,1,0.0384900179459749,1.4
qwen,h1_dinc,65,main,CmHa,0.9574333333333335,0.4696,0.28225,-0.18735000000000002,-0.09703333333333333,0.09022500000000001,0.04634999999999999,0.08170000000000001,0.09703333333333336,0.09022500000000003,-0.04635,-0.08170000000000002,1.4166666666666665,0.75,0.25,-0.5,-0.5833333333333333,0.5,0.25,0.5,0.5833333333333333,0.5,-0.25,-0.5,6,DD,1,0.0384900179459749,1.4
qwen,h1_dinc,65,main,CmNc,0.9872916666666667,0.4888,0.2856,-0.2032,-0.06919166666666664,0.0787,0.03560000000000001,0.06284999999999999,0.0691916666666666,0.07869999999999999,-0.03560000000000002,-0.06284999999999999,1.9999999999999998,1.0,0.5,-0.5,4.623039550284263e-17,0.5,0.5,0.5,-4.623039550284263e-17,0.5,-0.5,-0.5,8,DD,1,0.2694301256218253,1.7999999999999998
qwen,h1_dinc,65,main,CoAs,0.9613083333333332,0.4809,0.32865,-0.15225,0.057375,0.041950000000000015,-0.014450000000000032,-0.04120000000000003,0.057375,0.041950000000000015,-0.014450000000000032,-0.04120000000000003,2.083333333333333,1.0,0.75,-0.25,0.4166666666666666,0.5,-0.25,-0.25,0.4166666666666666,0.5,-0.25,-0.25,7,CO2,2,-0.6035533905932737,0.0
qwen,h1_dinc,65,main,CoCo,1.01905,0.50025,0.35235,-0.1479,0.0843333333333333,0.04827500000000001,0.012749999999999997,-0.014899999999999997,0.0843333333333333,0.04827500000000001,0.012749999999999997,-0.014899999999999997,2.1666666666666665,1.0,1.0,0.0,0.5,0.5,0.0,0.0,0.5,0.5,0.0,0.0,7,CO1,2,-0.5169508502148299,0.2
qwen,h1_dinc,65,main,CoSh,0.9839916666666666,0.49012500000000003,0.320025,-0.1701,0.05874166666666665,0.062475,-0.020825000000000038,-0.04155000000000003,0.05874166666666665,0.062475,-0.020825000000000038,-0.04155000000000003,2.1666666666666665,1.0,0.5,-0.5,0.49999999999999994,0.5,-0.5,-0.5,0.49999999999999994,0.5,-0.5,-0.5,8,CO2,2,-0.5169508502148299,0.2
qwen,h1_dinc,65,main,HaAs,0.9697500000000001,0.4798,0.299325,-0.180475,0.10229999999999995,0.08759999999999998,-0.026375000000000037,-0.06482500000000002,0.10229999999999995,0.08759999999999998,-0.026375000000000037,-0.06482500000000002,1.9999999999999998,1.0,0.5,-0.5,0.3333333333333332,0.5,-0.5,-0.5,0.3333333333333332,0.5,-0.5,-0.5,7,OD2,1,-0.4233901974057255,0.6000000000000001
qwen,h1_dinc,65,main,HaBa,0.9953416666666665,0.5008,0.27935,-0.22145,0.0578583333333333,0.07177500000000002,-0.04245000000000004,-0.06295000000000005,0.0578583333333333,0.07177500000000002,-0.04245000000000004,-0.06295000000000005,1.833333333333333,1.0,0.5,-0.5,0.16666666666666646,0.5,-0.5,-0.5,0.16666666666666646,0.5,-0.5,-0.5,9,OD2,1,-0.4233901974057255,0.6000000000000001
qwen,h1_dinc,65,main,HaCm,1.0341000000000002,0.507575,0.311075,-0.1965,0.03455000000000004,0.04695000000000003,-0.03342500000000001,-0.04695000000000003,0.03455000000000004,0.04695000000000003,-0.03342500000000001,-0.04695000000000003,2.1666666666666665,1.0,0.5,-0.5,0.16666666666666646,0.5,-0.5,-0.5,0.16666666666666646,0.5,-0.5,-0.5,1,DD,1,0.0384900179459749,1.4
qwen,h1_dinc,65,main,HaDl,1.0200833333333332,0.509125,0.31235,-0.19677499999999998,0.06785000000000002,0.07482500000000002,-0.04780000000000001,-0.07482500000000002,0.06785000000000002,0.07482500000000002,-0.04780000000000001,-0.07482500000000002,1.9999999999999998,1.0,0.5,-0.5,-4.623039550284263e-17,0.5,-0.5,-0.5,-4.623039550284263e-17,0.5,-0.5,-0.5,3,DD,1,-0.1924500897298753,1.0
qwen,h1_dinc,65,main,HaHa,1.0020333333333333,0.4913,0.30775,-0.18355,0.07288333333333324,0.07934999999999996,-0.04380000000000003,-0.07390000000000001,0.07288333333333324,0.07934999999999996,-0.04380000000000003,-0.07390000000000001,1.9166666666666663,1.0,0.5,-0.5,0.24999999999999958,0.5,-0.5,-0.5,0.24999999999999958,0.5,-0.5,-0.5,5,DD,1,-0.6543303050815759,0.2
qwen,h1_dinc,65,main,HaNc,0.989733333333333,0.491625,0.30415,-0.187475,0.08226666666666665,0.081175,-0.03974999999999998,-0.06957499999999997,0.08226666666666665,0.081175,-0.03974999999999998,-0.06957499999999997,1.833333333333333,1.0,0.5,-0.5,0.16666666666666646,0.5,-0.5,-0.5,0.16666666666666646,0.5,-0.5,-0.5,7,DD,1,-0.7698003589195012,0.0
qwen,h1_dinc,65,main,HaPc,0.9829083333333333,0.4946,0.310925,-0.18367499999999998,0.07449166666666661,0.07490000000000001,-0.03292500000000001,-0.060824999999999976,0.07449166666666661,0.07490000000000001,-0.03292500000000001,-0.060824999999999976,1.833333333333333,1.0,0.5,-0.5,0.16666666666666646,0.5,-0.5,-0.5,0.16666666666666646,0.5,-0.5,-0.5,9,DD,1,-0.4233901974057255,0.6000000000000001
qwen,h1_dinc,65,main,HrAs,1.0746916666666666,0.5236999999999999,0.32692499999999997,-0.196775,-0.05304166666666662,0.05835,0.02967500000000002,0.045875,0.053041666666666674,0.05835000000000001,-0.029675000000000035,-0.04587500000000003,2.333333333333333,1.0,0.5,-0.5,-0.1666666666666662,0.5,0.5,0.5,0.1666666666666662,0.5,-0.5,-0.5,8,MP,0,0.68329601758822,2.0
qwen,h1_dinc,65,main,HrBa,1.0339416666666665,0.506025,0.297875,-0.20815,-0.04270833333333328,0.06229999999999998,0.04757500000000002,0.05995,0.042708333333333307,0.062299999999999994,-0.047575000000000006,-0.05995,2.083333333333333,1.0,0.5,-0.5,-0.08333333333333309,0.5,0.5,0.5,0.08333333333333309,0.5,-0.5,-0.5,2,CO1,2,0.069651690163614,0.3999999999999999
qwen,h1_dinc,65,main,HrCh,1.013225,0.500925,0.31584999999999996,-0.185075,-0.09339166666666661,0.08645,0.02425000000000002,0.05887500000000001,0.09339166666666658,0.08644999999999994,-0.024249999999999994,-0.058874999999999955,1.6666666666666663,0.75,0.25,-0.5,-0.8333333333333328,0.5,0.25,0.5,0.8333333333333328,0.5,-0.25,-0.5,4,CO1,2,0.3294593112989456,1.0
qwen,h1_dinc,65,main,HrHr,1.0620166666666666,0.517725,0.30772499999999997,-0.21000000000000002,-0.049616666666666656,0.066175,0.033324999999999994,0.04809999999999999,0.04961666666666664,0.06617500000000001,-0.033324999999999994,-0.048100000000000004,2.083333333333333,1.0,0.5,-0.5,-0.08333333333333309,0.5,0.5,0.5,0.08333333333333309,0.5,-0.5,-0.5,2,CO2,2,-0.0169508502148298,0.2
qwen,h1_dinc,65,main,ShAs,1.0140666666666667,0.5016,0.34717500000000007,-0.15442499999999998,-0.004466666666666706,0.008025000000000004,-0.0004250000000000087,-0.000774999999999984,-0.004466666666666706,0.008025000000000004,-0.0004250000000000087,-0.000774999999999984,2.3333333333333335,1.0,1.0,0.0,-0.16666666666666669,0.25,0.0,0.0,-0.16666666666666669,0.25,0.0,0.0,8,CO1,2,-0.3437457694579421,0.6000000000000001
qwen,h1_dinc,65,main,ShCo,0.9510166666666667,0.47500000000000003,0.325975,-0.14902500000000002,-0.030249999999999933,0.01814999999999997,-0.004424999999999971,0.013725000000000001,-0.030249999999999933,0.01814999999999997,-0.004424999999999971,0.013725000000000001,1.9999999999999998,1.0,1.0,0.0,0.0,0.0,0.0,0.0,0.0,0.0,0.0,0.0,9,CO2,2,-0.5169508502148299,0.2
qwen,h1_dinc,65,main,ShSh,1.05965,0.52,0.352175,-0.167825,-0.04973333333333332,0.028175000000000006,-0.013125000000000012,0.013374999999999998,-0.04973333333333332,0.028175000000000006,-0.013125000000000012,0.013374999999999998,2.5,1.0,1.0,0.0,0.0,0.0,0.0,0.0,0.0,0.0,0.0,0.0,9,CO1,2,-0.2571432290794982,0.8
qwen,h1_dinc,65,main_perp,AsAs,1.0035833333333335,0.487275,0.33547499999999997,-0.15180000000000002,-0.021633333333333327,0.023299999999999987,0.0009750000000000036,0.009200000000000014,-0.021633333333333327,0.023299999999999987,0.0009750000000000036,0.009200000000000014,2.5,1.0,1.0,0.0,0.0,0.0,0.0,0.0,0.0,0.0,0.0,0.0,1,CO1,2,-0.5169508502148299,0.2
qwen,h1_dinc,65,main_perp,AsBa,1.0147166666666667,0.50025,0.3177,-0.18255000000000002,0.023266666666666654,0.03130000000000001,-0.0068999999999999895,-0.009949999999999987,-0.023266666666666654,0.031299999999999994,0.0068999999999999895,0.009949999999999987,2.416666666666666,1.0,0.75,-0.25,0.24999999999999997,0.25,-0.25,-0.25,-0.24999999999999997,0.25,0.25,0.25,2,MP,0,0.5678259637502947,1.7999999999999998
qwen,h1_dinc,65,main_perp,AsCh,1.0082499999999999,0.505625,0.327925,-0.17770000000000002,0.015133333333333306,0.01579999999999998,-0.004674999999999999,-0.009549999999999989,-0.015133333333333299,0.01579999999999998,0.0046750000000000125,0.009550000000000003,2.1666666666666665,1.0,1.0,0.0,0.0,0.0,0.0,0.0,0.0,0.0,0.0,0.0,4,MP,0,0.3368858560744445,1.4
qwen,h1_dinc,65,main_perp,AsCm,1.0198916666666666,0.49959999999999993,0.32889999999999997,-0.1707,-0.04490833333333331,0.027525,0.0024000000000000132,0.01935,0.04490833333333331,0.02752500000000002,-0.0024000000000000132,-0.019350000000000006,2.2499999999999996,1.0,1.0,0.0,-0.25,0.25,0.0,0.0,0.25,0.25,0.0,0.0,2,OD1,1,0.7408346464128569,1.7999999999999998
qwen,h1_dinc,65,main_perp,AsCo,0.9537166666666665,0.47109999999999996,0.31897499999999995,-0.152125,0.007199999999999976,0.02189999999999999,-0.0019249999999999962,-0.00657499999999997,0.007199999999999976,0.02189999999999999,-0.0019249999999999962,-0.00657499999999997,2.4166666666666665,1.0,1.0,0.0,0.08333333333333334,0.25,0.0,0.0,0.08333333333333334,0.25,0.0,0.0,1,CO2,2,-0.6035533905932737,0.0
qwen,h1_dinc,65,main_perp,AsDl,1.0122499999999999,0.504475,0.32430000000000003,-0.180175,-0.027783333333333306,0.011724999999999985,-0.001549999999999968,0.010175000000000017,0.027783333333333264,0.011724999999999958,0.001549999999999968,-0.01017499999999999,2.2499999999999996,1.0,1.0,0.0,-0.25,0.25,0.0,0.0,0.25,0.25,0.0,0.0,4,OD1,1,0.5098945387370066,1.4
qwen,h1_dinc,65,main_perp,AsHa,1.013808333333333,0.5062,0.345,-0.1612,0.004208333333333277,0.012174999999999991,0.004899999999999988,0.0018500000000000183,0.004208333333333277,0.012174999999999991,0.004899999999999988,0.0018500000000000183,2.3333333333333335,1.0,1.0,0.0,0.16666666666666669,0.25,0.0,0.0,0.16666666666666669,0.25,0.0,0.0,1,OD2,1,0.048014323385306,0.6000000000000001
qwen,h1_dinc,65,main_perp,AsHr,1.0117083333333332,0.4941,0.34104999999999996,-0.15305,-0.018424999999999876,0.021874999999999978,-0.003500000000000017,0.00759999999999994,0.018424999999999865,0.02187499999999995,0.003500000000000031,-0.007599999999999912,1.9166666666666665,0.75,0.75,0.0,-0.5833333333333334,0.25,-0.25,0.0,0.5833333333333334,0.25,0.25,0.0,6,MP,0,0.68329601758822,2.0
qwen,h1_dinc,65,main_perp,AsNc,0.9973583333333333,0.49135,0.319075,-0.172275,-0.002474999999999973,0.00997499999999997,-0.0020749999999999796,-0.0006249999999999867,-0.002474999999999973,0.00997499999999997,-0.0020749999999999796,-0.0006249999999999867,2.5,1.0,1.0,0.0,0.0,0.0,0.0,0.0,0.0,0.0,0.0,0.0,3,OD2,1,0.1634843772232312,0.8
qwen,h1_dinc,65,main_perp,AsPc,0.9793916666666668,0.48525,0.3171,-0.16815000000000002,-0.030408333333333357,0.01850000000000003,-0.01795000000000002,-0.0020499999999999963,-0.030408333333333357,0.01850000000000003,-0.01795000000000002,-0.0020499999999999963,2.083333333333333,1.0,1.0,0.0,0.08333333333333334,0.25,0.0,0.0,0.08333333333333334,0.25,0.0,0.0,5,OD2,1,-0.1829257842905442,0.2
qwen,h1_dinc,65,main_perp,AsPd,1.0508999999999997,0.5117499999999999,0.32032499999999997,-0.191425,0.004166666666666631,0.024099999999999996,-0.014075000000000004,-0.016824999999999993,-0.004166666666666669,0.02410000000000001,0.014075000000000004,0.016825000000000007,1.9166666666666665,1.0,0.5,-0.25,-0.5833333333333334,0.5,-0.5,-0.25,0.5833333333333334,0.5,0.5,0.25,6,OD1,1,0.3944244848990815,1.2
qwen,h1_dinc,65,main_perp,AsSh,0.9922416666666666,0.49775,0.34125,-0.1565,-0.023108333333333335,0.01577500000000001,0.00474999999999999,0.012800000000000006,-0.023108333333333335,0.01577500000000001,0.00474999999999999,0.012800000000000006,2.2499999999999996,1.0,1.0,0.0,-0.08333333333333334,0.5,0.0,0.0,-0.08333333333333334,0.5,0.0,0.0,3,CO1,2,-0.3437457694579421,0.6000000000000001
qwen,h1_dinc,65,main_perp,BaAs,1.0243583333333333,0.5062500000000001,0.33737500000000004,-0.168875,-0.026524999999999993,0.032300000000000016,0.007074999999999998,0.017775000000000006,-0.026524999999999993,0.032300000000000016,0.007074999999999998,0.017775000000000006,2.2499999999999996,1.0,1.0,0.0,-0.25,0.25,0.0,0.0,-0.25,0.25,0.0,0.0,1,MP,0,0.5678259637502947,1.7999999999999998
qwen,h1_dinc,65,main_perp,BaBa,1.0273583333333332,0.504175,0.319925,-0.18425000000000002,-0.027258333333333322,0.040325,0.019725000000000034,0.02715000000000002,-0.027258333333333322,0.040325,0.019725000000000034,0.02715000000000002,2.333333333333333,1.0,0.75,-0.25,-0.1666666666666666,0.25,0.25,0.25,-0.1666666666666666,0.25,0.25,0.25,3,CO2,2,-0.0169508502148298,0.2
qwen,h1_dinc,65,main_perp,BaCh,1.0563333333333333,0.521025,0.33262499999999995,-0.1884,-0.005383333333333258,0.016825000000000007,-0.002474999999999991,0.003949999999999967,-0.005383333333333258,0.016825000000000007,-0.002474999999999991,0.003949999999999967,2.5833333333333335,1.0,0.75,-0.25,-0.08333333333333334,0.25,0.25,0.25,-0.08333333333333334,0.25,0.25,0.25,4,CO2,2,0.1562542305420579,0.6000000000000001
qwen,h1_dinc,65,main_perp,BaCm,1.0280416666666665,0.50945,0.311425,-0.198025,-0.007158333333333364,0.028675000000000006,0.021675,0.028675000000000006,-0.007158333333333364,0.028675000000000006,0.021675,0.028675000000000006,2.4999999999999996,1.0,0.5,-0.5,5.179259186036526e-16,0.5,0.5,0.5,5.179259186036526e-16,0.5,0.5,0.5,1,OD1,1,0.2789544310611563,1.0
qwen,h1_dinc,65,main_perp,BaCo,1.0530749999999998,0.517925,0.33077499999999993,-0.18715,0.015258333333333334,0.03137499999999996,0.02627499999999998,0.02194999999999997,0.015258333333333334,0.03137499999999996,0.02627499999999998,0.02194999999999997,2.5,1.0,0.75,-0.25,2.3115197751421316e-17,0.25,0.25,0.25,2.3115197751421316e-17,0.25,0.25,0.25,3,MP,0,0.4523559099123697,1.6
qwen,h1_dinc,65,main_perp,BaDl,1.0279916666666666,0.497025,0.31975,-0.17727500000000002,-0.00445833333333335,0.016674999999999995,0.005249999999999991,-0.00042500000000000177,-0.00445833333333335,0.016674999999999995,0.005249999999999991,-0.00042500000000000177,2.2500000000000004,1.0,0.75,-0.25,-0.24999999999999997,0.25,0.25,0.25,-0.24999999999999997,0.25,0.25,0.25,3,OD1,1,0.5098945387370066,1.4
qwen,h1_dinc,65,main_perp,BaHa,1.00635,0.503525,0.337175,-0.16635000000000005,-0.03284999999999996,0.035150000000000015,0.016975000000000018,0.02775000000000001,0.032849999999999956,0.03514999999999999,-0.016975000000000018,-0.027749999999999997,2.333333333333333,1.0,0.75,-0.25,-0.33333333333333337,0.5,0.25,0.25,0.33333333333333337,0.5,-0.25,-0.25,2,OD2,1,0.048014323385306,0.6000000000000001
qwen,h1_dinc,65,main_perp,BaHr,1.0668333333333335,0.5249,0.30442500000000006,-0.22047499999999998,-0.03429999999999997,0.03582499999999998,0.020474999999999993,0.03582499999999998,-0.03429999999999997,0.03582499999999998,0.020474999999999993,0.03582499999999998,2.4999999999999996,1.0,0.5,-0.5,5.179259186036526e-16,0.5,0.5,0.5,5.179259186036526e-16,0.5,0.5,0.5,5,CO1,2,0.069651690163614,0.3999999999999999
qwen,h1_dinc,65,main_perp,BaNc,1.015075,0.503525,0.34125,-0.162275,-0.005091666666666663,0.02274999999999998,0.007700000000000026,0.006375000000000033,0.005091666666666671,0.022749999999999992,-0.00770000000000004,-0.006375000000000047,2.2499999999999996,1.0,1.0,0.0,0.08333333333333334,0.5,0.0,0.0,-0.08333333333333334,0.5,0.0,0.0,4,OD2,1,0.1634843772232312,0.8
qwen,h1_dinc,65,main_perp,BaPc,1.0752166666666665,0.523075,0.31,-0.21307500000000001,-0.027099999999999985,0.027050000000000005,-0.0005999999999999894,0.012025000000000008,0.027099999999999985,0.02705000000000002,0.0005999999999999894,-0.012025000000000008,2.5,1.0,0.75,-0.25,2.3115197751421316e-17,0.25,0.25,0.25,-2.3115197751421316e-17,0.25,-0.25,-0.25,6,OD2,1,0.2789544310611563,1.0
qwen,h1_dinc,65,main_perp,BaPd,1.0363749999999998,0.5139499999999999,0.32575,-0.18819999999999998,-0.01290833333333328,0.031024999999999997,0.006300000000000042,0.007200000000000012,-0.01290833333333328,0.031024999999999997,0.006300000000000042,0.007200000000000012,1.9166666666666665,0.75,0.5,-0.25,-0.5833333333333333,0.25,0.0,0.25,-0.5833333333333333,0.25,0.0,0.25,5,OD1,1,0.3944244848990815,1.2
qwen,h1_dinc,65,main_perp,BaSh,0.9856750000000001,0.486875,0.31955,-0.167325,-0.007474999999999982,0.01687499999999998,0.011449999999999974,0.01687499999999998,-0.007474999999999982,0.01687499999999998,0.011449999999999974,0.01687499999999998,2.083333333333333,1.0,1.0,0.0,-0.08333333333333334,0.25,0.0,0.0,-0.08333333333333334,0.25,0.0,0.0,5,MP,0,0.3368858560744445,1.4
qwen,h1_dinc,65,main_perp,ChAs,1.0015666666666667,0.49410000000000004,0.3199,-0.17420000000000002,-0.041750000000000044,0.0345,0.005349999999999966,0.02015,-0.041750000000000044,0.0345,0.005349999999999966,0.02015,2.333333333333333,1.0,0.75,-0.25,-0.33333333333333337,0.5,0.25,0.25,-0.33333333333333337,0.5,0.25,0.25,7,MP,0,0.3368858560744445,1.4
qwen,h1_dinc,65,main_perp,ChBa,1.0688083333333331,0.52415,0.31720000000000004,-0.20694999999999997,-0.04052499999999998,0.048149999999999984,0.0179,0.03415,-0.04052499999999998,0.048149999999999984,0.0179,0.03415,2.2500000000000004,1.0,0.75,-0.25,-0.24999999999999997,0.5,0.25,0.25,-0.24999999999999997,0.5,0.25,0.25,5,CO2,2,0.1562542305420579,0.6000000000000001
qwen,h1_dinc,65,main_perp,ChCh,1.0281583333333333,0.5065500000000001,0.33682500000000004,-0.16972500000000001,-0.02775833333333336,0.03580000000000002,0.008275000000000005,0.01962500000000001,-0.02775833333333336,0.03580000000000002,0.008275000000000005,0.01962500000000001,2.416666666666666,1.0,0.75,-0.25,-0.08333333333333334,0.25,0.25,0.25,-0.08333333333333334,0.25,0.25,0.25,6,CO2,2,0.2428567709205017,0.8
qwen,h1_dinc,65,main_perp,ChCm,1.0366250000000001,0.509925,0.314875,-0.19505,-0.01857499999999998,0.038624999999999965,0.025374999999999967,0.03224999999999996,-0.01857499999999998,0.038624999999999965,0.025374999999999967,0.03224999999999996,1.9999999999999998,1.0,0.75,-0.25,2.3115197751421316e-17,0.25,0.25,0.25,2.3115197751421316e-17,0.25,0.25,0.25,7,OD1,1,0.6253645925749319,1.6
qwen,h1_dinc,65,main_perp,ChCo,1.023675,0.5021,0.30972500000000003,-0.19237500000000002,-0.0405249999999999,0.05077499999999997,0.03282500000000002,0.05077499999999997,-0.0405249999999999,0.05077499999999997,0.03282500000000002,0.05077499999999997,2.333333333333333,1.0,0.5,-0.5,-0.1666666666666662,0.5,0.5,0.5,-0.1666666666666662,0.5,0.5,0.5,9,MP,0,0.1059457483985941,1.0
qwen,h1_dinc,65,main_perp,ChDl,1.0100166666666666,0.50425,0.32849999999999996,-0.17575000000000002,-0.04491666666666672,0.03720000000000002,0.003049999999999997,0.017650000000000034,-0.04491666666666672,0.03720000000000002,0.003049999999999997,0.017650000000000034,2.333333333333333,1.0,0.75,-0.25,-0.33333333333333337,0.5,0.25,0.25,-0.33333333333333337,0.5,0.25,0.25,9,OD1,1,0.7408346464128569,1.7999999999999998
qwen,h1_dinc,65,main_perp,ChHa,1.0458583333333333,0.50555,0.312275,-0.19327500000000003,-0.03372499999999994,0.04747499999999999,0.01742500000000001,0.03417499999999998,0.03372499999999993,0.04747499999999999,-0.017425000000000024,-0.03417499999999998,2.0833333333333335,1.0,0.5,-0.25,-0.4166666666666666,0.25,0.0,0.25,0.4166666666666666,0.25,0.0,-0.25,8,OD2,1,-0.1829257842905442,0.2
qwen,h1_dinc,65,main_perp,ChHr,1.02065,0.5016,0.31175,-0.18985,-0.03108333333333337,0.044625000000000026,0.028249999999999983,0.03845000000000001,-0.03108333333333337,0.044625000000000026,0.028249999999999983,0.03845000000000001,2.2499999999999996,1.0,0.5,-0.5,-0.24999999999999958,0.5,0.5,0.5,-0.24999999999999958,0.5,0.5,0.5,6,CO1,2,0.3294593112989456,1.0
qwen,h1_dinc,65,main_perp,CmAs,0.9743333333333335,0.48300000000000004,0.30725,-0.17575000000000002,-0.08036666666666654,0.08147499999999999,0.048750000000000016,0.07815,0.08036666666666659,0.08147499999999999,-0.048750000000000016,-0.07815000000000003,1.833333333333333,1.0,0.5,-0.5,-0.16666666666666646,0.5,0.5,0.5,0.16666666666666646,0.5,-0.5,-0.5,8,OD1,1,0.2694301256218253,1.7999999999999998
qwen,h1_dinc,65,main_perp,CmCm,0.9638749999999998,0.47877499999999995,0.28145,-0.19732499999999997,-0.06672499999999998,0.07975000000000002,0.044350000000000014,0.06837500000000002,0.06672499999999998,0.07975000000000002,-0.04435,-0.06837500000000002,1.6666666666666663,1.0,0.5,-0.5,4.623039550284263e-17,0.5,0.5,0.5,-4.623039550284263e-17,0.5,-0.5,-0.5,2,DD,1,-0.3079201435678004,0.8
qwen,h1_dinc,65,main_perp,CmDl,0.9650166666666665,0.4866,0.30667500000000003,-0.17992499999999995,-0.09860000000000002,0.09115000000000001,0.03222499999999999,0.064325,0.09860000000000002,0.09115000000000001,-0.032225000000000004,-0.064325,1.833333333333333,1.0,0.5,-0.5,-0.16666666666666646,0.5,0.5,0.5,0.16666666666666646,0.5,-0.5,-0.5,4,DD,1,0.0384900179459749,1.4
qwen,h1_dinc,65,main_perp,CmHa,0.9576416666666666,0.47732499999999994,0.29069999999999996,-0.18662499999999999,-0.09474166666666668,0.08662500000000002,0.0505,0.08182500000000002,0.09474166666666671,0.08662500000000004,-0.05050000000000002,-0.08182500000000004,1.4166666666666665,0.75,0.25,-0.5,-0.5833333333333333,0.5,0.25,0.5,0.5833333333333333,0.5,-0.25,-0.5,6,DD,1,0.0384900179459749,1.4
qwen,h1_dinc,65,main_perp,CmNc,0.9746499999999999,0.484775,0.289125,-0.19565,-0.07001666666666673,0.08365000000000003,0.032674999999999996,0.05490000000000003,0.07001666666666673,0.08365000000000003,-0.03267500000000001,-0.05490000000000003,1.833333333333333,1.0,0.5,-0.5,-0.16666666666666646,0.5,0.5,0.5,0.16666666666666646,0.5,-0.5,-0.5,8,DD,1,0.2694301256218253,1.7999999999999998
qwen,h1_dinc,65,main_perp,CoAs,0.9468333333333335,0.47435,0.3221,-0.15225,0.0875333333333333,0.04352500000000001,-0.007900000000000032,-0.04120000000000003,0.0875333333333333,0.04352500000000001,-0.007900000000000032,-0.04120000000000003,2.1666666666666665,1.0,0.75,-0.25,0.49999999999999994,0.5,-0.25,-0.25,0.49999999999999994,0.5,-0.25,-0.25,7,CO2,2,-0.6035533905932737,0.0
qwen,h1_dinc,65,main_perp,CoCo,0.99875,0.501275,0.35385,-0.14742500000000003,0.05350000000000002,0.038050000000000014,0.0016499999999999987,-0.015224999999999989,0.05350000000000002,0.038050000000000014,0.0016499999999999987,-0.015224999999999989,2.1666666666666665,1.0,1.0,0.0,0.5,0.5,0.0,0.0,0.5,0.5,0.0,0.0,7,CO1,2,-0.5169508502148299,0.2
qwen,h1_dinc,65,main_perp,CoSh,0.9789583333333333,0.487325,0.317575,-0.16975,0.06920833333333332,0.04955,-0.008075000000000027,-0.04120000000000003,0.06920833333333332,0.04955,-0.008075000000000027,-0.04120000000000003,2.1666666666666665,1.0,0.5,-0.5,0.49999999999999994,0.5,-0.5,-0.5,0.49999999999999994,0.5,-0.5,-0.5,8,CO2,2,-0.5169508502148299,0.2
qwen,h1_dinc,65,main_perp,HaAs,0.9607916666666665,0.47945000000000004,0.299325,-0.180125,0.10305833333333327,0.08209999999999998,-0.026375000000000037,-0.06447500000000003,0.10305833333333327,0.08209999999999998,-0.026375000000000037,-0.06447500000000003,1.9999999999999998,1.0,0.5,-0.5,0.3333333333333332,0.5,-0.5,-0.5,0.3333333333333332,0.5,-0.5,-0.5,7,OD2,1,-0.4233901974057255,0.6000000000000001
qwen,h1_dinc,65,main_perp,HaBa,0.9902666666666664,0.491725,0.27585000000000004,-0.21587499999999998,0.0618833333333333,0.072375,-0.045950000000000046,-0.06827500000000006,0.0618833333333333,0.072375,-0.045950000000000046,-0.06827500000000006,1.9999999999999998,1.0,0.5,-0.5,-4.623039550284263e-17,0.5,-0.5,-0.5,-4.623039550284263e-17,0.5,-0.5,-0.5,9,OD2,1,-0.4233901974057255,0.6000000000000001
qwen,h1_dinc,65,main_perp,HaCm,1.0273916666666667,0.5053,0.31565,-0.18965,0.013241666666666646,0.04600000000000001,-0.03840000000000002,-0.040100000000000025,0.013241666666666646,0.04600000000000001,-0.03840000000000002,-0.040100000000000025,2.1666666666666665,1.0,0.5,-0.5,0.16666666666666646,0.5,-0.5,-0.5,0.16666666666666646,0.5,-0.5,-0.5,1,DD,1,0.0384900179459749,1.4
qwen,h1_dinc,65,main_perp,HaDl,0.9929416666666667,0.488825,0.299775,-0.18905,0.054208333333333227,0.06775000000000002,-0.046475000000000044,-0.06775000000000002,0.054208333333333227,0.06775000000000002,-0.046475000000000044,-0.06775000000000002,2.083333333333333,1.0,0.5,-0.5,0.08333333333333309,0.5,-0.5,-0.5,0.08333333333333309,0.5,-0.5,-0.5,3,DD,1,-0.1924500897298753,1.0
qwen,h1_dinc,65,main_perp,HaHa,1.0118416666666668,0.5015000000000001,0.30025,-0.20124999999999998,0.09609166666666662,0.0837,-0.03630000000000003,-0.07145000000000001,0.09609166666666662,0.0837,-0.03630000000000003,-0.07145000000000001,1.833333333333333,1.0,0.5,-0.5,0.16666666666666646,0.5,-0.5,-0.5,0.16666666666666646,0.5,-0.5,-0.5,5,DD,1,-0.6543303050815759,0.2
qwen,h1_dinc,65,main_perp,HaNc,0.9989999999999997,0.49909999999999993,0.30432499999999996,-0.19477499999999998,0.09341666666666666,0.08797500000000001,-0.03957499999999997,-0.07677499999999997,0.09341666666666666,0.08797500000000001,-0.03957499999999997,-0.07677499999999997,1.6666666666666663,1.0,0.5,-0.5,-4.623039550284263e-17,0.5,-0.5,-0.5,-4.623039550284263e-17,0.5,-0.5,-0.5,7,DD,1,-0.7698003589195012,0.0
qwen,h1_dinc,65,main_perp,HaPc,0.9605166666666664,0.478175,0.3002,-0.177975,0.08783333333333329,0.06797499999999997,-0.02975,-0.06582499999999998,0.08783333333333329,0.06797499999999997,-0.02975,-0.06582499999999998,1.9999999999999998,1.0,0.5,-0.5,0.3333333333333332,0.5,-0.5,-0.5,0.3333333333333332,0.5,-0.5,-0.5,9,DD,1,-0.4233901974057255,0.6000000000000001
qwen,h1_dinc,65,main_perp,HrAs,1.045783333333333,0.51035,0.326825,-0.183525,-0.053299999999999986,0.05075,0.029424999999999993,0.04392500000000002,0.053300000000000035,0.05075000000000002,-0.029425000000000007,-0.04392500000000005,2.333333333333333,1.0,0.5,-0.5,-0.1666666666666662,0.5,0.5,0.5,0.1666666666666662,0.5,-0.5,-0.5,8,MP,0,0.68329601758822,2.0
qwen,h1_dinc,65,main_perp,HrBa,1.0207833333333332,0.502375,0.30172499999999997,-0.20065,-0.032500000000000036,0.06507500000000002,0.04307499999999999,0.05300000000000002,0.032500000000000064,0.06507500000000002,-0.043074999999999974,-0.05300000000000002,2.083333333333333,1.0,0.5,-0.5,-0.08333333333333309,0.5,0.5,0.5,0.08333333333333309,0.5,-0.5,-0.5,2,CO1,2,0.069651690163614,0.3999999999999999
qwen,h1_dinc,65,main_perp,HrCh,1.0245,0.511575,0.3214,-0.19017499999999998,-0.06461666666666667,0.06674999999999999,0.02990000000000001,0.05377500000000002,0.06461666666666664,0.06674999999999998,-0.029899999999999982,-0.05377499999999999,1.9166666666666663,1.0,0.5,-0.5,-0.24999999999999958,0.5,0.5,0.5,0.24999999999999958,0.5,-0.5,-0.5,4,CO1,2,0.3294593112989456,1.0
qwen,h1_dinc,65,main_perp,HrHr,1.0373166666666664,0.512175,0.308075,-0.2041,-0.05469999999999995,0.07227499999999998,0.033275,0.05409999999999998,0.05469999999999995,0.072275,-0.033275,-0.05409999999999998,2.083333333333333,1.0,0.5,-0.5,-0.08333333333333309,0.5,0.5,0.5,0.08333333333333309,0.5,-0.5,-0.5,2,CO2,2,-0.0169508502148298,0.2
qwen,h1_dinc,65,main_perp,ShAs,1.0148416666666666,0.5029250000000001,0.34292500000000004,-0.16,-0.027375000000000028,0.022050000000000028,-0.004975000000000007,0.0058,-0.027375000000000028,0.022050000000000028,-0.004975000000000007,0.0058,2.1666666666666665,1.0,1.0,0.0,0.16666666666666669,0.25,0.0,0.0,0.16666666666666669,0.25,0.0,0.0,8,CO1,2,-0.3437457694579421,0.6000000000000001
qwen,h1_dinc,65,main_perp,ShCo,0.9668166666666664,0.475525,0.3263,-0.14922500000000002,-0.022316666666666662,0.021775000000000003,0.009150000000000005,0.013825000000000011,-0.022316666666666662,0.021775000000000003,0.009150000000000005,0.013825000000000011,1.9999999999999998,1.0,1.0,0.0,0.0,0.0,0.0,0.0,0.0,0.0,0.0,0.0,9,CO2,2,-0.5169508502148299,0.2
qwen,h1_dinc,65,main_perp,ShSh,1.0342166666666666,0.5075,0.3463,-0.16119999999999998,-0.035149999999999924,0.02277499999999999,-0.0072499999999999926,0.007499999999999965,-0.035149999999999924,0.02277499999999999,-0.0072499999999999926,0.007499999999999965,2.3333333333333335,1.0,1.0,0.0,-0.16666666666666669,0.25,0.0,0.0,-0.16666666666666669,0.25,0.0,0.0,9,CO1,2,-0.2571432290794982,0.8
qwen,h1_dinc,65,random,AsAs,0.002241666666666665,0.015549999999999994,-1.3877787807814457e-17,0.00024999999999998634,-0.01882500000000002,0.023874999999999993,0.0,0.00040000000000001146,-0.01882500000000002,0.023874999999999993,0.0,0.00040000000000001146,0.0,0.0,0.0,0.0,0.0,0.0,0.0,0.0,0.0,0.0,0.0,0.0,1,CO1,2,-0.5169508502148299,0.2
qwen,h1_dinc,65,random,AsBa,0.0005333333333333665,0.015849999999999975,-2.4999999999997247e-05,-0.0006250000000000144,-0.03133333333333328,0.015825000000000006,0.00022500000000001685,0.015825000000000006,0.031333333333333324,0.015825000000000006,-0.00022500000000000298,-0.015825000000000006,0.0,0.0,0.0,0.0,0.0,0.0,0.0,0.0,0.0,0.0,0.0,0.0,2,MP,0,0.5678259637502947,1.7999999999999998
qwen,h1_dinc,65,random,AsCh,0.03211666666666666,0.01625,0.016125,0.00010000000000000286,-0.036466666666666675,0.02315000000000003,-0.015474999999999975,0.000250000000000028,0.03646666666666664,0.02315000000000003,0.015474999999999989,-0.0002500000000000002,0.41666666666666663,0.25,0.25,0.0,0.41666666666666663,0.25,0.25,0.0,-0.41666666666666663,0.25,-0.25,0.0,4,MP,0,0.3368858560744445,1.4
qwen,h1_dinc,65,random,AsCm,0.011108333333333324,0.0076999999999999985,0.00714999999999999,0.0002249999999999891,0.0007750000000000147,0.015524999999999997,0.00655,-0.00017500000000000848,-0.0007750000000000701,0.015524999999999983,-0.00655,0.00017500000000003624,0.5833333333333334,0.25,0.25,0.0,-0.5833333333333334,0.25,-0.25,0.0,0.5833333333333334,0.25,0.25,0.0,2,OD1,1,0.7408346464128569,1.7999999999999998
qwen,h1_dinc,65,random,AsCo,-0.0031083333333333423,0.015000000000000013,-0.015000000000000013,-0.007225000000000009,-0.01845833333333333,0.015825000000000006,0.0004500000000000337,0.008525000000000033,-0.01845833333333333,0.015825000000000006,0.0004500000000000337,0.008525000000000033,0.0,0.0,0.0,0.0,0.0,0.0,0.0,0.0,0.0,0.0,0.0,0.0,1,CO2,2,-0.6035533905932737,0.0
qwen,h1_dinc,65,random,AsDl,0.01051666666666666,0.008025000000000004,0.007425000000000015,-0.00037499999999998646,0.009849999999999937,0.02345,0.007825000000000013,0.00017500000000003624,-0.009849999999999932,0.02345,-0.007824999999999999,-0.00017500000000003624,0.08333333333333334,0.25,0.0,0.0,-0.08333333333333334,0.25,0.0,0.0,0.08333333333333334,0.25,0.0,0.0,4,OD1,1,0.5098945387370066,1.4
qwen,h1_dinc,65,random,AsHa,-7.499999999999232e-05,0.023575000000000013,0.023025000000000004,0.0155,0.009891666666666656,0.007774999999999976,0.007774999999999976,9.999999999998899e-05,0.009891666666666656,0.007774999999999976,0.007774999999999976,9.999999999998899e-05,0.0,0.0,0.0,0.0,0.0,0.0,0.0,0.0,0.0,0.0,0.0,0.0,1,OD2,1,0.048014323385306,0.6000000000000001
qwen,h1_dinc,65,random,AsHr,0.011533333333333293,0.02345,0.02345,0.015200000000000019,-0.005616666666666715,0.016249999999999987,-0.007850000000000024,0.0002999999999999947,0.005616666666666641,0.016249999999999987,0.007850000000000024,-0.00029999999999996696,0.41666666666666663,0.25,0.25,0.0,-0.41666666666666663,0.25,-0.25,0.0,0.41666666666666663,0.25,0.25,0.0,6,MP,0,0.68329601758822,2.0
qwen,h1_dinc,65,random,AsNc,0.019008333333333332,0.016174999999999995,-0.007775000000000004,-0.015600000000000003,-0.03295833333333328,0.023325000000000012,-0.007775000000000004,0.014899999999999983,-0.03295833333333328,0.023325000000000012,-0.007775000000000004,0.014899999999999983,0.0,0.0,0.0,0.0,0.0,0.0,0.0,0.0,0.0,0.0,0.0,0.0,3,OD2,1,0.1634843772232312,0.8
qwen,h1_dinc,65,random,AsPc,-0.013566666666666657,0.014600000000000002,-0.014175000000000007,-0.007200000000000012,0.013649999999999976,0.008150000000000018,0.00017499999999998073,-0.006450000000000011,0.013649999999999976,0.008150000000000018,0.00017499999999998073,-0.006450000000000011,0.0,0.0,0.0,0.0,0.0,0.0,0.0,0.0,0.0,0.0,0.0,0.0,5,OD2,1,-0.1829257842905442,0.2
qwen,h1_dinc,65,random,AsPd,0.0022166666666666927,0.016274999999999998,-0.00019999999999999185,-0.007775000000000004,-0.023133333333333266,0.015149999999999997,0.00010000000000001674,0.007924999999999988,0.023133333333333266,0.015149999999999997,-0.00010000000000001674,-0.007924999999999988,0.49999999999999994,0.25,0.0,-0.25,0.49999999999999994,0.25,0.0,-0.25,-0.49999999999999994,0.25,0.0,0.25,6,OD1,1,0.3944244848990815,1.2
qwen,h1_dinc,65,random,AsSh,-0.00251666666666665,0.015700000000000006,0.00045000000000000595,0.007874999999999993,-0.017433333333333346,0.023075000000000026,0.015400000000000011,0.022925,-0.017433333333333346,0.023075000000000026,0.015400000000000011,0.022925,0.0,0.0,0.0,0.0,0.0,0.0,0.0,0.0,0.0,0.0,0.0,0.0,3,CO1,2,-0.3437457694579421,0.6000000000000001
qwen,h1_dinc,65,random,BaAs,-0.02313333333333334,0.015625,-0.0005499999999999949,0.015075000000000005,-0.0027166666666666684,0.008549999999999988,-0.0005499999999999949,-0.0004249999999999948,-0.0027166666666666684,0.008549999999999988,-0.0005499999999999949,-0.0004249999999999948,0.08333333333333334,0.25,0.0,0.0,-0.08333333333333334,0.25,0.0,0.0,-0.08333333333333334,0.25,0.0,0.0,1,MP,0,0.5678259637502947,1.7999999999999998
qwen,h1_dinc,65,random,BaBa,0.050874999999999976,0.030524999999999997,0.006999999999999992,-0.016075000000000006,0.017508333333333344,0.016775000000000012,0.008300000000000016,-0.0005249999999999838,0.017508333333333344,0.016775000000000012,0.008300000000000016,-0.0005249999999999838,0.41666666666666663,0.25,0.25,0.0,0.41666666666666663,0.25,0.25,0.0,0.41666666666666663,0.25,0.25,0.0,3,CO2,2,-0.0169508502148298,0.2
qwen,h1_dinc,65,random,BaCh,0.0072333333333333034,0.015800000000000022,0.007625000000000007,-0.00122499999999999,0.010483333333333332,0.031500000000000014,-0.007525000000000004,0.0001250000000000001,0.010483333333333332,0.031500000000000014,-0.007525000000000004,0.0001250000000000001,0.0,0.0,0.0,0.0,0.0,0.0,0.0,0.0,0.0,0.0,0.0,0.0,4,CO2,2,0.1562542305420579,0.6000000000000001
qwen,h1_dinc,65,random,BaCm,0.0032500000000000207,0.015200000000000005,0.0002500000000000002,-0.000125000000000014,0.02851666666666668,0.015799999999999995,0.01554999999999998,-2.5000000000025002e-05,0.02851666666666668,0.015799999999999995,0.01554999999999998,-2.5000000000025002e-05,-0.41666666666666663,0.25,-0.25,0.0,0.41666666666666663,0.25,0.25,0.0,0.41666666666666663,0.25,0.25,0.0,1,OD1,1,0.2789544310611563,1.0
qwen,h1_dinc,65,random,BaCo,0.0038416666666666603,0.015599999999999989,0.007474999999999982,0.008074999999999985,0.006758333333333344,0.030499999999999958,0.023274999999999976,0.007174999999999987,0.006758333333333344,0.030499999999999958,0.023274999999999976,0.007174999999999987,0.0,0.0,0.0,0.0,0.0,0.0,0.0,0.0,0.0,0.0,0.0,0.0,3,MP,0,0.4523559099123697,1.6
qwen,h1_dinc,65,random,BaDl,0.004891666666666655,0.00789999999999999,0.00022500000000000298,5.000000000000837e-05,-0.05729166666666667,0.030875,-0.015474999999999989,0.015400000000000011,-0.05729166666666667,0.030875,-0.015474999999999989,0.015400000000000011,0.5833333333333333,0.25,0.0,-0.25,-0.5833333333333333,0.25,0.0,0.25,-0.5833333333333333,0.25,0.0,0.25,3,OD1,1,0.5098945387370066,1.4
qwen,h1_dinc,65,random,BaHa,0.03973333333333338,0.02255000000000003,0.014825000000000005,-0.0077250000000000235,-0.010116666666666682,0.008349999999999996,-0.00027499999999999747,0.007575000000000012,0.010116666666666671,0.008349999999999996,0.00027499999999999747,-0.007574999999999998,0.0,0.0,0.0,0.0,0.0,0.0,0.0,0.0,0.0,0.0,0.0,0.0,2,OD2,1,0.048014323385306,0.6000000000000001
qwen,h1_dinc,65,random,BaHr,-0.006899999999999998,0.008349999999999996,-0.00045000000000000595,0.00032499999999999196,-0.00831666666666674,0.015499999999999958,0.015499999999999958,0.014875,-0.00831666666666674,0.015499999999999958,0.015499999999999958,0.014875,-0.16666666666666669,0.25,0.0,0.0,0.9999999999999999,0.5,0.5,0.0,0.9999999999999999,0.5,0.5,0.0,5,CO1,2,0.069651690163614,0.3999999999999999
qwen,h1_dinc,65,random,BaNc,0.05742500000000002,0.0238,0.0238,2.4999999999997247e-05,-0.005125000000000012,0.015650000000000025,0.007900000000000018,0.015575000000000033,0.00512499999999997,0.015650000000000053,-0.007900000000000046,-0.015575000000000061,0.0,0.0,0.0,0.0,0.0,0.0,0.0,0.0,0.0,0.0,0.0,0.0,4,OD2,1,0.1634843772232312,0.8
qwen,h1_dinc,65,random,BaPc,0.01179999999999999,0.015924999999999995,-0.0004250000000000226,-0.007775000000000018,-0.036516666666666656,0.030375,-0.030375,-0.008375000000000007,0.03651666666666674,0.030375000000000013,0.030375000000000013,0.008374999999999994,0.0,0.0,0.0,0.0,0.0,0.0,0.0,0.0,0.0,0.0,0.0,0.0,6,OD2,1,0.2789544310611563,1.0
qwen,h1_dinc,65,random,BaPd,0.007600000000000032,0.007949999999999999,0.007300000000000029,-0.0003499999999999892,0.0002500000000000008,0.015949999999999992,-0.006699999999999998,-0.0003500000000000031,0.0002500000000000008,0.015949999999999992,-0.006699999999999998,-0.0003500000000000031,0.0,0.0,0.0,0.0,0.0,0.0,0.0,0.0,0.0,0.0,0.0,0.0,5,OD1,1,0.3944244848990815,1.2
qwen,h1_dinc,65,random,BaSh,0.023099999999999996,0.023400000000000004,-0.007275000000000004,-0.022650000000000003,0.016666666666666684,0.02245000000000001,0.007875000000000007,-0.006850000000000009,0.016666666666666684,0.02245000000000001,0.007875000000000007,-0.006850000000000009,0.0,0.0,0.0,0.0,0.0,0.0,0.0,0.0,0.0,0.0,0.0,0.0,5,MP,0,0.3368858560744445,1.4
qwen,h1_dinc,65,random,ChAs,-0.005374999999999981,0.015075000000000019,-0.00739999999999999,0.0001749999999999946,0.009824999999999997,0.022950000000000012,0.007800000000000001,0.0001250000000000001,0.009824999999999997,0.022950000000000012,0.007800000000000001,0.0001250000000000001,0.0,0.0,0.0,0.0,0.0,0.0,0.0,0.0,0.0,0.0,0.0,0.0,7,MP,0,0.3368858560744445,1.4
qwen,h1_dinc,65,random,ChBa,0.05394999999999994,0.029574999999999976,0.0003000000000000086,-0.029274999999999968,0.004800000000000013,0.007874999999999993,0.0003000000000000086,0.00027499999999999747,0.004800000000000013,0.007874999999999993,0.0003000000000000086,0.00027499999999999747,-0.08333333333333334,0.25,0.0,0.0,0.08333333333333334,0.25,0.0,0.0,0.08333333333333334,0.25,0.0,0.0,5,CO2,2,0.1562542305420579,0.6000000000000001
qwen,h1_dinc,65,random,ChCh,-0.004599999999999968,0.00810000000000001,-0.007099999999999981,-0.0073750000000000066,-0.03378333333333329,0.014875,-0.007699999999999985,0.006774999999999989,-0.03378333333333329,0.014875,-0.007699999999999985,0.006774999999999989,0.49999999999999994,0.25,0.0,-0.25,-0.49999999999999994,0.25,0.0,0.25,-0.49999999999999994,0.25,0.0,0.25,6,CO2,2,0.2428567709205017,0.8
qwen,h1_dinc,65,random,ChCm,0.014658333333333296,0.014949999999999991,0.00017500000000000848,-0.0069999999999999785,0.03045833333333338,0.023275000000000018,0.014424999999999993,-0.008500000000000035,0.03045833333333338,0.023275000000000018,0.014424999999999993,-0.008500000000000035,-0.4166666666666666,0.25,0.0,0.25,0.4166666666666666,0.25,0.0,-0.25,0.4166666666666666,0.25,0.0,-0.25,7,OD1,1,0.6253645925749319,1.6
qwen,h1_dinc,65,random,ChCo,0.0020166666666666905,0.02249999999999998,-0.00020000000000000573,-5.000000000002225e-05,0.009166666666666686,0.015899999999999997,0.015899999999999997,0.014949999999999991,0.009166666666666686,0.015899999999999997,0.015899999999999997,0.014949999999999991,-0.5833333333333334,0.25,-0.25,0.0,0.5833333333333334,0.25,0.25,0.0,0.5833333333333334,0.25,0.25,0.0,9,MP,0,0.1059457483985941,1.0
qwen,h1_dinc,65,random,ChDl,-0.0024333333333333316,0.0077999999999999875,0.0076999999999999985,0.007650000000000004,0.0024666666666666873,0.007900000000000004,-0.007899999999999976,-0.007900000000000004,0.0024666666666666873,0.007900000000000004,-0.007899999999999976,-0.007900000000000004,0.0,0.0,0.0,0.0,0.0,0.0,0.0,0.0,0.0,0.0,0.0,0.0,9,OD1,1,0.7408346464128569,1.7999999999999998
qwen,h1_dinc,65,random,ChHa,0.04570833333333333,0.02302499999999999,0.015349999999999975,-0.007350000000000023,0.00524166666666665,0.015375,-0.00014999999999998348,-0.008199999999999985,-0.005241666666666653,0.015375,0.00014999999999998348,0.008199999999999985,0.2500000000000001,0.25,0.25,0.25,-0.2500000000000001,0.25,-0.25,-0.25,0.2500000000000001,0.25,0.25,0.25,8,OD2,1,-0.1829257842905442,0.2
qwen,h1_dinc,65,random,ChHr,0.030349999999999978,0.015449999999999992,-0.0001749999999999946,-0.015449999999999992,-0.0046833333333333215,0.007824999999999971,-0.0002249999999999891,-0.0003499999999999892,-0.0046833333333333215,0.007824999999999971,-0.0002249999999999891,-0.0003499999999999892,0.0,0.0,0.0,0.0,0.0,0.0,0.0,0.0,0.0,0.0,0.0,0.0,6,CO1,2,0.3294593112989456,1.0
qwen,h1_dinc,65,random,CmAs,0.03411666666666667,0.020050000000000012,0.020050000000000012,0.0008500000000000174,0.013616666666666756,0.01545000000000002,0.008099999999999996,-0.0016000000000000458,-0.013616666666666784,0.015449999999999992,-0.008099999999999996,0.0016000000000000458,0.0,0.0,0.0,0.0,0.0,0.0,0.0,0.0,0.0,0.0,0.0,0.0,8,OD1,1,0.2694301256218253,1.7999999999999998
qwen,h1_dinc,65,random,CmCm,0.04537500000000002,0.02625000000000001,0.00752499999999999,-0.01872500000000002,0.027391666666666686,0.014600000000000016,0.007325000000000012,-0.007275000000000004,-0.02739166666666674,0.01460000000000003,-0.007324999999999998,0.0072750000000000314,0.0,0.0,0.0,0.0,0.0,0.0,0.0,0.0,0.0,0.0,0.0,0.0,2,DD,1,-0.3079201435678004,0.8
qwen,h1_dinc,65,random,CmDl,0.026925000000000015,0.023425,0.015250000000000014,-0.008174999999999988,-0.04072499999999995,0.020574999999999982,-0.013250000000000012,0.00732499999999997,0.040724999999999976,0.02057500000000001,0.013250000000000012,-0.007324999999999998,0.0,0.0,0.0,0.0,0.0,0.0,0.0,0.0,0.0,0.0,0.0,0.0,4,DD,1,0.0384900179459749,1.4
qwen,h1_dinc,65,random,CmHa,0.011233333333333309,0.007099999999999995,-0.001700000000000007,-0.007099999999999995,0.012516666666666709,0.016250000000000014,0.016250000000000014,0.00764999999999999,-0.012516666666666709,0.016250000000000014,-0.016250000000000014,-0.00764999999999999,0.0,0.0,0.0,0.0,0.0,0.0,0.0,0.0,0.0,0.0,0.0,0.0,6,DD,1,0.0384900179459749,1.4
qwen,h1_dinc,65,random,CmNc,0.024925000000000013,0.018275000000000013,0.01817500000000004,-9.999999999997511e-05,0.0247583333333333,0.0155,-0.004125000000000004,-0.0155,-0.024758333333333257,0.015499999999999958,0.00412499999999999,0.015499999999999958,0.0,0.0,0.0,0.0,0.0,0.0,0.0,0.0,0.0,0.0,0.0,0.0,8,DD,1,0.2694301256218253,1.7999999999999998
qwen,h1_dinc,65,random,CoAs,0.019650000000000025,0.021350000000000008,0.01440000000000001,0.008575,-0.012083333333333376,0.014400000000000024,-0.014400000000000024,-0.007075000000000012,-0.012083333333333376,0.014400000000000024,-0.014400000000000024,-0.007075000000000012,0.0,0.0,0.0,0.0,0.0,0.0,0.0,0.0,0.0,0.0,0.0,0.0,7,CO2,2,-0.6035533905932737,0.0
qwen,h1_dinc,65,random,CoCo,0.007216666666666655,0.023150000000000004,0.023150000000000004,0.015550000000000008,0.012850000000000037,0.015949999999999978,0.008400000000000005,0.00029999999999998084,0.012850000000000037,0.015949999999999978,0.008400000000000005,0.00029999999999998084,0.49999999999999994,0.25,0.25,0.0,0.49999999999999994,0.25,0.25,0.0,0.49999999999999994,0.25,0.25,0.0,7,CO1,2,-0.5169508502148299,0.2
qwen,h1_dinc,65,random,CoSh,0.04193333333333334,0.022300000000000014,0.00810000000000001,-0.014200000000000004,0.01978333333333333,0.008900000000000047,0.007449999999999984,-0.0008499999999999897,0.01978333333333333,0.008900000000000047,0.007449999999999984,-0.0008499999999999897,0.16666666666666669,0.25,0.0,0.0,0.16666666666666669,0.25,0.0,0.0,0.16666666666666669,0.25,0.0,0.0,8,CO2,2,-0.5169508502148299,0.2
qwen,h1_dinc,65,random,HaAs,0.015150000000000045,0.007700000000000026,0.00045000000000000595,-0.00725000000000002,0.008583333333333429,0.01352500000000001,0.0131,0.006449999999999956,0.008583333333333429,0.01352500000000001,0.0131,0.006449999999999956,0.0,0.0,0.0,0.0,0.0,0.0,0.0,0.0,0.0,0.0,0.0,0.0,7,OD2,1,-0.4233901974057255,0.6000000000000001
qwen,h1_dinc,65,random,HaBa,-0.0024666666666666565,0.028924999999999992,-0.015174999999999994,-0.013975000000000001,-0.021566666666666668,0.015749999999999986,-0.014575000000000032,0.0011249999999999594,-0.021566666666666668,0.015749999999999986,-0.014575000000000032,0.0011249999999999594,0.0,0.0,0.0,0.0,0.0,0.0,0.0,0.0,0.0,0.0,0.0,0.0,9,OD2,1,-0.4233901974057255,0.6000000000000001
qwen,h1_dinc,65,random,HaCm,0.018341666666666714,0.015425000000000008,0.00010000000000001674,-0.007650000000000004,-0.019624999999999976,0.015899999999999997,-0.015899999999999997,-0.0072500000000000064,-0.019624999999999976,0.015899999999999997,-0.015899999999999997,-0.0072500000000000064,0.0,0.0,0.0,0.0,0.0,0.0,0.0,0.0,0.0,0.0,0.0,0.0,1,DD,1,0.0384900179459749,1.4
qwen,h1_dinc,65,random,HaDl,0.016108333333333284,0.02247499999999998,0.005275000000000002,-0.007674999999999987,0.02560833333333332,0.02207500000000001,-0.009374999999999994,-0.02207500000000001,0.02560833333333332,0.02207500000000001,-0.009374999999999994,-0.02207500000000001,0.0,0.0,0.0,0.0,0.0,0.0,0.0,0.0,0.0,0.0,0.0,0.0,3,DD,1,-0.1924500897298753,1.0
qwen,h1_dinc,65,random,HaHa,-0.0043000000000000425,0.00839999999999999,-0.008099999999999982,-0.007124999999999965,-0.003416666666666662,0.007675000000000015,-0.0068000000000000005,-0.0064750000000000085,-0.003416666666666662,0.007675000000000015,-0.0068000000000000005,-0.0064750000000000085,0.0,0.0,0.0,0.0,0.0,0.0,0.0,0.0,0.0,0.0,0.0,0.0,5,DD,1,-0.6543303050815759,0.2
qwen,h1_dinc,65,random,HaNc,-0.03299999999999999,0.02105,0.0,0.0087,0.01076666666666659,0.013375000000000026,0.0,-0.0066499999999999615,0.01076666666666659,0.013375000000000026,0.0,-0.0066499999999999615,0.0,0.0,0.0,0.0,0.0,0.0,0.0,0.0,0.0,0.0,0.0,0.0,7,DD,1,-0.7698003589195012,0.0
qwen,h1_dinc,65,random,HaPc,0.03586666666666668,0.021275000000000002,0.006324999999999997,-0.014250000000000013,0.020349999999999938,0.014899999999999969,-0.006974999999999981,-0.014899999999999969,0.020349999999999938,0.014899999999999969,-0.006974999999999981,-0.014899999999999969,0.0,0.0,0.0,0.0,0.0,0.0,0.0,0.0,0.0,0.0,0.0,0.0,9,DD,1,-0.4233901974057255,0.6000000000000001
qwen,h1_dinc,65,random,HrAs,0.03239166666666669,0.030100000000000016,0.022700000000000026,0.01547500000000003,-0.011708333333333343,0.022624999999999992,-0.007849999999999996,-0.0008750000000000008,0.011708333333333308,0.02262499999999998,0.007849999999999968,0.0008749999999999869,0.0,0.0,0.0,0.0,0.0,0.0,0.0,0.0,0.0,0.0,0.0,0.0,8,MP,0,0.68329601758822,2.0
qwen,h1_dinc,65,random,HrBa,0.018200000000000008,0.015200000000000005,0.005975000000000008,-0.006199999999999997,-0.015650000000000035,0.015549999999999994,-0.006025000000000003,0.005300000000000013,0.01564999999999995,0.015550000000000008,0.006025000000000003,-0.005299999999999971,0.0,0.0,0.0,0.0,0.0,0.0,0.0,0.0,0.0,0.0,0.0,0.0,2,CO1,2,0.069651690163614,0.3999999999999999
qwen,h1_dinc,65,random,HrCh,0.049549999999999976,0.028249999999999983,0.021274999999999974,-0.006975000000000009,0.01794999999999997,0.021999999999999992,-0.006374999999999978,-0.00682499999999997,-0.01795,0.02200000000000002,0.006374999999999992,0.006824999999999998,0.0,0.0,0.0,0.0,0.0,0.0,0.0,0.0,0.0,0.0,0.0,0.0,4,CO1,2,0.3294593112989456,1.0
qwen,h1_dinc,65,random,HrHr,0.013233333333333312,0.021475000000000008,0.014349999999999988,0.007599999999999996,0.022283333333333342,0.014225000000000015,0.0021000000000000046,-0.007099999999999995,-0.022283333333333325,0.014224999999999988,-0.0021000000000000185,0.0070999999999999674,0.0,0.0,0.0,0.0,0.0,0.0,0.0,0.0,0.0,0.0,0.0,0.0,2,CO2,2,-0.0169508502148298,0.2
qwen,h1_dinc,65,random,ShAs,0.010133333333333324,0.030149999999999996,0.022750000000000006,0.007700000000000012,0.010266666666666651,0.014825000000000005,0.00739999999999999,0.006999999999999992,0.010266666666666651,0.014825000000000005,0.00739999999999999,0.006999999999999992,0.0,0.0,0.0,0.0,0.0,0.0,0.0,0.0,0.0,0.0,0.0,0.0,8,CO1,2,-0.3437457694579421,0.6000000000000001
qwen,h1_dinc,65,random,ShCo,0.025166666666666657,0.015425000000000008,-0.0071500000000000175,-0.014600000000000016,-0.046166666666666675,0.023050000000000015,-0.0075000000000000205,0.015549999999999994,-0.046166666666666675,0.023050000000000015,-0.0075000000000000205,0.015549999999999994,0.0,0.0,0.0,0.0,0.0,0.0,0.0,0.0,0.0,0.0,0.0,0.0,9,CO2,2,-0.5169508502148299,0.2
qwen,h1_dinc,65,random,ShSh,0.01510833333333335,0.030775000000000025,0.007275000000000004,0.007150000000000004,-2.5000000000095e-05,0.015850000000000017,-0.008125000000000035,-0.007999999999999993,-2.5000000000095e-05,0.015850000000000017,-0.008125000000000035,-0.007999999999999993,0.0,0.0,0.0,0.0,0.0,0.0,0.0,0.0,0.0,0.0,0.0,0.0,9,CO1,2,-0.2571432290794982,0.8
qwen,h1_dinc,79,main,AsAs,0.7368416666666666,0.36100000000000004,0.1835,-0.17750000000000005,-0.017758333333333307,0.009899999999999992,0.0009500000000000064,0.009899999999999992,-0.017758333333333307,0.009899999999999992,0.0009500000000000064,0.009899999999999992,2.1666666666666665,1.0,1.0,0.0,-0.16666666666666669,0.25,0.0,0.0,-0.16666666666666669,0.25,0.0,0.0,1,CO1,2,-0.5169508502148299,0.2
qwen,h1_dinc,79,main,AsBa,0.7541249999999999,0.37460000000000004,0.18707500000000002,-0.187525,-0.011991666666666682,0.016024999999999998,-0.008374999999999994,-0.005374999999999991,0.011991666666666677,0.016024999999999984,0.008374999999999994,0.005374999999999991,2.333333333333333,1.0,0.75,-0.25,0.1666666666666666,0.25,-0.25,-0.25,-0.1666666666666666,0.25,0.25,0.25,2,MP,0,0.5678259637502947,1.7999999999999998
qwen,h1_dinc,79,main,AsCh,0.7618083333333332,0.380225,0.19727499999999998,-0.18295,0.018574999999999942,0.026699999999999995,-0.015425000000000008,-0.026699999999999995,-0.018574999999999908,0.0267,0.015425000000000022,0.0267,2.1666666666666665,1.0,1.0,0.0,0.0,0.0,0.0,0.0,0.0,0.0,0.0,0.0,4,MP,0,0.3368858560744445,1.4
qwen,h1_dinc,79,main,AsCm,0.7598666666666665,0.378425,0.196925,-0.1815,-0.012350000000000033,0.016425000000000023,0.003175000000000011,0.007850000000000038,0.012350000000000009,0.016424999999999995,-0.003175000000000011,-0.007850000000000024,2.083333333333333,1.0,1.0,0.0,-0.41666666666666674,0.5,0.0,0.0,0.41666666666666674,0.5,0.0,0.0,2,OD1,1,0.7408346464128569,1.7999999999999998
qwen,h1_dinc,79,main,AsCo,0.729625,0.36727499999999996,0.18309999999999998,-0.18417499999999998,-0.00037500000000002137,0.014724999999999974,0.014700000000000005,0.01257500000000003,-0.00037500000000002137,0.014724999999999974,0.014700000000000005,0.01257500000000003,2.083333333333333,1.0,1.0,0.0,0.08333333333333334,0.25,0.0,0.0,0.08333333333333334,0.25,0.0,0.0,1,CO2,2,-0.6035533905932737,0.0
qwen,h1_dinc,79,main,AsDl,0.7572249999999998,0.37457500000000005,0.18860000000000005,-0.185975,-0.014291666666666605,0.016250000000000014,-0.004699999999999954,0.0038750000000000173,0.01429166666666661,0.016250000000000014,0.004699999999999954,-0.0038750000000000173,2.4166666666666665,1.0,1.0,0.0,-0.08333333333333334,0.25,0.0,0.0,0.08333333333333334,0.25,0.0,0.0,4,OD1,1,0.5098945387370066,1.4
qwen,h1_dinc,79,main,AsHa,0.7640416666666667,0.37925000000000003,0.20587500000000003,-0.173375,0.008308333333333353,0.015975000000000003,-0.007525000000000004,-0.011675000000000019,0.008308333333333353,0.015975000000000003,-0.007525000000000004,-0.011675000000000019,1.9999999999999998,1.0,1.0,0.0,0.33333333333333337,0.5,0.0,0.0,0.33333333333333337,0.5,0.0,0.0,1,OD2,1,0.048014323385306,0.6000000000000001
qwen,h1_dinc,79,main,AsHr,0.7693416666666668,0.38205,0.21062500000000003,-0.171425,0.005225000000000011,0.00845,0.0006249999999999728,0.0003749999999999795,-0.005224999999999991,0.008450000000000013,-0.0006249999999999589,-0.00037499999999998646,1.5,0.75,0.75,0.0,-0.6666666666666667,0.25,-0.25,0.0,0.6666666666666667,0.25,0.25,0.0,6,MP,0,0.68329601758822,2.0
qwen,h1_dinc,79,main,AsNc,0.7958083333333335,0.394575,0.20475,-0.18982500000000002,-0.012241666666666623,0.022425000000000028,-0.007800000000000015,-0.006275000000000044,-0.012241666666666623,0.022425000000000028,-0.007800000000000015,-0.006275000000000044,2.1666666666666665,1.0,1.0,0.0,0.0,0.0,0.0,0.0,0.0,0.0,0.0,0.0,3,OD2,1,0.1634843772232312,0.8
qwen,h1_dinc,79,main,AsPc,0.73205,0.36335,0.17735,-0.186,-0.04201666666666669,0.02540000000000002,-0.02250000000000002,0.0029,-0.04201666666666669,0.02540000000000002,-0.02250000000000002,0.0029,1.9999999999999998,1.0,1.0,0.0,0.0,0.0,0.0,0.0,0.0,0.0,0.0,0.0,5,OD2,1,-0.1829257842905442,0.2
qwen,h1_dinc,79,main,AsPd,0.7689416666666667,0.37549999999999994,0.18542499999999998,-0.190075,-0.0059249999999999884,0.015424999999999994,0.0034249999999999836,0.010024999999999992,0.005925000000000012,0.015424999999999994,-0.0034249999999999836,-0.010025000000000006,2.416666666666666,1.0,0.75,-0.25,0.08333333333333334,0.5,-0.25,-0.25,-0.08333333333333334,0.5,0.25,0.25,6,OD1,1,0.3944244848990815,1.2
qwen,h1_dinc,79,main,AsSh,0.7780666666666667,0.38615,0.2062,-0.17995,-0.010266666666666752,0.015400000000000011,0.006549999999999959,0.011699999999999995,-0.010266666666666752,0.015400000000000011,0.006549999999999959,0.011699999999999995,2.083333333333333,1.0,1.0,0.0,0.08333333333333334,0.25,0.0,0.0,0.08333333333333334,0.25,0.0,0.0,3,CO1,2,-0.3437457694579421,0.6000000000000001
qwen,h1_dinc,79,main,BaAs,0.7474666666666666,0.37122499999999997,0.19689999999999996,-0.174325,-0.026016666666666667,0.01625,-0.012449999999999989,0.0001250000000000001,-0.026016666666666667,0.01625,-0.012449999999999989,0.0001250000000000001,2.083333333333333,1.0,1.0,0.0,-0.41666666666666674,0.5,0.0,0.0,-0.41666666666666674,0.5,0.0,0.0,1,MP,0,0.5678259637502947,1.7999999999999998
qwen,h1_dinc,79,main,BaBa,0.7579083333333332,0.372525,0.18984999999999996,-0.182675,-0.003891666666666688,0.013175000000000048,0.007900000000000032,0.013175000000000048,-0.003891666666666688,0.013175000000000048,0.007900000000000032,0.013175000000000048,2.1666666666666665,1.0,0.75,-0.25,2.3115197751421316e-17,0.25,0.25,0.25,2.3115197751421316e-17,0.25,0.25,0.25,3,CO2,2,-0.0169508502148298,0.2
qwen,h1_dinc,79,main,BaCh,0.7799166666666665,0.389475,0.20109999999999997,-0.18837500000000001,-0.013333333333333336,0.012024999999999994,-0.004449999999999996,0.004525000000000001,-0.013333333333333336,0.012024999999999994,-0.004449999999999996,0.004525000000000001,2.416666666666666,1.0,0.75,-0.25,-0.24999999999999997,0.25,0.25,0.25,-0.24999999999999997,0.25,0.25,0.25,4,CO2,2,0.1562542305420579,0.6000000000000001
qwen,h1_dinc,79,main,BaCm,0.7947416666666662,0.39039999999999997,0.18847499999999998,-0.20192500000000002,-0.04100833333333332,0.023924999999999974,-0.004175000000000012,0.009324999999999993,-0.04100833333333332,0.023924999999999974,-0.004175000000000012,0.009324999999999993,2.2499999999999996,1.0,0.5,-0.5,-0.24999999999999958,0.5,0.5,0.5,-0.24999999999999958,0.5,0.5,0.5,1,OD1,1,0.2789544310611563,1.0
qwen,h1_dinc,79,main,BaCo,0.80775,0.3993,0.207475,-0.19182500000000002,0.009666666666666735,0.021025000000000002,0.021025000000000002,0.015074999999999977,0.009666666666666735,0.021025000000000002,0.021025000000000002,0.015074999999999977,2.2500000000000004,1.0,0.75,-0.25,-0.08333333333333323,0.25,0.25,0.25,-0.08333333333333323,0.25,0.25,0.25,3,MP,0,0.4523559099123697,1.6
qwen,h1_dinc,79,main,BaDl,0.7780416666666664,0.385925,0.19662500000000002,-0.1893,-0.019941666666666715,0.01252500000000003,0.002224999999999991,0.012200000000000023,-0.019941666666666715,0.01252500000000003,0.002224999999999991,0.012200000000000023,1.666666666666667,0.75,0.5,-0.25,-0.8333333333333331,0.5,0.0,0.25,-0.8333333333333331,0.5,0.0,0.25,3,OD1,1,0.5098945387370066,1.4
qwen,h1_dinc,79,main,BaHa,0.7553333333333332,0.371425,0.20109999999999997,-0.170325,0.007333333333333305,0.01294999999999999,0.01294999999999999,0.008375000000000007,-0.007333333333333334,0.01294999999999999,-0.01294999999999999,-0.008374999999999994,2.1666666666666665,1.0,0.75,-0.25,-0.1666666666666666,0.25,0.25,0.25,0.1666666666666666,0.25,-0.25,-0.25,2,OD2,1,0.048014323385306,0.6000000000000001
qwen,h1_dinc,79,main,BaHr,0.7945749999999999,0.39402499999999996,0.190775,-0.20325,0.02077499999999992,0.02037499999999995,0.02037499999999995,0.008049999999999988,0.02077499999999992,0.02037499999999995,0.02037499999999995,0.008049999999999988,2.166666666666666,1.0,0.5,-0.5,5.179259186036526e-16,0.5,0.5,0.5,5.179259186036526e-16,0.5,0.5,0.5,5,CO1,2,0.069651690163614,0.3999999999999999
qwen,h1_dinc,79,main,BaNc,0.7709666666666667,0.381175,0.21327499999999996,-0.16790000000000002,-0.0017333333333333272,0.008175000000000002,0.0004750000000000171,0.00020000000000000573,0.0017333333333333645,0.008174999999999988,-0.00047500000000003095,-0.00020000000000003348,2.4166666666666665,1.0,1.0,0.0,-0.08333333333333334,0.25,0.0,0.0,0.08333333333333334,0.25,0.0,0.0,4,OD2,1,0.1634843772232312,0.8
qwen,h1_dinc,79,main,BaPc,0.7627583333333332,0.37982499999999997,0.18209999999999998,-0.19772499999999998,0.00184166666666662,0.009100000000000025,-0.0007500000000000284,-0.0029750000000000054,-0.0018416666666666015,0.009100000000000052,0.0007500000000000284,0.0029750000000000054,2.333333333333333,1.0,0.75,-0.25,-0.1666666666666666,0.25,0.25,0.25,0.1666666666666666,0.25,-0.25,-0.25,6,OD2,1,0.2789544310611563,1.0
qwen,h1_dinc,79,main,BaPd,0.752975,0.37385,0.1923,-0.18155,-0.03855833333333327,0.027799999999999984,-0.008699999999999972,0.012549999999999999,-0.03855833333333327,0.027799999999999984,-0.008699999999999972,0.012549999999999999,1.833333333333333,0.75,0.5,-0.25,-0.6666666666666667,0.5,0.0,0.25,-0.6666666666666667,0.5,0.0,0.25,5,OD1,1,0.3944244848990815,1.2
qwen,h1_dinc,79,main,BaSh,0.7438583333333333,0.369325,0.18397499999999997,-0.18535000000000001,-0.040225000000000004,0.02294999999999999,0.0010249999999999843,0.02294999999999999,-0.040225000000000004,0.02294999999999999,0.0010249999999999843,0.02294999999999999,1.8333333333333335,1.0,1.0,0.0,-0.16666666666666669,0.25,0.0,0.0,-0.16666666666666669,0.25,0.0,0.0,5,MP,0,0.3368858560744445,1.4
qwen,h1_dinc,79,main,ChAs,0.7439999999999998,0.37085,0.18635000000000002,-0.1845,0.003149999999999995,0.015125,-0.0018000000000000238,-0.0048000000000000195,0.003149999999999995,0.015125,-0.0018000000000000238,-0.0048000000000000195,1.9999999999999998,1.0,0.75,-0.25,-0.3333333333333332,0.5,0.25,0.25,-0.3333333333333332,0.5,0.25,0.25,7,MP,0,0.3368858560744445,1.4
qwen,h1_dinc,79,main,ChBa,0.7556333333333332,0.370875,0.17847500000000002,-0.1924,-0.05031666666666663,0.033600000000000005,-0.007524999999999976,0.0194,-0.05031666666666663,0.033600000000000005,-0.007524999999999976,0.0194,1.9166666666666665,1.0,0.75,-0.25,-0.24999999999999997,0.5,0.25,0.25,-0.24999999999999997,0.5,0.25,0.25,5,CO2,2,0.1562542305420579,0.6000000000000001
qwen,h1_dinc,79,main,ChCh,0.7719249999999999,0.38449999999999995,0.204475,-0.180025,-0.023241666666666758,0.014025000000000037,-0.0041250000000000175,0.006125000000000019,-0.023241666666666758,0.014025000000000037,-0.0041250000000000175,0.006125000000000019,2.083333333333333,1.0,0.75,-0.25,-0.4166666666666666,0.5,0.25,0.25,-0.4166666666666666,0.5,0.25,0.25,6,CO2,2,0.2428567709205017,0.8
qwen,h1_dinc,79,main,ChCm,0.7325833333333331,0.3661,0.17309999999999998,-0.193,-0.010866666666666611,0.018649999999999965,0.010849999999999985,0.018649999999999965,-0.010866666666666611,0.018649999999999965,0.010849999999999985,0.018649999999999965,1.9166666666666665,1.0,0.75,-0.25,-0.24999999999999997,0.5,0.25,0.25,-0.24999999999999997,0.5,0.25,0.25,7,OD1,1,0.6253645925749319,1.6
qwen,h1_dinc,79,main,ChCo,0.757433333333333,0.37529999999999997,0.18637499999999999,-0.188925,-0.0021333333333332987,0.025674999999999976,0.025674999999999976,0.024024999999999977,-0.0021333333333332987,0.025674999999999976,0.025674999999999976,0.024024999999999977,2.166666666666666,1.0,0.5,-0.5,5.179259186036526e-16,0.5,0.5,0.5,5.179259186036526e-16,0.5,0.5,0.5,9,MP,0,0.1059457483985941,1.0
qwen,h1_dinc,79,main,ChDl,0.7664416666666666,0.38275,0.20807499999999995,-0.17467500000000002,0.004141666666666672,0.015050000000000022,0.006775000000000031,0.00457500000000003,0.004141666666666672,0.015050000000000022,0.006775000000000031,0.00457500000000003,1.9999999999999998,1.0,0.75,-0.25,-0.3333333333333332,0.5,0.25,0.25,-0.3333333333333332,0.5,0.25,0.25,9,OD1,1,0.7408346464128569,1.7999999999999998
qwen,h1_dinc,79,main,ChHa,0.7802499999999999,0.3896,0.1916,-0.198,-0.013233333333333281,0.01464999999999999,0.0053500000000000075,0.01434999999999998,0.013233333333333293,0.014649999999999996,-0.005350000000000021,-0.014350000000000002,1.4999999999999998,0.75,0.5,-0.25,-0.6666666666666667,0.5,0.0,0.25,0.6666666666666667,0.5,0.0,-0.25,8,OD2,1,-0.1829257842905442,0.2
qwen,h1_dinc,79,main,ChHr,0.7502666666666669,0.3748,0.18415000000000004,-0.19065,0.017183333333333318,0.014149999999999982,0.014149999999999982,0.005749999999999984,0.017183333333333318,0.014149999999999982,0.014149999999999982,0.005749999999999984,2.083333333333333,1.0,0.5,-0.5,-0.08333333333333309,0.5,0.5,0.5,-0.08333333333333309,0.5,0.5,0.5,6,CO1,2,0.3294593112989456,1.0
qwen,h1_dinc,79,main,CmAs,0.7140499999999999,0.35245,0.187675,-0.16477499999999998,-0.006283333333333321,0.026624999999999982,0.02312499999999998,0.026624999999999982,0.006283333333333321,0.026624999999999982,-0.02312499999999998,-0.026624999999999982,1.4166666666666665,0.75,0.5,-0.25,0.2500000000000001,0.5,0.5,0.25,-0.2500000000000001,0.5,-0.5,-0.25,8,OD1,1,0.2694301256218253,1.7999999999999998
qwen,h1_dinc,79,main,CmCm,0.6799333333333332,0.34015,0.156275,-0.183875,0.007450000000000027,0.028725000000000014,0.022724999999999995,0.01942499999999999,-0.007450000000000069,0.028725,-0.022724999999999995,-0.01942499999999997,0.8333333333333331,0.5,0.25,-0.25,2.3115197751421316e-17,0.25,0.25,0.25,-2.3115197751421316e-17,0.25,-0.25,-0.25,2,DD,1,-0.3079201435678004,0.8
qwen,h1_dinc,79,main,CmDl,0.6767416666666667,0.3393,0.17365000000000003,-0.16564999999999996,-0.053475,0.044349999999999994,0.003349999999999978,0.031749999999999994,0.053475000000000036,0.04435000000000003,-0.003349999999999992,-0.03175000000000003,0.8333333333333331,0.5,0.0,-0.5,-0.8333333333333331,0.5,0.0,0.5,0.8333333333333331,0.5,0.0,-0.5,4,DD,1,0.0384900179459749,1.4
qwen,h1_dinc,79,main,CmHa,0.6784249999999997,0.33885,0.171475,-0.167375,0.024741666666666655,0.036925,0.036925,0.024075000000000013,-0.024741666666666644,0.03692500000000001,-0.03692500000000001,-0.024075000000000013,0.8333333333333331,0.5,0.25,-0.25,2.3115197751421316e-17,0.25,0.25,0.25,-2.3115197751421316e-17,0.25,-0.25,-0.25,6,DD,1,0.0384900179459749,1.4
qwen,h1_dinc,79,main,CmNc,0.68735,0.34385,0.16130000000000005,-0.18254999999999996,-0.03503333333333328,0.03947499999999999,0.0059000000000000025,0.021199999999999976,0.0350333333333333,0.03947500000000001,-0.005900000000000016,-0.021199999999999997,0.9999999999999999,0.5,0.25,-0.25,-0.1666666666666666,0.25,0.25,0.25,0.1666666666666666,0.25,-0.25,-0.25,8,DD,1,0.2694301256218253,1.7999999999999998
qwen,h1_dinc,79,main,CoAs,0.7369666666666664,0.36595,0.18729999999999997,-0.17865,0.03471666666666671,0.027150000000000035,-0.010500000000000051,-0.027150000000000035,0.03471666666666671,0.027150000000000035,-0.010500000000000051,-0.027150000000000035,2.083333333333333,1.0,0.75,-0.25,0.4166666666666666,0.5,-0.25,-0.25,0.4166666666666666,0.5,-0.25,-0.25,7,CO2,2,-0.6035533905932737,0.0
qwen,h1_dinc,79,main,CoCo,0.7469416666666666,0.36955000000000005,0.20377500000000004,-0.165775,0.030624999999999982,0.019850000000000034,0.005124999999999977,-0.01087500000000001,0.030624999999999982,0.019850000000000034,0.005124999999999977,-0.01087500000000001,2.1666666666666665,1.0,1.0,0.0,0.5,0.5,0.0,0.0,0.5,0.5,0.0,0.0,7,CO1,2,-0.5169508502148299,0.2
qwen,h1_dinc,79,main,CoSh,0.719475,0.35585,0.17620000000000002,-0.17965,0.04232499999999998,0.026899999999999993,0.008349999999999969,-0.018550000000000025,0.04232499999999998,0.026899999999999993,0.008349999999999969,-0.018550000000000025,1.75,0.75,0.25,-0.5,0.9166666666666667,0.5,-0.25,-0.5,0.9166666666666667,0.5,-0.25,-0.5,8,CO2,2,-0.5169508502148299,0.2
qwen,h1_dinc,79,main,HaAs,0.7103416666666666,0.35435,0.17109999999999997,-0.18325000000000002,0.050475000000000006,0.03222500000000002,-0.005900000000000044,-0.031800000000000064,0.050475000000000006,0.03222500000000002,-0.005900000000000044,-0.031800000000000064,0.9999999999999999,0.5,0.0,-0.5,0.9999999999999999,0.5,0.0,-0.5,0.9999999999999999,0.5,0.0,-0.5,7,OD2,1,-0.4233901974057255,0.6000000000000001
qwen,h1_dinc,79,main,HaBa,0.7195833333333334,0.359125,0.1647,-0.19442500000000001,-0.00965000000000002,0.02720000000000003,-0.01965000000000003,-0.013625000000000026,-0.00965000000000002,0.02720000000000003,-0.01965000000000003,-0.013625000000000026,1.2499999999999998,0.75,0.5,-0.25,-0.41666666666666674,0.5,-0.5,-0.25,-0.41666666666666674,0.5,-0.5,-0.25,9,OD2,1,-0.4233901974057255,0.6000000000000001
qwen,h1_dinc,79,main,HaCm,0.7548583333333332,0.3748,0.18087499999999998,-0.19392500000000001,0.0017916666666666116,0.020324999999999996,-0.019275000000000014,-0.020324999999999996,0.0017916666666666116,0.020324999999999996,-0.019275000000000014,-0.020324999999999996,1.9166666666666663,1.0,0.5,-0.5,0.24999999999999958,0.5,-0.5,-0.5,0.24999999999999958,0.5,-0.5,-0.5,1,DD,1,0.0384900179459749,1.4
qwen,h1_dinc,79,main,HaDl,0.7368833333333333,0.36650000000000005,0.19137500000000002,-0.175125,-0.0009666666666666854,0.022625000000000034,-0.022625000000000034,-0.02047500000000002,-0.0009666666666666854,0.022625000000000034,-0.022625000000000034,-0.02047500000000002,1.833333333333333,1.0,0.5,-0.5,0.16666666666666646,0.5,-0.5,-0.5,0.16666666666666646,0.5,-0.5,-0.5,3,DD,1,-0.1924500897298753,1.0
qwen,h1_dinc,79,main,HaHa,0.7247916666666666,0.362175,0.18205000000000002,-0.18012499999999998,0.038924999999999974,0.03172500000000003,-0.011050000000000032,-0.03172500000000003,0.038924999999999974,0.03172500000000003,-0.011050000000000032,-0.03172500000000003,1.4166666666666665,0.75,0.25,-0.5,0.5833333333333333,0.5,-0.25,-0.5,0.5833333333333333,0.5,-0.25,-0.5,5,DD,1,-0.6543303050815759,0.2
qwen,h1_dinc,79,main,HaNc,0.7208416666666666,0.354575,0.18815,-0.166425,0.019108333333333276,0.02887499999999997,-0.023249999999999993,-0.02887499999999997,0.019108333333333276,0.02887499999999997,-0.023249999999999993,-0.02887499999999997,1.833333333333333,1.0,0.5,-0.5,0.16666666666666646,0.5,-0.5,-0.5,0.16666666666666646,0.5,-0.5,-0.5,7,DD,1,-0.7698003589195012,0.0
qwen,h1_dinc,79,main,HaPc,0.7149166666666665,0.3553,0.18015,-0.17515,0.015416666666666603,0.022949999999999998,-0.015250000000000014,-0.022949999999999998,0.015416666666666603,0.022949999999999998,-0.015250000000000014,-0.022949999999999998,1.833333333333333,1.0,0.5,-0.5,0.16666666666666646,0.5,-0.5,-0.5,0.16666666666666646,0.5,-0.5,-0.5,9,DD,1,-0.4233901974057255,0.6000000000000001
qwen,h1_dinc,79,main,HrAs,0.7272750000000001,0.36375,0.17830000000000001,-0.18545,-0.0205083333333333,0.019974999999999958,0.004400000000000001,0.01249999999999999,0.020508333333333312,0.019974999999999965,-0.004400000000000015,-0.012500000000000011,2.083333333333333,1.0,0.5,-0.5,-0.08333333333333309,0.5,0.5,0.5,0.08333333333333309,0.5,-0.5,-0.5,8,MP,0,0.68329601758822,2.0
qwen,h1_dinc,79,main,HrBa,0.727775,0.358125,0.1759,-0.18222500000000003,0.0006583333333333347,0.023974999999999996,0.023099999999999996,0.023974999999999996,-0.000658333333333344,0.02397499999999997,-0.02309999999999998,-0.02397499999999997,1.666666666666667,0.75,0.5,-0.25,0.33333333333333337,0.5,0.5,0.25,-0.33333333333333337,0.5,-0.5,-0.25,2,CO1,2,0.069651690163614,0.3999999999999999
qwen,h1_dinc,79,main,HrCh,0.7342,0.366925,0.18482500000000002,-0.18209999999999998,-0.008316666666666566,0.023999999999999987,0.013125000000000053,0.01689999999999999,0.008316666666666568,0.023999999999999994,-0.013125000000000026,-0.01689999999999997,1.9166666666666663,1.0,0.5,-0.5,-0.24999999999999958,0.5,0.5,0.5,0.24999999999999958,0.5,-0.5,-0.5,4,CO1,2,0.3294593112989456,1.0
qwen,h1_dinc,79,main,HrHr,0.7652166666666667,0.3799,0.1867,-0.1932,-0.010650000000000007,0.02004999999999999,0.013049999999999978,0.02004999999999999,0.010650000000000038,0.020049999999999985,-0.013049999999999978,-0.020049999999999985,1.9999999999999998,1.0,0.5,-0.5,4.623039550284263e-17,0.5,0.5,0.5,-4.623039550284263e-17,0.5,-0.5,-0.5,2,CO2,2,-0.0169508502148298,0.2
qwen,h1_dinc,79,main,ShAs,0.7610166666666665,0.3791,0.21334999999999998,-0.16575,0.027400000000000056,0.015825000000000006,0.013850000000000001,-0.0005500000000000227,0.027400000000000056,0.015825000000000006,0.013850000000000001,-0.0005500000000000227,1.8333333333333335,1.0,1.0,0.0,0.16666666666666669,0.25,0.0,0.0,0.16666666666666669,0.25,0.0,0.0,8,CO1,2,-0.3437457694579421,0.6000000000000001
qwen,h1_dinc,79,main,ShCo,0.7059583333333331,0.35305,0.17657499999999998,-0.17647500000000002,0.024458333333333405,0.018574999999999987,0.008375000000000035,-0.003724999999999999,0.024458333333333405,0.018574999999999987,0.008375000000000035,-0.003724999999999999,1.6666666666666665,1.0,1.0,0.0,0.0,0.0,0.0,0.0,0.0,0.0,0.0,0.0,9,CO2,2,-0.5169508502148299,0.2
qwen,h1_dinc,79,main,ShSh,0.78045,0.385075,0.206575,-0.1785,-0.022416666666666626,0.015725000000000003,-0.006925000000000001,0.0015999999999999764,-0.022416666666666626,0.015725000000000003,-0.006925000000000001,0.0015999999999999764,2.1666666666666665,1.0,1.0,0.0,-0.16666666666666669,0.25,0.0,0.0,-0.16666666666666669,0.25,0.0,0.0,9,CO1,2,-0.2571432290794982,0.8
qwen,h1_dinc,79,main_perp,AsAs,0.03120833333333333,0.02255,0.007849999999999996,-0.007775000000000004,-0.02580833333333334,0.015425000000000008,-0.007849999999999996,0.007575000000000012,-0.02580833333333334,0.015425000000000008,-0.007849999999999996,0.007575000000000012,0.0,0.0,0.0,0.0,0.0,0.0,0.0,0.0,0.0,0.0,0.0,0.0,1,CO1,2,-0.5169508502148299,0.2
qwen,h1_dinc,79,main_perp,AsBa,-0.003224999999999971,0.008449999999999985,-0.008174999999999988,-0.008150000000000004,-0.024458333333333263,0.016074999999999964,-0.007924999999999974,0.00814999999999999,0.02445833333333329,0.016074999999999978,0.007924999999999988,-0.00814999999999999,-0.41666666666666663,0.25,-0.25,0.0,-0.41666666666666663,0.25,-0.25,0.0,0.41666666666666663,0.25,0.25,0.0,2,MP,0,0.5678259637502947,1.7999999999999998
qwen,h1_dinc,79,main_perp,AsCh,0.03933333333333333,0.02395,0.0003000000000000086,-0.015350000000000003,-0.008766666666666678,0.00839999999999999,-0.0002999999999999947,1.3877787807814457e-17,0.008766666666666627,0.008399999999999963,0.0002999999999999947,0.0,0.0,0.0,0.0,0.0,0.0,0.0,0.0,0.0,0.0,0.0,0.0,0.0,4,MP,0,0.3368858560744445,1.4
qwen,h1_dinc,79,main_perp,AsCm,0.019008333333333335,0.015625,0.0005750000000000061,-0.007675000000000001,0.01817500000000001,0.015125,7.500000000000562e-05,-0.007675000000000001,-0.018175000000000045,0.015125,-7.50000000000195e-05,0.007675000000000015,0.08333333333333334,0.25,0.0,0.0,-0.08333333333333334,0.25,0.0,0.0,0.08333333333333334,0.25,0.0,0.0,2,OD1,1,0.7408346464128569,1.7999999999999998
qwen,h1_dinc,79,main_perp,AsCo,0.020183333333333314,0.015375,-0.00020000000000000573,-0.015225000000000002,-0.005949999999999937,0.016150000000000025,0.00020000000000003348,0.0004750000000000032,-0.005949999999999937,0.016150000000000025,0.00020000000000003348,0.0004750000000000032,0.0,0.0,0.0,0.0,0.0,0.0,0.0,0.0,0.0,0.0,0.0,0.0,1,CO2,2,-0.6035533905932737,0.0
qwen,h1_dinc,79,main_perp,AsDl,0.020083333333333335,0.00802499999999999,-0.0006499999999999839,-0.00802499999999999,0.021666666666666654,0.008324999999999999,0.0003000000000000086,-0.00802499999999999,-0.02166666666666667,0.008324999999999999,-0.0002999999999999947,0.008025000000000004,0.0,0.0,0.0,0.0,0.0,0.0,0.0,0.0,0.0,0.0,0.0,0.0,4,OD1,1,0.5098945387370066,1.4
qwen,h1_dinc,79,main_perp,AsHa,0.01090833333333333,0.01475,0.007974999999999996,0.007550000000000001,-0.004925000000000025,0.00799999999999998,-0.007425000000000015,-0.007550000000000001,-0.004925000000000025,0.00799999999999998,-0.007425000000000015,-0.007550000000000001,0.0,0.0,0.0,0.0,0.0,0.0,0.0,0.0,0.0,0.0,0.0,0.0,1,OD2,1,0.048014323385306,0.6000000000000001
qwen,h1_dinc,79,main_perp,AsHr,0.011191666666666666,0.023275000000000018,0.02325000000000002,0.022975000000000023,0.014908333333333246,0.015500000000000014,-0.007650000000000046,-0.007475000000000009,-0.014908333333333284,0.015499999999999986,0.007650000000000046,0.007475000000000037,2.3115197751421316e-17,0.25,0.25,0.25,-2.3115197751421316e-17,0.25,-0.25,-0.25,2.3115197751421316e-17,0.25,0.25,0.25,6,MP,0,0.68329601758822,2.0
qwen,h1_dinc,79,main_perp,AsNc,0.022808333333333333,0.01532500000000002,-0.00045000000000000595,-0.007875000000000007,-0.018841666666666645,0.008299999999999974,-0.00045000000000000595,0.007724999999999996,-0.018841666666666645,0.008299999999999974,-0.00045000000000000595,0.007724999999999996,0.0,0.0,0.0,0.0,0.0,0.0,0.0,0.0,0.0,0.0,0.0,0.0,3,OD2,1,0.1634843772232312,0.8
qwen,h1_dinc,79,main_perp,AsPc,0.03160833333333331,0.02260000000000001,0.00027499999999999747,-0.014374999999999999,-0.0033249999999999673,0.01545000000000002,0.00027499999999999747,0.0007249999999999757,-0.0033249999999999673,0.01545000000000002,0.00027499999999999747,0.0007249999999999757,0.0,0.0,0.0,0.0,0.0,0.0,0.0,0.0,0.0,0.0,0.0,0.0,5,OD2,1,-0.1829257842905442,0.2
qwen,h1_dinc,79,main_perp,AsPd,0.02994166666666668,0.015524999999999997,-0.0002999999999999947,-0.015375,-0.0002416666666666401,0.0007749999999999979,-0.0002999999999999947,-0.00017500000000000848,0.0002416666666666401,0.0007749999999999979,0.0002999999999999947,0.00017500000000000848,0.0,0.0,0.0,0.0,0.0,0.0,0.0,0.0,0.0,0.0,0.0,0.0,6,OD1,1,0.3944244848990815,1.2
qwen,h1_dinc,79,main_perp,AsSh,-0.012516666666666646,0.02314999999999999,0.00822500000000001,0.015774999999999997,-0.007350000000000001,0.015700000000000006,0.007625000000000007,0.01502500000000001,-0.007350000000000001,0.015700000000000006,0.007625000000000007,0.01502500000000001,0.0,0.0,0.0,0.0,0.0,0.0,0.0,0.0,0.0,0.0,0.0,0.0,3,CO1,2,-0.3437457694579421,0.6000000000000001
qwen,h1_dinc,79,main_perp,BaAs,-0.04268333333333328,0.02374999999999998,-0.007874999999999993,0.015874999999999986,0.020633333333333337,0.015875,-0.007874999999999993,-0.015875,0.020633333333333337,0.015875,-0.007874999999999993,-0.015875,-0.49999999999999994,0.25,0.0,0.25,0.49999999999999994,0.25,0.0,-0.25,0.49999999999999994,0.25,0.0,-0.25,1,MP,0,0.5678259637502947,1.7999999999999998
qwen,h1_dinc,79,main_perp,BaBa,-0.004224999999999971,0.015224999999999989,0.007225000000000009,0.006849999999999995,0.030708333333333303,0.02349999999999998,0.007225000000000009,-0.00799999999999998,0.030708333333333303,0.02349999999999998,0.007225000000000009,-0.00799999999999998,0.0,0.0,0.0,0.0,0.0,0.0,0.0,0.0,0.0,0.0,0.0,0.0,3,CO2,2,-0.0169508502148298,0.2
qwen,h1_dinc,79,main_perp,BaCh,-0.010674999999999974,0.016224999999999976,-0.008025000000000004,0.007624999999999979,-0.026308333333333395,0.015850000000000003,-0.008025000000000004,0.007575000000000026,-0.026308333333333395,0.015850000000000003,-0.008025000000000004,0.007575000000000026,0.08333333333333334,0.25,0.0,0.0,-0.08333333333333334,0.25,0.0,0.0,-0.08333333333333334,0.25,0.0,0.0,4,CO2,2,0.1562542305420579,0.6000000000000001
qwen,h1_dinc,79,main_perp,BaCm,0.008658333333333327,0.015399999999999997,-0.008050000000000002,-0.015149999999999997,-0.005874999999999988,0.01597499999999999,-0.008050000000000002,0.00014999999999998348,-0.005874999999999988,0.01597499999999999,-0.008050000000000002,0.00014999999999998348,0.24999999999999986,0.25,0.0,-0.25,-0.24999999999999986,0.25,0.0,0.25,-0.24999999999999986,0.25,0.0,0.25,1,OD1,1,0.2789544310611563,1.0
qwen,h1_dinc,79,main_perp,BaCo,-0.0009416666666666456,0.01592499999999998,-0.00027500000000001135,7.499999999997786e-05,0.00022500000000003772,0.015274999999999997,0.015274999999999997,0.015024999999999997,0.00022500000000003772,0.015274999999999997,0.015274999999999997,0.015024999999999997,0.0,0.0,0.0,0.0,0.0,0.0,0.0,0.0,0.0,0.0,0.0,0.0,3,MP,0,0.4523559099123697,1.6
qwen,h1_dinc,79,main_perp,BaDl,-0.0025833333333333125,0.008025000000000004,-9.999999999998899e-05,-0.0001250000000000001,-0.007716666666666696,0.016524999999999998,-0.00010000000000000286,-0.0004749999999999893,-0.007716666666666696,0.016524999999999998,-0.00010000000000000286,-0.0004749999999999893,-0.33333333333333337,0.25,-0.25,0.0,0.33333333333333337,0.25,0.25,0.0,0.33333333333333337,0.25,0.25,0.0,3,OD1,1,0.5098945387370066,1.4
qwen,h1_dinc,79,main_perp,BaHa,-0.004866666666666635,0.022449999999999998,0.007499999999999993,0.014949999999999977,0.016033333333333333,0.008025000000000004,0.007499999999999993,-0.0003500000000000031,-0.016033333333333337,0.008025000000000004,-0.007500000000000007,0.0003499999999999892,0.0,0.0,0.0,0.0,0.0,0.0,0.0,0.0,0.0,0.0,0.0,0.0,2,OD2,1,0.048014323385306,0.6000000000000001
qwen,h1_dinc,79,main_perp,BaHr,-0.004049999999999974,0.022374999999999992,0.0003499999999999892,-1.3877787807814457e-17,0.00403333333333332,0.015699999999999992,-0.0006000000000000172,-1.3877787807814457e-17,0.00403333333333332,0.015699999999999992,-0.0006000000000000172,-1.3877787807814457e-17,-0.08333333333333334,0.25,0.0,0.0,0.08333333333333334,0.25,0.0,0.0,0.08333333333333334,0.25,0.0,0.0,5,CO1,2,0.069651690163614,0.3999999999999999
qwen,h1_dinc,79,main_perp,BaNc,-0.01819166666666667,0.016125,0.0005749999999999922,0.016125,-0.008091666666666714,0.023575,-2.4999999999997247e-05,2.5000000000025002e-05,0.008091666666666683,0.023575000000000013,2.499999999996949e-05,-2.5000000000025002e-05,0.0,0.0,0.0,0.0,0.0,0.0,0.0,0.0,0.0,0.0,0.0,0.0,4,OD2,1,0.1634843772232312,0.8
qwen,h1_dinc,79,main_perp,BaPc,0.011150000000000002,0.015700000000000006,-0.007949999999999999,-0.008300000000000002,0.004216666666666643,0.01592500000000001,-0.008800000000000016,-0.008300000000000002,-0.004216666666666613,0.015924999999999995,0.00880000000000003,0.008300000000000002,0.0,0.0,0.0,0.0,0.0,0.0,0.0,0.0,0.0,0.0,0.0,0.0,6,OD2,1,0.2789544310611563,1.0
qwen,h1_dinc,79,main_perp,BaPd,0.005491666666666622,0.01572499999999999,-0.00010000000000000286,-0.00029999999999998084,0.03039166666666667,0.015425000000000022,-0.00010000000000000286,-0.015300000000000008,0.03039166666666667,0.015425000000000022,-0.00010000000000000286,-0.015300000000000008,0.0,0.0,0.0,0.0,0.0,0.0,0.0,0.0,0.0,0.0,0.0,0.0,5,OD1,1,0.3944244848990815,1.2
qwen,h1_dinc,79,main_perp,BaSh,-0.007474999999999969,0.023400000000000004,-0.015699999999999992,-0.008000000000000007,0.0056583333333333555,0.015600000000000003,0.01490000000000001,0.008099999999999996,0.0056583333333333555,0.015600000000000003,0.01490000000000001,0.008099999999999996,0.0,0.0,0.0,0.0,0.0,0.0,0.0,0.0,0.0,0.0,0.0,0.0,5,MP,0,0.3368858560744445,1.4
qwen,h1_dinc,79,main_perp,ChAs,0.012416666666666631,0.015149999999999997,0.007675000000000001,7.50000000000195e-05,0.012983333333333366,0.015449999999999992,0.007675000000000001,-7.50000000000195e-05,0.012983333333333366,0.015449999999999992,0.007675000000000001,-7.50000000000195e-05,0.0,0.0,0.0,0.0,0.0,0.0,0.0,0.0,0.0,0.0,0.0,0.0,7,MP,0,0.3368858560744445,1.4
qwen,h1_dinc,79,main_perp,ChBa,0.04278333333333327,0.030249999999999957,0.0003000000000000086,-0.02229999999999996,0.007916666666666692,0.00764999999999999,0.0003000000000000086,-0.007300000000000001,0.007916666666666692,0.00764999999999999,0.0003000000000000086,-0.007300000000000001,-0.08333333333333334,0.25,0.0,0.0,0.08333333333333334,0.25,0.0,0.0,0.08333333333333334,0.25,0.0,0.0,5,CO2,2,0.1562542305420579,0.6000000000000001
qwen,h1_dinc,79,main_perp,ChCh,0.0033500000000000244,0.00785000000000001,0.0007750000000000118,0.0004750000000000032,-0.02808333333333331,0.01565000000000001,-0.0007749999999999979,0.014624999999999999,-0.02808333333333331,0.01565000000000001,-0.0007749999999999979,0.014624999999999999,0.49999999999999994,0.25,0.0,-0.25,-0.49999999999999994,0.25,0.0,0.25,-0.49999999999999994,0.25,0.0,0.25,6,CO2,2,0.2428567709205017,0.8
qwen,h1_dinc,79,main_perp,ChCm,-0.007983333333333334,0.022699999999999984,-0.022699999999999984,-0.022299999999999986,0.007749999999999988,0.015924999999999967,0.007599999999999968,0.007499999999999965,0.007749999999999988,0.015924999999999967,0.007599999999999968,0.007499999999999965,0.0,0.0,0.0,0.0,0.0,0.0,0.0,0.0,0.0,0.0,0.0,0.0,7,OD1,1,0.6253645925749319,1.6
qwen,h1_dinc,79,main_perp,ChCo,0.01860833333333332,0.008800000000000002,0.007449999999999998,-0.0005249999999999977,-0.009058333333333323,0.015625,0.007400000000000004,0.015625,-0.009058333333333323,0.015625,0.007400000000000004,0.015625,0.4166666666666666,0.25,0.0,-0.25,-0.4166666666666666,0.25,0.0,0.25,-0.4166666666666666,0.25,0.0,0.25,9,MP,0,0.1059457483985941,1.0
qwen,h1_dinc,79,main_perp,ChDl,-0.0034666666666666782,0.015149999999999983,0.0001749999999999946,0.008074999999999999,0.017483333333333347,0.015575000000000006,-0.0003749999999999726,-0.007924999999999974,0.017483333333333347,0.015575000000000006,-0.0003749999999999726,-0.007924999999999974,0.0,0.0,0.0,0.0,0.0,0.0,0.0,0.0,0.0,0.0,0.0,0.0,9,OD1,1,0.7408346464128569,1.7999999999999998
qwen,h1_dinc,79,main_perp,ChHa,0.0026250000000000153,0.015700000000000006,-0.0003250000000000197,-0.00012500000000002787,-0.005991666666666646,0.008400000000000019,0.0003250000000000197,-0.0004749999999999893,0.005991666666666673,0.008400000000000019,-0.0003250000000000197,0.00047499999999997544,-0.3333333333333332,0.25,0.0,0.25,0.3333333333333332,0.25,0.0,-0.25,-0.3333333333333332,0.25,0.0,0.25,8,OD2,1,-0.1829257842905442,0.2
qwen,h1_dinc,79,main_perp,ChHr,0.014675000000000004,0.008050000000000002,-0.00037500000000000033,-0.008050000000000002,-0.01562500000000002,0.007950000000000013,-0.00037500000000000033,0.007450000000000012,-0.01562500000000002,0.007950000000000013,-0.00037500000000000033,0.007450000000000012,0.0,0.0,0.0,0.0,0.0,0.0,0.0,0.0,0.0,0.0,0.0,0.0,6,CO1,2,0.3294593112989456,1.0
qwen,h1_dinc,79,main_perp,CmAs,-0.02002499999999997,0.021925000000000014,0.006725000000000009,0.02182500000000001,0.004508333333333386,0.013575000000000004,0.006725000000000009,0.006474999999999981,-0.00450833333333345,0.013575000000000031,-0.0067250000000000365,-0.006474999999999981,0.0,0.0,0.0,0.0,0.0,0.0,0.0,0.0,0.0,0.0,0.0,0.0,8,OD1,1,0.2694301256218253,1.7999999999999998
qwen,h1_dinc,79,main_perp,CmCm,0.007100000000000008,0.02007500000000001,-0.014100000000000001,-0.02007500000000001,-0.012266666666666655,0.020424999999999985,0.0005000000000000004,0.007074999999999998,0.012266666666666655,0.020425,-0.0004999999999999727,-0.00707499999999997,0.0,0.0,0.0,0.0,0.0,0.0,0.0,0.0,0.0,0.0,0.0,0.0,2,DD,1,-0.3079201435678004,0.8
qwen,h1_dinc,79,main_perp,CmDl,-0.001650000000000007,0.007500000000000034,0.0067000000000000115,0.007500000000000007,0.006583333333333336,0.01529999999999998,-0.0067000000000000115,-0.007500000000000007,-0.006583333333333329,0.015299999999999953,0.0067000000000000115,0.007500000000000007,0.0,0.0,0.0,0.0,0.0,0.0,0.0,0.0,0.0,0.0,0.0,0.0,4,DD,1,0.0384900179459749,1.4
qwen,h1_dinc,79,main_perp,CmHa,0.007941666666666644,0.015,0.007275000000000004,0.005275000000000016,-0.0012916666666666304,0.014374999999999999,0.006725000000000009,0.007974999999999996,0.0012916666666666831,0.014374999999999999,-0.006725000000000009,-0.00797500000000001,0.0,0.0,0.0,0.0,0.0,0.0,0.0,0.0,0.0,0.0,0.0,0.0,6,DD,1,0.0384900179459749,1.4
qwen,h1_dinc,79,main_perp,CmNc,0.02405000000000001,0.015199999999999991,0.006975000000000023,-0.0072249999999999814,0.02001666666666668,0.014875000000000013,0.007075000000000012,-0.007624999999999993,-0.02001666666666668,0.014875000000000027,-0.007075000000000026,0.007624999999999993,0.0,0.0,0.0,0.0,0.0,0.0,0.0,0.0,0.0,0.0,0.0,0.0,8,DD,1,0.2694301256218253,1.7999999999999998
qwen,h1_dinc,79,main_perp,CoAs,-0.012691666666666636,0.014399999999999996,-0.014399999999999996,-0.006675000000000014,0.015174999999999985,0.014999999999999986,-0.0011000000000000176,-0.007325000000000012,0.015174999999999985,0.014999999999999986,-0.0011000000000000176,-0.007325000000000012,0.0,0.0,0.0,0.0,0.0,0.0,0.0,0.0,0.0,0.0,0.0,0.0,7,CO2,2,-0.6035533905932737,0.0
qwen,h1_dinc,79,main_perp,CoCo,-0.04504166666666663,0.0232,0.00027499999999999747,0.022699999999999984,-0.015841666666666677,0.00849999999999998,0.00027499999999999747,0.00845,-0.015841666666666677,0.00849999999999998,0.00027499999999999747,0.00845,-0.49999999999999994,0.25,0.0,0.25,-0.49999999999999994,0.25,0.0,0.25,-0.49999999999999994,0.25,0.0,0.25,7,CO1,2,-0.5169508502148299,0.2
qwen,h1_dinc,79,main_perp,CoSh,0.011158333333333334,0.007825000000000013,0.00045000000000000595,-0.0063499999999999945,-0.01064166666666663,0.00739999999999999,0.00045000000000000595,0.0068999999999999895,-0.01064166666666663,0.00739999999999999,0.00045000000000000595,0.0068999999999999895,0.0,0.0,0.0,0.0,0.0,0.0,0.0,0.0,0.0,0.0,0.0,0.0,8,CO2,2,-0.5169508502148299,0.2
qwen,h1_dinc,79,main_perp,HaAs,-0.008150000000000017,0.020974999999999994,-0.013350000000000015,-0.006775000000000003,0.012299999999999967,0.012699999999999961,0.012699999999999961,0.0067749999999999755,0.012299999999999967,0.012699999999999961,0.012699999999999961,0.0067749999999999755,0.0,0.0,0.0,0.0,0.0,0.0,0.0,0.0,0.0,0.0,0.0,0.0,7,OD2,1,-0.4233901974057255,0.6000000000000001
qwen,h1_dinc,79,main_perp,HaBa,0.0008000000000000303,0.02247500000000001,-0.014824999999999991,-0.014050000000000007,0.02920000000000004,0.014624999999999999,0.014624999999999999,0.0011999999999999789,0.02920000000000004,0.014624999999999999,0.014624999999999999,0.0011999999999999789,0.0,0.0,0.0,0.0,0.0,0.0,0.0,0.0,0.0,0.0,0.0,0.0,9,OD2,1,-0.4233901974057255,0.6000000000000001
qwen,h1_dinc,79,main_perp,HaCm,-0.025174999999999937,0.015650000000000025,-0.00789999999999999,0.007399999999999976,-0.0002583333333332567,0.02285000000000001,-0.00789999999999999,-0.007550000000000029,-0.0002583333333332567,0.02285000000000001,-0.00789999999999999,-0.007550000000000029,0.0,0.0,0.0,0.0,0.0,0.0,0.0,0.0,0.0,0.0,0.0,0.0,1,DD,1,0.0384900179459749,1.4
qwen,h1_dinc,79,main_perp,HaDl,-0.0010416666666667337,0.008099999999999996,0.006949999999999984,0.007650000000000018,0.02267500000000003,0.021350000000000036,-0.007700000000000012,-0.021350000000000036,0.02267500000000003,0.021350000000000036,-0.007700000000000012,-0.021350000000000036,0.0,0.0,0.0,0.0,0.0,0.0,0.0,0.0,0.0,0.0,0.0,0.0,3,DD,1,-0.1924500897298753,1.0
qwen,h1_dinc,79,main_perp,HaHa,-0.00399166666666663,0.014375000000000013,2.5000000000025002e-05,-0.00032499999999999196,0.00010833333333341376,0.0021250000000000435,0.0006250000000000144,0.0003249999999999642,0.00010833333333341376,0.0021250000000000435,0.0006250000000000144,0.0003249999999999642,0.0,0.0,0.0,0.0,0.0,0.0,0.0,0.0,0.0,0.0,0.0,0.0,5,DD,1,-0.6543303050815759,0.2
qwen,h1_dinc,79,main_perp,HaNc,-0.0073083333333333195,0.007749999999999979,0.0003500000000000031,0.00764999999999999,0.011358333333333305,0.014424999999999966,-0.0003499999999999892,-0.007049999999999973,0.011358333333333305,0.014424999999999966,-0.0003499999999999892,-0.007049999999999973,0.0,0.0,0.0,0.0,0.0,0.0,0.0,0.0,0.0,0.0,0.0,0.0,7,DD,1,-0.7698003589195012,0.0
qwen,h1_dinc,79,main_perp,HaPc,-0.01021666666666667,0.028175000000000006,0.00012499999999998623,0.0006499999999999839,0.010033333333333238,0.014774999999999955,0.00012499999999998623,2.7755575615628914e-17,0.010033333333333238,0.014774999999999955,0.00012499999999998623,2.7755575615628914e-17,0.0,0.0,0.0,0.0,0.0,0.0,0.0,0.0,0.0,0.0,0.0,0.0,9,DD,1,-0.4233901974057255,0.6000000000000001
qwen,h1_dinc,79,main_perp,HrAs,-0.003824999999999972,0.008574999999999972,0.00732500000000004,0.007875000000000021,-0.00014166666666663494,0.009375000000000008,-0.009375000000000008,-0.007875000000000021,0.00014166666666660545,0.009374999999999994,0.009374999999999994,0.007875000000000021,0.0,0.0,0.0,0.0,0.0,0.0,0.0,0.0,0.0,0.0,0.0,0.0,8,MP,0,0.68329601758822,2.0
qwen,h1_dinc,79,main_perp,HrBa,0.004533333333333338,0.00835000000000001,0.00045000000000000595,-0.0004499999999999921,-0.0024500000000000216,0.00814999999999999,-0.00045000000000000595,-0.0004499999999999921,0.0024499999999999613,0.00814999999999999,0.00045000000000000595,0.0004500000000000337,0.0,0.0,0.0,0.0,0.0,0.0,0.0,0.0,0.0,0.0,0.0,0.0,2,CO1,2,0.069651690163614,0.3999999999999999
qwen,h1_dinc,79,main_perp,HrCh,-9.9999999999989e-05,0.007724999999999982,0.007175000000000001,0.0071249999999999925,0.0040833333333333026,0.015250000000000014,-0.006624999999999978,-0.0063249999999999695,-0.004083333333333355,0.015249999999999986,0.00662500000000002,0.006325000000000025,0.0,0.0,0.0,0.0,0.0,0.0,0.0,0.0,0.0,0.0,0.0,0.0,4,CO1,2,0.3294593112989456,1.0
qwen,h1_dinc,79,main_perp,HrHr,0.011491666666666667,0.007374999999999993,-5.000000000002225e-05,-0.006950000000000026,0.010508333333333347,0.007599999999999982,0.0006000000000000172,-0.006299999999999986,-0.010508333333333356,0.007599999999999996,-0.0006000000000000172,0.0063,0.0,0.0,0.0,0.0,0.0,0.0,0.0,0.0,0.0,0.0,0.0,0.0,2,CO2,2,-0.0169508502148298,0.2
qwen,h1_dinc,79,main_perp,ShAs,-0.025975000000000015,0.015700000000000006,-0.0005249999999999977,0.015125000000000013,-0.0008083333333333474,0.015700000000000006,0.014575000000000005,0.015125000000000013,-0.0008083333333333474,0.015700000000000006,0.014575000000000005,0.015125000000000013,0.0,0.0,0.0,0.0,0.0,0.0,0.0,0.0,0.0,0.0,0.0,0.0,8,CO1,2,-0.3437457694579421,0.6000000000000001
qwen,h1_dinc,79,main_perp,ShCo,0.03512499999999998,0.023124999999999993,-0.00040000000000001146,-0.022825000000000012,0.015425000000000034,0.015475000000000003,0.015149999999999997,0.00752499999999999,0.015425000000000034,0.015475000000000003,0.015149999999999997,0.00752499999999999,0.0,0.0,0.0,0.0,0.0,0.0,0.0,0.0,0.0,0.0,0.0,0.0,9,CO2,2,-0.5169508502148299,0.2
qwen,h1_dinc,79,main_perp,ShSh,0.022633333333333342,0.01580000000000001,0.007100000000000009,-0.0002999999999999947,-0.007899999999999975,0.015625000000000014,-0.007949999999999999,-0.0002999999999999947,-0.007899999999999975,0.015625000000000014,-0.007949999999999999,-0.0002999999999999947,0.0,0.0,0.0,0.0,0.0,0.0,0.0,0.0,0.0,0.0,0.0,0.0,9,CO1,2,-0.2571432290794982,0.8
qwen,h1_dinc,79,random,AsAs,-0.030075,0.024175000000000002,-0.015800000000000022,0.00837499999999998,0.0029749999999999807,0.015725000000000017,0.0003499999999999892,-0.00772500000000001,0.0029749999999999807,0.015725000000000017,0.0003499999999999892,-0.00772500000000001,0.0,0.0,0.0,0.0,0.0,0.0,0.0,0.0,0.0,0.0,0.0,0.0,1,CO1,2,-0.5169508502148299,0.2
qwen,h1_dinc,79,random,AsBa,-0.04466666666666665,0.031125,-0.008174999999999988,0.015525000000000011,0.00593333333333335,0.008349999999999982,0.0072750000000000176,0.0003750000000000142,-0.005933333333333317,0.008349999999999996,-0.007275000000000004,-0.0003750000000000142,-0.16666666666666669,0.25,0.0,0.0,-0.16666666666666669,0.25,0.0,0.0,0.16666666666666669,0.25,0.0,0.0,2,MP,0,0.5678259637502947,1.7999999999999998
qwen,h1_dinc,79,random,AsCh,-0.014908333333333317,0.02302499999999999,0.0005750000000000061,0.015649999999999997,-0.025758333333333265,0.015324999999999978,-0.015324999999999978,-0.00010000000000001674,0.02575833333333324,0.015325000000000005,0.015325000000000005,0.0001000000000000445,-0.4166666666666666,0.25,0.0,0.25,-0.4166666666666666,0.25,0.0,0.25,0.4166666666666666,0.25,0.0,-0.25,4,MP,0,0.3368858560744445,1.4
qwen,h1_dinc,79,random,AsCm,-0.03835833333333332,0.022874999999999993,-0.015325000000000005,0.007549999999999987,0.013408333333333336,0.008150000000000004,-0.00022500000000000298,-0.008150000000000004,-0.01340833333333333,0.00814999999999999,0.00022500000000000298,0.00814999999999999,-0.24999999999999986,0.25,0.0,0.25,0.24999999999999986,0.25,0.0,-0.25,-0.24999999999999986,0.25,0.0,0.25,2,OD1,1,0.7408346464128569,1.7999999999999998
qwen,h1_dinc,79,random,AsCo,-0.03900833333333335,0.023275000000000018,-0.022750000000000006,0.0005250000000000116,-0.012624999999999918,0.007524999999999962,-0.007299999999999959,0.00022500000000000298,-0.012624999999999918,0.007524999999999962,-0.007299999999999959,0.00022500000000000298,0.0,0.0,0.0,0.0,0.0,0.0,0.0,0.0,0.0,0.0,0.0,0.0,1,CO2,2,-0.6035533905932737,0.0
qwen,h1_dinc,79,random,AsDl,-0.03398333333333331,0.023549999999999988,-0.008399999999999977,0.01515000000000001,0.019100000000000006,0.01617500000000001,0.008150000000000018,-0.00014999999999998348,-0.019100000000000016,0.016175000000000023,-0.008150000000000018,0.00014999999999998348,-0.16666666666666669,0.25,0.0,0.0,0.16666666666666669,0.25,0.0,0.0,-0.16666666666666669,0.25,0.0,0.0,4,OD1,1,0.5098945387370066,1.4
qwen,h1_dinc,79,random,AsHa,-0.031149999999999966,0.023199999999999985,-0.0004749999999999893,0.022724999999999995,-0.021833333333333295,0.015899999999999997,-0.00022499999999997522,0.00847500000000001,-0.021833333333333295,0.015899999999999997,-0.00022499999999997522,0.00847500000000001,0.0,0.0,0.0,0.0,0.0,0.0,0.0,0.0,0.0,0.0,0.0,0.0,1,OD2,1,0.048014323385306,0.6000000000000001
qwen,h1_dinc,79,random,AsHr,-0.00908333333333334,0.023550000000000015,0.01602500000000001,0.023300000000000015,-0.0007999999999999439,0.016124999999999973,2.4999999999997247e-05,0.008349999999999969,0.0007999999999998793,0.016124999999999945,-2.4999999999997247e-05,-0.00834999999999994,2.3115197751421316e-17,0.25,0.25,0.25,-2.3115197751421316e-17,0.25,-0.25,-0.25,2.3115197751421316e-17,0.25,0.25,0.25,6,MP,0,0.68329601758822,2.0
qwen,h1_dinc,79,random,AsNc,-0.047091666666666684,0.031375000000000014,-0.031075000000000033,0.00029999999999998084,0.005658333333333321,0.007550000000000015,-7.500000000003337e-05,-0.00045000000000001983,0.005658333333333321,0.007550000000000015,-7.500000000003337e-05,-0.00045000000000001983,0.0,0.0,0.0,0.0,0.0,0.0,0.0,0.0,0.0,0.0,0.0,0.0,3,OD2,1,0.1634843772232312,0.8
qwen,h1_dinc,79,random,AsPc,-0.04245000000000003,0.022700000000000026,-0.02232500000000001,0.0003750000000000142,0.0058666666666666424,0.021999999999999992,-0.007675000000000015,0.0005249999999999977,0.0058666666666666424,0.021999999999999992,-0.007675000000000015,0.0005249999999999977,0.0,0.0,0.0,0.0,0.0,0.0,0.0,0.0,0.0,0.0,0.0,0.0,5,OD2,1,-0.1829257842905442,0.2
qwen,h1_dinc,79,random,AsPd,-0.018408333333333315,0.016,-0.016,-0.0005250000000000116,0.0025083333333333954,0.00789999999999999,-9.999999999998899e-05,2.499999999998337e-05,-0.002508333333333363,0.00789999999999999,9.999999999998899e-05,-2.4999999999997247e-05,0.0,0.0,0.0,0.0,0.0,0.0,0.0,0.0,0.0,0.0,0.0,0.0,6,OD1,1,0.3944244848990815,1.2
qwen,h1_dinc,79,random,AsSh,-0.033158333333333304,0.023599999999999996,0.008500000000000008,0.023599999999999996,0.008341666666666669,0.02289999999999999,0.02289999999999999,0.007199999999999984,0.008341666666666669,0.02289999999999999,0.02289999999999999,0.007199999999999984,0.0,0.0,0.0,0.0,0.0,0.0,0.0,0.0,0.0,0.0,0.0,0.0,3,CO1,2,-0.3437457694579421,0.6000000000000001
qwen,h1_dinc,79,random,BaAs,-0.05652499999999998,0.023599999999999982,-0.00814999999999999,0.014800000000000008,-0.005858333333333341,0.031700000000000006,0.007050000000000001,0.015400000000000011,-0.005858333333333341,0.031700000000000006,0.007050000000000001,0.015400000000000011,-0.16666666666666669,0.25,0.0,0.0,0.16666666666666669,0.25,0.0,0.0,0.16666666666666669,0.25,0.0,0.0,1,MP,0,0.5678259637502947,1.7999999999999998
qwen,h1_dinc,79,random,BaBa,-0.036716666666666654,0.015975000000000003,-0.008324999999999999,0.007650000000000004,-0.014099999999999984,0.015424999999999967,-0.007574999999999971,0.007050000000000015,-0.014099999999999984,0.015424999999999967,-0.007574999999999971,0.007050000000000015,0.0,0.0,0.0,0.0,0.0,0.0,0.0,0.0,0.0,0.0,0.0,0.0,3,CO2,2,-0.0169508502148298,0.2
qwen,h1_dinc,79,random,BaCh,-0.033316666666666654,0.022824999999999984,-0.0003750000000000142,0.015274999999999983,-0.008866666666666741,0.008025000000000032,-0.0003750000000000142,0.00022500000000001685,-0.008866666666666741,0.008025000000000032,-0.0003750000000000142,0.00022500000000001685,0.0,0.0,0.0,0.0,0.0,0.0,0.0,0.0,0.0,0.0,0.0,0.0,4,CO2,2,0.1562542305420579,0.6000000000000001
qwen,h1_dinc,79,random,BaCm,-0.02233333333333335,0.02277499999999999,-0.007575000000000012,-0.00022500000000000298,0.0020833333333333108,0.015125,0.00752499999999999,0.00022500000000000298,0.0020833333333333108,0.015125,0.00752499999999999,0.00022500000000000298,-2.3115197751421316e-17,0.25,-0.25,-0.25,2.3115197751421316e-17,0.25,0.25,0.25,2.3115197751421316e-17,0.25,0.25,0.25,1,OD1,1,0.2789544310611563,1.0
qwen,h1_dinc,79,random,BaCo,-0.005941666666666659,0.015549999999999994,-1.3877787807814457e-17,0.0005499999999999811,0.004491666666666677,0.01509999999999996,0.014999999999999972,0.01509999999999996,0.004491666666666677,0.01509999999999996,0.014999999999999972,0.01509999999999996,0.0,0.0,0.0,0.0,0.0,0.0,0.0,0.0,0.0,0.0,0.0,0.0,3,MP,0,0.4523559099123697,1.6
qwen,h1_dinc,79,random,BaDl,-0.011191666666666692,0.015850000000000003,-0.0003999999999999976,-2.499999999998337e-05,-0.0252416666666667,0.01532500000000002,0.00010000000000000286,0.01532500000000002,-0.0252416666666667,0.01532500000000002,0.00010000000000000286,0.01532500000000002,0.24999999999999986,0.25,0.0,-0.25,-0.24999999999999986,0.25,0.0,0.25,-0.24999999999999986,0.25,0.0,0.25,3,OD1,1,0.5098945387370066,1.4
qwen,h1_dinc,79,random,BaHa,-0.03510833333333335,0.023800000000000016,-0.0003250000000000197,0.023474999999999996,-0.007058333333333301,0.014899999999999997,-0.0006749999999999812,0.006824999999999998,0.007058333333333295,0.014899999999999997,0.0006749999999999812,-0.006824999999999998,0.0,0.0,0.0,0.0,0.0,0.0,0.0,0.0,0.0,0.0,0.0,0.0,2,OD2,1,0.048014323385306,0.6000000000000001
qwen,h1_dinc,79,random,BaHr,-0.030491666666666615,0.022674999999999973,-0.015249999999999986,0.00024999999999998634,0.020758333333333292,0.015299999999999966,0.014999999999999958,-0.0002500000000000141,0.020758333333333292,0.015299999999999966,0.014999999999999958,-0.0002500000000000141,-0.41666666666666663,0.25,-0.25,0.0,0.41666666666666663,0.25,0.25,0.0,0.41666666666666663,0.25,0.25,0.0,5,CO1,2,0.069651690163614,0.3999999999999999
qwen,h1_dinc,79,random,BaNc,-0.011824999999999978,0.023425,0.008000000000000007,0.007374999999999993,0.01319166666666664,0.01642500000000001,0.00835000000000001,-0.007624999999999979,-0.013191666666666635,0.016425000000000023,-0.008350000000000024,0.007624999999999965,0.0,0.0,0.0,0.0,0.0,0.0,0.0,0.0,0.0,0.0,0.0,0.0,4,OD2,1,0.1634843772232312,0.8
qwen,h1_dinc,79,random,BaPc,-0.030899999999999962,0.02312499999999998,-0.015574999999999992,0.007549999999999987,-0.005150000000000029,0.01582500000000002,-0.01582500000000002,-0.008150000000000004,0.005150000000000091,0.015825000000000033,0.015825000000000033,0.00814999999999999,0.0,0.0,0.0,0.0,0.0,0.0,0.0,0.0,0.0,0.0,0.0,0.0,6,OD2,1,0.2789544310611563,1.0
qwen,h1_dinc,79,random,BaPd,-0.018874999999999982,0.007500000000000007,0.00022500000000001685,0.007050000000000001,-0.0057083333333333534,0.015074999999999977,-0.015074999999999977,-0.007149999999999962,-0.0057083333333333534,0.015074999999999977,-0.015074999999999977,-0.007149999999999962,0.0,0.0,0.0,0.0,0.0,0.0,0.0,0.0,0.0,0.0,0.0,0.0,5,OD1,1,0.3944244848990815,1.2
qwen,h1_dinc,79,random,BaSh,-0.05448333333333329,0.029949999999999977,-0.022474999999999995,0.007174999999999987,0.005583333333333369,0.008125000000000007,0.008125000000000007,0.00777499999999999,0.005583333333333369,0.008125000000000007,0.008125000000000007,0.00777499999999999,0.0,0.0,0.0,0.0,0.0,0.0,0.0,0.0,0.0,0.0,0.0,0.0,5,MP,0,0.3368858560744445,1.4
qwen,h1_dinc,79,random,ChAs,-0.03415833333333339,0.015900000000000025,-0.008025000000000004,0.007875000000000021,0.02815833333333336,0.015550000000000022,0.0074749999999999955,-0.007875000000000021,0.02815833333333336,0.015550000000000022,0.0074749999999999955,-0.007875000000000021,0.0,0.0,0.0,0.0,0.0,0.0,0.0,0.0,0.0,0.0,0.0,0.0,7,MP,0,0.3368858560744445,1.4
qwen,h1_dinc,79,random,ChBa,-0.031641666666666665,0.022074999999999984,-0.022074999999999984,-0.00019999999999999185,-0.007774999999999998,0.007824999999999999,-0.007824999999999999,-0.00014999999999999736,-0.007774999999999998,0.007824999999999999,-0.007824999999999999,-0.00014999999999999736,-0.16666666666666669,0.25,0.0,0.0,0.16666666666666669,0.25,0.0,0.0,0.16666666666666669,0.25,0.0,0.0,5,CO2,2,0.1562542305420579,0.6000000000000001
qwen,h1_dinc,79,random,ChCh,-0.038791666666666676,0.023425000000000015,-0.01502500000000001,0.008400000000000005,-0.02112499999999999,0.014374999999999985,2.4999999999997247e-05,0.006949999999999998,-0.02112499999999999,0.014374999999999985,2.4999999999997247e-05,0.006949999999999998,-0.24999999999999997,0.25,-0.25,0.0,0.24999999999999997,0.25,0.25,0.0,0.24999999999999997,0.25,0.25,0.0,6,CO2,2,0.2428567709205017,0.8
qwen,h1_dinc,79,random,ChCm,-0.004466666666666716,0.014899999999999983,-0.014675000000000007,-0.014874999999999985,-0.005183333333333337,0.015324999999999978,0.00017499999999996685,0.00012499999999997236,-0.005183333333333337,0.015324999999999978,0.00017499999999996685,0.00012499999999997236,0.0,0.0,0.0,0.0,0.0,0.0,0.0,0.0,0.0,0.0,0.0,0.0,7,OD1,1,0.6253645925749319,1.6
qwen,h1_dinc,79,random,ChCo,-0.02887499999999995,0.015899999999999984,-0.0007249999999999895,0.015174999999999994,-0.011975000000000015,0.01609999999999999,0.016074999999999992,0.015625,-0.011975000000000015,0.01609999999999999,0.016074999999999992,0.015625,-0.24999999999999997,0.25,-0.25,0.0,0.24999999999999997,0.25,0.25,0.0,0.24999999999999997,0.25,0.25,0.0,9,MP,0,0.1059457483985941,1.0
qwen,h1_dinc,79,random,ChDl,-0.037700000000000046,0.015325000000000005,0.00012499999999998623,0.015125000000000013,-0.0030833333333333403,0.015149999999999997,-0.0003249999999999781,0.00012500000000002787,-0.0030833333333333403,0.015149999999999997,-0.0003249999999999781,0.00012500000000002787,0.0,0.0,0.0,0.0,0.0,0.0,0.0,0.0,0.0,0.0,0.0,0.0,9,OD1,1,0.7408346464128569,1.7999999999999998
qwen,h1_dinc,79,random,ChHa,-0.02127499999999995,0.015825000000000006,-0.007349999999999995,-0.00045000000000001983,-0.014125000000000035,0.008500000000000021,-0.008250000000000007,0.0002500000000000141,0.014125000000000054,0.008500000000000035,0.008250000000000007,-0.000250000000000028,0.24999999999999997,0.25,0.25,0.0,-0.24999999999999997,0.25,-0.25,0.0,0.24999999999999997,0.25,0.25,0.0,8,OD2,1,-0.1829257842905442,0.2
qwen,h1_dinc,79,random,ChHr,-0.03378333333333327,0.022774999999999962,-0.01567499999999998,0.007099999999999981,-0.018149999999999996,0.007875000000000007,-0.0007250000000000173,0.006999999999999992,-0.018149999999999996,0.007875000000000007,-0.0007250000000000173,0.006999999999999992,0.0,0.0,0.0,0.0,0.0,0.0,0.0,0.0,0.0,0.0,0.0,0.0,6,CO1,2,0.3294593112989456,1.0
qwen,h1_dinc,79,random,CmAs,-0.023441666666666618,0.015474999999999989,0.0009000000000000119,0.007449999999999998,0.02274166666666669,0.013874999999999998,0.01319999999999999,0.006649999999999975,-0.022741666666666747,0.013875000000000026,-0.01319999999999999,-0.0066499999999999615,0.0,0.0,0.0,0.0,0.0,0.0,0.0,0.0,0.0,0.0,0.0,0.0,8,OD1,1,0.2694301256218253,1.7999999999999998
qwen,h1_dinc,79,random,CmCm,-0.02697499999999998,0.025599999999999984,-0.006400000000000003,0.006799999999999987,-0.02474166666666667,0.013300000000000006,-0.006499999999999992,0.006550000000000014,0.024741666666666752,0.013300000000000034,0.0065000000000000335,-0.006550000000000028,0.0,0.0,0.0,0.0,0.0,0.0,0.0,0.0,0.0,0.0,0.0,0.0,2,DD,1,-0.3079201435678004,0.8
qwen,h1_dinc,79,random,CmDl,-0.01900833333333333,0.013275000000000023,0.0008500000000000174,0.013275000000000023,-0.02424166666666666,0.013524999999999995,-0.013450000000000017,7.499999999997786e-05,0.024241666666666734,0.013525000000000037,0.013450000000000017,-7.50000000000195e-05,0.0,0.0,0.0,0.0,0.0,0.0,0.0,0.0,0.0,0.0,0.0,0.0,4,DD,1,0.0384900179459749,1.4
qwen,h1_dinc,79,random,CmHa,-0.01644166666666668,0.020149999999999987,0.0058,0.007675000000000015,0.007891666666666675,0.008200000000000013,0.008200000000000013,0.006275000000000003,-0.00789166666666666,0.008200000000000013,-0.008200000000000013,-0.006275000000000003,0.0,0.0,0.0,0.0,0.0,0.0,0.0,0.0,0.0,0.0,0.0,0.0,6,DD,1,0.0384900179459749,1.4
qwen,h1_dinc,79,random,CmNc,-0.034474999999999985,0.027200000000000016,-0.006899999999999962,0.01977500000000003,-0.002208333333333366,0.007550000000000001,-0.007300000000000029,-0.0060250000000000165,0.0022083333333334353,0.007550000000000001,0.007300000000000029,0.006024999999999975,0.0,0.0,0.0,0.0,0.0,0.0,0.0,0.0,0.0,0.0,0.0,0.0,8,DD,1,0.2694301256218253,1.7999999999999998
qwen,h1_dinc,79,random,CoAs,-0.04601666666666665,0.022249999999999992,-0.013649999999999995,0.008599999999999997,0.00543333333333332,0.023150000000000018,-0.00035000000000001696,0.007949999999999999,0.00543333333333332,0.023150000000000018,-0.00035000000000001696,0.007949999999999999,0.0,0.0,0.0,0.0,0.0,0.0,0.0,0.0,0.0,0.0,0.0,0.0,7,CO2,2,-0.6035533905932737,0.0
qwen,h1_dinc,79,random,CoCo,-0.004075000000000003,0.023174999999999987,0.01575,0.007450000000000012,0.0035083333333333416,0.015799999999999995,0.015799999999999995,0.008649999999999991,0.0035083333333333416,0.015799999999999995,0.015799999999999995,0.008649999999999991,-0.24999999999999997,0.25,0.25,0.25,-0.24999999999999997,0.25,0.25,0.25,-0.24999999999999997,0.25,0.25,0.25,7,CO1,2,-0.5169508502148299,0.2
qwen,h1_dinc,79,random,CoSh,-0.04545833333333332,0.022849999999999995,-0.021925,0.0009249999999999953,0.018208333333333288,0.007374999999999993,0.006724999999999981,0.00022500000000000298,0.018208333333333288,0.007374999999999993,0.006724999999999981,0.00022500000000000298,0.0,0.0,0.0,0.0,0.0,0.0,0.0,0.0,0.0,0.0,0.0,0.0,8,CO2,2,-0.5169508502148299,0.2
qwen,h1_dinc,79,random,HaAs,-0.03835833333333328,0.028550000000000006,-0.028550000000000006,-0.013350000000000042,-0.012891666666666652,0.01554999999999998,-0.00250000000000003,0.01304999999999995,-0.012891666666666652,0.01554999999999998,-0.00250000000000003,0.01304999999999995,0.0,0.0,0.0,0.0,0.0,0.0,0.0,0.0,0.0,0.0,0.0,0.0,7,OD2,1,-0.4233901974057255,0.6000000000000001
qwen,h1_dinc,79,random,HaBa,-0.03898333333333331,0.022849999999999995,-0.02187499999999999,-0.007625000000000007,-0.018849999999999936,0.013949999999999962,-0.0064750000000000085,0.007474999999999954,-0.018849999999999936,0.013949999999999962,-0.0064750000000000085,0.007474999999999954,0.0,0.0,0.0,0.0,0.0,0.0,0.0,0.0,0.0,0.0,0.0,0.0,9,OD2,1,-0.4233901974057255,0.6000000000000001
qwen,h1_dinc,79,random,HaCm,0.007016666666666707,0.015850000000000003,0.00822500000000001,-0.00035000000000001696,0.00495000000000003,0.015500000000000014,-0.007924999999999988,-0.015500000000000014,0.00495000000000003,0.015500000000000014,-0.007924999999999988,-0.015500000000000014,0.0,0.0,0.0,0.0,0.0,0.0,0.0,0.0,0.0,0.0,0.0,0.0,1,DD,1,0.0384900179459749,1.4
qwen,h1_dinc,79,random,HaDl,-0.029350000000000067,0.015725000000000017,-0.007950000000000013,0.006550000000000028,-0.018983333333333397,0.02200000000000002,-0.02200000000000002,-0.007499999999999979,-0.018983333333333397,0.02200000000000002,-0.02200000000000002,-0.007499999999999979,0.0,0.0,0.0,0.0,0.0,0.0,0.0,0.0,0.0,0.0,0.0,0.0,3,DD,1,-0.1924500897298753,1.0
qwen,h1_dinc,79,random,HaHa,-0.03875833333333333,0.02055,-0.01429999999999998,0.006250000000000019,-0.008225,0.019974999999999965,-0.01369999999999999,-0.006450000000000011,-0.008225,0.019974999999999965,-0.01369999999999999,-0.006450000000000011,0.0,0.0,0.0,0.0,0.0,0.0,0.0,0.0,0.0,0.0,0.0,0.0,5,DD,1,-0.6543303050815759,0.2
qwen,h1_dinc,79,random,HaNc,-0.009891666666666665,0.014374999999999985,0.0002999999999999947,0.0006250000000000006,0.0011416666666665776,0.0010499999999999676,0.0002999999999999947,-0.0006749999999999534,0.0011416666666665776,0.0010499999999999676,0.0002999999999999947,-0.0006749999999999534,0.0,0.0,0.0,0.0,0.0,0.0,0.0,0.0,0.0,0.0,0.0,0.0,7,DD,1,-0.7698003589195012,0.0
qwen,h1_dinc,79,random,HaPc,-0.03070833333333329,0.02942499999999998,-0.022074999999999984,-0.014050000000000007,-0.004041666666666823,0.00737500000000002,-0.00737500000000002,-0.0006499999999999562,-0.004041666666666823,0.00737500000000002,-0.00737500000000002,-0.0006499999999999562,0.0,0.0,0.0,0.0,0.0,0.0,0.0,0.0,0.0,0.0,0.0,0.0,9,DD,1,-0.4233901974057255,0.6000000000000001
qwen,h1_dinc,79,random,HrAs,-0.02242499999999992,0.02252499999999999,0.007500000000000048,0.014875000000000013,-0.039291666666666704,0.023475000000000024,-0.008650000000000005,0.014825000000000019,0.03929166666666671,0.023475000000000024,0.008649999999999991,-0.014825000000000033,0.0,0.0,0.0,0.0,0.0,0.0,0.0,0.0,0.0,0.0,0.0,0.0,8,MP,0,0.68329601758822,2.0
qwen,h1_dinc,79,random,HrBa,-0.04124166666666666,0.021724999999999994,-0.006600000000000009,0.015124999999999986,0.004925000000000011,0.008175000000000002,0.0053500000000000075,-0.0006250000000000006,-0.004924999999999967,0.008174999999999988,-0.005349999999999994,0.0006249999999999867,0.0,0.0,0.0,0.0,0.0,0.0,0.0,0.0,0.0,0.0,0.0,0.0,2,CO1,2,0.069651690163614,0.3999999999999999
qwen,h1_dinc,79,random,HrCh,-0.020933333333333373,0.01545000000000002,-0.0005250000000000116,0.014925000000000008,0.006916666666666681,0.015475000000000017,0.0011750000000000232,0.00017500000000002236,-0.006916666666666728,0.015475000000000017,-0.0011750000000000094,-0.00017499999999998073,0.0,0.0,0.0,0.0,0.0,0.0,0.0,0.0,0.0,0.0,0.0,0.0,4,CO1,2,0.3294593112989456,1.0
qwen,h1_dinc,79,random,HrHr,-0.03363333333333333,0.021600000000000036,-0.014225000000000015,0.0072499999999999926,0.010100000000000026,0.008000000000000035,0.0006250000000000144,-0.006850000000000009,-0.010100000000000057,0.008000000000000035,-0.0006250000000000144,0.006850000000000023,0.0,0.0,0.0,0.0,0.0,0.0,0.0,0.0,0.0,0.0,0.0,0.0,2,CO2,2,-0.0169508502148298,0.2
qwen,h1_dinc,79,random,ShAs,-0.003908333333333345,0.015425000000000008,0.007525000000000004,0.006750000000000006,-0.01592499999999999,0.02245000000000001,0.0073750000000000066,0.007949999999999999,-0.01592499999999999,0.02245000000000001,0.0073750000000000066,0.007949999999999999,0.0,0.0,0.0,0.0,0.0,0.0,0.0,0.0,0.0,0.0,0.0,0.0,8,CO1,2,-0.3437457694579421,0.6000000000000001
qwen,h1_dinc,79,random,ShCo,-0.040175,0.021525000000000002,-0.014175000000000021,0.0073499999999999815,0.006558333333333419,0.022250000000000034,0.014925000000000035,0.007849999999999996,0.006558333333333419,0.022250000000000034,0.014925000000000035,0.007849999999999996,0.0,0.0,0.0,0.0,0.0,0.0,0.0,0.0,0.0,0.0,0.0,0.0,9,CO2,2,-0.5169508502148299,0.2
qwen,h1_dinc,79,random,ShSh,-0.03612500000000002,0.023075000000000026,2.5000000000011124e-05,0.023075000000000026,-0.025341666666666676,0.015375000000000014,-0.0002750000000000252,0.007274999999999976,-0.025341666666666676,0.015375000000000014,-0.0002750000000000252,0.007274999999999976,0.0,0.0,0.0,0.0,0.0,0.0,0.0,0.0,0.0,0.0,0.0,0.0,9,CO1,2,-0.2571432290794982,0.8
qwen,h2_choice,65,main,AsAs,-0.4216416666666667,0.215825,-0.145625,0.07019999999999998,-0.012974999999999983,0.015200000000000005,0.0025250000000000272,0.007450000000000012,-0.012974999999999983,0.015200000000000005,0.0025250000000000272,0.007450000000000012,-1.4166666666666665,0.75,0.0,0.75,0.5833333333333333,0.25,0.0,-0.25,0.5833333333333333,0.25,0.0,-0.25,1,CO1,2,-0.5169508502148299,0.2
qwen,h2_choice,65,main,AsBa,-0.38380833333333325,0.19467500000000001,-0.133,0.06167500000000001,0.057658333333333284,0.02737499999999997,0.011749999999999997,-0.015624999999999972,-0.05765833333333326,0.027374999999999955,-0.011749999999999983,0.015624999999999972,-1.1666666666666665,0.5,-0.25,0.25,-2.3115197751421316e-17,0.25,-0.25,-0.25,2.3115197751421316e-17,0.25,0.25,0.25,2,MP,0,0.5678259637502947,1.7999999999999998
qwen,h2_choice,65,main,AsCh,-0.36151666666666665,0.187475,-0.125,0.062475,-0.010983333333333315,0.023174999999999973,-0.008400000000000005,-0.00027500000000001135,0.010983333333333277,0.023175,0.00839999999999999,0.0002750000000000252,-0.9999999999999999,0.5,0.0,0.5,-0.16666666666666669,0.25,0.0,0.0,0.16666666666666669,0.25,0.0,0.0,4,MP,0,0.3368858560744445,1.4
qwen,h2_choice,65,main,AsCm,-0.47186666666666655,0.23595,-0.158525,0.077425,-0.09749999999999999,0.05485000000000001,-0.023925000000000002,0.030925000000000008,0.09749999999999996,0.05485000000000001,0.023925000000000002,-0.030925000000000008,-0.9999999999999999,0.5,0.0,0.5,0.16666666666666669,0.25,0.0,0.0,-0.16666666666666669,0.25,0.0,0.0,2,OD1,1,0.7408346464128569,1.7999999999999998
qwen,h2_choice,65,main,AsCo,-0.3367750000000001,0.1715,-0.12490000000000001,0.0466,-0.026524999999999955,0.022874999999999965,-0.0066499999999999615,5.000000000002225e-05,-0.026524999999999955,0.022874999999999965,-0.0066499999999999615,5.000000000002225e-05,-0.4166666666666666,0.25,0.0,0.25,-0.4166666666666666,0.25,0.0,0.25,-0.4166666666666666,0.25,0.0,0.25,1,CO2,2,-0.6035533905932737,0.0
qwen,h2_choice,65,main,AsDl,-0.4095916666666666,0.206075,-0.14479999999999998,0.06127500000000001,-0.07524166666666664,0.039074999999999985,-0.023899999999999963,0.015175000000000022,0.0752416666666666,0.03907499999999997,0.02389999999999995,-0.015175000000000022,-0.9999999999999999,0.5,0.0,0.5,0.16666666666666669,0.25,0.0,0.0,-0.16666666666666669,0.25,0.0,0.0,4,OD1,1,0.5098945387370066,1.4
qwen,h2_choice,65,main,AsHa,-0.4192999999999999,0.210575,-0.1257,0.08487499999999999,0.07918333333333334,0.043825,0.020949999999999996,-0.022875000000000006,0.07918333333333334,0.043825,0.020949999999999996,-0.022875000000000006,-0.8333333333333331,0.5,0.0,0.5,0.0,0.0,0.0,0.0,0.0,0.0,0.0,0.0,1,OD2,1,0.048014323385306,0.6000000000000001
qwen,h2_choice,65,main,AsHr,-0.3796999999999999,0.18605,-0.10869999999999999,0.07735,-0.04294999999999997,0.03694999999999997,-0.021250000000000005,4.9999999999980616e-05,0.04294999999999997,0.036949999999999955,0.02125000000000002,-4.999999999996674e-05,-0.6666666666666667,0.25,0.0,0.25,0.6666666666666667,0.25,0.0,-0.25,-0.6666666666666667,0.25,0.0,0.25,6,MP,0,0.68329601758822,2.0
qwen,h2_choice,65,main,AsNc,-0.3762166666666667,0.192,-0.13782500000000003,0.05417499999999999,0.02393333333333335,0.014350000000000016,0.0061250000000000054,-0.00822500000000001,0.02393333333333335,0.014350000000000016,0.0061250000000000054,-0.00822500000000001,-0.8333333333333331,0.5,0.0,0.5,0.0,0.0,0.0,0.0,0.0,0.0,0.0,0.0,3,OD2,1,0.1634843772232312,0.8
qwen,h2_choice,65,main,AsPc,-0.40265833333333334,0.21037500000000003,-0.14795000000000003,0.06242500000000001,0.02127499999999999,0.022249999999999992,0.0033500000000000058,0.0004750000000000032,0.02127499999999999,0.022249999999999992,0.0033500000000000058,0.0004750000000000032,-0.4166666666666666,0.25,0.0,0.25,-0.4166666666666666,0.25,0.0,0.25,-0.4166666666666666,0.25,0.0,0.25,5,OD2,1,-0.1829257842905442,0.2
qwen,h2_choice,65,main,AsPd,-0.38559999999999994,0.18817499999999998,-0.141675,0.046499999999999986,0.05428333333333338,0.027775000000000022,0.019775000000000015,-0.00045000000000000595,-0.05428333333333337,0.027775000000000022,-0.019775000000000015,0.00045000000000000595,-0.4166666666666666,0.5,0.0,0.25,0.4166666666666666,0.25,0.0,-0.25,-0.4166666666666666,0.25,0.0,0.25,6,OD1,1,0.3944244848990815,1.2
qwen,h2_choice,65,main,AsSh,-0.40884166666666655,0.2067,-0.128525,0.07817500000000001,0.025925000000000017,0.029850000000000015,0.027075000000000002,0.01567500000000001,0.025925000000000017,0.029850000000000015,0.027075000000000002,0.01567500000000001,-0.6666666666666667,0.25,0.0,0.25,-0.6666666666666667,0.25,0.0,0.25,-0.6666666666666667,0.25,0.0,0.25,3,CO1,2,-0.3437457694579421,0.6000000000000001
qwen,h2_choice,65,main,BaAs,-0.37613333333333326,0.19057500000000002,-0.129525,0.06105000000000002,-0.0162666666666667,0.009675000000000017,-0.009675000000000017,-0.0005500000000000088,-0.0162666666666667,0.009675000000000017,-0.009675000000000017,-0.0005500000000000088,-0.6666666666666667,0.25,0.0,0.25,0.6666666666666667,0.25,0.0,-0.25,0.6666666666666667,0.25,0.0,-0.25,1,MP,0,0.5678259637502947,1.7999999999999998
qwen,h2_choice,65,main,BaBa,-0.31195,0.156675,-0.11102500000000001,0.04564999999999998,-0.06250000000000006,0.03442500000000001,-0.019324999999999995,0.015100000000000016,-0.06250000000000006,0.03442500000000001,-0.019324999999999995,0.015100000000000016,-1.1666666666666665,0.5,0.0,0.5,0.16666666666666669,0.25,0.0,0.0,0.16666666666666669,0.25,0.0,0.0,3,CO2,2,-0.0169508502148298,0.2
qwen,h2_choice,65,main,BaCh,-0.3001416666666667,0.15070000000000003,-0.10497500000000001,0.045725000000000016,0.004775000000000086,0.015200000000000019,0.0007250000000000312,-0.0005250000000000116,0.004775000000000086,0.015200000000000019,0.0007250000000000312,-0.0005250000000000116,-1.4999999999999998,0.75,-0.25,0.5,0.49999999999999994,0.25,0.25,0.0,0.49999999999999994,0.25,0.25,0.0,4,CO2,2,0.1562542305420579,0.6000000000000001
qwen,h2_choice,65,main,BaCm,-0.3297583333333333,0.16567500000000004,-0.11905000000000002,0.04662500000000003,-0.04142499999999996,0.02717500000000002,-0.011300000000000004,0.015274999999999983,-0.04142499999999996,0.02717500000000002,-0.011300000000000004,0.015274999999999983,-1.4999999999999998,0.75,-0.5,0.25,0.6666666666666667,0.5,0.5,0.25,0.6666666666666667,0.5,0.5,0.25,1,OD1,1,0.2789544310611563,1.0
qwen,h2_choice,65,main,BaCo,-0.3657833333333334,0.193875,-0.131775,0.06209999999999999,-0.052950000000000066,0.030399999999999996,0.0058749999999999705,0.030399999999999996,-0.052950000000000066,0.030399999999999996,0.0058749999999999705,0.030399999999999996,-1.2499999999999998,0.75,-0.25,0.5,0.41666666666666663,0.25,0.25,0.0,0.41666666666666663,0.25,0.25,0.0,3,MP,0,0.4523559099123697,1.6
qwen,h2_choice,65,main,BaDl,-0.3550833333333333,0.18385,-0.13799999999999998,0.045850000000000016,-0.004116666666666638,0.011950000000000002,-0.004349999999999993,-0.00035000000000001696,-0.004116666666666638,0.011950000000000002,-0.004349999999999993,-0.00035000000000001696,-0.6666666666666667,0.25,-0.25,0.0,0.6666666666666667,0.25,0.25,0.0,0.6666666666666667,0.25,0.25,0.0,3,OD1,1,0.5098945387370066,1.4
qwen,h2_choice,65,main,BaHa,-0.3783333333333334,0.18535000000000001,-0.11647500000000002,0.06887499999999998,-0.02535000000000001,0.01780000000000001,-0.009874999999999995,0.007575000000000012,0.025349999999999973,0.01780000000000001,0.009874999999999995,-0.007574999999999998,-0.8333333333333331,0.5,-0.25,0.25,0.8333333333333331,0.5,0.25,-0.25,-0.8333333333333331,0.5,-0.25,0.25,2,OD2,1,0.048014323385306,0.6000000000000001
qwen,h2_choice,65,main,BaHr,-0.3014999999999999,0.15685,-0.11164999999999997,0.04520000000000002,-0.06613333333333336,0.03660000000000002,-0.02080000000000004,0.01579999999999998,-0.06613333333333336,0.03660000000000002,-0.02080000000000004,0.01579999999999998,-1.1666666666666665,0.5,-0.25,0.25,0.16666666666666674,0.25,0.25,0.25,0.16666666666666674,0.25,0.25,0.25,5,CO1,2,0.069651690163614,0.3999999999999999
qwen,h2_choice,65,main,BaNc,-0.34012500000000007,0.16575,-0.10275000000000001,0.063,0.026424999999999924,0.030399999999999996,0.013899999999999982,-0.00029999999999998084,-0.026424999999999955,0.030399999999999983,-0.013900000000000023,0.00029999999999996696,-0.5833333333333333,0.25,0.0,0.25,0.5833333333333333,0.25,0.0,-0.25,-0.5833333333333333,0.25,0.0,0.25,4,OD2,1,0.1634843772232312,0.8
qwen,h2_choice,65,main,BaPc,-0.3179333333333333,0.1646,-0.1265,0.038099999999999995,-0.08208333333333334,0.04140000000000002,-0.03410000000000002,0.007300000000000001,0.08208333333333334,0.04140000000000002,0.03410000000000002,-0.007300000000000001,-1.3333333333333328,0.75,-0.25,0.5,0.49999999999999994,0.5,0.25,0.0,-0.49999999999999994,0.5,-0.25,0.0,6,OD2,1,0.2789544310611563,1.0
qwen,h2_choice,65,main,BaPd,-0.34343333333333326,0.179925,-0.11827499999999999,0.06165000000000001,-0.026266666666666758,0.018525000000000028,-0.011025000000000021,0.0008500000000000313,-0.026266666666666758,0.018525000000000028,-0.011025000000000021,0.0008500000000000313,-1.2499999999999998,0.75,-0.25,0.5,0.41666666666666663,0.25,0.25,0.0,0.41666666666666663,0.25,0.25,0.0,5,OD1,1,0.3944244848990815,1.2
qwen,h2_choice,65,main,BaSh,-0.384775,0.182225,-0.136175,0.04605000000000001,-0.0029083333333334124,0.015549999999999994,0.010424999999999934,0.015099999999999988,-0.0029083333333334124,0.015549999999999994,0.010424999999999934,0.015099999999999988,0.0,0.0,0.0,0.0,0.0,0.0,0.0,0.0,0.0,0.0,0.0,0.0,5,MP,0,0.3368858560744445,1.4
qwen,h2_choice,65,main,ChAs,-0.34452499999999997,0.17795,-0.12400000000000001,0.05395,-0.027641666666666672,0.023124999999999993,-0.004100000000000006,0.008050000000000002,-0.027641666666666672,0.023124999999999993,-0.004100000000000006,0.008050000000000002,-0.41666666666666663,0.25,-0.25,0.0,0.41666666666666663,0.25,0.25,0.0,0.41666666666666663,0.25,0.25,0.0,7,MP,0,0.3368858560744445,1.4
qwen,h2_choice,65,main,ChBa,-0.3060416666666666,0.14965,-0.12655,0.022949999999999998,-0.08870833333333336,0.04350000000000001,-0.035699999999999996,0.007650000000000018,-0.08870833333333336,0.04350000000000001,-0.035699999999999996,0.007650000000000018,-0.6666666666666667,0.25,0.0,0.25,0.6666666666666667,0.25,0.0,-0.25,0.6666666666666667,0.25,0.0,-0.25,5,CO2,2,0.1562542305420579,0.6000000000000001
qwen,h2_choice,65,main,ChCh,-0.36395,0.18335,-0.1212,0.06215,-0.007633333333333382,0.014774999999999996,-0.00470000000000001,-0.001099999999999976,-0.007633333333333382,0.014774999999999996,-0.00470000000000001,-0.001099999999999976,-0.6666666666666667,0.25,-0.25,0.0,0.6666666666666667,0.25,0.25,0.0,0.6666666666666667,0.25,0.25,0.0,6,CO2,2,0.2428567709205017,0.8
qwen,h2_choice,65,main,ChCm,-0.32455833333333334,0.166275,-0.120325,0.045950000000000005,-0.10204166666666667,0.05967500000000002,-0.029175000000000034,0.030499999999999985,-0.10204166666666667,0.05967500000000002,-0.029175000000000034,0.030499999999999985,-0.5833333333333333,0.25,0.0,0.25,0.5833333333333333,0.25,0.0,-0.25,0.5833333333333333,0.25,0.0,-0.25,7,OD1,1,0.6253645925749319,1.6
qwen,h2_choice,65,main,ChCo,-0.3570166666666666,0.185425,-0.13235,0.05307500000000001,-0.06841666666666665,0.03932499999999997,0.00574999999999997,0.03932499999999997,-0.06841666666666665,0.03932499999999997,0.00574999999999997,0.03932499999999997,-1.0833333333333333,0.5,-0.25,0.25,0.2500000000000001,0.25,0.25,0.25,0.2500000000000001,0.25,0.25,0.25,9,MP,0,0.1059457483985941,1.0
qwen,h2_choice,65,main,ChDl,-0.3174083333333333,0.15915,-0.10585000000000001,0.0533,-0.06749166666666663,0.03695,-0.029349999999999973,0.007600000000000023,-0.06749166666666663,0.03695,-0.029349999999999973,0.007600000000000023,-0.41666666666666663,0.25,-0.25,0.0,0.41666666666666663,0.25,0.25,0.0,0.41666666666666663,0.25,0.25,0.0,9,OD1,1,0.7408346464128569,1.7999999999999998
qwen,h2_choice,65,main,ChHa,-0.30035833333333334,0.150975,-0.10515000000000004,0.04582499999999996,-0.062424999999999994,0.029524999999999996,-0.013849999999999987,0.01567500000000001,0.06242499999999997,0.029524999999999996,0.013849999999999973,-0.015675000000000022,-1.083333333333333,0.5,0.0,0.5,0.25,0.25,0.0,0.0,-0.25,0.25,0.0,0.0,8,OD2,1,-0.1829257842905442,0.2
qwen,h2_choice,65,main,ChHr,-0.32669999999999993,0.166175,-0.1204,0.045774999999999996,-0.11386666666666669,0.05947500000000003,-0.029450000000000018,0.03002500000000001,-0.11386666666666669,0.05947500000000003,-0.029450000000000018,0.03002500000000001,-0.5833333333333334,0.25,-0.25,0.0,0.5833333333333334,0.25,0.25,0.0,0.5833333333333334,0.25,0.25,0.0,6,CO1,2,0.3294593112989456,1.0
qwen,h2_choice,65,main,CmAs,-0.275575,0.13622499999999998,-0.08487499999999998,0.05135000000000001,-0.15249166666666666,0.07982499999999998,-0.04382500000000001,0.035999999999999976,0.15249166666666666,0.07982499999999998,0.043825,-0.035999999999999976,0.0,0.0,0.0,0.0,0.0,0.0,0.0,0.0,0.0,0.0,0.0,0.0,8,OD1,1,0.2694301256218253,1.7999999999999998
qwen,h2_choice,65,main,CmCm,-0.30932499999999996,0.15715,-0.10687500000000001,0.050274999999999986,-0.17125833333333337,0.08555,-0.04912499999999999,0.03642500000000001,0.17125833333333337,0.08555000000000001,0.04912500000000003,-0.036424999999999985,0.0,0.0,0.0,0.0,0.0,0.0,0.0,0.0,0.0,0.0,0.0,0.0,2,DD,1,-0.3079201435678004,0.8
qwen,h2_choice,65,main,CmDl,-0.34468333333333334,0.1732,-0.10907499999999998,0.06412500000000002,-0.16885,0.08495,-0.04982500000000001,0.03512499999999999,0.16884999999999997,0.08494999999999997,0.04982499999999998,-0.03512499999999999,0.0,0.0,0.0,0.0,0.0,0.0,0.0,0.0,0.0,0.0,0.0,0.0,4,DD,1,0.0384900179459749,1.4
qwen,h2_choice,65,main,CmHa,-0.2926833333333333,0.14855000000000002,-0.10022500000000001,0.04832499999999999,-0.16231666666666666,0.07845,-0.041974999999999985,0.03647500000000002,0.1623166666666667,0.07845000000000002,0.041974999999999985,-0.036475000000000035,0.0,0.0,0.0,0.0,0.0,0.0,0.0,0.0,0.0,0.0,0.0,0.0,6,DD,1,0.0384900179459749,1.4
qwen,h2_choice,65,main,CmNc,-0.2583,0.131275,-0.09474999999999997,0.03652500000000003,-0.1692,0.085975,-0.06410000000000002,0.021874999999999978,0.1692,0.085975,0.06409999999999999,-0.021875000000000006,0.0,0.0,0.0,0.0,0.0,0.0,0.0,0.0,0.0,0.0,0.0,0.0,8,DD,1,0.2694301256218253,1.7999999999999998
qwen,h2_choice,65,main,CoAs,-0.37058333333333326,0.18655,-0.11837500000000001,0.06817499999999999,0.07350000000000007,0.03305000000000004,0.012924999999999992,-0.020125000000000046,0.07350000000000007,0.03305000000000004,0.012924999999999992,-0.020125000000000046,-0.8333333333333331,0.5,-0.25,0.25,-0.8333333333333331,0.5,-0.25,0.25,-0.8333333333333331,0.5,-0.25,0.25,7,CO2,2,-0.6035533905932737,0.0
qwen,h2_choice,65,main,CoCo,-0.4494916666666667,0.22330000000000005,-0.130675,0.09262500000000003,0.05469166666666666,0.024875000000000008,0.024875000000000008,0.001025000000000012,0.05469166666666666,0.024875000000000008,0.024875000000000008,0.001025000000000012,-1.166666666666666,0.5,0.0,0.5,-1.166666666666666,0.5,0.0,0.5,-1.166666666666666,0.5,0.0,0.5,7,CO1,2,-0.5169508502148299,0.2
qwen,h2_choice,65,main,CoSh,-0.37124166666666664,0.1849,-0.1393,0.045600000000000016,0.11427499999999996,0.061399999999999996,0.031349999999999975,-0.03005000000000002,0.11427499999999996,0.061399999999999996,0.031349999999999975,-0.03005000000000002,-1.0833333333333333,0.5,-0.5,0.0,-1.0833333333333333,0.5,-0.5,0.0,-1.0833333333333333,0.5,-0.5,0.0,8,CO2,2,-0.5169508502148299,0.2
qwen,h2_choice,65,main,HaAs,-0.38762499999999994,0.19272500000000004,-0.13585000000000003,0.056874999999999995,0.17174166666666665,0.08722499999999997,0.044599999999999945,-0.042625000000000024,0.17174166666666665,0.08722499999999997,0.044599999999999945,-0.042625000000000024,-0.41666666666666663,0.25,-0.25,0.0,-0.41666666666666663,0.25,-0.25,0.0,-0.41666666666666663,0.25,-0.25,0.0,7,OD2,1,-0.4233901974057255,0.6000000000000001
qwen,h2_choice,65,main,HaBa,-0.2983083333333334,0.14550000000000002,-0.11524999999999999,0.030250000000000027,0.14104166666666668,0.0741,0.04364999999999997,-0.030450000000000033,0.14104166666666668,0.0741,0.04364999999999997,-0.030450000000000033,0.0,0.0,0.0,0.0,0.0,0.0,0.0,0.0,0.0,0.0,0.0,0.0,9,OD2,1,-0.4233901974057255,0.6000000000000001
qwen,h2_choice,65,main,HaCm,-0.28193333333333337,0.14802500000000002,-0.10270000000000001,0.045325000000000004,0.08401666666666661,0.04527499999999998,0.010499999999999982,-0.031225000000000003,0.08401666666666661,0.04527499999999998,0.010499999999999982,-0.031225000000000003,-0.41666666666666663,0.25,-0.25,0.0,-0.41666666666666663,0.25,-0.25,0.0,-0.41666666666666663,0.25,-0.25,0.0,1,DD,1,0.0384900179459749,1.4
qwen,h2_choice,65,main,HaDl,-0.33503333333333335,0.16890000000000005,-0.11595000000000001,0.052950000000000025,0.13606666666666656,0.06429999999999995,0.02669999999999996,-0.037599999999999995,0.13606666666666656,0.06429999999999995,0.02669999999999996,-0.037599999999999995,-0.41666666666666663,0.25,-0.25,0.0,-0.41666666666666663,0.25,-0.25,0.0,-0.41666666666666663,0.25,-0.25,0.0,3,DD,1,-0.1924500897298753,1.0
qwen,h2_choice,65,main,HaHa,-0.35000000000000003,0.17765,-0.1346,0.043050000000000005,0.1448166666666667,0.07200000000000001,0.029549999999999993,-0.042450000000000015,0.1448166666666667,0.07200000000000001,0.029549999999999993,-0.042450000000000015,-0.41666666666666663,0.25,-0.25,0.0,-0.41666666666666663,0.25,-0.25,0.0,-0.41666666666666663,0.25,-0.25,0.0,5,DD,1,-0.6543303050815759,0.2
qwen,h2_choice,65,main,HaNc,-0.31554166666666666,0.158225,-0.10602500000000001,0.052199999999999996,0.1942749999999999,0.09937499999999996,0.049274999999999985,-0.05009999999999998,0.1942749999999999,0.09937499999999996,0.049274999999999985,-0.05009999999999998,0.0,0.0,0.0,0.0,0.0,0.0,0.0,0.0,0.0,0.0,0.0,0.0,7,DD,1,-0.7698003589195012,0.0
qwen,h2_choice,65,main,HaPc,-0.3428166666666667,0.180575,-0.12175,0.058825000000000016,0.1251499999999999,0.058974999999999944,0.029949999999999977,-0.029024999999999967,0.1251499999999999,0.058974999999999944,0.029949999999999977,-0.029024999999999967,-0.41666666666666663,0.25,-0.25,0.0,-0.41666666666666663,0.25,-0.25,0.0,-0.41666666666666663,0.25,-0.25,0.0,9,DD,1,-0.4233901974057255,0.6000000000000001
qwen,h2_choice,65,main,HrAs,-0.31979166666666664,0.15875,-0.106225,0.052525,-0.13405833333333333,0.06885000000000002,-0.031174999999999994,0.03767500000000003,0.1340583333333333,0.06885000000000002,0.03117499999999998,-0.03767500000000004,-0.9999999999999999,0.5,-0.25,0.25,0.16666666666666674,0.25,0.25,0.25,-0.16666666666666674,0.25,-0.25,-0.25,8,MP,0,0.68329601758822,2.0
qwen,h2_choice,65,main,HrBa,-0.3131583333333333,0.14525000000000005,-0.09955000000000003,0.045700000000000005,-0.18045833333333328,0.08604999999999999,-0.0559,0.030149999999999996,0.18045833333333328,0.08604999999999999,0.055900000000000005,-0.030149999999999982,-0.41666666666666663,0.25,-0.25,0.0,0.41666666666666663,0.25,0.25,0.0,-0.41666666666666663,0.25,-0.25,0.0,2,CO1,2,0.069651690163614,0.3999999999999999
qwen,h2_choice,65,main,HrCh,-0.3365499999999999,0.16244999999999998,-0.10385,0.058599999999999985,-0.14883333333333332,0.07305,-0.04209999999999997,0.030950000000000033,0.14883333333333337,0.07305000000000003,0.0421,-0.030950000000000033,-0.41666666666666663,0.25,-0.25,0.0,0.41666666666666663,0.25,0.25,0.0,-0.41666666666666663,0.25,-0.25,0.0,4,CO1,2,0.3294593112989456,1.0
qwen,h2_choice,65,main,HrHr,-0.2974583333333333,0.14942500000000003,-0.10482500000000003,0.04459999999999999,-0.13069166666666665,0.060924999999999986,-0.044025,0.016899999999999984,0.13069166666666668,0.06092500000000001,0.04402500000000001,-0.0169,-0.41666666666666663,0.25,-0.25,0.0,0.41666666666666663,0.25,0.25,0.0,-0.41666666666666663,0.25,-0.25,0.0,2,CO2,2,-0.0169508502148298,0.2
qwen,h2_choice,65,main,ShAs,-0.4294249999999999,0.21657500000000002,-0.140175,0.07640000000000001,0.032741666666666676,0.014774999999999969,0.012025000000000008,-0.0005999999999999894,0.032741666666666676,0.014774999999999969,0.012025000000000008,-0.0005999999999999894,-0.8333333333333331,0.5,0.0,0.5,0.0,0.0,0.0,0.0,0.0,0.0,0.0,0.0,8,CO1,2,-0.3437457694579421,0.6000000000000001
qwen,h2_choice,65,main,ShCo,-0.4920166666666667,0.240975,-0.16457500000000003,0.07639999999999998,0.03585,0.01792499999999999,0.01792499999999999,0.00010000000000000286,0.03585,0.01792499999999999,0.01792499999999999,0.00010000000000000286,0.0,0.0,0.0,0.0,0.0,0.0,0.0,0.0,0.0,0.0,0.0,0.0,9,CO2,2,-0.5169508502148299,0.2
qwen,h2_choice,65,main,ShSh,-0.44150833333333334,0.21875,-0.148775,0.06997500000000001,0.006491666666666673,0.02377499999999997,0.008424999999999953,0.007824999999999957,0.006491666666666673,0.02377499999999997,0.008424999999999953,0.007824999999999957,-0.8333333333333331,0.5,0.0,0.5,0.0,0.0,0.0,0.0,0.0,0.0,0.0,0.0,9,CO1,2,-0.2571432290794982,0.8
qwen,h2_choice,65,main_perp,AsAs,-0.43934166666666663,0.229625,-0.151625,0.07799999999999999,-0.028108333333333325,0.030950000000000005,-0.004124999999999976,0.0006000000000000172,-0.028108333333333325,0.030950000000000005,-0.004124999999999976,0.0006000000000000172,-1.2499999999999998,0.75,0.0,0.75,0.4166666666666666,0.25,0.0,-0.25,0.4166666666666666,0.25,0.0,-0.25,1,CO1,2,-0.5169508502148299,0.2
qwen,h2_choice,65,main_perp,AsBa,-0.40264166666666656,0.20015,-0.146475,0.053675,0.03652499999999999,0.017724999999999977,0.010224999999999998,-0.007324999999999998,-0.036524999999999946,0.017724999999999963,-0.010224999999999984,0.007324999999999998,-1.6666666666666663,0.75,-0.25,0.5,-0.49999999999999994,0.25,-0.25,0.0,0.49999999999999994,0.25,0.25,0.0,2,MP,0,0.5678259637502947,1.7999999999999998
qwen,h2_choice,65,main_perp,AsCh,-0.39473333333333327,0.201575,-0.131125,0.07045,-0.014150000000000036,0.01545000000000002,-0.01452500000000001,-0.0073499999999999815,0.01415000000000003,0.01545000000000002,0.01452500000000001,0.007349999999999995,-1.083333333333333,0.5,0.0,0.5,-0.25,0.25,0.0,0.0,0.25,0.25,0.0,0.0,4,MP,0,0.3368858560744445,1.4
qwen,h2_choice,65,main_perp,AsCm,-0.46430833333333327,0.23639999999999997,-0.15137499999999998,0.08502499999999999,-0.111375,0.05270000000000001,-0.030325000000000005,0.022375000000000006,0.111375,0.0527,0.03032499999999999,-0.022375000000000006,-1.4999999999999998,0.75,0.0,0.75,0.6666666666666667,0.25,0.0,-0.25,-0.6666666666666667,0.25,0.0,0.25,2,OD1,1,0.7408346464128569,1.7999999999999998
qwen,h2_choice,65,main_perp,AsCo,-0.32061666666666666,0.1573,-0.11822500000000001,0.039075,0.025833333333333375,0.023675,2.500000000003888e-05,-0.007474999999999982,0.025833333333333375,0.023675,2.500000000003888e-05,-0.007474999999999982,0.0,0.0,0.0,0.0,0.0,0.0,0.0,0.0,0.0,0.0,0.0,0.0,1,CO2,2,-0.6035533905932737,0.0
qwen,h2_choice,65,main_perp,AsDl,-0.4119666666666666,0.20147500000000002,-0.13187500000000002,0.06960000000000001,-0.06908333333333337,0.03242500000000002,-0.024624999999999994,0.007800000000000029,0.06908333333333333,0.03242500000000001,0.02462499999999998,-0.007800000000000029,-1.4999999999999998,0.75,0.0,0.75,0.6666666666666667,0.25,0.0,-0.25,-0.6666666666666667,0.25,0.0,0.25,4,OD1,1,0.5098945387370066,1.4
qwen,h2_choice,65,main_perp,AsHa,-0.4137499999999999,0.2106,-0.13360000000000002,0.077,0.05606666666666669,0.029950000000000004,0.015350000000000003,-0.014600000000000002,0.05606666666666669,0.029950000000000004,0.015350000000000003,-0.014600000000000002,-0.8333333333333331,0.5,0.0,0.5,0.0,0.0,0.0,0.0,0.0,0.0,0.0,0.0,1,OD2,1,0.048014323385306,0.6000000000000001
qwen,h2_choice,65,main_perp,AsHr,-0.39325,0.203175,-0.11044999999999999,0.092725,-0.03215000000000001,0.021000000000000005,-0.02035000000000002,0.0002249999999999891,0.03214999999999999,0.02099999999999999,0.020350000000000035,-0.00022499999999997522,-0.6666666666666667,0.25,0.0,0.25,0.6666666666666667,0.25,0.0,-0.25,-0.6666666666666667,0.25,0.0,0.25,6,MP,0,0.68329601758822,2.0
qwen,h2_choice,65,main_perp,AsNc,-0.3902,0.19999999999999998,-0.138075,0.06192499999999998,0.024666666666666663,0.022849999999999995,0.00572499999999998,2.499999999998337e-05,0.024666666666666663,0.022849999999999995,0.00572499999999998,2.499999999998337e-05,-0.8333333333333331,0.5,0.0,0.5,0.0,0.0,0.0,0.0,0.0,0.0,0.0,0.0,3,OD2,1,0.1634843772232312,0.8
qwen,h2_choice,65,main_perp,AsPc,-0.42802499999999993,0.21627500000000005,-0.14637500000000003,0.0699,0.06462499999999993,0.03757499999999998,0.015125,-0.022449999999999984,0.06462499999999993,0.03757499999999998,0.015125,-0.022449999999999984,-0.8333333333333331,0.5,0.0,0.5,0.0,0.0,0.0,0.0,0.0,0.0,0.0,0.0,5,OD2,1,-0.1829257842905442,0.2
qwen,h2_choice,65,main_perp,AsPd,-0.37586666666666657,0.18862500000000001,-0.14240000000000003,0.04622499999999999,0.04238333333333334,0.0194,0.019199999999999995,-0.00017500000000000848,-0.04238333333333339,0.01940000000000003,-0.019200000000000023,0.00017500000000000848,-0.9999999999999999,0.5,-0.25,0.25,-0.16666666666666674,0.25,-0.25,-0.25,0.16666666666666674,0.25,0.25,0.25,6,OD1,1,0.3944244848990815,1.2
qwen,h2_choice,65,main_perp,AsSh,-0.3958333333333332,0.19935000000000003,-0.129075,0.07027500000000002,-0.011883333333333333,0.02297500000000001,0.014274999999999996,0.02297500000000001,-0.011883333333333333,0.02297500000000001,0.014274999999999996,0.02297500000000001,-0.5833333333333333,0.25,0.0,0.25,-0.5833333333333333,0.25,0.0,0.25,-0.5833333333333333,0.25,0.0,0.25,3,CO1,2,-0.3437457694579421,0.6000000000000001
qwen,h2_choice,65,main_perp,BaAs,-0.34957499999999997,0.17622500000000002,-0.12200000000000001,0.054224999999999995,-0.01897500000000003,0.017199999999999993,-0.017199999999999993,-0.00827499999999999,-0.01897500000000003,0.017199999999999993,-0.017199999999999993,-0.00827499999999999,-0.6666666666666667,0.25,0.0,0.25,0.6666666666666667,0.25,0.0,-0.25,0.6666666666666667,0.25,0.0,-0.25,1,MP,0,0.5678259637502947,1.7999999999999998
qwen,h2_choice,65,main_perp,BaBa,-0.29657500000000003,0.149125,-0.111875,0.03724999999999999,-0.02805833333333333,0.01625,-0.004224999999999979,0.008200000000000027,-0.02805833333333333,0.01625,-0.004224999999999979,0.008200000000000027,-0.49999999999999994,0.5,-0.25,0.0,0.33333333333333337,0.25,0.25,0.0,0.33333333333333337,0.25,0.25,0.0,3,CO2,2,-0.0169508502148298,0.2
qwen,h2_choice,65,main_perp,BaCh,-0.34041666666666676,0.173525,-0.11907500000000001,0.05445,-0.03351666666666664,0.020275,-0.012325000000000003,0.007949999999999999,-0.03351666666666664,0.020275,-0.012325000000000003,0.007949999999999999,-0.9999999999999999,0.5,-0.25,0.25,0.16666666666666674,0.25,0.25,0.25,0.16666666666666674,0.25,0.25,0.25,4,CO2,2,0.1562542305420579,0.6000000000000001
qwen,h2_choice,65,main_perp,BaCm,-0.2949833333333334,0.157225,-0.11860000000000002,0.03862499999999999,-0.07048333333333336,0.03462500000000003,-0.010850000000000012,0.02377500000000002,-0.07048333333333336,0.03462500000000003,-0.010850000000000012,0.02377500000000002,-1.4166666666666665,0.75,-0.5,0.25,0.5833333333333334,0.5,0.5,0.25,0.5833333333333334,0.5,0.5,0.25,1,OD1,1,0.2789544310611563,1.0
qwen,h2_choice,65,main_perp,BaCo,-0.3649166666666667,0.18697500000000006,-0.13272500000000004,0.05425000000000001,-0.058033333333333374,0.03839999999999999,0.004924999999999957,0.03839999999999999,-0.058033333333333374,0.03839999999999999,0.004924999999999957,0.03839999999999999,-0.9999999999999999,0.5,-0.25,0.25,-0.1666666666666666,0.25,0.25,0.25,-0.1666666666666666,0.25,0.25,0.25,3,MP,0,0.4523559099123697,1.6
qwen,h2_choice,65,main_perp,BaDl,-0.37766666666666665,0.18507500000000005,-0.13085000000000002,0.05422500000000002,-0.01425000000000003,0.007624999999999993,0.002999999999999975,0.0074749999999999955,-0.01425000000000003,0.007624999999999993,0.002999999999999975,0.0074749999999999955,-0.6666666666666667,0.25,-0.25,0.0,0.6666666666666667,0.25,0.25,0.0,0.6666666666666667,0.25,0.25,0.0,3,OD1,1,0.5098945387370066,1.4
qwen,h2_choice,65,main_perp,BaHa,-0.33325,0.170825,-0.10175000000000002,0.06907499999999998,-0.03703333333333333,0.02489999999999999,-0.010550000000000004,0.0073750000000000066,0.037033333333333314,0.024900000000000005,0.010550000000000004,-0.007374999999999993,-0.8333333333333331,0.5,-0.25,0.25,0.8333333333333331,0.5,0.25,-0.25,-0.8333333333333331,0.5,-0.25,0.25,2,OD2,1,0.048014323385306,0.6000000000000001
qwen,h2_choice,65,main_perp,BaHr,-0.30490833333333334,0.1508,-0.11222499999999996,0.03857500000000001,-0.05875833333333332,0.030100000000000002,-0.005825000000000025,0.024274999999999977,-0.05875833333333332,0.030100000000000002,-0.005825000000000025,0.024274999999999977,-1.25,0.5,-0.25,0.25,0.0833333333333334,0.25,0.25,0.25,0.0833333333333334,0.25,0.25,0.25,5,CO1,2,0.069651690163614,0.3999999999999999
qwen,h2_choice,65,main_perp,BaNc,-0.37269166666666664,0.18685000000000002,-0.10880000000000001,0.07805000000000001,0.024275000000000022,0.021924999999999972,0.006300000000000014,0.0004999999999999866,-0.024275000000000015,0.021924999999999972,-0.006300000000000028,-0.0005000000000000004,-0.6666666666666667,0.25,0.0,0.25,-0.16666666666666646,0.5,0.0,0.25,0.16666666666666646,0.5,0.0,-0.25,4,OD2,1,0.1634843772232312,0.8
qwen,h2_choice,65,main_perp,BaPc,-0.29433333333333334,0.143175,-0.11252500000000001,0.030649999999999983,-0.039933333333333314,0.020974999999999994,-0.020974999999999994,-0.00015000000000001124,0.03993333333333331,0.020974999999999994,0.020974999999999994,0.00015000000000001124,-0.9999999999999999,0.5,0.0,0.5,0.16666666666666669,0.25,0.0,0.0,-0.16666666666666669,0.25,0.0,0.0,6,OD2,1,0.2789544310611563,1.0
qwen,h2_choice,65,main_perp,BaPd,-0.34926666666666667,0.17927500000000002,-0.118325,0.060950000000000004,-0.029866666666666708,0.015375000000000014,-0.011524999999999994,0.0001500000000000251,-0.029866666666666708,0.015375000000000014,-0.011524999999999994,0.0001500000000000251,-1.2499999999999998,0.75,-0.25,0.5,0.41666666666666663,0.25,0.25,0.0,0.41666666666666663,0.25,0.25,0.0,5,OD1,1,0.3944244848990815,1.2
qwen,h2_choice,65,main_perp,BaSh,-0.3446416666666666,0.1733,-0.135025,0.038275,0.04044166666666671,0.023924999999999988,0.009275000000000005,-0.008275000000000018,0.04044166666666671,0.023924999999999988,0.009275000000000005,-0.008275000000000018,-0.4166666666666666,0.25,0.0,0.25,0.4166666666666666,0.25,0.0,-0.25,0.4166666666666666,0.25,0.0,-0.25,5,MP,0,0.3368858560744445,1.4
qwen,h2_choice,65,main_perp,ChAs,-0.33073333333333343,0.16332500000000003,-0.10900000000000001,0.05432500000000001,-0.05101666666666663,0.026324999999999973,-0.018549999999999997,0.007774999999999976,-0.05101666666666663,0.026324999999999973,-0.018549999999999997,0.007774999999999976,-0.8333333333333331,0.5,-0.25,0.25,2.3115197751421316e-17,0.25,0.25,0.25,2.3115197751421316e-17,0.25,0.25,0.25,7,MP,0,0.3368858560744445,1.4
qwen,h2_choice,65,main_perp,ChBa,-0.3364666666666665,0.1649,-0.13394999999999999,0.03095000000000002,-0.057783333333333346,0.03572500000000003,-0.0279,-5.000000000000837e-05,-0.057783333333333346,0.03572500000000003,-0.0279,-5.000000000000837e-05,-0.5833333333333333,0.25,0.0,0.25,0.5833333333333333,0.25,0.0,-0.25,0.5833333333333333,0.25,0.0,-0.25,5,CO2,2,0.1562542305420579,0.6000000000000001
qwen,h2_choice,65,main_perp,ChCh,-0.363925,0.184975,-0.12225000000000001,0.062725,-0.02960833333333328,0.01807499999999998,-0.0030999999999999917,0.014974999999999988,-0.02960833333333328,0.01807499999999998,-0.0030999999999999917,0.014974999999999988,-0.6666666666666667,0.25,-0.25,0.0,0.6666666666666667,0.25,0.25,0.0,0.6666666666666667,0.25,0.25,0.0,6,CO2,2,0.2428567709205017,0.8
qwen,h2_choice,65,main_perp,ChCm,-0.31414999999999993,0.158175,-0.1204,0.03777500000000002,-0.10653333333333333,0.05890000000000001,-0.029250000000000026,0.02297499999999998,-0.10653333333333333,0.05890000000000001,-0.029250000000000026,0.02297499999999998,-0.5833333333333333,0.5,0.0,0.25,0.5833333333333333,0.5,0.0,-0.25,0.5833333333333333,0.5,0.0,-0.25,7,OD1,1,0.6253645925749319,1.6
qwen,h2_choice,65,main_perp,ChCo,-0.3500083333333333,0.1774,-0.11699999999999999,0.06040000000000001,-0.08909166666666658,0.04159999999999998,-0.009600000000000004,0.03199999999999997,-0.08909166666666658,0.04159999999999998,-0.009600000000000004,0.03199999999999997,-1.0833333333333333,0.5,-0.25,0.25,0.2500000000000001,0.25,0.25,0.25,0.2500000000000001,0.25,0.25,0.25,9,MP,0,0.1059457483985941,1.0
qwen,h2_choice,65,main_perp,ChDl,-0.35098333333333337,0.18205000000000005,-0.12085000000000001,0.06120000000000002,-0.035916666666666694,0.015074999999999977,-0.014350000000000016,0.00020000000000000573,-0.035916666666666694,0.015074999999999977,-0.014350000000000016,0.00020000000000000573,-0.8333333333333331,0.5,-0.25,0.25,0.8333333333333331,0.5,0.25,-0.25,0.8333333333333331,0.5,0.25,-0.25,9,OD1,1,0.7408346464128569,1.7999999999999998
qwen,h2_choice,65,main_perp,ChHa,-0.26980833333333326,0.13585000000000003,-0.10510000000000003,0.030749999999999986,-0.024608333333333305,0.027899999999999994,-0.01319999999999999,-5.000000000000837e-05,0.02460833333333332,0.027900000000000008,0.01319999999999999,4.999999999999449e-05,-0.8333333333333331,0.5,0.0,0.25,0.49999999999999994,0.25,0.0,-0.25,-0.49999999999999994,0.25,0.0,0.25,8,OD2,1,-0.1829257842905442,0.2
qwen,h2_choice,65,main_perp,ChHr,-0.2858583333333333,0.146125,-0.10822499999999997,0.03790000000000002,-0.0731916666666667,0.03952500000000002,-0.01697500000000003,0.022549999999999987,-0.0731916666666667,0.03952500000000002,-0.01697500000000003,0.022549999999999987,-0.5833333333333334,0.25,-0.25,0.0,0.5833333333333334,0.25,0.25,0.0,0.5833333333333334,0.25,0.25,0.0,6,CO1,2,0.3294593112989456,1.0
qwen,h2_choice,65,main_perp,CmAs,-0.29777499999999996,0.14795,-0.096225,0.05172499999999999,-0.1640083333333333,0.07699999999999999,-0.041374999999999995,0.03562499999999999,0.1640083333333333,0.07699999999999999,0.041374999999999995,-0.03562499999999999,0.0,0.0,0.0,0.0,0.0,0.0,0.0,0.0,0.0,0.0,0.0,0.0,8,OD1,1,0.2694301256218253,1.7999999999999998
qwen,h2_choice,65,main_perp,CmCm,-0.2880083333333333,0.14397500000000002,-0.10665000000000001,0.037325,-0.19885833333333328,0.09827499999999999,-0.048899999999999985,0.049375,0.19885833333333325,0.09827499999999997,0.0489,-0.049374999999999974,0.0,0.0,0.0,0.0,0.0,0.0,0.0,0.0,0.0,0.0,0.0,0.0,2,DD,1,-0.3079201435678004,0.8
qwen,h2_choice,65,main_perp,CmDl,-0.32411666666666666,0.165925,-0.10182499999999996,0.06410000000000003,-0.18871666666666667,0.09312500000000001,-0.05737500000000002,0.03574999999999999,0.18871666666666667,0.09312499999999999,0.05737500000000001,-0.035749999999999976,0.0,0.0,0.0,0.0,0.0,0.0,0.0,0.0,0.0,0.0,0.0,0.0,4,DD,1,0.0384900179459749,1.4
qwen,h2_choice,65,main_perp,CmHa,-0.29238333333333333,0.14872499999999997,-0.09894999999999997,0.049775,-0.18628333333333336,0.09287500000000001,-0.04310000000000001,0.049775,0.18628333333333333,0.09287500000000001,0.0431,-0.049775000000000014,0.0,0.0,0.0,0.0,0.0,0.0,0.0,0.0,0.0,0.0,0.0,0.0,6,DD,1,0.0384900179459749,1.4
qwen,h2_choice,65,main_perp,CmNc,-0.2581666666666666,0.12917499999999998,-0.08697499999999997,0.042200000000000015,-0.1803333333333333,0.08837499999999998,-0.07217499999999999,0.016199999999999992,0.18033333333333335,0.08837500000000001,0.07217499999999999,-0.01620000000000002,0.0,0.0,0.0,0.0,0.0,0.0,0.0,0.0,0.0,0.0,0.0,0.0,8,DD,1,0.2694301256218253,1.7999999999999998
qwen,h2_choice,65,main_perp,CoAs,-0.365675,0.17922500000000002,-0.11132500000000001,0.0679,0.11794166666666664,0.055275000000000005,0.01992499999999997,-0.035350000000000034,0.11794166666666664,0.055275000000000005,0.01992499999999997,-0.035350000000000034,-0.9999999999999999,0.5,-0.25,0.25,-0.9999999999999999,0.5,-0.25,0.25,-0.9999999999999999,0.5,-0.25,0.25,7,CO2,2,-0.6035533905932737,0.0
qwen,h2_choice,65,main_perp,CoCo,-0.3788583333333333,0.191625,-0.11549999999999999,0.07612500000000001,0.09615833333333336,0.053175000000000014,0.03925000000000001,-0.013925000000000007,0.09615833333333336,0.053175000000000014,0.03925000000000001,-0.013925000000000007,-1.166666666666666,0.5,0.0,0.5,-1.166666666666666,0.5,0.0,0.5,-1.166666666666666,0.5,0.0,0.5,7,CO1,2,-0.5169508502148299,0.2
qwen,h2_choice,65,main_perp,CoSh,-0.39990833333333325,0.20065,-0.14715,0.05349999999999998,0.13015833333333332,0.06039999999999998,0.023499999999999965,-0.036900000000000016,0.13015833333333332,0.06039999999999998,0.023499999999999965,-0.036900000000000016,-0.9999999999999999,0.5,-0.5,0.0,-0.9999999999999999,0.5,-0.5,0.0,-0.9999999999999999,0.5,-0.5,0.0,8,CO2,2,-0.5169508502148299,0.2
qwen,h2_choice,65,main_perp,HaAs,-0.36504999999999993,0.181325,-0.12495,0.05637499999999998,0.19221666666666667,0.09207500000000002,0.049199999999999966,-0.04287500000000005,0.19221666666666667,0.09207500000000002,0.049199999999999966,-0.04287500000000005,0.0,0.0,0.0,0.0,0.0,0.0,0.0,0.0,0.0,0.0,0.0,0.0,7,OD2,1,-0.4233901974057255,0.6000000000000001
qwen,h2_choice,65,main_perp,HaBa,-0.31354999999999994,0.157625,-0.127625,0.03,0.13725000000000004,0.07197500000000001,0.04182499999999997,-0.030150000000000038,0.13725000000000004,0.07197500000000001,0.04182499999999997,-0.030150000000000038,0.0,0.0,0.0,0.0,0.0,0.0,0.0,0.0,0.0,0.0,0.0,0.0,9,OD2,1,-0.4233901974057255,0.6000000000000001
qwen,h2_choice,65,main_perp,HaCm,-0.312475,0.154125,-0.10852500000000001,0.0456,0.09527499999999993,0.04832499999999998,0.01682499999999998,-0.0315,0.09527499999999993,0.04832499999999998,0.01682499999999998,-0.0315,-0.41666666666666663,0.25,-0.25,0.0,-0.41666666666666663,0.25,-0.25,0.0,-0.41666666666666663,0.25,-0.25,0.0,1,DD,1,0.0384900179459749,1.4
qwen,h2_choice,65,main_perp,HaDl,-0.32480000000000003,0.16252500000000003,-0.10232500000000001,0.06020000000000003,0.14686666666666656,0.07362499999999995,0.028174999999999964,-0.04544999999999999,0.14686666666666656,0.07362499999999995,0.028174999999999964,-0.04544999999999999,-0.41666666666666663,0.25,-0.25,0.0,-0.41666666666666663,0.25,-0.25,0.0,-0.41666666666666663,0.25,-0.25,0.0,3,DD,1,-0.1924500897298753,1.0
qwen,h2_choice,65,main_perp,HaHa,-0.3449416666666667,0.17329999999999998,-0.12317499999999998,0.050125,0.14720833333333333,0.06920000000000001,0.033824999999999994,-0.03537500000000002,0.14720833333333333,0.06920000000000001,0.033824999999999994,-0.03537500000000002,-0.41666666666666663,0.25,-0.25,0.0,-0.41666666666666663,0.25,-0.25,0.0,-0.41666666666666663,0.25,-0.25,0.0,5,DD,1,-0.6543303050815759,0.2
qwen,h2_choice,65,main_perp,HaNc,-0.3217916666666666,0.16482499999999997,-0.10642499999999999,0.05839999999999998,0.14960833333333323,0.07822499999999996,0.048875,-0.02934999999999996,0.14960833333333323,0.07822499999999996,0.048875,-0.02934999999999996,0.0,0.0,0.0,0.0,0.0,0.0,0.0,0.0,0.0,0.0,0.0,0.0,7,DD,1,-0.7698003589195012,0.0
qwen,h2_choice,65,main_perp,HaPc,-0.35767499999999997,0.17665,-0.118175,0.058475,0.1758583333333334,0.08795000000000003,0.043125,-0.04482500000000003,0.1758583333333334,0.08795000000000003,0.043125,-0.04482500000000003,-0.41666666666666663,0.25,-0.25,0.0,-0.41666666666666663,0.25,-0.25,0.0,-0.41666666666666663,0.25,-0.25,0.0,9,DD,1,-0.4233901974057255,0.6000000000000001
qwen,h2_choice,65,main_perp,HrAs,-0.3160833333333334,0.1647,-0.111525,0.053175000000000014,-0.12515,0.05890000000000001,-0.036474999999999994,0.022425000000000014,0.12515,0.05890000000000001,0.03647499999999998,-0.022425000000000028,-0.8333333333333331,0.5,-0.25,0.25,2.3115197751421316e-17,0.25,0.25,0.25,-2.3115197751421316e-17,0.25,-0.25,-0.25,8,MP,0,0.68329601758822,2.0
qwen,h2_choice,65,main_perp,HrBa,-0.3193583333333333,0.1608,-0.1151,0.045700000000000005,-0.14854166666666666,0.07290000000000002,-0.04330000000000002,0.0296,0.14854166666666668,0.07290000000000002,0.04330000000000003,-0.029599999999999987,-0.41666666666666663,0.25,-0.25,0.0,0.41666666666666663,0.25,0.25,0.0,-0.41666666666666663,0.25,-0.25,0.0,2,CO1,2,0.069651690163614,0.3999999999999999
qwen,h2_choice,65,main_perp,HrCh,-0.3212833333333333,0.15992499999999998,-0.10915,0.05077499999999999,-0.1322166666666667,0.07032500000000003,-0.047199999999999985,0.023125000000000034,0.13221666666666673,0.07032500000000003,0.04720000000000002,-0.023125000000000007,-0.5833333333333334,0.25,-0.25,0.0,0.5833333333333334,0.25,0.25,0.0,-0.5833333333333334,0.25,-0.25,0.0,4,CO1,2,0.3294593112989456,1.0
qwen,h2_choice,65,main_perp,HrHr,-0.3167166666666667,0.15617500000000004,-0.11020000000000002,0.045975000000000016,-0.16121666666666662,0.08062499999999997,-0.0494,0.031224999999999975,0.16121666666666662,0.08062499999999997,0.0494,-0.031224999999999975,-0.41666666666666663,0.25,-0.25,0.0,0.41666666666666663,0.25,0.25,0.0,-0.41666666666666663,0.25,-0.25,0.0,2,CO2,2,-0.0169508502148298,0.2
qwen,h2_choice,65,main_perp,ShAs,-0.43048333333333333,0.2172,-0.140525,0.07667500000000001,0.03258333333333331,0.0223,0.011825000000000002,-0.00032499999999999196,0.03258333333333331,0.0223,0.011825000000000002,-0.00032499999999999196,-0.8333333333333331,0.5,0.0,0.5,0.0,0.0,0.0,0.0,0.0,0.0,0.0,0.0,8,CO1,2,-0.3437457694579421,0.6000000000000001
qwen,h2_choice,65,main_perp,ShCo,-0.48884166666666656,0.25075,-0.15875,0.09199999999999998,0.050758333333333336,0.023950000000000006,0.023950000000000006,0.0006499999999999978,0.050758333333333336,0.023950000000000006,0.023950000000000006,0.0006499999999999978,-0.4166666666666666,0.25,0.0,0.25,0.4166666666666666,0.25,0.0,-0.25,0.4166666666666666,0.25,0.0,-0.25,9,CO2,2,-0.5169508502148299,0.2
qwen,h2_choice,65,main_perp,ShSh,-0.426125,0.217625,-0.14805,0.06957500000000001,0.008341666666666681,0.008225000000000038,-0.004550000000000005,-0.008025000000000018,0.008341666666666681,0.008225000000000038,-0.004550000000000005,-0.008025000000000018,-0.4166666666666666,0.25,0.0,0.25,0.4166666666666666,0.25,0.0,-0.25,0.4166666666666666,0.25,0.0,-0.25,9,CO1,2,-0.2571432290794982,0.8
qwen,h2_choice,65,random,AsAs,0.002241666666666665,0.015549999999999994,-1.3877787807814457e-17,0.00024999999999998634,-0.01882500000000002,0.023874999999999993,0.0,0.00040000000000001146,-0.01882500000000002,0.023874999999999993,0.0,0.00040000000000001146,0.0,0.0,0.0,0.0,0.0,0.0,0.0,0.0,0.0,0.0,0.0,0.0,1,CO1,2,-0.5169508502148299,0.2
qwen,h2_choice,65,random,AsBa,0.0005333333333333665,0.015849999999999975,-2.4999999999997247e-05,-0.0006250000000000144,-0.03133333333333328,0.015825000000000006,0.00022500000000001685,0.015825000000000006,0.031333333333333324,0.015825000000000006,-0.00022500000000000298,-0.015825000000000006,0.0,0.0,0.0,0.0,0.0,0.0,0.0,0.0,0.0,0.0,0.0,0.0,2,MP,0,0.5678259637502947,1.7999999999999998
qwen,h2_choice,65,random,AsCh,0.03211666666666666,0.01625,0.016125,0.00010000000000000286,-0.036466666666666675,0.02315000000000003,-0.015474999999999975,0.000250000000000028,0.03646666666666664,0.02315000000000003,0.015474999999999989,-0.0002500000000000002,0.41666666666666663,0.25,0.25,0.0,0.41666666666666663,0.25,0.25,0.0,-0.41666666666666663,0.25,-0.25,0.0,4,MP,0,0.3368858560744445,1.4
qwen,h2_choice,65,random,AsCm,0.011108333333333324,0.0076999999999999985,0.00714999999999999,0.0002249999999999891,0.0007750000000000147,0.015524999999999997,0.00655,-0.00017500000000000848,-0.0007750000000000701,0.015524999999999983,-0.00655,0.00017500000000003624,0.5833333333333334,0.25,0.25,0.0,-0.5833333333333334,0.25,-0.25,0.0,0.5833333333333334,0.25,0.25,0.0,2,OD1,1,0.7408346464128569,1.7999999999999998
qwen,h2_choice,65,random,AsCo,-0.0031083333333333423,0.015000000000000013,-0.015000000000000013,-0.007225000000000009,-0.01845833333333333,0.015825000000000006,0.0004500000000000337,0.008525000000000033,-0.01845833333333333,0.015825000000000006,0.0004500000000000337,0.008525000000000033,0.0,0.0,0.0,0.0,0.0,0.0,0.0,0.0,0.0,0.0,0.0,0.0,1,CO2,2,-0.6035533905932737,0.0
qwen,h2_choice,65,random,AsDl,0.01051666666666666,0.008025000000000004,0.007425000000000015,-0.00037499999999998646,0.009849999999999937,0.02345,0.007825000000000013,0.00017500000000003624,-0.009849999999999932,0.02345,-0.007824999999999999,-0.00017500000000003624,0.08333333333333334,0.25,0.0,0.0,-0.08333333333333334,0.25,0.0,0.0,0.08333333333333334,0.25,0.0,0.0,4,OD1,1,0.5098945387370066,1.4
qwen,h2_choice,65,random,AsHa,-7.499999999999232e-05,0.023575000000000013,0.023025000000000004,0.0155,0.009891666666666656,0.007774999999999976,0.007774999999999976,9.999999999998899e-05,0.009891666666666656,0.007774999999999976,0.007774999999999976,9.999999999998899e-05,0.0,0.0,0.0,0.0,0.0,0.0,0.0,0.0,0.0,0.0,0.0,0.0,1,OD2,1,0.048014323385306,0.6000000000000001
qwen,h2_choice,65,random,AsHr,0.011533333333333293,0.02345,0.02345,0.015200000000000019,-0.005616666666666715,0.016249999999999987,-0.007850000000000024,0.0002999999999999947,0.005616666666666641,0.016249999999999987,0.007850000000000024,-0.00029999999999996696,0.41666666666666663,0.25,0.25,0.0,-0.41666666666666663,0.25,-0.25,0.0,0.41666666666666663,0.25,0.25,0.0,6,MP,0,0.68329601758822,2.0
qwen,h2_choice,65,random,AsNc,0.019008333333333332,0.016174999999999995,-0.007775000000000004,-0.015600000000000003,-0.03295833333333328,0.023325000000000012,-0.007775000000000004,0.014899999999999983,-0.03295833333333328,0.023325000000000012,-0.007775000000000004,0.014899999999999983,0.0,0.0,0.0,0.0,0.0,0.0,0.0,0.0,0.0,0.0,0.0,0.0,3,OD2,1,0.1634843772232312,0.8
qwen,h2_choice,65,random,AsPc,-0.013566666666666657,0.014600000000000002,-0.014175000000000007,-0.007200000000000012,0.013649999999999976,0.008150000000000018,0.00017499999999998073,-0.006450000000000011,0.013649999999999976,0.008150000000000018,0.00017499999999998073,-0.006450000000000011,0.0,0.0,0.0,0.0,0.0,0.0,0.0,0.0,0.0,0.0,0.0,0.0,5,OD2,1,-0.1829257842905442,0.2
qwen,h2_choice,65,random,AsPd,0.0022166666666666927,0.016274999999999998,-0.00019999999999999185,-0.007775000000000004,-0.023133333333333266,0.015149999999999997,0.00010000000000001674,0.007924999999999988,0.023133333333333266,0.015149999999999997,-0.00010000000000001674,-0.007924999999999988,0.49999999999999994,0.25,0.0,-0.25,0.49999999999999994,0.25,0.0,-0.25,-0.49999999999999994,0.25,0.0,0.25,6,OD1,1,0.3944244848990815,1.2
qwen,h2_choice,65,random,AsSh,-0.00251666666666665,0.015700000000000006,0.00045000000000000595,0.007874999999999993,-0.017433333333333346,0.023075000000000026,0.015400000000000011,0.022925,-0.017433333333333346,0.023075000000000026,0.015400000000000011,0.022925,0.0,0.0,0.0,0.0,0.0,0.0,0.0,0.0,0.0,0.0,0.0,0.0,3,CO1,2,-0.3437457694579421,0.6000000000000001
qwen,h2_choice,65,random,BaAs,-0.02313333333333334,0.015625,-0.0005499999999999949,0.015075000000000005,-0.0027166666666666684,0.008549999999999988,-0.0005499999999999949,-0.0004249999999999948,-0.0027166666666666684,0.008549999999999988,-0.0005499999999999949,-0.0004249999999999948,0.08333333333333334,0.25,0.0,0.0,-0.08333333333333334,0.25,0.0,0.0,-0.08333333333333334,0.25,0.0,0.0,1,MP,0,0.5678259637502947,1.7999999999999998
qwen,h2_choice,65,random,BaBa,0.050874999999999976,0.030524999999999997,0.006999999999999992,-0.016075000000000006,0.017508333333333344,0.016775000000000012,0.008300000000000016,-0.0005249999999999838,0.017508333333333344,0.016775000000000012,0.008300000000000016,-0.0005249999999999838,0.41666666666666663,0.25,0.25,0.0,0.41666666666666663,0.25,0.25,0.0,0.41666666666666663,0.25,0.25,0.0,3,CO2,2,-0.0169508502148298,0.2
qwen,h2_choice,65,random,BaCh,0.0072333333333333034,0.015800000000000022,0.007625000000000007,-0.00122499999999999,0.010483333333333332,0.031500000000000014,-0.007525000000000004,0.0001250000000000001,0.010483333333333332,0.031500000000000014,-0.007525000000000004,0.0001250000000000001,0.0,0.0,0.0,0.0,0.0,0.0,0.0,0.0,0.0,0.0,0.0,0.0,4,CO2,2,0.1562542305420579,0.6000000000000001
qwen,h2_choice,65,random,BaCm,0.0032500000000000207,0.015200000000000005,0.0002500000000000002,-0.000125000000000014,0.02851666666666668,0.015799999999999995,0.01554999999999998,-2.5000000000025002e-05,0.02851666666666668,0.015799999999999995,0.01554999999999998,-2.5000000000025002e-05,-0.41666666666666663,0.25,-0.25,0.0,0.41666666666666663,0.25,0.25,0.0,0.41666666666666663,0.25,0.25,0.0,1,OD1,1,0.2789544310611563,1.0
qwen,h2_choice,65,random,BaCo,0.0038416666666666603,0.015599999999999989,0.007474999999999982,0.008074999999999985,0.006758333333333344,0.030499999999999958,0.023274999999999976,0.007174999999999987,0.006758333333333344,0.030499999999999958,0.023274999999999976,0.007174999999999987,0.0,0.0,0.0,0.0,0.0,0.0,0.0,0.0,0.0,0.0,0.0,0.0,3,MP,0,0.4523559099123697,1.6
qwen,h2_choice,65,random,BaDl,0.004891666666666655,0.00789999999999999,0.00022500000000000298,5.000000000000837e-05,-0.05729166666666667,0.030875,-0.015474999999999989,0.015400000000000011,-0.05729166666666667,0.030875,-0.015474999999999989,0.015400000000000011,0.5833333333333333,0.25,0.0,-0.25,-0.5833333333333333,0.25,0.0,0.25,-0.5833333333333333,0.25,0.0,0.25,3,OD1,1,0.5098945387370066,1.4
qwen,h2_choice,65,random,BaHa,0.03973333333333338,0.02255000000000003,0.014825000000000005,-0.0077250000000000235,-0.010116666666666682,0.008349999999999996,-0.00027499999999999747,0.007575000000000012,0.010116666666666671,0.008349999999999996,0.00027499999999999747,-0.007574999999999998,0.0,0.0,0.0,0.0,0.0,0.0,0.0,0.0,0.0,0.0,0.0,0.0,2,OD2,1,0.048014323385306,0.6000000000000001
qwen,h2_choice,65,random,BaHr,-0.006899999999999998,0.008349999999999996,-0.00045000000000000595,0.00032499999999999196,-0.00831666666666674,0.015499999999999958,0.015499999999999958,0.014875,-0.00831666666666674,0.015499999999999958,0.015499999999999958,0.014875,-0.16666666666666669,0.25,0.0,0.0,0.9999999999999999,0.5,0.5,0.0,0.9999999999999999,0.5,0.5,0.0,5,CO1,2,0.069651690163614,0.3999999999999999
qwen,h2_choice,65,random,BaNc,0.05742500000000002,0.0238,0.0238,2.4999999999997247e-05,-0.005125000000000012,0.015650000000000025,0.007900000000000018,0.015575000000000033,0.00512499999999997,0.015650000000000053,-0.007900000000000046,-0.015575000000000061,0.0,0.0,0.0,0.0,0.0,0.0,0.0,0.0,0.0,0.0,0.0,0.0,4,OD2,1,0.1634843772232312,0.8
qwen,h2_choice,65,random,BaPc,0.01179999999999999,0.015924999999999995,-0.0004250000000000226,-0.007775000000000018,-0.036516666666666656,0.030375,-0.030375,-0.008375000000000007,0.03651666666666674,0.030375000000000013,0.030375000000000013,0.008374999999999994,0.0,0.0,0.0,0.0,0.0,0.0,0.0,0.0,0.0,0.0,0.0,0.0,6,OD2,1,0.2789544310611563,1.0
qwen,h2_choice,65,random,BaPd,0.007600000000000032,0.007949999999999999,0.007300000000000029,-0.0003499999999999892,0.0002500000000000008,0.015949999999999992,-0.006699999999999998,-0.0003500000000000031,0.0002500000000000008,0.015949999999999992,-0.006699999999999998,-0.0003500000000000031,0.0,0.0,0.0,0.0,0.0,0.0,0.0,0.0,0.0,0.0,0.0,0.0,5,OD1,1,0.3944244848990815,1.2
qwen,h2_choice,65,random,BaSh,0.023099999999999996,0.023400000000000004,-0.007275000000000004,-0.022650000000000003,0.016666666666666684,0.02245000000000001,0.007875000000000007,-0.006850000000000009,0.016666666666666684,0.02245000000000001,0.007875000000000007,-0.006850000000000009,0.0,0.0,0.0,0.0,0.0,0.0,0.0,0.0,0.0,0.0,0.0,0.0,5,MP,0,0.3368858560744445,1.4
qwen,h2_choice,65,random,ChAs,-0.005374999999999981,0.015075000000000019,-0.00739999999999999,0.0001749999999999946,0.009824999999999997,0.022950000000000012,0.007800000000000001,0.0001250000000000001,0.009824999999999997,0.022950000000000012,0.007800000000000001,0.0001250000000000001,0.0,0.0,0.0,0.0,0.0,0.0,0.0,0.0,0.0,0.0,0.0,0.0,7,MP,0,0.3368858560744445,1.4
qwen,h2_choice,65,random,ChBa,0.05394999999999994,0.029574999999999976,0.0003000000000000086,-0.029274999999999968,0.004800000000000013,0.007874999999999993,0.0003000000000000086,0.00027499999999999747,0.004800000000000013,0.007874999999999993,0.0003000000000000086,0.00027499999999999747,-0.08333333333333334,0.25,0.0,0.0,0.08333333333333334,0.25,0.0,0.0,0.08333333333333334,0.25,0.0,0.0,5,CO2,2,0.1562542305420579,0.6000000000000001
qwen,h2_choice,65,random,ChCh,-0.004599999999999968,0.00810000000000001,-0.007099999999999981,-0.0073750000000000066,-0.03378333333333329,0.014875,-0.007699999999999985,0.006774999999999989,-0.03378333333333329,0.014875,-0.007699999999999985,0.006774999999999989,0.49999999999999994,0.25,0.0,-0.25,-0.49999999999999994,0.25,0.0,0.25,-0.49999999999999994,0.25,0.0,0.25,6,CO2,2,0.2428567709205017,0.8
qwen,h2_choice,65,random,ChCm,0.014658333333333296,0.014949999999999991,0.00017500000000000848,-0.0069999999999999785,0.03045833333333338,0.023275000000000018,0.014424999999999993,-0.008500000000000035,0.03045833333333338,0.023275000000000018,0.014424999999999993,-0.008500000000000035,-0.4166666666666666,0.25,0.0,0.25,0.4166666666666666,0.25,0.0,-0.25,0.4166666666666666,0.25,0.0,-0.25,7,OD1,1,0.6253645925749319,1.6
qwen,h2_choice,65,random,ChCo,0.0020166666666666905,0.02249999999999998,-0.00020000000000000573,-5.000000000002225e-05,0.009166666666666686,0.015899999999999997,0.015899999999999997,0.014949999999999991,0.009166666666666686,0.015899999999999997,0.015899999999999997,0.014949999999999991,-0.5833333333333334,0.25,-0.25,0.0,0.5833333333333334,0.25,0.25,0.0,0.5833333333333334,0.25,0.25,0.0,9,MP,0,0.1059457483985941,1.0
qwen,h2_choice,65,random,ChDl,-0.0024333333333333316,0.0077999999999999875,0.0076999999999999985,0.007650000000000004,0.0024666666666666873,0.007900000000000004,-0.007899999999999976,-0.007900000000000004,0.0024666666666666873,0.007900000000000004,-0.007899999999999976,-0.007900000000000004,0.0,0.0,0.0,0.0,0.0,0.0,0.0,0.0,0.0,0.0,0.0,0.0,9,OD1,1,0.7408346464128569,1.7999999999999998
qwen,h2_choice,65,random,ChHa,0.04570833333333333,0.02302499999999999,0.015349999999999975,-0.007350000000000023,0.00524166666666665,0.015375,-0.00014999999999998348,-0.008199999999999985,-0.005241666666666653,0.015375,0.00014999999999998348,0.008199999999999985,0.2500000000000001,0.25,0.25,0.25,-0.2500000000000001,0.25,-0.25,-0.25,0.2500000000000001,0.25,0.25,0.25,8,OD2,1,-0.1829257842905442,0.2
qwen,h2_choice,65,random,ChHr,0.030349999999999978,0.015449999999999992,-0.0001749999999999946,-0.015449999999999992,-0.0046833333333333215,0.007824999999999971,-0.0002249999999999891,-0.0003499999999999892,-0.0046833333333333215,0.007824999999999971,-0.0002249999999999891,-0.0003499999999999892,0.0,0.0,0.0,0.0,0.0,0.0,0.0,0.0,0.0,0.0,0.0,0.0,6,CO1,2,0.3294593112989456,1.0
qwen,h2_choice,65,random,CmAs,0.03411666666666667,0.020050000000000012,0.020050000000000012,0.0008500000000000174,0.013616666666666756,0.01545000000000002,0.008099999999999996,-0.0016000000000000458,-0.013616666666666784,0.015449999999999992,-0.008099999999999996,0.0016000000000000458,0.0,0.0,0.0,0.0,0.0,0.0,0.0,0.0,0.0,0.0,0.0,0.0,8,OD1,1,0.2694301256218253,1.7999999999999998
qwen,h2_choice,65,random,CmCm,0.04537500000000002,0.02625000000000001,0.00752499999999999,-0.01872500000000002,0.027391666666666686,0.014600000000000016,0.007325000000000012,-0.007275000000000004,-0.02739166666666674,0.01460000000000003,-0.007324999999999998,0.0072750000000000314,0.0,0.0,0.0,0.0,0.0,0.0,0.0,0.0,0.0,0.0,0.0,0.0,2,DD,1,-0.3079201435678004,0.8
qwen,h2_choice,65,random,CmDl,0.026925000000000015,0.023425,0.015250000000000014,-0.008174999999999988,-0.04072499999999995,0.020574999999999982,-0.013250000000000012,0.00732499999999997,0.040724999999999976,0.02057500000000001,0.013250000000000012,-0.007324999999999998,0.0,0.0,0.0,0.0,0.0,0.0,0.0,0.0,0.0,0.0,0.0,0.0,4,DD,1,0.0384900179459749,1.4
qwen,h2_choice,65,random,CmHa,0.011233333333333309,0.007099999999999995,-0.001700000000000007,-0.007099999999999995,0.012516666666666709,0.016250000000000014,0.016250000000000014,0.00764999999999999,-0.012516666666666709,0.016250000000000014,-0.016250000000000014,-0.00764999999999999,0.0,0.0,0.0,0.0,0.0,0.0,0.0,0.0,0.0,0.0,0.0,0.0,6,DD,1,0.0384900179459749,1.4
qwen,h2_choice,65,random,CmNc,0.024925000000000013,0.018275000000000013,0.01817500000000004,-9.999999999997511e-05,0.0247583333333333,0.0155,-0.004125000000000004,-0.0155,-0.024758333333333257,0.015499999999999958,0.00412499999999999,0.015499999999999958,0.0,0.0,0.0,0.0,0.0,0.0,0.0,0.0,0.0,0.0,0.0,0.0,8,DD,1,0.2694301256218253,1.7999999999999998
qwen,h2_choice,65,random,CoAs,0.019650000000000025,0.021350000000000008,0.01440000000000001,0.008575,-0.012083333333333376,0.014400000000000024,-0.014400000000000024,-0.007075000000000012,-0.012083333333333376,0.014400000000000024,-0.014400000000000024,-0.007075000000000012,0.0,0.0,0.0,0.0,0.0,0.0,0.0,0.0,0.0,0.0,0.0,0.0,7,CO2,2,-0.6035533905932737,0.0
qwen,h2_choice,65,random,CoCo,0.007216666666666655,0.023150000000000004,0.023150000000000004,0.015550000000000008,0.012850000000000037,0.015949999999999978,0.008400000000000005,0.00029999999999998084,0.012850000000000037,0.015949999999999978,0.008400000000000005,0.00029999999999998084,0.49999999999999994,0.25,0.25,0.0,0.49999999999999994,0.25,0.25,0.0,0.49999999999999994,0.25,0.25,0.0,7,CO1,2,-0.5169508502148299,0.2
qwen,h2_choice,65,random,CoSh,0.04193333333333334,0.022300000000000014,0.00810000000000001,-0.014200000000000004,0.01978333333333333,0.008900000000000047,0.007449999999999984,-0.0008499999999999897,0.01978333333333333,0.008900000000000047,0.007449999999999984,-0.0008499999999999897,0.16666666666666669,0.25,0.0,0.0,0.16666666666666669,0.25,0.0,0.0,0.16666666666666669,0.25,0.0,0.0,8,CO2,2,-0.5169508502148299,0.2
qwen,h2_choice,65,random,HaAs,0.015150000000000045,0.007700000000000026,0.00045000000000000595,-0.00725000000000002,0.008583333333333429,0.01352500000000001,0.0131,0.006449999999999956,0.008583333333333429,0.01352500000000001,0.0131,0.006449999999999956,0.0,0.0,0.0,0.0,0.0,0.0,0.0,0.0,0.0,0.0,0.0,0.0,7,OD2,1,-0.4233901974057255,0.6000000000000001
qwen,h2_choice,65,random,HaBa,-0.0024666666666666565,0.028924999999999992,-0.015174999999999994,-0.013975000000000001,-0.021566666666666668,0.015749999999999986,-0.014575000000000032,0.0011249999999999594,-0.021566666666666668,0.015749999999999986,-0.014575000000000032,0.0011249999999999594,0.0,0.0,0.0,0.0,0.0,0.0,0.0,0.0,0.0,0.0,0.0,0.0,9,OD2,1,-0.4233901974057255,0.6000000000000001
qwen,h2_choice,65,random,HaCm,0.018341666666666714,0.015425000000000008,0.00010000000000001674,-0.007650000000000004,-0.019624999999999976,0.015899999999999997,-0.015899999999999997,-0.0072500000000000064,-0.019624999999999976,0.015899999999999997,-0.015899999999999997,-0.0072500000000000064,0.0,0.0,0.0,0.0,0.0,0.0,0.0,0.0,0.0,0.0,0.0,0.0,1,DD,1,0.0384900179459749,1.4
qwen,h2_choice,65,random,HaDl,0.016108333333333284,0.02247499999999998,0.005275000000000002,-0.007674999999999987,0.02560833333333332,0.02207500000000001,-0.009374999999999994,-0.02207500000000001,0.02560833333333332,0.02207500000000001,-0.009374999999999994,-0.02207500000000001,0.0,0.0,0.0,0.0,0.0,0.0,0.0,0.0,0.0,0.0,0.0,0.0,3,DD,1,-0.1924500897298753,1.0
qwen,h2_choice,65,random,HaHa,-0.0043000000000000425,0.00839999999999999,-0.008099999999999982,-0.007124999999999965,-0.003416666666666662,0.007675000000000015,-0.0068000000000000005,-0.0064750000000000085,-0.003416666666666662,0.007675000000000015,-0.0068000000000000005,-0.0064750000000000085,0.0,0.0,0.0,0.0,0.0,0.0,0.0,0.0,0.0,0.0,0.0,0.0,5,DD,1,-0.6543303050815759,0.2
qwen,h2_choice,65,random,HaNc,-0.03299999999999999,0.02105,0.0,0.0087,0.01076666666666659,0.013375000000000026,0.0,-0.0066499999999999615,0.01076666666666659,0.013375000000000026,0.0,-0.0066499999999999615,0.0,0.0,0.0,0.0,0.0,0.0,0.0,0.0,0.0,0.0,0.0,0.0,7,DD,1,-0.7698003589195012,0.0
qwen,h2_choice,65,random,HaPc,0.03586666666666668,0.021275000000000002,0.006324999999999997,-0.014250000000000013,0.020349999999999938,0.014899999999999969,-0.006974999999999981,-0.014899999999999969,0.020349999999999938,0.014899999999999969,-0.006974999999999981,-0.014899999999999969,0.0,0.0,0.0,0.0,0.0,0.0,0.0,0.0,0.0,0.0,0.0,0.0,9,DD,1,-0.4233901974057255,0.6000000000000001
qwen,h2_choice,65,random,HrAs,0.03239166666666669,0.030100000000000016,0.022700000000000026,0.01547500000000003,-0.011708333333333343,0.022624999999999992,-0.007849999999999996,-0.0008750000000000008,0.011708333333333308,0.02262499999999998,0.007849999999999968,0.0008749999999999869,0.0,0.0,0.0,0.0,0.0,0.0,0.0,0.0,0.0,0.0,0.0,0.0,8,MP,0,0.68329601758822,2.0
qwen,h2_choice,65,random,HrBa,0.018200000000000008,0.015200000000000005,0.005975000000000008,-0.006199999999999997,-0.015650000000000035,0.015549999999999994,-0.006025000000000003,0.005300000000000013,0.01564999999999995,0.015550000000000008,0.006025000000000003,-0.005299999999999971,0.0,0.0,0.0,0.0,0.0,0.0,0.0,0.0,0.0,0.0,0.0,0.0,2,CO1,2,0.069651690163614,0.3999999999999999
qwen,h2_choice,65,random,HrCh,0.049549999999999976,0.028249999999999983,0.021274999999999974,-0.006975000000000009,0.01794999999999997,0.021999999999999992,-0.006374999999999978,-0.00682499999999997,-0.01795,0.02200000000000002,0.006374999999999992,0.006824999999999998,0.0,0.0,0.0,0.0,0.0,0.0,0.0,0.0,0.0,0.0,0.0,0.0,4,CO1,2,0.3294593112989456,1.0
qwen,h2_choice,65,random,HrHr,0.013233333333333312,0.021475000000000008,0.014349999999999988,0.007599999999999996,0.022283333333333342,0.014225000000000015,0.0021000000000000046,-0.007099999999999995,-0.022283333333333325,0.014224999999999988,-0.0021000000000000185,0.0070999999999999674,0.0,0.0,0.0,0.0,0.0,0.0,0.0,0.0,0.0,0.0,0.0,0.0,2,CO2,2,-0.0169508502148298,0.2
qwen,h2_choice,65,random,ShAs,0.010133333333333324,0.030149999999999996,0.022750000000000006,0.007700000000000012,0.010266666666666651,0.014825000000000005,0.00739999999999999,0.006999999999999992,0.010266666666666651,0.014825000000000005,0.00739999999999999,0.006999999999999992,0.0,0.0,0.0,0.0,0.0,0.0,0.0,0.0,0.0,0.0,0.0,0.0,8,CO1,2,-0.3437457694579421,0.6000000000000001
qwen,h2_choice,65,random,ShCo,0.025166666666666657,0.015425000000000008,-0.0071500000000000175,-0.014600000000000016,-0.046166666666666675,0.023050000000000015,-0.0075000000000000205,0.015549999999999994,-0.046166666666666675,0.023050000000000015,-0.0075000000000000205,0.015549999999999994,0.0,0.0,0.0,0.0,0.0,0.0,0.0,0.0,0.0,0.0,0.0,0.0,9,CO2,2,-0.5169508502148299,0.2
qwen,h2_choice,65,random,ShSh,0.01510833333333335,0.030775000000000025,0.007275000000000004,0.007150000000000004,-2.5000000000095e-05,0.015850000000000017,-0.008125000000000035,-0.007999999999999993,-2.5000000000095e-05,0.015850000000000017,-0.008125000000000035,-0.007999999999999993,0.0,0.0,0.0,0.0,0.0,0.0,0.0,0.0,0.0,0.0,0.0,0.0,9,CO1,2,-0.2571432290794982,0.8
qwen,h2_choice,79,main,AsAs,-0.19249166666666664,0.09250000000000001,-0.04570000000000002,0.046799999999999994,0.014808333333333345,0.015599999999999989,0.0008500000000000174,-0.00019999999999999185,0.014808333333333345,0.015599999999999989,0.0008500000000000174,-0.00019999999999999185,-0.4166666666666666,0.25,0.0,0.25,0.4166666666666666,0.25,0.0,-0.25,0.4166666666666666,0.25,0.0,-0.25,1,CO1,2,-0.5169508502148299,0.2
qwen,h2_choice,79,main,AsBa,-0.18372499999999997,0.09965,-0.061475,0.038175,0.003708333333333291,0.023724999999999954,-0.0008250000000000063,0.008074999999999999,-0.0037083333333332766,0.02372499999999997,0.0008250000000000202,-0.008074999999999999,-0.9999999999999999,0.5,-0.25,0.25,0.1666666666666666,0.25,-0.25,-0.25,-0.1666666666666666,0.25,0.25,0.25,2,MP,0,0.5678259637502947,1.7999999999999998
qwen,h2_choice,79,main,AsCh,-0.18700833333333333,0.091925,-0.04542499999999999,0.046500000000000014,0.007541666666666656,0.015499999999999986,-0.0003749999999999726,-0.0001499999999999696,-0.00754166666666665,0.015499999999999986,0.00037499999999998646,0.00014999999999998348,-0.4166666666666666,0.25,0.0,0.25,-0.4166666666666666,0.25,0.0,0.25,0.4166666666666666,0.25,0.0,-0.25,4,MP,0,0.3368858560744445,1.4
qwen,h2_choice,79,main,AsCm,-0.18839166666666665,0.09225,-0.045725,0.046525,-0.008874999999999956,0.015200000000000005,0.0003250000000000197,-0.00027500000000001135,0.008874999999999956,0.015200000000000019,-0.0003250000000000197,0.0002750000000000252,-0.6666666666666667,0.25,0.0,0.25,0.6666666666666667,0.25,0.0,-0.25,-0.6666666666666667,0.25,0.0,0.25,2,OD1,1,0.7408346464128569,1.7999999999999998
qwen,h2_choice,79,main,AsCo,-0.16629166666666667,0.08442500000000001,-0.05327500000000002,0.031149999999999997,-0.017308333333333308,0.015550000000000008,-0.007074999999999956,0.0004500000000000337,-0.017308333333333308,0.015550000000000008,-0.007074999999999956,0.0004500000000000337,0.0,0.0,0.0,0.0,0.0,0.0,0.0,0.0,0.0,0.0,0.0,0.0,1,CO2,2,-0.6035533905932737,0.0
qwen,h2_choice,79,main,AsDl,-0.18551666666666664,0.0913,-0.053424999999999986,0.03787500000000002,-0.01694999999999999,0.023099999999999996,-0.007274999999999976,0.007525000000000018,0.01694999999999998,0.02309999999999998,0.007274999999999976,-0.007525000000000004,-0.5833333333333333,0.25,0.0,0.25,0.5833333333333333,0.25,0.0,-0.25,-0.5833333333333333,0.25,0.0,0.25,4,OD1,1,0.5098945387370066,1.4
qwen,h2_choice,79,main,AsHa,-0.18028333333333335,0.08380000000000001,-0.03820000000000001,0.0456,0.009899999999999963,0.007374999999999979,0.007049999999999973,0.0007999999999999952,0.009899999999999963,0.007374999999999979,0.007049999999999973,0.0007999999999999952,0.0,0.0,0.0,0.0,0.0,0.0,0.0,0.0,0.0,0.0,0.0,0.0,1,OD2,1,0.048014323385306,0.6000000000000001
qwen,h2_choice,79,main,AsHr,-0.16465833333333332,0.084825,-0.02272499999999998,0.062100000000000016,-0.021174999999999902,0.02285000000000001,-0.0074749999999999955,0.0004999999999999449,0.021174999999999933,0.02285000000000001,0.007475000000000009,-0.0004999999999999449,-0.5833333333333333,0.25,0.0,0.25,0.5833333333333333,0.25,0.0,-0.25,-0.5833333333333333,0.25,0.0,0.25,6,MP,0,0.68329601758822,2.0
qwen,h2_choice,79,main,AsNc,-0.18767500000000004,0.08470000000000001,-0.05387500000000002,0.03082499999999999,-0.007491666666666708,0.007500000000000007,-0.007425000000000015,-2.4999999999997247e-05,-0.007491666666666708,0.007500000000000007,-0.007425000000000015,-2.4999999999997247e-05,0.0,0.0,0.0,0.0,0.0,0.0,0.0,0.0,0.0,0.0,0.0,0.0,3,OD2,1,0.1634843772232312,0.8
qwen,h2_choice,79,main,AsPc,-0.17959166666666668,0.09100000000000001,-0.06707500000000001,0.023925000000000002,0.021058333333333294,0.014749999999999985,0.006925000000000001,-0.006874999999999992,0.021058333333333294,0.014749999999999985,0.006925000000000001,-0.006874999999999992,0.0,0.0,0.0,0.0,0.0,0.0,0.0,0.0,0.0,0.0,0.0,0.0,5,OD2,1,-0.1829257842905442,0.2
qwen,h2_choice,79,main,AsPd,-0.22871666666666668,0.11582500000000003,-0.06220000000000002,0.053625000000000006,-0.012799999999999999,0.008224999999999968,-9.999999999998899e-05,0.007775000000000004,0.012799999999999987,0.008224999999999982,9.999999999998899e-05,-0.007775000000000004,-1.2499999999999998,0.75,-0.25,0.5,-0.41666666666666663,0.25,-0.25,0.0,0.41666666666666663,0.25,0.25,0.0,6,OD1,1,0.3944244848990815,1.2
qwen,h2_choice,79,main,AsSh,-0.18389166666666665,0.08410000000000001,-0.02982499999999999,0.05427500000000002,-0.004208333333333338,0.023249999999999993,0.015474999999999975,0.022824999999999998,-0.004208333333333338,0.023249999999999993,0.015474999999999975,0.022824999999999998,-0.4166666666666666,0.25,0.0,0.25,-0.4166666666666666,0.25,0.0,0.25,-0.4166666666666666,0.25,0.0,0.25,3,CO1,2,-0.3437457694579421,0.6000000000000001
qwen,h2_choice,79,main,BaAs,-0.18213333333333329,0.091225,-0.052825,0.038400000000000004,-0.0011000000000000267,0.01672499999999999,-0.006275000000000003,-0.008300000000000002,-0.0011000000000000267,0.01672499999999999,-0.006275000000000003,-0.008300000000000002,-0.5833333333333333,0.25,0.0,0.25,0.5833333333333333,0.25,0.0,-0.25,0.5833333333333333,0.25,0.0,-0.25,1,MP,0,0.5678259637502947,1.7999999999999998
qwen,h2_choice,79,main,BaBa,-0.16554999999999997,0.07604999999999999,-0.03829999999999999,0.037750000000000006,-0.012516666666666619,0.01582500000000002,0.007250000000000034,0.007050000000000001,-0.012516666666666619,0.01582500000000002,0.007250000000000034,0.007050000000000001,-0.8333333333333331,0.5,0.0,0.5,0.0,0.0,0.0,0.0,0.0,0.0,0.0,0.0,3,CO2,2,-0.0169508502148298,0.2
qwen,h2_choice,79,main,BaCh,-0.19459999999999997,0.09999999999999999,-0.046450000000000005,0.053549999999999986,0.01618333333333335,0.02377500000000002,0.00015000000000001124,-0.007849999999999982,0.01618333333333335,0.02377500000000002,0.00015000000000001124,-0.007849999999999982,-1.3333333333333328,0.75,-0.25,0.5,0.49999999999999994,0.25,0.25,0.0,0.49999999999999994,0.25,0.25,0.0,4,CO2,2,0.1562542305420579,0.6000000000000001
qwen,h2_choice,79,main,BaCm,-0.19104999999999994,0.09162499999999998,-0.052925000000000014,0.03869999999999997,-0.017133333333333348,0.015449999999999978,-0.007224999999999995,0.007650000000000004,-0.017133333333333348,0.015449999999999978,-0.007224999999999995,0.007650000000000004,-0.9999999999999999,0.5,-0.25,0.25,0.16666666666666674,0.25,0.25,0.25,0.16666666666666674,0.25,0.25,0.25,1,OD1,1,0.2789544310611563,1.0
qwen,h2_choice,79,main,BaCo,-0.23454166666666662,0.12222500000000001,-0.060725000000000015,0.0615,0.0026583333333333394,0.023349999999999996,0.016474999999999948,0.015049999999999966,0.0026583333333333394,0.023349999999999996,0.016474999999999948,0.015049999999999966,-1.2499999999999998,0.75,-0.25,0.5,0.41666666666666663,0.25,0.25,0.0,0.41666666666666663,0.25,0.25,0.0,3,MP,0,0.4523559099123697,1.6
qwen,h2_choice,79,main,BaDl,-0.20781666666666668,0.1063,-0.05277499999999999,0.05352500000000002,0.032233333333333294,0.016399999999999984,0.008474999999999983,-0.007925000000000001,0.032233333333333294,0.016399999999999984,0.008474999999999983,-0.007925000000000001,-0.6666666666666667,0.25,-0.25,0.0,0.6666666666666667,0.25,0.25,0.0,0.6666666666666667,0.25,0.25,0.0,3,OD1,1,0.5098945387370066,1.4
qwen,h2_choice,79,main,BaHa,-0.19794166666666668,0.09942500000000004,-0.03800000000000005,0.061424999999999993,-0.003308333333333281,0.022700000000000012,0.007800000000000015,-0.0005250000000000116,0.0033083333333332934,0.022700000000000026,-0.007800000000000029,0.0005249999999999977,-0.4166666666666666,0.25,0.0,0.25,0.4166666666666666,0.25,0.0,-0.25,-0.4166666666666666,0.25,0.0,0.25,2,OD2,1,0.048014323385306,0.6000000000000001
qwen,h2_choice,79,main,BaHr,-0.18258333333333324,0.09164999999999997,-0.05382499999999997,0.037825,0.007149999999999985,0.022599999999999967,0.007424999999999987,0.008674999999999988,0.007149999999999985,0.022599999999999967,0.007424999999999987,0.008674999999999988,-0.9999999999999999,0.5,-0.25,0.25,0.16666666666666674,0.25,0.25,0.25,0.16666666666666674,0.25,0.25,0.25,5,CO1,2,0.069651690163614,0.3999999999999999
qwen,h2_choice,79,main,BaNc,-0.19052500000000003,0.100075,-0.045399999999999996,0.054675,-0.0050583333333333175,0.02355,0.0002500000000000141,0.008025000000000018,0.005058333333333318,0.023550000000000015,-0.000250000000000028,-0.008025000000000032,0.0,0.0,0.0,0.0,0.0,0.0,0.0,0.0,0.0,0.0,0.0,0.0,4,OD2,1,0.1634843772232312,0.8
qwen,h2_choice,79,main,BaPc,-0.21200833333333333,0.10729999999999998,-0.06104999999999999,0.046249999999999986,0.031458333333333324,0.015475000000000003,-0.00040000000000001146,-0.014800000000000008,-0.03145833333333334,0.015475000000000017,0.00040000000000001146,0.014800000000000008,-0.8333333333333331,0.5,0.0,0.5,0.0,0.0,0.0,0.0,0.0,0.0,0.0,0.0,6,OD2,1,0.2789544310611563,1.0
qwen,h2_choice,79,main,BaPd,-0.19940833333333327,0.09994999999999998,-0.038325,0.061624999999999985,-0.019108333333333356,0.015350000000000003,-0.006724999999999995,0.00032500000000000584,-0.019108333333333356,0.015350000000000003,-0.006724999999999995,0.00032500000000000584,-0.8333333333333331,0.5,0.0,0.5,0.0,0.0,0.0,0.0,0.0,0.0,0.0,0.0,5,OD1,1,0.3944244848990815,1.2
qwen,h2_choice,79,main,BaSh,-0.20181666666666667,0.10450000000000001,-0.0741,0.03040000000000001,0.019683333333333285,0.016249999999999973,0.01614999999999997,-0.00010000000000000286,0.019683333333333285,0.016249999999999973,0.01614999999999997,-0.00010000000000000286,0.0,0.0,0.0,0.0,0.0,0.0,0.0,0.0,0.0,0.0,0.0,0.0,5,MP,0,0.3368858560744445,1.4
qwen,h2_choice,79,main,ChAs,-0.17827500000000002,0.09207500000000003,-0.038000000000000006,0.054075000000000026,0.03227500000000006,0.01610000000000003,0.008050000000000015,-0.007975000000000024,0.03227500000000006,0.01610000000000003,0.008050000000000015,-0.007975000000000024,-0.4166666666666666,0.25,0.0,0.25,0.4166666666666666,0.25,0.0,-0.25,0.4166666666666666,0.25,0.0,-0.25,7,MP,0,0.3368858560744445,1.4
qwen,h2_choice,79,main,ChBa,-0.19787499999999994,0.0977,-0.059349999999999986,0.03835000000000001,0.01845833333333334,0.009025000000000033,0.0014500000000000207,-0.006599999999999981,0.01845833333333334,0.009025000000000033,0.0014500000000000207,-0.006599999999999981,-0.5833333333333333,0.25,0.0,0.25,0.5833333333333333,0.25,0.0,-0.25,0.5833333333333333,0.25,0.0,-0.25,5,CO2,2,0.1562542305420579,0.6000000000000001
qwen,h2_choice,79,main,ChCh,-0.19639999999999996,0.09837499999999998,-0.051799999999999985,0.04657499999999999,0.03733333333333334,0.030924999999999994,0.007750000000000007,-0.016074999999999992,0.03733333333333334,0.030924999999999994,0.007750000000000007,-0.016074999999999992,-0.6666666666666667,0.25,-0.25,0.0,0.6666666666666667,0.25,0.25,0.0,0.6666666666666667,0.25,0.25,0.0,6,CO2,2,0.2428567709205017,0.8
qwen,h2_choice,79,main,ChCm,-0.16551666666666667,0.08152500000000001,-0.05257500000000001,0.028950000000000004,0.00858333333333334,0.008324999999999985,0.008324999999999985,0.0004499999999999782,0.00858333333333334,0.008324999999999985,0.008324999999999985,0.0004499999999999782,-0.4166666666666666,0.25,0.0,0.25,0.4166666666666666,0.25,0.0,-0.25,0.4166666666666666,0.25,0.0,-0.25,7,OD1,1,0.6253645925749319,1.6
qwen,h2_choice,79,main,ChCo,-0.17246666666666663,0.082525,-0.04555000000000001,0.036974999999999994,0.011566666666666696,0.015700000000000006,0.015700000000000006,0.008324999999999985,0.011566666666666696,0.015700000000000006,0.015700000000000006,0.008324999999999985,-0.6666666666666667,0.25,-0.25,0.0,0.6666666666666667,0.25,0.25,0.0,0.6666666666666667,0.25,0.25,0.0,9,MP,0,0.1059457483985941,1.0
qwen,h2_choice,79,main,ChDl,-0.17632499999999995,0.09105,-0.037474999999999994,0.05357500000000001,0.002075000000000034,0.008925000000000016,0.008125000000000021,0.007125000000000006,0.002075000000000034,0.008925000000000016,0.008125000000000021,0.007125000000000006,0.0,0.0,0.0,0.0,0.0,0.0,0.0,0.0,0.0,0.0,0.0,0.0,9,OD1,1,0.7408346464128569,1.7999999999999998
qwen,h2_choice,79,main,ChHa,-0.18169166666666667,0.09047499999999999,-0.053099999999999994,0.03737499999999999,-0.00667500000000002,0.009050000000000002,-0.0076000000000000095,-0.007074999999999998,0.006674999999999972,0.009049999999999975,0.007599999999999996,0.007074999999999998,-0.5833333333333333,0.25,0.0,0.25,0.5833333333333333,0.25,0.0,-0.25,-0.5833333333333333,0.25,0.0,0.25,8,OD2,1,-0.1829257842905442,0.2
qwen,h2_choice,79,main,ChHr,-0.17442499999999994,0.08237499999999998,-0.045324999999999976,0.03705,-0.011558333333333368,0.008925000000000016,-0.0005250000000000254,0.008300000000000002,-0.011558333333333368,0.008925000000000016,-0.0005250000000000254,0.008300000000000002,-0.5833333333333334,0.25,-0.25,0.0,0.5833333333333334,0.25,0.25,0.0,0.5833333333333334,0.25,0.25,0.0,6,CO1,2,0.3294593112989456,1.0
qwen,h2_choice,79,main,CmAs,-0.1763750000000001,0.09652500000000003,-0.03392500000000001,0.06260000000000002,0.0039916666666666625,0.013149999999999981,0.007474999999999982,0.00899999999999998,-0.003991666666666674,0.013149999999999967,-0.007475000000000009,-0.00899999999999998,0.0,0.0,0.0,0.0,0.0,0.0,0.0,0.0,0.0,0.0,0.0,0.0,8,OD1,1,0.2694301256218253,1.7999999999999998
qwen,h2_choice,79,main,CmCm,-0.17050833333333337,0.08452500000000002,-0.0525,0.03202500000000001,0.004391666666666685,0.011525000000000021,0.0019000000000000059,-0.00457500000000001,-0.004391666666666598,0.011525000000000007,-0.001899999999999985,0.004574999999999996,0.0,0.0,0.0,0.0,0.0,0.0,0.0,0.0,0.0,0.0,0.0,0.0,2,DD,1,-0.3079201435678004,0.8
qwen,h2_choice,79,main,CmDl,-0.14719166666666667,0.069125,-0.027700000000000002,0.041425000000000003,0.017058333333333328,0.014975000000000002,0.0010999999999999899,-0.013875000000000012,-0.017058333333333384,0.014975000000000044,-0.0011000000000000176,0.013875000000000026,0.0,0.0,0.0,0.0,0.0,0.0,0.0,0.0,0.0,0.0,0.0,0.0,4,DD,1,0.0384900179459749,1.4
qwen,h2_choice,79,main,CmHa,-0.17533333333333329,0.09394999999999999,-0.04775,0.04619999999999999,0.005899999999999943,0.013999999999999999,0.0097,0.008600000000000024,-0.005899999999999945,0.014000000000000012,-0.009700000000000014,-0.008600000000000052,0.0,0.0,0.0,0.0,0.0,0.0,0.0,0.0,0.0,0.0,0.0,0.0,6,DD,1,0.0384900179459749,1.4
qwen,h2_choice,79,main,CmNc,-0.17062499999999994,0.08292499999999998,-0.04094999999999997,0.04197500000000001,-0.022425000000000056,0.015925000000000036,-0.01380000000000002,0.0021250000000000158,0.022425000000000014,0.015924999999999995,0.013799999999999979,-0.0021250000000000158,0.0,0.0,0.0,0.0,0.0,0.0,0.0,0.0,0.0,0.0,0.0,0.0,8,DD,1,0.2694301256218253,1.7999999999999998
qwen,h2_choice,79,main,CoAs,-0.18037500000000004,0.09435000000000003,-0.056100000000000025,0.038250000000000006,-0.005974999999999943,0.02272499999999998,-0.004200000000000023,-0.006000000000000047,-0.005974999999999943,0.02272499999999998,-0.004200000000000023,-0.006000000000000047,-0.41666666666666663,0.25,-0.25,0.0,-0.41666666666666663,0.25,-0.25,0.0,-0.41666666666666663,0.25,-0.25,0.0,7,CO2,2,-0.6035533905932737,0.0
qwen,h2_choice,79,main,CoCo,-0.20028333333333329,0.10637500000000001,-0.04500000000000001,0.061375,-0.0012833333333333488,0.016625,-0.0010500000000000093,0.0009749999999999898,-0.0012833333333333488,0.016625,-0.0010500000000000093,0.0009749999999999898,-0.9999999999999994,0.5,0.0,0.5,-0.9999999999999994,0.5,0.0,0.5,-0.9999999999999994,0.5,0.0,0.5,7,CO1,2,-0.5169508502148299,0.2
qwen,h2_choice,79,main,CoSh,-0.15900833333333325,0.07462499999999997,-0.0441,0.03052499999999997,-0.011575000000000064,0.010000000000000037,-0.0021500000000000408,0.0007249999999999757,-0.011575000000000064,0.010000000000000037,-0.0021500000000000408,0.0007249999999999757,-1.0833333333333333,0.5,-0.5,0.0,-1.0833333333333333,0.5,-0.5,0.0,-1.0833333333333333,0.5,-0.5,0.0,8,CO2,2,-0.5169508502148299,0.2
qwen,h2_choice,79,main,HaAs,-0.1533083333333333,0.07544999999999998,-0.048100000000000004,0.02734999999999997,-0.00319166666666662,0.008874999999999966,0.0022999999999999687,0.00044999999999995044,-0.00319166666666662,0.008874999999999966,0.0022999999999999687,0.00044999999999995044,0.0,0.0,0.0,0.0,0.0,0.0,0.0,0.0,0.0,0.0,0.0,0.0,7,OD2,1,-0.4233901974057255,0.6000000000000001
qwen,h2_choice,79,main,HaBa,-0.1679416666666667,0.08555000000000001,-0.05702500000000002,0.028524999999999995,0.02184166666666664,0.01629999999999998,0.014474999999999988,-0.0018249999999999933,0.02184166666666664,0.01629999999999998,0.014474999999999988,-0.0018249999999999933,0.0,0.0,0.0,0.0,0.0,0.0,0.0,0.0,0.0,0.0,0.0,0.0,9,OD2,1,-0.4233901974057255,0.6000000000000001
qwen,h2_choice,79,main,HaCm,-0.17419999999999997,0.08367499999999999,-0.03789999999999999,0.045774999999999996,0.0166,0.015825000000000006,-0.008599999999999997,-0.015825000000000006,0.0166,0.015825000000000006,-0.008599999999999997,-0.015825000000000006,-0.41666666666666663,0.25,-0.25,0.0,-0.41666666666666663,0.25,-0.25,0.0,-0.41666666666666663,0.25,-0.25,0.0,1,DD,1,0.0384900179459749,1.4
qwen,h2_choice,79,main,HaDl,-0.16670000000000001,0.08005000000000001,-0.03595000000000001,0.0441,0.006999999999999937,0.016499999999999987,-0.007100000000000023,-0.016499999999999987,0.006999999999999937,0.016499999999999987,-0.007100000000000023,-0.016499999999999987,0.0,0.0,0.0,0.0,0.0,0.0,0.0,0.0,0.0,0.0,0.0,0.0,3,DD,1,-0.1924500897298753,1.0
qwen,h2_choice,79,main,HaHa,-0.17743333333333342,0.08382500000000002,-0.048725000000000004,0.03510000000000002,0.021749999999999933,0.011174999999999963,0.003574999999999967,-0.007599999999999996,0.021749999999999933,0.011174999999999963,0.003574999999999967,-0.007599999999999996,0.0,0.0,0.0,0.0,0.0,0.0,0.0,0.0,0.0,0.0,0.0,0.0,5,DD,1,-0.6543303050815759,0.2
qwen,h2_choice,79,main,HaNc,-0.1682,0.08304999999999998,-0.033725000000000005,0.04932499999999998,0.018583333333333358,0.015474999999999989,0.005075000000000024,-0.007724999999999982,0.018583333333333358,0.015474999999999989,0.005075000000000024,-0.007724999999999982,0.0,0.0,0.0,0.0,0.0,0.0,0.0,0.0,0.0,0.0,0.0,0.0,7,DD,1,-0.7698003589195012,0.0
qwen,h2_choice,79,main,HaPc,-0.16250833333333328,0.08604999999999999,-0.050175,0.03587499999999999,-0.006924999999999968,0.010800000000000004,-0.009874999999999995,-0.006624999999999992,-0.006924999999999968,0.010800000000000004,-0.009874999999999995,-0.006624999999999992,0.0,0.0,0.0,0.0,0.0,0.0,0.0,0.0,0.0,0.0,0.0,0.0,9,DD,1,-0.4233901974057255,0.6000000000000001
qwen,h2_choice,79,main,HrAs,-0.19730833333333336,0.10375000000000001,-0.037349999999999994,0.06640000000000001,-0.0027749999999999663,0.008200000000000013,-0.00814999999999999,-0.006350000000000022,0.0027750000000000127,0.008200000000000013,0.00814999999999999,0.0063499999999999945,-0.8333333333333331,0.5,-0.25,0.25,2.3115197751421316e-17,0.25,0.25,0.25,-2.3115197751421316e-17,0.25,-0.25,-0.25,8,MP,0,0.68329601758822,2.0
qwen,h2_choice,79,main,HrBa,-0.18864999999999996,0.08704999999999997,-0.050549999999999984,0.03649999999999999,-0.009966666666666676,0.015424999999999994,0.006000000000000005,0.00860000000000001,0.009966666666666728,0.015425000000000022,-0.005999999999999978,-0.008599999999999997,-0.41666666666666663,0.25,-0.25,0.0,0.41666666666666663,0.25,0.25,0.0,-0.41666666666666663,0.25,-0.25,0.0,2,CO1,2,0.069651690163614,0.3999999999999999
qwen,h2_choice,79,main,HrCh,-0.19085000000000002,0.09385000000000002,-0.043475000000000014,0.050375,0.0153333333333333,0.008999999999999994,0.0025750000000000217,-0.006374999999999964,-0.015333333333333284,0.00899999999999998,-0.002574999999999994,0.006374999999999992,-0.41666666666666663,0.25,-0.25,0.0,0.41666666666666663,0.25,0.25,0.0,-0.41666666666666663,0.25,-0.25,0.0,4,CO1,2,0.3294593112989456,1.0
qwen,h2_choice,79,main,HrHr,-0.17632500000000007,0.08112500000000002,-0.03647500000000001,0.04465000000000001,0.01169166666666672,0.022299999999999973,0.007824999999999999,0.002099999999999977,-0.01169166666666674,0.02229999999999996,-0.007824999999999999,-0.002099999999999963,0.0,0.0,0.0,0.0,0.0,0.0,0.0,0.0,0.0,0.0,0.0,0.0,2,CO2,2,-0.0169508502148298,0.2
qwen,h2_choice,79,main,ShAs,-0.16487499999999997,0.08392500000000001,-0.037849999999999995,0.04607500000000002,-0.03262499999999996,0.022374999999999978,-0.007949999999999999,0.01442499999999998,-0.03262499999999996,0.022374999999999978,-0.007949999999999999,0.01442499999999998,0.0,0.0,0.0,0.0,0.0,0.0,0.0,0.0,0.0,0.0,0.0,0.0,8,CO1,2,-0.3437457694579421,0.6000000000000001
qwen,h2_choice,79,main,ShCo,-0.14628333333333332,0.07445,-0.05162500000000002,0.022824999999999984,0.0023999999999999647,0.014450000000000018,0.007575000000000012,0.007775000000000018,0.0023999999999999647,0.014450000000000018,0.007575000000000012,0.007775000000000018,0.0,0.0,0.0,0.0,0.0,0.0,0.0,0.0,0.0,0.0,0.0,0.0,9,CO2,2,-0.5169508502148299,0.2
qwen,h2_choice,79,main,ShSh,-0.19295,0.09102500000000001,-0.045149999999999996,0.04587500000000001,0.001399999999999924,0.0007249999999999618,0.0005499999999999533,-0.00017500000000000848,0.001399999999999924,0.0007249999999999618,0.0005499999999999533,-0.00017500000000000848,0.0,0.0,0.0,0.0,0.0,0.0,0.0,0.0,0.0,0.0,0.0,0.0,9,CO1,2,-0.2571432290794982,0.8
qwen,h2_choice,79,main_perp,AsAs,0.00833333333333334,0.015324999999999991,0.0007999999999999952,-0.0069250000000000145,-0.04393333333333335,0.030975000000000016,-0.01515000000000001,0.008074999999999999,-0.04393333333333335,0.030975000000000016,-0.01515000000000001,0.008074999999999999,0.0,0.0,0.0,0.0,0.0,0.0,0.0,0.0,0.0,0.0,0.0,0.0,1,CO1,2,-0.5169508502148299,0.2
qwen,h2_choice,79,main_perp,AsBa,0.0030083333333332934,0.008649999999999991,-0.00040000000000001146,-0.00019999999999999185,-0.0028583333333333794,0.008174999999999974,0.0,0.0002500000000000141,0.002858333333333388,0.008174999999999988,0.0,-0.000250000000000028,0.0,0.0,0.0,0.0,0.0,0.0,0.0,0.0,0.0,0.0,0.0,0.0,2,MP,0,0.5678259637502947,1.7999999999999998
qwen,h2_choice,79,main_perp,AsCh,0.007258333333333329,0.023625000000000007,0.008275000000000005,0.00037500000000000033,0.01805833333333328,0.015574999999999992,-0.007675000000000015,-0.015324999999999991,-0.018058333333333308,0.015575000000000006,0.007675000000000015,0.015325000000000005,0.41666666666666663,0.25,0.25,0.0,0.41666666666666663,0.25,0.25,0.0,-0.41666666666666663,0.25,-0.25,0.0,4,MP,0,0.3368858560744445,1.4
qwen,h2_choice,79,main_perp,AsCm,0.03767499999999995,0.015875,0.0072249999999999814,-0.0074749999999999955,0.032075,0.015150000000000025,0.007325000000000026,-0.007674999999999987,-0.03207499999999996,0.015150000000000052,-0.007325000000000026,0.00767499999999996,0.16666666666666674,0.25,0.25,0.25,-0.16666666666666674,0.25,-0.25,-0.25,0.16666666666666674,0.25,0.25,0.25,2,OD1,1,0.7408346464128569,1.7999999999999998
qwen,h2_choice,79,main_perp,AsCo,-0.024341666666666668,0.015299999999999994,-0.008325000000000013,0.0003499999999999892,0.007174999999999945,0.008224999999999968,0.007974999999999996,0.0007500000000000284,0.007174999999999945,0.008224999999999968,0.007974999999999996,0.0007500000000000284,0.0,0.0,0.0,0.0,0.0,0.0,0.0,0.0,0.0,0.0,0.0,0.0,1,CO2,2,-0.6035533905932737,0.0
qwen,h2_choice,79,main_perp,AsDl,0.0038750000000000078,0.008074999999999985,-2.499999999998337e-05,-0.0007249999999999895,0.007374999999999975,0.015024999999999997,0.0001250000000000001,0.000125000000000014,-0.007374999999999919,0.015024999999999955,-0.000125000000000014,-0.00012500000000004174,0.0,0.0,0.0,0.0,0.0,0.0,0.0,0.0,0.0,0.0,0.0,0.0,4,OD1,1,0.5098945387370066,1.4
qwen,h2_choice,79,main_perp,AsHa,-0.005241666666666669,0.015299999999999994,0.014399999999999996,0.014475000000000002,-0.00014166666666669698,0.0009750000000000036,0.00014999999999998348,0.0004750000000000032,-0.00014166666666669698,0.0009750000000000036,0.00014999999999998348,0.0004750000000000032,0.0,0.0,0.0,0.0,0.0,0.0,0.0,0.0,0.0,0.0,0.0,0.0,1,OD2,1,0.048014323385306,0.6000000000000001
qwen,h2_choice,79,main_perp,AsHr,0.020266666666666683,0.03075,0.03075,0.023099999999999996,-0.009950000000000007,0.015525000000000011,0.0007499999999999868,0.008050000000000002,0.00995000000000006,0.015525000000000039,-0.0007499999999999729,-0.008050000000000002,2.3115197751421316e-17,0.25,0.25,0.25,-2.3115197751421316e-17,0.25,-0.25,-0.25,2.3115197751421316e-17,0.25,0.25,0.25,6,MP,0,0.68329601758822,2.0
qwen,h2_choice,79,main_perp,AsNc,-0.004499999999999992,0.015825000000000006,-0.007750000000000007,-0.008075000000000013,-0.031183333333333382,0.023250000000000007,-0.007800000000000029,0.007674999999999987,-0.031183333333333382,0.023250000000000007,-0.007800000000000029,0.007674999999999987,0.0,0.0,0.0,0.0,0.0,0.0,0.0,0.0,0.0,0.0,0.0,0.0,3,OD2,1,0.1634843772232312,0.8
qwen,h2_choice,79,main_perp,AsPc,-0.033550000000000024,0.022775000000000004,-0.022425,-0.006974999999999995,-0.03833333333333334,0.022550000000000014,-0.007824999999999999,0.008074999999999999,-0.03833333333333334,0.022550000000000014,-0.007824999999999999,0.008074999999999999,0.0,0.0,0.0,0.0,0.0,0.0,0.0,0.0,0.0,0.0,0.0,0.0,5,OD2,1,-0.1829257842905442,0.2
qwen,h2_choice,79,main_perp,AsPd,-0.01291666666666667,0.01575,-0.008624999999999994,-0.0006499999999999978,0.0192166666666666,0.00862499999999998,0.008224999999999996,-0.0003999999999999837,-0.01921666666666664,0.008624999999999994,-0.00822500000000001,0.0003999999999999837,0.0,0.0,0.0,0.0,0.0,0.0,0.0,0.0,0.0,0.0,0.0,0.0,6,OD1,1,0.3944244848990815,1.2
qwen,h2_choice,79,main_perp,AsSh,-0.020616666666666696,0.02322500000000001,0.007974999999999996,0.02322500000000001,-0.0005333333333333078,0.02289999999999999,0.007624999999999993,0.007874999999999993,-0.0005333333333333078,0.02289999999999999,0.007624999999999993,0.007874999999999993,0.0,0.0,0.0,0.0,0.0,0.0,0.0,0.0,0.0,0.0,0.0,0.0,3,CO1,2,-0.3437457694579421,0.6000000000000001
qwen,h2_choice,79,main_perp,BaAs,-0.02745833333333333,0.015,-0.0003500000000000031,0.014649999999999996,0.0035083333333333342,0.008249999999999993,-5.000000000000837e-05,-0.0006000000000000172,0.0035083333333333342,0.008249999999999993,-5.000000000000837e-05,-0.0006000000000000172,-0.49999999999999994,0.25,0.0,0.25,0.49999999999999994,0.25,0.0,-0.25,0.49999999999999994,0.25,0.0,-0.25,1,MP,0,0.5678259637502947,1.7999999999999998
qwen,h2_choice,79,main_perp,BaBa,-0.004825000000000038,0.008550000000000002,-0.00015000000000001124,-0.0006249999999999867,0.009775000000000022,0.0233,-0.0004999999999999727,-0.00012499999999998623,0.009775000000000022,0.0233,-0.0004999999999999727,-0.00012499999999998623,0.0,0.0,0.0,0.0,0.0,0.0,0.0,0.0,0.0,0.0,0.0,0.0,3,CO2,2,-0.0169508502148298,0.2
qwen,h2_choice,79,main_perp,BaCh,0.010708333333333351,0.015350000000000003,0.015350000000000003,0.007549999999999987,-0.015258333333333304,0.007900000000000004,0.00014999999999999736,0.007900000000000004,-0.015258333333333304,0.007900000000000004,0.00014999999999999736,0.007900000000000004,0.0,0.0,0.0,0.0,0.0,0.0,0.0,0.0,0.0,0.0,0.0,0.0,4,CO2,2,0.1562542305420579,0.6000000000000001
qwen,h2_choice,79,main_perp,BaCm,0.007058333333333374,0.01527500000000001,-9.999999999998899e-05,-0.007425000000000015,-0.011358333333333331,0.015575000000000006,0.0006499999999999839,0.007674999999999987,-0.011358333333333331,0.015575000000000006,0.0006499999999999839,0.007674999999999987,0.4166666666666666,0.25,0.0,-0.25,-0.4166666666666666,0.25,0.0,0.25,-0.4166666666666666,0.25,0.0,0.25,1,OD1,1,0.2789544310611563,1.0
qwen,h2_choice,79,main_perp,BaCo,0.0009083333333333307,0.0005500000000000088,0.0005499999999999949,0.0001749999999999946,0.0004250000000000294,0.015549999999999967,0.015549999999999967,0.015274999999999955,0.0004250000000000294,0.015549999999999967,0.015549999999999967,0.015274999999999955,0.0,0.0,0.0,0.0,0.0,0.0,0.0,0.0,0.0,0.0,0.0,0.0,3,MP,0,0.4523559099123697,1.6
qwen,h2_choice,79,main_perp,BaDl,0.0028083333333333437,0.023425,-0.00037499999999998646,-0.0001749999999999946,0.0075250000000000004,0.00842500000000003,-0.0007750000000000118,-0.0006750000000000089,0.0075250000000000004,0.00842500000000003,-0.0007750000000000118,-0.0006750000000000089,-0.08333333333333334,0.25,0.0,0.0,0.08333333333333334,0.25,0.0,0.0,0.08333333333333334,0.25,0.0,0.0,3,OD1,1,0.5098945387370066,1.4
qwen,h2_choice,79,main_perp,BaHa,0.016425000000000013,0.023224999999999996,0.01554999999999998,0.007624999999999979,0.010858333333333295,0.015875,0.015399999999999997,0.007325000000000012,-0.01085833333333327,0.015875,-0.015399999999999997,-0.007325000000000026,0.0,0.0,0.0,0.0,0.0,0.0,0.0,0.0,0.0,0.0,0.0,0.0,2,OD2,1,0.048014323385306,0.6000000000000001
qwen,h2_choice,79,main_perp,BaHr,-0.01356666666666671,0.008225000000000024,-0.007574999999999998,0.0006500000000000256,0.01356666666666669,0.008124999999999993,0.007774999999999976,-0.00030000000000003635,0.01356666666666669,0.008124999999999993,0.007774999999999976,-0.00030000000000003635,-0.41666666666666663,0.25,-0.25,0.0,0.41666666666666663,0.25,0.25,0.0,0.41666666666666663,0.25,0.25,0.0,5,CO1,2,0.069651690163614,0.3999999999999999
qwen,h2_choice,79,main_perp,BaNc,-0.03408333333333332,0.023450000000000013,0.007800000000000015,0.023375000000000007,-0.007083333333333299,0.016024999999999998,-0.007399999999999962,-0.007774999999999976,0.007083333333333352,0.01602500000000004,0.007399999999999962,0.007774999999999949,0.0,0.0,0.0,0.0,0.0,0.0,0.0,0.0,0.0,0.0,0.0,0.0,4,OD2,1,0.1634843772232312,0.8
qwen,h2_choice,79,main_perp,BaPc,0.00037499999999997393,0.0155,-0.0076999999999999985,-0.008049999999999988,-0.004308333333333364,0.015500000000000014,-0.00810000000000001,-0.008499999999999994,0.0043083333333333185,0.015499999999999986,0.008100000000000024,0.008500000000000008,0.0,0.0,0.0,0.0,0.0,0.0,0.0,0.0,0.0,0.0,0.0,0.0,6,OD2,1,0.2789544310611563,1.0
qwen,h2_choice,79,main_perp,BaPd,-0.02605000000000001,0.015575000000000006,-0.000674999999999995,0.0072750000000000176,0.020649999999999988,0.01567499999999998,7.500000000000562e-05,-0.007775000000000004,0.020649999999999988,0.01567499999999998,7.500000000000562e-05,-0.007775000000000004,0.0,0.0,0.0,0.0,0.0,0.0,0.0,0.0,0.0,0.0,0.0,0.0,5,OD1,1,0.3944244848990815,1.2
qwen,h2_choice,79,main_perp,BaSh,-0.01977500000000001,0.022900000000000004,-0.022724999999999995,-0.0155,-0.02059166666666671,0.015649999999999983,0.007724999999999968,0.015649999999999983,-0.02059166666666671,0.015649999999999983,0.007724999999999968,0.015649999999999983,0.0,0.0,0.0,0.0,0.0,0.0,0.0,0.0,0.0,0.0,0.0,0.0,5,MP,0,0.3368858560744445,1.4
qwen,h2_choice,79,main_perp,ChAs,-0.023958333333333276,0.015850000000000017,-0.007124999999999979,0.007599999999999996,0.016258333333333284,0.015599999999999989,-0.0072750000000000176,-0.0077999999999999875,0.016258333333333284,0.015599999999999989,-0.0072750000000000176,-0.0077999999999999875,0.0,0.0,0.0,0.0,0.0,0.0,0.0,0.0,0.0,0.0,0.0,0.0,7,MP,0,0.3368858560744445,1.4
qwen,h2_choice,79,main_perp,ChBa,-0.0011166666666667282,0.021999999999999978,-0.014799999999999994,-0.01434999999999996,-0.004866666666666626,0.014774999999999983,-0.00014999999999999736,-0.0002500000000000141,-0.004866666666666626,0.014774999999999983,-0.00014999999999999736,-0.0002500000000000141,-0.08333333333333334,0.25,0.0,0.0,0.08333333333333334,0.25,0.0,0.0,0.08333333333333334,0.25,0.0,0.0,5,CO2,2,0.1562542305420579,0.6000000000000001
qwen,h2_choice,79,main_perp,ChCh,-0.006658333333333349,0.008400000000000005,0.0010249999999999981,0.0007750000000000118,-0.012925000000000008,0.022824999999999998,-0.00032500000000000584,-0.00022500000000000298,-0.012925000000000008,0.022824999999999998,-0.00032500000000000584,-0.00022500000000000298,0.08333333333333334,0.25,0.0,0.0,-0.08333333333333334,0.25,0.0,0.0,-0.08333333333333334,0.25,0.0,0.0,6,CO2,2,0.2428567709205017,0.8
qwen,h2_choice,79,main_perp,ChCm,-0.003241666666666696,0.015224999999999975,-0.007550000000000001,-0.0069999999999999785,-0.02150833333333331,0.022674999999999973,-0.007450000000000012,0.0070999999999999674,-0.02150833333333331,0.022674999999999973,-0.007450000000000012,0.0070999999999999674,0.0,0.0,0.0,0.0,0.0,0.0,0.0,0.0,0.0,0.0,0.0,0.0,7,OD1,1,0.6253645925749319,1.6
qwen,h2_choice,79,main_perp,ChCo,0.0005416666666666621,0.00845,-0.0006499999999999978,-0.0010000000000000009,-0.00039166666666666343,0.016074999999999992,0.015599999999999989,0.015749999999999986,-0.00039166666666666343,0.016074999999999992,0.015599999999999989,0.015749999999999986,-2.3115197751421316e-17,0.25,-0.25,-0.25,2.3115197751421316e-17,0.25,0.25,0.25,2.3115197751421316e-17,0.25,0.25,0.25,9,MP,0,0.1059457483985941,1.0
qwen,h2_choice,79,main_perp,ChDl,-0.00884999999999997,0.015350000000000003,0.00010000000000000286,0.008599999999999997,0.01340000000000002,0.007950000000000013,0.00040000000000001146,-0.007550000000000001,0.01340000000000002,0.007950000000000013,0.00040000000000001146,-0.007550000000000001,0.0,0.0,0.0,0.0,0.0,0.0,0.0,0.0,0.0,0.0,0.0,0.0,9,OD1,1,0.7408346464128569,1.7999999999999998
qwen,h2_choice,79,main_perp,ChHa,0.017674999999999972,0.023275000000000018,0.00024999999999998634,-0.015225000000000016,-0.02749166666666665,0.022750000000000006,-0.015400000000000011,-0.0006750000000000089,0.027491666666666664,0.022749999999999992,0.015399999999999997,0.0006749999999999812,0.33333333333333337,0.25,0.25,0.0,-0.33333333333333337,0.25,-0.25,0.0,0.33333333333333337,0.25,0.25,0.0,8,OD2,1,-0.1829257842905442,0.2
qwen,h2_choice,79,main_perp,ChHr,0.0005833333333333242,0.008324999999999999,-0.00777499999999999,-0.007999999999999993,0.0005666666666666604,0.007974999999999996,0.007974999999999996,0.007650000000000004,0.0005666666666666604,0.007974999999999996,0.007974999999999996,0.007650000000000004,-0.0833333333333334,0.25,-0.25,-0.25,0.0833333333333334,0.25,0.25,0.25,0.0833333333333334,0.25,0.25,0.25,6,CO1,2,0.3294593112989456,1.0
qwen,h2_choice,79,main_perp,CmAs,-0.010174999999999983,0.02182500000000001,0.00712500000000002,0.00772500000000001,0.000124999999999975,0.00707499999999997,0.007024999999999976,0.00707499999999997,-0.00012499999999998808,0.0070749999999999424,-0.007024999999999976,-0.0070749999999999424,0.0,0.0,0.0,0.0,0.0,0.0,0.0,0.0,0.0,0.0,0.0,0.0,8,OD1,1,0.2694301256218253,1.7999999999999998
qwen,h2_choice,79,main_perp,CmCm,0.01317500000000001,0.012874999999999984,0.00014999999999998348,-0.006775000000000017,0.013841666666666605,0.013374999999999984,0.0005499999999999949,-0.006624999999999978,-0.013841666666666627,0.013374999999999998,-0.0005499999999999949,0.006624999999999992,0.0,0.0,0.0,0.0,0.0,0.0,0.0,0.0,0.0,0.0,0.0,0.0,2,DD,1,-0.3079201435678004,0.8
qwen,h2_choice,79,main_perp,CmDl,-0.012883333333333373,0.014024999999999996,0.0003750000000000142,0.0069500000000000395,0.007116666666666673,0.008275000000000005,0.00012499999999998623,-0.008150000000000018,-0.0071166666666666635,0.008275000000000005,-0.000125000000000014,0.00814999999999999,0.0,0.0,0.0,0.0,0.0,0.0,0.0,0.0,0.0,0.0,0.0,0.0,4,DD,1,0.0384900179459749,1.4
qwen,h2_choice,79,main_perp,CmHa,-0.013808333333333313,0.019899999999999987,-2.499999999998337e-05,0.0053500000000000075,0.01005833333333328,0.01527500000000001,0.013924999999999979,0.007350000000000009,-0.010058333333333206,0.01527500000000001,-0.013924999999999965,-0.007350000000000051,0.0,0.0,0.0,0.0,0.0,0.0,0.0,0.0,0.0,0.0,0.0,0.0,6,DD,1,0.0384900179459749,1.4
qwen,h2_choice,79,main_perp,CmNc,0.0121333333333333,0.01442499999999998,5.000000000002225e-05,-0.007124999999999965,0.018899999999999976,0.008299999999999974,0.0003499999999999892,-0.007824999999999999,-0.01889999999999992,0.008299999999999946,-0.0003499999999999892,0.007824999999999971,0.0,0.0,0.0,0.0,0.0,0.0,0.0,0.0,0.0,0.0,0.0,0.0,8,DD,1,0.2694301256218253,1.7999999999999998
qwen,h2_choice,79,main_perp,CoAs,0.029099999999999963,0.014899999999999983,0.000999999999999987,-0.013899999999999996,0.0005833333333333467,0.014999999999999986,-0.0003500000000000031,-0.0006500000000000117,0.0005833333333333467,0.014999999999999986,-0.0003500000000000031,-0.0006500000000000117,0.0,0.0,0.0,0.0,0.0,0.0,0.0,0.0,0.0,0.0,0.0,0.0,7,CO2,2,-0.6035533905932737,0.0
qwen,h2_choice,79,main_perp,CoCo,-0.045333333333333344,0.023174999999999987,0.00032499999999999196,0.023000000000000007,-0.015366666666666707,0.008925000000000002,0.0005249999999999838,0.00845,-0.015366666666666707,0.008925000000000002,0.0005249999999999838,0.00845,-0.49999999999999994,0.25,0.0,0.25,-0.49999999999999994,0.25,0.0,0.25,-0.49999999999999994,0.25,0.0,0.25,7,CO1,2,-0.5169508502148299,0.2
qwen,h2_choice,79,main_perp,CoSh,-0.024649999999999988,0.02222500000000001,-0.013774999999999982,-0.007874999999999993,0.03149999999999992,0.023074999999999984,0.014174999999999965,-0.008374999999999994,0.03149999999999992,0.023074999999999984,0.014174999999999965,-0.008374999999999994,-0.16666666666666669,0.25,0.0,0.0,-0.16666666666666669,0.25,0.0,0.0,-0.16666666666666669,0.25,0.0,0.0,8,CO2,2,-0.5169508502148299,0.2
qwen,h2_choice,79,main_perp,HaAs,-0.0029000000000000414,0.028550000000000006,-0.021100000000000008,-0.021600000000000008,0.028683333333333307,0.014624999999999971,0.005599999999999966,-0.009000000000000008,0.028683333333333307,0.014624999999999971,0.005599999999999966,-0.009000000000000008,0.0,0.0,0.0,0.0,0.0,0.0,0.0,0.0,0.0,0.0,0.0,0.0,7,OD2,1,-0.4233901974057255,0.6000000000000001
qwen,h2_choice,79,main_perp,HaBa,0.012466666666666657,0.022425,-0.00752499999999999,-0.013924999999999979,0.018200000000000004,0.013950000000000018,0.007574999999999971,0.0009749999999999759,0.018200000000000004,0.013950000000000018,0.007574999999999971,0.0009749999999999759,0.0,0.0,0.0,0.0,0.0,0.0,0.0,0.0,0.0,0.0,0.0,0.0,9,OD2,1,-0.4233901974057255,0.6000000000000001
qwen,h2_choice,79,main_perp,HaCm,-0.0022916666666666597,0.008125000000000021,2.5000000000025002e-05,-0.00032499999999999196,-0.002858333333333288,0.015500000000000014,-0.015474999999999961,-0.015325000000000005,-0.002858333333333288,0.015500000000000014,-0.015474999999999961,-0.015325000000000005,0.0,0.0,0.0,0.0,0.0,0.0,0.0,0.0,0.0,0.0,0.0,0.0,1,DD,1,0.0384900179459749,1.4
qwen,h2_choice,79,main_perp,HaDl,-0.018983333333333293,0.014725000000000002,-0.00045000000000000595,0.006399999999999989,-0.004983333333333303,0.01502500000000001,-0.01485000000000003,-0.007250000000000034,-0.004983333333333303,0.01502500000000001,-0.01485000000000003,-0.007250000000000034,0.0,0.0,0.0,0.0,0.0,0.0,0.0,0.0,0.0,0.0,0.0,0.0,3,DD,1,-0.1924500897298753,1.0
qwen,h2_choice,79,main_perp,HaHa,0.0026166666666666855,0.015125,-0.007924999999999988,-0.007175000000000015,0.00024999999999990264,0.014800000000000008,-0.0066250000000000475,-0.006575000000000025,0.00024999999999990264,0.014800000000000008,-0.0066250000000000475,-0.006575000000000025,0.0,0.0,0.0,0.0,0.0,0.0,0.0,0.0,0.0,0.0,0.0,0.0,5,DD,1,-0.6543303050815759,0.2
qwen,h2_choice,79,main_perp,HaNc,-0.009425000000000076,0.015375,0.006849999999999981,0.008075000000000027,-0.0263416666666667,0.014075000000000004,-0.007050000000000001,0.0067250000000000365,-0.0263416666666667,0.014075000000000004,-0.007050000000000001,0.0067250000000000365,0.0,0.0,0.0,0.0,0.0,0.0,0.0,0.0,0.0,0.0,0.0,0.0,7,DD,1,-0.7698003589195012,0.0
qwen,h2_choice,79,main_perp,HaPc,0.008216666666666572,0.015274999999999983,-0.0064750000000000085,-0.014199999999999963,0.011900000000000077,0.008124999999999993,0.007025000000000031,-0.0008999999999999841,0.011900000000000077,0.008124999999999993,0.007025000000000031,-0.0008999999999999841,0.0,0.0,0.0,0.0,0.0,0.0,0.0,0.0,0.0,0.0,0.0,0.0,9,DD,1,-0.4233901974057255,0.6000000000000001
qwen,h2_choice,79,main_perp,HrAs,-0.010916666666666698,0.016000000000000042,0.006824999999999998,0.007099999999999995,0.02083333333333335,0.015325000000000005,0.007175000000000015,-0.00814999999999999,-0.02083333333333337,0.015325000000000005,-0.007175000000000015,0.00814999999999999,0.0,0.0,0.0,0.0,0.0,0.0,0.0,0.0,0.0,0.0,0.0,0.0,8,MP,0,0.68329601758822,2.0
qwen,h2_choice,79,main_perp,HrBa,0.011174999999999997,0.015074999999999991,0.0004749999999999893,-0.00017500000000000848,0.005458333333333311,0.008424999999999988,-0.0005250000000000116,-0.0008249999999999924,-0.005458333333333269,0.008424999999999988,0.0005250000000000254,0.0008249999999999924,0.0,0.0,0.0,0.0,0.0,0.0,0.0,0.0,0.0,0.0,0.0,0.0,2,CO1,2,0.069651690163614,0.3999999999999999
qwen,h2_choice,79,main_perp,HrCh,0.014116666666666647,0.014799999999999994,0.006874999999999992,-2.499999999998337e-05,0.014400000000000062,0.021850000000000036,0.007875000000000049,0.0005750000000000061,-0.014400000000000015,0.021850000000000036,-0.007875000000000021,-0.0005749999999999922,0.0,0.0,0.0,0.0,0.0,0.0,0.0,0.0,0.0,0.0,0.0,0.0,4,CO1,2,0.3294593112989456,1.0
qwen,h2_choice,79,main_perp,HrHr,0.023008333333333283,0.014999999999999972,0.0010499999999999815,-0.01394999999999999,-0.03164166666666663,0.02127500000000003,-0.01415000000000001,0.0005499999999999672,0.031641666666666624,0.021275000000000044,0.014150000000000024,-0.0005499999999999394,0.0,0.0,0.0,0.0,0.0,0.0,0.0,0.0,0.0,0.0,0.0,0.0,2,CO2,2,-0.0169508502148298,0.2
qwen,h2_choice,79,main_perp,ShAs,0.009200000000000017,0.007950000000000013,0.0003999999999999976,-0.00045000000000000595,-0.007633333333333358,0.02335000000000001,-0.00070000000000002,-0.0010499999999999954,-0.007633333333333358,0.02335000000000001,-0.00070000000000002,-0.0010499999999999954,0.0,0.0,0.0,0.0,0.0,0.0,0.0,0.0,0.0,0.0,0.0,0.0,8,CO1,2,-0.3437457694579421,0.6000000000000001
qwen,h2_choice,79,main_perp,ShCo,-0.018583333333333295,0.022500000000000006,-0.014700000000000005,-0.006975000000000023,0.013649999999999954,0.015400000000000011,0.015400000000000011,0.007525000000000018,0.013649999999999954,0.015400000000000011,0.015400000000000011,0.007525000000000018,0.0,0.0,0.0,0.0,0.0,0.0,0.0,0.0,0.0,0.0,0.0,0.0,9,CO2,2,-0.5169508502148299,0.2
qwen,h2_choice,79,main_perp,ShSh,0.020133333333333323,0.015625,0.007475000000000009,0.000125000000000014,-0.01589999999999995,0.015725000000000003,-0.007974999999999996,-7.500000000003337e-05,-0.01589999999999995,0.015725000000000003,-0.007974999999999996,-7.500000000003337e-05,0.0,0.0,0.0,0.0,0.0,0.0,0.0,0.0,0.0,0.0,0.0,0.0,9,CO1,2,-0.2571432290794982,0.8
qwen,h2_choice,79,random,AsAs,-0.030075,0.024175000000000002,-0.015800000000000022,0.00837499999999998,0.0029749999999999807,0.015725000000000017,0.0003499999999999892,-0.00772500000000001,0.0029749999999999807,0.015725000000000017,0.0003499999999999892,-0.00772500000000001,0.0,0.0,0.0,0.0,0.0,0.0,0.0,0.0,0.0,0.0,0.0,0.0,1,CO1,2,-0.5169508502148299,0.2
qwen,h2_choice,79,random,AsBa,-0.04466666666666665,0.031125,-0.008174999999999988,0.015525000000000011,0.00593333333333335,0.008349999999999982,0.0072750000000000176,0.0003750000000000142,-0.005933333333333317,0.008349999999999996,-0.007275000000000004,-0.0003750000000000142,-0.16666666666666669,0.25,0.0,0.0,-0.16666666666666669,0.25,0.0,0.0,0.16666666666666669,0.25,0.0,0.0,2,MP,0,0.5678259637502947,1.7999999999999998
qwen,h2_choice,79,random,AsCh,-0.014908333333333317,0.02302499999999999,0.0005750000000000061,0.015649999999999997,-0.025758333333333265,0.015324999999999978,-0.015324999999999978,-0.00010000000000001674,0.02575833333333324,0.015325000000000005,0.015325000000000005,0.0001000000000000445,-0.4166666666666666,0.25,0.0,0.25,-0.4166666666666666,0.25,0.0,0.25,0.4166666666666666,0.25,0.0,-0.25,4,MP,0,0.3368858560744445,1.4
qwen,h2_choice,79,random,AsCm,-0.03835833333333332,0.022874999999999993,-0.015325000000000005,0.007549999999999987,0.013408333333333336,0.008150000000000004,-0.00022500000000000298,-0.008150000000000004,-0.01340833333333333,0.00814999999999999,0.00022500000000000298,0.00814999999999999,-0.24999999999999986,0.25,0.0,0.25,0.24999999999999986,0.25,0.0,-0.25,-0.24999999999999986,0.25,0.0,0.25,2,OD1,1,0.7408346464128569,1.7999999999999998
qwen,h2_choice,79,random,AsCo,-0.03900833333333335,0.023275000000000018,-0.022750000000000006,0.0005250000000000116,-0.012624999999999918,0.007524999999999962,-0.007299999999999959,0.00022500000000000298,-0.012624999999999918,0.007524999999999962,-0.007299999999999959,0.00022500000000000298,0.0,0.0,0.0,0.0,0.0,0.0,0.0,0.0,0.0,0.0,0.0,0.0,1,CO2,2,-0.6035533905932737,0.0
qwen,h2_choice,79,random,AsDl,-0.03398333333333331,0.023549999999999988,-0.008399999999999977,0.01515000000000001,0.019100000000000006,0.01617500000000001,0.008150000000000018,-0.00014999999999998348,-0.019100000000000016,0.016175000000000023,-0.008150000000000018,0.00014999999999998348,-0.16666666666666669,0.25,0.0,0.0,0.16666666666666669,0.25,0.0,0.0,-0.16666666666666669,0.25,0.0,0.0,4,OD1,1,0.5098945387370066,1.4
qwen,h2_choice,79,random,AsHa,-0.031149999999999966,0.023199999999999985,-0.0004749999999999893,0.022724999999999995,-0.021833333333333295,0.015899999999999997,-0.00022499999999997522,0.00847500000000001,-0.021833333333333295,0.015899999999999997,-0.00022499999999997522,0.00847500000000001,0.0,0.0,0.0,0.0,0.0,0.0,0.0,0.0,0.0,0.0,0.0,0.0,1,OD2,1,0.048014323385306,0.6000000000000001
qwen,h2_choice,79,random,AsHr,-0.00908333333333334,0.023550000000000015,0.01602500000000001,0.023300000000000015,-0.0007999999999999439,0.016124999999999973,2.4999999999997247e-05,0.008349999999999969,0.0007999999999998793,0.016124999999999945,-2.4999999999997247e-05,-0.00834999999999994,2.3115197751421316e-17,0.25,0.25,0.25,-2.3115197751421316e-17,0.25,-0.25,-0.25,2.3115197751421316e-17,0.25,0.25,0.25,6,MP,0,0.68329601758822,2.0
qwen,h2_choice,79,random,AsNc,-0.047091666666666684,0.031375000000000014,-0.031075000000000033,0.00029999999999998084,0.005658333333333321,0.007550000000000015,-7.500000000003337e-05,-0.00045000000000001983,0.005658333333333321,0.007550000000000015,-7.500000000003337e-05,-0.00045000000000001983,0.0,0.0,0.0,0.0,0.0,0.0,0.0,0.0,0.0,0.0,0.0,0.0,3,OD2,1,0.1634843772232312,0.8
qwen,h2_choice,79,random,AsPc,-0.04245000000000003,0.022700000000000026,-0.02232500000000001,0.0003750000000000142,0.0058666666666666424,0.021999999999999992,-0.007675000000000015,0.0005249999999999977,0.0058666666666666424,0.021999999999999992,-0.007675000000000015,0.0005249999999999977,0.0,0.0,0.0,0.0,0.0,0.0,0.0,0.0,0.0,0.0,0.0,0.0,5,OD2,1,-0.1829257842905442,0.2
qwen,h2_choice,79,random,AsPd,-0.018408333333333315,0.016,-0.016,-0.0005250000000000116,0.0025083333333333954,0.00789999999999999,-9.999999999998899e-05,2.499999999998337e-05,-0.002508333333333363,0.00789999999999999,9.999999999998899e-05,-2.4999999999997247e-05,0.0,0.0,0.0,0.0,0.0,0.0,0.0,0.0,0.0,0.0,0.0,0.0,6,OD1,1,0.3944244848990815,1.2
qwen,h2_choice,79,random,AsSh,-0.033158333333333304,0.023599999999999996,0.008500000000000008,0.023599999999999996,0.008341666666666669,0.02289999999999999,0.02289999999999999,0.007199999999999984,0.008341666666666669,0.02289999999999999,0.02289999999999999,0.007199999999999984,0.0,0.0,0.0,0.0,0.0,0.0,0.0,0.0,0.0,0.0,0.0,0.0,3,CO1,2,-0.3437457694579421,0.6000000000000001
qwen,h2_choice,79,random,BaAs,-0.05652499999999998,0.023599999999999982,-0.00814999999999999,0.014800000000000008,-0.005858333333333341,0.031700000000000006,0.007050000000000001,0.015400000000000011,-0.005858333333333341,0.031700000000000006,0.007050000000000001,0.015400000000000011,-0.16666666666666669,0.25,0.0,0.0,0.16666666666666669,0.25,0.0,0.0,0.16666666666666669,0.25,0.0,0.0,1,MP,0,0.5678259637502947,1.7999999999999998
qwen,h2_choice,79,random,BaBa,-0.036716666666666654,0.015975000000000003,-0.008324999999999999,0.007650000000000004,-0.014099999999999984,0.015424999999999967,-0.007574999999999971,0.007050000000000015,-0.014099999999999984,0.015424999999999967,-0.007574999999999971,0.007050000000000015,0.0,0.0,0.0,0.0,0.0,0.0,0.0,0.0,0.0,0.0,0.0,0.0,3,CO2,2,-0.0169508502148298,0.2
qwen,h2_choice,79,random,BaCh,-0.033316666666666654,0.022824999999999984,-0.0003750000000000142,0.015274999999999983,-0.008866666666666741,0.008025000000000032,-0.0003750000000000142,0.00022500000000001685,-0.008866666666666741,0.008025000000000032,-0.0003750000000000142,0.00022500000000001685,0.0,0.0,0.0,0.0,0.0,0.0,0.0,0.0,0.0,0.0,0.0,0.0,4,CO2,2,0.1562542305420579,0.6000000000000001
qwen,h2_choice,79,random,BaCm,-0.02233333333333335,0.02277499999999999,-0.007575000000000012,-0.00022500000000000298,0.0020833333333333108,0.015125,0.00752499999999999,0.00022500000000000298,0.0020833333333333108,0.015125,0.00752499999999999,0.00022500000000000298,-2.3115197751421316e-17,0.25,-0.25,-0.25,2.3115197751421316e-17,0.25,0.25,0.25,2.3115197751421316e-17,0.25,0.25,0.25,1,OD1,1,0.2789544310611563,1.0
qwen,h2_choice,79,random,BaCo,-0.005941666666666659,0.015549999999999994,-1.3877787807814457e-17,0.0005499999999999811,0.004491666666666677,0.01509999999999996,0.014999999999999972,0.01509999999999996,0.004491666666666677,0.01509999999999996,0.014999999999999972,0.01509999999999996,0.0,0.0,0.0,0.0,0.0,0.0,0.0,0.0,0.0,0.0,0.0,0.0,3,MP,0,0.4523559099123697,1.6
qwen,h2_choice,79,random,BaDl,-0.011191666666666692,0.015850000000000003,-0.0003999999999999976,-2.499999999998337e-05,-0.0252416666666667,0.01532500000000002,0.00010000000000000286,0.01532500000000002,-0.0252416666666667,0.01532500000000002,0.00010000000000000286,0.01532500000000002,0.24999999999999986,0.25,0.0,-0.25,-0.24999999999999986,0.25,0.0,0.25,-0.24999999999999986,0.25,0.0,0.25,3,OD1,1,0.5098945387370066,1.4
qwen,h2_choice,79,random,BaHa,-0.03510833333333335,0.023800000000000016,-0.0003250000000000197,0.023474999999999996,-0.007058333333333301,0.014899999999999997,-0.0006749999999999812,0.006824999999999998,0.007058333333333295,0.014899999999999997,0.0006749999999999812,-0.006824999999999998,0.0,0.0,0.0,0.0,0.0,0.0,0.0,0.0,0.0,0.0,0.0,0.0,2,OD2,1,0.048014323385306,0.6000000000000001
qwen,h2_choice,79,random,BaHr,-0.030491666666666615,0.022674999999999973,-0.015249999999999986,0.00024999999999998634,0.020758333333333292,0.015299999999999966,0.014999999999999958,-0.0002500000000000141,0.020758333333333292,0.015299999999999966,0.014999999999999958,-0.0002500000000000141,-0.41666666666666663,0.25,-0.25,0.0,0.41666666666666663,0.25,0.25,0.0,0.41666666666666663,0.25,0.25,0.0,5,CO1,2,0.069651690163614,0.3999999999999999
qwen,h2_choice,79,random,BaNc,-0.011824999999999978,0.023425,0.008000000000000007,0.007374999999999993,0.01319166666666664,0.01642500000000001,0.00835000000000001,-0.007624999999999979,-0.013191666666666635,0.016425000000000023,-0.008350000000000024,0.007624999999999965,0.0,0.0,0.0,0.0,0.0,0.0,0.0,0.0,0.0,0.0,0.0,0.0,4,OD2,1,0.1634843772232312,0.8
qwen,h2_choice,79,random,BaPc,-0.030899999999999962,0.02312499999999998,-0.015574999999999992,0.007549999999999987,-0.005150000000000029,0.01582500000000002,-0.01582500000000002,-0.008150000000000004,0.005150000000000091,0.015825000000000033,0.015825000000000033,0.00814999999999999,0.0,0.0,0.0,0.0,0.0,0.0,0.0,0.0,0.0,0.0,0.0,0.0,6,OD2,1,0.2789544310611563,1.0
qwen,h2_choice,79,random,BaPd,-0.018874999999999982,0.007500000000000007,0.00022500000000001685,0.007050000000000001,-0.0057083333333333534,0.015074999999999977,-0.015074999999999977,-0.007149999999999962,-0.0057083333333333534,0.015074999999999977,-0.015074999999999977,-0.007149999999999962,0.0,0.0,0.0,0.0,0.0,0.0,0.0,0.0,0.0,0.0,0.0,0.0,5,OD1,1,0.3944244848990815,1.2
qwen,h2_choice,79,random,BaSh,-0.05448333333333329,0.029949999999999977,-0.022474999999999995,0.007174999999999987,0.005583333333333369,0.008125000000000007,0.008125000000000007,0.00777499999999999,0.005583333333333369,0.008125000000000007,0.008125000000000007,0.00777499999999999,0.0,0.0,0.0,0.0,0.0,0.0,0.0,0.0,0.0,0.0,0.0,0.0,5,MP,0,0.3368858560744445,1.4
qwen,h2_choice,79,random,ChAs,-0.03415833333333339,0.015900000000000025,-0.008025000000000004,0.007875000000000021,0.02815833333333336,0.015550000000000022,0.0074749999999999955,-0.007875000000000021,0.02815833333333336,0.015550000000000022,0.0074749999999999955,-0.007875000000000021,0.0,0.0,0.0,0.0,0.0,0.0,0.0,0.0,0.0,0.0,0.0,0.0,7,MP,0,0.3368858560744445,1.4
qwen,h2_choice,79,random,ChBa,-0.031641666666666665,0.022074999999999984,-0.022074999999999984,-0.00019999999999999185,-0.007774999999999998,0.007824999999999999,-0.007824999999999999,-0.00014999999999999736,-0.007774999999999998,0.007824999999999999,-0.007824999999999999,-0.00014999999999999736,-0.16666666666666669,0.25,0.0,0.0,0.16666666666666669,0.25,0.0,0.0,0.16666666666666669,0.25,0.0,0.0,5,CO2,2,0.1562542305420579,0.6000000000000001
qwen,h2_choice,79,random,ChCh,-0.038791666666666676,0.023425000000000015,-0.01502500000000001,0.008400000000000005,-0.02112499999999999,0.014374999999999985,2.4999999999997247e-05,0.006949999999999998,-0.02112499999999999,0.014374999999999985,2.4999999999997247e-05,0.006949999999999998,-0.24999999999999997,0.25,-0.25,0.0,0.24999999999999997,0.25,0.25,0.0,0.24999999999999997,0.25,0.25,0.0,6,CO2,2,0.2428567709205017,0.8
qwen,h2_choice,79,random,ChCm,-0.004466666666666716,0.014899999999999983,-0.014675000000000007,-0.014874999999999985,-0.005183333333333337,0.015324999999999978,0.00017499999999996685,0.00012499999999997236,-0.005183333333333337,0.015324999999999978,0.00017499999999996685,0.00012499999999997236,0.0,0.0,0.0,0.0,0.0,0.0,0.0,0.0,0.0,0.0,0.0,0.0,7,OD1,1,0.6253645925749319,1.6
qwen,h2_choice,79,random,ChCo,-0.02887499999999995,0.015899999999999984,-0.0007249999999999895,0.015174999999999994,-0.011975000000000015,0.01609999999999999,0.016074999999999992,0.015625,-0.011975000000000015,0.01609999999999999,0.016074999999999992,0.015625,-0.24999999999999997,0.25,-0.25,0.0,0.24999999999999997,0.25,0.25,0.0,0.24999999999999997,0.25,0.25,0.0,9,MP,0,0.1059457483985941,1.0
qwen,h2_choice,79,random,ChDl,-0.037700000000000046,0.015325000000000005,0.00012499999999998623,0.015125000000000013,-0.0030833333333333403,0.015149999999999997,-0.0003249999999999781,0.00012500000000002787,-0.0030833333333333403,0.015149999999999997,-0.0003249999999999781,0.00012500000000002787,0.0,0.0,0.0,0.0,0.0,0.0,0.0,0.0,0.0,0.0,0.0,0.0,9,OD1,1,0.7408346464128569,1.7999999999999998
qwen,h2_choice,79,random,ChHa,-0.02127499999999995,0.015825000000000006,-0.007349999999999995,-0.00045000000000001983,-0.014125000000000035,0.008500000000000021,-0.008250000000000007,0.0002500000000000141,0.014125000000000054,0.008500000000000035,0.008250000000000007,-0.000250000000000028,0.24999999999999997,0.25,0.25,0.0,-0.24999999999999997,0.25,-0.25,0.0,0.24999999999999997,0.25,0.25,0.0,8,OD2,1,-0.1829257842905442,0.2
qwen,h2_choice,79,random,ChHr,-0.03378333333333327,0.022774999999999962,-0.01567499999999998,0.007099999999999981,-0.018149999999999996,0.007875000000000007,-0.0007250000000000173,0.006999999999999992,-0.018149999999999996,0.007875000000000007,-0.0007250000000000173,0.006999999999999992,0.0,0.0,0.0,0.0,0.0,0.0,0.0,0.0,0.0,0.0,0.0,0.0,6,CO1,2,0.3294593112989456,1.0
qwen,h2_choice,79,random,CmAs,-0.023441666666666618,0.015474999999999989,0.0009000000000000119,0.007449999999999998,0.02274166666666669,0.013874999999999998,0.01319999999999999,0.006649999999999975,-0.022741666666666747,0.013875000000000026,-0.01319999999999999,-0.0066499999999999615,0.0,0.0,0.0,0.0,0.0,0.0,0.0,0.0,0.0,0.0,0.0,0.0,8,OD1,1,0.2694301256218253,1.7999999999999998
qwen,h2_choice,79,random,CmCm,-0.02697499999999998,0.025599999999999984,-0.006400000000000003,0.006799999999999987,-0.02474166666666667,0.013300000000000006,-0.006499999999999992,0.006550000000000014,0.024741666666666752,0.013300000000000034,0.0065000000000000335,-0.006550000000000028,0.0,0.0,0.0,0.0,0.0,0.0,0.0,0.0,0.0,0.0,0.0,0.0,2,DD,1,-0.3079201435678004,0.8
qwen,h2_choice,79,random,CmDl,-0.01900833333333333,0.013275000000000023,0.0008500000000000174,0.013275000000000023,-0.02424166666666666,0.013524999999999995,-0.013450000000000017,7.499999999997786e-05,0.024241666666666734,0.013525000000000037,0.013450000000000017,-7.50000000000195e-05,0.0,0.0,0.0,0.0,0.0,0.0,0.0,0.0,0.0,0.0,0.0,0.0,4,DD,1,0.0384900179459749,1.4
qwen,h2_choice,79,random,CmHa,-0.01644166666666668,0.020149999999999987,0.0058,0.007675000000000015,0.007891666666666675,0.008200000000000013,0.008200000000000013,0.006275000000000003,-0.00789166666666666,0.008200000000000013,-0.008200000000000013,-0.006275000000000003,0.0,0.0,0.0,0.0,0.0,0.0,0.0,0.0,0.0,0.0,0.0,0.0,6,DD,1,0.0384900179459749,1.4
qwen,h2_choice,79,random,CmNc,-0.034474999999999985,0.027200000000000016,-0.006899999999999962,0.01977500000000003,-0.002208333333333366,0.007550000000000001,-0.007300000000000029,-0.0060250000000000165,0.0022083333333334353,0.007550000000000001,0.007300000000000029,0.006024999999999975,0.0,0.0,0.0,0.0,0.0,0.0,0.0,0.0,0.0,0.0,0.0,0.0,8,DD,1,0.2694301256218253,1.7999999999999998
qwen,h2_choice,79,random,CoAs,-0.04601666666666665,0.022249999999999992,-0.013649999999999995,0.008599999999999997,0.00543333333333332,0.023150000000000018,-0.00035000000000001696,0.007949999999999999,0.00543333333333332,0.023150000000000018,-0.00035000000000001696,0.007949999999999999,0.0,0.0,0.0,0.0,0.0,0.0,0.0,0.0,0.0,0.0,0.0,0.0,7,CO2,2,-0.6035533905932737,0.0
qwen,h2_choice,79,random,CoCo,-0.004075000000000003,0.023174999999999987,0.01575,0.007450000000000012,0.0035083333333333416,0.015799999999999995,0.015799999999999995,0.008649999999999991,0.0035083333333333416,0.015799999999999995,0.015799999999999995,0.008649999999999991,-0.24999999999999997,0.25,0.25,0.25,-0.24999999999999997,0.25,0.25,0.25,-0.24999999999999997,0.25,0.25,0.25,7,CO1,2,-0.5169508502148299,0.2
qwen,h2_choice,79,random,CoSh,-0.04545833333333332,0.022849999999999995,-0.021925,0.0009249999999999953,0.018208333333333288,0.007374999999999993,0.006724999999999981,0.00022500000000000298,0.018208333333333288,0.007374999999999993,0.006724999999999981,0.00022500000000000298,0.0,0.0,0.0,0.0,0.0,0.0,0.0,0.0,0.0,0.0,0.0,0.0,8,CO2,2,-0.5169508502148299,0.2
qwen,h2_choice,79,random,HaAs,-0.03835833333333328,0.028550000000000006,-0.028550000000000006,-0.013350000000000042,-0.012891666666666652,0.01554999999999998,-0.00250000000000003,0.01304999999999995,-0.012891666666666652,0.01554999999999998,-0.00250000000000003,0.01304999999999995,0.0,0.0,0.0,0.0,0.0,0.0,0.0,0.0,0.0,0.0,0.0,0.0,7,OD2,1,-0.4233901974057255,0.6000000000000001
qwen,h2_choice,79,random,HaBa,-0.03898333333333331,0.022849999999999995,-0.02187499999999999,-0.007625000000000007,-0.018849999999999936,0.013949999999999962,-0.0064750000000000085,0.007474999999999954,-0.018849999999999936,0.013949999999999962,-0.0064750000000000085,0.007474999999999954,0.0,0.0,0.0,0.0,0.0,0.0,0.0,0.0,0.0,0.0,0.0,0.0,9,OD2,1,-0.4233901974057255,0.6000000000000001
qwen,h2_choice,79,random,HaCm,0.007016666666666707,0.015850000000000003,0.00822500000000001,-0.00035000000000001696,0.00495000000000003,0.015500000000000014,-0.007924999999999988,-0.015500000000000014,0.00495000000000003,0.015500000000000014,-0.007924999999999988,-0.015500000000000014,0.0,0.0,0.0,0.0,0.0,0.0,0.0,0.0,0.0,0.0,0.0,0.0,1,DD,1,0.0384900179459749,1.4
qwen,h2_choice,79,random,HaDl,-0.029350000000000067,0.015725000000000017,-0.007950000000000013,0.006550000000000028,-0.018983333333333397,0.02200000000000002,-0.02200000000000002,-0.007499999999999979,-0.018983333333333397,0.02200000000000002,-0.02200000000000002,-0.007499999999999979,0.0,0.0,0.0,0.0,0.0,0.0,0.0,0.0,0.0,0.0,0.0,0.0,3,DD,1,-0.1924500897298753,1.0
qwen,h2_choice,79,random,HaHa,-0.03875833333333333,0.02055,-0.01429999999999998,0.006250000000000019,-0.008225,0.019974999999999965,-0.01369999999999999,-0.006450000000000011,-0.008225,0.019974999999999965,-0.01369999999999999,-0.006450000000000011,0.0,0.0,0.0,0.0,0.0,0.0,0.0,0.0,0.0,0.0,0.0,0.0,5,DD,1,-0.6543303050815759,0.2
qwen,h2_choice,79,random,HaNc,-0.009891666666666665,0.014374999999999985,0.0002999999999999947,0.0006250000000000006,0.0011416666666665776,0.0010499999999999676,0.0002999999999999947,-0.0006749999999999534,0.0011416666666665776,0.0010499999999999676,0.0002999999999999947,-0.0006749999999999534,0.0,0.0,0.0,0.0,0.0,0.0,0.0,0.0,0.0,0.0,0.0,0.0,7,DD,1,-0.7698003589195012,0.0
qwen,h2_choice,79,random,HaPc,-0.03070833333333329,0.02942499999999998,-0.022074999999999984,-0.014050000000000007,-0.004041666666666823,0.00737500000000002,-0.00737500000000002,-0.0006499999999999562,-0.004041666666666823,0.00737500000000002,-0.00737500000000002,-0.0006499999999999562,0.0,0.0,0.0,0.0,0.0,0.0,0.0,0.0,0.0,0.0,0.0,0.0,9,DD,1,-0.4233901974057255,0.6000000000000001
qwen,h2_choice,79,random,HrAs,-0.02242499999999992,0.02252499999999999,0.007500000000000048,0.014875000000000013,-0.039291666666666704,0.023475000000000024,-0.008650000000000005,0.014825000000000019,0.03929166666666671,0.023475000000000024,0.008649999999999991,-0.014825000000000033,0.0,0.0,0.0,0.0,0.0,0.0,0.0,0.0,0.0,0.0,0.0,0.0,8,MP,0,0.68329601758822,2.0
qwen,h2_choice,79,random,HrBa,-0.04124166666666666,0.021724999999999994,-0.006600000000000009,0.015124999999999986,0.004925000000000011,0.008175000000000002,0.0053500000000000075,-0.0006250000000000006,-0.004924999999999967,0.008174999999999988,-0.005349999999999994,0.0006249999999999867,0.0,0.0,0.0,0.0,0.0,0.0,0.0,0.0,0.0,0.0,0.0,0.0,2,CO1,2,0.069651690163614,0.3999999999999999
qwen,h2_choice,79,random,HrCh,-0.020933333333333373,0.01545000000000002,-0.0005250000000000116,0.014925000000000008,0.006916666666666681,0.015475000000000017,0.0011750000000000232,0.00017500000000002236,-0.006916666666666728,0.015475000000000017,-0.0011750000000000094,-0.00017499999999998073,0.0,0.0,0.0,0.0,0.0,0.0,0.0,0.0,0.0,0.0,0.0,0.0,4,CO1,2,0.3294593112989456,1.0
qwen,h2_choice,79,random,HrHr,-0.03363333333333333,0.021600000000000036,-0.014225000000000015,0.0072499999999999926,0.010100000000000026,0.008000000000000035,0.0006250000000000144,-0.006850000000000009,-0.010100000000000057,0.008000000000000035,-0.0006250000000000144,0.006850000000000023,0.0,0.0,0.0,0.0,0.0,0.0,0.0,0.0,0.0,0.0,0.0,0.0,2,CO2,2,-0.0169508502148298,0.2
qwen,h2_choice,79,random,ShAs,-0.003908333333333345,0.015425000000000008,0.007525000000000004,0.006750000000000006,-0.01592499999999999,0.02245000000000001,0.0073750000000000066,0.007949999999999999,-0.01592499999999999,0.02245000000000001,0.0073750000000000066,0.007949999999999999,0.0,0.0,0.0,0.0,0.0,0.0,0.0,0.0,0.0,0.0,0.0,0.0,8,CO1,2,-0.3437457694579421,0.6000000000000001
qwen,h2_choice,79,random,ShCo,-0.040175,0.021525000000000002,-0.014175000000000021,0.0073499999999999815,0.006558333333333419,0.022250000000000034,0.014925000000000035,0.007849999999999996,0.006558333333333419,0.022250000000000034,0.014925000000000035,0.007849999999999996,0.0,0.0,0.0,0.0,0.0,0.0,0.0,0.0,0.0,0.0,0.0,0.0,9,CO2,2,-0.5169508502148299,0.2
qwen,h2_choice,79,random,ShSh,-0.03612500000000002,0.023075000000000026,2.5000000000011124e-05,0.023075000000000026,-0.025341666666666676,0.015375000000000014,-0.0002750000000000252,0.007274999999999976,-0.025341666666666676,0.015375000000000014,-0.0002750000000000252,0.007274999999999976,0.0,0.0,0.0,0.0,0.0,0.0,0.0,0.0,0.0,0.0,0.0,0.0,9,CO1,2,-0.2571432290794982,0.8
qwen_instruct,h1_dinc,65,main,AsAs,1.6471416666666667,0.8566750000000001,0.75495,-0.10172500000000001,-0.057191666666666724,0.042124999999999996,0.007749999999999979,0.024075000000000013,-0.057191666666666724,0.042124999999999996,0.007749999999999979,0.024075000000000013,1.8333333333333335,1.0,1.0,0.0,-0.16666666666666669,0.25,0.0,0.0,-0.16666666666666669,0.25,0.0,0.0,1,CO1,2,-0.5169508502148299,0.2
qwen_instruct,h1_dinc,65,main,AsBa,1.6287083333333332,0.817925,0.6362,-0.181725,0.011941666666666718,0.023324999999999995,-0.009550000000000003,-0.017675000000000024,-0.011941666666666718,0.023324999999999985,0.009550000000000003,0.017675000000000024,2.083333333333333,1.0,1.0,0.0,0.08333333333333334,0.25,0.0,0.0,-0.08333333333333334,0.25,0.0,0.0,2,MP,0,0.5678259637502947,1.7999999999999998
qwen_instruct,h1_dinc,65,main,AsCh,1.59855,0.79975,0.6325,-0.16724999999999998,-0.13110000000000002,0.07152499999999999,-0.007100000000000023,0.04135000000000001,0.13109999999999997,0.07152499999999998,0.007100000000000023,-0.04134999999999997,1.416666666666667,0.75,0.75,0.0,0.5833333333333334,0.25,0.25,0.0,-0.5833333333333334,0.25,-0.25,0.0,4,MP,0,0.3368858560744445,1.4
qwen_instruct,h1_dinc,65,main,AsCm,1.456208333333333,0.731975,0.517575,-0.21439999999999998,-0.37567499999999987,0.25142499999999995,0.030225000000000002,0.16959999999999997,0.37567499999999987,0.251425,-0.030225000000000002,-0.16959999999999997,1.666666666666667,0.75,0.5,-0.25,-0.8333333333333331,0.5,0.0,0.25,0.8333333333333331,0.5,0.0,-0.25,2,OD1,1,0.7408346464128569,1.7999999999999998
qwen_instruct,h1_dinc,65,main,AsCo,1.695083333333333,0.843,0.64905,-0.19394999999999998,-0.030183333333333357,0.03,-0.03,-0.01164999999999998,-0.030183333333333357,0.03,-0.03,-0.01164999999999998,2.083333333333333,1.0,1.0,0.0,0.08333333333333334,0.25,0.0,0.0,0.08333333333333334,0.25,0.0,0.0,1,CO2,2,-0.6035533905932737,0.0
qwen_instruct,h1_dinc,65,main,AsDl,1.5850499999999998,0.7934,0.6232,-0.1702,-0.3493666666666667,0.211,-0.01335,0.1101,0.3493666666666667,0.211,0.01335,-0.1101,1.9166666666666665,1.0,1.0,0.0,-0.25,0.25,0.0,0.0,0.25,0.25,0.0,0.0,4,OD1,1,0.5098945387370066,1.4
qwen_instruct,h1_dinc,65,main,AsHa,1.5239166666666668,0.7981250000000001,0.69015,-0.107975,0.17756666666666668,0.11950000000000002,-0.002349999999999991,-0.05917500000000002,0.17756666666666668,0.11950000000000002,-0.002349999999999991,-0.05917500000000002,1.416666666666667,0.75,0.75,0.0,0.5833333333333334,0.25,0.25,0.0,0.5833333333333334,0.25,0.25,0.0,1,OD2,1,0.048014323385306,0.6000000000000001
qwen_instruct,h1_dinc,65,main,AsHr,1.6643833333333333,0.8253,0.6077,-0.21760000000000002,-0.12904999999999994,0.11034999999999999,0.02945000000000003,0.06745000000000001,0.12905,0.11035,-0.02945000000000003,-0.06745000000000004,1.9166666666666665,1.0,1.0,0.0,-0.25,0.25,0.0,0.0,0.25,0.25,0.0,0.0,6,MP,0,0.68329601758822,2.0
qwen_instruct,h1_dinc,65,main,AsNc,1.4599000000000002,0.7831750000000001,0.7111000000000001,-0.072075,0.061566666666666714,0.02835000000000001,0.01100000000000001,-0.01577500000000002,0.061566666666666714,0.02835000000000001,0.01100000000000001,-0.01577500000000002,1.25,0.75,0.75,0.0,0.41666666666666663,0.25,0.25,0.0,0.41666666666666663,0.25,0.25,0.0,3,OD2,1,0.1634843772232312,0.8
qwen_instruct,h1_dinc,65,main,AsPc,1.6363083333333333,0.82285,0.6476999999999999,-0.17515,0.19640833333333332,0.16225,-0.0529,-0.11125,0.19640833333333332,0.16225,-0.0529,-0.11125,1.9166666666666665,1.0,1.0,0.0,0.25,0.25,0.0,0.0,0.25,0.25,0.0,0.0,5,OD2,1,-0.1829257842905442,0.2
qwen_instruct,h1_dinc,65,main,AsPd,1.7856,0.8707750000000001,0.636125,-0.23465,-0.04633333333333332,0.041075000000000014,-0.034324999999999994,-0.018150000000000013,0.04633333333333331,0.041075,0.03432500000000002,0.018150000000000027,2.1666666666666665,1.0,1.0,0.0,0.0,0.0,0.0,0.0,0.0,0.0,0.0,0.0,6,OD1,1,0.3944244848990815,1.2
qwen_instruct,h1_dinc,65,main,AsSh,1.7519916666666666,0.8802000000000001,0.739975,-0.14022500000000002,0.023841666666666678,0.030925000000000036,-0.012875000000000025,-0.018425000000000025,0.023841666666666678,0.030925000000000036,-0.012875000000000025,-0.018425000000000025,1.9999999999999998,1.0,1.0,0.0,0.0,0.0,0.0,0.0,0.0,0.0,0.0,0.0,3,CO1,2,-0.3437457694579421,0.6000000000000001
qwen_instruct,h1_dinc,65,main,BaAs,1.6639333333333335,0.845675,0.68655,-0.159125,-0.14678333333333338,0.15095,0.06769999999999995,0.09817499999999998,-0.14678333333333338,0.15095,0.06769999999999995,0.09817499999999998,1.5,0.75,0.75,0.0,-0.6666666666666667,0.25,-0.25,0.0,-0.6666666666666667,0.25,-0.25,0.0,1,MP,0,0.5678259637502947,1.7999999999999998
qwen_instruct,h1_dinc,65,main,BaBa,1.6132250000000004,0.823175,0.55295,-0.270225,-0.13754166666666662,0.26685000000000003,0.21635,0.228375,-0.13754166666666662,0.26685000000000003,0.21635,0.228375,1.4999999999999998,0.75,0.5,-0.25,-0.6666666666666667,0.5,0.0,0.25,-0.6666666666666667,0.5,0.0,0.25,3,CO2,2,-0.0169508502148298,0.2
qwen_instruct,h1_dinc,65,main,BaCh,1.7574666666666665,0.872575,0.6219,-0.250675,-0.14633333333333334,0.22397499999999998,0.16519999999999996,0.18392499999999995,-0.14633333333333334,0.22397499999999998,0.16519999999999996,0.18392499999999995,2.1666666666666665,1.0,0.75,-0.25,-0.49999999999999994,0.5,0.25,0.25,-0.49999999999999994,0.5,0.25,0.25,4,CO2,2,0.1562542305420579,0.6000000000000001
qwen_instruct,h1_dinc,65,main,BaCm,1.4308083333333332,0.734425,0.4385,-0.295925,-0.14640833333333314,0.294025,0.24770000000000003,0.263675,-0.14640833333333314,0.294025,0.24770000000000003,0.263675,1.2499999999999998,0.75,0.25,-0.5,-0.4166666666666666,0.5,0.25,0.5,-0.4166666666666666,0.5,0.25,0.5,1,OD1,1,0.2789544310611563,1.0
qwen_instruct,h1_dinc,65,main,BaCo,1.566375,0.808325,0.601075,-0.20725,-0.19354166666666667,0.23497500000000002,0.13812499999999997,0.17905000000000001,-0.19354166666666667,0.23497500000000002,0.13812499999999997,0.17905000000000001,1.4166666666666665,0.75,0.5,-0.25,-0.5833333333333333,0.25,0.0,0.25,-0.5833333333333333,0.25,0.0,0.25,3,MP,0,0.4523559099123697,1.6
qwen_instruct,h1_dinc,65,main,BaDl,1.6049499999999999,0.816875,0.61765,-0.199225,-0.2667666666666665,0.23779999999999998,0.09004999999999999,0.163575,-0.2667666666666665,0.23779999999999998,0.09004999999999999,0.163575,1.666666666666667,0.75,0.5,-0.25,-0.8333333333333331,0.5,0.0,0.25,-0.8333333333333331,0.5,0.0,0.25,3,OD1,1,0.5098945387370066,1.4
qwen_instruct,h1_dinc,65,main,BaHa,1.674883333333333,0.8441,0.6355,-0.2086,-0.16128333333333333,0.213,0.13085,0.15355,0.16128333333333333,0.21300000000000002,-0.13085,-0.15355,1.4999999999999998,0.75,0.5,-0.25,-0.6666666666666667,0.25,0.0,0.25,0.6666666666666667,0.25,0.0,-0.25,2,OD2,1,0.048014323385306,0.6000000000000001
qwen_instruct,h1_dinc,65,main,BaHr,1.395708333333333,0.7231,0.4468,-0.2763,-0.1636749999999999,0.2883,0.21555,0.2478,-0.1636749999999999,0.2883,0.21555,0.2478,1.4999999999999998,0.75,0.25,-0.5,-0.6666666666666664,0.5,0.25,0.5,-0.6666666666666664,0.5,0.25,0.5,5,CO1,2,0.069651690163614,0.3999999999999999
qwen_instruct,h1_dinc,65,main,BaNc,1.6067,0.828875,0.7109,-0.117975,-0.08145,0.06444999999999998,0.009099999999999997,0.029224999999999994,0.08145000000000005,0.06445000000000001,-0.00909999999999997,-0.029224999999999973,1.416666666666667,0.75,0.75,0.0,-0.5833333333333334,0.25,-0.25,0.0,0.5833333333333334,0.25,0.25,0.0,4,OD2,1,0.1634843772232312,0.8
qwen_instruct,h1_dinc,65,main,BaPc,1.63775,0.83275,0.5866,-0.24614999999999998,-0.22778333333333334,0.267725,0.15595,0.20895,0.2277833333333333,0.267725,-0.15595,-0.20894999999999997,1.583333333333333,0.75,0.5,-0.25,-0.75,0.5,0.0,0.25,0.75,0.5,0.0,-0.25,6,OD2,1,0.2789544310611563,1.0
qwen_instruct,h1_dinc,65,main,BaPd,1.6063416666666666,0.8039,0.5237499999999999,-0.28015,-0.12737499999999996,0.238775,0.19855,0.21395,-0.12737499999999996,0.238775,0.19855,0.21395,1.4999999999999998,0.75,0.5,-0.25,-0.6666666666666667,0.5,0.0,0.25,-0.6666666666666667,0.5,0.0,0.25,5,OD1,1,0.3944244848990815,1.2
qwen_instruct,h1_dinc,65,main,BaSh,1.5344833333333336,0.8008,0.702025,-0.098775,0.002533333333333312,0.06805,0.048625,0.029475000000000015,0.002533333333333312,0.06805,0.048625,0.029475000000000015,1.8333333333333335,1.0,1.0,0.0,-0.16666666666666669,0.25,0.0,0.0,-0.16666666666666669,0.25,0.0,0.0,5,MP,0,0.3368858560744445,1.4
qwen_instruct,h1_dinc,65,main,ChAs,1.5531083333333333,0.7820499999999999,0.5346,-0.24745,-0.13077499999999995,0.19405,0.139,0.16649999999999998,-0.13077499999999995,0.19405,0.139,0.16649999999999998,1.4166666666666665,0.75,0.5,-0.25,-0.5833333333333333,0.5,0.0,0.25,-0.5833333333333333,0.5,0.0,0.25,7,MP,0,0.3368858560744445,1.4
qwen_instruct,h1_dinc,65,main,ChBa,1.3751083333333332,0.706175,0.41905000000000003,-0.28712499999999996,-0.3304416666666664,0.33845000000000003,0.16745000000000004,0.273825,-0.3304416666666664,0.33845000000000003,0.16745000000000004,0.273825,1.083333333333333,0.5,0.0,-0.5,-1.083333333333333,0.5,0.0,0.5,-1.083333333333333,0.5,0.0,0.5,5,CO2,2,0.1562542305420579,0.6000000000000001
qwen_instruct,h1_dinc,65,main,ChCh,1.4709,0.76915,0.678525,-0.09062500000000001,-0.29203333333333337,0.16052500000000003,-0.042874999999999996,0.062475,-0.29203333333333337,0.16052500000000003,-0.042874999999999996,0.062475,0.8333333333333333,0.5,0.5,0.0,0.0,0.0,0.0,0.0,0.0,0.0,0.0,0.0,6,CO2,2,0.2428567709205017,0.8
qwen_instruct,h1_dinc,65,main,ChCm,1.4793249999999998,0.738875,0.4605,-0.278375,-0.3026916666666665,0.29264999999999997,0.15589999999999998,0.244325,-0.3026916666666665,0.29264999999999997,0.15589999999999998,0.244325,1.2499999999999998,0.5,0.0,-0.5,-1.2499999999999998,0.5,0.0,0.5,-1.2499999999999998,0.5,0.0,0.5,7,OD1,1,0.6253645925749319,1.6
qwen_instruct,h1_dinc,65,main,ChCo,1.5531499999999998,0.799575,0.524,-0.275575,-0.11616666666666679,0.26280000000000003,0.21495000000000003,0.22352500000000006,-0.11616666666666679,0.26280000000000003,0.21495000000000003,0.22352500000000006,1.4999999999999998,0.75,0.5,-0.25,-0.6666666666666667,0.5,0.0,0.25,-0.6666666666666667,0.5,0.0,0.25,9,MP,0,0.1059457483985941,1.0
qwen_instruct,h1_dinc,65,main,ChDl,1.2680416666666665,0.65185,0.41322499999999995,-0.23862500000000003,-0.34490833333333315,0.292675,0.100575,0.224175,-0.34490833333333315,0.292675,0.100575,0.224175,1.0833333333333333,0.5,0.25,-0.25,-1.0833333333333333,0.5,-0.25,0.25,-1.0833333333333333,0.5,-0.25,0.25,9,OD1,1,0.7408346464128569,1.7999999999999998
qwen_instruct,h1_dinc,65,main,ChHa,1.4554416666666663,0.7474999999999999,0.44752499999999995,-0.299975,0.038525,0.26662499999999995,0.26092499999999996,0.21442500000000003,-0.038525,0.266625,-0.26092499999999996,-0.21442500000000003,1.4166666666666665,0.75,0.25,-0.5,-0.5833333333333333,0.5,0.25,0.5,0.5833333333333333,0.5,-0.25,-0.5,8,OD2,1,-0.1829257842905442,0.2
qwen_instruct,h1_dinc,65,main,ChHr,1.2640916666666666,0.6492249999999999,0.377,-0.272225,-0.33945833333333325,0.31899999999999995,0.14084999999999998,0.259775,-0.33945833333333325,0.31899999999999995,0.14084999999999998,0.259775,0.9999999999999999,0.5,0.0,-0.5,-0.9999999999999999,0.5,0.0,0.5,-0.9999999999999999,0.5,0.0,0.5,6,CO1,2,0.3294593112989456,1.0
qwen_instruct,h1_dinc,65,main,CmAs,0.8795416666666666,0.466475,0.240925,-0.22555,-0.17087500000000003,0.232425,0.150825,0.2137,0.17087499999999994,0.23242500000000002,-0.150825,-0.21370000000000003,0.4166666666666666,0.25,0.0,-0.25,-0.4166666666666666,0.25,0.0,0.25,0.4166666666666666,0.25,0.0,-0.25,8,OD1,1,0.2694301256218253,1.7999999999999998
qwen_instruct,h1_dinc,65,main,CmCm,0.5980166666666665,0.322,0.08822500000000004,-0.23377499999999996,-0.3547333333333333,0.24509999999999998,0.05467499999999996,0.23307499999999998,0.3547333333333332,0.24509999999999996,-0.054674999999999974,-0.23307499999999998,0.4166666666666666,0.25,0.0,-0.25,-0.4166666666666666,0.25,0.0,0.25,0.4166666666666666,0.25,0.0,-0.25,2,DD,1,-0.3079201435678004,0.8
qwen_instruct,h1_dinc,65,main,CmDl,0.686525,0.370575,0.14290000000000003,-0.22767499999999996,-0.2740249999999999,0.24009999999999998,0.09725,0.22562499999999996,0.2740249999999999,0.24009999999999998,-0.09725,-0.22562499999999996,0.0,0.0,0.0,0.0,0.0,0.0,0.0,0.0,0.0,0.0,0.0,0.0,4,DD,1,0.0384900179459749,1.4
qwen_instruct,h1_dinc,65,main,CmHa,0.7778833333333333,0.4233,0.17625000000000002,-0.24705,-0.2336333333333332,0.25249999999999995,0.1347,0.24164999999999998,0.2336333333333332,0.25249999999999995,-0.1347,-0.24164999999999998,0.8333333333333331,0.5,0.0,-0.5,-0.8333333333333331,0.5,0.0,0.5,0.8333333333333331,0.5,0.0,-0.5,6,DD,1,0.0384900179459749,1.4
qwen_instruct,h1_dinc,65,main,CmNc,0.7146916666666665,0.396475,0.1791,-0.21737499999999998,-0.1332416666666667,0.2182,0.1566,0.21347500000000003,0.13324166666666654,0.2182,-0.1566,-0.213475,0.4166666666666666,0.25,0.0,-0.25,-0.4166666666666666,0.25,0.0,0.25,0.4166666666666666,0.25,0.0,-0.25,8,DD,1,0.2694301256218253,1.7999999999999998
qwen_instruct,h1_dinc,65,main,CoAs,1.3663416666666666,0.685575,0.42015,-0.26542499999999997,0.41877499999999995,0.31745,-0.08889999999999998,-0.239275,0.41877499999999995,0.31745,-0.08889999999999998,-0.239275,1.666666666666667,0.75,0.5,-0.25,0.8333333333333331,0.5,0.0,-0.25,0.8333333333333331,0.5,0.0,-0.25,7,CO2,2,-0.6035533905932737,0.0
qwen_instruct,h1_dinc,65,main,CoCo,1.4131333333333331,0.7229,0.463825,-0.259075,0.29624999999999996,0.29955,-0.14742500000000003,-0.237425,0.29624999999999996,0.29955,-0.14742500000000003,-0.237425,1.083333333333333,0.5,0.0,-0.5,1.083333333333333,0.5,0.0,-0.5,1.083333333333333,0.5,0.0,-0.5,7,CO1,2,-0.5169508502148299,0.2
qwen_instruct,h1_dinc,65,main,CoSh,1.1924333333333332,0.600325,0.358675,-0.24164999999999998,0.5021166666666667,0.31952499999999995,-0.027724999999999972,-0.23164999999999997,0.5021166666666667,0.31952499999999995,-0.027724999999999972,-0.23164999999999997,1.0833333333333333,0.5,0.25,-0.25,1.0833333333333333,0.5,0.25,-0.25,1.0833333333333333,0.5,0.25,-0.25,8,CO2,2,-0.5169508502148299,0.2
qwen_instruct,h1_dinc,65,main,HaAs,0.7180916666666665,0.37832499999999997,0.12614999999999998,-0.252175,0.3857916666666664,0.27157499999999996,-0.06740000000000002,-0.250575,0.3857916666666664,0.27157499999999996,-0.06740000000000002,-0.250575,0.8333333333333331,0.5,0.0,-0.5,0.8333333333333331,0.5,0.0,-0.5,0.8333333333333331,0.5,0.0,-0.5,7,OD2,1,-0.4233901974057255,0.6000000000000001
qwen_instruct,h1_dinc,65,main,HaBa,1.0227916666666663,0.548275,0.315175,-0.2331,-0.11565833333333325,0.272325,-0.272325,-0.19315,-0.11565833333333325,0.272325,-0.272325,-0.19315,0.4166666666666666,0.25,0.0,-0.25,0.4166666666666666,0.25,0.0,-0.25,0.4166666666666666,0.25,0.0,-0.25,9,OD2,1,-0.4233901974057255,0.6000000000000001
qwen_instruct,h1_dinc,65,main,HaCm,1.2945916666666664,0.6613,0.38432499999999997,-0.276975,-0.020891666666666774,0.26125000000000004,-0.255975,-0.213975,-0.020891666666666774,0.26125000000000004,-0.255975,-0.213975,1.6666666666666663,1.0,0.5,-0.5,-4.623039550284263e-17,0.5,-0.5,-0.5,-4.623039550284263e-17,0.5,-0.5,-0.5,1,DD,1,0.0384900179459749,1.4
qwen_instruct,h1_dinc,65,main,HaDl,0.9407833333333331,0.515075,0.2677,-0.24737499999999998,0.07428333333333316,0.24374999999999997,-0.2234,-0.23857499999999998,0.07428333333333316,0.24374999999999997,-0.2234,-0.23857499999999998,0.8333333333333331,0.5,0.0,-0.5,0.8333333333333331,0.5,0.0,-0.5,0.8333333333333331,0.5,0.0,-0.5,3,DD,1,-0.1924500897298753,1.0
qwen_instruct,h1_dinc,65,main,HaHa,0.7607666666666666,0.40935,0.16585,-0.2435,0.2674666666666668,0.25312500000000004,-0.11874999999999997,-0.24025,0.2674666666666668,0.25312500000000004,-0.11874999999999997,-0.24025,0.4166666666666666,0.25,0.0,-0.25,0.4166666666666666,0.25,0.0,-0.25,0.4166666666666666,0.25,0.0,-0.25,5,DD,1,-0.6543303050815759,0.2
qwen_instruct,h1_dinc,65,main,HaNc,0.7393166666666666,0.41152500000000003,0.19105000000000003,-0.22047499999999998,0.0996666666666666,0.21452499999999997,-0.1691,-0.21092499999999997,0.0996666666666666,0.21452499999999997,-0.1691,-0.21092499999999997,0.0,0.0,0.0,0.0,0.0,0.0,0.0,0.0,0.0,0.0,0.0,0.0,7,DD,1,-0.7698003589195012,0.0
qwen_instruct,h1_dinc,65,main,HaPc,0.9238416666666665,0.49340000000000006,0.23847500000000002,-0.254925,0.2144583333333331,0.265625,-0.166475,-0.248125,0.2144583333333331,0.265625,-0.166475,-0.248125,0.8333333333333331,0.5,0.0,-0.5,0.8333333333333331,0.5,0.0,-0.5,0.8333333333333331,0.5,0.0,-0.5,9,DD,1,-0.4233901974057255,0.6000000000000001
qwen_instruct,h1_dinc,65,main,HrAs,1.4160416666666666,0.724,0.45385,-0.27015,-0.19524166666666667,0.2636,0.17869999999999997,0.23020000000000002,0.19524166666666662,0.2636,-0.17869999999999997,-0.2302,1.4999999999999998,0.75,0.25,-0.5,-0.6666666666666664,0.5,0.25,0.5,0.6666666666666664,0.5,-0.25,-0.5,8,MP,0,0.68329601758822,2.0
qwen_instruct,h1_dinc,65,main,HrBa,1.157283333333333,0.6165,0.34025,-0.27625,-0.13906666666666656,0.2836,0.2264,0.2589,0.13906666666666656,0.2836,-0.2264,-0.2589,0.8333333333333331,0.5,0.0,-0.5,-0.8333333333333331,0.5,0.0,0.5,0.8333333333333331,0.5,0.0,-0.5,2,CO1,2,0.069651690163614,0.3999999999999999
qwen_instruct,h1_dinc,65,main,HrCh,1.025475,0.540425,0.26415,-0.27627500000000005,-0.26130833333333336,0.294925,0.1745,0.269775,0.26130833333333314,0.294925,-0.17449999999999996,-0.269775,1.2499999999999998,0.75,0.25,-0.5,-0.4166666666666666,0.5,0.25,0.5,0.4166666666666666,0.5,-0.25,-0.5,4,CO1,2,0.3294593112989456,1.0
qwen_instruct,h1_dinc,65,main,HrHr,1.2658166666666666,0.6622250000000001,0.36785,-0.294375,-0.12441666666666659,0.2805,0.23724999999999996,0.264075,0.12441666666666651,0.28049999999999997,-0.23724999999999996,-0.26407499999999995,0.8333333333333331,0.5,0.0,-0.5,-0.8333333333333331,0.5,0.0,0.5,0.8333333333333331,0.5,0.0,-0.5,2,CO2,2,-0.0169508502148298,0.2
qwen_instruct,h1_dinc,65,main,ShAs,1.5749583333333332,0.821575,0.72165,-0.099925,-0.038625000000000013,0.030325000000000026,0.002250000000000002,0.011875000000000004,-0.038625000000000013,0.030325000000000026,0.002250000000000002,0.011875000000000004,1.6666666666666665,1.0,1.0,0.0,0.0,0.0,0.0,0.0,0.0,0.0,0.0,0.0,8,CO1,2,-0.3437457694579421,0.6000000000000001
qwen_instruct,h1_dinc,65,main,ShCo,1.4797083333333336,0.767625,0.64495,-0.122675,0.14560833333333334,0.09135,-0.006000000000000033,-0.06047500000000002,0.14560833333333334,0.09135,-0.006000000000000033,-0.06047500000000002,0.8333333333333333,0.5,0.5,0.0,0.0,0.0,0.0,0.0,0.0,0.0,0.0,0.0,9,CO2,2,-0.5169508502148299,0.2
qwen_instruct,h1_dinc,65,main,ShSh,1.5784083333333334,0.8258,0.72515,-0.10065,0.06519166666666663,0.035950000000000024,0.01009999999999997,-0.01590000000000001,0.06519166666666663,0.035950000000000024,0.01009999999999997,-0.01590000000000001,1.6666666666666665,1.0,1.0,0.0,0.0,0.0,0.0,0.0,0.0,0.0,0.0,0.0,9,CO1,2,-0.2571432290794982,0.8
qwen_instruct,h1_dinc,65,main_perp,AsAs,1.6116749999999997,0.83675,0.73605,-0.1007,-0.049291666666666706,0.04452500000000002,0.015449999999999992,0.024650000000000005,-0.049291666666666706,0.04452500000000002,0.015449999999999992,0.024650000000000005,1.8333333333333335,1.0,1.0,0.0,-0.16666666666666669,0.25,0.0,0.0,-0.16666666666666669,0.25,0.0,0.0,1,CO1,2,-0.5169508502148299,0.2
qwen_instruct,h1_dinc,65,main_perp,AsBa,1.6151000000000002,0.8067,0.628225,-0.178475,0.0005666666666666815,0.020924999999999985,-0.017525000000000013,-0.016425000000000023,-0.0005666666666666593,0.02092499999999997,0.017525000000000013,0.016425000000000023,2.1666666666666665,1.0,1.0,0.0,0.0,0.0,0.0,0.0,0.0,0.0,0.0,0.0,2,MP,0,0.5678259637502947,1.7999999999999998
qwen_instruct,h1_dinc,65,main_perp,AsCh,1.5643166666666664,0.787075,0.622475,-0.1646,-0.14954999999999993,0.07994999999999998,-0.017124999999999974,0.040900000000000006,0.14954999999999996,0.07995,0.017125,-0.04089999999999999,1.25,0.75,0.75,0.0,0.41666666666666663,0.25,0.25,0.0,-0.41666666666666663,0.25,-0.25,0.0,4,MP,0,0.3368858560744445,1.4
qwen_instruct,h1_dinc,65,main_perp,AsCm,1.4427416666666661,0.72015,0.509925,-0.210225,-0.3933916666666665,0.251425,0.023125000000000007,0.16597499999999998,0.3933916666666666,0.251425,-0.02312499999999998,-0.16597499999999998,1.666666666666667,0.75,0.5,-0.25,-0.8333333333333331,0.5,0.0,0.25,0.8333333333333331,0.5,0.0,-0.25,2,OD1,1,0.7408346464128569,1.7999999999999998
qwen_instruct,h1_dinc,65,main_perp,AsCo,1.6664833333333333,0.82735,0.635225,-0.192125,-0.046833333333333296,0.048524999999999985,-0.041374999999999995,-0.012525000000000008,-0.046833333333333296,0.048524999999999985,-0.041374999999999995,-0.012525000000000008,2.083333333333333,1.0,1.0,0.0,0.08333333333333334,0.25,0.0,0.0,0.08333333333333334,0.25,0.0,0.0,1,CO2,2,-0.6035533905932737,0.0
qwen_instruct,h1_dinc,65,main_perp,AsDl,1.5488083333333333,0.779775,0.612225,-0.16755,-0.3484749999999999,0.20654999999999998,-0.017825000000000035,0.10804999999999998,0.3484749999999999,0.20654999999999998,0.017825000000000035,-0.10804999999999998,1.0833333333333333,0.5,0.5,0.0,-1.0833333333333333,0.5,-0.5,0.0,1.0833333333333333,0.5,0.5,0.0,4,OD1,1,0.5098945387370066,1.4
qwen_instruct,h1_dinc,65,main_perp,AsHa,1.5053249999999996,0.78505,0.677225,-0.107825,0.19222499999999998,0.12054999999999998,0.008575,-0.059425000000000006,0.19222499999999998,0.12054999999999998,0.008575,-0.059425000000000006,1.416666666666667,0.75,0.75,0.0,0.5833333333333334,0.25,0.25,0.0,0.5833333333333334,0.25,0.25,0.0,1,OD2,1,0.048014323385306,0.6000000000000001
qwen_instruct,h1_dinc,65,main_perp,AsHr,1.6288499999999997,0.8096,0.593675,-0.215925,-0.13578333333333337,0.09985000000000001,0.02587500000000001,0.06917500000000001,0.1357833333333334,0.09985000000000002,-0.02587500000000001,-0.06917500000000004,1.9166666666666665,1.0,1.0,0.0,-0.25,0.25,0.0,0.0,0.25,0.25,0.0,0.0,6,MP,0,0.68329601758822,2.0
qwen_instruct,h1_dinc,65,main_perp,AsNc,1.423825,0.760875,0.689825,-0.07105,0.08227499999999999,0.038575000000000005,0.018774999999999986,-0.015400000000000011,0.08227499999999999,0.038575000000000005,0.018774999999999986,-0.015400000000000011,1.25,0.75,0.75,0.0,0.41666666666666663,0.25,0.25,0.0,0.41666666666666663,0.25,0.25,0.0,3,OD2,1,0.1634843772232312,0.8
qwen_instruct,h1_dinc,65,main_perp,AsPc,1.6212833333333334,0.8136,0.63955,-0.17405,0.2094166666666666,0.179775,-0.046300000000000036,-0.11015,0.2094166666666666,0.179775,-0.046300000000000036,-0.11015,1.9166666666666665,1.0,1.0,0.0,0.25,0.25,0.0,0.0,0.25,0.25,0.0,0.0,5,OD2,1,-0.1829257842905442,0.2
qwen_instruct,h1_dinc,65,main_perp,AsPd,1.783175,0.8669500000000001,0.6345000000000001,-0.23245,-0.014808333333333324,0.025449999999999973,-0.025449999999999973,-0.01784999999999999,0.01480833333333336,0.02545,0.02545,0.017850000000000005,2.1666666666666665,1.0,1.0,0.0,0.0,0.0,0.0,0.0,0.0,0.0,0.0,0.0,6,OD1,1,0.3944244848990815,1.2
qwen_instruct,h1_dinc,65,main_perp,AsSh,1.7339666666666667,0.8725750000000001,0.7336,-0.13897500000000002,0.03958333333333332,0.036674999999999965,-0.006649999999999989,-0.018824999999999988,0.03958333333333332,0.036674999999999965,-0.006649999999999989,-0.018824999999999988,1.9999999999999998,1.0,1.0,0.0,0.0,0.0,0.0,0.0,0.0,0.0,0.0,0.0,3,CO1,2,-0.3437457694579421,0.6000000000000001
qwen_instruct,h1_dinc,65,main_perp,BaAs,1.6237499999999998,0.827975,0.671725,-0.15625,-0.14329999999999998,0.14687499999999998,0.06382499999999999,0.0958,-0.14329999999999998,0.14687499999999998,0.06382499999999999,0.0958,1.5,0.75,0.75,0.0,-0.6666666666666667,0.25,-0.25,0.0,-0.6666666666666667,0.25,-0.25,0.0,1,MP,0,0.5678259637502947,1.7999999999999998
qwen_instruct,h1_dinc,65,main_perp,BaBa,1.6133999999999995,0.8215999999999999,0.5514249999999999,-0.270175,-0.14356666666666662,0.269125,0.21767499999999998,0.22852499999999998,-0.14356666666666662,0.269125,0.21767499999999998,0.22852499999999998,1.4999999999999998,0.75,0.5,-0.25,-0.6666666666666667,0.5,0.0,0.25,-0.6666666666666667,0.5,0.0,0.25,3,CO2,2,-0.0169508502148298,0.2
qwen_instruct,h1_dinc,65,main_perp,BaCh,1.7350750000000001,0.862975,0.6176,-0.24537499999999998,-0.13327499999999992,0.208225,0.16424999999999998,0.17937499999999995,-0.13327499999999992,0.208225,0.16424999999999998,0.17937499999999995,1.666666666666667,0.75,0.5,-0.25,-0.8333333333333331,0.5,0.0,0.25,-0.8333333333333331,0.5,0.0,0.25,4,CO2,2,0.1562542305420579,0.6000000000000001
qwen_instruct,h1_dinc,65,main_perp,BaCm,1.3746833333333333,0.7045,0.42064999999999997,-0.28385000000000005,-0.15099999999999997,0.282275,0.2303,0.25185,-0.15099999999999997,0.282275,0.2303,0.25185,1.2499999999999998,0.75,0.25,-0.5,-0.4166666666666666,0.5,0.25,0.5,-0.4166666666666666,0.5,0.25,0.5,1,OD1,1,0.2789544310611563,1.0
qwen_instruct,h1_dinc,65,main_perp,BaCo,1.5348666666666666,0.7921750000000001,0.5911500000000001,-0.201025,-0.17073333333333324,0.22154999999999997,0.14354999999999998,0.17302499999999998,-0.17073333333333324,0.22154999999999997,0.14354999999999998,0.17302499999999998,1.4166666666666665,0.75,0.5,-0.25,-0.5833333333333333,0.25,0.0,0.25,-0.5833333333333333,0.25,0.0,0.25,3,MP,0,0.4523559099123697,1.6
qwen_instruct,h1_dinc,65,main_perp,BaDl,1.58295,0.799275,0.60425,-0.195025,-0.2767999999999999,0.2388,0.08145,0.15962500000000002,-0.2767999999999999,0.2388,0.08145,0.15962500000000002,1.666666666666667,0.75,0.5,-0.25,-0.8333333333333331,0.5,0.0,0.25,-0.8333333333333331,0.5,0.0,0.25,3,OD1,1,0.5098945387370066,1.4
qwen_instruct,h1_dinc,65,main_perp,BaHa,1.6375833333333332,0.83325,0.630375,-0.202875,-0.14226666666666657,0.20592500000000002,0.132225,0.148325,0.14226666666666662,0.20592500000000002,-0.132225,-0.148325,1.4166666666666665,0.75,0.5,-0.25,-0.5833333333333333,0.25,0.0,0.25,0.5833333333333333,0.25,0.0,-0.25,2,OD2,1,0.048014323385306,0.6000000000000001
qwen_instruct,h1_dinc,65,main_perp,BaHr,1.3490166666666668,0.6974750000000001,0.43262500000000004,-0.26485000000000003,-0.1694666666666666,0.27992500000000003,0.202275,0.2366,-0.1694666666666666,0.27992500000000003,0.202275,0.2366,1.4166666666666665,0.75,0.25,-0.5,-0.5833333333333333,0.5,0.25,0.5,-0.5833333333333333,0.5,0.25,0.5,5,CO1,2,0.069651690163614,0.3999999999999999
qwen_instruct,h1_dinc,65,main_perp,BaNc,1.571825,0.8162750000000001,0.699825,-0.11645,-0.09084166666666665,0.06564999999999999,0.00192500000000001,0.028600000000000007,0.09084166666666665,0.06564999999999999,-0.0019249999999999823,-0.028599999999999987,1.8333333333333335,1.0,1.0,0.0,-0.16666666666666669,0.25,0.0,0.0,0.16666666666666669,0.25,0.0,0.0,4,OD2,1,0.1634843772232312,0.8
qwen_instruct,h1_dinc,65,main_perp,BaPc,1.6091333333333329,0.8195999999999999,0.5826499999999999,-0.23695,-0.2233333333333333,0.26655,0.15215,0.2,0.2233333333333333,0.26655,-0.15215,-0.2,1.583333333333333,0.75,0.5,-0.25,-0.75,0.5,0.0,0.25,0.75,0.5,0.0,-0.25,6,OD2,1,0.2789544310611563,1.0
qwen_instruct,h1_dinc,65,main_perp,BaPd,1.6010083333333334,0.8015249999999999,0.5164249999999999,-0.2851,-0.1474916666666666,0.23950000000000002,0.19122499999999998,0.21945,-0.1474916666666666,0.23950000000000002,0.19122499999999998,0.21945,1.4999999999999998,0.75,0.5,-0.25,-0.6666666666666667,0.5,0.0,0.25,-0.6666666666666667,0.5,0.0,0.25,5,OD1,1,0.3944244848990815,1.2
qwen_instruct,h1_dinc,65,main_perp,BaSh,1.5144083333333331,0.7910499999999999,0.6932499999999999,-0.0978,0.0050583333333332915,0.08467499999999997,0.05714999999999998,0.029000000000000012,0.0050583333333332915,0.08467499999999997,0.05714999999999998,0.029000000000000012,1.8333333333333335,1.0,1.0,0.0,-0.16666666666666669,0.25,0.0,0.0,-0.16666666666666669,0.25,0.0,0.0,5,MP,0,0.3368858560744445,1.4
qwen_instruct,h1_dinc,65,main_perp,ChAs,1.5327083333333333,0.770275,0.524875,-0.2454,-0.13155833333333333,0.187375,0.134175,0.1664,-0.13155833333333333,0.187375,0.134175,0.1664,1.4166666666666665,0.75,0.5,-0.25,-0.5833333333333333,0.5,0.0,0.25,-0.5833333333333333,0.5,0.0,0.25,7,MP,0,0.3368858560744445,1.4
qwen_instruct,h1_dinc,65,main_perp,ChBa,1.3497999999999997,0.691675,0.4045,-0.28717499999999996,-0.35485000000000005,0.33885,0.15365,0.273875,-0.35485000000000005,0.33885,0.15365,0.273875,1.083333333333333,0.5,0.0,-0.5,-1.083333333333333,0.5,0.0,0.5,-1.083333333333333,0.5,0.0,0.5,5,CO2,2,0.1562542305420579,0.6000000000000001
qwen_instruct,h1_dinc,65,main_perp,ChCh,1.4453249999999997,0.756425,0.667175,-0.08925000000000001,-0.28517499999999996,0.159325,-0.04217500000000002,0.061349999999999974,-0.28517499999999996,0.159325,-0.04217500000000002,0.061349999999999974,0.8333333333333333,0.5,0.5,0.0,0.0,0.0,0.0,0.0,0.0,0.0,0.0,0.0,6,CO2,2,0.2428567709205017,0.8
qwen_instruct,h1_dinc,65,main_perp,ChCm,1.4565333333333337,0.7343,0.456125,-0.278175,-0.30089999999999995,0.297625,0.15172499999999997,0.244525,-0.30089999999999995,0.297625,0.15172499999999997,0.244525,1.083333333333333,0.5,0.0,-0.5,-1.083333333333333,0.5,0.0,0.5,-1.083333333333333,0.5,0.0,0.5,7,OD1,1,0.6253645925749319,1.6
qwen_instruct,h1_dinc,65,main_perp,ChCo,1.5396166666666664,0.78365,0.510675,-0.27297499999999997,-0.14286666666666656,0.258125,0.20167500000000005,0.22097500000000003,-0.14286666666666656,0.258125,0.20167500000000005,0.22097500000000003,1.4999999999999998,0.75,0.5,-0.25,-0.6666666666666667,0.5,0.0,0.25,-0.6666666666666667,0.5,0.0,0.25,9,MP,0,0.1059457483985941,1.0
qwen_instruct,h1_dinc,65,main_perp,ChDl,1.242025,0.6312,0.39259999999999995,-0.23860000000000003,-0.39379166666666665,0.30074999999999996,0.07794999999999999,0.22415,-0.39379166666666665,0.30074999999999996,0.07794999999999999,0.22415,1.0833333333333333,0.5,0.25,-0.25,-1.0833333333333333,0.5,-0.25,0.25,-1.0833333333333333,0.5,-0.25,0.25,9,OD1,1,0.7408346464128569,1.7999999999999998
qwen_instruct,h1_dinc,65,main_perp,ChHa,1.4411999999999996,0.73885,0.44432499999999997,-0.294525,0.04301666666666666,0.25934999999999997,0.257775,0.20972500000000002,-0.04301666666666666,0.25934999999999997,-0.257775,-0.20972500000000002,1.4166666666666665,0.75,0.25,-0.5,-0.5833333333333333,0.5,0.25,0.5,0.5833333333333333,0.5,-0.25,-0.5,8,OD2,1,-0.1829257842905442,0.2
qwen_instruct,h1_dinc,65,main_perp,ChHr,1.2369833333333333,0.6415,0.369325,-0.272175,-0.3393499999999998,0.319575,0.13382499999999997,0.259775,-0.3393499999999998,0.319575,0.13382499999999997,0.259775,0.9999999999999999,0.5,0.0,-0.5,-0.9999999999999999,0.5,0.0,0.5,-0.9999999999999999,0.5,0.0,0.5,6,CO1,2,0.3294593112989456,1.0
qwen_instruct,h1_dinc,65,main_perp,CmAs,0.8711416666666664,0.46047499999999997,0.235175,-0.2253,-0.18205833333333335,0.23175,0.14527500000000002,0.21350000000000002,0.18205833333333324,0.23174999999999998,-0.14527500000000002,-0.21350000000000002,0.4166666666666666,0.25,0.0,-0.25,-0.4166666666666666,0.25,0.0,0.25,0.4166666666666666,0.25,0.0,-0.25,8,OD1,1,0.2694301256218253,1.7999999999999998
qwen_instruct,h1_dinc,65,main_perp,CmCm,0.5752166666666667,0.30847500000000005,0.08265000000000004,-0.225825,-0.35136666666666655,0.23769999999999997,0.04914999999999995,0.22512499999999996,0.3513666666666666,0.2377,-0.04914999999999997,-0.225125,0.4166666666666666,0.25,0.0,-0.25,-0.4166666666666666,0.25,0.0,0.25,0.4166666666666666,0.25,0.0,-0.25,2,DD,1,-0.3079201435678004,0.8
qwen_instruct,h1_dinc,65,main_perp,CmDl,0.6708249999999999,0.3614,0.12580000000000002,-0.23559999999999998,-0.31649166666666667,0.2488,0.08014999999999999,0.23359999999999997,0.31649166666666667,0.24879999999999997,-0.08014999999999997,-0.23359999999999997,0.0,0.0,0.0,0.0,0.0,0.0,0.0,0.0,0.0,0.0,0.0,0.0,4,DD,1,0.0384900179459749,1.4
qwen_instruct,h1_dinc,65,main_perp,CmHa,0.7323166666666667,0.39702499999999996,0.157425,-0.23959999999999998,-0.2513666666666665,0.24407500000000001,0.11597500000000001,0.23420000000000002,0.25136666666666657,0.244075,-0.115975,-0.2342,0.8333333333333331,0.5,0.0,-0.5,-0.8333333333333331,0.5,0.0,0.5,0.8333333333333331,0.5,0.0,-0.5,6,DD,1,0.0384900179459749,1.4
qwen_instruct,h1_dinc,65,main_perp,CmNc,0.6859916666666666,0.38112500000000005,0.17142500000000002,-0.2097,-0.13087499999999985,0.20982499999999998,0.148925,0.20579999999999998,0.13087499999999985,0.20982499999999998,-0.148925,-0.20579999999999998,0.0,0.0,0.0,0.0,0.0,0.0,0.0,0.0,0.0,0.0,0.0,0.0,8,DD,1,0.2694301256218253,1.7999999999999998
qwen_instruct,h1_dinc,65,main_perp,CoAs,1.3423499999999997,0.6761,0.4141,-0.262,0.41649999999999987,0.312075,-0.08414999999999997,-0.23609999999999998,0.41649999999999987,0.312075,-0.08414999999999997,-0.23609999999999998,1.666666666666667,0.75,0.5,-0.25,0.49999999999999994,0.5,0.0,-0.25,0.49999999999999994,0.5,0.0,-0.25,7,CO2,2,-0.6035533905932737,0.0
qwen_instruct,h1_dinc,65,main_perp,CoCo,1.3829333333333331,0.69945,0.450075,-0.249375,0.31201666666666666,0.296675,-0.13497499999999998,-0.227925,0.31201666666666666,0.296675,-0.13497499999999998,-0.227925,1.083333333333333,0.5,0.0,-0.5,1.083333333333333,0.5,0.0,-0.5,1.083333333333333,0.5,0.0,-0.5,7,CO1,2,-0.5169508502148299,0.2
qwen_instruct,h1_dinc,65,main_perp,CoSh,1.1702833333333331,0.591425,0.346275,-0.24514999999999998,0.5223499999999999,0.322725,-0.015374999999999972,-0.23524999999999996,0.5223499999999999,0.322725,-0.015374999999999972,-0.23524999999999996,1.0833333333333333,0.5,0.25,-0.25,1.0833333333333333,0.5,0.25,-0.25,1.0833333333333333,0.5,0.25,-0.25,8,CO2,2,-0.5169508502148299,0.2
qwen_instruct,h1_dinc,65,main_perp,HaAs,0.7115833333333331,0.37579999999999997,0.12354999999999998,-0.25225,0.38853333333333334,0.272625,-0.06484999999999999,-0.25065,0.38853333333333334,0.272625,-0.06484999999999999,-0.25065,0.8333333333333331,0.5,0.0,-0.5,0.8333333333333331,0.5,0.0,-0.5,0.8333333333333331,0.5,0.0,-0.5,7,OD2,1,-0.4233901974057255,0.6000000000000001
qwen_instruct,h1_dinc,65,main_perp,HaBa,0.9992583333333331,0.53625,0.31125,-0.225,-0.12257499999999996,0.26844999999999997,-0.26844999999999997,-0.18505,-0.12257499999999996,0.26844999999999997,-0.26844999999999997,-0.18505,0.4166666666666666,0.25,0.0,-0.25,0.4166666666666666,0.25,0.0,-0.25,0.4166666666666666,0.25,0.0,-0.25,9,OD2,1,-0.4233901974057255,0.6000000000000001
qwen_instruct,h1_dinc,65,main_perp,HaCm,1.294825,0.667975,0.38405,-0.283925,-0.0004250000000001083,0.264575,-0.2561,-0.22167499999999996,-0.0004250000000001083,0.264575,-0.2561,-0.22167499999999996,1.6666666666666663,1.0,0.5,-0.5,-4.623039550284263e-17,0.5,-0.5,-0.5,-4.623039550284263e-17,0.5,-0.5,-0.5,1,DD,1,0.0384900179459749,1.4
qwen_instruct,h1_dinc,65,main_perp,HaDl,0.9181083333333333,0.501125,0.261425,-0.2397,0.07180833333333334,0.237475,-0.21727499999999997,-0.23095,0.07180833333333334,0.237475,-0.21727499999999997,-0.23095,0.8333333333333331,0.5,0.0,-0.5,0.8333333333333331,0.5,0.0,-0.5,0.8333333333333331,0.5,0.0,-0.5,3,DD,1,-0.1924500897298753,1.0
qwen_instruct,h1_dinc,65,main_perp,HaHa,0.723525,0.38592499999999996,0.15025,-0.235675,0.2833083333333333,0.24615,-0.10319999999999999,-0.232425,0.2833083333333333,0.24615,-0.10319999999999999,-0.232425,0.4166666666666666,0.25,0.0,-0.25,0.4166666666666666,0.25,0.0,-0.25,0.4166666666666666,0.25,0.0,-0.25,5,DD,1,-0.6543303050815759,0.2
qwen_instruct,h1_dinc,65,main_perp,HaNc,0.724425,0.40435,0.18365000000000004,-0.22069999999999998,0.11034166666666648,0.21444999999999997,-0.16175,-0.21119999999999997,0.11034166666666648,0.21444999999999997,-0.16175,-0.21119999999999997,0.0,0.0,0.0,0.0,0.0,0.0,0.0,0.0,0.0,0.0,0.0,0.0,7,DD,1,-0.7698003589195012,0.0
qwen_instruct,h1_dinc,65,main_perp,HaPc,0.8935749999999999,0.473625,0.22602500000000003,-0.2476,0.22639166666666652,0.257675,-0.154175,-0.24080000000000001,0.22639166666666652,0.257675,-0.154175,-0.24080000000000001,0.8333333333333331,0.5,0.0,-0.5,0.8333333333333331,0.5,0.0,-0.5,0.8333333333333331,0.5,0.0,-0.5,9,DD,1,-0.4233901974057255,0.6000000000000001
qwen_instruct,h1_dinc,65,main_perp,HrAs,1.3916666666666664,0.7086250000000001,0.434175,-0.27445,-0.2406666666666665,0.27490000000000003,0.161725,0.23475000000000001,0.24066666666666656,0.27490000000000003,-0.16172499999999998,-0.23475,1.4999999999999998,0.75,0.25,-0.5,-0.6666666666666664,0.5,0.25,0.5,0.6666666666666664,0.5,-0.25,-0.5,8,MP,0,0.68329601758822,2.0
qwen_instruct,h1_dinc,65,main_perp,HrBa,1.137333333333333,0.602875,0.33345,-0.269425,-0.14011666666666672,0.27437500000000004,0.21985000000000002,0.25212500000000004,0.14011666666666664,0.274375,-0.21985000000000002,-0.252125,0.8333333333333331,0.5,0.0,-0.5,-0.8333333333333331,0.5,0.0,0.5,0.8333333333333331,0.5,0.0,-0.5,2,CO1,2,0.069651690163614,0.3999999999999999
qwen_instruct,h1_dinc,65,main_perp,HrCh,0.9820333333333332,0.521975,0.24555,-0.276425,-0.28241666666666665,0.29584999999999995,0.15599999999999997,0.26997499999999997,0.28241666666666665,0.29584999999999995,-0.15599999999999997,-0.26997499999999997,1.2499999999999998,0.75,0.25,-0.5,-0.4166666666666666,0.5,0.25,0.5,0.4166666666666666,0.5,-0.25,-0.5,4,CO1,2,0.3294593112989456,1.0
qwen_instruct,h1_dinc,65,main_perp,HrHr,1.2205083333333333,0.636775,0.35575,-0.28102499999999997,-0.12345833333333303,0.26999999999999996,0.22509999999999997,0.250575,0.12345833333333303,0.27,-0.22509999999999997,-0.250575,0.8333333333333331,0.5,0.0,-0.5,-0.8333333333333331,0.5,0.0,0.5,0.8333333333333331,0.5,0.0,-0.5,2,CO2,2,-0.0169508502148298,0.2
qwen_instruct,h1_dinc,65,main_perp,ShAs,1.528725,0.8039499999999999,0.70505,-0.09889999999999999,-0.020141666666666648,0.03230000000000002,0.014850000000000002,0.01174999999999999,-0.020141666666666648,0.03230000000000002,0.014850000000000002,0.01174999999999999,1.6666666666666665,1.0,1.0,0.0,0.0,0.0,0.0,0.0,0.0,0.0,0.0,0.0,8,CO1,2,-0.3437457694579421,0.6000000000000001
qwen_instruct,h1_dinc,65,main_perp,ShCo,1.4349499999999997,0.7396,0.62025,-0.11935000000000001,0.15586666666666663,0.08437499999999998,0.005899999999999961,-0.05775000000000002,0.15586666666666663,0.08437499999999998,0.005899999999999961,-0.05775000000000002,0.41666666666666663,0.25,0.25,0.0,0.41666666666666663,0.25,0.25,0.0,0.41666666666666663,0.25,0.25,0.0,9,CO2,2,-0.5169508502148299,0.2
qwen_instruct,h1_dinc,65,main_perp,ShSh,1.5526833333333332,0.80795,0.70775,-0.1002,0.08611666666666666,0.04004999999999999,0.02504999999999999,-0.015,0.08611666666666666,0.04004999999999999,0.02504999999999999,-0.015,1.6666666666666665,1.0,1.0,0.0,0.0,0.0,0.0,0.0,0.0,0.0,0.0,0.0,9,CO1,2,-0.2571432290794982,0.8
qwen_instruct,h1_dinc,65,random,AsAs,-0.0022666666666666634,0.010350000000000002,0.009825,0.010350000000000002,0.012383333333333304,0.00932500000000002,0.007025000000000014,-0.00024999999999997247,0.012383333333333304,0.00932500000000002,0.007025000000000014,-0.00024999999999997247,0.0,0.0,0.0,0.0,0.0,0.0,0.0,0.0,0.0,0.0,0.0,0.0,1,CO1,2,-0.5169508502148299,0.2
qwen_instruct,h1_dinc,65,random,AsBa,0.055058333333333306,0.02869999999999999,0.02659999999999999,-0.001149999999999993,-0.002708333333333346,0.009624999999999998,0.0002500000000000002,0.0008000000000000021,0.002708333333333331,0.009624999999999967,-0.0002500000000000002,-0.0007999999999999952,0.0,0.0,0.0,0.0,0.0,0.0,0.0,0.0,0.0,0.0,0.0,0.0,2,MP,0,0.5678259637502947,1.7999999999999998
qwen_instruct,h1_dinc,65,random,AsCh,0.04933333333333332,0.02745,0.014925000000000004,-0.012524999999999994,-0.02800000000000003,0.015775000000000004,-0.01297499999999999,0.0011250000000000253,0.02800000000000006,0.01577500000000001,0.012975000000000014,-0.0011250000000000149,0.0,0.0,0.0,0.0,0.0,0.0,0.0,0.0,0.0,0.0,0.0,0.0,4,MP,0,0.3368858560744445,1.4
qwen_instruct,h1_dinc,65,random,AsCm,0.04986666666666669,0.028575,0.021375000000000016,-0.0034750000000000007,-0.056383333333333306,0.030799999999999987,-0.021425000000000003,0.009374999999999986,0.05638333333333331,0.030799999999999994,0.021425000000000027,-0.009374999999999967,0.0,0.0,0.0,0.0,0.0,0.0,0.0,0.0,0.0,0.0,0.0,0.0,2,OD1,1,0.7408346464128569,1.7999999999999998
qwen_instruct,h1_dinc,65,random,AsCo,0.02750833333333336,0.017025000000000002,0.017025000000000002,2.4999999999990308e-05,-0.00019166666666665168,0.007424999999999994,-0.0015749999999999653,0.0006250000000000214,-0.00019166666666665168,0.007424999999999994,-0.0015749999999999653,0.0006250000000000214,0.0,0.0,0.0,0.0,0.0,0.0,0.0,0.0,0.0,0.0,0.0,0.0,1,CO2,2,-0.6035533905932737,0.0
qwen_instruct,h1_dinc,65,random,AsDl,0.027524999999999994,0.022874999999999996,0.019974999999999993,0.007699999999999995,-0.021724999999999963,0.015824999999999992,-0.015725000000000003,-0.007900000000000029,0.021724999999999956,0.015825000000000006,0.015725000000000017,0.007900000000000046,0.0,0.0,0.0,0.0,0.0,0.0,0.0,0.0,0.0,0.0,0.0,0.0,4,OD1,1,0.5098945387370066,1.4
qwen_instruct,h1_dinc,65,random,AsHa,0.012266666666666669,0.009174999999999999,0.007274999999999998,-7.500000000000215e-05,0.020933333333333304,0.011599999999999989,0.011424999999999994,-0.0001749999999999946,0.020933333333333304,0.011599999999999989,0.011424999999999994,-0.0001749999999999946,0.0,0.0,0.0,0.0,0.0,0.0,0.0,0.0,0.0,0.0,0.0,0.0,1,OD2,1,0.048014323385306,0.6000000000000001
qwen_instruct,h1_dinc,65,random,AsHr,0.041791666666666664,0.03455,0.028324999999999996,0.0042250000000000065,-0.01894166666666667,0.016475000000000014,-0.010274999999999986,-0.004174999999999984,0.018941666666666676,0.016475000000000017,0.010274999999999979,0.004174999999999984,0.2500000000000001,0.25,0.25,0.25,-0.2500000000000001,0.25,-0.25,-0.25,0.2500000000000001,0.25,0.25,0.25,6,MP,0,0.68329601758822,2.0
qwen_instruct,h1_dinc,65,random,AsNc,0.008116666666666668,0.007975000000000001,0.007975000000000001,0.0029250000000000005,-0.008333333333333285,0.005650000000000002,0.0007250000000000121,0.005624999999999991,-0.008333333333333285,0.005650000000000002,0.0007250000000000121,0.005624999999999991,0.0,0.0,0.0,0.0,0.0,0.0,0.0,0.0,0.0,0.0,0.0,0.0,3,OD2,1,0.1634843772232312,0.8
qwen_instruct,h1_dinc,65,random,AsPc,0.009783333333333345,0.014899999999999993,0.013724999999999998,0.003249999999999989,0.023850000000000003,0.016525000000000005,0.013475000000000008,-0.003049999999999997,0.023850000000000003,0.016525000000000005,0.013475000000000008,-0.003049999999999997,0.0,0.0,0.0,0.0,0.0,0.0,0.0,0.0,0.0,0.0,0.0,0.0,5,OD2,1,-0.1829257842905442,0.2
qwen_instruct,h1_dinc,65,random,AsPd,0.04021666666666667,0.035050000000000005,0.020250000000000008,0.0,0.0108833333333333,0.012750000000000018,0.005249999999999998,-0.00019999999999999185,-0.010883333333333288,0.012750000000000011,-0.005249999999999977,0.00020000000000000573,0.0,0.0,0.0,0.0,0.0,0.0,0.0,0.0,0.0,0.0,0.0,0.0,6,OD1,1,0.3944244848990815,1.2
qwen_instruct,h1_dinc,65,random,AsSh,0.016983333333333323,0.0143,0.009424999999999996,-0.0034750000000000024,0.022499999999999992,0.012949999999999996,0.009424999999999996,-0.0035250000000000004,0.022499999999999992,0.012949999999999996,0.009424999999999996,-0.0035250000000000004,0.0,0.0,0.0,0.0,0.0,0.0,0.0,0.0,0.0,0.0,0.0,0.0,3,CO1,2,-0.3437457694579421,0.6000000000000001
qwen_instruct,h1_dinc,65,random,BaAs,-0.008525000000000005,0.010774999999999996,-0.0024749999999999876,0.003825000000000016,-0.0009749999999999932,0.006375000000000018,0.005025000000000005,0.003725000000000006,-0.0009749999999999932,0.006375000000000018,0.005025000000000005,0.003725000000000006,0.0,0.0,0.0,0.0,0.0,0.0,0.0,0.0,0.0,0.0,0.0,0.0,1,MP,0,0.5678259637502947,1.7999999999999998
qwen_instruct,h1_dinc,65,random,BaBa,0.03995833333333336,0.02227500000000001,0.006500000000000016,-0.013524999999999995,-0.038841666666666684,0.023675000000000022,-0.0010000000000000044,0.017075000000000007,-0.038841666666666684,0.023675000000000022,-0.0010000000000000044,0.017075000000000007,0.0,0.0,0.0,0.0,0.0,0.0,0.0,0.0,0.0,0.0,0.0,0.0,3,CO2,2,-0.0169508502148298,0.2
qwen_instruct,h1_dinc,65,random,BaCh,0.04788333333333333,0.02335,0.014225000000000014,-0.009124999999999986,-0.0625333333333333,0.03414999999999999,-0.014525000000000026,0.01962499999999997,-0.0625333333333333,0.03414999999999999,-0.014525000000000026,0.01962499999999997,0.0,0.0,0.0,0.0,0.0,0.0,0.0,0.0,0.0,0.0,0.0,0.0,4,CO2,2,0.1562542305420579,0.6000000000000001
qwen_instruct,h1_dinc,65,random,BaCm,0.045675000000000014,0.025200000000000014,0.01137500000000001,-0.013825000000000002,-0.05534166666666666,0.030550000000000008,-0.01162500000000001,0.018924999999999997,-0.05534166666666666,0.030550000000000008,-0.01162500000000001,0.018924999999999997,0.0,0.0,0.0,0.0,0.0,0.0,0.0,0.0,0.0,0.0,0.0,0.0,1,OD1,1,0.2789544310611563,1.0
qwen_instruct,h1_dinc,65,random,BaCo,0.021341666666666655,0.011874999999999998,0.00980000000000002,-0.0002249999999999787,-0.026908333333333326,0.014175,-0.011250000000000007,0.0029249999999999936,-0.026908333333333326,0.014175,-0.011250000000000007,0.0029249999999999936,0.0,0.0,0.0,0.0,0.0,0.0,0.0,0.0,0.0,0.0,0.0,0.0,3,MP,0,0.4523559099123697,1.6
qwen_instruct,h1_dinc,65,random,BaDl,0.049358333333333324,0.027774999999999994,0.014000000000000004,-0.013774999999999989,-0.05795833333333327,0.030824999999999964,-0.01239999999999999,0.018424999999999976,-0.05795833333333327,0.030824999999999964,-0.01239999999999999,0.018424999999999976,0.4166666666666666,0.25,0.0,-0.25,-0.4166666666666666,0.25,0.0,0.25,-0.4166666666666666,0.25,0.0,0.25,3,OD1,1,0.5098945387370066,1.4
qwen_instruct,h1_dinc,65,random,BaHa,0.02205833333333333,0.014600000000000002,0.014600000000000002,0.004599999999999995,-0.027641666666666734,0.020750000000000025,-0.020750000000000025,-0.006599999999999993,0.027641666666666766,0.02075000000000002,0.02075000000000002,0.006599999999999967,0.0,0.0,0.0,0.0,0.0,0.0,0.0,0.0,0.0,0.0,0.0,0.0,2,OD2,1,0.048014323385306,0.6000000000000001
qwen_instruct,h1_dinc,65,random,BaHr,0.06535,0.03464999999999999,0.02292500000000002,-0.011724999999999975,-0.06191666666666669,0.032999999999999995,-0.02107500000000002,0.011924999999999974,-0.06191666666666669,0.032999999999999995,-0.02107500000000002,0.011924999999999974,0.0,0.0,0.0,0.0,0.0,0.0,0.0,0.0,0.0,0.0,0.0,0.0,5,CO1,2,0.069651690163614,0.3999999999999999
qwen_instruct,h1_dinc,65,random,BaNc,-0.002449999999999999,0.009225000000000004,0.0028000000000000013,0.004700000000000002,-0.0003833333333333434,0.009950000000000007,-0.0014999999999999866,-0.004649999999999985,0.0003833333333333796,0.009950000000000014,0.0015000000000000013,0.0046499999999999875,0.0,0.0,0.0,0.0,0.0,0.0,0.0,0.0,0.0,0.0,0.0,0.0,4,OD2,1,0.1634843772232312,0.8
qwen_instruct,h1_dinc,65,random,BaPc,-0.0010166666666666336,0.00762500000000002,0.001675000000000008,0.0006999999999999906,0.0033499999999999646,0.008925000000000016,0.0015750000000000052,0.0008000000000000212,-0.003349999999999946,0.008925000000000016,-0.001574999999999993,-0.0008000000000000229,0.0,0.0,0.0,0.0,0.0,0.0,0.0,0.0,0.0,0.0,0.0,0.0,6,OD2,1,0.2789544310611563,1.0
qwen_instruct,h1_dinc,65,random,BaPd,0.03884999999999997,0.022675000000000018,0.008724999999999981,-0.013825000000000011,-0.048033333333333275,0.02879999999999997,-0.006774999999999977,0.022024999999999996,-0.048033333333333275,0.02879999999999997,-0.006774999999999977,0.022024999999999996,0.33333333333333337,0.25,0.25,0.0,-0.33333333333333337,0.25,-0.25,0.0,-0.33333333333333337,0.25,-0.25,0.0,5,OD1,1,0.3944244848990815,1.2
qwen_instruct,h1_dinc,65,random,BaSh,0.016616666666666655,0.01634999999999999,0.012274999999999989,0.0013499999999999953,-0.019649999999999983,0.012524999999999994,-0.012524999999999994,-0.000700000000000001,-0.019649999999999983,0.012524999999999994,-0.012524999999999994,-0.000700000000000001,0.0,0.0,0.0,0.0,0.0,0.0,0.0,0.0,0.0,0.0,0.0,0.0,5,MP,0,0.3368858560744445,1.4
qwen_instruct,h1_dinc,65,random,ChAs,0.043058333333333317,0.025025,0.015374999999999995,-0.009650000000000006,-0.03249166666666669,0.018650000000000014,-0.00562500000000001,0.011950000000000002,-0.03249166666666669,0.018650000000000014,-0.00562500000000001,0.011950000000000002,0.0,0.0,0.0,0.0,0.0,0.0,0.0,0.0,0.0,0.0,0.0,0.0,7,MP,0,0.3368858560744445,1.4
qwen_instruct,h1_dinc,65,random,ChBa,0.06239999999999996,0.03194999999999998,0.010324999999999997,-0.021624999999999985,-0.06404999999999997,0.032399999999999984,-0.009874999999999998,0.022524999999999983,-0.06404999999999997,0.032399999999999984,-0.009874999999999998,0.022524999999999983,0.0,0.0,0.0,0.0,0.0,0.0,0.0,0.0,0.0,0.0,0.0,0.0,5,CO2,2,0.1562542305420579,0.6000000000000001
qwen_instruct,h1_dinc,65,random,ChCh,0.02141666666666666,0.013024999999999998,0.012774999999999991,0.0034499999999999947,-0.02238333333333334,0.014025000000000001,-0.011675000000000015,-0.0034500000000000086,-0.02238333333333334,0.014025000000000001,-0.011675000000000015,-0.0034500000000000086,0.0,0.0,0.0,0.0,0.0,0.0,0.0,0.0,0.0,0.0,0.0,0.0,6,CO2,2,0.2428567709205017,0.8
qwen_instruct,h1_dinc,65,random,ChCm,0.05802500000000001,0.027950000000000003,0.01062500000000002,-0.017324999999999983,-0.06299166666666667,0.03,-0.013225000000000018,0.01677499999999998,-0.06299166666666667,0.03,-0.013225000000000018,0.01677499999999998,0.6666666666666667,0.25,0.0,-0.25,-0.6666666666666667,0.25,0.0,0.25,-0.6666666666666667,0.25,0.0,0.25,7,OD1,1,0.6253645925749319,1.6
qwen_instruct,h1_dinc,65,random,ChCo,0.050908333333333375,0.02842500000000002,0.0188,-0.00802500000000002,-0.03812500000000006,0.019425000000000033,-0.017249999999999984,0.00217500000000005,-0.03812500000000006,0.019425000000000033,-0.017249999999999984,0.00217500000000005,0.0,0.0,0.0,0.0,0.0,0.0,0.0,0.0,0.0,0.0,0.0,0.0,9,MP,0,0.1059457483985941,1.0
qwen_instruct,h1_dinc,65,random,ChDl,0.03950833333333338,0.022925000000000022,0.018275000000000013,-0.00465000000000001,-0.043025000000000056,0.025025000000000026,-0.020775000000000016,0.004250000000000009,-0.043025000000000056,0.025025000000000026,-0.020775000000000016,0.004250000000000009,0.41666666666666663,0.25,0.25,0.0,-0.41666666666666663,0.25,-0.25,0.0,-0.41666666666666663,0.25,-0.25,0.0,9,OD1,1,0.7408346464128569,1.7999999999999998
qwen_instruct,h1_dinc,65,random,ChHa,0.026466666666666677,0.020750000000000008,0.012625000000000015,-0.0025249999999999856,-0.03296666666666667,0.0166,-0.00277500000000001,0.01382499999999999,0.03296666666666668,0.016600000000000004,0.0027750000000000274,-0.013824999999999976,0.0,0.0,0.0,0.0,0.0,0.0,0.0,0.0,0.0,0.0,0.0,0.0,8,OD2,1,-0.1829257842905442,0.2
qwen_instruct,h1_dinc,65,random,ChHr,0.029675000000000035,0.01650000000000003,0.01012500000000002,-0.00637500000000001,-0.035758333333333364,0.01925000000000003,-0.010675000000000021,0.00857500000000001,-0.035758333333333364,0.01925000000000003,-0.010675000000000021,0.00857500000000001,0.0,0.0,0.0,0.0,0.0,0.0,0.0,0.0,0.0,0.0,0.0,0.0,6,CO1,2,0.3294593112989456,1.0
qwen_instruct,h1_dinc,65,random,CmAs,0.03983333333333333,0.02135,0.01219999999999999,-0.009150000000000012,-0.0417,0.022450000000000005,-0.011649999999999992,0.010800000000000011,0.04170000000000004,0.022450000000000025,0.011649999999999994,-0.010800000000000032,0.0,0.0,0.0,0.0,0.0,0.0,0.0,0.0,0.0,0.0,0.0,0.0,8,OD1,1,0.2694301256218253,1.7999999999999998
qwen_instruct,h1_dinc,65,random,CmCm,0.01266666666666667,0.0056000000000000025,0.003675000000000023,-0.0018249999999999822,-0.012650000000000005,0.005500000000000005,-0.0034750000000000223,0.002024999999999982,0.012650000000000002,0.005500000000000005,0.0034750000000000336,-0.0020249999999999713,0.0,0.0,0.0,0.0,0.0,0.0,0.0,0.0,0.0,0.0,0.0,0.0,2,DD,1,-0.3079201435678004,0.8
qwen_instruct,h1_dinc,65,random,CmDl,0.02122500000000002,0.009875000000000009,0.004725000000000021,-0.005124999999999993,-0.021441666666666685,0.010125000000000009,-0.004475000000000021,0.005574999999999994,0.021441666666666668,0.010124999999999995,0.004475000000000007,-0.005574999999999997,0.0,0.0,0.0,0.0,0.0,0.0,0.0,0.0,0.0,0.0,0.0,0.0,4,DD,1,0.0384900179459749,1.4
qwen_instruct,h1_dinc,65,random,CmHa,0.023791666666666655,0.011949999999999997,0.004099999999999979,-0.007850000000000018,-0.02470833333333333,0.012299999999999997,-0.004349999999999979,0.007950000000000018,0.02470833333333327,0.012299999999999978,0.004349999999999965,-0.007950000000000013,0.0,0.0,0.0,0.0,0.0,0.0,0.0,0.0,0.0,0.0,0.0,0.0,6,DD,1,0.0384900179459749,1.4
qwen_instruct,h1_dinc,65,random,CmNc,0.011533333333333375,0.005325000000000033,0.0013250000000000124,-0.004000000000000021,-0.013333333333333376,0.006175000000000033,-0.0014750000000000123,0.00470000000000002,0.013333333333333407,0.006175000000000042,0.001475000000000004,-0.0047000000000000375,0.0,0.0,0.0,0.0,0.0,0.0,0.0,0.0,0.0,0.0,0.0,0.0,8,DD,1,0.2694301256218253,1.7999999999999998
qwen_instruct,h1_dinc,65,random,CoAs,0.07041666666666663,0.03729999999999999,0.012725000000000007,-0.024574999999999986,0.07559999999999997,0.040150000000000005,0.017875000000000002,-0.022275000000000003,0.07559999999999997,0.040150000000000005,0.017875000000000002,-0.022275000000000003,0.75,0.5,0.25,0.0,0.41666666666666663,0.5,0.25,0.0,0.41666666666666663,0.5,0.25,0.0,7,CO2,2,-0.6035533905932737,0.0
qwen_instruct,h1_dinc,65,random,CoCo,0.06178333333333329,0.03237499999999997,0.01417499999999996,-0.01820000000000001,0.06284999999999995,0.03292499999999997,0.010724999999999957,-0.02220000000000001,0.06284999999999995,0.03292499999999997,0.010724999999999957,-0.02220000000000001,0.6666666666666667,0.25,0.0,-0.25,0.6666666666666667,0.25,0.0,-0.25,0.6666666666666667,0.25,0.0,-0.25,7,CO1,2,-0.5169508502148299,0.2
qwen_instruct,h1_dinc,65,random,CoSh,0.07015,0.03672500000000001,0.024950000000000017,-0.011774999999999989,0.07098333333333333,0.03672500000000001,0.023600000000000038,-0.01312499999999997,0.07098333333333333,0.03672500000000001,0.023600000000000038,-0.01312499999999997,0.6666666666666667,0.25,0.25,0.0,0.6666666666666667,0.25,0.25,0.0,0.6666666666666667,0.25,0.25,0.0,8,CO2,2,-0.5169508502148299,0.2
qwen_instruct,h1_dinc,65,random,HaAs,0.026508333333333366,0.012650000000000022,0.0061750000000000025,-0.00647500000000002,0.027041666666666693,0.012650000000000022,0.005874999999999991,-0.006775000000000031,0.027041666666666693,0.012650000000000022,0.005874999999999991,-0.006775000000000031,0.0,0.0,0.0,0.0,0.0,0.0,0.0,0.0,0.0,0.0,0.0,0.0,7,OD2,1,-0.4233901974057255,0.6000000000000001
qwen_instruct,h1_dinc,65,random,HaBa,0.0281583333333333,0.015574999999999988,0.007924999999999998,-0.007649999999999991,0.03172499999999992,0.016399999999999942,0.006225000000000008,-0.008649999999999963,0.03172499999999992,0.016399999999999942,0.006225000000000008,-0.008649999999999963,0.0,0.0,0.0,0.0,0.0,0.0,0.0,0.0,0.0,0.0,0.0,0.0,9,OD2,1,-0.4233901974057255,0.6000000000000001
qwen_instruct,h1_dinc,65,random,HaCm,0.06134166666666664,0.031900000000000005,0.014950000000000019,-0.016949999999999986,0.06567500000000001,0.03155000000000002,0.006850000000000023,-0.0247,0.06567500000000001,0.03155000000000002,0.006850000000000023,-0.0247,0.0,0.0,0.0,0.0,0.0,0.0,0.0,0.0,0.0,0.0,0.0,0.0,1,DD,1,0.0384900179459749,1.4
qwen_instruct,h1_dinc,65,random,HaDl,0.02390833333333335,0.011375000000000012,0.0032250000000000043,-0.008150000000000008,0.02387500000000001,0.011275000000000007,0.0017250000000000043,-0.009349999999999997,0.02387500000000001,0.011275000000000007,0.0017250000000000043,-0.009349999999999997,0.0,0.0,0.0,0.0,0.0,0.0,0.0,0.0,0.0,0.0,0.0,0.0,3,DD,1,-0.1924500897298753,1.0
qwen_instruct,h1_dinc,65,random,HaHa,0.025491666666666652,0.012874999999999982,0.004249999999999985,-0.008624999999999997,0.02704166666666668,0.013674999999999993,0.004599999999999993,-0.009075,0.02704166666666668,0.013674999999999993,0.004599999999999993,-0.009075,0.0,0.0,0.0,0.0,0.0,0.0,0.0,0.0,0.0,0.0,0.0,0.0,5,DD,1,-0.6543303050815759,0.2
qwen_instruct,h1_dinc,65,random,HaNc,0.006641666666666695,0.0036250000000000154,0.0022000000000000058,-0.0014250000000000096,0.011491666666666688,0.005675000000000013,0.004250000000000004,-0.0014250000000000096,0.011491666666666688,0.005675000000000013,0.004250000000000004,-0.0014250000000000096,0.0,0.0,0.0,0.0,0.0,0.0,0.0,0.0,0.0,0.0,0.0,0.0,7,DD,1,-0.7698003589195012,0.0
qwen_instruct,h1_dinc,65,random,HaPc,0.03800833333333334,0.018975000000000013,0.006450000000000011,-0.012525,0.041008333333333376,0.020625000000000032,0.006450000000000011,-0.014175000000000021,0.041008333333333376,0.020625000000000032,0.006450000000000011,-0.014175000000000021,0.0,0.0,0.0,0.0,0.0,0.0,0.0,0.0,0.0,0.0,0.0,0.0,9,DD,1,-0.4233901974057255,0.6000000000000001
qwen_instruct,h1_dinc,65,random,HrAs,0.06005833333333333,0.03345000000000001,0.02219999999999999,-0.011250000000000017,-0.06515833333333333,0.03295000000000001,-0.021799999999999993,0.011150000000000014,0.06515833333333333,0.03295000000000001,0.021800000000000014,-0.011149999999999993,0.0,0.0,0.0,0.0,0.0,0.0,0.0,0.0,0.0,0.0,0.0,0.0,8,MP,0,0.68329601758822,2.0
qwen_instruct,h1_dinc,65,random,HrBa,0.04969999999999996,0.02309999999999998,0.010549999999999981,-0.012549999999999999,-0.05076666666666663,0.023399999999999983,-0.009949999999999981,0.013199999999999996,0.05076666666666663,0.023399999999999976,0.009949999999999987,-0.01319999999999999,0.0,0.0,0.0,0.0,0.0,0.0,0.0,0.0,0.0,0.0,0.0,0.0,2,CO1,2,0.069651690163614,0.3999999999999999
qwen_instruct,h1_dinc,65,random,HrCh,0.029766666666666688,0.013550000000000027,0.007750000000000021,-0.005800000000000006,-0.03353333333333336,0.015200000000000026,-0.008500000000000021,0.006700000000000005,0.03353333333333334,0.015200000000000019,0.008500000000000035,-0.006699999999999984,0.0,0.0,0.0,0.0,0.0,0.0,0.0,0.0,0.0,0.0,0.0,0.0,4,CO1,2,0.3294593112989456,1.0
qwen_instruct,h1_dinc,65,random,HrHr,0.056566666666666675,0.026075000000000008,0.014500000000000006,-0.011575000000000004,-0.06705000000000001,0.03172500000000001,-0.017150000000000006,0.014575000000000003,0.06705000000000001,0.031725,0.01715,-0.014575000000000005,0.0,0.0,0.0,0.0,0.0,0.0,0.0,0.0,0.0,0.0,0.0,0.0,2,CO2,2,-0.0169508502148298,0.2
qwen_instruct,h1_dinc,65,random,ShAs,-0.009816666666666665,0.009349999999999997,0.0019250000000000014,0.005250000000000001,0.0017500000000000026,0.011450000000000007,0.006524999999999994,0.002899999999999993,0.0017500000000000026,0.011450000000000007,0.006524999999999994,0.002899999999999993,0.0,0.0,0.0,0.0,0.0,0.0,0.0,0.0,0.0,0.0,0.0,0.0,8,CO1,2,-0.3437457694579421,0.6000000000000001
qwen_instruct,h1_dinc,65,random,ShCo,-0.0072416666666666775,0.010399999999999996,0.006274999999999989,0.010399999999999996,-0.002958333333333332,0.009474999999999994,-0.0006250000000000179,0.0035499999999999837,-0.002958333333333332,0.009474999999999994,-0.0006250000000000179,0.0035499999999999837,0.0,0.0,0.0,0.0,0.0,0.0,0.0,0.0,0.0,0.0,0.0,0.0,9,CO2,2,-0.5169508502148299,0.2
qwen_instruct,h1_dinc,65,random,ShSh,-0.025383333333333348,0.011600000000000003,-0.004700000000000001,0.004725000000000007,-0.019333333333333307,0.012424999999999999,-0.004349999999999993,0.0047750000000000015,-0.019333333333333307,0.012424999999999999,-0.004349999999999993,0.0047750000000000015,0.0,0.0,0.0,0.0,0.0,0.0,0.0,0.0,0.0,0.0,0.0,0.0,9,CO1,2,-0.2571432290794982,0.8
qwen_instruct,h1_dinc,79,main,AsAs,1.22545,0.6206,0.519175,-0.101425,-0.08783333333333336,0.037950000000000005,-0.013325000000000004,0.02442500000000001,-0.08783333333333336,0.037950000000000005,-0.013325000000000004,0.02442500000000001,1.6666666666666665,1.0,1.0,0.0,0.0,0.0,0.0,0.0,0.0,0.0,0.0,0.0,1,CO1,2,-0.5169508502148299,0.2
qwen_instruct,h1_dinc,79,main,AsBa,1.4039499999999998,0.688325,0.49945,-0.188875,0.11834999999999996,0.05377499999999999,0.02849999999999997,-0.02527500000000002,-0.11834999999999996,0.05377499999999999,-0.02849999999999997,0.02527500000000002,2.083333333333333,1.0,1.0,0.0,0.6388888888888888,0.3333333333333333,0.3333333333333333,0.0,-0.6388888888888888,0.3333333333333333,-0.3333333333333333,0.0,2,MP,0,0.5678259637502947,1.7999999999999998
qwen_instruct,h1_dinc,79,main,AsCh,1.3777083333333333,0.67845,0.510575,-0.167875,-0.20185833333333333,0.0932,-0.053925,0.039275000000000004,0.2018583333333333,0.09319999999999998,0.053925,-0.03927499999999998,0.8333333333333333,0.5,0.5,0.0,0.0,0.0,0.0,0.0,0.0,0.0,0.0,0.0,4,MP,0,0.3368858560744445,1.4
qwen_instruct,h1_dinc,79,main,AsCm,1.2879083333333332,0.631,0.406875,-0.224125,-0.5322916666666666,0.26205,-0.05182499999999998,0.179275,0.5322916666666666,0.26205,0.05182500000000001,-0.17927499999999996,1.666666666666667,0.75,0.5,-0.25,-0.8333333333333331,0.5,0.0,0.25,0.8333333333333331,0.5,0.0,-0.25,2,OD1,1,0.7408346464128569,1.7999999999999998
qwen_instruct,h1_dinc,79,main,AsCo,1.5723166666666664,0.76335,0.5546,-0.20875,0.06254999999999998,0.03590000000000003,0.0007999999999999952,-0.0228,0.06254999999999998,0.03590000000000003,0.0007999999999999952,-0.0228,2.083333333333333,1.0,1.0,0.0,0.08333333333333334,0.25,0.0,0.0,0.08333333333333334,0.25,0.0,0.0,1,CO2,2,-0.6035533905932737,0.0
qwen_instruct,h1_dinc,79,main,AsDl,1.3262,0.65,0.480325,-0.16967500000000002,-0.42931666666666674,0.18677500000000002,-0.07472500000000004,0.10972499999999999,0.42931666666666674,0.18677500000000002,0.07472500000000004,-0.10972499999999999,1.0833333333333333,0.5,0.5,0.0,-1.0833333333333333,0.5,-0.5,0.0,1.0833333333333333,0.5,0.5,0.0,4,OD1,1,0.5098945387370066,1.4
qwen_instruct,h1_dinc,79,main,AsHa,1.1733749999999998,0.595,0.4814,-0.11359999999999999,0.3152583333333334,0.1413,0.07544999999999999,-0.06585000000000002,0.3152583333333334,0.1413,0.07544999999999999,-0.06585000000000002,1.2777777777777777,0.6666666666666666,0.6666666666666666,0.0,1.2777777777777777,0.6666666666666666,0.6666666666666666,0.0,1.2777777777777777,0.6666666666666666,0.6666666666666666,0.0,1,OD2,1,0.048014323385306,0.6000000000000001
qwen_instruct,h1_dinc,79,main,AsHr,1.5379833333333335,0.7527750000000001,0.5296000000000001,-0.223175,-0.12183333333333321,0.08739999999999998,0.015150000000000052,0.06187500000000001,0.12183333333333332,0.0874,-0.015150000000000052,-0.06187500000000004,1.9166666666666665,1.0,1.0,0.0,-0.25,0.25,0.0,0.0,0.25,0.25,0.0,0.0,6,MP,0,0.68329601758822,2.0
qwen_instruct,h1_dinc,79,main,AsNc,1.0010666666666668,0.51865,0.446125,-0.072525,0.09318333333333331,0.045500000000000006,0.019424999999999998,-0.017674999999999996,0.09318333333333331,0.045500000000000006,0.019424999999999998,-0.017674999999999996,0.8333333333333333,0.5,0.5,0.0,0.8333333333333333,0.5,0.5,0.0,0.8333333333333333,0.5,0.5,0.0,3,OD2,1,0.1634843772232312,0.8
qwen_instruct,h1_dinc,79,main,AsPc,1.377725,0.669825,0.4825,-0.18732500000000002,0.4183583333333335,0.19830000000000003,0.05095000000000002,-0.12422500000000002,0.4183583333333335,0.19830000000000003,0.05095000000000002,-0.12422500000000002,1.9166666666666665,1.0,1.0,0.0,0.8055555555555555,0.3333333333333333,0.3333333333333333,0.0,0.8055555555555555,0.3333333333333333,0.3333333333333333,0.0,5,OD2,1,-0.1829257842905442,0.2
qwen_instruct,h1_dinc,79,main,AsPd,1.6180999999999999,0.7796750000000001,0.5347500000000001,-0.244925,0.10304999999999995,0.047025,0.012199999999999989,-0.033174999999999996,-0.10305,0.047024999999999983,-0.012199999999999989,0.03317500000000001,2.1666666666666665,1.0,1.0,0.0,0.0,0.0,0.0,0.0,0.0,0.0,0.0,0.0,6,OD1,1,0.3944244848990815,1.2
qwen_instruct,h1_dinc,79,main,AsSh,1.4168666666666667,0.708475,0.5676,-0.140875,0.08068333333333332,0.036874999999999984,0.011800000000000005,-0.021925,0.08068333333333332,0.036874999999999984,0.011800000000000005,-0.021925,1.6666666666666665,1.0,1.0,0.0,0.5555555555555555,0.3333333333333333,0.3333333333333333,0.0,0.5555555555555555,0.3333333333333333,0.3333333333333333,0.0,3,CO1,2,-0.3437457694579421,0.6000000000000001
qwen_instruct,h1_dinc,79,main,BaAs,1.3123166666666666,0.6546000000000001,0.49307500000000004,-0.161525,-0.3384833333333333,0.15867499999999998,-0.04147500000000001,0.102125,-0.3384833333333333,0.15867499999999998,-0.04147500000000001,0.102125,1.3611111111111112,0.6666666666666666,0.6666666666666666,0.0,-1.3611111111111112,0.6666666666666666,-0.6666666666666666,0.0,-1.3611111111111112,0.6666666666666666,-0.6666666666666666,0.0,1,MP,0,0.5678259637502947,1.7999999999999998
qwen_instruct,h1_dinc,79,main,BaBa,1.2668249999999999,0.626925,0.3539,-0.27302499999999996,-0.44807499999999983,0.283975,0.04169999999999999,0.23287499999999997,-0.44807499999999983,0.283975,0.04169999999999999,0.23287499999999997,1.222222222222222,0.5833333333333333,0.3333333333333333,-0.25,-1.222222222222222,0.5833333333333333,-0.3333333333333333,0.25,-1.222222222222222,0.5833333333333333,-0.3333333333333333,0.25,3,CO2,2,-0.0169508502148298,0.2
qwen_instruct,h1_dinc,79,main,BaCh,1.4590500000000002,0.712525,0.45875,-0.253775,-0.39424999999999993,0.24525,0.032649999999999985,0.18887499999999996,-0.39424999999999993,0.24525,0.032649999999999985,0.18887499999999996,1.3888888888888888,0.5833333333333333,0.3333333333333333,-0.25,-1.3888888888888888,0.5833333333333333,-0.3333333333333333,0.25,-1.3888888888888888,0.5833333333333333,-0.3333333333333333,0.25,4,CO2,2,0.1562542305420579,0.6000000000000001
qwen_instruct,h1_dinc,79,main,BaCm,1.1179333333333332,0.56655,0.254575,-0.311975,-0.4458999999999999,0.30624999999999997,0.07622500000000003,0.280875,-0.4458999999999999,0.30624999999999997,0.07622500000000003,0.280875,0.9999999999999999,0.5,0.0,-0.5,-0.9999999999999999,0.5,0.0,0.5,-0.9999999999999999,0.5,0.0,0.5,1,OD1,1,0.2789544310611563,1.0
qwen_instruct,h1_dinc,79,main,BaCo,1.1411666666666667,0.5722750000000001,0.36885,-0.20342500000000002,-0.5034166666666665,0.24127499999999996,-0.052049999999999985,0.17632499999999998,-0.5034166666666665,0.24127499999999996,-0.052049999999999985,0.17632499999999998,1.4166666666666665,0.75,0.5,-0.25,-1.4166666666666665,0.75,-0.5,0.25,-1.4166666666666665,0.75,-0.5,0.25,3,MP,0,0.4523559099123697,1.6
qwen_instruct,h1_dinc,79,main,BaDl,1.2544416666666665,0.6108,0.403375,-0.207425,-0.5750749999999999,0.267175,-0.07457499999999999,0.172975,-0.5750749999999999,0.267175,-0.07457499999999999,0.172975,1.666666666666667,0.75,0.5,-0.25,-1.666666666666667,0.75,-0.5,0.25,-1.666666666666667,0.75,-0.5,0.25,3,OD1,1,0.5098945387370066,1.4
qwen_instruct,h1_dinc,79,main,BaHa,1.3113749999999997,0.649525,0.434175,-0.21535000000000004,-0.42820833333333325,0.23362500000000003,-0.02132500000000001,0.1622,0.42820833333333325,0.23362500000000003,0.02132500000000001,-0.1622,1.4166666666666665,0.75,0.5,-0.25,-1.4166666666666665,0.75,-0.5,0.25,1.4166666666666665,0.75,0.5,-0.25,2,OD2,1,0.048014323385306,0.6000000000000001
qwen_instruct,h1_dinc,79,main,BaHr,1.0464083333333332,0.5277499999999999,0.261225,-0.266525,-0.4288749999999998,0.28225,0.04437500000000001,0.23907499999999998,-0.4288749999999998,0.28225,0.04437500000000001,0.23907499999999998,1.083333333333333,0.5,0.0,-0.5,-1.083333333333333,0.5,0.0,0.5,-1.083333333333333,0.5,0.0,0.5,5,CO1,2,0.069651690163614,0.3999999999999999
qwen_instruct,h1_dinc,79,main,BaNc,1.2486416666666666,0.6281,0.508825,-0.119275,-0.17850833333333324,0.08229999999999996,-0.052174999999999944,0.030125000000000013,0.17850833333333327,0.08229999999999998,0.052175,-0.030124999999999985,0.8333333333333333,0.5,0.5,0.0,-0.8333333333333333,0.5,-0.5,0.0,0.8333333333333333,0.5,0.5,0.0,4,OD2,1,0.1634843772232312,0.8
qwen_instruct,h1_dinc,79,main,BaPc,1.2415249999999998,0.6102,0.367675,-0.242525,-0.5334916666666668,0.284825,-0.024625000000000008,0.20667500000000003,0.5334916666666666,0.284825,0.024625000000000008,-0.206675,1.3055555555555554,0.5833333333333333,0.3333333333333333,-0.25,-1.3055555555555554,0.5833333333333333,-0.3333333333333333,0.25,1.3055555555555554,0.5833333333333333,0.3333333333333333,-0.25,6,OD2,1,0.2789544310611563,1.0
qwen_instruct,h1_dinc,79,main,BaPd,1.3467833333333334,0.6652750000000001,0.374175,-0.2911,-0.36816666666666653,0.25475,0.07092500000000002,0.22619999999999998,-0.36816666666666653,0.25475,0.07092500000000002,0.22619999999999998,1.222222222222222,0.5833333333333333,0.3333333333333333,-0.25,-1.222222222222222,0.5833333333333333,-0.3333333333333333,0.25,-1.222222222222222,0.5833333333333333,-0.3333333333333333,0.25,5,OD1,1,0.3944244848990815,1.2
qwen_instruct,h1_dinc,79,main,BaSh,1.1252250000000001,0.5724250000000001,0.47502500000000003,-0.09740000000000001,-0.08500833333333334,0.04945000000000001,-0.00022500000000000298,0.03020000000000002,-0.08500833333333334,0.04945000000000001,-0.00022500000000000298,0.03020000000000002,1.111111111111111,0.6666666666666666,0.6666666666666666,0.0,0.0,0.0,0.0,0.0,0.0,0.0,0.0,0.0,5,MP,0,0.3368858560744445,1.4
qwen_instruct,h1_dinc,79,main,ChAs,1.3508583333333333,0.6706000000000001,0.41515,-0.25545,-0.2871583333333333,0.20447499999999996,0.05359999999999998,0.17564999999999997,-0.2871583333333333,0.20447499999999996,0.05359999999999998,0.17564999999999997,1.1388888888888886,0.5833333333333333,0.3333333333333333,-0.25,-1.1388888888888886,0.5833333333333333,-0.3333333333333333,0.25,-1.1388888888888886,0.5833333333333333,-0.3333333333333333,0.25,7,MP,0,0.3368858560744445,1.4
qwen_instruct,h1_dinc,79,main,ChBa,0.9844499999999996,0.485,0.20642499999999997,-0.278575,-0.6320833333333332,0.3247,-0.025575,0.265825,-0.6320833333333332,0.3247,-0.025575,0.265825,1.083333333333333,0.5,0.0,-0.5,-1.083333333333333,0.5,0.0,0.5,-1.083333333333333,0.5,0.0,0.5,5,CO2,2,0.1562542305420579,0.6000000000000001
qwen_instruct,h1_dinc,79,main,ChCh,1.081975,0.5476,0.457825,-0.08977500000000001,-0.4709416666666666,0.2191,-0.156425,0.06267499999999998,-0.4709416666666666,0.2191,-0.156425,0.06267499999999998,0.8333333333333333,0.5,0.5,0.0,-0.8333333333333333,0.5,-0.5,0.0,-0.8333333333333333,0.5,-0.5,0.0,6,CO2,2,0.2428567709205017,0.8
qwen_instruct,h1_dinc,79,main,ChCm,1.1754666666666664,0.577225,0.2897,-0.287525,-0.5554166666666666,0.308525,0.006749999999999978,0.25432499999999997,-0.5554166666666666,0.308525,0.006749999999999978,0.25432499999999997,1.083333333333333,0.5,0.0,-0.5,-1.083333333333333,0.5,0.0,0.5,-1.083333333333333,0.5,0.0,0.5,7,OD1,1,0.6253645925749319,1.6
qwen_instruct,h1_dinc,79,main,ChCo,1.1805,0.588975,0.339325,-0.24965000000000004,-0.3424833333333332,0.2428,0.05207500000000004,0.19885000000000003,-0.3424833333333332,0.2428,0.05207500000000004,0.19885000000000003,1.222222222222222,0.5833333333333333,0.3333333333333333,-0.25,-1.222222222222222,0.5833333333333333,-0.3333333333333333,0.25,-1.222222222222222,0.5833333333333333,-0.3333333333333333,0.25,9,MP,0,0.1059457483985941,1.0
qwen_instruct,h1_dinc,79,main,ChDl,1.003283333333333,0.49125,0.23459999999999998,-0.25665000000000004,-0.6590833333333332,0.31747499999999995,-0.06154999999999998,0.24265,-0.6590833333333332,0.31747499999999995,-0.06154999999999998,0.24265,1.0833333333333333,0.5,0.25,-0.25,-1.0833333333333333,0.5,-0.25,0.25,-1.0833333333333333,0.5,-0.25,0.25,9,OD1,1,0.7408346464128569,1.7999999999999998
qwen_instruct,h1_dinc,79,main,ChHa,1.2390750000000001,0.619425,0.359225,-0.2602,-0.009241666666666573,0.185875,0.185875,0.1756,0.00924166666666668,0.185875,-0.185875,-0.17560000000000003,0.9999999999999999,0.5,0.25,-0.25,-0.1666666666666666,0.25,0.25,0.25,0.1666666666666666,0.25,-0.25,-0.25,8,OD2,1,-0.1829257842905442,0.2
qwen_instruct,h1_dinc,79,main,ChHr,0.9403250000000001,0.466425,0.19225,-0.274175,-0.6166250000000001,0.31935,-0.027499999999999997,0.26217500000000005,-0.6166250000000001,0.31935,-0.027499999999999997,0.26217500000000005,1.083333333333333,0.5,0.0,-0.5,-1.083333333333333,0.5,0.0,0.5,-1.083333333333333,0.5,0.0,0.5,6,CO1,2,0.3294593112989456,1.0
qwen_instruct,h1_dinc,79,main,CmAs,0.6231583333333333,0.3245,0.11455000000000001,-0.20995000000000003,-0.33690833333333314,0.21562499999999996,0.03,0.19855,0.33690833333333314,0.21562499999999998,-0.03,-0.19855,0.4166666666666666,0.25,0.0,-0.25,-0.4166666666666666,0.25,0.0,0.25,0.4166666666666666,0.25,0.0,-0.25,8,OD1,1,0.2694301256218253,1.7999999999999998
qwen_instruct,h1_dinc,79,main,CmCm,0.31418333333333337,0.16755,0.021425000000000027,-0.14612499999999998,-0.2929166666666666,0.15582500000000005,-0.010325000000000029,0.145475,0.2929166666666666,0.15582500000000002,0.010325000000000029,-0.145475,0.4166666666666666,0.25,0.0,-0.25,-0.4166666666666666,0.25,0.0,0.25,0.4166666666666666,0.25,0.0,-0.25,2,DD,1,-0.3079201435678004,0.8
qwen_instruct,h1_dinc,79,main,CmDl,0.37170833333333325,0.19517500000000002,0.03772500000000003,-0.15744999999999998,-0.30910833333333343,0.168225,-0.005075000000000031,0.15555,0.3091083333333333,0.168225,0.005075000000000024,-0.15555,0.0,0.0,0.0,0.0,0.0,0.0,0.0,0.0,0.0,0.0,0.0,0.0,4,DD,1,0.0384900179459749,1.4
qwen_instruct,h1_dinc,79,main,CmHa,0.39974166666666655,0.2122,0.052375000000000005,-0.159825,-0.27117500000000005,0.1637,0.013124999999999994,0.154675,0.27117499999999994,0.1637,-0.013124999999999998,-0.154675,0.4166666666666666,0.25,0.0,-0.25,-0.4166666666666666,0.25,0.0,0.25,0.4166666666666666,0.25,0.0,-0.25,6,DD,1,0.0384900179459749,1.4
qwen_instruct,h1_dinc,79,main,CmNc,0.28000833333333325,0.15145000000000003,0.03797500000000001,-0.113475,-0.17404166666666657,0.113775,0.01697499999999999,0.109725,0.17404166666666662,0.11377499999999999,-0.01697499999999999,-0.10972499999999999,0.0,0.0,0.0,0.0,0.0,0.0,0.0,0.0,0.0,0.0,0.0,0.0,8,DD,1,0.2694301256218253,1.7999999999999998
qwen_instruct,h1_dinc,79,main,CoAs,1.137175,0.556275,0.27775,-0.27852499999999997,0.6289416666666666,0.32339999999999997,0.03260000000000002,-0.25287499999999996,0.6289416666666666,0.32339999999999997,0.03260000000000002,-0.25287499999999996,1.222222222222222,0.5833333333333333,0.3333333333333333,-0.25,1.222222222222222,0.5833333333333333,0.3333333333333333,-0.25,1.222222222222222,0.5833333333333333,0.3333333333333333,-0.25,7,CO2,2,-0.6035533905932737,0.0
qwen_instruct,h1_dinc,79,main,CoCo,1.1226416666666665,0.55035,0.2682,-0.28215,0.6358916666666663,0.320625,0.027849999999999986,-0.2611,0.6358916666666663,0.320625,0.027849999999999986,-0.2611,1.083333333333333,0.5,0.0,-0.5,1.083333333333333,0.5,0.0,-0.5,1.083333333333333,0.5,0.0,-0.5,7,CO1,2,-0.5169508502148299,0.2
qwen_instruct,h1_dinc,79,main,CoSh,0.9824999999999998,0.478425,0.214875,-0.26355,0.7345666666666665,0.344225,0.09037500000000001,-0.25384999999999996,0.7345666666666665,0.344225,0.09037500000000001,-0.25384999999999996,1.0833333333333333,0.5,0.25,-0.25,1.0833333333333333,0.5,0.25,-0.25,1.0833333333333333,0.5,0.25,-0.25,8,CO2,2,-0.5169508502148299,0.2
qwen_instruct,h1_dinc,79,main,HaAs,0.4239666666666666,0.222925,0.042125,-0.18080000000000002,0.36944999999999995,0.19697499999999998,0.013274999999999981,-0.17930000000000001,0.36944999999999995,0.19697499999999998,0.013274999999999981,-0.17930000000000001,0.4166666666666666,0.25,0.0,-0.25,0.4166666666666666,0.25,0.0,-0.25,0.4166666666666666,0.25,0.0,-0.25,7,OD2,1,-0.4233901974057255,0.6000000000000001
qwen_instruct,h1_dinc,79,main,HaBa,0.64145,0.337375,0.16977499999999998,-0.1676,-0.002966666666666725,0.129025,-0.129025,-0.12835,-0.002966666666666725,0.129025,-0.129025,-0.12835,0.4166666666666666,0.25,0.0,-0.25,0.4166666666666666,0.25,0.0,-0.25,0.4166666666666666,0.25,0.0,-0.25,9,OD2,1,-0.4233901974057255,0.6000000000000001
qwen_instruct,h1_dinc,79,main,HaCm,1.1132749999999998,0.567475,0.27749999999999997,-0.289975,0.1612916666666666,0.23045000000000004,-0.15680000000000002,-0.228275,0.1612916666666666,0.23045000000000004,-0.15680000000000002,-0.228275,1.2499999999999998,0.75,0.25,-0.5,0.4166666666666666,0.5,-0.25,-0.5,0.4166666666666666,0.5,-0.25,-0.5,1,DD,1,0.0384900179459749,1.4
qwen_instruct,h1_dinc,79,main,HaDl,0.4887333333333332,0.262025,0.0814,-0.180625,0.2536666666666667,0.17732499999999998,-0.039549999999999974,-0.172375,0.2536666666666667,0.17732499999999998,-0.039549999999999974,-0.172375,0.4166666666666666,0.25,0.0,-0.25,0.4166666666666666,0.25,0.0,-0.25,0.4166666666666666,0.25,0.0,-0.25,3,DD,1,-0.1924500897298753,1.0
qwen_instruct,h1_dinc,79,main,HaHa,0.39347499999999985,0.20737499999999998,0.044374999999999984,-0.163,0.3068916666666666,0.17215,-0.00022500000000000298,-0.1599,0.3068916666666666,0.17215,-0.00022500000000000298,-0.1599,0.4166666666666666,0.25,0.0,-0.25,0.4166666666666666,0.25,0.0,-0.25,0.4166666666666666,0.25,0.0,-0.25,5,DD,1,-0.6543303050815759,0.2
qwen_instruct,h1_dinc,79,main,HaNc,0.33439166666666675,0.18132500000000001,0.06695000000000002,-0.114375,0.11130833333333331,0.10712500000000003,-0.04619999999999999,-0.10517500000000002,0.11130833333333331,0.10712500000000003,-0.04619999999999999,-0.10517500000000002,0.0,0.0,0.0,0.0,0.0,0.0,0.0,0.0,0.0,0.0,0.0,0.0,7,DD,1,-0.7698003589195012,0.0
qwen_instruct,h1_dinc,79,main,HaPc,0.5308666666666667,0.272925,0.07765,-0.195275,0.3572333333333331,0.20505,-0.010900000000000049,-0.18867500000000004,0.3572333333333331,0.20505,-0.010900000000000049,-0.18867500000000004,0.4166666666666666,0.25,0.0,-0.25,0.4166666666666666,0.25,0.0,-0.25,0.4166666666666666,0.25,0.0,-0.25,9,DD,1,-0.4233901974057255,0.6000000000000001
qwen_instruct,h1_dinc,79,main,HrAs,1.1385916666666667,0.5655749999999999,0.275175,-0.2904,-0.5067416666666664,0.298425,0.01727500000000004,0.25105,0.5067416666666664,0.29842500000000005,-0.017275000000000013,-0.25105,1.083333333333333,0.5,0.0,-0.5,-1.083333333333333,0.5,0.0,0.5,1.083333333333333,0.5,0.0,-0.5,8,MP,0,0.68329601758822,2.0
qwen_instruct,h1_dinc,79,main,HrBa,0.764625,0.392025,0.1548,-0.23722500000000002,-0.36027499999999985,0.23719999999999997,0.04830000000000001,0.22042499999999998,0.36027499999999985,0.2372,-0.04830000000000001,-0.22042499999999998,0.4166666666666666,0.25,0.0,-0.25,-0.4166666666666666,0.25,0.0,0.25,0.4166666666666666,0.25,0.0,-0.25,2,CO1,2,0.069651690163614,0.3999999999999999
qwen_instruct,h1_dinc,79,main,HrCh,0.6633250000000002,0.343025,0.08905000000000002,-0.253975,-0.4819583333333332,0.268775,0.0051999999999999755,0.24772499999999997,0.48195833333333343,0.268775,-0.005199999999999955,-0.24772499999999997,0.4166666666666666,0.25,0.0,-0.25,-0.4166666666666666,0.25,0.0,0.25,0.4166666666666666,0.25,0.0,-0.25,4,CO1,2,0.3294593112989456,1.0
qwen_instruct,h1_dinc,79,main,HrHr,0.9204499999999997,0.467475,0.200625,-0.26685,-0.3429999999999999,0.251025,0.078675,0.23735,0.3429999999999998,0.25102499999999994,-0.07867500000000002,-0.23734999999999998,0.5833333333333333,0.25,0.0,-0.25,-0.5833333333333333,0.25,0.0,0.25,0.5833333333333333,0.25,0.0,-0.25,2,CO2,2,-0.0169508502148298,0.2
qwen_instruct,h1_dinc,79,main,ShAs,1.1400666666666666,0.5786,0.4786,-0.09999999999999999,-0.03701666666666672,0.017925000000000038,-0.004650000000000015,0.01125000000000001,-0.03701666666666672,0.017925000000000038,-0.004650000000000015,0.01125000000000001,1.6666666666666665,1.0,1.0,0.0,0.0,0.0,0.0,0.0,0.0,0.0,0.0,0.0,8,CO1,2,-0.3437457694579421,0.6000000000000001
qwen_instruct,h1_dinc,79,main,ShCo,1.2249583333333334,0.609375,0.48252500000000004,-0.12685000000000002,0.3490750000000001,0.160325,0.09547499999999998,-0.06485000000000003,0.3490750000000001,0.160325,0.09547499999999998,-0.06485000000000003,0.5555555555555555,0.3333333333333333,0.3333333333333333,0.0,0.5555555555555555,0.3333333333333333,0.3333333333333333,0.0,0.5555555555555555,0.3333333333333333,0.3333333333333333,0.0,9,CO2,2,-0.5169508502148299,0.2
qwen_instruct,h1_dinc,79,main,ShSh,1.1908,0.6030500000000001,0.501125,-0.101925,0.12725,0.05735,0.039624999999999994,-0.017725000000000005,0.12725,0.05735,0.039624999999999994,-0.017725000000000005,1.6666666666666665,1.0,1.0,0.0,0.5555555555555555,0.3333333333333333,0.3333333333333333,0.0,0.5555555555555555,0.3333333333333333,0.3333333333333333,0.0,9,CO1,2,-0.2571432290794982,0.8
qwen_instruct,h1_dinc,79,main_perp,AsAs,0.002883333333333329,0.010025000000000003,0.0031000000000000003,0.0012750000000000018,0.010750000000000027,0.006875000000000015,0.0032000000000000205,-0.0012749999999999984,0.010750000000000027,0.006875000000000015,0.0032000000000000205,-0.0012749999999999984,0.0,0.0,0.0,0.0,0.0,0.0,0.0,0.0,0.0,0.0,0.0,0.0,1,CO1,2,-0.5169508502148299,0.2
qwen_instruct,h1_dinc,79,main_perp,AsBa,-0.016858333333333347,0.014974999999999994,0.0032749999999999915,0.0068499999999999985,-0.0028416666666666655,0.009399999999999981,-0.008225000000000017,-0.006950000000000022,0.0028416666666666902,0.009399999999999964,0.008225000000000038,0.0069500000000000395,0.0,0.0,0.0,0.0,0.0,0.0,0.0,0.0,0.0,0.0,0.0,0.0,2,MP,0,0.5678259637502947,1.7999999999999998
qwen_instruct,h1_dinc,79,main_perp,AsCh,0.01185833333333333,0.010700000000000001,0.00700000000000001,0.0010750000000000134,-0.01464166666666664,0.011949999999999988,-0.007449999999999981,0.001174999999999999,0.014641666666666654,0.011949999999999988,0.007450000000000012,-0.0011749999999999816,0.0,0.0,0.0,0.0,0.0,0.0,0.0,0.0,0.0,0.0,0.0,0.0,4,MP,0,0.3368858560744445,1.4
qwen_instruct,h1_dinc,79,main_perp,AsCm,0.01167499999999997,0.015774999999999997,0.006949999999999991,0.00025000000000000716,-0.010691666666666691,0.014474999999999991,-0.007050000000000008,-0.00039999999999999064,0.010691666666666681,0.014475000000000016,0.0070500000000000285,0.00040000000000001146,0.0,0.0,0.0,0.0,0.0,0.0,0.0,0.0,0.0,0.0,0.0,0.0,2,OD1,1,0.7408346464128569,1.7999999999999998
qwen_instruct,h1_dinc,79,main_perp,AsCo,-0.010083333333333307,0.02015,0.002250000000000009,0.009374999999999998,0.012616666666666677,0.011175000000000011,-0.0017999999999999891,-0.008924999999999988,0.012616666666666677,0.011175000000000011,-0.0017999999999999891,-0.008924999999999988,0.0,0.0,0.0,0.0,0.0,0.0,0.0,0.0,0.0,0.0,0.0,0.0,1,CO2,2,-0.6035533905932737,0.0
qwen_instruct,h1_dinc,79,main_perp,AsDl,-0.0084,0.011574999999999997,0.0021000000000000046,0.008650000000000003,-0.004216666666666632,0.010225000000000015,-0.007549999999999994,-0.006600000000000017,0.004216666666666637,0.010225000000000012,0.007550000000000001,0.0066000000000000225,0.0,0.0,0.0,0.0,0.0,0.0,0.0,0.0,0.0,0.0,0.0,0.0,4,OD1,1,0.5098945387370066,1.4
qwen_instruct,h1_dinc,79,main_perp,AsHa,-0.0014500000000000118,0.010050000000000007,-0.0019250000000000066,-0.003524999999999997,0.005949999999999975,0.00830000000000002,0.0022249999999999874,-0.003474999999999999,0.005949999999999975,0.00830000000000002,0.0022249999999999874,-0.003474999999999999,0.0,0.0,0.0,0.0,0.0,0.0,0.0,0.0,0.0,0.0,0.0,0.0,1,OD2,1,0.048014323385306,0.6000000000000001
qwen_instruct,h1_dinc,79,main_perp,AsHr,0.0038999999999999838,0.014300000000000007,0.002124999999999995,0.001300000000000013,0.029533333333333325,0.016374999999999997,0.010125000000000002,-0.006249999999999995,-0.02953333333333336,0.01637500000000003,-0.010125000000000023,0.0062500000000000056,-0.3333333333333332,0.25,0.0,0.25,0.3333333333333332,0.25,0.0,-0.25,-0.3333333333333332,0.25,0.0,0.25,6,MP,0,0.68329601758822,2.0
qwen_instruct,h1_dinc,79,main_perp,AsNc,-0.0037749999999999997,0.00545,0.004225000000000006,0.0054000000000000055,0.002808333333333342,0.004675000000000006,0.004225000000000004,0.0033500000000000058,0.002808333333333342,0.004675000000000006,0.004225000000000004,0.0033500000000000058,0.0,0.0,0.0,0.0,0.0,0.0,0.0,0.0,0.0,0.0,0.0,0.0,3,OD2,1,0.1634843772232312,0.8
qwen_instruct,h1_dinc,79,main_perp,AsPc,0.00022500000000003238,0.008749999999999997,0.004949999999999999,0.006374999999999988,0.007925000000000036,0.006449999999999997,0.006449999999999997,0.0044249999999999845,0.007925000000000036,0.006449999999999997,0.006449999999999997,0.0044249999999999845,0.0,0.0,0.0,0.0,0.0,0.0,0.0,0.0,0.0,0.0,0.0,0.0,5,OD2,1,-0.1829257842905442,0.2
qwen_instruct,h1_dinc,79,main_perp,AsPd,0.00853333333333334,0.007525000000000004,-0.002250000000000002,-0.0073750000000000066,0.007899999999999997,0.007374999999999979,-0.002549999999999983,-0.007374999999999979,-0.0079,0.00737500000000002,0.0025500000000000245,0.00737500000000002,0.0,0.0,0.0,0.0,0.0,0.0,0.0,0.0,0.0,0.0,0.0,0.0,6,OD1,1,0.3944244848990815,1.2
qwen_instruct,h1_dinc,79,main_perp,AsSh,-0.008241666666666677,0.015274999999999993,0.001749999999999998,0.001725000000000006,0.0008250000000000199,0.005850000000000001,-0.0016500000000000126,-0.0019750000000000184,0.0008250000000000199,0.005850000000000001,-0.0016500000000000126,-0.0019750000000000184,0.0,0.0,0.0,0.0,0.0,0.0,0.0,0.0,0.0,0.0,0.0,0.0,3,CO1,2,-0.3437457694579421,0.6000000000000001
qwen_instruct,h1_dinc,79,main_perp,BaAs,0.012641666666666676,0.012824999999999991,0.009150000000000007,0.0014749999999999989,-0.012791666666666696,0.010275000000000005,-0.006499999999999997,0.0012250000000000125,-0.012791666666666696,0.010275000000000005,-0.006499999999999997,0.0012250000000000125,0.0,0.0,0.0,0.0,0.0,0.0,0.0,0.0,0.0,0.0,0.0,0.0,1,MP,0,0.5678259637502947,1.7999999999999998
qwen_instruct,h1_dinc,79,main_perp,BaBa,-0.014091666666666643,0.008874999999999997,0.0009000000000000154,0.006324999999999997,0.009991666666666644,0.007650000000000023,0.0011999999999999823,-0.0017749999999999988,0.009991666666666644,0.007650000000000023,0.0011999999999999823,-0.0017749999999999988,0.0,0.0,0.0,0.0,0.0,0.0,0.0,0.0,0.0,0.0,0.0,0.0,3,CO2,2,-0.0169508502148298,0.2
qwen_instruct,h1_dinc,79,main_perp,BaCh,8.333333333327652e-06,0.010325000000000004,0.002625000000000004,-0.0004999999999999918,0.008474999999999962,0.0077,0.002224999999999965,0.00019999999999998665,0.008474999999999962,0.0077,0.002224999999999965,0.00019999999999998665,0.0,0.0,0.0,0.0,0.0,0.0,0.0,0.0,0.0,0.0,0.0,0.0,4,CO2,2,0.1562542305420579,0.6000000000000001
qwen_instruct,h1_dinc,79,main_perp,BaCm,-0.002958333333333307,0.007224999999999998,-0.0005999999999999946,0.0010249999999999886,-0.00415833333333336,0.007250000000000016,-0.001000000000000006,0.001325000000000011,-0.00415833333333336,0.007250000000000016,-0.001000000000000006,0.001325000000000011,0.0,0.0,0.0,0.0,0.0,0.0,0.0,0.0,0.0,0.0,0.0,0.0,1,OD1,1,0.2789544310611563,1.0
qwen_instruct,h1_dinc,79,main_perp,BaCo,0.005000000000000031,0.006075000000000002,0.005925000000000017,0.0010250000000000016,-0.004916666666666694,0.006300000000000012,-0.0032249999999999952,0.0016750000000000202,-0.004916666666666694,0.006300000000000012,-0.0032249999999999952,0.0016750000000000202,0.0,0.0,0.0,0.0,0.0,0.0,0.0,0.0,0.0,0.0,0.0,0.0,3,MP,0,0.4523559099123697,1.6
qwen_instruct,h1_dinc,79,main_perp,BaDl,-0.013799999999999965,0.00845,-0.008174999999999988,-0.0016000000000000077,0.013933333333333317,0.008449999999999985,0.008174999999999988,0.0015499999999999924,0.013933333333333317,0.008449999999999985,0.008174999999999988,0.0015499999999999924,0.0,0.0,0.0,0.0,0.0,0.0,0.0,0.0,0.0,0.0,0.0,0.0,3,OD1,1,0.5098945387370066,1.4
qwen_instruct,h1_dinc,79,main_perp,BaHa,-0.0006999999999999412,0.009849999999999979,0.0034250000000000096,0.00287499999999998,0.0020999999999999075,0.014925000000000004,-0.007625000000000029,-0.007074999999999979,-0.002099999999999908,0.014924999999999994,0.007625000000000021,0.00707499999999997,0.0,0.0,0.0,0.0,0.0,0.0,0.0,0.0,0.0,0.0,0.0,0.0,2,OD2,1,0.048014323385306,0.6000000000000001
qwen_instruct,h1_dinc,79,main_perp,BaHr,-0.0052499999999999925,0.009649999999999992,-0.002074999999999996,0.0014000000000000028,0.0020833333333333294,0.009649999999999992,0.0020249999999999964,0.0004499999999999964,0.0020833333333333294,0.009649999999999992,0.0020249999999999964,0.0004499999999999964,0.0,0.0,0.0,0.0,0.0,0.0,0.0,0.0,0.0,0.0,0.0,0.0,5,CO1,2,0.069651690163614,0.3999999999999999
qwen_instruct,h1_dinc,79,main_perp,BaNc,-0.006683333333333337,0.009724999999999994,0.0019749999999999967,0.0029,0.00021666666666660022,0.007524999999999984,-0.0021249999999999993,-0.0012499999999999699,-0.0002166666666666426,0.007525000000000004,0.0021250000000000158,0.0012500000000000011,0.0,0.0,0.0,0.0,0.0,0.0,0.0,0.0,0.0,0.0,0.0,0.0,4,OD2,1,0.1634843772232312,0.8
qwen_instruct,h1_dinc,79,main_perp,BaPc,-0.014274999999999998,0.012375000000000018,-0.005675000000000013,0.006624999999999994,0.013625000000000035,0.013700000000000021,0.005675000000000041,-0.006574999999999996,-0.013625000000000042,0.013700000000000018,-0.005675000000000041,0.0065749999999999975,0.0,0.0,0.0,0.0,0.0,0.0,0.0,0.0,0.0,0.0,0.0,0.0,6,OD2,1,0.2789544310611563,1.0
qwen_instruct,h1_dinc,79,main_perp,BaPd,0.0033416666666666963,0.012499999999999995,-0.0016249999999999945,-0.006600000000000009,-0.01307500000000004,0.014524999999999991,-0.002025000000000006,0.00885000000000001,-0.01307500000000004,0.014524999999999991,-0.002025000000000006,0.00885000000000001,0.0,0.0,0.0,0.0,0.0,0.0,0.0,0.0,0.0,0.0,0.0,0.0,5,OD1,1,0.3944244848990815,1.2
qwen_instruct,h1_dinc,79,main_perp,BaSh,-0.0021499999999999965,0.007975000000000005,-0.004150000000000006,-0.0020750000000000057,-0.0014833333333333087,0.00814999999999999,-0.003899999999999987,-0.0021749999999999964,-0.0014833333333333087,0.00814999999999999,-0.003899999999999987,-0.0021749999999999964,0.0,0.0,0.0,0.0,0.0,0.0,0.0,0.0,0.0,0.0,0.0,0.0,5,MP,0,0.3368858560744445,1.4
qwen_instruct,h1_dinc,79,main_perp,ChAs,-0.008041666666666688,0.007250000000000031,-0.006500000000000013,-0.0003499999999999927,0.00907500000000002,0.0076500000000000075,0.00640000000000001,9.999999999997164e-05,0.00907500000000002,0.0076500000000000075,0.00640000000000001,9.999999999997164e-05,0.0,0.0,0.0,0.0,0.0,0.0,0.0,0.0,0.0,0.0,0.0,0.0,7,MP,0,0.3368858560744445,1.4
qwen_instruct,h1_dinc,79,main_perp,ChBa,-0.003433333333333351,0.011025000000000007,-0.00017499999999998723,0.00030000000000001944,0.0035000000000000153,0.011174999999999987,0.0005749999999999857,0.00014999999999998044,0.0035000000000000153,0.011174999999999987,0.0005749999999999857,0.00014999999999998044,0.0,0.0,0.0,0.0,0.0,0.0,0.0,0.0,0.0,0.0,0.0,0.0,5,CO2,2,0.1562542305420579,0.6000000000000001
qwen_instruct,h1_dinc,79,main_perp,ChCh,-0.0036166666666666647,0.005324999999999996,0.0028999999999999985,0.0031999999999999963,0.0035666666666666425,0.0069,-0.003799999999999992,-0.0031499999999999844,0.0035666666666666425,0.0069,-0.003799999999999992,-0.0031499999999999844,0.0,0.0,0.0,0.0,0.0,0.0,0.0,0.0,0.0,0.0,0.0,0.0,6,CO2,2,0.2428567709205017,0.8
qwen_instruct,h1_dinc,79,main_perp,ChCm,0.013233333333333354,0.012449999999999992,-0.007699999999999985,-0.012449999999999992,-0.013150000000000009,0.012399999999999991,0.007699999999999985,0.012399999999999991,-0.013150000000000009,0.012399999999999991,0.007699999999999985,0.012399999999999991,0.1666666666666666,0.25,-0.25,-0.25,-0.1666666666666666,0.25,0.25,0.25,-0.1666666666666666,0.25,0.25,0.25,7,OD1,1,0.6253645925749319,1.6
qwen_instruct,h1_dinc,79,main_perp,ChCo,0.013883333333333336,0.010050000000000024,0.0072749999999999985,5.000000000000577e-05,-0.016833333333333343,0.010799999999999971,-0.00867499999999998,-0.00014999999999998608,-0.016833333333333343,0.010799999999999971,-0.00867499999999998,-0.00014999999999998608,0.0,0.0,0.0,0.0,0.0,0.0,0.0,0.0,0.0,0.0,0.0,0.0,9,MP,0,0.1059457483985941,1.0
qwen_instruct,h1_dinc,79,main_perp,ChDl,0.0054666666666666665,0.01185,0.01185,0.007824999999999999,-0.004883333333333336,0.011925000000000014,-0.01185,-0.007824999999999999,-0.004883333333333336,0.011925000000000014,-0.01185,-0.007824999999999999,0.0833333333333334,0.25,0.25,0.25,-0.0833333333333334,0.25,-0.25,-0.25,-0.0833333333333334,0.25,-0.25,-0.25,9,OD1,1,0.7408346464128569,1.7999999999999998
qwen_instruct,h1_dinc,79,main_perp,ChHa,-0.007799999999999984,0.0034499999999999947,-4.9999999999987554e-05,0.003400000000000007,-0.006950000000000024,0.003499999999999996,9.999999999999593e-05,0.0029500000000000012,0.006949999999999984,0.0034999999999999754,-9.999999999998899e-05,-0.0029499999999999804,0.0,0.0,0.0,0.0,0.0,0.0,0.0,0.0,0.0,0.0,0.0,0.0,8,OD2,1,-0.1829257842905442,0.2
qwen_instruct,h1_dinc,79,main_perp,ChHr,0.00014166666666668473,0.0032250000000000074,0.0004999999999999996,0.0003749999999999856,-0.0005416666666666845,0.0031499999999999887,-8.673617379884035e-19,0.00012500000000001312,-0.0005416666666666845,0.0031499999999999887,-8.673617379884035e-19,0.00012500000000001312,0.0,0.0,0.0,0.0,0.0,0.0,0.0,0.0,0.0,0.0,0.0,0.0,6,CO1,2,0.3294593112989456,1.0
qwen_instruct,h1_dinc,79,main_perp,CmAs,-0.0044583333333332855,0.004199999999999979,-0.0003999999999999978,0.0037999999999999813,0.005308333333333284,0.004249999999999979,0.0006499999999999976,-0.003599999999999981,-0.005308333333333276,0.004249999999999976,-0.0006500000000000117,0.0035999999999999643,0.0,0.0,0.0,0.0,0.0,0.0,0.0,0.0,0.0,0.0,0.0,0.0,8,OD1,1,0.2694301256218253,1.7999999999999998
qwen_instruct,h1_dinc,79,main_perp,CmCm,-0.0006583333333333247,0.001924999999999985,2.7647155398380363e-18,2.500000000000001e-05,0.0006749999999999914,0.001899999999999985,4.999999999999726e-05,2.500000000000001e-05,-0.0006749999999999906,0.001899999999999985,-4.999999999999449e-05,-2.4999999999997247e-05,0.0,0.0,0.0,0.0,0.0,0.0,0.0,0.0,0.0,0.0,0.0,0.0,2,DD,1,-0.3079201435678004,0.8
qwen_instruct,h1_dinc,79,main_perp,CmDl,-0.0005750000000000585,0.00040000000000001964,2.500000000000001e-05,0.0003500000000000279,0.00037500000000005877,0.00030000000000002247,2.500000000000001e-05,-0.00015000000000002804,-0.0003750000000000326,0.00030000000000002247,-2.4999999999997247e-05,0.00015000000000001124,0.0,0.0,0.0,0.0,0.0,0.0,0.0,0.0,0.0,0.0,0.0,0.0,4,DD,1,0.0384900179459749,1.4
qwen_instruct,h1_dinc,79,main_perp,CmHa,-0.00028333333333332143,0.00039999999999999183,9.999999999999452e-05,0.00012499999999999176,-6.66666666666786e-05,0.00034999999999999734,5.5294310796760726e-18,-2.4999999999991717e-05,6.666666666668708e-05,0.0003499999999999892,0.0,2.4999999999997247e-05,0.0,0.0,0.0,0.0,0.0,0.0,0.0,0.0,0.0,0.0,0.0,0.0,6,DD,1,0.0384900179459749,1.4
qwen_instruct,h1_dinc,79,main_perp,CmNc,0.00020833333333332798,0.00022499999999999734,2.4999999999997247e-05,-0.00017500000000000008,0.00010833333333333893,0.0002499999999999946,-2.4999999999997247e-05,-0.00017500000000000008,-0.000108333333333349,0.0002500000000000002,2.4999999999997247e-05,0.00017500000000000848,0.0,0.0,0.0,0.0,0.0,0.0,0.0,0.0,0.0,0.0,0.0,0.0,8,DD,1,0.2694301256218253,1.7999999999999998
qwen_instruct,h1_dinc,79,main_perp,CoAs,-0.003008333333333335,0.013100000000000004,0.0015250000000000194,-0.001299999999999983,-0.0025249999999999726,0.013049999999999978,0.004175000000000012,0.0010000000000000009,-0.0025249999999999726,0.013049999999999978,0.004175000000000012,0.0010000000000000009,0.41666666666666663,0.25,0.25,0.0,0.41666666666666663,0.25,0.25,0.0,0.41666666666666663,0.25,0.25,0.0,7,CO2,2,-0.6035533905932737,0.0
qwen_instruct,h1_dinc,79,main_perp,CoCo,-0.002424999999999972,0.009099999999999994,2.4999999999997247e-05,9.999999999998552e-05,-0.003258333333333307,0.009250000000000008,2.4999999999997247e-05,0.00014999999999998348,-0.003258333333333307,0.009250000000000008,2.4999999999997247e-05,0.00014999999999998348,-0.08333333333333334,0.25,0.0,0.0,-0.08333333333333334,0.25,0.0,0.0,-0.08333333333333334,0.25,0.0,0.0,7,CO1,2,-0.5169508502148299,0.2
qwen_instruct,h1_dinc,79,main_perp,CoSh,0.004183333333333356,0.00852500000000001,0.00852500000000001,0.0047750000000000015,0.0011333333333333796,0.008549999999999974,0.007425000000000015,0.0047750000000000015,0.0011333333333333796,0.008549999999999974,0.007425000000000015,0.0047750000000000015,0.33333333333333337,0.25,0.25,0.0,0.33333333333333337,0.25,0.25,0.0,0.33333333333333337,0.25,0.25,0.0,8,CO2,2,-0.5169508502148299,0.2
qwen_instruct,h1_dinc,79,main_perp,HaAs,0.002041666666666686,0.0034249999999999975,0.0032750000000000027,0.0005999999999999894,0.001975000000000023,0.0032250000000000056,0.0032250000000000056,0.0005999999999999894,0.001975000000000023,0.0032250000000000056,0.0032250000000000056,0.0005999999999999894,0.0,0.0,0.0,0.0,0.0,0.0,0.0,0.0,0.0,0.0,0.0,0.0,7,OD2,1,-0.4233901974057255,0.6000000000000001
qwen_instruct,h1_dinc,79,main_perp,HaBa,-0.0020583333333333317,0.0020999999999999977,-0.001949999999999997,-0.0018999999999999991,0.0007249999999999959,0.003950000000000009,0.0019000000000000128,0.0018500000000000183,0.0007249999999999959,0.003950000000000009,0.0019000000000000128,0.0018500000000000183,0.0,0.0,0.0,0.0,0.0,0.0,0.0,0.0,0.0,0.0,0.0,0.0,9,OD2,1,-0.4233901974057255,0.6000000000000001
qwen_instruct,h1_dinc,79,main_perp,HaCm,0.018541666666666675,0.009050000000000004,0.0011749999999999972,-0.007875000000000007,0.002658333333333298,0.007750000000000007,-0.0011250000000000149,-0.0026249999999999885,0.002658333333333298,0.007750000000000007,-0.0011250000000000149,-0.0026249999999999885,0.0,0.0,0.0,0.0,0.0,0.0,0.0,0.0,0.0,0.0,0.0,0.0,1,DD,1,0.0384900179459749,1.4
qwen_instruct,h1_dinc,79,main_perp,HaDl,-0.0001583333333333648,0.0032250000000000074,-0.0004750000000000032,0.0009000000000000136,0.00159166666666663,0.0023249999999999937,-0.0004750000000000032,-0.00014999999999998348,0.00159166666666663,0.0023249999999999937,-0.0004750000000000032,-0.00014999999999998348,0.0,0.0,0.0,0.0,0.0,0.0,0.0,0.0,0.0,0.0,0.0,0.0,3,DD,1,-0.1924500897298753,1.0
qwen_instruct,h1_dinc,79,main_perp,HaHa,-0.000341666666666654,0.002599999999999991,-2.500000000000001e-05,2.4999999999997247e-05,-0.00022499999999999368,0.002599999999999991,2.4999999999997247e-05,2.4999999999997247e-05,-0.00022499999999999368,0.002599999999999991,2.4999999999997247e-05,2.4999999999997247e-05,0.0,0.0,0.0,0.0,0.0,0.0,0.0,0.0,0.0,0.0,0.0,0.0,5,DD,1,-0.6543303050815759,0.2
qwen_instruct,h1_dinc,79,main_perp,HaNc,0.00019999999999996938,0.0012250000000000039,0.00032499999999999023,-0.0003249999999999937,0.00018333333333330428,0.001799999999999996,0.0013749999999999873,0.0007250000000000034,0.00018333333333330428,0.001799999999999996,0.0013749999999999873,0.0007250000000000034,0.0,0.0,0.0,0.0,0.0,0.0,0.0,0.0,0.0,0.0,0.0,0.0,7,DD,1,-0.7698003589195012,0.0
qwen_instruct,h1_dinc,79,main_perp,HaPc,-0.0006583333333333464,0.0008499999999999951,-0.0008249999999999978,-0.00039999999999999454,-0.000791666666666718,0.0005750000000000199,-0.00022500000000003073,0.0002999999999999947,-0.000791666666666718,0.0005750000000000199,-0.00022500000000003073,0.0002999999999999947,0.0,0.0,0.0,0.0,0.0,0.0,0.0,0.0,0.0,0.0,0.0,0.0,9,DD,1,-0.4233901974057255,0.6000000000000001
qwen_instruct,h1_dinc,79,main_perp,HrAs,0.00475833333333341,0.003474999999999978,0.003450000000000019,0.0003499999999999892,-0.004058333333333414,0.0059499999999999935,-0.0037500000000000207,-0.0003499999999999892,0.0040583333333334415,0.005950000000000011,0.003750000000000031,0.0003499999999999892,0.0,0.0,0.0,0.0,0.0,0.0,0.0,0.0,0.0,0.0,0.0,0.0,8,MP,0,0.68329601758822,2.0
qwen_instruct,h1_dinc,79,main_perp,HrBa,-0.012183333333333313,0.006950000000000008,-0.006950000000000008,-0.001550000000000015,0.010716666666666643,0.005500000000000008,0.005500000000000008,0.0007000000000000148,-0.01071666666666665,0.005500000000000005,-0.005500000000000005,-0.0007000000000000062,0.0,0.0,0.0,0.0,0.0,0.0,0.0,0.0,0.0,0.0,0.0,0.0,2,CO1,2,0.069651690163614,0.3999999999999999
qwen_instruct,h1_dinc,79,main_perp,HrCh,-0.006350000000000027,0.00522499999999998,-0.005099999999999993,-0.0007999999999999874,0.005266666666666694,0.00522499999999998,0.005099999999999993,0.0014499999999999869,-0.005266666666666706,0.00522499999999998,-0.005099999999999993,-0.001449999999999979,0.0,0.0,0.0,0.0,0.0,0.0,0.0,0.0,0.0,0.0,0.0,0.0,4,CO1,2,0.3294593112989456,1.0
qwen_instruct,h1_dinc,79,main_perp,HrHr,-0.011299999999999958,0.008749999999999983,-0.008749999999999978,5.204170427930421e-18,0.004733333333333294,0.006049999999999998,0.005249999999999979,9.999999999999419e-05,-0.0047333333333332926,0.00605,-0.005249999999999977,-9.999999999998899e-05,0.0,0.0,0.0,0.0,0.0,0.0,0.0,0.0,0.0,0.0,0.0,0.0,2,CO2,2,-0.0169508502148298,0.2
qwen_instruct,h1_dinc,79,main_perp,ShAs,-0.0019333333333333405,0.0038750000000000034,-0.002550000000000002,-0.001349999999999997,-0.0022666666666666603,0.005075000000000003,-0.005000000000000006,-0.003650000000000009,-0.0022666666666666603,0.005075000000000003,-0.005000000000000006,-0.003650000000000009,0.0,0.0,0.0,0.0,0.0,0.0,0.0,0.0,0.0,0.0,0.0,0.0,8,CO1,2,-0.3437457694579421,0.6000000000000001
qwen_instruct,h1_dinc,79,main_perp,ShCo,-0.004058333333333325,0.006374999999999993,0.0026750000000000003,0.006374999999999993,0.003175000000000012,0.0034500000000000156,0.0027249999999999983,-0.0004750000000000171,0.003175000000000012,0.0034500000000000156,0.0027249999999999983,-0.0004750000000000171,0.0,0.0,0.0,0.0,0.0,0.0,0.0,0.0,0.0,0.0,0.0,0.0,9,CO2,2,-0.5169508502148299,0.2
qwen_instruct,h1_dinc,79,main_perp,ShSh,0.015783333333333326,0.011099999999999999,0.008075000000000002,-0.0011499999999999965,0.002083333333333363,0.0036500000000000143,0.0015249999999999986,0.000899999999999998,0.002083333333333363,0.0036500000000000143,0.0015249999999999986,0.000899999999999998,0.0,0.0,0.0,0.0,0.0,0.0,0.0,0.0,0.0,0.0,0.0,0.0,9,CO1,2,-0.2571432290794982,0.8
qwen_instruct,h1_dinc,79,random,AsAs,0.04150000000000001,0.019175000000000005,0.012050000000000003,-0.007125000000000003,-0.01675000000000003,0.009375000000000008,-0.005649999999999995,0.003725000000000013,-0.01675000000000003,0.009375000000000008,-0.005649999999999995,0.003725000000000013,0.0,0.0,0.0,0.0,0.0,0.0,0.0,0.0,0.0,0.0,0.0,0.0,1,CO1,2,-0.5169508502148299,0.2
qwen_instruct,h1_dinc,79,random,AsBa,0.04953333333333333,0.02935,0.024674999999999992,-0.004675000000000007,-0.004800000000000014,0.007050000000000011,-0.0034250000000000183,-0.0006750000000000055,0.004800000000000027,0.0070500000000000285,0.003425000000000039,0.0006750000000000089,0.0,0.0,0.0,0.0,0.0,0.0,0.0,0.0,0.0,0.0,0.0,0.0,2,MP,0,0.5678259637502947,1.7999999999999998
qwen_instruct,h1_dinc,79,random,AsCh,0.03245000000000001,0.017150000000000006,0.011425000000000006,-9.999999999999593e-05,-0.021133333333333233,0.010474999999999964,-0.00942499999999996,-5.000000000000143e-05,0.0211333333333332,0.010474999999999984,0.009424999999999961,5.000000000002225e-05,0.0,0.0,0.0,0.0,0.0,0.0,0.0,0.0,0.0,0.0,0.0,0.0,4,MP,0,0.3368858560744445,1.4
qwen_instruct,h1_dinc,79,random,AsCm,0.05063333333333339,0.032725000000000025,0.03007500000000002,-0.002650000000000004,-0.03560000000000007,0.027625000000000014,-0.027275000000000035,-0.0026999999999999984,0.035600000000000076,0.02762500000000001,0.02727500000000005,0.002700000000000008,0.0,0.0,0.0,0.0,0.0,0.0,0.0,0.0,0.0,0.0,0.0,0.0,2,OD1,1,0.7408346464128569,1.7999999999999998
qwen_instruct,h1_dinc,79,random,AsCo,0.08365000000000002,0.04245000000000001,0.035525,-0.0069250000000000075,-0.01053333333333327,0.013774999999999961,0.002725000000000026,0.007075000000000005,-0.01053333333333327,0.013774999999999961,0.002725000000000026,0.007075000000000005,0.0,0.0,0.0,0.0,0.0,0.0,0.0,0.0,0.0,0.0,0.0,0.0,1,CO2,2,-0.6035533905932737,0.0
qwen_instruct,h1_dinc,79,random,AsDl,0.045649999999999996,0.023375000000000003,0.019850000000000007,-0.002649999999999996,-0.023566666666666694,0.01567500000000001,-0.015550000000000017,-0.0025000000000000057,0.02356666666666675,0.015675000000000022,0.015550000000000036,0.0025000000000000022,0.0,0.0,0.0,0.0,0.0,0.0,0.0,0.0,0.0,0.0,0.0,0.0,4,OD1,1,0.5098945387370066,1.4
qwen_instruct,h1_dinc,79,random,AsHa,0.020291666666666677,0.01440000000000001,0.003450000000000005,-0.010950000000000005,-0.0033416666666666,0.009224999999999983,0.0018000000000000134,-0.0015500000000000201,-0.0033416666666666,0.009224999999999983,0.0018000000000000134,-0.0015500000000000201,0.0,0.0,0.0,0.0,0.0,0.0,0.0,0.0,0.0,0.0,0.0,0.0,1,OD2,1,0.048014323385306,0.6000000000000001
qwen_instruct,h1_dinc,79,random,AsHr,0.07529999999999999,0.03737499999999999,0.021775,-0.015599999999999996,-0.011049999999999985,0.015149999999999986,-0.008974999999999973,-0.0009499999999999682,0.011050000000000022,0.015150000000000025,0.008974999999999983,0.0009499999999999509,0.5833333333333334,0.25,0.25,0.0,-0.5833333333333334,0.25,-0.25,0.0,0.5833333333333334,0.25,0.25,0.0,6,MP,0,0.68329601758822,2.0
qwen_instruct,h1_dinc,79,random,AsNc,0.03616666666666666,0.018224999999999998,0.014899999999999997,-0.003325,0.01113333333333334,0.006325000000000001,0.005250000000000002,0.0012749999999999949,0.01113333333333334,0.006325000000000001,0.005250000000000002,0.0012749999999999949,0.0,0.0,0.0,0.0,0.0,0.0,0.0,0.0,0.0,0.0,0.0,0.0,3,OD2,1,0.1634843772232312,0.8
qwen_instruct,h1_dinc,79,random,AsPc,0.07117500000000002,0.03395000000000001,0.022724999999999995,-0.01122500000000001,0.041891666666666695,0.023925000000000016,0.016325000000000013,-0.003974999999999992,0.041891666666666695,0.023925000000000016,0.016325000000000013,-0.003974999999999992,0.0,0.0,0.0,0.0,0.0,0.0,0.0,0.0,0.0,0.0,0.0,0.0,5,OD2,1,-0.1829257842905442,0.2
qwen_instruct,h1_dinc,79,random,AsPd,0.09033333333333331,0.045250000000000005,0.020600000000000007,-0.02465,0.015649999999999973,0.012575000000000024,0.00035000000000001,-0.004949999999999968,-0.01564999999999997,0.01257500000000003,-0.0003499999999999892,0.004949999999999982,0.0,0.0,0.0,0.0,0.0,0.0,0.0,0.0,0.0,0.0,0.0,0.0,6,OD1,1,0.3944244848990815,1.2
qwen_instruct,h1_dinc,79,random,AsSh,0.05523333333333334,0.030375,0.022249999999999995,-0.008125000000000005,0.0067833333333333365,0.015350000000000016,0.008249999999999987,0.001324999999999972,0.0067833333333333365,0.015350000000000016,0.008249999999999987,0.001324999999999972,0.0,0.0,0.0,0.0,0.0,0.0,0.0,0.0,0.0,0.0,0.0,0.0,3,CO1,2,-0.3437457694579421,0.6000000000000001
qwen_instruct,h1_dinc,79,random,BaAs,0.05724166666666665,0.028624999999999998,0.0172,-0.011424999999999996,-0.037458333333333316,0.017775,-0.006450000000000003,0.011324999999999997,-0.037458333333333316,0.017775,-0.006450000000000003,0.011324999999999997,0.0,0.0,0.0,0.0,0.0,0.0,0.0,0.0,0.0,0.0,0.0,0.0,1,MP,0,0.5678259637502947,1.7999999999999998
qwen_instruct,h1_dinc,79,random,BaBa,0.04551666666666665,0.023749999999999993,0.0158,-0.00794999999999999,-0.03144999999999998,0.015749999999999986,-0.007850000000000003,0.007899999999999985,-0.03144999999999998,0.015749999999999986,-0.007850000000000003,0.007899999999999985,0.0,0.0,0.0,0.0,0.0,0.0,0.0,0.0,0.0,0.0,0.0,0.0,3,CO2,2,-0.0169508502148298,0.2
qwen_instruct,h1_dinc,79,random,BaCh,0.054875000000000014,0.026975000000000006,0.01842500000000002,-0.008549999999999986,-0.030924999999999987,0.017550000000000003,-0.010425000000000021,0.005549999999999973,-0.030924999999999987,0.017550000000000003,-0.010425000000000021,0.005549999999999973,0.0,0.0,0.0,0.0,0.0,0.0,0.0,0.0,0.0,0.0,0.0,0.0,4,CO2,2,0.1562542305420579,0.6000000000000001
qwen_instruct,h1_dinc,79,random,BaCm,0.02612499999999998,0.014,0.005699999999999985,-0.005400000000000002,-0.008858333333333312,0.0076749999999999995,-0.0005999999999999877,0.0016499999999999987,-0.008858333333333312,0.0076749999999999995,-0.0005999999999999877,0.0016499999999999987,0.0,0.0,0.0,0.0,0.0,0.0,0.0,0.0,0.0,0.0,0.0,0.0,1,OD1,1,0.2789544310611563,1.0
qwen_instruct,h1_dinc,79,random,BaCo,0.03203333333333335,0.016650000000000005,0.011650000000000013,-0.0049999999999999906,-0.02213333333333335,0.012000000000000005,-0.007900000000000006,0.0040999999999999995,-0.02213333333333335,0.012000000000000005,-0.007900000000000006,0.0040999999999999995,0.0,0.0,0.0,0.0,0.0,0.0,0.0,0.0,0.0,0.0,0.0,0.0,3,MP,0,0.4523559099123697,1.6
qwen_instruct,h1_dinc,79,random,BaDl,0.03942499999999999,0.02447499999999999,0.008375,-0.008950000000000001,-0.02650833333333328,0.019824999999999975,-0.003724999999999999,0.007399999999999988,-0.02650833333333328,0.019824999999999975,-0.003724999999999999,0.007399999999999988,0.08333333333333334,0.25,0.0,0.0,-0.08333333333333334,0.25,0.0,0.0,-0.08333333333333334,0.25,0.0,0.0,3,OD1,1,0.5098945387370066,1.4
qwen_instruct,h1_dinc,79,random,BaHa,0.03785833333333333,0.023525,0.01889999999999999,-0.004625000000000011,-0.016841666666666675,0.016599999999999986,-0.016599999999999986,-0.0053249999999999895,0.016841666666666692,0.016599999999999976,0.016599999999999976,0.005324999999999969,0.0,0.0,0.0,0.0,0.0,0.0,0.0,0.0,0.0,0.0,0.0,0.0,2,OD2,1,0.048014323385306,0.6000000000000001
qwen_instruct,h1_dinc,79,random,BaHr,0.031216666666666643,0.014099999999999984,0.010450000000000004,-0.0036499999999999796,-0.021449999999999973,0.010699999999999998,-0.008650000000000001,0.0002499999999999794,-0.021449999999999973,0.010699999999999998,-0.008650000000000001,0.0002499999999999794,0.0,0.0,0.0,0.0,0.0,0.0,0.0,0.0,0.0,0.0,0.0,0.0,5,CO1,2,0.069651690163614,0.3999999999999999
qwen_instruct,h1_dinc,79,random,BaNc,0.045100000000000015,0.02130000000000001,0.016975000000000004,-0.004325000000000007,-0.003983333333333355,0.007699999999999952,-0.004625000000000004,-0.003974999999999969,0.0039833333333333856,0.007699999999999985,0.004625000000000018,0.0039749999999999786,0.0,0.0,0.0,0.0,0.0,0.0,0.0,0.0,0.0,0.0,0.0,0.0,4,OD2,1,0.1634843772232312,0.8
qwen_instruct,h1_dinc,79,random,BaPc,0.042166666666666644,0.023349999999999985,0.009299999999999992,-0.014049999999999993,-0.028100000000000014,0.017075000000000007,-0.004449999999999993,0.011050000000000004,0.02809999999999999,0.017075000000000007,0.004449999999999982,-0.011050000000000004,0.0,0.0,0.0,0.0,0.0,0.0,0.0,0.0,0.0,0.0,0.0,0.0,6,OD2,1,0.2789544310611563,1.0
qwen_instruct,h1_dinc,79,random,BaPd,0.05157500000000001,0.026075000000000004,0.005424999999999999,-0.020650000000000005,-0.018658333333333336,0.01500000000000001,0.005375000000000005,0.01500000000000001,-0.018658333333333336,0.01500000000000001,0.005375000000000005,0.01500000000000001,0.0,0.0,0.0,0.0,0.0,0.0,0.0,0.0,0.0,0.0,0.0,0.0,5,OD1,1,0.3944244848990815,1.2
qwen_instruct,h1_dinc,79,random,BaSh,0.03414166666666666,0.015825,0.008974999999999993,-0.006850000000000004,-0.0023583333333333178,0.008125000000000007,-0.0048749999999999905,-0.004899999999999998,-0.0023583333333333178,0.008125000000000007,-0.0048749999999999905,-0.004899999999999998,0.0,0.0,0.0,0.0,0.0,0.0,0.0,0.0,0.0,0.0,0.0,0.0,5,MP,0,0.3368858560744445,1.4
qwen_instruct,h1_dinc,79,random,ChAs,0.04165833333333334,0.020975000000000008,0.008750000000000011,-0.012224999999999995,-0.013641666666666726,0.009925000000000008,0.001149999999999974,0.009775000000000011,-0.013641666666666726,0.009925000000000008,0.001149999999999974,0.009775000000000011,0.0,0.0,0.0,0.0,0.0,0.0,0.0,0.0,0.0,0.0,0.0,0.0,7,MP,0,0.3368858560744445,1.4
qwen_instruct,h1_dinc,79,random,ChBa,0.02831666666666664,0.012824999999999996,0.0012250000000000136,-0.011599999999999982,-0.02134999999999997,0.010399999999999982,0.0009749999999999856,0.010399999999999982,-0.02134999999999997,0.010399999999999982,0.0009749999999999856,0.010399999999999982,0.0,0.0,0.0,0.0,0.0,0.0,0.0,0.0,0.0,0.0,0.0,0.0,5,CO2,2,0.1562542305420579,0.6000000000000001
qwen_instruct,h1_dinc,79,random,ChCh,0.03176666666666667,0.014200000000000004,0.0109,-0.003300000000000004,-0.021650000000000034,0.010425000000000012,-0.007050000000000011,0.002450000000000015,-0.021650000000000034,0.010425000000000012,-0.007050000000000011,0.002450000000000015,0.0,0.0,0.0,0.0,0.0,0.0,0.0,0.0,0.0,0.0,0.0,0.0,6,CO2,2,0.2428567709205017,0.8
qwen_instruct,h1_dinc,79,random,ChCm,0.060208333333333315,0.029175000000000006,0.002200000000000032,-0.026974999999999975,-0.04160833333333332,0.022874999999999975,0.0022499999999999708,0.022874999999999975,-0.04160833333333332,0.022874999999999975,0.0022499999999999708,0.022874999999999975,0.6666666666666667,0.25,0.0,-0.25,-0.6666666666666667,0.25,0.0,0.25,-0.6666666666666667,0.25,0.0,0.25,7,OD1,1,0.6253645925749319,1.6
qwen_instruct,h1_dinc,79,random,ChCo,0.051425000000000026,0.02525000000000001,0.010249999999999995,-0.015000000000000012,-0.03169166666666673,0.015250000000000015,-0.010299999999999976,0.0049500000000000394,-0.03169166666666673,0.015250000000000015,-0.010299999999999976,0.0049500000000000394,0.0,0.0,0.0,0.0,0.0,0.0,0.0,0.0,0.0,0.0,0.0,0.0,9,MP,0,0.1059457483985941,1.0
qwen_instruct,h1_dinc,79,random,ChDl,0.030549999999999983,0.013125000000000008,0.012299999999999972,-0.0007500000000000141,-0.025366666666666652,0.011924999999999995,-0.011899999999999971,-0.0009999999999999866,-0.025366666666666652,0.011924999999999995,-0.011899999999999971,-0.0009999999999999866,0.5833333333333334,0.25,0.25,0.0,-0.5833333333333334,0.25,-0.25,0.0,-0.5833333333333334,0.25,-0.25,0.0,9,OD1,1,0.7408346464128569,1.7999999999999998
qwen_instruct,h1_dinc,79,random,ChHa,0.04162500000000002,0.021150000000000016,0.009875000000000012,-0.010025000000000003,0.0011916666666666384,0.01285,0.008074999999999988,0.0060750000000000005,-0.0011916666666666497,0.012850000000000028,-0.008074999999999999,-0.006074999999999997,0.0,0.0,0.0,0.0,0.0,0.0,0.0,0.0,0.0,0.0,0.0,0.0,8,OD2,1,-0.1829257842905442,0.2
qwen_instruct,h1_dinc,79,random,ChHr,0.03592499999999999,0.018400000000000007,0.010500000000000011,-0.007899999999999992,-0.031191666666666663,0.016800000000000006,-0.009450000000000012,0.006849999999999992,-0.031191666666666663,0.016800000000000006,-0.009450000000000012,0.006849999999999992,0.0,0.0,0.0,0.0,0.0,0.0,0.0,0.0,0.0,0.0,0.0,0.0,6,CO1,2,0.3294593112989456,1.0
qwen_instruct,h1_dinc,79,random,CmAs,0.012574999999999956,0.006924999999999991,0.005124999999999987,-0.0018000000000000039,-0.0061749999999999566,0.0038249999999999907,-0.003174999999999987,0.0006500000000000039,0.006174999999999968,0.003824999999999995,0.0031749999999999834,-0.0006500000000000117,0.0,0.0,0.0,0.0,0.0,0.0,0.0,0.0,0.0,0.0,0.0,0.0,8,OD1,1,0.2694301256218253,1.7999999999999998
qwen_instruct,h1_dinc,79,random,CmCm,0.0054749999999999755,0.0021499999999999935,7.500000000000003e-05,-0.0020749999999999935,-0.005191666666666642,0.0020749999999999935,7.500000000000003e-05,0.0020749999999999935,0.005191666666666659,0.0020749999999999935,-7.499999999999174e-05,-0.0020749999999999935,0.0,0.0,0.0,0.0,0.0,0.0,0.0,0.0,0.0,0.0,0.0,0.0,2,DD,1,-0.3079201435678004,0.8
qwen_instruct,h1_dinc,79,random,CmDl,0.005325000000000015,0.0031000000000000194,0.0005500000000000225,-0.0025499999999999967,-0.004291666666666683,0.0026500000000000026,-5.000000000002241e-05,0.0025499999999999967,0.004291666666666666,0.0026499999999999857,5.000000000002225e-05,-0.0025499999999999967,0.0,0.0,0.0,0.0,0.0,0.0,0.0,0.0,0.0,0.0,0.0,0.0,4,DD,1,0.0384900179459749,1.4
qwen_instruct,h1_dinc,79,random,CmHa,0.00517499999999999,0.0031749999999999964,0.0021999999999999906,-0.000975000000000006,-0.0033916666666666574,0.001999999999999991,-0.001999999999999991,-7.499999999999413e-05,0.0033916666666666353,0.001999999999999974,0.001999999999999974,7.499999999999174e-05,0.0,0.0,0.0,0.0,0.0,0.0,0.0,0.0,0.0,0.0,0.0,0.0,6,DD,1,0.0384900179459749,1.4
qwen_instruct,h1_dinc,79,random,CmNc,0.006991666666666621,0.003424999999999978,0.00024999999999998076,-0.0031749999999999973,-0.005591666666666621,0.0026499999999999913,-9.999999999998069e-05,0.0024249999999999966,0.005591666666666616,0.0026499999999999857,9.999999999998899e-05,-0.0024249999999999827,0.0,0.0,0.0,0.0,0.0,0.0,0.0,0.0,0.0,0.0,0.0,0.0,8,DD,1,0.2694301256218253,1.7999999999999998
qwen_instruct,h1_dinc,79,random,CoAs,0.05364999999999998,0.025175000000000003,0.012525000000000008,-0.012649999999999993,0.041283333333333325,0.019674999999999998,0.012025000000000008,-0.00764999999999999,0.041283333333333325,0.019674999999999998,0.012025000000000008,-0.00764999999999999,0.5833333333333334,0.25,0.25,0.0,0.5833333333333334,0.25,0.25,0.0,0.5833333333333334,0.25,0.25,0.0,7,CO2,2,-0.6035533905932737,0.0
qwen_instruct,h1_dinc,79,random,CoCo,0.05486666666666663,0.026750000000000003,0.005999999999999995,-0.020750000000000008,0.0474833333333333,0.02447500000000001,0.003149999999999986,-0.02020000000000001,0.0474833333333333,0.02447500000000001,0.003149999999999986,-0.02020000000000001,0.5833333333333333,0.25,0.0,-0.25,0.5833333333333333,0.25,0.0,-0.25,0.5833333333333333,0.25,0.0,-0.25,7,CO1,2,-0.5169508502148299,0.2
qwen_instruct,h1_dinc,79,random,CoSh,0.046541666666666676,0.02127500000000002,0.013025000000000004,-0.008049999999999998,0.04137500000000003,0.01892500000000001,0.011625000000000024,-0.006849999999999981,0.04137500000000003,0.01892500000000001,0.011625000000000024,-0.006849999999999981,0.6666666666666667,0.25,0.25,0.0,0.6666666666666667,0.25,0.25,0.0,0.6666666666666667,0.25,0.25,0.0,8,CO2,2,-0.5169508502148299,0.2
qwen_instruct,h1_dinc,79,random,HaAs,0.012875000000000062,0.005700000000000035,0.00560000000000001,-0.00010000000000002498,0.01185833333333334,0.005299999999999999,0.005299999999999999,4.999999999999449e-05,0.01185833333333334,0.005299999999999999,0.005299999999999999,4.999999999999449e-05,0.0,0.0,0.0,0.0,0.0,0.0,0.0,0.0,0.0,0.0,0.0,0.0,7,OD2,1,-0.4233901974057255,0.6000000000000001
qwen_instruct,h1_dinc,79,random,HaBa,0.015274999999999934,0.006974999999999963,0.00442499999999998,-0.002549999999999983,0.0033249999999999578,0.003475000000000006,0.003475000000000006,0.0017500000000000293,0.0033249999999999578,0.003475000000000006,0.003475000000000006,0.0017500000000000293,0.0,0.0,0.0,0.0,0.0,0.0,0.0,0.0,0.0,0.0,0.0,0.0,9,OD2,1,-0.4233901974057255,0.6000000000000001
qwen_instruct,h1_dinc,79,random,HaCm,0.02584166666666666,0.012674999999999994,0.003749999999999986,-0.008925000000000008,-0.006875000000000076,0.009075000000000027,-0.004050000000000026,-0.001574999999999993,-0.006875000000000076,0.009075000000000027,-0.004050000000000026,-0.001574999999999993,0.0,0.0,0.0,0.0,0.0,0.0,0.0,0.0,0.0,0.0,0.0,0.0,1,DD,1,0.0384900179459749,1.4
qwen_instruct,h1_dinc,79,random,HaDl,0.00997500000000004,0.005975000000000024,0.0030750000000000044,-0.0029000000000000193,0.007708333333333407,0.00467500000000004,0.0018750000000000155,-0.0028000000000000247,0.007708333333333407,0.00467500000000004,0.0018750000000000155,-0.0028000000000000247,0.0,0.0,0.0,0.0,0.0,0.0,0.0,0.0,0.0,0.0,0.0,0.0,3,DD,1,-0.1924500897298753,1.0
qwen_instruct,h1_dinc,79,random,HaHa,0.010000000000000009,0.005450000000000007,0.002524999999999994,-0.0029250000000000135,0.008983333333333331,0.005125000000000018,0.002124999999999988,-0.0028750000000000164,0.008983333333333331,0.005125000000000018,0.002124999999999988,-0.0028750000000000164,0.0,0.0,0.0,0.0,0.0,0.0,0.0,0.0,0.0,0.0,0.0,0.0,5,DD,1,-0.6543303050815759,0.2
qwen_instruct,h1_dinc,79,random,HaNc,0.004075,0.0023000000000000017,0.0013749999999999962,-0.0009250000000000052,0.00012499999999996818,0.0016499999999999848,0.001224999999999976,0.0010249999999999981,0.00012499999999996818,0.0016499999999999848,0.001224999999999976,0.0010249999999999981,0.0,0.0,0.0,0.0,0.0,0.0,0.0,0.0,0.0,0.0,0.0,0.0,7,DD,1,-0.7698003589195012,0.0
qwen_instruct,h1_dinc,79,random,HaPc,0.016258333333333378,0.009475000000000003,-2.499999999999177e-05,-0.009475000000000003,0.013375000000000045,0.008125000000000021,-0.000125000000000014,-0.008125000000000021,0.013375000000000045,0.008125000000000021,-0.000125000000000014,-0.008125000000000021,0.0,0.0,0.0,0.0,0.0,0.0,0.0,0.0,0.0,0.0,0.0,0.0,9,DD,1,-0.4233901974057255,0.6000000000000001
qwen_instruct,h1_dinc,79,random,HrAs,0.0340833333333333,0.013824999999999978,0.003799999999999991,-0.010024999999999987,-0.02583333333333331,0.011424999999999998,-0.0038999999999999937,0.004824999999999987,0.02583333333333333,0.011425000000000018,0.0039000000000000146,-0.004824999999999968,0.0,0.0,0.0,0.0,0.0,0.0,0.0,0.0,0.0,0.0,0.0,0.0,8,MP,0,0.68329601758822,2.0
qwen_instruct,h1_dinc,79,random,HrBa,0.027491666666666643,0.013299999999999985,0.005249999999999985,-0.008000000000000007,-0.02222499999999998,0.011149999999999986,-0.004599999999999985,0.006500000000000007,0.022224999999999995,0.011149999999999993,0.004599999999999993,-0.006500000000000006,0.0,0.0,0.0,0.0,0.0,0.0,0.0,0.0,0.0,0.0,0.0,0.0,2,CO1,2,0.069651690163614,0.3999999999999999
qwen_instruct,h1_dinc,79,random,HrCh,0.021433333333333283,0.010474999999999977,0.00037499999999999426,-0.010099999999999984,-0.018666666666666616,0.009349999999999983,0.0002750000000000053,0.009349999999999983,0.018666666666666616,0.00934999999999997,-0.00027499999999999747,-0.00934999999999997,0.0,0.0,0.0,0.0,0.0,0.0,0.0,0.0,0.0,0.0,0.0,0.0,4,CO1,2,0.3294593112989456,1.0
qwen_instruct,h1_dinc,79,random,HrHr,0.024316666666666653,0.012149999999999994,0.001525000000000003,-0.010624999999999992,-0.011366666666666646,0.00714999999999999,0.0015749999999999974,0.0061749999999999895,0.01136666666666665,0.00714999999999999,-0.001574999999999993,-0.006174999999999986,0.0,0.0,0.0,0.0,0.0,0.0,0.0,0.0,0.0,0.0,0.0,0.0,2,CO2,2,-0.0169508502148298,0.2
qwen_instruct,h1_dinc,79,random,ShAs,0.04088333333333334,0.022075000000000004,0.008875000000000006,-0.013199999999999996,-0.0018666666666666627,0.006574999999999985,-0.006424999999999988,-0.003699999999999995,-0.0018666666666666627,0.006574999999999985,-0.006424999999999988,-0.003699999999999995,0.0,0.0,0.0,0.0,0.0,0.0,0.0,0.0,0.0,0.0,0.0,0.0,8,CO1,2,-0.3437457694579421,0.6000000000000001
qwen_instruct,h1_dinc,79,random,ShCo,0.04986666666666663,0.023824999999999985,0.016649999999999988,-0.007174999999999996,0.028666666666666576,0.015374999999999951,0.009099999999999962,-0.006274999999999989,0.028666666666666576,0.015374999999999951,0.009099999999999962,-0.006274999999999989,0.0,0.0,0.0,0.0,0.0,0.0,0.0,0.0,0.0,0.0,0.0,0.0,9,CO2,2,-0.5169508502148299,0.2
qwen_instruct,h1_dinc,79,random,ShSh,0.03364999999999999,0.016550000000000002,0.008850000000000005,-0.007699999999999997,0.014683333333333295,0.006549999999999993,0.0007000000000000062,-0.0055499999999999786,0.014683333333333295,0.006549999999999993,0.0007000000000000062,-0.0055499999999999786,0.0,0.0,0.0,0.0,0.0,0.0,0.0,0.0,0.0,0.0,0.0,0.0,9,CO1,2,-0.2571432290794982,0.8
qwen_instruct,h2_choice,65,main,AsAs,-0.9542833333333332,0.45320000000000005,-0.108625,0.344575,0.05654999999999991,0.040900000000000006,0.025775000000000006,0.010225000000000053,0.05654999999999991,0.040900000000000006,0.025775000000000006,0.010225000000000053,-0.4166666666666666,0.25,0.0,0.25,0.4166666666666666,0.25,0.0,-0.25,0.4166666666666666,0.25,0.0,-0.25,1,CO1,2,-0.5169508502148299,0.2
qwen_instruct,h2_choice,65,main,AsBa,-1.0288916666666665,0.48734999999999995,-0.2019,0.28545,-0.08742499999999999,0.042875,-0.02715000000000002,0.009649999999999964,0.08742499999999999,0.042875000000000024,0.027150000000000035,-0.009649999999999964,-0.8333333333333331,0.5,0.0,0.5,0.0,0.0,0.0,0.0,0.0,0.0,0.0,0.0,2,MP,0,0.5678259637502947,1.7999999999999998
qwen_instruct,h2_choice,65,main,AsCh,-0.939375,0.44275000000000003,-0.17955,0.26320000000000005,0.11260833333333331,0.057550000000000004,0.042050000000000004,-0.009799999999999975,-0.11260833333333335,0.05755000000000002,-0.042050000000000004,0.009800000000000003,0.0,0.0,0.0,0.0,0.0,0.0,0.0,0.0,0.0,0.0,0.0,0.0,4,MP,0,0.3368858560744445,1.4
qwen_instruct,h2_choice,65,main,AsCm,-0.9602249999999998,0.4764,-0.21642499999999998,0.259975,0.1857916666666665,0.18159999999999996,0.16832499999999995,0.084025,-0.18579166666666658,0.18159999999999998,-0.16832499999999995,-0.08402499999999999,-0.8333333333333331,0.5,-0.25,0.25,0.8333333333333331,0.5,0.25,-0.25,-0.8333333333333331,0.5,-0.25,0.25,2,OD1,1,0.7408346464128569,1.7999999999999998
qwen_instruct,h2_choice,65,main,AsCo,-0.9938999999999998,0.4704,-0.2153,0.2551,0.025016666666666687,0.027225000000000023,-0.01814999999999997,-0.025400000000000006,0.025016666666666687,0.027225000000000023,-0.01814999999999997,-0.025400000000000006,-0.8333333333333331,0.5,0.0,0.5,0.0,0.0,0.0,0.0,0.0,0.0,0.0,0.0,1,CO2,2,-0.6035533905932737,0.0
qwen_instruct,h2_choice,65,main,AsDl,-1.011983333333333,0.480475,-0.18345,0.297025,0.21335,0.14684999999999998,0.11919999999999999,0.03117499999999998,-0.21335,0.14685,-0.11919999999999997,-0.03117499999999998,-0.6666666666666667,0.25,0.0,0.25,0.6666666666666667,0.25,0.0,-0.25,-0.6666666666666667,0.25,0.0,0.25,4,OD1,1,0.5098945387370066,1.4
qwen_instruct,h2_choice,65,main,AsHa,-0.8725583333333332,0.421875,-0.119875,0.302,-0.16829166666666673,0.08694999999999999,-0.069075,0.0035000000000000447,-0.16829166666666673,0.08694999999999999,-0.069075,0.0035000000000000447,-0.4166666666666666,0.25,0.0,0.25,-0.4166666666666666,0.25,0.0,0.25,-0.4166666666666666,0.25,0.0,0.25,1,OD2,1,0.048014323385306,0.6000000000000001
qwen_instruct,h2_choice,65,main,AsHr,-1.1322499999999998,0.532175,-0.24072499999999997,0.29145,0.09498333333333335,0.07192500000000002,0.06657500000000002,0.01615000000000001,-0.09498333333333331,0.07192499999999999,-0.06657500000000002,-0.016150000000000025,-1.083333333333333,0.5,0.0,0.5,0.25,0.25,0.0,0.0,-0.25,0.25,0.0,0.0,6,MP,0,0.68329601758822,2.0
qwen_instruct,h2_choice,65,main,AsNc,-0.7694333333333333,0.377325,-0.07705,0.300275,-0.007750000000000008,0.022274999999999975,-0.018099999999999998,-0.018324999999999994,-0.007750000000000008,0.022274999999999975,-0.018099999999999998,-0.018324999999999994,0.0,0.0,0.0,0.0,0.0,0.0,0.0,0.0,0.0,0.0,0.0,0.0,3,OD2,1,0.1634843772232312,0.8
qwen_instruct,h2_choice,65,main,AsPc,-1.0187,0.49077499999999996,-0.1974,0.293375,-0.20479999999999998,0.14264999999999997,-0.12974999999999998,-0.03217500000000001,-0.20479999999999998,0.14264999999999997,-0.12974999999999998,-0.03217500000000001,-0.9999999999999999,0.5,0.0,0.5,-0.9999999999999999,0.5,0.0,0.5,-0.9999999999999999,0.5,0.0,0.5,5,OD2,1,-0.1829257842905442,0.2
qwen_instruct,h2_choice,65,main,AsPd,-1.1042999999999996,0.517625,-0.25834999999999997,0.259275,0.0586166666666667,0.05620000000000004,-0.029450000000000004,-0.05362500000000002,-0.058616666666666664,0.05620000000000003,0.02945000000000003,0.053625000000000034,-0.9999999999999999,0.5,0.0,0.5,0.16666666666666669,0.25,0.0,0.0,-0.16666666666666669,0.25,0.0,0.0,6,OD1,1,0.3944244848990815,1.2
qwen_instruct,h2_choice,65,main,AsSh,-1.108883333333333,0.52125,-0.151225,0.37002500000000005,0.009733333333333278,0.03502499999999998,-0.023925000000000023,-0.032475000000000004,0.009733333333333278,0.03502499999999998,-0.023925000000000023,-0.032475000000000004,-0.8333333333333331,0.5,0.0,0.5,0.0,0.0,0.0,0.0,0.0,0.0,0.0,0.0,3,CO1,2,-0.3437457694579421,0.6000000000000001
qwen_instruct,h2_choice,65,main,BaAs,-0.933033333333333,0.441975,-0.17265,0.269325,0.27335,0.13172500000000004,0.10945,-0.011725000000000013,0.27335,0.13172500000000004,0.10945,-0.011725000000000013,-0.6666666666666667,0.25,0.0,0.25,0.6666666666666667,0.25,0.0,-0.25,0.6666666666666667,0.25,0.0,-0.25,1,MP,0,0.5678259637502947,1.7999999999999998
qwen_instruct,h2_choice,65,main,BaBa,-0.897025,0.44989999999999997,-0.23427499999999998,0.215625,0.250975,0.20132499999999998,0.19122499999999998,0.062875,0.250975,0.20132499999999998,0.19122499999999998,0.062875,-1.0833333333333333,0.5,-0.25,0.25,1.0833333333333333,0.5,0.25,-0.25,1.0833333333333333,0.5,0.25,-0.25,3,CO2,2,-0.0169508502148298,0.2
qwen_instruct,h2_choice,65,main,BaCh,-1.0688333333333333,0.5285,-0.272125,0.256375,0.3016,0.2131,0.20312499999999997,0.051224999999999965,0.3016,0.2131,0.20312499999999997,0.051224999999999965,-0.9999999999999999,0.5,-0.25,0.25,0.9999999999999999,0.5,0.25,-0.25,0.9999999999999999,0.5,0.25,-0.25,4,CO2,2,0.1562542305420579,0.6000000000000001
qwen_instruct,h2_choice,65,main,BaCm,-0.6417083333333333,0.3405,-0.19020000000000004,0.15029999999999996,0.10889166666666666,0.157,0.157,0.08580000000000002,0.10889166666666666,0.157,0.157,0.08580000000000002,-0.41666666666666663,0.25,-0.25,0.0,0.41666666666666663,0.25,0.25,0.0,0.41666666666666663,0.25,0.25,0.0,1,OD1,1,0.2789544310611563,1.0
qwen_instruct,h2_choice,65,main,BaCo,-0.787075,0.395525,-0.1813,0.214225,0.27925833333333344,0.17095000000000005,0.15235000000000004,0.015624999999999986,0.27925833333333344,0.17095000000000005,0.15235000000000004,0.015624999999999986,-0.41666666666666663,0.25,-0.25,0.0,0.41666666666666663,0.25,0.25,0.0,0.41666666666666663,0.25,0.25,0.0,3,MP,0,0.4523559099123697,1.6
qwen_instruct,h2_choice,65,main,BaDl,-0.9971249999999999,0.48260000000000003,-0.2235,0.2591,0.4107416666666666,0.21009999999999998,0.18685,-0.0005499999999999949,0.4107416666666666,0.21009999999999998,0.18685,-0.0005499999999999949,-1.0833333333333333,0.5,-0.25,0.25,1.0833333333333333,0.5,0.25,-0.25,1.0833333333333333,0.5,0.25,-0.25,3,OD1,1,0.5098945387370066,1.4
qwen_instruct,h2_choice,65,main,BaHa,-0.9400083333333334,0.463325,-0.21405000000000002,0.249275,0.26392499999999997,0.18434999999999996,0.15775,0.03082500000000002,-0.26392499999999997,0.18434999999999996,-0.15775,-0.03082500000000002,-0.41666666666666663,0.25,-0.25,0.0,0.41666666666666663,0.25,0.25,0.0,-0.41666666666666663,0.25,-0.25,0.0,2,OD2,1,0.048014323385306,0.6000000000000001
qwen_instruct,h2_choice,65,main,BaHr,-0.6389499999999999,0.33025000000000004,-0.17170000000000002,0.15855,0.1143833333333334,0.15220000000000003,0.14245000000000002,0.08185,0.1143833333333334,0.15220000000000003,0.14245000000000002,0.08185,-0.5833333333333334,0.25,-0.25,0.0,0.5833333333333334,0.25,0.25,0.0,0.5833333333333334,0.25,0.25,0.0,5,CO1,2,0.069651690163614,0.3999999999999999
qwen_instruct,h2_choice,65,main,BaNc,-0.7977666666666665,0.37975,-0.1255,0.25425,0.12850000000000006,0.05575000000000003,0.03230000000000002,-0.023450000000000006,-0.12850000000000006,0.05575000000000002,-0.032299999999999995,0.023450000000000026,0.0,0.0,0.0,0.0,0.0,0.0,0.0,0.0,0.0,0.0,0.0,0.0,4,OD2,1,0.1634843772232312,0.8
qwen_instruct,h2_choice,65,main,BaPc,-0.9576416666666666,0.47735000000000005,-0.24577500000000002,0.231575,0.37750833333333333,0.226275,0.207675,0.025075000000000014,-0.37750833333333333,0.226275,-0.207675,-0.025075000000000014,-0.8333333333333331,0.5,-0.25,0.25,0.8333333333333331,0.5,0.25,-0.25,-0.8333333333333331,0.5,-0.25,0.25,6,OD2,1,0.2789544310611563,1.0
qwen_instruct,h2_choice,65,main,BaPd,-0.90795,0.453675,-0.2633,0.19037500000000002,0.22283333333333324,0.19415,0.19415,0.07587500000000001,0.22283333333333324,0.19415,0.19415,0.07587500000000001,-1.0833333333333333,0.5,-0.25,0.25,1.0833333333333333,0.5,0.25,-0.25,1.0833333333333333,0.5,0.25,-0.25,5,OD1,1,0.3944244848990815,1.2
qwen_instruct,h2_choice,65,main,BaSh,-0.7475833333333333,0.3637,-0.10325000000000001,0.26045,0.0633333333333333,0.0368,0.03194999999999999,0.0021000000000000185,0.0633333333333333,0.0368,0.03194999999999999,0.0021000000000000185,0.0,0.0,0.0,0.0,0.0,0.0,0.0,0.0,0.0,0.0,0.0,0.0,5,MP,0,0.3368858560744445,1.4
qwen_instruct,h2_choice,65,main,ChAs,-0.7926083333333332,0.38327500000000003,-0.1755,0.20777500000000002,0.10877499999999994,0.09614999999999999,0.09129999999999999,0.042575,0.10877499999999994,0.09614999999999999,0.09129999999999999,0.042575,-0.4166666666666666,0.25,0.0,0.25,0.4166666666666666,0.25,0.0,-0.25,0.4166666666666666,0.25,0.0,-0.25,7,MP,0,0.3368858560744445,1.4
qwen_instruct,h2_choice,65,main,ChBa,-0.7539416666666667,0.387975,-0.245075,0.14290000000000003,0.4039416666666667,0.246,0.23157499999999998,0.027299999999999977,0.4039416666666667,0.246,0.23157499999999998,0.027299999999999977,-1.0833333333333333,0.5,-0.5,0.0,1.0833333333333333,0.5,0.5,0.0,1.0833333333333333,0.5,0.5,0.0,5,CO2,2,0.1562542305420579,0.6000000000000001
qwen_instruct,h2_choice,65,main,ChCh,-0.8031333333333333,0.378125,-0.09625,0.281875,0.3042500000000001,0.138225,0.06740000000000002,-0.05407500000000001,0.3042500000000001,0.138225,0.06740000000000002,-0.05407500000000001,0.0,0.0,0.0,0.0,0.0,0.0,0.0,0.0,0.0,0.0,0.0,0.0,6,CO2,2,0.2428567709205017,0.8
qwen_instruct,h2_choice,65,main,ChCm,-0.8810916666666666,0.4487,-0.26897499999999996,0.179725,0.32382500000000003,0.23357499999999998,0.23357499999999998,0.06952499999999998,0.32382500000000003,0.23357499999999998,0.23357499999999998,0.06952499999999998,-1.0833333333333333,0.5,-0.5,0.0,1.0833333333333333,0.5,0.5,0.0,1.0833333333333333,0.5,0.5,0.0,7,OD1,1,0.6253645925749319,1.6
qwen_instruct,h2_choice,65,main,ChCo,-0.7855083333333334,0.39147499999999996,-0.1966,0.19487499999999996,0.15179166666666663,0.153975,0.14275000000000002,0.07192500000000002,0.15179166666666663,0.153975,0.14275000000000002,0.07192500000000002,-0.6666666666666667,0.25,0.0,0.25,0.6666666666666667,0.25,0.0,-0.25,0.6666666666666667,0.25,0.0,-0.25,9,MP,0,0.1059457483985941,1.0
qwen_instruct,h2_choice,65,main,ChDl,-0.6846583333333333,0.356325,-0.212775,0.14354999999999998,0.334725,0.21755,0.19792500000000002,0.025,0.334725,0.21755,0.19792500000000002,0.025,-1.0833333333333333,0.5,-0.25,0.25,1.0833333333333333,0.5,0.25,-0.25,1.0833333333333333,0.5,0.25,-0.25,9,OD1,1,0.7408346464128569,1.7999999999999998
qwen_instruct,h2_choice,65,main,ChHa,-0.7633749999999997,0.3796,-0.210275,0.169325,0.044591666666666654,0.12027499999999998,0.12027499999999998,0.08827499999999999,-0.044591666666666745,0.12027499999999999,-0.12027499999999999,-0.08827499999999999,-0.5833333333333334,0.25,-0.25,0.0,0.5833333333333334,0.25,0.25,0.0,-0.5833333333333334,0.25,-0.25,0.0,8,OD2,1,-0.1829257842905442,0.2
qwen_instruct,h2_choice,65,main,ChHr,-0.611375,0.32062500000000005,-0.195475,0.12515,0.28184166666666666,0.18972499999999998,0.18267499999999998,0.035599999999999986,0.28184166666666666,0.18972499999999998,0.18267499999999998,0.035599999999999986,-0.5833333333333334,0.25,-0.25,0.0,0.5833333333333334,0.25,0.25,0.0,0.5833333333333334,0.25,0.25,0.0,6,CO1,2,0.3294593112989456,1.0
qwen_instruct,h2_choice,65,main,CmAs,-0.33489166666666675,0.17670000000000002,-0.07285000000000003,0.10385,-0.005108333333333293,0.062375,0.06065000000000003,0.062000000000000006,0.005108333333333298,0.062375000000000014,-0.06065000000000004,-0.06200000000000003,0.0,0.0,0.0,0.0,0.0,0.0,0.0,0.0,0.0,0.0,0.0,0.0,8,OD1,1,0.2694301256218253,1.7999999999999998
qwen_instruct,h2_choice,65,main,CmCm,-0.11696666666666664,0.06512499999999999,-0.028524999999999977,0.03660000000000001,0.012850000000000002,0.027824999999999978,0.027824999999999978,0.021699999999999987,-0.012849999999999999,0.02782499999999999,-0.02782499999999999,-0.021699999999999997,0.0,0.0,0.0,0.0,0.0,0.0,0.0,0.0,0.0,0.0,0.0,0.0,2,DD,1,-0.3079201435678004,0.8
qwen_instruct,h2_choice,65,main,CmDl,-0.19067500000000004,0.10370000000000001,-0.04319999999999999,0.06050000000000003,0.01410833333333339,0.04114999999999999,0.04114999999999999,0.03484999999999997,-0.014108333333333386,0.04114999999999999,-0.04114999999999999,-0.034849999999999964,0.0,0.0,0.0,0.0,0.0,0.0,0.0,0.0,0.0,0.0,0.0,0.0,4,DD,1,0.0384900179459749,1.4
qwen_instruct,h2_choice,65,main,CmHa,-0.17899166666666663,0.09555,-0.035775,0.05977499999999999,-0.0193416666666667,0.04232500000000002,0.030275,0.04232500000000002,0.019341666666666684,0.042325,-0.030274999999999996,-0.042325,0.0,0.0,0.0,0.0,0.0,0.0,0.0,0.0,0.0,0.0,0.0,0.0,6,DD,1,0.0384900179459749,1.4
qwen_instruct,h2_choice,65,main,CmNc,-0.14673333333333333,0.07965000000000001,-0.01895000000000002,0.06069999999999999,-0.0636666666666666,0.05167499999999999,0.015000000000000019,0.05164999999999999,0.0636666666666666,0.051675,-0.015000000000000013,-0.051649999999999974,0.0,0.0,0.0,0.0,0.0,0.0,0.0,0.0,0.0,0.0,0.0,0.0,8,DD,1,0.2694301256218253,1.7999999999999998
qwen_instruct,h2_choice,65,main,CoAs,-0.8121416666666664,0.410575,-0.238025,0.17255,-0.3543416666666667,0.2288,-0.21097499999999997,-0.03829999999999997,-0.3543416666666667,0.2288,-0.21097499999999997,-0.03829999999999997,-1.583333333333333,0.75,-0.25,0.5,-0.5833333333333334,0.5,-0.25,0.0,-0.5833333333333334,0.5,-0.25,0.0,7,CO2,2,-0.6035533905932737,0.0
qwen_instruct,h2_choice,65,main,CoCo,-0.8697583333333332,0.443325,-0.26277500000000004,0.18055,-0.3903083333333334,0.24872500000000003,-0.240325,-0.04450000000000001,-0.3903083333333334,0.24872500000000003,-0.240325,-0.04450000000000001,-1.0833333333333333,0.5,-0.5,0.0,-1.0833333333333333,0.5,-0.5,0.0,-1.0833333333333333,0.5,-0.5,0.0,7,CO1,2,-0.5169508502148299,0.2
qwen_instruct,h2_choice,65,main,CoSh,-0.758925,0.388,-0.2221,0.16590000000000005,-0.41040833333333343,0.242675,-0.2117,-0.009149999999999964,-0.41040833333333343,0.242675,-0.2117,-0.009149999999999964,-1.0833333333333333,0.5,-0.25,0.25,-1.0833333333333333,0.5,-0.25,0.25,-1.0833333333333333,0.5,-0.25,0.25,8,CO2,2,-0.5169508502148299,0.2
qwen_instruct,h2_choice,65,main,HaAs,-0.2889166666666666,0.15935,-0.08445,0.07489999999999998,-0.08996666666666672,0.08729999999999999,-0.08285000000000001,-0.035250000000000004,-0.08996666666666672,0.08729999999999999,-0.08285000000000001,-0.035250000000000004,0.0,0.0,0.0,0.0,0.0,0.0,0.0,0.0,0.0,0.0,0.0,0.0,7,OD2,1,-0.4233901974057255,0.6000000000000001
qwen_instruct,h2_choice,65,main,HaBa,-0.36711666666666665,0.186975,-0.05630000000000001,0.13067499999999999,0.19173333333333334,0.11835000000000001,-0.01454999999999998,-0.10762499999999997,0.19173333333333334,0.11835000000000001,-0.01454999999999998,-0.10762499999999997,0.0,0.0,0.0,0.0,0.0,0.0,0.0,0.0,0.0,0.0,0.0,0.0,9,OD2,1,-0.4233901974057255,0.6000000000000001
qwen_instruct,h2_choice,65,main,HaCm,-0.5884249999999999,0.301325,-0.133625,0.16770000000000002,0.11822499999999989,0.12432499999999999,-0.067525,-0.11509999999999998,0.11822499999999989,0.12432499999999999,-0.067525,-0.11509999999999998,-0.41666666666666663,0.25,-0.25,0.0,-0.41666666666666663,0.25,-0.25,0.0,-0.41666666666666663,0.25,-0.25,0.0,1,DD,1,0.0384900179459749,1.4
qwen_instruct,h2_choice,65,main,HaDl,-0.30061666666666664,0.16085,-0.055125,0.10572499999999999,0.06618333333333346,0.08217500000000003,-0.04622499999999999,-0.08217500000000003,0.06618333333333346,0.08217500000000003,-0.04622499999999999,-0.08217500000000003,0.0,0.0,0.0,0.0,0.0,0.0,0.0,0.0,0.0,0.0,0.0,0.0,3,DD,1,-0.1924500897298753,1.0
qwen_instruct,h2_choice,65,main,HaHa,-0.2797583333333333,0.15265,-0.07177500000000002,0.08087499999999999,-0.037058333333333304,0.06972500000000001,-0.06847500000000001,-0.049925,-0.037058333333333304,0.06972500000000001,-0.06847500000000001,-0.049925,0.0,0.0,0.0,0.0,0.0,0.0,0.0,0.0,0.0,0.0,0.0,0.0,5,DD,1,-0.6543303050815759,0.2
qwen_instruct,h2_choice,65,main,HaNc,-0.17459166666666662,0.09402499999999998,-0.017874999999999985,0.07615,0.10162499999999997,0.06605,-0.008124999999999993,-0.06255,0.10162499999999997,0.06605,-0.008124999999999993,-0.06255,0.0,0.0,0.0,0.0,0.0,0.0,0.0,0.0,0.0,0.0,0.0,0.0,7,DD,1,-0.7698003589195012,0.0
qwen_instruct,h2_choice,65,main,HaPc,-0.3475666666666666,0.1878,-0.0869,0.10089999999999999,-0.043516666666666655,0.07995000000000002,-0.07995000000000002,-0.05695000000000003,-0.043516666666666655,0.07995000000000002,-0.07995000000000002,-0.05695000000000003,0.0,0.0,0.0,0.0,0.0,0.0,0.0,0.0,0.0,0.0,0.0,0.0,9,DD,1,-0.4233901974057255,0.6000000000000001
qwen_instruct,h2_choice,65,main,HrAs,-0.7337916666666665,0.37927500000000003,-0.223825,0.15545,0.2215083333333334,0.183425,0.18217500000000003,0.05934999999999999,-0.2215083333333334,0.18342499999999998,-0.18217499999999998,-0.05934999999999996,-0.6666666666666667,0.25,-0.25,0.0,0.6666666666666667,0.25,0.25,0.0,-0.6666666666666667,0.25,-0.25,0.0,8,MP,0,0.68329601758822,2.0
qwen_instruct,h2_choice,65,main,HrBa,-0.45192499999999985,0.24045,-0.11555000000000001,0.12489999999999998,0.026725000000000058,0.09770000000000002,0.09770000000000002,0.0804,-0.0267250000000001,0.09770000000000001,-0.09770000000000001,-0.08039999999999997,-0.41666666666666663,0.25,-0.25,0.0,0.41666666666666663,0.25,0.25,0.0,-0.41666666666666663,0.25,-0.25,0.0,2,CO1,2,0.069651690163614,0.3999999999999999
qwen_instruct,h2_choice,65,main,HrCh,-0.3488916666666666,0.18464999999999998,-0.09669999999999998,0.08795000000000001,0.08060833333333334,0.09147499999999999,0.09004999999999999,0.04994999999999998,-0.08060833333333331,0.09147499999999997,-0.09004999999999996,-0.04994999999999997,0.0,0.0,0.0,0.0,0.0,0.0,0.0,0.0,0.0,0.0,0.0,0.0,4,CO1,2,0.3294593112989456,1.0
qwen_instruct,h2_choice,65,main,HrHr,-0.5546499999999998,0.28712499999999996,-0.13459999999999997,0.15252500000000002,-0.011949999999999968,0.10535,0.10304999999999999,0.10132499999999998,0.011950000000000047,0.10535,-0.10304999999999997,-0.101325,-0.41666666666666663,0.25,-0.25,0.0,0.41666666666666663,0.25,0.25,0.0,-0.41666666666666663,0.25,-0.25,0.0,2,CO2,2,-0.0169508502148298,0.2
qwen_instruct,h2_choice,65,main,ShAs,-0.9084916666666665,0.43205,-0.1065,0.32555,0.12237500000000001,0.05245,0.012549999999999999,-0.0393,0.12237500000000001,0.05245,0.012549999999999999,-0.0393,-0.4166666666666666,0.25,0.0,0.25,0.4166666666666666,0.25,0.0,-0.25,0.4166666666666666,0.25,0.0,-0.25,8,CO1,2,-0.3437457694579421,0.6000000000000001
qwen_instruct,h2_choice,65,main,ShCo,-0.8797416666666664,0.42105,-0.13315,0.2879,-0.10222499999999998,0.07915,-0.06665,-0.026600000000000026,-0.10222499999999998,0.07915,-0.06665,-0.026600000000000026,0.0,0.0,0.0,0.0,0.0,0.0,0.0,0.0,0.0,0.0,0.0,0.0,9,CO2,2,-0.5169508502148299,0.2
qwen_instruct,h2_choice,65,main,ShSh,-0.9174083333333333,0.43755,-0.109025,0.328525,-0.0720583333333333,0.032300000000000016,-0.018874999999999996,0.010774999999999979,-0.0720583333333333,0.032300000000000016,-0.018874999999999996,0.010774999999999979,0.0,0.0,0.0,0.0,0.0,0.0,0.0,0.0,0.0,0.0,0.0,0.0,9,CO1,2,-0.2571432290794982,0.8
qwen_instruct,h2_choice,65,main_perp,AsAs,-0.9519249999999999,0.452775,-0.10844999999999999,0.344325,0.07227499999999996,0.038050000000000014,0.025650000000000027,-0.0056249999999999495,0.07227499999999996,0.038050000000000014,0.025650000000000027,-0.0056249999999999495,-0.4166666666666666,0.25,0.0,0.25,0.4166666666666666,0.25,0.0,-0.25,0.4166666666666666,0.25,0.0,-0.25,1,CO1,2,-0.5169508502148299,0.2
qwen_instruct,h2_choice,65,main_perp,AsBa,-1.0373916666666665,0.494325,-0.20082499999999998,0.29350000000000004,-0.09987499999999998,0.04382499999999998,-0.027275000000000008,0.015899999999999997,0.09987499999999999,0.043824999999999975,0.02727500000000002,-0.015899999999999997,-0.8333333333333331,0.5,0.0,0.5,0.0,0.0,0.0,0.0,0.0,0.0,0.0,0.0,2,MP,0,0.5678259637502947,1.7999999999999998
qwen_instruct,h2_choice,65,main_perp,AsCh,-0.9272333333333332,0.442125,-0.17889999999999998,0.26322500000000004,0.11176666666666668,0.05322500000000002,0.04195000000000003,-0.00937499999999998,-0.1117666666666667,0.05322500000000002,-0.041950000000000015,0.009374999999999994,0.0,0.0,0.0,0.0,0.0,0.0,0.0,0.0,0.0,0.0,0.0,0.0,4,MP,0,0.3368858560744445,1.4
qwen_instruct,h2_choice,65,main_perp,AsCm,-0.9383499999999999,0.462025,-0.21635,0.245675,0.21115000000000012,0.18172500000000003,0.16825,0.070275,-0.21115000000000006,0.181725,-0.16824999999999998,-0.07027499999999998,-0.8333333333333331,0.5,-0.25,0.25,0.8333333333333331,0.5,0.25,-0.25,-0.8333333333333331,0.5,-0.25,0.25,2,OD1,1,0.7408346464128569,1.7999999999999998
qwen_instruct,h2_choice,65,main_perp,AsCo,-0.9992333333333333,0.476425,-0.21337499999999998,0.26305,0.03590000000000001,0.033449999999999994,-0.01707499999999998,-0.033449999999999994,0.03590000000000001,0.033449999999999994,-0.01707499999999998,-0.033449999999999994,-0.8333333333333331,0.5,0.0,0.5,0.0,0.0,0.0,0.0,0.0,0.0,0.0,0.0,1,CO2,2,-0.6035533905932737,0.0
qwen_instruct,h2_choice,65,main_perp,AsDl,-0.9967249999999996,0.479425,-0.182825,0.2966,0.21124166666666674,0.13967500000000005,0.118675,0.03139999999999997,-0.21124166666666666,0.13967500000000002,-0.11867499999999997,-0.031399999999999983,-0.5833333333333333,0.25,0.0,0.25,0.5833333333333333,0.25,0.0,-0.25,-0.5833333333333333,0.25,0.0,0.25,4,OD1,1,0.5098945387370066,1.4
qwen_instruct,h2_choice,65,main_perp,AsHa,-0.8691833333333331,0.4217,-0.119475,0.302225,-0.16611666666666666,0.08634999999999997,-0.06867499999999999,0.003375000000000003,-0.16611666666666666,0.08634999999999997,-0.06867499999999999,0.003375000000000003,-0.4166666666666666,0.25,0.0,0.25,-0.4166666666666666,0.25,0.0,0.25,-0.4166666666666666,0.25,0.0,0.25,1,OD2,1,0.048014323385306,0.6000000000000001
qwen_instruct,h2_choice,65,main_perp,AsHr,-1.1117833333333331,0.524575,-0.2392,0.285375,0.06614999999999999,0.08160000000000002,0.06590000000000003,0.03732500000000004,-0.06614999999999999,0.08160000000000003,-0.06590000000000004,-0.03732500000000005,-1.083333333333333,0.5,0.0,0.5,0.25,0.25,0.0,0.0,-0.25,0.25,0.0,0.0,6,MP,0,0.68329601758822,2.0
qwen_instruct,h2_choice,65,main_perp,AsNc,-0.7745166666666666,0.378275,-0.07675,0.301525,-0.004900000000000009,0.02077499999999999,-0.01784999999999999,-0.01772499999999999,-0.004900000000000009,0.02077499999999999,-0.01784999999999999,-0.01772499999999999,0.0,0.0,0.0,0.0,0.0,0.0,0.0,0.0,0.0,0.0,0.0,0.0,3,OD2,1,0.1634843772232312,0.8
qwen_instruct,h2_choice,65,main_perp,AsPc,-1.0134166666666664,0.482,-0.196225,0.285775,-0.20404999999999998,0.14035,-0.128575,-0.040025000000000005,-0.20404999999999998,0.14035,-0.128575,-0.040025000000000005,-1.083333333333333,0.5,0.0,0.5,-1.083333333333333,0.5,0.0,0.5,-1.083333333333333,0.5,0.0,0.5,5,OD2,1,-0.1829257842905442,0.2
qwen_instruct,h2_choice,65,main_perp,AsPd,-1.096075,0.509225,-0.256675,0.25255,0.010491666666666656,0.031149999999999997,-0.028475,-0.031149999999999997,-0.01049166666666662,0.03115000000000001,0.028475000000000028,0.03115000000000001,-0.9999999999999999,0.5,0.0,0.5,0.16666666666666669,0.25,0.0,0.0,-0.16666666666666669,0.25,0.0,0.0,6,OD1,1,0.3944244848990815,1.2
qwen_instruct,h2_choice,65,main_perp,AsSh,-1.0547,0.490175,-0.15065,0.339525,0.025399999999999954,0.034675,-0.023500000000000014,-0.032975000000000004,0.025399999999999954,0.034675,-0.023500000000000014,-0.032975000000000004,-0.8333333333333331,0.5,0.0,0.5,0.0,0.0,0.0,0.0,0.0,0.0,0.0,0.0,3,CO1,2,-0.3437457694579421,0.6000000000000001
qwen_instruct,h2_choice,65,main_perp,BaAs,-0.8815166666666666,0.420475,-0.17257499999999998,0.2479,0.25415,0.133475,0.10952500000000001,-0.003699999999999995,0.25415,0.133475,0.10952500000000001,-0.003699999999999995,-0.6666666666666667,0.25,0.0,0.25,0.6666666666666667,0.25,0.0,-0.25,0.6666666666666667,0.25,0.0,-0.25,1,MP,0,0.5678259637502947,1.7999999999999998
qwen_instruct,h2_choice,65,main_perp,BaBa,-0.8916666666666665,0.44225000000000003,-0.226425,0.21582500000000002,0.24718333333333337,0.1919,0.18342499999999998,0.061974999999999975,0.24718333333333337,0.1919,0.18342499999999998,0.061974999999999975,-1.0833333333333333,0.5,-0.25,0.25,1.0833333333333333,0.5,0.25,-0.25,1.0833333333333333,0.5,0.25,-0.25,3,CO2,2,-0.0169508502148298,0.2
qwen_instruct,h2_choice,65,main_perp,BaCh,-1.0524583333333333,0.511975,-0.269325,0.24264999999999998,0.315075,0.20042499999999996,0.20042499999999996,0.03719999999999998,0.315075,0.20042499999999996,0.20042499999999996,0.03719999999999998,-0.9999999999999999,0.5,-0.25,0.25,0.9999999999999999,0.5,0.25,-0.25,0.9999999999999999,0.5,0.25,-0.25,4,CO2,2,0.1562542305420579,0.6000000000000001
qwen_instruct,h2_choice,65,main_perp,BaCm,-0.6002666666666667,0.31165000000000004,-0.16967500000000002,0.14197500000000002,0.09188333333333333,0.136575,0.136575,0.08137500000000002,0.09188333333333333,0.136575,0.136575,0.08137500000000002,-0.41666666666666663,0.25,-0.25,0.0,0.41666666666666663,0.25,0.25,0.0,0.41666666666666663,0.25,0.25,0.0,1,OD1,1,0.2789544310611563,1.0
qwen_instruct,h2_choice,65,main_perp,BaCo,-0.7736583333333332,0.388725,-0.18087499999999998,0.20785,0.2655583333333333,0.17392499999999997,0.15197499999999997,0.024849999999999997,0.2655583333333333,0.17392499999999997,0.15197499999999997,0.024849999999999997,-0.41666666666666663,0.25,-0.25,0.0,0.41666666666666663,0.25,0.25,0.0,0.41666666666666663,0.25,0.25,0.0,3,MP,0,0.4523559099123697,1.6
qwen_instruct,h2_choice,65,main_perp,BaDl,-0.9894916666666663,0.47385,-0.22074999999999997,0.2531,0.40117500000000006,0.22209999999999996,0.18419999999999997,0.005699999999999983,0.40117500000000006,0.22209999999999996,0.18419999999999997,0.005699999999999983,-1.0833333333333333,0.5,-0.25,0.25,1.0833333333333333,0.5,0.25,-0.25,1.0833333333333333,0.5,0.25,-0.25,3,OD1,1,0.5098945387370066,1.4
qwen_instruct,h2_choice,65,main_perp,BaHa,-0.9088416666666665,0.44547500000000007,-0.21017500000000003,0.2353,0.2817916666666666,0.18057499999999996,0.15397499999999997,0.016649999999999998,-0.2817916666666666,0.18057499999999996,-0.153975,-0.016649999999999998,-0.41666666666666663,0.25,-0.25,0.0,0.41666666666666663,0.25,0.25,0.0,-0.41666666666666663,0.25,-0.25,0.0,2,OD2,1,0.048014323385306,0.6000000000000001
qwen_instruct,h2_choice,65,main_perp,BaHr,-0.6222749999999999,0.319675,-0.16299999999999998,0.156675,0.10092499999999993,0.13659999999999997,0.13374999999999998,0.08372500000000001,0.10092499999999993,0.13659999999999997,0.13374999999999998,0.08372500000000001,-0.5833333333333334,0.25,-0.25,0.0,0.5833333333333334,0.25,0.25,0.0,0.5833333333333334,0.25,0.25,0.0,5,CO1,2,0.069651690163614,0.3999999999999999
qwen_instruct,h2_choice,65,main_perp,BaNc,-0.8126166666666667,0.3872,-0.1255,0.2617,0.14776666666666669,0.0632,0.03230000000000002,-0.030899999999999983,-0.14776666666666666,0.06319999999999998,-0.032299999999999995,0.030899999999999983,0.0,0.0,0.0,0.0,0.0,0.0,0.0,0.0,0.0,0.0,0.0,0.0,4,OD2,1,0.1634843772232312,0.8
qwen_instruct,h2_choice,65,main_perp,BaPc,-0.9287833333333333,0.4629,-0.240825,0.22207499999999997,0.3702333333333333,0.22104999999999997,0.20277499999999998,0.022525000000000017,-0.3702333333333333,0.22105,-0.20277499999999998,-0.022525000000000017,-0.8333333333333331,0.5,-0.25,0.25,0.8333333333333331,0.5,0.25,-0.25,-0.8333333333333331,0.5,-0.25,0.25,6,OD2,1,0.2789544310611563,1.0
qwen_instruct,h2_choice,65,main_perp,BaPd,-0.8932249999999999,0.44447499999999995,-0.2537,0.190775,0.23069166666666674,0.18465,0.18465,0.06282499999999999,0.23069166666666674,0.18465,0.18465,0.06282499999999999,-1.0833333333333333,0.5,-0.25,0.25,1.0833333333333333,0.5,0.25,-0.25,1.0833333333333333,0.5,0.25,-0.25,5,OD1,1,0.3944244848990815,1.2
qwen_instruct,h2_choice,65,main_perp,BaSh,-0.7351666666666664,0.35702500000000004,-0.103175,0.25385,0.07614999999999995,0.03754999999999998,0.03197499999999999,-0.00449999999999999,0.07614999999999995,0.03754999999999998,0.03197499999999999,-0.00449999999999999,0.0,0.0,0.0,0.0,0.0,0.0,0.0,0.0,0.0,0.0,0.0,0.0,5,MP,0,0.3368858560744445,1.4
qwen_instruct,h2_choice,65,main_perp,ChAs,-0.7702666666666668,0.3713,-0.16745,0.20385000000000003,0.08300000000000002,0.08652499999999999,0.0836,0.04675,0.08300000000000002,0.08652499999999999,0.0836,0.04675,-0.4166666666666666,0.25,0.0,0.25,0.4166666666666666,0.25,0.0,-0.25,0.4166666666666666,0.25,0.0,-0.25,7,MP,0,0.3368858560744445,1.4
qwen_instruct,h2_choice,65,main_perp,ChBa,-0.6997166666666667,0.3625,-0.22594999999999998,0.13655,0.3673,0.22675,0.21244999999999997,0.024749999999999987,0.3673,0.22675,0.21244999999999997,0.024749999999999987,-0.6666666666666667,0.25,-0.25,0.0,0.6666666666666667,0.25,0.25,0.0,0.6666666666666667,0.25,0.25,0.0,5,CO2,2,0.1562542305420579,0.6000000000000001
qwen_instruct,h2_choice,65,main_perp,ChCh,-0.803658333333333,0.38255,-0.09620000000000001,0.28635,0.34789166666666665,0.14770000000000003,0.06735000000000002,-0.08035,0.34789166666666665,0.14770000000000003,0.06735000000000002,-0.08035,0.0,0.0,0.0,0.0,0.0,0.0,0.0,0.0,0.0,0.0,0.0,0.0,6,CO2,2,0.2428567709205017,0.8
qwen_instruct,h2_choice,65,main_perp,ChCm,-0.8109499999999997,0.41609999999999997,-0.25837499999999997,0.157725,0.30423333333333336,0.22302499999999997,0.22302499999999997,0.06787499999999998,0.30423333333333336,0.22302499999999997,0.22302499999999997,0.06787499999999998,-1.0833333333333333,0.5,-0.5,0.0,1.0833333333333333,0.5,0.5,0.0,1.0833333333333333,0.5,0.5,0.0,7,OD1,1,0.6253645925749319,1.6
qwen_instruct,h2_choice,65,main_perp,ChCo,-0.7628999999999999,0.38059999999999994,-0.188775,0.19182499999999997,0.15231666666666666,0.146225,0.134975,0.06132500000000002,0.15231666666666666,0.146225,0.134975,0.06132500000000002,-0.6666666666666667,0.25,0.0,0.25,0.6666666666666667,0.25,0.0,-0.25,0.6666666666666667,0.25,0.0,-0.25,9,MP,0,0.1059457483985941,1.0
qwen_instruct,h2_choice,65,main_perp,ChDl,-0.6612666666666667,0.342075,-0.20492500000000002,0.13715,0.3449333333333333,0.20999999999999996,0.190125,0.01295000000000001,0.3449333333333333,0.20999999999999996,0.190125,0.01295000000000001,-1.0833333333333333,0.5,-0.25,0.25,1.0833333333333333,0.5,0.25,-0.25,1.0833333333333333,0.5,0.25,-0.25,9,OD1,1,0.7408346464128569,1.7999999999999998
qwen_instruct,h2_choice,65,main_perp,ChHa,-0.7198000000000001,0.35777499999999995,-0.20237499999999997,0.15539999999999998,0.025483333333333334,0.115175,0.11247499999999999,0.08755,-0.025483333333333358,0.115175,-0.11247499999999999,-0.08754999999999999,-0.5833333333333334,0.25,-0.25,0.0,0.5833333333333334,0.25,0.25,0.0,-0.5833333333333334,0.25,-0.25,0.0,8,OD2,1,-0.1829257842905442,0.2
qwen_instruct,h2_choice,65,main_perp,ChHr,-0.5737916666666666,0.299825,-0.179125,0.1207,0.25864166666666677,0.17705000000000004,0.16637500000000002,0.03105,0.25864166666666677,0.17705000000000004,0.16637500000000002,0.03105,-0.5833333333333334,0.25,-0.25,0.0,0.5833333333333334,0.25,0.25,0.0,0.5833333333333334,0.25,0.25,0.0,6,CO1,2,0.3294593112989456,1.0
qwen_instruct,h2_choice,65,main_perp,CmAs,-0.2994749999999999,0.15864999999999999,-0.055775000000000026,0.10287499999999997,-0.044241666666666665,0.06717500000000001,0.04357500000000002,0.06717500000000001,0.044241666666666665,0.06717500000000001,-0.04357500000000003,-0.06717500000000001,0.0,0.0,0.0,0.0,0.0,0.0,0.0,0.0,0.0,0.0,0.0,0.0,8,OD1,1,0.2694301256218253,1.7999999999999998
qwen_instruct,h2_choice,65,main_perp,CmCm,-0.10902499999999996,0.060574999999999976,-0.023674999999999956,0.03690000000000002,-0.0006083333333333556,0.025624999999999985,0.022974999999999957,0.024749999999999973,0.0006083333333333535,0.02562499999999998,-0.022974999999999968,-0.024749999999999994,0.0,0.0,0.0,0.0,0.0,0.0,0.0,0.0,0.0,0.0,0.0,0.0,2,DD,1,-0.3079201435678004,0.8
qwen_instruct,h2_choice,65,main_perp,CmDl,-0.18086666666666668,0.098575,-0.04252499999999998,0.056050000000000016,0.015766666666666675,0.04240000000000001,0.04047499999999998,0.03319999999999998,-0.01576666666666666,0.04239999999999999,-0.04047499999999998,-0.03319999999999998,0.0,0.0,0.0,0.0,0.0,0.0,0.0,0.0,0.0,0.0,0.0,0.0,4,DD,1,0.0384900179459749,1.4
qwen_instruct,h2_choice,65,main_perp,CmHa,-0.16799999999999993,0.09009999999999999,-0.03537499999999999,0.05472499999999999,-0.018133333333333335,0.04042500000000001,0.02987499999999999,0.04042500000000001,0.01813333333333336,0.040425000000000016,-0.029874999999999985,-0.040425000000000016,0.0,0.0,0.0,0.0,0.0,0.0,0.0,0.0,0.0,0.0,0.0,0.0,6,DD,1,0.0384900179459749,1.4
qwen_instruct,h2_choice,65,main_perp,CmNc,-0.13360833333333333,0.07305,-0.01842500000000002,0.05462499999999998,-0.05729166666666665,0.045825000000000005,0.01447500000000002,0.045825000000000005,0.05729166666666665,0.045825000000000005,-0.014475000000000016,-0.045825000000000005,0.0,0.0,0.0,0.0,0.0,0.0,0.0,0.0,0.0,0.0,0.0,0.0,8,DD,1,0.2694301256218253,1.7999999999999998
qwen_instruct,h2_choice,65,main_perp,CoAs,-0.7820416666666666,0.395925,-0.22945000000000002,0.166475,-0.34082500000000004,0.2131,-0.2024,-0.031974999999999976,-0.34082500000000004,0.2131,-0.2024,-0.031974999999999976,-1.0833333333333333,0.5,-0.25,0.25,-1.0833333333333333,0.5,-0.25,0.25,-1.0833333333333333,0.5,-0.25,0.25,7,CO2,2,-0.6035533905932737,0.0
qwen_instruct,h2_choice,65,main_perp,CoCo,-0.8345166666666665,0.42919999999999997,-0.2545,0.17469999999999997,-0.37738333333333335,0.23805,-0.23205,-0.03860000000000002,-0.37738333333333335,0.23805,-0.23205,-0.03860000000000002,-1.0833333333333333,0.5,-0.5,0.0,-1.0833333333333333,0.5,-0.5,0.0,-1.0833333333333333,0.5,-0.5,0.0,7,CO1,2,-0.5169508502148299,0.2
qwen_instruct,h2_choice,65,main_perp,CoSh,-0.7598166666666665,0.391575,-0.2281,0.163475,-0.41155,0.24125,-0.21769999999999998,-0.01152499999999998,-0.41155,0.24125,-0.21769999999999998,-0.01152499999999998,-1.0833333333333333,0.5,-0.25,0.25,-1.0833333333333333,0.5,-0.25,0.25,-1.0833333333333333,0.5,-0.25,0.25,8,CO2,2,-0.5169508502148299,0.2
qwen_instruct,h2_choice,65,main_perp,HaAs,-0.2596583333333333,0.14245000000000002,-0.07340000000000002,0.06904999999999999,-0.0736583333333333,0.0776,-0.07180000000000003,-0.03340000000000004,-0.0736583333333333,0.0776,-0.07180000000000003,-0.03340000000000004,0.0,0.0,0.0,0.0,0.0,0.0,0.0,0.0,0.0,0.0,0.0,0.0,7,OD2,1,-0.4233901974057255,0.6000000000000001
qwen_instruct,h2_choice,65,main_perp,HaBa,-0.3565416666666666,0.1796,-0.050550000000000005,0.12905,0.20697499999999996,0.12154999999999999,-0.008799999999999975,-0.10924999999999996,0.20697499999999996,0.12154999999999999,-0.008799999999999975,-0.10924999999999996,0.0,0.0,0.0,0.0,0.0,0.0,0.0,0.0,0.0,0.0,0.0,0.0,9,OD2,1,-0.4233901974057255,0.6000000000000001
qwen_instruct,h2_choice,65,main_perp,HaCm,-0.5619249999999999,0.28164999999999996,-0.126375,0.155275,0.1292083333333333,0.12525,-0.06032499999999999,-0.11452499999999999,0.1292083333333333,0.12525,-0.06032499999999999,-0.11452499999999999,0.0,0.0,0.0,0.0,0.0,0.0,0.0,0.0,0.0,0.0,0.0,0.0,1,DD,1,0.0384900179459749,1.4
qwen_instruct,h2_choice,65,main_perp,HaDl,-0.2820833333333333,0.15115,-0.048175000000000016,0.10297499999999998,0.08006666666666673,0.08452500000000002,-0.039275000000000004,-0.08452500000000002,0.08006666666666673,0.08452500000000002,-0.039275000000000004,-0.08452500000000002,0.0,0.0,0.0,0.0,0.0,0.0,0.0,0.0,0.0,0.0,0.0,0.0,3,DD,1,-0.1924500897298753,1.0
qwen_instruct,h2_choice,65,main_perp,HaHa,-0.23871666666666666,0.13067499999999999,-0.05790000000000002,0.07277499999999998,-0.021033333333333352,0.05460000000000001,-0.05460000000000001,-0.04417499999999999,-0.021033333333333352,0.05460000000000001,-0.05460000000000001,-0.04417499999999999,0.0,0.0,0.0,0.0,0.0,0.0,0.0,0.0,0.0,0.0,0.0,0.0,5,DD,1,-0.6543303050815759,0.2
qwen_instruct,h2_choice,65,main_perp,HaNc,-0.16527499999999998,0.0883,-0.0152,0.0731,0.10249166666666662,0.06387499999999999,-0.00545000000000001,-0.06059999999999999,0.10249166666666662,0.06387499999999999,-0.00545000000000001,-0.06059999999999999,0.0,0.0,0.0,0.0,0.0,0.0,0.0,0.0,0.0,0.0,0.0,0.0,7,DD,1,-0.7698003589195012,0.0
qwen_instruct,h2_choice,65,main_perp,HaPc,-0.3275999999999999,0.175625,-0.07855000000000001,0.097075,-0.021616666666666704,0.07160000000000002,-0.07160000000000002,-0.06082500000000002,-0.021616666666666704,0.07160000000000002,-0.07160000000000002,-0.06082500000000002,0.0,0.0,0.0,0.0,0.0,0.0,0.0,0.0,0.0,0.0,0.0,0.0,9,DD,1,-0.4233901974057255,0.6000000000000001
qwen_instruct,h2_choice,65,main_perp,HrAs,-0.7007166666666667,0.35660000000000003,-0.21092500000000003,0.145675,0.2148166666666667,0.169375,0.169375,0.054974999999999996,-0.2148166666666667,0.169375,-0.169375,-0.054974999999999996,-0.6666666666666667,0.25,-0.25,0.0,0.6666666666666667,0.25,0.25,0.0,-0.6666666666666667,0.25,-0.25,0.0,8,MP,0,0.68329601758822,2.0
qwen_instruct,h2_choice,65,main_perp,HrBa,-0.4326249999999999,0.22952499999999998,-0.10547500000000001,0.12404999999999997,0.0055916666666667066,0.08767500000000002,0.08767500000000002,0.08125000000000002,-0.0055916666666667525,0.087675,-0.087675,-0.08124999999999999,-0.41666666666666663,0.25,-0.25,0.0,0.41666666666666663,0.25,0.25,0.0,-0.41666666666666663,0.25,-0.25,0.0,2,CO1,2,0.069651690163614,0.3999999999999999
qwen_instruct,h2_choice,65,main_perp,HrCh,-0.3371583333333332,0.179375,-0.09675,0.082625,0.0841083333333334,0.09010000000000001,0.09010000000000001,0.04602499999999998,-0.08410833333333335,0.09009999999999999,-0.09009999999999999,-0.04602499999999998,0.0,0.0,0.0,0.0,0.0,0.0,0.0,0.0,0.0,0.0,0.0,0.0,4,CO1,2,0.3294593112989456,1.0
qwen_instruct,h2_choice,65,main_perp,HrHr,-0.5147416666666665,0.2647,-0.12309999999999999,0.1416,-0.01770833333333328,0.0995,0.09154999999999998,0.09789999999999999,0.01770833333333334,0.0995,-0.09154999999999996,-0.09789999999999999,-0.41666666666666663,0.25,-0.25,0.0,0.41666666666666663,0.25,0.25,0.0,-0.41666666666666663,0.25,-0.25,0.0,2,CO2,2,-0.0169508502148298,0.2
qwen_instruct,h2_choice,65,main_perp,ShAs,-0.895508333333333,0.431,-0.10635,0.32465,0.11339166666666668,0.05325000000000002,0.012550000000000006,-0.040700000000000014,0.11339166666666668,0.05325000000000002,0.012550000000000006,-0.040700000000000014,-0.4166666666666666,0.25,0.0,0.25,0.4166666666666666,0.25,0.0,-0.25,0.4166666666666666,0.25,0.0,-0.25,8,CO1,2,-0.3437457694579421,0.6000000000000001
qwen_instruct,h2_choice,65,main_perp,ShCo,-0.8754916666666666,0.421325,-0.13255,0.288775,-0.07130833333333336,0.073875,-0.06615000000000001,-0.041975,-0.07130833333333336,0.073875,-0.06615000000000001,-0.041975,0.0,0.0,0.0,0.0,0.0,0.0,0.0,0.0,0.0,0.0,0.0,0.0,9,CO2,2,-0.5169508502148299,0.2
qwen_instruct,h2_choice,65,main_perp,ShSh,-0.8909499999999998,0.42225,-0.108875,0.313375,-0.04253333333333336,0.02905,-0.018824999999999995,-0.0039749999999999786,-0.04253333333333336,0.02905,-0.018824999999999995,-0.0039749999999999786,0.0,0.0,0.0,0.0,0.0,0.0,0.0,0.0,0.0,0.0,0.0,0.0,9,CO1,2,-0.2571432290794982,0.8
qwen_instruct,h2_choice,65,random,AsAs,-0.0022666666666666634,0.010350000000000002,0.009825,0.010350000000000002,0.012383333333333304,0.00932500000000002,0.007025000000000014,-0.00024999999999997247,0.012383333333333304,0.00932500000000002,0.007025000000000014,-0.00024999999999997247,0.0,0.0,0.0,0.0,0.0,0.0,0.0,0.0,0.0,0.0,0.0,0.0,1,CO1,2,-0.5169508502148299,0.2
qwen_instruct,h2_choice,65,random,AsBa,0.055058333333333306,0.02869999999999999,0.02659999999999999,-0.001149999999999993,-0.002708333333333346,0.009624999999999998,0.0002500000000000002,0.0008000000000000021,0.002708333333333331,0.009624999999999967,-0.0002500000000000002,-0.0007999999999999952,0.0,0.0,0.0,0.0,0.0,0.0,0.0,0.0,0.0,0.0,0.0,0.0,2,MP,0,0.5678259637502947,1.7999999999999998
qwen_instruct,h2_choice,65,random,AsCh,0.04933333333333332,0.02745,0.014925000000000004,-0.012524999999999994,-0.02800000000000003,0.015775000000000004,-0.01297499999999999,0.0011250000000000253,0.02800000000000006,0.01577500000000001,0.012975000000000014,-0.0011250000000000149,0.0,0.0,0.0,0.0,0.0,0.0,0.0,0.0,0.0,0.0,0.0,0.0,4,MP,0,0.3368858560744445,1.4
qwen_instruct,h2_choice,65,random,AsCm,0.04986666666666669,0.028575,0.021375000000000016,-0.0034750000000000007,-0.056383333333333306,0.030799999999999987,-0.021425000000000003,0.009374999999999986,0.05638333333333331,0.030799999999999994,0.021425000000000027,-0.009374999999999967,0.0,0.0,0.0,0.0,0.0,0.0,0.0,0.0,0.0,0.0,0.0,0.0,2,OD1,1,0.7408346464128569,1.7999999999999998
qwen_instruct,h2_choice,65,random,AsCo,0.02750833333333336,0.017025000000000002,0.017025000000000002,2.4999999999990308e-05,-0.00019166666666665168,0.007424999999999994,-0.0015749999999999653,0.0006250000000000214,-0.00019166666666665168,0.007424999999999994,-0.0015749999999999653,0.0006250000000000214,0.0,0.0,0.0,0.0,0.0,0.0,0.0,0.0,0.0,0.0,0.0,0.0,1,CO2,2,-0.6035533905932737,0.0
qwen_instruct,h2_choice,65,random,AsDl,0.027524999999999994,0.022874999999999996,0.019974999999999993,0.007699999999999995,-0.021724999999999963,0.015824999999999992,-0.015725000000000003,-0.007900000000000029,0.021724999999999956,0.015825000000000006,0.015725000000000017,0.007900000000000046,0.0,0.0,0.0,0.0,0.0,0.0,0.0,0.0,0.0,0.0,0.0,0.0,4,OD1,1,0.5098945387370066,1.4
qwen_instruct,h2_choice,65,random,AsHa,0.012266666666666669,0.009174999999999999,0.007274999999999998,-7.500000000000215e-05,0.020933333333333304,0.011599999999999989,0.011424999999999994,-0.0001749999999999946,0.020933333333333304,0.011599999999999989,0.011424999999999994,-0.0001749999999999946,0.0,0.0,0.0,0.0,0.0,0.0,0.0,0.0,0.0,0.0,0.0,0.0,1,OD2,1,0.048014323385306,0.6000000000000001
qwen_instruct,h2_choice,65,random,AsHr,0.041791666666666664,0.03455,0.028324999999999996,0.0042250000000000065,-0.01894166666666667,0.016475000000000014,-0.010274999999999986,-0.004174999999999984,0.018941666666666676,0.016475000000000017,0.010274999999999979,0.004174999999999984,0.2500000000000001,0.25,0.25,0.25,-0.2500000000000001,0.25,-0.25,-0.25,0.2500000000000001,0.25,0.25,0.25,6,MP,0,0.68329601758822,2.0
qwen_instruct,h2_choice,65,random,AsNc,0.008116666666666668,0.007975000000000001,0.007975000000000001,0.0029250000000000005,-0.008333333333333285,0.005650000000000002,0.0007250000000000121,0.005624999999999991,-0.008333333333333285,0.005650000000000002,0.0007250000000000121,0.005624999999999991,0.0,0.0,0.0,0.0,0.0,0.0,0.0,0.0,0.0,0.0,0.0,0.0,3,OD2,1,0.1634843772232312,0.8
qwen_instruct,h2_choice,65,random,AsPc,0.009783333333333345,0.014899999999999993,0.013724999999999998,0.003249999999999989,0.023850000000000003,0.016525000000000005,0.013475000000000008,-0.003049999999999997,0.023850000000000003,0.016525000000000005,0.013475000000000008,-0.003049999999999997,0.0,0.0,0.0,0.0,0.0,0.0,0.0,0.0,0.0,0.0,0.0,0.0,5,OD2,1,-0.1829257842905442,0.2
qwen_instruct,h2_choice,65,random,AsPd,0.04021666666666667,0.035050000000000005,0.020250000000000008,0.0,0.0108833333333333,0.012750000000000018,0.005249999999999998,-0.00019999999999999185,-0.010883333333333288,0.012750000000000011,-0.005249999999999977,0.00020000000000000573,0.0,0.0,0.0,0.0,0.0,0.0,0.0,0.0,0.0,0.0,0.0,0.0,6,OD1,1,0.3944244848990815,1.2
qwen_instruct,h2_choice,65,random,AsSh,0.016983333333333323,0.0143,0.009424999999999996,-0.0034750000000000024,0.022499999999999992,0.012949999999999996,0.009424999999999996,-0.0035250000000000004,0.022499999999999992,0.012949999999999996,0.009424999999999996,-0.0035250000000000004,0.0,0.0,0.0,0.0,0.0,0.0,0.0,0.0,0.0,0.0,0.0,0.0,3,CO1,2,-0.3437457694579421,0.6000000000000001
qwen_instruct,h2_choice,65,random,BaAs,-0.008525000000000005,0.010774999999999996,-0.0024749999999999876,0.003825000000000016,-0.0009749999999999932,0.006375000000000018,0.005025000000000005,0.003725000000000006,-0.0009749999999999932,0.006375000000000018,0.005025000000000005,0.003725000000000006,0.0,0.0,0.0,0.0,0.0,0.0,0.0,0.0,0.0,0.0,0.0,0.0,1,MP,0,0.5678259637502947,1.7999999999999998
qwen_instruct,h2_choice,65,random,BaBa,0.03995833333333336,0.02227500000000001,0.006500000000000016,-0.013524999999999995,-0.038841666666666684,0.023675000000000022,-0.0010000000000000044,0.017075000000000007,-0.038841666666666684,0.023675000000000022,-0.0010000000000000044,0.017075000000000007,0.0,0.0,0.0,0.0,0.0,0.0,0.0,0.0,0.0,0.0,0.0,0.0,3,CO2,2,-0.0169508502148298,0.2
qwen_instruct,h2_choice,65,random,BaCh,0.04788333333333333,0.02335,0.014225000000000014,-0.009124999999999986,-0.0625333333333333,0.03414999999999999,-0.014525000000000026,0.01962499999999997,-0.0625333333333333,0.03414999999999999,-0.014525000000000026,0.01962499999999997,0.0,0.0,0.0,0.0,0.0,0.0,0.0,0.0,0.0,0.0,0.0,0.0,4,CO2,2,0.1562542305420579,0.6000000000000001
qwen_instruct,h2_choice,65,random,BaCm,0.045675000000000014,0.025200000000000014,0.01137500000000001,-0.013825000000000002,-0.05534166666666666,0.030550000000000008,-0.01162500000000001,0.018924999999999997,-0.05534166666666666,0.030550000000000008,-0.01162500000000001,0.018924999999999997,0.0,0.0,0.0,0.0,0.0,0.0,0.0,0.0,0.0,0.0,0.0,0.0,1,OD1,1,0.2789544310611563,1.0
qwen_instruct,h2_choice,65,random,BaCo,0.021341666666666655,0.011874999999999998,0.00980000000000002,-0.0002249999999999787,-0.026908333333333326,0.014175,-0.011250000000000007,0.0029249999999999936,-0.026908333333333326,0.014175,-0.011250000000000007,0.0029249999999999936,0.0,0.0,0.0,0.0,0.0,0.0,0.0,0.0,0.0,0.0,0.0,0.0,3,MP,0,0.4523559099123697,1.6
qwen_instruct,h2_choice,65,random,BaDl,0.049358333333333324,0.027774999999999994,0.014000000000000004,-0.013774999999999989,-0.05795833333333327,0.030824999999999964,-0.01239999999999999,0.018424999999999976,-0.05795833333333327,0.030824999999999964,-0.01239999999999999,0.018424999999999976,0.4166666666666666,0.25,0.0,-0.25,-0.4166666666666666,0.25,0.0,0.25,-0.4166666666666666,0.25,0.0,0.25,3,OD1,1,0.5098945387370066,1.4
qwen_instruct,h2_choice,65,random,BaHa,0.02205833333333333,0.014600000000000002,0.014600000000000002,0.004599999999999995,-0.027641666666666734,0.020750000000000025,-0.020750000000000025,-0.006599999999999993,0.027641666666666766,0.02075000000000002,0.02075000000000002,0.006599999999999967,0.0,0.0,0.0,0.0,0.0,0.0,0.0,0.0,0.0,0.0,0.0,0.0,2,OD2,1,0.048014323385306,0.6000000000000001
qwen_instruct,h2_choice,65,random,BaHr,0.06535,0.03464999999999999,0.02292500000000002,-0.011724999999999975,-0.06191666666666669,0.032999999999999995,-0.02107500000000002,0.011924999999999974,-0.06191666666666669,0.032999999999999995,-0.02107500000000002,0.011924999999999974,0.0,0.0,0.0,0.0,0.0,0.0,0.0,0.0,0.0,0.0,0.0,0.0,5,CO1,2,0.069651690163614,0.3999999999999999
qwen_instruct,h2_choice,65,random,BaNc,-0.002449999999999999,0.009225000000000004,0.0028000000000000013,0.004700000000000002,-0.0003833333333333434,0.009950000000000007,-0.0014999999999999866,-0.004649999999999985,0.0003833333333333796,0.009950000000000014,0.0015000000000000013,0.0046499999999999875,0.0,0.0,0.0,0.0,0.0,0.0,0.0,0.0,0.0,0.0,0.0,0.0,4,OD2,1,0.1634843772232312,0.8
qwen_instruct,h2_choice,65,random,BaPc,-0.0010166666666666336,0.00762500000000002,0.001675000000000008,0.0006999999999999906,0.0033499999999999646,0.008925000000000016,0.0015750000000000052,0.0008000000000000212,-0.003349999999999946,0.008925000000000016,-0.001574999999999993,-0.0008000000000000229,0.0,0.0,0.0,0.0,0.0,0.0,0.0,0.0,0.0,0.0,0.0,0.0,6,OD2,1,0.2789544310611563,1.0
qwen_instruct,h2_choice,65,random,BaPd,0.03884999999999997,0.022675000000000018,0.008724999999999981,-0.013825000000000011,-0.048033333333333275,0.02879999999999997,-0.006774999999999977,0.022024999999999996,-0.048033333333333275,0.02879999999999997,-0.006774999999999977,0.022024999999999996,0.33333333333333337,0.25,0.25,0.0,-0.33333333333333337,0.25,-0.25,0.0,-0.33333333333333337,0.25,-0.25,0.0,5,OD1,1,0.3944244848990815,1.2
qwen_instruct,h2_choice,65,random,BaSh,0.016616666666666655,0.01634999999999999,0.012274999999999989,0.0013499999999999953,-0.019649999999999983,0.012524999999999994,-0.012524999999999994,-0.000700000000000001,-0.019649999999999983,0.012524999999999994,-0.012524999999999994,-0.000700000000000001,0.0,0.0,0.0,0.0,0.0,0.0,0.0,0.0,0.0,0.0,0.0,0.0,5,MP,0,0.3368858560744445,1.4
qwen_instruct,h2_choice,65,random,ChAs,0.043058333333333317,0.025025,0.015374999999999995,-0.009650000000000006,-0.03249166666666669,0.018650000000000014,-0.00562500000000001,0.011950000000000002,-0.03249166666666669,0.018650000000000014,-0.00562500000000001,0.011950000000000002,0.0,0.0,0.0,0.0,0.0,0.0,0.0,0.0,0.0,0.0,0.0,0.0,7,MP,0,0.3368858560744445,1.4
qwen_instruct,h2_choice,65,random,ChBa,0.06239999999999996,0.03194999999999998,0.010324999999999997,-0.021624999999999985,-0.06404999999999997,0.032399999999999984,-0.009874999999999998,0.022524999999999983,-0.06404999999999997,0.032399999999999984,-0.009874999999999998,0.022524999999999983,0.0,0.0,0.0,0.0,0.0,0.0,0.0,0.0,0.0,0.0,0.0,0.0,5,CO2,2,0.1562542305420579,0.6000000000000001
qwen_instruct,h2_choice,65,random,ChCh,0.02141666666666666,0.013024999999999998,0.012774999999999991,0.0034499999999999947,-0.02238333333333334,0.014025000000000001,-0.011675000000000015,-0.0034500000000000086,-0.02238333333333334,0.014025000000000001,-0.011675000000000015,-0.0034500000000000086,0.0,0.0,0.0,0.0,0.0,0.0,0.0,0.0,0.0,0.0,0.0,0.0,6,CO2,2,0.2428567709205017,0.8
qwen_instruct,h2_choice,65,random,ChCm,0.05802500000000001,0.027950000000000003,0.01062500000000002,-0.017324999999999983,-0.06299166666666667,0.03,-0.013225000000000018,0.01677499999999998,-0.06299166666666667,0.03,-0.013225000000000018,0.01677499999999998,0.6666666666666667,0.25,0.0,-0.25,-0.6666666666666667,0.25,0.0,0.25,-0.6666666666666667,0.25,0.0,0.25,7,OD1,1,0.6253645925749319,1.6
qwen_instruct,h2_choice,65,random,ChCo,0.050908333333333375,0.02842500000000002,0.0188,-0.00802500000000002,-0.03812500000000006,0.019425000000000033,-0.017249999999999984,0.00217500000000005,-0.03812500000000006,0.019425000000000033,-0.017249999999999984,0.00217500000000005,0.0,0.0,0.0,0.0,0.0,0.0,0.0,0.0,0.0,0.0,0.0,0.0,9,MP,0,0.1059457483985941,1.0
qwen_instruct,h2_choice,65,random,ChDl,0.03950833333333338,0.022925000000000022,0.018275000000000013,-0.00465000000000001,-0.043025000000000056,0.025025000000000026,-0.020775000000000016,0.004250000000000009,-0.043025000000000056,0.025025000000000026,-0.020775000000000016,0.004250000000000009,0.41666666666666663,0.25,0.25,0.0,-0.41666666666666663,0.25,-0.25,0.0,-0.41666666666666663,0.25,-0.25,0.0,9,OD1,1,0.7408346464128569,1.7999999999999998
qwen_instruct,h2_choice,65,random,ChHa,0.026466666666666677,0.020750000000000008,0.012625000000000015,-0.0025249999999999856,-0.03296666666666667,0.0166,-0.00277500000000001,0.01382499999999999,0.03296666666666668,0.016600000000000004,0.0027750000000000274,-0.013824999999999976,0.0,0.0,0.0,0.0,0.0,0.0,0.0,0.0,0.0,0.0,0.0,0.0,8,OD2,1,-0.1829257842905442,0.2
qwen_instruct,h2_choice,65,random,ChHr,0.029675000000000035,0.01650000000000003,0.01012500000000002,-0.00637500000000001,-0.035758333333333364,0.01925000000000003,-0.010675000000000021,0.00857500000000001,-0.035758333333333364,0.01925000000000003,-0.010675000000000021,0.00857500000000001,0.0,0.0,0.0,0.0,0.0,0.0,0.0,0.0,0.0,0.0,0.0,0.0,6,CO1,2,0.3294593112989456,1.0
qwen_instruct,h2_choice,65,random,CmAs,0.03983333333333333,0.02135,0.01219999999999999,-0.009150000000000012,-0.0417,0.022450000000000005,-0.011649999999999992,0.010800000000000011,0.04170000000000004,0.022450000000000025,0.011649999999999994,-0.010800000000000032,0.0,0.0,0.0,0.0,0.0,0.0,0.0,0.0,0.0,0.0,0.0,0.0,8,OD1,1,0.2694301256218253,1.7999999999999998
qwen_instruct,h2_choice,65,random,CmCm,0.01266666666666667,0.0056000000000000025,0.003675000000000023,-0.0018249999999999822,-0.012650000000000005,0.005500000000000005,-0.0034750000000000223,0.002024999999999982,0.012650000000000002,0.005500000000000005,0.0034750000000000336,-0.0020249999999999713,0.0,0.0,0.0,0.0,0.0,0.0,0.0,0.0,0.0,0.0,0.0,0.0,2,DD,1,-0.3079201435678004,0.8
qwen_instruct,h2_choice,65,random,CmDl,0.02122500000000002,0.009875000000000009,0.004725000000000021,-0.005124999999999993,-0.021441666666666685,0.010125000000000009,-0.004475000000000021,0.005574999999999994,0.021441666666666668,0.010124999999999995,0.004475000000000007,-0.005574999999999997,0.0,0.0,0.0,0.0,0.0,0.0,0.0,0.0,0.0,0.0,0.0,0.0,4,DD,1,0.0384900179459749,1.4
qwen_instruct,h2_choice,65,random,CmHa,0.023791666666666655,0.011949999999999997,0.004099999999999979,-0.007850000000000018,-0.02470833333333333,0.012299999999999997,-0.004349999999999979,0.007950000000000018,0.02470833333333327,0.012299999999999978,0.004349999999999965,-0.007950000000000013,0.0,0.0,0.0,0.0,0.0,0.0,0.0,0.0,0.0,0.0,0.0,0.0,6,DD,1,0.0384900179459749,1.4
qwen_instruct,h2_choice,65,random,CmNc,0.011533333333333375,0.005325000000000033,0.0013250000000000124,-0.004000000000000021,-0.013333333333333376,0.006175000000000033,-0.0014750000000000123,0.00470000000000002,0.013333333333333407,0.006175000000000042,0.001475000000000004,-0.0047000000000000375,0.0,0.0,0.0,0.0,0.0,0.0,0.0,0.0,0.0,0.0,0.0,0.0,8,DD,1,0.2694301256218253,1.7999999999999998
qwen_instruct,h2_choice,65,random,CoAs,0.07041666666666663,0.03729999999999999,0.012725000000000007,-0.024574999999999986,0.07559999999999997,0.040150000000000005,0.017875000000000002,-0.022275000000000003,0.07559999999999997,0.040150000000000005,0.017875000000000002,-0.022275000000000003,0.75,0.5,0.25,0.0,0.41666666666666663,0.5,0.25,0.0,0.41666666666666663,0.5,0.25,0.0,7,CO2,2,-0.6035533905932737,0.0
qwen_instruct,h2_choice,65,random,CoCo,0.06178333333333329,0.03237499999999997,0.01417499999999996,-0.01820000000000001,0.06284999999999995,0.03292499999999997,0.010724999999999957,-0.02220000000000001,0.06284999999999995,0.03292499999999997,0.010724999999999957,-0.02220000000000001,0.6666666666666667,0.25,0.0,-0.25,0.6666666666666667,0.25,0.0,-0.25,0.6666666666666667,0.25,0.0,-0.25,7,CO1,2,-0.5169508502148299,0.2
qwen_instruct,h2_choice,65,random,CoSh,0.07015,0.03672500000000001,0.024950000000000017,-0.011774999999999989,0.07098333333333333,0.03672500000000001,0.023600000000000038,-0.01312499999999997,0.07098333333333333,0.03672500000000001,0.023600000000000038,-0.01312499999999997,0.6666666666666667,0.25,0.25,0.0,0.6666666666666667,0.25,0.25,0.0,0.6666666666666667,0.25,0.25,0.0,8,CO2,2,-0.5169508502148299,0.2
qwen_instruct,h2_choice,65,random,HaAs,0.026508333333333366,0.012650000000000022,0.0061750000000000025,-0.00647500000000002,0.027041666666666693,0.012650000000000022,0.005874999999999991,-0.006775000000000031,0.027041666666666693,0.012650000000000022,0.005874999999999991,-0.006775000000000031,0.0,0.0,0.0,0.0,0.0,0.0,0.0,0.0,0.0,0.0,0.0,0.0,7,OD2,1,-0.4233901974057255,0.6000000000000001
qwen_instruct,h2_choice,65,random,HaBa,0.0281583333333333,0.015574999999999988,0.007924999999999998,-0.007649999999999991,0.03172499999999992,0.016399999999999942,0.006225000000000008,-0.008649999999999963,0.03172499999999992,0.016399999999999942,0.006225000000000008,-0.008649999999999963,0.0,0.0,0.0,0.0,0.0,0.0,0.0,0.0,0.0,0.0,0.0,0.0,9,OD2,1,-0.4233901974057255,0.6000000000000001
qwen_instruct,h2_choice,65,random,HaCm,0.06134166666666664,0.031900000000000005,0.014950000000000019,-0.016949999999999986,0.06567500000000001,0.03155000000000002,0.006850000000000023,-0.0247,0.06567500000000001,0.03155000000000002,0.006850000000000023,-0.0247,0.0,0.0,0.0,0.0,0.0,0.0,0.0,0.0,0.0,0.0,0.0,0.0,1,DD,1,0.0384900179459749,1.4
qwen_instruct,h2_choice,65,random,HaDl,0.02390833333333335,0.011375000000000012,0.0032250000000000043,-0.008150000000000008,0.02387500000000001,0.011275000000000007,0.0017250000000000043,-0.009349999999999997,0.02387500000000001,0.011275000000000007,0.0017250000000000043,-0.009349999999999997,0.0,0.0,0.0,0.0,0.0,0.0,0.0,0.0,0.0,0.0,0.0,0.0,3,DD,1,-0.1924500897298753,1.0
qwen_instruct,h2_choice,65,random,HaHa,0.025491666666666652,0.012874999999999982,0.004249999999999985,-0.008624999999999997,0.02704166666666668,0.013674999999999993,0.004599999999999993,-0.009075,0.02704166666666668,0.013674999999999993,0.004599999999999993,-0.009075,0.0,0.0,0.0,0.0,0.0,0.0,0.0,0.0,0.0,0.0,0.0,0.0,5,DD,1,-0.6543303050815759,0.2
qwen_instruct,h2_choice,65,random,HaNc,0.006641666666666695,0.0036250000000000154,0.0022000000000000058,-0.0014250000000000096,0.011491666666666688,0.005675000000000013,0.004250000000000004,-0.0014250000000000096,0.011491666666666688,0.005675000000000013,0.004250000000000004,-0.0014250000000000096,0.0,0.0,0.0,0.0,0.0,0.0,0.0,0.0,0.0,0.0,0.0,0.0,7,DD,1,-0.7698003589195012,0.0
qwen_instruct,h2_choice,65,random,HaPc,0.03800833333333334,0.018975000000000013,0.006450000000000011,-0.012525,0.041008333333333376,0.020625000000000032,0.006450000000000011,-0.014175000000000021,0.041008333333333376,0.020625000000000032,0.006450000000000011,-0.014175000000000021,0.0,0.0,0.0,0.0,0.0,0.0,0.0,0.0,0.0,0.0,0.0,0.0,9,DD,1,-0.4233901974057255,0.6000000000000001
qwen_instruct,h2_choice,65,random,HrAs,0.06005833333333333,0.03345000000000001,0.02219999999999999,-0.011250000000000017,-0.06515833333333333,0.03295000000000001,-0.021799999999999993,0.011150000000000014,0.06515833333333333,0.03295000000000001,0.021800000000000014,-0.011149999999999993,0.0,0.0,0.0,0.0,0.0,0.0,0.0,0.0,0.0,0.0,0.0,0.0,8,MP,0,0.68329601758822,2.0
qwen_instruct,h2_choice,65,random,HrBa,0.04969999999999996,0.02309999999999998,0.010549999999999981,-0.012549999999999999,-0.05076666666666663,0.023399999999999983,-0.009949999999999981,0.013199999999999996,0.05076666666666663,0.023399999999999976,0.009949999999999987,-0.01319999999999999,0.0,0.0,0.0,0.0,0.0,0.0,0.0,0.0,0.0,0.0,0.0,0.0,2,CO1,2,0.069651690163614,0.3999999999999999
qwen_instruct,h2_choice,65,random,HrCh,0.029766666666666688,0.013550000000000027,0.007750000000000021,-0.005800000000000006,-0.03353333333333336,0.015200000000000026,-0.008500000000000021,0.006700000000000005,0.03353333333333334,0.015200000000000019,0.008500000000000035,-0.006699999999999984,0.0,0.0,0.0,0.0,0.0,0.0,0.0,0.0,0.0,0.0,0.0,0.0,4,CO1,2,0.3294593112989456,1.0
qwen_instruct,h2_choice,65,random,HrHr,0.056566666666666675,0.026075000000000008,0.014500000000000006,-0.011575000000000004,-0.06705000000000001,0.03172500000000001,-0.017150000000000006,0.014575000000000003,0.06705000000000001,0.031725,0.01715,-0.014575000000000005,0.0,0.0,0.0,0.0,0.0,0.0,0.0,0.0,0.0,0.0,0.0,0.0,2,CO2,2,-0.0169508502148298,0.2
qwen_instruct,h2_choice,65,random,ShAs,-0.009816666666666665,0.009349999999999997,0.0019250000000000014,0.005250000000000001,0.0017500000000000026,0.011450000000000007,0.006524999999999994,0.002899999999999993,0.0017500000000000026,0.011450000000000007,0.006524999999999994,0.002899999999999993,0.0,0.0,0.0,0.0,0.0,0.0,0.0,0.0,0.0,0.0,0.0,0.0,8,CO1,2,-0.3437457694579421,0.6000000000000001
qwen_instruct,h2_choice,65,random,ShCo,-0.0072416666666666775,0.010399999999999996,0.006274999999999989,0.010399999999999996,-0.002958333333333332,0.009474999999999994,-0.0006250000000000179,0.0035499999999999837,-0.002958333333333332,0.009474999999999994,-0.0006250000000000179,0.0035499999999999837,0.0,0.0,0.0,0.0,0.0,0.0,0.0,0.0,0.0,0.0,0.0,0.0,9,CO2,2,-0.5169508502148299,0.2
qwen_instruct,h2_choice,65,random,ShSh,-0.025383333333333348,0.011600000000000003,-0.004700000000000001,0.004725000000000007,-0.019333333333333307,0.012424999999999999,-0.004349999999999993,0.0047750000000000015,-0.019333333333333307,0.012424999999999999,-0.004349999999999993,0.0047750000000000015,0.0,0.0,0.0,0.0,0.0,0.0,0.0,0.0,0.0,0.0,0.0,0.0,9,CO1,2,-0.2571432290794982,0.8
qwen_instruct,h2_choice,79,main,AsAs,-0.9180916666666665,0.46832500000000005,-0.094675,0.37365000000000004,0.08782499999999997,0.039825,0.023075000000000012,-0.016749999999999987,0.08782499999999997,0.039825,0.023075000000000012,-0.016749999999999987,-0.8333333333333331,0.5,0.0,0.5,0.0,0.0,0.0,0.0,0.0,0.0,0.0,0.0,1,CO1,2,-0.5169508502148299,0.2
qwen_instruct,h2_choice,79,main,AsBa,-1.1404500000000002,0.5597,-0.171175,0.388525,-0.09570000000000004,0.04815000000000001,-0.02087500000000002,0.027274999999999994,0.09570000000000004,0.048150000000000026,0.020875000000000032,-0.027274999999999994,-1.1666666666666665,0.5,0.0,0.5,0.0,0.0,0.0,0.0,0.0,0.0,0.0,0.0,2,MP,0,0.5678259637502947,1.7999999999999998
qwen_instruct,h2_choice,79,main,AsCh,-1.1163916666666664,0.5484500000000001,-0.15365,0.39480000000000004,0.20330833333333337,0.09665000000000001,0.035949999999999996,-0.06070000000000002,-0.20330833333333334,0.09665000000000001,-0.03594999999999998,0.06070000000000003,-0.8333333333333331,0.5,0.0,0.5,0.0,0.0,0.0,0.0,0.0,0.0,0.0,0.0,4,MP,0,0.3368858560744445,1.4
qwen_instruct,h2_choice,79,main,AsCm,-1.0510999999999997,0.51295,-0.202175,0.310775,0.5560333333333333,0.25685,0.160225,-0.09662499999999999,-0.5560333333333333,0.25685,-0.160225,0.09662499999999999,-1.1666666666666665,0.5,-0.25,0.25,1.1666666666666665,0.5,0.25,-0.25,-1.1666666666666665,0.5,-0.25,0.25,2,OD1,1,0.7408346464128569,1.7999999999999998
qwen_instruct,h2_choice,79,main,AsCo,-1.3120499999999997,0.64705,-0.18985,0.4572,-0.0846666666666667,0.03995000000000001,-0.022549999999999987,0.017400000000000027,-0.0846666666666667,0.03995000000000001,-0.022549999999999987,0.017400000000000027,-1.583333333333333,0.75,0.0,0.75,-0.4166666666666666,0.25,0.0,0.25,-0.4166666666666666,0.25,0.0,0.25,1,CO2,2,-0.6035533905932737,0.0
qwen_instruct,h2_choice,79,main,AsDl,-1.0651666666666664,0.5253249999999999,-0.15764999999999998,0.367675,0.44589999999999996,0.203725,0.10154999999999997,-0.10217500000000003,-0.4458999999999999,0.20372499999999996,-0.10154999999999995,0.10217500000000002,-1.083333333333333,0.5,0.0,0.5,1.083333333333333,0.5,0.0,-0.5,-1.083333333333333,0.5,0.0,0.5,4,OD1,1,0.5098945387370066,1.4
qwen_instruct,h2_choice,79,main,AsHa,-0.8790916666666664,0.44532499999999997,-0.104225,0.34109999999999996,-0.31162500000000004,0.14687500000000003,-0.05977500000000001,0.08710000000000002,-0.31162500000000004,0.14687500000000003,-0.05977500000000001,0.08710000000000002,-0.4166666666666666,0.25,0.0,0.25,-0.4166666666666666,0.25,0.0,0.25,-0.4166666666666666,0.25,0.0,0.25,1,OD2,1,0.048014323385306,0.6000000000000001
qwen_instruct,h2_choice,79,main,AsHr,-1.2462083333333331,0.6161249999999999,-0.2019,0.41422499999999995,0.10457500000000003,0.06132500000000002,0.05390000000000002,0.005525000000000016,-0.10457500000000002,0.06132500000000002,-0.05390000000000003,-0.00552500000000003,-1.4999999999999998,0.75,0.0,0.75,0.6666666666666667,0.25,0.0,-0.25,-0.6666666666666667,0.25,0.0,0.25,6,MP,0,0.68329601758822,2.0
qwen_instruct,h2_choice,79,main,AsNc,-0.7166999999999998,0.36749999999999994,-0.0673,0.30019999999999997,-0.09023333333333339,0.04460000000000003,-0.015400000000000025,0.029200000000000004,-0.09023333333333339,0.04460000000000003,-0.015400000000000025,0.029200000000000004,-0.4166666666666666,0.25,0.0,0.25,-0.4166666666666666,0.25,0.0,0.25,-0.4166666666666666,0.25,0.0,0.25,3,OD2,1,0.1634843772232312,0.8
qwen_instruct,h2_choice,79,main,AsPc,-1.1078499999999998,0.5488500000000001,-0.17270000000000002,0.37615,-0.41520000000000007,0.19125000000000003,-0.11365000000000001,0.0776,-0.41520000000000007,0.19125000000000003,-0.11365000000000001,0.0776,-1.4999999999999998,0.75,0.0,0.75,-0.6666666666666667,0.25,0.0,0.25,-0.6666666666666667,0.25,0.0,0.25,5,OD2,1,-0.1829257842905442,0.2
qwen_instruct,h2_choice,79,main,AsPd,-1.3665166666666664,0.6705249999999999,-0.22415,0.44637499999999997,-0.0960333333333333,0.045524999999999996,-0.02840000000000001,0.017124999999999987,0.0960333333333333,0.04552500000000001,0.028400000000000036,-0.017124999999999974,-1.6666666666666663,0.75,0.0,0.75,-0.49999999999999994,0.25,0.0,0.25,0.49999999999999994,0.25,0.0,-0.25,6,OD1,1,0.3944244848990815,1.2
qwen_instruct,h2_choice,79,main,AsSh,-1.1465416666666661,0.570875,-0.129875,0.441,-0.1066416666666667,0.047625000000000035,-0.020325000000000017,0.02730000000000002,-0.1066416666666667,0.047625000000000035,-0.020325000000000017,0.02730000000000002,-1.2499999999999998,0.75,0.0,0.75,-0.4166666666666666,0.25,0.0,0.25,-0.4166666666666666,0.25,0.0,0.25,3,CO1,2,-0.3437457694579421,0.6000000000000001
qwen_instruct,h2_choice,79,main,BaAs,-1.0272249999999998,0.5109250000000001,-0.1476,0.363325,0.3609083333333334,0.166225,0.09245000000000002,-0.07377500000000001,0.3609083333333334,0.166225,0.09245000000000002,-0.07377500000000001,-1.083333333333333,0.5,0.0,0.5,1.083333333333333,0.5,0.0,-0.5,1.083333333333333,0.5,0.0,-0.5,1,MP,0,0.5678259637502947,1.7999999999999998
qwen_instruct,h2_choice,79,main,BaBa,-1.0077749999999996,0.498175,-0.22935,0.268825,0.4497916666666667,0.2333,0.1914,-0.015375,0.4497916666666667,0.2333,0.1914,-0.015375,-1.0833333333333333,0.5,-0.25,0.25,1.0833333333333333,0.5,0.25,-0.25,1.0833333333333333,0.5,0.25,-0.25,3,CO2,2,-0.0169508502148298,0.2
qwen_instruct,h2_choice,79,main,BaCh,-1.1924166666666665,0.58565,-0.22544999999999998,0.36019999999999996,0.4170833333333333,0.21417500000000003,0.16444999999999999,-0.021050000000000027,0.4170833333333333,0.21417500000000003,0.16444999999999999,-0.021050000000000027,-1.1666666666666665,0.5,-0.25,0.25,1.1666666666666665,0.5,0.25,-0.25,1.1666666666666665,0.5,0.25,-0.25,4,CO2,2,0.1562542305420579,0.6000000000000001
qwen_instruct,h2_choice,79,main,BaCm,-0.8471916666666666,0.42475,-0.24657500000000002,0.178175,0.4302416666666667,0.246975,0.217925,0.012125000000000018,0.4302416666666667,0.246975,0.217925,0.012125000000000018,-0.8333333333333333,0.5,-0.5,0.0,0.8333333333333333,0.5,0.5,0.0,0.8333333333333333,0.5,0.5,0.0,1,OD1,1,0.2789544310611563,1.0
qwen_instruct,h2_choice,79,main,BaCo,-0.8758916666666667,0.4383,-0.17354999999999998,0.26475000000000004,0.4932416666666667,0.23500000000000004,0.1481,-0.08690000000000002,0.4932416666666667,0.23500000000000004,0.1481,-0.08690000000000002,-0.8333333333333331,0.5,-0.25,0.25,0.8333333333333331,0.5,0.25,-0.25,0.8333333333333331,0.5,0.25,-0.25,3,MP,0,0.4523559099123697,1.6
qwen_instruct,h2_choice,79,main,BaDl,-1.013033333333333,0.497675,-0.18419999999999997,0.313475,0.5440999999999999,0.250125,0.1517,-0.098425,0.5440999999999999,0.250125,0.1517,-0.098425,-1.0833333333333333,0.5,-0.25,0.25,1.0833333333333333,0.5,0.25,-0.25,1.0833333333333333,0.5,0.25,-0.25,3,OD1,1,0.5098945387370066,1.4
qwen_instruct,h2_choice,79,main,BaHa,-1.0229416666666666,0.508025,-0.18625000000000003,0.321775,0.43745833333333334,0.203675,0.1363,-0.067375,-0.43745833333333345,0.20367500000000002,-0.13630000000000003,0.06737499999999999,-0.9999999999999999,0.5,-0.25,0.25,0.9999999999999999,0.5,0.25,-0.25,-0.9999999999999999,0.5,-0.25,0.25,2,OD2,1,0.048014323385306,0.6000000000000001
qwen_instruct,h2_choice,79,main,BaHr,-0.7941083333333332,0.39812499999999995,-0.201625,0.19649999999999998,0.3830583333333333,0.211725,0.175875,-0.0032999999999999974,0.3830583333333333,0.211725,0.175875,-0.0032999999999999974,-0.6666666666666667,0.25,-0.25,0.0,0.6666666666666667,0.25,0.25,0.0,0.6666666666666667,0.25,0.25,0.0,5,CO1,2,0.069651690163614,0.3999999999999999
qwen_instruct,h2_choice,79,main,BaNc,-0.973025,0.488,-0.111625,0.376375,0.17760833333333328,0.0872,0.027925,-0.059274999999999994,-0.17760833333333334,0.0872,-0.027924999999999978,0.05927500000000002,-0.4166666666666666,0.25,0.0,0.25,0.4166666666666666,0.25,0.0,-0.25,-0.4166666666666666,0.25,0.0,0.25,4,OD2,1,0.1634843772232312,0.8
qwen_instruct,h2_choice,79,main,BaPc,-1.0001499999999999,0.494025,-0.2113,0.282725,0.5306166666666667,0.246875,0.17785,-0.069025,-0.5306166666666667,0.24687500000000004,-0.17785000000000004,0.069025,-0.9999999999999999,0.5,-0.25,0.25,0.9999999999999999,0.5,0.25,-0.25,-0.9999999999999999,0.5,-0.25,0.25,6,OD2,1,0.2789544310611563,1.0
qwen_instruct,h2_choice,79,main,BaPd,-1.0971916666666663,0.544125,-0.2556,0.28852500000000003,0.3953250000000001,0.23105000000000003,0.19500000000000003,0.013825000000000004,0.3953250000000001,0.23105000000000003,0.19500000000000003,0.013825000000000004,-1.0833333333333333,0.5,-0.25,0.25,1.0833333333333333,0.5,0.25,-0.25,1.0833333333333333,0.5,0.25,-0.25,5,OD1,1,0.3944244848990815,1.2
qwen_instruct,h2_choice,79,main,BaSh,-0.8489416666666666,0.43025,-0.0898,0.34045000000000003,0.11282499999999998,0.05425,0.026099999999999998,-0.02049999999999999,0.11282499999999998,0.05425,0.026099999999999998,-0.02049999999999999,-0.4166666666666666,0.25,0.0,0.25,0.4166666666666666,0.25,0.0,-0.25,0.4166666666666666,0.25,0.0,-0.25,5,MP,0,0.3368858560744445,1.4
qwen_instruct,h2_choice,79,main,ChAs,-1.0915499999999998,0.54355,-0.2148,0.32875,0.2738666666666667,0.167975,0.1407,0.01684999999999999,0.2738666666666667,0.167975,0.1407,0.01684999999999999,-0.8333333333333331,0.5,-0.25,0.25,0.8333333333333331,0.5,0.25,-0.25,0.8333333333333331,0.5,0.25,-0.25,7,MP,0,0.3368858560744445,1.4
qwen_instruct,h2_choice,79,main,ChBa,-0.7745916666666667,0.38267500000000004,-0.227275,0.15540000000000004,0.5755583333333334,0.276625,0.215325,-0.061300000000000035,0.5755583333333334,0.276625,0.215325,-0.061300000000000035,-0.8055555555555555,0.3333333333333333,-0.3333333333333333,0.0,0.8055555555555555,0.3333333333333333,0.3333333333333333,0.0,0.8055555555555555,0.3333333333333333,0.3333333333333333,0.0,5,CO2,2,0.1562542305420579,0.6000000000000001
qwen_instruct,h2_choice,79,main,ChCh,-0.8239166666666662,0.41782499999999995,-0.08415,0.33367499999999994,0.42869999999999997,0.206775,0.05855,-0.148225,0.42869999999999997,0.206775,0.05855,-0.148225,-0.4166666666666666,0.25,0.0,0.25,0.4166666666666666,0.25,0.0,-0.25,0.4166666666666666,0.25,0.0,-0.25,6,CO2,2,0.2428567709205017,0.8
qwen_instruct,h2_choice,79,main,ChCm,-0.9479749999999999,0.47252500000000003,-0.25045,0.22207500000000002,0.5350583333333333,0.26105,0.21935,-0.03557500000000001,0.5350583333333333,0.26105,0.21935,-0.03557500000000001,-1.0833333333333333,0.5,-0.5,0.0,1.0833333333333333,0.5,0.5,0.0,1.0833333333333333,0.5,0.5,0.0,7,OD1,1,0.6253645925749319,1.6
qwen_instruct,h2_choice,79,main,ChCo,-0.9253083333333332,0.461175,-0.208175,0.253,0.3563083333333334,0.194,0.16022500000000003,-0.005949999999999983,0.3563083333333334,0.194,0.16022500000000003,-0.005949999999999983,-0.6666666666666667,0.25,0.0,0.25,0.6666666666666667,0.25,0.0,-0.25,0.6666666666666667,0.25,0.0,-0.25,9,MP,0,0.1059457483985941,1.0
qwen_instruct,h2_choice,79,main,ChDl,-0.8012916666666665,0.394925,-0.20877500000000002,0.18615,0.5952916666666666,0.284025,0.19557500000000003,-0.08845,0.5952916666666666,0.284025,0.19557500000000003,-0.08845,-1.0833333333333333,0.5,-0.25,0.25,1.0833333333333333,0.5,0.25,-0.25,1.0833333333333333,0.5,0.25,-0.25,9,OD1,1,0.7408346464128569,1.7999999999999998
qwen_instruct,h2_choice,79,main,ChHa,-0.9754999999999996,0.488475,-0.20432499999999998,0.28415,0.026483333333333327,0.12835000000000005,0.125025,0.12520000000000003,-0.026483333333333373,0.12835000000000002,-0.125025,-0.1252,-0.7222222222222221,0.3333333333333333,-0.3333333333333333,0.0,0.7222222222222221,0.3333333333333333,0.3333333333333333,0.0,-0.7222222222222221,0.3333333333333333,-0.3333333333333333,0.0,8,OD2,1,-0.1829257842905442,0.2
qwen_instruct,h2_choice,79,main,ChHr,-0.7514333333333335,0.3711,-0.222375,0.148725,0.5606000000000001,0.26825,0.21102499999999996,-0.05722500000000001,0.5606000000000001,0.26825,0.21102499999999996,-0.05722500000000001,-1.0833333333333333,0.5,-0.5,0.0,1.0833333333333333,0.5,0.5,0.0,1.0833333333333333,0.5,0.5,0.0,6,CO1,2,0.3294593112989456,1.0
qwen_instruct,h2_choice,79,main,CmAs,-0.4658833333333332,0.23925000000000002,-0.15960000000000002,0.07964999999999998,0.2947,0.16502499999999998,0.14880000000000002,0.000800000000000009,-0.29469999999999996,0.16502499999999998,-0.14880000000000002,-0.0008000000000000229,-0.41666666666666663,0.25,-0.25,0.0,0.41666666666666663,0.25,0.25,0.0,-0.41666666666666663,0.25,-0.25,0.0,8,OD1,1,0.2694301256218253,1.7999999999999998
qwen_instruct,h2_choice,79,main,CmCm,-0.21036666666666665,0.11090000000000001,-0.093125,0.01777500000000001,0.1989,0.10475,0.09247499999999999,-0.01227500000000001,-0.19890000000000002,0.10475000000000001,-0.092475,0.012275000000000008,0.0,0.0,0.0,0.0,0.0,0.0,0.0,0.0,0.0,0.0,0.0,0.0,2,DD,1,-0.3079201435678004,0.8
qwen_instruct,h2_choice,79,main,CmDl,-0.262225,0.13699999999999998,-0.10839999999999998,0.0286,0.22824166666666668,0.11879999999999999,0.10659999999999999,-0.012200000000000003,-0.2282416666666666,0.11879999999999996,-0.10659999999999997,0.012199999999999989,0.0,0.0,0.0,0.0,0.0,0.0,0.0,0.0,0.0,0.0,0.0,0.0,4,DD,1,0.0384900179459749,1.4
qwen_instruct,h2_choice,79,main,CmHa,-0.280025,0.14765,-0.11009999999999999,0.037550000000000014,0.20084166666666664,0.11399999999999999,0.10529999999999999,0.0004499999999999886,-0.20084166666666667,0.11399999999999999,-0.10529999999999998,-0.0004499999999999782,0.0,0.0,0.0,0.0,0.0,0.0,0.0,0.0,0.0,0.0,0.0,0.0,6,DD,1,0.0384900179459749,1.4
qwen_instruct,h2_choice,79,main,CmNc,-0.17929166666666668,0.09542500000000001,-0.0713,0.02412500000000001,0.12062500000000004,0.071975,0.0678,0.004174999999999988,-0.12062500000000004,0.07197500000000001,-0.0678,-0.004174999999999984,0.0,0.0,0.0,0.0,0.0,0.0,0.0,0.0,0.0,0.0,0.0,0.0,8,DD,1,0.2694301256218253,1.7999999999999998
qwen_instruct,h2_choice,79,main,CoAs,-0.9097416666666667,0.44655,-0.230325,0.216225,-0.5884083333333332,0.27549999999999997,-0.206275,0.06922500000000001,-0.5884083333333332,0.27549999999999997,-0.206275,0.06922500000000001,-1.0833333333333333,0.5,-0.25,0.25,-1.0833333333333333,0.5,-0.25,0.25,-1.0833333333333333,0.5,-0.25,0.25,7,CO2,2,-0.6035533905932737,0.0
qwen_instruct,h2_choice,79,main,CoCo,-0.9061416666666665,0.44485,-0.23617500000000002,0.208675,-0.5954750000000001,0.27965000000000007,-0.21642500000000003,0.063225,-0.5954750000000001,0.27965000000000007,-0.21642500000000003,0.063225,-1.0833333333333333,0.5,-0.5,0.0,-1.0833333333333333,0.5,-0.5,0.0,-1.0833333333333333,0.5,-0.5,0.0,7,CO1,2,-0.5169508502148299,0.2
qwen_instruct,h2_choice,79,main,CoSh,-0.7990416666666665,0.394775,-0.219825,0.17495000000000002,-0.6550083333333333,0.318275,-0.21082499999999996,0.10745000000000002,-0.6550083333333333,0.318275,-0.21082499999999996,0.10745000000000002,-1.0833333333333333,0.5,-0.25,0.25,-1.0833333333333333,0.5,-0.25,0.25,-1.0833333333333333,0.5,-0.25,0.25,8,CO2,2,-0.5169508502148299,0.2
qwen_instruct,h2_choice,79,main,HaAs,-0.309,0.162175,-0.12930000000000003,0.032875,-0.2816666666666666,0.147425,-0.12795,0.019474999999999992,-0.2816666666666666,0.147425,-0.12795,0.019474999999999992,0.0,0.0,0.0,0.0,0.0,0.0,0.0,0.0,0.0,0.0,0.0,0.0,7,OD2,1,-0.4233901974057255,0.6000000000000001
qwen_instruct,h2_choice,79,main,HaBa,-0.4524916666666665,0.23709999999999998,-0.12002499999999998,0.117075,-0.00837500000000004,0.08297499999999997,-0.08297499999999997,-0.07862499999999997,-0.00837500000000004,0.08297499999999997,-0.08297499999999997,-0.07862499999999997,0.0,0.0,0.0,0.0,0.0,0.0,0.0,0.0,0.0,0.0,0.0,0.0,9,OD2,1,-0.4233901974057255,0.6000000000000001
qwen_instruct,h2_choice,79,main,HaCm,-0.8316499999999999,0.42185,-0.22025,0.2016,-0.16646666666666662,0.16714999999999997,-0.16259999999999997,-0.08910000000000001,-0.16646666666666662,0.16714999999999997,-0.16259999999999997,-0.08910000000000001,-0.41666666666666663,0.25,-0.25,0.0,-0.41666666666666663,0.25,-0.25,0.0,-0.41666666666666663,0.25,-0.25,0.0,1,DD,1,0.0384900179459749,1.4
qwen_instruct,h2_choice,79,main,HaDl,-0.33100833333333335,0.1734,-0.120625,0.05277500000000001,-0.19069166666666668,0.11722499999999997,-0.11277499999999999,-0.014074999999999976,-0.19069166666666668,0.11722499999999997,-0.11277499999999999,-0.014074999999999976,0.0,0.0,0.0,0.0,0.0,0.0,0.0,0.0,0.0,0.0,0.0,0.0,3,DD,1,-0.1924500897298753,1.0
qwen_instruct,h2_choice,79,main,HaHa,-0.2756166666666667,0.142525,-0.10865000000000002,0.033875,-0.22133333333333338,0.11792500000000003,-0.10575000000000001,0.007425000000000015,-0.22133333333333338,0.11792500000000003,-0.10575000000000001,0.007425000000000015,0.0,0.0,0.0,0.0,0.0,0.0,0.0,0.0,0.0,0.0,0.0,0.0,5,DD,1,-0.6543303050815759,0.2
qwen_instruct,h2_choice,79,main,HaNc,-0.21805,0.11677499999999999,-0.0755,0.041275,-0.08538333333333332,0.06962499999999999,-0.0668,-0.02157500000000001,-0.08538333333333332,0.06962499999999999,-0.0668,-0.02157500000000001,0.0,0.0,0.0,0.0,0.0,0.0,0.0,0.0,0.0,0.0,0.0,0.0,7,DD,1,-0.7698003589195012,0.0
qwen_instruct,h2_choice,79,main,HaPc,-0.3868333333333333,0.19990000000000002,-0.144925,0.05497500000000001,-0.28796666666666665,0.15482499999999993,-0.138725,0.007924999999999988,-0.28796666666666665,0.15482499999999993,-0.138725,0.007924999999999988,-0.41666666666666663,0.25,-0.25,0.0,-0.41666666666666663,0.25,-0.25,0.0,-0.41666666666666663,0.25,-0.25,0.0,9,DD,1,-0.4233901974057255,0.6000000000000001
qwen_instruct,h2_choice,79,main,HrAs,-0.9043166666666667,0.44925000000000004,-0.23605,0.2132,0.4693333333333333,0.245825,0.1995,-0.022049999999999972,-0.4693333333333333,0.24582500000000002,-0.1995,0.022049999999999986,-1.0833333333333333,0.5,-0.5,0.0,1.0833333333333333,0.5,0.5,0.0,-1.0833333333333333,0.5,-0.5,0.0,8,MP,0,0.68329601758822,2.0
qwen_instruct,h2_choice,79,main,HrBa,-0.5740500000000001,0.29500000000000004,-0.18750000000000003,0.10749999999999998,0.3290833333333334,0.19222500000000003,0.17190000000000003,0.008400000000000019,-0.3290833333333333,0.192225,-0.1719,-0.008400000000000019,-0.41666666666666663,0.25,-0.25,0.0,0.41666666666666663,0.25,0.25,0.0,-0.41666666666666663,0.25,-0.25,0.0,2,CO1,2,0.069651690163614,0.3999999999999999
qwen_instruct,h2_choice,79,main,HrCh,-0.468475,0.23690000000000003,-0.17475000000000002,0.06215000000000001,0.37152499999999994,0.189275,0.16899999999999998,-0.016200000000000016,-0.37152499999999994,0.18927499999999997,-0.16899999999999996,0.016200000000000048,-0.41666666666666663,0.25,-0.25,0.0,0.41666666666666663,0.25,0.25,0.0,-0.41666666666666663,0.25,-0.25,0.0,4,CO1,2,0.3294593112989456,1.0
qwen_instruct,h2_choice,79,main,HrHr,-0.6668999999999999,0.3402,-0.19782499999999997,0.14237500000000003,0.29213333333333336,0.182825,0.17012499999999997,0.02727499999999998,-0.29213333333333336,0.182825,-0.17012499999999997,-0.027274999999999966,-0.41666666666666663,0.25,-0.25,0.0,0.41666666666666663,0.25,0.25,0.0,-0.41666666666666663,0.25,-0.25,0.0,2,CO2,2,-0.0169508502148298,0.2
qwen_instruct,h2_choice,79,main,ShAs,-0.8794416666666666,0.445825,-0.0928,0.35302500000000003,0.033958333333333326,0.020649999999999998,0.009749999999999981,-0.002625000000000016,0.033958333333333326,0.020649999999999998,0.009749999999999981,-0.002625000000000016,-0.8333333333333331,0.5,0.0,0.5,0.0,0.0,0.0,0.0,0.0,0.0,0.0,0.0,8,CO1,2,-0.3437457694579421,0.6000000000000001
qwen_instruct,h2_choice,79,main,ShCo,-0.9535749999999997,0.47640000000000005,-0.11710000000000001,0.3593,-0.3231916666666666,0.15159999999999998,-0.06015,0.09144999999999999,-0.3231916666666666,0.15159999999999998,-0.06015,0.09144999999999999,0.0,0.0,0.0,0.0,0.0,0.0,0.0,0.0,0.0,0.0,0.0,0.0,9,CO2,2,-0.5169508502148299,0.2
qwen_instruct,h2_choice,79,main,ShSh,-0.9058583333333332,0.46094999999999997,-0.09494999999999999,0.366,-0.10214166666666664,0.05074999999999999,-0.01654999999999998,0.03420000000000001,-0.10214166666666664,0.05074999999999999,-0.01654999999999998,0.03420000000000001,-0.8333333333333331,0.5,0.0,0.5,0.0,0.0,0.0,0.0,0.0,0.0,0.0,0.0,9,CO1,2,-0.2571432290794982,0.8
qwen_instruct,h2_choice,79,main_perp,AsAs,0.020891666666666676,0.012075000000000002,0.004475000000000003,-0.001975000000000001,0.004141666666666616,0.0056999999999999915,0.001624999999999991,-0.0012749999999999827,0.004141666666666616,0.0056999999999999915,0.001624999999999991,-0.0012749999999999827,0.0,0.0,0.0,0.0,0.0,0.0,0.0,0.0,0.0,0.0,0.0,0.0,1,CO1,2,-0.5169508502148299,0.2
qwen_instruct,h2_choice,79,main_perp,AsBa,0.01746666666666664,0.020899999999999988,0.017474999999999997,0.00952500000000001,0.006049999999999982,0.009924999999999993,0.003674999999999977,-0.0001250000000000244,-0.006049999999999982,0.009925000000000017,-0.003674999999999956,0.00012500000000004174,0.0,0.0,0.0,0.0,0.0,0.0,0.0,0.0,0.0,0.0,0.0,0.0,2,MP,0,0.5678259637502947,1.7999999999999998
qwen_instruct,h2_choice,79,main_perp,AsCh,0.004000000000000004,0.003199999999999998,0.003050000000000011,0.00022500000000000644,-0.004833333333333385,0.0040500000000000015,-0.0029500000000000012,-0.0002749999999999697,0.004833333333333356,0.004049999999999998,0.002950000000000008,0.00027499999999999747,0.0,0.0,0.0,0.0,0.0,0.0,0.0,0.0,0.0,0.0,0.0,0.0,4,MP,0,0.3368858560744445,1.4
qwen_instruct,h2_choice,79,main_perp,AsCm,0.00904166666666669,0.007450000000000016,0.005875000000000021,0.0004500000000000146,-0.01582500000000003,0.009575000000000007,-0.00887500000000002,0.0006999999999999871,0.015825000000000016,0.009575,0.008875000000000022,-0.0006999999999999784,0.0,0.0,0.0,0.0,0.0,0.0,0.0,0.0,0.0,0.0,0.0,0.0,2,OD1,1,0.7408346464128569,1.7999999999999998
qwen_instruct,h2_choice,79,main_perp,AsCo,0.010908333333333334,0.015149999999999986,0.013999999999999999,0.014699999999999998,-0.002391666666666685,0.0077999999999999875,0.000449999999999999,0.000900000000000005,-0.002391666666666685,0.0077999999999999875,0.000449999999999999,0.000900000000000005,0.0,0.0,0.0,0.0,0.0,0.0,0.0,0.0,0.0,0.0,0.0,0.0,1,CO2,2,-0.6035533905932737,0.0
qwen_instruct,h2_choice,79,main_perp,AsDl,-0.0008833333333333377,0.01045,0.0033500000000000005,0.005150000000000005,0.006483333333333396,0.010450000000000025,-0.006499999999999983,-0.010450000000000025,-0.0064833333333334025,0.010450000000000043,0.006500000000000006,0.010450000000000043,0.0,0.0,0.0,0.0,0.0,0.0,0.0,0.0,0.0,0.0,0.0,0.0,4,OD1,1,0.5098945387370066,1.4
qwen_instruct,h2_choice,79,main_perp,AsHa,0.0070083333333333265,0.008174999999999998,4.9999999999991024e-05,-0.007175000000000007,0.0003250000000000031,0.011399999999999997,-5.000000000000143e-05,-0.005725000000000001,0.0003250000000000031,0.011399999999999997,-5.000000000000143e-05,-0.005725000000000001,0.0,0.0,0.0,0.0,0.0,0.0,0.0,0.0,0.0,0.0,0.0,0.0,1,OD2,1,0.048014323385306,0.6000000000000001
qwen_instruct,h2_choice,79,main_perp,AsHr,-0.021516666666666635,0.01674999999999999,-0.0002249999999999995,0.014149999999999989,0.009983333333333332,0.009800000000000024,2.5000000000014594e-05,-0.0014999999999999736,-0.009983333333333327,0.009800000000000059,-2.4999999999997247e-05,0.0014999999999999736,-0.4166666666666666,0.25,0.0,0.25,0.4166666666666666,0.25,0.0,-0.25,-0.4166666666666666,0.25,0.0,0.25,6,MP,0,0.68329601758822,2.0
qwen_instruct,h2_choice,79,main_perp,AsNc,0.00025000000000000895,0.00435,0.002200000000000005,0.00025000000000000196,0.0004833333333332867,0.002774999999999999,-0.002550000000000013,-0.0019999999999999844,0.0004833333333332867,0.002774999999999999,-0.002550000000000013,-0.0019999999999999844,0.0,0.0,0.0,0.0,0.0,0.0,0.0,0.0,0.0,0.0,0.0,0.0,3,OD2,1,0.1634843772232312,0.8
qwen_instruct,h2_choice,79,main_perp,AsPc,0.0039916666666666625,0.006499999999999999,0.006499999999999999,0.004649999999999998,-0.003775000000000007,0.009624999999999988,0.004599999999999993,0.006249999999999992,-0.003775000000000007,0.009624999999999988,0.004599999999999993,0.006249999999999992,0.0,0.0,0.0,0.0,0.0,0.0,0.0,0.0,0.0,0.0,0.0,0.0,5,OD2,1,-0.1829257842905442,0.2
qwen_instruct,h2_choice,79,main_perp,AsPd,-0.00288333333333336,0.010400000000000006,-0.004874999999999997,-0.00702499999999999,-0.0019500000000000175,0.015050000000000008,-0.010275000000000006,-0.007375,0.0019499999999999789,0.01504999999999998,0.010275000000000006,0.00737500000000002,0.0,0.0,0.0,0.0,0.0,0.0,0.0,0.0,0.0,0.0,0.0,0.0,6,OD1,1,0.3944244848990815,1.2
qwen_instruct,h2_choice,79,main_perp,AsSh,0.004908333333333334,0.007374999999999998,0.006924999999999992,0.0017499999999999946,-0.012491666666666686,0.010775000000000014,-0.006775000000000031,-0.001600000000000018,-0.012491666666666686,0.010775000000000014,-0.006775000000000031,-0.001600000000000018,0.0,0.0,0.0,0.0,0.0,0.0,0.0,0.0,0.0,0.0,0.0,0.0,3,CO1,2,-0.3437457694579421,0.6000000000000001
qwen_instruct,h2_choice,79,main_perp,BaAs,0.00399999999999999,0.003975000000000003,5.000000000000143e-05,-0.0001249999999999897,-0.0038999999999999617,0.0038749999999999913,-4.999999999999449e-05,7.499999999998827e-05,-0.0038999999999999617,0.0038749999999999913,-4.999999999999449e-05,7.499999999998827e-05,0.0,0.0,0.0,0.0,0.0,0.0,0.0,0.0,0.0,0.0,0.0,0.0,1,MP,0,0.5678259637502947,1.7999999999999998
qwen_instruct,h2_choice,79,main_perp,BaBa,0.00276666666666663,0.0023000000000000017,0.002174999999999998,0.0009250000000000161,0.0028000000000000707,0.002425000000000012,0.002425000000000012,0.001224999999999983,0.0028000000000000707,0.002425000000000012,0.002425000000000012,0.001224999999999983,0.0,0.0,0.0,0.0,0.0,0.0,0.0,0.0,0.0,0.0,0.0,0.0,3,CO2,2,-0.0169508502148298,0.2
qwen_instruct,h2_choice,79,main_perp,BaCh,0.0008249999999999816,0.0007500000000000145,5.0000000000013575e-05,-0.0004249999999999792,-0.0007749999999999711,0.0005500000000000088,-0.0002000000000000144,0.00017499999999996858,-0.0007749999999999711,0.0005500000000000088,-0.0002000000000000144,0.00017499999999996858,0.0,0.0,0.0,0.0,0.0,0.0,0.0,0.0,0.0,0.0,0.0,0.0,4,CO2,2,0.1562542305420579,0.6000000000000001
qwen_instruct,h2_choice,79,main_perp,BaCm,-0.013158333333333367,0.0096,-0.006500000000000009,0.00022500000000000558,0.012925000000000032,0.009550000000000001,0.006450000000000008,-0.00017500000000000588,0.012925000000000032,0.009550000000000001,0.006450000000000008,-0.00017500000000000588,0.0,0.0,0.0,0.0,0.0,0.0,0.0,0.0,0.0,0.0,0.0,0.0,1,OD1,1,0.2789544310611563,1.0
qwen_instruct,h2_choice,79,main_perp,BaCo,0.011666666666666688,0.006600000000000019,0.005600000000000027,0.0013750000000000212,-0.009166666666666712,0.004375000000000026,-0.003000000000000025,0.0013750000000000004,-0.009166666666666712,0.004375000000000026,-0.003000000000000025,0.0013750000000000004,0.0,0.0,0.0,0.0,0.0,0.0,0.0,0.0,0.0,0.0,0.0,0.0,3,MP,0,0.4523559099123697,1.6
qwen_instruct,h2_choice,79,main_perp,BaDl,-0.015691666666666704,0.014550000000000018,-0.008500000000000004,-0.0010249999999999869,0.015875000000000066,0.014600000000000005,0.008550000000000006,0.0009749999999999733,0.015875000000000066,0.014600000000000005,0.008550000000000006,0.0009749999999999733,0.0,0.0,0.0,0.0,0.0,0.0,0.0,0.0,0.0,0.0,0.0,0.0,3,OD1,1,0.5098945387370066,1.4
qwen_instruct,h2_choice,79,main_perp,BaHa,-0.00533333333333338,0.010249999999999999,0.004549999999999985,0.005550000000000008,-0.0017833333333332826,0.014350000000000005,-0.006699999999999991,-0.005550000000000025,0.0017833333333332573,0.014350000000000002,0.006699999999999984,0.005550000000000027,0.0,0.0,0.0,0.0,0.0,0.0,0.0,0.0,0.0,0.0,0.0,0.0,2,OD2,1,0.048014323385306,0.6000000000000001
qwen_instruct,h2_choice,79,main_perp,BaHr,-0.013741666666666649,0.009649999999999995,-0.0019999999999999766,0.007600000000000021,0.013708333333333315,0.009599999999999997,0.001949999999999977,-0.0076500000000000205,0.013708333333333315,0.009599999999999997,0.001949999999999977,-0.0076500000000000205,0.0,0.0,0.0,0.0,0.0,0.0,0.0,0.0,0.0,0.0,0.0,0.0,5,CO1,2,0.069651690163614,0.3999999999999999
qwen_instruct,h2_choice,79,main_perp,BaNc,-0.0006166666666666622,0.002924999999999997,0.0022250000000000004,0.002125000000000002,-0.0008333333333333776,0.002224999999999984,-0.002175000000000011,-0.002224999999999984,0.0008333333333333716,0.0022250000000000048,0.002175000000000038,0.0022250000000000048,0.0,0.0,0.0,0.0,0.0,0.0,0.0,0.0,0.0,0.0,0.0,0.0,4,OD2,1,0.1634843772232312,0.8
qwen_instruct,h2_choice,79,main_perp,BaPc,0.0022666666666667067,0.007750000000000002,-0.0001749999999999946,-0.0061500000000000166,-0.005300000000000024,0.006199999999999982,0.00017500000000000848,0.0061500000000000166,0.005300000000000024,0.006199999999999983,-0.00017500000000000848,-0.0061500000000000166,0.0,0.0,0.0,0.0,0.0,0.0,0.0,0.0,0.0,0.0,0.0,0.0,6,OD2,1,0.2789544310611563,1.0
qwen_instruct,h2_choice,79,main_perp,BaPd,0.014358333333333336,0.0075249999999999935,-0.0001749999999999894,-0.0074500000000000035,-0.015275000000000023,0.008774999999999962,2.4999999999988573e-05,0.007350000000000018,-0.015275000000000023,0.008774999999999962,2.4999999999988573e-05,0.007350000000000018,0.0,0.0,0.0,0.0,0.0,0.0,0.0,0.0,0.0,0.0,0.0,0.0,5,OD1,1,0.3944244848990815,1.2
qwen_instruct,h2_choice,79,main_perp,BaSh,-0.000599999999999998,0.005875000000000002,-5.000000000000317e-05,-0.0018500000000000044,0.00690000000000002,0.008099999999999979,-9.99999999999994e-05,-0.002050000000000017,0.00690000000000002,0.008099999999999979,-9.99999999999994e-05,-0.002050000000000017,0.0,0.0,0.0,0.0,0.0,0.0,0.0,0.0,0.0,0.0,0.0,0.0,5,MP,0,0.3368858560744445,1.4
qwen_instruct,h2_choice,79,main_perp,ChAs,-0.0023750000000000086,0.0011500000000000277,-4.9999999999980616e-05,0.0010500000000000249,-0.002858333333333317,0.0014250000000000183,0.0,0.0011999999999999945,-0.002858333333333317,0.0014250000000000183,0.0,0.0011999999999999945,0.0,0.0,0.0,0.0,0.0,0.0,0.0,0.0,0.0,0.0,0.0,0.0,7,MP,0,0.3368858560744445,1.4
qwen_instruct,h2_choice,79,main_perp,ChBa,-0.0029666666666667003,0.0035499999999999733,-0.0022749999999999867,-0.00024999999999997594,0.005983333333333367,0.004024999999999985,0.004024999999999985,0.0001999999999999745,0.005983333333333367,0.004024999999999985,0.004024999999999985,0.0001999999999999745,0.0,0.0,0.0,0.0,0.0,0.0,0.0,0.0,0.0,0.0,0.0,0.0,5,CO2,2,0.1562542305420579,0.6000000000000001
qwen_instruct,h2_choice,79,main_perp,ChCh,-0.000883333333333333,0.005300000000000001,0.00405,0.005299999999999999,0.005916666666666668,0.006200000000000006,-0.0023000000000000125,-0.006100000000000012,0.005916666666666668,0.006200000000000006,-0.0023000000000000125,-0.006100000000000012,0.0,0.0,0.0,0.0,0.0,0.0,0.0,0.0,0.0,0.0,0.0,0.0,6,CO2,2,0.2428567709205017,0.8
qwen_instruct,h2_choice,79,main_perp,ChCm,-0.0047250000000000104,0.012224999999999986,-0.0043499999999999876,-0.00444999999999998,0.006341666666666685,0.012575000000000013,0.004949999999999987,0.004499999999999978,0.006341666666666685,0.012575000000000013,0.004949999999999987,0.004499999999999978,0.0,0.0,0.0,0.0,0.0,0.0,0.0,0.0,0.0,0.0,0.0,0.0,7,OD1,1,0.6253645925749319,1.6
qwen_instruct,h2_choice,79,main_perp,ChCo,-0.011166666666666693,0.009800000000000015,9.999999999998638e-05,0.007225000000000004,0.013366666666666692,0.01117500000000001,-0.00019999999999995282,-0.008624999999999985,0.013366666666666692,0.01117500000000001,-0.00019999999999995282,-0.008624999999999985,0.0,0.0,0.0,0.0,0.0,0.0,0.0,0.0,0.0,0.0,0.0,0.0,9,MP,0,0.1059457483985941,1.0
qwen_instruct,h2_choice,79,main_perp,ChDl,0.002341666666666663,0.0010500000000000088,0.0002499999999999972,-0.0006250000000000058,0.0021083333333333366,0.0009249999999999974,0.0002000000000000027,-0.0007249999999999947,0.0021083333333333366,0.0009249999999999974,0.0002000000000000027,-0.0007249999999999947,0.0,0.0,0.0,0.0,0.0,0.0,0.0,0.0,0.0,0.0,0.0,0.0,9,OD1,1,0.7408346464128569,1.7999999999999998
qwen_instruct,h2_choice,79,main_perp,ChHa,0.00011666666666663845,0.004674999999999995,0.004674999999999995,0.004075000000000013,0.005750000000000033,0.007350000000000002,0.006525000000000013,0.0022249999999999943,-0.005750000000000062,0.007349999999999968,-0.006525000000000003,-0.002224999999999977,0.0,0.0,0.0,0.0,0.0,0.0,0.0,0.0,0.0,0.0,0.0,0.0,8,OD2,1,-0.1829257842905442,0.2
qwen_instruct,h2_choice,79,main_perp,ChHr,0.0018666666666666692,0.010374999999999992,0.003475000000000005,-0.0003499999999999918,0.0015999999999999955,0.010424999999999993,-0.002475000000000006,-0.00020000000000000833,0.0015999999999999955,0.010424999999999993,-0.002475000000000006,-0.00020000000000000833,0.0,0.0,0.0,0.0,0.0,0.0,0.0,0.0,0.0,0.0,0.0,0.0,6,CO1,2,0.3294593112989456,1.0
qwen_instruct,h2_choice,79,main_perp,CmAs,-0.0001916666666666731,0.0006499999999999839,-0.0003250000000000026,-0.00042499999999999504,0.000675000000000009,0.0013499999999999701,0.0006250000000000038,0.0006749999999999948,-0.000675,0.0013499999999999623,-0.0006250000000000144,-0.0006750000000000089,0.0,0.0,0.0,0.0,0.0,0.0,0.0,0.0,0.0,0.0,0.0,0.0,8,OD1,1,0.2694301256218253,1.7999999999999998
qwen_instruct,h2_choice,79,main_perp,CmCm,-0.0006749999999999691,0.00042499999999998095,-0.00022499999999997246,0.0002000000000000085,0.000724999999999969,0.00042499999999998095,0.0002749999999999725,-0.00015000000000000847,-0.0007249999999999664,0.00042499999999998095,-0.0002749999999999697,0.00015000000000001124,0.0,0.0,0.0,0.0,0.0,0.0,0.0,0.0,0.0,0.0,0.0,0.0,2,DD,1,-0.3079201435678004,0.8
qwen_instruct,h2_choice,79,main_perp,CmDl,-0.00042499999999998756,0.00030000000000002247,0.00015000000000002495,0.00030000000000002247,0.0008083333333333206,0.00047500000000001415,9.999999999997495e-05,-0.00030000000000002247,-0.0008083333333333366,0.00047500000000003095,-9.999999999998899e-05,0.00030000000000002247,0.0,0.0,0.0,0.0,0.0,0.0,0.0,0.0,0.0,0.0,0.0,0.0,4,DD,1,0.0384900179459749,1.4
qwen_instruct,h2_choice,79,main_perp,CmHa,0.0008999999999999741,0.0006749999999999893,-0.00012500000000000846,-0.0005250000000000003,0.0004333333333333592,0.0005999999999999976,0.0002250000000000085,-2.499999999999985e-05,-0.0004333333333333412,0.0005999999999999894,-0.00022500000000000298,2.4999999999997247e-05,0.0,0.0,0.0,0.0,0.0,0.0,0.0,0.0,0.0,0.0,0.0,0.0,6,DD,1,0.0384900179459749,1.4
qwen_instruct,h2_choice,79,main_perp,CmNc,0.00036666666666666315,0.00022499999999999734,4.999999999999726e-05,-0.00015000000000000283,0.0003000000000000038,0.00022499999999999734,2.7647155398380363e-18,-0.00019999999999999733,-0.0003000000000000132,0.00022500000000000298,0.0,0.00020000000000000573,0.0,0.0,0.0,0.0,0.0,0.0,0.0,0.0,0.0,0.0,0.0,0.0,8,DD,1,0.2694301256218253,1.7999999999999998
qwen_instruct,h2_choice,79,main_perp,CoAs,-0.01391666666666663,0.012549999999999981,-0.005974999999999989,0.00632499999999999,-0.017699999999999955,0.01404999999999998,-0.003824999999999995,0.008974999999999983,-0.017699999999999955,0.01404999999999998,-0.003824999999999995,0.008974999999999983,-0.24999999999999986,0.25,0.0,0.25,-0.24999999999999986,0.25,0.0,0.25,-0.24999999999999986,0.25,0.0,0.25,7,CO2,2,-0.6035533905932737,0.0
qwen_instruct,h2_choice,79,main_perp,CoCo,0.0031916666666666578,0.008924999999999975,-0.006375000000000007,-0.007750000000000007,-0.003108333333333354,0.009250000000000008,-0.009125000000000022,-0.007750000000000007,-0.003108333333333354,0.009250000000000008,-0.009125000000000022,-0.007750000000000007,-2.3115197751421316e-17,0.25,-0.25,-0.25,-2.3115197751421316e-17,0.25,-0.25,-0.25,-2.3115197751421316e-17,0.25,-0.25,-0.25,7,CO1,2,-0.5169508502148299,0.2
qwen_instruct,h2_choice,79,main_perp,CoSh,0.0015666666666666765,0.0008750000000000058,0.0008750000000000058,0.00012500000000000315,-0.0014166666666666494,0.0008499999999999897,-0.00047499999999997544,0.0003250000000000197,-0.0014166666666666494,0.0008499999999999897,-0.00047499999999997544,0.0003250000000000197,0.0,0.0,0.0,0.0,0.0,0.0,0.0,0.0,0.0,0.0,0.0,0.0,8,CO2,2,-0.5169508502148299,0.2
qwen_instruct,h2_choice,79,main_perp,HaAs,0.0030916666666667056,0.0033250000000000085,0.0033250000000000085,0.0005749999999999922,0.002408333333333392,0.0032500000000000306,0.003075000000000022,0.0005749999999999922,0.002408333333333392,0.0032500000000000306,0.003075000000000022,0.0005749999999999922,0.0,0.0,0.0,0.0,0.0,0.0,0.0,0.0,0.0,0.0,0.0,0.0,7,OD2,1,-0.4233901974057255,0.6000000000000001
qwen_instruct,h2_choice,79,main_perp,HaBa,0.0007666666666666734,0.004174999999999998,0.002249999999999995,0.00014999999999999367,-0.0035499999999999868,0.004224999999999979,0.0019000000000000128,0.0040000000000000036,-0.0035499999999999868,0.004224999999999979,0.0019000000000000128,0.0040000000000000036,0.0,0.0,0.0,0.0,0.0,0.0,0.0,0.0,0.0,0.0,0.0,0.0,9,OD2,1,-0.4233901974057255,0.6000000000000001
qwen_instruct,h2_choice,79,main_perp,HaCm,0.0024916666666666915,0.0064250000000000106,-0.0006749999999999968,-0.0035250000000000108,-0.004075000000000023,0.007849999999999996,-0.002925000000000011,-0.003374999999999989,-0.004075000000000023,0.007849999999999996,-0.002925000000000011,-0.003374999999999989,0.0,0.0,0.0,0.0,0.0,0.0,0.0,0.0,0.0,0.0,0.0,0.0,1,DD,1,0.0384900179459749,1.4
qwen_instruct,h2_choice,79,main_perp,HaDl,0.0008583333333333415,0.002349999999999991,-2.6020852139652106e-18,2.4999999999997247e-05,0.002024999999999999,0.0028749999999999887,4.999999999999449e-05,2.4999999999997247e-05,0.002024999999999999,0.0028749999999999887,4.999999999999449e-05,2.4999999999997247e-05,0.0,0.0,0.0,0.0,0.0,0.0,0.0,0.0,0.0,0.0,0.0,0.0,3,DD,1,-0.1924500897298753,1.0
qwen_instruct,h2_choice,79,main_perp,HaHa,-0.0017583333333333205,0.002475000000000005,-7.499999999999738e-05,2.4999999999994482e-05,-0.002508333333333325,0.002899999999999986,-0.0004750000000000032,7.499999999999174e-05,-0.002508333333333325,0.002899999999999986,-0.0004750000000000032,7.499999999999174e-05,0.0,0.0,0.0,0.0,0.0,0.0,0.0,0.0,0.0,0.0,0.0,0.0,5,DD,1,-0.6543303050815759,0.2
qwen_instruct,h2_choice,79,main_perp,HaNc,0.00024999999999999827,0.0011499999999999952,0.0005749999999999959,0.0004999999999999932,-0.00021666666666670726,0.0016499999999999848,0.0015249999999999708,0.0016499999999999848,-0.00021666666666670726,0.0016499999999999848,0.0015249999999999708,0.0016499999999999848,0.0,0.0,0.0,0.0,0.0,0.0,0.0,0.0,0.0,0.0,0.0,0.0,7,DD,1,-0.7698003589195012,0.0
qwen_instruct,h2_choice,79,main_perp,HaPc,0.00033333333333330145,0.0005249999999999863,-0.00032500000000001424,-0.0004000000000000001,-0.0014333333333333695,0.0008250000000000202,-0.00042500000000003646,0.0003999999999999837,-0.0014333333333333695,0.0008250000000000202,-0.00042500000000003646,0.0003999999999999837,0.0,0.0,0.0,0.0,0.0,0.0,0.0,0.0,0.0,0.0,0.0,0.0,9,DD,1,-0.4233901974057255,0.6000000000000001
qwen_instruct,h2_choice,79,main_perp,HrAs,-0.001641666666666687,0.0033500000000000335,2.4999999999993777e-05,0.0012000000000000131,0.009858333333333354,0.006100000000000015,-7.499999999999521e-05,-0.006100000000000015,-0.009858333333333337,0.006100000000000022,7.50000000000195e-05,0.006100000000000022,0.0,0.0,0.0,0.0,0.0,0.0,0.0,0.0,0.0,0.0,0.0,0.0,8,MP,0,0.68329601758822,2.0
qwen_instruct,h2_choice,79,main_perp,HrBa,0.008966666666666703,0.006175000000000016,-0.0006750000000000011,-0.006175000000000016,-0.007300000000000037,0.0061500000000000166,0.0013250000000000007,0.006125000000000017,0.0073000000000000564,0.0061500000000000166,-0.0013249999999999929,-0.006125000000000019,0.0,0.0,0.0,0.0,0.0,0.0,0.0,0.0,0.0,0.0,0.0,0.0,2,CO1,2,0.069651690163614,0.3999999999999999
qwen_instruct,h2_choice,79,main_perp,HrCh,-0.0007583333333332947,0.005349999999999994,-0.00489999999999998,-0.005149999999999998,0.0021749999999999613,0.005574999999999977,0.005549999999999979,0.004949999999999999,-0.002174999999999974,0.005574999999999969,-0.005549999999999972,-0.004949999999999982,0.0,0.0,0.0,0.0,0.0,0.0,0.0,0.0,0.0,0.0,0.0,0.0,4,CO1,2,0.3294593112989456,1.0
qwen_instruct,h2_choice,79,main_perp,HrHr,-0.0061750000000000025,0.007649999999999987,-0.007499999999999998,-0.0017499999999999907,0.005841666666666672,0.0071750000000000095,0.006649999999999998,0.0009499999999999895,-0.00584166666666667,0.007175000000000015,-0.006649999999999989,-0.0009499999999999786,0.0,0.0,0.0,0.0,0.0,0.0,0.0,0.0,0.0,0.0,0.0,0.0,2,CO2,2,-0.0169508502148298,0.2
qwen_instruct,h2_choice,79,main_perp,ShAs,0.0029000000000000067,0.003799999999999998,0.0012500000000000046,-0.0010999999999999968,-0.002249999999999986,0.004850000000000014,-0.0013499999999999953,-0.0010000000000000044,-0.002249999999999986,0.004850000000000014,-0.0013499999999999953,-0.0010000000000000044,0.0,0.0,0.0,0.0,0.0,0.0,0.0,0.0,0.0,0.0,0.0,0.0,8,CO1,2,-0.3437457694579421,0.6000000000000001
qwen_instruct,h2_choice,79,main_perp,ShCo,0.0033416666666666725,0.006249999999999995,0.0032249999999999926,0.00309999999999999,-0.004841666666666676,0.006500000000000013,-0.003525000000000021,-0.002700000000000022,-0.004841666666666676,0.006500000000000013,-0.003525000000000021,-0.002700000000000022,0.0,0.0,0.0,0.0,0.0,0.0,0.0,0.0,0.0,0.0,0.0,0.0,9,CO2,2,-0.5169508502148299,0.2
qwen_instruct,h2_choice,79,main_perp,ShSh,0.012949999999999988,0.007299999999999994,0.004149999999999999,-0.003149999999999995,-0.005250000000000035,0.008175000000000036,-0.004250000000000011,-0.0011999999999999962,-0.005250000000000035,0.008175000000000036,-0.004250000000000011,-0.0011999999999999962,0.0,0.0,0.0,0.0,0.0,0.0,0.0,0.0,0.0,0.0,0.0,0.0,9,CO1,2,-0.2571432290794982,0.8
qwen_instruct,h2_choice,79,random,AsAs,0.04150000000000001,0.019175000000000005,0.012050000000000003,-0.007125000000000003,-0.01675000000000003,0.009375000000000008,-0.005649999999999995,0.003725000000000013,-0.01675000000000003,0.009375000000000008,-0.005649999999999995,0.003725000000000013,0.0,0.0,0.0,0.0,0.0,0.0,0.0,0.0,0.0,0.0,0.0,0.0,1,CO1,2,-0.5169508502148299,0.2
qwen_instruct,h2_choice,79,random,AsBa,0.04953333333333333,0.02935,0.024674999999999992,-0.004675000000000007,-0.004800000000000014,0.007050000000000011,-0.0034250000000000183,-0.0006750000000000055,0.004800000000000027,0.0070500000000000285,0.003425000000000039,0.0006750000000000089,0.0,0.0,0.0,0.0,0.0,0.0,0.0,0.0,0.0,0.0,0.0,0.0,2,MP,0,0.5678259637502947,1.7999999999999998
qwen_instruct,h2_choice,79,random,AsCh,0.03245000000000001,0.017150000000000006,0.011425000000000006,-9.999999999999593e-05,-0.021133333333333233,0.010474999999999964,-0.00942499999999996,-5.000000000000143e-05,0.0211333333333332,0.010474999999999984,0.009424999999999961,5.000000000002225e-05,0.0,0.0,0.0,0.0,0.0,0.0,0.0,0.0,0.0,0.0,0.0,0.0,4,MP,0,0.3368858560744445,1.4
qwen_instruct,h2_choice,79,random,AsCm,0.05063333333333339,0.032725000000000025,0.03007500000000002,-0.002650000000000004,-0.03560000000000007,0.027625000000000014,-0.027275000000000035,-0.0026999999999999984,0.035600000000000076,0.02762500000000001,0.02727500000000005,0.002700000000000008,0.0,0.0,0.0,0.0,0.0,0.0,0.0,0.0,0.0,0.0,0.0,0.0,2,OD1,1,0.7408346464128569,1.7999999999999998
qwen_instruct,h2_choice,79,random,AsCo,0.08365000000000002,0.04245000000000001,0.035525,-0.0069250000000000075,-0.01053333333333327,0.013774999999999961,0.002725000000000026,0.007075000000000005,-0.01053333333333327,0.013774999999999961,0.002725000000000026,0.007075000000000005,0.0,0.0,0.0,0.0,0.0,0.0,0.0,0.0,0.0,0.0,0.0,0.0,1,CO2,2,-0.6035533905932737,0.0
qwen_instruct,h2_choice,79,random,AsDl,0.045649999999999996,0.023375000000000003,0.019850000000000007,-0.002649999999999996,-0.023566666666666694,0.01567500000000001,-0.015550000000000017,-0.0025000000000000057,0.02356666666666675,0.015675000000000022,0.015550000000000036,0.0025000000000000022,0.0,0.0,0.0,0.0,0.0,0.0,0.0,0.0,0.0,0.0,0.0,0.0,4,OD1,1,0.5098945387370066,1.4
qwen_instruct,h2_choice,79,random,AsHa,0.020291666666666677,0.01440000000000001,0.003450000000000005,-0.010950000000000005,-0.0033416666666666,0.009224999999999983,0.0018000000000000134,-0.0015500000000000201,-0.0033416666666666,0.009224999999999983,0.0018000000000000134,-0.0015500000000000201,0.0,0.0,0.0,0.0,0.0,0.0,0.0,0.0,0.0,0.0,0.0,0.0,1,OD2,1,0.048014323385306,0.6000000000000001
qwen_instruct,h2_choice,79,random,AsHr,0.07529999999999999,0.03737499999999999,0.021775,-0.015599999999999996,-0.011049999999999985,0.015149999999999986,-0.008974999999999973,-0.0009499999999999682,0.011050000000000022,0.015150000000000025,0.008974999999999983,0.0009499999999999509,0.5833333333333334,0.25,0.25,0.0,-0.5833333333333334,0.25,-0.25,0.0,0.5833333333333334,0.25,0.25,0.0,6,MP,0,0.68329601758822,2.0
qwen_instruct,h2_choice,79,random,AsNc,0.03616666666666666,0.018224999999999998,0.014899999999999997,-0.003325,0.01113333333333334,0.006325000000000001,0.005250000000000002,0.0012749999999999949,0.01113333333333334,0.006325000000000001,0.005250000000000002,0.0012749999999999949,0.0,0.0,0.0,0.0,0.0,0.0,0.0,0.0,0.0,0.0,0.0,0.0,3,OD2,1,0.1634843772232312,0.8
qwen_instruct,h2_choice,79,random,AsPc,0.07117500000000002,0.03395000000000001,0.022724999999999995,-0.01122500000000001,0.041891666666666695,0.023925000000000016,0.016325000000000013,-0.003974999999999992,0.041891666666666695,0.023925000000000016,0.016325000000000013,-0.003974999999999992,0.0,0.0,0.0,0.0,0.0,0.0,0.0,0.0,0.0,0.0,0.0,0.0,5,OD2,1,-0.1829257842905442,0.2
qwen_instruct,h2_choice,79,random,AsPd,0.09033333333333331,0.045250000000000005,0.020600000000000007,-0.02465,0.015649999999999973,0.012575000000000024,0.00035000000000001,-0.004949999999999968,-0.01564999999999997,0.01257500000000003,-0.0003499999999999892,0.004949999999999982,0.0,0.0,0.0,0.0,0.0,0.0,0.0,0.0,0.0,0.0,0.0,0.0,6,OD1,1,0.3944244848990815,1.2
qwen_instruct,h2_choice,79,random,AsSh,0.05523333333333334,0.030375,0.022249999999999995,-0.008125000000000005,0.0067833333333333365,0.015350000000000016,0.008249999999999987,0.001324999999999972,0.0067833333333333365,0.015350000000000016,0.008249999999999987,0.001324999999999972,0.0,0.0,0.0,0.0,0.0,0.0,0.0,0.0,0.0,0.0,0.0,0.0,3,CO1,2,-0.3437457694579421,0.6000000000000001
qwen_instruct,h2_choice,79,random,BaAs,0.05724166666666665,0.028624999999999998,0.0172,-0.011424999999999996,-0.037458333333333316,0.017775,-0.006450000000000003,0.011324999999999997,-0.037458333333333316,0.017775,-0.006450000000000003,0.011324999999999997,0.0,0.0,0.0,0.0,0.0,0.0,0.0,0.0,0.0,0.0,0.0,0.0,1,MP,0,0.5678259637502947,1.7999999999999998
qwen_instruct,h2_choice,79,random,BaBa,0.04551666666666665,0.023749999999999993,0.0158,-0.00794999999999999,-0.03144999999999998,0.015749999999999986,-0.007850000000000003,0.007899999999999985,-0.03144999999999998,0.015749999999999986,-0.007850000000000003,0.007899999999999985,0.0,0.0,0.0,0.0,0.0,0.0,0.0,0.0,0.0,0.0,0.0,0.0,3,CO2,2,-0.0169508502148298,0.2
qwen_instruct,h2_choice,79,random,BaCh,0.054875000000000014,0.026975000000000006,0.01842500000000002,-0.008549999999999986,-0.030924999999999987,0.017550000000000003,-0.010425000000000021,0.005549999999999973,-0.030924999999999987,0.017550000000000003,-0.010425000000000021,0.005549999999999973,0.0,0.0,0.0,0.0,0.0,0.0,0.0,0.0,0.0,0.0,0.0,0.0,4,CO2,2,0.1562542305420579,0.6000000000000001
qwen_instruct,h2_choice,79,random,BaCm,0.02612499999999998,0.014,0.005699999999999985,-0.005400000000000002,-0.008858333333333312,0.0076749999999999995,-0.0005999999999999877,0.0016499999999999987,-0.008858333333333312,0.0076749999999999995,-0.0005999999999999877,0.0016499999999999987,0.0,0.0,0.0,0.0,0.0,0.0,0.0,0.0,0.0,0.0,0.0,0.0,1,OD1,1,0.2789544310611563,1.0
qwen_instruct,h2_choice,79,random,BaCo,0.03203333333333335,0.016650000000000005,0.011650000000000013,-0.0049999999999999906,-0.02213333333333335,0.012000000000000005,-0.007900000000000006,0.0040999999999999995,-0.02213333333333335,0.012000000000000005,-0.007900000000000006,0.0040999999999999995,0.0,0.0,0.0,0.0,0.0,0.0,0.0,0.0,0.0,0.0,0.0,0.0,3,MP,0,0.4523559099123697,1.6
qwen_instruct,h2_choice,79,random,BaDl,0.03942499999999999,0.02447499999999999,0.008375,-0.008950000000000001,-0.02650833333333328,0.019824999999999975,-0.003724999999999999,0.007399999999999988,-0.02650833333333328,0.019824999999999975,-0.003724999999999999,0.007399999999999988,0.08333333333333334,0.25,0.0,0.0,-0.08333333333333334,0.25,0.0,0.0,-0.08333333333333334,0.25,0.0,0.0,3,OD1,1,0.5098945387370066,1.4
qwen_instruct,h2_choice,79,random,BaHa,0.03785833333333333,0.023525,0.01889999999999999,-0.004625000000000011,-0.016841666666666675,0.016599999999999986,-0.016599999999999986,-0.0053249999999999895,0.016841666666666692,0.016599999999999976,0.016599999999999976,0.005324999999999969,0.0,0.0,0.0,0.0,0.0,0.0,0.0,0.0,0.0,0.0,0.0,0.0,2,OD2,1,0.048014323385306,0.6000000000000001
qwen_instruct,h2_choice,79,random,BaHr,0.031216666666666643,0.014099999999999984,0.010450000000000004,-0.0036499999999999796,-0.021449999999999973,0.010699999999999998,-0.008650000000000001,0.0002499999999999794,-0.021449999999999973,0.010699999999999998,-0.008650000000000001,0.0002499999999999794,0.0,0.0,0.0,0.0,0.0,0.0,0.0,0.0,0.0,0.0,0.0,0.0,5,CO1,2,0.069651690163614,0.3999999999999999
qwen_instruct,h2_choice,79,random,BaNc,0.045100000000000015,0.02130000000000001,0.016975000000000004,-0.004325000000000007,-0.003983333333333355,0.007699999999999952,-0.004625000000000004,-0.003974999999999969,0.0039833333333333856,0.007699999999999985,0.004625000000000018,0.0039749999999999786,0.0,0.0,0.0,0.0,0.0,0.0,0.0,0.0,0.0,0.0,0.0,0.0,4,OD2,1,0.1634843772232312,0.8
qwen_instruct,h2_choice,79,random,BaPc,0.042166666666666644,0.023349999999999985,0.009299999999999992,-0.014049999999999993,-0.028100000000000014,0.017075000000000007,-0.004449999999999993,0.011050000000000004,0.02809999999999999,0.017075000000000007,0.004449999999999982,-0.011050000000000004,0.0,0.0,0.0,0.0,0.0,0.0,0.0,0.0,0.0,0.0,0.0,0.0,6,OD2,1,0.2789544310611563,1.0
qwen_instruct,h2_choice,79,random,BaPd,0.05157500000000001,0.026075000000000004,0.005424999999999999,-0.020650000000000005,-0.018658333333333336,0.01500000000000001,0.005375000000000005,0.01500000000000001,-0.018658333333333336,0.01500000000000001,0.005375000000000005,0.01500000000000001,0.0,0.0,0.0,0.0,0.0,0.0,0.0,0.0,0.0,0.0,0.0,0.0,5,OD1,1,0.3944244848990815,1.2
qwen_instruct,h2_choice,79,random,BaSh,0.03414166666666666,0.015825,0.008974999999999993,-0.006850000000000004,-0.0023583333333333178,0.008125000000000007,-0.0048749999999999905,-0.004899999999999998,-0.0023583333333333178,0.008125000000000007,-0.0048749999999999905,-0.004899999999999998,0.0,0.0,0.0,0.0,0.0,0.0,0.0,0.0,0.0,0.0,0.0,0.0,5,MP,0,0.3368858560744445,1.4
qwen_instruct,h2_choice,79,random,ChAs,0.04165833333333334,0.020975000000000008,0.008750000000000011,-0.012224999999999995,-0.013641666666666726,0.009925000000000008,0.001149999999999974,0.009775000000000011,-0.013641666666666726,0.009925000000000008,0.001149999999999974,0.009775000000000011,0.0,0.0,0.0,0.0,0.0,0.0,0.0,0.0,0.0,0.0,0.0,0.0,7,MP,0,0.3368858560744445,1.4
qwen_instruct,h2_choice,79,random,ChBa,0.02831666666666664,0.012824999999999996,0.0012250000000000136,-0.011599999999999982,-0.02134999999999997,0.010399999999999982,0.0009749999999999856,0.010399999999999982,-0.02134999999999997,0.010399999999999982,0.0009749999999999856,0.010399999999999982,0.0,0.0,0.0,0.0,0.0,0.0,0.0,0.0,0.0,0.0,0.0,0.0,5,CO2,2,0.1562542305420579,0.6000000000000001
qwen_instruct,h2_choice,79,random,ChCh,0.03176666666666667,0.014200000000000004,0.0109,-0.003300000000000004,-0.021650000000000034,0.010425000000000012,-0.007050000000000011,0.002450000000000015,-0.021650000000000034,0.010425000000000012,-0.007050000000000011,0.002450000000000015,0.0,0.0,0.0,0.0,0.0,0.0,0.0,0.0,0.0,0.0,0.0,0.0,6,CO2,2,0.2428567709205017,0.8
qwen_instruct,h2_choice,79,random,ChCm,0.060208333333333315,0.029175000000000006,0.002200000000000032,-0.026974999999999975,-0.04160833333333332,0.022874999999999975,0.0022499999999999708,0.022874999999999975,-0.04160833333333332,0.022874999999999975,0.0022499999999999708,0.022874999999999975,0.6666666666666667,0.25,0.0,-0.25,-0.6666666666666667,0.25,0.0,0.25,-0.6666666666666667,0.25,0.0,0.25,7,OD1,1,0.6253645925749319,1.6
qwen_instruct,h2_choice,79,random,ChCo,0.051425000000000026,0.02525000000000001,0.010249999999999995,-0.015000000000000012,-0.03169166666666673,0.015250000000000015,-0.010299999999999976,0.0049500000000000394,-0.03169166666666673,0.015250000000000015,-0.010299999999999976,0.0049500000000000394,0.0,0.0,0.0,0.0,0.0,0.0,0.0,0.0,0.0,0.0,0.0,0.0,9,MP,0,0.1059457483985941,1.0
qwen_instruct,h2_choice,79,random,ChDl,0.030549999999999983,0.013125000000000008,0.012299999999999972,-0.0007500000000000141,-0.025366666666666652,0.011924999999999995,-0.011899999999999971,-0.0009999999999999866,-0.025366666666666652,0.011924999999999995,-0.011899999999999971,-0.0009999999999999866,0.5833333333333334,0.25,0.25,0.0,-0.5833333333333334,0.25,-0.25,0.0,-0.5833333333333334,0.25,-0.25,0.0,9,OD1,1,0.7408346464128569,1.7999999999999998
qwen_instruct,h2_choice,79,random,ChHa,0.04162500000000002,0.021150000000000016,0.009875000000000012,-0.010025000000000003,0.0011916666666666384,0.01285,0.008074999999999988,0.0060750000000000005,-0.0011916666666666497,0.012850000000000028,-0.008074999999999999,-0.006074999999999997,0.0,0.0,0.0,0.0,0.0,0.0,0.0,0.0,0.0,0.0,0.0,0.0,8,OD2,1,-0.1829257842905442,0.2
qwen_instruct,h2_choice,79,random,ChHr,0.03592499999999999,0.018400000000000007,0.010500000000000011,-0.007899999999999992,-0.031191666666666663,0.016800000000000006,-0.009450000000000012,0.006849999999999992,-0.031191666666666663,0.016800000000000006,-0.009450000000000012,0.006849999999999992,0.0,0.0,0.0,0.0,0.0,0.0,0.0,0.0,0.0,0.0,0.0,0.0,6,CO1,2,0.3294593112989456,1.0
qwen_instruct,h2_choice,79,random,CmAs,0.012574999999999956,0.006924999999999991,0.005124999999999987,-0.0018000000000000039,-0.0061749999999999566,0.0038249999999999907,-0.003174999999999987,0.0006500000000000039,0.006174999999999968,0.003824999999999995,0.0031749999999999834,-0.0006500000000000117,0.0,0.0,0.0,0.0,0.0,0.0,0.0,0.0,0.0,0.0,0.0,0.0,8,OD1,1,0.2694301256218253,1.7999999999999998
qwen_instruct,h2_choice,79,random,CmCm,0.0054749999999999755,0.0021499999999999935,7.500000000000003e-05,-0.0020749999999999935,-0.005191666666666642,0.0020749999999999935,7.500000000000003e-05,0.0020749999999999935,0.005191666666666659,0.0020749999999999935,-7.499999999999174e-05,-0.0020749999999999935,0.0,0.0,0.0,0.0,0.0,0.0,0.0,0.0,0.0,0.0,0.0,0.0,2,DD,1,-0.3079201435678004,0.8
qwen_instruct,h2_choice,79,random,CmDl,0.005325000000000015,0.0031000000000000194,0.0005500000000000225,-0.0025499999999999967,-0.004291666666666683,0.0026500000000000026,-5.000000000002241e-05,0.0025499999999999967,0.004291666666666666,0.0026499999999999857,5.000000000002225e-05,-0.0025499999999999967,0.0,0.0,0.0,0.0,0.0,0.0,0.0,0.0,0.0,0.0,0.0,0.0,4,DD,1,0.0384900179459749,1.4
qwen_instruct,h2_choice,79,random,CmHa,0.00517499999999999,0.0031749999999999964,0.0021999999999999906,-0.000975000000000006,-0.0033916666666666574,0.001999999999999991,-0.001999999999999991,-7.499999999999413e-05,0.0033916666666666353,0.001999999999999974,0.001999999999999974,7.499999999999174e-05,0.0,0.0,0.0,0.0,0.0,0.0,0.0,0.0,0.0,0.0,0.0,0.0,6,DD,1,0.0384900179459749,1.4
qwen_instruct,h2_choice,79,random,CmNc,0.006991666666666621,0.003424999999999978,0.00024999999999998076,-0.0031749999999999973,-0.005591666666666621,0.0026499999999999913,-9.999999999998069e-05,0.0024249999999999966,0.005591666666666616,0.0026499999999999857,9.999999999998899e-05,-0.0024249999999999827,0.0,0.0,0.0,0.0,0.0,0.0,0.0,0.0,0.0,0.0,0.0,0.0,8,DD,1,0.2694301256218253,1.7999999999999998
qwen_instruct,h2_choice,79,random,CoAs,0.05364999999999998,0.025175000000000003,0.012525000000000008,-0.012649999999999993,0.041283333333333325,0.019674999999999998,0.012025000000000008,-0.00764999999999999,0.041283333333333325,0.019674999999999998,0.012025000000000008,-0.00764999999999999,0.5833333333333334,0.25,0.25,0.0,0.5833333333333334,0.25,0.25,0.0,0.5833333333333334,0.25,0.25,0.0,7,CO2,2,-0.6035533905932737,0.0
qwen_instruct,h2_choice,79,random,CoCo,0.05486666666666663,0.026750000000000003,0.005999999999999995,-0.020750000000000008,0.0474833333333333,0.02447500000000001,0.003149999999999986,-0.02020000000000001,0.0474833333333333,0.02447500000000001,0.003149999999999986,-0.02020000000000001,0.5833333333333333,0.25,0.0,-0.25,0.5833333333333333,0.25,0.0,-0.25,0.5833333333333333,0.25,0.0,-0.25,7,CO1,2,-0.5169508502148299,0.2
qwen_instruct,h2_choice,79,random,CoSh,0.046541666666666676,0.02127500000000002,0.013025000000000004,-0.008049999999999998,0.04137500000000003,0.01892500000000001,0.011625000000000024,-0.006849999999999981,0.04137500000000003,0.01892500000000001,0.011625000000000024,-0.006849999999999981,0.6666666666666667,0.25,0.25,0.0,0.6666666666666667,0.25,0.25,0.0,0.6666666666666667,0.25,0.25,0.0,8,CO2,2,-0.5169508502148299,0.2
qwen_instruct,h2_choice,79,random,HaAs,0.012875000000000062,0.005700000000000035,0.00560000000000001,-0.00010000000000002498,0.01185833333333334,0.005299999999999999,0.005299999999999999,4.999999999999449e-05,0.01185833333333334,0.005299999999999999,0.005299999999999999,4.999999999999449e-05,0.0,0.0,0.0,0.0,0.0,0.0,0.0,0.0,0.0,0.0,0.0,0.0,7,OD2,1,-0.4233901974057255,0.6000000000000001
qwen_instruct,h2_choice,79,random,HaBa,0.015274999999999934,0.006974999999999963,0.00442499999999998,-0.002549999999999983,0.0033249999999999578,0.003475000000000006,0.003475000000000006,0.0017500000000000293,0.0033249999999999578,0.003475000000000006,0.003475000000000006,0.0017500000000000293,0.0,0.0,0.0,0.0,0.0,0.0,0.0,0.0,0.0,0.0,0.0,0.0,9,OD2,1,-0.4233901974057255,0.6000000000000001
qwen_instruct,h2_choice,79,random,HaCm,0.02584166666666666,0.012674999999999994,0.003749999999999986,-0.008925000000000008,-0.006875000000000076,0.009075000000000027,-0.004050000000000026,-0.001574999999999993,-0.006875000000000076,0.009075000000000027,-0.004050000000000026,-0.001574999999999993,0.0,0.0,0.0,0.0,0.0,0.0,0.0,0.0,0.0,0.0,0.0,0.0,1,DD,1,0.0384900179459749,1.4
qwen_instruct,h2_choice,79,random,HaDl,0.00997500000000004,0.005975000000000024,0.0030750000000000044,-0.0029000000000000193,0.007708333333333407,0.00467500000000004,0.0018750000000000155,-0.0028000000000000247,0.007708333333333407,0.00467500000000004,0.0018750000000000155,-0.0028000000000000247,0.0,0.0,0.0,0.0,0.0,0.0,0.0,0.0,0.0,0.0,0.0,0.0,3,DD,1,-0.1924500897298753,1.0
qwen_instruct,h2_choice,79,random,HaHa,0.010000000000000009,0.005450000000000007,0.002524999999999994,-0.0029250000000000135,0.008983333333333331,0.005125000000000018,0.002124999999999988,-0.0028750000000000164,0.008983333333333331,0.005125000000000018,0.002124999999999988,-0.0028750000000000164,0.0,0.0,0.0,0.0,0.0,0.0,0.0,0.0,0.0,0.0,0.0,0.0,5,DD,1,-0.6543303050815759,0.2
qwen_instruct,h2_choice,79,random,HaNc,0.004075,0.0023000000000000017,0.0013749999999999962,-0.0009250000000000052,0.00012499999999996818,0.0016499999999999848,0.001224999999999976,0.0010249999999999981,0.00012499999999996818,0.0016499999999999848,0.001224999999999976,0.0010249999999999981,0.0,0.0,0.0,0.0,0.0,0.0,0.0,0.0,0.0,0.0,0.0,0.0,7,DD,1,-0.7698003589195012,0.0
qwen_instruct,h2_choice,79,random,HaPc,0.016258333333333378,0.009475000000000003,-2.499999999999177e-05,-0.009475000000000003,0.013375000000000045,0.008125000000000021,-0.000125000000000014,-0.008125000000000021,0.013375000000000045,0.008125000000000021,-0.000125000000000014,-0.008125000000000021,0.0,0.0,0.0,0.0,0.0,0.0,0.0,0.0,0.0,0.0,0.0,0.0,9,DD,1,-0.4233901974057255,0.6000000000000001
qwen_instruct,h2_choice,79,random,HrAs,0.0340833333333333,0.013824999999999978,0.003799999999999991,-0.010024999999999987,-0.02583333333333331,0.011424999999999998,-0.0038999999999999937,0.004824999999999987,0.02583333333333333,0.011425000000000018,0.0039000000000000146,-0.004824999999999968,0.0,0.0,0.0,0.0,0.0,0.0,0.0,0.0,0.0,0.0,0.0,0.0,8,MP,0,0.68329601758822,2.0
qwen_instruct,h2_choice,79,random,HrBa,0.027491666666666643,0.013299999999999985,0.005249999999999985,-0.008000000000000007,-0.02222499999999998,0.011149999999999986,-0.004599999999999985,0.006500000000000007,0.022224999999999995,0.011149999999999993,0.004599999999999993,-0.006500000000000006,0.0,0.0,0.0,0.0,0.0,0.0,0.0,0.0,0.0,0.0,0.0,0.0,2,CO1,2,0.069651690163614,0.3999999999999999
qwen_instruct,h2_choice,79,random,HrCh,0.021433333333333283,0.010474999999999977,0.00037499999999999426,-0.010099999999999984,-0.018666666666666616,0.009349999999999983,0.0002750000000000053,0.009349999999999983,0.018666666666666616,0.00934999999999997,-0.00027499999999999747,-0.00934999999999997,0.0,0.0,0.0,0.0,0.0,0.0,0.0,0.0,0.0,0.0,0.0,0.0,4,CO1,2,0.3294593112989456,1.0
qwen_instruct,h2_choice,79,random,HrHr,0.024316666666666653,0.012149999999999994,0.001525000000000003,-0.010624999999999992,-0.011366666666666646,0.00714999999999999,0.0015749999999999974,0.0061749999999999895,0.01136666666666665,0.00714999999999999,-0.001574999999999993,-0.006174999999999986,0.0,0.0,0.0,0.0,0.0,0.0,0.0,0.0,0.0,0.0,0.0,0.0,2,CO2,2,-0.0169508502148298,0.2
qwen_instruct,h2_choice,79,random,ShAs,0.04088333333333334,0.022075000000000004,0.008875000000000006,-0.013199999999999996,-0.0018666666666666627,0.006574999999999985,-0.006424999999999988,-0.003699999999999995,-0.0018666666666666627,0.006574999999999985,-0.006424999999999988,-0.003699999999999995,0.0,0.0,0.0,0.0,0.0,0.0,0.0,0.0,0.0,0.0,0.0,0.0,8,CO1,2,-0.3437457694579421,0.6000000000000001
qwen_instruct,h2_choice,79,random,ShCo,0.04986666666666663,0.023824999999999985,0.016649999999999988,-0.007174999999999996,0.028666666666666576,0.015374999999999951,0.009099999999999962,-0.006274999999999989,0.028666666666666576,0.015374999999999951,0.009099999999999962,-0.006274999999999989,0.0,0.0,0.0,0.0,0.0,0.0,0.0,0.0,0.0,0.0,0.0,0.0,9,CO2,2,-0.5169508502148299,0.2
qwen_instruct,h2_choice,79,random,ShSh,0.03364999999999999,0.016550000000000002,0.008850000000000005,-0.007699999999999997,0.014683333333333295,0.006549999999999993,0.0007000000000000062,-0.0055499999999999786,0.014683333333333295,0.006549999999999993,0.0007000000000000062,-0.0055499999999999786,0.0,0.0,0.0,0.0,0.0,0.0,0.0,0.0,0.0,0.0,0.0,0.0,9,CO1,2,-0.2571432290794982,0.8
