model,mode,steer_layer,variant,game_code,counterbalance_id,range_letter,range_act0,range_canon,flip_letter,flip_action,flip_canon,family,wave
llama31_instruct,h1_dinc,65,main,AsAs,0,0.8096,0.8096,0.8096,1,1,1,CO1,1
llama31_instruct,h1_dinc,65,main,AsAs,1,0.745,0.745,0.745,1,1,1,CO1,1
llama31_instruct,h1_dinc,65,main,AsAs,2,0.6643,0.6643,0.6643,1,1,1,CO1,1
llama31_instruct,h1_dinc,65,main,AsAs,3,0.656,0.656,0.656,1,1,1,CO1,1
llama31_instruct,h1_dinc,65,main,AsBa,0,0.8196,0.8196,0.8196,1,1,1,MP,2
llama31_instruct,h1_dinc,65,main,AsBa,1,0.7339,0.7339,0.7339,1,1,1,MP,2
llama31_instruct,h1_dinc,65,main,AsBa,2,0.6918,0.6918,0.6918,1,1,1,MP,2
llama31_instruct,h1_dinc,65,main,AsBa,3,0.679,0.679,0.679,1,1,1,MP,2
llama31_instruct,h1_dinc,65,main,AsCh,0,0.8296,0.8296,0.8296,1,1,1,MP,4
llama31_instruct,h1_dinc,65,main,AsCh,1,0.7864,0.7864,0.7864,1,1,1,MP,4
llama31_instruct,h1_dinc,65,main,AsCh,2,0.7237,0.7237,0.7237,1,1,1,MP,4
llama31_instruct,h1_dinc,65,main,AsCh,3,0.6822,0.6822,0.6822,1,1,1,MP,4
llama31_instruct,h1_dinc,65,main,AsCm,0,0.764,0.764,0.764,1,1,1,OD1,2
llama31_instruct,h1_dinc,65,main,AsCm,1,0.7013,0.7013,0.7013,1,1,1,OD1,2
llama31_instruct,h1_dinc,65,main,AsCm,2,0.5073,0.5073,0.5073,1,1,1,OD1,2
llama31_instruct,h1_dinc,65,main,AsCm,3,0.4788,0.4788,0.4788,1,1,1,OD1,2
llama31_instruct,h1_dinc,65,main,AsCo,0,0.8173,0.8173,0.8173,1,1,1,CO2,1
llama31_instruct,h1_dinc,65,main,AsCo,1,0.745,0.745,0.745,1,1,1,CO2,1
llama31_instruct,h1_dinc,65,main,AsCo,2,0.6182,0.6182,0.6182,1,1,1,CO2,1
llama31_instruct,h1_dinc,65,main,AsCo,3,0.6795,0.6795,0.6795,1,1,1,CO2,1
llama31_instruct,h1_dinc,65,main,AsDl,0,0.8082,0.8082,0.8082,1,1,1,OD1,4
llama31_instruct,h1_dinc,65,main,AsDl,1,0.7738,0.7738,0.7738,1,1,1,OD1,4
llama31_instruct,h1_dinc,65,main,AsDl,2,0.6586,0.6586,0.6586,1,1,1,OD1,4
llama31_instruct,h1_dinc,65,main,AsDl,3,0.591,0.591,0.591,1,1,1,OD1,4
llama31_instruct,h1_dinc,65,main,AsHa,0,0.8083,0.8083,0.8083,1,1,1,OD2,1
llama31_instruct,h1_dinc,65,main,AsHa,1,0.7743,0.7743,0.7743,1,1,1,OD2,1
llama31_instruct,h1_dinc,65,main,AsHa,2,0.713,0.713,0.713,1,1,1,OD2,1
llama31_instruct,h1_dinc,65,main,AsHa,3,0.6855,0.6854999999999999,0.6854999999999999,1,1,1,OD2,1
llama31_instruct,h1_dinc,65,main,AsHr,0,0.782,0.782,0.7819999999999999,1,1,1,MP,6
llama31_instruct,h1_dinc,65,main,AsHr,1,0.7239,0.7239,0.7239,1,1,1,MP,6
llama31_instruct,h1_dinc,65,main,AsHr,2,0.6878,0.6878,0.6878,1,1,1,MP,6
llama31_instruct,h1_dinc,65,main,AsHr,3,0.6699999999999999,0.6699999999999999,0.6699999999999999,1,1,1,MP,6
llama31_instruct,h1_dinc,65,main,AsNc,0,0.7856000000000001,0.7856000000000001,0.7856000000000001,1,1,1,OD2,3
llama31_instruct,h1_dinc,65,main,AsNc,1,0.7604,0.7604,0.7604,1,1,1,OD2,3
llama31_instruct,h1_dinc,65,main,AsNc,2,0.6643,0.6643,0.6643,1,1,1,OD2,3
llama31_instruct,h1_dinc,65,main,AsNc,3,0.5623,0.5622999999999999,0.5622999999999999,1,1,1,OD2,3
llama31_instruct,h1_dinc,65,main,AsPc,0,0.7978,0.7978,0.7978,1,1,1,OD2,5
llama31_instruct,h1_dinc,65,main,AsPc,1,0.7713,0.7713,0.7713,1,1,1,OD2,5
llama31_instruct,h1_dinc,65,main,AsPc,2,0.7399,0.7399,0.7399,1,1,1,OD2,5
llama31_instruct,h1_dinc,65,main,AsPc,3,0.7134,0.7134,0.7134,1,1,1,OD2,5
llama31_instruct,h1_dinc,65,main,AsPd,0,0.8256,0.8256,0.8256,1,1,1,OD1,6
llama31_instruct,h1_dinc,65,main,AsPd,1,0.7738,0.7738,0.7738,1,1,1,OD1,6
llama31_instruct,h1_dinc,65,main,AsPd,2,0.5499999999999999,0.5499999999999999,0.5499999999999999,1,1,1,OD1,6
llama31_instruct,h1_dinc,65,main,AsPd,3,0.509,0.509,0.509,1,1,1,OD1,6
llama31_instruct,h1_dinc,65,main,AsSh,0,0.782,0.782,0.782,1,1,1,CO1,3
llama31_instruct,h1_dinc,65,main,AsSh,1,0.7104,0.7104,0.7104,1,1,1,CO1,3
llama31_instruct,h1_dinc,65,main,AsSh,2,0.6249,0.6249,0.6249,1,1,1,CO1,3
llama31_instruct,h1_dinc,65,main,AsSh,3,0.591,0.591,0.591,1,1,1,CO1,3
llama31_instruct,h1_dinc,65,main,BaAs,0,0.7851999999999999,0.7851999999999999,0.7851999999999999,1,1,1,MP,1
llama31_instruct,h1_dinc,65,main,BaAs,1,0.6917,0.6917,0.6917,1,1,1,MP,1
llama31_instruct,h1_dinc,65,main,BaAs,2,0.7442,0.7442,0.7442,1,1,1,MP,1
llama31_instruct,h1_dinc,65,main,BaAs,3,0.7308,0.7308,0.7308,1,1,1,MP,1
llama31_instruct,h1_dinc,65,main,BaBa,0,0.7978,0.7978,0.7978,1,1,1,CO2,3
llama31_instruct,h1_dinc,65,main,BaBa,1,0.6916,0.6916,0.6916,1,1,1,CO2,3
llama31_instruct,h1_dinc,65,main,BaBa,2,0.8209,0.8209,0.8209,1,1,1,CO2,3
llama31_instruct,h1_dinc,65,main,BaBa,3,0.7339,0.7339,0.7339,1,1,1,CO2,3
llama31_instruct,h1_dinc,65,main,BaCh,0,0.8047000000000001,0.8047000000000001,0.8047000000000001,1,1,1,CO2,4
llama31_instruct,h1_dinc,65,main,BaCh,1,0.656,0.656,0.656,1,1,1,CO2,4
llama31_instruct,h1_dinc,65,main,BaCh,2,0.8135,0.8135,0.8135,1,1,1,CO2,4
llama31_instruct,h1_dinc,65,main,BaCh,3,0.6819,0.6819,0.6819,1,1,1,CO2,4
llama31_instruct,h1_dinc,65,main,BaCm,0,0.7842,0.7842,0.7842,1,1,1,OD1,1
llama31_instruct,h1_dinc,65,main,BaCm,1,0.7483,0.7483,0.7483,1,1,1,OD1,1
llama31_instruct,h1_dinc,65,main,BaCm,2,0.7698,0.7698,0.7698,1,1,1,OD1,1
llama31_instruct,h1_dinc,65,main,BaCm,3,0.7219,0.7219,0.7219,1,1,1,OD1,1
llama31_instruct,h1_dinc,65,main,BaCo,0,0.7908000000000001,0.7908000000000001,0.7908000000000001,1,1,1,MP,3
llama31_instruct,h1_dinc,65,main,BaCo,1,0.7617,0.7617,0.7617,1,1,1,MP,3
llama31_instruct,h1_dinc,65,main,BaCo,2,0.7313999999999999,0.7313999999999999,0.7313999999999999,1,1,1,MP,3
llama31_instruct,h1_dinc,65,main,BaCo,3,0.7443,0.7443,0.7443,1,1,1,MP,3
llama31_instruct,h1_dinc,65,main,BaDl,0,0.8082,0.8082,0.8082,1,1,1,OD1,3
llama31_instruct,h1_dinc,65,main,BaDl,1,0.703,0.703,0.703,1,1,1,OD1,3
llama31_instruct,h1_dinc,65,main,BaDl,2,0.7759,0.7759,0.7759,1,1,1,OD1,3
llama31_instruct,h1_dinc,65,main,BaDl,3,0.7111999999999999,0.7111999999999999,0.7111999999999999,1,1,1,OD1,3
llama31_instruct,h1_dinc,65,main,BaHa,0,0.7677,0.7677,0.7676999999999999,1,1,1,OD2,2
llama31_instruct,h1_dinc,65,main,BaHa,1,0.7026,0.7026,0.7026,1,1,1,OD2,2
llama31_instruct,h1_dinc,65,main,BaHa,2,0.6978,0.6978,0.6978,1,1,1,OD2,2
llama31_instruct,h1_dinc,65,main,BaHa,3,0.7096,0.7096,0.7096,1,1,1,OD2,2
llama31_instruct,h1_dinc,65,main,BaHr,0,0.8065,0.8065,0.8065,1,1,1,CO1,5
llama31_instruct,h1_dinc,65,main,BaHr,1,0.7604,0.7604,0.7604,1,1,1,CO1,5
llama31_instruct,h1_dinc,65,main,BaHr,2,0.7014,0.7014,0.7014,1,1,1,CO1,5
llama31_instruct,h1_dinc,65,main,BaHr,3,0.7705,0.7705000000000001,0.7705000000000001,1,1,1,CO1,5
llama31_instruct,h1_dinc,65,main,BaNc,0,0.7743,0.7743,0.7743,1,1,1,OD2,4
llama31_instruct,h1_dinc,65,main,BaNc,1,0.6823,0.6823,0.6823,1,1,1,OD2,4
llama31_instruct,h1_dinc,65,main,BaNc,2,0.7878000000000001,0.7878,0.7878,1,1,1,OD2,4
llama31_instruct,h1_dinc,65,main,BaNc,3,0.7864,0.7864,0.7864,1,1,1,OD2,4
llama31_instruct,h1_dinc,65,main,BaPc,0,0.776,0.776,0.776,1,1,1,OD2,6
llama31_instruct,h1_dinc,65,main,BaPc,1,0.7713,0.7713,0.7713,1,1,1,OD2,6
llama31_instruct,h1_dinc,65,main,BaPc,2,0.7799,0.7799,0.7799,1,1,1,OD2,6
llama31_instruct,h1_dinc,65,main,BaPc,3,0.7421,0.7421000000000001,0.7421000000000001,1,1,1,OD2,6
llama31_instruct,h1_dinc,65,main,BaPd,0,0.7908000000000001,0.7908000000000001,0.7908000000000001,1,1,1,OD1,5
llama31_instruct,h1_dinc,65,main,BaPd,1,0.7097,0.7097,0.7097,1,1,1,OD1,5
llama31_instruct,h1_dinc,65,main,BaPd,2,0.7675000000000001,0.7675000000000001,0.7675000000000001,1,1,1,OD1,5
llama31_instruct,h1_dinc,65,main,BaPd,3,0.6465,0.6465,0.6465,1,1,1,OD1,5
llama31_instruct,h1_dinc,65,main,BaSh,0,0.8173,0.8173,0.8173,1,1,1,MP,5
llama31_instruct,h1_dinc,65,main,BaSh,1,0.6791999999999999,0.6791999999999999,0.6791999999999999,1,1,1,MP,5
llama31_instruct,h1_dinc,65,main,BaSh,2,0.7602,0.7602,0.7602,1,1,1,MP,5
llama31_instruct,h1_dinc,65,main,BaSh,3,0.7617,0.7617,0.7617,1,1,1,MP,5
llama31_instruct,h1_dinc,65,main,ChAs,0,0.7961,0.7961,0.7961,1,1,1,MP,7
llama31_instruct,h1_dinc,65,main,ChAs,1,0.7024999999999999,0.7024999999999999,0.7024999999999999,1,1,1,MP,7
llama31_instruct,h1_dinc,65,main,ChAs,2,0.7725,0.7725,0.7725,1,1,1,MP,7
llama31_instruct,h1_dinc,65,main,ChAs,3,0.7594000000000001,0.7594,0.7594,1,1,1,MP,7
llama31_instruct,h1_dinc,65,main,ChBa,0,0.8043,0.8043,0.8043,1,1,1,CO2,5
llama31_instruct,h1_dinc,65,main,ChBa,1,0.717,0.717,0.717,1,1,1,CO2,5
llama31_instruct,h1_dinc,65,main,ChBa,2,0.7916,0.7916,0.7916,1,1,1,CO2,5
llama31_instruct,h1_dinc,65,main,ChBa,3,0.7599,0.7599,0.7599,1,1,1,CO2,5
llama31_instruct,h1_dinc,65,main,ChCh,0,0.7677,0.7677,0.7677,1,1,1,CO2,6
llama31_instruct,h1_dinc,65,main,ChCh,1,0.7020000000000001,0.7020000000000001,0.7020000000000001,1,1,1,CO2,6
llama31_instruct,h1_dinc,65,main,ChCh,2,0.8065,0.8065,0.8065,1,1,1,CO2,6
llama31_instruct,h1_dinc,65,main,ChCh,3,0.7042,0.7042,0.7042,1,1,1,CO2,6
llama31_instruct,h1_dinc,65,main,ChCm,0,0.7352,0.7352,0.7352,1,1,1,OD1,7
llama31_instruct,h1_dinc,65,main,ChCm,1,0.7497,0.7497,0.7497,1,1,1,OD1,7
llama31_instruct,h1_dinc,65,main,ChCm,2,0.7753,0.7753,0.7753,1,1,1,OD1,7
llama31_instruct,h1_dinc,65,main,ChCm,3,0.7857,0.7857,0.7857,1,1,1,OD1,7
llama31_instruct,h1_dinc,65,main,ChCo,0,0.7916,0.7916,0.7916,1,1,1,MP,9
llama31_instruct,h1_dinc,65,main,ChCo,1,0.7042,0.7042,0.7042,1,1,1,MP,9
llama31_instruct,h1_dinc,65,main,ChCo,2,0.7602,0.7602,0.7602,1,1,1,MP,9
llama31_instruct,h1_dinc,65,main,ChCo,3,0.7503,0.7503,0.7503,1,1,1,MP,9
llama31_instruct,h1_dinc,65,main,ChDl,0,0.7677,0.7677,0.7677,1,1,1,OD1,9
llama31_instruct,h1_dinc,65,main,ChDl,1,0.7324,0.7324,0.7324,1,1,1,OD1,9
llama31_instruct,h1_dinc,65,main,ChDl,2,0.7501,0.7501,0.7501,1,1,1,OD1,9
llama31_instruct,h1_dinc,65,main,ChDl,3,0.7225,0.7225,0.7225,1,1,1,OD1,9
llama31_instruct,h1_dinc,65,main,ChHa,0,0.7421,0.7421,0.7421000000000001,1,1,1,OD2,8
llama31_instruct,h1_dinc,65,main,ChHa,1,0.7024999999999999,0.7024999999999999,0.7024999999999999,1,1,1,OD2,8
llama31_instruct,h1_dinc,65,main,ChHa,2,0.633,0.633,0.633,1,1,1,OD2,8
llama31_instruct,h1_dinc,65,main,ChHa,3,0.7352,0.7352,0.7352,1,1,1,OD2,8
llama31_instruct,h1_dinc,65,main,ChHr,0,0.8209,0.8209,0.8209,1,1,1,CO1,6
llama31_instruct,h1_dinc,65,main,ChHr,1,0.7105,0.7105,0.7105,1,1,1,CO1,6
llama31_instruct,h1_dinc,65,main,ChHr,2,0.7442,0.7442,0.7442,1,1,1,CO1,6
llama31_instruct,h1_dinc,65,main,ChHr,3,0.7668,0.7668,0.7668,1,1,1,CO1,6
llama31_instruct,h1_dinc,65,main,CmAs,0,0.6383,0.6383,0.6383,1,1,1,OD1,8
llama31_instruct,h1_dinc,65,main,CmAs,1,0.5623,0.5623,0.5622999999999999,1,1,1,OD1,8
llama31_instruct,h1_dinc,65,main,CmAs,2,0.31189999999999996,0.31189999999999996,0.31189999999999996,0,0,0,OD1,8
llama31_instruct,h1_dinc,65,main,CmAs,3,0.482,0.482,0.482,1,1,1,OD1,8
llama31_instruct,h1_dinc,65,main,CmCm,0,0.6923,0.6923,0.6923,1,1,1,DD,2
llama31_instruct,h1_dinc,65,main,CmCm,1,0.6383,0.6383,0.6383,1,1,1,DD,2
llama31_instruct,h1_dinc,65,main,CmCm,2,0.39680000000000004,0.39680000000000004,0.39680000000000004,0,0,0,DD,2
llama31_instruct,h1_dinc,65,main,CmCm,3,0.536,0.536,0.536,1,1,1,DD,2
llama31_instruct,h1_dinc,65,main,CmDl,0,0.6035,0.6035,0.6035,1,1,1,DD,4
llama31_instruct,h1_dinc,65,main,CmDl,1,0.5322,0.5322,0.5321999999999999,1,1,1,DD,4
llama31_instruct,h1_dinc,65,main,CmDl,2,0.512,0.512,0.512,1,1,1,DD,4
llama31_instruct,h1_dinc,65,main,CmDl,3,0.5892999999999999,0.5893,0.5893,1,1,1,DD,4
llama31_instruct,h1_dinc,65,main,CmHa,0,0.7417999999999999,0.7417999999999999,0.7417999999999999,1,1,1,DD,6
llama31_instruct,h1_dinc,65,main,CmHa,1,0.6369,0.6369,0.6369,1,1,1,DD,6
llama31_instruct,h1_dinc,65,main,CmHa,2,0.3405,0.3405,0.3405,0,0,0,DD,6
llama31_instruct,h1_dinc,65,main,CmHa,3,0.6554,0.6554,0.6554,1,1,1,DD,6
llama31_instruct,h1_dinc,65,main,CmNc,0,0.7096,0.7096,0.7096,1,1,1,DD,8
llama31_instruct,h1_dinc,65,main,CmNc,1,0.6196999999999999,0.6196999999999999,0.6196999999999999,1,1,1,DD,8
llama31_instruct,h1_dinc,65,main,CmNc,2,0.4284,0.4284,0.4284,0,0,0,DD,8
llama31_instruct,h1_dinc,65,main,CmNc,3,0.6005,0.6004999999999999,0.6004999999999999,1,1,1,DD,8
llama31_instruct,h1_dinc,65,main,CoAs,0,0.7985,0.7985,0.7985,1,1,1,CO2,7
llama31_instruct,h1_dinc,65,main,CoAs,1,0.6951999999999999,0.6951999999999999,0.6951999999999999,1,1,1,CO2,7
llama31_instruct,h1_dinc,65,main,CoAs,2,0.7384,0.7384,0.7384,1,1,1,CO2,7
llama31_instruct,h1_dinc,65,main,CoAs,3,0.5547,0.5547,0.5547,1,1,1,CO2,7
llama31_instruct,h1_dinc,65,main,CoCo,0,0.7564,0.7564,0.7564,1,1,1,CO1,7
llama31_instruct,h1_dinc,65,main,CoCo,1,0.6833,0.6833,0.6833,1,1,1,CO1,7
llama31_instruct,h1_dinc,65,main,CoCo,2,0.7449,0.7449,0.7449,1,1,1,CO1,7
llama31_instruct,h1_dinc,65,main,CoCo,3,0.6791999999999999,0.6791999999999999,0.6791999999999999,1,1,1,CO1,7
llama31_instruct,h1_dinc,65,main,CoSh,0,0.8278,0.8278,0.8278,1,1,1,CO2,8
llama31_instruct,h1_dinc,65,main,CoSh,1,0.7842,0.7842,0.7842,1,1,1,CO2,8
llama31_instruct,h1_dinc,65,main,CoSh,2,0.5448999999999999,0.5448999999999999,0.5448999999999999,1,1,1,CO2,8
llama31_instruct,h1_dinc,65,main,CoSh,3,0.4848,0.4848,0.4848,1,1,1,CO2,8
llama31_instruct,h1_dinc,65,main,HaAs,0,0.633,0.633,0.633,1,1,1,OD2,7
llama31_instruct,h1_dinc,65,main,HaAs,1,0.6685000000000001,0.6685000000000001,0.6685000000000001,1,1,1,OD2,7
llama31_instruct,h1_dinc,65,main,HaAs,2,0.7225,0.7225,0.7225,1,1,1,OD2,7
llama31_instruct,h1_dinc,65,main,HaAs,3,0.5322,0.5321999999999999,0.5321999999999999,1,1,1,OD2,7
llama31_instruct,h1_dinc,65,main,HaBa,0,0.8134,0.8134,0.8134,1,1,1,OD2,9
llama31_instruct,h1_dinc,65,main,HaBa,1,0.7759,0.7759,0.7759,1,1,1,OD2,9
llama31_instruct,h1_dinc,65,main,HaBa,2,0.5203,0.5203,0.5203,1,1,1,OD2,9
llama31_instruct,h1_dinc,65,main,HaBa,3,0.4788,0.4788,0.4788,1,1,1,OD2,9
llama31_instruct,h1_dinc,65,main,HaCm,0,0.8144,0.8144,0.8144,1,1,1,DD,1
llama31_instruct,h1_dinc,65,main,HaCm,1,0.7646999999999999,0.7646999999999999,0.7646999999999999,1,1,1,DD,1
llama31_instruct,h1_dinc,65,main,HaCm,2,0.5447,0.5447,0.5447,1,1,1,DD,1
llama31_instruct,h1_dinc,65,main,HaCm,3,0.4465,0.4465,0.4465,0,0,0,DD,1
llama31_instruct,h1_dinc,65,main,HaDl,0,0.8278,0.8278,0.8278,1,1,1,DD,3
llama31_instruct,h1_dinc,65,main,HaDl,1,0.7239,0.7239,0.7239,1,1,1,DD,3
llama31_instruct,h1_dinc,65,main,HaDl,2,0.6878,0.6878,0.6878,1,1,1,DD,3
llama31_instruct,h1_dinc,65,main,HaDl,3,0.5246,0.5246,0.5246,1,1,1,DD,3
llama31_instruct,h1_dinc,65,main,HaHa,0,0.6020000000000001,0.6020000000000001,0.6020000000000001,1,1,1,DD,5
llama31_instruct,h1_dinc,65,main,HaHa,1,0.618,0.618,0.618,1,1,1,DD,5
llama31_instruct,h1_dinc,65,main,HaHa,2,0.6526,0.6526,0.6526,1,1,1,DD,5
llama31_instruct,h1_dinc,65,main,HaHa,3,0.49470000000000003,0.49470000000000003,0.49470000000000003,1,1,1,DD,5
llama31_instruct,h1_dinc,65,main,HaNc,0,0.6581,0.6581,0.6581,1,1,1,DD,7
llama31_instruct,h1_dinc,65,main,HaNc,1,0.7308,0.7308,0.7308,1,1,1,DD,7
llama31_instruct,h1_dinc,65,main,HaNc,2,0.3198,0.3198,0.3198,0,0,0,DD,7
llama31_instruct,h1_dinc,65,main,HaNc,3,0.2152,0.21520000000000006,0.21520000000000006,0,0,0,DD,7
llama31_instruct,h1_dinc,65,main,HaPc,0,0.6554,0.6554,0.6554,1,1,1,DD,9
llama31_instruct,h1_dinc,65,main,HaPc,1,0.6456999999999999,0.6456999999999999,0.6456999999999999,1,1,1,DD,9
llama31_instruct,h1_dinc,65,main,HaPc,2,0.5851,0.5851,0.5851,1,1,1,DD,9
llama31_instruct,h1_dinc,65,main,HaPc,3,0.2944,0.2944,0.2944,0,0,0,DD,9
llama31_instruct,h1_dinc,65,main,HrAs,0,0.8173,0.8173,0.8173,1,1,1,MP,8
llama31_instruct,h1_dinc,65,main,HrAs,1,0.6795,0.6795,0.6795,1,1,1,MP,8
llama31_instruct,h1_dinc,65,main,HrAs,2,0.546,0.546,0.546,1,1,1,MP,8
llama31_instruct,h1_dinc,65,main,HrAs,3,0.6638999999999999,0.6638999999999999,0.6638999999999999,1,1,1,MP,8
llama31_instruct,h1_dinc,65,main,HrBa,0,0.8287,0.8287,0.8287,1,1,1,CO1,2
llama31_instruct,h1_dinc,65,main,HrBa,1,0.7421,0.7421,0.7421,1,1,1,CO1,2
llama31_instruct,h1_dinc,65,main,HrBa,2,0.8023,0.8022999999999999,0.8022999999999999,1,1,1,CO1,2
llama31_instruct,h1_dinc,65,main,HrBa,3,0.7443,0.7443,0.7443,1,1,1,CO1,2
llama31_instruct,h1_dinc,65,main,HrCh,0,0.7677,0.7677,0.7677,1,1,1,CO1,4
llama31_instruct,h1_dinc,65,main,HrCh,1,0.6196999999999999,0.6196999999999999,0.6196999999999999,1,1,1,CO1,4
llama31_instruct,h1_dinc,65,main,HrCh,2,0.7442,0.7442,0.7442,1,1,1,CO1,4
llama31_instruct,h1_dinc,65,main,HrCh,3,0.7126,0.7126,0.7126,1,1,1,CO1,4
llama31_instruct,h1_dinc,65,main,HrHr,0,0.8047000000000001,0.8047000000000001,0.8047000000000001,1,1,1,CO2,2
llama31_instruct,h1_dinc,65,main,HrHr,1,0.6919,0.6919,0.6919,1,1,1,CO2,2
llama31_instruct,h1_dinc,65,main,HrHr,2,0.7323999999999999,0.7323999999999999,0.7323999999999999,1,1,1,CO2,2
llama31_instruct,h1_dinc,65,main,HrHr,3,0.717,0.717,0.717,1,1,1,CO2,2
llama31_instruct,h1_dinc,65,main,ShAs,0,0.7913,0.7913,0.7913,1,1,1,CO1,8
llama31_instruct,h1_dinc,65,main,ShAs,1,0.7617,0.7617,0.7617,1,1,1,CO1,8
llama31_instruct,h1_dinc,65,main,ShAs,2,0.7172000000000001,0.7172,0.7172,1,1,1,CO1,8
llama31_instruct,h1_dinc,65,main,ShAs,3,0.5623,0.5622999999999999,0.5622999999999999,1,1,1,CO1,8
llama31_instruct,h1_dinc,65,main,ShCo,0,0.7978,0.7978,0.7978,1,1,1,CO2,9
llama31_instruct,h1_dinc,65,main,ShCo,1,0.719,0.719,0.719,1,1,1,CO2,9
llama31_instruct,h1_dinc,65,main,ShCo,2,0.6088,0.6088,0.6088,1,1,1,CO2,9
llama31_instruct,h1_dinc,65,main,ShCo,3,0.4525,0.4525,0.4525,0,0,0,CO2,9
llama31_instruct,h1_dinc,65,main,ShSh,0,0.8196,0.8196,0.8196,1,1,1,CO1,9
llama31_instruct,h1_dinc,65,main,ShSh,1,0.7483,0.7483,0.7483,1,1,1,CO1,9
llama31_instruct,h1_dinc,65,main,ShSh,2,0.7238,0.7238,0.7238,1,1,1,CO1,9
llama31_instruct,h1_dinc,65,main,ShSh,3,0.5322,0.5321999999999999,0.5321999999999999,1,1,1,CO1,9
llama31_instruct,h1_dinc,65,main_perp,AsAs,0,0.7747999999999999,0.7747999999999999,0.7747999999999999,1,1,1,CO1,1
llama31_instruct,h1_dinc,65,main_perp,AsAs,1,0.7473000000000001,0.7473000000000001,0.7473000000000001,1,1,1,CO1,1
llama31_instruct,h1_dinc,65,main_perp,AsAs,2,0.6296999999999999,0.6296999999999999,0.6296999999999999,1,1,1,CO1,1
llama31_instruct,h1_dinc,65,main_perp,AsAs,3,0.6465,0.6465,0.6465,1,1,1,CO1,1
llama31_instruct,h1_dinc,65,main_perp,AsBa,0,0.7857,0.7857,0.7857,1,1,1,MP,2
llama31_instruct,h1_dinc,65,main_perp,AsBa,1,0.7042,0.7042,0.7042,1,1,1,MP,2
llama31_instruct,h1_dinc,65,main_perp,AsBa,2,0.6795,0.6795,0.6795,1,1,1,MP,2
llama31_instruct,h1_dinc,65,main_perp,AsBa,3,0.6359999999999999,0.636,0.636,1,1,1,MP,2
llama31_instruct,h1_dinc,65,main_perp,AsCh,0,0.8191999999999999,0.8191999999999999,0.8191999999999999,1,1,1,MP,4
llama31_instruct,h1_dinc,65,main_perp,AsCh,1,0.7483,0.7483,0.7483,1,1,1,MP,4
llama31_instruct,h1_dinc,65,main_perp,AsCh,2,0.6184000000000001,0.6184,0.6184,1,1,1,MP,4
llama31_instruct,h1_dinc,65,main_perp,AsCh,3,0.6251,0.6251,0.6251,1,1,1,MP,4
llama31_instruct,h1_dinc,65,main_perp,AsCm,0,0.7373999999999999,0.7373999999999999,0.7373999999999999,1,1,1,OD1,2
llama31_instruct,h1_dinc,65,main_perp,AsCm,1,0.7126,0.7126,0.7126,1,1,1,OD1,2
llama31_instruct,h1_dinc,65,main_perp,AsCm,2,0.4465,0.4465,0.4465,0,0,0,OD1,2
llama31_instruct,h1_dinc,65,main_perp,AsCm,3,0.44,0.43999999999999995,0.43999999999999995,0,0,0,OD1,2
llama31_instruct,h1_dinc,65,main_perp,AsCo,0,0.7713,0.7713,0.7713,1,1,1,CO2,1
llama31_instruct,h1_dinc,65,main_perp,AsCo,1,0.7159,0.7159,0.7159,1,1,1,CO2,1
llama31_instruct,h1_dinc,65,main_perp,AsCo,2,0.5908,0.5908,0.5908,1,1,1,CO2,1
llama31_instruct,h1_dinc,65,main_perp,AsCo,3,0.593,0.593,0.593,1,1,1,CO2,1
llama31_instruct,h1_dinc,65,main_perp,AsDl,0,0.7617,0.7617,0.7617,1,1,1,OD1,4
llama31_instruct,h1_dinc,65,main_perp,AsDl,1,0.7191000000000001,0.7191000000000001,0.7191000000000001,1,1,1,OD1,4
llama31_instruct,h1_dinc,65,main_perp,AsDl,2,0.6249,0.6249,0.6249,1,1,1,OD1,4
llama31_instruct,h1_dinc,65,main_perp,AsDl,3,0.569,0.569,0.569,1,1,1,OD1,4
llama31_instruct,h1_dinc,65,main_perp,AsHa,0,0.7865,0.7865,0.7865,1,1,1,OD2,1
llama31_instruct,h1_dinc,65,main_perp,AsHa,1,0.7339,0.7339,0.7339,1,1,1,OD2,1
llama31_instruct,h1_dinc,65,main_perp,AsHa,2,0.713,0.713,0.713,1,1,1,OD2,1
llama31_instruct,h1_dinc,65,main_perp,AsHa,3,0.6447,0.6446999999999999,0.6446999999999999,1,1,1,OD2,1
llama31_instruct,h1_dinc,65,main_perp,AsHr,0,0.7705,0.7705,0.7705000000000001,1,1,1,MP,6
llama31_instruct,h1_dinc,65,main_perp,AsHr,1,0.6878,0.6878,0.6878,1,1,1,MP,6
llama31_instruct,h1_dinc,65,main_perp,AsHr,2,0.6643,0.6643,0.6643,1,1,1,MP,6
llama31_instruct,h1_dinc,65,main_perp,AsHr,3,0.6204999999999999,0.6204999999999999,0.6204999999999999,1,1,1,MP,6
llama31_instruct,h1_dinc,65,main_perp,AsNc,0,0.7717,0.7717,0.7717,1,1,1,OD2,3
llama31_instruct,h1_dinc,65,main_perp,AsNc,1,0.7291,0.7291,0.7291,1,1,1,OD2,3
llama31_instruct,h1_dinc,65,main_perp,AsNc,2,0.6296999999999999,0.6296999999999999,0.6296999999999999,1,1,1,OD2,3
llama31_instruct,h1_dinc,65,main_perp,AsNc,3,0.5322,0.5321999999999999,0.5321999999999999,1,1,1,OD2,3
llama31_instruct,h1_dinc,65,main_perp,AsPc,0,0.7329,0.7329,0.7329,1,1,1,OD2,5
llama31_instruct,h1_dinc,65,main_perp,AsPc,1,0.7284999999999999,0.7284999999999999,0.7284999999999999,1,1,1,OD2,5
llama31_instruct,h1_dinc,65,main_perp,AsPc,2,0.7399,0.7399,0.7399,1,1,1,OD2,5
llama31_instruct,h1_dinc,65,main_perp,AsPc,3,0.6251,0.6251,0.6251,1,1,1,OD2,5
llama31_instruct,h1_dinc,65,main_perp,AsPd,0,0.7857,0.7857,0.7857,1,1,1,OD1,6
llama31_instruct,h1_dinc,65,main_perp,AsPd,1,0.7617,0.7617,0.7617,1,1,1,OD1,6
llama31_instruct,h1_dinc,65,main_perp,AsPd,2,0.5801,0.5801,0.5801,1,1,1,OD1,6
llama31_instruct,h1_dinc,65,main_perp,AsPd,3,0.44,0.43999999999999995,0.43999999999999995,0,0,0,OD1,6
llama31_instruct,h1_dinc,65,main_perp,AsSh,0,0.7308,0.7308,0.7308,1,1,1,CO1,3
llama31_instruct,h1_dinc,65,main_perp,AsSh,1,0.6916,0.6916,0.6916,1,1,1,CO1,3
llama31_instruct,h1_dinc,65,main_perp,AsSh,2,0.591,0.591,0.591,1,1,1,CO1,3
llama31_instruct,h1_dinc,65,main_perp,AsSh,3,0.5322,0.5321999999999999,0.5321999999999999,1,1,1,CO1,3
llama31_instruct,h1_dinc,65,main_perp,BaAs,0,0.7324,0.7324,0.7324,1,1,1,MP,1
llama31_instruct,h1_dinc,65,main_perp,BaAs,1,0.6491,0.6491,0.6491,1,1,1,MP,1
llama31_instruct,h1_dinc,65,main_perp,BaAs,2,0.6833,0.6833,0.6833,1,1,1,MP,1
llama31_instruct,h1_dinc,65,main_perp,BaAs,3,0.6785,0.6785,0.6785,1,1,1,MP,1
llama31_instruct,h1_dinc,65,main_perp,BaBa,0,0.7978,0.7978,0.7978,1,1,1,CO2,3
llama31_instruct,h1_dinc,65,main_perp,BaBa,1,0.6916,0.6916,0.6916,1,1,1,CO2,3
llama31_instruct,h1_dinc,65,main_perp,BaBa,2,0.7503,0.7503,0.7503,1,1,1,CO2,3
llama31_instruct,h1_dinc,65,main_perp,BaBa,3,0.6871,0.6871,0.6871,1,1,1,CO2,3
llama31_instruct,h1_dinc,65,main_perp,BaCh,0,0.7499,0.7499,0.7499,1,1,1,CO2,4
llama31_instruct,h1_dinc,65,main_perp,BaCh,1,0.6204999999999999,0.6204999999999999,0.6204999999999999,1,1,1,CO2,4
llama31_instruct,h1_dinc,65,main_perp,BaCh,2,0.7817000000000001,0.7817000000000001,0.7817000000000001,1,1,1,CO2,4
llama31_instruct,h1_dinc,65,main_perp,BaCh,3,0.6369,0.6369,0.6369,1,1,1,CO2,4
llama31_instruct,h1_dinc,65,main_perp,BaCm,0,0.7594000000000001,0.7594000000000001,0.7594000000000001,1,1,1,OD1,1
llama31_instruct,h1_dinc,65,main_perp,BaCm,1,0.7164,0.7164,0.7164,1,1,1,OD1,1
llama31_instruct,h1_dinc,65,main_perp,BaCm,2,0.7352,0.7352,0.7352,1,1,1,OD1,1
llama31_instruct,h1_dinc,65,main_perp,BaCm,3,0.7021999999999999,0.7021999999999999,0.7021999999999999,1,1,1,OD1,1
llama31_instruct,h1_dinc,65,main_perp,BaCo,0,0.7759,0.7759,0.7759,1,1,1,MP,3
llama31_instruct,h1_dinc,65,main_perp,BaCo,1,0.7473000000000001,0.7473000000000001,0.7473000000000001,1,1,1,MP,3
llama31_instruct,h1_dinc,65,main_perp,BaCo,2,0.6729,0.6728999999999999,0.6728999999999999,1,1,1,MP,3
llama31_instruct,h1_dinc,65,main_perp,BaCo,3,0.6632,0.6632,0.6632,1,1,1,MP,3
llama31_instruct,h1_dinc,65,main_perp,BaDl,0,0.7599,0.7599,0.7599,1,1,1,OD1,3
llama31_instruct,h1_dinc,65,main_perp,BaDl,1,0.6705,0.6705,0.6705,1,1,1,OD1,3
llama31_instruct,h1_dinc,65,main_perp,BaDl,2,0.7503,0.7503,0.7503,1,1,1,OD1,3
llama31_instruct,h1_dinc,65,main_perp,BaDl,3,0.6795,0.6795,0.6795,1,1,1,OD1,3
llama31_instruct,h1_dinc,65,main_perp,BaHa,0,0.7096,0.7096,0.7096,1,1,1,OD2,2
llama31_instruct,h1_dinc,65,main_perp,BaHa,1,0.6847,0.6847,0.6847,1,1,1,OD2,2
llama31_instruct,h1_dinc,65,main_perp,BaHa,2,0.618,0.618,0.618,1,1,1,OD2,2
llama31_instruct,h1_dinc,65,main_perp,BaHa,3,0.6589999999999999,0.6589999999999999,0.6589999999999999,1,1,1,OD2,2
llama31_instruct,h1_dinc,65,main_perp,BaHr,0,0.7668,0.7668,0.7668,1,1,1,CO1,5
llama31_instruct,h1_dinc,65,main_perp,BaHr,1,0.7042,0.7042,0.7042,1,1,1,CO1,5
llama31_instruct,h1_dinc,65,main_perp,BaHr,2,0.6765000000000001,0.6765,0.6765,1,1,1,CO1,5
llama31_instruct,h1_dinc,65,main_perp,BaHr,3,0.7382,0.7382,0.7382,1,1,1,CO1,5
llama31_instruct,h1_dinc,65,main_perp,BaNc,0,0.7334,0.7334,0.7334,1,1,1,OD2,4
llama31_instruct,h1_dinc,65,main_perp,BaNc,1,0.6486,0.6486,0.6486,1,1,1,OD2,4
llama31_instruct,h1_dinc,65,main_perp,BaNc,2,0.7172,0.7172,0.7172,1,1,1,OD2,4
llama31_instruct,h1_dinc,65,main_perp,BaNc,3,0.7604,0.7604,0.7604,1,1,1,OD2,4
llama31_instruct,h1_dinc,65,main_perp,BaPc,0,0.7352,0.7352,0.7352,1,1,1,OD2,6
llama31_instruct,h1_dinc,65,main_perp,BaPc,1,0.7159,0.7159,0.7159,1,1,1,OD2,6
llama31_instruct,h1_dinc,65,main_perp,BaPc,2,0.7123999999999999,0.7123999999999999,0.7123999999999999,1,1,1,OD2,6
llama31_instruct,h1_dinc,65,main_perp,BaPc,3,0.7134,0.7134,0.7134,1,1,1,OD2,6
llama31_instruct,h1_dinc,65,main_perp,BaPd,0,0.757,0.757,0.757,1,1,1,OD1,5
llama31_instruct,h1_dinc,65,main_perp,BaPd,1,0.6795,0.6795,0.6795,1,1,1,OD1,5
llama31_instruct,h1_dinc,65,main_perp,BaPd,2,0.767,0.767,0.767,1,1,1,OD1,5
llama31_instruct,h1_dinc,65,main_perp,BaPd,3,0.6109,0.6109,0.6109,1,1,1,OD1,5
llama31_instruct,h1_dinc,65,main_perp,BaSh,0,0.7599,0.7599,0.7599,1,1,1,MP,5
llama31_instruct,h1_dinc,65,main_perp,BaSh,1,0.647,0.647,0.647,1,1,1,MP,5
llama31_instruct,h1_dinc,65,main_perp,BaSh,2,0.7069,0.7069,0.7069,1,1,1,MP,5
llama31_instruct,h1_dinc,65,main_perp,BaSh,3,0.7483,0.7483,0.7483,1,1,1,MP,5
llama31_instruct,h1_dinc,65,main_perp,ChAs,0,0.7324,0.7324,0.7324,1,1,1,MP,7
llama31_instruct,h1_dinc,65,main_perp,ChAs,1,0.6538999999999999,0.6538999999999999,0.6538999999999999,1,1,1,MP,7
llama31_instruct,h1_dinc,65,main_perp,ChAs,2,0.7398,0.7398,0.7398,1,1,1,MP,7
llama31_instruct,h1_dinc,65,main_perp,ChAs,3,0.7414000000000001,0.7414000000000001,0.7414000000000001,1,1,1,MP,7
llama31_instruct,h1_dinc,65,main_perp,ChBa,0,0.7382,0.7382,0.7382,1,1,1,CO2,5
llama31_instruct,h1_dinc,65,main_perp,ChBa,1,0.6847,0.6847,0.6847,1,1,1,CO2,5
llama31_instruct,h1_dinc,65,main_perp,ChBa,2,0.7750999999999999,0.7750999999999999,0.7750999999999999,1,1,1,CO2,5
llama31_instruct,h1_dinc,65,main_perp,ChBa,3,0.7159,0.7159,0.7159,1,1,1,CO2,5
llama31_instruct,h1_dinc,65,main_perp,ChCh,0,0.7497,0.7497,0.7497,1,1,1,CO2,6
llama31_instruct,h1_dinc,65,main_perp,ChCh,1,0.6877,0.6877,0.6877,1,1,1,CO2,6
llama31_instruct,h1_dinc,65,main_perp,ChCh,2,0.7842,0.7842,0.7842,1,1,1,CO2,6
llama31_instruct,h1_dinc,65,main_perp,ChCh,3,0.7191000000000001,0.7191000000000001,0.7191000000000001,1,1,1,CO2,6
llama31_instruct,h1_dinc,65,main_perp,ChCm,0,0.7239,0.7239,0.7239,1,1,1,OD1,7
llama31_instruct,h1_dinc,65,main_perp,ChCm,1,0.6922,0.6922,0.6922,1,1,1,OD1,7
llama31_instruct,h1_dinc,65,main_perp,ChCm,2,0.7698,0.7698,0.7698,1,1,1,OD1,7
llama31_instruct,h1_dinc,65,main_perp,ChCm,3,0.7399,0.7398999999999999,0.7398999999999999,1,1,1,OD1,7
llama31_instruct,h1_dinc,65,main_perp,ChCo,0,0.7503,0.7503,0.7503,1,1,1,MP,9
llama31_instruct,h1_dinc,65,main_perp,ChCo,1,0.6871,0.6871,0.6871,1,1,1,MP,9
llama31_instruct,h1_dinc,65,main_perp,ChCo,2,0.7123999999999999,0.7123999999999999,0.7123999999999999,1,1,1,MP,9
llama31_instruct,h1_dinc,65,main_perp,ChCo,3,0.7219,0.7219,0.7219,1,1,1,MP,9
llama31_instruct,h1_dinc,65,main_perp,ChDl,0,0.73,0.73,0.73,1,1,1,OD1,9
llama31_instruct,h1_dinc,65,main_perp,ChDl,1,0.6877,0.6877,0.6877,1,1,1,OD1,9
llama31_instruct,h1_dinc,65,main_perp,ChDl,2,0.7239,0.7239,0.7239,1,1,1,OD1,9
llama31_instruct,h1_dinc,65,main_perp,ChDl,3,0.7013,0.7013,0.7013,1,1,1,OD1,9
llama31_instruct,h1_dinc,65,main_perp,ChHa,0,0.7013,0.7013,0.7013,1,1,1,OD2,8
llama31_instruct,h1_dinc,65,main_perp,ChHa,1,0.6852,0.6852,0.6852,1,1,1,OD2,8
llama31_instruct,h1_dinc,65,main_perp,ChHa,2,0.5992999999999999,0.5993,0.5993,1,1,1,OD2,8
llama31_instruct,h1_dinc,65,main_perp,ChHa,3,0.6784,0.6784,0.6784,1,1,1,OD2,8
llama31_instruct,h1_dinc,65,main_perp,ChHr,0,0.7759,0.7759,0.7759,1,1,1,CO1,6
llama31_instruct,h1_dinc,65,main_perp,ChHr,1,0.6979000000000001,0.6979000000000001,0.6979000000000001,1,1,1,CO1,6
llama31_instruct,h1_dinc,65,main_perp,ChHr,2,0.641,0.641,0.641,1,1,1,CO1,6
llama31_instruct,h1_dinc,65,main_perp,ChHr,3,0.7105,0.7105,0.7105,1,1,1,CO1,6
llama31_instruct,h1_dinc,65,main_perp,CmAs,0,0.6643,0.6643,0.6643,1,1,1,OD1,8
llama31_instruct,h1_dinc,65,main_perp,CmAs,1,0.5092,0.5092,0.5092,1,1,1,OD1,8
llama31_instruct,h1_dinc,65,main_perp,CmAs,2,0.25839999999999996,0.25839999999999996,0.25839999999999996,0,0,0,OD1,8
llama31_instruct,h1_dinc,65,main_perp,CmAs,3,0.4475,0.4475,0.4475,0,0,0,OD1,8
llama31_instruct,h1_dinc,65,main_perp,CmCm,0,0.6819,0.6819,0.6819,1,1,1,DD,2
llama31_instruct,h1_dinc,65,main_perp,CmCm,1,0.5834,0.5834,0.5834,1,1,1,DD,2
llama31_instruct,h1_dinc,65,main_perp,CmCm,2,0.36360000000000003,0.36360000000000003,0.36360000000000003,0,0,0,DD,2
llama31_instruct,h1_dinc,65,main_perp,CmCm,3,0.5064,0.5064,0.5064,1,1,1,DD,2
llama31_instruct,h1_dinc,65,main_perp,CmDl,0,0.5447,0.5447,0.5447,1,1,1,DD,4
llama31_instruct,h1_dinc,65,main_perp,CmDl,1,0.509,0.509,0.509,1,1,1,DD,4
llama31_instruct,h1_dinc,65,main_perp,CmDl,2,0.4797,0.4797,0.4797,1,1,1,DD,4
llama31_instruct,h1_dinc,65,main_perp,CmDl,3,0.5448999999999999,0.5449,0.5449,1,1,1,DD,4
llama31_instruct,h1_dinc,65,main_perp,CmHa,0,0.7135,0.7135,0.7135,1,1,1,DD,6
llama31_instruct,h1_dinc,65,main_perp,CmHa,1,0.5721,0.5721,0.5720999999999999,1,1,1,DD,6
llama31_instruct,h1_dinc,65,main_perp,CmHa,2,0.31310000000000004,0.31310000000000004,0.31310000000000004,0,0,0,DD,6
llama31_instruct,h1_dinc,65,main_perp,CmHa,3,0.5929,0.5929000000000001,0.5929000000000001,1,1,1,DD,6
llama31_instruct,h1_dinc,65,main_perp,CmNc,0,0.656,0.656,0.656,1,1,1,DD,8
llama31_instruct,h1_dinc,65,main_perp,CmNc,1,0.5834,0.5834,0.5834,1,1,1,DD,8
llama31_instruct,h1_dinc,65,main_perp,CmNc,2,0.33799999999999997,0.33799999999999997,0.33799999999999997,0,0,0,DD,8
llama31_instruct,h1_dinc,65,main_perp,CmNc,3,0.536,0.536,0.536,1,1,1,DD,8
llama31_instruct,h1_dinc,65,main_perp,CoAs,0,0.7750999999999999,0.7750999999999999,0.7750999999999999,1,1,1,CO2,7
llama31_instruct,h1_dinc,65,main_perp,CoAs,1,0.6632,0.6632,0.6632,1,1,1,CO2,7
llama31_instruct,h1_dinc,65,main_perp,CoAs,2,0.6878,0.6878,0.6878,1,1,1,CO2,7
llama31_instruct,h1_dinc,65,main_perp,CoAs,3,0.5246,0.5246,0.5246,1,1,1,CO2,7
llama31_instruct,h1_dinc,65,main_perp,CoCo,0,0.7352,0.7352,0.7352,1,1,1,CO1,7
llama31_instruct,h1_dinc,65,main_perp,CoCo,1,0.6706,0.6706,0.6706,1,1,1,CO1,7
llama31_instruct,h1_dinc,65,main_perp,CoCo,2,0.7172000000000001,0.7172,0.7172,1,1,1,CO1,7
llama31_instruct,h1_dinc,65,main_perp,CoCo,3,0.647,0.647,0.647,1,1,1,CO1,7
llama31_instruct,h1_dinc,65,main_perp,CoSh,0,0.7759,0.7759,0.7759,1,1,1,CO2,8
llama31_instruct,h1_dinc,65,main_perp,CoSh,1,0.7421,0.7421,0.7421,1,1,1,CO2,8
llama31_instruct,h1_dinc,65,main_perp,CoSh,2,0.5499999999999999,0.5499999999999999,0.5499999999999999,1,1,1,CO2,8
llama31_instruct,h1_dinc,65,main_perp,CoSh,3,0.4788,0.4788,0.4788,1,1,1,CO2,8
llama31_instruct,h1_dinc,65,main_perp,HaAs,0,0.5691999999999999,0.5691999999999999,0.5691999999999999,1,1,1,OD2,7
llama31_instruct,h1_dinc,65,main_perp,HaAs,1,0.5849,0.5849,0.5849,1,1,1,OD2,7
llama31_instruct,h1_dinc,65,main_perp,HaAs,2,0.7022,0.7022,0.7022,1,1,1,OD2,7
llama31_instruct,h1_dinc,65,main_perp,HaAs,3,0.5322,0.5321999999999999,0.5321999999999999,1,1,1,OD2,7
llama31_instruct,h1_dinc,65,main_perp,HaBa,0,0.7750999999999999,0.7750999999999999,0.7750999999999999,1,1,1,OD2,9
llama31_instruct,h1_dinc,65,main_perp,HaBa,1,0.7284999999999999,0.7284999999999999,0.7284999999999999,1,1,1,OD2,9
llama31_instruct,h1_dinc,65,main_perp,HaBa,2,0.4628,0.4628,0.4628,0,0,0,OD2,9
llama31_instruct,h1_dinc,65,main_perp,HaBa,3,0.44,0.43999999999999995,0.43999999999999995,0,0,0,OD2,9
llama31_instruct,h1_dinc,65,main_perp,HaCm,0,0.782,0.782,0.782,1,1,1,DD,1
llama31_instruct,h1_dinc,65,main_perp,HaCm,1,0.7096,0.7096,0.7096,1,1,1,DD,1
llama31_instruct,h1_dinc,65,main_perp,HaCm,2,0.5387,0.5387,0.5387,1,1,1,DD,1
llama31_instruct,h1_dinc,65,main_perp,HaCm,3,0.3846,0.38459999999999994,0.38459999999999994,0,0,0,DD,1
llama31_instruct,h1_dinc,65,main_perp,HaDl,0,0.7842,0.7842,0.7842,1,1,1,DD,3
llama31_instruct,h1_dinc,65,main_perp,HaDl,1,0.6643,0.6643,0.6643,1,1,1,DD,3
llama31_instruct,h1_dinc,65,main_perp,HaDl,2,0.6302,0.6302,0.6302,1,1,1,DD,3
llama31_instruct,h1_dinc,65,main_perp,HaDl,3,0.48660000000000003,0.48660000000000003,0.48660000000000003,1,1,1,DD,3
llama31_instruct,h1_dinc,65,main_perp,HaHa,0,0.536,0.536,0.536,1,1,1,DD,5
llama31_instruct,h1_dinc,65,main_perp,HaHa,1,0.5591999999999999,0.5591999999999999,0.5591999999999999,1,1,1,DD,5
llama31_instruct,h1_dinc,65,main_perp,HaHa,2,0.5977,0.5977,0.5977,1,1,1,DD,5
llama31_instruct,h1_dinc,65,main_perp,HaHa,3,0.4238,0.42379999999999995,0.42379999999999995,0,0,0,DD,5
llama31_instruct,h1_dinc,65,main_perp,HaNc,0,0.6251,0.6251,0.6251,1,1,1,DD,7
llama31_instruct,h1_dinc,65,main_perp,HaNc,1,0.7013,0.7013,0.7013,1,1,1,DD,7
llama31_instruct,h1_dinc,65,main_perp,HaNc,2,0.2924,0.2924,0.2924,0,0,0,DD,7
llama31_instruct,h1_dinc,65,main_perp,HaNc,3,0.1934,0.19340000000000002,0.19340000000000002,0,0,0,DD,7
llama31_instruct,h1_dinc,65,main_perp,HaPc,0,0.6216,0.6216,0.6216,1,1,1,DD,9
llama31_instruct,h1_dinc,65,main_perp,HaPc,1,0.6182,0.6182,0.6182,1,1,1,DD,9
llama31_instruct,h1_dinc,65,main_perp,HaPc,2,0.515,0.515,0.515,1,1,1,DD,9
llama31_instruct,h1_dinc,65,main_perp,HaPc,3,0.29109999999999997,0.2911,0.2911,0,0,0,DD,9
llama31_instruct,h1_dinc,65,main_perp,HrAs,0,0.7599,0.7599,0.7599,1,1,1,MP,8
llama31_instruct,h1_dinc,65,main_perp,HrAs,1,0.6465,0.6465,0.6465,1,1,1,MP,8
llama31_instruct,h1_dinc,65,main_perp,HrAs,2,0.4841,0.4841,0.4841,1,1,1,MP,8
llama31_instruct,h1_dinc,65,main_perp,HrAs,3,0.6311,0.6311,0.6311,1,1,1,MP,8
llama31_instruct,h1_dinc,65,main_perp,HrBa,0,0.7978,0.7978,0.7978,1,1,1,CO1,2
llama31_instruct,h1_dinc,65,main_perp,HrBa,1,0.7225,0.7225,0.7225,1,1,1,CO1,2
llama31_instruct,h1_dinc,65,main_perp,HrBa,2,0.761,0.761,0.761,1,1,1,CO1,2
llama31_instruct,h1_dinc,65,main_perp,HrBa,3,0.6868,0.6868,0.6868,1,1,1,CO1,2
llama31_instruct,h1_dinc,65,main_perp,HrCh,0,0.7105,0.7105,0.7105,1,1,1,CO1,4
llama31_instruct,h1_dinc,65,main_perp,HrCh,1,0.5834,0.5834,0.5834,1,1,1,CO1,4
llama31_instruct,h1_dinc,65,main_perp,HrCh,2,0.6888,0.6888,0.6888,1,1,1,CO1,4
llama31_instruct,h1_dinc,65,main_perp,HrCh,3,0.679,0.679,0.679,1,1,1,CO1,4
llama31_instruct,h1_dinc,65,main_perp,HrHr,0,0.757,0.757,0.757,1,1,1,CO2,2
llama31_instruct,h1_dinc,65,main_perp,HrHr,1,0.6365,0.6365,0.6365,1,1,1,CO2,2
llama31_instruct,h1_dinc,65,main_perp,HrHr,2,0.6525,0.6525,0.6525,1,1,1,CO2,2
llama31_instruct,h1_dinc,65,main_perp,HrHr,3,0.6706,0.6706,0.6706,1,1,1,CO2,2
llama31_instruct,h1_dinc,65,main_perp,ShAs,0,0.7594000000000001,0.7594000000000001,0.7594000000000001,1,1,1,CO1,8
llama31_instruct,h1_dinc,65,main_perp,ShAs,1,0.7339,0.7339,0.7339,1,1,1,CO1,8
llama31_instruct,h1_dinc,65,main_perp,ShAs,2,0.7172000000000001,0.7172,0.7172,1,1,1,CO1,8
llama31_instruct,h1_dinc,65,main_perp,ShAs,3,0.5025,0.5025,0.5025,1,1,1,CO1,8
llama31_instruct,h1_dinc,65,main_perp,ShCo,0,0.7334,0.7334,0.7334,1,1,1,CO2,9
llama31_instruct,h1_dinc,65,main_perp,ShCo,1,0.7042,0.7042,0.7042,1,1,1,CO2,9
llama31_instruct,h1_dinc,65,main_perp,ShCo,2,0.5748,0.5748,0.5748,1,1,1,CO2,9
llama31_instruct,h1_dinc,65,main_perp,ShCo,3,0.4265,0.4265,0.4265,0,0,0,CO2,9
llama31_instruct,h1_dinc,65,main_perp,ShSh,0,0.7978,0.7978,0.7978,1,1,1,CO1,9
llama31_instruct,h1_dinc,65,main_perp,ShSh,1,0.717,0.717,0.717,1,1,1,CO1,9
llama31_instruct,h1_dinc,65,main_perp,ShSh,2,0.6718999999999999,0.6718999999999999,0.6718999999999999,1,1,1,CO1,9
llama31_instruct,h1_dinc,65,main_perp,ShSh,3,0.4723,0.47229999999999994,0.47229999999999994,1,1,1,CO1,9
llama31_instruct,h1_dinc,65,random,AsAs,0,0.1754,0.1754,0.1754,0,0,0,CO1,1
llama31_instruct,h1_dinc,65,random,AsAs,1,0.029600000000000015,0.029600000000000015,0.029600000000000015,0,0,0,CO1,1
llama31_instruct,h1_dinc,65,random,AsAs,2,0.0408,0.04080000000000006,0.04080000000000006,0,0,0,CO1,1
llama31_instruct,h1_dinc,65,random,AsAs,3,0.04530000000000001,0.04530000000000001,0.04530000000000001,0,0,0,CO1,1
llama31_instruct,h1_dinc,65,random,AsBa,0,0.18330000000000002,0.18330000000000002,0.18330000000000002,1,1,1,MP,2
llama31_instruct,h1_dinc,65,random,AsBa,1,0.08850000000000002,0.08850000000000002,0.08850000000000002,0,0,0,MP,2
llama31_instruct,h1_dinc,65,random,AsBa,2,0.12619999999999998,0.12619999999999998,0.12619999999999998,0,0,0,MP,2
llama31_instruct,h1_dinc,65,random,AsBa,3,0.054900000000000004,0.05489999999999995,0.05489999999999995,0,0,0,MP,2
llama31_instruct,h1_dinc,65,random,AsCh,0,0.1461,0.1461,0.1461,0,0,0,MP,4
llama31_instruct,h1_dinc,65,random,AsCh,1,0.08850000000000002,0.08850000000000002,0.08850000000000002,0,0,0,MP,4
llama31_instruct,h1_dinc,65,random,AsCh,2,0.06260000000000002,0.0626000000000001,0.0626000000000001,0,0,0,MP,4
llama31_instruct,h1_dinc,65,random,AsCh,3,0.07979999999999998,0.07979999999999998,0.07979999999999998,0,0,0,MP,4
llama31_instruct,h1_dinc,65,random,AsCm,0,0.1461,0.1461,0.1461,0,0,0,OD1,2
llama31_instruct,h1_dinc,65,random,AsCm,1,0.08999999999999997,0.08999999999999997,0.08999999999999997,0,0,0,OD1,2
llama31_instruct,h1_dinc,65,random,AsCm,2,0.04580000000000001,0.04580000000000006,0.04580000000000006,0,0,0,OD1,2
llama31_instruct,h1_dinc,65,random,AsCm,3,0.03140000000000001,0.031400000000000095,0.031400000000000095,0,0,0,OD1,2
llama31_instruct,h1_dinc,65,random,AsCo,0,0.15460000000000002,0.15460000000000002,0.15460000000000002,1,1,1,CO2,1
llama31_instruct,h1_dinc,65,random,AsCo,1,0.0922,0.0922,0.0922,0,0,0,CO2,1
llama31_instruct,h1_dinc,65,random,AsCo,2,0.0534,0.0534,0.0534,0,0,0,CO2,1
llama31_instruct,h1_dinc,65,random,AsCo,3,0.0665,0.0665,0.0665,0,0,0,CO2,1
llama31_instruct,h1_dinc,65,random,AsDl,0,0.2107,0.2107,0.2107,1,1,1,OD1,4
llama31_instruct,h1_dinc,65,random,AsDl,1,0.08850000000000002,0.08850000000000002,0.08850000000000002,0,0,0,OD1,4
llama31_instruct,h1_dinc,65,random,AsDl,2,0.017299999999999982,0.01729999999999987,0.01729999999999987,0,0,0,OD1,4
llama31_instruct,h1_dinc,65,random,AsDl,3,0.037500000000000006,0.03749999999999998,0.03749999999999998,0,0,0,OD1,4
llama31_instruct,h1_dinc,65,random,AsHa,0,0.1461,0.1461,0.1461,0,0,0,OD2,1
llama31_instruct,h1_dinc,65,random,AsHa,1,0.05980000000000002,0.05980000000000002,0.05980000000000002,0,0,0,OD2,1
llama31_instruct,h1_dinc,65,random,AsHa,2,0.0988,0.0988,0.0988,0,0,0,OD2,1
llama31_instruct,h1_dinc,65,random,AsHa,3,0.054900000000000004,0.05489999999999995,0.05489999999999995,0,0,0,OD2,1
llama31_instruct,h1_dinc,65,random,AsHr,0,0.11650000000000005,0.11650000000000005,0.11650000000000005,0,0,0,MP,6
llama31_instruct,h1_dinc,65,random,AsHr,1,0.08999999999999997,0.08999999999999997,0.08999999999999997,0,0,0,MP,6
llama31_instruct,h1_dinc,65,random,AsHr,2,0.05399999999999999,0.05400000000000005,0.05400000000000005,0,0,0,MP,6
llama31_instruct,h1_dinc,65,random,AsHr,3,0.04300000000000001,0.04300000000000004,0.04300000000000004,0,0,0,MP,6
llama31_instruct,h1_dinc,65,random,AsNc,0,0.1996,0.1996,0.1996,0,0,0,OD2,3
llama31_instruct,h1_dinc,65,random,AsNc,1,0.05880000000000002,0.05880000000000002,0.05880000000000002,0,0,0,OD2,3
llama31_instruct,h1_dinc,65,random,AsNc,2,0.0854,0.08540000000000003,0.08540000000000003,0,0,0,OD2,3
llama31_instruct,h1_dinc,65,random,AsNc,3,0.034399999999999986,0.034399999999999986,0.034399999999999986,0,0,0,OD2,3
llama31_instruct,h1_dinc,65,random,AsPc,0,0.15100000000000002,0.15100000000000002,0.15100000000000002,0,0,0,OD2,5
llama31_instruct,h1_dinc,65,random,AsPc,1,0.0948,0.0948,0.0948,1,1,1,OD2,5
llama31_instruct,h1_dinc,65,random,AsPc,2,0.08360000000000001,0.0835999999999999,0.0835999999999999,0,0,0,OD2,5
llama31_instruct,h1_dinc,65,random,AsPc,3,0.0665,0.0665,0.0665,0,0,0,OD2,5
llama31_instruct,h1_dinc,65,random,AsPd,0,0.21449999999999997,0.21449999999999997,0.21450000000000002,1,1,1,OD1,6
llama31_instruct,h1_dinc,65,random,AsPd,1,0.11870000000000003,0.11870000000000003,0.11870000000000003,0,0,0,OD1,6
llama31_instruct,h1_dinc,65,random,AsPd,2,0.04580000000000001,0.04580000000000006,0.04580000000000006,0,0,0,OD1,6
llama31_instruct,h1_dinc,65,random,AsPd,3,0.03140000000000001,0.031400000000000095,0.031400000000000095,0,0,0,OD1,6
llama31_instruct,h1_dinc,65,random,AsSh,0,0.0665,0.0665,0.0665,0,0,0,CO1,3
llama31_instruct,h1_dinc,65,random,AsSh,1,0.08360000000000001,0.08360000000000001,0.08360000000000001,0,0,0,CO1,3
llama31_instruct,h1_dinc,65,random,AsSh,2,0.0338,0.03379999999999994,0.03379999999999994,0,0,0,CO1,3
llama31_instruct,h1_dinc,65,random,AsSh,3,0.03689999999999999,0.03689999999999993,0.03689999999999993,0,0,0,CO1,3
llama31_instruct,h1_dinc,65,random,BaAs,0,0.15460000000000002,0.15460000000000002,0.15460000000000002,1,1,1,MP,1
llama31_instruct,h1_dinc,65,random,BaAs,1,0.05349999999999999,0.05349999999999999,0.05349999999999999,0,0,0,MP,1
llama31_instruct,h1_dinc,65,random,BaAs,2,0.12,0.12,0.12,0,0,0,MP,1
llama31_instruct,h1_dinc,65,random,BaAs,3,0.058800000000000074,0.058800000000000074,0.058800000000000074,0,0,0,MP,1
llama31_instruct,h1_dinc,65,random,BaBa,0,0.15100000000000002,0.15100000000000002,0.15100000000000002,0,0,0,CO2,3
llama31_instruct,h1_dinc,65,random,BaBa,1,0.05349999999999999,0.05349999999999999,0.05349999999999999,0,0,0,CO2,3
llama31_instruct,h1_dinc,65,random,BaBa,2,0.18479999999999996,0.18479999999999996,0.18479999999999996,1,1,1,CO2,3
llama31_instruct,h1_dinc,65,random,BaBa,3,0.05880000000000002,0.05879999999999996,0.05879999999999996,0,0,0,CO2,3
llama31_instruct,h1_dinc,65,random,BaCh,0,0.15489999999999998,0.15489999999999998,0.15489999999999998,0,0,0,CO2,4
llama31_instruct,h1_dinc,65,random,BaCh,1,0.04530000000000001,0.04530000000000001,0.04530000000000001,0,0,0,CO2,4
llama31_instruct,h1_dinc,65,random,BaCh,2,0.0922,0.09220000000000006,0.09220000000000006,0,0,0,CO2,4
llama31_instruct,h1_dinc,65,random,BaCh,3,0.025999999999999968,0.026000000000000023,0.026000000000000023,0,0,0,CO2,4
llama31_instruct,h1_dinc,65,random,BaCm,0,0.12449999999999994,0.12449999999999994,0.12449999999999994,1,1,1,OD1,1
llama31_instruct,h1_dinc,65,random,BaCm,1,0.028700000000000003,0.028700000000000003,0.028700000000000003,0,0,0,OD1,1
llama31_instruct,h1_dinc,65,random,BaCm,2,0.11370000000000002,0.11370000000000002,0.11370000000000002,0,0,0,OD1,1
llama31_instruct,h1_dinc,65,random,BaCm,3,0.12449999999999994,0.12449999999999994,0.12449999999999994,1,1,1,OD1,1
llama31_instruct,h1_dinc,65,random,BaCo,0,0.125,0.125,0.125,1,1,1,MP,3
llama31_instruct,h1_dinc,65,random,BaCo,1,0.11970000000000003,0.11970000000000003,0.11970000000000003,0,0,0,MP,3
llama31_instruct,h1_dinc,65,random,BaCo,2,0.12940000000000007,0.12940000000000007,0.12940000000000007,0,0,0,MP,3
llama31_instruct,h1_dinc,65,random,BaCo,3,0.11370000000000002,0.11370000000000002,0.11370000000000002,0,0,0,MP,3
llama31_instruct,h1_dinc,65,random,BaDl,0,0.12230000000000002,0.12230000000000002,0.12230000000000002,0,0,0,OD1,3
llama31_instruct,h1_dinc,65,random,BaDl,1,0.05349999999999999,0.05349999999999999,0.05349999999999999,0,0,0,OD1,3
llama31_instruct,h1_dinc,65,random,BaDl,2,0.15409999999999996,0.15410000000000001,0.15410000000000001,1,1,1,OD1,3
llama31_instruct,h1_dinc,65,random,BaDl,3,0.05609999999999998,0.05609999999999993,0.05609999999999993,0,0,0,OD1,3
llama31_instruct,h1_dinc,65,random,BaHa,0,0.2107,0.2107,0.2107,1,1,1,OD2,2
llama31_instruct,h1_dinc,65,random,BaHa,1,0.0862,0.0862,0.08619999999999994,0,0,0,OD2,2
llama31_instruct,h1_dinc,65,random,BaHa,2,0.11209999999999998,0.11209999999999998,0.11209999999999998,0,0,0,OD2,2
llama31_instruct,h1_dinc,65,random,BaHa,3,0.08999999999999997,0.08999999999999997,0.08999999999999997,0,0,0,OD2,2
llama31_instruct,h1_dinc,65,random,BaHr,0,0.18439999999999995,0.18439999999999995,0.18439999999999995,1,1,1,CO1,5
llama31_instruct,h1_dinc,65,random,BaHr,1,0.05980000000000002,0.05980000000000002,0.05980000000000002,0,0,0,CO1,5
llama31_instruct,h1_dinc,65,random,BaHr,2,0.14650000000000007,0.14650000000000007,0.14650000000000007,0,0,0,CO1,5
llama31_instruct,h1_dinc,65,random,BaHr,3,0.1461,0.1461,0.1461,0,0,0,CO1,5
llama31_instruct,h1_dinc,65,random,BaNc,0,0.15100000000000002,0.15100000000000002,0.15100000000000002,0,0,0,OD2,4
llama31_instruct,h1_dinc,65,random,BaNc,1,0.04949999999999996,0.04949999999999996,0.04949999999999999,0,0,0,OD2,4
llama31_instruct,h1_dinc,65,random,BaNc,2,0.20030000000000003,0.20030000000000003,0.20030000000000003,0,0,0,OD2,4
llama31_instruct,h1_dinc,65,random,BaNc,3,0.05980000000000002,0.059800000000000075,0.059800000000000075,0,0,0,OD2,4
llama31_instruct,h1_dinc,65,random,BaPc,0,0.1331,0.1331,0.1331,0,0,0,OD2,6
llama31_instruct,h1_dinc,65,random,BaPc,1,0.1245,0.1245,0.12450000000000006,1,1,1,OD2,6
llama31_instruct,h1_dinc,65,random,BaPc,2,0.12,0.12,0.12,0,0,0,OD2,6
llama31_instruct,h1_dinc,65,random,BaPc,3,0.02969999999999995,0.02969999999999995,0.02969999999999995,0,0,0,OD2,6
llama31_instruct,h1_dinc,65,random,BaPd,0,0.10959999999999998,0.10959999999999998,0.10959999999999998,0,0,0,OD1,5
llama31_instruct,h1_dinc,65,random,BaPd,1,0.04530000000000001,0.04530000000000001,0.04530000000000001,0,0,0,OD1,5
llama31_instruct,h1_dinc,65,random,BaPd,2,0.08360000000000001,0.0835999999999999,0.0835999999999999,0,0,0,OD1,5
llama31_instruct,h1_dinc,65,random,BaPd,3,0.04530000000000001,0.04530000000000001,0.04530000000000001,0,0,0,OD1,5
llama31_instruct,h1_dinc,65,random,BaSh,0,0.09000000000000002,0.09000000000000002,0.09000000000000002,0,0,0,MP,5
llama31_instruct,h1_dinc,65,random,BaSh,1,0.0464,0.0464,0.0464,0,0,0,MP,5
llama31_instruct,h1_dinc,65,random,BaSh,2,0.1632,0.1632,0.1632,0,0,0,MP,5
llama31_instruct,h1_dinc,65,random,BaSh,3,0.15100000000000002,0.15100000000000002,0.15100000000000002,0,0,0,MP,5
llama31_instruct,h1_dinc,65,random,ChAs,0,0.11870000000000003,0.11870000000000003,0.11870000000000003,0,0,0,MP,7
llama31_instruct,h1_dinc,65,random,ChAs,1,0.05980000000000002,0.05980000000000002,0.05980000000000002,0,0,0,MP,7
llama31_instruct,h1_dinc,65,random,ChAs,2,0.14739999999999998,0.14739999999999998,0.14739999999999998,0,0,0,MP,7
llama31_instruct,h1_dinc,65,random,ChAs,3,0.06169999999999998,0.06169999999999998,0.06169999999999998,0,0,0,MP,7
llama31_instruct,h1_dinc,65,random,ChBa,0,0.2319,0.2319,0.2319,1,1,1,CO2,5
llama31_instruct,h1_dinc,65,random,ChBa,1,0.05609999999999998,0.05609999999999998,0.05609999999999998,0,0,0,CO2,5
llama31_instruct,h1_dinc,65,random,ChBa,2,0.15100000000000002,0.15100000000000002,0.15100000000000002,1,1,1,CO2,5
llama31_instruct,h1_dinc,65,random,ChBa,3,0.12230000000000002,0.12230000000000008,0.12230000000000008,0,0,0,CO2,5
llama31_instruct,h1_dinc,65,random,ChCh,0,0.09219999999999995,0.09219999999999995,0.09219999999999995,1,1,1,CO2,6
llama31_instruct,h1_dinc,65,random,ChCh,1,0.0862,0.0862,0.0862,0,0,0,CO2,6
llama31_instruct,h1_dinc,65,random,ChCh,2,0.12449999999999994,0.12449999999999994,0.12449999999999994,1,1,1,CO2,6
llama31_instruct,h1_dinc,65,random,ChCh,3,0.05980000000000002,0.059800000000000075,0.059800000000000075,0,0,0,CO2,6
llama31_instruct,h1_dinc,65,random,ChCm,0,0.18510000000000004,0.18510000000000004,0.18510000000000004,0,0,0,OD1,7
llama31_instruct,h1_dinc,65,random,ChCm,1,0.0615,0.0615,0.0615,0,0,0,OD1,7
llama31_instruct,h1_dinc,65,random,ChCm,2,0.11650000000000005,0.11650000000000005,0.11650000000000005,0,0,0,OD1,7
llama31_instruct,h1_dinc,65,random,ChCm,3,0.15409999999999996,0.15410000000000001,0.15410000000000001,1,1,1,OD1,7
llama31_instruct,h1_dinc,65,random,ChCo,0,0.15459999999999996,0.15459999999999996,0.15459999999999996,1,1,1,MP,9
llama31_instruct,h1_dinc,65,random,ChCo,1,0.09000000000000002,0.09000000000000002,0.09000000000000002,0,0,0,MP,9
llama31_instruct,h1_dinc,65,random,ChCo,2,0.17610000000000003,0.17610000000000003,0.17610000000000003,0,0,0,MP,9
llama31_instruct,h1_dinc,65,random,ChCo,3,0.0942,0.09420000000000006,0.09420000000000006,1,1,1,MP,9
llama31_instruct,h1_dinc,65,random,ChDl,0,0.14790000000000003,0.14790000000000003,0.14790000000000003,0,0,0,OD1,9
llama31_instruct,h1_dinc,65,random,ChDl,1,0.05990000000000001,0.05990000000000001,0.05990000000000001,0,0,0,OD1,9
llama31_instruct,h1_dinc,65,random,ChDl,2,0.14400000000000002,0.14400000000000002,0.14400000000000002,0,0,0,OD1,9
llama31_instruct,h1_dinc,65,random,ChDl,3,0.08850000000000002,0.08850000000000002,0.08850000000000002,0,0,0,OD1,9
llama31_instruct,h1_dinc,65,random,ChHa,0,0.09219999999999995,0.09219999999999995,0.09219999999999995,1,1,1,OD2,8
llama31_instruct,h1_dinc,65,random,ChHa,1,0.09100000000000003,0.09100000000000003,0.09100000000000008,0,0,0,OD2,8
llama31_instruct,h1_dinc,65,random,ChHa,2,0.0626000000000001,0.0626000000000001,0.0626000000000001,0,0,0,OD2,8
llama31_instruct,h1_dinc,65,random,ChHa,3,0.1624000000000001,0.1624000000000001,0.1624000000000001,0,0,0,OD2,8
llama31_instruct,h1_dinc,65,random,ChHr,0,0.24320000000000003,0.24320000000000003,0.24320000000000003,1,1,1,CO1,6
llama31_instruct,h1_dinc,65,random,ChHr,1,0.0948,0.0948,0.0948,1,1,1,CO1,6
llama31_instruct,h1_dinc,65,random,ChHr,2,0.12,0.12,0.12,0,0,0,CO1,6
llama31_instruct,h1_dinc,65,random,ChHr,3,0.0948,0.0948,0.0948,1,1,1,CO1,6
llama31_instruct,h1_dinc,65,random,CmAs,0,0.0799,0.0799,0.07989999999999997,0,0,0,OD1,8
llama31_instruct,h1_dinc,65,random,CmAs,1,0.017299999999999982,0.017299999999999982,0.01729999999999987,0,0,0,OD1,8
llama31_instruct,h1_dinc,65,random,CmAs,2,0.015900000000000025,0.015900000000000025,0.015900000000000025,0,0,0,OD1,8
llama31_instruct,h1_dinc,65,random,CmAs,3,0.03739999999999999,0.03739999999999999,0.03739999999999999,0,0,0,OD1,8
llama31_instruct,h1_dinc,65,random,CmCm,0,0.07139999999999996,0.07139999999999996,0.07140000000000002,0,0,0,DD,2
llama31_instruct,h1_dinc,65,random,CmCm,1,0.019600000000000006,0.019600000000000006,0.019600000000000062,0,0,0,DD,2
llama31_instruct,h1_dinc,65,random,CmCm,2,0.03169999999999995,0.03169999999999995,0.03169999999999995,0,0,0,DD,2
llama31_instruct,h1_dinc,65,random,CmCm,3,0.0626000000000001,0.0626000000000001,0.0626000000000001,0,0,0,DD,2
llama31_instruct,h1_dinc,65,random,CmDl,0,0.04139999999999999,0.04139999999999999,0.04139999999999999,0,0,0,DD,4
llama31_instruct,h1_dinc,65,random,CmDl,1,0.014899999999999997,0.014899999999999997,0.014900000000000024,0,0,0,DD,4
llama31_instruct,h1_dinc,65,random,CmDl,2,0.05219999999999991,0.05219999999999991,0.05219999999999991,0,0,0,DD,4
llama31_instruct,h1_dinc,65,random,CmDl,3,0.06259999999999999,0.06259999999999999,0.06259999999999999,0,0,0,DD,4
llama31_instruct,h1_dinc,65,random,CmHa,0,0.09249999999999997,0.09249999999999997,0.09250000000000003,0,0,0,DD,6
llama31_instruct,h1_dinc,65,random,CmHa,1,0.0464,0.0464,0.0464,0,0,0,DD,6
llama31_instruct,h1_dinc,65,random,CmHa,2,0.022800000000000042,0.022800000000000042,0.022800000000000042,0,0,0,DD,6
llama31_instruct,h1_dinc,65,random,CmHa,3,0.07520000000000004,0.07520000000000004,0.07520000000000004,0,0,0,DD,6
llama31_instruct,h1_dinc,65,random,CmNc,0,0.04300000000000001,0.04300000000000001,0.04300000000000004,0,0,0,DD,8
llama31_instruct,h1_dinc,65,random,CmNc,1,0.058099999999999985,0.058099999999999985,0.05809999999999993,0,0,0,DD,8
llama31_instruct,h1_dinc,65,random,CmNc,2,0.02859999999999996,0.02859999999999996,0.02859999999999996,0,0,0,DD,8
llama31_instruct,h1_dinc,65,random,CmNc,3,0.08220000000000005,0.08220000000000005,0.08220000000000005,0,0,0,DD,8
llama31_instruct,h1_dinc,65,random,CoAs,0,0.18330000000000002,0.18330000000000002,0.18330000000000002,1,1,1,CO2,7
llama31_instruct,h1_dinc,65,random,CoAs,1,0.11370000000000002,0.11370000000000002,0.11370000000000002,0,0,0,CO2,7
llama31_instruct,h1_dinc,65,random,CoAs,2,0.08610000000000001,0.08610000000000007,0.08610000000000007,0,0,0,CO2,7
llama31_instruct,h1_dinc,65,random,CoAs,3,0.017299999999999982,0.01729999999999987,0.01729999999999987,0,0,0,CO2,7
llama31_instruct,h1_dinc,65,random,CoCo,0,0.13970000000000005,0.13970000000000005,0.13970000000000005,0,0,0,CO1,7
llama31_instruct,h1_dinc,65,random,CoCo,1,0.10960000000000003,0.10960000000000003,0.10960000000000003,0,0,0,CO1,7
llama31_instruct,h1_dinc,65,random,CoCo,2,0.0799,0.07989999999999997,0.07989999999999997,0,0,0,CO1,7
llama31_instruct,h1_dinc,65,random,CoCo,3,0.0464,0.0464,0.0464,0,0,0,CO1,7
llama31_instruct,h1_dinc,65,random,CoSh,0,0.12449999999999994,0.12449999999999994,0.12449999999999994,1,1,1,CO2,8
llama31_instruct,h1_dinc,65,random,CoSh,1,0.08999999999999997,0.08999999999999997,0.08999999999999997,0,0,0,CO2,8
llama31_instruct,h1_dinc,65,random,CoSh,2,0.04580000000000001,0.04580000000000006,0.04580000000000006,0,0,0,CO2,8
llama31_instruct,h1_dinc,65,random,CoSh,3,0.014399999999999996,0.014399999999999968,0.014399999999999968,0,0,0,CO2,8
llama31_instruct,h1_dinc,65,random,HaAs,0,0.10330000000000006,0.10330000000000006,0.10330000000000006,0,0,0,OD2,7
llama31_instruct,h1_dinc,65,random,HaAs,1,0.11209999999999998,0.11209999999999998,0.11209999999999998,0,0,0,OD2,7
llama31_instruct,h1_dinc,65,random,HaAs,2,0.08610000000000001,0.08610000000000007,0.08610000000000007,0,0,0,OD2,7
llama31_instruct,h1_dinc,65,random,HaAs,3,0.034399999999999986,0.034399999999999986,0.034399999999999986,0,0,0,OD2,7
llama31_instruct,h1_dinc,65,random,HaBa,0,0.18330000000000002,0.18330000000000002,0.18330000000000002,1,1,1,OD2,9
llama31_instruct,h1_dinc,65,random,HaBa,1,0.1245,0.1245,0.1245,1,1,1,OD2,9
llama31_instruct,h1_dinc,65,random,HaBa,2,0.0379,0.037899999999999934,0.037899999999999934,0,0,0,OD2,9
llama31_instruct,h1_dinc,65,random,HaBa,3,0.014899999999999997,0.014900000000000024,0.014900000000000024,0,0,0,OD2,9
llama31_instruct,h1_dinc,65,random,HaCm,0,0.17359999999999998,0.17359999999999998,0.17359999999999998,0,0,0,DD,1
llama31_instruct,h1_dinc,65,random,HaCm,1,0.09219999999999995,0.09219999999999995,0.09219999999999995,1,1,1,DD,1
llama31_instruct,h1_dinc,65,random,HaCm,2,0.06309999999999999,0.06309999999999993,0.06309999999999993,0,0,0,DD,1
llama31_instruct,h1_dinc,65,random,HaCm,3,0.026499999999999996,0.026499999999999968,0.026499999999999968,0,0,0,DD,1
llama31_instruct,h1_dinc,65,random,HaDl,0,0.18439999999999995,0.18439999999999995,0.18439999999999995,1,1,1,DD,3
llama31_instruct,h1_dinc,65,random,HaDl,1,0.08360000000000001,0.08360000000000001,0.08360000000000001,0,0,0,DD,3
llama31_instruct,h1_dinc,65,random,HaDl,2,0.03689999999999999,0.03689999999999993,0.03689999999999993,0,0,0,DD,3
llama31_instruct,h1_dinc,65,random,HaDl,3,0.034399999999999986,0.034399999999999986,0.034399999999999986,0,0,0,DD,3
llama31_instruct,h1_dinc,65,random,HaHa,0,0.08660000000000001,0.08660000000000001,0.08660000000000001,0,0,0,DD,5
llama31_instruct,h1_dinc,65,random,HaHa,1,0.0665,0.0665,0.0665,0,0,0,DD,5
llama31_instruct,h1_dinc,65,random,HaHa,2,0.03140000000000001,0.031400000000000095,0.031400000000000095,0,0,0,DD,5
llama31_instruct,h1_dinc,65,random,HaHa,3,0.03140000000000001,0.031400000000000095,0.031400000000000095,0,0,0,DD,5
llama31_instruct,h1_dinc,65,random,HaNc,0,0.1252000000000001,0.1252000000000001,0.1252000000000001,0,0,0,DD,7
llama31_instruct,h1_dinc,65,random,HaNc,1,0.11719999999999997,0.11719999999999997,0.11719999999999997,0,0,0,DD,7
llama31_instruct,h1_dinc,65,random,HaNc,2,0.0352,0.03520000000000001,0.03520000000000001,0,0,0,DD,7
llama31_instruct,h1_dinc,65,random,HaNc,3,0.007399999999999997,0.007399999999999962,0.007399999999999962,0,0,0,DD,7
llama31_instruct,h1_dinc,65,random,HaPc,0,0.11180000000000001,0.11180000000000001,0.11180000000000001,0,0,0,DD,9
llama31_instruct,h1_dinc,65,random,HaPc,1,0.10360000000000003,0.10360000000000003,0.10360000000000003,0,0,0,DD,9
llama31_instruct,h1_dinc,65,random,HaPc,2,0.0408,0.04079999999999995,0.04079999999999995,0,0,0,DD,9
llama31_instruct,h1_dinc,65,random,HaPc,3,0.00910000000000001,0.009099999999999997,0.009099999999999997,0,0,0,DD,9
llama31_instruct,h1_dinc,65,random,HrAs,0,0.09179999999999999,0.09179999999999999,0.0918000000000001,0,0,0,MP,8
llama31_instruct,h1_dinc,65,random,HrAs,1,0.07129999999999997,0.07129999999999997,0.07130000000000003,0,0,0,MP,8
llama31_instruct,h1_dinc,65,random,HrAs,2,0.06569999999999998,0.06569999999999998,0.06569999999999998,0,0,0,MP,8
llama31_instruct,h1_dinc,65,random,HrAs,3,0.14739999999999998,0.14739999999999998,0.14739999999999998,0,0,0,MP,8
llama31_instruct,h1_dinc,65,random,HrBa,0,0.1461,0.1461,0.1461,0,0,0,CO1,2
llama31_instruct,h1_dinc,65,random,HrBa,1,0.07699999999999999,0.07699999999999999,0.07699999999999996,0,0,0,CO1,2
llama31_instruct,h1_dinc,65,random,HrBa,2,0.20620000000000005,0.20620000000000005,0.20620000000000005,0,0,0,CO1,2
llama31_instruct,h1_dinc,65,random,HrBa,3,0.17000000000000004,0.17000000000000004,0.17000000000000004,0,0,0,CO1,2
llama31_instruct,h1_dinc,65,random,HrCh,0,0.0665,0.0665,0.0665,0,0,0,CO1,4
llama31_instruct,h1_dinc,65,random,HrCh,1,0.03689999999999999,0.03689999999999999,0.03689999999999993,0,0,0,CO1,4
llama31_instruct,h1_dinc,65,random,HrCh,2,0.12619999999999998,0.12619999999999998,0.12619999999999998,0,0,0,CO1,4
llama31_instruct,h1_dinc,65,random,HrCh,3,0.09219999999999995,0.09219999999999995,0.09219999999999995,1,1,1,CO1,4
llama31_instruct,h1_dinc,65,random,HrHr,0,0.10439999999999997,0.10439999999999997,0.10439999999999994,0,0,0,CO2,2
llama31_instruct,h1_dinc,65,random,HrHr,1,0.04949999999999996,0.04949999999999996,0.04949999999999999,0,0,0,CO2,2
llama31_instruct,h1_dinc,65,random,HrHr,2,0.10340000000000005,0.10340000000000005,0.10340000000000005,0,0,0,CO2,2
llama31_instruct,h1_dinc,65,random,HrHr,3,0.08360000000000001,0.08360000000000001,0.08360000000000001,0,0,0,CO2,2
llama31_instruct,h1_dinc,65,random,ShAs,0,0.10439999999999997,0.10439999999999997,0.10439999999999997,0,0,0,CO1,8
llama31_instruct,h1_dinc,65,random,ShAs,1,0.11870000000000003,0.11870000000000003,0.11870000000000003,0,0,0,CO1,8
llama31_instruct,h1_dinc,65,random,ShAs,2,0.0799,0.07989999999999997,0.07989999999999997,0,0,0,CO1,8
llama31_instruct,h1_dinc,65,random,ShAs,3,0.034399999999999986,0.034399999999999986,0.034399999999999986,0,0,0,CO1,8
llama31_instruct,h1_dinc,65,random,ShCo,0,0.11870000000000003,0.11870000000000003,0.11870000000000003,0,0,0,CO2,9
llama31_instruct,h1_dinc,65,random,ShCo,1,0.030100000000000016,0.030100000000000016,0.030100000000000016,0,0,0,CO2,9
llama31_instruct,h1_dinc,65,random,ShCo,2,0.04580000000000001,0.04580000000000006,0.04580000000000006,0,0,0,CO2,9
llama31_instruct,h1_dinc,65,random,ShCo,3,0.028200000000000003,0.028200000000000003,0.028200000000000003,0,0,0,CO2,9
llama31_instruct,h1_dinc,65,random,ShSh,0,0.1159,0.1159,0.1159,0,0,0,CO1,9
llama31_instruct,h1_dinc,65,random,ShSh,1,0.1461,0.1461,0.1461,0,0,0,CO1,9
llama31_instruct,h1_dinc,65,random,ShSh,2,0.058099999999999985,0.05809999999999993,0.05809999999999993,0,0,0,CO1,9
llama31_instruct,h1_dinc,65,random,ShSh,3,0.03140000000000001,0.031400000000000095,0.031400000000000095,0,0,0,CO1,9
llama31_instruct,h1_dinc,79,main,AsAs,0,1.0,1.0,1.0,1,1,1,CO1,1
llama31_instruct,h1_dinc,79,main,AsAs,1,1.0,1.0,1.0,1,1,1,CO1,1
llama31_instruct,h1_dinc,79,main,AsAs,2,1.0,1.0,1.0,1,1,1,CO1,1
llama31_instruct,h1_dinc,79,main,AsAs,3,1.0,1.0,1.0,1,1,1,CO1,1
llama31_instruct,h1_dinc,79,main,AsBa,0,1.0,1.0,1.0,1,1,1,MP,2
llama31_instruct,h1_dinc,79,main,AsBa,1,1.0,1.0,1.0,1,1,1,MP,2
llama31_instruct,h1_dinc,79,main,AsBa,2,1.0,1.0,1.0,1,1,1,MP,2
llama31_instruct,h1_dinc,79,main,AsBa,3,1.0,1.0,1.0,1,1,1,MP,2
llama31_instruct,h1_dinc,79,main,AsCh,0,1.0,1.0,1.0,1,1,1,MP,4
llama31_instruct,h1_dinc,79,main,AsCh,1,1.0,1.0,1.0,1,1,1,MP,4
llama31_instruct,h1_dinc,79,main,AsCh,2,1.0,1.0,1.0,1,1,1,MP,4
llama31_instruct,h1_dinc,79,main,AsCh,3,1.0,1.0,1.0,1,1,1,MP,4
llama31_instruct,h1_dinc,79,main,AsCm,0,1.0,1.0,1.0,1,1,1,OD1,2
llama31_instruct,h1_dinc,79,main,AsCm,1,1.0,1.0,1.0,1,1,1,OD1,2
llama31_instruct,h1_dinc,79,main,AsCm,2,0.9999,0.9999,0.9999,1,1,1,OD1,2
llama31_instruct,h1_dinc,79,main,AsCm,3,0.9999,0.9999,0.9999,1,1,1,OD1,2
llama31_instruct,h1_dinc,79,main,AsCo,0,1.0,1.0,1.0,1,1,1,CO2,1
llama31_instruct,h1_dinc,79,main,AsCo,1,1.0,1.0,1.0,1,1,1,CO2,1
llama31_instruct,h1_dinc,79,main,AsCo,2,1.0,1.0,1.0,1,1,1,CO2,1
llama31_instruct,h1_dinc,79,main,AsCo,3,1.0,1.0,1.0,1,1,1,CO2,1
llama31_instruct,h1_dinc,79,main,AsDl,0,1.0,1.0,1.0,1,1,1,OD1,4
llama31_instruct,h1_dinc,79,main,AsDl,1,1.0,1.0,1.0,1,1,1,OD1,4
llama31_instruct,h1_dinc,79,main,AsDl,2,1.0,1.0,1.0,1,1,1,OD1,4
llama31_instruct,h1_dinc,79,main,AsDl,3,0.9999,0.9999,0.9999,1,1,1,OD1,4
llama31_instruct,h1_dinc,79,main,AsHa,0,1.0,1.0,1.0,1,1,1,OD2,1
llama31_instruct,h1_dinc,79,main,AsHa,1,1.0,1.0,1.0,1,1,1,OD2,1
llama31_instruct,h1_dinc,79,main,AsHa,2,1.0,1.0,1.0,1,1,1,OD2,1
llama31_instruct,h1_dinc,79,main,AsHa,3,1.0,1.0,1.0,1,1,1,OD2,1
llama31_instruct,h1_dinc,79,main,AsHr,0,1.0,1.0,1.0,1,1,1,MP,6
llama31_instruct,h1_dinc,79,main,AsHr,1,1.0,1.0,1.0,1,1,1,MP,6
llama31_instruct,h1_dinc,79,main,AsHr,2,1.0,1.0,1.0,1,1,1,MP,6
llama31_instruct,h1_dinc,79,main,AsHr,3,1.0,1.0,1.0,1,1,1,MP,6
llama31_instruct,h1_dinc,79,main,AsNc,0,1.0,1.0,1.0,1,1,1,OD2,3
llama31_instruct,h1_dinc,79,main,AsNc,1,1.0,1.0,1.0,1,1,1,OD2,3
llama31_instruct,h1_dinc,79,main,AsNc,2,0.9999,0.9999,0.9999,1,1,1,OD2,3
llama31_instruct,h1_dinc,79,main,AsNc,3,0.9999,0.9999,0.9999,1,1,1,OD2,3
llama31_instruct,h1_dinc,79,main,AsPc,0,1.0,1.0,1.0,1,1,1,OD2,5
llama31_instruct,h1_dinc,79,main,AsPc,1,1.0,1.0,1.0,1,1,1,OD2,5
llama31_instruct,h1_dinc,79,main,AsPc,2,1.0,1.0,1.0,1,1,1,OD2,5
llama31_instruct,h1_dinc,79,main,AsPc,3,0.9999,0.9999,0.9999,1,1,1,OD2,5
llama31_instruct,h1_dinc,79,main,AsPd,0,1.0,1.0,1.0,1,1,1,OD1,6
llama31_instruct,h1_dinc,79,main,AsPd,1,1.0,1.0,1.0,1,1,1,OD1,6
llama31_instruct,h1_dinc,79,main,AsPd,2,1.0,1.0,1.0,1,1,1,OD1,6
llama31_instruct,h1_dinc,79,main,AsPd,3,0.9999,0.9999,0.9999,1,1,1,OD1,6
llama31_instruct,h1_dinc,79,main,AsSh,0,1.0,1.0,1.0,1,1,1,CO1,3
llama31_instruct,h1_dinc,79,main,AsSh,1,0.9999,0.9999,0.9999,1,1,1,CO1,3
llama31_instruct,h1_dinc,79,main,AsSh,2,1.0,1.0,1.0,1,1,1,CO1,3
llama31_instruct,h1_dinc,79,main,AsSh,3,0.9999,0.9999,0.9999,1,1,1,CO1,3
llama31_instruct,h1_dinc,79,main,BaAs,0,1.0,1.0,1.0,1,1,1,MP,1
llama31_instruct,h1_dinc,79,main,BaAs,1,1.0,1.0,1.0,1,1,1,MP,1
llama31_instruct,h1_dinc,79,main,BaAs,2,1.0,1.0,1.0,1,1,1,MP,1
llama31_instruct,h1_dinc,79,main,BaAs,3,1.0,1.0,1.0,1,1,1,MP,1
llama31_instruct,h1_dinc,79,main,BaBa,0,1.0,1.0,1.0,1,1,1,CO2,3
llama31_instruct,h1_dinc,79,main,BaBa,1,1.0,1.0,1.0,1,1,1,CO2,3
llama31_instruct,h1_dinc,79,main,BaBa,2,1.0,1.0,1.0,1,1,1,CO2,3
llama31_instruct,h1_dinc,79,main,BaBa,3,1.0,1.0,1.0,1,1,1,CO2,3
llama31_instruct,h1_dinc,79,main,BaCh,0,1.0,1.0,1.0,1,1,1,CO2,4
llama31_instruct,h1_dinc,79,main,BaCh,1,1.0,1.0,1.0,1,1,1,CO2,4
llama31_instruct,h1_dinc,79,main,BaCh,2,1.0,1.0,1.0,1,1,1,CO2,4
llama31_instruct,h1_dinc,79,main,BaCh,3,1.0,1.0,1.0,1,1,1,CO2,4
llama31_instruct,h1_dinc,79,main,BaCm,0,1.0,1.0,1.0,1,1,1,OD1,1
llama31_instruct,h1_dinc,79,main,BaCm,1,1.0,1.0,1.0,1,1,1,OD1,1
llama31_instruct,h1_dinc,79,main,BaCm,2,1.0,1.0,1.0,1,1,1,OD1,1
llama31_instruct,h1_dinc,79,main,BaCm,3,1.0,1.0,1.0,1,1,1,OD1,1
llama31_instruct,h1_dinc,79,main,BaCo,0,1.0,1.0,1.0,1,1,1,MP,3
llama31_instruct,h1_dinc,79,main,BaCo,1,1.0,1.0,1.0,1,1,1,MP,3
llama31_instruct,h1_dinc,79,main,BaCo,2,1.0,1.0,1.0,1,1,1,MP,3
llama31_instruct,h1_dinc,79,main,BaCo,3,1.0,1.0,1.0,1,1,1,MP,3
llama31_instruct,h1_dinc,79,main,BaDl,0,1.0,1.0,1.0,1,1,1,OD1,3
llama31_instruct,h1_dinc,79,main,BaDl,1,1.0,1.0,1.0,1,1,1,OD1,3
llama31_instruct,h1_dinc,79,main,BaDl,2,1.0,1.0,1.0,1,1,1,OD1,3
llama31_instruct,h1_dinc,79,main,BaDl,3,1.0,1.0,1.0,1,1,1,OD1,3
llama31_instruct,h1_dinc,79,main,BaHa,0,1.0,1.0,1.0,1,1,1,OD2,2
llama31_instruct,h1_dinc,79,main,BaHa,1,1.0,1.0,1.0,1,1,1,OD2,2
llama31_instruct,h1_dinc,79,main,BaHa,2,1.0,1.0,1.0,1,1,1,OD2,2
llama31_instruct,h1_dinc,79,main,BaHa,3,1.0,1.0,1.0,1,1,1,OD2,2
llama31_instruct,h1_dinc,79,main,BaHr,0,1.0,1.0,1.0,1,1,1,CO1,5
llama31_instruct,h1_dinc,79,main,BaHr,1,1.0,1.0,1.0,1,1,1,CO1,5
llama31_instruct,h1_dinc,79,main,BaHr,2,1.0,1.0,1.0,1,1,1,CO1,5
llama31_instruct,h1_dinc,79,main,BaHr,3,1.0,1.0,1.0,1,1,1,CO1,5
llama31_instruct,h1_dinc,79,main,BaNc,0,1.0,1.0,1.0,1,1,1,OD2,4
llama31_instruct,h1_dinc,79,main,BaNc,1,0.9999,0.9999,0.9999,1,1,1,OD2,4
llama31_instruct,h1_dinc,79,main,BaNc,2,1.0,1.0,1.0,1,1,1,OD2,4
llama31_instruct,h1_dinc,79,main,BaNc,3,1.0,1.0,1.0,1,1,1,OD2,4
llama31_instruct,h1_dinc,79,main,BaPc,0,1.0,1.0,1.0,1,1,1,OD2,6
llama31_instruct,h1_dinc,79,main,BaPc,1,1.0,1.0,1.0,1,1,1,OD2,6
llama31_instruct,h1_dinc,79,main,BaPc,2,1.0,1.0,1.0,1,1,1,OD2,6
llama31_instruct,h1_dinc,79,main,BaPc,3,1.0,1.0,1.0,1,1,1,OD2,6
llama31_instruct,h1_dinc,79,main,BaPd,0,1.0,1.0,1.0,1,1,1,OD1,5
llama31_instruct,h1_dinc,79,main,BaPd,1,1.0,1.0,1.0,1,1,1,OD1,5
llama31_instruct,h1_dinc,79,main,BaPd,2,1.0,1.0,1.0,1,1,1,OD1,5
llama31_instruct,h1_dinc,79,main,BaPd,3,1.0,1.0,1.0,1,1,1,OD1,5
llama31_instruct,h1_dinc,79,main,BaSh,0,1.0,1.0,1.0,1,1,1,MP,5
llama31_instruct,h1_dinc,79,main,BaSh,1,1.0,1.0,1.0,1,1,1,MP,5
llama31_instruct,h1_dinc,79,main,BaSh,2,1.0,1.0,1.0,1,1,1,MP,5
llama31_instruct,h1_dinc,79,main,BaSh,3,1.0,1.0,1.0,1,1,1,MP,5
llama31_instruct,h1_dinc,79,main,ChAs,0,1.0,1.0,1.0,1,1,1,MP,7
llama31_instruct,h1_dinc,79,main,ChAs,1,1.0,1.0,1.0,1,1,1,MP,7
llama31_instruct,h1_dinc,79,main,ChAs,2,1.0,1.0,1.0,1,1,1,MP,7
llama31_instruct,h1_dinc,79,main,ChAs,3,1.0,1.0,1.0,1,1,1,MP,7
llama31_instruct,h1_dinc,79,main,ChBa,0,1.0,1.0,1.0,1,1,1,CO2,5
llama31_instruct,h1_dinc,79,main,ChBa,1,1.0,1.0,1.0,1,1,1,CO2,5
llama31_instruct,h1_dinc,79,main,ChBa,2,1.0,1.0,1.0,1,1,1,CO2,5
llama31_instruct,h1_dinc,79,main,ChBa,3,1.0,1.0,1.0,1,1,1,CO2,5
llama31_instruct,h1_dinc,79,main,ChCh,0,1.0,1.0,1.0,1,1,1,CO2,6
llama31_instruct,h1_dinc,79,main,ChCh,1,1.0,1.0,1.0,1,1,1,CO2,6
llama31_instruct,h1_dinc,79,main,ChCh,2,1.0,1.0,1.0,1,1,1,CO2,6
llama31_instruct,h1_dinc,79,main,ChCh,3,1.0,1.0,1.0,1,1,1,CO2,6
llama31_instruct,h1_dinc,79,main,ChCm,0,1.0,1.0,1.0,1,1,1,OD1,7
llama31_instruct,h1_dinc,79,main,ChCm,1,1.0,1.0,1.0,1,1,1,OD1,7
llama31_instruct,h1_dinc,79,main,ChCm,2,1.0,1.0,1.0,1,1,1,OD1,7
llama31_instruct,h1_dinc,79,main,ChCm,3,1.0,1.0,1.0,1,1,1,OD1,7
llama31_instruct,h1_dinc,79,main,ChCo,0,1.0,1.0,1.0,1,1,1,MP,9
llama31_instruct,h1_dinc,79,main,ChCo,1,1.0,1.0,1.0,1,1,1,MP,9
llama31_instruct,h1_dinc,79,main,ChCo,2,1.0,1.0,1.0,1,1,1,MP,9
llama31_instruct,h1_dinc,79,main,ChCo,3,1.0,1.0,1.0,1,1,1,MP,9
llama31_instruct,h1_dinc,79,main,ChDl,0,1.0,1.0,1.0,1,1,1,OD1,9
llama31_instruct,h1_dinc,79,main,ChDl,1,1.0,1.0,1.0,1,1,1,OD1,9
llama31_instruct,h1_dinc,79,main,ChDl,2,1.0,1.0,1.0,1,1,1,OD1,9
llama31_instruct,h1_dinc,79,main,ChDl,3,1.0,1.0,1.0,1,1,1,OD1,9
llama31_instruct,h1_dinc,79,main,ChHa,0,1.0,1.0,1.0,1,1,1,OD2,8
llama31_instruct,h1_dinc,79,main,ChHa,1,1.0,1.0,1.0,1,1,1,OD2,8
llama31_instruct,h1_dinc,79,main,ChHa,2,1.0,1.0,1.0,1,1,1,OD2,8
llama31_instruct,h1_dinc,79,main,ChHa,3,1.0,1.0,1.0,1,1,1,OD2,8
llama31_instruct,h1_dinc,79,main,ChHr,0,1.0,1.0,1.0,1,1,1,CO1,6
llama31_instruct,h1_dinc,79,main,ChHr,1,1.0,1.0,1.0,1,1,1,CO1,6
llama31_instruct,h1_dinc,79,main,ChHr,2,1.0,1.0,1.0,1,1,1,CO1,6
llama31_instruct,h1_dinc,79,main,ChHr,3,1.0,1.0,1.0,1,1,1,CO1,6
llama31_instruct,h1_dinc,79,main,CmAs,0,1.0,1.0,1.0,1,1,1,OD1,8
llama31_instruct,h1_dinc,79,main,CmAs,1,0.9999,0.9999,0.9999,1,1,1,OD1,8
llama31_instruct,h1_dinc,79,main,CmAs,2,1.0,1.0,1.0,1,1,1,OD1,8
llama31_instruct,h1_dinc,79,main,CmAs,3,1.0,1.0,1.0,1,1,1,OD1,8
llama31_instruct,h1_dinc,79,main,CmCm,0,1.0,1.0,1.0,1,1,1,DD,2
llama31_instruct,h1_dinc,79,main,CmCm,1,1.0,1.0,1.0,1,1,1,DD,2
llama31_instruct,h1_dinc,79,main,CmCm,2,1.0,1.0,1.0,1,1,1,DD,2
llama31_instruct,h1_dinc,79,main,CmCm,3,1.0,1.0,1.0,1,1,1,DD,2
llama31_instruct,h1_dinc,79,main,CmDl,0,1.0,1.0,1.0,1,1,1,DD,4
llama31_instruct,h1_dinc,79,main,CmDl,1,0.9999,0.9999,0.9999,1,1,1,DD,4
llama31_instruct,h1_dinc,79,main,CmDl,2,1.0,1.0,1.0,1,1,1,DD,4
llama31_instruct,h1_dinc,79,main,CmDl,3,1.0,1.0,1.0,1,1,1,DD,4
llama31_instruct,h1_dinc,79,main,CmHa,0,1.0,1.0,1.0,1,1,1,DD,6
llama31_instruct,h1_dinc,79,main,CmHa,1,1.0,1.0,1.0,1,1,1,DD,6
llama31_instruct,h1_dinc,79,main,CmHa,2,1.0,1.0,1.0,1,1,1,DD,6
llama31_instruct,h1_dinc,79,main,CmHa,3,1.0,1.0,1.0,1,1,1,DD,6
llama31_instruct,h1_dinc,79,main,CmNc,0,1.0,1.0,1.0,1,1,1,DD,8
llama31_instruct,h1_dinc,79,main,CmNc,1,1.0,1.0,1.0,1,1,1,DD,8
llama31_instruct,h1_dinc,79,main,CmNc,2,1.0,1.0,1.0,1,1,1,DD,8
llama31_instruct,h1_dinc,79,main,CmNc,3,1.0,1.0,1.0,1,1,1,DD,8
llama31_instruct,h1_dinc,79,main,CoAs,0,1.0,1.0,1.0,1,1,1,CO2,7
llama31_instruct,h1_dinc,79,main,CoAs,1,1.0,1.0,1.0,1,1,1,CO2,7
llama31_instruct,h1_dinc,79,main,CoAs,2,1.0,1.0,1.0,1,1,1,CO2,7
llama31_instruct,h1_dinc,79,main,CoAs,3,0.9999,0.9999,0.9999,1,1,1,CO2,7
llama31_instruct,h1_dinc,79,main,CoCo,0,1.0,1.0,1.0,1,1,1,CO1,7
llama31_instruct,h1_dinc,79,main,CoCo,1,1.0,1.0,1.0,1,1,1,CO1,7
llama31_instruct,h1_dinc,79,main,CoCo,2,1.0,1.0,1.0,1,1,1,CO1,7
llama31_instruct,h1_dinc,79,main,CoCo,3,0.9999,0.9999,0.9999,1,1,1,CO1,7
llama31_instruct,h1_dinc,79,main,CoSh,0,1.0,1.0,1.0,1,1,1,CO2,8
llama31_instruct,h1_dinc,79,main,CoSh,1,1.0,1.0,1.0,1,1,1,CO2,8
llama31_instruct,h1_dinc,79,main,CoSh,2,0.9999,0.9999,0.9999,1,1,1,CO2,8
llama31_instruct,h1_dinc,79,main,CoSh,3,0.9999,0.9999,0.9999,1,1,1,CO2,8
llama31_instruct,h1_dinc,79,main,HaAs,0,1.0,1.0,1.0,1,1,1,OD2,7
llama31_instruct,h1_dinc,79,main,HaAs,1,1.0,1.0,1.0,1,1,1,OD2,7
llama31_instruct,h1_dinc,79,main,HaAs,2,1.0,1.0,1.0,1,1,1,OD2,7
llama31_instruct,h1_dinc,79,main,HaAs,3,0.9999,0.9999,0.9999,1,1,1,OD2,7
llama31_instruct,h1_dinc,79,main,HaBa,0,1.0,1.0,1.0,1,1,1,OD2,9
llama31_instruct,h1_dinc,79,main,HaBa,1,1.0,1.0,1.0,1,1,1,OD2,9
llama31_instruct,h1_dinc,79,main,HaBa,2,0.9999,0.9999,0.9999,1,1,1,OD2,9
llama31_instruct,h1_dinc,79,main,HaBa,3,0.9999,0.9999,0.9999,1,1,1,OD2,9
llama31_instruct,h1_dinc,79,main,HaCm,0,1.0,1.0,1.0,1,1,1,DD,1
llama31_instruct,h1_dinc,79,main,HaCm,1,1.0,1.0,1.0,1,1,1,DD,1
llama31_instruct,h1_dinc,79,main,HaCm,2,1.0,1.0,1.0,1,1,1,DD,1
llama31_instruct,h1_dinc,79,main,HaCm,3,0.9999,0.9999,0.9999,1,1,1,DD,1
llama31_instruct,h1_dinc,79,main,HaDl,0,1.0,1.0,1.0,1,1,1,DD,3
llama31_instruct,h1_dinc,79,main,HaDl,1,1.0,1.0,1.0,1,1,1,DD,3
llama31_instruct,h1_dinc,79,main,HaDl,2,1.0,1.0,1.0,1,1,1,DD,3
llama31_instruct,h1_dinc,79,main,HaDl,3,0.9999,0.9999,0.9999,1,1,1,DD,3
llama31_instruct,h1_dinc,79,main,HaHa,0,1.0,1.0,1.0,1,1,1,DD,5
llama31_instruct,h1_dinc,79,main,HaHa,1,1.0,1.0,1.0,1,1,1,DD,5
llama31_instruct,h1_dinc,79,main,HaHa,2,0.9999,0.9999,0.9999,1,1,1,DD,5
llama31_instruct,h1_dinc,79,main,HaHa,3,0.9999,0.9999,0.9999,1,1,1,DD,5
llama31_instruct,h1_dinc,79,main,HaNc,0,1.0,1.0,1.0,1,1,1,DD,7
llama31_instruct,h1_dinc,79,main,HaNc,1,1.0,1.0,1.0,1,1,1,DD,7
llama31_instruct,h1_dinc,79,main,HaNc,2,0.9999,0.9999,0.9999,1,1,1,DD,7
llama31_instruct,h1_dinc,79,main,HaNc,3,0.9998,0.9998,0.9998,1,1,1,DD,7
llama31_instruct,h1_dinc,79,main,HaPc,0,1.0,1.0,1.0,1,1,1,DD,9
llama31_instruct,h1_dinc,79,main,HaPc,1,1.0,1.0,1.0,1,1,1,DD,9
llama31_instruct,h1_dinc,79,main,HaPc,2,0.9999,0.9999,0.9999,1,1,1,DD,9
llama31_instruct,h1_dinc,79,main,HaPc,3,0.9998,0.9998,0.9998,1,1,1,DD,9
llama31_instruct,h1_dinc,79,main,HrAs,0,1.0,1.0,1.0,1,1,1,MP,8
llama31_instruct,h1_dinc,79,main,HrAs,1,1.0,1.0,1.0,1,1,1,MP,8
llama31_instruct,h1_dinc,79,main,HrAs,2,1.0,1.0,1.0,1,1,1,MP,8
llama31_instruct,h1_dinc,79,main,HrAs,3,1.0,1.0,1.0,1,1,1,MP,8
llama31_instruct,h1_dinc,79,main,HrBa,0,1.0,1.0,1.0,1,1,1,CO1,2
llama31_instruct,h1_dinc,79,main,HrBa,1,1.0,1.0,1.0,1,1,1,CO1,2
llama31_instruct,h1_dinc,79,main,HrBa,2,1.0,1.0,1.0,1,1,1,CO1,2
llama31_instruct,h1_dinc,79,main,HrBa,3,1.0,1.0,1.0,1,1,1,CO1,2
llama31_instruct,h1_dinc,79,main,HrCh,0,1.0,1.0,1.0,1,1,1,CO1,4
llama31_instruct,h1_dinc,79,main,HrCh,1,0.9999,0.9999,0.9999,1,1,1,CO1,4
llama31_instruct,h1_dinc,79,main,HrCh,2,1.0,1.0,1.0,1,1,1,CO1,4
llama31_instruct,h1_dinc,79,main,HrCh,3,1.0,1.0,1.0,1,1,1,CO1,4
llama31_instruct,h1_dinc,79,main,HrHr,0,1.0,1.0,1.0,1,1,1,CO2,2
llama31_instruct,h1_dinc,79,main,HrHr,1,0.9999,0.9999,0.9999,1,1,1,CO2,2
llama31_instruct,h1_dinc,79,main,HrHr,2,1.0,1.0,1.0,1,1,1,CO2,2
llama31_instruct,h1_dinc,79,main,HrHr,3,1.0,1.0,1.0,1,1,1,CO2,2
llama31_instruct,h1_dinc,79,main,ShAs,0,1.0,1.0,1.0,1,1,1,CO1,8
llama31_instruct,h1_dinc,79,main,ShAs,1,1.0,1.0,1.0,1,1,1,CO1,8
llama31_instruct,h1_dinc,79,main,ShAs,2,1.0,1.0,1.0,1,1,1,CO1,8
llama31_instruct,h1_dinc,79,main,ShAs,3,0.9999,0.9999,0.9999,1,1,1,CO1,8
llama31_instruct,h1_dinc,79,main,ShCo,0,1.0,1.0,1.0,1,1,1,CO2,9
llama31_instruct,h1_dinc,79,main,ShCo,1,1.0,1.0,1.0,1,1,1,CO2,9
llama31_instruct,h1_dinc,79,main,ShCo,2,0.9999,0.9999,0.9999,1,1,1,CO2,9
llama31_instruct,h1_dinc,79,main,ShCo,3,0.9999,0.9999,0.9999,1,1,1,CO2,9
llama31_instruct,h1_dinc,79,main,ShSh,0,1.0,1.0,1.0,1,1,1,CO1,9
llama31_instruct,h1_dinc,79,main,ShSh,1,1.0,1.0,1.0,1,1,1,CO1,9
llama31_instruct,h1_dinc,79,main,ShSh,2,1.0,1.0,1.0,1,1,1,CO1,9
llama31_instruct,h1_dinc,79,main,ShSh,3,0.9999,0.9999,0.9999,1,1,1,CO1,9
llama31_instruct,h1_dinc,79,main_perp,AsAs,0,0.031299999999999994,0.031299999999999994,0.031299999999999994,0,0,0,CO1,1
llama31_instruct,h1_dinc,79,main_perp,AsAs,1,0.031399999999999983,0.031399999999999983,0.031399999999999983,0,0,0,CO1,1
llama31_instruct,h1_dinc,79,main_perp,AsAs,2,0.04400000000000001,0.04400000000000004,0.04400000000000004,0,0,0,CO1,1
llama31_instruct,h1_dinc,79,main_perp,AsAs,3,0.04949999999999996,0.04949999999999999,0.04949999999999999,0,0,0,CO1,1
llama31_instruct,h1_dinc,79,main_perp,AsBa,0,0.030600000000000016,0.030600000000000016,0.03060000000000007,0,0,0,MP,2
llama31_instruct,h1_dinc,79,main_perp,AsBa,1,0.0005000000000000004,0.0005000000000000004,0.000500000000000056,0,0,0,MP,2
llama31_instruct,h1_dinc,79,main_perp,AsBa,2,0.04949999999999996,0.04949999999999999,0.04949999999999999,0,0,0,MP,2
llama31_instruct,h1_dinc,79,main_perp,AsBa,3,0.02739999999999998,0.02739999999999998,0.02739999999999998,0,0,0,MP,2
llama31_instruct,h1_dinc,79,main_perp,AsCh,0,0.031399999999999983,0.031399999999999983,0.03139999999999987,0,0,0,MP,4
llama31_instruct,h1_dinc,79,main_perp,AsCh,1,0.031100000000000017,0.031100000000000017,0.031099999999999905,0,0,0,MP,4
llama31_instruct,h1_dinc,79,main_perp,AsCh,2,0.06260000000000002,0.0626000000000001,0.0626000000000001,0,0,0,MP,4
llama31_instruct,h1_dinc,79,main_perp,AsCh,3,0.05349999999999999,0.05349999999999999,0.05349999999999999,0,0,0,MP,4
llama31_instruct,h1_dinc,79,main_perp,AsCm,0,0.03049999999999997,0.03049999999999997,0.03049999999999997,0,0,0,OD1,2
llama31_instruct,h1_dinc,79,main_perp,AsCm,1,0.031000000000000028,0.031000000000000028,0.031000000000000028,0,0,0,OD1,2
llama31_instruct,h1_dinc,79,main_perp,AsCm,2,0.04580000000000001,0.04580000000000006,0.04580000000000006,0,0,0,OD1,2
llama31_instruct,h1_dinc,79,main_perp,AsCm,3,0.0749,0.07489999999999997,0.07489999999999997,0,0,0,OD1,2
llama31_instruct,h1_dinc,79,main_perp,AsCo,0,0.0010000000000000009,0.0010000000000000009,0.0010000000000000009,0,0,0,CO2,1
llama31_instruct,h1_dinc,79,main_perp,AsCo,1,0.032299999999999995,0.032299999999999995,0.032299999999999995,0,0,0,CO2,1
llama31_instruct,h1_dinc,79,main_perp,AsCo,2,0.05829999999999999,0.05830000000000002,0.05830000000000002,0,0,0,CO2,1
llama31_instruct,h1_dinc,79,main_perp,AsCo,3,0.0471,0.04710000000000003,0.04710000000000003,0,0,0,CO2,1
llama31_instruct,h1_dinc,79,main_perp,AsDl,0,0.03209999999999996,0.03209999999999996,0.03210000000000002,0,0,0,OD1,4
llama31_instruct,h1_dinc,79,main_perp,AsDl,1,0.029700000000000004,0.029700000000000004,0.02970000000000006,0,0,0,OD1,4
llama31_instruct,h1_dinc,79,main_perp,AsDl,2,0.0746,0.0746,0.0746,0,0,0,OD1,4
llama31_instruct,h1_dinc,79,main_perp,AsDl,3,0.05880000000000002,0.058800000000000074,0.058800000000000074,0,0,0,OD1,4
llama31_instruct,h1_dinc,79,main_perp,AsHa,0,0.059,0.059,0.059,0,0,0,OD2,1
llama31_instruct,h1_dinc,79,main_perp,AsHa,1,0.030899999999999983,0.030899999999999983,0.030899999999999983,0,0,0,OD2,1
llama31_instruct,h1_dinc,79,main_perp,AsHa,2,0.05349999999999999,0.05349999999999999,0.05349999999999999,0,0,0,OD2,1
llama31_instruct,h1_dinc,79,main_perp,AsHa,3,0.05630000000000002,0.05630000000000002,0.05630000000000002,0,0,0,OD2,1
llama31_instruct,h1_dinc,79,main_perp,AsHr,0,0.031300000000000106,0.031300000000000106,0.031300000000000106,0,0,0,MP,6
llama31_instruct,h1_dinc,79,main_perp,AsHr,1,0.03080000000000005,0.03080000000000005,0.03080000000000005,0,0,0,MP,6
llama31_instruct,h1_dinc,79,main_perp,AsHr,2,0.06260000000000002,0.0626000000000001,0.0626000000000001,0,0,0,MP,6
llama31_instruct,h1_dinc,79,main_perp,AsHr,3,0.04530000000000001,0.04530000000000001,0.04530000000000001,0,0,0,MP,6
llama31_instruct,h1_dinc,79,main_perp,AsNc,0,0.028799999999999992,0.028799999999999992,0.028799999999999992,0,0,0,OD2,3
llama31_instruct,h1_dinc,79,main_perp,AsNc,1,0.030600000000000016,0.030600000000000016,0.030600000000000016,0,0,0,OD2,3
llama31_instruct,h1_dinc,79,main_perp,AsNc,2,0.04400000000000001,0.04400000000000004,0.04400000000000004,0,0,0,OD2,3
llama31_instruct,h1_dinc,79,main_perp,AsNc,3,0.05399999999999999,0.05400000000000005,0.05400000000000005,0,0,0,OD2,3
llama31_instruct,h1_dinc,79,main_perp,AsPc,0,0.030400000000000038,0.030400000000000038,0.030400000000000038,0,0,0,OD2,5
llama31_instruct,h1_dinc,79,main_perp,AsPc,1,0.031399999999999983,0.031399999999999983,0.031399999999999983,0,0,0,OD2,5
llama31_instruct,h1_dinc,79,main_perp,AsPc,2,0.04290000000000005,0.04289999999999994,0.04289999999999994,0,0,0,OD2,5
llama31_instruct,h1_dinc,79,main_perp,AsPc,3,0.045399999999999996,0.045399999999999996,0.045399999999999996,0,0,0,OD2,5
llama31_instruct,h1_dinc,79,main_perp,AsPd,0,0.032299999999999995,0.032299999999999995,0.032299999999999995,0,0,0,OD1,6
llama31_instruct,h1_dinc,79,main_perp,AsPd,1,0.0005000000000000004,0.0005000000000000004,0.000500000000000056,0,0,0,OD1,6
llama31_instruct,h1_dinc,79,main_perp,AsPd,2,0.04580000000000001,0.04580000000000006,0.04580000000000006,0,0,0,OD1,6
llama31_instruct,h1_dinc,79,main_perp,AsPd,3,0.032200000000000006,0.032200000000000006,0.032200000000000006,0,0,0,OD1,6
llama31_instruct,h1_dinc,79,main_perp,AsSh,0,0.043800000000000006,0.043800000000000006,0.043800000000000006,0,0,0,CO1,3
llama31_instruct,h1_dinc,79,main_perp,AsSh,1,0.05509999999999998,0.05509999999999998,0.05509999999999998,0,0,0,CO1,3
llama31_instruct,h1_dinc,79,main_perp,AsSh,2,0.0537,0.05369999999999997,0.05369999999999997,0,0,0,CO1,3
llama31_instruct,h1_dinc,79,main_perp,AsSh,3,0.0587,0.058699999999999974,0.058699999999999974,0,0,0,CO1,3
llama31_instruct,h1_dinc,79,main_perp,BaAs,0,0.030899999999999983,0.030899999999999983,0.030899999999999983,0,0,0,MP,1
llama31_instruct,h1_dinc,79,main_perp,BaAs,1,0.05349999999999999,0.05349999999999999,0.05349999999999999,0,0,0,MP,1
llama31_instruct,h1_dinc,79,main_perp,BaAs,2,0.052100000000000035,0.052100000000000035,0.052100000000000035,0,0,0,MP,1
llama31_instruct,h1_dinc,79,main_perp,BaAs,3,0.031000000000000028,0.031000000000000028,0.031000000000000028,0,0,0,MP,1
llama31_instruct,h1_dinc,79,main_perp,BaBa,0,0.031899999999999984,0.031899999999999984,0.031899999999999984,0,0,0,CO2,3
llama31_instruct,h1_dinc,79,main_perp,BaBa,1,0.027700000000000002,0.027700000000000002,0.027700000000000002,0,0,0,CO2,3
llama31_instruct,h1_dinc,79,main_perp,BaBa,2,0.032299999999999995,0.032299999999999995,0.032299999999999995,0,0,0,CO2,3
llama31_instruct,h1_dinc,79,main_perp,BaBa,3,0.031399999999999983,0.03139999999999987,0.03139999999999987,0,0,0,CO2,3
llama31_instruct,h1_dinc,79,main_perp,BaCh,0,0.052800000000000014,0.052800000000000014,0.052800000000000014,0,0,0,CO2,4
llama31_instruct,h1_dinc,79,main_perp,BaCh,1,0.04949999999999996,0.04949999999999996,0.04949999999999996,0,0,0,CO2,4
llama31_instruct,h1_dinc,79,main_perp,BaCh,2,0.030999999999999972,0.030999999999999917,0.030999999999999917,0,0,0,CO2,4
llama31_instruct,h1_dinc,79,main_perp,BaCh,3,0.025999999999999968,0.026000000000000023,0.026000000000000023,0,0,0,CO2,4
llama31_instruct,h1_dinc,79,main_perp,BaCm,0,0.03200000000000003,0.03200000000000003,0.03200000000000003,0,0,0,OD1,1
llama31_instruct,h1_dinc,79,main_perp,BaCm,1,0.06040000000000001,0.06040000000000001,0.06040000000000001,0,0,0,OD1,1
llama31_instruct,h1_dinc,79,main_perp,BaCm,2,0.030299999999999994,0.030299999999999994,0.030299999999999994,0,0,0,OD1,1
llama31_instruct,h1_dinc,79,main_perp,BaCm,3,0.030700000000000005,0.03069999999999995,0.03069999999999995,0,0,0,OD1,1
llama31_instruct,h1_dinc,79,main_perp,BaCo,0,0.032200000000000006,0.032200000000000006,0.032200000000000006,0,0,0,MP,3
llama31_instruct,h1_dinc,79,main_perp,BaCo,1,0.0010000000000000009,0.0010000000000000009,0.0010000000000000009,0,0,0,MP,3
llama31_instruct,h1_dinc,79,main_perp,BaCo,2,0.07340000000000002,0.07340000000000002,0.07340000000000002,0,0,0,MP,3
llama31_instruct,h1_dinc,79,main_perp,BaCo,3,0.028899999999999926,0.028899999999999926,0.028899999999999926,0,0,0,MP,3
llama31_instruct,h1_dinc,79,main_perp,BaDl,0,0.031200000000000006,0.031200000000000006,0.031200000000000006,0,0,0,OD1,3
llama31_instruct,h1_dinc,79,main_perp,BaDl,1,0.054900000000000004,0.054900000000000004,0.054900000000000004,0,0,0,OD1,3
llama31_instruct,h1_dinc,79,main_perp,BaDl,2,0.031200000000000006,0.031200000000000006,0.031200000000000006,1,1,1,OD1,3
llama31_instruct,h1_dinc,79,main_perp,BaDl,3,0.054900000000000004,0.05489999999999995,0.05489999999999995,0,0,0,OD1,3
llama31_instruct,h1_dinc,79,main_perp,BaHa,0,0.031400000000000095,0.031400000000000095,0.031400000000000095,0,0,0,OD2,2
llama31_instruct,h1_dinc,79,main_perp,BaHa,1,0.05880000000000002,0.05880000000000002,0.05879999999999996,0,0,0,OD2,2
llama31_instruct,h1_dinc,79,main_perp,BaHa,2,0.022399999999999975,0.022399999999999975,0.022399999999999975,0,0,0,OD2,2
llama31_instruct,h1_dinc,79,main_perp,BaHa,3,0.031300000000000106,0.031300000000000106,0.031300000000000106,0,0,0,OD2,2
llama31_instruct,h1_dinc,79,main_perp,BaHr,0,0.030700000000000005,0.030700000000000005,0.030700000000000005,0,0,0,CO1,5
llama31_instruct,h1_dinc,79,main_perp,BaHr,1,0.031299999999999994,0.031299999999999994,0.031299999999999994,0,0,0,CO1,5
llama31_instruct,h1_dinc,79,main_perp,BaHr,2,0.07180000000000009,0.07180000000000009,0.07180000000000009,0,0,0,CO1,5
llama31_instruct,h1_dinc,79,main_perp,BaHr,3,0.031300000000000106,0.031300000000000106,0.031300000000000106,0,0,0,CO1,5
llama31_instruct,h1_dinc,79,main_perp,BaNc,0,0.031399999999999983,0.031399999999999983,0.03139999999999987,0,0,0,OD2,4
llama31_instruct,h1_dinc,79,main_perp,BaNc,1,0.04949999999999996,0.04949999999999996,0.04949999999999999,0,0,0,OD2,4
llama31_instruct,h1_dinc,79,main_perp,BaNc,2,0.029000000000000026,0.029000000000000026,0.029000000000000026,0,0,0,OD2,4
llama31_instruct,h1_dinc,79,main_perp,BaNc,3,0.030100000000000016,0.030100000000000016,0.030100000000000016,0,0,0,OD2,4
llama31_instruct,h1_dinc,79,main_perp,BaPc,0,0.056400000000000006,0.056400000000000006,0.056400000000000006,0,0,0,OD2,6
llama31_instruct,h1_dinc,79,main_perp,BaPc,1,0.0010999999999999899,0.0010999999999999899,0.0010999999999998789,0,0,0,OD2,6
llama31_instruct,h1_dinc,79,main_perp,BaPc,2,0.027699999999999947,0.027699999999999947,0.027699999999999947,0,0,0,OD2,6
llama31_instruct,h1_dinc,79,main_perp,BaPc,3,0.03249999999999997,0.03249999999999997,0.03249999999999997,0,0,0,OD2,6
llama31_instruct,h1_dinc,79,main_perp,BaPd,0,0.054900000000000004,0.054900000000000004,0.054900000000000004,0,0,0,OD1,5
llama31_instruct,h1_dinc,79,main_perp,BaPd,1,0.025999999999999968,0.025999999999999968,0.025999999999999968,0,0,0,OD1,5
llama31_instruct,h1_dinc,79,main_perp,BaPd,2,0.054900000000000004,0.05489999999999995,0.05489999999999995,0,0,0,OD1,5
llama31_instruct,h1_dinc,79,main_perp,BaPd,3,0.04949999999999996,0.04949999999999999,0.04949999999999999,0,0,0,OD1,5
llama31_instruct,h1_dinc,79,main_perp,BaSh,0,0.030100000000000016,0.030100000000000016,0.030100000000000016,0,0,0,MP,5
llama31_instruct,h1_dinc,79,main_perp,BaSh,1,0.04949999999999996,0.04949999999999996,0.04949999999999996,0,0,0,MP,5
llama31_instruct,h1_dinc,79,main_perp,BaSh,2,0.02749999999999997,0.02749999999999997,0.02749999999999997,0,0,0,MP,5
llama31_instruct,h1_dinc,79,main_perp,BaSh,3,0.030100000000000016,0.030100000000000016,0.030100000000000016,0,0,0,MP,5
llama31_instruct,h1_dinc,79,main_perp,ChAs,0,0.03199999999999997,0.03199999999999997,0.03199999999999997,0,0,0,MP,7
llama31_instruct,h1_dinc,79,main_perp,ChAs,1,0.030700000000000005,0.030700000000000005,0.030700000000000005,0,0,0,MP,7
llama31_instruct,h1_dinc,79,main_perp,ChAs,2,0.027200000000000002,0.027200000000000002,0.027200000000000002,0,0,0,MP,7
llama31_instruct,h1_dinc,79,main_perp,ChAs,3,0.03200000000000003,0.03200000000000003,0.03200000000000003,0,0,0,MP,7
llama31_instruct,h1_dinc,79,main_perp,ChBa,0,0.029200000000000004,0.029200000000000004,0.029200000000000004,0,0,0,CO2,5
llama31_instruct,h1_dinc,79,main_perp,ChBa,1,0.027700000000000002,0.027700000000000002,0.027700000000000002,0,0,0,CO2,5
llama31_instruct,h1_dinc,79,main_perp,ChBa,2,0.032299999999999995,0.032299999999999995,0.032299999999999995,1,1,1,CO2,5
llama31_instruct,h1_dinc,79,main_perp,ChBa,3,0.03199999999999997,0.03200000000000003,0.03200000000000003,0,0,0,CO2,5
llama31_instruct,h1_dinc,79,main_perp,ChCh,0,0.0020999999999999908,0.0020999999999999908,0.0020999999999999908,0,0,0,CO2,6
llama31_instruct,h1_dinc,79,main_perp,ChCh,1,0.029200000000000004,0.029200000000000004,0.029200000000000004,0,0,0,CO2,6
llama31_instruct,h1_dinc,79,main_perp,ChCh,2,0.03069999999999995,0.03069999999999995,0.03069999999999995,1,1,1,CO2,6
llama31_instruct,h1_dinc,79,main_perp,ChCh,3,0.030799999999999994,0.03079999999999994,0.03079999999999994,0,0,0,CO2,6
llama31_instruct,h1_dinc,79,main_perp,ChCm,0,0.030200000000000005,0.030200000000000005,0.030200000000000005,0,0,0,OD1,7
llama31_instruct,h1_dinc,79,main_perp,ChCm,1,0.030899999999999928,0.030899999999999928,0.030899999999999928,0,0,0,OD1,7
llama31_instruct,h1_dinc,79,main_perp,ChCm,2,0.05779999999999996,0.05779999999999996,0.05779999999999996,0,0,0,OD1,7
llama31_instruct,h1_dinc,79,main_perp,ChCm,3,0.032299999999999995,0.032299999999999995,0.032299999999999995,0,0,0,OD1,7
llama31_instruct,h1_dinc,79,main_perp,ChCo,0,0.01629999999999998,0.01629999999999998,0.01629999999999998,0,0,0,MP,9
llama31_instruct,h1_dinc,79,main_perp,ChCo,1,0.030100000000000016,0.030100000000000016,0.030100000000000016,0,0,0,MP,9
llama31_instruct,h1_dinc,79,main_perp,ChCo,2,0.028799999999999937,0.028799999999999937,0.028799999999999937,0,0,0,MP,9
llama31_instruct,h1_dinc,79,main_perp,ChCo,3,0.031899999999999984,0.03190000000000004,0.03190000000000004,0,0,0,MP,9
llama31_instruct,h1_dinc,79,main_perp,ChDl,0,0.030100000000000016,0.030100000000000016,0.030100000000000016,0,0,0,OD1,9
llama31_instruct,h1_dinc,79,main_perp,ChDl,1,0.0017999999999999683,0.0017999999999999683,0.0017999999999999683,0,0,0,OD1,9
llama31_instruct,h1_dinc,79,main_perp,ChDl,2,0.057499999999999996,0.057499999999999996,0.057499999999999996,0,0,0,OD1,9
llama31_instruct,h1_dinc,79,main_perp,ChDl,3,0.03059999999999996,0.03059999999999996,0.03059999999999996,0,0,0,OD1,9
llama31_instruct,h1_dinc,79,main_perp,ChHa,0,0.032299999999999995,0.032299999999999995,0.032299999999999995,1,1,1,OD2,8
llama31_instruct,h1_dinc,79,main_perp,ChHa,1,0.030600000000000016,0.030600000000000016,0.03060000000000007,0,0,0,OD2,8
llama31_instruct,h1_dinc,79,main_perp,ChHa,2,0.05480000000000007,0.05480000000000007,0.05480000000000007,0,0,0,OD2,8
llama31_instruct,h1_dinc,79,main_perp,ChHa,3,0.02650000000000008,0.02650000000000008,0.02650000000000008,0,0,0,OD2,8
llama31_instruct,h1_dinc,79,main_perp,ChHr,0,0.03200000000000003,0.03200000000000003,0.03200000000000003,0,0,0,CO1,6
llama31_instruct,h1_dinc,79,main_perp,ChHr,1,0.0,0.0,0.0,0,0,0,CO1,6
llama31_instruct,h1_dinc,79,main_perp,ChHr,2,0.052100000000000035,0.052100000000000035,0.052100000000000035,0,0,0,CO1,6
llama31_instruct,h1_dinc,79,main_perp,ChHr,3,0.032299999999999995,0.032299999999999995,0.032299999999999995,1,1,1,CO1,6
llama31_instruct,h1_dinc,79,main_perp,CmAs,0,0.0436,0.0436,0.04359999999999997,0,0,0,OD1,8
llama31_instruct,h1_dinc,79,main_perp,CmAs,1,0.0534,0.0534,0.0534,0,0,0,OD1,8
llama31_instruct,h1_dinc,79,main_perp,CmAs,2,0.043099999999999916,0.043099999999999916,0.043099999999999916,0,0,0,OD1,8
llama31_instruct,h1_dinc,79,main_perp,CmAs,3,0.07589999999999997,0.07589999999999997,0.07589999999999997,0,0,0,OD1,8
llama31_instruct,h1_dinc,79,main_perp,CmCm,0,0.0464,0.0464,0.0464,0,0,0,DD,2
llama31_instruct,h1_dinc,79,main_perp,CmCm,1,0.06190000000000001,0.06190000000000001,0.061900000000000066,0,0,0,DD,2
llama31_instruct,h1_dinc,79,main_perp,CmCm,2,0.0534,0.0534,0.0534,0,0,0,DD,2
llama31_instruct,h1_dinc,79,main_perp,CmCm,3,0.05400000000000005,0.05400000000000005,0.05400000000000005,0,0,0,DD,2
llama31_instruct,h1_dinc,79,main_perp,CmDl,0,0.063,0.063,0.06299999999999994,0,0,0,DD,4
llama31_instruct,h1_dinc,79,main_perp,CmDl,1,0.032200000000000006,0.032200000000000006,0.032200000000000006,0,0,0,DD,4
llama31_instruct,h1_dinc,79,main_perp,CmDl,2,0.05779999999999996,0.05779999999999996,0.05779999999999996,0,0,0,DD,4
llama31_instruct,h1_dinc,79,main_perp,CmDl,3,0.046499999999999986,0.046499999999999986,0.046499999999999986,0,0,0,DD,4
llama31_instruct,h1_dinc,79,main_perp,CmHa,0,0.04949999999999996,0.04949999999999996,0.04949999999999999,0,0,0,DD,6
llama31_instruct,h1_dinc,79,main_perp,CmHa,1,0.07129999999999997,0.07129999999999997,0.07130000000000003,0,0,0,DD,6
llama31_instruct,h1_dinc,79,main_perp,CmHa,2,0.03369999999999995,0.03369999999999995,0.03369999999999995,0,0,0,DD,6
llama31_instruct,h1_dinc,79,main_perp,CmHa,3,0.05899999999999994,0.05899999999999994,0.05899999999999994,0,0,0,DD,6
llama31_instruct,h1_dinc,79,main_perp,CmNc,0,0.0676,0.0676,0.0676,0,0,0,DD,8
llama31_instruct,h1_dinc,79,main_perp,CmNc,1,0.058099999999999985,0.058099999999999985,0.05809999999999993,0,0,0,DD,8
llama31_instruct,h1_dinc,79,main_perp,CmNc,2,0.0514,0.0514,0.0514,0,0,0,DD,8
llama31_instruct,h1_dinc,79,main_perp,CmNc,3,0.05400000000000005,0.05400000000000005,0.05400000000000005,0,0,0,DD,8
llama31_instruct,h1_dinc,79,main_perp,CoAs,0,0.031000000000000028,0.031000000000000028,0.031000000000000028,0,0,0,CO2,7
llama31_instruct,h1_dinc,79,main_perp,CoAs,1,0.05489999999999995,0.05489999999999995,0.05489999999999995,0,0,0,CO2,7
llama31_instruct,h1_dinc,79,main_perp,CoAs,2,0.046499999999999986,0.046499999999999986,0.046499999999999986,0,0,0,CO2,7
llama31_instruct,h1_dinc,79,main_perp,CoAs,3,0.0534,0.0534,0.0534,0,0,0,CO2,7
llama31_instruct,h1_dinc,79,main_perp,CoCo,0,0.056499999999999995,0.056499999999999995,0.056499999999999995,0,0,0,CO1,7
llama31_instruct,h1_dinc,79,main_perp,CoCo,1,0.028699999999999948,0.028699999999999948,0.028699999999999948,0,0,0,CO1,7
llama31_instruct,h1_dinc,79,main_perp,CoCo,2,0.06260000000000002,0.0626000000000001,0.0626000000000001,0,0,0,CO1,7
llama31_instruct,h1_dinc,79,main_perp,CoCo,3,0.07199999999999998,0.07200000000000006,0.07200000000000006,0,0,0,CO1,7
llama31_instruct,h1_dinc,79,main_perp,CoSh,0,0.030899999999999983,0.030899999999999983,0.030899999999999983,0,0,0,CO2,8
llama31_instruct,h1_dinc,79,main_perp,CoSh,1,0.03249999999999997,0.03249999999999997,0.03249999999999997,0,0,0,CO2,8
llama31_instruct,h1_dinc,79,main_perp,CoSh,2,0.0638,0.06379999999999997,0.06379999999999997,0,0,0,CO2,8
llama31_instruct,h1_dinc,79,main_perp,CoSh,3,0.04570000000000002,0.045700000000000074,0.045700000000000074,0,0,0,CO2,8
llama31_instruct,h1_dinc,79,main_perp,HaAs,0,0.06830000000000003,0.06830000000000003,0.06830000000000003,0,0,0,OD2,7
llama31_instruct,h1_dinc,79,main_perp,HaAs,1,0.0676,0.0676,0.0676,0,0,0,OD2,7
llama31_instruct,h1_dinc,79,main_perp,HaAs,2,0.04949999999999996,0.04949999999999999,0.04949999999999999,0,0,0,OD2,7
llama31_instruct,h1_dinc,79,main_perp,HaAs,3,0.0587,0.058699999999999974,0.058699999999999974,0,0,0,OD2,7
llama31_instruct,h1_dinc,79,main_perp,HaBa,0,0.03200000000000003,0.03200000000000003,0.03200000000000003,0,0,0,OD2,9
llama31_instruct,h1_dinc,79,main_perp,HaBa,1,0.0017999999999999683,0.0017999999999999683,0.0017999999999999683,0,0,0,OD2,9
llama31_instruct,h1_dinc,79,main_perp,HaBa,2,0.0379,0.037899999999999934,0.037899999999999934,0,0,0,OD2,9
llama31_instruct,h1_dinc,79,main_perp,HaBa,3,0.04869999999999999,0.048699999999999966,0.048699999999999966,0,0,0,OD2,9
llama31_instruct,h1_dinc,79,main_perp,HaCm,0,0.031200000000000006,0.031200000000000006,0.031200000000000006,0,0,0,DD,1
llama31_instruct,h1_dinc,79,main_perp,HaCm,1,0.0017000000000000348,0.0017000000000000348,0.0017000000000000348,0,0,0,DD,1
llama31_instruct,h1_dinc,79,main_perp,HaCm,2,0.06259999999999999,0.06259999999999999,0.06259999999999999,0,0,0,DD,1
llama31_instruct,h1_dinc,79,main_perp,HaCm,3,0.029299999999999993,0.029299999999999993,0.029299999999999993,0,0,0,DD,1
llama31_instruct,h1_dinc,79,main_perp,HaDl,0,0.03199999999999997,0.03199999999999997,0.03199999999999997,0,0,0,DD,3
llama31_instruct,h1_dinc,79,main_perp,HaDl,1,0.03069999999999995,0.03069999999999995,0.03069999999999995,0,0,0,DD,3
llama31_instruct,h1_dinc,79,main_perp,HaDl,2,0.05829999999999999,0.05830000000000002,0.05830000000000002,0,0,0,DD,3
llama31_instruct,h1_dinc,79,main_perp,HaDl,3,0.04089999999999999,0.04090000000000005,0.04090000000000005,0,0,0,DD,3
llama31_instruct,h1_dinc,79,main_perp,HaHa,0,0.05480000000000007,0.05480000000000007,0.05480000000000007,0,0,0,DD,5
llama31_instruct,h1_dinc,79,main_perp,HaHa,1,0.046499999999999986,0.046499999999999986,0.046499999999999986,0,0,0,DD,5
llama31_instruct,h1_dinc,79,main_perp,HaHa,2,0.0746,0.0746,0.0746,0,0,0,DD,5
llama31_instruct,h1_dinc,79,main_perp,HaHa,3,0.0537,0.05369999999999997,0.05369999999999997,0,0,0,DD,5
llama31_instruct,h1_dinc,79,main_perp,HaNc,0,0.05879999999999996,0.05879999999999996,0.05879999999999996,0,0,0,DD,7
llama31_instruct,h1_dinc,79,main_perp,HaNc,1,0.030200000000000005,0.030200000000000005,0.030200000000000005,0,0,0,DD,7
llama31_instruct,h1_dinc,79,main_perp,HaNc,2,0.04680000000000001,0.04679999999999995,0.04679999999999995,0,0,0,DD,7
llama31_instruct,h1_dinc,79,main_perp,HaNc,3,0.03920000000000001,0.03920000000000001,0.03920000000000001,0,0,0,DD,7
llama31_instruct,h1_dinc,79,main_perp,HaPc,0,0.06359999999999999,0.06359999999999999,0.06359999999999999,0,0,0,DD,9
llama31_instruct,h1_dinc,79,main_perp,HaPc,1,0.05349999999999999,0.05349999999999999,0.05349999999999999,0,0,0,DD,9
llama31_instruct,h1_dinc,79,main_perp,HaPc,2,0.05800000000000001,0.05800000000000005,0.05800000000000005,0,0,0,DD,9
llama31_instruct,h1_dinc,79,main_perp,HaPc,3,0.0437,0.04369999999999996,0.04369999999999996,0,0,0,DD,9
llama31_instruct,h1_dinc,79,main_perp,HrAs,0,0.030399999999999983,0.030399999999999983,0.030399999999999983,0,0,0,MP,8
llama31_instruct,h1_dinc,79,main_perp,HrAs,1,0.05349999999999999,0.05349999999999999,0.05349999999999999,0,0,0,MP,8
llama31_instruct,h1_dinc,79,main_perp,HrAs,2,0.05779999999999996,0.05779999999999996,0.05779999999999996,0,0,0,MP,8
llama31_instruct,h1_dinc,79,main_perp,HrAs,3,0.052100000000000035,0.052100000000000035,0.052100000000000035,0,0,0,MP,8
llama31_instruct,h1_dinc,79,main_perp,HrBa,0,0.06040000000000001,0.06040000000000001,0.06040000000000001,0,0,0,CO1,2
llama31_instruct,h1_dinc,79,main_perp,HrBa,1,0.025999999999999968,0.025999999999999968,0.026000000000000023,0,0,0,CO1,2
llama31_instruct,h1_dinc,79,main_perp,HrBa,2,0.05230000000000001,0.05230000000000001,0.05230000000000001,0,0,0,CO1,2
llama31_instruct,h1_dinc,79,main_perp,HrBa,3,0.05779999999999996,0.05779999999999996,0.05779999999999996,0,0,0,CO1,2
llama31_instruct,h1_dinc,79,main_perp,HrCh,0,0.0464,0.0464,0.0464,0,0,0,CO1,4
llama31_instruct,h1_dinc,79,main_perp,HrCh,1,0.05829999999999999,0.05829999999999999,0.05830000000000002,0,0,0,CO1,4
llama31_instruct,h1_dinc,79,main_perp,HrCh,2,0.02749999999999997,0.02749999999999997,0.02749999999999997,0,0,0,CO1,4
llama31_instruct,h1_dinc,79,main_perp,HrCh,3,0.032299999999999995,0.032299999999999995,0.032299999999999995,1,1,1,CO1,4
llama31_instruct,h1_dinc,79,main_perp,HrHr,0,0.05349999999999999,0.05349999999999999,0.05349999999999999,0,0,0,CO2,2
llama31_instruct,h1_dinc,79,main_perp,HrHr,1,0.04899999999999996,0.04899999999999996,0.049000000000000044,0,0,0,CO2,2
llama31_instruct,h1_dinc,79,main_perp,HrHr,2,0.06279999999999997,0.06279999999999997,0.06279999999999997,0,0,0,CO2,2
llama31_instruct,h1_dinc,79,main_perp,HrHr,3,0.056400000000000006,0.056400000000000006,0.056400000000000006,0,0,0,CO2,2
llama31_instruct,h1_dinc,79,main_perp,ShAs,0,0.07559999999999997,0.07559999999999997,0.07559999999999997,0,0,0,CO1,8
llama31_instruct,h1_dinc,79,main_perp,ShAs,1,0.029200000000000004,0.029200000000000004,0.029200000000000004,0,0,0,CO1,8
llama31_instruct,h1_dinc,79,main_perp,ShAs,2,0.0676,0.0676,0.0676,0,0,0,CO1,8
llama31_instruct,h1_dinc,79,main_perp,ShAs,3,0.0537,0.05369999999999997,0.05369999999999997,0,0,0,CO1,8
llama31_instruct,h1_dinc,79,main_perp,ShCo,0,0.06040000000000001,0.06040000000000001,0.06040000000000001,0,0,0,CO2,9
llama31_instruct,h1_dinc,79,main_perp,ShCo,1,0.029900000000000038,0.029900000000000038,0.029900000000000038,0,0,0,CO2,9
llama31_instruct,h1_dinc,79,main_perp,ShCo,2,0.06259999999999999,0.06259999999999999,0.06259999999999999,0,0,0,CO2,9
llama31_instruct,h1_dinc,79,main_perp,ShCo,3,0.04580000000000001,0.04580000000000006,0.04580000000000006,0,0,0,CO2,9
llama31_instruct,h1_dinc,79,main_perp,ShSh,0,0.02789999999999998,0.02789999999999998,0.02789999999999998,0,0,0,CO1,9
llama31_instruct,h1_dinc,79,main_perp,ShSh,1,0.031799999999999995,0.031799999999999995,0.031799999999999995,0,0,0,CO1,9
llama31_instruct,h1_dinc,79,main_perp,ShSh,2,0.062,0.062000000000000055,0.062000000000000055,0,0,0,CO1,9
llama31_instruct,h1_dinc,79,main_perp,ShSh,3,0.034399999999999986,0.034399999999999986,0.034399999999999986,0,0,0,CO1,9
llama31_instruct,h1_dinc,79,random,AsAs,0,0.44809999999999994,0.44809999999999994,0.44809999999999994,1,1,1,CO1,1
llama31_instruct,h1_dinc,79,random,AsAs,1,0.4556,0.4556,0.4556,1,1,1,CO1,1
llama31_instruct,h1_dinc,79,random,AsAs,2,0.3619,0.3619,0.3619,0,0,0,CO1,1
llama31_instruct,h1_dinc,79,random,AsAs,3,0.3665,0.36650000000000005,0.36650000000000005,0,0,0,CO1,1
llama31_instruct,h1_dinc,79,random,AsBa,0,0.4504,0.4504,0.4504,1,1,1,MP,2
llama31_instruct,h1_dinc,79,random,AsBa,1,0.4292,0.4292,0.4292,1,1,1,MP,2
llama31_instruct,h1_dinc,79,random,AsBa,2,0.4119,0.41190000000000004,0.41190000000000004,1,1,1,MP,2
llama31_instruct,h1_dinc,79,random,AsBa,3,0.4094,0.4094,0.4094,1,1,1,MP,2
llama31_instruct,h1_dinc,79,random,AsCh,0,0.4557,0.4557,0.4557,1,1,1,MP,4
llama31_instruct,h1_dinc,79,random,AsCh,1,0.4212,0.4212,0.4212,1,1,1,MP,4
llama31_instruct,h1_dinc,79,random,AsCh,2,0.3413,0.34130000000000005,0.34130000000000005,0,0,0,MP,4
llama31_instruct,h1_dinc,79,random,AsCh,3,0.38350000000000006,0.38350000000000006,0.38350000000000006,1,1,1,MP,4
llama31_instruct,h1_dinc,79,random,AsCm,0,0.4497,0.4497,0.4497,1,1,1,OD1,2
llama31_instruct,h1_dinc,79,random,AsCm,1,0.39960000000000007,0.39960000000000007,0.39960000000000007,1,1,1,OD1,2
llama31_instruct,h1_dinc,79,random,AsCm,2,0.28040000000000004,0.2804000000000001,0.2804000000000001,0,0,0,OD1,2
llama31_instruct,h1_dinc,79,random,AsCm,3,0.2922,0.2921999999999999,0.2921999999999999,0,0,0,OD1,2
llama31_instruct,h1_dinc,79,random,AsCo,0,0.4557,0.4557,0.4557,1,1,1,CO2,1
llama31_instruct,h1_dinc,79,random,AsCo,1,0.4867,0.4867,0.4867,1,1,1,CO2,1
llama31_instruct,h1_dinc,79,random,AsCo,2,0.3125,0.3125,0.3125,0,0,0,CO2,1
llama31_instruct,h1_dinc,79,random,AsCo,3,0.3621,0.3621,0.3621,0,0,0,CO2,1
llama31_instruct,h1_dinc,79,random,AsDl,0,0.4776,0.4776,0.4776,1,1,1,OD1,4
llama31_instruct,h1_dinc,79,random,AsDl,1,0.43920000000000003,0.43920000000000003,0.43920000000000003,1,1,1,OD1,4
llama31_instruct,h1_dinc,79,random,AsDl,2,0.3306,0.3306,0.3306,0,0,0,OD1,4
llama31_instruct,h1_dinc,79,random,AsDl,3,0.2921,0.2921,0.2921,0,0,0,OD1,4
llama31_instruct,h1_dinc,79,random,AsHa,0,0.46799999999999997,0.46799999999999997,0.46799999999999997,1,1,1,OD2,1
llama31_instruct,h1_dinc,79,random,AsHa,1,0.42769999999999997,0.42769999999999997,0.42769999999999997,1,1,1,OD2,1
llama31_instruct,h1_dinc,79,random,AsHa,2,0.3841,0.3841,0.3841,1,1,1,OD2,1
llama31_instruct,h1_dinc,79,random,AsHa,3,0.4114,0.4114,0.4114,1,1,1,OD2,1
llama31_instruct,h1_dinc,79,random,AsHr,0,0.4492,0.4492,0.44920000000000004,1,1,1,MP,6
llama31_instruct,h1_dinc,79,random,AsHr,1,0.4492,0.4492,0.44920000000000004,1,1,1,MP,6
llama31_instruct,h1_dinc,79,random,AsHr,2,0.37270000000000003,0.37270000000000003,0.37270000000000003,0,0,0,MP,6
llama31_instruct,h1_dinc,79,random,AsHr,3,0.3497,0.3497000000000001,0.3497000000000001,0,0,0,MP,6
llama31_instruct,h1_dinc,79,random,AsNc,0,0.4102,0.4102,0.4102,1,1,1,OD2,3
llama31_instruct,h1_dinc,79,random,AsNc,1,0.4484,0.4484,0.4484,1,1,1,OD2,3
llama31_instruct,h1_dinc,79,random,AsNc,2,0.3413,0.34130000000000005,0.34130000000000005,0,0,0,OD2,3
llama31_instruct,h1_dinc,79,random,AsNc,3,0.2626,0.26259999999999994,0.26259999999999994,0,0,0,OD2,3
llama31_instruct,h1_dinc,79,random,AsPc,0,0.4815,0.4815,0.4815,1,1,1,OD2,5
llama31_instruct,h1_dinc,79,random,AsPc,1,0.46010000000000006,0.46010000000000006,0.46010000000000006,1,1,1,OD2,5
llama31_instruct,h1_dinc,79,random,AsPc,2,0.42879999999999996,0.42879999999999996,0.42879999999999996,1,1,1,OD2,5
llama31_instruct,h1_dinc,79,random,AsPc,3,0.3493,0.34929999999999994,0.34929999999999994,0,0,0,OD2,5
llama31_instruct,h1_dinc,79,random,AsPd,0,0.4368,0.4368,0.43679999999999997,1,1,1,OD1,6
llama31_instruct,h1_dinc,79,random,AsPd,1,0.42790000000000006,0.42790000000000006,0.42790000000000006,1,1,1,OD1,6
llama31_instruct,h1_dinc,79,random,AsPd,2,0.281,0.281,0.281,0,0,0,OD1,6
llama31_instruct,h1_dinc,79,random,AsPd,3,0.2536,0.25359999999999994,0.25359999999999994,0,0,0,OD1,6
llama31_instruct,h1_dinc,79,random,AsSh,0,0.3486,0.3486,0.3486,0,0,0,CO1,3
llama31_instruct,h1_dinc,79,random,AsSh,1,0.39790000000000003,0.39790000000000003,0.39790000000000003,1,1,1,CO1,3
llama31_instruct,h1_dinc,79,random,AsSh,2,0.3018,0.30180000000000007,0.30180000000000007,0,0,0,CO1,3
llama31_instruct,h1_dinc,79,random,AsSh,3,0.31220000000000003,0.3121999999999999,0.3121999999999999,0,0,0,CO1,3
llama31_instruct,h1_dinc,79,random,BaAs,0,0.48250000000000004,0.48250000000000004,0.48250000000000004,1,1,1,MP,1
llama31_instruct,h1_dinc,79,random,BaAs,1,0.38350000000000006,0.38350000000000006,0.38350000000000006,1,1,1,MP,1
llama31_instruct,h1_dinc,79,random,BaAs,2,0.39799999999999996,0.3979999999999999,0.3979999999999999,1,1,1,MP,1
llama31_instruct,h1_dinc,79,random,BaAs,3,0.45629999999999993,0.45629999999999993,0.45629999999999993,1,1,1,MP,1
llama31_instruct,h1_dinc,79,random,BaBa,0,0.4578,0.4578,0.4578,1,1,1,CO2,3
llama31_instruct,h1_dinc,79,random,BaBa,1,0.3973,0.3973,0.3973,1,1,1,CO2,3
llama31_instruct,h1_dinc,79,random,BaBa,2,0.4864,0.48640000000000005,0.48640000000000005,1,1,1,CO2,3
llama31_instruct,h1_dinc,79,random,BaBa,3,0.4504,0.4504,0.4504,1,1,1,CO2,3
llama31_instruct,h1_dinc,79,random,BaCh,0,0.4295,0.4295,0.4295,1,1,1,CO2,4
llama31_instruct,h1_dinc,79,random,BaCh,1,0.3806,0.3806,0.3806,0,0,0,CO2,4
llama31_instruct,h1_dinc,79,random,BaCh,2,0.4557,0.4557,0.4557,1,1,1,CO2,4
llama31_instruct,h1_dinc,79,random,BaCh,3,0.42989999999999995,0.42989999999999995,0.42989999999999995,1,1,1,CO2,4
llama31_instruct,h1_dinc,79,random,BaCm,0,0.46059999999999995,0.46059999999999995,0.46059999999999995,1,1,1,OD1,1
llama31_instruct,h1_dinc,79,random,BaCm,1,0.47829999999999995,0.47829999999999995,0.47829999999999995,1,1,1,OD1,1
llama31_instruct,h1_dinc,79,random,BaCm,2,0.48750000000000004,0.48750000000000004,0.48750000000000004,1,1,1,OD1,1
llama31_instruct,h1_dinc,79,random,BaCm,3,0.48560000000000003,0.48560000000000003,0.48560000000000003,1,1,1,OD1,1
llama31_instruct,h1_dinc,79,random,BaCo,0,0.46079999999999993,0.46079999999999993,0.46079999999999993,1,1,1,MP,3
llama31_instruct,h1_dinc,79,random,BaCo,1,0.4484,0.4484,0.4484,1,1,1,MP,3
llama31_instruct,h1_dinc,79,random,BaCo,2,0.42419999999999997,0.4241999999999999,0.4241999999999999,1,1,1,MP,3
llama31_instruct,h1_dinc,79,random,BaCo,3,0.42819999999999997,0.4282,0.4282,1,1,1,MP,3
llama31_instruct,h1_dinc,79,random,BaDl,0,0.46230000000000004,0.46230000000000004,0.46230000000000004,1,1,1,OD1,3
llama31_instruct,h1_dinc,79,random,BaDl,1,0.42790000000000006,0.42790000000000006,0.42790000000000006,1,1,1,OD1,3
llama31_instruct,h1_dinc,79,random,BaDl,2,0.4614,0.4613999999999999,0.4613999999999999,1,1,1,OD1,3
llama31_instruct,h1_dinc,79,random,BaDl,3,0.42790000000000006,0.42790000000000006,0.42790000000000006,1,1,1,OD1,3
llama31_instruct,h1_dinc,79,random,BaHa,0,0.4783,0.4783,0.47829999999999995,1,1,1,OD2,2
llama31_instruct,h1_dinc,79,random,BaHa,1,0.44020000000000004,0.44020000000000004,0.44020000000000004,1,1,1,OD2,2
llama31_instruct,h1_dinc,79,random,BaHa,2,0.36239999999999994,0.36239999999999994,0.36239999999999994,0,0,0,OD2,2
llama31_instruct,h1_dinc,79,random,BaHa,3,0.4492,0.44920000000000004,0.44920000000000004,1,1,1,OD2,2
llama31_instruct,h1_dinc,79,random,BaHr,0,0.46249999999999997,0.46249999999999997,0.46249999999999997,1,1,1,CO1,5
llama31_instruct,h1_dinc,79,random,BaHr,1,0.44020000000000004,0.44020000000000004,0.44020000000000004,1,1,1,CO1,5
llama31_instruct,h1_dinc,79,random,BaHr,2,0.3933,0.3933,0.3933,1,1,1,CO1,5
llama31_instruct,h1_dinc,79,random,BaHr,3,0.4683,0.46830000000000005,0.46830000000000005,1,1,1,CO1,5
llama31_instruct,h1_dinc,79,random,BaNc,0,0.42769999999999997,0.42769999999999997,0.42769999999999997,1,1,1,OD2,4
llama31_instruct,h1_dinc,79,random,BaNc,1,0.39869999999999994,0.39869999999999994,0.39869999999999994,1,1,1,OD2,4
llama31_instruct,h1_dinc,79,random,BaNc,2,0.458,0.4580000000000001,0.4580000000000001,1,1,1,OD2,4
llama31_instruct,h1_dinc,79,random,BaNc,3,0.44909999999999994,0.44909999999999994,0.44909999999999994,1,1,1,OD2,4
llama31_instruct,h1_dinc,79,random,BaPc,0,0.45670000000000005,0.45670000000000005,0.4567,1,1,1,OD2,6
llama31_instruct,h1_dinc,79,random,BaPc,1,0.4335,0.4335,0.4335,1,1,1,OD2,6
llama31_instruct,h1_dinc,79,random,BaPc,2,0.44439999999999996,0.4444,0.4444,1,1,1,OD2,6
llama31_instruct,h1_dinc,79,random,BaPc,3,0.43450000000000005,0.4345,0.4345,1,1,1,OD2,6
llama31_instruct,h1_dinc,79,random,BaPd,0,0.41450000000000004,0.41450000000000004,0.41450000000000004,1,1,1,OD1,5
llama31_instruct,h1_dinc,79,random,BaPd,1,0.367,0.367,0.367,0,0,0,OD1,5
llama31_instruct,h1_dinc,79,random,BaPd,2,0.44520000000000004,0.44520000000000004,0.44520000000000004,1,1,1,OD1,5
llama31_instruct,h1_dinc,79,random,BaPd,3,0.367,0.367,0.367,0,0,0,OD1,5
llama31_instruct,h1_dinc,79,random,BaSh,0,0.44819999999999993,0.44819999999999993,0.44819999999999993,1,1,1,MP,5
llama31_instruct,h1_dinc,79,random,BaSh,1,0.3985,0.3985,0.3985,1,1,1,MP,5
llama31_instruct,h1_dinc,79,random,BaSh,2,0.42819999999999997,0.4282,0.4282,1,1,1,MP,5
llama31_instruct,h1_dinc,79,random,BaSh,3,0.4504,0.4504,0.4504,1,1,1,MP,5
llama31_instruct,h1_dinc,79,random,ChAs,0,0.48360000000000003,0.48360000000000003,0.48360000000000003,1,1,1,MP,7
llama31_instruct,h1_dinc,79,random,ChAs,1,0.4292,0.4292,0.4292,1,1,1,MP,7
llama31_instruct,h1_dinc,79,random,ChAs,2,0.3985,0.3985000000000001,0.3985000000000001,1,1,1,MP,7
llama31_instruct,h1_dinc,79,random,ChAs,3,0.46079999999999993,0.4607999999999999,0.4607999999999999,1,1,1,MP,7
llama31_instruct,h1_dinc,79,random,ChBa,0,0.4404,0.4404,0.4404,1,1,1,CO2,5
llama31_instruct,h1_dinc,79,random,ChBa,1,0.42790000000000006,0.42790000000000006,0.42790000000000006,1,1,1,CO2,5
llama31_instruct,h1_dinc,79,random,ChBa,2,0.4866,0.48660000000000003,0.48660000000000003,1,1,1,CO2,5
llama31_instruct,h1_dinc,79,random,ChBa,3,0.48360000000000003,0.48360000000000003,0.48360000000000003,1,1,1,CO2,5
llama31_instruct,h1_dinc,79,random,ChCh,0,0.4602,0.4602,0.4602,1,1,1,CO2,6
llama31_instruct,h1_dinc,79,random,ChCh,1,0.39,0.39,0.39,1,1,1,CO2,6
llama31_instruct,h1_dinc,79,random,ChCh,2,0.46249999999999997,0.4625,0.4625,1,1,1,CO2,6
llama31_instruct,h1_dinc,79,random,ChCh,3,0.42900000000000005,0.42900000000000005,0.42900000000000005,1,1,1,CO2,6
llama31_instruct,h1_dinc,79,random,ChCm,0,0.48590000000000005,0.48590000000000005,0.48590000000000005,1,1,1,OD1,7
llama31_instruct,h1_dinc,79,random,ChCm,1,0.4555,0.4555,0.4555,1,1,1,OD1,7
llama31_instruct,h1_dinc,79,random,ChCm,2,0.45810000000000006,0.45810000000000006,0.45810000000000006,1,1,1,OD1,7
llama31_instruct,h1_dinc,79,random,ChCm,3,0.46249999999999997,0.4625,0.4625,1,1,1,OD1,7
llama31_instruct,h1_dinc,79,random,ChCo,0,0.45629999999999993,0.45629999999999993,0.45629999999999993,1,1,1,MP,9
llama31_instruct,h1_dinc,79,random,ChCo,1,0.44909999999999994,0.44909999999999994,0.44909999999999994,1,1,1,MP,9
llama31_instruct,h1_dinc,79,random,ChCo,2,0.45820000000000005,0.45820000000000005,0.45820000000000005,1,1,1,MP,9
llama31_instruct,h1_dinc,79,random,ChCo,3,0.4615,0.4615,0.4615,1,1,1,MP,9
llama31_instruct,h1_dinc,79,random,ChDl,0,0.4204,0.4204,0.4204,1,1,1,OD1,9
llama31_instruct,h1_dinc,79,random,ChDl,1,0.48650000000000004,0.48650000000000004,0.48650000000000004,1,1,1,OD1,9
llama31_instruct,h1_dinc,79,random,ChDl,2,0.4404,0.4404,0.4404,1,1,1,OD1,9
llama31_instruct,h1_dinc,79,random,ChDl,3,0.4498,0.4498,0.4498,1,1,1,OD1,9
llama31_instruct,h1_dinc,79,random,ChHa,0,0.48469999999999996,0.48469999999999996,0.4846999999999999,1,1,1,OD2,8
llama31_instruct,h1_dinc,79,random,ChHa,1,0.45699999999999996,0.45699999999999996,0.45699999999999996,1,1,1,OD2,8
llama31_instruct,h1_dinc,79,random,ChHa,2,0.3317,0.3317,0.3317,0,0,0,OD2,8
llama31_instruct,h1_dinc,79,random,ChHa,3,0.44519999999999993,0.44519999999999993,0.44519999999999993,1,1,1,OD2,8
llama31_instruct,h1_dinc,79,random,ChHr,0,0.4832,0.4832,0.4832,1,1,1,CO1,6
llama31_instruct,h1_dinc,79,random,ChHr,1,0.46170000000000005,0.46170000000000005,0.46170000000000005,1,1,1,CO1,6
llama31_instruct,h1_dinc,79,random,ChHr,2,0.4289,0.42890000000000006,0.42890000000000006,1,1,1,CO1,6
llama31_instruct,h1_dinc,79,random,ChHr,3,0.4854,0.48539999999999994,0.48539999999999994,1,1,1,CO1,6
llama31_instruct,h1_dinc,79,random,CmAs,0,0.3933,0.3933,0.3933,0,0,0,OD1,8
llama31_instruct,h1_dinc,79,random,CmAs,1,0.2932,0.2932,0.2932,0,0,0,OD1,8
llama31_instruct,h1_dinc,79,random,CmAs,2,0.14200000000000002,0.14200000000000002,0.14200000000000002,0,0,0,OD1,8
llama31_instruct,h1_dinc,79,random,CmAs,3,0.2602,0.2602,0.2602,0,0,0,OD1,8
llama31_instruct,h1_dinc,79,random,CmCm,0,0.4111,0.4111,0.4111,1,1,1,DD,2
llama31_instruct,h1_dinc,79,random,CmCm,1,0.3417,0.3417,0.3417,0,0,0,DD,2
llama31_instruct,h1_dinc,79,random,CmCm,2,0.1723,0.1723,0.1723,0,0,0,DD,2
llama31_instruct,h1_dinc,79,random,CmCm,3,0.3022,0.3022,0.3022,0,0,0,DD,2
llama31_instruct,h1_dinc,79,random,CmDl,0,0.2818,0.2818,0.28179999999999994,0,0,0,DD,4
llama31_instruct,h1_dinc,79,random,CmDl,1,0.2803,0.2803,0.2803,0,0,0,DD,4
llama31_instruct,h1_dinc,79,random,CmDl,2,0.26139999999999997,0.26139999999999997,0.26139999999999997,0,0,0,DD,4
llama31_instruct,h1_dinc,79,random,CmDl,3,0.35030000000000006,0.35030000000000006,0.35030000000000006,0,0,0,DD,4
llama31_instruct,h1_dinc,79,random,CmHa,0,0.4135,0.4135,0.4135,1,1,1,DD,6
llama31_instruct,h1_dinc,79,random,CmHa,1,0.3806,0.3806,0.38060000000000005,0,0,0,DD,6
llama31_instruct,h1_dinc,79,random,CmHa,2,0.12480000000000002,0.12480000000000002,0.12480000000000002,0,0,0,DD,6
llama31_instruct,h1_dinc,79,random,CmHa,3,0.31179999999999997,0.31179999999999997,0.31179999999999997,0,0,0,DD,6
llama31_instruct,h1_dinc,79,random,CmNc,0,0.3933,0.3933,0.3933,0,0,0,DD,8
llama31_instruct,h1_dinc,79,random,CmNc,1,0.3436,0.3436,0.3436000000000001,0,0,0,DD,8
llama31_instruct,h1_dinc,79,random,CmNc,2,0.20809999999999995,0.20809999999999995,0.20809999999999995,0,0,0,DD,8
llama31_instruct,h1_dinc,79,random,CmNc,3,0.30110000000000003,0.30110000000000003,0.30110000000000003,0,0,0,DD,8
llama31_instruct,h1_dinc,79,random,CoAs,0,0.477,0.477,0.477,1,1,1,CO2,7
llama31_instruct,h1_dinc,79,random,CoAs,1,0.4285,0.4285,0.4285,1,1,1,CO2,7
llama31_instruct,h1_dinc,79,random,CoAs,2,0.3933,0.3933,0.3933,0,0,0,CO2,7
llama31_instruct,h1_dinc,79,random,CoAs,3,0.2924,0.2924,0.2924,0,0,0,CO2,7
llama31_instruct,h1_dinc,79,random,CoCo,0,0.42819999999999997,0.42819999999999997,0.42819999999999997,1,1,1,CO1,7
llama31_instruct,h1_dinc,79,random,CoCo,1,0.4285,0.4285,0.4285,1,1,1,CO1,7
llama31_instruct,h1_dinc,79,random,CoCo,2,0.3735,0.37350000000000005,0.37350000000000005,0,0,0,CO1,7
llama31_instruct,h1_dinc,79,random,CoCo,3,0.34900000000000003,0.349,0.349,0,0,0,CO1,7
llama31_instruct,h1_dinc,79,random,CoSh,0,0.46170000000000005,0.46170000000000005,0.46170000000000005,1,1,1,CO2,8
llama31_instruct,h1_dinc,79,random,CoSh,1,0.43450000000000005,0.43450000000000005,0.43450000000000005,1,1,1,CO2,8
llama31_instruct,h1_dinc,79,random,CoSh,2,0.2612,0.2611999999999999,0.2611999999999999,0,0,0,CO2,8
llama31_instruct,h1_dinc,79,random,CoSh,3,0.254,0.254,0.254,0,0,0,CO2,8
llama31_instruct,h1_dinc,79,random,HaAs,0,0.3022,0.3022,0.3022,0,0,0,OD2,7
llama31_instruct,h1_dinc,79,random,HaAs,1,0.35030000000000006,0.35030000000000006,0.35030000000000006,0,0,0,OD2,7
llama31_instruct,h1_dinc,79,random,HaAs,2,0.39849999999999997,0.39849999999999997,0.39849999999999997,1,1,1,OD2,7
llama31_instruct,h1_dinc,79,random,HaAs,3,0.31220000000000003,0.3121999999999999,0.3121999999999999,0,0,0,OD2,7
llama31_instruct,h1_dinc,79,random,HaBa,0,0.46059999999999995,0.46059999999999995,0.46059999999999995,1,1,1,OD2,9
llama31_instruct,h1_dinc,79,random,HaBa,1,0.46010000000000006,0.46010000000000006,0.46010000000000006,1,1,1,OD2,9
llama31_instruct,h1_dinc,79,random,HaBa,2,0.26649999999999996,0.26649999999999996,0.26649999999999996,0,0,0,OD2,9
llama31_instruct,h1_dinc,79,random,HaBa,3,0.3015,0.3015,0.3015,0,0,0,OD2,9
llama31_instruct,h1_dinc,79,random,HaCm,0,0.45670000000000005,0.45670000000000005,0.45670000000000005,1,1,1,DD,1
llama31_instruct,h1_dinc,79,random,HaCm,1,0.45670000000000005,0.45670000000000005,0.45670000000000005,1,1,1,DD,1
llama31_instruct,h1_dinc,79,random,HaCm,2,0.2805,0.2805000000000001,0.2805000000000001,0,0,0,DD,1
llama31_instruct,h1_dinc,79,random,HaCm,3,0.2535,0.25349999999999995,0.25349999999999995,0,0,0,DD,1
llama31_instruct,h1_dinc,79,random,HaDl,0,0.48560000000000003,0.48560000000000003,0.48560000000000003,1,1,1,DD,3
llama31_instruct,h1_dinc,79,random,HaDl,1,0.44000000000000006,0.44000000000000006,0.44000000000000006,1,1,1,DD,3
llama31_instruct,h1_dinc,79,random,HaDl,2,0.3438,0.3438000000000001,0.3438000000000001,0,0,0,DD,3
llama31_instruct,h1_dinc,79,random,HaDl,3,0.3227,0.3226999999999999,0.3226999999999999,0,0,0,DD,3
llama31_instruct,h1_dinc,79,random,HaHa,0,0.3014,0.3014,0.3014,0,0,0,DD,5
llama31_instruct,h1_dinc,79,random,HaHa,1,0.36260000000000003,0.36260000000000003,0.36260000000000003,0,0,0,DD,5
llama31_instruct,h1_dinc,79,random,HaHa,2,0.2919,0.29189999999999994,0.29189999999999994,0,0,0,DD,5
llama31_instruct,h1_dinc,79,random,HaHa,3,0.2924,0.2924,0.2924,0,0,0,DD,5
llama31_instruct,h1_dinc,79,random,HaNc,0,0.3317,0.3317,0.3317,0,0,0,DD,7
llama31_instruct,h1_dinc,79,random,HaNc,1,0.4697,0.4697,0.4697,1,1,1,DD,7
llama31_instruct,h1_dinc,79,random,HaNc,2,0.1649,0.16490000000000005,0.16490000000000005,0,0,0,DD,7
llama31_instruct,h1_dinc,79,random,HaNc,3,0.1644,0.1644,0.1644,0,0,0,DD,7
llama31_instruct,h1_dinc,79,random,HaPc,0,0.3218,0.3218,0.3218,0,0,0,DD,9
llama31_instruct,h1_dinc,79,random,HaPc,1,0.39849999999999997,0.39849999999999997,0.39849999999999997,1,1,1,DD,9
llama31_instruct,h1_dinc,79,random,HaPc,2,0.2681,0.2681,0.2681,0,0,0,DD,9
llama31_instruct,h1_dinc,79,random,HaPc,3,0.1802,0.18019999999999992,0.18019999999999992,0,0,0,DD,9
llama31_instruct,h1_dinc,79,random,HrAs,0,0.45790000000000003,0.45790000000000003,0.4579000000000001,1,1,1,MP,8
llama31_instruct,h1_dinc,79,random,HrAs,1,0.39790000000000003,0.39790000000000003,0.39790000000000003,1,1,1,MP,8
llama31_instruct,h1_dinc,79,random,HrAs,2,0.26139999999999997,0.26139999999999997,0.26139999999999997,0,0,0,MP,8
llama31_instruct,h1_dinc,79,random,HrAs,3,0.39799999999999996,0.3979999999999999,0.3979999999999999,1,1,1,MP,8
llama31_instruct,h1_dinc,79,random,HrBa,0,0.46930000000000005,0.46930000000000005,0.46930000000000005,1,1,1,CO1,2
llama31_instruct,h1_dinc,79,random,HrBa,1,0.3985,0.3985,0.3985000000000001,1,1,1,CO1,2
llama31_instruct,h1_dinc,79,random,HrBa,2,0.45980000000000004,0.4598,0.4598,1,1,1,CO1,2
llama31_instruct,h1_dinc,79,random,HrBa,3,0.42819999999999997,0.4282,0.4282,1,1,1,CO1,2
llama31_instruct,h1_dinc,79,random,HrCh,0,0.3805,0.3805,0.38050000000000006,0,0,0,CO1,4
llama31_instruct,h1_dinc,79,random,HrCh,1,0.3126,0.3126,0.3125999999999999,0,0,0,CO1,4
llama31_instruct,h1_dinc,79,random,HrCh,2,0.41250000000000003,0.4125,0.4125,1,1,1,CO1,4
llama31_instruct,h1_dinc,79,random,HrCh,3,0.46149999999999997,0.4614999999999999,0.4614999999999999,1,1,1,CO1,4
llama31_instruct,h1_dinc,79,random,HrHr,0,0.39849999999999997,0.39849999999999997,0.39849999999999997,1,1,1,CO2,2
llama31_instruct,h1_dinc,79,random,HrHr,1,0.367,0.367,0.367,0,0,0,CO2,2
llama31_instruct,h1_dinc,79,random,HrHr,2,0.34240000000000004,0.34240000000000004,0.34240000000000004,0,0,0,CO2,2
llama31_instruct,h1_dinc,79,random,HrHr,3,0.4104,0.4104,0.4104,1,1,1,CO2,2
llama31_instruct,h1_dinc,79,random,ShAs,0,0.39849999999999997,0.39849999999999997,0.39849999999999997,1,1,1,CO1,8
llama31_instruct,h1_dinc,79,random,ShAs,1,0.4404,0.4404,0.4404,1,1,1,CO1,8
llama31_instruct,h1_dinc,79,random,ShAs,2,0.361,0.361,0.361,0,0,0,CO1,8
llama31_instruct,h1_dinc,79,random,ShAs,3,0.3015,0.3015,0.3015,0,0,0,CO1,8
llama31_instruct,h1_dinc,79,random,ShCo,0,0.49629999999999996,0.49629999999999996,0.49629999999999996,1,1,1,CO2,9
llama31_instruct,h1_dinc,79,random,ShCo,1,0.42900000000000005,0.42900000000000005,0.42900000000000005,1,1,1,CO2,9
llama31_instruct,h1_dinc,79,random,ShCo,2,0.2818,0.28179999999999994,0.28179999999999994,0,0,0,CO2,9
llama31_instruct,h1_dinc,79,random,ShCo,3,0.2334,0.23339999999999994,0.23339999999999994,0,0,0,CO2,9
llama31_instruct,h1_dinc,79,random,ShSh,0,0.45840000000000003,0.45840000000000003,0.45840000000000003,1,1,1,CO1,9
llama31_instruct,h1_dinc,79,random,ShSh,1,0.4484,0.4484,0.4484,1,1,1,CO1,9
llama31_instruct,h1_dinc,79,random,ShSh,2,0.3735,0.37350000000000005,0.37350000000000005,0,0,0,CO1,9
llama31_instruct,h1_dinc,79,random,ShSh,3,0.2736,0.27359999999999995,0.27359999999999995,0,0,0,CO1,9
llama31_instruct,h2_choice,65,main,AsAs,0,0.11649999999999999,0.11649999999999999,0.11649999999999999,0,0,0,CO1,1
llama31_instruct,h2_choice,65,main,AsAs,1,0.09179999999999999,0.09179999999999999,0.09179999999999999,0,0,0,CO1,1
llama31_instruct,h2_choice,65,main,AsAs,2,0.021199999999999997,0.021199999999999997,0.021199999999999997,0,0,0,CO1,1
llama31_instruct,h2_choice,65,main,AsAs,3,0.04300000000000001,0.04300000000000004,0.04300000000000004,0,0,0,CO1,1
llama31_instruct,h2_choice,65,main,AsBa,0,0.05990000000000001,0.05990000000000001,0.059900000000000064,0,0,0,MP,2
llama31_instruct,h2_choice,65,main,AsBa,1,0.030100000000000016,0.030100000000000016,0.030100000000000016,0,0,0,MP,2
llama31_instruct,h2_choice,65,main,AsBa,2,0.024599999999999983,0.024599999999999955,0.024599999999999955,0,0,0,MP,2
llama31_instruct,h2_choice,65,main,AsBa,3,0.054900000000000004,0.05489999999999995,0.05489999999999995,0,0,0,MP,2
llama31_instruct,h2_choice,65,main,AsCh,0,0.08910000000000001,0.08910000000000001,0.08909999999999996,0,0,0,MP,4
llama31_instruct,h2_choice,65,main,AsCh,1,0.05880000000000002,0.05880000000000002,0.05879999999999996,0,0,0,MP,4
llama31_instruct,h2_choice,65,main,AsCh,2,0.058099999999999985,0.05809999999999993,0.05809999999999993,0,0,0,MP,4
llama31_instruct,h2_choice,65,main,AsCh,3,0.05349999999999999,0.05349999999999999,0.05349999999999999,0,0,0,MP,4
llama31_instruct,h2_choice,65,main,AsCm,0,0.08910000000000007,0.08910000000000007,0.08910000000000007,0,0,0,OD1,2
llama31_instruct,h2_choice,65,main,AsCm,1,0.08999999999999997,0.08999999999999997,0.08999999999999997,0,0,0,OD1,2
llama31_instruct,h2_choice,65,main,AsCm,2,0.04139999999999999,0.04139999999999999,0.04139999999999999,0,0,0,OD1,2
llama31_instruct,h2_choice,65,main,AsCm,3,0.04530000000000001,0.04530000000000012,0.04530000000000012,0,0,0,OD1,2
llama31_instruct,h2_choice,65,main,AsCo,0,0.031399999999999983,0.031399999999999983,0.031399999999999983,0,0,0,CO2,1
llama31_instruct,h2_choice,65,main,AsCo,1,0.09299999999999997,0.09299999999999997,0.09299999999999997,1,1,1,CO2,1
llama31_instruct,h2_choice,65,main,AsCo,2,0.0345,0.034499999999999975,0.034499999999999975,0,0,0,CO2,1
llama31_instruct,h2_choice,65,main,AsCo,3,0.021199999999999997,0.021199999999999997,0.021199999999999997,0,0,0,CO2,1
llama31_instruct,h2_choice,65,main,AsDl,0,0.09179999999999999,0.09179999999999999,0.0918000000000001,0,0,0,OD1,4
llama31_instruct,h2_choice,65,main,AsDl,1,0.05880000000000002,0.05880000000000002,0.05879999999999996,0,0,0,OD1,4
llama31_instruct,h2_choice,65,main,AsDl,2,0.0345,0.034499999999999975,0.034499999999999975,0,0,0,OD1,4
llama31_instruct,h2_choice,65,main,AsDl,3,0.03689999999999999,0.03689999999999993,0.03689999999999993,0,0,0,OD1,4
llama31_instruct,h2_choice,65,main,AsHa,0,0.08910000000000001,0.08910000000000001,0.08910000000000001,0,0,0,OD2,1
llama31_instruct,h2_choice,65,main,AsHa,1,0.06040000000000001,0.06040000000000001,0.06040000000000001,0,0,0,OD2,1
llama31_instruct,h2_choice,65,main,AsHa,2,0.05349999999999999,0.05349999999999999,0.05349999999999999,0,0,0,OD2,1
llama31_instruct,h2_choice,65,main,AsHa,3,0.054900000000000004,0.05489999999999995,0.05489999999999995,0,0,0,OD2,1
llama31_instruct,h2_choice,65,main,AsHr,0,0.08360000000000001,0.08360000000000001,0.08360000000000001,0,0,0,MP,6
llama31_instruct,h2_choice,65,main,AsHr,1,0.08850000000000002,0.08850000000000002,0.08850000000000002,0,0,0,MP,6
llama31_instruct,h2_choice,65,main,AsHr,2,0.019600000000000006,0.019600000000000062,0.019600000000000062,0,0,0,MP,6
llama31_instruct,h2_choice,65,main,AsHr,3,0.06260000000000002,0.0626000000000001,0.0626000000000001,0,0,0,MP,6
llama31_instruct,h2_choice,65,main,AsNc,0,0.08360000000000001,0.08360000000000001,0.08360000000000001,0,0,0,OD2,3
llama31_instruct,h2_choice,65,main,AsNc,1,0.0862,0.0862,0.0862,0,0,0,OD2,3
llama31_instruct,h2_choice,65,main,AsNc,2,0.021199999999999997,0.021199999999999997,0.021199999999999997,0,0,0,OD2,3
llama31_instruct,h2_choice,65,main,AsNc,3,0.04869999999999999,0.048699999999999966,0.048699999999999966,0,0,0,OD2,3
llama31_instruct,h2_choice,65,main,AsPc,0,0.06190000000000001,0.06190000000000001,0.06190000000000001,0,0,0,OD2,5
llama31_instruct,h2_choice,65,main,AsPc,1,0.0625,0.0625,0.0625,0,0,0,OD2,5
llama31_instruct,h2_choice,65,main,AsPc,2,0.054900000000000004,0.05489999999999995,0.05489999999999995,0,0,0,OD2,5
llama31_instruct,h2_choice,65,main,AsPc,3,0.045399999999999996,0.045399999999999996,0.045399999999999996,0,0,0,OD2,5
llama31_instruct,h2_choice,65,main,AsPd,0,0.0948,0.0948,0.0948,1,1,1,OD1,6
llama31_instruct,h2_choice,65,main,AsPd,1,0.0902,0.0902,0.09020000000000006,0,0,0,OD1,6
llama31_instruct,h2_choice,65,main,AsPd,2,0.029299999999999993,0.029299999999999993,0.029299999999999993,0,0,0,OD1,6
llama31_instruct,h2_choice,65,main,AsPd,3,0.029299999999999993,0.029299999999999993,0.029299999999999993,0,0,0,OD1,6
llama31_instruct,h2_choice,65,main,AsSh,0,0.04300000000000001,0.04300000000000001,0.04300000000000001,0,0,0,CO1,3
llama31_instruct,h2_choice,65,main,AsSh,1,0.027500000000000024,0.027500000000000024,0.027500000000000024,0,0,0,CO1,3
llama31_instruct,h2_choice,65,main,AsSh,2,0.0338,0.03379999999999994,0.03379999999999994,0,0,0,CO1,3
llama31_instruct,h2_choice,65,main,AsSh,3,0.04869999999999999,0.048699999999999966,0.048699999999999966,0,0,0,CO1,3
llama31_instruct,h2_choice,65,main,BaAs,0,0.06190000000000001,0.06190000000000001,0.06190000000000001,0,0,0,MP,1
llama31_instruct,h2_choice,65,main,BaAs,1,0.07129999999999997,0.07129999999999997,0.07129999999999997,0,0,0,MP,1
llama31_instruct,h2_choice,65,main,BaAs,2,0.07699999999999996,0.07699999999999996,0.07699999999999996,0,0,0,MP,1
llama31_instruct,h2_choice,65,main,BaAs,3,0.1461,0.1461,0.1461,0,0,0,MP,1
llama31_instruct,h2_choice,65,main,BaBa,0,0.05980000000000002,0.05980000000000002,0.05980000000000002,0,0,0,CO2,3
llama31_instruct,h2_choice,65,main,BaBa,1,0.07699999999999999,0.07699999999999999,0.07699999999999999,0,0,0,CO2,3
llama31_instruct,h2_choice,65,main,BaBa,2,0.12449999999999994,0.12449999999999994,0.12449999999999994,1,1,1,CO2,3
llama31_instruct,h2_choice,65,main,BaBa,3,0.030100000000000016,0.030100000000000016,0.030100000000000016,0,0,0,CO2,3
llama31_instruct,h2_choice,65,main,BaCh,0,0.10959999999999998,0.10959999999999998,0.10959999999999998,0,0,0,CO2,4
llama31_instruct,h2_choice,65,main,BaCh,1,0.021800000000000014,0.021800000000000014,0.021800000000000014,0,0,0,CO2,4
llama31_instruct,h2_choice,65,main,BaCh,2,0.15409999999999996,0.15410000000000001,0.15410000000000001,1,1,1,CO2,4
llama31_instruct,h2_choice,65,main,BaCh,3,0.023499999999999993,0.023499999999999965,0.023499999999999965,0,0,0,CO2,4
llama31_instruct,h2_choice,65,main,BaCm,0,0.0625,0.0625,0.0625,1,1,1,OD1,1
llama31_instruct,h2_choice,65,main,BaCm,1,0.05880000000000002,0.05880000000000002,0.05880000000000002,0,0,0,OD1,1
llama31_instruct,h2_choice,65,main,BaCm,2,0.08360000000000001,0.08360000000000001,0.08360000000000001,0,0,0,OD1,1
llama31_instruct,h2_choice,65,main,BaCm,3,0.061899999999999955,0.061899999999999955,0.061899999999999955,1,1,1,OD1,1
llama31_instruct,h2_choice,65,main,BaCo,0,0.0948,0.0948,0.0948,1,1,1,MP,3
llama31_instruct,h2_choice,65,main,BaCo,1,0.030100000000000016,0.030100000000000016,0.030100000000000016,0,0,0,MP,3
llama31_instruct,h2_choice,65,main,BaCo,2,0.08609999999999995,0.08609999999999995,0.08609999999999995,0,0,0,MP,3
llama31_instruct,h2_choice,65,main,BaCo,3,0.08360000000000001,0.08360000000000001,0.08360000000000001,0,0,0,MP,3
llama31_instruct,h2_choice,65,main,BaDl,0,0.05990000000000001,0.05990000000000001,0.05990000000000001,0,0,0,OD1,3
llama31_instruct,h2_choice,65,main,BaDl,1,0.054900000000000004,0.054900000000000004,0.054900000000000004,0,0,0,OD1,3
llama31_instruct,h2_choice,65,main,BaDl,2,0.09419999999999995,0.09419999999999995,0.09419999999999995,1,1,1,OD1,3
llama31_instruct,h2_choice,65,main,BaDl,3,0.02739999999999998,0.02739999999999998,0.02739999999999998,0,0,0,OD1,3
llama31_instruct,h2_choice,65,main,BaHa,0,0.08910000000000007,0.08910000000000007,0.08910000000000007,0,0,0,OD2,2
llama31_instruct,h2_choice,65,main,BaHa,1,0.08360000000000001,0.08360000000000001,0.0835999999999999,0,0,0,OD2,2
llama31_instruct,h2_choice,65,main,BaHa,2,0.0665,0.0665,0.0665,0,0,0,OD2,2
llama31_instruct,h2_choice,65,main,BaHa,3,0.08910000000000007,0.08910000000000007,0.08910000000000007,0,0,0,OD2,2
llama31_instruct,h2_choice,65,main,BaHr,0,0.06459999999999999,0.06459999999999999,0.06459999999999999,1,1,1,CO1,5
llama31_instruct,h2_choice,65,main,BaHr,1,0.08910000000000001,0.08910000000000001,0.08910000000000001,0,0,0,CO1,5
llama31_instruct,h2_choice,65,main,BaHr,2,0.1613,0.1613,0.1613,0,0,0,CO1,5
llama31_instruct,h2_choice,65,main,BaHr,3,0.19289999999999996,0.19289999999999996,0.19289999999999996,0,0,0,CO1,5
llama31_instruct,h2_choice,65,main,BaNc,0,0.08910000000000001,0.08910000000000001,0.08909999999999996,0,0,0,OD2,4
llama31_instruct,h2_choice,65,main,BaNc,1,0.04949999999999996,0.04949999999999996,0.04949999999999999,0,0,0,OD2,4
llama31_instruct,h2_choice,65,main,BaNc,2,0.11370000000000002,0.11370000000000002,0.11370000000000002,0,0,0,OD2,4
llama31_instruct,h2_choice,65,main,BaNc,3,0.06040000000000001,0.06040000000000001,0.06040000000000001,0,0,0,OD2,4
llama31_instruct,h2_choice,65,main,BaPc,0,0.08089999999999997,0.08089999999999997,0.08089999999999997,0,0,0,OD2,6
llama31_instruct,h2_choice,65,main,BaPc,1,0.0948,0.0948,0.0948,1,1,1,OD2,6
llama31_instruct,h2_choice,65,main,BaPc,2,0.12619999999999998,0.12619999999999998,0.12619999999999998,0,0,0,OD2,6
llama31_instruct,h2_choice,65,main,BaPc,3,0.12229999999999996,0.12229999999999996,0.12229999999999996,1,1,1,OD2,6
llama31_instruct,h2_choice,65,main,BaPd,0,0.08089999999999997,0.08089999999999997,0.08089999999999997,0,0,0,OD1,5
llama31_instruct,h2_choice,65,main,BaPd,1,0.07129999999999997,0.07129999999999997,0.07129999999999997,0,0,0,OD1,5
llama31_instruct,h2_choice,65,main,BaPd,2,0.054900000000000004,0.05489999999999995,0.05489999999999995,0,0,0,OD1,5
llama31_instruct,h2_choice,65,main,BaPd,3,0.04530000000000001,0.04530000000000001,0.04530000000000001,0,0,0,OD1,5
llama31_instruct,h2_choice,65,main,BaSh,0,0.06040000000000001,0.06040000000000001,0.06040000000000001,0,0,0,MP,5
llama31_instruct,h2_choice,65,main,BaSh,1,0.022800000000000015,0.022800000000000015,0.022800000000000015,0,0,0,MP,5
llama31_instruct,h2_choice,65,main,BaSh,2,0.10339999999999994,0.10339999999999994,0.10339999999999994,0,0,0,MP,5
llama31_instruct,h2_choice,65,main,BaSh,3,0.09000000000000002,0.09000000000000008,0.09000000000000008,0,0,0,MP,5
llama31_instruct,h2_choice,65,main,ChAs,0,0.05990000000000001,0.05990000000000001,0.05990000000000001,0,0,0,MP,7
llama31_instruct,h2_choice,65,main,ChAs,1,0.05980000000000002,0.05980000000000002,0.05980000000000002,0,0,0,MP,7
llama31_instruct,h2_choice,65,main,ChAs,2,0.09250000000000003,0.09250000000000003,0.09250000000000003,0,0,0,MP,7
llama31_instruct,h2_choice,65,main,ChAs,3,0.15459999999999996,0.15459999999999996,0.15459999999999996,1,1,1,MP,7
llama31_instruct,h2_choice,65,main,ChBa,0,0.1159,0.1159,0.1159,0,0,0,CO2,5
llama31_instruct,h2_choice,65,main,ChBa,1,0.05609999999999998,0.05609999999999998,0.05609999999999998,0,0,0,CO2,5
llama31_instruct,h2_choice,65,main,ChBa,2,0.11870000000000003,0.11870000000000003,0.11870000000000003,0,0,0,CO2,5
llama31_instruct,h2_choice,65,main,ChBa,3,0.029600000000000015,0.02960000000000007,0.02960000000000007,0,0,0,CO2,5
llama31_instruct,h2_choice,65,main,ChCh,0,0.09219999999999995,0.09219999999999995,0.09219999999999995,1,1,1,CO2,6
llama31_instruct,h2_choice,65,main,ChCh,1,0.05880000000000002,0.05880000000000002,0.05880000000000002,0,0,0,CO2,6
llama31_instruct,h2_choice,65,main,ChCh,2,0.061899999999999955,0.061899999999999955,0.061899999999999955,1,1,1,CO2,6
llama31_instruct,h2_choice,65,main,ChCh,3,0.06040000000000001,0.06040000000000001,0.06040000000000001,0,0,0,CO2,6
llama31_instruct,h2_choice,65,main,ChCm,0,0.10960000000000003,0.10960000000000003,0.10960000000000003,0,0,0,OD1,7
llama31_instruct,h2_choice,65,main,ChCm,1,0.0615,0.0615,0.0615,0,0,0,OD1,7
llama31_instruct,h2_choice,65,main,ChCm,2,0.1622,0.1622,0.1622,0,0,0,OD1,7
llama31_instruct,h2_choice,65,main,ChCm,3,0.09419999999999995,0.09419999999999995,0.09419999999999995,1,1,1,OD1,7
llama31_instruct,h2_choice,65,main,ChCo,0,0.09219999999999995,0.09219999999999995,0.09219999999999995,1,1,1,MP,9
llama31_instruct,h2_choice,65,main,ChCo,1,0.06040000000000001,0.06040000000000001,0.06040000000000001,0,0,0,MP,9
llama31_instruct,h2_choice,65,main,ChCo,2,0.1321,0.1321,0.1321,0,0,0,MP,9
llama31_instruct,h2_choice,65,main,ChCo,3,0.09239999999999998,0.09240000000000004,0.09240000000000004,1,1,1,MP,9
llama31_instruct,h2_choice,65,main,ChDl,0,0.11870000000000003,0.11870000000000003,0.11870000000000003,0,0,0,OD1,9
llama31_instruct,h2_choice,65,main,ChDl,1,0.05990000000000001,0.05990000000000001,0.05990000000000001,0,0,0,OD1,9
llama31_instruct,h2_choice,65,main,ChDl,2,0.08360000000000001,0.08360000000000001,0.08360000000000001,0,0,0,OD1,9
llama31_instruct,h2_choice,65,main,ChDl,3,0.1461,0.1461,0.1461,0,0,0,OD1,9
llama31_instruct,h2_choice,65,main,ChHa,0,0.061899999999999955,0.061899999999999955,0.061899999999999955,1,1,1,OD2,8
llama31_instruct,h2_choice,65,main,ChHa,1,0.05980000000000002,0.05980000000000002,0.059800000000000075,0,0,0,OD2,8
llama31_instruct,h2_choice,65,main,ChHa,2,0.05789999999999995,0.05789999999999995,0.05789999999999995,0,0,0,OD2,8
llama31_instruct,h2_choice,65,main,ChHa,3,0.10439999999999994,0.10439999999999994,0.10439999999999994,0,0,0,OD2,8
llama31_instruct,h2_choice,65,main,ChHr,0,0.12449999999999994,0.12449999999999994,0.12449999999999994,1,1,1,CO1,6
llama31_instruct,h2_choice,65,main,ChHr,1,0.0625,0.0625,0.0625,1,1,1,CO1,6
llama31_instruct,h2_choice,65,main,ChHr,2,0.12,0.12,0.12,0,0,0,CO1,6
llama31_instruct,h2_choice,65,main,ChHr,3,0.09419999999999995,0.09419999999999995,0.09419999999999995,1,1,1,CO1,6
llama31_instruct,h2_choice,65,main,CmAs,0,0.0408,0.0408,0.04080000000000006,0,0,0,OD1,8
llama31_instruct,h2_choice,65,main,CmAs,1,0.04530000000000001,0.04530000000000001,0.04530000000000012,0,0,0,OD1,8
llama31_instruct,h2_choice,65,main,CmAs,2,0.010099999999999998,0.010099999999999998,0.010099999999999998,0,0,0,OD1,8
llama31_instruct,h2_choice,65,main,CmAs,3,0.06259999999999999,0.06259999999999999,0.06259999999999999,0,0,0,OD1,8
llama31_instruct,h2_choice,65,main,CmCm,0,0.021900000000000003,0.021900000000000003,0.02190000000000003,0,0,0,DD,2
llama31_instruct,h2_choice,65,main,CmCm,1,0.03689999999999999,0.03689999999999999,0.03689999999999993,0,0,0,DD,2
llama31_instruct,h2_choice,65,main,CmCm,2,0.01429999999999998,0.01429999999999998,0.01429999999999998,0,0,0,DD,2
llama31_instruct,h2_choice,65,main,CmCm,3,0.07520000000000004,0.07520000000000004,0.07520000000000004,0,0,0,DD,2
llama31_instruct,h2_choice,65,main,CmDl,0,0.026499999999999996,0.026499999999999996,0.026499999999999968,0,0,0,DD,4
llama31_instruct,h2_choice,65,main,CmDl,1,0.029299999999999993,0.029299999999999993,0.029299999999999993,0,0,0,DD,4
llama31_instruct,h2_choice,65,main,CmDl,2,0.03739999999999999,0.03739999999999999,0.03739999999999999,0,0,0,DD,4
llama31_instruct,h2_choice,65,main,CmDl,3,0.06259999999999999,0.06259999999999999,0.06259999999999999,0,0,0,DD,4
llama31_instruct,h2_choice,65,main,CmHa,0,0.07129999999999997,0.07129999999999997,0.07130000000000003,0,0,0,DD,6
llama31_instruct,h2_choice,65,main,CmHa,1,0.0665,0.0665,0.0665,0,0,0,DD,6
llama31_instruct,h2_choice,65,main,CmHa,2,0.014499999999999957,0.014499999999999957,0.014499999999999957,0,0,0,DD,6
llama31_instruct,h2_choice,65,main,CmHa,3,0.07510000000000006,0.07510000000000006,0.07510000000000006,0,0,0,DD,6
llama31_instruct,h2_choice,65,main,CmNc,0,0.04300000000000001,0.04300000000000001,0.04300000000000004,0,0,0,DD,8
llama31_instruct,h2_choice,65,main,CmNc,1,0.03689999999999999,0.03689999999999999,0.03689999999999993,0,0,0,DD,8
llama31_instruct,h2_choice,65,main,CmNc,2,0.015699999999999936,0.015699999999999936,0.015699999999999936,0,0,0,DD,8
llama31_instruct,h2_choice,65,main,CmNc,3,0.0827,0.0827,0.0827,0,0,0,DD,8
llama31_instruct,h2_choice,65,main,CoAs,0,0.09020000000000006,0.09020000000000006,0.09020000000000006,0,0,0,CO2,7
llama31_instruct,h2_choice,65,main,CoAs,1,0.11370000000000002,0.11370000000000002,0.11370000000000002,0,0,0,CO2,7
llama31_instruct,h2_choice,65,main,CoAs,2,0.06260000000000002,0.0626000000000001,0.0626000000000001,0,0,0,CO2,7
llama31_instruct,h2_choice,65,main,CoAs,3,0.0,0.0,0.0,0,0,0,CO2,7
llama31_instruct,h2_choice,65,main,CoCo,0,0.02739999999999998,0.02739999999999998,0.02739999999999998,0,0,0,CO1,7
llama31_instruct,h2_choice,65,main,CoCo,1,0.05349999999999999,0.05349999999999999,0.05349999999999999,0,0,0,CO1,7
llama31_instruct,h2_choice,65,main,CoCo,2,0.0408,0.04080000000000006,0.04080000000000006,0,0,0,CO1,7
llama31_instruct,h2_choice,65,main,CoCo,3,0.021800000000000014,0.02180000000000004,0.02180000000000004,0,0,0,CO1,7
llama31_instruct,h2_choice,65,main,CoSh,0,0.061899999999999955,0.061899999999999955,0.061899999999999955,1,1,1,CO2,8
llama31_instruct,h2_choice,65,main,CoSh,1,0.0625,0.0625,0.0625,1,1,1,CO2,8
llama31_instruct,h2_choice,65,main,CoSh,2,0.04580000000000001,0.04580000000000006,0.04580000000000006,0,0,0,CO2,8
llama31_instruct,h2_choice,65,main,CoSh,3,0.026499999999999996,0.026499999999999968,0.026499999999999968,0,0,0,CO2,8
llama31_instruct,h2_choice,65,main,HaAs,0,0.06879999999999997,0.06879999999999997,0.06879999999999997,0,0,0,OD2,7
llama31_instruct,h2_choice,65,main,HaAs,1,0.0665,0.0665,0.0665,0,0,0,OD2,7
llama31_instruct,h2_choice,65,main,HaAs,2,0.04300000000000001,0.04300000000000004,0.04300000000000004,0,0,0,OD2,7
llama31_instruct,h2_choice,65,main,HaAs,3,0.04869999999999999,0.048699999999999966,0.048699999999999966,0,0,0,OD2,7
llama31_instruct,h2_choice,65,main,HaBa,0,0.09300000000000008,0.09300000000000008,0.09300000000000008,0,0,0,OD2,9
llama31_instruct,h2_choice,65,main,HaBa,1,0.0948,0.0948,0.0948,1,1,1,OD2,9
llama31_instruct,h2_choice,65,main,HaBa,2,0.023500000000000007,0.023499999999999965,0.023499999999999965,0,0,0,OD2,9
llama31_instruct,h2_choice,65,main,HaBa,3,0.028799999999999992,0.028800000000000048,0.028800000000000048,0,0,0,OD2,9
llama31_instruct,h2_choice,65,main,HaCm,0,0.09020000000000006,0.09020000000000006,0.09020000000000006,0,0,0,DD,1
llama31_instruct,h2_choice,65,main,HaCm,1,0.08999999999999997,0.08999999999999997,0.08999999999999997,0,0,0,DD,1
llama31_instruct,h2_choice,65,main,HaCm,2,0.029299999999999993,0.029299999999999993,0.029299999999999993,0,0,0,DD,1
llama31_instruct,h2_choice,65,main,HaCm,3,0.023500000000000007,0.023499999999999965,0.023499999999999965,0,0,0,DD,1
llama31_instruct,h2_choice,65,main,HaDl,0,0.12449999999999994,0.12449999999999994,0.12449999999999994,1,1,1,DD,3
llama31_instruct,h2_choice,65,main,HaDl,1,0.10960000000000003,0.10960000000000003,0.10960000000000003,0,0,0,DD,3
llama31_instruct,h2_choice,65,main,HaDl,2,0.019600000000000006,0.019600000000000062,0.019600000000000062,0,0,0,DD,3
llama31_instruct,h2_choice,65,main,HaDl,3,0.05399999999999999,0.05400000000000005,0.05400000000000005,0,0,0,DD,3
llama31_instruct,h2_choice,65,main,HaHa,0,0.04530000000000001,0.04530000000000001,0.04530000000000001,0,0,0,DD,5
llama31_instruct,h2_choice,65,main,HaHa,1,0.09250000000000003,0.09250000000000003,0.09250000000000003,0,0,0,DD,5
llama31_instruct,h2_choice,65,main,HaHa,2,0.03140000000000001,0.031400000000000095,0.031400000000000095,0,0,0,DD,5
llama31_instruct,h2_choice,65,main,HaHa,3,0.03140000000000001,0.031400000000000095,0.031400000000000095,0,0,0,DD,5
llama31_instruct,h2_choice,65,main,HaNc,0,0.017300000000000093,0.017300000000000093,0.017300000000000093,0,0,0,DD,7
llama31_instruct,h2_choice,65,main,HaNc,1,0.059799999999999964,0.059799999999999964,0.059799999999999964,0,0,0,DD,7
llama31_instruct,h2_choice,65,main,HaNc,2,0.007599999999999996,0.00759999999999994,0.00759999999999994,0,0,0,DD,7
llama31_instruct,h2_choice,65,main,HaNc,3,0.014299999999999993,0.01429999999999998,0.01429999999999998,0,0,0,DD,7
llama31_instruct,h2_choice,65,main,HaPc,0,0.036900000000000044,0.036900000000000044,0.036900000000000044,0,0,0,DD,9
llama31_instruct,h2_choice,65,main,HaPc,1,0.07569999999999999,0.07569999999999999,0.07569999999999999,0,0,0,DD,9
llama31_instruct,h2_choice,65,main,HaPc,2,0.0126,0.012599999999999945,0.012599999999999945,0,0,0,DD,9
llama31_instruct,h2_choice,65,main,HaPc,3,0.02480000000000001,0.024799999999999933,0.024799999999999933,0,0,0,DD,9
llama31_instruct,h2_choice,65,main,HrAs,0,0.12230000000000002,0.12230000000000002,0.12230000000000008,0,0,0,MP,8
llama31_instruct,h2_choice,65,main,HrAs,1,0.0665,0.0665,0.0665,0,0,0,MP,8
llama31_instruct,h2_choice,65,main,HrAs,2,0.047800000000000065,0.047800000000000065,0.047800000000000065,0,0,0,MP,8
llama31_instruct,h2_choice,65,main,HrAs,3,0.17610000000000003,0.17610000000000003,0.17610000000000003,0,0,0,MP,8
llama31_instruct,h2_choice,65,main,HrBa,0,0.1528,0.1528,0.15280000000000005,1,1,1,CO1,2
llama31_instruct,h2_choice,65,main,HrBa,1,0.07129999999999997,0.07129999999999997,0.07130000000000003,0,0,0,CO1,2
llama31_instruct,h2_choice,65,main,HrBa,2,0.12619999999999998,0.12619999999999998,0.12619999999999998,0,0,0,CO1,2
llama31_instruct,h2_choice,65,main,HrBa,3,0.11650000000000005,0.11650000000000005,0.11650000000000005,0,0,0,CO1,2
llama31_instruct,h2_choice,65,main,HrCh,0,0.021900000000000003,0.021900000000000003,0.02190000000000003,0,0,0,CO1,4
llama31_instruct,h2_choice,65,main,HrCh,1,0.03689999999999999,0.03689999999999999,0.03689999999999993,0,0,0,CO1,4
llama31_instruct,h2_choice,65,main,HrCh,2,0.12619999999999998,0.12619999999999998,0.12619999999999998,0,0,0,CO1,4
llama31_instruct,h2_choice,65,main,HrCh,3,0.12449999999999994,0.12449999999999994,0.12449999999999994,1,1,1,CO1,4
llama31_instruct,h2_choice,65,main,HrHr,0,0.08089999999999997,0.08089999999999997,0.08089999999999997,0,0,0,CO2,2
llama31_instruct,h2_choice,65,main,HrHr,1,0.04949999999999996,0.04949999999999996,0.04949999999999999,0,0,0,CO2,2
llama31_instruct,h2_choice,65,main,HrHr,2,0.05800000000000005,0.05800000000000005,0.05800000000000005,0,0,0,CO2,2
llama31_instruct,h2_choice,65,main,HrHr,3,0.05610000000000004,0.05610000000000004,0.05610000000000004,0,0,0,CO2,2
llama31_instruct,h2_choice,65,main,ShAs,0,0.04949999999999996,0.04949999999999996,0.04949999999999996,0,0,0,CO1,8
llama31_instruct,h2_choice,65,main,ShAs,1,0.05880000000000002,0.05880000000000002,0.05880000000000002,0,0,0,CO1,8
llama31_instruct,h2_choice,65,main,ShAs,2,0.0401,0.040100000000000025,0.040100000000000025,0,0,0,CO1,8
llama31_instruct,h2_choice,65,main,ShAs,3,0.014899999999999997,0.014900000000000024,0.014900000000000024,0,0,0,CO1,8
llama31_instruct,h2_choice,65,main,ShCo,0,0.09179999999999999,0.09179999999999999,0.09179999999999999,0,0,0,CO2,9
llama31_instruct,h2_choice,65,main,ShCo,1,0.06040000000000001,0.06040000000000001,0.06040000000000001,0,0,0,CO2,9
llama31_instruct,h2_choice,65,main,ShCo,2,0.05790000000000001,0.05790000000000006,0.05790000000000006,0,0,0,CO2,9
llama31_instruct,h2_choice,65,main,ShCo,3,0.026499999999999996,0.026499999999999968,0.026499999999999968,0,0,0,CO2,9
llama31_instruct,h2_choice,65,main,ShSh,0,0.0862,0.0862,0.0862,0,0,0,CO1,9
llama31_instruct,h2_choice,65,main,ShSh,1,0.0862,0.0862,0.0862,0,0,0,CO1,9
llama31_instruct,h2_choice,65,main,ShSh,2,0.058099999999999985,0.05809999999999993,0.05809999999999993,0,0,0,CO1,9
llama31_instruct,h2_choice,65,main,ShSh,3,0.03140000000000001,0.031400000000000095,0.031400000000000095,0,0,0,CO1,9
llama31_instruct,h2_choice,65,main_perp,AsAs,0,0.05880000000000002,0.05880000000000002,0.05880000000000002,0,0,0,CO1,1
llama31_instruct,h2_choice,65,main_perp,AsAs,1,0.12269999999999998,0.12269999999999998,0.12269999999999998,1,1,1,CO1,1
llama31_instruct,h2_choice,65,main_perp,AsAs,2,0.037699999999999984,0.037699999999999956,0.037699999999999956,0,0,0,CO1,1
llama31_instruct,h2_choice,65,main_perp,AsAs,3,0.06260000000000002,0.0626000000000001,0.0626000000000001,0,0,0,CO1,1
llama31_instruct,h2_choice,65,main_perp,AsBa,0,0.0922,0.0922,0.09220000000000006,0,0,0,MP,2
llama31_instruct,h2_choice,65,main_perp,AsBa,1,0.05980000000000002,0.05980000000000002,0.059800000000000075,0,0,0,MP,2
llama31_instruct,h2_choice,65,main_perp,AsBa,2,0.07129999999999997,0.07130000000000003,0.07130000000000003,0,0,0,MP,2
llama31_instruct,h2_choice,65,main_perp,AsBa,3,0.02739999999999998,0.02739999999999998,0.02739999999999998,0,0,0,MP,2
llama31_instruct,h2_choice,65,main_perp,AsCh,0,0.08910000000000001,0.08910000000000001,0.08909999999999996,0,0,0,MP,4
llama31_instruct,h2_choice,65,main_perp,AsCh,1,0.11649999999999999,0.11649999999999999,0.11649999999999994,0,0,0,MP,4
llama31_instruct,h2_choice,65,main_perp,AsCh,2,0.0809,0.08089999999999997,0.08089999999999997,0,0,0,MP,4
llama31_instruct,h2_choice,65,main_perp,AsCh,3,0.05349999999999999,0.05349999999999999,0.05349999999999999,0,0,0,MP,4
llama31_instruct,h2_choice,65,main_perp,AsCm,0,0.11870000000000003,0.11870000000000003,0.11870000000000003,0,0,0,OD1,2
llama31_instruct,h2_choice,65,main_perp,AsCm,1,0.11870000000000003,0.11870000000000003,0.11870000000000003,0,0,0,OD1,2
llama31_instruct,h2_choice,65,main_perp,AsCm,2,0.04580000000000001,0.04580000000000006,0.04580000000000006,0,0,0,OD1,2
llama31_instruct,h2_choice,65,main_perp,AsCm,3,0.04580000000000001,0.04580000000000006,0.04580000000000006,0,0,0,OD1,2
llama31_instruct,h2_choice,65,main_perp,AsCo,0,0.06169999999999998,0.06169999999999998,0.06169999999999998,0,0,0,CO2,1
llama31_instruct,h2_choice,65,main_perp,AsCo,1,0.12439999999999996,0.12439999999999996,0.12439999999999996,1,1,1,CO2,1
llama31_instruct,h2_choice,65,main_perp,AsCo,2,0.017999999999999988,0.017999999999999905,0.017999999999999905,0,0,0,CO2,1
llama31_instruct,h2_choice,65,main_perp,AsCo,3,0.021199999999999997,0.021199999999999997,0.021199999999999997,0,0,0,CO2,1
llama31_instruct,h2_choice,65,main_perp,AsDl,0,0.12230000000000002,0.12230000000000002,0.12230000000000008,0,0,0,OD1,4
llama31_instruct,h2_choice,65,main_perp,AsDl,1,0.05880000000000002,0.05880000000000002,0.05879999999999996,0,0,0,OD1,4
llama31_instruct,h2_choice,65,main_perp,AsDl,2,0.03509999999999999,0.03510000000000002,0.03510000000000002,0,0,0,OD1,4
llama31_instruct,h2_choice,65,main_perp,AsDl,3,0.03689999999999999,0.03689999999999993,0.03689999999999993,0,0,0,OD1,4
llama31_instruct,h2_choice,65,main_perp,AsHa,0,0.08910000000000001,0.08910000000000001,0.08910000000000001,0,0,0,OD2,1
llama31_instruct,h2_choice,65,main_perp,AsHa,1,0.030100000000000016,0.030100000000000016,0.030100000000000016,0,0,0,OD2,1
llama31_instruct,h2_choice,65,main_perp,AsHa,2,0.05349999999999999,0.05349999999999999,0.05349999999999999,0,0,0,OD2,1
llama31_instruct,h2_choice,65,main_perp,AsHa,3,0.054900000000000004,0.05489999999999995,0.05489999999999995,0,0,0,OD2,1
llama31_instruct,h2_choice,65,main_perp,AsHr,0,0.14339999999999997,0.14339999999999997,0.14339999999999997,0,0,0,MP,6
llama31_instruct,h2_choice,65,main_perp,AsHr,1,0.1159,0.1159,0.1159,0,0,0,MP,6
llama31_instruct,h2_choice,65,main_perp,AsHr,2,0.058099999999999985,0.05809999999999993,0.05809999999999993,0,0,0,MP,6
llama31_instruct,h2_choice,65,main_perp,AsHr,3,0.021800000000000014,0.02180000000000004,0.02180000000000004,0,0,0,MP,6
llama31_instruct,h2_choice,65,main_perp,AsNc,0,0.054900000000000004,0.054900000000000004,0.054900000000000004,0,0,0,OD2,3
llama31_instruct,h2_choice,65,main_perp,AsNc,1,0.05880000000000002,0.05880000000000002,0.05880000000000002,0,0,0,OD2,3
llama31_instruct,h2_choice,65,main_perp,AsNc,2,0.0401,0.040100000000000025,0.040100000000000025,0,0,0,OD2,3
llama31_instruct,h2_choice,65,main_perp,AsNc,3,0.017100000000000004,0.017100000000000115,0.017100000000000115,0,0,0,OD2,3
llama31_instruct,h2_choice,65,main_perp,AsPc,0,0.12269999999999998,0.12269999999999998,0.12269999999999998,1,1,1,OD2,5
llama31_instruct,h2_choice,65,main_perp,AsPc,1,0.0625,0.0625,0.0625,0,0,0,OD2,5
llama31_instruct,h2_choice,65,main_perp,AsPc,2,0.054900000000000004,0.05489999999999995,0.05489999999999995,0,0,0,OD2,5
llama31_instruct,h2_choice,65,main_perp,AsPc,3,0.045399999999999996,0.045399999999999996,0.045399999999999996,0,0,0,OD2,5
llama31_instruct,h2_choice,65,main_perp,AsPd,0,0.12269999999999998,0.12269999999999998,0.12270000000000003,1,1,1,OD1,6
llama31_instruct,h2_choice,65,main_perp,AsPd,1,0.09000000000000002,0.09000000000000002,0.09000000000000008,0,0,0,OD1,6
llama31_instruct,h2_choice,65,main_perp,AsPd,2,0.0,0.0,0.0,0,0,0,OD1,6
llama31_instruct,h2_choice,65,main_perp,AsPd,3,0.029299999999999993,0.029299999999999993,0.029299999999999993,0,0,0,OD1,6
llama31_instruct,h2_choice,65,main_perp,AsSh,0,0.0408,0.0408,0.0408,0,0,0,CO1,3
llama31_instruct,h2_choice,65,main_perp,AsSh,1,0.08089999999999997,0.08089999999999997,0.08089999999999997,0,0,0,CO1,3
llama31_instruct,h2_choice,65,main_perp,AsSh,2,0.0494,0.0494,0.0494,0,0,0,CO1,3
llama31_instruct,h2_choice,65,main_perp,AsSh,3,0.034399999999999986,0.034399999999999986,0.034399999999999986,0,0,0,CO1,3
llama31_instruct,h2_choice,65,main_perp,BaAs,0,0.0922,0.0922,0.0922,0,0,0,MP,1
llama31_instruct,h2_choice,65,main_perp,BaAs,1,0.04949999999999996,0.04949999999999996,0.04949999999999996,0,0,0,MP,1
llama31_instruct,h2_choice,65,main_perp,BaAs,2,0.12619999999999998,0.12619999999999998,0.12619999999999998,0,0,0,MP,1
llama31_instruct,h2_choice,65,main_perp,BaAs,3,0.1784,0.1784,0.1784,1,1,1,MP,1
llama31_instruct,h2_choice,65,main_perp,BaBa,0,0.05980000000000002,0.05980000000000002,0.05980000000000002,0,0,0,CO2,3
llama31_instruct,h2_choice,65,main_perp,BaBa,1,0.025999999999999968,0.025999999999999968,0.025999999999999968,0,0,0,CO2,3
llama31_instruct,h2_choice,65,main_perp,BaBa,2,0.12449999999999994,0.12449999999999994,0.12449999999999994,1,1,1,CO2,3
llama31_instruct,h2_choice,65,main_perp,BaBa,3,0.0862,0.08619999999999994,0.08619999999999994,0,0,0,CO2,3
llama31_instruct,h2_choice,65,main_perp,BaCh,0,0.054900000000000004,0.054900000000000004,0.054900000000000004,0,0,0,CO2,4
llama31_instruct,h2_choice,65,main_perp,BaCh,1,0.04300000000000001,0.04300000000000001,0.04300000000000001,0,0,0,CO2,4
llama31_instruct,h2_choice,65,main_perp,BaCh,2,0.21449999999999997,0.21450000000000002,0.21450000000000002,1,1,1,CO2,4
llama31_instruct,h2_choice,65,main_perp,BaCh,3,0.04949999999999996,0.04949999999999999,0.04949999999999999,0,0,0,CO2,4
llama31_instruct,h2_choice,65,main_perp,BaCm,0,0.09219999999999995,0.09219999999999995,0.09219999999999995,1,1,1,OD1,1
llama31_instruct,h2_choice,65,main_perp,BaCm,1,0.08910000000000001,0.08910000000000001,0.08910000000000001,0,0,0,OD1,1
llama31_instruct,h2_choice,65,main_perp,BaCm,2,0.10850000000000004,0.10850000000000004,0.10850000000000004,0,0,0,OD1,1
llama31_instruct,h2_choice,65,main_perp,BaCm,3,0.12379999999999997,0.12380000000000002,0.12380000000000002,1,1,1,OD1,1
llama31_instruct,h2_choice,65,main_perp,BaCo,0,0.12449999999999994,0.12449999999999994,0.12449999999999994,1,1,1,MP,3
llama31_instruct,h2_choice,65,main_perp,BaCo,1,0.08850000000000002,0.08850000000000002,0.08850000000000002,0,0,0,MP,3
llama31_instruct,h2_choice,65,main_perp,BaCo,2,0.1199,0.1199,0.1199,0,0,0,MP,3
llama31_instruct,h2_choice,65,main_perp,BaCo,3,0.13860000000000006,0.13860000000000006,0.13860000000000006,0,0,0,MP,3
llama31_instruct,h2_choice,65,main_perp,BaDl,0,0.05990000000000001,0.05990000000000001,0.05990000000000001,0,0,0,OD1,3
llama31_instruct,h2_choice,65,main_perp,BaDl,1,0.05349999999999999,0.05349999999999999,0.05349999999999999,0,0,0,OD1,3
llama31_instruct,h2_choice,65,main_perp,BaDl,2,0.18309999999999998,0.18309999999999993,0.18309999999999993,1,1,1,OD1,3
llama31_instruct,h2_choice,65,main_perp,BaDl,3,0.054900000000000004,0.05489999999999995,0.05489999999999995,0,0,0,OD1,3
llama31_instruct,h2_choice,65,main_perp,BaHa,0,0.1461,0.1461,0.1461,0,0,0,OD2,2
llama31_instruct,h2_choice,65,main_perp,BaHa,1,0.05609999999999998,0.05609999999999998,0.05609999999999993,0,0,0,OD2,2
llama31_instruct,h2_choice,65,main_perp,BaHa,2,0.07990000000000008,0.07990000000000008,0.07990000000000008,0,0,0,OD2,2
llama31_instruct,h2_choice,65,main_perp,BaHa,3,0.11870000000000003,0.11870000000000003,0.11870000000000003,0,0,0,OD2,2
llama31_instruct,h2_choice,65,main_perp,BaHr,0,0.09419999999999995,0.09419999999999995,0.09419999999999995,1,1,1,CO1,5
llama31_instruct,h2_choice,65,main_perp,BaHr,1,0.11870000000000003,0.11870000000000003,0.11870000000000003,0,0,0,CO1,5
llama31_instruct,h2_choice,65,main_perp,BaHr,2,0.14590000000000003,0.14590000000000003,0.14590000000000003,0,0,0,CO1,5
llama31_instruct,h2_choice,65,main_perp,BaHr,3,0.11370000000000002,0.11370000000000002,0.11370000000000002,0,0,0,CO1,5
llama31_instruct,h2_choice,65,main_perp,BaNc,0,0.12230000000000002,0.12230000000000002,0.12230000000000008,0,0,0,OD2,4
llama31_instruct,h2_choice,65,main_perp,BaNc,1,0.04949999999999996,0.04949999999999996,0.04949999999999999,0,0,0,OD2,4
llama31_instruct,h2_choice,65,main_perp,BaNc,2,0.14790000000000003,0.14790000000000003,0.14790000000000003,0,0,0,OD2,4
llama31_instruct,h2_choice,65,main_perp,BaNc,3,0.1461,0.1461,0.1461,0,0,0,OD2,4
llama31_instruct,h2_choice,65,main_perp,BaPc,0,0.12619999999999998,0.12619999999999998,0.12619999999999998,0,0,0,OD2,6
llama31_instruct,h2_choice,65,main_perp,BaPc,1,0.1245,0.1245,0.12450000000000006,1,1,1,OD2,6
llama31_instruct,h2_choice,65,main_perp,BaPc,2,0.14739999999999998,0.14739999999999998,0.14739999999999998,0,0,0,OD2,6
llama31_instruct,h2_choice,65,main_perp,BaPc,3,0.12229999999999996,0.12229999999999996,0.12229999999999996,1,1,1,OD2,6
llama31_instruct,h2_choice,65,main_perp,BaPd,0,0.05349999999999999,0.05349999999999999,0.05349999999999999,0,0,0,OD1,5
llama31_instruct,h2_choice,65,main_perp,BaPd,1,0.04530000000000001,0.04530000000000001,0.04530000000000001,0,0,0,OD1,5
llama31_instruct,h2_choice,65,main_perp,BaPd,2,0.1084,0.10840000000000005,0.10840000000000005,0,0,0,OD1,5
llama31_instruct,h2_choice,65,main_perp,BaPd,3,0.04620000000000002,0.04620000000000002,0.04620000000000002,0,0,0,OD1,5
llama31_instruct,h2_choice,65,main_perp,BaSh,0,0.06040000000000001,0.06040000000000001,0.06040000000000001,0,0,0,MP,5
llama31_instruct,h2_choice,65,main_perp,BaSh,1,0.07129999999999997,0.07129999999999997,0.07129999999999997,0,0,0,MP,5
llama31_instruct,h2_choice,65,main_perp,BaSh,2,0.15490000000000004,0.15490000000000004,0.15490000000000004,0,0,0,MP,5
llama31_instruct,h2_choice,65,main_perp,BaSh,3,0.15100000000000002,0.15100000000000002,0.15100000000000002,0,0,0,MP,5
llama31_instruct,h2_choice,65,main_perp,ChAs,0,0.06169999999999998,0.06169999999999998,0.06169999999999998,0,0,0,MP,7
llama31_instruct,h2_choice,65,main_perp,ChAs,1,0.029700000000000004,0.029700000000000004,0.029700000000000004,0,0,0,MP,7
llama31_instruct,h2_choice,65,main_perp,ChAs,2,0.12,0.12,0.12,0,0,0,MP,7
llama31_instruct,h2_choice,65,main_perp,ChAs,3,0.11870000000000003,0.11870000000000003,0.11870000000000003,0,0,0,MP,7
llama31_instruct,h2_choice,65,main_perp,ChBa,0,0.1159,0.1159,0.1159,0,0,0,CO2,5
llama31_instruct,h2_choice,65,main_perp,ChBa,1,0.05609999999999998,0.05609999999999998,0.05609999999999998,0,0,0,CO2,5
llama31_instruct,h2_choice,65,main_perp,ChBa,2,0.08999999999999997,0.08999999999999997,0.08999999999999997,0,0,0,CO2,5
llama31_instruct,h2_choice,65,main_perp,ChBa,3,0.05990000000000001,0.059900000000000064,0.059900000000000064,0,0,0,CO2,5
llama31_instruct,h2_choice,65,main_perp,ChCh,0,0.09330000000000005,0.09330000000000005,0.09330000000000005,1,1,1,CO2,6
llama31_instruct,h2_choice,65,main_perp,ChCh,1,0.08850000000000002,0.08850000000000002,0.08850000000000002,0,0,0,CO2,6
llama31_instruct,h2_choice,65,main_perp,ChCh,2,0.15459999999999996,0.15459999999999996,0.15459999999999996,1,1,1,CO2,6
llama31_instruct,h2_choice,65,main_perp,ChCh,3,0.030100000000000016,0.030100000000000016,0.030100000000000016,0,0,0,CO2,6
llama31_instruct,h2_choice,65,main_perp,ChCm,0,0.1632,0.1632,0.1632,0,0,0,OD1,7
llama31_instruct,h2_choice,65,main_perp,ChCm,1,0.08999999999999997,0.08999999999999997,0.08999999999999997,0,0,0,OD1,7
llama31_instruct,h2_choice,65,main_perp,ChCm,2,0.13860000000000006,0.13860000000000006,0.13860000000000006,0,0,0,OD1,7
llama31_instruct,h2_choice,65,main_perp,ChCm,3,0.09419999999999995,0.09419999999999995,0.09419999999999995,1,1,1,OD1,7
llama31_instruct,h2_choice,65,main_perp,ChCo,0,0.12229999999999996,0.12229999999999996,0.12229999999999996,1,1,1,MP,9
llama31_instruct,h2_choice,65,main_perp,ChCo,1,0.06040000000000001,0.06040000000000001,0.06040000000000001,0,0,0,MP,9
llama31_instruct,h2_choice,65,main_perp,ChCo,2,0.15490000000000004,0.15490000000000004,0.15490000000000004,0,0,0,MP,9
llama31_instruct,h2_choice,65,main_perp,ChCo,3,0.12379999999999997,0.12380000000000002,0.12380000000000002,1,1,1,MP,9
llama31_instruct,h2_choice,65,main_perp,ChDl,0,0.08910000000000007,0.08910000000000007,0.08910000000000007,0,0,0,OD1,9
llama31_instruct,h2_choice,65,main_perp,ChDl,1,0.030200000000000005,0.030200000000000005,0.030200000000000005,0,0,0,OD1,9
llama31_instruct,h2_choice,65,main_perp,ChDl,2,0.17000000000000004,0.17000000000000004,0.17000000000000004,0,0,0,OD1,9
llama31_instruct,h2_choice,65,main_perp,ChDl,3,0.1461,0.1461,0.1461,0,0,0,OD1,9
llama31_instruct,h2_choice,65,main_perp,ChHa,0,0.09219999999999995,0.09219999999999995,0.09219999999999995,1,1,1,OD2,8
llama31_instruct,h2_choice,65,main_perp,ChHa,1,0.031399999999999983,0.031399999999999983,0.031400000000000095,0,0,0,OD2,8
llama31_instruct,h2_choice,65,main_perp,ChHa,2,0.05789999999999995,0.05789999999999995,0.05789999999999995,0,0,0,OD2,8
llama31_instruct,h2_choice,65,main_perp,ChHa,3,0.18510000000000004,0.18510000000000004,0.18510000000000004,0,0,0,OD2,8
llama31_instruct,h2_choice,65,main_perp,ChHr,0,0.15580000000000005,0.15580000000000005,0.15580000000000005,1,1,1,CO1,6
llama31_instruct,h2_choice,65,main_perp,ChHr,1,0.12449999999999994,0.12449999999999994,0.12449999999999994,1,1,1,CO1,6
llama31_instruct,h2_choice,65,main_perp,ChHr,2,0.09750000000000003,0.09750000000000003,0.09750000000000003,0,0,0,CO1,6
llama31_instruct,h2_choice,65,main_perp,ChHr,3,0.12439999999999996,0.12439999999999996,0.12439999999999996,1,1,1,CO1,6
llama31_instruct,h2_choice,65,main_perp,CmAs,0,0.0408,0.0408,0.04080000000000006,0,0,0,OD1,8
llama31_instruct,h2_choice,65,main_perp,CmAs,1,0.03140000000000001,0.03140000000000001,0.031400000000000095,0,0,0,OD1,8
llama31_instruct,h2_choice,65,main_perp,CmAs,2,0.020299999999999985,0.020299999999999985,0.020299999999999985,0,0,0,OD1,8
llama31_instruct,h2_choice,65,main_perp,CmAs,3,0.07169999999999999,0.07169999999999999,0.07169999999999999,0,0,0,OD1,8
llama31_instruct,h2_choice,65,main_perp,CmCm,0,0.045399999999999996,0.045399999999999996,0.045399999999999996,0,0,0,DD,2
llama31_instruct,h2_choice,65,main_perp,CmCm,1,0.019600000000000006,0.019600000000000006,0.019600000000000062,0,0,0,DD,2
llama31_instruct,h2_choice,65,main_perp,CmCm,2,0.03389999999999993,0.03389999999999993,0.03389999999999993,0,0,0,DD,2
llama31_instruct,h2_choice,65,main_perp,CmCm,3,0.08660000000000001,0.08660000000000001,0.08660000000000001,0,0,0,DD,2
llama31_instruct,h2_choice,65,main_perp,CmDl,0,0.04139999999999999,0.04139999999999999,0.04139999999999999,0,0,0,DD,4
llama31_instruct,h2_choice,65,main_perp,CmDl,1,0.04580000000000001,0.04580000000000001,0.04580000000000006,0,0,0,DD,4
llama31_instruct,h2_choice,65,main_perp,CmDl,2,0.04830000000000001,0.04830000000000001,0.04830000000000001,0,0,0,DD,4
llama31_instruct,h2_choice,65,main_perp,CmDl,3,0.04069999999999996,0.04069999999999996,0.04069999999999996,0,0,0,DD,4
llama31_instruct,h2_choice,65,main_perp,CmHa,0,0.07129999999999997,0.07129999999999997,0.07130000000000003,0,0,0,DD,6
llama31_instruct,h2_choice,65,main_perp,CmHa,1,0.0464,0.0464,0.0464,0,0,0,DD,6
llama31_instruct,h2_choice,65,main_perp,CmHa,2,0.023900000000000032,0.023900000000000032,0.023900000000000032,0,0,0,DD,6
llama31_instruct,h2_choice,65,main_perp,CmHa,3,0.08940000000000003,0.08940000000000003,0.08940000000000003,0,0,0,DD,6
llama31_instruct,h2_choice,65,main_perp,CmNc,0,0.04300000000000001,0.04300000000000001,0.04300000000000004,0,0,0,DD,8
llama31_instruct,h2_choice,65,main_perp,CmNc,1,0.03689999999999999,0.03689999999999999,0.03689999999999993,0,0,0,DD,8
llama31_instruct,h2_choice,65,main_perp,CmNc,2,0.024799999999999933,0.024799999999999933,0.024799999999999933,0,0,0,DD,8
llama31_instruct,h2_choice,65,main_perp,CmNc,3,0.08660000000000001,0.08660000000000001,0.08660000000000001,0,0,0,DD,8
llama31_instruct,h2_choice,65,main_perp,CoAs,0,0.1461,0.1461,0.1461,0,0,0,CO2,7
llama31_instruct,h2_choice,65,main_perp,CoAs,1,0.14339999999999997,0.14339999999999997,0.14339999999999997,0,0,0,CO2,7
llama31_instruct,h2_choice,65,main_perp,CoAs,2,0.06260000000000002,0.0626000000000001,0.0626000000000001,0,0,0,CO2,7
llama31_instruct,h2_choice,65,main_perp,CoAs,3,0.03689999999999999,0.03689999999999993,0.03689999999999993,0,0,0,CO2,7
llama31_instruct,h2_choice,65,main_perp,CoCo,0,0.08360000000000001,0.08360000000000001,0.08360000000000001,0,0,0,CO1,7
llama31_instruct,h2_choice,65,main_perp,CoCo,1,0.11370000000000002,0.11370000000000002,0.11370000000000002,0,0,0,CO1,7
llama31_instruct,h2_choice,65,main_perp,CoCo,2,0.06260000000000002,0.0626000000000001,0.0626000000000001,0,0,0,CO1,7
llama31_instruct,h2_choice,65,main_perp,CoCo,3,0.024599999999999983,0.024599999999999955,0.024599999999999955,0,0,0,CO1,7
llama31_instruct,h2_choice,65,main_perp,CoSh,0,0.12449999999999994,0.12449999999999994,0.12449999999999994,1,1,1,CO2,8
llama31_instruct,h2_choice,65,main_perp,CoSh,1,0.08999999999999997,0.08999999999999997,0.08999999999999997,0,0,0,CO2,8
llama31_instruct,h2_choice,65,main_perp,CoSh,2,0.0528,0.05279999999999996,0.05279999999999996,0,0,0,CO2,8
llama31_instruct,h2_choice,65,main_perp,CoSh,3,0.026499999999999996,0.026499999999999968,0.026499999999999968,0,0,0,CO2,8
llama31_instruct,h2_choice,65,main_perp,HaAs,0,0.04870000000000008,0.04870000000000008,0.04870000000000008,0,0,0,OD2,7
llama31_instruct,h2_choice,65,main_perp,HaAs,1,0.08609999999999995,0.08609999999999995,0.08609999999999995,0,0,0,OD2,7
llama31_instruct,h2_choice,65,main_perp,HaAs,2,0.021800000000000014,0.02180000000000004,0.02180000000000004,0,0,0,OD2,7
llama31_instruct,h2_choice,65,main_perp,HaAs,3,0.04869999999999999,0.048699999999999966,0.048699999999999966,0,0,0,OD2,7
llama31_instruct,h2_choice,65,main_perp,HaBa,0,0.15100000000000002,0.15100000000000002,0.15100000000000002,1,1,1,OD2,9
llama31_instruct,h2_choice,65,main_perp,HaBa,1,0.125,0.125,0.125,1,1,1,OD2,9
llama31_instruct,h2_choice,65,main_perp,HaBa,2,0.023500000000000007,0.023499999999999965,0.023499999999999965,0,0,0,OD2,9
llama31_instruct,h2_choice,65,main_perp,HaBa,3,0.04530000000000001,0.04530000000000012,0.04530000000000012,0,0,0,OD2,9
llama31_instruct,h2_choice,65,main_perp,HaCm,0,0.11760000000000004,0.11760000000000004,0.11760000000000004,0,0,0,DD,1
llama31_instruct,h2_choice,65,main_perp,HaCm,1,0.12229999999999996,0.12229999999999996,0.12229999999999996,1,1,1,DD,1
llama31_instruct,h2_choice,65,main_perp,HaCm,2,0.029299999999999993,0.029299999999999993,0.029299999999999993,0,0,0,DD,1
llama31_instruct,h2_choice,65,main_perp,HaCm,3,0.023500000000000007,0.023499999999999965,0.023499999999999965,0,0,0,DD,1
llama31_instruct,h2_choice,65,main_perp,HaDl,0,0.21570000000000006,0.21570000000000006,0.21570000000000006,1,1,1,DD,3
llama31_instruct,h2_choice,65,main_perp,HaDl,1,0.13970000000000005,0.13970000000000005,0.13970000000000005,0,0,0,DD,3
llama31_instruct,h2_choice,65,main_perp,HaDl,2,0.03689999999999999,0.03689999999999993,0.03689999999999993,0,0,0,DD,3
llama31_instruct,h2_choice,65,main_perp,HaDl,3,0.017299999999999982,0.01729999999999987,0.01729999999999987,0,0,0,DD,3
llama31_instruct,h2_choice,65,main_perp,HaHa,0,0.04870000000000008,0.04870000000000008,0.04870000000000008,0,0,0,DD,5
llama31_instruct,h2_choice,65,main_perp,HaHa,1,0.12940000000000007,0.12940000000000007,0.12940000000000007,0,0,0,DD,5
llama31_instruct,h2_choice,65,main_perp,HaHa,2,0.04869999999999999,0.048699999999999966,0.048699999999999966,0,0,0,DD,5
llama31_instruct,h2_choice,65,main_perp,HaHa,3,0.03140000000000001,0.031400000000000095,0.031400000000000095,0,0,0,DD,5
llama31_instruct,h2_choice,65,main_perp,HaNc,0,0.0344000000000001,0.0344000000000001,0.0344000000000001,0,0,0,DD,7
llama31_instruct,h2_choice,65,main_perp,HaNc,1,0.08850000000000002,0.08850000000000002,0.08850000000000002,0,0,0,DD,7
llama31_instruct,h2_choice,65,main_perp,HaNc,2,0.014299999999999993,0.01429999999999998,0.01429999999999998,0,0,0,DD,7
llama31_instruct,h2_choice,65,main_perp,HaNc,3,0.014299999999999993,0.01429999999999998,0.01429999999999998,0,0,0,DD,7
llama31_instruct,h2_choice,65,main_perp,HaPc,0,0.08940000000000003,0.08940000000000003,0.08940000000000003,0,0,0,DD,9
llama31_instruct,h2_choice,65,main_perp,HaPc,1,0.10439999999999994,0.10439999999999994,0.10439999999999994,0,0,0,DD,9
llama31_instruct,h2_choice,65,main_perp,HaPc,2,0.0126,0.012599999999999945,0.012599999999999945,0,0,0,DD,9
llama31_instruct,h2_choice,65,main_perp,HaPc,3,0.017400000000000013,0.01739999999999997,0.01739999999999997,0,0,0,DD,9
llama31_instruct,h2_choice,65,main_perp,HrAs,0,0.1528,0.1528,0.15280000000000005,1,1,1,MP,8
llama31_instruct,h2_choice,65,main_perp,HrAs,1,0.023499999999999993,0.023499999999999993,0.023499999999999965,0,0,0,MP,8
llama31_instruct,h2_choice,65,main_perp,HrAs,2,0.05690000000000006,0.05690000000000006,0.05690000000000006,0,0,0,MP,8
llama31_instruct,h2_choice,65,main_perp,HrAs,3,0.17610000000000003,0.17610000000000003,0.17610000000000003,0,0,0,MP,8
llama31_instruct,h2_choice,65,main_perp,HrBa,0,0.1815,0.1815,0.1815,1,1,1,CO1,2
llama31_instruct,h2_choice,65,main_perp,HrBa,1,0.07129999999999997,0.07129999999999997,0.07130000000000003,0,0,0,CO1,2
llama31_instruct,h2_choice,65,main_perp,HrBa,2,0.0988,0.0988,0.0988,0,0,0,CO1,2
llama31_instruct,h2_choice,65,main_perp,HrBa,3,0.22309999999999997,0.22309999999999997,0.22309999999999997,0,0,0,CO1,2
llama31_instruct,h2_choice,65,main_perp,HrCh,0,0.0665,0.0665,0.0665,0,0,0,CO1,4
llama31_instruct,h2_choice,65,main_perp,HrCh,1,0.017299999999999982,0.017299999999999982,0.01729999999999987,0,0,0,CO1,4
llama31_instruct,h2_choice,65,main_perp,HrCh,2,0.14739999999999998,0.14739999999999998,0.14739999999999998,0,0,0,CO1,4
llama31_instruct,h2_choice,65,main_perp,HrCh,3,0.09219999999999995,0.09219999999999995,0.09219999999999995,1,1,1,CO1,4
llama31_instruct,h2_choice,65,main_perp,HrHr,0,0.10959999999999998,0.10959999999999998,0.10959999999999992,0,0,0,CO2,2
llama31_instruct,h2_choice,65,main_perp,HrHr,1,0.024599999999999983,0.024599999999999983,0.024599999999999955,0,0,0,CO2,2
llama31_instruct,h2_choice,65,main_perp,HrHr,2,0.07990000000000008,0.07990000000000008,0.07990000000000008,0,0,0,CO2,2
llama31_instruct,h2_choice,65,main_perp,HrHr,3,0.08360000000000001,0.08360000000000001,0.08360000000000001,0,0,0,CO2,2
llama31_instruct,h2_choice,65,main_perp,ShAs,0,0.10439999999999997,0.10439999999999997,0.10439999999999997,0,0,0,CO1,8
llama31_instruct,h2_choice,65,main_perp,ShAs,1,0.1205,0.1205,0.1205,0,0,0,CO1,8
llama31_instruct,h2_choice,65,main_perp,ShAs,2,0.021199999999999997,0.021199999999999997,0.021199999999999997,0,0,0,CO1,8
llama31_instruct,h2_choice,65,main_perp,ShAs,3,0.0005999999999999894,0.0006000000000000449,0.0006000000000000449,0,0,0,CO1,8
llama31_instruct,h2_choice,65,main_perp,ShCo,0,0.09179999999999999,0.09179999999999999,0.09179999999999999,0,0,0,CO2,9
llama31_instruct,h2_choice,65,main_perp,ShCo,1,0.06040000000000001,0.06040000000000001,0.06040000000000001,0,0,0,CO2,9
llama31_instruct,h2_choice,65,main_perp,ShCo,2,0.04580000000000001,0.04580000000000006,0.04580000000000006,0,0,0,CO2,9
llama31_instruct,h2_choice,65,main_perp,ShCo,3,0.026499999999999996,0.026499999999999968,0.026499999999999968,0,0,0,CO2,9
llama31_instruct,h2_choice,65,main_perp,ShSh,0,0.0862,0.0862,0.0862,0,0,0,CO1,9
llama31_instruct,h2_choice,65,main_perp,ShSh,1,0.08910000000000001,0.08910000000000001,0.08910000000000001,0,0,0,CO1,9
llama31_instruct,h2_choice,65,main_perp,ShSh,2,0.058099999999999985,0.05809999999999993,0.05809999999999993,0,0,0,CO1,9
llama31_instruct,h2_choice,65,main_perp,ShSh,3,0.03140000000000001,0.031400000000000095,0.031400000000000095,0,0,0,CO1,9
llama31_instruct,h2_choice,65,random,AsAs,0,0.1754,0.1754,0.1754,0,0,0,CO1,1
llama31_instruct,h2_choice,65,random,AsAs,1,0.029600000000000015,0.029600000000000015,0.029600000000000015,0,0,0,CO1,1
llama31_instruct,h2_choice,65,random,AsAs,2,0.0408,0.04080000000000006,0.04080000000000006,0,0,0,CO1,1
llama31_instruct,h2_choice,65,random,AsAs,3,0.04530000000000001,0.04530000000000001,0.04530000000000001,0,0,0,CO1,1
llama31_instruct,h2_choice,65,random,AsBa,0,0.18330000000000002,0.18330000000000002,0.18330000000000002,1,1,1,MP,2
llama31_instruct,h2_choice,65,random,AsBa,1,0.08850000000000002,0.08850000000000002,0.08850000000000002,0,0,0,MP,2
llama31_instruct,h2_choice,65,random,AsBa,2,0.12619999999999998,0.12619999999999998,0.12619999999999998,0,0,0,MP,2
llama31_instruct,h2_choice,65,random,AsBa,3,0.054900000000000004,0.05489999999999995,0.05489999999999995,0,0,0,MP,2
llama31_instruct,h2_choice,65,random,AsCh,0,0.1461,0.1461,0.1461,0,0,0,MP,4
llama31_instruct,h2_choice,65,random,AsCh,1,0.08850000000000002,0.08850000000000002,0.08850000000000002,0,0,0,MP,4
llama31_instruct,h2_choice,65,random,AsCh,2,0.06260000000000002,0.0626000000000001,0.0626000000000001,0,0,0,MP,4
llama31_instruct,h2_choice,65,random,AsCh,3,0.07979999999999998,0.07979999999999998,0.07979999999999998,0,0,0,MP,4
llama31_instruct,h2_choice,65,random,AsCm,0,0.1461,0.1461,0.1461,0,0,0,OD1,2
llama31_instruct,h2_choice,65,random,AsCm,1,0.08999999999999997,0.08999999999999997,0.08999999999999997,0,0,0,OD1,2
llama31_instruct,h2_choice,65,random,AsCm,2,0.04580000000000001,0.04580000000000006,0.04580000000000006,0,0,0,OD1,2
llama31_instruct,h2_choice,65,random,AsCm,3,0.03140000000000001,0.031400000000000095,0.031400000000000095,0,0,0,OD1,2
llama31_instruct,h2_choice,65,random,AsCo,0,0.15460000000000002,0.15460000000000002,0.15460000000000002,1,1,1,CO2,1
llama31_instruct,h2_choice,65,random,AsCo,1,0.0922,0.0922,0.0922,0,0,0,CO2,1
llama31_instruct,h2_choice,65,random,AsCo,2,0.0534,0.0534,0.0534,0,0,0,CO2,1
llama31_instruct,h2_choice,65,random,AsCo,3,0.0665,0.0665,0.0665,0,0,0,CO2,1
llama31_instruct,h2_choice,65,random,AsDl,0,0.2107,0.2107,0.2107,1,1,1,OD1,4
llama31_instruct,h2_choice,65,random,AsDl,1,0.08850000000000002,0.08850000000000002,0.08850000000000002,0,0,0,OD1,4
llama31_instruct,h2_choice,65,random,AsDl,2,0.017299999999999982,0.01729999999999987,0.01729999999999987,0,0,0,OD1,4
llama31_instruct,h2_choice,65,random,AsDl,3,0.037500000000000006,0.03749999999999998,0.03749999999999998,0,0,0,OD1,4
llama31_instruct,h2_choice,65,random,AsHa,0,0.1461,0.1461,0.1461,0,0,0,OD2,1
llama31_instruct,h2_choice,65,random,AsHa,1,0.05980000000000002,0.05980000000000002,0.05980000000000002,0,0,0,OD2,1
llama31_instruct,h2_choice,65,random,AsHa,2,0.0988,0.0988,0.0988,0,0,0,OD2,1
llama31_instruct,h2_choice,65,random,AsHa,3,0.054900000000000004,0.05489999999999995,0.05489999999999995,0,0,0,OD2,1
llama31_instruct,h2_choice,65,random,AsHr,0,0.11650000000000005,0.11650000000000005,0.11650000000000005,0,0,0,MP,6
llama31_instruct,h2_choice,65,random,AsHr,1,0.08999999999999997,0.08999999999999997,0.08999999999999997,0,0,0,MP,6
llama31_instruct,h2_choice,65,random,AsHr,2,0.05399999999999999,0.05400000000000005,0.05400000000000005,0,0,0,MP,6
llama31_instruct,h2_choice,65,random,AsHr,3,0.04300000000000001,0.04300000000000004,0.04300000000000004,0,0,0,MP,6
llama31_instruct,h2_choice,65,random,AsNc,0,0.1996,0.1996,0.1996,0,0,0,OD2,3
llama31_instruct,h2_choice,65,random,AsNc,1,0.05880000000000002,0.05880000000000002,0.05880000000000002,0,0,0,OD2,3
llama31_instruct,h2_choice,65,random,AsNc,2,0.0854,0.08540000000000003,0.08540000000000003,0,0,0,OD2,3
llama31_instruct,h2_choice,65,random,AsNc,3,0.034399999999999986,0.034399999999999986,0.034399999999999986,0,0,0,OD2,3
llama31_instruct,h2_choice,65,random,AsPc,0,0.15100000000000002,0.15100000000000002,0.15100000000000002,0,0,0,OD2,5
llama31_instruct,h2_choice,65,random,AsPc,1,0.0948,0.0948,0.0948,1,1,1,OD2,5
llama31_instruct,h2_choice,65,random,AsPc,2,0.08360000000000001,0.0835999999999999,0.0835999999999999,0,0,0,OD2,5
llama31_instruct,h2_choice,65,random,AsPc,3,0.0665,0.0665,0.0665,0,0,0,OD2,5
llama31_instruct,h2_choice,65,random,AsPd,0,0.21449999999999997,0.21449999999999997,0.21450000000000002,1,1,1,OD1,6
llama31_instruct,h2_choice,65,random,AsPd,1,0.11870000000000003,0.11870000000000003,0.11870000000000003,0,0,0,OD1,6
llama31_instruct,h2_choice,65,random,AsPd,2,0.04580000000000001,0.04580000000000006,0.04580000000000006,0,0,0,OD1,6
llama31_instruct,h2_choice,65,random,AsPd,3,0.03140000000000001,0.031400000000000095,0.031400000000000095,0,0,0,OD1,6
llama31_instruct,h2_choice,65,random,AsSh,0,0.0665,0.0665,0.0665,0,0,0,CO1,3
llama31_instruct,h2_choice,65,random,AsSh,1,0.08360000000000001,0.08360000000000001,0.08360000000000001,0,0,0,CO1,3
llama31_instruct,h2_choice,65,random,AsSh,2,0.0338,0.03379999999999994,0.03379999999999994,0,0,0,CO1,3
llama31_instruct,h2_choice,65,random,AsSh,3,0.03689999999999999,0.03689999999999993,0.03689999999999993,0,0,0,CO1,3
llama31_instruct,h2_choice,65,random,BaAs,0,0.15460000000000002,0.15460000000000002,0.15460000000000002,1,1,1,MP,1
llama31_instruct,h2_choice,65,random,BaAs,1,0.05349999999999999,0.05349999999999999,0.05349999999999999,0,0,0,MP,1
llama31_instruct,h2_choice,65,random,BaAs,2,0.12,0.12,0.12,0,0,0,MP,1
llama31_instruct,h2_choice,65,random,BaAs,3,0.058800000000000074,0.058800000000000074,0.058800000000000074,0,0,0,MP,1
llama31_instruct,h2_choice,65,random,BaBa,0,0.15100000000000002,0.15100000000000002,0.15100000000000002,0,0,0,CO2,3
llama31_instruct,h2_choice,65,random,BaBa,1,0.05349999999999999,0.05349999999999999,0.05349999999999999,0,0,0,CO2,3
llama31_instruct,h2_choice,65,random,BaBa,2,0.18479999999999996,0.18479999999999996,0.18479999999999996,1,1,1,CO2,3
llama31_instruct,h2_choice,65,random,BaBa,3,0.05880000000000002,0.05879999999999996,0.05879999999999996,0,0,0,CO2,3
llama31_instruct,h2_choice,65,random,BaCh,0,0.15489999999999998,0.15489999999999998,0.15489999999999998,0,0,0,CO2,4
llama31_instruct,h2_choice,65,random,BaCh,1,0.04530000000000001,0.04530000000000001,0.04530000000000001,0,0,0,CO2,4
llama31_instruct,h2_choice,65,random,BaCh,2,0.0922,0.09220000000000006,0.09220000000000006,0,0,0,CO2,4
llama31_instruct,h2_choice,65,random,BaCh,3,0.025999999999999968,0.026000000000000023,0.026000000000000023,0,0,0,CO2,4
llama31_instruct,h2_choice,65,random,BaCm,0,0.12449999999999994,0.12449999999999994,0.12449999999999994,1,1,1,OD1,1
llama31_instruct,h2_choice,65,random,BaCm,1,0.028700000000000003,0.028700000000000003,0.028700000000000003,0,0,0,OD1,1
llama31_instruct,h2_choice,65,random,BaCm,2,0.11370000000000002,0.11370000000000002,0.11370000000000002,0,0,0,OD1,1
llama31_instruct,h2_choice,65,random,BaCm,3,0.12449999999999994,0.12449999999999994,0.12449999999999994,1,1,1,OD1,1
llama31_instruct,h2_choice,65,random,BaCo,0,0.125,0.125,0.125,1,1,1,MP,3
llama31_instruct,h2_choice,65,random,BaCo,1,0.11970000000000003,0.11970000000000003,0.11970000000000003,0,0,0,MP,3
llama31_instruct,h2_choice,65,random,BaCo,2,0.12940000000000007,0.12940000000000007,0.12940000000000007,0,0,0,MP,3
llama31_instruct,h2_choice,65,random,BaCo,3,0.11370000000000002,0.11370000000000002,0.11370000000000002,0,0,0,MP,3
llama31_instruct,h2_choice,65,random,BaDl,0,0.12230000000000002,0.12230000000000002,0.12230000000000002,0,0,0,OD1,3
llama31_instruct,h2_choice,65,random,BaDl,1,0.05349999999999999,0.05349999999999999,0.05349999999999999,0,0,0,OD1,3
llama31_instruct,h2_choice,65,random,BaDl,2,0.15409999999999996,0.15410000000000001,0.15410000000000001,1,1,1,OD1,3
llama31_instruct,h2_choice,65,random,BaDl,3,0.05609999999999998,0.05609999999999993,0.05609999999999993,0,0,0,OD1,3
llama31_instruct,h2_choice,65,random,BaHa,0,0.2107,0.2107,0.2107,1,1,1,OD2,2
llama31_instruct,h2_choice,65,random,BaHa,1,0.0862,0.0862,0.08619999999999994,0,0,0,OD2,2
llama31_instruct,h2_choice,65,random,BaHa,2,0.11209999999999998,0.11209999999999998,0.11209999999999998,0,0,0,OD2,2
llama31_instruct,h2_choice,65,random,BaHa,3,0.08999999999999997,0.08999999999999997,0.08999999999999997,0,0,0,OD2,2
llama31_instruct,h2_choice,65,random,BaHr,0,0.18439999999999995,0.18439999999999995,0.18439999999999995,1,1,1,CO1,5
llama31_instruct,h2_choice,65,random,BaHr,1,0.05980000000000002,0.05980000000000002,0.05980000000000002,0,0,0,CO1,5
llama31_instruct,h2_choice,65,random,BaHr,2,0.14650000000000007,0.14650000000000007,0.14650000000000007,0,0,0,CO1,5
llama31_instruct,h2_choice,65,random,BaHr,3,0.1461,0.1461,0.1461,0,0,0,CO1,5
llama31_instruct,h2_choice,65,random,BaNc,0,0.15100000000000002,0.15100000000000002,0.15100000000000002,0,0,0,OD2,4
llama31_instruct,h2_choice,65,random,BaNc,1,0.04949999999999996,0.04949999999999996,0.04949999999999999,0,0,0,OD2,4
llama31_instruct,h2_choice,65,random,BaNc,2,0.20030000000000003,0.20030000000000003,0.20030000000000003,0,0,0,OD2,4
llama31_instruct,h2_choice,65,random,BaNc,3,0.05980000000000002,0.059800000000000075,0.059800000000000075,0,0,0,OD2,4
llama31_instruct,h2_choice,65,random,BaPc,0,0.1331,0.1331,0.1331,0,0,0,OD2,6
llama31_instruct,h2_choice,65,random,BaPc,1,0.1245,0.1245,0.12450000000000006,1,1,1,OD2,6
llama31_instruct,h2_choice,65,random,BaPc,2,0.12,0.12,0.12,0,0,0,OD2,6
llama31_instruct,h2_choice,65,random,BaPc,3,0.02969999999999995,0.02969999999999995,0.02969999999999995,0,0,0,OD2,6
llama31_instruct,h2_choice,65,random,BaPd,0,0.10959999999999998,0.10959999999999998,0.10959999999999998,0,0,0,OD1,5
llama31_instruct,h2_choice,65,random,BaPd,1,0.04530000000000001,0.04530000000000001,0.04530000000000001,0,0,0,OD1,5
llama31_instruct,h2_choice,65,random,BaPd,2,0.08360000000000001,0.0835999999999999,0.0835999999999999,0,0,0,OD1,5
llama31_instruct,h2_choice,65,random,BaPd,3,0.04530000000000001,0.04530000000000001,0.04530000000000001,0,0,0,OD1,5
llama31_instruct,h2_choice,65,random,BaSh,0,0.09000000000000002,0.09000000000000002,0.09000000000000002,0,0,0,MP,5
llama31_instruct,h2_choice,65,random,BaSh,1,0.0464,0.0464,0.0464,0,0,0,MP,5
llama31_instruct,h2_choice,65,random,BaSh,2,0.1632,0.1632,0.1632,0,0,0,MP,5
llama31_instruct,h2_choice,65,random,BaSh,3,0.15100000000000002,0.15100000000000002,0.15100000000000002,0,0,0,MP,5
llama31_instruct,h2_choice,65,random,ChAs,0,0.11870000000000003,0.11870000000000003,0.11870000000000003,0,0,0,MP,7
llama31_instruct,h2_choice,65,random,ChAs,1,0.05980000000000002,0.05980000000000002,0.05980000000000002,0,0,0,MP,7
llama31_instruct,h2_choice,65,random,ChAs,2,0.14739999999999998,0.14739999999999998,0.14739999999999998,0,0,0,MP,7
llama31_instruct,h2_choice,65,random,ChAs,3,0.06169999999999998,0.06169999999999998,0.06169999999999998,0,0,0,MP,7
llama31_instruct,h2_choice,65,random,ChBa,0,0.2319,0.2319,0.2319,1,1,1,CO2,5
llama31_instruct,h2_choice,65,random,ChBa,1,0.05609999999999998,0.05609999999999998,0.05609999999999998,0,0,0,CO2,5
llama31_instruct,h2_choice,65,random,ChBa,2,0.15100000000000002,0.15100000000000002,0.15100000000000002,1,1,1,CO2,5
llama31_instruct,h2_choice,65,random,ChBa,3,0.12230000000000002,0.12230000000000008,0.12230000000000008,0,0,0,CO2,5
llama31_instruct,h2_choice,65,random,ChCh,0,0.09219999999999995,0.09219999999999995,0.09219999999999995,1,1,1,CO2,6
llama31_instruct,h2_choice,65,random,ChCh,1,0.0862,0.0862,0.0862,0,0,0,CO2,6
llama31_instruct,h2_choice,65,random,ChCh,2,0.12449999999999994,0.12449999999999994,0.12449999999999994,1,1,1,CO2,6
llama31_instruct,h2_choice,65,random,ChCh,3,0.05980000000000002,0.059800000000000075,0.059800000000000075,0,0,0,CO2,6
llama31_instruct,h2_choice,65,random,ChCm,0,0.18510000000000004,0.18510000000000004,0.18510000000000004,0,0,0,OD1,7
llama31_instruct,h2_choice,65,random,ChCm,1,0.0615,0.0615,0.0615,0,0,0,OD1,7
llama31_instruct,h2_choice,65,random,ChCm,2,0.11650000000000005,0.11650000000000005,0.11650000000000005,0,0,0,OD1,7
llama31_instruct,h2_choice,65,random,ChCm,3,0.15409999999999996,0.15410000000000001,0.15410000000000001,1,1,1,OD1,7
llama31_instruct,h2_choice,65,random,ChCo,0,0.15459999999999996,0.15459999999999996,0.15459999999999996,1,1,1,MP,9
llama31_instruct,h2_choice,65,random,ChCo,1,0.09000000000000002,0.09000000000000002,0.09000000000000002,0,0,0,MP,9
llama31_instruct,h2_choice,65,random,ChCo,2,0.17610000000000003,0.17610000000000003,0.17610000000000003,0,0,0,MP,9
llama31_instruct,h2_choice,65,random,ChCo,3,0.0942,0.09420000000000006,0.09420000000000006,1,1,1,MP,9
llama31_instruct,h2_choice,65,random,ChDl,0,0.14790000000000003,0.14790000000000003,0.14790000000000003,0,0,0,OD1,9
llama31_instruct,h2_choice,65,random,ChDl,1,0.05990000000000001,0.05990000000000001,0.05990000000000001,0,0,0,OD1,9
llama31_instruct,h2_choice,65,random,ChDl,2,0.14400000000000002,0.14400000000000002,0.14400000000000002,0,0,0,OD1,9
llama31_instruct,h2_choice,65,random,ChDl,3,0.08850000000000002,0.08850000000000002,0.08850000000000002,0,0,0,OD1,9
llama31_instruct,h2_choice,65,random,ChHa,0,0.09219999999999995,0.09219999999999995,0.09219999999999995,1,1,1,OD2,8
llama31_instruct,h2_choice,65,random,ChHa,1,0.09100000000000003,0.09100000000000003,0.09100000000000008,0,0,0,OD2,8
llama31_instruct,h2_choice,65,random,ChHa,2,0.0626000000000001,0.0626000000000001,0.0626000000000001,0,0,0,OD2,8
llama31_instruct,h2_choice,65,random,ChHa,3,0.1624000000000001,0.1624000000000001,0.1624000000000001,0,0,0,OD2,8
llama31_instruct,h2_choice,65,random,ChHr,0,0.24320000000000003,0.24320000000000003,0.24320000000000003,1,1,1,CO1,6
llama31_instruct,h2_choice,65,random,ChHr,1,0.0948,0.0948,0.0948,1,1,1,CO1,6
llama31_instruct,h2_choice,65,random,ChHr,2,0.12,0.12,0.12,0,0,0,CO1,6
llama31_instruct,h2_choice,65,random,ChHr,3,0.0948,0.0948,0.0948,1,1,1,CO1,6
llama31_instruct,h2_choice,65,random,CmAs,0,0.0799,0.0799,0.07989999999999997,0,0,0,OD1,8
llama31_instruct,h2_choice,65,random,CmAs,1,0.017299999999999982,0.017299999999999982,0.01729999999999987,0,0,0,OD1,8
llama31_instruct,h2_choice,65,random,CmAs,2,0.015900000000000025,0.015900000000000025,0.015900000000000025,0,0,0,OD1,8
llama31_instruct,h2_choice,65,random,CmAs,3,0.03739999999999999,0.03739999999999999,0.03739999999999999,0,0,0,OD1,8
llama31_instruct,h2_choice,65,random,CmCm,0,0.07139999999999996,0.07139999999999996,0.07140000000000002,0,0,0,DD,2
llama31_instruct,h2_choice,65,random,CmCm,1,0.019600000000000006,0.019600000000000006,0.019600000000000062,0,0,0,DD,2
llama31_instruct,h2_choice,65,random,CmCm,2,0.03169999999999995,0.03169999999999995,0.03169999999999995,0,0,0,DD,2
llama31_instruct,h2_choice,65,random,CmCm,3,0.0626000000000001,0.0626000000000001,0.0626000000000001,0,0,0,DD,2
llama31_instruct,h2_choice,65,random,CmDl,0,0.04139999999999999,0.04139999999999999,0.04139999999999999,0,0,0,DD,4
llama31_instruct,h2_choice,65,random,CmDl,1,0.014899999999999997,0.014899999999999997,0.014900000000000024,0,0,0,DD,4
llama31_instruct,h2_choice,65,random,CmDl,2,0.05219999999999991,0.05219999999999991,0.05219999999999991,0,0,0,DD,4
llama31_instruct,h2_choice,65,random,CmDl,3,0.06259999999999999,0.06259999999999999,0.06259999999999999,0,0,0,DD,4
llama31_instruct,h2_choice,65,random,CmHa,0,0.09249999999999997,0.09249999999999997,0.09250000000000003,0,0,0,DD,6
llama31_instruct,h2_choice,65,random,CmHa,1,0.0464,0.0464,0.0464,0,0,0,DD,6
llama31_instruct,h2_choice,65,random,CmHa,2,0.022800000000000042,0.022800000000000042,0.022800000000000042,0,0,0,DD,6
llama31_instruct,h2_choice,65,random,CmHa,3,0.07520000000000004,0.07520000000000004,0.07520000000000004,0,0,0,DD,6
llama31_instruct,h2_choice,65,random,CmNc,0,0.04300000000000001,0.04300000000000001,0.04300000000000004,0,0,0,DD,8
llama31_instruct,h2_choice,65,random,CmNc,1,0.058099999999999985,0.058099999999999985,0.05809999999999993,0,0,0,DD,8
llama31_instruct,h2_choice,65,random,CmNc,2,0.02859999999999996,0.02859999999999996,0.02859999999999996,0,0,0,DD,8
llama31_instruct,h2_choice,65,random,CmNc,3,0.08220000000000005,0.08220000000000005,0.08220000000000005,0,0,0,DD,8
llama31_instruct,h2_choice,65,random,CoAs,0,0.18330000000000002,0.18330000000000002,0.18330000000000002,1,1,1,CO2,7
llama31_instruct,h2_choice,65,random,CoAs,1,0.11370000000000002,0.11370000000000002,0.11370000000000002,0,0,0,CO2,7
llama31_instruct,h2_choice,65,random,CoAs,2,0.08610000000000001,0.08610000000000007,0.08610000000000007,0,0,0,CO2,7
llama31_instruct,h2_choice,65,random,CoAs,3,0.017299999999999982,0.01729999999999987,0.01729999999999987,0,0,0,CO2,7
llama31_instruct,h2_choice,65,random,CoCo,0,0.13970000000000005,0.13970000000000005,0.13970000000000005,0,0,0,CO1,7
llama31_instruct,h2_choice,65,random,CoCo,1,0.10960000000000003,0.10960000000000003,0.10960000000000003,0,0,0,CO1,7
llama31_instruct,h2_choice,65,random,CoCo,2,0.0799,0.07989999999999997,0.07989999999999997,0,0,0,CO1,7
llama31_instruct,h2_choice,65,random,CoCo,3,0.0464,0.0464,0.0464,0,0,0,CO1,7
llama31_instruct,h2_choice,65,random,CoSh,0,0.12449999999999994,0.12449999999999994,0.12449999999999994,1,1,1,CO2,8
llama31_instruct,h2_choice,65,random,CoSh,1,0.08999999999999997,0.08999999999999997,0.08999999999999997,0,0,0,CO2,8
llama31_instruct,h2_choice,65,random,CoSh,2,0.04580000000000001,0.04580000000000006,0.04580000000000006,0,0,0,CO2,8
llama31_instruct,h2_choice,65,random,CoSh,3,0.014399999999999996,0.014399999999999968,0.014399999999999968,0,0,0,CO2,8
llama31_instruct,h2_choice,65,random,HaAs,0,0.10330000000000006,0.10330000000000006,0.10330000000000006,0,0,0,OD2,7
llama31_instruct,h2_choice,65,random,HaAs,1,0.11209999999999998,0.11209999999999998,0.11209999999999998,0,0,0,OD2,7
llama31_instruct,h2_choice,65,random,HaAs,2,0.08610000000000001,0.08610000000000007,0.08610000000000007,0,0,0,OD2,7
llama31_instruct,h2_choice,65,random,HaAs,3,0.034399999999999986,0.034399999999999986,0.034399999999999986,0,0,0,OD2,7
llama31_instruct,h2_choice,65,random,HaBa,0,0.18330000000000002,0.18330000000000002,0.18330000000000002,1,1,1,OD2,9
llama31_instruct,h2_choice,65,random,HaBa,1,0.1245,0.1245,0.1245,1,1,1,OD2,9
llama31_instruct,h2_choice,65,random,HaBa,2,0.0379,0.037899999999999934,0.037899999999999934,0,0,0,OD2,9
llama31_instruct,h2_choice,65,random,HaBa,3,0.014899999999999997,0.014900000000000024,0.014900000000000024,0,0,0,OD2,9
llama31_instruct,h2_choice,65,random,HaCm,0,0.17359999999999998,0.17359999999999998,0.17359999999999998,0,0,0,DD,1
llama31_instruct,h2_choice,65,random,HaCm,1,0.09219999999999995,0.09219999999999995,0.09219999999999995,1,1,1,DD,1
llama31_instruct,h2_choice,65,random,HaCm,2,0.06309999999999999,0.06309999999999993,0.06309999999999993,0,0,0,DD,1
llama31_instruct,h2_choice,65,random,HaCm,3,0.026499999999999996,0.026499999999999968,0.026499999999999968,0,0,0,DD,1
llama31_instruct,h2_choice,65,random,HaDl,0,0.18439999999999995,0.18439999999999995,0.18439999999999995,1,1,1,DD,3
llama31_instruct,h2_choice,65,random,HaDl,1,0.08360000000000001,0.08360000000000001,0.08360000000000001,0,0,0,DD,3
llama31_instruct,h2_choice,65,random,HaDl,2,0.03689999999999999,0.03689999999999993,0.03689999999999993,0,0,0,DD,3
llama31_instruct,h2_choice,65,random,HaDl,3,0.034399999999999986,0.034399999999999986,0.034399999999999986,0,0,0,DD,3
llama31_instruct,h2_choice,65,random,HaHa,0,0.08660000000000001,0.08660000000000001,0.08660000000000001,0,0,0,DD,5
llama31_instruct,h2_choice,65,random,HaHa,1,0.0665,0.0665,0.0665,0,0,0,DD,5
llama31_instruct,h2_choice,65,random,HaHa,2,0.03140000000000001,0.031400000000000095,0.031400000000000095,0,0,0,DD,5
llama31_instruct,h2_choice,65,random,HaHa,3,0.03140000000000001,0.031400000000000095,0.031400000000000095,0,0,0,DD,5
llama31_instruct,h2_choice,65,random,HaNc,0,0.1252000000000001,0.1252000000000001,0.1252000000000001,0,0,0,DD,7
llama31_instruct,h2_choice,65,random,HaNc,1,0.11719999999999997,0.11719999999999997,0.11719999999999997,0,0,0,DD,7
llama31_instruct,h2_choice,65,random,HaNc,2,0.0352,0.03520000000000001,0.03520000000000001,0,0,0,DD,7
llama31_instruct,h2_choice,65,random,HaNc,3,0.007399999999999997,0.007399999999999962,0.007399999999999962,0,0,0,DD,7
llama31_instruct,h2_choice,65,random,HaPc,0,0.11180000000000001,0.11180000000000001,0.11180000000000001,0,0,0,DD,9
llama31_instruct,h2_choice,65,random,HaPc,1,0.10360000000000003,0.10360000000000003,0.10360000000000003,0,0,0,DD,9
llama31_instruct,h2_choice,65,random,HaPc,2,0.0408,0.04079999999999995,0.04079999999999995,0,0,0,DD,9
llama31_instruct,h2_choice,65,random,HaPc,3,0.00910000000000001,0.009099999999999997,0.009099999999999997,0,0,0,DD,9
llama31_instruct,h2_choice,65,random,HrAs,0,0.09179999999999999,0.09179999999999999,0.0918000000000001,0,0,0,MP,8
llama31_instruct,h2_choice,65,random,HrAs,1,0.07129999999999997,0.07129999999999997,0.07130000000000003,0,0,0,MP,8
llama31_instruct,h2_choice,65,random,HrAs,2,0.06569999999999998,0.06569999999999998,0.06569999999999998,0,0,0,MP,8
llama31_instruct,h2_choice,65,random,HrAs,3,0.14739999999999998,0.14739999999999998,0.14739999999999998,0,0,0,MP,8
llama31_instruct,h2_choice,65,random,HrBa,0,0.1461,0.1461,0.1461,0,0,0,CO1,2
llama31_instruct,h2_choice,65,random,HrBa,1,0.07699999999999999,0.07699999999999999,0.07699999999999996,0,0,0,CO1,2
llama31_instruct,h2_choice,65,random,HrBa,2,0.20620000000000005,0.20620000000000005,0.20620000000000005,0,0,0,CO1,2
llama31_instruct,h2_choice,65,random,HrBa,3,0.17000000000000004,0.17000000000000004,0.17000000000000004,0,0,0,CO1,2
llama31_instruct,h2_choice,65,random,HrCh,0,0.0665,0.0665,0.0665,0,0,0,CO1,4
llama31_instruct,h2_choice,65,random,HrCh,1,0.03689999999999999,0.03689999999999999,0.03689999999999993,0,0,0,CO1,4
llama31_instruct,h2_choice,65,random,HrCh,2,0.12619999999999998,0.12619999999999998,0.12619999999999998,0,0,0,CO1,4
llama31_instruct,h2_choice,65,random,HrCh,3,0.09219999999999995,0.09219999999999995,0.09219999999999995,1,1,1,CO1,4
llama31_instruct,h2_choice,65,random,HrHr,0,0.10439999999999997,0.10439999999999997,0.10439999999999994,0,0,0,CO2,2
llama31_instruct,h2_choice,65,random,HrHr,1,0.04949999999999996,0.04949999999999996,0.04949999999999999,0,0,0,CO2,2
llama31_instruct,h2_choice,65,random,HrHr,2,0.10340000000000005,0.10340000000000005,0.10340000000000005,0,0,0,CO2,2
llama31_instruct,h2_choice,65,random,HrHr,3,0.08360000000000001,0.08360000000000001,0.08360000000000001,0,0,0,CO2,2
llama31_instruct,h2_choice,65,random,ShAs,0,0.10439999999999997,0.10439999999999997,0.10439999999999997,0,0,0,CO1,8
llama31_instruct,h2_choice,65,random,ShAs,1,0.11870000000000003,0.11870000000000003,0.11870000000000003,0,0,0,CO1,8
llama31_instruct,h2_choice,65,random,ShAs,2,0.0799,0.07989999999999997,0.07989999999999997,0,0,0,CO1,8
llama31_instruct,h2_choice,65,random,ShAs,3,0.034399999999999986,0.034399999999999986,0.034399999999999986,0,0,0,CO1,8
llama31_instruct,h2_choice,65,random,ShCo,0,0.11870000000000003,0.11870000000000003,0.11870000000000003,0,0,0,CO2,9
llama31_instruct,h2_choice,65,random,ShCo,1,0.030100000000000016,0.030100000000000016,0.030100000000000016,0,0,0,CO2,9
llama31_instruct,h2_choice,65,random,ShCo,2,0.04580000000000001,0.04580000000000006,0.04580000000000006,0,0,0,CO2,9
llama31_instruct,h2_choice,65,random,ShCo,3,0.028200000000000003,0.028200000000000003,0.028200000000000003,0,0,0,CO2,9
llama31_instruct,h2_choice,65,random,ShSh,0,0.1159,0.1159,0.1159,0,0,0,CO1,9
llama31_instruct,h2_choice,65,random,ShSh,1,0.1461,0.1461,0.1461,0,0,0,CO1,9
llama31_instruct,h2_choice,65,random,ShSh,2,0.058099999999999985,0.05809999999999993,0.05809999999999993,0,0,0,CO1,9
llama31_instruct,h2_choice,65,random,ShSh,3,0.03140000000000001,0.031400000000000095,0.031400000000000095,0,0,0,CO1,9
llama31_instruct,h2_choice,79,main,AsAs,0,0.6577,0.6577,0.6577,1,1,1,CO1,1
llama31_instruct,h2_choice,79,main,AsAs,1,0.6505,0.6505,0.6505,1,1,1,CO1,1
llama31_instruct,h2_choice,79,main,AsAs,2,0.5623,0.5622999999999999,0.5622999999999999,1,1,1,CO1,1
llama31_instruct,h2_choice,79,main,AsAs,3,0.6033000000000001,0.6033000000000001,0.6033000000000001,1,1,1,CO1,1
llama31_instruct,h2_choice,79,main,AsBa,0,0.6571,0.6571,0.6571,1,1,1,MP,2
llama31_instruct,h2_choice,79,main,AsBa,1,0.6651,0.6651,0.6650999999999999,1,1,1,MP,2
llama31_instruct,h2_choice,79,main,AsBa,2,0.6122,0.6122,0.6122,1,1,1,MP,2
llama31_instruct,h2_choice,79,main,AsBa,3,0.6116,0.6116,0.6116,1,1,1,MP,2
llama31_instruct,h2_choice,79,main,AsCh,0,0.6443,0.6443,0.6443,1,1,1,MP,4
llama31_instruct,h2_choice,79,main,AsCh,1,0.6577,0.6577,0.6577000000000001,1,1,1,MP,4
llama31_instruct,h2_choice,79,main,AsCh,2,0.54,0.54,0.54,1,1,1,MP,4
llama31_instruct,h2_choice,79,main,AsCh,3,0.5942000000000001,0.5942000000000001,0.5942000000000001,1,1,1,MP,4
llama31_instruct,h2_choice,79,main,AsCm,0,0.6577000000000001,0.6577000000000001,0.6577000000000001,1,1,1,OD1,2
llama31_instruct,h2_choice,79,main,AsCm,1,0.6449,0.6449,0.6449,1,1,1,OD1,2
llama31_instruct,h2_choice,79,main,AsCm,2,0.458,0.45799999999999996,0.45799999999999996,0,0,0,OD1,2
llama31_instruct,h2_choice,79,main,AsCm,3,0.47740000000000005,0.47740000000000005,0.47740000000000005,1,1,1,OD1,2
llama31_instruct,h2_choice,79,main,AsCo,0,0.6936,0.6936,0.6936,1,1,1,CO2,1
llama31_instruct,h2_choice,79,main,AsCo,1,0.6877,0.6877,0.6877,1,1,1,CO2,1
llama31_instruct,h2_choice,79,main,AsCo,2,0.5082,0.5082,0.5082,1,1,1,CO2,1
llama31_instruct,h2_choice,79,main,AsCo,3,0.548,0.548,0.548,1,1,1,CO2,1
llama31_instruct,h2_choice,79,main,AsDl,0,0.6658,0.6658,0.6658,1,1,1,OD1,4
llama31_instruct,h2_choice,79,main,AsDl,1,0.6488,0.6488,0.6488,1,1,1,OD1,4
llama31_instruct,h2_choice,79,main,AsDl,2,0.5141,0.5141,0.5141,1,1,1,OD1,4
llama31_instruct,h2_choice,79,main,AsDl,3,0.5093,0.5093,0.5093,1,1,1,OD1,4
llama31_instruct,h2_choice,79,main,AsHa,0,0.6701,0.6701,0.6701,1,1,1,OD2,1
llama31_instruct,h2_choice,79,main,AsHa,1,0.6446000000000001,0.6446000000000001,0.6446000000000001,1,1,1,OD2,1
llama31_instruct,h2_choice,79,main,AsHa,2,0.6205,0.6205,0.6205,1,1,1,OD2,1
llama31_instruct,h2_choice,79,main,AsHa,3,0.6112,0.6112000000000001,0.6112000000000001,1,1,1,OD2,1
llama31_instruct,h2_choice,79,main,AsHr,0,0.6591,0.6591,0.6591,1,1,1,MP,6
llama31_instruct,h2_choice,79,main,AsHr,1,0.6588,0.6588,0.6588,1,1,1,MP,6
llama31_instruct,h2_choice,79,main,AsHr,2,0.5327,0.5327,0.5327,1,1,1,MP,6
llama31_instruct,h2_choice,79,main,AsHr,3,0.5371,0.5371,0.5371,1,1,1,MP,6
llama31_instruct,h2_choice,79,main,AsNc,0,0.635,0.635,0.635,1,1,1,OD2,3
llama31_instruct,h2_choice,79,main,AsNc,1,0.6358999999999999,0.6358999999999999,0.6358999999999999,1,1,1,OD2,3
llama31_instruct,h2_choice,79,main,AsNc,2,0.5324,0.5324,0.5324,1,1,1,OD2,3
llama31_instruct,h2_choice,79,main,AsNc,3,0.4527,0.4527,0.4527,0,0,0,OD2,3
llama31_instruct,h2_choice,79,main,AsPc,0,0.6748999999999999,0.6748999999999999,0.6748999999999999,1,1,1,OD2,5
llama31_instruct,h2_choice,79,main,AsPc,1,0.6697,0.6697,0.6697,1,1,1,OD2,5
llama31_instruct,h2_choice,79,main,AsPc,2,0.6251,0.6251,0.6251,1,1,1,OD2,5
llama31_instruct,h2_choice,79,main,AsPc,3,0.5463,0.5463,0.5463,1,1,1,OD2,5
llama31_instruct,h2_choice,79,main,AsPd,0,0.6528,0.6528,0.6527999999999999,1,1,1,OD1,6
llama31_instruct,h2_choice,79,main,AsPd,1,0.644,0.644,0.644,1,1,1,OD1,6
llama31_instruct,h2_choice,79,main,AsPd,2,0.4627,0.4627,0.4627,0,0,0,OD1,6
llama31_instruct,h2_choice,79,main,AsPd,3,0.42710000000000004,0.42710000000000004,0.42710000000000004,0,0,0,OD1,6
llama31_instruct,h2_choice,79,main,AsSh,0,0.5558,0.5558,0.5558,1,1,1,CO1,3
llama31_instruct,h2_choice,79,main,AsSh,1,0.5734,0.5734,0.5734,1,1,1,CO1,3
llama31_instruct,h2_choice,79,main,AsSh,2,0.483,0.483,0.483,1,1,1,CO1,3
llama31_instruct,h2_choice,79,main,AsSh,3,0.5081,0.5081,0.5081,1,1,1,CO1,3
llama31_instruct,h2_choice,79,main,BaAs,0,0.6695,0.6695,0.6695,1,1,1,MP,1
llama31_instruct,h2_choice,79,main,BaAs,1,0.565,0.565,0.565,1,1,1,MP,1
llama31_instruct,h2_choice,79,main,BaAs,2,0.6301000000000001,0.6301,0.6301,1,1,1,MP,1
llama31_instruct,h2_choice,79,main,BaAs,3,0.6578,0.6578,0.6578,1,1,1,MP,1
llama31_instruct,h2_choice,79,main,BaBa,0,0.679,0.679,0.679,1,1,1,CO2,3
llama31_instruct,h2_choice,79,main,BaBa,1,0.5992,0.5992,0.5992,1,1,1,CO2,3
llama31_instruct,h2_choice,79,main,BaBa,2,0.6879000000000001,0.6879000000000001,0.6879000000000001,1,1,1,CO2,3
llama31_instruct,h2_choice,79,main,BaBa,3,0.6654,0.6654,0.6654,1,1,1,CO2,3
llama31_instruct,h2_choice,79,main,BaCh,0,0.6296999999999999,0.6296999999999999,0.6296999999999999,1,1,1,CO2,4
llama31_instruct,h2_choice,79,main,BaCh,1,0.5747,0.5747,0.5747,1,1,1,CO2,4
llama31_instruct,h2_choice,79,main,BaCh,2,0.6847,0.6847,0.6847,1,1,1,CO2,4
llama31_instruct,h2_choice,79,main,BaCh,3,0.6205999999999999,0.6205999999999999,0.6205999999999999,1,1,1,CO2,4
llama31_instruct,h2_choice,79,main,BaCm,0,0.6656,0.6656,0.6656,1,1,1,OD1,1
llama31_instruct,h2_choice,79,main,BaCm,1,0.6447,0.6447,0.6447,1,1,1,OD1,1
llama31_instruct,h2_choice,79,main,BaCm,2,0.7032,0.7032,0.7032,1,1,1,OD1,1
llama31_instruct,h2_choice,79,main,BaCm,3,0.6712,0.6712,0.6712,1,1,1,OD1,1
llama31_instruct,h2_choice,79,main,BaCo,0,0.6868000000000001,0.6868000000000001,0.6868000000000001,1,1,1,MP,3
llama31_instruct,h2_choice,79,main,BaCo,1,0.6577999999999999,0.6577999999999999,0.6577999999999999,1,1,1,MP,3
llama31_instruct,h2_choice,79,main,BaCo,2,0.5831,0.5831000000000001,0.5831000000000001,1,1,1,MP,3
llama31_instruct,h2_choice,79,main,BaCo,3,0.6360000000000001,0.6360000000000001,0.6360000000000001,1,1,1,MP,3
llama31_instruct,h2_choice,79,main,BaDl,0,0.685,0.685,0.685,1,1,1,OD1,3
llama31_instruct,h2_choice,79,main,BaDl,1,0.5992,0.5992,0.5992,1,1,1,OD1,3
llama31_instruct,h2_choice,79,main,BaDl,2,0.6875,0.6875,0.6875,1,1,1,OD1,3
llama31_instruct,h2_choice,79,main,BaDl,3,0.6104999999999999,0.6104999999999999,0.6104999999999999,1,1,1,OD1,3
llama31_instruct,h2_choice,79,main,BaHa,0,0.6854,0.6854,0.6854,1,1,1,OD2,2
llama31_instruct,h2_choice,79,main,BaHa,1,0.6356,0.6356,0.6356,1,1,1,OD2,2
llama31_instruct,h2_choice,79,main,BaHa,2,0.5666,0.5666,0.5666,1,1,1,OD2,2
llama31_instruct,h2_choice,79,main,BaHa,3,0.6486,0.6486,0.6486,1,1,1,OD2,2
llama31_instruct,h2_choice,79,main,BaHr,0,0.6875,0.6875,0.6875,1,1,1,CO1,5
llama31_instruct,h2_choice,79,main,BaHr,1,0.6577999999999999,0.6577999999999999,0.6577999999999999,1,1,1,CO1,5
llama31_instruct,h2_choice,79,main,BaHr,2,0.5922,0.5922,0.5922,1,1,1,CO1,5
llama31_instruct,h2_choice,79,main,BaHr,3,0.6705,0.6705,0.6705,1,1,1,CO1,5
llama31_instruct,h2_choice,79,main,BaNc,0,0.6575,0.6575,0.6575000000000001,1,1,1,OD2,4
llama31_instruct,h2_choice,79,main,BaNc,1,0.5669000000000001,0.5669000000000001,0.5669000000000001,1,1,1,OD2,4
llama31_instruct,h2_choice,79,main,BaNc,2,0.6592,0.6592,0.6592,1,1,1,OD2,4
llama31_instruct,h2_choice,79,main,BaNc,3,0.659,0.659,0.659,1,1,1,OD2,4
llama31_instruct,h2_choice,79,main,BaPc,0,0.6651,0.6651,0.6651,1,1,1,OD2,6
llama31_instruct,h2_choice,79,main,BaPc,1,0.6502,0.6502,0.6502,1,1,1,OD2,6
llama31_instruct,h2_choice,79,main,BaPc,2,0.6207,0.6206999999999999,0.6206999999999999,1,1,1,OD2,6
llama31_instruct,h2_choice,79,main,BaPc,3,0.6503,0.6503,0.6503,1,1,1,OD2,6
llama31_instruct,h2_choice,79,main,BaPd,0,0.6473,0.6473,0.6473,1,1,1,OD1,5
llama31_instruct,h2_choice,79,main,BaPd,1,0.5655,0.5655,0.5655,1,1,1,OD1,5
llama31_instruct,h2_choice,79,main,BaPd,2,0.6693,0.6693,0.6693,1,1,1,OD1,5
llama31_instruct,h2_choice,79,main,BaPd,3,0.576,0.576,0.576,1,1,1,OD1,5
llama31_instruct,h2_choice,79,main,BaSh,0,0.6579999999999999,0.6579999999999999,0.6579999999999999,1,1,1,MP,5
llama31_instruct,h2_choice,79,main,BaSh,1,0.5949,0.5949,0.5949,1,1,1,MP,5
llama31_instruct,h2_choice,79,main,BaSh,2,0.6105,0.6104999999999999,0.6104999999999999,1,1,1,MP,5
llama31_instruct,h2_choice,79,main,BaSh,3,0.645,0.645,0.645,1,1,1,MP,5
llama31_instruct,h2_choice,79,main,ChAs,0,0.6852,0.6852,0.6852,1,1,1,MP,7
llama31_instruct,h2_choice,79,main,ChAs,1,0.629,0.629,0.629,1,1,1,MP,7
llama31_instruct,h2_choice,79,main,ChAs,2,0.6025,0.6025,0.6025,1,1,1,MP,7
llama31_instruct,h2_choice,79,main,ChAs,3,0.6509,0.6509,0.6509,1,1,1,MP,7
llama31_instruct,h2_choice,79,main,ChBa,0,0.6706,0.6706,0.6706,1,1,1,CO2,5
llama31_instruct,h2_choice,79,main,ChBa,1,0.625,0.625,0.625,1,1,1,CO2,5
llama31_instruct,h2_choice,79,main,ChBa,2,0.6876,0.6876,0.6876,1,1,1,CO2,5
llama31_instruct,h2_choice,79,main,ChBa,3,0.6496999999999999,0.6496999999999999,0.6496999999999999,1,1,1,CO2,5
llama31_instruct,h2_choice,79,main,ChCh,0,0.6692,0.6692,0.6692,1,1,1,CO2,6
llama31_instruct,h2_choice,79,main,ChCh,1,0.6221000000000001,0.6221000000000001,0.6221000000000001,1,1,1,CO2,6
llama31_instruct,h2_choice,79,main,ChCh,2,0.7020000000000001,0.7020000000000001,0.7020000000000001,1,1,1,CO2,6
llama31_instruct,h2_choice,79,main,ChCh,3,0.6654,0.6654,0.6654,1,1,1,CO2,6
llama31_instruct,h2_choice,79,main,ChCm,0,0.6715,0.6715,0.6715,1,1,1,OD1,7
llama31_instruct,h2_choice,79,main,ChCm,1,0.6648,0.6648,0.6648,1,1,1,OD1,7
llama31_instruct,h2_choice,79,main,ChCm,2,0.6597000000000001,0.6597000000000001,0.6597000000000001,1,1,1,OD1,7
llama31_instruct,h2_choice,79,main,ChCm,3,0.6873,0.6873,0.6873,1,1,1,OD1,7
llama31_instruct,h2_choice,79,main,ChCo,0,0.6655,0.6655,0.6655,1,1,1,MP,9
llama31_instruct,h2_choice,79,main,ChCo,1,0.6581,0.6581,0.6581,1,1,1,MP,9
llama31_instruct,h2_choice,79,main,ChCo,2,0.6601,0.6601,0.6601,1,1,1,MP,9
llama31_instruct,h2_choice,79,main,ChCo,3,0.6534,0.6534,0.6534,1,1,1,MP,9
llama31_instruct,h2_choice,79,main,ChDl,0,0.6576,0.6576,0.6576,1,1,1,OD1,9
llama31_instruct,h2_choice,79,main,ChDl,1,0.6533,0.6533,0.6533,1,1,1,OD1,9
llama31_instruct,h2_choice,79,main,ChDl,2,0.6761,0.6761,0.6761,1,1,1,OD1,9
llama31_instruct,h2_choice,79,main,ChDl,3,0.6714,0.6714,0.6714,1,1,1,OD1,9
llama31_instruct,h2_choice,79,main,ChHa,0,0.6529,0.6529,0.6529,1,1,1,OD2,8
llama31_instruct,h2_choice,79,main,ChHa,1,0.6449,0.6449,0.6448999999999999,1,1,1,OD2,8
llama31_instruct,h2_choice,79,main,ChHa,2,0.5191,0.5191,0.5191,1,1,1,OD2,8
llama31_instruct,h2_choice,79,main,ChHa,3,0.6194,0.6194,0.6194,1,1,1,OD2,8
llama31_instruct,h2_choice,79,main,ChHr,0,0.6651,0.6651,0.6651,1,1,1,CO1,6
llama31_instruct,h2_choice,79,main,ChHr,1,0.6714,0.6714,0.6714,1,1,1,CO1,6
llama31_instruct,h2_choice,79,main,ChHr,2,0.6383000000000001,0.6383,0.6383,1,1,1,CO1,6
llama31_instruct,h2_choice,79,main,ChHr,3,0.669,0.669,0.669,1,1,1,CO1,6
llama31_instruct,h2_choice,79,main,CmAs,0,0.5836,0.5836,0.5836,1,1,1,OD1,8
llama31_instruct,h2_choice,79,main,CmAs,1,0.47919999999999996,0.47919999999999996,0.47919999999999996,1,1,1,OD1,8
llama31_instruct,h2_choice,79,main,CmAs,2,0.2564000000000001,0.2564000000000001,0.2564000000000001,0,0,0,OD1,8
llama31_instruct,h2_choice,79,main,CmAs,3,0.405,0.405,0.405,0,0,0,OD1,8
llama31_instruct,h2_choice,79,main,CmCm,0,0.5836,0.5836,0.5836,1,1,1,DD,2
llama31_instruct,h2_choice,79,main,CmCm,1,0.5257000000000001,0.5257000000000001,0.5257000000000001,1,1,1,DD,2
llama31_instruct,h2_choice,79,main,CmCm,2,0.3056,0.3056,0.3056,0,0,0,DD,2
llama31_instruct,h2_choice,79,main,CmCm,3,0.48949999999999994,0.48949999999999994,0.48949999999999994,1,1,1,DD,2
llama31_instruct,h2_choice,79,main,CmDl,0,0.4627,0.4627,0.4627,0,0,0,DD,4
llama31_instruct,h2_choice,79,main,CmDl,1,0.4208,0.4208,0.42079999999999995,0,0,0,DD,4
llama31_instruct,h2_choice,79,main,CmDl,2,0.4355,0.4355,0.4355,0,0,0,DD,4
llama31_instruct,h2_choice,79,main,CmDl,3,0.5618,0.5618,0.5618,1,1,1,DD,4
llama31_instruct,h2_choice,79,main,CmHa,0,0.6021000000000001,0.6021000000000001,0.6021000000000001,1,1,1,DD,6
llama31_instruct,h2_choice,79,main,CmHa,1,0.547,0.547,0.547,1,1,1,DD,6
llama31_instruct,h2_choice,79,main,CmHa,2,0.2319,0.2319,0.2319,0,0,0,DD,6
llama31_instruct,h2_choice,79,main,CmHa,3,0.5155000000000001,0.5155,0.5155,1,1,1,DD,6
llama31_instruct,h2_choice,79,main,CmNc,0,0.5851,0.5851,0.5851,1,1,1,DD,8
llama31_instruct,h2_choice,79,main,CmNc,1,0.5393,0.5393,0.5393,1,1,1,DD,8
llama31_instruct,h2_choice,79,main,CmNc,2,0.32999999999999996,0.32999999999999996,0.32999999999999996,0,0,0,DD,8
llama31_instruct,h2_choice,79,main,CmNc,3,0.4886,0.4885999999999999,0.4885999999999999,1,1,1,DD,8
llama31_instruct,h2_choice,79,main,CoAs,0,0.6789,0.6789,0.6789,1,1,1,CO2,7
llama31_instruct,h2_choice,79,main,CoAs,1,0.6237,0.6237,0.6237,1,1,1,CO2,7
llama31_instruct,h2_choice,79,main,CoAs,2,0.6194,0.6194,0.6194,1,1,1,CO2,7
llama31_instruct,h2_choice,79,main,CoAs,3,0.4837,0.4837,0.4837,1,1,1,CO2,7
llama31_instruct,h2_choice,79,main,CoCo,0,0.6242,0.6242,0.6242,1,1,1,CO1,7
llama31_instruct,h2_choice,79,main,CoCo,1,0.6106,0.6106,0.6106,1,1,1,CO1,7
llama31_instruct,h2_choice,79,main,CoCo,2,0.5691,0.5691,0.5691,1,1,1,CO1,7
llama31_instruct,h2_choice,79,main,CoCo,3,0.547,0.547,0.547,1,1,1,CO1,7
llama31_instruct,h2_choice,79,main,CoSh,0,0.6701999999999999,0.6701999999999999,0.6701999999999999,1,1,1,CO2,8
llama31_instruct,h2_choice,79,main,CoSh,1,0.6497999999999999,0.6497999999999999,0.6497999999999999,1,1,1,CO2,8
llama31_instruct,h2_choice,79,main,CoSh,2,0.4322,0.43220000000000003,0.43220000000000003,0,0,0,CO2,8
llama31_instruct,h2_choice,79,main,CoSh,3,0.4263,0.4262999999999999,0.4262999999999999,0,0,0,CO2,8
llama31_instruct,h2_choice,79,main,HaAs,0,0.484,0.484,0.484,1,1,1,OD2,7
llama31_instruct,h2_choice,79,main,HaAs,1,0.5330999999999999,0.5330999999999999,0.5330999999999999,1,1,1,OD2,7
llama31_instruct,h2_choice,79,main,HaAs,2,0.6034,0.6034,0.6034,1,1,1,OD2,7
llama31_instruct,h2_choice,79,main,HaAs,3,0.4769,0.4769,0.4769,1,1,1,OD2,7
llama31_instruct,h2_choice,79,main,HaBa,0,0.6508,0.6508,0.6508,1,1,1,OD2,9
llama31_instruct,h2_choice,79,main,HaBa,1,0.6868,0.6868,0.6868,1,1,1,OD2,9
llama31_instruct,h2_choice,79,main,HaBa,2,0.4096,0.4096000000000001,0.4096000000000001,0,0,0,OD2,9
llama31_instruct,h2_choice,79,main,HaBa,3,0.4525,0.4525,0.4525,0,0,0,OD2,9
llama31_instruct,h2_choice,79,main,HaCm,0,0.6992,0.6992,0.6992,1,1,1,DD,1
llama31_instruct,h2_choice,79,main,HaCm,1,0.666,0.666,0.666,1,1,1,DD,1
llama31_instruct,h2_choice,79,main,HaCm,2,0.4627,0.4627,0.4627,0,0,0,DD,1
llama31_instruct,h2_choice,79,main,HaCm,3,0.39480000000000004,0.39480000000000004,0.39480000000000004,0,0,0,DD,1
llama31_instruct,h2_choice,79,main,HaDl,0,0.6874,0.6874,0.6874,1,1,1,DD,3
llama31_instruct,h2_choice,79,main,HaDl,1,0.6477999999999999,0.6477999999999999,0.6477999999999999,1,1,1,DD,3
llama31_instruct,h2_choice,79,main,HaDl,2,0.5393,0.5393,0.5393,1,1,1,DD,3
llama31_instruct,h2_choice,79,main,HaDl,3,0.5019,0.5019,0.5019,1,1,1,DD,3
llama31_instruct,h2_choice,79,main,HaHa,0,0.4579,0.4579,0.4579,1,1,1,DD,5
llama31_instruct,h2_choice,79,main,HaHa,1,0.5618,0.5618,0.5618,1,1,1,DD,5
llama31_instruct,h2_choice,79,main,HaHa,2,0.5091,0.5091,0.5091,1,1,1,DD,5
llama31_instruct,h2_choice,79,main,HaHa,3,0.4779,0.4779,0.4779,1,1,1,DD,5
llama31_instruct,h2_choice,79,main,HaNc,0,0.5208999999999999,0.5208999999999999,0.5208999999999999,1,1,1,DD,7
llama31_instruct,h2_choice,79,main,HaNc,1,0.6714,0.6714,0.6714,1,1,1,DD,7
llama31_instruct,h2_choice,79,main,HaNc,2,0.29810000000000003,0.2980999999999999,0.2980999999999999,0,0,0,DD,7
llama31_instruct,h2_choice,79,main,HaNc,3,0.2646,0.26460000000000006,0.26460000000000006,0,0,0,DD,7
llama31_instruct,h2_choice,79,main,HaPc,0,0.5144,0.5144,0.5144,1,1,1,DD,9
llama31_instruct,h2_choice,79,main,HaPc,1,0.5842,0.5842,0.5842,1,1,1,DD,9
llama31_instruct,h2_choice,79,main,HaPc,2,0.4348,0.43479999999999996,0.43479999999999996,0,0,0,DD,9
llama31_instruct,h2_choice,79,main,HaPc,3,0.31870000000000004,0.3187000000000001,0.3187000000000001,0,0,0,DD,9
llama31_instruct,h2_choice,79,main,HrAs,0,0.6653,0.6653,0.6653,1,1,1,MP,8
llama31_instruct,h2_choice,79,main,HrAs,1,0.594,0.594,0.594,1,1,1,MP,8
llama31_instruct,h2_choice,79,main,HrAs,2,0.4353,0.4353,0.4353,0,0,0,MP,8
llama31_instruct,h2_choice,79,main,HrAs,3,0.6040000000000001,0.604,0.604,1,1,1,MP,8
llama31_instruct,h2_choice,79,main,HrBa,0,0.7111999999999999,0.7111999999999999,0.7111999999999999,1,1,1,CO1,2
llama31_instruct,h2_choice,79,main,HrBa,1,0.5937,0.5937,0.5937,1,1,1,CO1,2
llama31_instruct,h2_choice,79,main,HrBa,2,0.6634,0.6634000000000001,0.6634000000000001,1,1,1,CO1,2
llama31_instruct,h2_choice,79,main,HrBa,3,0.6461000000000001,0.6461000000000001,0.6461000000000001,1,1,1,CO1,2
llama31_instruct,h2_choice,79,main,HrCh,0,0.6106,0.6106,0.6106,1,1,1,CO1,4
llama31_instruct,h2_choice,79,main,HrCh,1,0.508,0.508,0.508,1,1,1,CO1,4
llama31_instruct,h2_choice,79,main,HrCh,2,0.6463000000000001,0.6463000000000001,0.6463000000000001,1,1,1,CO1,4
llama31_instruct,h2_choice,79,main,HrCh,3,0.669,0.669,0.669,1,1,1,CO1,4
llama31_instruct,h2_choice,79,main,HrHr,0,0.6302,0.6302,0.6302,1,1,1,CO2,2
llama31_instruct,h2_choice,79,main,HrHr,1,0.5935999999999999,0.5935999999999999,0.5935999999999999,1,1,1,CO2,2
llama31_instruct,h2_choice,79,main,HrHr,2,0.5381,0.5381,0.5381,1,1,1,CO2,2
llama31_instruct,h2_choice,79,main,HrHr,3,0.6356999999999999,0.6357,0.6357,1,1,1,CO2,2
llama31_instruct,h2_choice,79,main,ShAs,0,0.6309,0.6309,0.6309,1,1,1,CO1,8
llama31_instruct,h2_choice,79,main,ShAs,1,0.6242,0.6242,0.6242,1,1,1,CO1,8
llama31_instruct,h2_choice,79,main,ShAs,2,0.526,0.526,0.526,1,1,1,CO1,8
llama31_instruct,h2_choice,79,main,ShAs,3,0.47709999999999997,0.47709999999999997,0.47709999999999997,1,1,1,CO1,8
llama31_instruct,h2_choice,79,main,ShCo,0,0.6689,0.6689,0.6689,1,1,1,CO2,9
llama31_instruct,h2_choice,79,main,ShCo,1,0.6581,0.6581,0.6581,1,1,1,CO2,9
llama31_instruct,h2_choice,79,main,ShCo,2,0.4525,0.4525,0.4525,0,0,0,CO2,9
llama31_instruct,h2_choice,79,main,ShCo,3,0.4006,0.40059999999999996,0.40059999999999996,0,0,0,CO2,9
llama31_instruct,h2_choice,79,main,ShSh,0,0.6603,0.6603,0.6603,1,1,1,CO1,9
llama31_instruct,h2_choice,79,main,ShSh,1,0.6228,0.6228,0.6228,1,1,1,CO1,9
llama31_instruct,h2_choice,79,main,ShSh,2,0.5387,0.5387,0.5387,1,1,1,CO1,9
llama31_instruct,h2_choice,79,main,ShSh,3,0.4525,0.4525,0.4525,0,0,0,CO1,9
llama31_instruct,h2_choice,79,main_perp,AsAs,0,0.031299999999999994,0.031299999999999994,0.031299999999999994,0,0,0,CO1,1
llama31_instruct,h2_choice,79,main_perp,AsAs,1,0.06259999999999999,0.06259999999999999,0.06259999999999999,0,0,0,CO1,1
llama31_instruct,h2_choice,79,main_perp,AsAs,2,0.06680000000000003,0.06679999999999997,0.06679999999999997,0,0,0,CO1,1
llama31_instruct,h2_choice,79,main_perp,AsAs,3,0.05039999999999997,0.05039999999999989,0.05039999999999989,0,0,0,CO1,1
llama31_instruct,h2_choice,79,main_perp,AsBa,0,0.030600000000000016,0.030600000000000016,0.03060000000000007,0,0,0,MP,2
llama31_instruct,h2_choice,79,main_perp,AsBa,1,0.030700000000000005,0.030700000000000005,0.03070000000000006,0,0,0,MP,2
llama31_instruct,h2_choice,79,main_perp,AsBa,2,0.050299999999999984,0.0502999999999999,0.0502999999999999,0,0,0,MP,2
llama31_instruct,h2_choice,79,main_perp,AsBa,3,0.057999999999999996,0.05799999999999994,0.05799999999999994,0,0,0,MP,2
llama31_instruct,h2_choice,79,main_perp,AsCh,0,0.03199999999999997,0.03199999999999997,0.03199999999999992,0,0,0,MP,4
llama31_instruct,h2_choice,79,main_perp,AsCh,1,0.030600000000000016,0.030600000000000016,0.03060000000000007,0,0,0,MP,4
llama31_instruct,h2_choice,79,main_perp,AsCh,2,0.04089999999999999,0.04090000000000005,0.04090000000000005,0,0,0,MP,4
llama31_instruct,h2_choice,79,main_perp,AsCh,3,0.026100000000000012,0.026100000000000012,0.026100000000000012,0,0,0,MP,4
llama31_instruct,h2_choice,79,main_perp,AsCm,0,0.03180000000000005,0.03180000000000005,0.03180000000000005,0,0,0,OD1,2
llama31_instruct,h2_choice,79,main_perp,AsCm,1,0.031400000000000095,0.031400000000000095,0.031400000000000095,0,0,0,OD1,2
llama31_instruct,h2_choice,79,main_perp,AsCm,2,0.029599999999999987,0.02959999999999996,0.02959999999999996,0,0,0,OD1,2
llama31_instruct,h2_choice,79,main_perp,AsCm,3,0.0534,0.0534,0.0534,0,0,0,OD1,2
llama31_instruct,h2_choice,79,main_perp,AsCo,0,0.032299999999999995,0.032299999999999995,0.032299999999999995,0,0,0,CO2,1
llama31_instruct,h2_choice,79,main_perp,AsCo,1,0.032299999999999995,0.032299999999999995,0.032299999999999995,0,0,0,CO2,1
llama31_instruct,h2_choice,79,main_perp,AsCo,2,0.03689999999999999,0.03689999999999993,0.03689999999999993,0,0,0,CO2,1
llama31_instruct,h2_choice,79,main_perp,AsCo,3,0.045999999999999985,0.04599999999999993,0.04599999999999993,0,0,0,CO2,1
llama31_instruct,h2_choice,79,main_perp,AsDl,0,0.03319999999999995,0.03319999999999995,0.03320000000000001,0,0,0,OD1,4
llama31_instruct,h2_choice,79,main_perp,AsDl,1,0.029000000000000026,0.029000000000000026,0.029000000000000026,0,0,0,OD1,4
llama31_instruct,h2_choice,79,main_perp,AsDl,2,0.03789999999999999,0.037900000000000045,0.037900000000000045,0,0,0,OD1,4
llama31_instruct,h2_choice,79,main_perp,AsDl,3,0.037500000000000006,0.03749999999999998,0.03749999999999998,0,0,0,OD1,4
llama31_instruct,h2_choice,79,main_perp,AsHa,0,0.05810000000000004,0.05810000000000004,0.05810000000000004,0,0,0,OD2,1
llama31_instruct,h2_choice,79,main_perp,AsHa,1,0.031399999999999983,0.031399999999999983,0.031399999999999983,0,0,0,OD2,1
llama31_instruct,h2_choice,79,main_perp,AsHa,2,0.0534,0.0534,0.0534,0,0,0,OD2,1
llama31_instruct,h2_choice,79,main_perp,AsHa,3,0.029500000000000026,0.02949999999999997,0.02949999999999997,0,0,0,OD2,1
llama31_instruct,h2_choice,79,main_perp,AsHr,0,0.03200000000000003,0.03200000000000003,0.03200000000000003,0,0,0,MP,6
llama31_instruct,h2_choice,79,main_perp,AsHr,1,0.0016000000000000458,0.0016000000000000458,0.0016000000000000458,0,0,0,MP,6
llama31_instruct,h2_choice,79,main_perp,AsHr,2,0.0638,0.06380000000000008,0.06380000000000008,0,0,0,MP,6
llama31_instruct,h2_choice,79,main_perp,AsHr,3,0.045999999999999985,0.04599999999999993,0.04599999999999993,0,0,0,MP,6
llama31_instruct,h2_choice,79,main_perp,AsNc,0,0.057499999999999996,0.057499999999999996,0.057499999999999996,0,0,0,OD2,3
llama31_instruct,h2_choice,79,main_perp,AsNc,1,0.030200000000000005,0.030200000000000005,0.030200000000000005,0,0,0,OD2,3
llama31_instruct,h2_choice,79,main_perp,AsNc,2,0.04350000000000001,0.04349999999999998,0.04349999999999998,0,0,0,OD2,3
llama31_instruct,h2_choice,79,main_perp,AsNc,3,0.05399999999999999,0.05400000000000005,0.05400000000000005,0,0,0,OD2,3
llama31_instruct,h2_choice,79,main_perp,AsPc,0,0.03169999999999995,0.03169999999999995,0.03169999999999995,0,0,0,OD2,5
llama31_instruct,h2_choice,79,main_perp,AsPc,1,0.0017999999999999683,0.0017999999999999683,0.0017999999999999683,0,0,0,OD2,5
llama31_instruct,h2_choice,79,main_perp,AsPc,2,0.056400000000000006,0.056400000000000006,0.056400000000000006,0,0,0,OD2,5
llama31_instruct,h2_choice,79,main_perp,AsPc,3,0.046499999999999986,0.046499999999999986,0.046499999999999986,0,0,0,OD2,5
llama31_instruct,h2_choice,79,main_perp,AsPd,0,0.03149999999999997,0.03149999999999997,0.03149999999999997,0,0,0,OD1,6
llama31_instruct,h2_choice,79,main_perp,AsPd,1,0.030100000000000016,0.030100000000000016,0.030100000000000016,0,0,0,OD1,6
llama31_instruct,h2_choice,79,main_perp,AsPd,2,0.045999999999999985,0.04600000000000004,0.04600000000000004,0,0,0,OD1,6
llama31_instruct,h2_choice,79,main_perp,AsPd,3,0.06289999999999998,0.06289999999999996,0.06289999999999996,0,0,0,OD1,6
llama31_instruct,h2_choice,79,main_perp,AsSh,0,0.04319999999999999,0.04319999999999999,0.04319999999999999,0,0,0,CO1,3
llama31_instruct,h2_choice,79,main_perp,AsSh,1,0.027500000000000024,0.027500000000000024,0.027500000000000024,0,0,0,CO1,3
llama31_instruct,h2_choice,79,main_perp,AsSh,2,0.0345,0.034499999999999975,0.034499999999999975,0,0,0,CO1,3
llama31_instruct,h2_choice,79,main_perp,AsSh,3,0.058199999999999974,0.05819999999999992,0.05819999999999992,0,0,0,CO1,3
llama31_instruct,h2_choice,79,main_perp,BaAs,0,0.03249999999999997,0.03249999999999997,0.03249999999999997,0,0,0,MP,1
llama31_instruct,h2_choice,79,main_perp,BaAs,1,0.05209999999999998,0.05209999999999998,0.05209999999999998,0,0,0,MP,1
llama31_instruct,h2_choice,79,main_perp,BaAs,2,0.0534,0.0534,0.0534,0,0,0,MP,1
llama31_instruct,h2_choice,79,main_perp,BaAs,3,0.03200000000000003,0.03200000000000003,0.03200000000000003,0,0,0,MP,1
llama31_instruct,h2_choice,79,main_perp,BaBa,0,0.031299999999999994,0.031299999999999994,0.031299999999999994,0,0,0,CO2,3
llama31_instruct,h2_choice,79,main_perp,BaBa,1,0.027500000000000024,0.027500000000000024,0.027500000000000024,0,0,0,CO2,3
llama31_instruct,h2_choice,79,main_perp,BaBa,2,0.032299999999999995,0.032299999999999995,0.032299999999999995,0,0,0,CO2,3
llama31_instruct,h2_choice,79,main_perp,BaBa,3,0.031799999999999995,0.03179999999999994,0.03179999999999994,0,0,0,CO2,3
llama31_instruct,h2_choice,79,main_perp,BaCh,0,0.0534,0.0534,0.0534,0,0,0,CO2,4
llama31_instruct,h2_choice,79,main_perp,BaCh,1,0.04929999999999998,0.04929999999999998,0.04929999999999998,0,0,0,CO2,4
llama31_instruct,h2_choice,79,main_perp,BaCh,2,0.031799999999999995,0.03179999999999994,0.03179999999999994,0,0,0,CO2,4
llama31_instruct,h2_choice,79,main_perp,BaCh,3,0.025999999999999968,0.026000000000000023,0.026000000000000023,0,0,0,CO2,4
llama31_instruct,h2_choice,79,main_perp,BaCm,0,0.03200000000000003,0.03200000000000003,0.03200000000000003,0,0,0,OD1,1
llama31_instruct,h2_choice,79,main_perp,BaCm,1,0.0605,0.0605,0.0605,0,0,0,OD1,1
llama31_instruct,h2_choice,79,main_perp,BaCm,2,0.029200000000000004,0.029200000000000004,0.029200000000000004,0,0,0,OD1,1
llama31_instruct,h2_choice,79,main_perp,BaCm,3,0.0,0.0,0.0,0,0,0,OD1,1
llama31_instruct,h2_choice,79,main_perp,BaCo,0,0.03200000000000003,0.03200000000000003,0.03200000000000003,0,0,0,MP,3
llama31_instruct,h2_choice,79,main_perp,BaCo,1,0.029000000000000026,0.029000000000000026,0.029000000000000026,0,0,0,MP,3
llama31_instruct,h2_choice,79,main_perp,BaCo,2,0.04730000000000001,0.04730000000000001,0.04730000000000001,0,0,0,MP,3
llama31_instruct,h2_choice,79,main_perp,BaCo,3,0.02749999999999997,0.02749999999999997,0.02749999999999997,0,0,0,MP,3
llama31_instruct,h2_choice,79,main_perp,BaDl,0,0.0010999999999999899,0.0010999999999999899,0.0010999999999999899,0,0,0,OD1,3
llama31_instruct,h2_choice,79,main_perp,BaDl,1,0.027500000000000024,0.027500000000000024,0.027500000000000024,0,0,0,OD1,3
llama31_instruct,h2_choice,79,main_perp,BaDl,2,0.032299999999999995,0.032299999999999995,0.032299999999999995,1,1,1,OD1,3
llama31_instruct,h2_choice,79,main_perp,BaDl,3,0.0267,0.026700000000000057,0.026700000000000057,0,0,0,OD1,3
llama31_instruct,h2_choice,79,main_perp,BaHa,0,0.032500000000000084,0.032500000000000084,0.032500000000000084,0,0,0,OD2,2
llama31_instruct,h2_choice,79,main_perp,BaHa,1,0.05810000000000004,0.05810000000000004,0.05810000000000004,0,0,0,OD2,2
llama31_instruct,h2_choice,79,main_perp,BaHa,2,0.04369999999999996,0.04369999999999996,0.04369999999999996,0,0,0,OD2,2
llama31_instruct,h2_choice,79,main_perp,BaHa,3,0.029999999999999916,0.029999999999999916,0.029999999999999916,0,0,0,OD2,2
llama31_instruct,h2_choice,79,main_perp,BaHr,0,0.0,0.0,0.0,0,0,0,CO1,5
llama31_instruct,h2_choice,79,main_perp,BaHr,1,0.03049999999999997,0.03049999999999997,0.03049999999999997,0,0,0,CO1,5
llama31_instruct,h2_choice,79,main_perp,BaHr,2,0.04730000000000001,0.04730000000000001,0.04730000000000001,0,0,0,CO1,5
llama31_instruct,h2_choice,79,main_perp,BaHr,3,0.03180000000000005,0.03180000000000005,0.03180000000000005,0,0,0,CO1,5
llama31_instruct,h2_choice,79,main_perp,BaNc,0,0.0016999999999999793,0.0016999999999999793,0.0016999999999999238,0,0,0,OD2,4
llama31_instruct,h2_choice,79,main_perp,BaNc,1,0.04929999999999998,0.04929999999999998,0.04930000000000001,0,0,0,OD2,4
llama31_instruct,h2_choice,79,main_perp,BaNc,2,0.029100000000000015,0.029100000000000015,0.029100000000000015,0,0,0,OD2,4
llama31_instruct,h2_choice,79,main_perp,BaNc,3,0.03190000000000004,0.03190000000000004,0.03190000000000004,0,0,0,OD2,4
llama31_instruct,h2_choice,79,main_perp,BaPc,0,0.029000000000000026,0.029000000000000026,0.029000000000000026,0,0,0,OD2,6
llama31_instruct,h2_choice,79,main_perp,BaPc,1,0.031000000000000028,0.031000000000000028,0.031000000000000028,0,0,0,OD2,6
llama31_instruct,h2_choice,79,main_perp,BaPc,2,0.05479999999999996,0.05479999999999996,0.05479999999999996,0,0,0,OD2,6
llama31_instruct,h2_choice,79,main_perp,BaPc,3,0.031000000000000028,0.031000000000000028,0.031000000000000028,0,0,0,OD2,6
llama31_instruct,h2_choice,79,main_perp,BaPd,0,0.027400000000000035,0.027400000000000035,0.027400000000000035,0,0,0,OD1,5
llama31_instruct,h2_choice,79,main_perp,BaPd,1,0.0534,0.0534,0.0534,0,0,0,OD1,5
llama31_instruct,h2_choice,79,main_perp,BaPd,2,0.027700000000000002,0.027699999999999947,0.027699999999999947,0,0,0,OD1,5
llama31_instruct,h2_choice,79,main_perp,BaPd,3,0.05039999999999997,0.05039999999999989,0.05039999999999989,0,0,0,OD1,5
llama31_instruct,h2_choice,79,main_perp,BaSh,0,0.031299999999999994,0.031299999999999994,0.031299999999999994,0,0,0,MP,5
llama31_instruct,h2_choice,79,main_perp,BaSh,1,0.050699999999999995,0.050699999999999995,0.050699999999999995,0,0,0,MP,5
llama31_instruct,h2_choice,79,main_perp,BaSh,2,0.05499999999999994,0.05499999999999994,0.05499999999999994,0,0,0,MP,5
llama31_instruct,h2_choice,79,main_perp,BaSh,3,0.030100000000000016,0.030100000000000016,0.030100000000000016,0,0,0,MP,5
llama31_instruct,h2_choice,79,main_perp,ChAs,0,0.031299999999999994,0.031299999999999994,0.031299999999999994,0,0,0,MP,7
llama31_instruct,h2_choice,79,main_perp,ChAs,1,0.030799999999999994,0.030799999999999994,0.030799999999999994,0,0,0,MP,7
llama31_instruct,h2_choice,79,main_perp,ChAs,2,0.025800000000000045,0.025800000000000045,0.025800000000000045,0,0,0,MP,7
llama31_instruct,h2_choice,79,main_perp,ChAs,3,0.031399999999999983,0.031399999999999983,0.031399999999999983,0,0,0,MP,7
llama31_instruct,h2_choice,79,main_perp,ChBa,0,0.057499999999999996,0.057499999999999996,0.057499999999999996,0,0,0,CO2,5
llama31_instruct,h2_choice,79,main_perp,ChBa,1,0.027500000000000024,0.027500000000000024,0.027500000000000024,0,0,0,CO2,5
llama31_instruct,h2_choice,79,main_perp,ChBa,2,0.032299999999999995,0.032299999999999995,0.032299999999999995,1,1,1,CO2,5
llama31_instruct,h2_choice,79,main_perp,ChBa,3,0.030200000000000005,0.030200000000000005,0.030200000000000005,0,0,0,CO2,5
llama31_instruct,h2_choice,79,main_perp,ChCh,0,0.0018000000000000238,0.0018000000000000238,0.0018000000000000238,0,0,0,CO2,6
llama31_instruct,h2_choice,79,main_perp,ChCh,1,0.029000000000000026,0.029000000000000026,0.029000000000000026,0,0,0,CO2,6
llama31_instruct,h2_choice,79,main_perp,ChCh,2,0.032299999999999995,0.032299999999999995,0.032299999999999995,1,1,1,CO2,6
llama31_instruct,h2_choice,79,main_perp,ChCh,3,0.030899999999999983,0.030899999999999928,0.030899999999999928,0,0,0,CO2,6
llama31_instruct,h2_choice,79,main_perp,ChCm,0,0.030299999999999994,0.030299999999999994,0.030299999999999994,0,0,0,OD1,7
llama31_instruct,h2_choice,79,main_perp,ChCm,1,0.03069999999999995,0.03069999999999995,0.03069999999999995,0,0,0,OD1,7
llama31_instruct,h2_choice,79,main_perp,ChCm,2,0.056599999999999984,0.056599999999999984,0.056599999999999984,0,0,0,OD1,7
llama31_instruct,h2_choice,79,main_perp,ChCm,3,0.030700000000000005,0.03069999999999995,0.03069999999999995,0,0,0,OD1,7
llama31_instruct,h2_choice,79,main_perp,ChCo,0,0.030299999999999994,0.030299999999999994,0.030299999999999994,0,0,0,MP,9
llama31_instruct,h2_choice,79,main_perp,ChCo,1,0.029700000000000004,0.029700000000000004,0.029700000000000004,0,0,0,MP,9
llama31_instruct,h2_choice,79,main_perp,ChCo,2,0.02749999999999997,0.02749999999999997,0.02749999999999997,0,0,0,MP,9
llama31_instruct,h2_choice,79,main_perp,ChCo,3,0.031899999999999984,0.03190000000000004,0.03190000000000004,0,0,0,MP,9
llama31_instruct,h2_choice,79,main_perp,ChDl,0,0.03180000000000005,0.03180000000000005,0.03180000000000005,0,0,0,OD1,9
llama31_instruct,h2_choice,79,main_perp,ChDl,1,0.0017999999999999683,0.0017999999999999683,0.0017999999999999683,0,0,0,OD1,9
llama31_instruct,h2_choice,79,main_perp,ChDl,2,0.02970000000000006,0.02970000000000006,0.02970000000000006,0,0,0,OD1,9
llama31_instruct,h2_choice,79,main_perp,ChDl,3,0.03059999999999996,0.03059999999999996,0.03059999999999996,0,0,0,OD1,9
llama31_instruct,h2_choice,79,main_perp,ChHa,0,0.032299999999999995,0.032299999999999995,0.032299999999999995,1,1,1,OD2,8
llama31_instruct,h2_choice,79,main_perp,ChHa,1,0.030399999999999983,0.030399999999999983,0.030399999999999983,0,0,0,OD2,8
llama31_instruct,h2_choice,79,main_perp,ChHa,2,0.05480000000000007,0.05480000000000007,0.05480000000000007,0,0,0,OD2,8
llama31_instruct,h2_choice,79,main_perp,ChHa,3,0.05499999999999994,0.05499999999999994,0.05499999999999994,0,0,0,OD2,8
llama31_instruct,h2_choice,79,main_perp,ChHr,0,0.0010999999999999899,0.0010999999999999899,0.0010999999999999899,0,0,0,CO1,6
llama31_instruct,h2_choice,79,main_perp,ChHr,1,0.0,0.0,0.0,0,0,0,CO1,6
llama31_instruct,h2_choice,79,main_perp,ChHr,2,0.05230000000000001,0.05230000000000001,0.05230000000000001,0,0,0,CO1,6
llama31_instruct,h2_choice,79,main_perp,ChHr,3,0.032299999999999995,0.032299999999999995,0.032299999999999995,1,1,1,CO1,6
llama31_instruct,h2_choice,79,main_perp,CmAs,0,0.06719999999999998,0.06719999999999998,0.06719999999999993,0,0,0,OD1,8
llama31_instruct,h2_choice,79,main_perp,CmAs,1,0.03689999999999999,0.03689999999999999,0.03689999999999993,0,0,0,OD1,8
llama31_instruct,h2_choice,79,main_perp,CmAs,2,0.02839999999999998,0.02839999999999998,0.02839999999999998,0,0,0,OD1,8
llama31_instruct,h2_choice,79,main_perp,CmAs,3,0.02939999999999998,0.02939999999999998,0.02939999999999998,0,0,0,OD1,8
llama31_instruct,h2_choice,79,main_perp,CmCm,0,0.04929999999999998,0.04929999999999998,0.04930000000000001,0,0,0,DD,2
llama31_instruct,h2_choice,79,main_perp,CmCm,1,0.021900000000000003,0.021900000000000003,0.02190000000000003,0,0,0,DD,2
llama31_instruct,h2_choice,79,main_perp,CmCm,2,0.042100000000000026,0.042100000000000026,0.042100000000000026,0,0,0,DD,2
llama31_instruct,h2_choice,79,main_perp,CmCm,3,0.0354000000000001,0.0354000000000001,0.0354000000000001,0,0,0,DD,2
llama31_instruct,h2_choice,79,main_perp,CmDl,0,0.04580000000000001,0.04580000000000001,0.04580000000000006,0,0,0,DD,4
llama31_instruct,h2_choice,79,main_perp,CmDl,1,0.050100000000000006,0.050100000000000006,0.05009999999999992,0,0,0,DD,4
llama31_instruct,h2_choice,79,main_perp,CmDl,2,0.045599999999999974,0.045599999999999974,0.045599999999999974,0,0,0,DD,4
llama31_instruct,h2_choice,79,main_perp,CmDl,3,0.023299999999999987,0.023299999999999987,0.023299999999999987,0,0,0,DD,4
llama31_instruct,h2_choice,79,main_perp,CmHa,0,0.07090000000000002,0.07090000000000002,0.07090000000000007,0,0,0,DD,6
llama31_instruct,h2_choice,79,main_perp,CmHa,1,0.045999999999999985,0.045999999999999985,0.04599999999999993,0,0,0,DD,6
llama31_instruct,h2_choice,79,main_perp,CmHa,2,0.025399999999999978,0.025399999999999978,0.025399999999999978,0,0,0,DD,6
llama31_instruct,h2_choice,79,main_perp,CmHa,3,0.040899999999999936,0.040899999999999936,0.040899999999999936,0,0,0,DD,6
llama31_instruct,h2_choice,79,main_perp,CmNc,0,0.06729999999999997,0.06729999999999997,0.06729999999999992,0,0,0,DD,8
llama31_instruct,h2_choice,79,main_perp,CmNc,1,0.058199999999999974,0.058199999999999974,0.05819999999999992,0,0,0,DD,8
llama31_instruct,h2_choice,79,main_perp,CmNc,2,0.027800000000000047,0.027800000000000047,0.027800000000000047,0,0,0,DD,8
llama31_instruct,h2_choice,79,main_perp,CmNc,3,0.03500000000000003,0.03500000000000003,0.03500000000000003,0,0,0,DD,8
llama31_instruct,h2_choice,79,main_perp,CoAs,0,0.0018000000000000238,0.0018000000000000238,0.0018000000000000238,0,0,0,CO2,7
llama31_instruct,h2_choice,79,main_perp,CoAs,1,0.056400000000000006,0.056400000000000006,0.056400000000000006,0,0,0,CO2,7
llama31_instruct,h2_choice,79,main_perp,CoAs,2,0.045999999999999985,0.04599999999999993,0.04599999999999993,0,0,0,CO2,7
llama31_instruct,h2_choice,79,main_perp,CoAs,3,0.0534,0.0534,0.0534,0,0,0,CO2,7
llama31_instruct,h2_choice,79,main_perp,CoCo,0,0.02749999999999997,0.02749999999999997,0.02749999999999997,0,0,0,CO1,7
llama31_instruct,h2_choice,79,main_perp,CoCo,1,0.028899999999999926,0.028899999999999926,0.028899999999999926,0,0,0,CO1,7
llama31_instruct,h2_choice,79,main_perp,CoCo,2,0.0635,0.06350000000000011,0.06350000000000011,0,0,0,CO1,7
llama31_instruct,h2_choice,79,main_perp,CoCo,3,0.045999999999999985,0.04599999999999993,0.04599999999999993,0,0,0,CO1,7
llama31_instruct,h2_choice,79,main_perp,CoSh,0,0.0,0.0,0.0,0,0,0,CO2,8
llama31_instruct,h2_choice,79,main_perp,CoSh,1,0.031399999999999983,0.031399999999999983,0.031399999999999983,0,0,0,CO2,8
llama31_instruct,h2_choice,79,main_perp,CoSh,2,0.045499999999999985,0.045499999999999985,0.045499999999999985,0,0,0,CO2,8
llama31_instruct,h2_choice,79,main_perp,CoSh,3,0.04630000000000001,0.04630000000000001,0.04630000000000001,0,0,0,CO2,8
llama31_instruct,h2_choice,79,main_perp,HaAs,0,0.03520000000000001,0.03520000000000001,0.03520000000000001,0,0,0,OD2,7
llama31_instruct,h2_choice,79,main_perp,HaAs,1,0.02210000000000001,0.02210000000000001,0.02210000000000001,0,0,0,OD2,7
llama31_instruct,h2_choice,79,main_perp,HaAs,2,0.05039999999999997,0.05039999999999989,0.05039999999999989,0,0,0,OD2,7
llama31_instruct,h2_choice,79,main_perp,HaAs,3,0.058199999999999974,0.05819999999999992,0.05819999999999992,0,0,0,OD2,7
llama31_instruct,h2_choice,79,main_perp,HaBa,0,0.031399999999999983,0.031399999999999983,0.031399999999999983,0,0,0,OD2,9
llama31_instruct,h2_choice,79,main_perp,HaBa,1,0.0017999999999999683,0.0017999999999999683,0.0017999999999999683,0,0,0,OD2,9
llama31_instruct,h2_choice,79,main_perp,HaBa,2,0.037300000000000014,0.0373,0.0373,0,0,0,OD2,9
llama31_instruct,h2_choice,79,main_perp,HaBa,3,0.0683,0.06830000000000003,0.06830000000000003,0,0,0,OD2,9
llama31_instruct,h2_choice,79,main_perp,HaCm,0,0.031399999999999983,0.031399999999999983,0.031399999999999983,0,0,0,DD,1
llama31_instruct,h2_choice,79,main_perp,HaCm,1,0.06219999999999992,0.06219999999999992,0.06219999999999992,0,0,0,DD,1
llama31_instruct,h2_choice,79,main_perp,HaCm,2,0.03209999999999999,0.032099999999999906,0.032099999999999906,0,0,0,DD,1
llama31_instruct,h2_choice,79,main_perp,HaCm,3,0.040999999999999995,0.040999999999999925,0.040999999999999925,0,0,0,DD,1
llama31_instruct,h2_choice,79,main_perp,HaDl,0,0.032299999999999995,0.032299999999999995,0.032299999999999995,0,0,0,DD,3
llama31_instruct,h2_choice,79,main_perp,HaDl,1,0.029000000000000026,0.029000000000000026,0.029000000000000026,0,0,0,DD,3
llama31_instruct,h2_choice,79,main_perp,HaDl,2,0.040200000000000014,0.040200000000000014,0.040200000000000014,0,0,0,DD,3
llama31_instruct,h2_choice,79,main_perp,HaDl,3,0.04089999999999999,0.04090000000000005,0.04090000000000005,0,0,0,DD,3
llama31_instruct,h2_choice,79,main_perp,HaHa,0,0.05400000000000005,0.05400000000000005,0.05400000000000005,0,0,0,DD,5
llama31_instruct,h2_choice,79,main_perp,HaHa,1,0.046499999999999986,0.046499999999999986,0.046499999999999986,0,0,0,DD,5
llama31_instruct,h2_choice,79,main_perp,HaHa,2,0.037699999999999984,0.037699999999999956,0.037699999999999956,0,0,0,DD,5
llama31_instruct,h2_choice,79,main_perp,HaHa,3,0.03689999999999999,0.03689999999999993,0.03689999999999993,0,0,0,DD,5
llama31_instruct,h2_choice,79,main_perp,HaNc,0,0.036900000000000044,0.036900000000000044,0.036900000000000044,0,0,0,DD,7
llama31_instruct,h2_choice,79,main_perp,HaNc,1,0.03059999999999996,0.03059999999999996,0.03059999999999996,0,0,0,DD,7
llama31_instruct,h2_choice,79,main_perp,HaNc,2,0.046700000000000005,0.046699999999999964,0.046699999999999964,0,0,0,DD,7
llama31_instruct,h2_choice,79,main_perp,HaNc,3,0.03910000000000001,0.039100000000000024,0.039100000000000024,0,0,0,DD,7
llama31_instruct,h2_choice,79,main_perp,HaPc,0,0.04079999999999995,0.04079999999999995,0.04079999999999995,0,0,0,DD,9
llama31_instruct,h2_choice,79,main_perp,HaPc,1,0.026499999999999968,0.026499999999999968,0.026499999999999968,0,0,0,DD,9
llama31_instruct,h2_choice,79,main_perp,HaPc,2,0.0413,0.0413,0.0413,0,0,0,DD,9
llama31_instruct,h2_choice,79,main_perp,HaPc,3,0.021699999999999997,0.021700000000000053,0.021700000000000053,0,0,0,DD,9
llama31_instruct,h2_choice,79,main_perp,HrAs,0,0.030299999999999994,0.030299999999999994,0.030299999999999994,0,0,0,MP,8
llama31_instruct,h2_choice,79,main_perp,HrAs,1,0.025999999999999968,0.025999999999999968,0.026000000000000023,0,0,0,MP,8
llama31_instruct,h2_choice,79,main_perp,HrAs,2,0.029299999999999993,0.029299999999999993,0.029299999999999993,0,0,0,MP,8
llama31_instruct,h2_choice,79,main_perp,HrAs,3,0.027200000000000002,0.027200000000000002,0.027200000000000002,0,0,0,MP,8
llama31_instruct,h2_choice,79,main_perp,HrBa,0,0.030600000000000016,0.030600000000000016,0.03060000000000007,0,0,0,CO1,2
llama31_instruct,h2_choice,79,main_perp,HrBa,1,0.05209999999999998,0.05209999999999998,0.052100000000000035,0,0,0,CO1,2
llama31_instruct,h2_choice,79,main_perp,HrBa,2,0.05369999999999997,0.05369999999999997,0.05369999999999997,0,0,0,CO1,2
llama31_instruct,h2_choice,79,main_perp,HrBa,3,0.02739999999999998,0.02739999999999998,0.02739999999999998,0,0,0,CO1,2
llama31_instruct,h2_choice,79,main_perp,HrCh,0,0.045999999999999985,0.045999999999999985,0.04599999999999993,0,0,0,CO1,4
llama31_instruct,h2_choice,79,main_perp,HrCh,1,0.037699999999999984,0.037699999999999984,0.037699999999999956,0,0,0,CO1,4
llama31_instruct,h2_choice,79,main_perp,HrCh,2,0.02749999999999997,0.02749999999999997,0.02749999999999997,0,0,0,CO1,4
llama31_instruct,h2_choice,79,main_perp,HrCh,3,0.032299999999999995,0.032299999999999995,0.032299999999999995,1,1,1,CO1,4
llama31_instruct,h2_choice,79,main_perp,HrHr,0,0.05209999999999998,0.05209999999999998,0.052100000000000035,0,0,0,CO2,2
llama31_instruct,h2_choice,79,main_perp,HrHr,1,0.024599999999999983,0.024599999999999983,0.024599999999999955,0,0,0,CO2,2
llama31_instruct,h2_choice,79,main_perp,HrHr,2,0.021399999999999975,0.021399999999999975,0.021399999999999975,0,0,0,CO2,2
llama31_instruct,h2_choice,79,main_perp,HrHr,3,0.028899999999999926,0.028899999999999926,0.028899999999999926,0,0,0,CO2,2
llama31_instruct,h2_choice,79,main_perp,ShAs,0,0.05049999999999996,0.05049999999999996,0.05049999999999996,0,0,0,CO1,8
llama31_instruct,h2_choice,79,main_perp,ShAs,1,0.029000000000000026,0.029000000000000026,0.029000000000000026,0,0,0,CO1,8
llama31_instruct,h2_choice,79,main_perp,ShAs,2,0.04369999999999999,0.04369999999999996,0.04369999999999996,0,0,0,CO1,8
llama31_instruct,h2_choice,79,main_perp,ShAs,3,0.0542,0.054200000000000026,0.054200000000000026,0,0,0,CO1,8
llama31_instruct,h2_choice,79,main_perp,ShCo,0,0.05990000000000001,0.05990000000000001,0.05990000000000001,0,0,0,CO2,9
llama31_instruct,h2_choice,79,main_perp,ShCo,1,0.029799999999999993,0.029799999999999993,0.029799999999999993,0,0,0,CO2,9
llama31_instruct,h2_choice,79,main_perp,ShCo,2,0.031899999999999984,0.03189999999999993,0.03189999999999993,0,0,0,CO2,9
llama31_instruct,h2_choice,79,main_perp,ShCo,3,0.05840000000000001,0.05840000000000001,0.05840000000000001,0,0,0,CO2,9
llama31_instruct,h2_choice,79,main_perp,ShSh,0,0.027500000000000024,0.027500000000000024,0.027500000000000024,0,0,0,CO1,9
llama31_instruct,h2_choice,79,main_perp,ShSh,1,0.030100000000000016,0.030100000000000016,0.030100000000000016,0,0,0,CO1,9
llama31_instruct,h2_choice,79,main_perp,ShSh,2,0.06310000000000002,0.06310000000000004,0.06310000000000004,0,0,0,CO1,9
llama31_instruct,h2_choice,79,main_perp,ShSh,3,0.0534,0.0534,0.0534,0,0,0,CO1,9
llama31_instruct,h2_choice,79,random,AsAs,0,0.44809999999999994,0.44809999999999994,0.44809999999999994,1,1,1,CO1,1
llama31_instruct,h2_choice,79,random,AsAs,1,0.4556,0.4556,0.4556,1,1,1,CO1,1
llama31_instruct,h2_choice,79,random,AsAs,2,0.3619,0.3619,0.3619,0,0,0,CO1,1
llama31_instruct,h2_choice,79,random,AsAs,3,0.3665,0.36650000000000005,0.36650000000000005,0,0,0,CO1,1
llama31_instruct,h2_choice,79,random,AsBa,0,0.4504,0.4504,0.4504,1,1,1,MP,2
llama31_instruct,h2_choice,79,random,AsBa,1,0.4292,0.4292,0.4292,1,1,1,MP,2
llama31_instruct,h2_choice,79,random,AsBa,2,0.4119,0.41190000000000004,0.41190000000000004,1,1,1,MP,2
llama31_instruct,h2_choice,79,random,AsBa,3,0.4094,0.4094,0.4094,1,1,1,MP,2
llama31_instruct,h2_choice,79,random,AsCh,0,0.4557,0.4557,0.4557,1,1,1,MP,4
llama31_instruct,h2_choice,79,random,AsCh,1,0.4212,0.4212,0.4212,1,1,1,MP,4
llama31_instruct,h2_choice,79,random,AsCh,2,0.3413,0.34130000000000005,0.34130000000000005,0,0,0,MP,4
llama31_instruct,h2_choice,79,random,AsCh,3,0.38350000000000006,0.38350000000000006,0.38350000000000006,1,1,1,MP,4
llama31_instruct,h2_choice,79,random,AsCm,0,0.4497,0.4497,0.4497,1,1,1,OD1,2
llama31_instruct,h2_choice,79,random,AsCm,1,0.39960000000000007,0.39960000000000007,0.39960000000000007,1,1,1,OD1,2
llama31_instruct,h2_choice,79,random,AsCm,2,0.28040000000000004,0.2804000000000001,0.2804000000000001,0,0,0,OD1,2
llama31_instruct,h2_choice,79,random,AsCm,3,0.2922,0.2921999999999999,0.2921999999999999,0,0,0,OD1,2
llama31_instruct,h2_choice,79,random,AsCo,0,0.4557,0.4557,0.4557,1,1,1,CO2,1
llama31_instruct,h2_choice,79,random,AsCo,1,0.4867,0.4867,0.4867,1,1,1,CO2,1
llama31_instruct,h2_choice,79,random,AsCo,2,0.3125,0.3125,0.3125,0,0,0,CO2,1
llama31_instruct,h2_choice,79,random,AsCo,3,0.3621,0.3621,0.3621,0,0,0,CO2,1
llama31_instruct,h2_choice,79,random,AsDl,0,0.4776,0.4776,0.4776,1,1,1,OD1,4
llama31_instruct,h2_choice,79,random,AsDl,1,0.43920000000000003,0.43920000000000003,0.43920000000000003,1,1,1,OD1,4
llama31_instruct,h2_choice,79,random,AsDl,2,0.3306,0.3306,0.3306,0,0,0,OD1,4
llama31_instruct,h2_choice,79,random,AsDl,3,0.2921,0.2921,0.2921,0,0,0,OD1,4
llama31_instruct,h2_choice,79,random,AsHa,0,0.46799999999999997,0.46799999999999997,0.46799999999999997,1,1,1,OD2,1
llama31_instruct,h2_choice,79,random,AsHa,1,0.42769999999999997,0.42769999999999997,0.42769999999999997,1,1,1,OD2,1
llama31_instruct,h2_choice,79,random,AsHa,2,0.3841,0.3841,0.3841,1,1,1,OD2,1
llama31_instruct,h2_choice,79,random,AsHa,3,0.4114,0.4114,0.4114,1,1,1,OD2,1
llama31_instruct,h2_choice,79,random,AsHr,0,0.4492,0.4492,0.44920000000000004,1,1,1,MP,6
llama31_instruct,h2_choice,79,random,AsHr,1,0.4492,0.4492,0.44920000000000004,1,1,1,MP,6
llama31_instruct,h2_choice,79,random,AsHr,2,0.37270000000000003,0.37270000000000003,0.37270000000000003,0,0,0,MP,6
llama31_instruct,h2_choice,79,random,AsHr,3,0.3497,0.3497000000000001,0.3497000000000001,0,0,0,MP,6
llama31_instruct,h2_choice,79,random,AsNc,0,0.4102,0.4102,0.4102,1,1,1,OD2,3
llama31_instruct,h2_choice,79,random,AsNc,1,0.4484,0.4484,0.4484,1,1,1,OD2,3
llama31_instruct,h2_choice,79,random,AsNc,2,0.3413,0.34130000000000005,0.34130000000000005,0,0,0,OD2,3
llama31_instruct,h2_choice,79,random,AsNc,3,0.2626,0.26259999999999994,0.26259999999999994,0,0,0,OD2,3
llama31_instruct,h2_choice,79,random,AsPc,0,0.4815,0.4815,0.4815,1,1,1,OD2,5
llama31_instruct,h2_choice,79,random,AsPc,1,0.46010000000000006,0.46010000000000006,0.46010000000000006,1,1,1,OD2,5
llama31_instruct,h2_choice,79,random,AsPc,2,0.42879999999999996,0.42879999999999996,0.42879999999999996,1,1,1,OD2,5
llama31_instruct,h2_choice,79,random,AsPc,3,0.3493,0.34929999999999994,0.34929999999999994,0,0,0,OD2,5
llama31_instruct,h2_choice,79,random,AsPd,0,0.4368,0.4368,0.43679999999999997,1,1,1,OD1,6
llama31_instruct,h2_choice,79,random,AsPd,1,0.42790000000000006,0.42790000000000006,0.42790000000000006,1,1,1,OD1,6
llama31_instruct,h2_choice,79,random,AsPd,2,0.281,0.281,0.281,0,0,0,OD1,6
llama31_instruct,h2_choice,79,random,AsPd,3,0.2536,0.25359999999999994,0.25359999999999994,0,0,0,OD1,6
llama31_instruct,h2_choice,79,random,AsSh,0,0.3486,0.3486,0.3486,0,0,0,CO1,3
llama31_instruct,h2_choice,79,random,AsSh,1,0.39790000000000003,0.39790000000000003,0.39790000000000003,1,1,1,CO1,3
llama31_instruct,h2_choice,79,random,AsSh,2,0.3018,0.30180000000000007,0.30180000000000007,0,0,0,CO1,3
llama31_instruct,h2_choice,79,random,AsSh,3,0.31220000000000003,0.3121999999999999,0.3121999999999999,0,0,0,CO1,3
llama31_instruct,h2_choice,79,random,BaAs,0,0.48250000000000004,0.48250000000000004,0.48250000000000004,1,1,1,MP,1
llama31_instruct,h2_choice,79,random,BaAs,1,0.38350000000000006,0.38350000000000006,0.38350000000000006,1,1,1,MP,1
llama31_instruct,h2_choice,79,random,BaAs,2,0.39799999999999996,0.3979999999999999,0.3979999999999999,1,1,1,MP,1
llama31_instruct,h2_choice,79,random,BaAs,3,0.45629999999999993,0.45629999999999993,0.45629999999999993,1,1,1,MP,1
llama31_instruct,h2_choice,79,random,BaBa,0,0.4578,0.4578,0.4578,1,1,1,CO2,3
llama31_instruct,h2_choice,79,random,BaBa,1,0.3973,0.3973,0.3973,1,1,1,CO2,3
llama31_instruct,h2_choice,79,random,BaBa,2,0.4864,0.48640000000000005,0.48640000000000005,1,1,1,CO2,3
llama31_instruct,h2_choice,79,random,BaBa,3,0.4504,0.4504,0.4504,1,1,1,CO2,3
llama31_instruct,h2_choice,79,random,BaCh,0,0.4295,0.4295,0.4295,1,1,1,CO2,4
llama31_instruct,h2_choice,79,random,BaCh,1,0.3806,0.3806,0.3806,0,0,0,CO2,4
llama31_instruct,h2_choice,79,random,BaCh,2,0.4557,0.4557,0.4557,1,1,1,CO2,4
llama31_instruct,h2_choice,79,random,BaCh,3,0.42989999999999995,0.42989999999999995,0.42989999999999995,1,1,1,CO2,4
llama31_instruct,h2_choice,79,random,BaCm,0,0.46059999999999995,0.46059999999999995,0.46059999999999995,1,1,1,OD1,1
llama31_instruct,h2_choice,79,random,BaCm,1,0.47829999999999995,0.47829999999999995,0.47829999999999995,1,1,1,OD1,1
llama31_instruct,h2_choice,79,random,BaCm,2,0.48750000000000004,0.48750000000000004,0.48750000000000004,1,1,1,OD1,1
llama31_instruct,h2_choice,79,random,BaCm,3,0.48560000000000003,0.48560000000000003,0.48560000000000003,1,1,1,OD1,1
llama31_instruct,h2_choice,79,random,BaCo,0,0.46079999999999993,0.46079999999999993,0.46079999999999993,1,1,1,MP,3
llama31_instruct,h2_choice,79,random,BaCo,1,0.4484,0.4484,0.4484,1,1,1,MP,3
llama31_instruct,h2_choice,79,random,BaCo,2,0.42419999999999997,0.4241999999999999,0.4241999999999999,1,1,1,MP,3
llama31_instruct,h2_choice,79,random,BaCo,3,0.42819999999999997,0.4282,0.4282,1,1,1,MP,3
llama31_instruct,h2_choice,79,random,BaDl,0,0.46230000000000004,0.46230000000000004,0.46230000000000004,1,1,1,OD1,3
llama31_instruct,h2_choice,79,random,BaDl,1,0.42790000000000006,0.42790000000000006,0.42790000000000006,1,1,1,OD1,3
llama31_instruct,h2_choice,79,random,BaDl,2,0.4614,0.4613999999999999,0.4613999999999999,1,1,1,OD1,3
llama31_instruct,h2_choice,79,random,BaDl,3,0.42790000000000006,0.42790000000000006,0.42790000000000006,1,1,1,OD1,3
llama31_instruct,h2_choice,79,random,BaHa,0,0.4783,0.4783,0.47829999999999995,1,1,1,OD2,2
llama31_instruct,h2_choice,79,random,BaHa,1,0.44020000000000004,0.44020000000000004,0.44020000000000004,1,1,1,OD2,2
llama31_instruct,h2_choice,79,random,BaHa,2,0.36239999999999994,0.36239999999999994,0.36239999999999994,0,0,0,OD2,2
llama31_instruct,h2_choice,79,random,BaHa,3,0.4492,0.44920000000000004,0.44920000000000004,1,1,1,OD2,2
llama31_instruct,h2_choice,79,random,BaHr,0,0.46249999999999997,0.46249999999999997,0.46249999999999997,1,1,1,CO1,5
llama31_instruct,h2_choice,79,random,BaHr,1,0.44020000000000004,0.44020000000000004,0.44020000000000004,1,1,1,CO1,5
llama31_instruct,h2_choice,79,random,BaHr,2,0.3933,0.3933,0.3933,1,1,1,CO1,5
llama31_instruct,h2_choice,79,random,BaHr,3,0.4683,0.46830000000000005,0.46830000000000005,1,1,1,CO1,5
llama31_instruct,h2_choice,79,random,BaNc,0,0.42769999999999997,0.42769999999999997,0.42769999999999997,1,1,1,OD2,4
llama31_instruct,h2_choice,79,random,BaNc,1,0.39869999999999994,0.39869999999999994,0.39869999999999994,1,1,1,OD2,4
llama31_instruct,h2_choice,79,random,BaNc,2,0.458,0.4580000000000001,0.4580000000000001,1,1,1,OD2,4
llama31_instruct,h2_choice,79,random,BaNc,3,0.44909999999999994,0.44909999999999994,0.44909999999999994,1,1,1,OD2,4
llama31_instruct,h2_choice,79,random,BaPc,0,0.45670000000000005,0.45670000000000005,0.4567,1,1,1,OD2,6
llama31_instruct,h2_choice,79,random,BaPc,1,0.4335,0.4335,0.4335,1,1,1,OD2,6
llama31_instruct,h2_choice,79,random,BaPc,2,0.44439999999999996,0.4444,0.4444,1,1,1,OD2,6
llama31_instruct,h2_choice,79,random,BaPc,3,0.43450000000000005,0.4345,0.4345,1,1,1,OD2,6
llama31_instruct,h2_choice,79,random,BaPd,0,0.41450000000000004,0.41450000000000004,0.41450000000000004,1,1,1,OD1,5
llama31_instruct,h2_choice,79,random,BaPd,1,0.367,0.367,0.367,0,0,0,OD1,5
llama31_instruct,h2_choice,79,random,BaPd,2,0.44520000000000004,0.44520000000000004,0.44520000000000004,1,1,1,OD1,5
llama31_instruct,h2_choice,79,random,BaPd,3,0.367,0.367,0.367,0,0,0,OD1,5
llama31_instruct,h2_choice,79,random,BaSh,0,0.44819999999999993,0.44819999999999993,0.44819999999999993,1,1,1,MP,5
llama31_instruct,h2_choice,79,random,BaSh,1,0.3985,0.3985,0.3985,1,1,1,MP,5
llama31_instruct,h2_choice,79,random,BaSh,2,0.42819999999999997,0.4282,0.4282,1,1,1,MP,5
llama31_instruct,h2_choice,79,random,BaSh,3,0.4504,0.4504,0.4504,1,1,1,MP,5
llama31_instruct,h2_choice,79,random,ChAs,0,0.48360000000000003,0.48360000000000003,0.48360000000000003,1,1,1,MP,7
llama31_instruct,h2_choice,79,random,ChAs,1,0.4292,0.4292,0.4292,1,1,1,MP,7
llama31_instruct,h2_choice,79,random,ChAs,2,0.3985,0.3985000000000001,0.3985000000000001,1,1,1,MP,7
llama31_instruct,h2_choice,79,random,ChAs,3,0.46079999999999993,0.4607999999999999,0.4607999999999999,1,1,1,MP,7
llama31_instruct,h2_choice,79,random,ChBa,0,0.4404,0.4404,0.4404,1,1,1,CO2,5
llama31_instruct,h2_choice,79,random,ChBa,1,0.42790000000000006,0.42790000000000006,0.42790000000000006,1,1,1,CO2,5
llama31_instruct,h2_choice,79,random,ChBa,2,0.4866,0.48660000000000003,0.48660000000000003,1,1,1,CO2,5
llama31_instruct,h2_choice,79,random,ChBa,3,0.48360000000000003,0.48360000000000003,0.48360000000000003,1,1,1,CO2,5
llama31_instruct,h2_choice,79,random,ChCh,0,0.4602,0.4602,0.4602,1,1,1,CO2,6
llama31_instruct,h2_choice,79,random,ChCh,1,0.39,0.39,0.39,1,1,1,CO2,6
llama31_instruct,h2_choice,79,random,ChCh,2,0.46249999999999997,0.4625,0.4625,1,1,1,CO2,6
llama31_instruct,h2_choice,79,random,ChCh,3,0.42900000000000005,0.42900000000000005,0.42900000000000005,1,1,1,CO2,6
llama31_instruct,h2_choice,79,random,ChCm,0,0.48590000000000005,0.48590000000000005,0.48590000000000005,1,1,1,OD1,7
llama31_instruct,h2_choice,79,random,ChCm,1,0.4555,0.4555,0.4555,1,1,1,OD1,7
llama31_instruct,h2_choice,79,random,ChCm,2,0.45810000000000006,0.45810000000000006,0.45810000000000006,1,1,1,OD1,7
llama31_instruct,h2_choice,79,random,ChCm,3,0.46249999999999997,0.4625,0.4625,1,1,1,OD1,7
llama31_instruct,h2_choice,79,random,ChCo,0,0.45629999999999993,0.45629999999999993,0.45629999999999993,1,1,1,MP,9
llama31_instruct,h2_choice,79,random,ChCo,1,0.44909999999999994,0.44909999999999994,0.44909999999999994,1,1,1,MP,9
llama31_instruct,h2_choice,79,random,ChCo,2,0.45820000000000005,0.45820000000000005,0.45820000000000005,1,1,1,MP,9
llama31_instruct,h2_choice,79,random,ChCo,3,0.4615,0.4615,0.4615,1,1,1,MP,9
llama31_instruct,h2_choice,79,random,ChDl,0,0.4204,0.4204,0.4204,1,1,1,OD1,9
llama31_instruct,h2_choice,79,random,ChDl,1,0.48650000000000004,0.48650000000000004,0.48650000000000004,1,1,1,OD1,9
llama31_instruct,h2_choice,79,random,ChDl,2,0.4404,0.4404,0.4404,1,1,1,OD1,9
llama31_instruct,h2_choice,79,random,ChDl,3,0.4498,0.4498,0.4498,1,1,1,OD1,9
llama31_instruct,h2_choice,79,random,ChHa,0,0.48469999999999996,0.48469999999999996,0.4846999999999999,1,1,1,OD2,8
llama31_instruct,h2_choice,79,random,ChHa,1,0.45699999999999996,0.45699999999999996,0.45699999999999996,1,1,1,OD2,8
llama31_instruct,h2_choice,79,random,ChHa,2,0.3317,0.3317,0.3317,0,0,0,OD2,8
llama31_instruct,h2_choice,79,random,ChHa,3,0.44519999999999993,0.44519999999999993,0.44519999999999993,1,1,1,OD2,8
llama31_instruct,h2_choice,79,random,ChHr,0,0.4832,0.4832,0.4832,1,1,1,CO1,6
llama31_instruct,h2_choice,79,random,ChHr,1,0.46170000000000005,0.46170000000000005,0.46170000000000005,1,1,1,CO1,6
llama31_instruct,h2_choice,79,random,ChHr,2,0.4289,0.42890000000000006,0.42890000000000006,1,1,1,CO1,6
llama31_instruct,h2_choice,79,random,ChHr,3,0.4854,0.48539999999999994,0.48539999999999994,1,1,1,CO1,6
llama31_instruct,h2_choice,79,random,CmAs,0,0.3933,0.3933,0.3933,0,0,0,OD1,8
llama31_instruct,h2_choice,79,random,CmAs,1,0.2932,0.2932,0.2932,0,0,0,OD1,8
llama31_instruct,h2_choice,79,random,CmAs,2,0.14200000000000002,0.14200000000000002,0.14200000000000002,0,0,0,OD1,8
llama31_instruct,h2_choice,79,random,CmAs,3,0.2602,0.2602,0.2602,0,0,0,OD1,8
llama31_instruct,h2_choice,79,random,CmCm,0,0.4111,0.4111,0.4111,1,1,1,DD,2
llama31_instruct,h2_choice,79,random,CmCm,1,0.3417,0.3417,0.3417,0,0,0,DD,2
llama31_instruct,h2_choice,79,random,CmCm,2,0.1723,0.1723,0.1723,0,0,0,DD,2
llama31_instruct,h2_choice,79,random,CmCm,3,0.3022,0.3022,0.3022,0,0,0,DD,2
llama31_instruct,h2_choice,79,random,CmDl,0,0.2818,0.2818,0.28179999999999994,0,0,0,DD,4
llama31_instruct,h2_choice,79,random,CmDl,1,0.2803,0.2803,0.2803,0,0,0,DD,4
llama31_instruct,h2_choice,79,random,CmDl,2,0.26139999999999997,0.26139999999999997,0.26139999999999997,0,0,0,DD,4
llama31_instruct,h2_choice,79,random,CmDl,3,0.35030000000000006,0.35030000000000006,0.35030000000000006,0,0,0,DD,4
llama31_instruct,h2_choice,79,random,CmHa,0,0.4135,0.4135,0.4135,1,1,1,DD,6
llama31_instruct,h2_choice,79,random,CmHa,1,0.3806,0.3806,0.38060000000000005,0,0,0,DD,6
llama31_instruct,h2_choice,79,random,CmHa,2,0.12480000000000002,0.12480000000000002,0.12480000000000002,0,0,0,DD,6
llama31_instruct,h2_choice,79,random,CmHa,3,0.31179999999999997,0.31179999999999997,0.31179999999999997,0,0,0,DD,6
llama31_instruct,h2_choice,79,random,CmNc,0,0.3933,0.3933,0.3933,0,0,0,DD,8
llama31_instruct,h2_choice,79,random,CmNc,1,0.3436,0.3436,0.3436000000000001,0,0,0,DD,8
llama31_instruct,h2_choice,79,random,CmNc,2,0.20809999999999995,0.20809999999999995,0.20809999999999995,0,0,0,DD,8
llama31_instruct,h2_choice,79,random,CmNc,3,0.30110000000000003,0.30110000000000003,0.30110000000000003,0,0,0,DD,8
llama31_instruct,h2_choice,79,random,CoAs,0,0.477,0.477,0.477,1,1,1,CO2,7
llama31_instruct,h2_choice,79,random,CoAs,1,0.4285,0.4285,0.4285,1,1,1,CO2,7
llama31_instruct,h2_choice,79,random,CoAs,2,0.3933,0.3933,0.3933,0,0,0,CO2,7
llama31_instruct,h2_choice,79,random,CoAs,3,0.2924,0.2924,0.2924,0,0,0,CO2,7
llama31_instruct,h2_choice,79,random,CoCo,0,0.42819999999999997,0.42819999999999997,0.42819999999999997,1,1,1,CO1,7
llama31_instruct,h2_choice,79,random,CoCo,1,0.4285,0.4285,0.4285,1,1,1,CO1,7
llama31_instruct,h2_choice,79,random,CoCo,2,0.3735,0.37350000000000005,0.37350000000000005,0,0,0,CO1,7
llama31_instruct,h2_choice,79,random,CoCo,3,0.34900000000000003,0.349,0.349,0,0,0,CO1,7
llama31_instruct,h2_choice,79,random,CoSh,0,0.46170000000000005,0.46170000000000005,0.46170000000000005,1,1,1,CO2,8
llama31_instruct,h2_choice,79,random,CoSh,1,0.43450000000000005,0.43450000000000005,0.43450000000000005,1,1,1,CO2,8
llama31_instruct,h2_choice,79,random,CoSh,2,0.2612,0.2611999999999999,0.2611999999999999,0,0,0,CO2,8
llama31_instruct,h2_choice,79,random,CoSh,3,0.254,0.254,0.254,0,0,0,CO2,8
llama31_instruct,h2_choice,79,random,HaAs,0,0.3022,0.3022,0.3022,0,0,0,OD2,7
llama31_instruct,h2_choice,79,random,HaAs,1,0.35030000000000006,0.35030000000000006,0.35030000000000006,0,0,0,OD2,7
llama31_instruct,h2_choice,79,random,HaAs,2,0.39849999999999997,0.39849999999999997,0.39849999999999997,1,1,1,OD2,7
llama31_instruct,h2_choice,79,random,HaAs,3,0.31220000000000003,0.3121999999999999,0.3121999999999999,0,0,0,OD2,7
llama31_instruct,h2_choice,79,random,HaBa,0,0.46059999999999995,0.46059999999999995,0.46059999999999995,1,1,1,OD2,9
llama31_instruct,h2_choice,79,random,HaBa,1,0.46010000000000006,0.46010000000000006,0.46010000000000006,1,1,1,OD2,9
llama31_instruct,h2_choice,79,random,HaBa,2,0.26649999999999996,0.26649999999999996,0.26649999999999996,0,0,0,OD2,9
llama31_instruct,h2_choice,79,random,HaBa,3,0.3015,0.3015,0.3015,0,0,0,OD2,9
llama31_instruct,h2_choice,79,random,HaCm,0,0.45670000000000005,0.45670000000000005,0.45670000000000005,1,1,1,DD,1
llama31_instruct,h2_choice,79,random,HaCm,1,0.45670000000000005,0.45670000000000005,0.45670000000000005,1,1,1,DD,1
llama31_instruct,h2_choice,79,random,HaCm,2,0.2805,0.2805000000000001,0.2805000000000001,0,0,0,DD,1
llama31_instruct,h2_choice,79,random,HaCm,3,0.2535,0.25349999999999995,0.25349999999999995,0,0,0,DD,1
llama31_instruct,h2_choice,79,random,HaDl,0,0.48560000000000003,0.48560000000000003,0.48560000000000003,1,1,1,DD,3
llama31_instruct,h2_choice,79,random,HaDl,1,0.44000000000000006,0.44000000000000006,0.44000000000000006,1,1,1,DD,3
llama31_instruct,h2_choice,79,random,HaDl,2,0.3438,0.3438000000000001,0.3438000000000001,0,0,0,DD,3
llama31_instruct,h2_choice,79,random,HaDl,3,0.3227,0.3226999999999999,0.3226999999999999,0,0,0,DD,3
llama31_instruct,h2_choice,79,random,HaHa,0,0.3014,0.3014,0.3014,0,0,0,DD,5
llama31_instruct,h2_choice,79,random,HaHa,1,0.36260000000000003,0.36260000000000003,0.36260000000000003,0,0,0,DD,5
llama31_instruct,h2_choice,79,random,HaHa,2,0.2919,0.29189999999999994,0.29189999999999994,0,0,0,DD,5
llama31_instruct,h2_choice,79,random,HaHa,3,0.2924,0.2924,0.2924,0,0,0,DD,5
llama31_instruct,h2_choice,79,random,HaNc,0,0.3317,0.3317,0.3317,0,0,0,DD,7
llama31_instruct,h2_choice,79,random,HaNc,1,0.4697,0.4697,0.4697,1,1,1,DD,7
llama31_instruct,h2_choice,79,random,HaNc,2,0.1649,0.16490000000000005,0.16490000000000005,0,0,0,DD,7
llama31_instruct,h2_choice,79,random,HaNc,3,0.1644,0.1644,0.1644,0,0,0,DD,7
llama31_instruct,h2_choice,79,random,HaPc,0,0.3218,0.3218,0.3218,0,0,0,DD,9
llama31_instruct,h2_choice,79,random,HaPc,1,0.39849999999999997,0.39849999999999997,0.39849999999999997,1,1,1,DD,9
llama31_instruct,h2_choice,79,random,HaPc,2,0.2681,0.2681,0.2681,0,0,0,DD,9
llama31_instruct,h2_choice,79,random,HaPc,3,0.1802,0.18019999999999992,0.18019999999999992,0,0,0,DD,9
llama31_instruct,h2_choice,79,random,HrAs,0,0.45790000000000003,0.45790000000000003,0.4579000000000001,1,1,1,MP,8
llama31_instruct,h2_choice,79,random,HrAs,1,0.39790000000000003,0.39790000000000003,0.39790000000000003,1,1,1,MP,8
llama31_instruct,h2_choice,79,random,HrAs,2,0.26139999999999997,0.26139999999999997,0.26139999999999997,0,0,0,MP,8
llama31_instruct,h2_choice,79,random,HrAs,3,0.39799999999999996,0.3979999999999999,0.3979999999999999,1,1,1,MP,8
llama31_instruct,h2_choice,79,random,HrBa,0,0.46930000000000005,0.46930000000000005,0.46930000000000005,1,1,1,CO1,2
llama31_instruct,h2_choice,79,random,HrBa,1,0.3985,0.3985,0.3985000000000001,1,1,1,CO1,2
llama31_instruct,h2_choice,79,random,HrBa,2,0.45980000000000004,0.4598,0.4598,1,1,1,CO1,2
llama31_instruct,h2_choice,79,random,HrBa,3,0.42819999999999997,0.4282,0.4282,1,1,1,CO1,2
llama31_instruct,h2_choice,79,random,HrCh,0,0.3805,0.3805,0.38050000000000006,0,0,0,CO1,4
llama31_instruct,h2_choice,79,random,HrCh,1,0.3126,0.3126,0.3125999999999999,0,0,0,CO1,4
llama31_instruct,h2_choice,79,random,HrCh,2,0.41250000000000003,0.4125,0.4125,1,1,1,CO1,4
llama31_instruct,h2_choice,79,random,HrCh,3,0.46149999999999997,0.4614999999999999,0.4614999999999999,1,1,1,CO1,4
llama31_instruct,h2_choice,79,random,HrHr,0,0.39849999999999997,0.39849999999999997,0.39849999999999997,1,1,1,CO2,2
llama31_instruct,h2_choice,79,random,HrHr,1,0.367,0.367,0.367,0,0,0,CO2,2
llama31_instruct,h2_choice,79,random,HrHr,2,0.34240000000000004,0.34240000000000004,0.34240000000000004,0,0,0,CO2,2
llama31_instruct,h2_choice,79,random,HrHr,3,0.4104,0.4104,0.4104,1,1,1,CO2,2
llama31_instruct,h2_choice,79,random,ShAs,0,0.39849999999999997,0.39849999999999997,0.39849999999999997,1,1,1,CO1,8
llama31_instruct,h2_choice,79,random,ShAs,1,0.4404,0.4404,0.4404,1,1,1,CO1,8
llama31_instruct,h2_choice,79,random,ShAs,2,0.361,0.361,0.361,0,0,0,CO1,8
llama31_instruct,h2_choice,79,random,ShAs,3,0.3015,0.3015,0.3015,0,0,0,CO1,8
llama31_instruct,h2_choice,79,random,ShCo,0,0.49629999999999996,0.49629999999999996,0.49629999999999996,1,1,1,CO2,9
llama31_instruct,h2_choice,79,random,ShCo,1,0.42900000000000005,0.42900000000000005,0.42900000000000005,1,1,1,CO2,9
llama31_instruct,h2_choice,79,random,ShCo,2,0.2818,0.28179999999999994,0.28179999999999994,0,0,0,CO2,9
llama31_instruct,h2_choice,79,random,ShCo,3,0.2334,0.23339999999999994,0.23339999999999994,0,0,0,CO2,9
llama31_instruct,h2_choice,79,random,ShSh,0,0.45840000000000003,0.45840000000000003,0.45840000000000003,1,1,1,CO1,9
llama31_instruct,h2_choice,79,random,ShSh,1,0.4484,0.4484,0.4484,1,1,1,CO1,9
llama31_instruct,h2_choice,79,random,ShSh,2,0.3735,0.37350000000000005,0.37350000000000005,0,0,0,CO1,9
llama31_instruct,h2_choice,79,random,ShSh,3,0.2736,0.27359999999999995,0.27359999999999995,0,0,0,CO1,9
qwen,h1_dinc,65,main,AsAs,0,0.5492,0.5492,0.5492,1,1,1,CO1,1
qwen,h1_dinc,65,main,AsAs,1,0.43820000000000003,0.43820000000000003,0.43820000000000003,1,1,1,CO1,1
qwen,h1_dinc,65,main,AsAs,2,0.5824,0.5824,0.5824,1,1,1,CO1,1
qwen,h1_dinc,65,main,AsAs,3,0.4337,0.4337,0.4337,1,1,1,CO1,1
qwen,h1_dinc,65,main,AsBa,0,0.5463,0.5463,0.5463,1,1,1,MP,2
qwen,h1_dinc,65,main,AsBa,1,0.45960000000000006,0.45960000000000006,0.4596000000000001,1,1,1,MP,2
qwen,h1_dinc,65,main,AsBa,2,0.5992999999999999,0.5992999999999999,0.5992999999999999,1,1,1,MP,2
qwen,h1_dinc,65,main,AsBa,3,0.43650000000000005,0.4365000000000001,0.4365000000000001,1,1,1,MP,2
qwen,h1_dinc,65,main,AsCh,0,0.5571,0.5571,0.5571,1,1,1,MP,4
qwen,h1_dinc,65,main,AsCh,1,0.43610000000000004,0.43610000000000004,0.43610000000000004,1,1,1,MP,4
qwen,h1_dinc,65,main,AsCh,2,0.5824,0.5823999999999999,0.5823999999999999,1,1,1,MP,4
qwen,h1_dinc,65,main,AsCh,3,0.4371,0.43709999999999993,0.43709999999999993,1,1,1,MP,4
qwen,h1_dinc,65,main,AsCm,0,0.5294,0.5294,0.5294,1,1,1,OD1,2
qwen,h1_dinc,65,main,AsCm,1,0.43509999999999993,0.43509999999999993,0.43509999999999993,1,1,1,OD1,2
qwen,h1_dinc,65,main,AsCm,2,0.6112,0.6112,0.6112,1,1,1,OD1,2
qwen,h1_dinc,65,main,AsCm,3,0.46209999999999996,0.46209999999999996,0.46209999999999996,1,1,1,OD1,2
qwen,h1_dinc,65,main,AsCo,0,0.5664,0.5664,0.5664,1,1,1,CO2,1
qwen,h1_dinc,65,main,AsCo,1,0.41109999999999997,0.41109999999999997,0.41109999999999997,1,1,1,CO2,1
qwen,h1_dinc,65,main,AsCo,2,0.5719,0.5719,0.5719,1,1,1,CO2,1
qwen,h1_dinc,65,main,AsCo,3,0.4371,0.43709999999999993,0.43709999999999993,1,1,1,CO2,1
qwen,h1_dinc,65,main,AsDl,0,0.5902000000000001,0.5902000000000001,0.5902,1,1,1,OD1,4
qwen,h1_dinc,65,main,AsDl,1,0.43660000000000004,0.43660000000000004,0.4366000000000001,1,1,1,OD1,4
qwen,h1_dinc,65,main,AsDl,2,0.5724,0.5724,0.5724,1,1,1,OD1,4
qwen,h1_dinc,65,main,AsDl,3,0.4836,0.4835999999999999,0.4835999999999999,1,1,1,OD1,4
qwen,h1_dinc,65,main,AsHa,0,0.5655,0.5655,0.5655,1,1,1,OD2,1
qwen,h1_dinc,65,main,AsHa,1,0.4616,0.4616,0.4616,1,1,1,OD2,1
qwen,h1_dinc,65,main,AsHa,2,0.5487,0.5487000000000001,0.5487000000000001,1,1,1,OD2,1
qwen,h1_dinc,65,main,AsHa,3,0.46090000000000003,0.4609000000000001,0.4609000000000001,1,1,1,OD2,1
qwen,h1_dinc,65,main,AsHr,0,0.5722,0.5722,0.5722,1,1,1,MP,6
qwen,h1_dinc,65,main,AsHr,1,0.4351,0.4351,0.43510000000000004,1,1,1,MP,6
qwen,h1_dinc,65,main,AsHr,2,0.5729000000000001,0.5729000000000001,0.5729000000000001,1,1,1,MP,6
qwen,h1_dinc,65,main,AsHr,3,0.45990000000000003,0.4599000000000001,0.4599000000000001,1,1,1,MP,6
qwen,h1_dinc,65,main,AsNc,0,0.5667,0.5667,0.5667,1,1,1,OD2,3
qwen,h1_dinc,65,main,AsNc,1,0.4351,0.4351,0.4351,1,1,1,OD2,3
qwen,h1_dinc,65,main,AsNc,2,0.5659000000000001,0.5659000000000001,0.5659000000000001,1,1,1,OD2,3
qwen,h1_dinc,65,main,AsNc,3,0.46040000000000003,0.46040000000000003,0.46040000000000003,1,1,1,OD2,3
qwen,h1_dinc,65,main,AsPc,0,0.5235000000000001,0.5235000000000001,0.5235000000000001,1,1,1,OD2,5
qwen,h1_dinc,65,main,AsPc,1,0.4371,0.4371,0.4371,1,1,1,OD2,5
qwen,h1_dinc,65,main,AsPc,2,0.591,0.591,0.591,1,1,1,OD2,5
qwen,h1_dinc,65,main,AsPc,3,0.4839,0.4839,0.4839,1,1,1,OD2,5
qwen,h1_dinc,65,main,AsPd,0,0.5873999999999999,0.5873999999999999,0.5873999999999999,1,1,1,OD1,6
qwen,h1_dinc,65,main,AsPd,1,0.48319999999999996,0.48319999999999996,0.48319999999999996,1,1,1,OD1,6
qwen,h1_dinc,65,main,AsPd,2,0.5668,0.5668,0.5668,1,1,1,OD1,6
qwen,h1_dinc,65,main,AsPd,3,0.4857,0.4857,0.4857,1,1,1,OD1,6
qwen,h1_dinc,65,main,AsSh,0,0.5581,0.5581,0.5581,1,1,1,CO1,3
qwen,h1_dinc,65,main,AsSh,1,0.43700000000000006,0.43700000000000006,0.43700000000000006,1,1,1,CO1,3
qwen,h1_dinc,65,main,AsSh,2,0.5730999999999999,0.5731,0.5731,1,1,1,CO1,3
qwen,h1_dinc,65,main,AsSh,3,0.4604,0.4603999999999999,0.4603999999999999,1,1,1,CO1,3
qwen,h1_dinc,65,main,BaAs,0,0.5528,0.5528,0.5528,1,1,1,MP,1
qwen,h1_dinc,65,main,BaAs,1,0.41,0.41,0.41,1,1,1,MP,1
qwen,h1_dinc,65,main,BaAs,2,0.573,0.573,0.573,1,1,1,MP,1
qwen,h1_dinc,65,main,BaAs,3,0.43820000000000003,0.43820000000000003,0.43820000000000003,1,1,1,MP,1
qwen,h1_dinc,65,main,BaBa,0,0.5827,0.5827,0.5827,1,1,1,CO2,3
qwen,h1_dinc,65,main,BaBa,1,0.487,0.487,0.487,1,1,1,CO2,3
qwen,h1_dinc,65,main,BaBa,2,0.603,0.603,0.603,1,1,1,CO2,3
qwen,h1_dinc,65,main,BaBa,3,0.4776,0.4776,0.4776,1,1,1,CO2,3
qwen,h1_dinc,65,main,BaCh,0,0.5414,0.5414,0.5414,1,1,1,CO2,4
qwen,h1_dinc,65,main,BaCh,1,0.4627,0.4627,0.4627,1,1,1,CO2,4
qwen,h1_dinc,65,main,BaCh,2,0.5602,0.5602,0.5602,1,1,1,CO2,4
qwen,h1_dinc,65,main,BaCh,3,0.46020000000000005,0.46020000000000005,0.46020000000000005,1,1,1,CO2,4
qwen,h1_dinc,65,main,BaCm,0,0.5665,0.5665,0.5665,1,1,1,OD1,1
qwen,h1_dinc,65,main,BaCm,1,0.43700000000000006,0.43700000000000006,0.43700000000000006,1,1,1,OD1,1
qwen,h1_dinc,65,main,BaCm,2,0.5840000000000001,0.5840000000000001,0.5840000000000001,1,1,1,OD1,1
qwen,h1_dinc,65,main,BaCm,3,0.4488,0.4488,0.4488,1,1,1,OD1,1
qwen,h1_dinc,65,main,BaCo,0,0.5659000000000001,0.5659000000000001,0.5659000000000001,1,1,1,MP,3
qwen,h1_dinc,65,main,BaCo,1,0.4628,0.4628,0.4628,1,1,1,MP,3
qwen,h1_dinc,65,main,BaCo,2,0.5725,0.5725,0.5725,1,1,1,MP,3
qwen,h1_dinc,65,main,BaCo,3,0.48179999999999995,0.4818,0.4818,1,1,1,MP,3
qwen,h1_dinc,65,main,BaDl,0,0.5902000000000001,0.5902000000000001,0.5902000000000001,1,1,1,OD1,3
qwen,h1_dinc,65,main,BaDl,1,0.43420000000000003,0.43420000000000003,0.43420000000000003,1,1,1,OD1,3
qwen,h1_dinc,65,main,BaDl,2,0.5868,0.5868,0.5868,1,1,1,OD1,3
qwen,h1_dinc,65,main,BaDl,3,0.46120000000000005,0.46120000000000005,0.46120000000000005,1,1,1,OD1,3
qwen,h1_dinc,65,main,BaHa,0,0.5283,0.5283,0.5283,1,1,1,OD2,2
qwen,h1_dinc,65,main,BaHa,1,0.4598,0.4598,0.4598,1,1,1,OD2,2
qwen,h1_dinc,65,main,BaHa,2,0.5725,0.5725,0.5725,1,1,1,OD2,2
qwen,h1_dinc,65,main,BaHa,3,0.4845999999999999,0.4845999999999999,0.4845999999999999,1,1,1,OD2,2
qwen,h1_dinc,65,main,BaHr,0,0.583,0.583,0.583,1,1,1,CO1,5
qwen,h1_dinc,65,main,BaHr,1,0.462,0.462,0.462,1,1,1,CO1,5
qwen,h1_dinc,65,main,BaHr,2,0.5837,0.5837,0.5837,1,1,1,CO1,5
qwen,h1_dinc,65,main,BaHr,3,0.4886,0.48860000000000003,0.48860000000000003,1,1,1,CO1,5
qwen,h1_dinc,65,main,BaNc,0,0.5482,0.5482,0.5482,1,1,1,OD2,4
qwen,h1_dinc,65,main,BaNc,1,0.48399999999999993,0.48399999999999993,0.4839999999999999,1,1,1,OD2,4
qwen,h1_dinc,65,main,BaNc,2,0.5982000000000001,0.5982000000000001,0.5982000000000001,1,1,1,OD2,4
qwen,h1_dinc,65,main,BaNc,3,0.43700000000000006,0.43700000000000006,0.43700000000000006,1,1,1,OD2,4
qwen,h1_dinc,65,main,BaPc,0,0.5825,0.5825,0.5825000000000001,1,1,1,OD2,6
qwen,h1_dinc,65,main,BaPc,1,0.46080000000000004,0.46080000000000004,0.4608,1,1,1,OD2,6
qwen,h1_dinc,65,main,BaPc,2,0.5658,0.5658,0.5658,1,1,1,OD2,6
qwen,h1_dinc,65,main,BaPc,3,0.4497,0.4497,0.4497,1,1,1,OD2,6
qwen,h1_dinc,65,main,BaPd,0,0.5831,0.5831,0.5831,1,1,1,OD1,5
qwen,h1_dinc,65,main,BaPd,1,0.4093,0.4093,0.4093,0,0,0,OD1,5
qwen,h1_dinc,65,main,BaPd,2,0.5728,0.5728,0.5728,1,1,1,OD1,5
qwen,h1_dinc,65,main,BaPd,3,0.4777,0.4777,0.4777,1,1,1,OD1,5
qwen,h1_dinc,65,main,BaSh,0,0.5319,0.5319,0.5319,1,1,1,MP,5
qwen,h1_dinc,65,main,BaSh,1,0.43590000000000007,0.43590000000000007,0.43590000000000007,1,1,1,MP,5
qwen,h1_dinc,65,main,BaSh,2,0.5485,0.5485,0.5485,1,1,1,MP,5
qwen,h1_dinc,65,main,BaSh,3,0.43650000000000005,0.4365000000000001,0.4365000000000001,1,1,1,MP,5
qwen,h1_dinc,65,main,ChAs,0,0.5482,0.5482,0.5482,1,1,1,MP,7
qwen,h1_dinc,65,main,ChAs,1,0.43590000000000007,0.43590000000000007,0.43590000000000007,1,1,1,MP,7
qwen,h1_dinc,65,main,ChAs,2,0.5840000000000001,0.5840000000000001,0.5840000000000001,1,1,1,MP,7
qwen,h1_dinc,65,main,ChAs,3,0.46069999999999994,0.4607,0.4607,1,1,1,MP,7
qwen,h1_dinc,65,main,ChBa,0,0.5106999999999999,0.5106999999999999,0.5106999999999999,1,1,1,CO2,5
qwen,h1_dinc,65,main,ChBa,1,0.43299999999999994,0.43299999999999994,0.43299999999999994,1,1,1,CO2,5
qwen,h1_dinc,65,main,ChBa,2,0.5765,0.5765000000000001,0.5765000000000001,1,1,1,CO2,5
qwen,h1_dinc,65,main,ChBa,3,0.4968,0.4968,0.4968,1,1,1,CO2,5
qwen,h1_dinc,65,main,ChCh,0,0.5529,0.5529,0.5529,1,1,1,CO2,6
qwen,h1_dinc,65,main,ChCh,1,0.46120000000000005,0.46120000000000005,0.46120000000000005,1,1,1,CO2,6
qwen,h1_dinc,65,main,ChCh,2,0.5723,0.5723,0.5723,1,1,1,CO2,6
qwen,h1_dinc,65,main,ChCh,3,0.48589999999999994,0.4859,0.4859,1,1,1,CO2,6
qwen,h1_dinc,65,main,ChCm,0,0.5720000000000001,0.5720000000000001,0.5720000000000001,1,1,1,OD1,7
qwen,h1_dinc,65,main,ChCm,1,0.4336,0.4336,0.4336,1,1,1,OD1,7
qwen,h1_dinc,65,main,ChCm,2,0.5755,0.5755,0.5755,1,1,1,OD1,7
qwen,h1_dinc,65,main,ChCm,3,0.4773,0.47730000000000006,0.47730000000000006,1,1,1,OD1,7
qwen,h1_dinc,65,main,ChCo,0,0.5828,0.5828,0.5828,1,1,1,MP,9
qwen,h1_dinc,65,main,ChCo,1,0.46130000000000004,0.46130000000000004,0.46130000000000004,1,1,1,MP,9
qwen,h1_dinc,65,main,ChCo,2,0.5623,0.5623,0.5623,1,1,1,MP,9
qwen,h1_dinc,65,main,ChCo,3,0.46900000000000003,0.469,0.469,1,1,1,MP,9
qwen,h1_dinc,65,main,ChDl,0,0.5324,0.5324,0.5324,1,1,1,OD1,9
qwen,h1_dinc,65,main,ChDl,1,0.4352999999999999,0.4352999999999999,0.4352999999999999,1,1,1,OD1,9
qwen,h1_dinc,65,main,ChDl,2,0.5839,0.5839,0.5839,1,1,1,OD1,9
qwen,h1_dinc,65,main,ChDl,3,0.45719999999999994,0.45719999999999994,0.45719999999999994,1,1,1,OD1,9
qwen,h1_dinc,65,main,ChHa,0,0.5665,0.5665,0.5665,1,1,1,OD2,8
qwen,h1_dinc,65,main,ChHa,1,0.43820000000000003,0.43820000000000003,0.43820000000000003,1,1,1,OD2,8
qwen,h1_dinc,65,main,ChHa,2,0.5756000000000001,0.5756,0.5756,1,1,1,OD2,8
qwen,h1_dinc,65,main,ChHa,3,0.46900000000000003,0.469,0.469,1,1,1,OD2,8
qwen,h1_dinc,65,main,ChHr,0,0.5906,0.5906,0.5906,1,1,1,CO1,6
qwen,h1_dinc,65,main,ChHr,1,0.43420000000000003,0.43420000000000003,0.43420000000000003,1,1,1,CO1,6
qwen,h1_dinc,65,main,ChHr,2,0.585,0.5850000000000001,0.5850000000000001,1,1,1,CO1,6
qwen,h1_dinc,65,main,ChHr,3,0.5144000000000001,0.5144000000000001,0.5144000000000001,1,1,1,CO1,6
qwen,h1_dinc,65,main,CmAs,0,0.5322,0.5322,0.5322,1,1,1,OD1,8
qwen,h1_dinc,65,main,CmAs,1,0.4002,0.4002,0.4002,1,1,1,OD1,8
qwen,h1_dinc,65,main,CmAs,2,0.5507,0.5507,0.5507,1,1,1,OD1,8
qwen,h1_dinc,65,main,CmAs,3,0.4741,0.4741000000000001,0.4741000000000001,1,1,1,OD1,8
qwen,h1_dinc,65,main,CmCm,0,0.5092,0.5092,0.5092,1,1,1,DD,2
qwen,h1_dinc,65,main,CmCm,1,0.3795,0.3795,0.37949999999999995,1,1,1,DD,2
qwen,h1_dinc,65,main,CmCm,2,0.5134000000000001,0.5134,0.5134,1,1,1,DD,2
qwen,h1_dinc,65,main,CmCm,3,0.48569999999999997,0.4857,0.4857,1,1,1,DD,2
qwen,h1_dinc,65,main,CmDl,0,0.5299,0.5299,0.5299,1,1,1,DD,4
qwen,h1_dinc,65,main,CmDl,1,0.3792,0.3792,0.3792,1,1,1,DD,4
qwen,h1_dinc,65,main,CmDl,2,0.5691999999999999,0.5692,0.5692,1,1,1,DD,4
qwen,h1_dinc,65,main,CmDl,3,0.5034000000000001,0.5034000000000001,0.5034000000000001,1,1,1,DD,4
qwen,h1_dinc,65,main,CmHa,0,0.47819999999999996,0.47819999999999996,0.47819999999999996,0,0,0,DD,6
qwen,h1_dinc,65,main,CmHa,1,0.3903,0.3903,0.3903,1,1,1,DD,6
qwen,h1_dinc,65,main,CmHa,2,0.5509999999999999,0.5509999999999999,0.5509999999999999,1,1,1,DD,6
qwen,h1_dinc,65,main,CmHa,3,0.45890000000000003,0.4589000000000001,0.4589000000000001,1,1,1,DD,6
qwen,h1_dinc,65,main,CmNc,0,0.5324,0.5324,0.5324,1,1,1,DD,8
qwen,h1_dinc,65,main,CmNc,1,0.39070000000000005,0.39070000000000005,0.39070000000000005,1,1,1,DD,8
qwen,h1_dinc,65,main,CmNc,2,0.5299,0.5298999999999999,0.5298999999999999,1,1,1,DD,8
qwen,h1_dinc,65,main,CmNc,3,0.5022,0.5022,0.5022,1,1,1,DD,8
qwen,h1_dinc,65,main,CoAs,0,0.5593999999999999,0.5593999999999999,0.5593999999999999,1,1,1,CO2,7
qwen,h1_dinc,65,main,CoAs,1,0.4559,0.4559,0.4559,1,1,1,CO2,7
qwen,h1_dinc,65,main,CoAs,2,0.5082,0.5082,0.5082,1,1,1,CO2,7
qwen,h1_dinc,65,main,CoAs,3,0.4001,0.4001,0.4001,1,1,1,CO2,7
qwen,h1_dinc,65,main,CoCo,0,0.5589,0.5589,0.5589,1,1,1,CO1,7
qwen,h1_dinc,65,main,CoCo,1,0.4969,0.4969,0.4969,1,1,1,CO1,7
qwen,h1_dinc,65,main,CoCo,2,0.5097,0.5096999999999999,0.5096999999999999,1,1,1,CO1,7
qwen,h1_dinc,65,main,CoCo,3,0.43550000000000005,0.4355000000000001,0.4355000000000001,1,1,1,CO1,7
qwen,h1_dinc,65,main,CoSh,0,0.5724,0.5724,0.5724,1,1,1,CO2,8
qwen,h1_dinc,65,main,CoSh,1,0.4493,0.4493,0.4493,1,1,1,CO2,8
qwen,h1_dinc,65,main,CoSh,2,0.532,0.532,0.532,1,1,1,CO2,8
qwen,h1_dinc,65,main,CoSh,3,0.4068,0.40679999999999994,0.40679999999999994,1,1,1,CO2,8
qwen,h1_dinc,65,main,HaAs,0,0.5462,0.5462,0.5462,1,1,1,OD2,7
qwen,h1_dinc,65,main,HaAs,1,0.49029999999999996,0.49029999999999996,0.49029999999999996,1,1,1,OD2,7
qwen,h1_dinc,65,main,HaAs,2,0.5035000000000001,0.5035000000000001,0.5035000000000001,1,1,1,OD2,7
qwen,h1_dinc,65,main,HaAs,3,0.3792,0.3792,0.3792,1,1,1,OD2,7
qwen,h1_dinc,65,main,HaBa,0,0.569,0.569,0.569,1,1,1,OD2,9
qwen,h1_dinc,65,main,HaBa,1,0.4736,0.4736,0.4736,1,1,1,OD2,9
qwen,h1_dinc,65,main,HaBa,2,0.5541,0.5541,0.5541,1,1,1,OD2,9
qwen,h1_dinc,65,main,HaBa,3,0.4065,0.4065,0.4065,1,1,1,OD2,9
qwen,h1_dinc,65,main,HaCm,0,0.5549000000000001,0.5549000000000001,0.5549000000000001,1,1,1,DD,1
qwen,h1_dinc,65,main,HaCm,1,0.4873,0.4873,0.4873,1,1,1,DD,1
qwen,h1_dinc,65,main,HaCm,2,0.5526,0.5526,0.5526,1,1,1,DD,1
qwen,h1_dinc,65,main,HaCm,3,0.43550000000000005,0.4355,0.4355,1,1,1,DD,1
qwen,h1_dinc,65,main,HaDl,0,0.5691999999999999,0.5691999999999999,0.5691999999999999,1,1,1,DD,3
qwen,h1_dinc,65,main,HaDl,1,0.5031,0.5031,0.5031,1,1,1,DD,3
qwen,h1_dinc,65,main,HaDl,2,0.5302,0.5302,0.5302,1,1,1,DD,3
qwen,h1_dinc,65,main,HaDl,3,0.43399999999999994,0.43399999999999994,0.43399999999999994,1,1,1,DD,3
qwen,h1_dinc,65,main,HaHa,0,0.5539000000000001,0.5539000000000001,0.5539000000000001,1,1,1,DD,5
qwen,h1_dinc,65,main,HaHa,1,0.4889,0.4889,0.4889,1,1,1,DD,5
qwen,h1_dinc,65,main,HaHa,2,0.5316000000000001,0.5316000000000001,0.5316000000000001,1,1,1,DD,5
qwen,h1_dinc,65,main,HaHa,3,0.39080000000000004,0.39080000000000004,0.39080000000000004,1,1,1,DD,5
qwen,h1_dinc,65,main,HaNc,0,0.569,0.569,0.569,1,1,1,DD,7
qwen,h1_dinc,65,main,HaNc,1,0.47389999999999993,0.47389999999999993,0.47389999999999993,1,1,1,DD,7
qwen,h1_dinc,65,main,HaNc,2,0.5238999999999999,0.5238999999999999,0.5238999999999999,1,1,1,DD,7
qwen,h1_dinc,65,main,HaNc,3,0.39970000000000006,0.39970000000000006,0.39970000000000006,1,1,1,DD,7
qwen,h1_dinc,65,main,HaPc,0,0.5555,0.5555,0.5555,1,1,1,DD,9
qwen,h1_dinc,65,main,HaPc,1,0.4895,0.4895,0.4895,1,1,1,DD,9
qwen,h1_dinc,65,main,HaPc,2,0.5047,0.5047,0.5047,1,1,1,DD,9
qwen,h1_dinc,65,main,HaPc,3,0.4287000000000001,0.4287000000000001,0.4287000000000001,1,1,1,DD,9
qwen,h1_dinc,65,main,HrAs,0,0.5576000000000001,0.5576000000000001,0.5576,1,1,1,MP,8
qwen,h1_dinc,65,main,HrAs,1,0.4573999999999999,0.4573999999999999,0.4573999999999999,1,1,1,MP,8
qwen,h1_dinc,65,main,HrAs,2,0.5752999999999999,0.5752999999999999,0.5752999999999999,1,1,1,MP,8
qwen,h1_dinc,65,main,HrAs,3,0.5045,0.5045,0.5045,1,1,1,MP,8
qwen,h1_dinc,65,main,HrBa,0,0.5526,0.5526,0.5526,1,1,1,CO1,2
qwen,h1_dinc,65,main,HrBa,1,0.43470000000000003,0.43470000000000003,0.4347,1,1,1,CO1,2
qwen,h1_dinc,65,main,HrBa,2,0.5793999999999999,0.5793999999999999,0.5793999999999999,1,1,1,CO1,2
qwen,h1_dinc,65,main,HrBa,3,0.4574,0.45740000000000003,0.45740000000000003,1,1,1,CO1,2
qwen,h1_dinc,65,main,HrCh,0,0.5327,0.5327,0.5327000000000001,0,0,0,CO1,4
qwen,h1_dinc,65,main,HrCh,1,0.3999,0.3999,0.39990000000000003,1,1,1,CO1,4
qwen,h1_dinc,65,main,HrCh,2,0.5838,0.5838,0.5838,1,1,1,CO1,4
qwen,h1_dinc,65,main,HrCh,3,0.4873,0.48729999999999996,0.48729999999999996,1,1,1,CO1,4
qwen,h1_dinc,65,main,HrHr,0,0.5719,0.5719,0.5719,1,1,1,CO2,2
qwen,h1_dinc,65,main,HrHr,1,0.43399999999999994,0.43399999999999994,0.43399999999999994,1,1,1,CO2,2
qwen,h1_dinc,65,main,HrHr,2,0.5616,0.5616,0.5616,1,1,1,CO2,2
qwen,h1_dinc,65,main,HrHr,3,0.5034,0.5034,0.5034,1,1,1,CO2,2
qwen,h1_dinc,65,main,ShAs,0,0.5669,0.5669,0.5669,1,1,1,CO1,8
qwen,h1_dinc,65,main,ShAs,1,0.43700000000000006,0.43700000000000006,0.43700000000000006,1,1,1,CO1,8
qwen,h1_dinc,65,main,ShAs,2,0.5659000000000001,0.5659000000000001,0.5659000000000001,1,1,1,CO1,8
qwen,h1_dinc,65,main,ShAs,3,0.43660000000000004,0.4366000000000001,0.4366000000000001,1,1,1,CO1,8
qwen,h1_dinc,65,main,ShCo,0,0.5319,0.5319,0.5319,1,1,1,CO2,9
qwen,h1_dinc,65,main,ShCo,1,0.38180000000000003,0.38180000000000003,0.38180000000000003,1,1,1,CO2,9
qwen,h1_dinc,65,main,ShCo,2,0.5302,0.5302,0.5302,1,1,1,CO2,9
qwen,h1_dinc,65,main,ShCo,3,0.45609999999999995,0.45609999999999995,0.45609999999999995,1,1,1,CO2,9
qwen,h1_dinc,65,main,ShSh,0,0.5497000000000001,0.5497000000000001,0.5497000000000001,1,1,1,CO1,9
qwen,h1_dinc,65,main,ShSh,1,0.4373,0.4373,0.4373,1,1,1,CO1,9
qwen,h1_dinc,65,main,ShSh,2,0.607,0.607,0.607,1,1,1,CO1,9
qwen,h1_dinc,65,main,ShSh,3,0.48600000000000004,0.4860000000000001,0.4860000000000001,1,1,1,CO1,9
qwen,h1_dinc,65,main_perp,AsAs,0,0.5226999999999999,0.5226999999999999,0.5226999999999999,1,1,1,CO1,1
qwen,h1_dinc,65,main_perp,AsAs,1,0.43539999999999995,0.43539999999999995,0.43539999999999995,1,1,1,CO1,1
qwen,h1_dinc,65,main_perp,AsAs,2,0.5573,0.5573,0.5573,1,1,1,CO1,1
qwen,h1_dinc,65,main_perp,AsAs,3,0.4337,0.4337,0.4337,1,1,1,CO1,1
qwen,h1_dinc,65,main_perp,AsBa,0,0.573,0.573,0.573,1,1,1,MP,2
qwen,h1_dinc,65,main_perp,AsBa,1,0.43360000000000004,0.43360000000000004,0.4336000000000001,1,1,1,MP,2
qwen,h1_dinc,65,main_perp,AsBa,2,0.5579000000000001,0.5579,0.5579,1,1,1,MP,2
qwen,h1_dinc,65,main_perp,AsBa,3,0.43650000000000005,0.4365000000000001,0.4365000000000001,1,1,1,MP,2
qwen,h1_dinc,65,main_perp,AsCh,0,0.5583,0.5583,0.5583,1,1,1,MP,4
qwen,h1_dinc,65,main_perp,AsCh,1,0.4627,0.4627,0.4627,1,1,1,MP,4
qwen,h1_dinc,65,main_perp,AsCh,2,0.5663,0.5663000000000001,0.5663000000000001,1,1,1,MP,4
qwen,h1_dinc,65,main_perp,AsCh,3,0.4352,0.4351999999999999,0.4351999999999999,1,1,1,MP,4
qwen,h1_dinc,65,main_perp,AsCm,0,0.5302,0.5302,0.5302,1,1,1,OD1,2
qwen,h1_dinc,65,main_perp,AsCm,1,0.43509999999999993,0.43509999999999993,0.43509999999999993,1,1,1,OD1,2
qwen,h1_dinc,65,main_perp,AsCm,2,0.5717,0.5717,0.5717,1,1,1,OD1,2
qwen,h1_dinc,65,main_perp,AsCm,3,0.4613999999999999,0.4613999999999999,0.4613999999999999,1,1,1,OD1,2
qwen,h1_dinc,65,main_perp,AsCo,0,0.5404,0.5404,0.5404,1,1,1,CO2,1
qwen,h1_dinc,65,main_perp,AsCo,1,0.41109999999999997,0.41109999999999997,0.41109999999999997,1,1,1,CO2,1
qwen,h1_dinc,65,main_perp,AsCo,2,0.5229,0.5229,0.5229,1,1,1,CO2,1
qwen,h1_dinc,65,main_perp,AsCo,3,0.41,0.41000000000000003,0.41000000000000003,1,1,1,CO2,1
qwen,h1_dinc,65,main_perp,AsDl,0,0.5488999999999999,0.5488999999999999,0.5489,1,1,1,OD1,4
qwen,h1_dinc,65,main_perp,AsDl,1,0.43660000000000004,0.43660000000000004,0.4366000000000001,1,1,1,OD1,4
qwen,h1_dinc,65,main_perp,AsDl,2,0.5722,0.5722,0.5722,1,1,1,OD1,4
qwen,h1_dinc,65,main_perp,AsDl,3,0.4602,0.46019999999999994,0.46019999999999994,1,1,1,OD1,4
qwen,h1_dinc,65,main_perp,AsHa,0,0.5832999999999999,0.5832999999999999,0.5832999999999999,1,1,1,OD2,1
qwen,h1_dinc,65,main_perp,AsHa,1,0.43520000000000003,0.43520000000000003,0.43520000000000003,1,1,1,OD2,1
qwen,h1_dinc,65,main_perp,AsHa,2,0.5722,0.5722,0.5722,1,1,1,OD2,1
qwen,h1_dinc,65,main_perp,AsHa,3,0.4341,0.43410000000000004,0.43410000000000004,1,1,1,OD2,1
qwen,h1_dinc,65,main_perp,AsHr,0,0.5309,0.5309,0.5309,1,1,1,MP,6
qwen,h1_dinc,65,main_perp,AsHr,1,0.4351,0.4351,0.43510000000000004,1,1,1,MP,6
qwen,h1_dinc,65,main_perp,AsHr,2,0.5738,0.5738,0.5738,1,1,1,MP,6
qwen,h1_dinc,65,main_perp,AsHr,3,0.43659999999999993,0.4365999999999999,0.4365999999999999,1,1,1,MP,6
qwen,h1_dinc,65,main_perp,AsNc,0,0.5671,0.5671,0.5671,1,1,1,OD2,3
qwen,h1_dinc,65,main_perp,AsNc,1,0.4127,0.4127,0.4127,1,1,1,OD2,3
qwen,h1_dinc,65,main_perp,AsNc,2,0.5487,0.5487000000000001,0.5487000000000001,1,1,1,OD2,3
qwen,h1_dinc,65,main_perp,AsNc,3,0.43689999999999996,0.43689999999999996,0.43689999999999996,1,1,1,OD2,3
qwen,h1_dinc,65,main_perp,AsPc,0,0.529,0.529,0.529,1,1,1,OD2,5
qwen,h1_dinc,65,main_perp,AsPc,1,0.40969999999999995,0.40969999999999995,0.40969999999999995,1,1,1,OD2,5
qwen,h1_dinc,65,main_perp,AsPc,2,0.5676,0.5676,0.5676,1,1,1,OD2,5
qwen,h1_dinc,65,main_perp,AsPc,3,0.4347000000000001,0.4347000000000001,0.4347000000000001,1,1,1,OD2,5
qwen,h1_dinc,65,main_perp,AsPd,0,0.5720000000000001,0.5720000000000001,0.5720000000000001,1,1,1,OD1,6
qwen,h1_dinc,65,main_perp,AsPd,1,0.45699999999999996,0.45699999999999996,0.45699999999999996,1,1,1,OD1,6
qwen,h1_dinc,65,main_perp,AsPd,2,0.5573,0.5573,0.5573,1,1,1,OD1,6
qwen,h1_dinc,65,main_perp,AsPd,3,0.46069999999999994,0.4607,0.4607,1,1,1,OD1,6
qwen,h1_dinc,65,main_perp,AsSh,0,0.5424,0.5424,0.5424,1,1,1,CO1,3
qwen,h1_dinc,65,main_perp,AsSh,1,0.43700000000000006,0.43700000000000006,0.43700000000000006,1,1,1,CO1,3
qwen,h1_dinc,65,main_perp,AsSh,2,0.5493,0.5493,0.5493,1,1,1,CO1,3
qwen,h1_dinc,65,main_perp,AsSh,3,0.46230000000000004,0.46230000000000004,0.46230000000000004,1,1,1,CO1,3
qwen,h1_dinc,65,main_perp,BaAs,0,0.5538,0.5538,0.5538,1,1,1,MP,1
qwen,h1_dinc,65,main_perp,BaAs,1,0.4373,0.4373,0.4373,1,1,1,MP,1
qwen,h1_dinc,65,main_perp,BaAs,2,0.5724,0.5724,0.5724,1,1,1,MP,1
qwen,h1_dinc,65,main_perp,BaAs,3,0.4615,0.4615,0.4615,1,1,1,MP,1
qwen,h1_dinc,65,main_perp,BaBa,0,0.5569,0.5569,0.5569,1,1,1,CO2,3
qwen,h1_dinc,65,main_perp,BaBa,1,0.43660000000000004,0.43660000000000004,0.43660000000000004,1,1,1,CO2,3
qwen,h1_dinc,65,main_perp,BaBa,2,0.5663,0.5663,0.5663,1,1,1,CO2,3
qwen,h1_dinc,65,main_perp,BaBa,3,0.4569,0.4569,0.4569,1,1,1,CO2,3
qwen,h1_dinc,65,main_perp,BaCh,0,0.5665,0.5665,0.5665,1,1,1,CO2,4
qwen,h1_dinc,65,main_perp,BaCh,1,0.4627,0.4627,0.4627,1,1,1,CO2,4
qwen,h1_dinc,65,main_perp,BaCh,2,0.5993999999999999,0.5993999999999999,0.5993999999999999,1,1,1,CO2,4
qwen,h1_dinc,65,main_perp,BaCh,3,0.45549999999999996,0.4554999999999999,0.4554999999999999,1,1,1,CO2,4
qwen,h1_dinc,65,main_perp,BaCm,0,0.5669,0.5669,0.5669,1,1,1,OD1,1
qwen,h1_dinc,65,main_perp,BaCm,1,0.438,0.438,0.438,1,1,1,OD1,1
qwen,h1_dinc,65,main_perp,BaCm,2,0.5561,0.5561,0.5561,1,1,1,OD1,1
qwen,h1_dinc,65,main_perp,BaCm,3,0.4768,0.4768,0.4768,1,1,1,OD1,1
qwen,h1_dinc,65,main_perp,BaCo,0,0.5831,0.5831,0.5831,1,1,1,MP,3
qwen,h1_dinc,65,main_perp,BaCo,1,0.4614,0.4614,0.4614,1,1,1,MP,3
qwen,h1_dinc,65,main_perp,BaCo,2,0.5725,0.5725,0.5725,1,1,1,MP,3
qwen,h1_dinc,65,main_perp,BaCo,3,0.45469999999999994,0.4546999999999999,0.4546999999999999,1,1,1,MP,3
qwen,h1_dinc,65,main_perp,BaDl,0,0.5718,0.5718,0.5718,1,1,1,OD1,3
qwen,h1_dinc,65,main_perp,BaDl,1,0.4336,0.4336,0.4336,1,1,1,OD1,3
qwen,h1_dinc,65,main_perp,BaDl,2,0.5463,0.5463,0.5463,1,1,1,OD1,3
qwen,h1_dinc,65,main_perp,BaDl,3,0.43640000000000007,0.4364,0.4364,1,1,1,OD1,3
qwen,h1_dinc,65,main_perp,BaHa,0,0.549,0.549,0.549,1,1,1,OD2,2
qwen,h1_dinc,65,main_perp,BaHa,1,0.43650000000000005,0.43650000000000005,0.4365000000000001,1,1,1,OD2,2
qwen,h1_dinc,65,main_perp,BaHa,2,0.5725,0.5725,0.5725,1,1,1,OD2,2
qwen,h1_dinc,65,main_perp,BaHa,3,0.45610000000000006,0.45610000000000006,0.45610000000000006,1,1,1,OD2,2
qwen,h1_dinc,65,main_perp,BaHr,0,0.583,0.583,0.583,1,1,1,CO1,5
qwen,h1_dinc,65,main_perp,BaHr,1,0.43610000000000004,0.43610000000000004,0.43610000000000004,1,1,1,CO1,5
qwen,h1_dinc,65,main_perp,BaHr,2,0.5836,0.5836,0.5836,1,1,1,CO1,5
qwen,h1_dinc,65,main_perp,BaHr,3,0.4969,0.4969,0.4969,1,1,1,CO1,5
qwen,h1_dinc,65,main_perp,BaNc,0,0.5486,0.5486,0.5486000000000001,1,1,1,OD2,4
qwen,h1_dinc,65,main_perp,BaNc,1,0.4611,0.4611,0.46109999999999995,1,1,1,OD2,4
qwen,h1_dinc,65,main_perp,BaNc,2,0.5670999999999999,0.5671,0.5671,1,1,1,OD2,4
qwen,h1_dinc,65,main_perp,BaNc,3,0.4373,0.4373,0.4373,1,1,1,OD2,4
qwen,h1_dinc,65,main_perp,BaPc,0,0.5839,0.5839,0.5839,1,1,1,OD2,6
qwen,h1_dinc,65,main_perp,BaPc,1,0.43700000000000006,0.43700000000000006,0.43700000000000006,1,1,1,OD2,6
qwen,h1_dinc,65,main_perp,BaPc,2,0.5938,0.5938,0.5938,1,1,1,OD2,6
qwen,h1_dinc,65,main_perp,BaPc,3,0.4776,0.4776,0.4776,1,1,1,OD2,6
qwen,h1_dinc,65,main_perp,BaPd,0,0.5659000000000001,0.5659000000000001,0.5659000000000001,1,1,1,OD1,5
qwen,h1_dinc,65,main_perp,BaPd,1,0.46020000000000005,0.46020000000000005,0.46020000000000005,0,0,0,OD1,5
qwen,h1_dinc,65,main_perp,BaPd,2,0.5728,0.5728,0.5728,1,1,1,OD1,5
qwen,h1_dinc,65,main_perp,BaPd,3,0.4569,0.4569,0.4569,1,1,1,OD1,5
qwen,h1_dinc,65,main_perp,BaSh,0,0.5536,0.5536,0.5536,1,1,1,MP,5
qwen,h1_dinc,65,main_perp,BaSh,1,0.4093,0.4093,0.4093,1,1,1,MP,5
qwen,h1_dinc,65,main_perp,BaSh,2,0.5730999999999999,0.5731,0.5731,1,1,1,MP,5
qwen,h1_dinc,65,main_perp,BaSh,3,0.41150000000000003,0.4115,0.4115,1,1,1,MP,5
qwen,h1_dinc,65,main_perp,ChAs,0,0.5482,0.5482,0.5482,1,1,1,MP,7
qwen,h1_dinc,65,main_perp,ChAs,1,0.4104,0.4104,0.4104,1,1,1,MP,7
qwen,h1_dinc,65,main_perp,ChAs,2,0.5840000000000001,0.5840000000000001,0.5840000000000001,1,1,1,MP,7
qwen,h1_dinc,65,main_perp,ChAs,3,0.4338,0.4338000000000001,0.4338000000000001,1,1,1,MP,7
qwen,h1_dinc,65,main_perp,ChBa,0,0.5550999999999999,0.5550999999999999,0.5550999999999999,1,1,1,CO2,5
qwen,h1_dinc,65,main_perp,ChBa,1,0.4607,0.4607,0.4607,1,1,1,CO2,5
qwen,h1_dinc,65,main_perp,ChBa,2,0.612,0.612,0.612,1,1,1,CO2,5
qwen,h1_dinc,65,main_perp,ChBa,3,0.4688,0.4688,0.4688,1,1,1,CO2,5
qwen,h1_dinc,65,main_perp,ChCh,0,0.5531,0.5531,0.5531,1,1,1,CO2,6
qwen,h1_dinc,65,main_perp,ChCh,1,0.4373,0.4373,0.4373,1,1,1,CO2,6
qwen,h1_dinc,65,main_perp,ChCh,2,0.5999,0.5999,0.5999,1,1,1,CO2,6
qwen,h1_dinc,65,main_perp,ChCh,3,0.43590000000000007,0.43590000000000007,0.43590000000000007,1,1,1,CO2,6
qwen,h1_dinc,65,main_perp,ChCm,0,0.5723,0.5723,0.5723,1,1,1,OD1,7
qwen,h1_dinc,65,main_perp,ChCm,1,0.43379999999999996,0.43379999999999996,0.43379999999999996,1,1,1,OD1,7
qwen,h1_dinc,65,main_perp,ChCm,2,0.5835,0.5835,0.5835,1,1,1,OD1,7
qwen,h1_dinc,65,main_perp,ChCm,3,0.4501,0.45009999999999994,0.45009999999999994,1,1,1,OD1,7
qwen,h1_dinc,65,main_perp,ChCo,0,0.5576000000000001,0.5576000000000001,0.5576000000000001,1,1,1,MP,9
qwen,h1_dinc,65,main_perp,ChCo,1,0.41070000000000007,0.41070000000000007,0.41070000000000007,1,1,1,MP,9
qwen,h1_dinc,65,main_perp,ChCo,2,0.591,0.591,0.591,1,1,1,MP,9
qwen,h1_dinc,65,main_perp,ChCo,3,0.4491,0.44909999999999994,0.44909999999999994,1,1,1,MP,9
qwen,h1_dinc,65,main_perp,ChDl,0,0.5742,0.5742,0.5742,1,1,1,OD1,9
qwen,h1_dinc,65,main_perp,ChDl,1,0.4050999999999999,0.4050999999999999,0.4050999999999999,1,1,1,OD1,9
qwen,h1_dinc,65,main_perp,ChDl,2,0.5559000000000001,0.5559000000000001,0.5559000000000001,1,1,1,OD1,9
qwen,h1_dinc,65,main_perp,ChDl,3,0.48179999999999995,0.4818,0.4818,1,1,1,OD1,9
qwen,h1_dinc,65,main_perp,ChHa,0,0.5408000000000001,0.5408000000000001,0.5408000000000001,1,1,1,OD2,8
qwen,h1_dinc,65,main_perp,ChHa,1,0.4368,0.4368,0.4368000000000001,1,1,1,OD2,8
qwen,h1_dinc,65,main_perp,ChHa,2,0.5756000000000001,0.5756,0.5756,1,1,1,OD2,8
qwen,h1_dinc,65,main_perp,ChHa,3,0.46900000000000003,0.469,0.469,1,1,1,OD2,8
qwen,h1_dinc,65,main_perp,ChHr,0,0.5486,0.5486,0.5486,1,1,1,CO1,6
qwen,h1_dinc,65,main_perp,ChHr,1,0.43420000000000003,0.43420000000000003,0.43420000000000003,1,1,1,CO1,6
qwen,h1_dinc,65,main_perp,ChHr,2,0.5548,0.5548000000000001,0.5548000000000001,1,1,1,CO1,6
qwen,h1_dinc,65,main_perp,ChHr,3,0.4688,0.4688,0.4688,1,1,1,CO1,6
qwen,h1_dinc,65,main_perp,CmAs,0,0.509,0.509,0.509,1,1,1,OD1,8
qwen,h1_dinc,65,main_perp,CmAs,1,0.39820000000000005,0.39820000000000005,0.3982,1,1,1,OD1,8
qwen,h1_dinc,65,main_perp,CmAs,2,0.5507,0.5507,0.5507,1,1,1,OD1,8
qwen,h1_dinc,65,main_perp,CmAs,3,0.4741,0.4741000000000001,0.4741000000000001,1,1,1,OD1,8
qwen,h1_dinc,65,main_perp,CmCm,0,0.5292,0.5292,0.5292,1,1,1,DD,2
qwen,h1_dinc,65,main_perp,CmCm,1,0.38029999999999997,0.38029999999999997,0.38029999999999997,1,1,1,DD,2
qwen,h1_dinc,65,main_perp,CmCm,2,0.5199,0.5199,0.5199,1,1,1,DD,2
qwen,h1_dinc,65,main_perp,CmCm,3,0.48569999999999997,0.4857,0.4857,1,1,1,DD,2
qwen,h1_dinc,65,main_perp,CmDl,0,0.5299,0.5299,0.5299,1,1,1,DD,4
qwen,h1_dinc,65,main_perp,CmDl,1,0.3791,0.3791,0.3791,1,1,1,DD,4
qwen,h1_dinc,65,main_perp,CmDl,2,0.5625,0.5625,0.5625,1,1,1,DD,4
qwen,h1_dinc,65,main_perp,CmDl,3,0.4749,0.4749,0.4749,1,1,1,DD,4
qwen,h1_dinc,65,main_perp,CmHa,0,0.5025,0.5025,0.5025,0,0,0,DD,6
qwen,h1_dinc,65,main_perp,CmHa,1,0.38949999999999996,0.38949999999999996,0.38949999999999996,1,1,1,DD,6
qwen,h1_dinc,65,main_perp,CmHa,2,0.5144,0.5144,0.5144,1,1,1,DD,6
qwen,h1_dinc,65,main_perp,CmHa,3,0.5028999999999999,0.5029,0.5029,1,1,1,DD,6
qwen,h1_dinc,65,main_perp,CmNc,0,0.5331999999999999,0.5331999999999999,0.5332,1,1,1,DD,8
qwen,h1_dinc,65,main_perp,CmNc,1,0.3919,0.3919,0.3919,1,1,1,DD,8
qwen,h1_dinc,65,main_perp,CmNc,2,0.5287,0.5287000000000001,0.5287000000000001,1,1,1,DD,8
qwen,h1_dinc,65,main_perp,CmNc,3,0.4853,0.48530000000000006,0.48530000000000006,1,1,1,DD,8
qwen,h1_dinc,65,main_perp,CoAs,0,0.5593999999999999,0.5593999999999999,0.5593999999999999,1,1,1,CO2,7
qwen,h1_dinc,65,main_perp,CoAs,1,0.4559,0.4559,0.4559,1,1,1,CO2,7
qwen,h1_dinc,65,main_perp,CoAs,2,0.482,0.482,0.482,1,1,1,CO2,7
qwen,h1_dinc,65,main_perp,CoAs,3,0.4001,0.4001,0.4001,1,1,1,CO2,7
qwen,h1_dinc,65,main_perp,CoCo,0,0.5868,0.5868,0.5868,1,1,1,CO1,7
qwen,h1_dinc,65,main_perp,CoCo,1,0.4495,0.4495,0.4495,1,1,1,CO1,7
qwen,h1_dinc,65,main_perp,CoCo,2,0.5325,0.5325,0.5325,1,1,1,CO1,7
qwen,h1_dinc,65,main_perp,CoCo,3,0.4363000000000001,0.43630000000000013,0.43630000000000013,1,1,1,CO1,7
qwen,h1_dinc,65,main_perp,CoSh,0,0.5723,0.5723,0.5723,1,1,1,CO2,8
qwen,h1_dinc,65,main_perp,CoSh,1,0.4686,0.4686,0.4686,1,1,1,CO2,8
qwen,h1_dinc,65,main_perp,CoSh,2,0.532,0.532,0.532,1,1,1,CO2,8
qwen,h1_dinc,65,main_perp,CoSh,3,0.3764,0.37639999999999996,0.37639999999999996,1,1,1,CO2,8
qwen,h1_dinc,65,main_perp,HaAs,0,0.5462,0.5462,0.5462,1,1,1,OD2,7
qwen,h1_dinc,65,main_perp,HaAs,1,0.4889,0.4889,0.4889,1,1,1,OD2,7
qwen,h1_dinc,65,main_perp,HaAs,2,0.5035000000000001,0.5035000000000001,0.5035000000000001,1,1,1,OD2,7
qwen,h1_dinc,65,main_perp,HaAs,3,0.3792,0.3792,0.3792,1,1,1,OD2,7
qwen,h1_dinc,65,main_perp,HaBa,0,0.5691999999999999,0.5691999999999999,0.5691999999999999,1,1,1,OD2,9
qwen,h1_dinc,65,main_perp,HaBa,1,0.45890000000000003,0.45890000000000003,0.45890000000000003,1,1,1,OD2,9
qwen,h1_dinc,65,main_perp,HaBa,2,0.5321,0.5321,0.5321,1,1,1,OD2,9
qwen,h1_dinc,65,main_perp,HaBa,3,0.4067,0.40669999999999995,0.40669999999999995,1,1,1,OD2,9
qwen,h1_dinc,65,main_perp,HaCm,0,0.5563,0.5563,0.5563,1,1,1,DD,1
qwen,h1_dinc,65,main_perp,HaCm,1,0.45769999999999994,0.45769999999999994,0.45769999999999994,1,1,1,DD,1
qwen,h1_dinc,65,main_perp,HaCm,2,0.5717,0.5717,0.5717,1,1,1,DD,1
qwen,h1_dinc,65,main_perp,HaCm,3,0.43550000000000005,0.4355,0.4355,1,1,1,DD,1
qwen,h1_dinc,65,main_perp,HaDl,0,0.5623,0.5623,0.5623,1,1,1,DD,3
qwen,h1_dinc,65,main_perp,HaDl,1,0.4579,0.4579,0.4579,1,1,1,DD,3
qwen,h1_dinc,65,main_perp,HaDl,2,0.5291,0.5291,0.5291,1,1,1,DD,3
qwen,h1_dinc,65,main_perp,HaDl,3,0.406,0.406,0.406,1,1,1,DD,3
qwen,h1_dinc,65,main_perp,HaHa,0,0.5841000000000001,0.5841000000000001,0.5841000000000001,1,1,1,DD,5
qwen,h1_dinc,65,main_perp,HaHa,1,0.4892,0.4892,0.4892,1,1,1,DD,5
qwen,h1_dinc,65,main_perp,HaHa,2,0.5531,0.5531,0.5531,1,1,1,DD,5
qwen,h1_dinc,65,main_perp,HaHa,3,0.37960000000000005,0.37960000000000005,0.37960000000000005,1,1,1,DD,5
qwen,h1_dinc,65,main_perp,HaNc,0,0.5705,0.5705,0.5705,1,1,1,DD,7
qwen,h1_dinc,65,main_perp,HaNc,1,0.5021,0.5021,0.5021,1,1,1,DD,7
qwen,h1_dinc,65,main_perp,HaNc,2,0.5045,0.5045,0.5045,1,1,1,DD,7
qwen,h1_dinc,65,main_perp,HaNc,3,0.4193,0.4193,0.4193,1,1,1,DD,7
qwen,h1_dinc,65,main_perp,HaPc,0,0.5541,0.5541,0.5541,1,1,1,DD,9
qwen,h1_dinc,65,main_perp,HaPc,1,0.4744,0.4744,0.4744,1,1,1,DD,9
qwen,h1_dinc,65,main_perp,HaPc,2,0.48330000000000006,0.48330000000000006,0.48330000000000006,1,1,1,DD,9
qwen,h1_dinc,65,main_perp,HaPc,3,0.40090000000000003,0.40090000000000003,0.40090000000000003,1,1,1,DD,9
qwen,h1_dinc,65,main_perp,HrAs,0,0.5579,0.5579,0.5579,1,1,1,MP,8
qwen,h1_dinc,65,main_perp,HrAs,1,0.43379999999999996,0.43379999999999996,0.43379999999999996,1,1,1,MP,8
qwen,h1_dinc,65,main_perp,HrAs,2,0.5465,0.5465000000000001,0.5465000000000001,1,1,1,MP,8
qwen,h1_dinc,65,main_perp,HrAs,3,0.5031999999999999,0.5032,0.5032,1,1,1,MP,8
qwen,h1_dinc,65,main_perp,HrBa,0,0.5518,0.5518,0.5518,1,1,1,CO1,2
qwen,h1_dinc,65,main_perp,HrBa,1,0.43309999999999993,0.43309999999999993,0.43309999999999993,1,1,1,CO1,2
qwen,h1_dinc,65,main_perp,HrBa,2,0.5502,0.5502,0.5502,1,1,1,CO1,2
qwen,h1_dinc,65,main_perp,HrBa,3,0.4744,0.47440000000000004,0.47440000000000004,1,1,1,CO1,2
qwen,h1_dinc,65,main_perp,HrCh,0,0.5549,0.5549,0.5549,1,1,1,CO1,4
qwen,h1_dinc,65,main_perp,HrCh,1,0.4205,0.4205,0.4205,1,1,1,CO1,4
qwen,h1_dinc,65,main_perp,HrCh,2,0.5836,0.5836,0.5836,1,1,1,CO1,4
qwen,h1_dinc,65,main_perp,HrCh,3,0.4873,0.48729999999999996,0.48729999999999996,1,1,1,CO1,4
qwen,h1_dinc,65,main_perp,HrHr,0,0.5485,0.5485,0.5485,1,1,1,CO2,2
qwen,h1_dinc,65,main_perp,HrHr,1,0.43420000000000003,0.43420000000000003,0.43420000000000003,1,1,1,CO2,2
qwen,h1_dinc,65,main_perp,HrHr,2,0.5912999999999999,0.5912999999999999,0.5912999999999999,1,1,1,CO2,2
qwen,h1_dinc,65,main_perp,HrHr,3,0.4747,0.4747,0.4747,1,1,1,CO2,2
qwen,h1_dinc,65,main_perp,ShAs,0,0.5488,0.5488,0.5488,1,1,1,CO1,8
qwen,h1_dinc,65,main_perp,ShAs,1,0.43550000000000005,0.43550000000000005,0.43550000000000005,1,1,1,CO1,8
qwen,h1_dinc,65,main_perp,ShAs,2,0.5908,0.5908,0.5908,1,1,1,CO1,8
qwen,h1_dinc,65,main_perp,ShAs,3,0.43660000000000004,0.4366000000000001,0.4366000000000001,1,1,1,CO1,8
qwen,h1_dinc,65,main_perp,ShCo,0,0.5321,0.5321,0.5321,1,1,1,CO2,9
qwen,h1_dinc,65,main_perp,ShCo,1,0.40959999999999996,0.40959999999999996,0.40959999999999996,1,1,1,CO2,9
qwen,h1_dinc,65,main_perp,ShCo,2,0.5536,0.5536,0.5536,1,1,1,CO2,9
qwen,h1_dinc,65,main_perp,ShCo,3,0.40680000000000005,0.40680000000000005,0.40680000000000005,1,1,1,CO2,9
qwen,h1_dinc,65,main_perp,ShSh,0,0.5482,0.5482,0.5482,1,1,1,CO1,9
qwen,h1_dinc,65,main_perp,ShSh,1,0.4373,0.4373,0.4373,1,1,1,CO1,9
qwen,h1_dinc,65,main_perp,ShSh,2,0.5828,0.5828,0.5828,1,1,1,CO1,9
qwen,h1_dinc,65,main_perp,ShSh,3,0.46169999999999994,0.4616999999999999,0.4616999999999999,1,1,1,CO1,9
qwen,h1_dinc,65,random,AsAs,0,0.03209999999999996,0.03209999999999996,0.03209999999999996,0,0,0,CO1,1
qwen,h1_dinc,65,random,AsAs,1,0.031000000000000028,0.031000000000000028,0.031000000000000028,0,0,0,CO1,1
qwen,h1_dinc,65,random,AsAs,2,0.031399999999999983,0.031399999999999983,0.031399999999999983,0,0,0,CO1,1
qwen,h1_dinc,65,random,AsAs,3,0.03240000000000004,0.032399999999999984,0.032399999999999984,0,0,0,CO1,1
qwen,h1_dinc,65,random,AsBa,0,0.032200000000000006,0.032200000000000006,0.032200000000000006,0,0,0,MP,2
qwen,h1_dinc,65,random,AsBa,1,0.06219999999999998,0.06219999999999998,0.06220000000000003,0,0,0,MP,2
qwen,h1_dinc,65,random,AsBa,2,0.031700000000000006,0.03170000000000006,0.03170000000000006,0,0,0,MP,2
qwen,h1_dinc,65,random,AsBa,3,0.0017000000000000348,0.0017000000000000348,0.0017000000000000348,0,0,0,MP,2
qwen,h1_dinc,65,random,AsCh,0,0.031200000000000006,0.031200000000000006,0.031200000000000006,1,1,1,MP,4
qwen,h1_dinc,65,random,AsCh,1,0.031700000000000006,0.031700000000000006,0.03170000000000006,0,0,0,MP,4
qwen,h1_dinc,65,random,AsCh,2,0.031700000000000006,0.03170000000000006,0.03170000000000006,0,0,0,MP,4
qwen,h1_dinc,65,random,AsCh,3,0.031799999999999995,0.03179999999999994,0.03179999999999994,0,0,0,MP,4
qwen,h1_dinc,65,random,AsCm,0,0.030700000000000005,0.030700000000000005,0.03070000000000006,0,0,0,OD1,2
qwen,h1_dinc,65,random,AsCm,1,0.030799999999999994,0.030799999999999994,0.03079999999999994,0,0,0,OD1,2
qwen,h1_dinc,65,random,AsCm,2,0.031399999999999983,0.031399999999999983,0.031399999999999983,1,1,1,OD1,2
qwen,h1_dinc,65,random,AsCm,3,0.031200000000000006,0.031200000000000006,0.031200000000000006,0,0,0,OD1,2
qwen,h1_dinc,65,random,AsCo,0,0.0008000000000000229,0.0008000000000000229,0.0008000000000000229,0,0,0,CO2,1
qwen,h1_dinc,65,random,AsCo,1,0.03090000000000004,0.03090000000000004,0.03090000000000004,0,0,0,CO2,1
qwen,h1_dinc,65,random,AsCo,2,0.032200000000000006,0.032200000000000006,0.032200000000000006,0,0,0,CO2,1
qwen,h1_dinc,65,random,AsCo,3,0.03090000000000004,0.03090000000000015,0.03090000000000015,0,0,0,CO2,1
qwen,h1_dinc,65,random,AsDl,0,0.03209999999999996,0.03209999999999996,0.03210000000000002,0,0,0,OD1,4
qwen,h1_dinc,65,random,AsDl,1,0.03160000000000002,0.03160000000000002,0.03159999999999996,0,0,0,OD1,4
qwen,h1_dinc,65,random,AsDl,2,0.030399999999999983,0.030399999999999983,0.030399999999999983,1,1,1,OD1,4
qwen,h1_dinc,65,random,AsDl,3,0.0018999999999999573,0.0019000000000000128,0.0019000000000000128,0,0,0,OD1,4
qwen,h1_dinc,65,random,AsHa,0,0.031200000000000006,0.031200000000000006,0.031200000000000006,0,0,0,OD2,1
qwen,h1_dinc,65,random,AsHa,1,0.03300000000000003,0.03300000000000003,0.03300000000000003,0,0,0,OD2,1
qwen,h1_dinc,65,random,AsHa,2,0.030700000000000005,0.03070000000000006,0.03070000000000006,0,0,0,OD2,1
qwen,h1_dinc,65,random,AsHa,3,0.031700000000000006,0.03169999999999995,0.03169999999999995,0,0,0,OD2,1
qwen,h1_dinc,65,random,AsHr,0,0.031200000000000006,0.031200000000000006,0.031200000000000006,0,0,0,MP,6
qwen,h1_dinc,65,random,AsHr,1,0.03210000000000002,0.03210000000000002,0.03210000000000002,0,0,0,MP,6
qwen,h1_dinc,65,random,AsHr,2,0.03169999999999995,0.03169999999999995,0.03169999999999995,1,1,1,MP,6
qwen,h1_dinc,65,random,AsHr,3,0.03210000000000002,0.03210000000000002,0.03210000000000002,0,0,0,MP,6
qwen,h1_dinc,65,random,AsNc,0,0.061,0.061,0.061,0,0,0,OD2,3
qwen,h1_dinc,65,random,AsNc,1,0.03210000000000002,0.03210000000000002,0.03210000000000002,0,0,0,OD2,3
qwen,h1_dinc,65,random,AsNc,2,0.031100000000000017,0.031100000000000017,0.031100000000000017,0,0,0,OD2,3
qwen,h1_dinc,65,random,AsNc,3,0.03209999999999996,0.032099999999999906,0.032099999999999906,0,0,0,OD2,3
qwen,h1_dinc,65,random,AsPc,0,0.03200000000000003,0.03200000000000003,0.03200000000000003,0,0,0,OD2,5
qwen,h1_dinc,65,random,AsPc,1,0.03090000000000004,0.03090000000000004,0.03090000000000004,0,0,0,OD2,5
qwen,h1_dinc,65,random,AsPc,2,0.03240000000000004,0.032399999999999984,0.032399999999999984,0,0,0,OD2,5
qwen,h1_dinc,65,random,AsPc,3,0.05879999999999996,0.05879999999999996,0.05879999999999996,0,0,0,OD2,5
qwen,h1_dinc,65,random,AsPd,0,0.032200000000000006,0.032200000000000006,0.032200000000000006,1,1,1,OD1,6
qwen,h1_dinc,65,random,AsPd,1,0.031399999999999983,0.031399999999999983,0.031399999999999983,0,0,0,OD1,6
qwen,h1_dinc,65,random,AsPd,2,0.032299999999999995,0.032299999999999995,0.032299999999999995,0,0,0,OD1,6
qwen,h1_dinc,65,random,AsPd,3,0.030999999999999972,0.031000000000000028,0.031000000000000028,0,0,0,OD1,6
qwen,h1_dinc,65,random,AsSh,0,0.031700000000000006,0.031700000000000006,0.031700000000000006,0,0,0,CO1,3
qwen,h1_dinc,65,random,AsSh,1,0.031100000000000017,0.031100000000000017,0.031100000000000017,0,0,0,CO1,3
qwen,h1_dinc,65,random,AsSh,2,0.0005999999999999894,0.0006000000000000449,0.0006000000000000449,0,0,0,CO1,3
qwen,h1_dinc,65,random,AsSh,3,0.030700000000000005,0.03070000000000006,0.03070000000000006,0,0,0,CO1,3
qwen,h1_dinc,65,random,BaAs,0,0.0005000000000000004,0.0005000000000000004,0.0005000000000000004,0,0,0,MP,1
qwen,h1_dinc,65,random,BaAs,1,0.031000000000000028,0.031000000000000028,0.031000000000000028,0,0,0,MP,1
qwen,h1_dinc,65,random,BaAs,2,0.03249999999999997,0.03249999999999997,0.03249999999999997,1,1,1,MP,1
qwen,h1_dinc,65,random,BaAs,3,0.030999999999999972,0.031000000000000028,0.031000000000000028,0,0,0,MP,1
qwen,h1_dinc,65,random,BaBa,0,0.06330000000000002,0.06330000000000002,0.06330000000000002,1,1,1,CO2,3
qwen,h1_dinc,65,random,BaBa,1,0.029299999999999993,0.029299999999999993,0.029299999999999993,0,0,0,CO2,3
qwen,h1_dinc,65,random,BaBa,2,0.030200000000000005,0.030200000000000005,0.030200000000000005,0,0,0,CO2,3
qwen,h1_dinc,65,random,BaBa,3,0.032299999999999995,0.032299999999999995,0.032299999999999995,0,0,0,CO2,3
qwen,h1_dinc,65,random,BaCh,0,0.031399999999999983,0.031399999999999983,0.031399999999999983,0,0,0,CO2,4
qwen,h1_dinc,65,random,BaCh,1,0.03250000000000003,0.03250000000000003,0.03250000000000003,0,0,0,CO2,4
qwen,h1_dinc,65,random,BaCh,2,0.0625,0.0625,0.0625,0,0,0,CO2,4
qwen,h1_dinc,65,random,BaCh,3,0.03259999999999996,0.03259999999999996,0.03259999999999996,0,0,0,CO2,4
qwen,h1_dinc,65,random,BaCm,0,0.06080000000000002,0.06080000000000002,0.06080000000000002,0,0,0,OD1,1
qwen,h1_dinc,65,random,BaCm,1,0.0015999999999999903,0.0015999999999999903,0.0015999999999999903,0,0,0,OD1,1
qwen,h1_dinc,65,random,BaCm,2,0.0020999999999999908,0.0020999999999999908,0.0020999999999999908,0,0,0,OD1,1
qwen,h1_dinc,65,random,BaCm,3,0.03090000000000004,0.03090000000000004,0.03090000000000004,1,1,1,OD1,1
qwen,h1_dinc,65,random,BaCo,0,0.0625,0.0625,0.0625,0,0,0,MP,3
qwen,h1_dinc,65,random,BaCo,1,0.06119999999999998,0.06119999999999998,0.06119999999999998,0,0,0,MP,3
qwen,h1_dinc,65,random,BaCo,2,0.06040000000000001,0.06040000000000001,0.06040000000000001,0,0,0,MP,3
qwen,h1_dinc,65,random,BaCo,3,0.06330000000000002,0.06330000000000002,0.06330000000000002,0,0,0,MP,3
qwen,h1_dinc,65,random,BaDl,0,0.0025000000000000022,0.0025000000000000022,0.0025000000000000022,0,0,0,OD1,3
qwen,h1_dinc,65,random,BaDl,1,0.06009999999999999,0.06009999999999999,0.06009999999999999,0,0,0,OD1,3
qwen,h1_dinc,65,random,BaDl,2,0.06279999999999997,0.06279999999999997,0.06279999999999997,1,1,1,OD1,3
qwen,h1_dinc,65,random,BaDl,3,0.0012000000000000344,0.0011999999999999789,0.0011999999999999789,0,0,0,OD1,3
qwen,h1_dinc,65,random,BaHa,0,0.06,0.06,0.06000000000000005,0,0,0,OD2,2
qwen,h1_dinc,65,random,BaHa,1,0.031799999999999995,0.031799999999999995,0.03180000000000005,0,0,0,OD2,2
qwen,h1_dinc,65,random,BaHa,2,0.06170000000000009,0.06170000000000009,0.06170000000000009,0,0,0,OD2,2
qwen,h1_dinc,65,random,BaHa,3,0.0019000000000000128,0.0019000000000000128,0.0019000000000000128,0,0,0,OD2,2
qwen,h1_dinc,65,random,BaHr,0,0.061499999999999944,0.061499999999999944,0.061499999999999944,1,1,1,CO1,5
qwen,h1_dinc,65,random,BaHr,1,0.03200000000000003,0.03200000000000003,0.03200000000000003,0,0,0,CO1,5
qwen,h1_dinc,65,random,BaHr,2,0.030299999999999994,0.030299999999999994,0.030299999999999994,0,0,0,CO1,5
qwen,h1_dinc,65,random,BaHr,3,0.03169999999999995,0.03169999999999995,0.03169999999999995,1,1,1,CO1,5
qwen,h1_dinc,65,random,BaNc,0,0.03190000000000004,0.03190000000000004,0.03190000000000004,0,0,0,OD2,4
qwen,h1_dinc,65,random,BaNc,1,0.03270000000000001,0.03270000000000001,0.03270000000000006,0,0,0,OD2,4
qwen,h1_dinc,65,random,BaNc,2,0.06330000000000002,0.06330000000000002,0.06330000000000002,0,0,0,OD2,4
qwen,h1_dinc,65,random,BaNc,3,0.0015999999999999903,0.0015999999999999348,0.0015999999999999348,0,0,0,OD2,4
qwen,h1_dinc,65,random,BaPc,0,0.031700000000000006,0.031700000000000006,0.03170000000000006,0,0,0,OD2,6
qwen,h1_dinc,65,random,BaPc,1,0.031100000000000017,0.031100000000000017,0.031100000000000017,0,0,0,OD2,6
qwen,h1_dinc,65,random,BaPc,2,0.05989999999999995,0.05989999999999995,0.05989999999999995,0,0,0,OD2,6
qwen,h1_dinc,65,random,BaPc,3,0.031399999999999983,0.031399999999999983,0.031399999999999983,0,0,0,OD2,6
qwen,h1_dinc,65,random,BaPd,0,0.031299999999999994,0.031299999999999994,0.031299999999999994,0,0,0,OD1,5
qwen,h1_dinc,65,random,BaPd,1,0.029899999999999982,0.029899999999999982,0.029899999999999982,0,0,0,OD1,5
qwen,h1_dinc,65,random,BaPd,2,0.05940000000000001,0.05940000000000001,0.05940000000000001,0,0,0,OD1,5
qwen,h1_dinc,65,random,BaPd,3,0.031399999999999983,0.031399999999999983,0.031399999999999983,0,0,0,OD1,5
qwen,h1_dinc,65,random,BaSh,0,0.06040000000000001,0.06040000000000001,0.06040000000000001,0,0,0,MP,5
qwen,h1_dinc,65,random,BaSh,1,0.031200000000000006,0.031200000000000006,0.031200000000000006,0,0,0,MP,5
qwen,h1_dinc,65,random,BaSh,2,0.033299999999999996,0.033299999999999996,0.033299999999999996,0,0,0,MP,5
qwen,h1_dinc,65,random,BaSh,3,0.03200000000000003,0.03200000000000003,0.03200000000000003,0,0,0,MP,5
qwen,h1_dinc,65,random,ChAs,0,0.06040000000000001,0.06040000000000001,0.06040000000000001,0,0,0,MP,7
qwen,h1_dinc,65,random,ChAs,1,0.031200000000000006,0.031200000000000006,0.031200000000000006,0,0,0,MP,7
qwen,h1_dinc,65,random,ChAs,2,0.032299999999999995,0.032299999999999995,0.032299999999999995,0,0,0,MP,7
qwen,h1_dinc,65,random,ChAs,3,0.032200000000000006,0.032200000000000006,0.032200000000000006,0,0,0,MP,7
qwen,h1_dinc,65,random,ChBa,0,0.030200000000000005,0.030200000000000005,0.030200000000000005,0,0,0,CO2,5
qwen,h1_dinc,65,random,ChBa,1,0.029799999999999993,0.029799999999999993,0.029799999999999993,0,0,0,CO2,5
qwen,h1_dinc,65,random,ChBa,2,0.05909999999999993,0.05909999999999993,0.05909999999999993,0,0,0,CO2,5
qwen,h1_dinc,65,random,ChBa,3,0.03059999999999996,0.03059999999999996,0.03059999999999996,1,1,1,CO2,5
qwen,h1_dinc,65,random,ChCh,0,0.029899999999999982,0.029899999999999982,0.029899999999999982,0,0,0,CO2,6
qwen,h1_dinc,65,random,ChCh,1,0.030799999999999994,0.030799999999999994,0.030799999999999994,0,0,0,CO2,6
qwen,h1_dinc,65,random,ChCh,2,0.031200000000000006,0.031200000000000006,0.031200000000000006,1,1,1,CO2,6
qwen,h1_dinc,65,random,ChCh,3,0.0018000000000000238,0.0018000000000000238,0.0018000000000000238,0,0,0,CO2,6
qwen,h1_dinc,65,random,ChCm,0,0.06090000000000001,0.06090000000000001,0.06090000000000001,0,0,0,OD1,7
qwen,h1_dinc,65,random,ChCm,1,0.0015000000000000013,0.0015000000000000013,0.0015000000000000013,0,0,0,OD1,7
qwen,h1_dinc,65,random,ChCm,2,0.05909999999999993,0.05909999999999993,0.05909999999999993,0,0,0,OD1,7
qwen,h1_dinc,65,random,ChCm,3,0.03200000000000003,0.03200000000000003,0.03200000000000003,1,1,1,OD1,7
qwen,h1_dinc,65,random,ChCo,0,0.031399999999999983,0.031399999999999983,0.031399999999999983,0,0,0,MP,9
qwen,h1_dinc,65,random,ChCo,1,0.029700000000000004,0.029700000000000004,0.029700000000000004,0,0,0,MP,9
qwen,h1_dinc,65,random,ChCo,2,0.029200000000000004,0.029200000000000004,0.029200000000000004,0,0,0,MP,9
qwen,h1_dinc,65,random,ChCo,3,0.032299999999999995,0.032299999999999995,0.032299999999999995,1,1,1,MP,9
qwen,h1_dinc,65,random,ChDl,0,0.0020999999999999908,0.0020999999999999908,0.0020999999999999908,0,0,0,OD1,9
qwen,h1_dinc,65,random,ChDl,1,0.0013000000000000234,0.0013000000000000234,0.0013000000000000234,0,0,0,OD1,9
qwen,h1_dinc,65,random,ChDl,2,0.03200000000000003,0.03200000000000003,0.03200000000000003,0,0,0,OD1,9
qwen,h1_dinc,65,random,ChDl,3,0.0010999999999999899,0.001100000000000101,0.001100000000000101,0,0,0,OD1,9
qwen,h1_dinc,65,random,ChHa,0,0.06209999999999999,0.06209999999999999,0.062100000000000044,0,0,0,OD2,8
qwen,h1_dinc,65,random,ChHa,1,0.0018000000000000238,0.0018000000000000238,0.0018000000000000238,0,0,0,OD2,8
qwen,h1_dinc,65,random,ChHa,2,0.02970000000000006,0.02970000000000006,0.02970000000000006,0,0,0,OD2,8
qwen,h1_dinc,65,random,ChHa,3,0.032299999999999995,0.032299999999999995,0.032299999999999995,1,1,1,OD2,8
qwen,h1_dinc,65,random,ChHr,0,0.06090000000000001,0.06090000000000001,0.06090000000000001,0,0,0,CO1,6
qwen,h1_dinc,65,random,ChHr,1,0.030100000000000016,0.030100000000000016,0.030100000000000016,0,0,0,CO1,6
qwen,h1_dinc,65,random,ChHr,2,0.03059999999999996,0.03059999999999996,0.03059999999999996,0,0,0,CO1,6
qwen,h1_dinc,65,random,ChHr,3,0.0010999999999999899,0.0010999999999999899,0.0010999999999999899,0,0,0,CO1,6
qwen,h1_dinc,65,random,CmAs,0,0.05770000000000003,0.05770000000000003,0.057699999999999974,0,0,0,OD1,8
qwen,h1_dinc,65,random,CmAs,1,0.0014000000000000123,0.0014000000000000123,0.0013999999999999568,0,0,0,OD1,8
qwen,h1_dinc,65,random,CmAs,2,0.049699999999999966,0.049699999999999966,0.049699999999999966,0,0,0,OD1,8
qwen,h1_dinc,65,random,CmAs,3,0.03070000000000006,0.03070000000000006,0.03070000000000006,0,0,0,OD1,8
qwen,h1_dinc,65,random,CmCm,0,0.08290000000000003,0.08290000000000003,0.08290000000000008,0,0,0,DD,2
qwen,h1_dinc,65,random,CmCm,1,0.025099999999999956,0.025099999999999956,0.0250999999999999,0,0,0,DD,2
qwen,h1_dinc,65,random,CmCm,2,0.02429999999999999,0.02429999999999999,0.02429999999999999,0,0,0,DD,2
qwen,h1_dinc,65,random,CmCm,3,0.030899999999999928,0.030899999999999928,0.030899999999999928,0,0,0,DD,2
qwen,h1_dinc,65,random,CmDl,0,0.029700000000000004,0.029700000000000004,0.02969999999999995,0,0,0,DD,4
qwen,h1_dinc,65,random,CmDl,1,0.0257,0.0257,0.025700000000000056,0,0,0,DD,4
qwen,h1_dinc,65,random,CmDl,2,0.028100000000000014,0.028100000000000014,0.028100000000000014,0,0,0,DD,4
qwen,h1_dinc,65,random,CmDl,3,0.06169999999999998,0.06169999999999998,0.06169999999999998,0,0,0,DD,4
qwen,h1_dinc,65,random,CmHa,0,0.055900000000000005,0.055900000000000005,0.05589999999999995,0,0,0,DD,6
qwen,h1_dinc,65,random,CmHa,1,0.027100000000000013,0.027100000000000013,0.027099999999999902,0,0,0,DD,6
qwen,h1_dinc,65,random,CmHa,2,0.024699999999999944,0.024699999999999944,0.024699999999999944,0,0,0,DD,6
qwen,h1_dinc,65,random,CmHa,3,0.06059999999999999,0.06059999999999999,0.06059999999999999,0,0,0,DD,6
qwen,h1_dinc,65,random,CmNc,0,0.05940000000000001,0.05940000000000001,0.0593999999999999,0,0,0,DD,8
qwen,h1_dinc,65,random,CmNc,1,0.02959999999999996,0.02959999999999996,0.02959999999999985,0,0,0,DD,8
qwen,h1_dinc,65,random,CmNc,2,0.04410000000000003,0.04410000000000003,0.04410000000000003,0,0,0,DD,8
qwen,h1_dinc,65,random,CmNc,3,0.031399999999999983,0.031399999999999983,0.031399999999999983,0,0,0,DD,8
qwen,h1_dinc,65,random,CoAs,0,0.030200000000000005,0.030200000000000005,0.030200000000000005,0,0,0,CO2,7
qwen,h1_dinc,65,random,CoAs,1,0.0018999999999999573,0.0018999999999999573,0.0018999999999999573,0,0,0,CO2,7
qwen,h1_dinc,65,random,CoAs,2,0.05579999999999996,0.05579999999999996,0.05579999999999996,0,0,0,CO2,7
qwen,h1_dinc,65,random,CoAs,3,0.029900000000000038,0.029900000000000038,0.029900000000000038,0,0,0,CO2,7
qwen,h1_dinc,65,random,CoCo,0,0.03169999999999995,0.03169999999999995,0.03169999999999995,1,1,1,CO1,7
qwen,h1_dinc,65,random,CoCo,1,0.03249999999999997,0.03249999999999997,0.03249999999999997,0,0,0,CO1,7
qwen,h1_dinc,65,random,CoCo,2,0.030899999999999983,0.030899999999999928,0.030899999999999928,0,0,0,CO1,7
qwen,h1_dinc,65,random,CoCo,3,0.031700000000000006,0.03169999999999995,0.03169999999999995,0,0,0,CO1,7
qwen,h1_dinc,65,random,CoSh,0,0.06230000000000002,0.06230000000000002,0.06230000000000002,0,0,0,CO2,8
qwen,h1_dinc,65,random,CoSh,1,0.03200000000000003,0.03200000000000003,0.03200000000000003,1,1,1,CO2,8
qwen,h1_dinc,65,random,CoSh,2,0.03080000000000005,0.03080000000000005,0.03080000000000005,0,0,0,CO2,8
qwen,h1_dinc,65,random,CoSh,3,0.02789999999999998,0.027899999999999925,0.027899999999999925,0,0,0,CO2,8
qwen,h1_dinc,65,random,HaAs,0,0.05810000000000004,0.05810000000000004,0.05810000000000004,0,0,0,OD2,7
qwen,h1_dinc,65,random,HaAs,1,0.029900000000000038,0.029900000000000038,0.029900000000000038,0,0,0,OD2,7
qwen,h1_dinc,65,random,HaAs,2,0.027100000000000013,0.027099999999999902,0.027099999999999902,0,0,0,OD2,7
qwen,h1_dinc,65,random,HaAs,3,0.02529999999999999,0.02529999999999999,0.02529999999999999,0,0,0,OD2,7
qwen,h1_dinc,65,random,HaBa,0,0.025699999999999945,0.025699999999999945,0.025699999999999945,0,0,0,OD2,9
qwen,h1_dinc,65,random,HaBa,1,0.05910000000000004,0.05910000000000004,0.05910000000000004,0,0,0,OD2,9
qwen,h1_dinc,65,random,HaBa,2,0.030799999999999994,0.03079999999999994,0.03079999999999994,0,0,0,OD2,9
qwen,h1_dinc,65,random,HaBa,3,0.029700000000000004,0.02969999999999995,0.02969999999999995,0,0,0,OD2,9
qwen,h1_dinc,65,random,HaCm,0,0.031000000000000028,0.031000000000000028,0.031000000000000028,0,0,0,DD,1
qwen,h1_dinc,65,random,HaCm,1,0.03159999999999996,0.03159999999999996,0.03159999999999996,0,0,0,DD,1
qwen,h1_dinc,65,random,HaCm,2,0.0615,0.0615,0.0615,0,0,0,DD,1
qwen,h1_dinc,65,random,HaCm,3,0.02949999999999997,0.02949999999999997,0.02949999999999997,0,0,0,DD,1
qwen,h1_dinc,65,random,HaDl,0,0.05159999999999998,0.05159999999999998,0.05159999999999998,0,0,0,DD,3
qwen,h1_dinc,65,random,HaDl,1,0.032399999999999984,0.032399999999999984,0.032399999999999984,0,0,0,DD,3
qwen,h1_dinc,65,random,HaDl,2,0.031100000000000017,0.031100000000000017,0.031100000000000017,0,0,0,DD,3
qwen,h1_dinc,65,random,HaDl,3,0.028400000000000036,0.028400000000000092,0.028400000000000092,0,0,0,DD,3
qwen,h1_dinc,65,random,HaHa,0,0.029400000000000093,0.029400000000000093,0.029400000000000093,0,0,0,DD,5
qwen,h1_dinc,65,random,HaHa,1,0.031100000000000017,0.031100000000000017,0.031100000000000017,0,0,0,DD,5
qwen,h1_dinc,65,random,HaHa,2,0.0014000000000000123,0.0013999999999999568,0.0013999999999999568,0,0,0,DD,5
qwen,h1_dinc,65,random,HaHa,3,0.0011999999999999789,0.0011999999999999789,0.0011999999999999789,0,0,0,DD,5
qwen,h1_dinc,65,random,HaNc,0,0.027100000000000013,0.027100000000000013,0.027100000000000013,0,0,0,DD,7
qwen,h1_dinc,65,random,HaNc,1,0.03080000000000005,0.03080000000000005,0.03080000000000005,0,0,0,DD,7
qwen,h1_dinc,65,random,HaNc,2,0.026600000000000013,0.026600000000000068,0.026600000000000068,0,0,0,DD,7
qwen,h1_dinc,65,random,HaNc,3,0.02939999999999998,0.02939999999999987,0.02939999999999987,0,0,0,DD,7
qwen,h1_dinc,65,random,HaPc,0,0.05700000000000005,0.05700000000000005,0.05700000000000005,0,0,0,DD,9
qwen,h1_dinc,65,random,HaPc,1,0.031100000000000017,0.031100000000000017,0.031100000000000017,0,0,0,DD,9
qwen,h1_dinc,65,random,HaPc,2,0.02799999999999997,0.027999999999999914,0.027999999999999914,0,0,0,DD,9
qwen,h1_dinc,65,random,HaPc,3,0.02939999999999998,0.02939999999999987,0.02939999999999987,0,0,0,DD,9
qwen,h1_dinc,65,random,HrAs,0,0.031299999999999994,0.031299999999999994,0.031299999999999994,0,0,0,MP,8
qwen,h1_dinc,65,random,HrAs,1,0.029899999999999982,0.029899999999999982,0.029899999999999927,0,0,0,MP,8
qwen,h1_dinc,65,random,HrAs,2,0.05790000000000006,0.05790000000000006,0.05790000000000006,0,0,0,MP,8
qwen,h1_dinc,65,random,HrAs,3,0.03259999999999996,0.03259999999999996,0.03259999999999996,0,0,0,MP,8
qwen,h1_dinc,65,random,HrBa,0,0.031100000000000017,0.031100000000000017,0.031100000000000017,0,0,0,CO1,2
qwen,h1_dinc,65,random,HrBa,1,0.030299999999999994,0.030299999999999994,0.030299999999999994,0,0,0,CO1,2
qwen,h1_dinc,65,random,HrBa,2,0.04820000000000002,0.04820000000000002,0.04820000000000002,0,0,0,CO1,2
qwen,h1_dinc,65,random,HrBa,3,0.0615,0.0615,0.0615,0,0,0,CO1,2
qwen,h1_dinc,65,random,HrCh,0,0.058499999999999996,0.058499999999999996,0.058499999999999996,0,0,0,CO1,4
qwen,h1_dinc,65,random,HrCh,1,0.028700000000000003,0.028700000000000003,0.02870000000000006,0,0,0,CO1,4
qwen,h1_dinc,65,random,HrCh,2,0.05679999999999996,0.05679999999999996,0.05679999999999996,0,0,0,CO1,4
qwen,h1_dinc,65,random,HrCh,3,0.03159999999999996,0.03159999999999996,0.03159999999999996,0,0,0,CO1,4
qwen,h1_dinc,65,random,HrHr,0,0.032200000000000006,0.032200000000000006,0.032200000000000006,0,0,0,CO2,2
qwen,h1_dinc,65,random,HrHr,1,0.028600000000000014,0.028600000000000014,0.02860000000000007,0,0,0,CO2,2
qwen,h1_dinc,65,random,HrHr,2,0.054200000000000026,0.054200000000000026,0.054200000000000026,0,0,0,CO2,2
qwen,h1_dinc,65,random,HrHr,3,0.03190000000000004,0.03190000000000004,0.03190000000000004,0,0,0,CO2,2
qwen,h1_dinc,65,random,ShAs,0,0.062,0.062,0.062,0,0,0,CO1,8
qwen,h1_dinc,65,random,ShAs,1,0.031100000000000017,0.031100000000000017,0.031100000000000017,0,0,0,CO1,8
qwen,h1_dinc,65,random,ShAs,2,0.06090000000000001,0.060900000000000065,0.060900000000000065,0,0,0,CO1,8
qwen,h1_dinc,65,random,ShAs,3,0.06059999999999999,0.06059999999999999,0.06059999999999999,0,0,0,CO1,8
qwen,h1_dinc,65,random,ShCo,0,0.029899999999999982,0.029899999999999982,0.029899999999999982,0,0,0,CO2,9
qwen,h1_dinc,65,random,ShCo,1,0.0605,0.0605,0.0605,0,0,0,CO2,9
qwen,h1_dinc,65,random,ShCo,2,0.0615,0.0615,0.0615,0,0,0,CO2,9
qwen,h1_dinc,65,random,ShCo,3,0.029700000000000004,0.02969999999999995,0.02969999999999995,0,0,0,CO2,9
qwen,h1_dinc,65,random,ShSh,0,0.03190000000000004,0.03190000000000004,0.03190000000000004,0,0,0,CO1,9
qwen,h1_dinc,65,random,ShSh,1,0.031000000000000028,0.031000000000000028,0.031000000000000028,0,0,0,CO1,9
qwen,h1_dinc,65,random,ShSh,2,0.06209999999999999,0.062100000000000044,0.062100000000000044,0,0,0,CO1,9
qwen,h1_dinc,65,random,ShSh,3,0.031200000000000006,0.031199999999999894,0.031199999999999894,0,0,0,CO1,9
qwen,h1_dinc,79,main,AsAs,0,0.3266,0.3266,0.3266,1,1,1,CO1,1
qwen,h1_dinc,79,main,AsAs,1,0.37750000000000006,0.37750000000000006,0.37750000000000006,1,1,1,CO1,1
qwen,h1_dinc,79,main,AsAs,2,0.3564,0.35639999999999994,0.35639999999999994,1,1,1,CO1,1
qwen,h1_dinc,79,main,AsAs,3,0.38350000000000006,0.38350000000000006,0.38350000000000006,1,1,1,CO1,1
qwen,h1_dinc,79,main,AsBa,0,0.38580000000000003,0.38580000000000003,0.38580000000000003,1,1,1,MP,2
qwen,h1_dinc,79,main,AsBa,1,0.35740000000000005,0.35740000000000005,0.35740000000000005,1,1,1,MP,2
qwen,h1_dinc,79,main,AsBa,2,0.3844,0.3844000000000001,0.3844000000000001,1,1,1,MP,2
qwen,h1_dinc,79,main,AsBa,3,0.3708,0.3708,0.3708,1,1,1,MP,2
qwen,h1_dinc,79,main,AsCh,0,0.3843,0.3843,0.3843,1,1,1,MP,4
qwen,h1_dinc,79,main,AsCh,1,0.39869999999999994,0.39869999999999994,0.39869999999999994,1,1,1,MP,4
qwen,h1_dinc,79,main,AsCh,2,0.3848,0.3847999999999999,0.3847999999999999,1,1,1,MP,4
qwen,h1_dinc,79,main,AsCh,3,0.3531,0.3531000000000001,0.3531000000000001,1,1,1,MP,4
qwen,h1_dinc,79,main,AsCm,0,0.377,0.377,0.377,1,1,1,OD1,2
qwen,h1_dinc,79,main,AsCm,1,0.37050000000000005,0.37050000000000005,0.37050000000000005,1,1,1,OD1,2
qwen,h1_dinc,79,main,AsCm,2,0.3844,0.3844000000000001,0.3844000000000001,1,1,1,OD1,2
qwen,h1_dinc,79,main,AsCm,3,0.3818,0.38180000000000003,0.38180000000000003,1,1,1,OD1,2
qwen,h1_dinc,79,main,AsCo,0,0.38549999999999995,0.38549999999999995,0.38549999999999995,1,1,1,CO2,1
qwen,h1_dinc,79,main,AsCo,1,0.3533,0.3533,0.3533,1,1,1,CO2,1
qwen,h1_dinc,79,main,AsCo,2,0.3772,0.3772,0.3772,1,1,1,CO2,1
qwen,h1_dinc,79,main,AsCo,3,0.3531,0.3531000000000001,0.3531000000000001,1,1,1,CO2,1
qwen,h1_dinc,79,main,AsDl,0,0.35450000000000004,0.35450000000000004,0.35450000000000004,1,1,1,OD1,4
qwen,h1_dinc,79,main,AsDl,1,0.37750000000000006,0.37750000000000006,0.37750000000000006,1,1,1,OD1,4
qwen,h1_dinc,79,main,AsDl,2,0.4112,0.4112,0.4112,1,1,1,OD1,4
qwen,h1_dinc,79,main,AsDl,3,0.35509999999999997,0.35509999999999997,0.35509999999999997,1,1,1,OD1,4
qwen,h1_dinc,79,main,AsHa,0,0.384,0.384,0.384,1,1,1,OD2,1
qwen,h1_dinc,79,main,AsHa,1,0.38280000000000003,0.38280000000000003,0.38280000000000003,1,1,1,OD2,1
qwen,h1_dinc,79,main,AsHa,2,0.3806,0.38059999999999994,0.38059999999999994,1,1,1,OD2,1
qwen,h1_dinc,79,main,AsHa,3,0.36960000000000004,0.36960000000000004,0.36960000000000004,1,1,1,OD2,1
qwen,h1_dinc,79,main,AsHr,0,0.38689999999999997,0.38689999999999997,0.3868999999999999,0,0,0,MP,6
qwen,h1_dinc,79,main,AsHr,1,0.37770000000000004,0.37770000000000004,0.37770000000000004,1,1,1,MP,6
qwen,h1_dinc,79,main,AsHr,2,0.38560000000000005,0.38560000000000005,0.38560000000000005,1,1,1,MP,6
qwen,h1_dinc,79,main,AsHr,3,0.378,0.378,0.378,1,1,1,MP,6
qwen,h1_dinc,79,main,AsNc,0,0.40909999999999996,0.40909999999999996,0.40909999999999996,1,1,1,OD2,3
qwen,h1_dinc,79,main,AsNc,1,0.37700000000000006,0.37700000000000006,0.37700000000000006,1,1,1,OD2,3
qwen,h1_dinc,79,main,AsNc,2,0.38610000000000005,0.3861,0.3861,1,1,1,OD2,3
qwen,h1_dinc,79,main,AsNc,3,0.40609999999999996,0.4060999999999999,0.4060999999999999,1,1,1,OD2,3
qwen,h1_dinc,79,main,AsPc,0,0.3294,0.3294,0.3294,1,1,1,OD2,5
qwen,h1_dinc,79,main,AsPc,1,0.3465,0.3465,0.3465,1,1,1,OD2,5
qwen,h1_dinc,79,main,AsPc,2,0.40670000000000006,0.40670000000000006,0.40670000000000006,1,1,1,OD2,5
qwen,h1_dinc,79,main,AsPc,3,0.3708,0.3708,0.3708,1,1,1,OD2,5
qwen,h1_dinc,79,main,AsPd,0,0.35309999999999997,0.35309999999999997,0.35309999999999997,1,1,1,OD1,6
qwen,h1_dinc,79,main,AsPd,1,0.3847,0.3847,0.38469999999999993,1,1,1,OD1,6
qwen,h1_dinc,79,main,AsPd,2,0.38139999999999996,0.38139999999999996,0.38139999999999996,1,1,1,OD1,6
qwen,h1_dinc,79,main,AsPd,3,0.38280000000000003,0.38280000000000003,0.38280000000000003,1,1,1,OD1,6
qwen,h1_dinc,79,main,AsSh,0,0.38499999999999995,0.38499999999999995,0.38499999999999995,1,1,1,CO1,3
qwen,h1_dinc,79,main,AsSh,1,0.377,0.377,0.377,1,1,1,CO1,3
qwen,h1_dinc,79,main,AsSh,2,0.35340000000000005,0.35340000000000005,0.35340000000000005,1,1,1,CO1,3
qwen,h1_dinc,79,main,AsSh,3,0.4292,0.4292,0.4292,1,1,1,CO1,3
qwen,h1_dinc,79,main,BaAs,0,0.36910000000000004,0.36910000000000004,0.36910000000000004,1,1,1,MP,1
qwen,h1_dinc,79,main,BaAs,1,0.34819999999999995,0.34819999999999995,0.34819999999999995,1,1,1,MP,1
qwen,h1_dinc,79,main,BaAs,2,0.3861,0.3861,0.3861,1,1,1,MP,1
qwen,h1_dinc,79,main,BaAs,3,0.38149999999999995,0.38149999999999995,0.38149999999999995,1,1,1,MP,1
qwen,h1_dinc,79,main,BaBa,0,0.38630000000000003,0.38630000000000003,0.38630000000000003,1,1,1,CO2,3
qwen,h1_dinc,79,main,BaBa,1,0.34819999999999995,0.34819999999999995,0.34819999999999995,1,1,1,CO2,3
qwen,h1_dinc,79,main,BaBa,2,0.3697,0.36970000000000003,0.36970000000000003,1,1,1,CO2,3
qwen,h1_dinc,79,main,BaBa,3,0.38589999999999997,0.3859,0.3859,1,1,1,CO2,3
qwen,h1_dinc,79,main,BaCh,0,0.38439999999999996,0.38439999999999996,0.38439999999999996,1,1,1,CO2,4
qwen,h1_dinc,79,main,BaCh,1,0.3766,0.3766,0.3766,1,1,1,CO2,4
qwen,h1_dinc,79,main,BaCh,2,0.41019999999999995,0.4102,0.4102,1,1,1,CO2,4
qwen,h1_dinc,79,main,BaCh,3,0.3867,0.38669999999999993,0.38669999999999993,1,1,1,CO2,4
qwen,h1_dinc,79,main,BaCm,0,0.38369999999999993,0.38369999999999993,0.38369999999999993,1,1,1,OD1,1
qwen,h1_dinc,79,main,BaCm,1,0.3701,0.3701,0.3701,1,1,1,OD1,1
qwen,h1_dinc,79,main,BaCm,2,0.37,0.37,0.37,1,1,1,OD1,1
qwen,h1_dinc,79,main,BaCm,3,0.4378,0.43779999999999997,0.43779999999999997,1,1,1,OD1,1
qwen,h1_dinc,79,main,BaCo,0,0.41040000000000004,0.41040000000000004,0.41040000000000004,1,1,1,MP,3
qwen,h1_dinc,79,main,BaCo,1,0.4001,0.4001,0.4001,1,1,1,MP,3
qwen,h1_dinc,79,main,BaCo,2,0.3772,0.3772,0.3772,1,1,1,MP,3
qwen,h1_dinc,79,main,BaCo,3,0.4095,0.4095,0.4095,1,1,1,MP,3
qwen,h1_dinc,79,main,BaDl,0,0.35230000000000006,0.35230000000000006,0.35230000000000006,0,0,0,OD1,3
qwen,h1_dinc,79,main,BaDl,1,0.39959999999999996,0.39959999999999996,0.39959999999999996,1,1,1,OD1,3
qwen,h1_dinc,79,main,BaDl,2,0.3844,0.3844000000000001,0.3844000000000001,1,1,1,OD1,3
qwen,h1_dinc,79,main,BaDl,3,0.40740000000000004,0.4074000000000001,0.4074000000000001,1,1,1,OD1,3
qwen,h1_dinc,79,main,BaHa,0,0.3818,0.3818,0.38180000000000003,1,1,1,OD2,2
qwen,h1_dinc,79,main,BaHa,1,0.3702,0.3702,0.3702,1,1,1,OD2,2
qwen,h1_dinc,79,main,BaHa,2,0.37760000000000005,0.37760000000000005,0.37760000000000005,1,1,1,OD2,2
qwen,h1_dinc,79,main,BaHa,3,0.35609999999999997,0.35609999999999997,0.35609999999999997,1,1,1,OD2,2
qwen,h1_dinc,79,main,BaHr,0,0.41219999999999996,0.41219999999999996,0.41219999999999996,1,1,1,CO1,5
qwen,h1_dinc,79,main,BaHr,1,0.40049999999999997,0.40049999999999997,0.40049999999999997,1,1,1,CO1,5
qwen,h1_dinc,79,main,BaHr,2,0.37860000000000005,0.37860000000000005,0.37860000000000005,1,1,1,CO1,5
qwen,h1_dinc,79,main,BaHr,3,0.3848,0.38480000000000003,0.38480000000000003,1,1,1,CO1,5
qwen,h1_dinc,79,main,BaNc,0,0.3806,0.3806,0.38059999999999994,1,1,1,OD2,4
qwen,h1_dinc,79,main,BaNc,1,0.3823,0.3823,0.3823,1,1,1,OD2,4
qwen,h1_dinc,79,main,BaNc,2,0.3848,0.3847999999999999,0.3847999999999999,1,1,1,OD2,4
qwen,h1_dinc,79,main,BaNc,3,0.377,0.377,0.377,1,1,1,OD2,4
qwen,h1_dinc,79,main,BaPc,0,0.4109999999999999,0.4109999999999999,0.4109999999999999,1,1,1,OD2,6
qwen,h1_dinc,79,main,BaPc,1,0.35309999999999997,0.35309999999999997,0.35309999999999997,1,1,1,OD2,6
qwen,h1_dinc,79,main,BaPc,2,0.3691,0.3691,0.3691,1,1,1,OD2,6
qwen,h1_dinc,79,main,BaPc,3,0.38610000000000005,0.3861,0.3861,1,1,1,OD2,6
qwen,h1_dinc,79,main,BaPd,0,0.3581,0.3581,0.3581,1,1,1,OD1,5
qwen,h1_dinc,79,main,BaPd,1,0.3471000000000001,0.3471000000000001,0.3471000000000001,0,0,0,OD1,5
qwen,h1_dinc,79,main,BaPd,2,0.4066,0.40659999999999996,0.40659999999999996,1,1,1,OD1,5
qwen,h1_dinc,79,main,BaPd,3,0.38359999999999994,0.38359999999999994,0.38359999999999994,1,1,1,OD1,5
qwen,h1_dinc,79,main,BaSh,0,0.3772,0.3772,0.3772,1,1,1,MP,5
qwen,h1_dinc,79,main,BaSh,1,0.3176,0.3176,0.3176,1,1,1,MP,5
qwen,h1_dinc,79,main,BaSh,2,0.4048999999999999,0.4048999999999999,0.4048999999999999,1,1,1,MP,5
qwen,h1_dinc,79,main,BaSh,3,0.3776,0.37760000000000005,0.37760000000000005,1,1,1,MP,5
qwen,h1_dinc,79,main,ChAs,0,0.3776,0.3776,0.3776,1,1,1,MP,7
qwen,h1_dinc,79,main,ChAs,1,0.3701,0.3701,0.3701,1,1,1,MP,7
qwen,h1_dinc,79,main,ChAs,2,0.377,0.377,0.377,1,1,1,MP,7
qwen,h1_dinc,79,main,ChAs,3,0.3587,0.3587,0.3587,1,1,1,MP,7
qwen,h1_dinc,79,main,ChBa,0,0.34690000000000004,0.34690000000000004,0.34690000000000004,1,1,1,CO2,5
qwen,h1_dinc,79,main,ChBa,1,0.341,0.341,0.341,1,1,1,CO2,5
qwen,h1_dinc,79,main,ChBa,2,0.4108,0.41079999999999994,0.41079999999999994,1,1,1,CO2,5
qwen,h1_dinc,79,main,ChBa,3,0.3848,0.38480000000000003,0.38480000000000003,1,1,1,CO2,5
qwen,h1_dinc,79,main,ChCh,0,0.3776,0.3776,0.3776,1,1,1,CO2,6
qwen,h1_dinc,79,main,ChCh,1,0.37089999999999995,0.37089999999999995,0.37089999999999995,1,1,1,CO2,6
qwen,h1_dinc,79,main,ChCh,2,0.3826,0.38260000000000005,0.38260000000000005,1,1,1,CO2,6
qwen,h1_dinc,79,main,ChCh,3,0.40690000000000004,0.40690000000000004,0.40690000000000004,1,1,1,CO2,6
qwen,h1_dinc,79,main,ChCm,0,0.3776,0.3776,0.3776,1,1,1,OD1,7
qwen,h1_dinc,79,main,ChCm,1,0.33899999999999997,0.33899999999999997,0.33899999999999997,1,1,1,OD1,7
qwen,h1_dinc,79,main,ChCm,2,0.3906,0.39059999999999995,0.39059999999999995,1,1,1,OD1,7
qwen,h1_dinc,79,main,ChCm,3,0.35719999999999996,0.35719999999999996,0.35719999999999996,1,1,1,OD1,7
qwen,h1_dinc,79,main,ChCo,0,0.3848,0.3848,0.3848,1,1,1,MP,9
qwen,h1_dinc,79,main,ChCo,1,0.3691,0.3691,0.3691,1,1,1,MP,9
qwen,h1_dinc,79,main,ChCo,2,0.3604,0.36040000000000005,0.36040000000000005,1,1,1,MP,9
qwen,h1_dinc,79,main,ChCo,3,0.38689999999999997,0.3868999999999999,0.3868999999999999,1,1,1,MP,9
qwen,h1_dinc,79,main,ChDl,0,0.39959999999999996,0.39959999999999996,0.39959999999999996,1,1,1,OD1,9
qwen,h1_dinc,79,main,ChDl,1,0.3703,0.3703,0.3703,1,1,1,OD1,9
qwen,h1_dinc,79,main,ChDl,2,0.37729999999999997,0.37729999999999997,0.37729999999999997,1,1,1,OD1,9
qwen,h1_dinc,79,main,ChDl,3,0.3838,0.38380000000000003,0.38380000000000003,1,1,1,OD1,9
qwen,h1_dinc,79,main,ChHa,0,0.38439999999999996,0.38439999999999996,0.38439999999999996,0,0,0,OD2,8
qwen,h1_dinc,79,main,ChHa,1,0.3768,0.3768,0.3768,1,1,1,OD2,8
qwen,h1_dinc,79,main,ChHa,2,0.4103,0.4103,0.4103,1,1,1,OD2,8
qwen,h1_dinc,79,main,ChHa,3,0.38689999999999997,0.3868999999999999,0.3868999999999999,1,1,1,OD2,8
qwen,h1_dinc,79,main,ChHr,0,0.4058999999999999,0.4058999999999999,0.4058999999999999,1,1,1,CO1,6
qwen,h1_dinc,79,main,ChHr,1,0.36050000000000004,0.36050000000000004,0.36050000000000004,1,1,1,CO1,6
qwen,h1_dinc,79,main,ChHr,2,0.34800000000000003,0.348,0.348,1,1,1,CO1,6
qwen,h1_dinc,79,main,ChHr,3,0.3848,0.38480000000000003,0.38480000000000003,1,1,1,CO1,6
qwen,h1_dinc,79,main,CmAs,0,0.3499,0.3499,0.3499,1,1,1,OD1,8
qwen,h1_dinc,79,main,CmAs,1,0.348,0.348,0.348,1,1,1,OD1,8
qwen,h1_dinc,79,main,CmAs,2,0.3347,0.3347,0.3347,0,0,0,OD1,8
qwen,h1_dinc,79,main,CmAs,3,0.3772,0.3772,0.3772,1,1,1,OD1,8
qwen,h1_dinc,79,main,CmCm,0,0.3661,0.3661,0.3661,1,1,1,DD,2
qwen,h1_dinc,79,main,CmCm,1,0.32080000000000003,0.32080000000000003,0.3208000000000001,0,0,0,DD,2
qwen,h1_dinc,79,main,CmCm,2,0.3034,0.3034,0.3034,0,0,0,DD,2
qwen,h1_dinc,79,main,CmCm,3,0.3703,0.37029999999999996,0.37029999999999996,1,1,1,DD,2
qwen,h1_dinc,79,main,CmDl,0,0.31689999999999996,0.31689999999999996,0.31689999999999996,0,0,0,DD,4
qwen,h1_dinc,79,main,CmDl,1,0.3049,0.3049,0.30489999999999995,0,0,0,DD,4
qwen,h1_dinc,79,main,CmDl,2,0.36560000000000004,0.36560000000000004,0.36560000000000004,1,1,1,DD,4
qwen,h1_dinc,79,main,CmDl,3,0.3698,0.3698,0.3698,1,1,1,DD,4
qwen,h1_dinc,79,main,CmHa,0,0.3358,0.3358,0.3358,0,0,0,DD,6
qwen,h1_dinc,79,main,CmHa,1,0.3676,0.3676,0.36760000000000004,1,1,1,DD,6
qwen,h1_dinc,79,main,CmHa,2,0.3043,0.3043,0.3043,0,0,0,DD,6
qwen,h1_dinc,79,main,CmHa,3,0.3477,0.3477,0.3477,1,1,1,DD,6
qwen,h1_dinc,79,main,CmNc,0,0.33940000000000003,0.33940000000000003,0.33940000000000003,1,1,1,DD,8
qwen,h1_dinc,79,main,CmNc,1,0.3177,0.3177,0.3177,0,0,0,DD,8
qwen,h1_dinc,79,main,CmNc,2,0.31930000000000003,0.31930000000000003,0.31930000000000003,0,0,0,DD,8
qwen,h1_dinc,79,main,CmNc,3,0.39899999999999997,0.3989999999999999,0.3989999999999999,1,1,1,DD,8
qwen,h1_dinc,79,main,CoAs,0,0.384,0.384,0.384,1,1,1,CO2,7
qwen,h1_dinc,79,main,CoAs,1,0.38119999999999993,0.38119999999999993,0.38119999999999993,1,1,1,CO2,7
qwen,h1_dinc,79,main,CoAs,2,0.34950000000000003,0.34950000000000003,0.34950000000000003,1,1,1,CO2,7
qwen,h1_dinc,79,main,CoAs,3,0.34909999999999997,0.34909999999999997,0.34909999999999997,1,1,1,CO2,7
qwen,h1_dinc,79,main,CoCo,0,0.3848,0.3848,0.3848,1,1,1,CO1,7
qwen,h1_dinc,79,main,CoCo,1,0.38630000000000003,0.38630000000000003,0.38630000000000003,1,1,1,CO1,7
qwen,h1_dinc,79,main,CoCo,2,0.33830000000000005,0.33830000000000005,0.33830000000000005,1,1,1,CO1,7
qwen,h1_dinc,79,main,CoCo,3,0.3688,0.3688,0.3688,1,1,1,CO1,7
qwen,h1_dinc,79,main,CoSh,0,0.4069,0.4069,0.4069,1,1,1,CO2,8
qwen,h1_dinc,79,main,CoSh,1,0.35860000000000003,0.35860000000000003,0.35860000000000003,1,1,1,CO2,8
qwen,h1_dinc,79,main,CoSh,2,0.35950000000000004,0.35950000000000004,0.35950000000000004,1,1,1,CO2,8
qwen,h1_dinc,79,main,CoSh,3,0.2984,0.2984,0.2984,0,0,0,CO2,8
qwen,h1_dinc,79,main,HaAs,0,0.3612,0.3612,0.3612,1,1,1,OD2,7
qwen,h1_dinc,79,main,HaAs,1,0.3993,0.3993,0.3993,1,1,1,OD2,7
qwen,h1_dinc,79,main,HaAs,2,0.3353,0.33529999999999993,0.33529999999999993,0,0,0,OD2,7
qwen,h1_dinc,79,main,HaAs,3,0.3216,0.3216,0.3216,0,0,0,OD2,7
qwen,h1_dinc,79,main,HaBa,0,0.3367,0.3367,0.3367,0,0,0,OD2,9
qwen,h1_dinc,79,main,HaBa,1,0.36950000000000005,0.36950000000000005,0.36950000000000005,1,1,1,OD2,9
qwen,h1_dinc,79,main,HaBa,2,0.3697,0.36970000000000003,0.36970000000000003,1,1,1,OD2,9
qwen,h1_dinc,79,main,HaBa,3,0.36060000000000003,0.36060000000000003,0.36060000000000003,1,1,1,OD2,9
qwen,h1_dinc,79,main,HaCm,0,0.37029999999999996,0.37029999999999996,0.37029999999999996,1,1,1,DD,1
qwen,h1_dinc,79,main,HaCm,1,0.3814,0.3814,0.3814,1,1,1,DD,1
qwen,h1_dinc,79,main,HaCm,2,0.3772,0.3772,0.3772,1,1,1,DD,1
qwen,h1_dinc,79,main,HaCm,3,0.3703,0.3703000000000001,0.3703000000000001,1,1,1,DD,1
qwen,h1_dinc,79,main,HaDl,0,0.3519,0.3519,0.3519,1,1,1,DD,3
qwen,h1_dinc,79,main,HaDl,1,0.3768,0.3768,0.3768,1,1,1,DD,3
qwen,h1_dinc,79,main,HaDl,2,0.37750000000000006,0.37750000000000006,0.37750000000000006,1,1,1,DD,3
qwen,h1_dinc,79,main,HaDl,3,0.3598,0.3598,0.3598,1,1,1,DD,3
qwen,h1_dinc,79,main,HaHa,0,0.3659,0.3659,0.3659,1,1,1,DD,5
qwen,h1_dinc,79,main,HaHa,1,0.39979999999999993,0.39979999999999993,0.39979999999999993,1,1,1,DD,5
qwen,h1_dinc,79,main,HaHa,2,0.3798,0.3798,0.3798,1,1,1,DD,5
qwen,h1_dinc,79,main,HaHa,3,0.3032,0.3031999999999999,0.3031999999999999,0,0,0,DD,5
qwen,h1_dinc,79,main,HaNc,0,0.35140000000000005,0.35140000000000005,0.35140000000000005,1,1,1,DD,7
qwen,h1_dinc,79,main,HaNc,1,0.36899999999999994,0.36899999999999994,0.36899999999999994,1,1,1,DD,7
qwen,h1_dinc,79,main,HaNc,2,0.34840000000000004,0.34840000000000004,0.34840000000000004,1,1,1,DD,7
qwen,h1_dinc,79,main,HaNc,3,0.34950000000000003,0.34950000000000003,0.34950000000000003,1,1,1,DD,7
qwen,h1_dinc,79,main,HaPc,0,0.3483,0.3483,0.3483,1,1,1,DD,9
qwen,h1_dinc,79,main,HaPc,1,0.3777,0.3777,0.3777,1,1,1,DD,9
qwen,h1_dinc,79,main,HaPc,2,0.3476,0.3476,0.3476,1,1,1,DD,9
qwen,h1_dinc,79,main,HaPc,3,0.3476,0.3476,0.3476,1,1,1,DD,9
qwen,h1_dinc,79,main,HrAs,0,0.38139999999999996,0.38139999999999996,0.38139999999999996,1,1,1,MP,8
qwen,h1_dinc,79,main,HrAs,1,0.32989999999999997,0.32989999999999997,0.32989999999999997,1,1,1,MP,8
qwen,h1_dinc,79,main,HrAs,2,0.3612,0.36119999999999997,0.36119999999999997,1,1,1,MP,8
qwen,h1_dinc,79,main,HrAs,3,0.3825,0.38249999999999995,0.38249999999999995,1,1,1,MP,8
qwen,h1_dinc,79,main,HrBa,0,0.3535,0.3535,0.35350000000000004,1,1,1,CO1,2
qwen,h1_dinc,79,main,HrBa,1,0.361,0.361,0.361,1,1,1,CO1,2
qwen,h1_dinc,79,main,HrBa,2,0.33520000000000005,0.33520000000000005,0.33520000000000005,0,0,0,CO1,2
qwen,h1_dinc,79,main,HrBa,3,0.3828,0.3827999999999999,0.3827999999999999,1,1,1,CO1,2
qwen,h1_dinc,79,main,HrCh,0,0.36040000000000005,0.36040000000000005,0.36040000000000005,1,1,1,CO1,4
qwen,h1_dinc,79,main,HrCh,1,0.3659,0.3659,0.3659,1,1,1,CO1,4
qwen,h1_dinc,79,main,HrCh,2,0.3586,0.3585999999999999,0.3585999999999999,1,1,1,CO1,4
qwen,h1_dinc,79,main,HrCh,3,0.3828,0.3827999999999999,0.3827999999999999,1,1,1,CO1,4
qwen,h1_dinc,79,main,HrHr,0,0.4065,0.4065,0.4065,1,1,1,CO2,2
qwen,h1_dinc,79,main,HrHr,1,0.33930000000000005,0.33930000000000005,0.33930000000000005,1,1,1,CO2,2
qwen,h1_dinc,79,main,HrHr,2,0.3672,0.3672000000000001,0.3672000000000001,1,1,1,CO2,2
qwen,h1_dinc,79,main,HrHr,3,0.4066,0.40659999999999996,0.40659999999999996,1,1,1,CO2,2
qwen,h1_dinc,79,main,ShAs,0,0.4095,0.4095,0.4095,1,1,1,CO1,8
qwen,h1_dinc,79,main,ShAs,1,0.37750000000000006,0.37750000000000006,0.37750000000000006,1,1,1,CO1,8
qwen,h1_dinc,79,main,ShAs,2,0.3522,0.35219999999999996,0.35219999999999996,1,1,1,CO1,8
qwen,h1_dinc,79,main,ShAs,3,0.3772,0.3772,0.3772,1,1,1,CO1,8
qwen,h1_dinc,79,main,ShCo,0,0.36970000000000003,0.36970000000000003,0.36970000000000003,1,1,1,CO2,9
qwen,h1_dinc,79,main,ShCo,1,0.36060000000000003,0.36060000000000003,0.36060000000000003,1,1,1,CO2,9
qwen,h1_dinc,79,main,ShCo,2,0.35309999999999997,0.35309999999999997,0.35309999999999997,1,1,1,CO2,9
qwen,h1_dinc,79,main,ShCo,3,0.3288,0.3288,0.3288,1,1,1,CO2,9
qwen,h1_dinc,79,main,ShSh,0,0.38310000000000005,0.38310000000000005,0.38310000000000005,1,1,1,CO1,9
qwen,h1_dinc,79,main,ShSh,1,0.36999999999999994,0.36999999999999994,0.36999999999999994,1,1,1,CO1,9
qwen,h1_dinc,79,main,ShSh,2,0.35779999999999995,0.3577999999999999,0.3577999999999999,1,1,1,CO1,9
qwen,h1_dinc,79,main,ShSh,3,0.4294,0.4294,0.4294,1,1,1,CO1,9
qwen,h1_dinc,79,main_perp,AsAs,0,0.03209999999999996,0.03209999999999996,0.03209999999999996,0,0,0,CO1,1
qwen,h1_dinc,79,main_perp,AsAs,1,0.029799999999999993,0.029799999999999993,0.029799999999999993,0,0,0,CO1,1
qwen,h1_dinc,79,main_perp,AsAs,2,0.031399999999999983,0.031399999999999983,0.031399999999999983,0,0,0,CO1,1
qwen,h1_dinc,79,main_perp,AsAs,3,0.030700000000000005,0.03070000000000006,0.03070000000000006,0,0,0,CO1,1
qwen,h1_dinc,79,main_perp,AsBa,0,0.031399999999999983,0.031399999999999983,0.031399999999999983,1,1,1,MP,2
qwen,h1_dinc,79,main_perp,AsBa,1,0.0018999999999999573,0.0018999999999999573,0.0019000000000000128,0,0,0,MP,2
qwen,h1_dinc,79,main_perp,AsBa,2,0.031399999999999983,0.031399999999999983,0.031399999999999983,0,0,0,MP,2
qwen,h1_dinc,79,main_perp,AsBa,3,0.0017000000000000348,0.0017000000000000348,0.0017000000000000348,0,0,0,MP,2
qwen,h1_dinc,79,main_perp,AsCh,0,0.0,0.0,0.0,0,0,0,MP,4
qwen,h1_dinc,79,main_perp,AsCh,1,0.03250000000000003,0.03250000000000003,0.032500000000000084,0,0,0,MP,4
qwen,h1_dinc,79,main_perp,AsCh,2,0.03149999999999997,0.031500000000000083,0.031500000000000083,0,0,0,MP,4
qwen,h1_dinc,79,main_perp,AsCh,3,0.031799999999999995,0.03179999999999994,0.03179999999999994,0,0,0,MP,4
qwen,h1_dinc,79,main_perp,AsCm,0,0.032299999999999995,0.032299999999999995,0.032299999999999995,0,0,0,OD1,2
qwen,h1_dinc,79,main_perp,AsCm,1,0.030799999999999994,0.030799999999999994,0.03079999999999994,0,0,0,OD1,2
qwen,h1_dinc,79,main_perp,AsCm,2,0.030399999999999983,0.030399999999999983,0.030399999999999983,1,1,1,OD1,2
qwen,h1_dinc,79,main_perp,AsCm,3,0.03240000000000004,0.032399999999999984,0.032399999999999984,0,0,0,OD1,2
qwen,h1_dinc,79,main_perp,AsCo,0,0.031200000000000006,0.031200000000000006,0.031200000000000006,0,0,0,CO2,1
qwen,h1_dinc,79,main_perp,AsCo,1,0.03210000000000002,0.03210000000000002,0.03210000000000002,0,0,0,CO2,1
qwen,h1_dinc,79,main_perp,AsCo,2,0.0018000000000000238,0.0018000000000000238,0.0018000000000000238,0,0,0,CO2,1
qwen,h1_dinc,79,main_perp,AsCo,3,0.03300000000000003,0.03299999999999992,0.03299999999999992,0,0,0,CO2,1
qwen,h1_dinc,79,main_perp,AsDl,0,0.03209999999999996,0.03209999999999996,0.03210000000000002,0,0,0,OD1,4
qwen,h1_dinc,79,main_perp,AsDl,1,0.029299999999999993,0.029299999999999993,0.029299999999999993,0,0,0,OD1,4
qwen,h1_dinc,79,main_perp,AsDl,2,0.0,0.0,0.0,0,0,0,OD1,4
qwen,h1_dinc,79,main_perp,AsDl,3,0.0018999999999999573,0.0019000000000000128,0.0019000000000000128,0,0,0,OD1,4
qwen,h1_dinc,79,main_perp,AsHa,0,0.0010999999999999899,0.0010999999999999899,0.0010999999999999899,0,0,0,OD2,1
qwen,h1_dinc,79,main_perp,AsHa,1,0.029299999999999993,0.029299999999999993,0.029299999999999993,0,0,0,OD2,1
qwen,h1_dinc,79,main_perp,AsHa,2,0.0018000000000000238,0.0018000000000000238,0.0018000000000000238,0,0,0,OD2,1
qwen,h1_dinc,79,main_perp,AsHa,3,0.030200000000000005,0.030200000000000005,0.030200000000000005,0,0,0,OD2,1
qwen,h1_dinc,79,main_perp,AsHr,0,0.031200000000000006,0.031200000000000006,0.031200000000000006,0,0,0,MP,6
qwen,h1_dinc,79,main_perp,AsHr,1,0.031000000000000028,0.031000000000000028,0.030999999999999917,0,0,0,MP,6
qwen,h1_dinc,79,main_perp,AsHr,2,0.03200000000000003,0.03200000000000003,0.03200000000000003,1,1,1,MP,6
qwen,h1_dinc,79,main_perp,AsHr,3,0.03210000000000002,0.03210000000000002,0.03210000000000002,0,0,0,MP,6
qwen,h1_dinc,79,main_perp,AsNc,0,0.0018999999999999573,0.0018999999999999573,0.0018999999999999573,0,0,0,OD2,3
qwen,h1_dinc,79,main_perp,AsNc,1,0.03210000000000002,0.03210000000000002,0.03210000000000002,0,0,0,OD2,3
qwen,h1_dinc,79,main_perp,AsNc,2,0.030700000000000005,0.03070000000000006,0.03070000000000006,0,0,0,OD2,3
qwen,h1_dinc,79,main_perp,AsNc,3,0.03209999999999996,0.032099999999999906,0.032099999999999906,0,0,0,OD2,3
qwen,h1_dinc,79,main_perp,AsPc,0,0.03200000000000003,0.03200000000000003,0.03200000000000003,0,0,0,OD2,5
qwen,h1_dinc,79,main_perp,AsPc,1,0.03090000000000004,0.03090000000000004,0.03090000000000004,0,0,0,OD2,5
qwen,h1_dinc,79,main_perp,AsPc,2,0.030500000000000027,0.03049999999999997,0.03049999999999997,0,0,0,OD2,5
qwen,h1_dinc,79,main_perp,AsPc,3,0.00030000000000002247,0.000300000000000078,0.000300000000000078,0,0,0,OD2,5
qwen,h1_dinc,79,main_perp,AsPd,0,0.031100000000000017,0.031100000000000017,0.031100000000000017,0,0,0,OD1,6
qwen,h1_dinc,79,main_perp,AsPd,1,0.0,0.0,0.0,0,0,0,OD1,6
qwen,h1_dinc,79,main_perp,AsPd,2,0.0019000000000000128,0.0019000000000000128,0.0019000000000000128,0,0,0,OD1,6
qwen,h1_dinc,79,main_perp,AsPd,3,0.030999999999999972,0.031000000000000028,0.031000000000000028,0,0,0,OD1,6
qwen,h1_dinc,79,main_perp,AsSh,0,0.031700000000000006,0.031700000000000006,0.031700000000000006,0,0,0,CO1,3
qwen,h1_dinc,79,main_perp,AsSh,1,0.031100000000000017,0.031100000000000017,0.031100000000000017,0,0,0,CO1,3
qwen,h1_dinc,79,main_perp,AsSh,2,0.030999999999999972,0.031000000000000028,0.031000000000000028,0,0,0,CO1,3
qwen,h1_dinc,79,main_perp,AsSh,3,0.030700000000000005,0.03070000000000006,0.03070000000000006,0,0,0,CO1,3
qwen,h1_dinc,79,main_perp,BaAs,0,0.030999999999999972,0.030999999999999972,0.030999999999999972,0,0,0,MP,1
qwen,h1_dinc,79,main_perp,BaAs,1,0.0016999999999999793,0.0016999999999999793,0.0016999999999999793,0,0,0,MP,1
qwen,h1_dinc,79,main_perp,BaAs,2,0.03249999999999997,0.03249999999999997,0.03249999999999997,1,1,1,MP,1
qwen,h1_dinc,79,main_perp,BaAs,3,0.030999999999999972,0.031000000000000028,0.031000000000000028,0,0,0,MP,1
qwen,h1_dinc,79,main_perp,BaBa,0,0.031700000000000006,0.031700000000000006,0.031700000000000006,0,0,0,CO2,3
qwen,h1_dinc,79,main_perp,BaBa,1,0.0016999999999999793,0.0016999999999999793,0.0016999999999999793,0,0,0,CO2,3
qwen,h1_dinc,79,main_perp,BaBa,2,0.02969999999999995,0.02969999999999995,0.02969999999999995,0,0,0,CO2,3
qwen,h1_dinc,79,main_perp,BaBa,3,0.031399999999999983,0.031399999999999983,0.031399999999999983,0,0,0,CO2,3
qwen,h1_dinc,79,main_perp,BaCh,0,0.032299999999999995,0.032299999999999995,0.032299999999999995,0,0,0,CO2,4
qwen,h1_dinc,79,main_perp,BaCh,1,0.03140000000000004,0.03140000000000004,0.03140000000000004,0,0,0,CO2,4
qwen,h1_dinc,79,main_perp,BaCh,2,0.03249999999999997,0.03249999999999997,0.03249999999999997,1,1,1,CO2,4
qwen,h1_dinc,79,main_perp,BaCh,3,0.03199999999999997,0.03200000000000003,0.03200000000000003,0,0,0,CO2,4
qwen,h1_dinc,79,main_perp,BaCm,0,0.031700000000000006,0.031700000000000006,0.031700000000000006,0,0,0,OD1,1
qwen,h1_dinc,79,main_perp,BaCm,1,0.029899999999999982,0.029899999999999982,0.029899999999999982,0,0,0,OD1,1
qwen,h1_dinc,79,main_perp,BaCm,2,0.0011999999999999789,0.0011999999999999789,0.0011999999999999789,0,0,0,OD1,1
qwen,h1_dinc,79,main_perp,BaCm,3,0.03169999999999995,0.03169999999999995,0.03169999999999995,1,1,1,OD1,1
qwen,h1_dinc,79,main_perp,BaCo,0,0.0021999999999999797,0.0021999999999999797,0.0021999999999999797,0,0,0,MP,3
qwen,h1_dinc,79,main_perp,BaCo,1,0.030399999999999983,0.030399999999999983,0.030399999999999983,0,0,0,MP,3
qwen,h1_dinc,79,main_perp,BaCo,2,0.031100000000000017,0.031100000000000017,0.031100000000000017,0,0,0,MP,3
qwen,h1_dinc,79,main_perp,BaCo,3,0.031700000000000006,0.03170000000000006,0.03170000000000006,0,0,0,MP,3
qwen,h1_dinc,79,main_perp,BaDl,0,0.0,0.0,0.0,0,0,0,OD1,3
qwen,h1_dinc,79,main_perp,BaDl,1,0.032899999999999985,0.032899999999999985,0.032899999999999985,0,0,0,OD1,3
qwen,h1_dinc,79,main_perp,BaDl,2,0.031399999999999983,0.031399999999999983,0.031399999999999983,1,1,1,OD1,3
qwen,h1_dinc,79,main_perp,BaDl,3,0.03140000000000004,0.031399999999999983,0.031399999999999983,0,0,0,OD1,3
qwen,h1_dinc,79,main_perp,BaHa,0,0.030500000000000027,0.030500000000000027,0.03049999999999997,0,0,0,OD2,2
qwen,h1_dinc,79,main_perp,BaHa,1,0.030399999999999983,0.030399999999999983,0.030399999999999983,0,0,0,OD2,2
qwen,h1_dinc,79,main_perp,BaHa,2,0.031299999999999994,0.031299999999999994,0.031299999999999994,0,0,0,OD2,2
qwen,h1_dinc,79,main_perp,BaHa,3,0.0019000000000000128,0.0019000000000000128,0.0019000000000000128,0,0,0,OD2,2
qwen,h1_dinc,79,main_perp,BaHr,0,0.030899999999999983,0.030899999999999983,0.030899999999999983,0,0,0,CO1,5
qwen,h1_dinc,79,main_perp,BaHr,1,0.03140000000000004,0.03140000000000004,0.03140000000000004,0,0,0,CO1,5
qwen,h1_dinc,79,main_perp,BaHr,2,0.02859999999999996,0.02859999999999996,0.02859999999999996,0,0,0,CO1,5
qwen,h1_dinc,79,main_perp,BaHr,3,0.03249999999999997,0.03249999999999997,0.03249999999999997,1,1,1,CO1,5
qwen,h1_dinc,79,main_perp,BaNc,0,0.03270000000000001,0.03270000000000001,0.03270000000000006,0,0,0,OD2,4
qwen,h1_dinc,79,main_perp,BaNc,1,0.03350000000000003,0.03350000000000003,0.033499999999999974,0,0,0,OD2,4
qwen,h1_dinc,79,main_perp,BaNc,2,0.03249999999999997,0.03249999999999997,0.03249999999999997,0,0,0,OD2,4
qwen,h1_dinc,79,main_perp,BaNc,3,0.032299999999999995,0.032299999999999995,0.032299999999999995,0,0,0,OD2,4
qwen,h1_dinc,79,main_perp,BaPc,0,0.03199999999999997,0.03199999999999997,0.03200000000000003,0,0,0,OD2,6
qwen,h1_dinc,79,main_perp,BaPc,1,0.031100000000000017,0.031100000000000017,0.031100000000000017,0,0,0,OD2,6
qwen,h1_dinc,79,main_perp,BaPc,2,0.031399999999999983,0.031399999999999983,0.031399999999999983,0,0,0,OD2,6
qwen,h1_dinc,79,main_perp,BaPc,3,0.0,0.0,0.0,0,0,0,OD2,6
qwen,h1_dinc,79,main_perp,BaPd,0,0.031100000000000017,0.031100000000000017,0.031100000000000017,0,0,0,OD1,5
qwen,h1_dinc,79,main_perp,BaPd,1,0.031200000000000006,0.031200000000000006,0.031200000000000006,0,0,0,OD1,5
qwen,h1_dinc,79,main_perp,BaPd,2,0.03059999999999996,0.03059999999999996,0.03059999999999996,0,0,0,OD1,5
qwen,h1_dinc,79,main_perp,BaPd,3,0.030600000000000016,0.03059999999999996,0.03059999999999996,0,0,0,OD1,5
qwen,h1_dinc,79,main_perp,BaSh,0,0.029899999999999982,0.029899999999999982,0.029899999999999982,0,0,0,MP,5
qwen,h1_dinc,79,main_perp,BaSh,1,0.031200000000000006,0.031200000000000006,0.031200000000000006,0,0,0,MP,5
qwen,h1_dinc,79,main_perp,BaSh,2,0.032200000000000006,0.032200000000000006,0.032200000000000006,0,0,0,MP,5
qwen,h1_dinc,79,main_perp,BaSh,3,0.03250000000000003,0.032500000000000084,0.032500000000000084,0,0,0,MP,5
qwen,h1_dinc,79,main_perp,ChAs,0,0.03140000000000004,0.03140000000000004,0.03140000000000004,0,0,0,MP,7
qwen,h1_dinc,79,main_perp,ChAs,1,0.029899999999999982,0.029899999999999982,0.029899999999999982,0,0,0,MP,7
qwen,h1_dinc,79,main_perp,ChAs,2,0.031100000000000017,0.031100000000000017,0.031100000000000017,0,0,0,MP,7
qwen,h1_dinc,79,main_perp,ChAs,3,0.030399999999999983,0.030399999999999983,0.030399999999999983,0,0,0,MP,7
qwen,h1_dinc,79,main_perp,ChBa,0,0.030899999999999983,0.030899999999999983,0.030899999999999983,0,0,0,CO2,5
qwen,h1_dinc,79,main_perp,ChBa,1,0.02949999999999997,0.02949999999999997,0.02949999999999997,0,0,0,CO2,5
qwen,h1_dinc,79,main_perp,ChBa,2,0.029999999999999916,0.029999999999999916,0.029999999999999916,0,0,0,CO2,5
qwen,h1_dinc,79,main_perp,ChBa,3,0.03059999999999996,0.03059999999999996,0.03059999999999996,1,1,1,CO2,5
qwen,h1_dinc,79,main_perp,ChCh,0,0.03140000000000004,0.03140000000000004,0.03140000000000004,0,0,0,CO2,6
qwen,h1_dinc,79,main_perp,ChCh,1,0.029299999999999993,0.029299999999999993,0.029299999999999993,0,0,0,CO2,6
qwen,h1_dinc,79,main_perp,ChCh,2,0.03200000000000003,0.03200000000000003,0.03200000000000003,1,1,1,CO2,6
qwen,h1_dinc,79,main_perp,ChCh,3,0.0018000000000000238,0.0018000000000000238,0.0018000000000000238,0,0,0,CO2,6
qwen,h1_dinc,79,main_perp,ChCm,0,0.031299999999999994,0.031299999999999994,0.031299999999999994,0,0,0,OD1,7
qwen,h1_dinc,79,main_perp,ChCm,1,0.029600000000000015,0.029600000000000015,0.029600000000000015,0,0,0,OD1,7
qwen,h1_dinc,79,main_perp,ChCm,2,0.029999999999999916,0.029999999999999916,0.029999999999999916,0,0,0,OD1,7
qwen,h1_dinc,79,main_perp,ChCm,3,0.030899999999999983,0.030899999999999928,0.030899999999999928,0,0,0,OD1,7
qwen,h1_dinc,79,main_perp,ChCo,0,0.0010999999999999899,0.0010999999999999899,0.0010999999999999899,0,0,0,MP,9
qwen,h1_dinc,79,main_perp,ChCo,1,0.030200000000000005,0.030200000000000005,0.030200000000000005,0,0,0,MP,9
qwen,h1_dinc,79,main_perp,ChCo,2,9.999999999998899e-05,9.999999999998899e-05,9.999999999998899e-05,0,0,0,MP,9
qwen,h1_dinc,79,main_perp,ChCo,3,0.032299999999999995,0.032299999999999995,0.032299999999999995,1,1,1,MP,9
qwen,h1_dinc,79,main_perp,ChDl,0,0.029899999999999982,0.029899999999999982,0.029899999999999982,0,0,0,OD1,9
qwen,h1_dinc,79,main_perp,ChDl,1,0.030999999999999972,0.030999999999999972,0.030999999999999972,0,0,0,OD1,9
qwen,h1_dinc,79,main_perp,ChDl,2,0.03149999999999997,0.03149999999999997,0.03149999999999997,0,0,0,OD1,9
qwen,h1_dinc,79,main_perp,ChDl,3,0.0021999999999999797,0.0021999999999999797,0.0021999999999999797,0,0,0,OD1,9
qwen,h1_dinc,79,main_perp,ChHa,0,0.0019000000000000128,0.0019000000000000128,0.0019000000000000128,0,0,0,OD2,8
qwen,h1_dinc,79,main_perp,ChHa,1,0.030500000000000027,0.030500000000000027,0.03049999999999997,0,0,0,OD2,8
qwen,h1_dinc,79,main_perp,ChHa,2,0.02970000000000006,0.02970000000000006,0.02970000000000006,0,0,0,OD2,8
qwen,h1_dinc,79,main_perp,ChHa,3,0.032299999999999995,0.032299999999999995,0.032299999999999995,1,1,1,OD2,8
qwen,h1_dinc,79,main_perp,ChHr,0,0.0017999999999999683,0.0017999999999999683,0.0017999999999999683,0,0,0,CO1,6
qwen,h1_dinc,79,main_perp,ChHr,1,0.0015000000000000013,0.0015000000000000013,0.0015000000000000013,0,0,0,CO1,6
qwen,h1_dinc,79,main_perp,ChHr,2,0.030200000000000005,0.030200000000000005,0.030200000000000005,0,0,0,CO1,6
qwen,h1_dinc,79,main_perp,ChHr,3,0.0008000000000000229,0.0008000000000000229,0.0008000000000000229,0,0,0,CO1,6
qwen,h1_dinc,79,main_perp,CmAs,0,0.05790000000000001,0.05790000000000001,0.05789999999999995,0,0,0,OD1,8
qwen,h1_dinc,79,main_perp,CmAs,1,0.028299999999999992,0.028299999999999992,0.028299999999999992,0,0,0,OD1,8
qwen,h1_dinc,79,main_perp,CmAs,2,0.024599999999999955,0.024599999999999955,0.024599999999999955,0,0,0,OD1,8
qwen,h1_dinc,79,main_perp,CmAs,3,0.031100000000000017,0.031100000000000017,0.031100000000000017,0,0,0,OD1,8
qwen,h1_dinc,79,main_perp,CmCm,0,0.028500000000000025,0.028500000000000025,0.02850000000000008,0,0,0,DD,2
qwen,h1_dinc,79,main_perp,CmCm,1,0.025099999999999956,0.025099999999999956,0.0250999999999999,0,0,0,DD,2
qwen,h1_dinc,79,main_perp,CmCm,2,0.02429999999999999,0.02429999999999999,0.02429999999999999,0,0,0,DD,2
qwen,h1_dinc,79,main_perp,CmCm,3,0.031399999999999983,0.031399999999999983,0.031399999999999983,0,0,0,DD,2
qwen,h1_dinc,79,main_perp,CmDl,0,0.02959999999999996,0.02959999999999996,0.02959999999999985,0,0,0,DD,4
qwen,h1_dinc,79,main_perp,CmDl,1,0.0,0.0,0.0,0,0,0,DD,4
qwen,h1_dinc,79,main_perp,CmDl,2,0.026800000000000046,0.026800000000000046,0.026800000000000046,0,0,0,DD,4
qwen,h1_dinc,79,main_perp,CmDl,3,0.03159999999999996,0.03159999999999996,0.03159999999999996,0,0,0,DD,4
qwen,h1_dinc,79,main_perp,CmHa,0,0.028000000000000025,0.028000000000000025,0.028000000000000025,0,0,0,DD,6
qwen,h1_dinc,79,main_perp,CmHa,1,0.02679999999999999,0.02679999999999999,0.026799999999999935,0,0,0,DD,6
qwen,h1_dinc,79,main_perp,CmHa,2,0.024499999999999966,0.024499999999999966,0.024499999999999966,0,0,0,DD,6
qwen,h1_dinc,79,main_perp,CmHa,3,0.029899999999999927,0.029899999999999927,0.029899999999999927,0,0,0,DD,6
qwen,h1_dinc,79,main_perp,CmNc,0,0.030899999999999983,0.030899999999999983,0.030899999999999928,0,0,0,DD,8
qwen,h1_dinc,79,main_perp,CmNc,1,0.02959999999999996,0.02959999999999996,0.02959999999999985,0,0,0,DD,8
qwen,h1_dinc,79,main_perp,CmNc,2,0.0010000000000000009,0.0010000000000000009,0.0010000000000000009,0,0,0,DD,8
qwen,h1_dinc,79,main_perp,CmNc,3,0.031399999999999983,0.031399999999999983,0.031399999999999983,0,0,0,DD,8
qwen,h1_dinc,79,main_perp,CoAs,0,0.03210000000000002,0.03210000000000002,0.03210000000000002,0,0,0,CO2,7
qwen,h1_dinc,79,main_perp,CoAs,1,0.0018999999999999573,0.0018999999999999573,0.0018999999999999573,0,0,0,CO2,7
qwen,h1_dinc,79,main_perp,CoAs,2,0.02789999999999998,0.027899999999999925,0.027899999999999925,0,0,0,CO2,7
qwen,h1_dinc,79,main_perp,CoAs,3,0.0014000000000000123,0.0013999999999999568,0.0013999999999999568,0,0,0,CO2,7
qwen,h1_dinc,79,main_perp,CoCo,0,0.031399999999999983,0.031399999999999983,0.031399999999999983,1,1,1,CO1,7
qwen,h1_dinc,79,main_perp,CoCo,1,0.031700000000000006,0.031700000000000006,0.031700000000000006,0,0,0,CO1,7
qwen,h1_dinc,79,main_perp,CoCo,2,0.0,0.0,0.0,0,0,0,CO1,7
qwen,h1_dinc,79,main_perp,CoCo,3,0.031200000000000006,0.031199999999999894,0.031199999999999894,0,0,0,CO1,7
qwen,h1_dinc,79,main_perp,CoSh,0,0.0018000000000000238,0.0018000000000000238,0.0018000000000000238,0,0,0,CO2,8
qwen,h1_dinc,79,main_perp,CoSh,1,0.0010999999999999899,0.0010999999999999899,0.0010999999999999899,0,0,0,CO2,8
qwen,h1_dinc,79,main_perp,CoSh,2,0.029500000000000026,0.02949999999999997,0.02949999999999997,0,0,0,CO2,8
qwen,h1_dinc,79,main_perp,CoSh,3,0.02779999999999999,0.027799999999999936,0.027799999999999936,0,0,0,CO2,8
qwen,h1_dinc,79,main_perp,HaAs,0,0.0013000000000000789,0.0013000000000000789,0.0013000000000000789,0,0,0,OD2,7
qwen,h1_dinc,79,main_perp,HaAs,1,0.031399999999999983,0.031399999999999983,0.031399999999999983,0,0,0,OD2,7
qwen,h1_dinc,79,main_perp,HaAs,2,0.027100000000000013,0.027099999999999902,0.027099999999999902,0,0,0,OD2,7
qwen,h1_dinc,79,main_perp,HaAs,3,0.0257,0.025700000000000056,0.025700000000000056,0,0,0,OD2,7
qwen,h1_dinc,79,main_perp,HaBa,0,0.025699999999999945,0.025699999999999945,0.025699999999999945,0,0,0,OD2,9
qwen,h1_dinc,79,main_perp,HaBa,1,0.031000000000000028,0.031000000000000028,0.031000000000000028,0,0,0,OD2,9
qwen,h1_dinc,79,main_perp,HaBa,2,0.030799999999999994,0.03079999999999994,0.03079999999999994,0,0,0,OD2,9
qwen,h1_dinc,79,main_perp,HaBa,3,0.028100000000000014,0.028100000000000014,0.028100000000000014,0,0,0,OD2,9
qwen,h1_dinc,79,main_perp,HaCm,0,0.031000000000000028,0.031000000000000028,0.031000000000000028,0,0,0,DD,1
qwen,h1_dinc,79,main_perp,HaCm,1,0.032399999999999984,0.032399999999999984,0.032399999999999984,0,0,0,DD,1
qwen,h1_dinc,79,main_perp,HaCm,2,0.031100000000000017,0.031100000000000017,0.031100000000000017,0,0,0,DD,1
qwen,h1_dinc,79,main_perp,HaCm,3,0.0,0.0,0.0,0,0,0,DD,1
qwen,h1_dinc,79,main_perp,HaDl,0,0.02739999999999998,0.02739999999999998,0.02739999999999998,0,0,0,DD,3
qwen,h1_dinc,79,main_perp,HaDl,1,0.0017999999999999128,0.0017999999999999128,0.0017999999999999128,0,0,0,DD,3
qwen,h1_dinc,79,main_perp,HaDl,2,0.031100000000000017,0.031100000000000017,0.031100000000000017,0,0,0,DD,3
qwen,h1_dinc,79,main_perp,HaDl,3,0.028100000000000014,0.028100000000000014,0.028100000000000014,0,0,0,DD,3
qwen,h1_dinc,79,main_perp,HaHa,0,0.0013000000000000789,0.0013000000000000789,0.0013000000000000789,0,0,0,DD,5
qwen,h1_dinc,79,main_perp,HaHa,1,0.031100000000000017,0.031100000000000017,0.031100000000000017,0,0,0,DD,5
qwen,h1_dinc,79,main_perp,HaHa,2,0.0012999999999999678,0.0012999999999998568,0.0012999999999998568,0,0,0,DD,5
qwen,h1_dinc,79,main_perp,HaHa,3,0.025099999999999956,0.0250999999999999,0.0250999999999999,0,0,0,DD,5
qwen,h1_dinc,79,main_perp,HaNc,0,0.0,0.0,0.0,0,0,0,DD,7
qwen,h1_dinc,79,main_perp,HaNc,1,0.029899999999999927,0.029899999999999927,0.029899999999999927,0,0,0,DD,7
qwen,h1_dinc,79,main_perp,HaNc,2,0.0,0.0,0.0,0,0,0,DD,7
qwen,h1_dinc,79,main_perp,HaNc,3,0.02939999999999998,0.02939999999999987,0.02939999999999987,0,0,0,DD,7
qwen,h1_dinc,79,main_perp,HaPc,0,0.02849999999999997,0.02849999999999997,0.02849999999999997,0,0,0,DD,9
qwen,h1_dinc,79,main_perp,HaPc,1,0.030999999999999917,0.030999999999999917,0.030999999999999917,0,0,0,DD,9
qwen,h1_dinc,79,main_perp,HaPc,2,0.02939999999999998,0.02939999999999987,0.02939999999999987,0,0,0,DD,9
qwen,h1_dinc,79,main_perp,HaPc,3,0.028100000000000014,0.028100000000000014,0.028100000000000014,0,0,0,DD,9
qwen,h1_dinc,79,main_perp,HrAs,0,0.03199999999999997,0.03199999999999997,0.03199999999999992,0,0,0,MP,8
qwen,h1_dinc,79,main_perp,HrAs,1,0.028300000000000047,0.028300000000000047,0.028300000000000103,0,0,0,MP,8
qwen,h1_dinc,79,main_perp,HrAs,2,0.0014000000000000679,0.0014000000000000679,0.0014000000000000679,0,0,0,MP,8
qwen,h1_dinc,79,main_perp,HrAs,3,0.03200000000000003,0.03200000000000003,0.03200000000000003,0,0,0,MP,8
qwen,h1_dinc,79,main_perp,HrBa,0,0.031100000000000017,0.031100000000000017,0.031100000000000017,0,0,0,CO1,2
qwen,h1_dinc,79,main_perp,HrBa,1,0.030200000000000005,0.030200000000000005,0.030200000000000005,0,0,0,CO1,2
qwen,h1_dinc,79,main_perp,HrBa,2,0.0010999999999999899,0.0010999999999999899,0.0010999999999999899,0,0,0,CO1,2
qwen,h1_dinc,79,main_perp,HrBa,3,0.032200000000000006,0.032200000000000006,0.032200000000000006,0,0,0,CO1,2
qwen,h1_dinc,79,main_perp,HrCh,0,0.029100000000000015,0.029100000000000015,0.029099999999999904,0,0,0,CO1,4
qwen,h1_dinc,79,main_perp,HrCh,1,0.027599999999999958,0.027599999999999958,0.02760000000000007,0,0,0,CO1,4
qwen,h1_dinc,79,main_perp,HrCh,2,0.028299999999999992,0.028299999999999992,0.028299999999999992,0,0,0,CO1,4
qwen,h1_dinc,79,main_perp,HrCh,3,0.032200000000000006,0.032200000000000006,0.032200000000000006,0,0,0,CO1,4
qwen,h1_dinc,79,main_perp,HrHr,0,0.0017999999999999683,0.0017999999999999683,0.0018000000000000238,0,0,0,CO2,2
qwen,h1_dinc,79,main_perp,HrHr,1,0.028600000000000014,0.028600000000000014,0.02860000000000007,0,0,0,CO2,2
qwen,h1_dinc,79,main_perp,HrHr,2,0.02850000000000008,0.02850000000000008,0.02850000000000008,0,0,0,CO2,2
qwen,h1_dinc,79,main_perp,HrHr,3,0.031299999999999994,0.031299999999999994,0.031299999999999994,0,0,0,CO2,2
qwen,h1_dinc,79,main_perp,ShAs,0,0.031700000000000006,0.031700000000000006,0.031700000000000006,0,0,0,CO1,8
qwen,h1_dinc,79,main_perp,ShAs,1,0.03160000000000002,0.03160000000000002,0.03160000000000002,0,0,0,CO1,8
qwen,h1_dinc,79,main_perp,ShAs,2,0.030200000000000005,0.030200000000000005,0.030200000000000005,0,0,0,CO1,8
qwen,h1_dinc,79,main_perp,ShAs,3,0.0,0.0,0.0,0,0,0,CO1,8
qwen,h1_dinc,79,main_perp,ShCo,0,0.030799999999999994,0.030799999999999994,0.030799999999999994,0,0,0,CO2,9
qwen,h1_dinc,79,main_perp,ShCo,1,0.029299999999999993,0.029299999999999993,0.029299999999999993,0,0,0,CO2,9
qwen,h1_dinc,79,main_perp,ShCo,2,0.031100000000000017,0.031100000000000017,0.031100000000000017,0,0,0,CO2,9
qwen,h1_dinc,79,main_perp,ShCo,3,0.029600000000000015,0.02959999999999996,0.02959999999999996,0,0,0,CO2,9
qwen,h1_dinc,79,main_perp,ShSh,0,0.03240000000000004,0.03240000000000004,0.03240000000000004,0,0,0,CO1,9
qwen,h1_dinc,79,main_perp,ShSh,1,0.0016999999999999793,0.0016999999999999793,0.0016999999999999793,0,0,0,CO1,9
qwen,h1_dinc,79,main_perp,ShSh,2,0.0,0.0,0.0,0,0,0,CO1,9
qwen,h1_dinc,79,main_perp,ShSh,3,0.031399999999999983,0.03139999999999987,0.03139999999999987,0,0,0,CO1,9
qwen,h1_dinc,79,random,AsAs,0,0.031700000000000006,0.031700000000000006,0.031700000000000006,0,0,0,CO1,1
qwen,h1_dinc,79,random,AsAs,1,0.031000000000000028,0.031000000000000028,0.031000000000000028,0,0,0,CO1,1
qwen,h1_dinc,79,random,AsAs,2,0.032299999999999995,0.032299999999999995,0.032299999999999995,0,0,0,CO1,1
qwen,h1_dinc,79,random,AsAs,3,0.032200000000000006,0.032200000000000006,0.032200000000000006,0,0,0,CO1,1
qwen,h1_dinc,79,random,AsBa,0,0.062100000000000044,0.062100000000000044,0.062100000000000044,1,1,1,MP,2
qwen,h1_dinc,79,random,AsBa,1,0.0018999999999999573,0.0018999999999999573,0.0019000000000000128,0,0,0,MP,2
qwen,h1_dinc,79,random,AsBa,2,0.031399999999999983,0.031399999999999983,0.031399999999999983,0,0,0,MP,2
qwen,h1_dinc,79,random,AsBa,3,0.0605,0.0605,0.0605,0,0,0,MP,2
qwen,h1_dinc,79,random,AsCh,0,0.030399999999999983,0.030399999999999983,0.030399999999999983,1,1,1,MP,4
qwen,h1_dinc,79,random,AsCh,1,0.030200000000000005,0.030200000000000005,0.030200000000000005,0,0,0,MP,4
qwen,h1_dinc,79,random,AsCh,2,0.0007999999999999674,0.0008000000000000229,0.0008000000000000229,0,0,0,MP,4
qwen,h1_dinc,79,random,AsCh,3,0.031799999999999995,0.03179999999999994,0.03179999999999994,0,0,0,MP,4
qwen,h1_dinc,79,random,AsCm,0,0.031100000000000017,0.031100000000000017,0.031100000000000017,0,0,0,OD1,2
qwen,h1_dinc,79,random,AsCm,1,0.030799999999999994,0.030799999999999994,0.03079999999999994,0,0,0,OD1,2
qwen,h1_dinc,79,random,AsCm,2,0.031399999999999983,0.031399999999999983,0.031399999999999983,1,1,1,OD1,2
qwen,h1_dinc,79,random,AsCm,3,0.031200000000000006,0.031200000000000006,0.031200000000000006,0,0,0,OD1,2
qwen,h1_dinc,79,random,AsCo,0,0.06219999999999998,0.06219999999999998,0.06219999999999998,0,0,0,CO2,1
qwen,h1_dinc,79,random,AsCo,1,0.031000000000000028,0.031000000000000028,0.031000000000000028,0,0,0,CO2,1
qwen,h1_dinc,79,random,AsCo,2,0.0005999999999999894,0.0006000000000000449,0.0006000000000000449,0,0,0,CO2,1
qwen,h1_dinc,79,random,AsCo,3,0.03190000000000004,0.03190000000000004,0.03190000000000004,0,0,0,CO2,1
qwen,h1_dinc,79,random,AsDl,0,0.03209999999999996,0.03209999999999996,0.03210000000000002,0,0,0,OD1,4
qwen,h1_dinc,79,random,AsDl,1,0.031100000000000017,0.031100000000000017,0.031100000000000017,0,0,0,OD1,4
qwen,h1_dinc,79,random,AsDl,2,0.032299999999999995,0.032299999999999995,0.032299999999999995,1,1,1,OD1,4
qwen,h1_dinc,79,random,AsDl,3,0.031399999999999983,0.031399999999999983,0.031399999999999983,0,0,0,OD1,4
qwen,h1_dinc,79,random,AsHa,0,0.03199999999999997,0.03199999999999997,0.03199999999999997,0,0,0,OD2,1
qwen,h1_dinc,79,random,AsHa,1,0.031799999999999995,0.031799999999999995,0.031799999999999995,0,0,0,OD2,1
qwen,h1_dinc,79,random,AsHa,2,0.030200000000000005,0.030200000000000005,0.030200000000000005,0,0,0,OD2,1
qwen,h1_dinc,79,random,AsHa,3,0.029700000000000004,0.02969999999999995,0.02969999999999995,0,0,0,OD2,1
qwen,h1_dinc,79,random,AsHr,0,0.032299999999999995,0.032299999999999995,0.032299999999999995,0,0,0,MP,6
qwen,h1_dinc,79,random,AsHr,1,0.03210000000000002,0.03210000000000002,0.03210000000000002,0,0,0,MP,6
qwen,h1_dinc,79,random,AsHr,2,0.03200000000000003,0.03200000000000003,0.03200000000000003,1,1,1,MP,6
qwen,h1_dinc,79,random,AsHr,3,0.031000000000000028,0.030999999999999917,0.030999999999999917,0,0,0,MP,6
qwen,h1_dinc,79,random,AsNc,0,0.032200000000000006,0.032200000000000006,0.032200000000000006,0,0,0,OD2,3
qwen,h1_dinc,79,random,AsNc,1,0.03090000000000004,0.03090000000000004,0.03090000000000004,0,0,0,OD2,3
qwen,h1_dinc,79,random,AsNc,2,0.032200000000000006,0.032200000000000006,0.032200000000000006,0,0,0,OD2,3
qwen,h1_dinc,79,random,AsNc,3,0.031299999999999994,0.031299999999999994,0.031299999999999994,0,0,0,OD2,3
qwen,h1_dinc,79,random,AsPc,0,0.03200000000000003,0.03200000000000003,0.03200000000000003,0,0,0,OD2,5
qwen,h1_dinc,79,random,AsPc,1,0.03090000000000004,0.03090000000000004,0.03090000000000004,0,0,0,OD2,5
qwen,h1_dinc,79,random,AsPc,2,0.030200000000000005,0.030200000000000005,0.030200000000000005,0,0,0,OD2,5
qwen,h1_dinc,79,random,AsPc,3,0.02969999999999995,0.02969999999999995,0.02969999999999995,0,0,0,OD2,5
qwen,h1_dinc,79,random,AsPd,0,0.032200000000000006,0.032200000000000006,0.032200000000000006,0,0,0,OD1,6
qwen,h1_dinc,79,random,AsPd,1,0.0007999999999999674,0.0007999999999999674,0.0008000000000000229,0,0,0,OD1,6
qwen,h1_dinc,79,random,AsPd,2,0.031200000000000006,0.031200000000000006,0.031200000000000006,0,0,0,OD1,6
qwen,h1_dinc,79,random,AsPd,3,0.030999999999999972,0.031000000000000028,0.031000000000000028,0,0,0,OD1,6
qwen,h1_dinc,79,random,AsSh,0,0.031700000000000006,0.031700000000000006,0.031700000000000006,0,0,0,CO1,3
qwen,h1_dinc,79,random,AsSh,1,0.031100000000000017,0.031100000000000017,0.031100000000000017,0,0,0,CO1,3
qwen,h1_dinc,79,random,AsSh,2,0.030999999999999972,0.031000000000000028,0.031000000000000028,0,0,0,CO1,3
qwen,h1_dinc,79,random,AsSh,3,0.031700000000000006,0.03170000000000006,0.03170000000000006,0,0,0,CO1,3
qwen,h1_dinc,79,random,BaAs,0,0.06090000000000001,0.06090000000000001,0.06090000000000001,0,0,0,MP,1
qwen,h1_dinc,79,random,BaAs,1,0.031000000000000028,0.031000000000000028,0.031000000000000028,0,0,0,MP,1
qwen,h1_dinc,79,random,BaAs,2,0.06289999999999996,0.06289999999999996,0.06289999999999996,1,1,1,MP,1
qwen,h1_dinc,79,random,BaAs,3,0.032200000000000006,0.032200000000000006,0.032200000000000006,0,0,0,MP,1
qwen,h1_dinc,79,random,BaBa,0,0.031700000000000006,0.031700000000000006,0.031700000000000006,0,0,0,CO2,3
qwen,h1_dinc,79,random,BaBa,1,0.030999999999999972,0.030999999999999972,0.030999999999999972,0,0,0,CO2,3
qwen,h1_dinc,79,random,BaBa,2,0.029899999999999927,0.029899999999999927,0.029899999999999927,0,0,0,CO2,3
qwen,h1_dinc,79,random,BaBa,3,0.031399999999999983,0.031399999999999983,0.031399999999999983,0,0,0,CO2,3
qwen,h1_dinc,79,random,BaCh,0,0.031200000000000006,0.031200000000000006,0.031200000000000006,0,0,0,CO2,4
qwen,h1_dinc,79,random,BaCh,1,0.030799999999999994,0.030799999999999994,0.030799999999999994,0,0,0,CO2,4
qwen,h1_dinc,79,random,BaCh,2,0.0008000000000000229,0.0008000000000000229,0.0008000000000000229,0,0,0,CO2,4
qwen,h1_dinc,79,random,BaCh,3,0.03199999999999997,0.03200000000000003,0.03200000000000003,0,0,0,CO2,4
qwen,h1_dinc,79,random,BaCm,0,0.030899999999999983,0.030899999999999983,0.030899999999999983,0,0,0,OD1,1
qwen,h1_dinc,79,random,BaCm,1,0.029899999999999982,0.029899999999999982,0.029899999999999982,0,0,0,OD1,1
qwen,h1_dinc,79,random,BaCm,2,0.02969999999999995,0.02969999999999995,0.02969999999999995,0,0,0,OD1,1
qwen,h1_dinc,79,random,BaCm,3,0.03059999999999996,0.03059999999999996,0.03059999999999996,1,1,1,OD1,1
qwen,h1_dinc,79,random,BaCo,0,0.0008999999999999564,0.0008999999999999564,0.0008999999999999564,0,0,0,MP,3
qwen,h1_dinc,79,random,BaCo,1,0.030399999999999983,0.030399999999999983,0.030399999999999983,0,0,0,MP,3
qwen,h1_dinc,79,random,BaCo,2,0.031100000000000017,0.031100000000000017,0.031100000000000017,0,0,0,MP,3
qwen,h1_dinc,79,random,BaCo,3,0.0019000000000000128,0.0019000000000000128,0.0019000000000000128,0,0,0,MP,3
qwen,h1_dinc,79,random,BaDl,0,0.031200000000000006,0.031200000000000006,0.031200000000000006,0,0,0,OD1,3
qwen,h1_dinc,79,random,BaDl,1,0.031299999999999994,0.031299999999999994,0.031299999999999994,0,0,0,OD1,3
qwen,h1_dinc,79,random,BaDl,2,0.031399999999999983,0.031399999999999983,0.031399999999999983,1,1,1,OD1,3
qwen,h1_dinc,79,random,BaDl,3,0.0007000000000000339,0.0006999999999999229,0.0006999999999999229,0,0,0,OD1,3
qwen,h1_dinc,79,random,BaHa,0,0.03200000000000003,0.03200000000000003,0.03200000000000003,0,0,0,OD2,2
qwen,h1_dinc,79,random,BaHa,1,0.03059999999999996,0.03059999999999996,0.03059999999999996,0,0,0,OD2,2
qwen,h1_dinc,79,random,BaHa,2,0.031399999999999983,0.031399999999999983,0.031399999999999983,0,0,0,OD2,2
qwen,h1_dinc,79,random,BaHa,3,0.032299999999999995,0.032299999999999995,0.032299999999999995,0,0,0,OD2,2
qwen,h1_dinc,79,random,BaHr,0,0.030899999999999983,0.030899999999999983,0.030899999999999983,0,0,0,CO1,5
qwen,h1_dinc,79,random,BaHr,1,0.03140000000000004,0.03140000000000004,0.03140000000000004,0,0,0,CO1,5
qwen,h1_dinc,79,random,BaHr,2,0.029899999999999927,0.029899999999999927,0.029899999999999927,0,0,0,CO1,5
qwen,h1_dinc,79,random,BaHr,3,0.03169999999999995,0.03169999999999995,0.03169999999999995,1,1,1,CO1,5
qwen,h1_dinc,79,random,BaNc,0,0.03270000000000001,0.03270000000000001,0.03270000000000006,0,0,0,OD2,4
qwen,h1_dinc,79,random,BaNc,1,0.03270000000000001,0.03270000000000001,0.03270000000000006,0,0,0,OD2,4
qwen,h1_dinc,79,random,BaNc,2,0.03249999999999997,0.03249999999999997,0.03249999999999997,0,0,0,OD2,4
qwen,h1_dinc,79,random,BaNc,3,0.032299999999999995,0.032299999999999995,0.032299999999999995,0,0,0,OD2,4
qwen,h1_dinc,79,random,BaPc,0,0.031700000000000006,0.031700000000000006,0.03170000000000006,0,0,0,OD2,6
qwen,h1_dinc,79,random,BaPc,1,0.031100000000000017,0.031100000000000017,0.031100000000000017,0,0,0,OD2,6
qwen,h1_dinc,79,random,BaPc,2,0.031399999999999983,0.031399999999999983,0.031399999999999983,0,0,0,OD2,6
qwen,h1_dinc,79,random,BaPc,3,0.0,0.0,0.0,0,0,0,OD2,6
qwen,h1_dinc,79,random,BaPd,0,0.00040000000000001146,0.00040000000000001146,0.00040000000000001146,0,0,0,OD1,5
qwen,h1_dinc,79,random,BaPd,1,0.029899999999999982,0.029899999999999982,0.029899999999999982,0,0,0,OD1,5
qwen,h1_dinc,79,random,BaPd,2,0.030000000000000027,0.030000000000000027,0.030000000000000027,0,0,0,OD1,5
qwen,h1_dinc,79,random,BaPd,3,0.031700000000000006,0.03170000000000006,0.03170000000000006,0,0,0,OD1,5
qwen,h1_dinc,79,random,BaSh,0,0.031100000000000017,0.031100000000000017,0.031100000000000017,0,0,0,MP,5
qwen,h1_dinc,79,random,BaSh,1,0.029899999999999982,0.029899999999999982,0.029899999999999982,0,0,0,MP,5
qwen,h1_dinc,79,random,BaSh,2,0.030999999999999972,0.031000000000000028,0.031000000000000028,0,0,0,MP,5
qwen,h1_dinc,79,random,BaSh,3,0.030200000000000005,0.030200000000000005,0.030200000000000005,0,0,0,MP,5
qwen,h1_dinc,79,random,ChAs,0,0.03140000000000004,0.03140000000000004,0.03140000000000004,0,0,0,MP,7
qwen,h1_dinc,79,random,ChAs,1,0.029899999999999982,0.029899999999999982,0.029899999999999982,0,0,0,MP,7
qwen,h1_dinc,79,random,ChAs,2,0.03070000000000006,0.03070000000000006,0.03070000000000006,0,0,0,MP,7
qwen,h1_dinc,79,random,ChAs,3,0.031799999999999995,0.03180000000000005,0.03180000000000005,0,0,0,MP,7
qwen,h1_dinc,79,random,ChBa,0,0.03049999999999997,0.03049999999999997,0.03049999999999997,0,0,0,CO2,5
qwen,h1_dinc,79,random,ChBa,1,0.029799999999999993,0.029799999999999993,0.029799999999999993,0,0,0,CO2,5
qwen,h1_dinc,79,random,ChBa,2,0.029999999999999916,0.029999999999999916,0.029999999999999916,0,0,0,CO2,5
qwen,h1_dinc,79,random,ChBa,3,0.03059999999999996,0.03059999999999996,0.03059999999999996,1,1,1,CO2,5
qwen,h1_dinc,79,random,ChCh,0,0.030600000000000016,0.030600000000000016,0.030600000000000016,0,0,0,CO2,6
qwen,h1_dinc,79,random,ChCh,1,0.030100000000000016,0.030100000000000016,0.030100000000000016,0,0,0,CO2,6
qwen,h1_dinc,79,random,ChCh,2,0.031200000000000006,0.031200000000000006,0.031200000000000006,1,1,1,CO2,6
qwen,h1_dinc,79,random,ChCh,3,0.0018000000000000238,0.0018000000000000238,0.0018000000000000238,0,0,0,CO2,6
qwen,h1_dinc,79,random,ChCm,0,0.030200000000000005,0.030200000000000005,0.030200000000000005,0,0,0,OD1,7
qwen,h1_dinc,79,random,ChCm,1,0.028500000000000025,0.028500000000000025,0.028500000000000025,0,0,0,OD1,7
qwen,h1_dinc,79,random,ChCm,2,0.029999999999999916,0.029999999999999916,0.029999999999999916,0,0,0,OD1,7
qwen,h1_dinc,79,random,ChCm,3,0.030899999999999983,0.030899999999999928,0.030899999999999928,0,0,0,OD1,7
qwen,h1_dinc,79,random,ChCo,0,0.031399999999999983,0.031399999999999983,0.031399999999999983,0,0,0,MP,9
qwen,h1_dinc,79,random,ChCo,1,0.030200000000000005,0.030200000000000005,0.030200000000000005,0,0,0,MP,9
qwen,h1_dinc,79,random,ChCo,2,0.0013999999999999568,0.0013999999999999568,0.0013999999999999568,0,0,0,MP,9
qwen,h1_dinc,79,random,ChCo,3,0.032299999999999995,0.032299999999999995,0.032299999999999995,1,1,1,MP,9
qwen,h1_dinc,79,random,ChDl,0,0.030600000000000016,0.030600000000000016,0.030600000000000016,0,0,0,OD1,9
qwen,h1_dinc,79,random,ChDl,1,0.029799999999999993,0.029799999999999993,0.029799999999999993,0,0,0,OD1,9
qwen,h1_dinc,79,random,ChDl,2,0.03149999999999997,0.03149999999999997,0.03149999999999997,0,0,0,OD1,9
qwen,h1_dinc,79,random,ChDl,3,0.030600000000000016,0.03060000000000007,0.03060000000000007,0,0,0,OD1,9
qwen,h1_dinc,79,random,ChHa,0,0.031200000000000006,0.031200000000000006,0.031200000000000006,0,0,0,OD2,8
qwen,h1_dinc,79,random,ChHa,1,0.03160000000000002,0.03160000000000002,0.03159999999999996,0,0,0,OD2,8
qwen,h1_dinc,79,random,ChHa,2,0.02939999999999998,0.02939999999999998,0.02939999999999998,0,0,0,OD2,8
qwen,h1_dinc,79,random,ChHa,3,0.032299999999999995,0.032299999999999995,0.032299999999999995,1,1,1,OD2,8
qwen,h1_dinc,79,random,ChHr,0,0.03249999999999997,0.03249999999999997,0.03249999999999997,0,0,0,CO1,6
qwen,h1_dinc,79,random,ChHr,1,0.03019999999999995,0.03019999999999995,0.03019999999999995,0,0,0,CO1,6
qwen,h1_dinc,79,random,ChHr,2,0.029899999999999927,0.029899999999999927,0.029899999999999927,0,0,0,CO1,6
qwen,h1_dinc,79,random,ChHr,3,0.0019000000000000128,0.0019000000000000128,0.0019000000000000128,0,0,0,CO1,6
qwen,h1_dinc,79,random,CmAs,0,0.02959999999999996,0.02959999999999996,0.02959999999999985,0,0,0,OD1,8
qwen,h1_dinc,79,random,CmAs,1,0.0014000000000000123,0.0014000000000000123,0.0013999999999999568,0,0,0,OD1,8
qwen,h1_dinc,79,random,CmAs,2,0.025000000000000022,0.025000000000000022,0.025000000000000022,0,0,0,OD1,8
qwen,h1_dinc,79,random,CmAs,3,0.032299999999999995,0.032299999999999995,0.032299999999999995,0,0,0,OD1,8
qwen,h1_dinc,79,random,CmCm,0,0.02729999999999999,0.02729999999999999,0.027300000000000102,0,0,0,DD,2
qwen,h1_dinc,79,random,CmCm,1,0.05049999999999999,0.05049999999999999,0.05049999999999999,0,0,0,DD,2
qwen,h1_dinc,79,random,CmCm,2,0.02429999999999999,0.02429999999999999,0.02429999999999999,0,0,0,DD,2
qwen,h1_dinc,79,random,CmCm,3,0.031399999999999983,0.031399999999999983,0.031399999999999983,0,0,0,DD,2
qwen,h1_dinc,79,random,CmDl,0,0.027000000000000024,0.027000000000000024,0.027000000000000135,0,0,0,DD,4
qwen,h1_dinc,79,random,CmDl,1,0.02529999999999999,0.02529999999999999,0.02529999999999999,0,0,0,DD,4
qwen,h1_dinc,79,random,CmDl,2,0.026900000000000035,0.026900000000000035,0.026900000000000035,0,0,0,DD,4
qwen,h1_dinc,79,random,CmDl,3,0.030399999999999983,0.030399999999999983,0.030399999999999983,0,0,0,DD,4
qwen,h1_dinc,79,random,CmHa,0,0.028000000000000025,0.028000000000000025,0.028000000000000025,0,0,0,DD,6
qwen,h1_dinc,79,random,CmHa,1,9.999999999998899e-05,9.999999999998899e-05,9.999999999998899e-05,0,0,0,DD,6
qwen,h1_dinc,79,random,CmHa,2,0.024699999999999944,0.024699999999999944,0.024699999999999944,0,0,0,DD,6
qwen,h1_dinc,79,random,CmHa,3,0.03080000000000005,0.03080000000000005,0.03080000000000005,0,0,0,DD,6
qwen,h1_dinc,79,random,CmNc,0,0.03019999999999995,0.03019999999999995,0.030200000000000005,0,0,0,DD,8
qwen,h1_dinc,79,random,CmNc,1,0.027000000000000024,0.027000000000000024,0.027000000000000135,0,0,0,DD,8
qwen,h1_dinc,79,random,CmNc,2,0.02290000000000003,0.02290000000000003,0.02290000000000003,0,0,0,DD,8
qwen,h1_dinc,79,random,CmNc,3,0.030200000000000005,0.030200000000000005,0.030200000000000005,0,0,0,DD,8
qwen,h1_dinc,79,random,CoAs,0,0.03210000000000002,0.03210000000000002,0.03210000000000002,0,0,0,CO2,7
qwen,h1_dinc,79,random,CoAs,1,0.03199999999999997,0.03199999999999997,0.03199999999999997,0,0,0,CO2,7
qwen,h1_dinc,79,random,CoAs,2,0.026599999999999957,0.026599999999999957,0.026599999999999957,0,0,0,CO2,7
qwen,h1_dinc,79,random,CoAs,3,0.02980000000000005,0.02980000000000005,0.02980000000000005,0,0,0,CO2,7
qwen,h1_dinc,79,random,CoCo,0,0.03249999999999997,0.03249999999999997,0.03249999999999997,1,1,1,CO1,7
qwen,h1_dinc,79,random,CoCo,1,0.031700000000000006,0.031700000000000006,0.031700000000000006,0,0,0,CO1,7
qwen,h1_dinc,79,random,CoCo,2,0.029799999999999993,0.029799999999999938,0.029799999999999938,0,0,0,CO1,7
qwen,h1_dinc,79,random,CoCo,3,0.030899999999999983,0.030899999999999928,0.030899999999999928,0,0,0,CO1,7
qwen,h1_dinc,79,random,CoSh,0,0.03159999999999996,0.03159999999999996,0.03159999999999996,0,0,0,CO2,8
qwen,h1_dinc,79,random,CoSh,1,0.0010999999999999899,0.0010999999999999899,0.0010999999999999899,0,0,0,CO2,8
qwen,h1_dinc,79,random,CoSh,2,0.029500000000000026,0.02949999999999997,0.02949999999999997,0,0,0,CO2,8
qwen,h1_dinc,79,random,CoSh,3,0.029200000000000004,0.029199999999999893,0.029199999999999893,0,0,0,CO2,8
qwen,h1_dinc,79,random,HaAs,0,0.02960000000000007,0.02960000000000007,0.02960000000000007,0,0,0,OD2,7
qwen,h1_dinc,79,random,HaAs,1,0.03249999999999997,0.03249999999999997,0.03249999999999997,0,0,0,OD2,7
qwen,h1_dinc,79,random,HaAs,2,0.027100000000000013,0.027099999999999902,0.027099999999999902,0,0,0,OD2,7
qwen,h1_dinc,79,random,HaAs,3,0.0257,0.025700000000000056,0.025700000000000056,0,0,0,OD2,7
qwen,h1_dinc,79,random,HaBa,0,0.025699999999999945,0.025699999999999945,0.025699999999999945,0,0,0,OD2,9
qwen,h1_dinc,79,random,HaBa,1,0.031000000000000028,0.031000000000000028,0.031000000000000028,0,0,0,OD2,9
qwen,h1_dinc,79,random,HaBa,2,0.030799999999999994,0.03079999999999994,0.03079999999999994,0,0,0,OD2,9
qwen,h1_dinc,79,random,HaBa,3,0.028400000000000036,0.028400000000000092,0.028400000000000092,0,0,0,OD2,9
qwen,h1_dinc,79,random,HaCm,0,0.0015000000000000568,0.0015000000000000568,0.0015000000000000568,0,0,0,DD,1
qwen,h1_dinc,79,random,HaCm,1,0.03200000000000003,0.03200000000000003,0.03200000000000003,0,0,0,DD,1
qwen,h1_dinc,79,random,HaCm,2,0.031100000000000017,0.031100000000000017,0.031100000000000017,0,0,0,DD,1
qwen,h1_dinc,79,random,HaCm,3,0.0011999999999999789,0.0011999999999999789,0.0011999999999999789,0,0,0,DD,1
qwen,h1_dinc,79,random,HaDl,0,0.02750000000000008,0.02750000000000008,0.02750000000000008,0,0,0,DD,3
qwen,h1_dinc,79,random,HaDl,1,0.032399999999999984,0.032399999999999984,0.032399999999999984,0,0,0,DD,3
qwen,h1_dinc,79,random,HaDl,2,0.031100000000000017,0.031100000000000017,0.031100000000000017,0,0,0,DD,3
qwen,h1_dinc,79,random,HaDl,3,0.028100000000000014,0.028100000000000014,0.028100000000000014,0,0,0,DD,3
qwen,h1_dinc,79,random,HaHa,0,0.028000000000000025,0.028000000000000025,0.028000000000000025,0,0,0,DD,5
qwen,h1_dinc,79,random,HaHa,1,0.029299999999999993,0.029299999999999993,0.029299999999999993,0,0,0,DD,5
qwen,h1_dinc,79,random,HaHa,2,0.0012999999999999678,0.0012999999999998568,0.0012999999999998568,0,0,0,DD,5
qwen,h1_dinc,79,random,HaHa,3,0.05179999999999996,0.051799999999999846,0.051799999999999846,0,0,0,DD,5
qwen,h1_dinc,79,random,HaNc,0,0.0011999999999999789,0.0011999999999999789,0.0011999999999999789,0,0,0,DD,7
qwen,h1_dinc,79,random,HaNc,1,0.029899999999999927,0.029899999999999927,0.029899999999999927,0,0,0,DD,7
qwen,h1_dinc,79,random,HaNc,2,0.0013000000000000234,0.0012999999999999678,0.0012999999999999678,0,0,0,DD,7
qwen,h1_dinc,79,random,HaNc,3,0.02799999999999997,0.027999999999999914,0.027999999999999914,0,0,0,DD,7
qwen,h1_dinc,79,random,HaPc,0,0.02839999999999998,0.02839999999999998,0.02839999999999998,0,0,0,DD,9
qwen,h1_dinc,79,random,HaPc,1,0.03049999999999997,0.03049999999999997,0.03049999999999997,0,0,0,DD,9
qwen,h1_dinc,79,random,HaPc,2,0.02939999999999998,0.02939999999999987,0.02939999999999987,0,0,0,DD,9
qwen,h1_dinc,79,random,HaPc,3,0.02939999999999998,0.02939999999999987,0.02939999999999987,0,0,0,DD,9
qwen,h1_dinc,79,random,HrAs,0,0.062,0.062,0.062000000000000055,0,0,0,MP,8
qwen,h1_dinc,79,random,HrAs,1,0.029700000000000004,0.029700000000000004,0.02969999999999995,0,0,0,MP,8
qwen,h1_dinc,79,random,HrAs,2,0.0014000000000000679,0.0014000000000000679,0.0014000000000000679,0,0,0,MP,8
qwen,h1_dinc,79,random,HrAs,3,0.03200000000000003,0.03200000000000003,0.03200000000000003,0,0,0,MP,8
qwen,h1_dinc,79,random,HrBa,0,0.031100000000000017,0.031100000000000017,0.031100000000000017,0,0,0,CO1,2
qwen,h1_dinc,79,random,HrBa,1,0.030200000000000005,0.030200000000000005,0.030200000000000005,0,0,0,CO1,2
qwen,h1_dinc,79,random,HrBa,2,0.024900000000000033,0.024900000000000033,0.024900000000000033,0,0,0,CO1,2
qwen,h1_dinc,79,random,HrBa,3,0.031100000000000017,0.031100000000000017,0.031100000000000017,0,0,0,CO1,2
qwen,h1_dinc,79,random,HrCh,0,0.030100000000000016,0.030100000000000016,0.030100000000000016,0,0,0,CO1,4
qwen,h1_dinc,79,random,HrCh,1,0.030299999999999994,0.030299999999999994,0.030299999999999994,0,0,0,CO1,4
qwen,h1_dinc,79,random,HrCh,2,0.028299999999999992,0.028299999999999992,0.028299999999999992,0,0,0,CO1,4
qwen,h1_dinc,79,random,HrCh,3,0.03159999999999996,0.03159999999999996,0.03159999999999996,0,0,0,CO1,4
qwen,h1_dinc,79,random,HrHr,0,0.0005999999999999894,0.0005999999999999894,0.0005999999999999339,0,0,0,CO2,2
qwen,h1_dinc,79,random,HrHr,1,0.02739999999999998,0.02739999999999998,0.02739999999999998,0,0,0,CO2,2
qwen,h1_dinc,79,random,HrHr,2,0.02850000000000008,0.02850000000000008,0.02850000000000008,0,0,0,CO2,2
qwen,h1_dinc,79,random,HrHr,3,0.03070000000000006,0.03070000000000006,0.03070000000000006,0,0,0,CO2,2
qwen,h1_dinc,79,random,ShAs,0,0.030600000000000016,0.030600000000000016,0.030600000000000016,0,0,0,CO1,8
qwen,h1_dinc,79,random,ShAs,1,0.031100000000000017,0.031100000000000017,0.031100000000000017,0,0,0,CO1,8
qwen,h1_dinc,79,random,ShAs,2,0.030200000000000005,0.030200000000000005,0.030200000000000005,0,0,0,CO1,8
qwen,h1_dinc,79,random,ShAs,3,0.031700000000000006,0.03169999999999995,0.03169999999999995,0,0,0,CO1,8
qwen,h1_dinc,79,random,ShCo,0,0.029899999999999982,0.029899999999999982,0.029899999999999982,0,0,0,CO2,9
qwen,h1_dinc,79,random,ShCo,1,0.029799999999999993,0.029799999999999993,0.029799999999999993,0,0,0,CO2,9
qwen,h1_dinc,79,random,ShCo,2,0.031100000000000017,0.031100000000000017,0.031100000000000017,0,0,0,CO2,9
qwen,h1_dinc,79,random,ShCo,3,0.028500000000000025,0.02850000000000008,0.02850000000000008,0,0,0,CO2,9
qwen,h1_dinc,79,random,ShSh,0,0.03140000000000004,0.03140000000000004,0.03140000000000004,0,0,0,CO1,9
qwen,h1_dinc,79,random,ShSh,1,0.031000000000000028,0.031000000000000028,0.031000000000000028,0,0,0,CO1,9
qwen,h1_dinc,79,random,ShSh,2,0.0010999999999999899,0.001100000000000101,0.001100000000000101,0,0,0,CO1,9
qwen,h1_dinc,79,random,ShSh,3,0.031299999999999994,0.031299999999999994,0.031299999999999994,0,0,0,CO1,9
qwen,h2_choice,65,main,AsAs,0,0.2102,0.2102,0.2102,1,1,1,CO1,1
qwen,h2_choice,65,main,AsAs,1,0.2313,0.2313,0.2313,0,0,0,CO1,1
qwen,h2_choice,65,main,AsAs,2,0.21250000000000002,0.21250000000000002,0.21250000000000002,1,1,1,CO1,1
qwen,h2_choice,65,main,AsAs,3,0.20929999999999999,0.20930000000000004,0.20930000000000004,1,1,1,CO1,1
qwen,h2_choice,65,main,AsBa,0,0.18410000000000004,0.18410000000000004,0.18410000000000004,1,1,1,MP,2
qwen,h2_choice,65,main,AsBa,1,0.15050000000000002,0.15050000000000002,0.15050000000000008,0,0,0,MP,2
qwen,h2_choice,65,main,AsBa,2,0.21309999999999996,0.21309999999999996,0.21309999999999996,1,1,1,MP,2
qwen,h2_choice,65,main,AsBa,3,0.23099999999999998,0.23099999999999998,0.23099999999999998,0,0,0,MP,2
qwen,h2_choice,65,main,AsCh,0,0.1851,0.1851,0.18509999999999993,1,1,1,MP,4
qwen,h2_choice,65,main,AsCh,1,0.2061,0.2061,0.20609999999999995,0,0,0,MP,4
qwen,h2_choice,65,main,AsCh,2,0.183,0.18299999999999994,0.18299999999999994,1,1,1,MP,4
qwen,h2_choice,65,main,AsCh,3,0.17570000000000002,0.17570000000000008,0.17570000000000008,0,0,0,MP,4
qwen,h2_choice,65,main,AsCm,0,0.264,0.264,0.264,1,1,1,OD1,2
qwen,h2_choice,65,main,AsCm,1,0.3176,0.3176,0.3176,0,0,0,OD1,2
qwen,h2_choice,65,main,AsCm,2,0.18449999999999994,0.1844999999999999,0.1844999999999999,1,1,1,OD1,2
qwen,h2_choice,65,main,AsCm,3,0.1789,0.17890000000000006,0.17890000000000006,0,0,0,OD1,2
qwen,h2_choice,65,main,AsCo,0,0.183,0.183,0.183,1,1,1,CO2,1
qwen,h2_choice,65,main,AsCo,1,0.17340000000000005,0.17340000000000005,0.17340000000000005,0,0,0,CO2,1
qwen,h2_choice,65,main,AsCo,2,0.1789,0.17890000000000006,0.17890000000000006,0,0,0,CO2,1
qwen,h2_choice,65,main,AsCo,3,0.1507,0.15070000000000006,0.15070000000000006,0,0,0,CO2,1
qwen,h2_choice,65,main,AsDl,0,0.23570000000000002,0.23570000000000002,0.23570000000000002,1,1,1,OD1,4
qwen,h2_choice,65,main,AsDl,1,0.2546,0.2546,0.25459999999999994,0,0,0,OD1,4
qwen,h2_choice,65,main,AsDl,2,0.15510000000000002,0.15510000000000002,0.15510000000000002,1,1,1,OD1,4
qwen,h2_choice,65,main,AsDl,3,0.1789,0.17890000000000006,0.17890000000000006,0,0,0,OD1,4
qwen,h2_choice,65,main,AsHa,0,0.18170000000000003,0.18170000000000003,0.18170000000000003,1,1,1,OD2,1
qwen,h2_choice,65,main,AsHa,1,0.1518,0.1518,0.1518,0,0,0,OD2,1
qwen,h2_choice,65,main,AsHa,2,0.21039999999999998,0.21040000000000003,0.21040000000000003,1,1,1,OD2,1
qwen,h2_choice,65,main,AsHa,3,0.2984,0.2984,0.2984,0,0,0,OD2,1
qwen,h2_choice,65,main,AsHr,0,0.1856,0.1856,0.1856,0,0,0,MP,6
qwen,h2_choice,65,main,AsHr,1,0.2309,0.2309,0.2309,0,0,0,MP,6
qwen,h2_choice,65,main,AsHr,2,0.12390000000000001,0.12390000000000001,0.12390000000000001,1,1,1,MP,6
qwen,h2_choice,65,main,AsHr,3,0.2056,0.2056,0.2056,0,0,0,MP,6
qwen,h2_choice,65,main,AsNc,0,0.18169999999999997,0.18169999999999997,0.18169999999999997,1,1,1,OD2,3
qwen,h2_choice,65,main,AsNc,1,0.17360000000000003,0.17360000000000003,0.17360000000000003,0,0,0,OD2,3
qwen,h2_choice,65,main,AsNc,2,0.18159999999999998,0.18159999999999998,0.18159999999999998,1,1,1,OD2,3
qwen,h2_choice,65,main,AsNc,3,0.23110000000000003,0.23110000000000008,0.23110000000000008,0,0,0,OD2,3
qwen,h2_choice,65,main,AsPc,0,0.20960000000000006,0.20960000000000006,0.20960000000000006,1,1,1,OD2,5
qwen,h2_choice,65,main,AsPc,1,0.20540000000000003,0.20540000000000003,0.20540000000000003,0,0,0,OD2,5
qwen,h2_choice,65,main,AsPc,2,0.1789,0.17890000000000006,0.17890000000000006,0,0,0,OD2,5
qwen,h2_choice,65,main,AsPc,3,0.24760000000000001,0.24760000000000004,0.24760000000000004,0,0,0,OD2,5
qwen,h2_choice,65,main,AsPd,0,0.1543,0.1543,0.1543,1,1,1,OD1,6
qwen,h2_choice,65,main,AsPd,1,0.18159999999999998,0.18159999999999998,0.18159999999999998,1,1,1,OD1,6
qwen,h2_choice,65,main,AsPd,2,0.2112,0.21120000000000005,0.21120000000000005,1,1,1,OD1,6
qwen,h2_choice,65,main,AsPd,3,0.2056,0.2056,0.2056,0,0,0,OD1,6
qwen,h2_choice,65,main,AsSh,0,0.18470000000000003,0.18470000000000003,0.18470000000000003,1,1,1,CO1,3
qwen,h2_choice,65,main,AsSh,1,0.20590000000000003,0.20590000000000003,0.20590000000000003,0,0,0,CO1,3
qwen,h2_choice,65,main,AsSh,2,0.2056,0.2056,0.2056,0,0,0,CO1,3
qwen,h2_choice,65,main,AsSh,3,0.23060000000000003,0.23060000000000003,0.23060000000000003,0,0,0,CO1,3
qwen,h2_choice,65,main,BaAs,0,0.2001,0.2001,0.2001,0,0,0,MP,1
qwen,h2_choice,65,main,BaAs,1,0.19930000000000003,0.19930000000000003,0.19930000000000003,0,0,0,MP,1
qwen,h2_choice,65,main,BaAs,2,0.18270000000000003,0.18269999999999997,0.18269999999999997,1,1,1,MP,1
qwen,h2_choice,65,main,BaAs,3,0.18020000000000003,0.18020000000000003,0.18020000000000003,0,0,0,MP,1
qwen,h2_choice,65,main,BaBa,0,0.18209999999999998,0.18209999999999998,0.18209999999999998,1,1,1,CO2,3
qwen,h2_choice,65,main,BaBa,1,0.2001,0.2001,0.2001,0,0,0,CO2,3
qwen,h2_choice,65,main,BaBa,2,0.09140000000000004,0.09140000000000004,0.09140000000000004,0,0,0,CO2,3
qwen,h2_choice,65,main,BaBa,3,0.15309999999999996,0.1530999999999999,0.1530999999999999,1,1,1,CO2,3
qwen,h2_choice,65,main,BaCh,0,0.15239999999999998,0.15239999999999998,0.15239999999999998,1,1,1,CO2,4
qwen,h2_choice,65,main,BaCh,1,0.14650000000000002,0.14650000000000002,0.14650000000000002,0,0,0,CO2,4
qwen,h2_choice,65,main,BaCh,2,0.09380000000000005,0.0938000000000001,0.0938000000000001,1,1,1,CO2,4
qwen,h2_choice,65,main,BaCh,3,0.21010000000000006,0.21010000000000006,0.21010000000000006,1,1,1,CO2,4
qwen,h2_choice,65,main,BaCm,0,0.21000000000000002,0.21000000000000002,0.21000000000000002,1,1,1,OD1,1
qwen,h2_choice,65,main,BaCm,1,0.17450000000000004,0.17450000000000004,0.17450000000000004,0,0,0,OD1,1
qwen,h2_choice,65,main,BaCm,2,0.12350000000000005,0.12350000000000005,0.12350000000000005,1,1,1,OD1,1
qwen,h2_choice,65,main,BaCm,3,0.15470000000000006,0.15470000000000006,0.15470000000000006,1,1,1,OD1,1
qwen,h2_choice,65,main,BaCo,0,0.1814,0.1814,0.1814,1,1,1,MP,3
qwen,h2_choice,65,main,BaCo,1,0.25539999999999996,0.25539999999999996,0.25539999999999996,0,0,0,MP,3
qwen,h2_choice,65,main,BaCo,2,0.15550000000000003,0.15549999999999997,0.15549999999999997,1,1,1,MP,3
qwen,h2_choice,65,main,BaCo,3,0.18319999999999997,0.18319999999999992,0.18319999999999992,1,1,1,MP,3
qwen,h2_choice,65,main,BaDl,0,0.20639999999999997,0.20639999999999997,0.20639999999999997,0,0,0,OD1,3
qwen,h2_choice,65,main,BaDl,1,0.17049999999999998,0.17049999999999998,0.17049999999999998,0,0,0,OD1,3
qwen,h2_choice,65,main,BaDl,2,0.15360000000000007,0.15360000000000007,0.15360000000000007,1,1,1,OD1,3
qwen,h2_choice,65,main,BaDl,3,0.2061,0.20609999999999995,0.20609999999999995,0,0,0,OD1,3
qwen,h2_choice,65,main,BaHa,0,0.20590000000000003,0.20590000000000003,0.20589999999999997,0,0,0,OD2,2
qwen,h2_choice,65,main,BaHa,1,0.1997,0.1997,0.1997,0,0,0,OD2,2
qwen,h2_choice,65,main,BaHa,2,0.1537,0.15370000000000006,0.15370000000000006,1,1,1,OD2,2
qwen,h2_choice,65,main,BaHa,3,0.184,0.18399999999999994,0.18399999999999994,1,1,1,OD2,2
qwen,h2_choice,65,main,BaHr,0,0.21300000000000002,0.21300000000000002,0.21300000000000002,1,1,1,CO1,5
qwen,h2_choice,65,main,BaHr,1,0.1739,0.1739,0.1739,0,0,0,CO1,5
qwen,h2_choice,65,main,BaHr,2,0.11689999999999989,0.11689999999999989,0.11689999999999989,0,0,0,CO1,5
qwen,h2_choice,65,main,BaHr,3,0.12360000000000004,0.12360000000000004,0.12360000000000004,1,1,1,CO1,5
qwen,h2_choice,65,main,BaNc,0,0.1516,0.1516,0.15159999999999996,0,0,0,OD2,4
qwen,h2_choice,65,main,BaNc,1,0.15150000000000002,0.15150000000000002,0.15149999999999997,0,0,0,OD2,4
qwen,h2_choice,65,main,BaNc,2,0.18419999999999997,0.18419999999999992,0.18419999999999992,1,1,1,OD2,4
qwen,h2_choice,65,main,BaNc,3,0.17570000000000002,0.17569999999999997,0.17569999999999997,0,0,0,OD2,4
qwen,h2_choice,65,main,BaPc,0,0.21300000000000002,0.21300000000000002,0.21299999999999997,1,1,1,OD2,6
qwen,h2_choice,65,main,BaPc,1,0.199,0.199,0.19900000000000007,0,0,0,OD2,6
qwen,h2_choice,65,main,BaPc,2,0.12319999999999998,0.12319999999999998,0.12319999999999998,1,1,1,OD2,6
qwen,h2_choice,65,main,BaPc,3,0.12440000000000001,0.12439999999999996,0.12439999999999996,1,1,1,OD2,6
qwen,h2_choice,65,main,BaPd,0,0.1834,0.1834,0.1834,1,1,1,OD1,5
qwen,h2_choice,65,main,BaPd,1,0.20020000000000004,0.20020000000000004,0.20020000000000004,0,0,0,OD1,5
qwen,h2_choice,65,main,BaPd,2,0.15389999999999998,0.15389999999999993,0.15389999999999993,1,1,1,OD1,5
qwen,h2_choice,65,main,BaPd,3,0.18219999999999997,0.18219999999999992,0.18219999999999992,1,1,1,OD1,5
qwen,h2_choice,65,main,BaSh,0,0.17550000000000004,0.17550000000000004,0.17550000000000004,0,0,0,MP,5
qwen,h2_choice,65,main,BaSh,1,0.20020000000000004,0.20020000000000004,0.20020000000000004,0,0,0,MP,5
qwen,h2_choice,65,main,BaSh,2,0.18009999999999998,0.18009999999999993,0.18009999999999993,0,0,0,MP,5
qwen,h2_choice,65,main,BaSh,3,0.175,0.17499999999999993,0.17499999999999993,0,0,0,MP,5
qwen,h2_choice,65,main,ChAs,0,0.1789,0.1789,0.1789,0,0,0,MP,7
qwen,h2_choice,65,main,ChAs,1,0.20130000000000003,0.20130000000000003,0.20130000000000003,0,0,0,MP,7
qwen,h2_choice,65,main,ChAs,2,0.1528,0.15279999999999994,0.15279999999999994,1,1,1,MP,7
qwen,h2_choice,65,main,ChAs,3,0.17880000000000001,0.17880000000000007,0.17880000000000007,0,0,0,MP,7
qwen,h2_choice,65,main,ChBa,0,0.1941,0.1941,0.1941,0,0,0,CO2,5
qwen,h2_choice,65,main,ChBa,1,0.19340000000000002,0.19340000000000002,0.19340000000000002,0,0,0,CO2,5
qwen,h2_choice,65,main,ChBa,2,0.08909999999999996,0.08909999999999996,0.08909999999999996,0,0,0,CO2,5
qwen,h2_choice,65,main,ChBa,3,0.12319999999999998,0.12319999999999998,0.12319999999999998,1,1,1,CO2,5
qwen,h2_choice,65,main,ChCh,0,0.20030000000000003,0.20030000000000003,0.20030000000000003,0,0,0,CO2,6
qwen,h2_choice,65,main,ChCh,1,0.17360000000000003,0.17360000000000003,0.17360000000000003,0,0,0,CO2,6
qwen,h2_choice,65,main,ChCh,2,0.15479999999999994,0.15479999999999994,0.15479999999999994,1,1,1,CO2,6
qwen,h2_choice,65,main,ChCh,3,0.2047,0.2047,0.2047,0,0,0,CO2,6
qwen,h2_choice,65,main,ChCm,0,0.2061,0.2061,0.2061,0,0,0,OD1,7
qwen,h2_choice,65,main,ChCm,1,0.24580000000000002,0.24580000000000002,0.24580000000000002,0,0,0,OD1,7
qwen,h2_choice,65,main,ChCm,2,0.08909999999999996,0.08909999999999996,0.08909999999999996,0,0,0,OD1,7
qwen,h2_choice,65,main,ChCm,3,0.12410000000000004,0.12409999999999999,0.12409999999999999,1,1,1,OD1,7
qwen,h2_choice,65,main,ChCo,0,0.21449999999999997,0.21449999999999997,0.21449999999999997,1,1,1,MP,9
qwen,h2_choice,65,main,ChCo,1,0.2235,0.2235,0.2235,0,0,0,MP,9
qwen,h2_choice,65,main,ChCo,2,0.14790000000000003,0.14790000000000003,0.14790000000000003,0,0,0,MP,9
qwen,h2_choice,65,main,ChCo,3,0.1558,0.15579999999999994,0.15579999999999994,1,1,1,MP,9
qwen,h2_choice,65,main,ChDl,0,0.19920000000000004,0.19920000000000004,0.19920000000000004,0,0,0,OD1,9
qwen,h2_choice,65,main,ChDl,1,0.193,0.193,0.193,0,0,0,OD1,9
qwen,h2_choice,65,main,ChDl,2,0.122,0.122,0.122,1,1,1,OD1,9
qwen,h2_choice,65,main,ChDl,3,0.12240000000000001,0.12240000000000006,0.12240000000000006,0,0,0,OD1,9
qwen,h2_choice,65,main,ChHa,0,0.18079999999999996,0.18079999999999996,0.18079999999999996,1,1,1,OD2,8
qwen,h2_choice,65,main,ChHa,1,0.18020000000000003,0.18020000000000003,0.18020000000000003,0,0,0,OD2,8
qwen,h2_choice,65,main,ChHa,2,0.08910000000000007,0.08910000000000007,0.08910000000000007,0,0,0,OD2,8
qwen,h2_choice,65,main,ChHa,3,0.15510000000000002,0.15510000000000002,0.15510000000000002,1,1,1,OD2,8
qwen,h2_choice,65,main,ChHr,0,0.2056,0.2056,0.2056,0,0,0,CO1,6
qwen,h2_choice,65,main,ChHr,1,0.24570000000000003,0.24570000000000003,0.24570000000000003,0,0,0,CO1,6
qwen,h2_choice,65,main,ChHr,2,0.08909999999999996,0.08909999999999996,0.08909999999999996,0,0,0,CO1,6
qwen,h2_choice,65,main,ChHr,3,0.12429999999999997,0.12429999999999997,0.12429999999999997,1,1,1,CO1,6
qwen,h2_choice,65,main,CmAs,0,0.20689999999999997,0.20689999999999997,0.20689999999999997,0,0,0,OD1,8
qwen,h2_choice,65,main,CmAs,1,0.22519999999999998,0.22519999999999998,0.22519999999999996,0,0,0,OD1,8
qwen,h2_choice,65,main,CmAs,2,0.052999999999999936,0.052999999999999936,0.052999999999999936,0,0,0,OD1,8
qwen,h2_choice,65,main,CmAs,3,0.06230000000000002,0.06230000000000002,0.06230000000000002,0,0,0,OD1,8
qwen,h2_choice,65,main,CmCm,0,0.2559,0.2559,0.2559,0,0,0,DD,2
qwen,h2_choice,65,main,CmCm,1,0.22949999999999998,0.22949999999999998,0.22950000000000004,0,0,0,DD,2
qwen,h2_choice,65,main,CmCm,2,0.02429999999999999,0.02429999999999999,0.02429999999999999,0,0,0,DD,2
qwen,h2_choice,65,main,CmCm,3,0.11980000000000002,0.11980000000000002,0.11980000000000002,0,0,0,DD,2
qwen,h2_choice,65,main,CmDl,0,0.27149999999999996,0.27149999999999996,0.27149999999999996,0,0,0,DD,4
qwen,h2_choice,65,main,CmDl,1,0.2448,0.2448,0.2447999999999999,0,0,0,DD,4
qwen,h2_choice,65,main,CmDl,2,0.08460000000000001,0.08460000000000001,0.08460000000000001,0,0,0,DD,4
qwen,h2_choice,65,main,CmDl,3,0.09189999999999998,0.09189999999999998,0.09189999999999998,0,0,0,DD,4
qwen,h2_choice,65,main,CmHa,0,0.22399999999999998,0.22399999999999998,0.22399999999999998,0,0,0,DD,6
qwen,h2_choice,65,main,CmHa,1,0.23000000000000004,0.23000000000000004,0.2300000000000001,0,0,0,DD,6
qwen,h2_choice,65,main,CmHa,2,0.0504,0.0504,0.0504,0,0,0,DD,6
qwen,h2_choice,65,main,CmHa,3,0.09079999999999999,0.09079999999999999,0.09079999999999999,0,0,0,DD,6
qwen,h2_choice,65,main,CmNc,0,0.19229999999999997,0.19229999999999997,0.19230000000000003,0,0,0,DD,8
qwen,h2_choice,65,main,CmNc,1,0.2422,0.2422,0.24219999999999997,0,0,0,DD,8
qwen,h2_choice,65,main,CmNc,2,0.04410000000000003,0.04410000000000003,0.04410000000000003,0,0,0,DD,8
qwen,h2_choice,65,main,CmNc,3,0.09229999999999994,0.09229999999999994,0.09229999999999994,0,0,0,DD,8
qwen,h2_choice,65,main,CoAs,0,0.12439999999999996,0.12439999999999996,0.12439999999999996,1,1,1,CO2,7
qwen,h2_choice,65,main,CoAs,1,0.18260000000000004,0.18260000000000004,0.18260000000000004,1,1,1,CO2,7
qwen,h2_choice,65,main,CoAs,2,0.2147,0.2147000000000001,0.2147000000000001,0,0,0,CO2,7
qwen,h2_choice,65,main,CoAs,3,0.2245,0.22450000000000003,0.22450000000000003,0,0,0,CO2,7
qwen,h2_choice,65,main,CoCo,0,0.18530000000000002,0.18530000000000002,0.18530000000000002,1,1,1,CO1,7
qwen,h2_choice,65,main,CoCo,1,0.21360000000000007,0.21360000000000007,0.21360000000000007,1,1,1,CO1,7
qwen,h2_choice,65,main,CoCo,2,0.24760000000000001,0.24760000000000004,0.24760000000000004,0,0,0,CO1,7
qwen,h2_choice,65,main,CoCo,3,0.24670000000000003,0.24670000000000003,0.24670000000000003,0,0,0,CO1,7
qwen,h2_choice,65,main,CoSh,0,0.12409999999999999,0.12409999999999999,0.12409999999999999,1,1,1,CO2,8
qwen,h2_choice,65,main,CoSh,1,0.12290000000000006,0.12290000000000006,0.12290000000000006,1,1,1,CO2,8
qwen,h2_choice,65,main,CoSh,2,0.2675,0.26750000000000007,0.26750000000000007,0,0,0,CO2,8
qwen,h2_choice,65,main,CoSh,3,0.22510000000000002,0.22509999999999997,0.22509999999999997,0,0,0,CO2,8
qwen,h2_choice,65,main,HaAs,0,0.08900000000000008,0.08900000000000008,0.08900000000000008,0,0,0,OD2,7
qwen,h2_choice,65,main,HaAs,1,0.122,0.122,0.122,1,1,1,OD2,7
qwen,h2_choice,65,main,HaAs,2,0.2592,0.2592,0.2592,0,0,0,OD2,7
qwen,h2_choice,65,main,HaAs,3,0.30069999999999997,0.30069999999999997,0.30069999999999997,0,0,0,OD2,7
qwen,h2_choice,65,main,HaBa,0,0.05109999999999992,0.05109999999999992,0.05109999999999992,0,0,0,OD2,9
qwen,h2_choice,65,main,HaBa,1,0.09210000000000007,0.09210000000000007,0.09210000000000007,0,0,0,OD2,9
qwen,h2_choice,65,main,HaBa,2,0.22410000000000002,0.22410000000000008,0.22410000000000008,0,0,0,OD2,9
qwen,h2_choice,65,main,HaBa,3,0.2151,0.21509999999999996,0.21509999999999996,0,0,0,OD2,9
qwen,h2_choice,65,main,HaCm,0,0.11960000000000004,0.11960000000000004,0.11960000000000004,0,0,0,DD,1
qwen,h2_choice,65,main,HaCm,1,0.12409999999999999,0.12409999999999999,0.12409999999999999,1,1,1,DD,1
qwen,h2_choice,65,main,HaCm,2,0.20590000000000003,0.20589999999999997,0.20589999999999997,0,0,0,DD,1
qwen,h2_choice,65,main,HaCm,3,0.17360000000000003,0.17359999999999998,0.17359999999999998,0,0,0,DD,1
qwen,h2_choice,65,main,HaDl,0,0.08400000000000007,0.08400000000000007,0.08400000000000007,0,0,0,DD,3
qwen,h2_choice,65,main,HaDl,1,0.12520000000000003,0.12520000000000003,0.12520000000000003,1,1,1,DD,3
qwen,h2_choice,65,main,HaDl,2,0.23020000000000002,0.23019999999999996,0.23019999999999996,0,0,0,DD,3
qwen,h2_choice,65,main,HaDl,3,0.23620000000000002,0.23619999999999997,0.23619999999999997,0,0,0,DD,3
qwen,h2_choice,65,main,HaHa,0,0.08599999999999997,0.08599999999999997,0.08599999999999997,0,0,0,DD,5
qwen,h2_choice,65,main,HaHa,1,0.12529999999999997,0.12529999999999997,0.12529999999999997,1,1,1,DD,5
qwen,h2_choice,65,main,HaHa,2,0.25550000000000006,0.25549999999999995,0.25549999999999995,0,0,0,DD,5
qwen,h2_choice,65,main,HaHa,3,0.2438,0.24380000000000002,0.24380000000000002,0,0,0,DD,5
qwen,h2_choice,65,main,HaNc,0,0.08389999999999997,0.08389999999999997,0.08389999999999997,0,0,0,DD,7
qwen,h2_choice,65,main,HaNc,1,0.060900000000000065,0.060900000000000065,0.060900000000000065,0,0,0,DD,7
qwen,h2_choice,65,main,HaNc,2,0.24280000000000002,0.2427999999999999,0.2427999999999999,0,0,0,DD,7
qwen,h2_choice,65,main,HaNc,3,0.2724,0.2724,0.2724,0,0,0,DD,7
qwen,h2_choice,65,main,HaPc,0,0.08840000000000003,0.08840000000000003,0.08840000000000003,0,0,0,DD,9
qwen,h2_choice,65,main,HaPc,1,0.15480000000000005,0.15480000000000005,0.15480000000000005,1,1,1,DD,9
qwen,h2_choice,65,main,HaPc,2,0.2541,0.2541,0.2541,0,0,0,DD,9
qwen,h2_choice,65,main,HaPc,3,0.22499999999999998,0.22499999999999987,0.22499999999999987,0,0,0,DD,9
qwen,h2_choice,65,main,HrAs,0,0.20920000000000005,0.20920000000000005,0.20920000000000005,1,1,1,MP,8
qwen,h2_choice,65,main,HrAs,1,0.246,0.246,0.246,0,0,0,MP,8
qwen,h2_choice,65,main,HrAs,2,0.08910000000000007,0.08910000000000007,0.08910000000000007,0,0,0,MP,8
qwen,h2_choice,65,main,HrAs,3,0.09440000000000004,0.09440000000000004,0.09440000000000004,1,1,1,MP,8
qwen,h2_choice,65,main,HrBa,0,0.20590000000000003,0.20590000000000003,0.20589999999999997,0,0,0,CO1,2
qwen,h2_choice,65,main,HrBa,1,0.25670000000000004,0.25670000000000004,0.25670000000000004,0,0,0,CO1,2
qwen,h2_choice,65,main,HrBa,2,0.0494,0.0494,0.0494,0,0,0,CO1,2
qwen,h2_choice,65,main,HrBa,3,0.0927,0.0927,0.0927,1,1,1,CO1,2
qwen,h2_choice,65,main,HrCh,0,0.2466,0.2466,0.24660000000000004,0,0,0,CO1,4
qwen,h2_choice,65,main,HrCh,1,0.22439999999999996,0.22439999999999996,0.22440000000000004,0,0,0,CO1,4
qwen,h2_choice,65,main,HrCh,2,0.08579999999999999,0.08579999999999999,0.08579999999999999,0,0,0,CO1,4
qwen,h2_choice,65,main,HrCh,3,0.09299999999999997,0.09299999999999997,0.09299999999999997,1,1,1,CO1,4
qwen,h2_choice,65,main,HrHr,0,0.2066,0.2066,0.2066,0,0,0,CO2,2
qwen,h2_choice,65,main,HrHr,1,0.21409999999999998,0.21409999999999998,0.21410000000000007,0,0,0,CO2,2
qwen,h2_choice,65,main,HrHr,2,0.0847,0.0847,0.0847,0,0,0,CO2,2
qwen,h2_choice,65,main,HrHr,3,0.0927,0.0927,0.0927,1,1,1,CO2,2
qwen,h2_choice,65,main,ShAs,0,0.21000000000000002,0.21000000000000002,0.21000000000000002,1,1,1,CO1,8
qwen,h2_choice,65,main,ShAs,1,0.19790000000000002,0.19790000000000002,0.19790000000000002,0,0,0,CO1,8
qwen,h2_choice,65,main,ShAs,2,0.2353,0.23530000000000006,0.23530000000000006,1,1,1,CO1,8
qwen,h2_choice,65,main,ShAs,3,0.2231,0.22309999999999997,0.22309999999999997,0,0,0,CO1,8
qwen,h2_choice,65,main,ShCo,0,0.199,0.199,0.199,0,0,0,CO2,9
qwen,h2_choice,65,main,ShCo,1,0.2473,0.2473,0.2473,0,0,0,CO2,9
qwen,h2_choice,65,main,ShCo,2,0.23170000000000002,0.23170000000000002,0.23170000000000002,0,0,0,CO2,9
qwen,h2_choice,65,main,ShCo,3,0.2859,0.28589999999999993,0.28589999999999993,0,0,0,CO2,9
qwen,h2_choice,65,main,ShSh,0,0.2116,0.2116,0.2116,1,1,1,CO1,9
qwen,h2_choice,65,main,ShSh,1,0.22469999999999998,0.22469999999999998,0.22469999999999998,0,0,0,CO1,9
qwen,h2_choice,65,main,ShSh,2,0.23779999999999996,0.2377999999999999,0.2377999999999999,1,1,1,CO1,9
qwen,h2_choice,65,main,ShSh,3,0.20179999999999998,0.20179999999999998,0.20179999999999998,0,0,0,CO1,9
qwen,h2_choice,65,main_perp,AsAs,0,0.23740000000000006,0.23740000000000006,0.23740000000000006,1,1,1,CO1,1
qwen,h2_choice,65,main_perp,AsAs,1,0.2313,0.2313,0.2313,0,0,0,CO1,1
qwen,h2_choice,65,main_perp,AsAs,2,0.2405,0.24050000000000005,0.24050000000000005,1,1,1,CO1,1
qwen,h2_choice,65,main_perp,AsAs,3,0.20929999999999999,0.20930000000000004,0.20930000000000004,1,1,1,CO1,1
qwen,h2_choice,65,main_perp,AsBa,0,0.1563,0.1563,0.1563,1,1,1,MP,2
qwen,h2_choice,65,main_perp,AsBa,1,0.20890000000000003,0.20890000000000003,0.20890000000000009,1,1,1,MP,2
qwen,h2_choice,65,main_perp,AsBa,2,0.21189999999999998,0.21189999999999998,0.21189999999999998,1,1,1,MP,2
qwen,h2_choice,65,main_perp,AsBa,3,0.2235,0.22350000000000003,0.22350000000000003,0,0,0,MP,2
qwen,h2_choice,65,main_perp,AsCh,0,0.1869,0.1869,0.18689999999999996,1,1,1,MP,4
qwen,h2_choice,65,main_perp,AsCh,1,0.23060000000000003,0.23060000000000003,0.23060000000000003,0,0,0,MP,4
qwen,h2_choice,65,main_perp,AsCh,2,0.18219999999999997,0.18219999999999992,0.18219999999999992,1,1,1,MP,4
qwen,h2_choice,65,main_perp,AsCh,3,0.2066,0.2066,0.2066,0,0,0,MP,4
qwen,h2_choice,65,main_perp,AsCm,0,0.2606,0.2606,0.26059999999999994,1,1,1,OD1,2
qwen,h2_choice,65,main_perp,AsCm,1,0.3176,0.3176,0.3176,0,0,0,OD1,2
qwen,h2_choice,65,main_perp,AsCm,2,0.18479999999999996,0.18479999999999996,0.18479999999999996,1,1,1,OD1,2
qwen,h2_choice,65,main_perp,AsCm,3,0.18259999999999998,0.18259999999999998,0.18259999999999998,1,1,1,OD1,2
qwen,h2_choice,65,main_perp,AsCo,0,0.1518,0.1518,0.1518,0,0,0,CO2,1
qwen,h2_choice,65,main_perp,AsCo,1,0.14780000000000004,0.14780000000000004,0.14780000000000004,0,0,0,CO2,1
qwen,h2_choice,65,main_perp,AsCo,2,0.1789,0.17890000000000006,0.17890000000000006,0,0,0,CO2,1
qwen,h2_choice,65,main_perp,AsCo,3,0.1507,0.15070000000000006,0.15070000000000006,0,0,0,CO2,1
qwen,h2_choice,65,main_perp,AsDl,0,0.23760000000000003,0.23760000000000003,0.23760000000000003,1,1,1,OD1,4
qwen,h2_choice,65,main_perp,AsDl,1,0.23020000000000002,0.23020000000000002,0.23019999999999996,0,0,0,OD1,4
qwen,h2_choice,65,main_perp,AsDl,2,0.15510000000000002,0.15510000000000002,0.15510000000000002,1,1,1,OD1,4
qwen,h2_choice,65,main_perp,AsDl,3,0.183,0.18299999999999994,0.18299999999999994,1,1,1,OD1,4
qwen,h2_choice,65,main_perp,AsHa,0,0.18250000000000005,0.18250000000000005,0.18250000000000005,1,1,1,OD2,1
qwen,h2_choice,65,main_perp,AsHa,1,0.17880000000000001,0.17880000000000001,0.17880000000000001,0,0,0,OD2,1
qwen,h2_choice,65,main_perp,AsHa,2,0.2363,0.23630000000000007,0.23630000000000007,1,1,1,OD2,1
qwen,h2_choice,65,main_perp,AsHa,3,0.24480000000000002,0.24480000000000002,0.24480000000000002,0,0,0,OD2,1
qwen,h2_choice,65,main_perp,AsHr,0,0.2162,0.2162,0.21619999999999995,0,0,0,MP,6
qwen,h2_choice,65,main_perp,AsHr,1,0.2313,0.2313,0.23130000000000006,0,0,0,MP,6
qwen,h2_choice,65,main_perp,AsHr,2,0.18639999999999995,0.1863999999999999,0.1863999999999999,1,1,1,MP,6
qwen,h2_choice,65,main_perp,AsHr,3,0.17880000000000001,0.17880000000000007,0.17880000000000007,0,0,0,MP,6
qwen,h2_choice,65,main_perp,AsNc,0,0.183,0.183,0.183,1,1,1,OD2,3
qwen,h2_choice,65,main_perp,AsNc,1,0.2056,0.2056,0.2056,0,0,0,OD2,3
qwen,h2_choice,65,main_perp,AsNc,2,0.18069999999999997,0.18069999999999997,0.18069999999999997,1,1,1,OD2,3
qwen,h2_choice,65,main_perp,AsNc,3,0.23070000000000002,0.23070000000000002,0.23070000000000002,0,0,0,OD2,3
qwen,h2_choice,65,main_perp,AsPc,0,0.18400000000000005,0.18400000000000005,0.18400000000000005,1,1,1,OD2,5
qwen,h2_choice,65,main_perp,AsPc,1,0.17450000000000004,0.17450000000000004,0.17450000000000004,0,0,0,OD2,5
qwen,h2_choice,65,main_perp,AsPc,2,0.20929999999999999,0.20930000000000004,0.20930000000000004,1,1,1,OD2,5
qwen,h2_choice,65,main_perp,AsPc,3,0.2984,0.2984,0.2984,0,0,0,OD2,5
qwen,h2_choice,65,main_perp,AsPd,0,0.15550000000000003,0.15550000000000003,0.15549999999999997,1,1,1,OD1,6
qwen,h2_choice,65,main_perp,AsPd,1,0.183,0.183,0.18299999999999994,1,1,1,OD1,6
qwen,h2_choice,65,main_perp,AsPd,2,0.2101,0.21010000000000006,0.21010000000000006,1,1,1,OD1,6
qwen,h2_choice,65,main_perp,AsPd,3,0.20590000000000003,0.20589999999999997,0.20589999999999997,0,0,0,OD1,6
qwen,h2_choice,65,main_perp,AsSh,0,0.18480000000000002,0.18480000000000002,0.18480000000000002,1,1,1,CO1,3
qwen,h2_choice,65,main_perp,AsSh,1,0.2313,0.2313,0.2313,0,0,0,CO1,3
qwen,h2_choice,65,main_perp,AsSh,2,0.2056,0.2056,0.2056,0,0,0,CO1,3
qwen,h2_choice,65,main_perp,AsSh,3,0.17570000000000002,0.17569999999999997,0.17569999999999997,0,0,0,CO1,3
qwen,h2_choice,65,main_perp,BaAs,0,0.16910000000000003,0.16910000000000003,0.16910000000000003,0,0,0,MP,1
qwen,h2_choice,65,main_perp,BaAs,1,0.2012,0.2012,0.2012,0,0,0,MP,1
qwen,h2_choice,65,main_perp,BaAs,2,0.1558,0.15579999999999994,0.15579999999999994,1,1,1,MP,1
qwen,h2_choice,65,main_perp,BaAs,3,0.17880000000000001,0.17880000000000007,0.17880000000000007,0,0,0,MP,1
qwen,h2_choice,65,main_perp,BaBa,0,0.123,0.123,0.123,1,1,1,CO2,3
qwen,h2_choice,65,main_perp,BaBa,1,0.2001,0.2001,0.2001,0,0,0,CO2,3
qwen,h2_choice,65,main_perp,BaBa,2,0.15039999999999998,0.15039999999999998,0.15039999999999998,1,1,1,CO2,3
qwen,h2_choice,65,main_perp,BaBa,3,0.123,0.123,0.123,0,0,0,CO2,3
qwen,h2_choice,65,main_perp,BaCh,0,0.18269999999999997,0.18269999999999997,0.18269999999999997,1,1,1,CO2,4
qwen,h2_choice,65,main_perp,BaCh,1,0.20490000000000003,0.20490000000000003,0.20490000000000003,0,0,0,CO2,4
qwen,h2_choice,65,main_perp,BaCh,2,0.15500000000000003,0.15500000000000003,0.15500000000000003,1,1,1,CO2,4
qwen,h2_choice,65,main_perp,BaCh,3,0.15150000000000002,0.15149999999999997,0.15149999999999997,0,0,0,CO2,4
qwen,h2_choice,65,main_perp,BaCm,0,0.18240000000000006,0.18240000000000006,0.18240000000000006,1,1,1,OD1,1
qwen,h2_choice,65,main_perp,BaCm,1,0.20130000000000003,0.20130000000000003,0.20130000000000003,0,0,0,OD1,1
qwen,h2_choice,65,main_perp,BaCm,2,0.122,0.122,0.122,1,1,1,OD1,1
qwen,h2_choice,65,main_perp,BaCm,3,0.12319999999999998,0.12319999999999998,0.12319999999999998,1,1,1,OD1,1
qwen,h2_choice,65,main_perp,BaCo,0,0.24120000000000008,0.24120000000000008,0.24120000000000008,1,1,1,MP,3
qwen,h2_choice,65,main_perp,BaCo,1,0.1997,0.1997,0.1997,0,0,0,MP,3
qwen,h2_choice,65,main_perp,BaCo,2,0.15550000000000003,0.15549999999999997,0.15549999999999997,1,1,1,MP,3
qwen,h2_choice,65,main_perp,BaCo,3,0.15150000000000002,0.15149999999999997,0.15149999999999997,0,0,0,MP,3
qwen,h2_choice,65,main_perp,BaDl,0,0.1789,0.1789,0.1789,0,0,0,OD1,3
qwen,h2_choice,65,main_perp,BaDl,1,0.20020000000000004,0.20020000000000004,0.20020000000000004,0,0,0,OD1,3
qwen,h2_choice,65,main_perp,BaDl,2,0.1558,0.15579999999999994,0.15579999999999994,1,1,1,OD1,3
qwen,h2_choice,65,main_perp,BaDl,3,0.2061,0.20609999999999995,0.20609999999999995,0,0,0,OD1,3
qwen,h2_choice,65,main_perp,BaHa,0,0.1789,0.1789,0.17890000000000006,0,0,0,OD2,2
qwen,h2_choice,65,main_perp,BaHa,1,0.1986,0.1986,0.1985999999999999,0,0,0,OD2,2
qwen,h2_choice,65,main_perp,BaHa,2,0.1526,0.15259999999999996,0.15259999999999996,1,1,1,OD2,2
qwen,h2_choice,65,main_perp,BaHa,3,0.1532,0.1532,0.1532,1,1,1,OD2,2
qwen,h2_choice,65,main_perp,BaHr,0,0.186,0.186,0.186,1,1,1,CO1,5
qwen,h2_choice,65,main_perp,BaHr,1,0.17579999999999996,0.17579999999999996,0.17579999999999996,0,0,0,CO1,5
qwen,h2_choice,65,main_perp,BaHr,2,0.11819999999999997,0.11819999999999997,0.11819999999999997,0,0,0,CO1,5
qwen,h2_choice,65,main_perp,BaHr,3,0.124,0.124,0.124,1,1,1,CO1,5
qwen,h2_choice,65,main_perp,BaNc,0,0.1789,0.1789,0.17890000000000006,0,0,0,OD2,4
qwen,h2_choice,65,main_perp,BaNc,1,0.18319999999999997,0.18319999999999997,0.18319999999999992,1,1,1,OD2,4
qwen,h2_choice,65,main_perp,BaNc,2,0.18400000000000005,0.18400000000000005,0.18400000000000005,1,1,1,OD2,4
qwen,h2_choice,65,main_perp,BaNc,3,0.20130000000000003,0.20130000000000003,0.20130000000000003,0,0,0,OD2,4
qwen,h2_choice,65,main_perp,BaPc,0,0.15439999999999993,0.15439999999999993,0.15439999999999998,1,1,1,OD2,6
qwen,h2_choice,65,main_perp,BaPc,1,0.17470000000000002,0.17470000000000002,0.17469999999999997,0,0,0,OD2,6
qwen,h2_choice,65,main_perp,BaPc,2,0.09030000000000005,0.09030000000000005,0.09030000000000005,0,0,0,OD2,6
qwen,h2_choice,65,main_perp,BaPc,3,0.15439999999999998,0.15439999999999998,0.15439999999999998,1,1,1,OD2,6
qwen,h2_choice,65,main_perp,BaPd,0,0.1825,0.1825,0.1825,1,1,1,OD1,5
qwen,h2_choice,65,main_perp,BaPd,1,0.19940000000000002,0.19940000000000002,0.19940000000000002,0,0,0,OD1,5
qwen,h2_choice,65,main_perp,BaPd,2,0.15300000000000002,0.15300000000000002,0.15300000000000002,1,1,1,OD1,5
qwen,h2_choice,65,main_perp,BaPd,3,0.18219999999999997,0.18219999999999992,0.18219999999999992,1,1,1,OD1,5
qwen,h2_choice,65,main_perp,BaSh,0,0.14250000000000002,0.14250000000000002,0.14250000000000002,0,0,0,MP,5
qwen,h2_choice,65,main_perp,BaSh,1,0.16900000000000004,0.16900000000000004,0.16900000000000004,0,0,0,MP,5
qwen,h2_choice,65,main_perp,BaSh,2,0.18170000000000003,0.18170000000000008,0.18170000000000008,1,1,1,MP,5
qwen,h2_choice,65,main_perp,BaSh,3,0.2,0.20000000000000007,0.20000000000000007,0,0,0,MP,5
qwen,h2_choice,65,main_perp,ChAs,0,0.2103,0.2103,0.2103,1,1,1,MP,7
qwen,h2_choice,65,main_perp,ChAs,1,0.16900000000000004,0.16900000000000004,0.16900000000000004,0,0,0,MP,7
qwen,h2_choice,65,main_perp,ChAs,2,0.12350000000000005,0.12350000000000005,0.12350000000000005,1,1,1,MP,7
qwen,h2_choice,65,main_perp,ChAs,3,0.15050000000000002,0.15050000000000008,0.15050000000000008,0,0,0,MP,7
qwen,h2_choice,65,main_perp,ChBa,0,0.193,0.193,0.193,0,0,0,CO2,5
qwen,h2_choice,65,main_perp,ChBa,1,0.1932,0.1932,0.1932,0,0,0,CO2,5
qwen,h2_choice,65,main_perp,ChBa,2,0.08909999999999996,0.08909999999999996,0.08909999999999996,0,0,0,CO2,5
qwen,h2_choice,65,main_perp,ChBa,3,0.18510000000000004,0.18510000000000004,0.18510000000000004,1,1,1,CO2,5
qwen,h2_choice,65,main_perp,ChCh,0,0.23060000000000003,0.23060000000000003,0.23060000000000003,0,0,0,CO2,6
qwen,h2_choice,65,main_perp,ChCh,1,0.1755,0.1755,0.1755,0,0,0,CO2,6
qwen,h2_choice,65,main_perp,ChCh,2,0.15490000000000004,0.15490000000000004,0.15490000000000004,1,1,1,CO2,6
qwen,h2_choice,65,main_perp,ChCh,3,0.1789,0.17890000000000006,0.17890000000000006,0,0,0,CO2,6
qwen,h2_choice,65,main_perp,ChCm,0,0.175,0.175,0.175,0,0,0,OD1,7
qwen,h2_choice,65,main_perp,ChCm,1,0.24580000000000002,0.24580000000000002,0.24580000000000002,0,0,0,OD1,7
qwen,h2_choice,65,main_perp,ChCm,2,0.08909999999999996,0.08909999999999996,0.08909999999999996,1,1,1,OD1,7
qwen,h2_choice,65,main_perp,ChCm,3,0.12410000000000004,0.12409999999999999,0.12409999999999999,1,1,1,OD1,7
qwen,h2_choice,65,main_perp,ChCo,0,0.18309999999999998,0.18309999999999998,0.18309999999999998,1,1,1,MP,9
qwen,h2_choice,65,main_perp,ChCo,1,0.2549,0.2549,0.2549,0,0,0,MP,9
qwen,h2_choice,65,main_perp,ChCo,2,0.11650000000000005,0.11650000000000005,0.11650000000000005,0,0,0,MP,9
qwen,h2_choice,65,main_perp,ChCo,3,0.15510000000000002,0.15510000000000002,0.15510000000000002,1,1,1,MP,9
qwen,h2_choice,65,main_perp,ChDl,0,0.20020000000000004,0.20020000000000004,0.20020000000000004,0,0,0,OD1,9
qwen,h2_choice,65,main_perp,ChDl,1,0.193,0.193,0.193,0,0,0,OD1,9
qwen,h2_choice,65,main_perp,ChDl,2,0.1526,0.15259999999999996,0.15259999999999996,1,1,1,OD1,9
qwen,h2_choice,65,main_perp,ChDl,3,0.18240000000000006,0.1824,0.1824,1,1,1,OD1,9
qwen,h2_choice,65,main_perp,ChHa,0,0.18079999999999996,0.18079999999999996,0.18079999999999996,1,1,1,OD2,8
qwen,h2_choice,65,main_perp,ChHa,1,0.1476,0.1476,0.14760000000000006,0,0,0,OD2,8
qwen,h2_choice,65,main_perp,ChHa,2,0.09030000000000005,0.09030000000000005,0.09030000000000005,0,0,0,OD2,8
qwen,h2_choice,65,main_perp,ChHa,3,0.15510000000000002,0.15510000000000002,0.15510000000000002,1,1,1,OD2,8
qwen,h2_choice,65,main_perp,ChHr,0,0.17930000000000001,0.17930000000000001,0.17930000000000001,0,0,0,CO1,6
qwen,h2_choice,65,main_perp,ChHr,1,0.192,0.192,0.192,0,0,0,CO1,6
qwen,h2_choice,65,main_perp,ChHr,2,0.0895999999999999,0.0895999999999999,0.0895999999999999,0,0,0,CO1,6
qwen,h2_choice,65,main_perp,ChHr,3,0.12360000000000004,0.12360000000000004,0.12360000000000004,1,1,1,CO1,6
qwen,h2_choice,65,main_perp,CmAs,0,0.2057,0.2057,0.2057,0,0,0,OD1,8
qwen,h2_choice,65,main_perp,CmAs,1,0.24419999999999997,0.24419999999999997,0.24419999999999997,0,0,0,OD1,8
qwen,h2_choice,65,main_perp,CmAs,2,0.0806,0.0806,0.0806,0,0,0,OD1,8
qwen,h2_choice,65,main_perp,CmAs,3,0.06130000000000002,0.06130000000000002,0.06130000000000002,0,0,0,OD1,8
qwen,h2_choice,65,main_perp,CmCm,0,0.2559,0.2559,0.2559,0,0,0,DD,2
qwen,h2_choice,65,main_perp,CmCm,1,0.22859999999999997,0.22859999999999997,0.22859999999999991,0,0,0,DD,2
qwen,h2_choice,65,main_perp,CmCm,2,0.02410000000000001,0.02410000000000001,0.02410000000000001,0,0,0,DD,2
qwen,h2_choice,65,main_perp,CmCm,3,0.09140000000000004,0.09140000000000004,0.09140000000000004,0,0,0,DD,2
qwen,h2_choice,65,main_perp,CmDl,0,0.2733,0.2733,0.2733,0,0,0,DD,4
qwen,h2_choice,65,main_perp,CmDl,1,0.2448,0.2448,0.2447999999999999,0,0,0,DD,4
qwen,h2_choice,65,main_perp,CmDl,2,0.05499999999999994,0.05499999999999994,0.05499999999999994,0,0,0,DD,4
qwen,h2_choice,65,main_perp,CmDl,3,0.09060000000000001,0.09060000000000001,0.09060000000000001,0,0,0,DD,4
qwen,h2_choice,65,main_perp,CmHa,0,0.22399999999999998,0.22399999999999998,0.22399999999999998,0,0,0,DD,6
qwen,h2_choice,65,main_perp,CmHa,1,0.2592,0.2592,0.2592,0,0,0,DD,6
qwen,h2_choice,65,main_perp,CmHa,2,0.07629999999999992,0.07629999999999992,0.07629999999999992,0,0,0,DD,6
qwen,h2_choice,65,main_perp,CmHa,3,0.06009999999999993,0.06009999999999993,0.06009999999999993,0,0,0,DD,6
qwen,h2_choice,65,main_perp,CmNc,0,0.193,0.193,0.19299999999999995,0,0,0,DD,8
qwen,h2_choice,65,main_perp,CmNc,1,0.2428,0.2428,0.24280000000000002,0,0,0,DD,8
qwen,h2_choice,65,main_perp,CmNc,2,0.02300000000000002,0.02300000000000002,0.02300000000000002,0,0,0,DD,8
qwen,h2_choice,65,main_perp,CmNc,3,0.05940000000000001,0.05940000000000001,0.05940000000000001,0,0,0,DD,8
qwen,h2_choice,65,main_perp,CoAs,0,0.09340000000000004,0.09340000000000004,0.09340000000000004,1,1,1,CO2,7
qwen,h2_choice,65,main_perp,CoAs,1,0.15450000000000003,0.15450000000000003,0.15450000000000003,1,1,1,CO2,7
qwen,h2_choice,65,main_perp,CoAs,2,0.2138,0.2138,0.2138,0,0,0,CO2,7
qwen,h2_choice,65,main_perp,CoAs,3,0.2552,0.2552000000000001,0.2552000000000001,0,0,0,CO2,7
qwen,h2_choice,65,main_perp,CoCo,0,0.12429999999999997,0.12429999999999997,0.12429999999999997,1,1,1,CO1,7
qwen,h2_choice,65,main_perp,CoCo,1,0.15329999999999994,0.15329999999999994,0.15329999999999994,1,1,1,CO1,7
qwen,h2_choice,65,main_perp,CoCo,2,0.2659,0.2659,0.2659,0,0,0,CO1,7
qwen,h2_choice,65,main_perp,CoCo,3,0.2237,0.2237,0.2237,0,0,0,CO1,7
qwen,h2_choice,65,main_perp,CoSh,0,0.15550000000000003,0.15550000000000003,0.15550000000000003,1,1,1,CO2,8
qwen,h2_choice,65,main_perp,CoSh,1,0.15489999999999998,0.15489999999999998,0.15489999999999998,1,1,1,CO2,8
qwen,h2_choice,65,main_perp,CoSh,2,0.2664,0.26639999999999997,0.26639999999999997,0,0,0,CO2,8
qwen,h2_choice,65,main_perp,CoSh,3,0.2557,0.2556999999999999,0.2556999999999999,0,0,0,CO2,8
qwen,h2_choice,65,main_perp,HaAs,0,0.11669999999999991,0.11669999999999991,0.11669999999999991,0,0,0,OD2,7
qwen,h2_choice,65,main_perp,HaAs,1,0.06180000000000008,0.06180000000000008,0.06180000000000008,0,0,0,OD2,7
qwen,h2_choice,65,main_perp,HaAs,2,0.2592,0.2592,0.2592,0,0,0,OD2,7
qwen,h2_choice,65,main_perp,HaAs,3,0.28759999999999997,0.2876000000000001,0.2876000000000001,0,0,0,OD2,7
qwen,h2_choice,65,main_perp,HaBa,0,0.0794999999999999,0.0794999999999999,0.0794999999999999,0,0,0,OD2,9
qwen,h2_choice,65,main_perp,HaBa,1,0.09210000000000007,0.09210000000000007,0.09210000000000007,0,0,0,OD2,9
qwen,h2_choice,65,main_perp,HaBa,2,0.22300000000000003,0.22299999999999998,0.22299999999999998,0,0,0,OD2,9
qwen,h2_choice,65,main_perp,HaBa,3,0.23620000000000002,0.23619999999999997,0.23619999999999997,0,0,0,OD2,9
qwen,h2_choice,65,main_perp,HaCm,0,0.11960000000000004,0.11960000000000004,0.11960000000000004,0,0,0,DD,1
qwen,h2_choice,65,main_perp,HaCm,1,0.12309999999999999,0.12309999999999999,0.12309999999999999,1,1,1,DD,1
qwen,h2_choice,65,main_perp,HaCm,2,0.20590000000000003,0.20589999999999997,0.20589999999999997,0,0,0,DD,1
qwen,h2_choice,65,main_perp,HaCm,3,0.199,0.19899999999999995,0.19899999999999995,0,0,0,DD,1
qwen,h2_choice,65,main_perp,HaDl,0,0.05490000000000006,0.05490000000000006,0.05490000000000006,0,0,0,DD,3
qwen,h2_choice,65,main_perp,HaDl,1,0.12290000000000006,0.12290000000000006,0.12290000000000006,1,1,1,DD,3
qwen,h2_choice,65,main_perp,HaDl,2,0.20590000000000003,0.20589999999999997,0.20589999999999997,0,0,0,DD,3
qwen,h2_choice,65,main_perp,HaDl,3,0.2664,0.26639999999999997,0.26639999999999997,0,0,0,DD,3
qwen,h2_choice,65,main_perp,HaHa,0,0.08730000000000004,0.08730000000000004,0.08730000000000004,0,0,0,DD,5
qwen,h2_choice,65,main_perp,HaHa,1,0.12219999999999998,0.12219999999999998,0.12219999999999998,1,1,1,DD,5
qwen,h2_choice,65,main_perp,HaHa,2,0.25550000000000006,0.25549999999999995,0.25549999999999995,0,0,0,DD,5
qwen,h2_choice,65,main_perp,HaHa,3,0.22949999999999998,0.22950000000000004,0.22950000000000004,0,0,0,DD,5
qwen,h2_choice,65,main_perp,HaNc,0,0.054099999999999926,0.054099999999999926,0.054099999999999926,0,0,0,DD,7
qwen,h2_choice,65,main_perp,HaNc,1,0.11909999999999998,0.11909999999999998,0.11909999999999998,0,0,0,DD,7
qwen,h2_choice,65,main_perp,HaNc,2,0.24280000000000002,0.2427999999999999,0.2427999999999999,0,0,0,DD,7
qwen,h2_choice,65,main_perp,HaNc,3,0.24329999999999996,0.24329999999999985,0.24329999999999985,0,0,0,DD,7
qwen,h2_choice,65,main_perp,HaPc,0,0.08589999999999998,0.08589999999999998,0.08589999999999998,0,0,0,DD,9
qwen,h2_choice,65,main_perp,HaPc,1,0.09319999999999995,0.09319999999999995,0.09319999999999995,1,1,1,DD,9
qwen,h2_choice,65,main_perp,HaPc,2,0.2548,0.2548,0.2548,0,0,0,DD,9
qwen,h2_choice,65,main_perp,HaPc,3,0.2744,0.2744000000000001,0.2744000000000001,0,0,0,DD,9
qwen,h2_choice,65,main_perp,HrAs,0,0.21040000000000003,0.21040000000000003,0.21040000000000003,1,1,1,MP,8
qwen,h2_choice,65,main_perp,HrAs,1,0.2368,0.2368,0.2368,0,0,0,MP,8
qwen,h2_choice,65,main_perp,HrAs,2,0.11730000000000007,0.11730000000000007,0.11730000000000007,0,0,0,MP,8
qwen,h2_choice,65,main_perp,HrAs,3,0.12390000000000001,0.12390000000000001,0.12390000000000001,1,1,1,MP,8
qwen,h2_choice,65,main_perp,HrBa,0,0.23170000000000002,0.23170000000000002,0.23170000000000002,0,0,0,CO1,2
qwen,h2_choice,65,main_perp,HrBa,1,0.23570000000000002,0.23570000000000002,0.23570000000000002,0,0,0,CO1,2
qwen,h2_choice,65,main_perp,HrBa,2,0.05269999999999997,0.05269999999999997,0.05269999999999997,0,0,0,CO1,2
qwen,h2_choice,65,main_perp,HrBa,3,0.12309999999999999,0.12309999999999999,0.12309999999999999,1,1,1,CO1,2
qwen,h2_choice,65,main_perp,HrCh,0,0.23570000000000002,0.23570000000000002,0.23570000000000002,0,0,0,CO1,4
qwen,h2_choice,65,main_perp,HrCh,1,0.22479999999999997,0.22479999999999997,0.2248,0,0,0,CO1,4
qwen,h2_choice,65,main_perp,HrCh,2,0.08699999999999997,0.08699999999999997,0.08699999999999997,0,0,0,CO1,4
qwen,h2_choice,65,main_perp,HrCh,3,0.0922,0.09219999999999995,0.09219999999999995,1,1,1,CO1,4
qwen,h2_choice,65,main_perp,HrHr,0,0.2066,0.2066,0.2066,0,0,0,CO2,2
qwen,h2_choice,65,main_perp,HrHr,1,0.267,0.267,0.267,0,0,0,CO2,2
qwen,h2_choice,65,main_perp,HrHr,2,0.058800000000000074,0.058800000000000074,0.058800000000000074,0,0,0,CO2,2
qwen,h2_choice,65,main_perp,HrHr,3,0.09230000000000005,0.09230000000000005,0.09230000000000005,1,1,1,CO2,2
qwen,h2_choice,65,main_perp,ShAs,0,0.21000000000000002,0.21000000000000002,0.21000000000000002,1,1,1,CO1,8
qwen,h2_choice,65,main_perp,ShAs,1,0.2001,0.2001,0.2001,0,0,0,CO1,8
qwen,h2_choice,65,main_perp,ShAs,2,0.2353,0.23530000000000006,0.23530000000000006,1,1,1,CO1,8
qwen,h2_choice,65,main_perp,ShAs,3,0.2234,0.22339999999999993,0.22339999999999993,0,0,0,CO1,8
qwen,h2_choice,65,main_perp,ShCo,0,0.23020000000000002,0.23020000000000002,0.23020000000000002,0,0,0,CO2,9
qwen,h2_choice,65,main_perp,ShCo,1,0.22469999999999998,0.22469999999999998,0.22469999999999998,0,0,0,CO2,9
qwen,h2_choice,65,main_perp,ShCo,2,0.2625,0.26250000000000007,0.26250000000000007,1,1,1,CO2,9
qwen,h2_choice,65,main_perp,ShCo,3,0.28559999999999997,0.28559999999999997,0.28559999999999997,0,0,0,CO2,9
qwen,h2_choice,65,main_perp,ShSh,0,0.2047,0.2047,0.2047,0,0,0,CO1,9
qwen,h2_choice,65,main_perp,ShSh,1,0.2236,0.2236,0.2236,0,0,0,CO1,9
qwen,h2_choice,65,main_perp,ShSh,2,0.21039999999999998,0.21040000000000003,0.21040000000000003,1,1,1,CO1,9
qwen,h2_choice,65,main_perp,ShSh,3,0.2318,0.2318,0.2318,0,0,0,CO1,9
qwen,h2_choice,65,random,AsAs,0,0.03209999999999996,0.03209999999999996,0.03209999999999996,0,0,0,CO1,1
qwen,h2_choice,65,random,AsAs,1,0.031000000000000028,0.031000000000000028,0.031000000000000028,0,0,0,CO1,1
qwen,h2_choice,65,random,AsAs,2,0.031399999999999983,0.031399999999999983,0.031399999999999983,0,0,0,CO1,1
qwen,h2_choice,65,random,AsAs,3,0.03240000000000004,0.032399999999999984,0.032399999999999984,0,0,0,CO1,1
qwen,h2_choice,65,random,AsBa,0,0.032200000000000006,0.032200000000000006,0.032200000000000006,0,0,0,MP,2
qwen,h2_choice,65,random,AsBa,1,0.06219999999999998,0.06219999999999998,0.06220000000000003,0,0,0,MP,2
qwen,h2_choice,65,random,AsBa,2,0.031700000000000006,0.03170000000000006,0.03170000000000006,0,0,0,MP,2
qwen,h2_choice,65,random,AsBa,3,0.0017000000000000348,0.0017000000000000348,0.0017000000000000348,0,0,0,MP,2
qwen,h2_choice,65,random,AsCh,0,0.031200000000000006,0.031200000000000006,0.031200000000000006,1,1,1,MP,4
qwen,h2_choice,65,random,AsCh,1,0.031700000000000006,0.031700000000000006,0.03170000000000006,0,0,0,MP,4
qwen,h2_choice,65,random,AsCh,2,0.031700000000000006,0.03170000000000006,0.03170000000000006,0,0,0,MP,4
qwen,h2_choice,65,random,AsCh,3,0.031799999999999995,0.03179999999999994,0.03179999999999994,0,0,0,MP,4
qwen,h2_choice,65,random,AsCm,0,0.030700000000000005,0.030700000000000005,0.03070000000000006,0,0,0,OD1,2
qwen,h2_choice,65,random,AsCm,1,0.030799999999999994,0.030799999999999994,0.03079999999999994,0,0,0,OD1,2
qwen,h2_choice,65,random,AsCm,2,0.031399999999999983,0.031399999999999983,0.031399999999999983,1,1,1,OD1,2
qwen,h2_choice,65,random,AsCm,3,0.031200000000000006,0.031200000000000006,0.031200000000000006,0,0,0,OD1,2
qwen,h2_choice,65,random,AsCo,0,0.0008000000000000229,0.0008000000000000229,0.0008000000000000229,0,0,0,CO2,1
qwen,h2_choice,65,random,AsCo,1,0.03090000000000004,0.03090000000000004,0.03090000000000004,0,0,0,CO2,1
qwen,h2_choice,65,random,AsCo,2,0.032200000000000006,0.032200000000000006,0.032200000000000006,0,0,0,CO2,1
qwen,h2_choice,65,random,AsCo,3,0.03090000000000004,0.03090000000000015,0.03090000000000015,0,0,0,CO2,1
qwen,h2_choice,65,random,AsDl,0,0.03209999999999996,0.03209999999999996,0.03210000000000002,0,0,0,OD1,4
qwen,h2_choice,65,random,AsDl,1,0.03160000000000002,0.03160000000000002,0.03159999999999996,0,0,0,OD1,4
qwen,h2_choice,65,random,AsDl,2,0.030399999999999983,0.030399999999999983,0.030399999999999983,1,1,1,OD1,4
qwen,h2_choice,65,random,AsDl,3,0.0018999999999999573,0.0019000000000000128,0.0019000000000000128,0,0,0,OD1,4
qwen,h2_choice,65,random,AsHa,0,0.031200000000000006,0.031200000000000006,0.031200000000000006,0,0,0,OD2,1
qwen,h2_choice,65,random,AsHa,1,0.03300000000000003,0.03300000000000003,0.03300000000000003,0,0,0,OD2,1
qwen,h2_choice,65,random,AsHa,2,0.030700000000000005,0.03070000000000006,0.03070000000000006,0,0,0,OD2,1
qwen,h2_choice,65,random,AsHa,3,0.031700000000000006,0.03169999999999995,0.03169999999999995,0,0,0,OD2,1
qwen,h2_choice,65,random,AsHr,0,0.031200000000000006,0.031200000000000006,0.031200000000000006,0,0,0,MP,6
qwen,h2_choice,65,random,AsHr,1,0.03210000000000002,0.03210000000000002,0.03210000000000002,0,0,0,MP,6
qwen,h2_choice,65,random,AsHr,2,0.03169999999999995,0.03169999999999995,0.03169999999999995,1,1,1,MP,6
qwen,h2_choice,65,random,AsHr,3,0.03210000000000002,0.03210000000000002,0.03210000000000002,0,0,0,MP,6
qwen,h2_choice,65,random,AsNc,0,0.061,0.061,0.061,0,0,0,OD2,3
qwen,h2_choice,65,random,AsNc,1,0.03210000000000002,0.03210000000000002,0.03210000000000002,0,0,0,OD2,3
qwen,h2_choice,65,random,AsNc,2,0.031100000000000017,0.031100000000000017,0.031100000000000017,0,0,0,OD2,3
qwen,h2_choice,65,random,AsNc,3,0.03209999999999996,0.032099999999999906,0.032099999999999906,0,0,0,OD2,3
qwen,h2_choice,65,random,AsPc,0,0.03200000000000003,0.03200000000000003,0.03200000000000003,0,0,0,OD2,5
qwen,h2_choice,65,random,AsPc,1,0.03090000000000004,0.03090000000000004,0.03090000000000004,0,0,0,OD2,5
qwen,h2_choice,65,random,AsPc,2,0.03240000000000004,0.032399999999999984,0.032399999999999984,0,0,0,OD2,5
qwen,h2_choice,65,random,AsPc,3,0.05879999999999996,0.05879999999999996,0.05879999999999996,0,0,0,OD2,5
qwen,h2_choice,65,random,AsPd,0,0.032200000000000006,0.032200000000000006,0.032200000000000006,1,1,1,OD1,6
qwen,h2_choice,65,random,AsPd,1,0.031399999999999983,0.031399999999999983,0.031399999999999983,0,0,0,OD1,6
qwen,h2_choice,65,random,AsPd,2,0.032299999999999995,0.032299999999999995,0.032299999999999995,0,0,0,OD1,6
qwen,h2_choice,65,random,AsPd,3,0.030999999999999972,0.031000000000000028,0.031000000000000028,0,0,0,OD1,6
qwen,h2_choice,65,random,AsSh,0,0.031700000000000006,0.031700000000000006,0.031700000000000006,0,0,0,CO1,3
qwen,h2_choice,65,random,AsSh,1,0.031100000000000017,0.031100000000000017,0.031100000000000017,0,0,0,CO1,3
qwen,h2_choice,65,random,AsSh,2,0.0005999999999999894,0.0006000000000000449,0.0006000000000000449,0,0,0,CO1,3
qwen,h2_choice,65,random,AsSh,3,0.030700000000000005,0.03070000000000006,0.03070000000000006,0,0,0,CO1,3
qwen,h2_choice,65,random,BaAs,0,0.0005000000000000004,0.0005000000000000004,0.0005000000000000004,0,0,0,MP,1
qwen,h2_choice,65,random,BaAs,1,0.031000000000000028,0.031000000000000028,0.031000000000000028,0,0,0,MP,1
qwen,h2_choice,65,random,BaAs,2,0.03249999999999997,0.03249999999999997,0.03249999999999997,1,1,1,MP,1
qwen,h2_choice,65,random,BaAs,3,0.030999999999999972,0.031000000000000028,0.031000000000000028,0,0,0,MP,1
qwen,h2_choice,65,random,BaBa,0,0.06330000000000002,0.06330000000000002,0.06330000000000002,1,1,1,CO2,3
qwen,h2_choice,65,random,BaBa,1,0.029299999999999993,0.029299999999999993,0.029299999999999993,0,0,0,CO2,3
qwen,h2_choice,65,random,BaBa,2,0.030200000000000005,0.030200000000000005,0.030200000000000005,0,0,0,CO2,3
qwen,h2_choice,65,random,BaBa,3,0.032299999999999995,0.032299999999999995,0.032299999999999995,0,0,0,CO2,3
qwen,h2_choice,65,random,BaCh,0,0.031399999999999983,0.031399999999999983,0.031399999999999983,0,0,0,CO2,4
qwen,h2_choice,65,random,BaCh,1,0.03250000000000003,0.03250000000000003,0.03250000000000003,0,0,0,CO2,4
qwen,h2_choice,65,random,BaCh,2,0.0625,0.0625,0.0625,0,0,0,CO2,4
qwen,h2_choice,65,random,BaCh,3,0.03259999999999996,0.03259999999999996,0.03259999999999996,0,0,0,CO2,4
qwen,h2_choice,65,random,BaCm,0,0.06080000000000002,0.06080000000000002,0.06080000000000002,0,0,0,OD1,1
qwen,h2_choice,65,random,BaCm,1,0.0015999999999999903,0.0015999999999999903,0.0015999999999999903,0,0,0,OD1,1
qwen,h2_choice,65,random,BaCm,2,0.0020999999999999908,0.0020999999999999908,0.0020999999999999908,0,0,0,OD1,1
qwen,h2_choice,65,random,BaCm,3,0.03090000000000004,0.03090000000000004,0.03090000000000004,1,1,1,OD1,1
qwen,h2_choice,65,random,BaCo,0,0.0625,0.0625,0.0625,0,0,0,MP,3
qwen,h2_choice,65,random,BaCo,1,0.06119999999999998,0.06119999999999998,0.06119999999999998,0,0,0,MP,3
qwen,h2_choice,65,random,BaCo,2,0.06040000000000001,0.06040000000000001,0.06040000000000001,0,0,0,MP,3
qwen,h2_choice,65,random,BaCo,3,0.06330000000000002,0.06330000000000002,0.06330000000000002,0,0,0,MP,3
qwen,h2_choice,65,random,BaDl,0,0.0025000000000000022,0.0025000000000000022,0.0025000000000000022,0,0,0,OD1,3
qwen,h2_choice,65,random,BaDl,1,0.06009999999999999,0.06009999999999999,0.06009999999999999,0,0,0,OD1,3
qwen,h2_choice,65,random,BaDl,2,0.06279999999999997,0.06279999999999997,0.06279999999999997,1,1,1,OD1,3
qwen,h2_choice,65,random,BaDl,3,0.0012000000000000344,0.0011999999999999789,0.0011999999999999789,0,0,0,OD1,3
qwen,h2_choice,65,random,BaHa,0,0.06,0.06,0.06000000000000005,0,0,0,OD2,2
qwen,h2_choice,65,random,BaHa,1,0.031799999999999995,0.031799999999999995,0.03180000000000005,0,0,0,OD2,2
qwen,h2_choice,65,random,BaHa,2,0.06170000000000009,0.06170000000000009,0.06170000000000009,0,0,0,OD2,2
qwen,h2_choice,65,random,BaHa,3,0.0019000000000000128,0.0019000000000000128,0.0019000000000000128,0,0,0,OD2,2
qwen,h2_choice,65,random,BaHr,0,0.061499999999999944,0.061499999999999944,0.061499999999999944,1,1,1,CO1,5
qwen,h2_choice,65,random,BaHr,1,0.03200000000000003,0.03200000000000003,0.03200000000000003,0,0,0,CO1,5
qwen,h2_choice,65,random,BaHr,2,0.030299999999999994,0.030299999999999994,0.030299999999999994,0,0,0,CO1,5
qwen,h2_choice,65,random,BaHr,3,0.03169999999999995,0.03169999999999995,0.03169999999999995,1,1,1,CO1,5
qwen,h2_choice,65,random,BaNc,0,0.03190000000000004,0.03190000000000004,0.03190000000000004,0,0,0,OD2,4
qwen,h2_choice,65,random,BaNc,1,0.03270000000000001,0.03270000000000001,0.03270000000000006,0,0,0,OD2,4
qwen,h2_choice,65,random,BaNc,2,0.06330000000000002,0.06330000000000002,0.06330000000000002,0,0,0,OD2,4
qwen,h2_choice,65,random,BaNc,3,0.0015999999999999903,0.0015999999999999348,0.0015999999999999348,0,0,0,OD2,4
qwen,h2_choice,65,random,BaPc,0,0.031700000000000006,0.031700000000000006,0.03170000000000006,0,0,0,OD2,6
qwen,h2_choice,65,random,BaPc,1,0.031100000000000017,0.031100000000000017,0.031100000000000017,0,0,0,OD2,6
qwen,h2_choice,65,random,BaPc,2,0.05989999999999995,0.05989999999999995,0.05989999999999995,0,0,0,OD2,6
qwen,h2_choice,65,random,BaPc,3,0.031399999999999983,0.031399999999999983,0.031399999999999983,0,0,0,OD2,6
qwen,h2_choice,65,random,BaPd,0,0.031299999999999994,0.031299999999999994,0.031299999999999994,0,0,0,OD1,5
qwen,h2_choice,65,random,BaPd,1,0.029899999999999982,0.029899999999999982,0.029899999999999982,0,0,0,OD1,5
qwen,h2_choice,65,random,BaPd,2,0.05940000000000001,0.05940000000000001,0.05940000000000001,0,0,0,OD1,5
qwen,h2_choice,65,random,BaPd,3,0.031399999999999983,0.031399999999999983,0.031399999999999983,0,0,0,OD1,5
qwen,h2_choice,65,random,BaSh,0,0.06040000000000001,0.06040000000000001,0.06040000000000001,0,0,0,MP,5
qwen,h2_choice,65,random,BaSh,1,0.031200000000000006,0.031200000000000006,0.031200000000000006,0,0,0,MP,5
qwen,h2_choice,65,random,BaSh,2,0.033299999999999996,0.033299999999999996,0.033299999999999996,0,0,0,MP,5
qwen,h2_choice,65,random,BaSh,3,0.03200000000000003,0.03200000000000003,0.03200000000000003,0,0,0,MP,5
qwen,h2_choice,65,random,ChAs,0,0.06040000000000001,0.06040000000000001,0.06040000000000001,0,0,0,MP,7
qwen,h2_choice,65,random,ChAs,1,0.031200000000000006,0.031200000000000006,0.031200000000000006,0,0,0,MP,7
qwen,h2_choice,65,random,ChAs,2,0.032299999999999995,0.032299999999999995,0.032299999999999995,0,0,0,MP,7
qwen,h2_choice,65,random,ChAs,3,0.032200000000000006,0.032200000000000006,0.032200000000000006,0,0,0,MP,7
qwen,h2_choice,65,random,ChBa,0,0.030200000000000005,0.030200000000000005,0.030200000000000005,0,0,0,CO2,5
qwen,h2_choice,65,random,ChBa,1,0.029799999999999993,0.029799999999999993,0.029799999999999993,0,0,0,CO2,5
qwen,h2_choice,65,random,ChBa,2,0.05909999999999993,0.05909999999999993,0.05909999999999993,0,0,0,CO2,5
qwen,h2_choice,65,random,ChBa,3,0.03059999999999996,0.03059999999999996,0.03059999999999996,1,1,1,CO2,5
qwen,h2_choice,65,random,ChCh,0,0.029899999999999982,0.029899999999999982,0.029899999999999982,0,0,0,CO2,6
qwen,h2_choice,65,random,ChCh,1,0.030799999999999994,0.030799999999999994,0.030799999999999994,0,0,0,CO2,6
qwen,h2_choice,65,random,ChCh,2,0.031200000000000006,0.031200000000000006,0.031200000000000006,1,1,1,CO2,6
qwen,h2_choice,65,random,ChCh,3,0.0018000000000000238,0.0018000000000000238,0.0018000000000000238,0,0,0,CO2,6
qwen,h2_choice,65,random,ChCm,0,0.06090000000000001,0.06090000000000001,0.06090000000000001,0,0,0,OD1,7
qwen,h2_choice,65,random,ChCm,1,0.0015000000000000013,0.0015000000000000013,0.0015000000000000013,0,0,0,OD1,7
qwen,h2_choice,65,random,ChCm,2,0.05909999999999993,0.05909999999999993,0.05909999999999993,0,0,0,OD1,7
qwen,h2_choice,65,random,ChCm,3,0.03200000000000003,0.03200000000000003,0.03200000000000003,1,1,1,OD1,7
qwen,h2_choice,65,random,ChCo,0,0.031399999999999983,0.031399999999999983,0.031399999999999983,0,0,0,MP,9
qwen,h2_choice,65,random,ChCo,1,0.029700000000000004,0.029700000000000004,0.029700000000000004,0,0,0,MP,9
qwen,h2_choice,65,random,ChCo,2,0.029200000000000004,0.029200000000000004,0.029200000000000004,0,0,0,MP,9
qwen,h2_choice,65,random,ChCo,3,0.032299999999999995,0.032299999999999995,0.032299999999999995,1,1,1,MP,9
qwen,h2_choice,65,random,ChDl,0,0.0020999999999999908,0.0020999999999999908,0.0020999999999999908,0,0,0,OD1,9
qwen,h2_choice,65,random,ChDl,1,0.0013000000000000234,0.0013000000000000234,0.0013000000000000234,0,0,0,OD1,9
qwen,h2_choice,65,random,ChDl,2,0.03200000000000003,0.03200000000000003,0.03200000000000003,0,0,0,OD1,9
qwen,h2_choice,65,random,ChDl,3,0.0010999999999999899,0.001100000000000101,0.001100000000000101,0,0,0,OD1,9
qwen,h2_choice,65,random,ChHa,0,0.06209999999999999,0.06209999999999999,0.062100000000000044,0,0,0,OD2,8
qwen,h2_choice,65,random,ChHa,1,0.0018000000000000238,0.0018000000000000238,0.0018000000000000238,0,0,0,OD2,8
qwen,h2_choice,65,random,ChHa,2,0.02970000000000006,0.02970000000000006,0.02970000000000006,0,0,0,OD2,8
qwen,h2_choice,65,random,ChHa,3,0.032299999999999995,0.032299999999999995,0.032299999999999995,1,1,1,OD2,8
qwen,h2_choice,65,random,ChHr,0,0.06090000000000001,0.06090000000000001,0.06090000000000001,0,0,0,CO1,6
qwen,h2_choice,65,random,ChHr,1,0.030100000000000016,0.030100000000000016,0.030100000000000016,0,0,0,CO1,6
qwen,h2_choice,65,random,ChHr,2,0.03059999999999996,0.03059999999999996,0.03059999999999996,0,0,0,CO1,6
qwen,h2_choice,65,random,ChHr,3,0.0010999999999999899,0.0010999999999999899,0.0010999999999999899,0,0,0,CO1,6
qwen,h2_choice,65,random,CmAs,0,0.05770000000000003,0.05770000000000003,0.057699999999999974,0,0,0,OD1,8
qwen,h2_choice,65,random,CmAs,1,0.0014000000000000123,0.0014000000000000123,0.0013999999999999568,0,0,0,OD1,8
qwen,h2_choice,65,random,CmAs,2,0.049699999999999966,0.049699999999999966,0.049699999999999966,0,0,0,OD1,8
qwen,h2_choice,65,random,CmAs,3,0.03070000000000006,0.03070000000000006,0.03070000000000006,0,0,0,OD1,8
qwen,h2_choice,65,random,CmCm,0,0.08290000000000003,0.08290000000000003,0.08290000000000008,0,0,0,DD,2
qwen,h2_choice,65,random,CmCm,1,0.025099999999999956,0.025099999999999956,0.0250999999999999,0,0,0,DD,2
qwen,h2_choice,65,random,CmCm,2,0.02429999999999999,0.02429999999999999,0.02429999999999999,0,0,0,DD,2
qwen,h2_choice,65,random,CmCm,3,0.030899999999999928,0.030899999999999928,0.030899999999999928,0,0,0,DD,2
qwen,h2_choice,65,random,CmDl,0,0.029700000000000004,0.029700000000000004,0.02969999999999995,0,0,0,DD,4
qwen,h2_choice,65,random,CmDl,1,0.0257,0.0257,0.025700000000000056,0,0,0,DD,4
qwen,h2_choice,65,random,CmDl,2,0.028100000000000014,0.028100000000000014,0.028100000000000014,0,0,0,DD,4
qwen,h2_choice,65,random,CmDl,3,0.06169999999999998,0.06169999999999998,0.06169999999999998,0,0,0,DD,4
qwen,h2_choice,65,random,CmHa,0,0.055900000000000005,0.055900000000000005,0.05589999999999995,0,0,0,DD,6
qwen,h2_choice,65,random,CmHa,1,0.027100000000000013,0.027100000000000013,0.027099999999999902,0,0,0,DD,6
qwen,h2_choice,65,random,CmHa,2,0.024699999999999944,0.024699999999999944,0.024699999999999944,0,0,0,DD,6
qwen,h2_choice,65,random,CmHa,3,0.06059999999999999,0.06059999999999999,0.06059999999999999,0,0,0,DD,6
qwen,h2_choice,65,random,CmNc,0,0.05940000000000001,0.05940000000000001,0.0593999999999999,0,0,0,DD,8
qwen,h2_choice,65,random,CmNc,1,0.02959999999999996,0.02959999999999996,0.02959999999999985,0,0,0,DD,8
qwen,h2_choice,65,random,CmNc,2,0.04410000000000003,0.04410000000000003,0.04410000000000003,0,0,0,DD,8
qwen,h2_choice,65,random,CmNc,3,0.031399999999999983,0.031399999999999983,0.031399999999999983,0,0,0,DD,8
qwen,h2_choice,65,random,CoAs,0,0.030200000000000005,0.030200000000000005,0.030200000000000005,0,0,0,CO2,7
qwen,h2_choice,65,random,CoAs,1,0.0018999999999999573,0.0018999999999999573,0.0018999999999999573,0,0,0,CO2,7
qwen,h2_choice,65,random,CoAs,2,0.05579999999999996,0.05579999999999996,0.05579999999999996,0,0,0,CO2,7
qwen,h2_choice,65,random,CoAs,3,0.029900000000000038,0.029900000000000038,0.029900000000000038,0,0,0,CO2,7
qwen,h2_choice,65,random,CoCo,0,0.03169999999999995,0.03169999999999995,0.03169999999999995,1,1,1,CO1,7
qwen,h2_choice,65,random,CoCo,1,0.03249999999999997,0.03249999999999997,0.03249999999999997,0,0,0,CO1,7
qwen,h2_choice,65,random,CoCo,2,0.030899999999999983,0.030899999999999928,0.030899999999999928,0,0,0,CO1,7
qwen,h2_choice,65,random,CoCo,3,0.031700000000000006,0.03169999999999995,0.03169999999999995,0,0,0,CO1,7
qwen,h2_choice,65,random,CoSh,0,0.06230000000000002,0.06230000000000002,0.06230000000000002,0,0,0,CO2,8
qwen,h2_choice,65,random,CoSh,1,0.03200000000000003,0.03200000000000003,0.03200000000000003,1,1,1,CO2,8
qwen,h2_choice,65,random,CoSh,2,0.03080000000000005,0.03080000000000005,0.03080000000000005,0,0,0,CO2,8
qwen,h2_choice,65,random,CoSh,3,0.02789999999999998,0.027899999999999925,0.027899999999999925,0,0,0,CO2,8
qwen,h2_choice,65,random,HaAs,0,0.05810000000000004,0.05810000000000004,0.05810000000000004,0,0,0,OD2,7
qwen,h2_choice,65,random,HaAs,1,0.029900000000000038,0.029900000000000038,0.029900000000000038,0,0,0,OD2,7
qwen,h2_choice,65,random,HaAs,2,0.027100000000000013,0.027099999999999902,0.027099999999999902,0,0,0,OD2,7
qwen,h2_choice,65,random,HaAs,3,0.02529999999999999,0.02529999999999999,0.02529999999999999,0,0,0,OD2,7
qwen,h2_choice,65,random,HaBa,0,0.025699999999999945,0.025699999999999945,0.025699999999999945,0,0,0,OD2,9
qwen,h2_choice,65,random,HaBa,1,0.05910000000000004,0.05910000000000004,0.05910000000000004,0,0,0,OD2,9
qwen,h2_choice,65,random,HaBa,2,0.030799999999999994,0.03079999999999994,0.03079999999999994,0,0,0,OD2,9
qwen,h2_choice,65,random,HaBa,3,0.029700000000000004,0.02969999999999995,0.02969999999999995,0,0,0,OD2,9
qwen,h2_choice,65,random,HaCm,0,0.031000000000000028,0.031000000000000028,0.031000000000000028,0,0,0,DD,1
qwen,h2_choice,65,random,HaCm,1,0.03159999999999996,0.03159999999999996,0.03159999999999996,0,0,0,DD,1
qwen,h2_choice,65,random,HaCm,2,0.0615,0.0615,0.0615,0,0,0,DD,1
qwen,h2_choice,65,random,HaCm,3,0.02949999999999997,0.02949999999999997,0.02949999999999997,0,0,0,DD,1
qwen,h2_choice,65,random,HaDl,0,0.05159999999999998,0.05159999999999998,0.05159999999999998,0,0,0,DD,3
qwen,h2_choice,65,random,HaDl,1,0.032399999999999984,0.032399999999999984,0.032399999999999984,0,0,0,DD,3
qwen,h2_choice,65,random,HaDl,2,0.031100000000000017,0.031100000000000017,0.031100000000000017,0,0,0,DD,3
qwen,h2_choice,65,random,HaDl,3,0.028400000000000036,0.028400000000000092,0.028400000000000092,0,0,0,DD,3
qwen,h2_choice,65,random,HaHa,0,0.029400000000000093,0.029400000000000093,0.029400000000000093,0,0,0,DD,5
qwen,h2_choice,65,random,HaHa,1,0.031100000000000017,0.031100000000000017,0.031100000000000017,0,0,0,DD,5
qwen,h2_choice,65,random,HaHa,2,0.0014000000000000123,0.0013999999999999568,0.0013999999999999568,0,0,0,DD,5
qwen,h2_choice,65,random,HaHa,3,0.0011999999999999789,0.0011999999999999789,0.0011999999999999789,0,0,0,DD,5
qwen,h2_choice,65,random,HaNc,0,0.027100000000000013,0.027100000000000013,0.027100000000000013,0,0,0,DD,7
qwen,h2_choice,65,random,HaNc,1,0.03080000000000005,0.03080000000000005,0.03080000000000005,0,0,0,DD,7
qwen,h2_choice,65,random,HaNc,2,0.026600000000000013,0.026600000000000068,0.026600000000000068,0,0,0,DD,7
qwen,h2_choice,65,random,HaNc,3,0.02939999999999998,0.02939999999999987,0.02939999999999987,0,0,0,DD,7
qwen,h2_choice,65,random,HaPc,0,0.05700000000000005,0.05700000000000005,0.05700000000000005,0,0,0,DD,9
qwen,h2_choice,65,random,HaPc,1,0.031100000000000017,0.031100000000000017,0.031100000000000017,0,0,0,DD,9
qwen,h2_choice,65,random,HaPc,2,0.02799999999999997,0.027999999999999914,0.027999999999999914,0,0,0,DD,9
qwen,h2_choice,65,random,HaPc,3,0.02939999999999998,0.02939999999999987,0.02939999999999987,0,0,0,DD,9
qwen,h2_choice,65,random,HrAs,0,0.031299999999999994,0.031299999999999994,0.031299999999999994,0,0,0,MP,8
qwen,h2_choice,65,random,HrAs,1,0.029899999999999982,0.029899999999999982,0.029899999999999927,0,0,0,MP,8
qwen,h2_choice,65,random,HrAs,2,0.05790000000000006,0.05790000000000006,0.05790000000000006,0,0,0,MP,8
qwen,h2_choice,65,random,HrAs,3,0.03259999999999996,0.03259999999999996,0.03259999999999996,0,0,0,MP,8
qwen,h2_choice,65,random,HrBa,0,0.031100000000000017,0.031100000000000017,0.031100000000000017,0,0,0,CO1,2
qwen,h2_choice,65,random,HrBa,1,0.030299999999999994,0.030299999999999994,0.030299999999999994,0,0,0,CO1,2
qwen,h2_choice,65,random,HrBa,2,0.04820000000000002,0.04820000000000002,0.04820000000000002,0,0,0,CO1,2
qwen,h2_choice,65,random,HrBa,3,0.0615,0.0615,0.0615,0,0,0,CO1,2
qwen,h2_choice,65,random,HrCh,0,0.058499999999999996,0.058499999999999996,0.058499999999999996,0,0,0,CO1,4
qwen,h2_choice,65,random,HrCh,1,0.028700000000000003,0.028700000000000003,0.02870000000000006,0,0,0,CO1,4
qwen,h2_choice,65,random,HrCh,2,0.05679999999999996,0.05679999999999996,0.05679999999999996,0,0,0,CO1,4
qwen,h2_choice,65,random,HrCh,3,0.03159999999999996,0.03159999999999996,0.03159999999999996,0,0,0,CO1,4
qwen,h2_choice,65,random,HrHr,0,0.032200000000000006,0.032200000000000006,0.032200000000000006,0,0,0,CO2,2
qwen,h2_choice,65,random,HrHr,1,0.028600000000000014,0.028600000000000014,0.02860000000000007,0,0,0,CO2,2
qwen,h2_choice,65,random,HrHr,2,0.054200000000000026,0.054200000000000026,0.054200000000000026,0,0,0,CO2,2
qwen,h2_choice,65,random,HrHr,3,0.03190000000000004,0.03190000000000004,0.03190000000000004,0,0,0,CO2,2
qwen,h2_choice,65,random,ShAs,0,0.062,0.062,0.062,0,0,0,CO1,8
qwen,h2_choice,65,random,ShAs,1,0.031100000000000017,0.031100000000000017,0.031100000000000017,0,0,0,CO1,8
qwen,h2_choice,65,random,ShAs,2,0.06090000000000001,0.060900000000000065,0.060900000000000065,0,0,0,CO1,8
qwen,h2_choice,65,random,ShAs,3,0.06059999999999999,0.06059999999999999,0.06059999999999999,0,0,0,CO1,8
qwen,h2_choice,65,random,ShCo,0,0.029899999999999982,0.029899999999999982,0.029899999999999982,0,0,0,CO2,9
qwen,h2_choice,65,random,ShCo,1,0.0605,0.0605,0.0605,0,0,0,CO2,9
qwen,h2_choice,65,random,ShCo,2,0.0615,0.0615,0.0615,0,0,0,CO2,9
qwen,h2_choice,65,random,ShCo,3,0.029700000000000004,0.02969999999999995,0.02969999999999995,0,0,0,CO2,9
qwen,h2_choice,65,random,ShSh,0,0.03190000000000004,0.03190000000000004,0.03190000000000004,0,0,0,CO1,9
qwen,h2_choice,65,random,ShSh,1,0.031000000000000028,0.031000000000000028,0.031000000000000028,0,0,0,CO1,9
qwen,h2_choice,65,random,ShSh,2,0.06209999999999999,0.062100000000000044,0.062100000000000044,0,0,0,CO1,9
qwen,h2_choice,65,random,ShSh,3,0.031200000000000006,0.031199999999999894,0.031199999999999894,0,0,0,CO1,9
qwen,h2_choice,79,main,AsAs,0,0.0927,0.0927,0.0927,0,0,0,CO1,1
qwen,h2_choice,79,main,AsAs,1,0.0902,0.0902,0.0902,0,0,0,CO1,1
qwen,h2_choice,79,main,AsAs,2,0.09450000000000003,0.09450000000000003,0.09450000000000003,1,1,1,CO1,1
qwen,h2_choice,79,main,AsAs,3,0.09260000000000002,0.09260000000000002,0.09260000000000002,0,0,0,CO1,1
qwen,h2_choice,79,main,AsBa,0,0.12440000000000001,0.12440000000000001,0.12440000000000007,1,1,1,MP,2
qwen,h2_choice,79,main,AsBa,1,0.0927,0.0927,0.0927,0,0,0,MP,2
qwen,h2_choice,79,main,AsBa,2,0.0938,0.0938,0.0938,1,1,1,MP,2
qwen,h2_choice,79,main,AsBa,3,0.08879999999999999,0.08879999999999999,0.08879999999999999,0,0,0,MP,2
qwen,h2_choice,79,main,AsCh,0,0.09250000000000003,0.09250000000000003,0.09250000000000003,1,1,1,MP,4
qwen,h2_choice,79,main,AsCh,1,0.09179999999999999,0.09179999999999999,0.09179999999999999,0,0,0,MP,4
qwen,h2_choice,79,main,AsCh,2,0.09260000000000002,0.09260000000000002,0.09260000000000002,0,0,0,MP,4
qwen,h2_choice,79,main,AsCh,3,0.09079999999999999,0.09079999999999999,0.09079999999999999,0,0,0,MP,4
qwen,h2_choice,79,main,AsCm,0,0.09309999999999996,0.09309999999999996,0.09309999999999996,0,0,0,OD1,2
qwen,h2_choice,79,main,AsCm,1,0.0902,0.0902,0.09019999999999995,0,0,0,OD1,2
qwen,h2_choice,79,main,AsCm,2,0.09390000000000004,0.0939000000000001,0.0939000000000001,1,1,1,OD1,2
qwen,h2_choice,79,main,AsCm,3,0.09179999999999999,0.09179999999999999,0.09179999999999999,0,0,0,OD1,2
qwen,h2_choice,79,main,AsCo,0,0.0923,0.0923,0.0923,0,0,0,CO2,1
qwen,h2_choice,79,main,AsCo,1,0.09160000000000001,0.09160000000000001,0.09160000000000001,0,0,0,CO2,1
qwen,h2_choice,79,main,AsCo,2,0.09350000000000003,0.09350000000000003,0.09350000000000003,0,0,0,CO2,1
qwen,h2_choice,79,main,AsCo,3,0.062100000000000044,0.062100000000000044,0.062100000000000044,0,0,0,CO2,1
qwen,h2_choice,79,main,AsDl,0,0.12219999999999998,0.12219999999999998,0.12219999999999998,0,0,0,OD1,4
qwen,h2_choice,79,main,AsDl,1,0.0902,0.0902,0.09019999999999995,0,0,0,OD1,4
qwen,h2_choice,79,main,AsDl,2,0.0933,0.09330000000000005,0.09330000000000005,1,1,1,OD1,4
qwen,h2_choice,79,main,AsDl,3,0.0615,0.0615,0.0615,0,0,0,OD1,4
qwen,h2_choice,79,main,AsHa,0,0.06219999999999998,0.06219999999999998,0.06219999999999998,0,0,0,OD2,1
qwen,h2_choice,79,main,AsHa,1,0.09350000000000003,0.09350000000000003,0.09350000000000003,0,0,0,OD2,1
qwen,h2_choice,79,main,AsHa,2,0.09160000000000001,0.09160000000000001,0.09160000000000001,0,0,0,OD2,1
qwen,h2_choice,79,main,AsHa,3,0.08940000000000003,0.08939999999999992,0.08939999999999992,0,0,0,OD2,1
qwen,h2_choice,79,main,AsHr,0,0.09429999999999994,0.09429999999999994,0.09429999999999994,0,0,0,MP,6
qwen,h2_choice,79,main,AsHr,1,0.09129999999999999,0.09129999999999999,0.09130000000000005,0,0,0,MP,6
qwen,h2_choice,79,main,AsHr,2,0.062100000000000044,0.062100000000000044,0.062100000000000044,1,1,1,MP,6
qwen,h2_choice,79,main,AsHr,3,0.09160000000000001,0.09160000000000013,0.09160000000000013,0,0,0,MP,6
qwen,h2_choice,79,main,AsNc,0,0.09260000000000002,0.09260000000000002,0.09260000000000002,0,0,0,OD2,3
qwen,h2_choice,79,main,AsNc,1,0.09160000000000001,0.09160000000000001,0.09160000000000001,0,0,0,OD2,3
qwen,h2_choice,79,main,AsNc,2,0.09260000000000002,0.09260000000000002,0.09260000000000002,0,0,0,OD2,3
qwen,h2_choice,79,main,AsNc,3,0.062,0.061999999999999944,0.061999999999999944,0,0,0,OD2,3
qwen,h2_choice,79,main,AsPc,0,0.06180000000000002,0.06180000000000002,0.06180000000000002,0,0,0,OD2,5
qwen,h2_choice,79,main,AsPc,1,0.09260000000000002,0.09260000000000002,0.09260000000000002,0,0,0,OD2,5
qwen,h2_choice,79,main,AsPc,2,0.122,0.122,0.122,0,0,0,OD2,5
qwen,h2_choice,79,main,AsPc,3,0.08800000000000002,0.08799999999999997,0.08799999999999997,0,0,0,OD2,5
qwen,h2_choice,79,main,AsPd,0,0.12250000000000005,0.12250000000000005,0.12250000000000005,1,1,1,OD1,6
qwen,h2_choice,79,main,AsPd,1,0.12490000000000001,0.12490000000000001,0.12490000000000001,1,1,1,OD1,6
qwen,h2_choice,79,main,AsPd,2,0.12360000000000004,0.12360000000000004,0.12360000000000004,1,1,1,OD1,6
qwen,h2_choice,79,main,AsPd,3,0.0923,0.09230000000000005,0.09230000000000005,0,0,0,OD1,6
qwen,h2_choice,79,main,AsSh,0,0.09270000000000006,0.09270000000000006,0.09270000000000006,1,1,1,CO1,3
qwen,h2_choice,79,main,AsSh,1,0.09099999999999997,0.09099999999999997,0.09099999999999997,0,0,0,CO1,3
qwen,h2_choice,79,main,AsSh,2,0.06379999999999997,0.06379999999999997,0.06379999999999997,0,0,0,CO1,3
qwen,h2_choice,79,main,AsSh,3,0.09129999999999999,0.09129999999999994,0.09129999999999994,0,0,0,CO1,3
qwen,h2_choice,79,main,BaAs,0,0.08940000000000003,0.08940000000000003,0.08940000000000003,0,0,0,MP,1
qwen,h2_choice,79,main,BaAs,1,0.0897,0.0897,0.0897,0,0,0,MP,1
qwen,h2_choice,79,main,BaAs,2,0.0938,0.0938,0.0938,1,1,1,MP,1
qwen,h2_choice,79,main,BaAs,3,0.0927,0.0927,0.0927,0,0,0,MP,1
qwen,h2_choice,79,main,BaBa,0,0.09239999999999998,0.09239999999999998,0.09239999999999998,1,1,1,CO2,3
qwen,h2_choice,79,main,BaBa,1,0.0615,0.0615,0.0615,0,0,0,CO2,3
qwen,h2_choice,79,main,BaBa,2,0.05920000000000003,0.05920000000000003,0.05920000000000003,0,0,0,CO2,3
qwen,h2_choice,79,main,BaBa,3,0.0933,0.09330000000000005,0.09330000000000005,1,1,1,CO2,3
qwen,h2_choice,79,main,BaCh,0,0.0933,0.0933,0.0933,1,1,1,CO2,4
qwen,h2_choice,79,main,BaCh,1,0.0907,0.0907,0.0907,0,0,0,CO2,4
qwen,h2_choice,79,main,BaCh,2,0.12359999999999999,0.12359999999999993,0.12359999999999993,1,1,1,CO2,4
qwen,h2_choice,79,main,BaCh,3,0.09259999999999996,0.09260000000000002,0.09260000000000002,1,1,1,CO2,4
qwen,h2_choice,79,main,BaCm,0,0.12349999999999994,0.12349999999999994,0.12349999999999994,1,1,1,OD1,1
qwen,h2_choice,79,main,BaCm,1,0.08950000000000002,0.08950000000000002,0.08950000000000002,0,0,0,OD1,1
qwen,h2_choice,79,main,BaCm,2,0.062000000000000055,0.062000000000000055,0.062000000000000055,0,0,0,OD1,1
qwen,h2_choice,79,main,BaCm,3,0.09369999999999995,0.0936999999999999,0.0936999999999999,1,1,1,OD1,1
qwen,h2_choice,79,main,BaCo,0,0.12259999999999999,0.12259999999999999,0.12259999999999999,1,1,1,MP,3
qwen,h2_choice,79,main,BaCo,1,0.11900000000000005,0.11900000000000005,0.11900000000000005,0,0,0,MP,3
qwen,h2_choice,79,main,BaCo,2,0.12250000000000005,0.12250000000000005,0.12250000000000005,1,1,1,MP,3
qwen,h2_choice,79,main,BaCo,3,0.12479999999999997,0.12479999999999991,0.12479999999999991,1,1,1,MP,3
qwen,h2_choice,79,main,BaDl,0,0.06120000000000003,0.06120000000000003,0.06120000000000003,0,0,0,OD1,3
qwen,h2_choice,79,main,BaDl,1,0.11909999999999998,0.11909999999999998,0.11909999999999998,0,0,0,OD1,3
qwen,h2_choice,79,main,BaDl,2,0.12240000000000001,0.12239999999999995,0.12239999999999995,1,1,1,OD1,3
qwen,h2_choice,79,main,BaDl,3,0.123,0.123,0.123,0,0,0,OD1,3
qwen,h2_choice,79,main,BaHa,0,0.09350000000000003,0.09350000000000003,0.09350000000000003,0,0,0,OD2,2
qwen,h2_choice,79,main,BaHa,1,0.08879999999999999,0.08879999999999999,0.08879999999999999,0,0,0,OD2,2
qwen,h2_choice,79,main,BaHa,2,0.0908000000000001,0.0908000000000001,0.0908000000000001,0,0,0,OD2,2
qwen,h2_choice,79,main,BaHa,3,0.12470000000000003,0.12470000000000003,0.12470000000000003,1,1,1,OD2,2
qwen,h2_choice,79,main,BaHr,0,0.09449999999999997,0.09449999999999997,0.09449999999999997,1,1,1,CO1,5
qwen,h2_choice,79,main,BaHr,1,0.09129999999999999,0.09129999999999999,0.09129999999999999,0,0,0,CO1,5
qwen,h2_choice,79,main,BaHr,2,0.08719999999999994,0.08719999999999994,0.08719999999999994,0,0,0,CO1,5
qwen,h2_choice,79,main,BaHr,3,0.09359999999999996,0.09360000000000002,0.09360000000000002,1,1,1,CO1,5
qwen,h2_choice,79,main,BaNc,0,0.09300000000000003,0.09300000000000003,0.09299999999999997,0,0,0,OD2,4
qwen,h2_choice,79,main,BaNc,1,0.12269999999999998,0.12269999999999998,0.12270000000000003,0,0,0,OD2,4
qwen,h2_choice,79,main,BaNc,2,0.09260000000000002,0.09260000000000002,0.09260000000000002,0,0,0,OD2,4
qwen,h2_choice,79,main,BaNc,3,0.09199999999999997,0.09199999999999997,0.09199999999999997,0,0,0,OD2,4
qwen,h2_choice,79,main,BaPc,0,0.09499999999999997,0.09499999999999997,0.09499999999999997,1,1,1,OD2,6
qwen,h2_choice,79,main,BaPc,1,0.09079999999999999,0.09079999999999999,0.09079999999999999,0,0,0,OD2,6
qwen,h2_choice,79,main,BaPc,2,0.11849999999999994,0.11849999999999994,0.11849999999999994,0,0,0,OD2,6
qwen,h2_choice,79,main,BaPc,3,0.12490000000000001,0.12490000000000001,0.12490000000000001,1,1,1,OD2,6
qwen,h2_choice,79,main,BaPd,0,0.09349999999999997,0.09349999999999997,0.09349999999999997,1,1,1,OD1,5
qwen,h2_choice,79,main,BaPd,1,0.1205,0.1205,0.1205,0,0,0,OD1,5
qwen,h2_choice,79,main,BaPd,2,0.09179999999999999,0.09179999999999999,0.09179999999999999,0,0,0,OD1,5
qwen,h2_choice,79,main,BaPd,3,0.09399999999999997,0.09399999999999997,0.09399999999999997,1,1,1,OD1,5
qwen,h2_choice,79,main,BaSh,0,0.06059999999999999,0.06059999999999999,0.06059999999999999,0,0,0,MP,5
qwen,h2_choice,79,main,BaSh,1,0.11670000000000003,0.11670000000000003,0.11670000000000003,0,0,0,MP,5
qwen,h2_choice,79,main,BaSh,2,0.12219999999999998,0.12219999999999998,0.12219999999999998,0,0,0,MP,5
qwen,h2_choice,79,main,BaSh,3,0.11930000000000002,0.11929999999999996,0.11929999999999996,0,0,0,MP,5
qwen,h2_choice,79,main,ChAs,0,0.09260000000000002,0.09260000000000002,0.09260000000000002,0,0,0,MP,7
qwen,h2_choice,79,main,ChAs,1,0.05980000000000002,0.05980000000000002,0.05980000000000002,0,0,0,MP,7
qwen,h2_choice,79,main,ChAs,2,0.09190000000000009,0.09190000000000009,0.09190000000000009,0,0,0,MP,7
qwen,h2_choice,79,main,ChAs,3,0.12430000000000002,0.12430000000000008,0.12430000000000008,1,1,1,MP,7
qwen,h2_choice,79,main,ChBa,0,0.09000000000000002,0.09000000000000002,0.09000000000000002,0,0,0,CO2,5
qwen,h2_choice,79,main,ChBa,1,0.08929999999999999,0.08929999999999999,0.08929999999999999,0,0,0,CO2,5
qwen,h2_choice,79,main,ChBa,2,0.0867,0.0867,0.0867,0,0,0,CO2,5
qwen,h2_choice,79,main,ChBa,3,0.12479999999999997,0.12480000000000002,0.12480000000000002,1,1,1,CO2,5
qwen,h2_choice,79,main,ChCh,0,0.06040000000000001,0.06040000000000001,0.06040000000000001,0,0,0,CO2,6
qwen,h2_choice,79,main,ChCh,1,0.08899999999999997,0.08899999999999997,0.08899999999999997,0,0,0,CO2,6
qwen,h2_choice,79,main,ChCh,2,0.12239999999999995,0.12239999999999995,0.12239999999999995,1,1,1,CO2,6
qwen,h2_choice,79,main,ChCh,3,0.122,0.122,0.122,0,0,0,CO2,6
qwen,h2_choice,79,main,ChCm,0,0.06030000000000002,0.06030000000000002,0.06030000000000002,0,0,0,OD1,7
qwen,h2_choice,79,main,ChCm,1,0.08750000000000002,0.08750000000000002,0.08750000000000002,0,0,0,OD1,7
qwen,h2_choice,79,main,ChCm,2,0.0867,0.0867,0.0867,0,0,0,OD1,7
qwen,h2_choice,79,main,ChCm,3,0.09210000000000002,0.09210000000000007,0.09210000000000007,1,1,1,OD1,7
qwen,h2_choice,79,main,ChCo,0,0.06209999999999999,0.06209999999999999,0.06209999999999999,0,0,0,MP,9
qwen,h2_choice,79,main,ChCo,1,0.08879999999999999,0.08879999999999999,0.08879999999999999,0,0,0,MP,9
qwen,h2_choice,79,main,ChCo,2,0.055499999999999994,0.055499999999999994,0.055499999999999994,0,0,0,MP,9
qwen,h2_choice,79,main,ChCo,3,0.12430000000000002,0.12430000000000008,0.12430000000000008,1,1,1,MP,9
qwen,h2_choice,79,main,ChDl,0,0.09049999999999997,0.09049999999999997,0.09049999999999997,0,0,0,OD1,9
qwen,h2_choice,79,main,ChDl,1,0.08960000000000001,0.08960000000000001,0.08960000000000001,0,0,0,OD1,9
qwen,h2_choice,79,main,ChDl,2,0.09240000000000004,0.09240000000000004,0.09240000000000004,0,0,0,OD1,9
qwen,h2_choice,79,main,ChDl,3,0.0917,0.0917,0.0917,0,0,0,OD1,9
qwen,h2_choice,79,main,ChHa,0,0.09179999999999999,0.09179999999999999,0.09179999999999999,0,0,0,OD2,8
qwen,h2_choice,79,main,ChHa,1,0.0902,0.0902,0.09019999999999995,0,0,0,OD2,8
qwen,h2_choice,79,main,ChHa,2,0.08629999999999993,0.08629999999999993,0.08629999999999993,0,0,0,OD2,8
qwen,h2_choice,79,main,ChHa,3,0.09360000000000002,0.09360000000000002,0.09360000000000002,1,1,1,OD2,8
qwen,h2_choice,79,main,ChHr,0,0.12319999999999998,0.12319999999999998,0.12319999999999998,0,0,0,CO1,6
qwen,h2_choice,79,main,ChHr,1,0.05980000000000002,0.05980000000000002,0.05980000000000002,0,0,0,CO1,6
qwen,h2_choice,79,main,ChHr,2,0.08679999999999999,0.08679999999999999,0.08679999999999999,0,0,0,CO1,6
qwen,h2_choice,79,main,ChHr,3,0.06279999999999997,0.06279999999999997,0.06279999999999997,1,1,1,CO1,6
qwen,h2_choice,79,main,CmAs,0,0.11270000000000002,0.11270000000000002,0.11270000000000002,0,0,0,OD1,8
qwen,h2_choice,79,main,CmAs,1,0.08340000000000003,0.08340000000000003,0.08339999999999992,0,0,0,OD1,8
qwen,h2_choice,79,main,CmAs,2,0.09809999999999997,0.09809999999999997,0.09809999999999997,0,0,0,OD1,8
qwen,h2_choice,79,main,CmAs,3,0.09190000000000009,0.09190000000000009,0.09190000000000009,0,0,0,OD1,8
qwen,h2_choice,79,main,CmCm,0,0.0817,0.0817,0.0817000000000001,0,0,0,DD,2
qwen,h2_choice,79,main,CmCm,1,0.07570000000000002,0.07570000000000002,0.07569999999999999,0,0,0,DD,2
qwen,h2_choice,79,main,CmCm,2,0.0928,0.0928,0.0928,0,0,0,DD,2
qwen,h2_choice,79,main,CmCm,3,0.08920000000000006,0.08920000000000006,0.08920000000000006,0,0,0,DD,2
qwen,h2_choice,79,main,CmDl,0,0.055300000000000016,0.055300000000000016,0.055299999999999905,0,0,0,DD,4
qwen,h2_choice,79,main,CmDl,1,0.05299999999999999,0.05299999999999999,0.052999999999999936,0,0,0,DD,4
qwen,h2_choice,79,main,CmDl,2,0.08030000000000004,0.08030000000000004,0.08030000000000004,0,0,0,DD,4
qwen,h2_choice,79,main,CmDl,3,0.08789999999999998,0.08789999999999998,0.08789999999999998,0,0,0,DD,4
qwen,h2_choice,79,main,CmHa,0,0.07879999999999998,0.07879999999999998,0.07879999999999998,0,0,0,DD,6
qwen,h2_choice,79,main,CmHa,1,0.10690000000000005,0.10690000000000005,0.1069000000000001,0,0,0,DD,6
qwen,h2_choice,79,main,CmHa,2,0.07199999999999995,0.07199999999999995,0.07199999999999995,0,0,0,DD,6
qwen,h2_choice,79,main,CmHa,3,0.11809999999999998,0.11809999999999998,0.11809999999999998,0,0,0,DD,6
qwen,h2_choice,79,main,CmNc,0,0.09000000000000002,0.09000000000000002,0.08999999999999997,0,0,0,DD,8
qwen,h2_choice,79,main,CmNc,1,0.10770000000000002,0.10770000000000002,0.1076999999999999,0,0,0,DD,8
qwen,h2_choice,79,main,CmNc,2,0.04710000000000003,0.04710000000000003,0.04710000000000003,0,0,0,DD,8
qwen,h2_choice,79,main,CmNc,3,0.08849999999999991,0.08849999999999991,0.08849999999999991,0,0,0,DD,8
qwen,h2_choice,79,main,CoAs,0,0.09360000000000002,0.09360000000000002,0.09360000000000002,1,1,1,CO2,7
qwen,h2_choice,79,main,CoAs,1,0.09150000000000003,0.09150000000000003,0.09150000000000003,0,0,0,CO2,7
qwen,h2_choice,79,main,CoAs,2,0.08390000000000003,0.08390000000000009,0.08390000000000009,0,0,0,CO2,7
qwen,h2_choice,79,main,CoAs,3,0.10840000000000005,0.10840000000000005,0.10840000000000005,0,0,0,CO2,7
qwen,h2_choice,79,main,CoCo,0,0.0933,0.0933,0.0933,1,1,1,CO1,7
qwen,h2_choice,79,main,CoCo,1,0.1235,0.1235,0.1235,1,1,1,CO1,7
qwen,h2_choice,79,main,CoCo,2,0.11870000000000003,0.11870000000000003,0.11870000000000003,0,0,0,CO1,7
qwen,h2_choice,79,main,CoCo,3,0.09000000000000002,0.08999999999999997,0.08999999999999997,0,0,0,CO1,7
qwen,h2_choice,79,main,CoSh,0,0.09319999999999995,0.09319999999999995,0.09319999999999995,1,1,1,CO2,8
qwen,h2_choice,79,main,CoSh,1,0.061799999999999966,0.061799999999999966,0.061799999999999966,1,1,1,CO2,8
qwen,h2_choice,79,main,CoSh,2,0.05989999999999995,0.05989999999999984,0.05989999999999984,0,0,0,CO2,8
qwen,h2_choice,79,main,CoSh,3,0.08360000000000001,0.08360000000000001,0.08360000000000001,0,0,0,CO2,8
qwen,h2_choice,79,main,HaAs,0,0.05709999999999993,0.05709999999999993,0.05709999999999993,0,0,0,OD2,7
qwen,h2_choice,79,main,HaAs,1,0.09019999999999995,0.09019999999999995,0.09019999999999995,0,0,0,OD2,7
qwen,h2_choice,79,main,HaAs,2,0.07870000000000005,0.0787000000000001,0.0787000000000001,0,0,0,OD2,7
qwen,h2_choice,79,main,HaAs,3,0.07589999999999997,0.07589999999999986,0.07589999999999986,0,0,0,OD2,7
qwen,h2_choice,79,main,HaBa,0,0.04959999999999998,0.04959999999999998,0.04959999999999998,0,0,0,OD2,9
qwen,h2_choice,79,main,HaBa,1,0.08920000000000006,0.08920000000000006,0.08920000000000006,0,0,0,OD2,9
qwen,h2_choice,79,main,HaBa,2,0.1169,0.1169,0.1169,0,0,0,OD2,9
qwen,h2_choice,79,main,HaBa,3,0.08679999999999999,0.08679999999999999,0.08679999999999999,0,0,0,OD2,9
qwen,h2_choice,79,main,HaCm,0,0.059699999999999975,0.059699999999999975,0.059699999999999975,0,0,0,DD,1
qwen,h2_choice,79,main,HaCm,1,0.09319999999999995,0.09319999999999995,0.09319999999999995,1,1,1,DD,1
qwen,h2_choice,79,main,HaCm,2,0.122,0.122,0.122,0,0,0,DD,1
qwen,h2_choice,79,main,HaCm,3,0.06,0.05999999999999994,0.05999999999999994,0,0,0,DD,1
qwen,h2_choice,79,main,HaDl,0,0.08030000000000004,0.08030000000000004,0.08030000000000004,0,0,0,DD,3
qwen,h2_choice,79,main,HaDl,1,0.06130000000000002,0.06130000000000002,0.06130000000000002,0,0,0,DD,3
qwen,h2_choice,79,main,HaDl,2,0.09209999999999996,0.09209999999999996,0.09209999999999996,0,0,0,DD,3
qwen,h2_choice,79,main,HaDl,3,0.08679999999999999,0.08679999999999999,0.08679999999999999,0,0,0,DD,3
qwen,h2_choice,79,main,HaHa,0,0.05610000000000004,0.05610000000000004,0.05610000000000004,0,0,0,DD,5
qwen,h2_choice,79,main,HaHa,1,0.09060000000000001,0.09060000000000001,0.09060000000000001,0,0,0,DD,5
qwen,h2_choice,79,main,HaHa,2,0.11359999999999998,0.11359999999999992,0.11359999999999992,0,0,0,DD,5
qwen,h2_choice,79,main,HaHa,3,0.07640000000000002,0.07640000000000002,0.07640000000000002,0,0,0,DD,5
qwen,h2_choice,79,main,HaNc,0,0.052000000000000046,0.052000000000000046,0.052000000000000046,0,0,0,DD,7
qwen,h2_choice,79,main,HaNc,1,0.08849999999999991,0.08849999999999991,0.08849999999999991,0,0,0,DD,7
qwen,h2_choice,79,main,HaNc,2,0.08360000000000001,0.08360000000000001,0.08360000000000001,0,0,0,DD,7
qwen,h2_choice,79,main,HaNc,3,0.10809999999999997,0.10809999999999997,0.10809999999999997,0,0,0,DD,7
qwen,h2_choice,79,main,HaPc,0,0.08760000000000001,0.08760000000000001,0.08760000000000001,0,0,0,DD,9
qwen,h2_choice,79,main,HaPc,1,0.09240000000000004,0.09240000000000004,0.09240000000000004,0,0,0,DD,9
qwen,h2_choice,79,main,HaPc,2,0.08279999999999998,0.08279999999999998,0.08279999999999998,0,0,0,DD,9
qwen,h2_choice,79,main,HaPc,3,0.08279999999999998,0.08279999999999998,0.08279999999999998,0,0,0,DD,9
qwen,h2_choice,79,main,HrAs,0,0.12539999999999996,0.12539999999999996,0.12539999999999996,1,1,1,MP,8
qwen,h2_choice,79,main,HrAs,1,0.0857,0.0857,0.08570000000000011,0,0,0,MP,8
qwen,h2_choice,79,main,HrAs,2,0.08220000000000005,0.08220000000000005,0.08220000000000005,0,0,0,MP,8
qwen,h2_choice,79,main,HrAs,3,0.12170000000000003,0.12170000000000003,0.12170000000000003,1,1,1,MP,8
qwen,h2_choice,79,main,HrBa,0,0.09199999999999997,0.09199999999999997,0.09199999999999997,0,0,0,CO1,2
qwen,h2_choice,79,main,HrBa,1,0.08729999999999999,0.08729999999999999,0.08730000000000004,0,0,0,CO1,2
qwen,h2_choice,79,main,HrBa,2,0.07619999999999993,0.07619999999999993,0.07619999999999993,0,0,0,CO1,2
qwen,h2_choice,79,main,HrBa,3,0.09319999999999995,0.09319999999999995,0.09319999999999995,1,1,1,CO1,2
qwen,h2_choice,79,main,HrCh,0,0.08780000000000004,0.08780000000000004,0.0878000000000001,0,0,0,CO1,4
qwen,h2_choice,79,main,HrCh,1,0.08240000000000003,0.08240000000000003,0.08240000000000003,0,0,0,CO1,4
qwen,h2_choice,79,main,HrCh,2,0.11240000000000006,0.11240000000000006,0.11240000000000006,0,0,0,CO1,4
qwen,h2_choice,79,main,HrCh,3,0.09319999999999995,0.09319999999999995,0.09319999999999995,1,1,1,CO1,4
qwen,h2_choice,79,main,HrHr,0,0.09289999999999998,0.09289999999999998,0.09289999999999998,0,0,0,CO2,2
qwen,h2_choice,79,main,HrHr,1,0.057999999999999996,0.057999999999999996,0.05799999999999994,0,0,0,CO2,2
qwen,h2_choice,79,main,HrHr,2,0.08319999999999994,0.08319999999999994,0.08319999999999994,0,0,0,CO2,2
qwen,h2_choice,79,main,HrHr,3,0.0908000000000001,0.0908000000000001,0.0908000000000001,0,0,0,CO2,2
qwen,h2_choice,79,main,ShAs,0,0.12240000000000001,0.12240000000000001,0.12240000000000001,0,0,0,CO1,8
qwen,h2_choice,79,main,ShAs,1,0.0902,0.0902,0.0902,0,0,0,CO1,8
qwen,h2_choice,79,main,ShAs,2,0.06220000000000003,0.06220000000000003,0.06220000000000003,0,0,0,CO1,8
qwen,h2_choice,79,main,ShAs,3,0.06109999999999999,0.06110000000000004,0.06110000000000004,0,0,0,CO1,8
qwen,h2_choice,79,main,ShCo,0,0.08950000000000002,0.08950000000000002,0.08950000000000002,0,0,0,CO2,9
qwen,h2_choice,79,main,ShCo,1,0.059799999999999964,0.059799999999999964,0.059799999999999964,0,0,0,CO2,9
qwen,h2_choice,79,main,ShCo,2,0.06040000000000001,0.06040000000000001,0.06040000000000001,0,0,0,CO2,9
qwen,h2_choice,79,main,ShCo,3,0.0887,0.0887,0.0887,0,0,0,CO2,9
qwen,h2_choice,79,main,ShSh,0,0.09300000000000003,0.09300000000000003,0.09300000000000003,0,0,0,CO1,9
qwen,h2_choice,79,main,ShSh,1,0.08830000000000005,0.08830000000000005,0.08830000000000005,0,0,0,CO1,9
qwen,h2_choice,79,main,ShSh,2,0.09339999999999998,0.09339999999999993,0.09339999999999993,0,0,0,CO1,9
qwen,h2_choice,79,main,ShSh,3,0.09010000000000001,0.09009999999999996,0.09009999999999996,0,0,0,CO1,9
qwen,h2_choice,79,main_perp,AsAs,0,0.031299999999999994,0.031299999999999994,0.031299999999999994,0,0,0,CO1,1
qwen,h2_choice,79,main_perp,AsAs,1,0.031000000000000028,0.031000000000000028,0.031000000000000028,0,0,0,CO1,1
qwen,h2_choice,79,main_perp,AsAs,2,0.032299999999999995,0.032299999999999995,0.032299999999999995,0,0,0,CO1,1
qwen,h2_choice,79,main_perp,AsAs,3,0.032200000000000006,0.032200000000000006,0.032200000000000006,0,0,0,CO1,1
qwen,h2_choice,79,main_perp,AsBa,0,0.0012999999999999678,0.0012999999999999678,0.0012999999999999678,0,0,0,MP,2
qwen,h2_choice,79,main_perp,AsBa,1,0.0014000000000000123,0.0014000000000000123,0.0014000000000000679,0,0,0,MP,2
qwen,h2_choice,79,main_perp,AsBa,2,0.032299999999999995,0.032299999999999995,0.032299999999999995,0,0,0,MP,2
qwen,h2_choice,79,main_perp,AsBa,3,0.0009000000000000119,0.0009000000000000119,0.0009000000000000119,0,0,0,MP,2
qwen,h2_choice,79,main_perp,AsCh,0,0.031399999999999983,0.031399999999999983,0.031399999999999983,1,1,1,MP,4
qwen,h2_choice,79,main_perp,AsCh,1,0.030700000000000005,0.030700000000000005,0.03070000000000006,0,0,0,MP,4
qwen,h2_choice,79,main_perp,AsCh,2,0.031700000000000006,0.03170000000000006,0.03170000000000006,0,0,0,MP,4
qwen,h2_choice,79,main_perp,AsCh,3,0.031799999999999995,0.03179999999999994,0.03179999999999994,0,0,0,MP,4
qwen,h2_choice,79,main_perp,AsCm,0,0.03160000000000002,0.03160000000000002,0.03159999999999996,0,0,0,OD1,2
qwen,h2_choice,79,main_perp,AsCm,1,0.030799999999999994,0.030799999999999994,0.03079999999999994,0,0,0,OD1,2
qwen,h2_choice,79,main_perp,AsCm,2,0.03169999999999995,0.03169999999999995,0.03169999999999995,1,1,1,OD1,2
qwen,h2_choice,79,main_perp,AsCm,3,0.03190000000000004,0.03190000000000004,0.03190000000000004,0,0,0,OD1,2
qwen,h2_choice,79,main_perp,AsCo,0,0.0012999999999999678,0.0012999999999999678,0.0012999999999999678,0,0,0,CO2,1
qwen,h2_choice,79,main_perp,AsCo,1,0.031399999999999983,0.031399999999999983,0.031399999999999983,0,0,0,CO2,1
qwen,h2_choice,79,main_perp,AsCo,2,0.0012000000000000344,0.0011999999999999789,0.0011999999999999789,0,0,0,CO2,1
qwen,h2_choice,79,main_perp,AsCo,3,0.03300000000000003,0.03299999999999992,0.03299999999999992,0,0,0,CO2,1
qwen,h2_choice,79,main_perp,AsDl,0,0.032799999999999996,0.032799999999999996,0.03279999999999994,0,0,0,OD1,4
qwen,h2_choice,79,main_perp,AsDl,1,0.032200000000000006,0.032200000000000006,0.032200000000000006,0,0,0,OD1,4
qwen,h2_choice,79,main_perp,AsDl,2,0.030399999999999983,0.030399999999999983,0.030399999999999983,0,0,0,OD1,4
qwen,h2_choice,79,main_perp,AsDl,3,0.0016999999999999793,0.0017000000000000348,0.0017000000000000348,0,0,0,OD1,4
qwen,h2_choice,79,main_perp,AsHa,0,0.0018999999999999573,0.0018999999999999573,0.0018999999999999573,0,0,0,OD2,1
qwen,h2_choice,79,main_perp,AsHa,1,0.031200000000000006,0.031200000000000006,0.031200000000000006,0,0,0,OD2,1
qwen,h2_choice,79,main_perp,AsHa,2,0.0013000000000000234,0.0012999999999999678,0.0012999999999999678,0,0,0,OD2,1
qwen,h2_choice,79,main_perp,AsHa,3,0.029700000000000004,0.02969999999999995,0.02969999999999995,0,0,0,OD2,1
qwen,h2_choice,79,main_perp,AsHr,0,0.03200000000000003,0.03200000000000003,0.03200000000000003,0,0,0,MP,6
qwen,h2_choice,79,main_perp,AsHr,1,0.03210000000000002,0.03210000000000002,0.03210000000000002,0,0,0,MP,6
qwen,h2_choice,79,main_perp,AsHr,2,0.03169999999999995,0.03169999999999995,0.03169999999999995,1,1,1,MP,6
qwen,h2_choice,79,main_perp,AsHr,3,0.03140000000000004,0.031399999999999983,0.031399999999999983,0,0,0,MP,6
qwen,h2_choice,79,main_perp,AsNc,0,0.03240000000000004,0.03240000000000004,0.03240000000000004,0,0,0,OD2,3
qwen,h2_choice,79,main_perp,AsNc,1,0.03210000000000002,0.03210000000000002,0.03210000000000002,0,0,0,OD2,3
qwen,h2_choice,79,main_perp,AsNc,2,0.032200000000000006,0.032200000000000006,0.032200000000000006,0,0,0,OD2,3
qwen,h2_choice,79,main_perp,AsNc,3,0.030899999999999983,0.030899999999999928,0.030899999999999928,0,0,0,OD2,3
qwen,h2_choice,79,main_perp,AsPc,0,0.031299999999999994,0.031299999999999994,0.031299999999999994,0,0,0,OD2,5
qwen,h2_choice,79,main_perp,AsPc,1,0.031799999999999995,0.031799999999999995,0.031799999999999995,0,0,0,OD2,5
qwen,h2_choice,79,main_perp,AsPc,2,0.030500000000000027,0.03049999999999997,0.03049999999999997,0,0,0,OD2,5
qwen,h2_choice,79,main_perp,AsPc,3,0.031399999999999983,0.031399999999999983,0.031399999999999983,0,0,0,OD2,5
qwen,h2_choice,79,main_perp,AsPd,0,0.032200000000000006,0.032200000000000006,0.032200000000000006,0,0,0,OD1,6
qwen,h2_choice,79,main_perp,AsPd,1,0.0019000000000000128,0.0019000000000000128,0.0019000000000000128,0,0,0,OD1,6
qwen,h2_choice,79,main_perp,AsPd,2,0.0023999999999999577,0.0023999999999999577,0.0023999999999999577,0,0,0,OD1,6
qwen,h2_choice,79,main_perp,AsPd,3,0.03160000000000002,0.03159999999999996,0.03159999999999996,0,0,0,OD1,6
qwen,h2_choice,79,main_perp,AsSh,0,0.031700000000000006,0.031700000000000006,0.031700000000000006,0,0,0,CO1,3
qwen,h2_choice,79,main_perp,AsSh,1,0.031100000000000017,0.031100000000000017,0.031100000000000017,0,0,0,CO1,3
qwen,h2_choice,79,main_perp,AsSh,2,0.03190000000000004,0.03190000000000004,0.03190000000000004,0,0,0,CO1,3
qwen,h2_choice,79,main_perp,AsSh,3,0.031200000000000006,0.031200000000000006,0.031200000000000006,0,0,0,CO1,3
qwen,h2_choice,79,main_perp,BaAs,0,0.030200000000000005,0.030200000000000005,0.030200000000000005,0,0,0,MP,1
qwen,h2_choice,79,main_perp,BaAs,1,0.031000000000000028,0.031000000000000028,0.031000000000000028,0,0,0,MP,1
qwen,h2_choice,79,main_perp,BaAs,2,0.03249999999999997,0.03249999999999997,0.03249999999999997,1,1,1,MP,1
qwen,h2_choice,79,main_perp,BaAs,3,0.0018000000000000238,0.0018000000000000238,0.0018000000000000238,0,0,0,MP,1
qwen,h2_choice,79,main_perp,BaBa,0,0.031700000000000006,0.031700000000000006,0.031700000000000006,0,0,0,CO2,3
qwen,h2_choice,79,main_perp,BaBa,1,0.0016999999999999793,0.0016999999999999793,0.0016999999999999793,0,0,0,CO2,3
qwen,h2_choice,79,main_perp,BaBa,2,0.03070000000000006,0.03070000000000006,0.03070000000000006,0,0,0,CO2,3
qwen,h2_choice,79,main_perp,BaBa,3,0.03249999999999997,0.03249999999999997,0.03249999999999997,0,0,0,CO2,3
qwen,h2_choice,79,main_perp,BaCh,0,0.030399999999999983,0.030399999999999983,0.030399999999999983,0,0,0,CO2,4
qwen,h2_choice,79,main_perp,BaCh,1,0.030799999999999994,0.030799999999999994,0.030799999999999994,0,0,0,CO2,4
qwen,h2_choice,79,main_perp,BaCh,2,0.0012999999999999678,0.0012999999999999678,0.0012999999999999678,0,0,0,CO2,4
qwen,h2_choice,79,main_perp,BaCh,3,0.031100000000000017,0.031100000000000017,0.031100000000000017,0,0,0,CO2,4
qwen,h2_choice,79,main_perp,BaCm,0,0.03199999999999997,0.03199999999999997,0.03199999999999997,0,0,0,OD1,1
qwen,h2_choice,79,main_perp,BaCm,1,0.0014000000000000123,0.0014000000000000123,0.0014000000000000123,0,0,0,OD1,1
qwen,h2_choice,79,main_perp,BaCm,2,0.03210000000000002,0.03210000000000002,0.03210000000000002,0,0,0,OD1,1
qwen,h2_choice,79,main_perp,BaCm,3,0.03059999999999996,0.03059999999999996,0.03059999999999996,1,1,1,OD1,1
qwen,h2_choice,79,main_perp,BaCo,0,0.0013999999999999568,0.0013999999999999568,0.0013999999999999568,0,0,0,MP,3
qwen,h2_choice,79,main_perp,BaCo,1,0.030899999999999983,0.030899999999999983,0.030899999999999983,0,0,0,MP,3
qwen,h2_choice,79,main_perp,BaCo,2,0.031100000000000017,0.031100000000000017,0.031100000000000017,0,0,0,MP,3
qwen,h2_choice,79,main_perp,BaCo,3,0.0010999999999999899,0.001100000000000101,0.001100000000000101,0,0,0,MP,3
qwen,h2_choice,79,main_perp,BaDl,0,0.030999999999999972,0.030999999999999972,0.030999999999999972,0,0,0,OD1,3
qwen,h2_choice,79,main_perp,BaDl,1,0.032899999999999985,0.032899999999999985,0.032899999999999985,0,0,0,OD1,3
qwen,h2_choice,79,main_perp,BaDl,2,0.031399999999999983,0.031399999999999983,0.031399999999999983,1,1,1,OD1,3
qwen,h2_choice,79,main_perp,BaDl,3,0.0013000000000000234,0.0012999999999999678,0.0012999999999999678,0,0,0,OD1,3
qwen,h2_choice,79,main_perp,BaHa,0,0.030999999999999972,0.030999999999999972,0.031000000000000028,0,0,0,OD2,2
qwen,h2_choice,79,main_perp,BaHa,1,0.031399999999999983,0.031399999999999983,0.03139999999999987,0,0,0,OD2,2
qwen,h2_choice,79,main_perp,BaHa,2,0.03190000000000004,0.03190000000000004,0.03190000000000004,0,0,0,OD2,2
qwen,h2_choice,79,main_perp,BaHa,3,0.0020999999999999908,0.0020999999999999908,0.0020999999999999908,0,0,0,OD2,2
qwen,h2_choice,79,main_perp,BaHr,0,0.030899999999999983,0.030899999999999983,0.030899999999999983,0,0,0,CO1,5
qwen,h2_choice,79,main_perp,BaHr,1,0.03140000000000004,0.03140000000000004,0.03140000000000004,0,0,0,CO1,5
qwen,h2_choice,79,main_perp,BaHr,2,0.000300000000000078,0.000300000000000078,0.000300000000000078,0,0,0,CO1,5
qwen,h2_choice,79,main_perp,BaHr,3,0.032299999999999995,0.032299999999999995,0.032299999999999995,1,1,1,CO1,5
qwen,h2_choice,79,main_perp,BaNc,0,0.03190000000000004,0.03190000000000004,0.03190000000000004,0,0,0,OD2,4
qwen,h2_choice,79,main_perp,BaNc,1,0.03270000000000001,0.03270000000000001,0.03270000000000006,0,0,0,OD2,4
qwen,h2_choice,79,main_perp,BaNc,2,0.03249999999999997,0.03249999999999997,0.03249999999999997,0,0,0,OD2,4
qwen,h2_choice,79,main_perp,BaNc,3,0.032299999999999995,0.032299999999999995,0.032299999999999995,0,0,0,OD2,4
qwen,h2_choice,79,main_perp,BaPc,0,0.03249999999999997,0.03249999999999997,0.03249999999999997,0,0,0,OD2,6
qwen,h2_choice,79,main_perp,BaPc,1,0.031100000000000017,0.031100000000000017,0.031100000000000017,0,0,0,OD2,6
qwen,h2_choice,79,main_perp,BaPc,2,0.030200000000000005,0.030200000000000005,0.030200000000000005,0,0,0,OD2,6
qwen,h2_choice,79,main_perp,BaPc,3,0.0,0.0,0.0,0,0,0,OD2,6
qwen,h2_choice,79,main_perp,BaPd,0,0.0008000000000000229,0.0008000000000000229,0.0008000000000000229,0,0,0,OD1,5
qwen,h2_choice,79,main_perp,BaPd,1,0.031200000000000006,0.031200000000000006,0.031200000000000006,0,0,0,OD1,5
qwen,h2_choice,79,main_perp,BaPd,2,0.030999999999999917,0.030999999999999917,0.030999999999999917,0,0,0,OD1,5
qwen,h2_choice,79,main_perp,BaPd,3,0.03199999999999997,0.03200000000000003,0.03200000000000003,0,0,0,OD1,5
qwen,h2_choice,79,main_perp,BaSh,0,0.031100000000000017,0.031100000000000017,0.031100000000000017,0,0,0,MP,5
qwen,h2_choice,79,main_perp,BaSh,1,0.030899999999999983,0.030899999999999983,0.030899999999999983,0,0,0,MP,5
qwen,h2_choice,79,main_perp,BaSh,2,0.032200000000000006,0.032200000000000006,0.032200000000000006,0,0,0,MP,5
qwen,h2_choice,79,main_perp,BaSh,3,0.030600000000000016,0.03059999999999996,0.03059999999999996,0,0,0,MP,5
qwen,h2_choice,79,main_perp,ChAs,0,0.032200000000000006,0.032200000000000006,0.032200000000000006,0,0,0,MP,7
qwen,h2_choice,79,main_perp,ChAs,1,0.029899999999999982,0.029899999999999982,0.029899999999999982,0,0,0,MP,7
qwen,h2_choice,79,main_perp,ChAs,2,0.03159999999999996,0.03159999999999996,0.03159999999999996,0,0,0,MP,7
qwen,h2_choice,79,main_perp,ChAs,3,0.031200000000000006,0.031200000000000006,0.031200000000000006,0,0,0,MP,7
qwen,h2_choice,79,main_perp,ChBa,0,0.030899999999999983,0.030899999999999983,0.030899999999999983,0,0,0,CO2,5
qwen,h2_choice,79,main_perp,ChBa,1,0.030799999999999994,0.030799999999999994,0.030799999999999994,0,0,0,CO2,5
qwen,h2_choice,79,main_perp,ChBa,2,0.02969999999999995,0.02969999999999995,0.02969999999999995,0,0,0,CO2,5
qwen,h2_choice,79,main_perp,ChBa,3,0.031399999999999983,0.031399999999999983,0.031399999999999983,1,1,1,CO2,5
qwen,h2_choice,79,main_perp,ChCh,0,0.030700000000000005,0.030700000000000005,0.030700000000000005,0,0,0,CO2,6
qwen,h2_choice,79,main_perp,ChCh,1,0.030799999999999994,0.030799999999999994,0.030799999999999994,0,0,0,CO2,6
qwen,h2_choice,79,main_perp,ChCh,2,0.031200000000000006,0.031200000000000006,0.031200000000000006,1,1,1,CO2,6
qwen,h2_choice,79,main_perp,ChCh,3,0.0024000000000000132,0.0024000000000000687,0.0024000000000000687,0,0,0,CO2,6
qwen,h2_choice,79,main_perp,ChCm,0,0.031000000000000028,0.031000000000000028,0.031000000000000028,0,0,0,OD1,7
qwen,h2_choice,79,main_perp,ChCm,1,0.030200000000000005,0.030200000000000005,0.030200000000000005,0,0,0,OD1,7
qwen,h2_choice,79,main_perp,ChCm,2,0.029999999999999916,0.029999999999999916,0.029999999999999916,0,0,0,OD1,7
qwen,h2_choice,79,main_perp,ChCm,3,0.030899999999999983,0.030899999999999928,0.030899999999999928,0,0,0,OD1,7
qwen,h2_choice,79,main_perp,ChCo,0,0.0013000000000000234,0.0013000000000000234,0.0013000000000000234,0,0,0,MP,9
qwen,h2_choice,79,main_perp,ChCo,1,0.030200000000000005,0.030200000000000005,0.030200000000000005,0,0,0,MP,9
qwen,h2_choice,79,main_perp,ChCo,2,0.0013999999999999568,0.0013999999999999568,0.0013999999999999568,0,0,0,MP,9
qwen,h2_choice,79,main_perp,ChCo,3,0.032299999999999995,0.032299999999999995,0.032299999999999995,1,1,1,MP,9
qwen,h2_choice,79,main_perp,ChDl,0,0.0011999999999999789,0.0011999999999999789,0.0011999999999999789,0,0,0,OD1,9
qwen,h2_choice,79,main_perp,ChDl,1,0.030999999999999972,0.030999999999999972,0.030999999999999972,0,0,0,OD1,9
qwen,h2_choice,79,main_perp,ChDl,2,0.032200000000000006,0.032200000000000006,0.032200000000000006,0,0,0,OD1,9
qwen,h2_choice,79,main_perp,ChDl,3,0.03149999999999997,0.03149999999999997,0.03149999999999997,0,0,0,OD1,9
qwen,h2_choice,79,main_perp,ChHa,0,0.031399999999999983,0.031399999999999983,0.031399999999999983,0,0,0,OD2,8
qwen,h2_choice,79,main_perp,ChHa,1,0.031000000000000028,0.031000000000000028,0.030999999999999917,0,0,0,OD2,8
qwen,h2_choice,79,main_perp,ChHa,2,0.02970000000000006,0.02970000000000006,0.02970000000000006,0,0,0,OD2,8
qwen,h2_choice,79,main_perp,ChHa,3,0.032299999999999995,0.032299999999999995,0.032299999999999995,1,1,1,OD2,8
qwen,h2_choice,79,main_perp,ChHr,0,0.0019000000000000128,0.0019000000000000128,0.0019000000000000128,0,0,0,CO1,6
qwen,h2_choice,79,main_perp,ChHr,1,0.0015999999999999903,0.0015999999999999903,0.0015999999999999903,0,0,0,CO1,6
qwen,h2_choice,79,main_perp,ChHr,2,0.030299999999999994,0.030299999999999994,0.030299999999999994,0,0,0,CO1,6
qwen,h2_choice,79,main_perp,ChHr,3,0.03249999999999997,0.03249999999999997,0.03249999999999997,1,1,1,CO1,6
qwen,h2_choice,79,main_perp,CmAs,0,0.029700000000000004,0.029700000000000004,0.02969999999999995,0,0,0,OD1,8
qwen,h2_choice,79,main_perp,CmAs,1,0.028300000000000047,0.028300000000000047,0.028300000000000103,0,0,0,OD1,8
qwen,h2_choice,79,main_perp,CmAs,2,0.026899999999999924,0.026899999999999924,0.026899999999999924,0,0,0,OD1,8
qwen,h2_choice,79,main_perp,CmAs,3,0.031100000000000017,0.031100000000000017,0.031100000000000017,0,0,0,OD1,8
qwen,h2_choice,79,main_perp,CmCm,0,0.02739999999999998,0.02739999999999998,0.02740000000000009,0,0,0,DD,2
qwen,h2_choice,79,main_perp,CmCm,1,0.02529999999999999,0.02529999999999999,0.025299999999999878,0,0,0,DD,2
qwen,h2_choice,79,main_perp,CmCm,2,0.0007000000000000339,0.0007000000000000339,0.0007000000000000339,0,0,0,DD,2
qwen,h2_choice,79,main_perp,CmCm,3,0.0008000000000000229,0.0008000000000000229,0.0008000000000000229,0,0,0,DD,2
qwen,h2_choice,79,main_perp,CmDl,0,0.028299999999999992,0.028299999999999992,0.028299999999999992,0,0,0,DD,4
qwen,h2_choice,79,main_perp,CmDl,1,0.026100000000000012,0.026100000000000012,0.026100000000000012,0,0,0,DD,4
qwen,h2_choice,79,main_perp,CmDl,2,0.0013000000000000789,0.0013000000000000789,0.0013000000000000789,0,0,0,DD,4
qwen,h2_choice,79,main_perp,CmDl,3,0.030399999999999983,0.030399999999999983,0.030399999999999983,0,0,0,DD,4
qwen,h2_choice,79,main_perp,CmHa,0,0.028000000000000025,0.028000000000000025,0.028000000000000025,0,0,0,DD,6
qwen,h2_choice,79,main_perp,CmHa,1,0.02959999999999996,0.02959999999999996,0.02959999999999985,0,0,0,DD,6
qwen,h2_choice,79,main_perp,CmHa,2,0.025000000000000022,0.025000000000000022,0.025000000000000022,0,0,0,DD,6
qwen,h2_choice,79,main_perp,CmHa,3,0.029899999999999927,0.029899999999999927,0.029899999999999927,0,0,0,DD,6
qwen,h2_choice,79,main_perp,CmNc,0,0.030899999999999983,0.030899999999999983,0.030899999999999928,0,0,0,DD,8
qwen,h2_choice,79,main_perp,CmNc,1,0.028100000000000014,0.028100000000000014,0.028100000000000014,0,0,0,DD,8
qwen,h2_choice,79,main_perp,CmNc,2,0.0008000000000000229,0.0008000000000000229,0.0008000000000000229,0,0,0,DD,8
qwen,h2_choice,79,main_perp,CmNc,3,0.031100000000000017,0.031100000000000017,0.031100000000000017,0,0,0,DD,8
qwen,h2_choice,79,main_perp,CoAs,0,0.03210000000000002,0.03210000000000002,0.03210000000000002,0,0,0,CO2,7
qwen,h2_choice,79,main_perp,CoAs,1,0.0010999999999999899,0.0010999999999999899,0.0010999999999999899,0,0,0,CO2,7
qwen,h2_choice,79,main_perp,CoAs,2,0.029299999999999993,0.02929999999999988,0.02929999999999988,0,0,0,CO2,7
qwen,h2_choice,79,main_perp,CoAs,3,0.0014000000000000123,0.0013999999999999568,0.0013999999999999568,0,0,0,CO2,7
qwen,h2_choice,79,main_perp,CoCo,0,0.03249999999999997,0.03249999999999997,0.03249999999999997,1,1,1,CO1,7
qwen,h2_choice,79,main_perp,CoCo,1,0.031700000000000006,0.031700000000000006,0.031700000000000006,0,0,0,CO1,7
qwen,h2_choice,79,main_perp,CoCo,2,0.0007999999999999674,0.0008000000000000229,0.0008000000000000229,0,0,0,CO1,7
qwen,h2_choice,79,main_perp,CoCo,3,0.030899999999999983,0.030899999999999928,0.030899999999999928,0,0,0,CO1,7
qwen,h2_choice,79,main_perp,CoSh,0,0.03210000000000002,0.03210000000000002,0.03210000000000002,0,0,0,CO2,8
qwen,h2_choice,79,main_perp,CoSh,1,0.031200000000000006,0.031200000000000006,0.031200000000000006,1,1,1,CO2,8
qwen,h2_choice,79,main_perp,CoSh,2,0.02939999999999998,0.02939999999999987,0.02939999999999987,0,0,0,CO2,8
qwen,h2_choice,79,main_perp,CoSh,3,0.02779999999999999,0.027799999999999936,0.027799999999999936,0,0,0,CO2,8
qwen,h2_choice,79,main_perp,HaAs,0,0.030200000000000005,0.030200000000000005,0.030200000000000005,0,0,0,OD2,7
qwen,h2_choice,79,main_perp,HaAs,1,0.03249999999999997,0.03249999999999997,0.03249999999999997,0,0,0,OD2,7
qwen,h2_choice,79,main_perp,HaAs,2,0.02739999999999998,0.02739999999999987,0.02739999999999987,0,0,0,OD2,7
qwen,h2_choice,79,main_perp,HaAs,3,0.026100000000000012,0.026100000000000012,0.026100000000000012,0,0,0,OD2,7
qwen,h2_choice,79,main_perp,HaBa,0,0.02629999999999999,0.02629999999999999,0.02629999999999999,0,0,0,OD2,9
qwen,h2_choice,79,main_perp,HaBa,1,0.02980000000000005,0.02980000000000005,0.02980000000000005,0,0,0,OD2,9
qwen,h2_choice,79,main_perp,HaBa,2,0.030799999999999994,0.03079999999999994,0.03079999999999994,0,0,0,OD2,9
qwen,h2_choice,79,main_perp,HaBa,3,0.030700000000000005,0.03069999999999995,0.03069999999999995,0,0,0,OD2,9
qwen,h2_choice,79,main_perp,HaCm,0,0.031399999999999983,0.031399999999999983,0.031399999999999983,0,0,0,DD,1
qwen,h2_choice,79,main_perp,HaCm,1,0.032200000000000006,0.032200000000000006,0.032200000000000006,0,0,0,DD,1
qwen,h2_choice,79,main_perp,HaCm,2,0.031100000000000017,0.031100000000000017,0.031100000000000017,0,0,0,DD,1
qwen,h2_choice,79,main_perp,HaCm,3,0.0016999999999999793,0.0016999999999999238,0.0016999999999999238,0,0,0,DD,1
qwen,h2_choice,79,main_perp,HaDl,0,0.0020000000000000018,0.0020000000000000018,0.0020000000000000018,0,0,0,DD,3
qwen,h2_choice,79,main_perp,HaDl,1,0.031100000000000017,0.031100000000000017,0.031100000000000017,0,0,0,DD,3
qwen,h2_choice,79,main_perp,HaDl,2,0.031700000000000006,0.03169999999999995,0.03169999999999995,0,0,0,DD,3
qwen,h2_choice,79,main_perp,HaDl,3,0.028400000000000036,0.028400000000000092,0.028400000000000092,0,0,0,DD,3
qwen,h2_choice,79,main_perp,HaHa,0,0.02950000000000008,0.02950000000000008,0.02950000000000008,0,0,0,DD,5
qwen,h2_choice,79,main_perp,HaHa,1,0.03159999999999996,0.03159999999999996,0.03159999999999996,0,0,0,DD,5
qwen,h2_choice,79,main_perp,HaHa,2,0.0014000000000000123,0.0013999999999999568,0.0013999999999999568,0,0,0,DD,5
qwen,h2_choice,79,main_perp,HaHa,3,0.02529999999999999,0.025299999999999878,0.025299999999999878,0,0,0,DD,5
qwen,h2_choice,79,main_perp,HaNc,0,0.0013999999999999568,0.0013999999999999568,0.0013999999999999568,0,0,0,DD,7
qwen,h2_choice,79,main_perp,HaNc,1,0.03190000000000004,0.03190000000000004,0.03190000000000004,0,0,0,DD,7
qwen,h2_choice,79,main_perp,HaNc,2,0.02789999999999998,0.027899999999999925,0.027899999999999925,0,0,0,DD,7
qwen,h2_choice,79,main_perp,HaNc,3,0.02949999999999997,0.02949999999999986,0.02949999999999986,0,0,0,DD,7
qwen,h2_choice,79,main_perp,HaPc,0,0.0015000000000000568,0.0015000000000000568,0.0015000000000000568,0,0,0,DD,9
qwen,h2_choice,79,main_perp,HaPc,1,0.032099999999999906,0.032099999999999906,0.032099999999999906,0,0,0,DD,9
qwen,h2_choice,79,main_perp,HaPc,2,0.0014000000000000123,0.0013999999999999568,0.0013999999999999568,0,0,0,DD,9
qwen,h2_choice,79,main_perp,HaPc,3,0.02939999999999998,0.02939999999999987,0.02939999999999987,0,0,0,DD,9
qwen,h2_choice,79,main_perp,HrAs,0,0.031399999999999983,0.031399999999999983,0.031399999999999983,0,0,0,MP,8
qwen,h2_choice,79,main_perp,HrAs,1,0.030000000000000027,0.030000000000000027,0.030000000000000027,0,0,0,MP,8
qwen,h2_choice,79,main_perp,HrAs,2,0.0015000000000000568,0.0015000000000000568,0.0015000000000000568,0,0,0,MP,8
qwen,h2_choice,79,main_perp,HrAs,3,0.03200000000000003,0.03200000000000003,0.03200000000000003,0,0,0,MP,8
qwen,h2_choice,79,main_perp,HrBa,0,0.032200000000000006,0.032200000000000006,0.032200000000000006,0,0,0,CO1,2
qwen,h2_choice,79,main_perp,HrBa,1,0.029900000000000038,0.029900000000000038,0.029900000000000038,0,0,0,CO1,2
qwen,h2_choice,79,main_perp,HrBa,2,0.0012000000000000899,0.0012000000000000899,0.0012000000000000899,0,0,0,CO1,2
qwen,h2_choice,79,main_perp,HrBa,3,0.03159999999999996,0.03159999999999996,0.03159999999999996,0,0,0,CO1,2
qwen,h2_choice,79,main_perp,HrCh,0,0.030200000000000005,0.030200000000000005,0.030200000000000005,0,0,0,CO1,4
qwen,h2_choice,79,main_perp,HrCh,1,0.028900000000000037,0.028900000000000037,0.028900000000000037,0,0,0,CO1,4
qwen,h2_choice,79,main_perp,HrCh,2,0.02839999999999998,0.02839999999999998,0.02839999999999998,0,0,0,CO1,4
qwen,h2_choice,79,main_perp,HrCh,3,0.031200000000000006,0.031200000000000006,0.031200000000000006,0,0,0,CO1,4
qwen,h2_choice,79,main_perp,HrHr,0,0.0007999999999999674,0.0007999999999999674,0.0007999999999999119,0,0,0,CO2,2
qwen,h2_choice,79,main_perp,HrHr,1,0.028500000000000025,0.028500000000000025,0.02850000000000008,0,0,0,CO2,2
qwen,h2_choice,79,main_perp,HrHr,2,0.02870000000000006,0.02870000000000006,0.02870000000000006,0,0,0,CO2,2
qwen,h2_choice,79,main_perp,HrHr,3,0.031399999999999983,0.031399999999999983,0.031399999999999983,0,0,0,CO2,2
qwen,h2_choice,79,main_perp,ShAs,0,0.03190000000000004,0.03190000000000004,0.03190000000000004,0,0,0,CO1,8
qwen,h2_choice,79,main_perp,ShAs,1,0.0016999999999999793,0.0016999999999999793,0.0016999999999999793,0,0,0,CO1,8
qwen,h2_choice,79,main_perp,ShAs,2,0.03149999999999997,0.031500000000000083,0.031500000000000083,0,0,0,CO1,8
qwen,h2_choice,79,main_perp,ShAs,3,0.03160000000000002,0.03159999999999996,0.03159999999999996,0,0,0,CO1,8
qwen,h2_choice,79,main_perp,ShCo,0,0.03069999999999995,0.03069999999999995,0.03069999999999995,0,0,0,CO2,9
qwen,h2_choice,79,main_perp,ShCo,1,0.029600000000000015,0.029600000000000015,0.029600000000000015,0,0,0,CO2,9
qwen,h2_choice,79,main_perp,ShCo,2,0.031100000000000017,0.031100000000000017,0.031100000000000017,0,0,0,CO2,9
qwen,h2_choice,79,main_perp,ShCo,3,0.029600000000000015,0.02959999999999996,0.02959999999999996,0,0,0,CO2,9
qwen,h2_choice,79,main_perp,ShSh,0,0.03240000000000004,0.03240000000000004,0.03240000000000004,0,0,0,CO1,9
qwen,h2_choice,79,main_perp,ShSh,1,0.0016999999999999793,0.0016999999999999793,0.0016999999999999793,0,0,0,CO1,9
qwen,h2_choice,79,main_perp,ShSh,2,0.031700000000000006,0.03170000000000006,0.03170000000000006,0,0,0,CO1,9
qwen,h2_choice,79,main_perp,ShSh,3,0.031200000000000006,0.031199999999999894,0.031199999999999894,0,0,0,CO1,9
qwen,h2_choice,79,random,AsAs,0,0.031700000000000006,0.031700000000000006,0.031700000000000006,0,0,0,CO1,1
qwen,h2_choice,79,random,AsAs,1,0.031000000000000028,0.031000000000000028,0.031000000000000028,0,0,0,CO1,1
qwen,h2_choice,79,random,AsAs,2,0.032299999999999995,0.032299999999999995,0.032299999999999995,0,0,0,CO1,1
qwen,h2_choice,79,random,AsAs,3,0.032200000000000006,0.032200000000000006,0.032200000000000006,0,0,0,CO1,1
qwen,h2_choice,79,random,AsBa,0,0.062100000000000044,0.062100000000000044,0.062100000000000044,1,1,1,MP,2
qwen,h2_choice,79,random,AsBa,1,0.0018999999999999573,0.0018999999999999573,0.0019000000000000128,0,0,0,MP,2
qwen,h2_choice,79,random,AsBa,2,0.031399999999999983,0.031399999999999983,0.031399999999999983,0,0,0,MP,2
qwen,h2_choice,79,random,AsBa,3,0.0605,0.0605,0.0605,0,0,0,MP,2
qwen,h2_choice,79,random,AsCh,0,0.030399999999999983,0.030399999999999983,0.030399999999999983,1,1,1,MP,4
qwen,h2_choice,79,random,AsCh,1,0.030200000000000005,0.030200000000000005,0.030200000000000005,0,0,0,MP,4
qwen,h2_choice,79,random,AsCh,2,0.0007999999999999674,0.0008000000000000229,0.0008000000000000229,0,0,0,MP,4
qwen,h2_choice,79,random,AsCh,3,0.031799999999999995,0.03179999999999994,0.03179999999999994,0,0,0,MP,4
qwen,h2_choice,79,random,AsCm,0,0.031100000000000017,0.031100000000000017,0.031100000000000017,0,0,0,OD1,2
qwen,h2_choice,79,random,AsCm,1,0.030799999999999994,0.030799999999999994,0.03079999999999994,0,0,0,OD1,2
qwen,h2_choice,79,random,AsCm,2,0.031399999999999983,0.031399999999999983,0.031399999999999983,1,1,1,OD1,2
qwen,h2_choice,79,random,AsCm,3,0.031200000000000006,0.031200000000000006,0.031200000000000006,0,0,0,OD1,2
qwen,h2_choice,79,random,AsCo,0,0.06219999999999998,0.06219999999999998,0.06219999999999998,0,0,0,CO2,1
qwen,h2_choice,79,random,AsCo,1,0.031000000000000028,0.031000000000000028,0.031000000000000028,0,0,0,CO2,1
qwen,h2_choice,79,random,AsCo,2,0.0005999999999999894,0.0006000000000000449,0.0006000000000000449,0,0,0,CO2,1
qwen,h2_choice,79,random,AsCo,3,0.03190000000000004,0.03190000000000004,0.03190000000000004,0,0,0,CO2,1
qwen,h2_choice,79,random,AsDl,0,0.03209999999999996,0.03209999999999996,0.03210000000000002,0,0,0,OD1,4
qwen,h2_choice,79,random,AsDl,1,0.031100000000000017,0.031100000000000017,0.031100000000000017,0,0,0,OD1,4
qwen,h2_choice,79,random,AsDl,2,0.032299999999999995,0.032299999999999995,0.032299999999999995,1,1,1,OD1,4
qwen,h2_choice,79,random,AsDl,3,0.031399999999999983,0.031399999999999983,0.031399999999999983,0,0,0,OD1,4
qwen,h2_choice,79,random,AsHa,0,0.03199999999999997,0.03199999999999997,0.03199999999999997,0,0,0,OD2,1
qwen,h2_choice,79,random,AsHa,1,0.031799999999999995,0.031799999999999995,0.031799999999999995,0,0,0,OD2,1
qwen,h2_choice,79,random,AsHa,2,0.030200000000000005,0.030200000000000005,0.030200000000000005,0,0,0,OD2,1
qwen,h2_choice,79,random,AsHa,3,0.029700000000000004,0.02969999999999995,0.02969999999999995,0,0,0,OD2,1
qwen,h2_choice,79,random,AsHr,0,0.032299999999999995,0.032299999999999995,0.032299999999999995,0,0,0,MP,6
qwen,h2_choice,79,random,AsHr,1,0.03210000000000002,0.03210000000000002,0.03210000000000002,0,0,0,MP,6
qwen,h2_choice,79,random,AsHr,2,0.03200000000000003,0.03200000000000003,0.03200000000000003,1,1,1,MP,6
qwen,h2_choice,79,random,AsHr,3,0.031000000000000028,0.030999999999999917,0.030999999999999917,0,0,0,MP,6
qwen,h2_choice,79,random,AsNc,0,0.032200000000000006,0.032200000000000006,0.032200000000000006,0,0,0,OD2,3
qwen,h2_choice,79,random,AsNc,1,0.03090000000000004,0.03090000000000004,0.03090000000000004,0,0,0,OD2,3
qwen,h2_choice,79,random,AsNc,2,0.032200000000000006,0.032200000000000006,0.032200000000000006,0,0,0,OD2,3
qwen,h2_choice,79,random,AsNc,3,0.031299999999999994,0.031299999999999994,0.031299999999999994,0,0,0,OD2,3
qwen,h2_choice,79,random,AsPc,0,0.03200000000000003,0.03200000000000003,0.03200000000000003,0,0,0,OD2,5
qwen,h2_choice,79,random,AsPc,1,0.03090000000000004,0.03090000000000004,0.03090000000000004,0,0,0,OD2,5
qwen,h2_choice,79,random,AsPc,2,0.030200000000000005,0.030200000000000005,0.030200000000000005,0,0,0,OD2,5
qwen,h2_choice,79,random,AsPc,3,0.02969999999999995,0.02969999999999995,0.02969999999999995,0,0,0,OD2,5
qwen,h2_choice,79,random,AsPd,0,0.032200000000000006,0.032200000000000006,0.032200000000000006,0,0,0,OD1,6
qwen,h2_choice,79,random,AsPd,1,0.0007999999999999674,0.0007999999999999674,0.0008000000000000229,0,0,0,OD1,6
qwen,h2_choice,79,random,AsPd,2,0.031200000000000006,0.031200000000000006,0.031200000000000006,0,0,0,OD1,6
qwen,h2_choice,79,random,AsPd,3,0.030999999999999972,0.031000000000000028,0.031000000000000028,0,0,0,OD1,6
qwen,h2_choice,79,random,AsSh,0,0.031700000000000006,0.031700000000000006,0.031700000000000006,0,0,0,CO1,3
qwen,h2_choice,79,random,AsSh,1,0.031100000000000017,0.031100000000000017,0.031100000000000017,0,0,0,CO1,3
qwen,h2_choice,79,random,AsSh,2,0.030999999999999972,0.031000000000000028,0.031000000000000028,0,0,0,CO1,3
qwen,h2_choice,79,random,AsSh,3,0.031700000000000006,0.03170000000000006,0.03170000000000006,0,0,0,CO1,3
qwen,h2_choice,79,random,BaAs,0,0.06090000000000001,0.06090000000000001,0.06090000000000001,0,0,0,MP,1
qwen,h2_choice,79,random,BaAs,1,0.031000000000000028,0.031000000000000028,0.031000000000000028,0,0,0,MP,1
qwen,h2_choice,79,random,BaAs,2,0.06289999999999996,0.06289999999999996,0.06289999999999996,1,1,1,MP,1
qwen,h2_choice,79,random,BaAs,3,0.032200000000000006,0.032200000000000006,0.032200000000000006,0,0,0,MP,1
qwen,h2_choice,79,random,BaBa,0,0.031700000000000006,0.031700000000000006,0.031700000000000006,0,0,0,CO2,3
qwen,h2_choice,79,random,BaBa,1,0.030999999999999972,0.030999999999999972,0.030999999999999972,0,0,0,CO2,3
qwen,h2_choice,79,random,BaBa,2,0.029899999999999927,0.029899999999999927,0.029899999999999927,0,0,0,CO2,3
qwen,h2_choice,79,random,BaBa,3,0.031399999999999983,0.031399999999999983,0.031399999999999983,0,0,0,CO2,3
qwen,h2_choice,79,random,BaCh,0,0.031200000000000006,0.031200000000000006,0.031200000000000006,0,0,0,CO2,4
qwen,h2_choice,79,random,BaCh,1,0.030799999999999994,0.030799999999999994,0.030799999999999994,0,0,0,CO2,4
qwen,h2_choice,79,random,BaCh,2,0.0008000000000000229,0.0008000000000000229,0.0008000000000000229,0,0,0,CO2,4
qwen,h2_choice,79,random,BaCh,3,0.03199999999999997,0.03200000000000003,0.03200000000000003,0,0,0,CO2,4
qwen,h2_choice,79,random,BaCm,0,0.030899999999999983,0.030899999999999983,0.030899999999999983,0,0,0,OD1,1
qwen,h2_choice,79,random,BaCm,1,0.029899999999999982,0.029899999999999982,0.029899999999999982,0,0,0,OD1,1
qwen,h2_choice,79,random,BaCm,2,0.02969999999999995,0.02969999999999995,0.02969999999999995,0,0,0,OD1,1
qwen,h2_choice,79,random,BaCm,3,0.03059999999999996,0.03059999999999996,0.03059999999999996,1,1,1,OD1,1
qwen,h2_choice,79,random,BaCo,0,0.0008999999999999564,0.0008999999999999564,0.0008999999999999564,0,0,0,MP,3
qwen,h2_choice,79,random,BaCo,1,0.030399999999999983,0.030399999999999983,0.030399999999999983,0,0,0,MP,3
qwen,h2_choice,79,random,BaCo,2,0.031100000000000017,0.031100000000000017,0.031100000000000017,0,0,0,MP,3
qwen,h2_choice,79,random,BaCo,3,0.0019000000000000128,0.0019000000000000128,0.0019000000000000128,0,0,0,MP,3
qwen,h2_choice,79,random,BaDl,0,0.031200000000000006,0.031200000000000006,0.031200000000000006,0,0,0,OD1,3
qwen,h2_choice,79,random,BaDl,1,0.031299999999999994,0.031299999999999994,0.031299999999999994,0,0,0,OD1,3
qwen,h2_choice,79,random,BaDl,2,0.031399999999999983,0.031399999999999983,0.031399999999999983,1,1,1,OD1,3
qwen,h2_choice,79,random,BaDl,3,0.0007000000000000339,0.0006999999999999229,0.0006999999999999229,0,0,0,OD1,3
qwen,h2_choice,79,random,BaHa,0,0.03200000000000003,0.03200000000000003,0.03200000000000003,0,0,0,OD2,2
qwen,h2_choice,79,random,BaHa,1,0.03059999999999996,0.03059999999999996,0.03059999999999996,0,0,0,OD2,2
qwen,h2_choice,79,random,BaHa,2,0.031399999999999983,0.031399999999999983,0.031399999999999983,0,0,0,OD2,2
qwen,h2_choice,79,random,BaHa,3,0.032299999999999995,0.032299999999999995,0.032299999999999995,0,0,0,OD2,2
qwen,h2_choice,79,random,BaHr,0,0.030899999999999983,0.030899999999999983,0.030899999999999983,0,0,0,CO1,5
qwen,h2_choice,79,random,BaHr,1,0.03140000000000004,0.03140000000000004,0.03140000000000004,0,0,0,CO1,5
qwen,h2_choice,79,random,BaHr,2,0.029899999999999927,0.029899999999999927,0.029899999999999927,0,0,0,CO1,5
qwen,h2_choice,79,random,BaHr,3,0.03169999999999995,0.03169999999999995,0.03169999999999995,1,1,1,CO1,5
qwen,h2_choice,79,random,BaNc,0,0.03270000000000001,0.03270000000000001,0.03270000000000006,0,0,0,OD2,4
qwen,h2_choice,79,random,BaNc,1,0.03270000000000001,0.03270000000000001,0.03270000000000006,0,0,0,OD2,4
qwen,h2_choice,79,random,BaNc,2,0.03249999999999997,0.03249999999999997,0.03249999999999997,0,0,0,OD2,4
qwen,h2_choice,79,random,BaNc,3,0.032299999999999995,0.032299999999999995,0.032299999999999995,0,0,0,OD2,4
qwen,h2_choice,79,random,BaPc,0,0.031700000000000006,0.031700000000000006,0.03170000000000006,0,0,0,OD2,6
qwen,h2_choice,79,random,BaPc,1,0.031100000000000017,0.031100000000000017,0.031100000000000017,0,0,0,OD2,6
qwen,h2_choice,79,random,BaPc,2,0.031399999999999983,0.031399999999999983,0.031399999999999983,0,0,0,OD2,6
qwen,h2_choice,79,random,BaPc,3,0.0,0.0,0.0,0,0,0,OD2,6
qwen,h2_choice,79,random,BaPd,0,0.00040000000000001146,0.00040000000000001146,0.00040000000000001146,0,0,0,OD1,5
qwen,h2_choice,79,random,BaPd,1,0.029899999999999982,0.029899999999999982,0.029899999999999982,0,0,0,OD1,5
qwen,h2_choice,79,random,BaPd,2,0.030000000000000027,0.030000000000000027,0.030000000000000027,0,0,0,OD1,5
qwen,h2_choice,79,random,BaPd,3,0.031700000000000006,0.03170000000000006,0.03170000000000006,0,0,0,OD1,5
qwen,h2_choice,79,random,BaSh,0,0.031100000000000017,0.031100000000000017,0.031100000000000017,0,0,0,MP,5
qwen,h2_choice,79,random,BaSh,1,0.029899999999999982,0.029899999999999982,0.029899999999999982,0,0,0,MP,5
qwen,h2_choice,79,random,BaSh,2,0.030999999999999972,0.031000000000000028,0.031000000000000028,0,0,0,MP,5
qwen,h2_choice,79,random,BaSh,3,0.030200000000000005,0.030200000000000005,0.030200000000000005,0,0,0,MP,5
qwen,h2_choice,79,random,ChAs,0,0.03140000000000004,0.03140000000000004,0.03140000000000004,0,0,0,MP,7
qwen,h2_choice,79,random,ChAs,1,0.029899999999999982,0.029899999999999982,0.029899999999999982,0,0,0,MP,7
qwen,h2_choice,79,random,ChAs,2,0.03070000000000006,0.03070000000000006,0.03070000000000006,0,0,0,MP,7
qwen,h2_choice,79,random,ChAs,3,0.031799999999999995,0.03180000000000005,0.03180000000000005,0,0,0,MP,7
qwen,h2_choice,79,random,ChBa,0,0.03049999999999997,0.03049999999999997,0.03049999999999997,0,0,0,CO2,5
qwen,h2_choice,79,random,ChBa,1,0.029799999999999993,0.029799999999999993,0.029799999999999993,0,0,0,CO2,5
qwen,h2_choice,79,random,ChBa,2,0.029999999999999916,0.029999999999999916,0.029999999999999916,0,0,0,CO2,5
qwen,h2_choice,79,random,ChBa,3,0.03059999999999996,0.03059999999999996,0.03059999999999996,1,1,1,CO2,5
qwen,h2_choice,79,random,ChCh,0,0.030600000000000016,0.030600000000000016,0.030600000000000016,0,0,0,CO2,6
qwen,h2_choice,79,random,ChCh,1,0.030100000000000016,0.030100000000000016,0.030100000000000016,0,0,0,CO2,6
qwen,h2_choice,79,random,ChCh,2,0.031200000000000006,0.031200000000000006,0.031200000000000006,1,1,1,CO2,6
qwen,h2_choice,79,random,ChCh,3,0.0018000000000000238,0.0018000000000000238,0.0018000000000000238,0,0,0,CO2,6
qwen,h2_choice,79,random,ChCm,0,0.030200000000000005,0.030200000000000005,0.030200000000000005,0,0,0,OD1,7
qwen,h2_choice,79,random,ChCm,1,0.028500000000000025,0.028500000000000025,0.028500000000000025,0,0,0,OD1,7
qwen,h2_choice,79,random,ChCm,2,0.029999999999999916,0.029999999999999916,0.029999999999999916,0,0,0,OD1,7
qwen,h2_choice,79,random,ChCm,3,0.030899999999999983,0.030899999999999928,0.030899999999999928,0,0,0,OD1,7
qwen,h2_choice,79,random,ChCo,0,0.031399999999999983,0.031399999999999983,0.031399999999999983,0,0,0,MP,9
qwen,h2_choice,79,random,ChCo,1,0.030200000000000005,0.030200000000000005,0.030200000000000005,0,0,0,MP,9
qwen,h2_choice,79,random,ChCo,2,0.0013999999999999568,0.0013999999999999568,0.0013999999999999568,0,0,0,MP,9
qwen,h2_choice,79,random,ChCo,3,0.032299999999999995,0.032299999999999995,0.032299999999999995,1,1,1,MP,9
qwen,h2_choice,79,random,ChDl,0,0.030600000000000016,0.030600000000000016,0.030600000000000016,0,0,0,OD1,9
qwen,h2_choice,79,random,ChDl,1,0.029799999999999993,0.029799999999999993,0.029799999999999993,0,0,0,OD1,9
qwen,h2_choice,79,random,ChDl,2,0.03149999999999997,0.03149999999999997,0.03149999999999997,0,0,0,OD1,9
qwen,h2_choice,79,random,ChDl,3,0.030600000000000016,0.03060000000000007,0.03060000000000007,0,0,0,OD1,9
qwen,h2_choice,79,random,ChHa,0,0.031200000000000006,0.031200000000000006,0.031200000000000006,0,0,0,OD2,8
qwen,h2_choice,79,random,ChHa,1,0.03160000000000002,0.03160000000000002,0.03159999999999996,0,0,0,OD2,8
qwen,h2_choice,79,random,ChHa,2,0.02939999999999998,0.02939999999999998,0.02939999999999998,0,0,0,OD2,8
qwen,h2_choice,79,random,ChHa,3,0.032299999999999995,0.032299999999999995,0.032299999999999995,1,1,1,OD2,8
qwen,h2_choice,79,random,ChHr,0,0.03249999999999997,0.03249999999999997,0.03249999999999997,0,0,0,CO1,6
qwen,h2_choice,79,random,ChHr,1,0.03019999999999995,0.03019999999999995,0.03019999999999995,0,0,0,CO1,6
qwen,h2_choice,79,random,ChHr,2,0.029899999999999927,0.029899999999999927,0.029899999999999927,0,0,0,CO1,6
qwen,h2_choice,79,random,ChHr,3,0.0019000000000000128,0.0019000000000000128,0.0019000000000000128,0,0,0,CO1,6
qwen,h2_choice,79,random,CmAs,0,0.02959999999999996,0.02959999999999996,0.02959999999999985,0,0,0,OD1,8
qwen,h2_choice,79,random,CmAs,1,0.0014000000000000123,0.0014000000000000123,0.0013999999999999568,0,0,0,OD1,8
qwen,h2_choice,79,random,CmAs,2,0.025000000000000022,0.025000000000000022,0.025000000000000022,0,0,0,OD1,8
qwen,h2_choice,79,random,CmAs,3,0.032299999999999995,0.032299999999999995,0.032299999999999995,0,0,0,OD1,8
qwen,h2_choice,79,random,CmCm,0,0.02729999999999999,0.02729999999999999,0.027300000000000102,0,0,0,DD,2
qwen,h2_choice,79,random,CmCm,1,0.05049999999999999,0.05049999999999999,0.05049999999999999,0,0,0,DD,2
qwen,h2_choice,79,random,CmCm,2,0.02429999999999999,0.02429999999999999,0.02429999999999999,0,0,0,DD,2
qwen,h2_choice,79,random,CmCm,3,0.031399999999999983,0.031399999999999983,0.031399999999999983,0,0,0,DD,2
qwen,h2_choice,79,random,CmDl,0,0.027000000000000024,0.027000000000000024,0.027000000000000135,0,0,0,DD,4
qwen,h2_choice,79,random,CmDl,1,0.02529999999999999,0.02529999999999999,0.02529999999999999,0,0,0,DD,4
qwen,h2_choice,79,random,CmDl,2,0.026900000000000035,0.026900000000000035,0.026900000000000035,0,0,0,DD,4
qwen,h2_choice,79,random,CmDl,3,0.030399999999999983,0.030399999999999983,0.030399999999999983,0,0,0,DD,4
qwen,h2_choice,79,random,CmHa,0,0.028000000000000025,0.028000000000000025,0.028000000000000025,0,0,0,DD,6
qwen,h2_choice,79,random,CmHa,1,9.999999999998899e-05,9.999999999998899e-05,9.999999999998899e-05,0,0,0,DD,6
qwen,h2_choice,79,random,CmHa,2,0.024699999999999944,0.024699999999999944,0.024699999999999944,0,0,0,DD,6
qwen,h2_choice,79,random,CmHa,3,0.03080000000000005,0.03080000000000005,0.03080000000000005,0,0,0,DD,6
qwen,h2_choice,79,random,CmNc,0,0.03019999999999995,0.03019999999999995,0.030200000000000005,0,0,0,DD,8
qwen,h2_choice,79,random,CmNc,1,0.027000000000000024,0.027000000000000024,0.027000000000000135,0,0,0,DD,8
qwen,h2_choice,79,random,CmNc,2,0.02290000000000003,0.02290000000000003,0.02290000000000003,0,0,0,DD,8
qwen,h2_choice,79,random,CmNc,3,0.030200000000000005,0.030200000000000005,0.030200000000000005,0,0,0,DD,8
qwen,h2_choice,79,random,CoAs,0,0.03210000000000002,0.03210000000000002,0.03210000000000002,0,0,0,CO2,7
qwen,h2_choice,79,random,CoAs,1,0.03199999999999997,0.03199999999999997,0.03199999999999997,0,0,0,CO2,7
qwen,h2_choice,79,random,CoAs,2,0.026599999999999957,0.026599999999999957,0.026599999999999957,0,0,0,CO2,7
qwen,h2_choice,79,random,CoAs,3,0.02980000000000005,0.02980000000000005,0.02980000000000005,0,0,0,CO2,7
qwen,h2_choice,79,random,CoCo,0,0.03249999999999997,0.03249999999999997,0.03249999999999997,1,1,1,CO1,7
qwen,h2_choice,79,random,CoCo,1,0.031700000000000006,0.031700000000000006,0.031700000000000006,0,0,0,CO1,7
qwen,h2_choice,79,random,CoCo,2,0.029799999999999993,0.029799999999999938,0.029799999999999938,0,0,0,CO1,7
qwen,h2_choice,79,random,CoCo,3,0.030899999999999983,0.030899999999999928,0.030899999999999928,0,0,0,CO1,7
qwen,h2_choice,79,random,CoSh,0,0.03159999999999996,0.03159999999999996,0.03159999999999996,0,0,0,CO2,8
qwen,h2_choice,79,random,CoSh,1,0.0010999999999999899,0.0010999999999999899,0.0010999999999999899,0,0,0,CO2,8
qwen,h2_choice,79,random,CoSh,2,0.029500000000000026,0.02949999999999997,0.02949999999999997,0,0,0,CO2,8
qwen,h2_choice,79,random,CoSh,3,0.029200000000000004,0.029199999999999893,0.029199999999999893,0,0,0,CO2,8
qwen,h2_choice,79,random,HaAs,0,0.02960000000000007,0.02960000000000007,0.02960000000000007,0,0,0,OD2,7
qwen,h2_choice,79,random,HaAs,1,0.03249999999999997,0.03249999999999997,0.03249999999999997,0,0,0,OD2,7
qwen,h2_choice,79,random,HaAs,2,0.027100000000000013,0.027099999999999902,0.027099999999999902,0,0,0,OD2,7
qwen,h2_choice,79,random,HaAs,3,0.0257,0.025700000000000056,0.025700000000000056,0,0,0,OD2,7
qwen,h2_choice,79,random,HaBa,0,0.025699999999999945,0.025699999999999945,0.025699999999999945,0,0,0,OD2,9
qwen,h2_choice,79,random,HaBa,1,0.031000000000000028,0.031000000000000028,0.031000000000000028,0,0,0,OD2,9
qwen,h2_choice,79,random,HaBa,2,0.030799999999999994,0.03079999999999994,0.03079999999999994,0,0,0,OD2,9
qwen,h2_choice,79,random,HaBa,3,0.028400000000000036,0.028400000000000092,0.028400000000000092,0,0,0,OD2,9
qwen,h2_choice,79,random,HaCm,0,0.0015000000000000568,0.0015000000000000568,0.0015000000000000568,0,0,0,DD,1
qwen,h2_choice,79,random,HaCm,1,0.03200000000000003,0.03200000000000003,0.03200000000000003,0,0,0,DD,1
qwen,h2_choice,79,random,HaCm,2,0.031100000000000017,0.031100000000000017,0.031100000000000017,0,0,0,DD,1
qwen,h2_choice,79,random,HaCm,3,0.0011999999999999789,0.0011999999999999789,0.0011999999999999789,0,0,0,DD,1
qwen,h2_choice,79,random,HaDl,0,0.02750000000000008,0.02750000000000008,0.02750000000000008,0,0,0,DD,3
qwen,h2_choice,79,random,HaDl,1,0.032399999999999984,0.032399999999999984,0.032399999999999984,0,0,0,DD,3
qwen,h2_choice,79,random,HaDl,2,0.031100000000000017,0.031100000000000017,0.031100000000000017,0,0,0,DD,3
qwen,h2_choice,79,random,HaDl,3,0.028100000000000014,0.028100000000000014,0.028100000000000014,0,0,0,DD,3
qwen,h2_choice,79,random,HaHa,0,0.028000000000000025,0.028000000000000025,0.028000000000000025,0,0,0,DD,5
qwen,h2_choice,79,random,HaHa,1,0.029299999999999993,0.029299999999999993,0.029299999999999993,0,0,0,DD,5
qwen,h2_choice,79,random,HaHa,2,0.0012999999999999678,0.0012999999999998568,0.0012999999999998568,0,0,0,DD,5
qwen,h2_choice,79,random,HaHa,3,0.05179999999999996,0.051799999999999846,0.051799999999999846,0,0,0,DD,5
qwen,h2_choice,79,random,HaNc,0,0.0011999999999999789,0.0011999999999999789,0.0011999999999999789,0,0,0,DD,7
qwen,h2_choice,79,random,HaNc,1,0.029899999999999927,0.029899999999999927,0.029899999999999927,0,0,0,DD,7
qwen,h2_choice,79,random,HaNc,2,0.0013000000000000234,0.0012999999999999678,0.0012999999999999678,0,0,0,DD,7
qwen,h2_choice,79,random,HaNc,3,0.02799999999999997,0.027999999999999914,0.027999999999999914,0,0,0,DD,7
qwen,h2_choice,79,random,HaPc,0,0.02839999999999998,0.02839999999999998,0.02839999999999998,0,0,0,DD,9
qwen,h2_choice,79,random,HaPc,1,0.03049999999999997,0.03049999999999997,0.03049999999999997,0,0,0,DD,9
qwen,h2_choice,79,random,HaPc,2,0.02939999999999998,0.02939999999999987,0.02939999999999987,0,0,0,DD,9
qwen,h2_choice,79,random,HaPc,3,0.02939999999999998,0.02939999999999987,0.02939999999999987,0,0,0,DD,9
qwen,h2_choice,79,random,HrAs,0,0.062,0.062,0.062000000000000055,0,0,0,MP,8
qwen,h2_choice,79,random,HrAs,1,0.029700000000000004,0.029700000000000004,0.02969999999999995,0,0,0,MP,8
qwen,h2_choice,79,random,HrAs,2,0.0014000000000000679,0.0014000000000000679,0.0014000000000000679,0,0,0,MP,8
qwen,h2_choice,79,random,HrAs,3,0.03200000000000003,0.03200000000000003,0.03200000000000003,0,0,0,MP,8
qwen,h2_choice,79,random,HrBa,0,0.031100000000000017,0.031100000000000017,0.031100000000000017,0,0,0,CO1,2
qwen,h2_choice,79,random,HrBa,1,0.030200000000000005,0.030200000000000005,0.030200000000000005,0,0,0,CO1,2
qwen,h2_choice,79,random,HrBa,2,0.024900000000000033,0.024900000000000033,0.024900000000000033,0,0,0,CO1,2
qwen,h2_choice,79,random,HrBa,3,0.031100000000000017,0.031100000000000017,0.031100000000000017,0,0,0,CO1,2
qwen,h2_choice,79,random,HrCh,0,0.030100000000000016,0.030100000000000016,0.030100000000000016,0,0,0,CO1,4
qwen,h2_choice,79,random,HrCh,1,0.030299999999999994,0.030299999999999994,0.030299999999999994,0,0,0,CO1,4
qwen,h2_choice,79,random,HrCh,2,0.028299999999999992,0.028299999999999992,0.028299999999999992,0,0,0,CO1,4
qwen,h2_choice,79,random,HrCh,3,0.03159999999999996,0.03159999999999996,0.03159999999999996,0,0,0,CO1,4
qwen,h2_choice,79,random,HrHr,0,0.0005999999999999894,0.0005999999999999894,0.0005999999999999339,0,0,0,CO2,2
qwen,h2_choice,79,random,HrHr,1,0.02739999999999998,0.02739999999999998,0.02739999999999998,0,0,0,CO2,2
qwen,h2_choice,79,random,HrHr,2,0.02850000000000008,0.02850000000000008,0.02850000000000008,0,0,0,CO2,2
qwen,h2_choice,79,random,HrHr,3,0.03070000000000006,0.03070000000000006,0.03070000000000006,0,0,0,CO2,2
qwen,h2_choice,79,random,ShAs,0,0.030600000000000016,0.030600000000000016,0.030600000000000016,0,0,0,CO1,8
qwen,h2_choice,79,random,ShAs,1,0.031100000000000017,0.031100000000000017,0.031100000000000017,0,0,0,CO1,8
qwen,h2_choice,79,random,ShAs,2,0.030200000000000005,0.030200000000000005,0.030200000000000005,0,0,0,CO1,8
qwen,h2_choice,79,random,ShAs,3,0.031700000000000006,0.03169999999999995,0.03169999999999995,0,0,0,CO1,8
qwen,h2_choice,79,random,ShCo,0,0.029899999999999982,0.029899999999999982,0.029899999999999982,0,0,0,CO2,9
qwen,h2_choice,79,random,ShCo,1,0.029799999999999993,0.029799999999999993,0.029799999999999993,0,0,0,CO2,9
qwen,h2_choice,79,random,ShCo,2,0.031100000000000017,0.031100000000000017,0.031100000000000017,0,0,0,CO2,9
qwen,h2_choice,79,random,ShCo,3,0.028500000000000025,0.02850000000000008,0.02850000000000008,0,0,0,CO2,9
qwen,h2_choice,79,random,ShSh,0,0.03140000000000004,0.03140000000000004,0.03140000000000004,0,0,0,CO1,9
qwen,h2_choice,79,random,ShSh,1,0.031000000000000028,0.031000000000000028,0.031000000000000028,0,0,0,CO1,9
qwen,h2_choice,79,random,ShSh,2,0.0010999999999999899,0.001100000000000101,0.001100000000000101,0,0,0,CO1,9
qwen,h2_choice,79,random,ShSh,3,0.031299999999999994,0.031299999999999994,0.031299999999999994,0,0,0,CO1,9
qwen_instruct,h1_dinc,65,main,AsAs,0,0.9060999999999999,0.9060999999999999,0.9060999999999999,1,1,1,CO1,1
qwen_instruct,h1_dinc,65,main,AsAs,1,0.7746,0.7746,0.7746,1,1,1,CO1,1
qwen_instruct,h1_dinc,65,main,AsAs,2,0.9490999999999999,0.9490999999999999,0.9490999999999999,1,1,1,CO1,1
qwen_instruct,h1_dinc,65,main,AsAs,3,0.7969,0.7969,0.7969,1,1,1,CO1,1
qwen_instruct,h1_dinc,65,main,AsBa,0,0.9031,0.9031,0.9031,1,1,1,MP,2
qwen_instruct,h1_dinc,65,main,AsBa,1,0.749,0.749,0.749,1,1,1,MP,2
qwen_instruct,h1_dinc,65,main,AsBa,2,0.9414,0.9414,0.9414,1,1,1,MP,2
qwen_instruct,h1_dinc,65,main,AsBa,3,0.6781999999999999,0.6781999999999999,0.6781999999999999,1,1,1,MP,2
qwen_instruct,h1_dinc,65,main,AsCh,0,0.9106,0.9106,0.9106,1,1,1,MP,4
qwen_instruct,h1_dinc,65,main,AsCh,1,0.5920000000000001,0.5920000000000001,0.5920000000000001,1,1,1,MP,4
qwen_instruct,h1_dinc,65,main,AsCh,2,0.9503,0.9503,0.9503,0,0,0,MP,4
qwen_instruct,h1_dinc,65,main,AsCh,3,0.7461,0.7461,0.7461,1,1,1,MP,4
qwen_instruct,h1_dinc,65,main,AsCm,0,0.7489,0.7489,0.7489,1,1,1,OD1,2
qwen_instruct,h1_dinc,65,main,AsCm,1,0.43629999999999997,0.43629999999999997,0.4363,0,0,0,OD1,2
qwen_instruct,h1_dinc,65,main,AsCm,2,0.8605999999999999,0.8605999999999999,0.8605999999999999,1,1,1,OD1,2
qwen_instruct,h1_dinc,65,main,AsCm,3,0.8821,0.8821,0.8821,1,1,1,OD1,2
qwen_instruct,h1_dinc,65,main,AsCo,0,0.8857,0.8857,0.8857,1,1,1,CO2,1
qwen_instruct,h1_dinc,65,main,AsCo,1,0.7636,0.7636,0.7636,1,1,1,CO2,1
qwen_instruct,h1_dinc,65,main,AsCo,2,0.9296,0.9296,0.9296,1,1,1,CO2,1
qwen_instruct,h1_dinc,65,main,AsCo,3,0.7931,0.7931,0.7931,1,1,1,CO2,1
qwen_instruct,h1_dinc,65,main,AsDl,0,0.8109,0.8109,0.8109,1,1,1,OD1,4
qwen_instruct,h1_dinc,65,main,AsDl,1,0.529,0.529,0.529,1,1,1,OD1,4
qwen_instruct,h1_dinc,65,main,AsDl,2,0.9416,0.9416,0.9416,1,1,1,OD1,4
qwen_instruct,h1_dinc,65,main,AsDl,3,0.8921,0.8921,0.8921,1,1,1,OD1,4
qwen_instruct,h1_dinc,65,main,AsHa,0,0.9191,0.9191,0.9191,1,1,1,OD2,1
qwen_instruct,h1_dinc,65,main,AsHa,1,0.7908,0.7908,0.7908,1,1,1,OD2,1
qwen_instruct,h1_dinc,65,main,AsHa,2,0.832,0.832,0.832,0,0,0,OD2,1
qwen_instruct,h1_dinc,65,main,AsHa,3,0.6506,0.6506,0.6506,1,1,1,OD2,1
qwen_instruct,h1_dinc,65,main,AsHr,0,0.8766,0.8766,0.8766,1,1,1,MP,6
qwen_instruct,h1_dinc,65,main,AsHr,1,0.698,0.698,0.698,1,1,1,MP,6
qwen_instruct,h1_dinc,65,main,AsHr,2,0.9201,0.9201,0.9201,1,1,1,MP,6
qwen_instruct,h1_dinc,65,main,AsHr,3,0.8065,0.8065,0.8065,1,1,1,MP,6
qwen_instruct,h1_dinc,65,main,AsNc,0,0.9143,0.9143,0.9143,1,1,1,OD2,3
qwen_instruct,h1_dinc,65,main,AsNc,1,0.7056,0.7056,0.7056,1,1,1,OD2,3
qwen_instruct,h1_dinc,65,main,AsNc,2,0.8632,0.8632,0.8632,0,0,0,OD2,3
qwen_instruct,h1_dinc,65,main,AsNc,3,0.6496,0.6496,0.6496,1,1,1,OD2,3
qwen_instruct,h1_dinc,65,main,AsPc,0,0.9025000000000001,0.9025000000000001,0.9025000000000001,1,1,1,OD2,5
qwen_instruct,h1_dinc,65,main,AsPc,1,0.8599,0.8599,0.8599,1,1,1,OD2,5
qwen_instruct,h1_dinc,65,main,AsPc,2,0.9084,0.9084,0.9084,1,1,1,OD2,5
qwen_instruct,h1_dinc,65,main,AsPc,3,0.6206,0.6206,0.6206,1,1,1,OD2,5
qwen_instruct,h1_dinc,65,main,AsPd,0,0.875,0.875,0.875,1,1,1,OD1,6
qwen_instruct,h1_dinc,65,main,AsPd,1,0.8341999999999999,0.8341999999999999,0.8341999999999999,1,1,1,OD1,6
qwen_instruct,h1_dinc,65,main,AsPd,2,0.9599,0.9599,0.9599,1,1,1,OD1,6
qwen_instruct,h1_dinc,65,main,AsPd,3,0.814,0.814,0.814,1,1,1,OD1,6
qwen_instruct,h1_dinc,65,main,AsSh,0,0.9480999999999999,0.9480999999999999,0.9480999999999999,1,1,1,CO1,3
qwen_instruct,h1_dinc,65,main,AsSh,1,0.8234,0.8234,0.8234,1,1,1,CO1,3
qwen_instruct,h1_dinc,65,main,AsSh,2,0.9528,0.9528,0.9528,1,1,1,CO1,3
qwen_instruct,h1_dinc,65,main,AsSh,3,0.7965,0.7965,0.7965,1,1,1,CO1,3
qwen_instruct,h1_dinc,65,main,BaAs,0,0.9009999999999999,0.9009999999999999,0.9009999999999999,0,0,0,MP,1
qwen_instruct,h1_dinc,65,main,BaAs,1,0.7293999999999999,0.7293999999999999,0.7293999999999999,1,1,1,MP,1
qwen_instruct,h1_dinc,65,main,BaAs,2,0.9275,0.9275,0.9275,1,1,1,MP,1
qwen_instruct,h1_dinc,65,main,BaAs,3,0.8248,0.8248,0.8248,1,1,1,MP,1
qwen_instruct,h1_dinc,65,main,BaBa,0,0.8916999999999999,0.8916999999999999,0.8916999999999999,0,0,0,CO2,3
qwen_instruct,h1_dinc,65,main,BaBa,1,0.7306,0.7306,0.7306,1,1,1,CO2,3
qwen_instruct,h1_dinc,65,main,BaBa,2,0.7757999999999999,0.7757999999999999,0.7757999999999999,1,1,1,CO2,3
qwen_instruct,h1_dinc,65,main,BaBa,3,0.8946000000000001,0.8946000000000001,0.8946000000000001,1,1,1,CO2,3
qwen_instruct,h1_dinc,65,main,BaCh,0,0.9107,0.9107,0.9107,1,1,1,CO2,4
qwen_instruct,h1_dinc,65,main,BaCh,1,0.797,0.797,0.797,1,1,1,CO2,4
qwen_instruct,h1_dinc,65,main,BaCh,2,0.8891,0.8891,0.8891,1,1,1,CO2,4
qwen_instruct,h1_dinc,65,main,BaCh,3,0.8935,0.8935,0.8935,1,1,1,CO2,4
qwen_instruct,h1_dinc,65,main,BaCm,0,0.8160000000000001,0.8160000000000001,0.8160000000000001,0,0,0,OD1,1
qwen_instruct,h1_dinc,65,main,BaCm,1,0.6209,0.6209,0.6209,1,1,1,OD1,1
qwen_instruct,h1_dinc,65,main,BaCm,2,0.7759,0.7758999999999999,0.7758999999999999,1,1,1,OD1,1
qwen_instruct,h1_dinc,65,main,BaCm,3,0.7249,0.7249,0.7249,1,1,1,OD1,1
qwen_instruct,h1_dinc,65,main,BaCo,0,0.9137000000000001,0.9137000000000001,0.9137000000000001,0,0,0,MP,3
qwen_instruct,h1_dinc,65,main,BaCo,1,0.6211,0.6211,0.6211,1,1,1,MP,3
qwen_instruct,h1_dinc,65,main,BaCo,2,0.8501000000000001,0.8501000000000001,0.8501000000000001,1,1,1,MP,3
qwen_instruct,h1_dinc,65,main,BaCo,3,0.8484,0.8484,0.8484,1,1,1,MP,3
qwen_instruct,h1_dinc,65,main,BaDl,0,0.8652000000000001,0.8652000000000001,0.8652000000000001,0,0,0,OD1,3
qwen_instruct,h1_dinc,65,main,BaDl,1,0.6214999999999999,0.6214999999999999,0.6214999999999999,1,1,1,OD1,3
qwen_instruct,h1_dinc,65,main,BaDl,2,0.9042,0.9042,0.9042,1,1,1,OD1,3
qwen_instruct,h1_dinc,65,main,BaDl,3,0.8766,0.8766,0.8766,1,1,1,OD1,3
qwen_instruct,h1_dinc,65,main,BaHa,0,0.9375,0.9375,0.9375,0,0,0,OD2,2
qwen_instruct,h1_dinc,65,main,BaHa,1,0.7052999999999999,0.7052999999999999,0.7052999999999999,1,1,1,OD2,2
qwen_instruct,h1_dinc,65,main,BaHa,2,0.8631,0.8631,0.8631,1,1,1,OD2,2
qwen_instruct,h1_dinc,65,main,BaHa,3,0.8704999999999999,0.8704999999999999,0.8704999999999999,1,1,1,OD2,2
qwen_instruct,h1_dinc,65,main,BaHr,0,0.7299,0.7299,0.7299,0,0,0,CO1,5
qwen_instruct,h1_dinc,65,main,BaHr,1,0.6517999999999999,0.6517999999999999,0.6517999999999999,1,1,1,CO1,5
qwen_instruct,h1_dinc,65,main,BaHr,2,0.7053,0.7052999999999999,0.7052999999999999,1,1,1,CO1,5
qwen_instruct,h1_dinc,65,main,BaHr,3,0.8054,0.8054,0.8054,1,1,1,CO1,5
qwen_instruct,h1_dinc,65,main,BaNc,0,0.9121,0.9121,0.9121,0,0,0,OD2,4
qwen_instruct,h1_dinc,65,main,BaNc,1,0.7053999999999999,0.7053999999999999,0.7053999999999999,1,1,1,OD2,4
qwen_instruct,h1_dinc,65,main,BaNc,2,0.9478,0.9478,0.9478,1,1,1,OD2,4
qwen_instruct,h1_dinc,65,main,BaNc,3,0.7502,0.7502,0.7502,1,1,1,OD2,4
qwen_instruct,h1_dinc,65,main,BaPc,0,0.8797,0.8797,0.8797,0,0,0,OD2,6
qwen_instruct,h1_dinc,65,main,BaPc,1,0.6798000000000001,0.6798000000000001,0.6798000000000001,1,1,1,OD2,6
qwen_instruct,h1_dinc,65,main,BaPc,2,0.8647,0.8647,0.8647,1,1,1,OD2,6
qwen_instruct,h1_dinc,65,main,BaPc,3,0.9067999999999999,0.9067999999999999,0.9067999999999999,1,1,1,OD2,6
qwen_instruct,h1_dinc,65,main,BaPd,0,0.8981,0.8981,0.8981,0,0,0,OD1,5
qwen_instruct,h1_dinc,65,main,BaPd,1,0.6789,0.6789,0.6789,1,1,1,OD1,5
qwen_instruct,h1_dinc,65,main,BaPd,2,0.7746,0.7746,0.7746,1,1,1,OD1,5
qwen_instruct,h1_dinc,65,main,BaPd,3,0.864,0.864,0.864,1,1,1,OD1,5
qwen_instruct,h1_dinc,65,main,BaSh,0,0.8643,0.8643,0.8643,1,1,1,MP,5
qwen_instruct,h1_dinc,65,main,BaSh,1,0.7756000000000001,0.7756000000000001,0.7756000000000001,1,1,1,MP,5
qwen_instruct,h1_dinc,65,main,BaSh,2,0.9423,0.9423,0.9423,1,1,1,MP,5
qwen_instruct,h1_dinc,65,main,BaSh,3,0.621,0.621,0.621,1,1,1,MP,5
qwen_instruct,h1_dinc,65,main,ChAs,0,0.8594999999999999,0.8594999999999999,0.8594999999999999,0,0,0,MP,7
qwen_instruct,h1_dinc,65,main,ChAs,1,0.6496000000000001,0.6496000000000001,0.6496000000000001,1,1,1,MP,7
qwen_instruct,h1_dinc,65,main,ChAs,2,0.7279,0.7279,0.7279,1,1,1,MP,7
qwen_instruct,h1_dinc,65,main,ChAs,3,0.8912,0.8912,0.8912,1,1,1,MP,7
qwen_instruct,h1_dinc,65,main,ChBa,0,0.7310000000000001,0.7310000000000001,0.7310000000000001,0,0,0,CO2,5
qwen_instruct,h1_dinc,65,main,ChBa,1,0.4686,0.4686,0.4686,0,0,0,CO2,5
qwen_instruct,h1_dinc,65,main,ChBa,2,0.7544,0.7544,0.7544,1,1,1,CO2,5
qwen_instruct,h1_dinc,65,main,ChBa,3,0.8706999999999999,0.8706999999999999,0.8706999999999999,1,1,1,CO2,5
qwen_instruct,h1_dinc,65,main,ChCh,0,0.7971,0.7971,0.7971,0,0,0,CO2,6
qwen_instruct,h1_dinc,65,main,ChCh,1,0.5305000000000001,0.5305000000000001,0.5305000000000001,1,1,1,CO2,6
qwen_instruct,h1_dinc,65,main,ChCh,2,0.9599,0.9599,0.9599,0,0,0,CO2,6
qwen_instruct,h1_dinc,65,main,ChCh,3,0.7891,0.7891,0.7891,1,1,1,CO2,6
qwen_instruct,h1_dinc,65,main,ChCm,0,0.8331,0.8331,0.8331,0,0,0,OD1,7
qwen_instruct,h1_dinc,65,main,ChCm,1,0.46780000000000005,0.46780000000000005,0.46780000000000005,0,0,0,OD1,7
qwen_instruct,h1_dinc,65,main,ChCm,2,0.7969,0.7969,0.7969,1,1,1,OD1,7
qwen_instruct,h1_dinc,65,main,ChCm,3,0.8577,0.8577,0.8577,1,1,1,OD1,7
qwen_instruct,h1_dinc,65,main,ChCo,0,0.8773,0.8773,0.8773,0,0,0,MP,9
qwen_instruct,h1_dinc,65,main,ChCo,1,0.7047,0.7047,0.7047,1,1,1,MP,9
qwen_instruct,h1_dinc,65,main,ChCo,2,0.7306999999999999,0.7307,0.7307,1,1,1,MP,9
qwen_instruct,h1_dinc,65,main,ChCo,3,0.8856,0.8856,0.8856,1,1,1,MP,9
qwen_instruct,h1_dinc,65,main,ChDl,0,0.6499999999999999,0.6499999999999999,0.6499999999999999,0,0,0,OD1,9
qwen_instruct,h1_dinc,65,main,ChDl,1,0.40650000000000003,0.40650000000000003,0.40650000000000003,0,0,0,OD1,9
qwen_instruct,h1_dinc,65,main,ChDl,2,0.7527,0.7527,0.7527,1,1,1,OD1,9
qwen_instruct,h1_dinc,65,main,ChDl,3,0.7982,0.7982,0.7982,1,1,1,OD1,9
qwen_instruct,h1_dinc,65,main,ChHa,0,0.8866999999999999,0.8866999999999999,0.8866999999999999,0,0,0,OD2,8
qwen_instruct,h1_dinc,65,main,ChHa,1,0.7012999999999999,0.7012999999999999,0.7012999999999999,1,1,1,OD2,8
qwen_instruct,h1_dinc,65,main,ChHa,2,0.5933,0.5933,0.5933,1,1,1,OD2,8
qwen_instruct,h1_dinc,65,main,ChHa,3,0.8087,0.8087,0.8087,1,1,1,OD2,8
qwen_instruct,h1_dinc,65,main,ChHr,0,0.5913999999999999,0.5913999999999999,0.5913999999999999,0,0,0,CO1,6
qwen_instruct,h1_dinc,65,main,ChHr,1,0.4692,0.4692,0.4692,0,0,0,CO1,6
qwen_instruct,h1_dinc,65,main,ChHr,2,0.7304,0.7304,0.7304,1,1,1,CO1,6
qwen_instruct,h1_dinc,65,main,ChHr,3,0.8059,0.8059,0.8059,1,1,1,CO1,6
qwen_instruct,h1_dinc,65,main,CmAs,0,0.5619999999999999,0.5619999999999999,0.5619999999999999,0,0,0,OD1,8
qwen_instruct,h1_dinc,65,main,CmAs,1,0.2452,0.2452,0.24519999999999997,0,0,0,OD1,8
qwen_instruct,h1_dinc,65,main,CmAs,2,0.4688,0.4688,0.4688,0,0,0,OD1,8
qwen_instruct,h1_dinc,65,main,CmAs,3,0.5899000000000001,0.5899000000000001,0.5899000000000001,1,1,1,OD1,8
qwen_instruct,h1_dinc,65,main,CmCm,0,0.2451,0.2451,0.24509999999999998,0,0,0,DD,2
qwen_instruct,h1_dinc,65,main,CmCm,1,0.0421,0.0421,0.042100000000000026,0,0,0,DD,2
qwen_instruct,h1_dinc,65,main,CmCm,2,0.46909999999999996,0.46909999999999996,0.46909999999999996,0,0,0,DD,2
qwen_instruct,h1_dinc,65,main,CmCm,3,0.5317000000000001,0.5317000000000001,0.5317000000000001,1,1,1,DD,2
qwen_instruct,h1_dinc,65,main,CmDl,0,0.3779,0.3779,0.3779,0,0,0,DD,4
qwen_instruct,h1_dinc,65,main,CmDl,1,0.1065,0.1065,0.10650000000000004,0,0,0,DD,4
qwen_instruct,h1_dinc,65,main,CmDl,2,0.43689999999999996,0.43689999999999996,0.43689999999999996,0,0,0,DD,4
qwen_instruct,h1_dinc,65,main,CmDl,3,0.5609999999999999,0.5609999999999999,0.5609999999999999,0,0,0,DD,4
qwen_instruct,h1_dinc,65,main,CmHa,0,0.4998,0.4998,0.4998,0,0,0,DD,6
qwen_instruct,h1_dinc,65,main,CmHa,1,0.1329,0.1329,0.13290000000000002,0,0,0,DD,6
qwen_instruct,h1_dinc,65,main,CmHa,2,0.5,0.5,0.5,1,1,1,DD,6
qwen_instruct,h1_dinc,65,main,CmHa,3,0.5605,0.5605,0.5605,1,1,1,DD,6
qwen_instruct,h1_dinc,65,main,CmNc,0,0.5308,0.5308,0.5308,0,0,0,DD,8
qwen_instruct,h1_dinc,65,main,CmNc,1,0.1484,0.1484,0.14839999999999998,0,0,0,DD,8
qwen_instruct,h1_dinc,65,main,CmNc,2,0.4071,0.4071,0.4071,0,0,0,DD,8
qwen_instruct,h1_dinc,65,main,CmNc,3,0.49960000000000004,0.49960000000000004,0.49960000000000004,1,1,1,DD,8
qwen_instruct,h1_dinc,65,main,CoAs,0,0.7966,0.7966,0.7966,1,1,1,CO2,7
qwen_instruct,h1_dinc,65,main,CoAs,1,0.8753,0.8753,0.8753,1,1,1,CO2,7
qwen_instruct,h1_dinc,65,main,CoAs,2,0.7757,0.7757,0.7757,1,1,1,CO2,7
qwen_instruct,h1_dinc,65,main,CoAs,3,0.2947,0.29469999999999996,0.29469999999999996,0,0,0,CO2,7
qwen_instruct,h1_dinc,65,main,CoCo,0,0.7769,0.7769,0.7769,1,1,1,CO1,7
qwen_instruct,h1_dinc,65,main,CoCo,1,0.8489,0.8489,0.8489,1,1,1,CO1,7
qwen_instruct,h1_dinc,65,main,CoCo,2,0.7969,0.7969,0.7969,0,0,0,CO1,7
qwen_instruct,h1_dinc,65,main,CoCo,3,0.46890000000000004,0.4689000000000001,0.4689000000000001,0,0,0,CO1,7
qwen_instruct,h1_dinc,65,main,CoSh,0,0.7765,0.7765,0.7765,1,1,1,CO2,8
qwen_instruct,h1_dinc,65,main,CoSh,1,0.8320000000000001,0.8320000000000001,0.8320000000000001,1,1,1,CO2,8
qwen_instruct,h1_dinc,65,main,CoSh,2,0.5912999999999999,0.5912999999999999,0.5912999999999999,0,0,0,CO2,8
qwen_instruct,h1_dinc,65,main,CoSh,3,0.2015,0.2015,0.2015,0,0,0,CO2,8
qwen_instruct,h1_dinc,65,main,HaAs,0,0.5315000000000001,0.5315000000000001,0.5315000000000001,1,1,1,OD2,7
qwen_instruct,h1_dinc,65,main,HaAs,1,0.5914999999999999,0.5914999999999999,0.5914999999999999,1,1,1,OD2,7
qwen_instruct,h1_dinc,65,main,HaAs,2,0.2948,0.29479999999999995,0.29479999999999995,0,0,0,OD2,7
qwen_instruct,h1_dinc,65,main,HaAs,3,0.0955,0.09550000000000003,0.09550000000000003,0,0,0,OD2,7
qwen_instruct,h1_dinc,65,main,HaBa,0,0.4082,0.4082,0.4082,0,0,0,OD2,9
qwen_instruct,h1_dinc,65,main,HaBa,1,0.53,0.53,0.53,1,1,1,OD2,9
qwen_instruct,h1_dinc,65,main,HaBa,2,0.8482999999999999,0.8482999999999999,0.8482999999999999,0,0,0,OD2,9
qwen_instruct,h1_dinc,65,main,HaBa,3,0.4066,0.4066000000000001,0.4066000000000001,0,0,0,OD2,9
qwen_instruct,h1_dinc,65,main,HaCm,0,0.6214,0.6214,0.6214,1,1,1,DD,1
qwen_instruct,h1_dinc,65,main,HaCm,1,0.6172,0.6172,0.6172,1,1,1,DD,1
qwen_instruct,h1_dinc,65,main,HaCm,2,0.847,0.847,0.847,1,1,1,DD,1
qwen_instruct,h1_dinc,65,main,HaCm,3,0.5596,0.5596,0.5596,1,1,1,DD,1
qwen_instruct,h1_dinc,65,main,HaDl,0,0.5307,0.5307,0.5307,1,1,1,DD,3
qwen_instruct,h1_dinc,65,main,HaDl,1,0.5298,0.5298,0.5298,1,1,1,DD,3
qwen_instruct,h1_dinc,65,main,HaDl,2,0.7057,0.7057,0.7057,0,0,0,DD,3
qwen_instruct,h1_dinc,65,main,HaDl,3,0.2941,0.29410000000000003,0.29410000000000003,0,0,0,DD,3
qwen_instruct,h1_dinc,65,main,HaHa,0,0.46930000000000005,0.46930000000000005,0.46930000000000005,0,0,0,DD,5
qwen_instruct,h1_dinc,65,main,HaHa,1,0.5924,0.5924,0.5924,1,1,1,DD,5
qwen_instruct,h1_dinc,65,main,HaHa,2,0.4999,0.4999,0.4999,0,0,0,DD,5
qwen_instruct,h1_dinc,65,main,HaHa,3,0.0758,0.07579999999999998,0.07579999999999998,0,0,0,DD,5
qwen_instruct,h1_dinc,65,main,HaNc,0,0.4387,0.4387,0.4387,0,0,0,DD,7
qwen_instruct,h1_dinc,65,main,HaNc,1,0.46799999999999997,0.46799999999999997,0.46799999999999997,0,0,0,DD,7
qwen_instruct,h1_dinc,65,main,HaNc,2,0.5919000000000001,0.5919000000000001,0.5919000000000001,0,0,0,DD,7
qwen_instruct,h1_dinc,65,main,HaNc,3,0.1475,0.14749999999999996,0.14749999999999996,0,0,0,DD,7
qwen_instruct,h1_dinc,65,main,HaPc,0,0.4999,0.4999,0.4999,1,1,1,DD,9
qwen_instruct,h1_dinc,65,main,HaPc,1,0.6502,0.6502,0.6502,1,1,1,DD,9
qwen_instruct,h1_dinc,65,main,HaPc,2,0.6217,0.6217,0.6217,0,0,0,DD,9
qwen_instruct,h1_dinc,65,main,HaPc,3,0.2018,0.20179999999999998,0.20179999999999998,0,0,0,DD,9
qwen_instruct,h1_dinc,65,main,HrAs,0,0.8775,0.8775,0.8775,1,1,1,MP,8
qwen_instruct,h1_dinc,65,main,HrAs,1,0.4675,0.4675,0.4675,0,0,0,MP,8
qwen_instruct,h1_dinc,65,main,HrAs,2,0.7537,0.7537,0.7537,1,1,1,MP,8
qwen_instruct,h1_dinc,65,main,HrAs,3,0.7973,0.7973,0.7973,1,1,1,MP,8
qwen_instruct,h1_dinc,65,main,HrBa,0,0.7306,0.7306,0.7306,0,0,0,CO1,2
qwen_instruct,h1_dinc,65,main,HrBa,1,0.4374,0.4374,0.4374,0,0,0,CO1,2
qwen_instruct,h1_dinc,65,main,HrBa,2,0.6223000000000001,0.6223000000000001,0.6223000000000001,1,1,1,CO1,2
qwen_instruct,h1_dinc,65,main,HrBa,3,0.6757,0.6757000000000001,0.6757000000000001,1,1,1,CO1,2
qwen_instruct,h1_dinc,65,main,HrCh,0,0.6218,0.6218,0.6218,1,1,1,CO1,4
qwen_instruct,h1_dinc,65,main,HrCh,1,0.2685,0.2685,0.26849999999999996,0,0,0,CO1,4
qwen_instruct,h1_dinc,65,main,HrCh,2,0.6513,0.6513,0.6513,1,1,1,CO1,4
qwen_instruct,h1_dinc,65,main,HrCh,3,0.6201,0.6201,0.6201,1,1,1,CO1,4
qwen_instruct,h1_dinc,65,main,HrHr,0,0.8333,0.8333,0.8333,0,0,0,CO2,2
qwen_instruct,h1_dinc,65,main,HrHr,1,0.4375,0.4375,0.4375,0,0,0,CO2,2
qwen_instruct,h1_dinc,65,main,HrHr,2,0.6505000000000001,0.6505000000000001,0.6505000000000001,1,1,1,CO2,2
qwen_instruct,h1_dinc,65,main,HrHr,3,0.7276,0.7276,0.7276,1,1,1,CO2,2
qwen_instruct,h1_dinc,65,main,ShAs,0,0.9198000000000001,0.9198000000000001,0.9198000000000001,1,1,1,CO1,8
qwen_instruct,h1_dinc,65,main,ShAs,1,0.7041000000000001,0.7041000000000001,0.7041000000000001,1,1,1,CO1,8
qwen_instruct,h1_dinc,65,main,ShAs,2,0.9327,0.9327,0.9327,1,1,1,CO1,8
qwen_instruct,h1_dinc,65,main,ShAs,3,0.7297,0.7297,0.7297,1,1,1,CO1,8
qwen_instruct,h1_dinc,65,main,ShCo,0,0.9205,0.9205,0.9205,0,0,0,CO2,9
qwen_instruct,h1_dinc,65,main,ShCo,1,0.7236999999999999,0.7236999999999999,0.7236999999999999,1,1,1,CO2,9
qwen_instruct,h1_dinc,65,main,ShCo,2,0.8957999999999999,0.8957999999999999,0.8957999999999999,0,0,0,CO2,9
qwen_instruct,h1_dinc,65,main,ShCo,3,0.5305000000000001,0.5305000000000001,0.5305000000000001,1,1,1,CO2,9
qwen_instruct,h1_dinc,65,main,ShSh,0,0.9321,0.9321,0.9321,1,1,1,CO1,9
qwen_instruct,h1_dinc,65,main,ShSh,1,0.7715,0.7715,0.7715,1,1,1,CO1,9
qwen_instruct,h1_dinc,65,main,ShSh,2,0.9214,0.9214,0.9214,1,1,1,CO1,9
qwen_instruct,h1_dinc,65,main,ShSh,3,0.6782,0.6782,0.6782,1,1,1,CO1,9
qwen_instruct,h1_dinc,65,main_perp,AsAs,0,0.9037,0.9037,0.9037,1,1,1,CO1,1
qwen_instruct,h1_dinc,65,main_perp,AsAs,1,0.7514,0.7514,0.7514,1,1,1,CO1,1
qwen_instruct,h1_dinc,65,main_perp,AsAs,2,0.9399,0.9399,0.9399,1,1,1,CO1,1
qwen_instruct,h1_dinc,65,main_perp,AsAs,3,0.752,0.752,0.752,1,1,1,CO1,1
qwen_instruct,h1_dinc,65,main_perp,AsBa,0,0.8869,0.8869,0.8869,1,1,1,MP,2
qwen_instruct,h1_dinc,65,main_perp,AsBa,1,0.7242999999999999,0.7242999999999999,0.7242999999999999,1,1,1,MP,2
qwen_instruct,h1_dinc,65,main_perp,AsBa,2,0.9377,0.9377,0.9377,1,1,1,MP,2
qwen_instruct,h1_dinc,65,main_perp,AsBa,3,0.6779,0.6779,0.6779,1,1,1,MP,2
qwen_instruct,h1_dinc,65,main_perp,AsCh,0,0.8993,0.8993,0.8993,1,1,1,MP,4
qwen_instruct,h1_dinc,65,main_perp,AsCh,1,0.5588000000000001,0.5588000000000001,0.5588000000000001,1,1,1,MP,4
qwen_instruct,h1_dinc,65,main_perp,AsCh,2,0.9465,0.9465,0.9465,0,0,0,MP,4
qwen_instruct,h1_dinc,65,main_perp,AsCh,3,0.7437,0.7437,0.7437,1,1,1,MP,4
qwen_instruct,h1_dinc,65,main_perp,AsCm,0,0.7481,0.7481,0.7481,1,1,1,OD1,2
qwen_instruct,h1_dinc,65,main_perp,AsCm,1,0.40650000000000003,0.40650000000000003,0.4065,0,0,0,OD1,2
qwen_instruct,h1_dinc,65,main_perp,AsCm,2,0.8441,0.8441,0.8441,1,1,1,OD1,2
qwen_instruct,h1_dinc,65,main_perp,AsCm,3,0.8819,0.8819,0.8819,1,1,1,OD1,2
qwen_instruct,h1_dinc,65,main_perp,AsCo,0,0.882,0.882,0.882,1,1,1,CO2,1
qwen_instruct,h1_dinc,65,main_perp,AsCo,1,0.715,0.715,0.715,1,1,1,CO2,1
qwen_instruct,h1_dinc,65,main_perp,AsCo,2,0.9208,0.9208,0.9208,1,1,1,CO2,1
qwen_instruct,h1_dinc,65,main_perp,AsCo,3,0.7916,0.7916,0.7916,1,1,1,CO2,1
qwen_instruct,h1_dinc,65,main_perp,AsDl,0,0.8099999999999999,0.8099999999999999,0.8099999999999999,0,0,0,OD1,4
qwen_instruct,h1_dinc,65,main_perp,AsDl,1,0.4978,0.4978,0.4978,0,0,0,OD1,4
qwen_instruct,h1_dinc,65,main_perp,AsDl,2,0.9342,0.9342,0.9342,1,1,1,OD1,4
qwen_instruct,h1_dinc,65,main_perp,AsDl,3,0.8771,0.8771,0.8771,1,1,1,OD1,4
qwen_instruct,h1_dinc,65,main_perp,AsHa,0,0.9153,0.9153,0.9153,1,1,1,OD2,1
qwen_instruct,h1_dinc,65,main_perp,AsHa,1,0.7908,0.7908,0.7908,1,1,1,OD2,1
qwen_instruct,h1_dinc,65,main_perp,AsHa,2,0.8134,0.8134,0.8134,0,0,0,OD2,1
qwen_instruct,h1_dinc,65,main_perp,AsHa,3,0.6207,0.6207,0.6207,1,1,1,OD2,1
qwen_instruct,h1_dinc,65,main_perp,AsHr,0,0.8613,0.8613,0.8613,1,1,1,MP,6
qwen_instruct,h1_dinc,65,main_perp,AsHr,1,0.6712999999999999,0.6712999999999999,0.6712999999999999,1,1,1,MP,6
qwen_instruct,h1_dinc,65,main_perp,AsHr,2,0.9184,0.9184,0.9184,1,1,1,MP,6
qwen_instruct,h1_dinc,65,main_perp,AsHr,3,0.7874,0.7874,0.7874,1,1,1,MP,6
qwen_instruct,h1_dinc,65,main_perp,AsNc,0,0.9119,0.9119,0.9119,1,1,1,OD2,3
qwen_instruct,h1_dinc,65,main_perp,AsNc,1,0.6782,0.6782,0.6782,1,1,1,OD2,3
qwen_instruct,h1_dinc,65,main_perp,AsNc,2,0.8622,0.8622,0.8622,0,0,0,OD2,3
qwen_instruct,h1_dinc,65,main_perp,AsNc,3,0.5912000000000001,0.5912000000000001,0.5912000000000001,1,1,1,OD2,3
qwen_instruct,h1_dinc,65,main_perp,AsPc,0,0.8989,0.8989,0.8989,1,1,1,OD2,5
qwen_instruct,h1_dinc,65,main_perp,AsPc,1,0.856,0.856,0.856,1,1,1,OD2,5
qwen_instruct,h1_dinc,65,main_perp,AsPc,2,0.9083,0.9083,0.9083,1,1,1,OD2,5
qwen_instruct,h1_dinc,65,main_perp,AsPc,3,0.5912000000000001,0.5912000000000001,0.5912000000000001,1,1,1,OD2,5
qwen_instruct,h1_dinc,65,main_perp,AsPd,0,0.875,0.875,0.875,1,1,1,OD1,6
qwen_instruct,h1_dinc,65,main_perp,AsPd,1,0.8437,0.8437,0.8437,1,1,1,OD1,6
qwen_instruct,h1_dinc,65,main_perp,AsPd,2,0.9548,0.9548,0.9548,1,1,1,OD1,6
qwen_instruct,h1_dinc,65,main_perp,AsPd,3,0.7943,0.7943,0.7943,1,1,1,OD1,6
qwen_instruct,h1_dinc,65,main_perp,AsSh,0,0.948,0.948,0.948,1,1,1,CO1,3
qwen_instruct,h1_dinc,65,main_perp,AsSh,1,0.8215,0.8215,0.8215,1,1,1,CO1,3
qwen_instruct,h1_dinc,65,main_perp,AsSh,2,0.9456,0.9456,0.9456,1,1,1,CO1,3
qwen_instruct,h1_dinc,65,main_perp,AsSh,3,0.7752,0.7752,0.7752,1,1,1,CO1,3
qwen_instruct,h1_dinc,65,main_perp,BaAs,0,0.8893,0.8893,0.8893,0,0,0,MP,1
qwen_instruct,h1_dinc,65,main_perp,BaAs,1,0.7027,0.7027,0.7027,1,1,1,MP,1
qwen_instruct,h1_dinc,65,main_perp,BaAs,2,0.9166,0.9166,0.9166,1,1,1,MP,1
qwen_instruct,h1_dinc,65,main_perp,BaAs,3,0.8033,0.8033,0.8033,1,1,1,MP,1
qwen_instruct,h1_dinc,65,main_perp,BaBa,0,0.8915,0.8915,0.8915,0,0,0,CO2,3
qwen_instruct,h1_dinc,65,main_perp,BaBa,1,0.73,0.73,0.73,1,1,1,CO2,3
qwen_instruct,h1_dinc,65,main_perp,BaBa,2,0.7762,0.7762,0.7762,1,1,1,CO2,3
qwen_instruct,h1_dinc,65,main_perp,BaBa,3,0.8886999999999999,0.8886999999999999,0.8886999999999999,1,1,1,CO2,3
qwen_instruct,h1_dinc,65,main_perp,BaCh,0,0.8991,0.8991,0.8991,0,0,0,CO2,4
qwen_instruct,h1_dinc,65,main_perp,BaCh,1,0.7966,0.7966,0.7966,1,1,1,CO2,4
qwen_instruct,h1_dinc,65,main_perp,BaCh,2,0.8763,0.8763,0.8763,1,1,1,CO2,4
qwen_instruct,h1_dinc,65,main_perp,BaCh,3,0.8798999999999999,0.8798999999999999,0.8798999999999999,1,1,1,CO2,4
qwen_instruct,h1_dinc,65,main_perp,BaCm,0,0.7749999999999999,0.7749999999999999,0.7749999999999999,0,0,0,OD1,1
qwen_instruct,h1_dinc,65,main_perp,BaCm,1,0.5909,0.5909,0.5909,1,1,1,OD1,1
qwen_instruct,h1_dinc,65,main_perp,BaCm,2,0.754,0.754,0.754,1,1,1,OD1,1
qwen_instruct,h1_dinc,65,main_perp,BaCm,3,0.6980999999999999,0.6980999999999999,0.6980999999999999,1,1,1,OD1,1
qwen_instruct,h1_dinc,65,main_perp,BaCo,0,0.9031,0.9031,0.9031,0,0,0,MP,3
qwen_instruct,h1_dinc,65,main_perp,BaCo,1,0.6223000000000001,0.6223000000000001,0.6223000000000001,1,1,1,MP,3
qwen_instruct,h1_dinc,65,main_perp,BaCo,2,0.8331000000000001,0.8331000000000001,0.8331000000000001,1,1,1,MP,3
qwen_instruct,h1_dinc,65,main_perp,BaCo,3,0.8101999999999999,0.8101999999999999,0.8101999999999999,1,1,1,MP,3
qwen_instruct,h1_dinc,65,main_perp,BaDl,0,0.85,0.85,0.85,0,0,0,OD1,3
qwen_instruct,h1_dinc,65,main_perp,BaDl,1,0.5922,0.5922,0.5922,1,1,1,OD1,3
qwen_instruct,h1_dinc,65,main_perp,BaDl,2,0.8936999999999999,0.8937,0.8937,1,1,1,OD1,3
qwen_instruct,h1_dinc,65,main_perp,BaDl,3,0.8612,0.8612,0.8612,1,1,1,OD1,3
qwen_instruct,h1_dinc,65,main_perp,BaHa,0,0.9296,0.9296,0.9296,0,0,0,OD2,2
qwen_instruct,h1_dinc,65,main_perp,BaHa,1,0.7047,0.7047,0.7047,1,1,1,OD2,2
qwen_instruct,h1_dinc,65,main_perp,BaHa,2,0.847,0.847,0.847,1,1,1,OD2,2
qwen_instruct,h1_dinc,65,main_perp,BaHa,3,0.8517,0.8517,0.8517,1,1,1,OD2,2
qwen_instruct,h1_dinc,65,main_perp,BaHr,0,0.7044,0.7044,0.7044,0,0,0,CO1,5
qwen_instruct,h1_dinc,65,main_perp,BaHr,1,0.6219,0.6219,0.6219,1,1,1,CO1,5
qwen_instruct,h1_dinc,65,main_perp,BaHr,2,0.6795,0.6795,0.6795,1,1,1,CO1,5
qwen_instruct,h1_dinc,65,main_perp,BaHr,3,0.7841,0.7841,0.7841,1,1,1,CO1,5
qwen_instruct,h1_dinc,65,main_perp,BaNc,0,0.9007999999999999,0.9007999999999999,0.9007999999999999,1,1,1,OD2,4
qwen_instruct,h1_dinc,65,main_perp,BaNc,1,0.6784,0.6784,0.6784,1,1,1,OD2,4
qwen_instruct,h1_dinc,65,main_perp,BaNc,2,0.9368,0.9368,0.9368,1,1,1,OD2,4
qwen_instruct,h1_dinc,65,main_perp,BaNc,3,0.7491,0.7491,0.7491,1,1,1,OD2,4
qwen_instruct,h1_dinc,65,main_perp,BaPc,0,0.8652,0.8652,0.8652,0,0,0,OD2,6
qwen_instruct,h1_dinc,65,main_perp,BaPc,1,0.6782999999999999,0.6782999999999999,0.6782999999999999,1,1,1,OD2,6
qwen_instruct,h1_dinc,65,main_perp,BaPc,2,0.8324,0.8323999999999999,0.8323999999999999,1,1,1,OD2,6
qwen_instruct,h1_dinc,65,main_perp,BaPc,3,0.9025,0.9025,0.9025,1,1,1,OD2,6
qwen_instruct,h1_dinc,65,main_perp,BaPd,0,0.8970999999999999,0.8970999999999999,0.8970999999999999,0,0,0,OD1,5
qwen_instruct,h1_dinc,65,main_perp,BaPd,1,0.6495,0.6495,0.6495,1,1,1,OD1,5
qwen_instruct,h1_dinc,65,main_perp,BaPd,2,0.7955,0.7955,0.7955,1,1,1,OD1,5
qwen_instruct,h1_dinc,65,main_perp,BaPd,3,0.864,0.864,0.864,1,1,1,OD1,5
qwen_instruct,h1_dinc,65,main_perp,BaSh,0,0.8635,0.8635,0.8635,1,1,1,MP,5
qwen_instruct,h1_dinc,65,main_perp,BaSh,1,0.7748999999999999,0.7748999999999999,0.7748999999999999,1,1,1,MP,5
qwen_instruct,h1_dinc,65,main_perp,BaSh,2,0.9349999999999999,0.9349999999999999,0.9349999999999999,1,1,1,MP,5
qwen_instruct,h1_dinc,65,main_perp,BaSh,3,0.5908000000000001,0.5908000000000001,0.5908000000000001,1,1,1,MP,5
qwen_instruct,h1_dinc,65,main_perp,ChAs,0,0.8561,0.8561,0.8561,0,0,0,MP,7
qwen_instruct,h1_dinc,65,main_perp,ChAs,1,0.62,0.62,0.62,1,1,1,MP,7
qwen_instruct,h1_dinc,65,main_perp,ChAs,2,0.7275,0.7275,0.7275,1,1,1,MP,7
qwen_instruct,h1_dinc,65,main_perp,ChAs,3,0.8775000000000001,0.8775000000000001,0.8775000000000001,1,1,1,MP,7
qwen_instruct,h1_dinc,65,main_perp,ChBa,0,0.7048000000000001,0.7048000000000001,0.7048000000000001,0,0,0,CO2,5
qwen_instruct,h1_dinc,65,main_perp,ChBa,1,0.4381,0.4381,0.4381,0,0,0,CO2,5
qwen_instruct,h1_dinc,65,main_perp,ChBa,2,0.7539,0.7539,0.7539,1,1,1,CO2,5
qwen_instruct,h1_dinc,65,main_perp,ChBa,3,0.8699,0.8699,0.8699,1,1,1,CO2,5
qwen_instruct,h1_dinc,65,main_perp,ChCh,0,0.7754,0.7754,0.7754,0,0,0,CO2,6
qwen_instruct,h1_dinc,65,main_perp,ChCh,1,0.5304000000000001,0.5304000000000001,0.5304000000000001,1,1,1,CO2,6
qwen_instruct,h1_dinc,65,main_perp,ChCh,2,0.9528,0.9528,0.9528,0,0,0,CO2,6
qwen_instruct,h1_dinc,65,main_perp,ChCh,3,0.7671,0.7671,0.7671,1,1,1,CO2,6
qwen_instruct,h1_dinc,65,main_perp,ChCm,0,0.8142999999999999,0.8142999999999999,0.8142999999999999,0,0,0,OD1,7
qwen_instruct,h1_dinc,65,main_perp,ChCm,1,0.4687,0.4687,0.4687,0,0,0,OD1,7
qwen_instruct,h1_dinc,65,main_perp,ChCm,2,0.7965,0.7965,0.7965,1,1,1,OD1,7
qwen_instruct,h1_dinc,65,main_perp,ChCm,3,0.8577,0.8577,0.8577,1,1,1,OD1,7
qwen_instruct,h1_dinc,65,main_perp,ChCo,0,0.8773,0.8773,0.8773,0,0,0,MP,9
qwen_instruct,h1_dinc,65,main_perp,ChCo,1,0.6514000000000001,0.6514000000000001,0.6514000000000001,1,1,1,MP,9
qwen_instruct,h1_dinc,65,main_perp,ChCo,2,0.7303,0.7303,0.7303,1,1,1,MP,9
qwen_instruct,h1_dinc,65,main_perp,ChCo,3,0.8756,0.8756,0.8756,1,1,1,MP,9
qwen_instruct,h1_dinc,65,main_perp,ChDl,0,0.5924999999999999,0.5924999999999999,0.5924999999999999,0,0,0,OD1,9
qwen_instruct,h1_dinc,65,main_perp,ChDl,1,0.3775,0.3775,0.3775,0,0,0,OD1,9
qwen_instruct,h1_dinc,65,main_perp,ChDl,2,0.7524,0.7524,0.7524,1,1,1,OD1,9
qwen_instruct,h1_dinc,65,main_perp,ChDl,3,0.8024,0.8024,0.8024,1,1,1,OD1,9
qwen_instruct,h1_dinc,65,main_perp,ChHa,0,0.8731,0.8731,0.8731,0,0,0,OD2,8
qwen_instruct,h1_dinc,65,main_perp,ChHa,1,0.7007,0.7007,0.7007,1,1,1,OD2,8
qwen_instruct,h1_dinc,65,main_perp,ChHa,2,0.5922000000000001,0.5922000000000001,0.5922000000000001,1,1,1,OD2,8
qwen_instruct,h1_dinc,65,main_perp,ChHa,3,0.7893999999999999,0.7894,0.7894,1,1,1,OD2,8
qwen_instruct,h1_dinc,65,main_perp,ChHr,0,0.593,0.593,0.593,0,0,0,CO1,6
qwen_instruct,h1_dinc,65,main_perp,ChHr,1,0.43810000000000004,0.43810000000000004,0.43810000000000004,0,0,0,CO1,6
qwen_instruct,h1_dinc,65,main_perp,ChHr,2,0.7297,0.7297,0.7297,1,1,1,CO1,6
qwen_instruct,h1_dinc,65,main_perp,ChHr,3,0.8052,0.8052,0.8052,1,1,1,CO1,6
qwen_instruct,h1_dinc,65,main_perp,CmAs,0,0.5619,0.5619,0.5619,0,0,0,OD1,8
qwen_instruct,h1_dinc,65,main_perp,CmAs,1,0.22260000000000002,0.22260000000000002,0.22260000000000002,0,0,0,OD1,8
qwen_instruct,h1_dinc,65,main_perp,CmAs,2,0.4678,0.4678,0.4678,0,0,0,OD1,8
qwen_instruct,h1_dinc,65,main_perp,CmAs,3,0.5895999999999999,0.5896,0.5896,1,1,1,OD1,8
qwen_instruct,h1_dinc,65,main_perp,CmCm,0,0.2229,0.2229,0.2229,0,0,0,DD,2
qwen_instruct,h1_dinc,65,main_perp,CmCm,1,0.0421,0.0421,0.042100000000000026,0,0,0,DD,2
qwen_instruct,h1_dinc,65,main_perp,CmCm,2,0.4373,0.4373,0.4373,0,0,0,DD,2
qwen_instruct,h1_dinc,65,main_perp,CmCm,3,0.5316000000000001,0.5316000000000001,0.5316000000000001,1,1,1,DD,2
qwen_instruct,h1_dinc,65,main_perp,CmDl,0,0.3207,0.3207,0.3207,0,0,0,DD,4
qwen_instruct,h1_dinc,65,main_perp,CmDl,1,0.0952,0.0952,0.09519999999999995,0,0,0,DD,4
qwen_instruct,h1_dinc,65,main_perp,CmDl,2,0.46940000000000004,0.46940000000000004,0.46940000000000004,0,0,0,DD,4
qwen_instruct,h1_dinc,65,main_perp,CmDl,3,0.5603,0.5602999999999999,0.5602999999999999,0,0,0,DD,4
qwen_instruct,h1_dinc,65,main_perp,CmHa,0,0.4383,0.4383,0.4383,0,0,0,DD,6
qwen_instruct,h1_dinc,65,main_perp,CmHa,1,0.1193,0.1193,0.11929999999999996,0,0,0,DD,6
qwen_instruct,h1_dinc,65,main_perp,CmHa,2,0.4999,0.4999,0.4999,1,1,1,DD,6
qwen_instruct,h1_dinc,65,main_perp,CmHa,3,0.5306,0.5306,0.5306,1,1,1,DD,6
qwen_instruct,h1_dinc,65,main_perp,CmNc,0,0.4999,0.4999,0.4999,0,0,0,DD,8
qwen_instruct,h1_dinc,65,main_perp,CmNc,1,0.1486,0.1486,0.14860000000000007,0,0,0,DD,8
qwen_instruct,h1_dinc,65,main_perp,CmNc,2,0.40759999999999996,0.40759999999999996,0.40759999999999996,0,0,0,DD,8
qwen_instruct,h1_dinc,65,main_perp,CmNc,3,0.46840000000000004,0.46840000000000004,0.46840000000000004,0,0,0,DD,8
qwen_instruct,h1_dinc,65,main_perp,CoAs,0,0.7955,0.7955,0.7955,1,1,1,CO2,7
qwen_instruct,h1_dinc,65,main_perp,CoAs,1,0.8606,0.8606,0.8606,1,1,1,CO2,7
qwen_instruct,h1_dinc,65,main_perp,CoAs,2,0.7536,0.7536,0.7536,1,1,1,CO2,7
qwen_instruct,h1_dinc,65,main_perp,CoAs,3,0.2947,0.29469999999999996,0.29469999999999996,0,0,0,CO2,7
qwen_instruct,h1_dinc,65,main_perp,CoCo,0,0.7538,0.7538,0.7538,1,1,1,CO1,7
qwen_instruct,h1_dinc,65,main_perp,CoCo,1,0.831,0.831,0.831,1,1,1,CO1,7
qwen_instruct,h1_dinc,65,main_perp,CoCo,2,0.7754,0.7754,0.7754,0,0,0,CO1,7
qwen_instruct,h1_dinc,65,main_perp,CoCo,3,0.43760000000000004,0.4376,0.4376,0,0,0,CO1,7
qwen_instruct,h1_dinc,65,main_perp,CoSh,0,0.7759,0.7759,0.7759,1,1,1,CO2,8
qwen_instruct,h1_dinc,65,main_perp,CoSh,1,0.8467,0.8467,0.8467,1,1,1,CO2,8
qwen_instruct,h1_dinc,65,main_perp,CoSh,2,0.5613,0.5613,0.5613,0,0,0,CO2,8
qwen_instruct,h1_dinc,65,main_perp,CoSh,3,0.18180000000000002,0.18179999999999996,0.18179999999999996,0,0,0,CO2,8
qwen_instruct,h1_dinc,65,main_perp,HaAs,0,0.5318,0.5318,0.5318,1,1,1,OD2,7
qwen_instruct,h1_dinc,65,main_perp,HaAs,1,0.5913999999999999,0.5913999999999999,0.5913999999999999,1,1,1,OD2,7
qwen_instruct,h1_dinc,65,main_perp,HaAs,2,0.2948,0.29479999999999995,0.29479999999999995,0,0,0,OD2,7
qwen_instruct,h1_dinc,65,main_perp,HaAs,3,0.0852,0.08519999999999994,0.08519999999999994,0,0,0,OD2,7
qwen_instruct,h1_dinc,65,main_perp,HaBa,0,0.40670000000000006,0.40670000000000006,0.40670000000000006,0,0,0,OD2,9
qwen_instruct,h1_dinc,65,main_perp,HaBa,1,0.499,0.499,0.499,1,1,1,OD2,9
qwen_instruct,h1_dinc,65,main_perp,HaBa,2,0.8318,0.8318,0.8318,0,0,0,OD2,9
qwen_instruct,h1_dinc,65,main_perp,HaBa,3,0.40750000000000003,0.4075,0.4075,0,0,0,OD2,9
qwen_instruct,h1_dinc,65,main_perp,HaCm,0,0.6209,0.6209,0.6209,1,1,1,DD,1
qwen_instruct,h1_dinc,65,main_perp,HaCm,1,0.6462,0.6462,0.6462,1,1,1,DD,1
qwen_instruct,h1_dinc,65,main_perp,HaCm,2,0.846,0.846,0.846,1,1,1,DD,1
qwen_instruct,h1_dinc,65,main_perp,HaCm,3,0.5588000000000001,0.5588000000000001,0.5588000000000001,1,1,1,DD,1
qwen_instruct,h1_dinc,65,main_perp,HaDl,0,0.4999,0.4999,0.4999,1,1,1,DD,3
qwen_instruct,h1_dinc,65,main_perp,HaDl,1,0.5297000000000001,0.5297000000000001,0.5297000000000001,1,1,1,DD,3
qwen_instruct,h1_dinc,65,main_perp,HaDl,2,0.7056,0.7056,0.7056,0,0,0,DD,3
qwen_instruct,h1_dinc,65,main_perp,HaDl,3,0.2693,0.2693,0.2693,0,0,0,DD,3
qwen_instruct,h1_dinc,65,main_perp,HaHa,0,0.46840000000000004,0.46840000000000004,0.46840000000000004,0,0,0,DD,5
qwen_instruct,h1_dinc,65,main_perp,HaHa,1,0.5619,0.5619,0.5619,1,1,1,DD,5
qwen_instruct,h1_dinc,65,main_perp,HaHa,2,0.4374,0.4374,0.4374,0,0,0,DD,5
qwen_instruct,h1_dinc,65,main_perp,HaHa,3,0.076,0.07599999999999996,0.07599999999999996,0,0,0,DD,5
qwen_instruct,h1_dinc,65,main_perp,HaNc,0,0.43879999999999997,0.43879999999999997,0.43879999999999997,0,0,0,DD,7
qwen_instruct,h1_dinc,65,main_perp,HaNc,1,0.4688,0.4688,0.4688,0,0,0,DD,7
qwen_instruct,h1_dinc,65,main_perp,HaNc,2,0.5616000000000001,0.5616000000000001,0.5616000000000001,0,0,0,DD,7
qwen_instruct,h1_dinc,65,main_perp,HaNc,3,0.1482,0.1482,0.1482,0,0,0,DD,7
qwen_instruct,h1_dinc,65,main_perp,HaPc,0,0.4999,0.4999,0.4999,1,1,1,DD,9
qwen_instruct,h1_dinc,65,main_perp,HaPc,1,0.6206,0.6206,0.6206,1,1,1,DD,9
qwen_instruct,h1_dinc,65,main_perp,HaPc,2,0.5920000000000001,0.5920000000000001,0.5920000000000001,0,0,0,DD,9
qwen_instruct,h1_dinc,65,main_perp,HaPc,3,0.182,0.18199999999999994,0.18199999999999994,0,0,0,DD,9
qwen_instruct,h1_dinc,65,main_perp,HrAs,0,0.8631,0.8631,0.8631,1,1,1,MP,8
qwen_instruct,h1_dinc,65,main_perp,HrAs,1,0.4081,0.4081,0.4081,0,0,0,MP,8
qwen_instruct,h1_dinc,65,main_perp,HrAs,2,0.7539,0.7539,0.7539,1,1,1,MP,8
qwen_instruct,h1_dinc,65,main_perp,HrAs,3,0.8094,0.8094,0.8094,1,1,1,MP,8
qwen_instruct,h1_dinc,65,main_perp,HrBa,0,0.7045,0.7045,0.7045,0,0,0,CO1,2
qwen_instruct,h1_dinc,65,main_perp,HrBa,1,0.43670000000000003,0.43670000000000003,0.4367000000000001,0,0,0,CO1,2
qwen_instruct,h1_dinc,65,main_perp,HrBa,2,0.6225,0.6225,0.6225,1,1,1,CO1,2
qwen_instruct,h1_dinc,65,main_perp,HrBa,3,0.6477999999999999,0.6477999999999999,0.6477999999999999,1,1,1,CO1,2
qwen_instruct,h1_dinc,65,main_perp,HrCh,0,0.5932000000000001,0.5932000000000001,0.5932000000000001,1,1,1,CO1,4
qwen_instruct,h1_dinc,65,main_perp,HrCh,1,0.2228,0.2228,0.2228,0,0,0,CO1,4
qwen_instruct,h1_dinc,65,main_perp,HrCh,2,0.6225,0.6225,0.6225,1,1,1,CO1,4
qwen_instruct,h1_dinc,65,main_perp,HrCh,3,0.6494,0.6494,0.6494,1,1,1,CO1,4
qwen_instruct,h1_dinc,65,main_perp,HrHr,0,0.8154,0.8154,0.8154,0,0,0,CO2,2
qwen_instruct,h1_dinc,65,main_perp,HrHr,1,0.4072,0.4072,0.4072,0,0,0,CO2,2
qwen_instruct,h1_dinc,65,main_perp,HrHr,2,0.6226,0.6226,0.6226,1,1,1,CO2,2
qwen_instruct,h1_dinc,65,main_perp,HrHr,3,0.7019,0.7019000000000001,0.7019000000000001,1,1,1,CO2,2
qwen_instruct,h1_dinc,65,main_perp,ShAs,0,0.9099,0.9099,0.9099,1,1,1,CO1,8
qwen_instruct,h1_dinc,65,main_perp,ShAs,1,0.7041999999999999,0.7041999999999999,0.7041999999999999,1,1,1,CO1,8
qwen_instruct,h1_dinc,65,main_perp,ShAs,2,0.9240999999999999,0.9240999999999999,0.9240999999999999,1,1,1,CO1,8
qwen_instruct,h1_dinc,65,main_perp,ShAs,3,0.6776,0.6776,0.6776,1,1,1,CO1,8
qwen_instruct,h1_dinc,65,main_perp,ShCo,0,0.9095,0.9095,0.9095,0,0,0,CO2,9
qwen_instruct,h1_dinc,65,main_perp,ShCo,1,0.697,0.697,0.697,1,1,1,CO2,9
qwen_instruct,h1_dinc,65,main_perp,ShCo,2,0.8833,0.8833,0.8833,0,0,0,CO2,9
qwen_instruct,h1_dinc,65,main_perp,ShCo,3,0.4686,0.4686000000000001,0.4686000000000001,0,0,0,CO2,9
qwen_instruct,h1_dinc,65,main_perp,ShSh,0,0.9237,0.9237,0.9237,1,1,1,CO1,9
qwen_instruct,h1_dinc,65,main_perp,ShSh,1,0.7723,0.7723,0.7723,1,1,1,CO1,9
qwen_instruct,h1_dinc,65,main_perp,ShSh,2,0.9143,0.9143,0.9143,1,1,1,CO1,9
qwen_instruct,h1_dinc,65,main_perp,ShSh,3,0.6215,0.6215,0.6215,1,1,1,CO1,9
qwen_instruct,h1_dinc,65,random,AsAs,0,0.02629999999999999,0.02629999999999999,0.02629999999999999,0,0,0,CO1,1
qwen_instruct,h1_dinc,65,random,AsAs,1,0.014099999999999994,0.014099999999999994,0.014099999999999994,0,0,0,CO1,1
qwen_instruct,h1_dinc,65,random,AsAs,2,0.02310000000000001,0.02310000000000012,0.02310000000000012,0,0,0,CO1,1
qwen_instruct,h1_dinc,65,random,AsAs,3,0.006100000000000001,0.006099999999999994,0.006099999999999994,0,0,0,CO1,1
qwen_instruct,h1_dinc,65,random,AsBa,0,0.031299999999999994,0.031299999999999994,0.031299999999999883,0,0,0,MP,2
qwen_instruct,h1_dinc,65,random,AsBa,1,0.024099999999999996,0.024099999999999996,0.02410000000000001,0,0,0,MP,2
qwen_instruct,h1_dinc,65,random,AsBa,2,0.056999999999999995,0.05699999999999994,0.05699999999999994,0,0,0,MP,2
qwen_instruct,h1_dinc,65,random,AsBa,3,0.008,0.008000000000000007,0.008000000000000007,0,0,0,MP,2
qwen_instruct,h1_dinc,65,random,AsCh,0,0.022900000000000004,0.022900000000000004,0.02290000000000003,0,0,0,MP,4
qwen_instruct,h1_dinc,65,random,AsCh,1,0.004900000000000002,0.004900000000000002,0.0049000000000000155,0,0,0,MP,4
qwen_instruct,h1_dinc,65,random,AsCh,2,0.057099999999999984,0.05710000000000004,0.05710000000000004,0,0,0,MP,4
qwen_instruct,h1_dinc,65,random,AsCh,3,0.03760000000000001,0.03760000000000008,0.03760000000000008,0,0,0,MP,4
qwen_instruct,h1_dinc,65,random,AsCm,0,0.017699999999999994,0.017699999999999994,0.017699999999999938,0,0,0,OD1,2
qwen_instruct,h1_dinc,65,random,AsCm,1,0.005000000000000001,0.005000000000000001,0.0050000000000000044,0,0,0,OD1,2
qwen_instruct,h1_dinc,65,random,AsCm,2,0.05710000000000004,0.05710000000000004,0.05710000000000004,0,0,0,OD1,2
qwen_instruct,h1_dinc,65,random,AsCm,3,0.055300000000000016,0.055299999999999905,0.055299999999999905,0,0,0,OD1,2
qwen_instruct,h1_dinc,65,random,AsCo,0,0.030299999999999994,0.030299999999999994,0.030299999999999994,0,0,0,CO2,1
qwen_instruct,h1_dinc,65,random,AsCo,1,0.014200000000000004,0.014200000000000004,0.014200000000000004,0,0,0,CO2,1
qwen_instruct,h1_dinc,65,random,AsCo,2,0.028600000000000014,0.02859999999999996,0.02859999999999996,0,0,0,CO2,1
qwen_instruct,h1_dinc,65,random,AsCo,3,0.010599999999999998,0.010600000000000054,0.010600000000000054,0,0,0,CO2,1
qwen_instruct,h1_dinc,65,random,AsDl,0,0.01079999999999999,0.01079999999999999,0.010800000000000032,0,0,0,OD1,4
qwen_instruct,h1_dinc,65,random,AsDl,1,0.008900000000000005,0.008900000000000005,0.008900000000000019,0,0,0,OD1,4
qwen_instruct,h1_dinc,65,random,AsDl,2,0.03260000000000002,0.03259999999999996,0.03259999999999996,0,0,0,OD1,4
qwen_instruct,h1_dinc,65,random,AsDl,3,0.04089999999999999,0.04090000000000005,0.04090000000000005,0,0,0,OD1,4
qwen_instruct,h1_dinc,65,random,AsHa,0,0.026600000000000013,0.026600000000000013,0.026600000000000013,0,0,0,OD2,1
qwen_instruct,h1_dinc,65,random,AsHa,1,0.011799999999999991,0.011799999999999991,0.011799999999999991,0,0,0,OD2,1
qwen_instruct,h1_dinc,65,random,AsHa,2,0.0087,0.00869999999999993,0.00869999999999993,0,0,0,OD2,1
qwen_instruct,h1_dinc,65,random,AsHa,3,9.99999999999994e-05,9.999999999998899e-05,9.999999999998899e-05,0,0,0,OD2,1
qwen_instruct,h1_dinc,65,random,AsHr,0,0.027199999999999946,0.027199999999999946,0.02719999999999989,0,0,0,MP,6
qwen_instruct,h1_dinc,65,random,AsHr,1,0.019799999999999998,0.019799999999999998,0.01980000000000004,0,0,0,MP,6
qwen_instruct,h1_dinc,65,random,AsHr,2,0.06140000000000001,0.06140000000000001,0.06140000000000001,1,1,1,MP,6
qwen_instruct,h1_dinc,65,random,AsHr,3,0.03169999999999998,0.03169999999999995,0.03169999999999995,0,0,0,MP,6
qwen_instruct,h1_dinc,65,random,AsNc,0,0.01780000000000001,0.01780000000000001,0.01780000000000001,0,0,0,OD2,3
qwen_instruct,h1_dinc,65,random,AsNc,1,0.003599999999999999,0.003599999999999999,0.003599999999999999,0,0,0,OD2,3
qwen_instruct,h1_dinc,65,random,AsNc,2,0.0097,0.009699999999999931,0.009699999999999931,0,0,0,OD2,3
qwen_instruct,h1_dinc,65,random,AsNc,3,0.014399999999999996,0.014399999999999968,0.014399999999999968,0,0,0,OD2,3
qwen_instruct,h1_dinc,65,random,AsPc,0,0.03149999999999997,0.03149999999999997,0.03149999999999997,0,0,0,OD2,5
qwen_instruct,h1_dinc,65,random,AsPc,1,0.04669999999999999,0.04669999999999999,0.04669999999999999,0,0,0,OD2,5
qwen_instruct,h1_dinc,65,random,AsPc,2,0.0126,0.012599999999999945,0.012599999999999945,0,0,0,OD2,5
qwen_instruct,h1_dinc,65,random,AsPc,3,9.99999999999994e-05,9.999999999998899e-05,9.999999999998899e-05,0,0,0,OD2,5
qwen_instruct,h1_dinc,65,random,AsPd,0,0.0625,0.0625,0.0625,0,0,0,OD1,6
qwen_instruct,h1_dinc,65,random,AsPd,1,0.02049999999999999,0.02049999999999999,0.020499999999999963,0,0,0,OD1,6
qwen_instruct,h1_dinc,65,random,AsPd,2,0.05830000000000002,0.05830000000000002,0.05830000000000002,0,0,0,OD1,6
qwen_instruct,h1_dinc,65,random,AsPd,3,0.0005000000000000004,0.000500000000000056,0.000500000000000056,0,0,0,OD1,6
qwen_instruct,h1_dinc,65,random,AsSh,0,0.023300000000000015,0.023300000000000015,0.023300000000000015,0,0,0,CO1,3
qwen_instruct,h1_dinc,65,random,AsSh,1,0.02839999999999998,0.02839999999999998,0.02839999999999998,0,0,0,CO1,3
qwen_instruct,h1_dinc,65,random,AsSh,2,0.0194,0.019399999999999973,0.019399999999999973,0,0,0,CO1,3
qwen_instruct,h1_dinc,65,random,AsSh,3,0.006600000000000002,0.00660000000000005,0.00660000000000005,0,0,0,CO1,3
qwen_instruct,h1_dinc,65,random,BaAs,0,0.019000000000000003,0.019000000000000003,0.019000000000000003,0,0,0,MP,1
qwen_instruct,h1_dinc,65,random,BaAs,1,0.0114,0.0114,0.0114,0,0,0,MP,1
qwen_instruct,h1_dinc,65,random,BaAs,2,0.032200000000000006,0.032200000000000006,0.032200000000000006,0,0,0,MP,1
qwen_instruct,h1_dinc,65,random,BaAs,3,0.016199999999999992,0.016199999999999992,0.016199999999999992,0,0,0,MP,1
qwen_instruct,h1_dinc,65,random,BaBa,0,0.006899999999999996,0.006899999999999996,0.006899999999999996,0,0,0,CO2,3
qwen_instruct,h1_dinc,65,random,BaBa,1,0.004499999999999997,0.004499999999999997,0.004499999999999997,0,0,0,CO2,3
qwen_instruct,h1_dinc,65,random,BaBa,2,0.01660000000000006,0.01660000000000006,0.01660000000000006,0,0,0,CO2,3
qwen_instruct,h1_dinc,65,random,BaBa,3,0.09210000000000002,0.09210000000000007,0.09210000000000007,0,0,0,CO2,3
qwen_instruct,h1_dinc,65,random,BaCh,0,0.021599999999999994,0.021599999999999994,0.021599999999999994,0,0,0,CO2,4
qwen_instruct,h1_dinc,65,random,BaCh,1,0.006899999999999996,0.006899999999999996,0.006899999999999996,0,0,0,CO2,4
qwen_instruct,h1_dinc,65,random,BaCh,2,0.05690000000000006,0.05690000000000006,0.05690000000000006,0,0,0,CO2,4
qwen_instruct,h1_dinc,65,random,BaCh,3,0.058699999999999974,0.058699999999999974,0.058699999999999974,0,0,0,CO2,4
qwen_instruct,h1_dinc,65,random,BaCm,0,0.014399999999999996,0.014399999999999996,0.014399999999999996,0,0,0,OD1,1
qwen_instruct,h1_dinc,65,random,BaCm,1,0.007099999999999999,0.007099999999999999,0.007099999999999999,0,0,0,OD1,1
qwen_instruct,h1_dinc,65,random,BaCm,2,0.01419999999999999,0.01419999999999999,0.01419999999999999,0,0,0,OD1,1
qwen_instruct,h1_dinc,65,random,BaCm,3,0.09750000000000003,0.09750000000000003,0.09750000000000003,0,0,0,OD1,1
qwen_instruct,h1_dinc,65,random,BaCo,0,0.010300000000000004,0.010300000000000004,0.010300000000000004,0,0,0,MP,3
qwen_instruct,h1_dinc,65,random,BaCo,1,0.003999999999999998,0.003999999999999998,0.003999999999999998,0,0,0,MP,3
qwen_instruct,h1_dinc,65,random,BaCo,2,0.04749999999999999,0.04749999999999999,0.04749999999999999,0,0,0,MP,3
qwen_instruct,h1_dinc,65,random,BaCo,3,0.019699999999999995,0.01969999999999994,0.01969999999999994,0,0,0,MP,3
qwen_instruct,h1_dinc,65,random,BaDl,0,0.006100000000000001,0.006100000000000001,0.006100000000000001,0,0,0,OD1,3
qwen_instruct,h1_dinc,65,random,BaDl,1,0.0034000000000000002,0.0034000000000000002,0.0034000000000000002,0,0,0,OD1,3
qwen_instruct,h1_dinc,65,random,BaDl,2,0.06279999999999997,0.06279999999999997,0.06279999999999997,1,1,1,OD1,3
qwen_instruct,h1_dinc,65,random,BaDl,3,0.055499999999999994,0.05549999999999988,0.05549999999999988,0,0,0,OD1,3
qwen_instruct,h1_dinc,65,random,BaHa,0,0.008599999999999997,0.008599999999999997,0.008600000000000052,0,0,0,OD2,2
qwen_instruct,h1_dinc,65,random,BaHa,1,0.004499999999999997,0.004499999999999997,0.0044999999999999485,0,0,0,OD2,2
qwen_instruct,h1_dinc,65,random,BaHa,2,0.027899999999999925,0.027899999999999925,0.027899999999999925,0,0,0,OD2,2
qwen_instruct,h1_dinc,65,random,BaHa,3,0.0436,0.04360000000000008,0.04360000000000008,0,0,0,OD2,2
qwen_instruct,h1_dinc,65,random,BaHr,0,0.007199999999999998,0.007199999999999998,0.007199999999999998,0,0,0,CO1,5
qwen_instruct,h1_dinc,65,random,BaHr,1,0.007099999999999999,0.007099999999999999,0.007099999999999999,0,0,0,CO1,5
qwen_instruct,h1_dinc,65,random,BaHr,2,0.01749999999999996,0.01749999999999996,0.01749999999999996,0,0,0,CO1,5
qwen_instruct,h1_dinc,65,random,BaHr,3,0.11780000000000002,0.11780000000000002,0.11780000000000002,0,0,0,CO1,5
qwen_instruct,h1_dinc,65,random,BaNc,0,0.017000000000000015,0.017000000000000015,0.017000000000000126,0,0,0,OD2,4
qwen_instruct,h1_dinc,65,random,BaNc,1,0.006200000000000001,0.006200000000000001,0.006199999999999983,0,0,0,OD2,4
qwen_instruct,h1_dinc,65,random,BaNc,2,0.02400000000000002,0.02400000000000002,0.02400000000000002,0,0,0,OD2,4
qwen_instruct,h1_dinc,65,random,BaNc,3,0.0199,0.01990000000000003,0.01990000000000003,0,0,0,OD2,4
qwen_instruct,h1_dinc,65,random,BaPc,0,0.006400000000000003,0.006400000000000003,0.006399999999999961,0,0,0,OD2,6
qwen_instruct,h1_dinc,65,random,BaPc,1,0.0063999999999999994,0.0063999999999999994,0.006399999999999961,0,0,0,OD2,6
qwen_instruct,h1_dinc,65,random,BaPc,2,0.0010999999999999899,0.0010999999999999899,0.0010999999999999899,0,0,0,OD2,6
qwen_instruct,h1_dinc,65,random,BaPc,3,0.027000000000000024,0.027000000000000135,0.027000000000000135,0,0,0,OD2,6
qwen_instruct,h1_dinc,65,random,BaPd,0,0.013299999999999992,0.013299999999999992,0.013299999999999992,0,0,0,OD1,5
qwen_instruct,h1_dinc,65,random,BaPd,1,0.004499999999999997,0.004499999999999997,0.004499999999999997,0,0,0,OD1,5
qwen_instruct,h1_dinc,65,random,BaPd,2,0.041100000000000025,0.041100000000000025,0.041100000000000025,0,0,0,OD1,5
qwen_instruct,h1_dinc,65,random,BaPd,3,0.06209999999999999,0.06209999999999993,0.06209999999999993,1,1,1,OD1,5
qwen_instruct,h1_dinc,65,random,BaSh,0,0.0179,0.0179,0.0179,0,0,0,MP,5
qwen_instruct,h1_dinc,65,random,BaSh,1,0.016000000000000007,0.016000000000000007,0.016000000000000007,0,0,0,MP,5
qwen_instruct,h1_dinc,65,random,BaSh,2,0.05019999999999997,0.05020000000000002,0.05020000000000002,0,0,0,MP,5
qwen_instruct,h1_dinc,65,random,BaSh,3,0.004400000000000001,0.0043999999999999595,0.0043999999999999595,0,0,0,MP,5
qwen_instruct,h1_dinc,65,random,ChAs,0,0.028700000000000003,0.028700000000000003,0.028700000000000003,0,0,0,MP,7
qwen_instruct,h1_dinc,65,random,ChAs,1,0.009999999999999995,0.009999999999999995,0.009999999999999995,0,0,0,MP,7
qwen_instruct,h1_dinc,65,random,ChAs,2,0.0343,0.0343,0.0343,0,0,0,MP,7
qwen_instruct,h1_dinc,65,random,ChAs,3,0.05109999999999998,0.051100000000000034,0.051100000000000034,0,0,0,MP,7
qwen_instruct,h1_dinc,65,random,ChBa,0,0.005000000000000001,0.005000000000000001,0.005000000000000001,0,0,0,CO2,5
qwen_instruct,h1_dinc,65,random,ChBa,1,0.0017000000000000001,0.0017000000000000001,0.0017000000000000001,0,0,0,CO2,5
qwen_instruct,h1_dinc,65,random,ChBa,2,0.037800000000000056,0.037800000000000056,0.037800000000000056,0,0,0,CO2,5
qwen_instruct,h1_dinc,65,random,ChBa,3,0.09129999999999994,0.09129999999999994,0.09129999999999994,0,0,0,CO2,5
qwen_instruct,h1_dinc,65,random,ChCh,0,0.0050000000000000044,0.0050000000000000044,0.0050000000000000044,0,0,0,CO2,6
qwen_instruct,h1_dinc,65,random,ChCh,1,0.003899999999999999,0.003899999999999999,0.003899999999999999,0,0,0,CO2,6
qwen_instruct,h1_dinc,65,random,ChCh,2,0.0232,0.02320000000000011,0.02320000000000011,0,0,0,CO2,6
qwen_instruct,h1_dinc,65,random,ChCh,3,0.026499999999999996,0.026499999999999968,0.026499999999999968,0,0,0,CO2,6
qwen_instruct,h1_dinc,65,random,ChCm,0,0.006899999999999996,0.006899999999999996,0.006899999999999996,0,0,0,OD1,7
qwen_instruct,h1_dinc,65,random,ChCm,1,0.0039000000000000007,0.0039000000000000007,0.0039000000000000007,0,0,0,OD1,7
qwen_instruct,h1_dinc,65,random,ChCm,2,0.05369999999999997,0.05369999999999997,0.05369999999999997,0,0,0,OD1,7
qwen_instruct,h1_dinc,65,random,ChCm,3,0.06220000000000003,0.06220000000000003,0.06220000000000003,1,1,1,OD1,7
qwen_instruct,h1_dinc,65,random,ChCo,0,0.017699999999999994,0.017699999999999994,0.017699999999999994,0,0,0,MP,9
qwen_instruct,h1_dinc,65,random,ChCo,1,0.0057,0.0057,0.0057,0,0,0,MP,9
qwen_instruct,h1_dinc,65,random,ChCo,2,0.030500000000000083,0.030500000000000083,0.030500000000000083,0,0,0,MP,9
qwen_instruct,h1_dinc,65,random,ChCo,3,0.06359999999999999,0.06359999999999999,0.06359999999999999,0,0,0,MP,9
qwen_instruct,h1_dinc,65,random,ChDl,0,0.005000000000000001,0.005000000000000001,0.005000000000000001,0,0,0,OD1,9
qwen_instruct,h1_dinc,65,random,ChDl,1,0.0017000000000000001,0.0017000000000000001,0.0017000000000000001,0,0,0,OD1,9
qwen_instruct,h1_dinc,65,random,ChDl,2,0.0343,0.0343,0.0343,0,0,0,OD1,9
qwen_instruct,h1_dinc,65,random,ChDl,3,0.062000000000000055,0.062000000000000055,0.062000000000000055,1,1,1,OD1,9
qwen_instruct,h1_dinc,65,random,ChHa,0,0.0131,0.0131,0.01309999999999989,0,0,0,OD2,8
qwen_instruct,h1_dinc,65,random,ChHa,1,0.0194,0.0194,0.019399999999999973,0,0,0,OD2,8
qwen_instruct,h1_dinc,65,random,ChHa,2,0.008199999999999985,0.008199999999999985,0.008199999999999985,0,0,0,OD2,8
qwen_instruct,h1_dinc,65,random,ChHa,3,0.055300000000000016,0.055300000000000016,0.055300000000000016,0,0,0,OD2,8
qwen_instruct,h1_dinc,65,random,ChHr,0,0.004399999999999998,0.004399999999999998,0.004399999999999998,0,0,0,CO1,6
qwen_instruct,h1_dinc,65,random,ChHr,1,0.0021000000000000003,0.0021000000000000003,0.0021000000000000003,0,0,0,CO1,6
qwen_instruct,h1_dinc,65,random,ChHr,2,0.02190000000000003,0.02190000000000003,0.02190000000000003,0,0,0,CO1,6
qwen_instruct,h1_dinc,65,random,ChHr,3,0.06010000000000004,0.06010000000000004,0.06010000000000004,0,0,0,CO1,6
qwen_instruct,h1_dinc,65,random,CmAs,0,0.0028000000000000004,0.0028000000000000004,0.0028000000000000247,0,0,0,OD1,8
qwen_instruct,h1_dinc,65,random,CmAs,1,0.0010999999999999994,0.0010999999999999994,0.0010999999999999899,0,0,0,OD1,8
qwen_instruct,h1_dinc,65,random,CmAs,2,0.0043999999999999595,0.0043999999999999595,0.0043999999999999595,0,0,0,OD1,8
qwen_instruct,h1_dinc,65,random,CmAs,3,0.08320000000000005,0.08320000000000005,0.08320000000000005,0,0,0,OD1,8
qwen_instruct,h1_dinc,65,random,CmCm,0,0.0005,0.0005,0.0004999999999999449,0,0,0,DD,2
qwen_instruct,h1_dinc,65,random,CmCm,1,9.999999999999996e-05,9.999999999999996e-05,9.999999999998899e-05,0,0,0,DD,2
qwen_instruct,h1_dinc,65,random,CmCm,2,0.0017000000000000348,0.0017000000000000348,0.0017000000000000348,0,0,0,DD,2
qwen_instruct,h1_dinc,65,random,CmCm,3,0.020499999999999963,0.020499999999999963,0.020499999999999963,0,0,0,DD,2
qwen_instruct,h1_dinc,65,random,CmDl,0,0.0009000000000000002,0.0009000000000000002,0.0009000000000000119,0,0,0,DD,4
qwen_instruct,h1_dinc,65,random,CmDl,1,0.00019999999999999998,0.00019999999999999998,0.00019999999999997797,0,0,0,DD,4
qwen_instruct,h1_dinc,65,random,CmDl,2,0.0008000000000000229,0.0008000000000000229,0.0008000000000000229,0,0,0,DD,4
qwen_instruct,h1_dinc,65,random,CmDl,3,0.03920000000000001,0.03920000000000001,0.03920000000000001,0,0,0,DD,4
qwen_instruct,h1_dinc,65,random,CmHa,0,0.0021000000000000003,0.0021000000000000003,0.0020999999999999908,0,0,0,DD,6
qwen_instruct,h1_dinc,65,random,CmHa,1,0.0006000000000000001,0.0006000000000000001,0.0006000000000000449,0,0,0,DD,6
qwen_instruct,h1_dinc,65,random,CmHa,2,0.0019000000000000128,0.0019000000000000128,0.0019000000000000128,0,0,0,DD,6
qwen_instruct,h1_dinc,65,random,CmHa,3,0.046599999999999975,0.046599999999999975,0.046599999999999975,0,0,0,DD,6
qwen_instruct,h1_dinc,65,random,CmNc,0,0.0024000000000000002,0.0024000000000000002,0.0024000000000000687,0,0,0,DD,8
qwen_instruct,h1_dinc,65,random,CmNc,1,0.0005,0.0005,0.000500000000000056,0,0,0,DD,8
qwen_instruct,h1_dinc,65,random,CmNc,2,0.0007000000000000339,0.0007000000000000339,0.0007000000000000339,0,0,0,DD,8
qwen_instruct,h1_dinc,65,random,CmNc,3,0.022700000000000053,0.022700000000000053,0.022700000000000053,0,0,0,DD,8
qwen_instruct,h1_dinc,65,random,CoAs,0,0.06310000000000004,0.06310000000000004,0.06310000000000004,0,0,0,CO2,7
qwen_instruct,h1_dinc,65,random,CoAs,1,0.09179999999999994,0.09179999999999994,0.09179999999999994,1,1,1,CO2,7
qwen_instruct,h1_dinc,65,random,CoAs,2,0.010300000000000004,0.010299999999999976,0.010299999999999976,1,1,1,CO2,7
qwen_instruct,h1_dinc,65,random,CoAs,3,0.0017000000000000001,0.0017000000000000348,0.0017000000000000348,0,0,0,CO2,7
qwen_instruct,h1_dinc,65,random,CoCo,0,0.036699999999999955,0.036699999999999955,0.036699999999999955,0,0,0,CO1,7
qwen_instruct,h1_dinc,65,random,CoCo,1,0.09389999999999993,0.09389999999999993,0.09389999999999993,1,1,1,CO1,7
qwen_instruct,h1_dinc,65,random,CoCo,2,0.004799999999999999,0.0048000000000000265,0.0048000000000000265,0,0,0,CO1,7
qwen_instruct,h1_dinc,65,random,CoCo,3,0.0033999999999999994,0.0033999999999999586,0.0033999999999999586,0,0,0,CO1,7
qwen_instruct,h1_dinc,65,random,CoSh,0,0.053300000000000014,0.053300000000000014,0.053300000000000014,0,0,0,CO2,8
qwen_instruct,h1_dinc,65,random,CoSh,1,0.09360000000000002,0.09360000000000002,0.09360000000000002,1,1,1,CO2,8
qwen_instruct,h1_dinc,65,random,CoSh,2,0.0023,0.0022999999999999687,0.0022999999999999687,0,0,0,CO2,8
qwen_instruct,h1_dinc,65,random,CoSh,3,0.0004000000000000002,0.00039999999999995595,0.00039999999999995595,0,0,0,CO2,8
qwen_instruct,h1_dinc,65,random,HaAs,0,0.008000000000000007,0.008000000000000007,0.008000000000000007,0,0,0,OD2,7
qwen_instruct,h1_dinc,65,random,HaAs,1,0.04290000000000005,0.04290000000000005,0.04290000000000005,0,0,0,OD2,7
qwen_instruct,h1_dinc,65,random,HaAs,2,0.0016000000000000003,0.0016000000000000458,0.0016000000000000458,0,0,0,OD2,7
qwen_instruct,h1_dinc,65,random,HaAs,3,0.00019999999999999993,0.000200000000000089,0.000200000000000089,0,0,0,OD2,7
qwen_instruct,h1_dinc,65,random,HaBa,0,0.0026999999999999247,0.0026999999999999247,0.0026999999999999247,0,0,0,OD2,9
qwen_instruct,h1_dinc,65,random,HaBa,1,0.0595,0.0595,0.0595,0,0,0,OD2,9
qwen_instruct,h1_dinc,65,random,HaBa,2,0.016,0.016000000000000014,0.016000000000000014,0,0,0,OD2,9
qwen_instruct,h1_dinc,65,random,HaBa,3,0.0033999999999999994,0.0033999999999999586,0.0033999999999999586,0,0,0,OD2,9
qwen_instruct,h1_dinc,65,random,HaCm,0,0.022299999999999986,0.022299999999999986,0.022299999999999986,0,0,0,DD,1
qwen_instruct,h1_dinc,65,random,HaCm,1,0.10460000000000003,0.10460000000000003,0.10460000000000003,0,0,0,DD,1
qwen_instruct,h1_dinc,65,random,HaCm,2,0.0116,0.011600000000000055,0.011600000000000055,0,0,0,DD,1
qwen_instruct,h1_dinc,65,random,HaCm,3,0.0092,0.009199999999999986,0.009199999999999986,0,0,0,DD,1
qwen_instruct,h1_dinc,65,random,HaDl,0,0.005600000000000049,0.005600000000000049,0.005600000000000049,0,0,0,DD,3
qwen_instruct,h1_dinc,65,random,HaDl,1,0.03949999999999998,0.03949999999999998,0.03949999999999998,0,0,0,DD,3
qwen_instruct,h1_dinc,65,random,HaDl,2,0.0020999999999999977,0.0020999999999999908,0.0020999999999999908,0,0,0,DD,3
qwen_instruct,h1_dinc,65,random,HaDl,3,0.0009,0.0009000000000000119,0.0009000000000000119,0,0,0,DD,3
qwen_instruct,h1_dinc,65,random,HaHa,0,0.0012999999999999678,0.0012999999999999678,0.0012999999999999678,0,0,0,DD,5
qwen_instruct,h1_dinc,65,random,HaHa,1,0.05179999999999996,0.05179999999999996,0.05179999999999996,0,0,0,DD,5
qwen_instruct,h1_dinc,65,random,HaHa,2,0.0015000000000000005,0.0015000000000000568,0.0015000000000000568,0,0,0,DD,5
qwen_instruct,h1_dinc,65,random,HaHa,3,0.0002000000000000001,0.00019999999999997797,0.00019999999999997797,0,0,0,DD,5
qwen_instruct,h1_dinc,65,random,HaNc,0,0.0024000000000000687,0.0024000000000000687,0.0024000000000000687,0,0,0,DD,7
qwen_instruct,h1_dinc,65,random,HaNc,1,0.016199999999999992,0.016199999999999992,0.016199999999999992,0,0,0,DD,7
qwen_instruct,h1_dinc,65,random,HaNc,2,0.003899999999999999,0.0039000000000000146,0.0039000000000000146,0,0,0,DD,7
qwen_instruct,h1_dinc,65,random,HaNc,3,0.00030000000000000014,0.00029999999999996696,0.00029999999999996696,0,0,0,DD,7
qwen_instruct,h1_dinc,65,random,HaPc,0,0.0035000000000000586,0.0035000000000000586,0.0035000000000000586,0,0,0,DD,9
qwen_instruct,h1_dinc,65,random,HaPc,1,0.07579999999999998,0.07579999999999998,0.07579999999999998,0,0,0,DD,9
qwen_instruct,h1_dinc,65,random,HaPc,2,0.005000000000000001,0.0050000000000000044,0.0050000000000000044,0,0,0,DD,9
qwen_instruct,h1_dinc,65,random,HaPc,3,0.0002000000000000001,0.00019999999999997797,0.00019999999999997797,0,0,0,DD,9
qwen_instruct,h1_dinc,65,random,HrAs,0,0.017699999999999994,0.017699999999999994,0.017699999999999938,0,0,0,MP,8
qwen_instruct,h1_dinc,65,random,HrAs,1,0.001,0.001,0.0010000000000000009,0,0,0,MP,8
qwen_instruct,h1_dinc,65,random,HrAs,2,0.041200000000000014,0.041200000000000014,0.041200000000000014,0,0,0,MP,8
qwen_instruct,h1_dinc,65,random,HrAs,3,0.09209999999999996,0.09209999999999996,0.09209999999999996,0,0,0,MP,8
qwen_instruct,h1_dinc,65,random,HrBa,0,0.0030999999999999986,0.0030999999999999986,0.0030999999999999917,0,0,0,CO1,2
qwen_instruct,h1_dinc,65,random,HrBa,1,0.001299999999999999,0.001299999999999999,0.0012999999999999678,0,0,0,CO1,2
qwen_instruct,h1_dinc,65,random,HrBa,2,0.011599999999999944,0.011599999999999944,0.011599999999999944,0,0,0,CO1,2
qwen_instruct,h1_dinc,65,random,HrBa,3,0.08099999999999996,0.08099999999999996,0.08099999999999996,0,0,0,CO1,2
qwen_instruct,h1_dinc,65,random,HrCh,0,0.0023999999999999994,0.0023999999999999994,0.0023999999999999577,0,0,0,CO1,4
qwen_instruct,h1_dinc,65,random,HrCh,1,0.0009000000000000002,0.0009000000000000002,0.0009000000000000119,0,0,0,CO1,4
qwen_instruct,h1_dinc,65,random,HrCh,2,0.012800000000000034,0.012800000000000034,0.012800000000000034,0,0,0,CO1,4
qwen_instruct,h1_dinc,65,random,HrCh,3,0.045399999999999996,0.045399999999999996,0.045399999999999996,0,0,0,CO1,4
qwen_instruct,h1_dinc,65,random,HrHr,0,0.0114,0.0114,0.011399999999999966,0,0,0,CO2,2
qwen_instruct,h1_dinc,65,random,HrHr,1,0.0035000000000000014,0.0035000000000000014,0.0035000000000000586,0,0,0,CO2,2
qwen_instruct,h1_dinc,65,random,HrHr,2,0.016199999999999992,0.016199999999999992,0.016199999999999992,0,0,0,CO2,2
qwen_instruct,h1_dinc,65,random,HrHr,3,0.10560000000000003,0.10560000000000003,0.10560000000000003,0,0,0,CO2,2
qwen_instruct,h1_dinc,65,random,ShAs,0,0.03209999999999999,0.03209999999999999,0.03209999999999999,0,0,0,CO1,8
qwen_instruct,h1_dinc,65,random,ShAs,1,0.005399999999999995,0.005399999999999995,0.005399999999999995,0,0,0,CO1,8
qwen_instruct,h1_dinc,65,random,ShAs,2,0.019299999999999984,0.019299999999999984,0.019299999999999984,0,0,0,CO1,8
qwen_instruct,h1_dinc,65,random,ShAs,3,0.010099999999999998,0.010099999999999998,0.010099999999999998,0,0,0,CO1,8
qwen_instruct,h1_dinc,65,random,ShCo,0,0.028700000000000003,0.028700000000000003,0.028700000000000003,0,0,0,CO2,9
qwen_instruct,h1_dinc,65,random,ShCo,1,0.02149999999999999,0.02149999999999999,0.02149999999999999,0,0,0,CO2,9
qwen_instruct,h1_dinc,65,random,ShCo,2,0.013799999999999993,0.013800000000000034,0.013800000000000034,0,0,0,CO2,9
qwen_instruct,h1_dinc,65,random,ShCo,3,0.0017000000000000001,0.0017000000000000348,0.0017000000000000348,0,0,0,CO2,9
qwen_instruct,h1_dinc,65,random,ShSh,0,0.03720000000000001,0.03720000000000001,0.03720000000000001,0,0,0,CO1,9
qwen_instruct,h1_dinc,65,random,ShSh,1,0.009399999999999992,0.009399999999999992,0.009399999999999992,0,0,0,CO1,9
qwen_instruct,h1_dinc,65,random,ShSh,2,0.01720000000000002,0.017200000000000104,0.017200000000000104,0,0,0,CO1,9
qwen_instruct,h1_dinc,65,random,ShSh,3,0.003799999999999998,0.0038000000000000256,0.0038000000000000256,0,0,0,CO1,9
qwen_instruct,h1_dinc,79,main,AsAs,0,0.6698,0.6698,0.6698,1,1,1,CO1,1
qwen_instruct,h1_dinc,79,main,AsAs,1,0.4959,0.4959,0.4959,0,0,0,CO1,1
qwen_instruct,h1_dinc,79,main,AsAs,2,0.8199,0.8199,0.8199,1,1,1,CO1,1
qwen_instruct,h1_dinc,79,main,AsAs,3,0.4968,0.4968,0.4968,0,0,0,CO1,1
qwen_instruct,h1_dinc,79,main,AsBa,0,0.8674,0.8674,0.8674,1,1,1,MP,2
qwen_instruct,h1_dinc,79,main,AsBa,1,0.6168,0.6168,0.6168,1,1,1,MP,2
qwen_instruct,h1_dinc,79,main,AsBa,2,0.8639,0.8639,0.8639,1,1,1,MP,2
qwen_instruct,h1_dinc,79,main,AsBa,3,0.4052,0.4052,0.4052,0,0,0,MP,2
qwen_instruct,h1_dinc,79,main,AsCh,0,0.7944,0.7944,0.7944,1,1,1,MP,4
qwen_instruct,h1_dinc,79,main,AsCh,1,0.3761,0.3761,0.3761000000000001,0,0,0,MP,4
qwen_instruct,h1_dinc,79,main,AsCh,2,0.8717,0.8717,0.8717,0,0,0,MP,4
qwen_instruct,h1_dinc,79,main,AsCh,3,0.6716,0.6716,0.6716,1,1,1,MP,4
qwen_instruct,h1_dinc,79,main,AsCm,0,0.5569000000000001,0.5569000000000001,0.5569000000000001,1,1,1,OD1,2
qwen_instruct,h1_dinc,79,main,AsCm,1,0.2429,0.2429,0.2429,0,0,0,OD1,2
qwen_instruct,h1_dinc,79,main,AsCm,2,0.8603,0.8603,0.8603,1,1,1,OD1,2
qwen_instruct,h1_dinc,79,main,AsCm,3,0.8639,0.8639,0.8639,1,1,1,OD1,2
qwen_instruct,h1_dinc,79,main,AsCo,0,0.8775000000000001,0.8775000000000001,0.8775000000000001,1,1,1,CO2,1
qwen_instruct,h1_dinc,79,main,AsCo,1,0.6963999999999999,0.6963999999999999,0.6963999999999999,1,1,1,CO2,1
qwen_instruct,h1_dinc,79,main,AsCo,2,0.8639,0.8639,0.8639,1,1,1,CO2,1
qwen_instruct,h1_dinc,79,main,AsCo,3,0.6156,0.6156,0.6156,1,1,1,CO2,1
qwen_instruct,h1_dinc,79,main,AsDl,0,0.5853999999999999,0.5853999999999999,0.5853999999999999,0,0,0,OD1,4
qwen_instruct,h1_dinc,79,main,AsDl,1,0.3457,0.3457,0.3457,0,0,0,OD1,4
qwen_instruct,h1_dinc,79,main,AsDl,2,0.8849,0.8849,0.8849,1,1,1,OD1,4
qwen_instruct,h1_dinc,79,main,AsDl,3,0.784,0.784,0.784,1,1,1,OD1,4
qwen_instruct,h1_dinc,79,main,AsHa,0,0.8295,0.8295,0.8295,1,1,1,OD2,1
qwen_instruct,h1_dinc,79,main,AsHa,1,0.6430999999999999,0.6430999999999999,0.6430999999999999,1,1,1,OD2,1
qwen_instruct,h1_dinc,79,main,AsHa,2,0.5882,0.5882,0.5882,0,0,0,OD2,1
qwen_instruct,h1_dinc,79,main,AsHa,3,0.31920000000000004,0.31919999999999993,0.31919999999999993,0,0,0,OD2,1
qwen_instruct,h1_dinc,79,main,AsHr,0,0.8256,0.8256,0.8256,1,1,1,MP,6
qwen_instruct,h1_dinc,79,main,AsHr,1,0.5865,0.5865,0.5865,1,1,1,MP,6
qwen_instruct,h1_dinc,79,main,AsHr,2,0.8791,0.8791,0.8791,1,1,1,MP,6
qwen_instruct,h1_dinc,79,main,AsHr,3,0.7199,0.7199,0.7199,1,1,1,MP,6
qwen_instruct,h1_dinc,79,main,AsNc,0,0.7646000000000001,0.7646000000000001,0.7646000000000001,1,1,1,OD2,3
qwen_instruct,h1_dinc,79,main,AsNc,1,0.34690000000000004,0.34690000000000004,0.34690000000000004,0,0,0,OD2,3
qwen_instruct,h1_dinc,79,main,AsNc,2,0.5876,0.5876,0.5876,0,0,0,OD2,3
qwen_instruct,h1_dinc,79,main,AsNc,3,0.3755,0.37550000000000006,0.37550000000000006,0,0,0,OD2,3
qwen_instruct,h1_dinc,79,main,AsPc,0,0.8921,0.8921,0.8921,1,1,1,OD2,5
qwen_instruct,h1_dinc,79,main,AsPc,1,0.7979,0.7979,0.7979,1,1,1,OD2,5
qwen_instruct,h1_dinc,79,main,AsPc,2,0.6700999999999999,0.6700999999999999,0.6700999999999999,1,1,1,OD2,5
qwen_instruct,h1_dinc,79,main,AsPc,3,0.3192,0.31919999999999993,0.31919999999999993,0,0,0,OD2,5
qwen_instruct,h1_dinc,79,main,AsPd,0,0.8678,0.8678,0.8678,1,1,1,OD1,6
qwen_instruct,h1_dinc,79,main,AsPd,1,0.7823,0.7823,0.7823,1,1,1,OD1,6
qwen_instruct,h1_dinc,79,main,AsPd,2,0.8817,0.8817,0.8817,1,1,1,OD1,6
qwen_instruct,h1_dinc,79,main,AsPd,3,0.5869,0.5869,0.5869,1,1,1,OD1,6
qwen_instruct,h1_dinc,79,main,AsSh,0,0.8151,0.8151,0.8151,1,1,1,CO1,3
qwen_instruct,h1_dinc,79,main,AsSh,1,0.6693,0.6693,0.6693,1,1,1,CO1,3
qwen_instruct,h1_dinc,79,main,AsSh,2,0.8215,0.8215,0.8215,1,1,1,CO1,3
qwen_instruct,h1_dinc,79,main,AsSh,3,0.528,0.528,0.528,0,0,0,CO1,3
qwen_instruct,h1_dinc,79,main,BaAs,0,0.6166,0.6166,0.6166,0,0,0,MP,1
qwen_instruct,h1_dinc,79,main,BaAs,1,0.40540000000000004,0.40540000000000004,0.40540000000000004,0,0,0,MP,1
qwen_instruct,h1_dinc,79,main,BaAs,2,0.8765000000000001,0.8765000000000001,0.8765000000000001,1,1,1,MP,1
qwen_instruct,h1_dinc,79,main,BaAs,3,0.7199,0.7199,0.7199,1,1,1,MP,1
qwen_instruct,h1_dinc,79,main,BaBa,0,0.4964,0.4964,0.4964,0,0,0,CO2,3
qwen_instruct,h1_dinc,79,main,BaBa,1,0.3751,0.3751,0.3751,0,0,0,CO2,3
qwen_instruct,h1_dinc,79,main,BaBa,2,0.7433,0.7433,0.7433,1,1,1,CO2,3
qwen_instruct,h1_dinc,79,main,BaBa,3,0.8929,0.8929,0.8929,1,1,1,CO2,3
qwen_instruct,h1_dinc,79,main,BaCh,0,0.6158,0.6158,0.6158,0,0,0,CO2,4
qwen_instruct,h1_dinc,79,main,BaCh,1,0.4968,0.4968,0.4968,0,0,0,CO2,4
qwen_instruct,h1_dinc,79,main,BaCh,2,0.8603999999999999,0.8603999999999999,0.8603999999999999,1,1,1,CO2,4
qwen_instruct,h1_dinc,79,main,BaCh,3,0.8771,0.8771,0.8771,1,1,1,CO2,4
qwen_instruct,h1_dinc,79,main,BaCm,0,0.4051,0.4051,0.4051,0,0,0,OD1,1
qwen_instruct,h1_dinc,79,main,BaCm,1,0.3187,0.3187,0.3187,0,0,0,OD1,1
qwen_instruct,h1_dinc,79,main,BaCm,2,0.6978,0.6977999999999999,0.6977999999999999,1,1,1,OD1,1
qwen_instruct,h1_dinc,79,main,BaCm,3,0.8446,0.8446,0.8446,1,1,1,OD1,1
qwen_instruct,h1_dinc,79,main,BaCo,0,0.46659999999999996,0.46659999999999996,0.46659999999999996,0,0,0,MP,3
qwen_instruct,h1_dinc,79,main,BaCo,1,0.2212,0.2212,0.2212,0,0,0,MP,3
qwen_instruct,h1_dinc,79,main,BaCo,2,0.8170999999999999,0.8170999999999999,0.8170999999999999,1,1,1,MP,3
qwen_instruct,h1_dinc,79,main,BaCo,3,0.7842,0.7842,0.7842,1,1,1,MP,3
qwen_instruct,h1_dinc,79,main,BaDl,0,0.43429999999999996,0.43429999999999996,0.43429999999999996,0,0,0,OD1,3
qwen_instruct,h1_dinc,79,main,BaDl,1,0.2922,0.2922,0.2922,0,0,0,OD1,3
qwen_instruct,h1_dinc,79,main,BaDl,2,0.8788,0.8788,0.8788,1,1,1,OD1,3
qwen_instruct,h1_dinc,79,main,BaDl,3,0.8379,0.8379,0.8379,1,1,1,OD1,3
qwen_instruct,h1_dinc,79,main,BaHa,0,0.5569999999999999,0.5569999999999999,0.5569999999999999,0,0,0,OD2,2
qwen_instruct,h1_dinc,79,main,BaHa,1,0.375,0.375,0.375,0,0,0,OD2,2
qwen_instruct,h1_dinc,79,main,BaHa,2,0.867,0.867,0.867,1,1,1,OD2,2
qwen_instruct,h1_dinc,79,main,BaHa,3,0.7991,0.7991,0.7991,1,1,1,OD2,2
qwen_instruct,h1_dinc,79,main,BaHr,0,0.3472,0.3472,0.3472,0,0,0,CO1,5
qwen_instruct,h1_dinc,79,main,BaHr,1,0.31889999999999996,0.31889999999999996,0.31889999999999996,0,0,0,CO1,5
qwen_instruct,h1_dinc,79,main,BaHr,2,0.5575999999999999,0.5576,0.5576,1,1,1,CO1,5
qwen_instruct,h1_dinc,79,main,BaHr,3,0.8873,0.8873,0.8873,1,1,1,CO1,5
qwen_instruct,h1_dinc,79,main,BaNc,0,0.7438,0.7438,0.7438,0,0,0,OD2,4
qwen_instruct,h1_dinc,79,main,BaNc,1,0.3478,0.3478,0.3478,0,0,0,OD2,4
qwen_instruct,h1_dinc,79,main,BaNc,2,0.8332999999999999,0.8332999999999999,0.8332999999999999,1,1,1,OD2,4
qwen_instruct,h1_dinc,79,main,BaNc,3,0.5875,0.5875,0.5875,0,0,0,OD2,4
qwen_instruct,h1_dinc,79,main,BaPc,0,0.4652,0.4652,0.46519999999999995,0,0,0,OD2,6
qwen_instruct,h1_dinc,79,main,BaPc,1,0.29259999999999997,0.29259999999999997,0.2926000000000001,0,0,0,OD2,6
qwen_instruct,h1_dinc,79,main,BaPc,2,0.8312,0.8312,0.8312,1,1,1,OD2,6
qwen_instruct,h1_dinc,79,main,BaPc,3,0.8518,0.8518,0.8518,1,1,1,OD2,6
qwen_instruct,h1_dinc,79,main,BaPd,0,0.6446,0.6446,0.6446,0,0,0,OD1,5
qwen_instruct,h1_dinc,79,main,BaPd,1,0.3754,0.3754,0.3754,0,0,0,OD1,5
qwen_instruct,h1_dinc,79,main,BaPd,2,0.7612,0.7612,0.7612,1,1,1,OD1,5
qwen_instruct,h1_dinc,79,main,BaPd,3,0.8798999999999999,0.8798999999999999,0.8798999999999999,1,1,1,OD1,5
qwen_instruct,h1_dinc,79,main,BaSh,0,0.5570999999999999,0.5570999999999999,0.5570999999999999,1,1,1,MP,5
qwen_instruct,h1_dinc,79,main,BaSh,1,0.5268999999999999,0.5268999999999999,0.5268999999999999,0,0,0,MP,5
qwen_instruct,h1_dinc,79,main,BaSh,2,0.8314,0.8314,0.8314,1,1,1,MP,5
qwen_instruct,h1_dinc,79,main,BaSh,3,0.3743,0.3743000000000001,0.3743000000000001,0,0,0,MP,5
qwen_instruct,h1_dinc,79,main,ChAs,0,0.7224999999999999,0.7224999999999999,0.7224999999999999,0,0,0,MP,7
qwen_instruct,h1_dinc,79,main,ChAs,1,0.3746,0.3746,0.3746,0,0,0,MP,7
qwen_instruct,h1_dinc,79,main,ChAs,2,0.7407,0.7407,0.7407,1,1,1,MP,7
qwen_instruct,h1_dinc,79,main,ChAs,3,0.8446,0.8446,0.8446,1,1,1,MP,7
qwen_instruct,h1_dinc,79,main,ChBa,0,0.2681,0.2681,0.2681,0,0,0,CO2,5
qwen_instruct,h1_dinc,79,main,ChBa,1,0.1191,0.1191,0.1191,0,0,0,CO2,5
qwen_instruct,h1_dinc,79,main,ChBa,2,0.6708,0.6708,0.6708,1,1,1,CO2,5
qwen_instruct,h1_dinc,79,main,ChBa,3,0.882,0.882,0.882,1,1,1,CO2,5
qwen_instruct,h1_dinc,79,main,ChCh,0,0.4355,0.4355,0.4355,0,0,0,CO2,6
qwen_instruct,h1_dinc,79,main,ChCh,1,0.22149999999999997,0.22149999999999997,0.22149999999999997,0,0,0,CO2,6
qwen_instruct,h1_dinc,79,main,ChCh,2,0.8337,0.8337,0.8337,0,0,0,CO2,6
qwen_instruct,h1_dinc,79,main,ChCh,3,0.6997,0.6997,0.6997,1,1,1,CO2,6
qwen_instruct,h1_dinc,79,main,ChCm,0,0.4959,0.4959,0.4959,0,0,0,OD1,7
qwen_instruct,h1_dinc,79,main,ChCm,1,0.16340000000000002,0.16340000000000002,0.16340000000000002,0,0,0,OD1,7
qwen_instruct,h1_dinc,79,main,ChCm,2,0.7631,0.7631,0.7631,1,1,1,OD1,7
qwen_instruct,h1_dinc,79,main,ChCm,3,0.8865000000000001,0.8865,0.8865,1,1,1,OD1,7
qwen_instruct,h1_dinc,79,main,ChCo,0,0.617,0.617,0.617,0,0,0,MP,9
qwen_instruct,h1_dinc,79,main,ChCo,1,0.26739999999999997,0.26739999999999997,0.26739999999999997,0,0,0,MP,9
qwen_instruct,h1_dinc,79,main,ChCo,2,0.5864,0.5864,0.5864,1,1,1,MP,9
qwen_instruct,h1_dinc,79,main,ChCo,3,0.8851,0.8851,0.8851,1,1,1,MP,9
qwen_instruct,h1_dinc,79,main,ChDl,0,0.2677,0.2677,0.2677,0,0,0,OD1,9
qwen_instruct,h1_dinc,79,main,ChDl,1,0.10640000000000001,0.10640000000000001,0.10640000000000001,0,0,0,OD1,9
qwen_instruct,h1_dinc,79,main,ChDl,2,0.7186,0.7186,0.7186,1,1,1,OD1,9
qwen_instruct,h1_dinc,79,main,ChDl,3,0.8723,0.8723,0.8723,1,1,1,OD1,9
qwen_instruct,h1_dinc,79,main,ChHa,0,0.6706,0.6706,0.6706,0,0,0,OD2,8
qwen_instruct,h1_dinc,79,main,ChHa,1,0.5888,0.5888,0.5888,1,1,1,OD2,8
qwen_instruct,h1_dinc,79,main,ChHa,2,0.3467,0.3467,0.3467,0,0,0,OD2,8
qwen_instruct,h1_dinc,79,main,ChHa,3,0.8715999999999999,0.8716,0.8716,1,1,1,OD2,8
qwen_instruct,h1_dinc,79,main,ChHr,0,0.2213,0.2213,0.2213,0,0,0,CO1,6
qwen_instruct,h1_dinc,79,main,ChHr,1,0.1322,0.1322,0.1322,0,0,0,CO1,6
qwen_instruct,h1_dinc,79,main,ChHr,2,0.645,0.645,0.645,1,1,1,CO1,6
qwen_instruct,h1_dinc,79,main,ChHr,3,0.8672,0.8672000000000001,0.8672000000000001,1,1,1,CO1,6
qwen_instruct,h1_dinc,79,main,CmAs,0,0.2446,0.2446,0.24460000000000004,0,0,0,OD1,8
qwen_instruct,h1_dinc,79,main,CmAs,1,0.0673,0.0673,0.06730000000000003,0,0,0,OD1,8
qwen_instruct,h1_dinc,79,main,CmAs,2,0.24380000000000002,0.24380000000000002,0.24380000000000002,0,0,0,OD1,8
qwen_instruct,h1_dinc,79,main,CmAs,3,0.7423000000000001,0.7423000000000001,0.7423000000000001,1,1,1,OD1,8
qwen_instruct,h1_dinc,79,main,CmCm,0,0.020300000000000002,0.020300000000000002,0.020299999999999985,0,0,0,DD,2
qwen_instruct,h1_dinc,79,main,CmCm,1,0.0032,0.0032,0.0031999999999999806,0,0,0,DD,2
qwen_instruct,h1_dinc,79,main,CmCm,2,0.1190000000000001,0.1190000000000001,0.1190000000000001,0,0,0,DD,2
qwen_instruct,h1_dinc,79,main,CmCm,3,0.5277,0.5277,0.5277,1,1,1,DD,2
qwen_instruct,h1_dinc,79,main,CmDl,0,0.0533,0.0533,0.053300000000000014,0,0,0,DD,4
qwen_instruct,h1_dinc,79,main,CmDl,1,0.0158,0.0158,0.015800000000000036,0,0,0,DD,4
qwen_instruct,h1_dinc,79,main,CmDl,2,0.09510000000000007,0.09510000000000007,0.09510000000000007,0,0,0,DD,4
qwen_instruct,h1_dinc,79,main,CmDl,3,0.6165,0.6165,0.6165,0,0,0,DD,4
qwen_instruct,h1_dinc,79,main,CmHa,0,0.11839999999999999,0.11839999999999999,0.11839999999999995,0,0,0,DD,6
qwen_instruct,h1_dinc,79,main,CmHa,1,0.0229,0.0229,0.02290000000000003,0,0,0,DD,6
qwen_instruct,h1_dinc,79,main,CmHa,2,0.11830000000000007,0.11830000000000007,0.11830000000000007,0,0,0,DD,6
qwen_instruct,h1_dinc,79,main,CmHa,3,0.5892,0.5892,0.5892,1,1,1,DD,6
qwen_instruct,h1_dinc,79,main,CmNc,0,0.0946,0.0946,0.09460000000000002,0,0,0,DD,8
qwen_instruct,h1_dinc,79,main,CmNc,1,0.0228,0.0228,0.022800000000000042,0,0,0,DD,8
qwen_instruct,h1_dinc,79,main,CmNc,2,0.053100000000000036,0.053100000000000036,0.053100000000000036,0,0,0,DD,8
qwen_instruct,h1_dinc,79,main,CmNc,3,0.4353,0.4353,0.4353,0,0,0,DD,8
qwen_instruct,h1_dinc,79,main,CoAs,0,0.7843,0.7843,0.7843,1,1,1,CO2,7
qwen_instruct,h1_dinc,79,main,CoAs,1,0.8992,0.8992,0.8992,1,1,1,CO2,7
qwen_instruct,h1_dinc,79,main,CoAs,2,0.4351,0.43510000000000004,0.43510000000000004,0,0,0,CO2,7
qwen_instruct,h1_dinc,79,main,CoAs,3,0.1065,0.10650000000000004,0.10650000000000004,0,0,0,CO2,7
qwen_instruct,h1_dinc,79,main,CoCo,0,0.7859,0.7859,0.7859,1,1,1,CO1,7
qwen_instruct,h1_dinc,79,main,CoCo,1,0.8927,0.8927,0.8927,1,1,1,CO1,7
qwen_instruct,h1_dinc,79,main,CoCo,2,0.4041,0.4041000000000001,0.4041000000000001,0,0,0,CO1,7
qwen_instruct,h1_dinc,79,main,CoCo,3,0.1187,0.11870000000000003,0.11870000000000003,0,0,0,CO1,7
qwen_instruct,h1_dinc,79,main,CoSh,0,0.7654000000000001,0.7654000000000001,0.7654000000000001,1,1,1,CO2,8
qwen_instruct,h1_dinc,79,main,CoSh,1,0.8798999999999999,0.8798999999999999,0.8798999999999999,1,1,1,CO2,8
qwen_instruct,h1_dinc,79,main,CoSh,2,0.22139999999999999,0.22140000000000004,0.22140000000000004,0,0,0,CO2,8
qwen_instruct,h1_dinc,79,main,CoSh,3,0.047,0.04700000000000004,0.04700000000000004,0,0,0,CO2,8
qwen_instruct,h1_dinc,79,main,HaAs,0,0.24340000000000006,0.24340000000000006,0.24340000000000006,0,0,0,OD2,7
qwen_instruct,h1_dinc,79,main,HaAs,1,0.5876,0.5876,0.5876,1,1,1,OD2,7
qwen_instruct,h1_dinc,79,main,HaAs,2,0.0531,0.053100000000000036,0.053100000000000036,0,0,0,OD2,7
qwen_instruct,h1_dinc,79,main,HaAs,3,0.0076,0.007600000000000051,0.007600000000000051,0,0,0,OD2,7
qwen_instruct,h1_dinc,79,main,HaBa,0,0.14689999999999992,0.14689999999999992,0.14689999999999992,0,0,0,OD2,9
qwen_instruct,h1_dinc,79,main,HaBa,1,0.5265,0.5265,0.5265,1,1,1,OD2,9
qwen_instruct,h1_dinc,79,main,HaBa,2,0.5570999999999999,0.5570999999999999,0.5570999999999999,0,0,0,OD2,9
qwen_instruct,h1_dinc,79,main,HaBa,3,0.119,0.119,0.119,0,0,0,OD2,9
qwen_instruct,h1_dinc,79,main,HaCm,0,0.49539999999999995,0.49539999999999995,0.49539999999999995,1,1,1,DD,1
qwen_instruct,h1_dinc,79,main,HaCm,1,0.7825,0.7825,0.7825,1,1,1,DD,1
qwen_instruct,h1_dinc,79,main,HaCm,2,0.6168,0.6168,0.6168,1,1,1,DD,1
qwen_instruct,h1_dinc,79,main,HaCm,3,0.3752,0.3752,0.3752,0,0,0,DD,1
qwen_instruct,h1_dinc,79,main,HaDl,0,0.2015,0.2015,0.2015,0,0,0,DD,3
qwen_instruct,h1_dinc,79,main,HaDl,1,0.5882000000000001,0.5882000000000001,0.5882000000000001,1,1,1,DD,3
qwen_instruct,h1_dinc,79,main,HaDl,2,0.22119999999999998,0.22119999999999995,0.22119999999999995,0,0,0,DD,3
qwen_instruct,h1_dinc,79,main,HaDl,3,0.0372,0.03720000000000001,0.03720000000000001,0,0,0,DD,3
qwen_instruct,h1_dinc,79,main,HaHa,0,0.14769999999999994,0.14769999999999994,0.14769999999999994,0,0,0,DD,5
qwen_instruct,h1_dinc,79,main,HaHa,1,0.5864,0.5864,0.5864,1,1,1,DD,5
qwen_instruct,h1_dinc,79,main,HaHa,2,0.0844,0.08440000000000003,0.08440000000000003,0,0,0,DD,5
qwen_instruct,h1_dinc,79,main,HaHa,3,0.011,0.01100000000000001,0.01100000000000001,0,0,0,DD,5
qwen_instruct,h1_dinc,79,main,HaNc,0,0.10620000000000007,0.10620000000000007,0.10620000000000007,0,0,0,DD,7
qwen_instruct,h1_dinc,79,main,HaNc,1,0.37440000000000007,0.37440000000000007,0.37440000000000007,0,0,0,DD,7
qwen_instruct,h1_dinc,79,main,HaNc,2,0.2218,0.2218,0.2218,0,0,0,DD,7
qwen_instruct,h1_dinc,79,main,HaNc,3,0.0229,0.02290000000000003,0.02290000000000003,0,0,0,DD,7
qwen_instruct,h1_dinc,79,main,HaPc,0,0.18109999999999993,0.18109999999999993,0.18109999999999993,0,0,0,DD,9
qwen_instruct,h1_dinc,79,main,HaPc,1,0.7202999999999999,0.7202999999999999,0.7202999999999999,1,1,1,DD,9
qwen_instruct,h1_dinc,79,main,HaPc,2,0.16440000000000002,0.1644,0.1644,0,0,0,DD,9
qwen_instruct,h1_dinc,79,main,HaPc,3,0.0259,0.025900000000000034,0.025900000000000034,0,0,0,DD,9
qwen_instruct,h1_dinc,79,main,HrAs,0,0.5574,0.5574,0.5574,0,0,0,MP,8
qwen_instruct,h1_dinc,79,main,HrAs,1,0.1062,0.1062,0.10620000000000007,0,0,0,MP,8
qwen_instruct,h1_dinc,79,main,HrAs,2,0.7221,0.7221,0.7221,1,1,1,MP,8
qwen_instruct,h1_dinc,79,main,HrAs,3,0.8766,0.8765999999999999,0.8765999999999999,1,1,1,MP,8
qwen_instruct,h1_dinc,79,main,HrBa,0,0.2923,0.2923,0.2923000000000001,0,0,0,CO1,2
qwen_instruct,h1_dinc,79,main,HrBa,1,0.14750000000000002,0.14750000000000002,0.14749999999999996,0,0,0,CO1,2
qwen_instruct,h1_dinc,79,main,HrBa,2,0.3467,0.3467,0.3467,0,0,0,CO1,2
qwen_instruct,h1_dinc,79,main,HrBa,3,0.7816,0.7816,0.7816,1,1,1,CO1,2
qwen_instruct,h1_dinc,79,main,HrCh,0,0.1479,0.1479,0.14789999999999992,0,0,0,CO1,4
qwen_instruct,h1_dinc,79,main,HrCh,1,0.0531,0.0531,0.053100000000000036,0,0,0,CO1,4
qwen_instruct,h1_dinc,79,main,HrCh,2,0.40490000000000004,0.40490000000000004,0.40490000000000004,0,0,0,CO1,4
qwen_instruct,h1_dinc,79,main,HrCh,3,0.7662,0.7662,0.7662,1,1,1,CO1,4
qwen_instruct,h1_dinc,79,main,HrHr,0,0.43570000000000003,0.43570000000000003,0.4357000000000001,0,0,0,CO2,2
qwen_instruct,h1_dinc,79,main,HrHr,1,0.1819,0.1819,0.18190000000000006,0,0,0,CO2,2
qwen_instruct,h1_dinc,79,main,HrHr,2,0.4354,0.4354,0.4354,0,0,0,CO2,2
qwen_instruct,h1_dinc,79,main,HrHr,3,0.8169,0.8169,0.8169,1,1,1,CO2,2
qwen_instruct,h1_dinc,79,main,ShAs,0,0.7203999999999999,0.7203999999999999,0.7203999999999999,1,1,1,CO1,8
qwen_instruct,h1_dinc,79,main,ShAs,1,0.40499999999999997,0.40499999999999997,0.40499999999999997,0,0,0,CO1,8
qwen_instruct,h1_dinc,79,main,ShAs,2,0.785,0.785,0.785,1,1,1,CO1,8
qwen_instruct,h1_dinc,79,main,ShAs,3,0.40399999999999997,0.404,0.404,0,0,0,CO1,8
qwen_instruct,h1_dinc,79,main,ShCo,0,0.8672,0.8672,0.8672,0,0,0,CO2,9
qwen_instruct,h1_dinc,79,main,ShCo,1,0.6721999999999999,0.6721999999999999,0.6721999999999999,1,1,1,CO2,9
qwen_instruct,h1_dinc,79,main,ShCo,2,0.6976,0.6976,0.6976,0,0,0,CO2,9
qwen_instruct,h1_dinc,79,main,ShCo,3,0.2005,0.2005,0.2005,0,0,0,CO2,9
qwen_instruct,h1_dinc,79,main,ShSh,0,0.7635,0.7635,0.7635,1,1,1,CO1,9
qwen_instruct,h1_dinc,79,main,ShSh,1,0.5573,0.5573,0.5573,1,1,1,CO1,9
qwen_instruct,h1_dinc,79,main,ShSh,2,0.7441,0.7441,0.7441,1,1,1,CO1,9
qwen_instruct,h1_dinc,79,main,ShSh,3,0.3473,0.34729999999999994,0.34729999999999994,0,0,0,CO1,9
qwen_instruct,h1_dinc,79,main_perp,AsAs,0,0.012899999999999995,0.012899999999999995,0.012899999999999995,0,0,0,CO1,1
qwen_instruct,h1_dinc,79,main_perp,AsAs,1,0.0067999999999999935,0.0067999999999999935,0.0067999999999999935,0,0,0,CO1,1
qwen_instruct,h1_dinc,79,main_perp,AsAs,2,0.022699999999999998,0.022700000000000053,0.022700000000000053,0,0,0,CO1,1
qwen_instruct,h1_dinc,79,main_perp,AsAs,3,0.0059000000000000025,0.005900000000000016,0.005900000000000016,0,0,0,CO1,1
qwen_instruct,h1_dinc,79,main_perp,AsBa,0,0.029799999999999993,0.029799999999999993,0.02980000000000005,0,0,0,MP,2
qwen_instruct,h1_dinc,79,main_perp,AsBa,1,0.010400000000000006,0.010400000000000006,0.010400000000000076,0,0,0,MP,2
qwen_instruct,h1_dinc,79,main_perp,AsBa,2,0.028000000000000025,0.028000000000000025,0.028000000000000025,0,0,0,MP,2
qwen_instruct,h1_dinc,79,main_perp,AsBa,3,0.004400000000000001,0.0043999999999999595,0.0043999999999999595,0,0,0,MP,2
qwen_instruct,h1_dinc,79,main_perp,AsCh,0,0.0010000000000000009,0.0010000000000000009,0.001000000000000112,0,0,0,MP,4
qwen_instruct,h1_dinc,79,main_perp,AsCh,1,0.004900000000000002,0.004900000000000002,0.0049000000000000155,0,0,0,MP,4
qwen_instruct,h1_dinc,79,main_perp,AsCh,2,0.030399999999999983,0.030399999999999983,0.030399999999999983,0,0,0,MP,4
qwen_instruct,h1_dinc,79,main_perp,AsCh,3,0.0126,0.012599999999999945,0.012599999999999945,0,0,0,MP,4
qwen_instruct,h1_dinc,79,main_perp,AsCm,0,0.008800000000000002,0.008800000000000002,0.00880000000000003,0,0,0,OD1,2
qwen_instruct,h1_dinc,79,main_perp,AsCm,1,0.002700000000000001,0.002700000000000001,0.0027000000000000357,0,0,0,OD1,2
qwen_instruct,h1_dinc,79,main_perp,AsCm,2,0.02959999999999996,0.02959999999999996,0.02959999999999996,0,0,0,OD1,2
qwen_instruct,h1_dinc,79,main_perp,AsCm,3,0.028799999999999992,0.028799999999999937,0.028799999999999937,0,0,0,OD1,2
qwen_instruct,h1_dinc,79,main_perp,AsCo,0,0.030399999999999983,0.030399999999999983,0.030399999999999983,0,0,0,CO2,1
qwen_instruct,h1_dinc,79,main_perp,AsCo,1,0.015300000000000008,0.015300000000000008,0.015300000000000008,0,0,0,CO2,1
qwen_instruct,h1_dinc,79,main_perp,AsCo,2,0.028700000000000003,0.028699999999999948,0.028699999999999948,0,0,0,CO2,1
qwen_instruct,h1_dinc,79,main_perp,AsCo,3,0.010399999999999993,0.010400000000000076,0.010400000000000076,0,0,0,CO2,1
qwen_instruct,h1_dinc,79,main_perp,AsDl,0,0.010899999999999993,0.010899999999999993,0.01090000000000002,0,0,0,OD1,4
qwen_instruct,h1_dinc,79,main_perp,AsDl,1,0.004300000000000005,0.004300000000000005,0.0042999999999999705,0,0,0,OD1,4
qwen_instruct,h1_dinc,79,main_perp,AsDl,2,0.03159999999999996,0.03159999999999996,0.03159999999999996,0,0,0,OD1,4
qwen_instruct,h1_dinc,79,main_perp,AsDl,3,0.0199,0.01990000000000003,0.01990000000000003,0,0,0,OD1,4
qwen_instruct,h1_dinc,79,main_perp,AsHa,0,0.026000000000000023,0.026000000000000023,0.026000000000000023,0,0,0,OD2,1
qwen_instruct,h1_dinc,79,main_perp,AsHa,1,0.011399999999999993,0.011399999999999993,0.011399999999999993,0,0,0,OD2,1
qwen_instruct,h1_dinc,79,main_perp,AsHa,2,0.008499999999999994,0.008499999999999952,0.008499999999999952,0,0,0,OD2,1
qwen_instruct,h1_dinc,79,main_perp,AsHa,3,0.002999999999999999,0.0030000000000000027,0.0030000000000000027,0,0,0,OD2,1
qwen_instruct,h1_dinc,79,main_perp,AsHr,0,0.026500000000000024,0.026500000000000024,0.026499999999999968,0,0,0,MP,6
qwen_instruct,h1_dinc,79,main_perp,AsHr,1,0.009299999999999989,0.009299999999999989,0.009299999999999975,0,0,0,MP,6
qwen_instruct,h1_dinc,79,main_perp,AsHr,2,0.031100000000000017,0.031100000000000017,0.031100000000000017,1,1,1,MP,6
qwen_instruct,h1_dinc,79,main_perp,AsHr,3,0.016000000000000014,0.016000000000000014,0.016000000000000014,0,0,0,MP,6
qwen_instruct,h1_dinc,79,main_perp,AsNc,0,0.017699999999999994,0.017699999999999994,0.017699999999999994,0,0,0,OD2,3
qwen_instruct,h1_dinc,79,main_perp,AsNc,1,0.0034999999999999996,0.0034999999999999996,0.0034999999999999996,0,0,0,OD2,3
qwen_instruct,h1_dinc,79,main_perp,AsNc,2,0.009300000000000003,0.009300000000000086,0.009300000000000086,0,0,0,OD2,3
qwen_instruct,h1_dinc,79,main_perp,AsNc,3,0.004400000000000001,0.0043999999999999595,0.0043999999999999595,0,0,0,OD2,3
qwen_instruct,h1_dinc,79,main_perp,AsPc,0,0.0016999999999999793,0.0016999999999999793,0.0016999999999999793,0,0,0,OD2,5
qwen_instruct,h1_dinc,79,main_perp,AsPc,1,0.02260000000000001,0.02260000000000001,0.02260000000000001,0,0,0,OD2,5
qwen_instruct,h1_dinc,79,main_perp,AsPc,2,0.012700000000000003,0.012699999999999934,0.012699999999999934,0,0,0,OD2,5
qwen_instruct,h1_dinc,79,main_perp,AsPc,3,0.007099999999999999,0.007099999999999995,0.007099999999999995,0,0,0,OD2,5
qwen_instruct,h1_dinc,79,main_perp,AsPd,0,0.030200000000000005,0.030200000000000005,0.030200000000000005,0,0,0,OD1,6
qwen_instruct,h1_dinc,79,main_perp,AsPd,1,0.020800000000000013,0.020800000000000013,0.02080000000000004,0,0,0,OD1,6
qwen_instruct,h1_dinc,79,main_perp,AsPd,2,0.0015000000000000013,0.0014999999999999458,0.0014999999999999458,0,0,0,OD1,6
qwen_instruct,h1_dinc,79,main_perp,AsPd,3,0.0006000000000000033,0.0006000000000000449,0.0006000000000000449,0,0,0,OD1,6
qwen_instruct,h1_dinc,79,main_perp,AsSh,0,0.022699999999999998,0.022699999999999998,0.022699999999999998,0,0,0,CO1,3
qwen_instruct,h1_dinc,79,main_perp,AsSh,1,0.014100000000000001,0.014100000000000001,0.014100000000000001,0,0,0,CO1,3
qwen_instruct,h1_dinc,79,main_perp,AsSh,2,0.019800000000000012,0.01980000000000004,0.01980000000000004,0,0,0,CO1,3
qwen_instruct,h1_dinc,79,main_perp,AsSh,3,0.0067999999999999935,0.006800000000000028,0.006800000000000028,0,0,0,CO1,3
qwen_instruct,h1_dinc,79,main_perp,BaAs,0,0.0005000000000000004,0.0005000000000000004,0.0005000000000000004,0,0,0,MP,1
qwen_instruct,h1_dinc,79,main_perp,BaAs,1,0.005600000000000001,0.005600000000000001,0.005600000000000001,0,0,0,MP,1
qwen_instruct,h1_dinc,79,main_perp,BaAs,2,0.03160000000000002,0.03159999999999996,0.03159999999999996,0,0,0,MP,1
qwen_instruct,h1_dinc,79,main_perp,BaAs,3,0.015499999999999986,0.015499999999999958,0.015499999999999958,0,0,0,MP,1
qwen_instruct,h1_dinc,79,main_perp,BaBa,0,0.00030000000000000165,0.00030000000000000165,0.00030000000000000165,0,0,0,CO2,3
qwen_instruct,h1_dinc,79,main_perp,BaBa,1,0.009000000000000001,0.009000000000000001,0.009000000000000001,0,0,0,CO2,3
qwen_instruct,h1_dinc,79,main_perp,BaBa,2,0.016699999999999937,0.016699999999999937,0.016699999999999937,0,0,0,CO2,3
qwen_instruct,h1_dinc,79,main_perp,BaBa,3,0.031200000000000006,0.031200000000000117,0.031200000000000117,0,0,0,CO2,3
qwen_instruct,h1_dinc,79,main_perp,BaCh,0,0.010400000000000006,0.010400000000000006,0.010400000000000006,0,0,0,CO2,4
qwen_instruct,h1_dinc,79,main_perp,BaCh,1,0.0004000000000000045,0.0004000000000000045,0.0004000000000000045,0,0,0,CO2,4
qwen_instruct,h1_dinc,79,main_perp,BaCh,2,0.02939999999999998,0.02939999999999998,0.02939999999999998,0,0,0,CO2,4
qwen_instruct,h1_dinc,79,main_perp,BaCh,3,0.0018000000000000238,0.0018000000000000238,0.0018000000000000238,0,0,0,CO2,4
qwen_instruct,h1_dinc,79,main_perp,BaCm,0,0.004700000000000003,0.004700000000000003,0.004700000000000003,0,0,0,OD1,1
qwen_instruct,h1_dinc,79,main_perp,BaCm,1,0.0034000000000000002,0.0034000000000000002,0.0034000000000000002,0,0,0,OD1,1
qwen_instruct,h1_dinc,79,main_perp,BaCm,2,0.0004999999999999449,0.0004999999999999449,0.0004999999999999449,0,0,0,OD1,1
qwen_instruct,h1_dinc,79,main_perp,BaCm,3,0.025900000000000034,0.025900000000000034,0.025900000000000034,0,0,0,OD1,1
qwen_instruct,h1_dinc,79,main_perp,BaCo,0,0.005499999999999998,0.005499999999999998,0.005499999999999998,0,0,0,MP,3
qwen_instruct,h1_dinc,79,main_perp,BaCo,1,0.0,0.0,0.0,0,0,0,MP,3
qwen_instruct,h1_dinc,79,main_perp,BaCo,2,0.0010000000000000009,0.0010000000000000009,0.0010000000000000009,0,0,0,MP,3
qwen_instruct,h1_dinc,79,main_perp,BaCo,3,0.019199999999999995,0.019199999999999995,0.019199999999999995,0,0,0,MP,3
qwen_instruct,h1_dinc,79,main_perp,BaDl,0,0.00010000000000000286,0.00010000000000000286,0.00010000000000000286,0,0,0,OD1,3
qwen_instruct,h1_dinc,79,main_perp,BaDl,1,9.99999999999994e-05,9.99999999999994e-05,9.99999999999994e-05,0,0,0,OD1,3
qwen_instruct,h1_dinc,79,main_perp,BaDl,2,0.032299999999999995,0.032299999999999995,0.032299999999999995,0,0,0,OD1,3
qwen_instruct,h1_dinc,79,main_perp,BaDl,3,0.02809999999999996,0.028099999999999903,0.028099999999999903,0,0,0,OD1,3
qwen_instruct,h1_dinc,79,main_perp,BaHa,0,0.00839999999999999,0.00839999999999999,0.008399999999999963,0,0,0,OD2,2
qwen_instruct,h1_dinc,79,main_perp,BaHa,1,0.004499999999999997,0.004499999999999997,0.0044999999999999485,0,0,0,OD2,2
qwen_instruct,h1_dinc,79,main_perp,BaHa,2,0.027200000000000002,0.027200000000000002,0.027200000000000002,0,0,0,OD2,2
qwen_instruct,h1_dinc,79,main_perp,BaHa,3,0.021400000000000002,0.021400000000000086,0.021400000000000086,0,0,0,OD2,2
qwen_instruct,h1_dinc,79,main_perp,BaHr,0,0.0,0.0,0.0,0,0,0,CO1,5
qwen_instruct,h1_dinc,79,main_perp,BaHr,1,0.0038999999999999972,0.0038999999999999972,0.0038999999999999972,0,0,0,CO1,5
qwen_instruct,h1_dinc,79,main_perp,BaHr,2,0.009000000000000008,0.009000000000000008,0.009000000000000008,0,0,0,CO1,5
qwen_instruct,h1_dinc,79,main_perp,BaHr,3,0.031200000000000006,0.031200000000000006,0.031200000000000006,0,0,0,CO1,5
qwen_instruct,h1_dinc,79,main_perp,BaNc,0,0.016499999999999987,0.016499999999999987,0.01649999999999996,0,0,0,OD2,4
qwen_instruct,h1_dinc,79,main_perp,BaNc,1,0.0034999999999999996,0.0034999999999999996,0.0034999999999999476,0,0,0,OD2,4
qwen_instruct,h1_dinc,79,main_perp,BaNc,2,0.024499999999999994,0.024499999999999966,0.024499999999999966,0,0,0,OD2,4
qwen_instruct,h1_dinc,79,main_perp,BaNc,3,0.009600000000000011,0.009600000000000053,0.009600000000000053,0,0,0,OD2,4
qwen_instruct,h1_dinc,79,main_perp,BaPc,0,0.0001999999999999988,0.0001999999999999988,0.00019999999999997797,0,0,0,OD2,6
qwen_instruct,h1_dinc,79,main_perp,BaPc,1,0.002999999999999999,0.002999999999999999,0.0030000000000000027,0,0,0,OD2,6
qwen_instruct,h1_dinc,79,main_perp,BaPc,2,0.024499999999999966,0.024499999999999966,0.024499999999999966,0,0,0,OD2,6
qwen_instruct,h1_dinc,79,main_perp,BaPc,3,0.02849999999999997,0.02849999999999997,0.02849999999999997,0,0,0,OD2,6
qwen_instruct,h1_dinc,79,main_perp,BaPd,0,0.011700000000000002,0.011700000000000002,0.011700000000000002,0,0,0,OD1,5
qwen_instruct,h1_dinc,79,main_perp,BaPd,1,0.004400000000000001,0.004400000000000001,0.004400000000000001,0,0,0,OD1,5
qwen_instruct,h1_dinc,79,main_perp,BaPd,2,0.02080000000000004,0.02080000000000004,0.02080000000000004,0,0,0,OD1,5
qwen_instruct,h1_dinc,79,main_perp,BaPd,3,0.031299999999999994,0.031299999999999994,0.031299999999999994,0,0,0,OD1,5
qwen_instruct,h1_dinc,79,main_perp,BaSh,0,0.008900000000000005,0.008900000000000005,0.008900000000000005,0,0,0,MP,5
qwen_instruct,h1_dinc,79,main_perp,BaSh,1,0.007599999999999996,0.007599999999999996,0.007599999999999996,0,0,0,MP,5
qwen_instruct,h1_dinc,79,main_perp,BaSh,2,0.024500000000000022,0.024500000000000077,0.024500000000000077,0,0,0,MP,5
qwen_instruct,h1_dinc,79,main_perp,BaSh,3,9.999999999999593e-05,9.999999999998899e-05,9.999999999998899e-05,0,0,0,MP,5
qwen_instruct,h1_dinc,79,main_perp,ChAs,0,0.0005999999999999894,0.0005999999999999894,0.0005999999999999894,0,0,0,MP,7
qwen_instruct,h1_dinc,79,main_perp,ChAs,1,0.004900000000000002,0.004900000000000002,0.004900000000000002,0,0,0,MP,7
qwen_instruct,h1_dinc,79,main_perp,ChAs,2,0.0008000000000000229,0.0008000000000000229,0.0008000000000000229,0,0,0,MP,7
qwen_instruct,h1_dinc,79,main_perp,ChAs,3,0.026100000000000012,0.026100000000000012,0.026100000000000012,0,0,0,MP,7
qwen_instruct,h1_dinc,79,main_perp,ChBa,0,0.00010000000000000286,0.00010000000000000286,0.00010000000000000286,0,0,0,CO2,5
qwen_instruct,h1_dinc,79,main_perp,ChBa,1,0.0008999999999999998,0.0008999999999999998,0.0008999999999999998,0,0,0,CO2,5
qwen_instruct,h1_dinc,79,main_perp,ChBa,2,0.012800000000000034,0.012800000000000034,0.012800000000000034,0,0,0,CO2,5
qwen_instruct,h1_dinc,79,main_perp,ChBa,3,0.03190000000000004,0.03190000000000004,0.03190000000000004,0,0,0,CO2,5
qwen_instruct,h1_dinc,79,main_perp,ChCh,0,0.005499999999999998,0.005499999999999998,0.005499999999999998,0,0,0,CO2,6
qwen_instruct,h1_dinc,79,main_perp,ChCh,1,0.0018000000000000013,0.0018000000000000013,0.0018000000000000013,0,0,0,CO2,6
qwen_instruct,h1_dinc,79,main_perp,ChCh,2,0.022999999999999993,0.02300000000000002,0.02300000000000002,0,0,0,CO2,6
qwen_instruct,h1_dinc,79,main_perp,ChCh,3,0.012899999999999995,0.012899999999999912,0.012899999999999912,0,0,0,CO2,6
qwen_instruct,h1_dinc,79,main_perp,ChCm,0,0.00030000000000000165,0.00030000000000000165,0.00030000000000000165,0,0,0,OD1,7
qwen_instruct,h1_dinc,79,main_perp,ChCm,1,0.0,0.0,0.0,0,0,0,OD1,7
qwen_instruct,h1_dinc,79,main_perp,ChCm,2,0.018900000000000028,0.018900000000000028,0.018900000000000028,0,0,0,OD1,7
qwen_instruct,h1_dinc,79,main_perp,ChCm,3,0.03190000000000004,0.03190000000000004,0.03190000000000004,1,1,1,OD1,7
qwen_instruct,h1_dinc,79,main_perp,ChCo,0,0.009399999999999992,0.009399999999999992,0.009399999999999992,0,0,0,MP,9
qwen_instruct,h1_dinc,79,main_perp,ChCo,1,0.002700000000000001,0.002700000000000001,0.002700000000000001,0,0,0,MP,9
qwen_instruct,h1_dinc,79,main_perp,ChCo,2,0.000200000000000089,0.000200000000000089,0.000200000000000089,0,0,0,MP,9
qwen_instruct,h1_dinc,79,main_perp,ChCo,3,0.03199999999999997,0.03199999999999992,0.03199999999999992,0,0,0,MP,9
qwen_instruct,h1_dinc,79,main_perp,ChDl,0,0.002700000000000001,0.002700000000000001,0.002700000000000001,0,0,0,OD1,9
qwen_instruct,h1_dinc,79,main_perp,ChDl,1,0.0008999999999999998,0.0008999999999999998,0.0008999999999999998,0,0,0,OD1,9
qwen_instruct,h1_dinc,79,main_perp,ChDl,2,0.017199999999999993,0.017199999999999993,0.017199999999999993,0,0,0,OD1,9
qwen_instruct,h1_dinc,79,main_perp,ChDl,3,0.031399999999999983,0.031399999999999983,0.031399999999999983,1,1,1,OD1,9
qwen_instruct,h1_dinc,79,main_perp,ChHa,0,0.013000000000000012,0.013000000000000012,0.0129999999999999,0,0,0,OD2,8
qwen_instruct,h1_dinc,79,main_perp,ChHa,1,0.00019999999999999185,0.00019999999999999185,0.00019999999999997797,0,0,0,OD2,8
qwen_instruct,h1_dinc,79,main_perp,ChHa,2,0.00019999999999997797,0.00019999999999997797,0.00019999999999997797,0,0,0,OD2,8
qwen_instruct,h1_dinc,79,main_perp,ChHa,3,0.0012999999999999678,0.0012999999999999678,0.0012999999999999678,0,0,0,OD2,8
qwen_instruct,h1_dinc,79,main_perp,ChHr,0,0.0020999999999999977,0.0020999999999999977,0.0020999999999999977,0,0,0,CO1,6
qwen_instruct,h1_dinc,79,main_perp,ChHr,1,0.0011000000000000003,0.0011000000000000003,0.0011000000000000003,0,0,0,CO1,6
qwen_instruct,h1_dinc,79,main_perp,ChHr,2,0.011499999999999955,0.011499999999999955,0.011499999999999955,0,0,0,CO1,6
qwen_instruct,h1_dinc,79,main_perp,ChHr,3,0.0013999999999999568,0.0013999999999999568,0.0013999999999999568,0,0,0,CO1,6
qwen_instruct,h1_dinc,79,main_perp,CmAs,0,0.0023,0.0023,0.0022999999999999687,0,0,0,OD1,8
qwen_instruct,h1_dinc,79,main_perp,CmAs,1,0.0004999999999999996,0.0004999999999999996,0.000500000000000056,0,0,0,OD1,8
qwen_instruct,h1_dinc,79,main_perp,CmAs,2,0.0023999999999999577,0.0023999999999999577,0.0023999999999999577,0,0,0,OD1,8
qwen_instruct,h1_dinc,79,main_perp,CmAs,3,0.017299999999999982,0.017299999999999982,0.017299999999999982,0,0,0,OD1,8
qwen_instruct,h1_dinc,79,main_perp,CmCm,0,0.00010000000000000005,0.00010000000000000005,9.999999999998899e-05,0,0,0,DD,2
qwen_instruct,h1_dinc,79,main_perp,CmCm,1,0.0,0.0,0.0,0,0,0,DD,2
qwen_instruct,h1_dinc,79,main_perp,CmCm,2,0.0,0.0,0.0,0,0,0,DD,2
qwen_instruct,h1_dinc,79,main_perp,CmCm,3,0.00759999999999994,0.00759999999999994,0.00759999999999994,0,0,0,DD,2
qwen_instruct,h1_dinc,79,main_perp,CmDl,0,0.00039999999999999975,0.00039999999999999975,0.00040000000000006697,0,0,0,DD,4
qwen_instruct,h1_dinc,79,main_perp,CmDl,1,0.00010000000000000005,0.00010000000000000005,9.999999999998899e-05,0,0,0,DD,4
qwen_instruct,h1_dinc,79,main_perp,CmDl,2,0.0008000000000000229,0.0008000000000000229,0.0008000000000000229,0,0,0,DD,4
qwen_instruct,h1_dinc,79,main_perp,CmDl,3,0.000500000000000056,0.000500000000000056,0.000500000000000056,0,0,0,DD,4
qwen_instruct,h1_dinc,79,main_perp,CmHa,0,0.0011999999999999997,0.0011999999999999997,0.0012000000000000899,0,0,0,DD,6
qwen_instruct,h1_dinc,79,main_perp,CmHa,1,0.0002000000000000001,0.0002000000000000001,0.00019999999999997797,0,0,0,DD,6
qwen_instruct,h1_dinc,79,main_perp,CmHa,2,0.0,0.0,0.0,0,0,0,DD,6
qwen_instruct,h1_dinc,79,main_perp,CmHa,3,0.00039999999999995595,0.00039999999999995595,0.00039999999999995595,0,0,0,DD,6
qwen_instruct,h1_dinc,79,main_perp,CmNc,0,0.0008000000000000004,0.0008000000000000004,0.0008000000000000229,0,0,0,DD,8
qwen_instruct,h1_dinc,79,main_perp,CmNc,1,0.00010000000000000005,0.00010000000000000005,9.999999999998899e-05,0,0,0,DD,8
qwen_instruct,h1_dinc,79,main_perp,CmNc,2,0.0,0.0,0.0,0,0,0,DD,8
qwen_instruct,h1_dinc,79,main_perp,CmNc,3,0.00029999999999996696,0.00029999999999996696,0.00029999999999996696,0,0,0,DD,8
qwen_instruct,h1_dinc,79,main_perp,CoAs,0,0.02090000000000003,0.02090000000000003,0.02090000000000003,0,0,0,CO2,7
qwen_instruct,h1_dinc,79,main_perp,CoAs,1,0.03210000000000002,0.03210000000000002,0.03210000000000002,1,1,1,CO2,7
qwen_instruct,h1_dinc,79,main_perp,CoAs,2,0.005499999999999998,0.005499999999999949,0.005499999999999949,0,0,0,CO2,7
qwen_instruct,h1_dinc,79,main_perp,CoAs,3,0.0008999999999999998,0.0009000000000000119,0.0009000000000000119,0,0,0,CO2,7
qwen_instruct,h1_dinc,79,main_perp,CoCo,0,0.0006999999999999229,0.0006999999999999229,0.0006999999999999229,0,0,0,CO1,7
qwen_instruct,h1_dinc,79,main_perp,CoCo,1,0.031399999999999983,0.031399999999999983,0.031399999999999983,1,1,1,CO1,7
qwen_instruct,h1_dinc,79,main_perp,CoCo,2,0.004900000000000002,0.0049000000000000155,0.0049000000000000155,0,0,0,CO1,7
qwen_instruct,h1_dinc,79,main_perp,CoCo,3,0.001,0.0010000000000000009,0.0010000000000000009,0,0,0,CO1,7
qwen_instruct,h1_dinc,79,main_perp,CoSh,0,0.019100000000000006,0.019100000000000006,0.019100000000000006,0,0,0,CO2,8
qwen_instruct,h1_dinc,79,main_perp,CoSh,1,0.031200000000000006,0.031200000000000006,0.031200000000000006,1,1,1,CO2,8
qwen_instruct,h1_dinc,79,main_perp,CoSh,2,0.0025000000000000022,0.0024999999999999467,0.0024999999999999467,0,0,0,CO2,8
qwen_instruct,h1_dinc,79,main_perp,CoSh,3,0.0,0.0,0.0,0,0,0,CO2,8
qwen_instruct,h1_dinc,79,main_perp,HaAs,0,0.0027000000000000357,0.0027000000000000357,0.0027000000000000357,0,0,0,OD2,7
qwen_instruct,h1_dinc,79,main_perp,HaAs,1,0.010700000000000043,0.010700000000000043,0.010700000000000043,0,0,0,OD2,7
qwen_instruct,h1_dinc,79,main_perp,HaAs,2,0.0004000000000000002,0.00039999999999995595,0.00039999999999995595,0,0,0,OD2,7
qwen_instruct,h1_dinc,79,main_perp,HaAs,3,9.999999999999999e-05,9.999999999998899e-05,9.999999999998899e-05,0,0,0,OD2,7
qwen_instruct,h1_dinc,79,main_perp,HaBa,0,9.999999999998899e-05,9.999999999998899e-05,9.999999999998899e-05,0,0,0,OD2,9
qwen_instruct,h1_dinc,79,main_perp,HaBa,1,0.008199999999999985,0.008199999999999985,0.008199999999999985,0,0,0,OD2,9
qwen_instruct,h1_dinc,79,main_perp,HaBa,2,0.0087,0.008700000000000041,0.008700000000000041,0,0,0,OD2,9
qwen_instruct,h1_dinc,79,main_perp,HaBa,3,0.001,0.0010000000000000009,0.0010000000000000009,0,0,0,OD2,9
qwen_instruct,h1_dinc,79,main_perp,HaCm,0,0.00029999999999996696,0.00029999999999996696,0.00029999999999996696,0,0,0,DD,1
qwen_instruct,h1_dinc,79,main_perp,HaCm,1,0.021199999999999997,0.021199999999999997,0.021199999999999997,0,0,0,DD,1
qwen_instruct,h1_dinc,79,main_perp,HaCm,2,0.010700000000000001,0.010700000000000043,0.010700000000000043,0,0,0,DD,1
qwen_instruct,h1_dinc,79,main_perp,HaCm,3,0.004900000000000002,0.0049000000000000155,0.0049000000000000155,0,0,0,DD,1
qwen_instruct,h1_dinc,79,main_perp,HaDl,0,0.0035000000000000586,0.0035000000000000586,0.0035000000000000586,0,0,0,DD,3
qwen_instruct,h1_dinc,79,main_perp,HaDl,1,0.009299999999999975,0.009299999999999975,0.009299999999999975,0,0,0,DD,3
qwen_instruct,h1_dinc,79,main_perp,HaDl,2,0.0020999999999999977,0.0020999999999999908,0.0020999999999999908,0,0,0,DD,3
qwen_instruct,h1_dinc,79,main_perp,HaDl,3,0.0,0.0,0.0,0,0,0,DD,3
qwen_instruct,h1_dinc,79,main_perp,HaHa,0,0.0011999999999999789,0.0011999999999999789,0.0011999999999999789,0,0,0,DD,5
qwen_instruct,h1_dinc,79,main_perp,HaHa,1,0.009299999999999975,0.009299999999999975,0.009299999999999975,0,0,0,DD,5
qwen_instruct,h1_dinc,79,main_perp,HaHa,2,0.0,0.0,0.0,0,0,0,DD,5
qwen_instruct,h1_dinc,79,main_perp,HaHa,3,0.00010000000000000005,9.999999999998899e-05,9.999999999998899e-05,0,0,0,DD,5
qwen_instruct,h1_dinc,79,main_perp,HaNc,0,0.0017000000000000348,0.0017000000000000348,0.0017000000000000348,0,0,0,DD,7
qwen_instruct,h1_dinc,79,main_perp,HaNc,1,0.0042999999999999705,0.0042999999999999705,0.0042999999999999705,0,0,0,DD,7
qwen_instruct,h1_dinc,79,main_perp,HaNc,2,0.0020999999999999977,0.0020999999999999908,0.0020999999999999908,0,0,0,DD,7
qwen_instruct,h1_dinc,79,main_perp,HaNc,3,0.0,0.0,0.0,0,0,0,DD,7
qwen_instruct,h1_dinc,79,main_perp,HaPc,0,0.0017000000000000348,0.0017000000000000348,0.0017000000000000348,0,0,0,DD,9
qwen_instruct,h1_dinc,79,main_perp,HaPc,1,0.0004999999999999449,0.0004999999999999449,0.0004999999999999449,0,0,0,DD,9
qwen_instruct,h1_dinc,79,main_perp,HaPc,2,0.0015000000000000013,0.0014999999999999458,0.0014999999999999458,0,0,0,DD,9
qwen_instruct,h1_dinc,79,main_perp,HaPc,3,0.00019999999999999987,0.000200000000000089,0.000200000000000089,0,0,0,DD,9
qwen_instruct,h1_dinc,79,main_perp,HrAs,0,0.008500000000000008,0.008500000000000008,0.008500000000000063,0,0,0,MP,8
qwen_instruct,h1_dinc,79,main_perp,HrAs,1,0.0008999999999999998,0.0008999999999999998,0.0009000000000000119,0,0,0,MP,8
qwen_instruct,h1_dinc,79,main_perp,HrAs,2,0.01429999999999998,0.01429999999999998,0.01429999999999998,0,0,0,MP,8
qwen_instruct,h1_dinc,79,main_perp,HrAs,3,0.0009000000000000119,0.0009000000000000119,0.0009000000000000119,0,0,0,MP,8
qwen_instruct,h1_dinc,79,main_perp,HrBa,0,0.002999999999999999,0.002999999999999999,0.0030000000000000027,0,0,0,CO1,2
qwen_instruct,h1_dinc,79,main_perp,HrBa,1,0.001299999999999999,0.001299999999999999,0.0012999999999999678,0,0,0,CO1,2
qwen_instruct,h1_dinc,79,main_perp,HrBa,2,0.0039000000000000146,0.0039000000000000146,0.0039000000000000146,0,0,0,CO1,2
qwen_instruct,h1_dinc,79,main_perp,HrBa,3,0.021399999999999975,0.021399999999999975,0.021399999999999975,0,0,0,CO1,2
qwen_instruct,h1_dinc,79,main_perp,HrCh,0,0.001299999999999999,0.001299999999999999,0.0012999999999999678,0,0,0,CO1,4
qwen_instruct,h1_dinc,79,main_perp,HrCh,1,0.0,0.0,0.0,0,0,0,CO1,4
qwen_instruct,h1_dinc,79,main_perp,HrCh,2,0.0043999999999999595,0.0043999999999999595,0.0043999999999999595,0,0,0,CO1,4
qwen_instruct,h1_dinc,79,main_perp,HrCh,3,0.016699999999999937,0.016699999999999937,0.016699999999999937,0,0,0,CO1,4
qwen_instruct,h1_dinc,79,main_perp,HrHr,0,0.005400000000000002,0.005400000000000002,0.00539999999999996,0,0,0,CO2,2
qwen_instruct,h1_dinc,79,main_perp,HrHr,1,0.0019000000000000006,0.0019000000000000006,0.0019000000000000128,0,0,0,CO2,2
qwen_instruct,h1_dinc,79,main_perp,HrHr,2,0.005299999999999971,0.005299999999999971,0.005299999999999971,0,0,0,CO2,2
qwen_instruct,h1_dinc,79,main_perp,HrHr,3,0.0230999999999999,0.0230999999999999,0.0230999999999999,0,0,0,CO2,2
qwen_instruct,h1_dinc,79,main_perp,ShAs,0,0.015500000000000014,0.015500000000000014,0.015500000000000014,0,0,0,CO1,8
qwen_instruct,h1_dinc,79,main_perp,ShAs,1,0.005299999999999999,0.005299999999999999,0.005299999999999999,0,0,0,CO1,8
qwen_instruct,h1_dinc,79,main_perp,ShAs,2,0.00020000000000000573,0.00019999999999997797,0.00019999999999997797,0,0,0,CO1,8
qwen_instruct,h1_dinc,79,main_perp,ShAs,3,0.004900000000000002,0.0049000000000000155,0.0049000000000000155,0,0,0,CO1,8
qwen_instruct,h1_dinc,79,main_perp,ShCo,0,0.0006999999999999784,0.0006999999999999784,0.0006999999999999784,0,0,0,CO2,9
qwen_instruct,h1_dinc,79,main_perp,ShCo,1,0.011999999999999997,0.011999999999999997,0.011999999999999997,0,0,0,CO2,9
qwen_instruct,h1_dinc,79,main_perp,ShCo,2,0.013899999999999996,0.013900000000000023,0.013900000000000023,0,0,0,CO2,9
qwen_instruct,h1_dinc,79,main_perp,ShCo,3,0.0017000000000000001,0.0017000000000000348,0.0017000000000000348,0,0,0,CO2,9
qwen_instruct,h1_dinc,79,main_perp,ShSh,0,0.020100000000000007,0.020100000000000007,0.020100000000000007,0,0,0,CO1,9
qwen_instruct,h1_dinc,79,main_perp,ShSh,1,0.008599999999999997,0.008599999999999997,0.008599999999999997,0,0,0,CO1,9
qwen_instruct,h1_dinc,79,main_perp,ShSh,2,0.01720000000000002,0.017200000000000104,0.017200000000000104,0,0,0,CO1,9
qwen_instruct,h1_dinc,79,main_perp,ShSh,3,0.0039000000000000007,0.0039000000000000146,0.0039000000000000146,0,0,0,CO1,9
qwen_instruct,h1_dinc,79,random,AsAs,0,0.012800000000000006,0.012800000000000006,0.012800000000000006,0,0,0,CO1,1
qwen_instruct,h1_dinc,79,random,AsAs,1,0.0068000000000000005,0.0068000000000000005,0.0068000000000000005,0,0,0,CO1,1
qwen_instruct,h1_dinc,79,random,AsAs,2,0.04420000000000002,0.04420000000000002,0.04420000000000002,0,0,0,CO1,1
qwen_instruct,h1_dinc,79,random,AsAs,3,0.012900000000000002,0.012900000000000023,0.012900000000000023,0,0,0,CO1,1
qwen_instruct,h1_dinc,79,random,AsBa,0,0.031399999999999983,0.031399999999999983,0.03139999999999987,0,0,0,MP,2
qwen_instruct,h1_dinc,79,random,AsBa,1,0.0218,0.0218,0.02180000000000004,0,0,0,MP,2
qwen_instruct,h1_dinc,79,random,AsBa,2,0.05630000000000002,0.05630000000000002,0.05630000000000002,0,0,0,MP,2
qwen_instruct,h1_dinc,79,random,AsBa,3,0.008,0.008000000000000007,0.008000000000000007,0,0,0,MP,2
qwen_instruct,h1_dinc,79,random,AsCh,0,0.022900000000000004,0.022900000000000004,0.02290000000000003,0,0,0,MP,4
qwen_instruct,h1_dinc,79,random,AsCh,1,0.004800000000000006,0.004800000000000006,0.0048000000000000265,0,0,0,MP,4
qwen_instruct,h1_dinc,79,random,AsCh,2,0.029200000000000004,0.029199999999999893,0.029199999999999893,0,0,0,MP,4
qwen_instruct,h1_dinc,79,random,AsCh,3,0.0126,0.012599999999999945,0.012599999999999945,0,0,0,MP,4
qwen_instruct,h1_dinc,79,random,AsCm,0,0.008599999999999997,0.008599999999999997,0.008600000000000052,0,0,0,OD1,2
qwen_instruct,h1_dinc,79,random,AsCm,1,0.008,0.008,0.008000000000000007,0,0,0,OD1,2
qwen_instruct,h1_dinc,79,random,AsCm,2,0.05680000000000007,0.05680000000000007,0.05680000000000007,0,0,0,OD1,2
qwen_instruct,h1_dinc,79,random,AsCm,3,0.05790000000000001,0.05790000000000006,0.05790000000000006,0,0,0,OD1,2
qwen_instruct,h1_dinc,79,random,AsCo,0,0.061899999999999955,0.061899999999999955,0.061899999999999955,0,0,0,CO2,1
qwen_instruct,h1_dinc,79,random,AsCo,1,0.015899999999999997,0.015899999999999997,0.015899999999999997,0,0,0,CO2,1
qwen_instruct,h1_dinc,79,random,AsCo,2,0.08330000000000004,0.08329999999999993,0.08329999999999993,0,0,0,CO2,1
qwen_instruct,h1_dinc,79,random,AsCo,3,0.010499999999999995,0.010500000000000065,0.010500000000000065,0,0,0,CO2,1
qwen_instruct,h1_dinc,79,random,AsDl,0,0.01029999999999999,0.01029999999999999,0.010299999999999976,0,0,0,OD1,4
qwen_instruct,h1_dinc,79,random,AsDl,1,0.012900000000000002,0.012900000000000002,0.012900000000000023,0,0,0,OD1,4
qwen_instruct,h1_dinc,79,random,AsDl,2,0.03200000000000003,0.03200000000000003,0.03200000000000003,0,0,0,OD1,4
qwen_instruct,h1_dinc,79,random,AsDl,3,0.04000000000000001,0.040000000000000036,0.040000000000000036,0,0,0,OD1,4
qwen_instruct,h1_dinc,79,random,AsHa,0,0.025399999999999978,0.025399999999999978,0.025399999999999978,0,0,0,OD2,1
qwen_instruct,h1_dinc,79,random,AsHa,1,0.011199999999999988,0.011199999999999988,0.011199999999999988,0,0,0,OD2,1
qwen_instruct,h1_dinc,79,random,AsHa,2,0.01580000000000001,0.015799999999999925,0.015799999999999925,0,0,0,OD2,1
qwen_instruct,h1_dinc,79,random,AsHa,3,0.0063999999999999994,0.006399999999999961,0.006399999999999961,0,0,0,OD2,1
qwen_instruct,h1_dinc,79,random,AsHr,0,0.04939999999999997,0.04939999999999997,0.04939999999999989,0,0,0,MP,6
qwen_instruct,h1_dinc,79,random,AsHr,1,0.009900000000000006,0.009900000000000006,0.00990000000000002,0,0,0,MP,6
qwen_instruct,h1_dinc,79,random,AsHr,2,0.06240000000000001,0.06240000000000001,0.06240000000000001,1,1,1,MP,6
qwen_instruct,h1_dinc,79,random,AsHr,3,0.029300000000000007,0.029300000000000104,0.029300000000000104,0,0,0,MP,6
qwen_instruct,h1_dinc,79,random,AsNc,0,0.0373,0.0373,0.0373,0,0,0,OD2,3
qwen_instruct,h1_dinc,79,random,AsNc,1,0.007199999999999998,0.007199999999999998,0.007199999999999998,0,0,0,OD2,3
qwen_instruct,h1_dinc,79,random,AsNc,2,0.019599999999999992,0.01959999999999995,0.01959999999999995,0,0,0,OD2,3
qwen_instruct,h1_dinc,79,random,AsNc,3,0.009099999999999997,0.009099999999999997,0.009099999999999997,0,0,0,OD2,3
qwen_instruct,h1_dinc,79,random,AsPc,0,0.0625,0.0625,0.0625,0,0,0,OD2,5
qwen_instruct,h1_dinc,79,random,AsPc,1,0.04680000000000001,0.04680000000000001,0.04680000000000001,0,0,0,OD2,5
qwen_instruct,h1_dinc,79,random,AsPc,2,0.024400000000000005,0.02440000000000009,0.02440000000000009,0,0,0,OD2,5
qwen_instruct,h1_dinc,79,random,AsPc,3,0.0034999999999999996,0.0034999999999999476,0.0034999999999999476,0,0,0,OD2,5
qwen_instruct,h1_dinc,79,random,AsPd,0,0.06009999999999999,0.06009999999999999,0.06009999999999993,0,0,0,OD1,6
qwen_instruct,h1_dinc,79,random,AsPd,1,0.04119999999999999,0.04119999999999999,0.041200000000000014,0,0,0,OD1,6
qwen_instruct,h1_dinc,79,random,AsPd,2,0.06020000000000003,0.06020000000000003,0.06020000000000003,0,0,0,OD1,6
qwen_instruct,h1_dinc,79,random,AsPd,3,0.019699999999999995,0.01970000000000005,0.01970000000000005,0,0,0,OD1,6
qwen_instruct,h1_dinc,79,random,AsSh,0,0.04569999999999999,0.04569999999999999,0.04569999999999999,0,0,0,CO1,3
qwen_instruct,h1_dinc,79,random,AsSh,1,0.02890000000000001,0.02890000000000001,0.02890000000000001,0,0,0,CO1,3
qwen_instruct,h1_dinc,79,random,AsSh,2,0.0403,0.0403,0.0403,0,0,0,CO1,3
qwen_instruct,h1_dinc,79,random,AsSh,3,0.0068000000000000005,0.006800000000000028,0.006800000000000028,0,0,0,CO1,3
qwen_instruct,h1_dinc,79,random,BaAs,0,0.010499999999999995,0.010499999999999995,0.010499999999999995,0,0,0,MP,1
qwen_instruct,h1_dinc,79,random,BaAs,1,0.0114,0.0114,0.0114,0,0,0,MP,1
qwen_instruct,h1_dinc,79,random,BaAs,2,0.06209999999999999,0.06209999999999993,0.06209999999999993,0,0,0,MP,1
qwen_instruct,h1_dinc,79,random,BaAs,3,0.031100000000000017,0.031100000000000017,0.031100000000000017,0,0,0,MP,1
qwen_instruct,h1_dinc,79,random,BaBa,0,0.006900000000000003,0.006900000000000003,0.006900000000000003,0,0,0,CO2,3
qwen_instruct,h1_dinc,79,random,BaBa,1,0.0092,0.0092,0.0092,0,0,0,CO2,3
qwen_instruct,h1_dinc,79,random,BaBa,2,0.03369999999999995,0.03369999999999995,0.03369999999999995,0,0,0,CO2,3
qwen_instruct,h1_dinc,79,random,BaBa,3,0.06259999999999999,0.06259999999999999,0.06259999999999999,0,0,0,CO2,3
qwen_instruct,h1_dinc,79,random,BaCh,0,0.010599999999999998,0.010599999999999998,0.010599999999999998,0,0,0,CO2,4
qwen_instruct,h1_dinc,79,random,BaCh,1,0.012799999999999999,0.012799999999999999,0.012799999999999999,0,0,0,CO2,4
qwen_instruct,h1_dinc,79,random,BaCh,2,0.056499999999999995,0.056499999999999995,0.056499999999999995,0,0,0,CO2,4
qwen_instruct,h1_dinc,79,random,BaCh,3,0.05880000000000002,0.05879999999999996,0.05879999999999996,0,0,0,CO2,4
qwen_instruct,h1_dinc,79,random,BaCm,0,0.0143,0.0143,0.0143,0,0,0,OD1,1
qwen_instruct,h1_dinc,79,random,BaCm,1,0.0034000000000000002,0.0034000000000000002,0.0034000000000000002,0,0,0,OD1,1
qwen_instruct,h1_dinc,79,random,BaCm,2,0.02629999999999999,0.02629999999999999,0.02629999999999999,0,0,0,OD1,1
qwen_instruct,h1_dinc,79,random,BaCm,3,0.0262,0.0262,0.0262,0,0,0,OD1,1
qwen_instruct,h1_dinc,79,random,BaCo,0,0.005400000000000002,0.005400000000000002,0.005400000000000002,0,0,0,MP,3
qwen_instruct,h1_dinc,79,random,BaCo,1,0.003999999999999998,0.003999999999999998,0.003999999999999998,0,0,0,MP,3
qwen_instruct,h1_dinc,79,random,BaCo,2,0.0013000000000000789,0.0013000000000000789,0.0013000000000000789,0,0,0,MP,3
qwen_instruct,h1_dinc,79,random,BaCo,3,0.05740000000000001,0.05740000000000001,0.05740000000000001,0,0,0,MP,3
qwen_instruct,h1_dinc,79,random,BaDl,0,0.006100000000000001,0.006100000000000001,0.006100000000000001,0,0,0,OD1,3
qwen_instruct,h1_dinc,79,random,BaDl,1,0.0063999999999999994,0.0063999999999999994,0.0063999999999999994,0,0,0,OD1,3
qwen_instruct,h1_dinc,79,random,BaDl,2,0.06279999999999997,0.06279999999999997,0.06279999999999997,1,1,1,OD1,3
qwen_instruct,h1_dinc,79,random,BaDl,3,0.02729999999999999,0.02729999999999988,0.02729999999999988,0,0,0,OD1,3
qwen_instruct,h1_dinc,79,random,BaHa,0,0.015600000000000003,0.015600000000000003,0.015599999999999947,0,0,0,OD2,2
qwen_instruct,h1_dinc,79,random,BaHa,1,0.008900000000000005,0.008900000000000005,0.008900000000000019,0,0,0,OD2,2
qwen_instruct,h1_dinc,79,random,BaHa,2,0.027599999999999958,0.027599999999999958,0.027599999999999958,0,0,0,OD2,2
qwen_instruct,h1_dinc,79,random,BaHa,3,0.043399999999999994,0.043399999999999994,0.043399999999999994,0,0,0,OD2,2
qwen_instruct,h1_dinc,79,random,BaHr,0,0.0034000000000000002,0.0034000000000000002,0.0034000000000000002,0,0,0,CO1,5
qwen_instruct,h1_dinc,79,random,BaHr,1,0.007000000000000003,0.007000000000000003,0.007000000000000003,0,0,0,CO1,5
qwen_instruct,h1_dinc,79,random,BaHr,2,0.015799999999999925,0.015799999999999925,0.015799999999999925,0,0,0,CO1,5
qwen_instruct,h1_dinc,79,random,BaHr,3,0.03070000000000006,0.03070000000000006,0.03070000000000006,0,0,0,CO1,5
qwen_instruct,h1_dinc,79,random,BaNc,0,0.03410000000000002,0.03410000000000002,0.03410000000000002,0,0,0,OD2,4
qwen_instruct,h1_dinc,79,random,BaNc,1,0.007300000000000001,0.007300000000000001,0.007299999999999973,0,0,0,OD2,4
qwen_instruct,h1_dinc,79,random,BaNc,2,0.024900000000000005,0.024900000000000033,0.024900000000000033,0,0,0,OD2,4
qwen_instruct,h1_dinc,79,random,BaNc,3,0.019799999999999998,0.01980000000000004,0.01980000000000004,0,0,0,OD2,4
qwen_instruct,h1_dinc,79,random,BaPc,0,0.0126,0.0126,0.012600000000000056,0,0,0,OD2,6
qwen_instruct,h1_dinc,79,random,BaPc,1,0.0030999999999999986,0.0030999999999999986,0.0030999999999999917,0,0,0,OD2,6
qwen_instruct,h1_dinc,79,random,BaPc,2,0.024399999999999977,0.024399999999999977,0.024399999999999977,0,0,0,OD2,6
qwen_instruct,h1_dinc,79,random,BaPc,3,0.05409999999999998,0.05410000000000004,0.05410000000000004,0,0,0,OD2,6
qwen_instruct,h1_dinc,79,random,BaPd,0,0.0237,0.0237,0.0237,0,0,0,OD1,5
qwen_instruct,h1_dinc,79,random,BaPd,1,0.0092,0.0092,0.0092,0,0,0,OD1,5
qwen_instruct,h1_dinc,79,random,BaPd,2,0.040100000000000025,0.040100000000000025,0.040100000000000025,0,0,0,OD1,5
qwen_instruct,h1_dinc,79,random,BaPd,3,0.032200000000000006,0.032200000000000006,0.032200000000000006,0,0,0,OD1,5
qwen_instruct,h1_dinc,79,random,BaSh,0,0.016100000000000003,0.016100000000000003,0.016100000000000003,0,0,0,MP,5
qwen_instruct,h1_dinc,79,random,BaSh,1,0.015799999999999995,0.015799999999999995,0.015799999999999995,0,0,0,MP,5
qwen_instruct,h1_dinc,79,random,BaSh,2,0.02410000000000001,0.02410000000000001,0.02410000000000001,0,0,0,MP,5
qwen_instruct,h1_dinc,79,random,BaSh,3,0.008100000000000003,0.008099999999999996,0.008099999999999996,0,0,0,MP,5
qwen_instruct,h1_dinc,79,random,ChAs,0,0.015699999999999992,0.015699999999999992,0.015699999999999992,0,0,0,MP,7
qwen_instruct,h1_dinc,79,random,ChAs,1,0.009000000000000001,0.009000000000000001,0.009000000000000001,0,0,0,MP,7
qwen_instruct,h1_dinc,79,random,ChAs,2,0.034399999999999986,0.034399999999999986,0.034399999999999986,0,0,0,MP,7
qwen_instruct,h1_dinc,79,random,ChAs,3,0.025999999999999968,0.026000000000000023,0.026000000000000023,0,0,0,MP,7
qwen_instruct,h1_dinc,79,random,ChBa,0,0.005000000000000001,0.005000000000000001,0.005000000000000001,0,0,0,CO2,5
qwen_instruct,h1_dinc,79,random,ChBa,1,0.0018999999999999998,0.0018999999999999998,0.0018999999999999998,0,0,0,CO2,5
qwen_instruct,h1_dinc,79,random,ChBa,2,0.012499999999999956,0.012499999999999956,0.012499999999999956,0,0,0,CO2,5
qwen_instruct,h1_dinc,79,random,ChBa,3,0.03210000000000002,0.03210000000000002,0.03210000000000002,0,0,0,CO2,5
qwen_instruct,h1_dinc,79,random,ChCh,0,0.005600000000000001,0.005600000000000001,0.005600000000000001,0,0,0,CO2,6
qwen_instruct,h1_dinc,79,random,ChCh,1,0.003999999999999998,0.003999999999999998,0.003999999999999998,0,0,0,CO2,6
qwen_instruct,h1_dinc,79,random,ChCh,2,0.023400000000000004,0.023400000000000087,0.023400000000000087,0,0,0,CO2,6
qwen_instruct,h1_dinc,79,random,ChCh,3,0.024000000000000007,0.02400000000000002,0.02400000000000002,0,0,0,CO2,6
qwen_instruct,h1_dinc,79,random,ChCm,0,0.014300000000000007,0.014300000000000007,0.014300000000000007,0,0,0,OD1,7
qwen_instruct,h1_dinc,79,random,ChCm,1,0.0028000000000000004,0.0028000000000000004,0.0028000000000000004,0,0,0,OD1,7
qwen_instruct,h1_dinc,79,random,ChCm,2,0.037699999999999956,0.037699999999999956,0.037699999999999956,0,0,0,OD1,7
qwen_instruct,h1_dinc,79,random,ChCm,3,0.06289999999999996,0.06289999999999996,0.06289999999999996,1,1,1,OD1,7
qwen_instruct,h1_dinc,79,random,ChCo,0,0.01780000000000001,0.01780000000000001,0.01780000000000001,0,0,0,MP,9
qwen_instruct,h1_dinc,79,random,ChCo,1,0.002700000000000001,0.002700000000000001,0.002700000000000001,0,0,0,MP,9
qwen_instruct,h1_dinc,79,random,ChCo,2,0.019600000000000062,0.019600000000000062,0.019600000000000062,0,0,0,MP,9
qwen_instruct,h1_dinc,79,random,ChCo,3,0.06169999999999998,0.06170000000000009,0.06170000000000009,0,0,0,MP,9
qwen_instruct,h1_dinc,79,random,ChDl,0,0.002700000000000001,0.002700000000000001,0.002700000000000001,0,0,0,OD1,9
qwen_instruct,h1_dinc,79,random,ChDl,1,0.0017000000000000001,0.0017000000000000001,0.0017000000000000001,0,0,0,OD1,9
qwen_instruct,h1_dinc,79,random,ChDl,2,0.01739999999999997,0.01739999999999997,0.01739999999999997,0,0,0,OD1,9
qwen_instruct,h1_dinc,79,random,ChDl,3,0.031399999999999983,0.031399999999999983,0.031399999999999983,1,1,1,OD1,9
qwen_instruct,h1_dinc,79,random,ChHa,0,0.026499999999999996,0.026499999999999996,0.026499999999999968,0,0,0,OD2,8
qwen_instruct,h1_dinc,79,random,ChHa,1,0.01780000000000001,0.01780000000000001,0.017800000000000038,0,0,0,OD2,8
qwen_instruct,h1_dinc,79,random,ChHa,2,0.008299999999999974,0.008299999999999974,0.008299999999999974,0,0,0,OD2,8
qwen_instruct,h1_dinc,79,random,ChHa,3,0.05590000000000006,0.05590000000000006,0.05590000000000006,0,0,0,OD2,8
qwen_instruct,h1_dinc,79,random,ChHr,0,0.0020999999999999977,0.0020999999999999977,0.0020999999999999977,0,0,0,CO1,6
qwen_instruct,h1_dinc,79,random,ChHr,1,0.0021000000000000003,0.0021000000000000003,0.0021000000000000003,0,0,0,CO1,6
qwen_instruct,h1_dinc,79,random,ChHr,2,0.011800000000000033,0.011800000000000033,0.011800000000000033,0,0,0,CO1,6
qwen_instruct,h1_dinc,79,random,ChHr,3,0.05900000000000005,0.05900000000000005,0.05900000000000005,0,0,0,CO1,6
qwen_instruct,h1_dinc,79,random,CmAs,0,0.0051,0.0051,0.005099999999999993,0,0,0,OD1,8
qwen_instruct,h1_dinc,79,random,CmAs,1,0.0010999999999999994,0.0010999999999999994,0.0010999999999999899,0,0,0,OD1,8
qwen_instruct,h1_dinc,79,random,CmAs,2,0.005099999999999993,0.005099999999999993,0.005099999999999993,0,0,0,OD1,8
qwen_instruct,h1_dinc,79,random,CmAs,3,0.01639999999999997,0.01639999999999997,0.01639999999999997,0,0,0,OD1,8
qwen_instruct,h1_dinc,79,random,CmCm,0,0.00030000000000000014,0.00030000000000000014,0.00029999999999996696,0,0,0,DD,2
qwen_instruct,h1_dinc,79,random,CmCm,1,0.0,0.0,0.0,0,0,0,DD,2
qwen_instruct,h1_dinc,79,random,CmCm,2,0.0010000000000000009,0.0010000000000000009,0.0010000000000000009,0,0,0,DD,2
qwen_instruct,h1_dinc,79,random,CmCm,3,0.00759999999999994,0.00759999999999994,0.00759999999999994,0,0,0,DD,2
qwen_instruct,h1_dinc,79,random,CmDl,0,0.0009000000000000002,0.0009000000000000002,0.0009000000000000119,0,0,0,DD,4
qwen_instruct,h1_dinc,79,random,CmDl,1,0.00010000000000000005,0.00010000000000000005,9.999999999998899e-05,0,0,0,DD,4
qwen_instruct,h1_dinc,79,random,CmDl,2,0.0008000000000000229,0.0008000000000000229,0.0008000000000000229,0,0,0,DD,4
qwen_instruct,h1_dinc,79,random,CmDl,3,0.010600000000000054,0.010600000000000054,0.010600000000000054,0,0,0,DD,4
qwen_instruct,h1_dinc,79,random,CmHa,0,0.0021000000000000003,0.0021000000000000003,0.0020999999999999908,0,0,0,DD,6
qwen_instruct,h1_dinc,79,random,CmHa,1,0.00039999999999999996,0.00039999999999999996,0.00040000000000006697,0,0,0,DD,6
qwen_instruct,h1_dinc,79,random,CmHa,2,0.0020999999999999908,0.0020999999999999908,0.0020999999999999908,0,0,0,DD,6
qwen_instruct,h1_dinc,79,random,CmHa,3,0.008399999999999963,0.008399999999999963,0.008399999999999963,0,0,0,DD,6
qwen_instruct,h1_dinc,79,random,CmNc,0,0.0015000000000000005,0.0015000000000000005,0.0015000000000000568,0,0,0,DD,8
qwen_instruct,h1_dinc,79,random,CmNc,1,0.00030000000000000014,0.00030000000000000014,0.00029999999999996696,0,0,0,DD,8
qwen_instruct,h1_dinc,79,random,CmNc,2,0.00039999999999995595,0.00039999999999995595,0.00039999999999995595,0,0,0,DD,8
qwen_instruct,h1_dinc,79,random,CmNc,3,0.011499999999999955,0.011499999999999955,0.011499999999999955,0,0,0,DD,8
qwen_instruct,h1_dinc,79,random,CoAs,0,0.05820000000000003,0.05820000000000003,0.05820000000000003,0,0,0,CO2,7
qwen_instruct,h1_dinc,79,random,CoAs,1,0.03149999999999997,0.03149999999999997,0.03149999999999997,1,1,1,CO2,7
qwen_instruct,h1_dinc,79,random,CoAs,2,0.010100000000000005,0.010099999999999998,0.010099999999999998,0,0,0,CO2,7
qwen_instruct,h1_dinc,79,random,CoAs,3,0.0008999999999999998,0.0009000000000000119,0.0009000000000000119,0,0,0,CO2,7
qwen_instruct,h1_dinc,79,random,CoCo,0,0.03700000000000003,0.03700000000000003,0.03700000000000003,0,0,0,CO1,7
qwen_instruct,h1_dinc,79,random,CoCo,1,0.064,0.064,0.064,1,1,1,CO1,7
qwen_instruct,h1_dinc,79,random,CoCo,2,0.004900000000000002,0.0049000000000000155,0.0049000000000000155,0,0,0,CO1,7
qwen_instruct,h1_dinc,79,random,CoCo,3,0.0018999999999999998,0.0019000000000000128,0.0019000000000000128,0,0,0,CO1,7
qwen_instruct,h1_dinc,79,random,CoSh,0,0.01860000000000006,0.01860000000000006,0.01860000000000006,0,0,0,CO2,8
qwen_instruct,h1_dinc,79,random,CoSh,1,0.06250000000000006,0.06250000000000006,0.06250000000000006,1,1,1,CO2,8
qwen_instruct,h1_dinc,79,random,CoSh,2,0.0045000000000000005,0.0044999999999999485,0.0044999999999999485,0,0,0,CO2,8
qwen_instruct,h1_dinc,79,random,CoSh,3,0.0007000000000000001,0.0007000000000000339,0.0007000000000000339,0,0,0,CO2,8
qwen_instruct,h1_dinc,79,random,HaAs,0,0.0027000000000000357,0.0027000000000000357,0.0027000000000000357,0,0,0,OD2,7
qwen_instruct,h1_dinc,79,random,HaAs,1,0.019300000000000095,0.019300000000000095,0.019300000000000095,0,0,0,OD2,7
qwen_instruct,h1_dinc,79,random,HaAs,2,0.0010999999999999998,0.001100000000000101,0.001100000000000101,0,0,0,OD2,7
qwen_instruct,h1_dinc,79,random,HaAs,3,0.00019999999999999993,0.000200000000000089,0.000200000000000089,0,0,0,OD2,7
qwen_instruct,h1_dinc,79,random,HaBa,0,0.0013999999999999568,0.0013999999999999568,0.0013999999999999568,0,0,0,OD2,9
qwen_instruct,h1_dinc,79,random,HaBa,1,0.015999999999999903,0.015999999999999903,0.015999999999999903,0,0,0,OD2,9
qwen_instruct,h1_dinc,79,random,HaBa,2,0.008599999999999997,0.008600000000000052,0.008600000000000052,0,0,0,OD2,9
qwen_instruct,h1_dinc,79,random,HaBa,3,0.0021000000000000003,0.0020999999999999908,0.0020999999999999908,0,0,0,OD2,9
qwen_instruct,h1_dinc,79,random,HaCm,0,0.007099999999999995,0.007099999999999995,0.007099999999999995,0,0,0,DD,1
qwen_instruct,h1_dinc,79,random,HaCm,1,0.021399999999999975,0.021399999999999975,0.021399999999999975,0,0,0,DD,1
qwen_instruct,h1_dinc,79,random,HaCm,2,0.0213,0.021300000000000097,0.021300000000000097,0,0,0,DD,1
qwen_instruct,h1_dinc,79,random,HaCm,3,0.009000000000000001,0.009000000000000008,0.009000000000000008,0,0,0,DD,1
qwen_instruct,h1_dinc,79,random,HaDl,0,0.0035000000000000586,0.0035000000000000586,0.0035000000000000586,0,0,0,DD,3
qwen_instruct,h1_dinc,79,random,HaDl,1,0.017800000000000038,0.017800000000000038,0.017800000000000038,0,0,0,DD,3
qwen_instruct,h1_dinc,79,random,HaDl,2,0.0020999999999999977,0.0020999999999999908,0.0020999999999999908,0,0,0,DD,3
qwen_instruct,h1_dinc,79,random,HaDl,3,0.0005000000000000002,0.0004999999999999449,0.0004999999999999449,0,0,0,DD,3
qwen_instruct,h1_dinc,79,random,HaHa,0,0.0012999999999999678,0.0012999999999999678,0.0012999999999999678,0,0,0,DD,5
qwen_instruct,h1_dinc,79,random,HaHa,1,0.019600000000000062,0.019600000000000062,0.019600000000000062,0,0,0,DD,5
qwen_instruct,h1_dinc,79,random,HaHa,2,0.0008000000000000004,0.0008000000000000229,0.0008000000000000229,0,0,0,DD,5
qwen_instruct,h1_dinc,79,random,HaHa,3,0.00010000000000000005,9.999999999998899e-05,9.999999999998899e-05,0,0,0,DD,5
qwen_instruct,h1_dinc,79,random,HaNc,0,0.0008000000000000229,0.0008000000000000229,0.0008000000000000229,0,0,0,DD,7
qwen_instruct,h1_dinc,79,random,HaNc,1,0.0043999999999999595,0.0043999999999999595,0.0043999999999999595,0,0,0,DD,7
qwen_instruct,h1_dinc,79,random,HaNc,2,0.004000000000000002,0.0040000000000000036,0.0040000000000000036,0,0,0,DD,7
qwen_instruct,h1_dinc,79,random,HaNc,3,0.00039999999999999996,0.00040000000000006697,0.00040000000000006697,0,0,0,DD,7
qwen_instruct,h1_dinc,79,random,HaPc,0,0.0035000000000000586,0.0035000000000000586,0.0035000000000000586,0,0,0,DD,9
qwen_instruct,h1_dinc,79,random,HaPc,1,0.03169999999999995,0.03169999999999995,0.03169999999999995,0,0,0,DD,9
qwen_instruct,h1_dinc,79,random,HaPc,2,0.0026999999999999993,0.0026999999999999247,0.0026999999999999247,0,0,0,DD,9
qwen_instruct,h1_dinc,79,random,HaPc,3,0.00019999999999999987,0.000200000000000089,0.000200000000000089,0,0,0,DD,9
qwen_instruct,h1_dinc,79,random,HrAs,0,0.0087,0.0087,0.008700000000000041,0,0,0,MP,8
qwen_instruct,h1_dinc,79,random,HrAs,1,0.0017000000000000001,0.0017000000000000001,0.0017000000000000348,0,0,0,MP,8
qwen_instruct,h1_dinc,79,random,HrAs,2,0.01419999999999999,0.01419999999999999,0.01419999999999999,0,0,0,MP,8
qwen_instruct,h1_dinc,79,random,HrAs,3,0.03189999999999993,0.03189999999999993,0.03189999999999993,0,0,0,MP,8
qwen_instruct,h1_dinc,79,random,HrBa,0,0.002999999999999999,0.002999999999999999,0.0030000000000000027,0,0,0,CO1,2
qwen_instruct,h1_dinc,79,random,HrBa,1,0.0023999999999999994,0.0023999999999999994,0.0023999999999999577,0,0,0,CO1,2
qwen_instruct,h1_dinc,79,random,HrBa,2,0.008000000000000007,0.008000000000000007,0.008000000000000007,0,0,0,CO1,2
qwen_instruct,h1_dinc,79,random,HrBa,3,0.040999999999999925,0.040999999999999925,0.040999999999999925,0,0,0,CO1,2
qwen_instruct,h1_dinc,79,random,HrCh,0,0.0023999999999999994,0.0023999999999999994,0.0023999999999999577,0,0,0,CO1,4
qwen_instruct,h1_dinc,79,random,HrCh,1,0.00039999999999999975,0.00039999999999999975,0.00040000000000006697,0,0,0,CO1,4
qwen_instruct,h1_dinc,79,random,HrCh,2,0.0042999999999999705,0.0042999999999999705,0.0042999999999999705,0,0,0,CO1,4
qwen_instruct,h1_dinc,79,random,HrCh,3,0.03479999999999994,0.03479999999999994,0.03479999999999994,0,0,0,CO1,4
qwen_instruct,h1_dinc,79,random,HrHr,0,0.011500000000000003,0.011500000000000003,0.011499999999999955,0,0,0,CO2,2
qwen_instruct,h1_dinc,79,random,HrHr,1,0.0036000000000000008,0.0036000000000000008,0.0036000000000000476,0,0,0,CO2,2
qwen_instruct,h1_dinc,79,random,HrHr,2,0.011199999999999988,0.011199999999999988,0.011199999999999988,0,0,0,CO2,2
qwen_instruct,h1_dinc,79,random,HrHr,3,0.0232,0.0232,0.0232,0,0,0,CO2,2
qwen_instruct,h1_dinc,79,random,ShAs,0,0.029599999999999987,0.029599999999999987,0.029599999999999987,0,0,0,CO1,8
qwen_instruct,h1_dinc,79,random,ShAs,1,0.010000000000000002,0.010000000000000002,0.010000000000000002,0,0,0,CO1,8
qwen_instruct,h1_dinc,79,random,ShAs,2,0.03950000000000001,0.03949999999999998,0.03949999999999998,0,0,0,CO1,8
qwen_instruct,h1_dinc,79,random,ShAs,3,0.010099999999999998,0.010099999999999998,0.010099999999999998,0,0,0,CO1,8
qwen_instruct,h1_dinc,79,random,ShCo,0,0.05489999999999995,0.05489999999999995,0.05489999999999995,0,0,0,CO2,9
qwen_instruct,h1_dinc,79,random,ShCo,1,0.023999999999999994,0.023999999999999994,0.023999999999999994,0,0,0,CO2,9
qwen_instruct,h1_dinc,79,random,ShCo,2,0.014200000000000004,0.01419999999999999,0.01419999999999999,0,0,0,CO2,9
qwen_instruct,h1_dinc,79,random,ShCo,3,0.0035000000000000014,0.0035000000000000586,0.0035000000000000586,0,0,0,CO2,9
qwen_instruct,h1_dinc,79,random,ShSh,0,0.037500000000000006,0.037500000000000006,0.037500000000000006,0,0,0,CO1,9
qwen_instruct,h1_dinc,79,random,ShSh,1,0.008800000000000002,0.008800000000000002,0.008800000000000002,0,0,0,CO1,9
qwen_instruct,h1_dinc,79,random,ShSh,2,0.01680000000000001,0.016800000000000037,0.016800000000000037,0,0,0,CO1,9
qwen_instruct,h1_dinc,79,random,ShSh,3,0.003799999999999998,0.0038000000000000256,0.0038000000000000256,0,0,0,CO1,9
qwen_instruct,h2_choice,65,main,AsAs,0,0.4371,0.4371,0.4371,0,0,0,CO1,1
qwen_instruct,h2_choice,65,main,AsAs,1,0.43820000000000003,0.43820000000000003,0.43820000000000003,0,0,0,CO1,1
qwen_instruct,h2_choice,65,main,AsAs,2,0.5297,0.5297,0.5297,1,1,1,CO1,1
qwen_instruct,h2_choice,65,main,AsAs,3,0.4078,0.40779999999999994,0.40779999999999994,0,0,0,CO1,1
qwen_instruct,h2_choice,65,main,AsBa,0,0.5791999999999999,0.5791999999999999,0.5791999999999999,1,1,1,MP,2
qwen_instruct,h2_choice,65,main,AsBa,1,0.4691,0.4691,0.4691000000000001,0,0,0,MP,2
qwen_instruct,h2_choice,65,main,AsBa,2,0.5526,0.5526,0.5526,1,1,1,MP,2
qwen_instruct,h2_choice,65,main,AsBa,3,0.3485,0.34850000000000003,0.34850000000000003,0,0,0,MP,2
qwen_instruct,h2_choice,65,main,AsCh,0,0.461,0.461,0.46099999999999997,0,0,0,MP,4
qwen_instruct,h2_choice,65,main,AsCh,1,0.32080000000000003,0.32080000000000003,0.3208,0,0,0,MP,4
qwen_instruct,h2_choice,65,main,AsCh,2,0.5824,0.5824,0.5824,0,0,0,MP,4
qwen_instruct,h2_choice,65,main,AsCh,3,0.4068,0.40679999999999994,0.40679999999999994,0,0,0,MP,4
qwen_instruct,h2_choice,65,main,AsCm,0,0.4072,0.4072,0.4072,0,0,0,OD1,2
qwen_instruct,h2_choice,65,main,AsCm,1,0.377,0.377,0.377,0,0,0,OD1,2
qwen_instruct,h2_choice,65,main,AsCm,2,0.5664,0.5663999999999999,0.5663999999999999,1,1,1,OD1,2
qwen_instruct,h2_choice,65,main,AsCm,3,0.5549999999999999,0.5549999999999999,0.5549999999999999,1,1,1,OD1,2
qwen_instruct,h2_choice,65,main,AsCo,0,0.5204,0.5204,0.5204,1,1,1,CO2,1
qwen_instruct,h2_choice,65,main,AsCo,1,0.40590000000000004,0.40590000000000004,0.40590000000000004,0,0,0,CO2,1
qwen_instruct,h2_choice,65,main,AsCo,2,0.5184000000000001,0.5184000000000001,0.5184000000000001,1,1,1,CO2,1
qwen_instruct,h2_choice,65,main,AsCo,3,0.43689999999999996,0.43690000000000007,0.43690000000000007,0,0,0,CO2,1
qwen_instruct,h2_choice,65,main,AsDl,0,0.40709999999999996,0.40709999999999996,0.4071,0,0,0,OD1,4
qwen_instruct,h2_choice,65,main,AsDl,1,0.3778,0.3778,0.3778,0,0,0,OD1,4
qwen_instruct,h2_choice,65,main,AsDl,2,0.638,0.638,0.638,1,1,1,OD1,4
qwen_instruct,h2_choice,65,main,AsDl,3,0.499,0.499,0.499,0,0,0,OD1,4
qwen_instruct,h2_choice,65,main,AsHa,0,0.5512,0.5512,0.5512,1,1,1,OD2,1
qwen_instruct,h2_choice,65,main,AsHa,1,0.43770000000000003,0.43770000000000003,0.43770000000000003,0,0,0,OD2,1
qwen_instruct,h2_choice,65,main,AsHa,2,0.3493,0.34929999999999994,0.34929999999999994,0,0,0,OD2,1
qwen_instruct,h2_choice,65,main,AsHa,3,0.3493,0.34929999999999994,0.34929999999999994,0,0,0,OD2,1
qwen_instruct,h2_choice,65,main,AsHr,0,0.525,0.525,0.525,1,1,1,MP,6
qwen_instruct,h2_choice,65,main,AsHr,1,0.4385,0.4385,0.4385,0,0,0,MP,6
qwen_instruct,h2_choice,65,main,AsHr,2,0.6974,0.6974,0.6974,1,1,1,MP,6
qwen_instruct,h2_choice,65,main,AsHr,3,0.4678,0.4678,0.4678,0,0,0,MP,6
qwen_instruct,h2_choice,65,main,AsNc,0,0.4343,0.4343,0.4343,0,0,0,OD2,3
qwen_instruct,h2_choice,65,main,AsNc,1,0.3199,0.3199,0.3199,0,0,0,OD2,3
qwen_instruct,h2_choice,65,main,AsNc,2,0.4076,0.40759999999999996,0.40759999999999996,0,0,0,OD2,3
qwen_instruct,h2_choice,65,main,AsNc,3,0.34750000000000003,0.34750000000000003,0.34750000000000003,0,0,0,OD2,3
qwen_instruct,h2_choice,65,main,AsPc,0,0.6182,0.6182,0.6182,1,1,1,OD2,5
qwen_instruct,h2_choice,65,main,AsPc,1,0.5585,0.5585,0.5585,1,1,1,OD2,5
qwen_instruct,h2_choice,65,main,AsPc,2,0.4386,0.4386000000000001,0.4386000000000001,0,0,0,OD2,5
qwen_instruct,h2_choice,65,main,AsPc,3,0.3478,0.3478,0.3478,0,0,0,OD2,5
qwen_instruct,h2_choice,65,main,AsPd,0,0.48839999999999995,0.48839999999999995,0.48839999999999995,1,1,1,OD1,6
qwen_instruct,h2_choice,65,main,AsPd,1,0.4985,0.4985,0.49850000000000005,0,0,0,OD1,6
qwen_instruct,h2_choice,65,main,AsPd,2,0.6464,0.6464,0.6464,1,1,1,OD1,6
qwen_instruct,h2_choice,65,main,AsPd,3,0.43720000000000003,0.43720000000000003,0.43720000000000003,0,0,0,OD1,6
qwen_instruct,h2_choice,65,main,AsSh,0,0.5581,0.5581,0.5581,1,1,1,CO1,3
qwen_instruct,h2_choice,65,main,AsSh,1,0.4673,0.4673,0.4673,0,0,0,CO1,3
qwen_instruct,h2_choice,65,main,AsSh,2,0.5909,0.5909,0.5909,1,1,1,CO1,3
qwen_instruct,h2_choice,65,main,AsSh,3,0.4687,0.4687,0.4687,0,0,0,CO1,3
qwen_instruct,h2_choice,65,main,BaAs,0,0.3469,0.3469,0.3469,0,0,0,MP,1
qwen_instruct,h2_choice,65,main,BaAs,1,0.2947,0.2947,0.2947,0,0,0,MP,1
qwen_instruct,h2_choice,65,main,BaAs,2,0.6581,0.6581,0.6581,1,1,1,MP,1
qwen_instruct,h2_choice,65,main,BaAs,3,0.4682,0.46820000000000006,0.46820000000000006,0,0,0,MP,1
qwen_instruct,h2_choice,65,main,BaBa,0,0.32180000000000003,0.32180000000000003,0.32180000000000003,0,0,0,CO2,3
qwen_instruct,h2_choice,65,main,BaBa,1,0.32130000000000003,0.32130000000000003,0.32130000000000003,0,0,0,CO2,3
qwen_instruct,h2_choice,65,main,BaBa,2,0.46649999999999997,0.4665,0.4665,1,1,1,CO2,3
qwen_instruct,h2_choice,65,main,BaBa,3,0.69,0.69,0.69,1,1,1,CO2,3
qwen_instruct,h2_choice,65,main,BaCh,0,0.37629999999999997,0.37629999999999997,0.37629999999999997,0,0,0,CO2,4
qwen_instruct,h2_choice,65,main,BaCh,1,0.3769,0.3769,0.3769,0,0,0,CO2,4
qwen_instruct,h2_choice,65,main,BaCh,2,0.7502,0.7502,0.7502,1,1,1,CO2,4
qwen_instruct,h2_choice,65,main,BaCh,3,0.6106,0.6106,0.6106,1,1,1,CO2,4
qwen_instruct,h2_choice,65,main,BaCm,0,0.294,0.294,0.294,0,0,0,OD1,1
qwen_instruct,h2_choice,65,main,BaCm,1,0.2446,0.2446,0.2446,0,0,0,OD1,1
qwen_instruct,h2_choice,65,main,BaCm,2,0.2812,0.2812,0.2812,0,0,0,OD1,1
qwen_instruct,h2_choice,65,main,BaCm,3,0.5422,0.5421999999999999,0.5421999999999999,1,1,1,OD1,1
qwen_instruct,h2_choice,65,main,BaCo,0,0.2945,0.2945,0.2945,0,0,0,MP,3
qwen_instruct,h2_choice,65,main,BaCo,1,0.2231,0.2231,0.2231,0,0,0,MP,3
qwen_instruct,h2_choice,65,main,BaCo,2,0.567,0.5670000000000001,0.5670000000000001,1,1,1,MP,3
qwen_instruct,h2_choice,65,main,BaCo,3,0.4975,0.49750000000000005,0.49750000000000005,0,0,0,MP,3
qwen_instruct,h2_choice,65,main,BaDl,0,0.3211,0.3211,0.3211,0,0,0,OD1,3
qwen_instruct,h2_choice,65,main,BaDl,1,0.2693,0.2693,0.2693,0,0,0,OD1,3
qwen_instruct,h2_choice,65,main,BaDl,2,0.7217,0.7217,0.7217,1,1,1,OD1,3
qwen_instruct,h2_choice,65,main,BaDl,3,0.6183,0.6183,0.6183,1,1,1,OD1,3
qwen_instruct,h2_choice,65,main,BaHa,0,0.3777,0.3777,0.37770000000000004,0,0,0,OD2,2
qwen_instruct,h2_choice,65,main,BaHa,1,0.29510000000000003,0.29510000000000003,0.29510000000000003,0,0,0,OD2,2
qwen_instruct,h2_choice,65,main,BaHa,2,0.6837,0.6837,0.6837,1,1,1,OD2,2
qwen_instruct,h2_choice,65,main,BaHa,3,0.4968,0.4968,0.4968,0,0,0,OD2,2
qwen_instruct,h2_choice,65,main,BaHr,0,0.24530000000000002,0.24530000000000002,0.24530000000000002,0,0,0,CO1,5
qwen_instruct,h2_choice,65,main,BaHr,1,0.294,0.294,0.294,0,0,0,CO1,5
qwen_instruct,h2_choice,65,main,BaHr,2,0.16990000000000005,0.16990000000000005,0.16990000000000005,0,0,0,CO1,5
qwen_instruct,h2_choice,65,main,BaHr,3,0.6117999999999999,0.6118,0.6118,1,1,1,CO1,5
qwen_instruct,h2_choice,65,main,BaNc,0,0.4031,0.4031,0.4031,0,0,0,OD2,4
qwen_instruct,h2_choice,65,main,BaNc,1,0.2449,0.2449,0.2449,0,0,0,OD2,4
qwen_instruct,h2_choice,65,main,BaNc,2,0.4633,0.46330000000000005,0.46330000000000005,0,0,0,OD2,4
qwen_instruct,h2_choice,65,main,BaNc,3,0.4077,0.40770000000000006,0.40770000000000006,0,0,0,OD2,4
qwen_instruct,h2_choice,65,main,BaPc,0,0.32020000000000004,0.32020000000000004,0.32020000000000004,0,0,0,OD2,6
qwen_instruct,h2_choice,65,main,BaPc,1,0.2693,0.2693,0.2693,0,0,0,OD2,6
qwen_instruct,h2_choice,65,main,BaPc,2,0.7024,0.7024,0.7024,1,1,1,OD2,6
qwen_instruct,h2_choice,65,main,BaPc,3,0.6174999999999999,0.6174999999999999,0.6174999999999999,1,1,1,OD2,6
qwen_instruct,h2_choice,65,main,BaPd,0,0.3768,0.3768,0.3768,0,0,0,OD1,5
qwen_instruct,h2_choice,65,main,BaPd,1,0.294,0.294,0.294,0,0,0,OD1,5
qwen_instruct,h2_choice,65,main,BaPd,2,0.4903,0.49029999999999996,0.49029999999999996,1,1,1,OD1,5
qwen_instruct,h2_choice,65,main,BaPd,3,0.6536,0.6536,0.6536,1,1,1,OD1,5
qwen_instruct,h2_choice,65,main,BaSh,0,0.3199,0.3199,0.3199,0,0,0,MP,5
qwen_instruct,h2_choice,65,main,BaSh,1,0.3478,0.3478,0.3478,0,0,0,MP,5
qwen_instruct,h2_choice,65,main,BaSh,2,0.4924,0.49239999999999995,0.49239999999999995,0,0,0,MP,5
qwen_instruct,h2_choice,65,main,BaSh,3,0.2947,0.29469999999999996,0.29469999999999996,0,0,0,MP,5
qwen_instruct,h2_choice,65,main,ChAs,0,0.37460000000000004,0.37460000000000004,0.37460000000000004,0,0,0,MP,7
qwen_instruct,h2_choice,65,main,ChAs,1,0.2945,0.2945,0.2945,0,0,0,MP,7
qwen_instruct,h2_choice,65,main,ChAs,2,0.27459999999999996,0.27459999999999996,0.27459999999999996,0,0,0,MP,7
qwen_instruct,h2_choice,65,main,ChAs,3,0.5894,0.5894,0.5894,1,1,1,MP,7
qwen_instruct,h2_choice,65,main,ChBa,0,0.2025,0.2025,0.2025,0,0,0,CO2,5
qwen_instruct,h2_choice,65,main,ChBa,1,0.1649,0.1649,0.1649,0,0,0,CO2,5
qwen_instruct,h2_choice,65,main,ChBa,2,0.44010000000000005,0.44010000000000005,0.44010000000000005,1,1,1,CO2,5
qwen_instruct,h2_choice,65,main,ChBa,3,0.7444,0.7444,0.7444,1,1,1,CO2,5
qwen_instruct,h2_choice,65,main,ChCh,0,0.2686,0.2686,0.2686,0,0,0,CO2,6
qwen_instruct,h2_choice,65,main,ChCh,1,0.2447,0.2447,0.2447,0,0,0,CO2,6
qwen_instruct,h2_choice,65,main,ChCh,2,0.5609000000000001,0.5609000000000001,0.5609000000000001,0,0,0,CO2,6
qwen_instruct,h2_choice,65,main,ChCh,3,0.4383,0.4383,0.4383,0,0,0,CO2,6
qwen_instruct,h2_choice,65,main,ChCm,0,0.34719999999999995,0.34719999999999995,0.34719999999999995,0,0,0,OD1,7
qwen_instruct,h2_choice,65,main,ChCm,1,0.2221,0.2221,0.2221,0,0,0,OD1,7
qwen_instruct,h2_choice,65,main,ChCm,2,0.5615,0.5615,0.5615,1,1,1,OD1,7
qwen_instruct,h2_choice,65,main,ChCm,3,0.6639999999999999,0.6639999999999999,0.6639999999999999,1,1,1,OD1,7
qwen_instruct,h2_choice,65,main,ChCo,0,0.32039999999999996,0.32039999999999996,0.32039999999999996,0,0,0,MP,9
qwen_instruct,h2_choice,65,main,ChCo,1,0.3209,0.3209,0.3209,0,0,0,MP,9
qwen_instruct,h2_choice,65,main,ChCo,2,0.2962,0.2962,0.2962,0,0,0,MP,9
qwen_instruct,h2_choice,65,main,ChCo,3,0.6284,0.6284,0.6284,1,1,1,MP,9
qwen_instruct,h2_choice,65,main,ChDl,0,0.2024,0.2024,0.2024,0,0,0,OD1,9
qwen_instruct,h2_choice,65,main,ChDl,1,0.1644,0.1644,0.1644,0,0,0,OD1,9
qwen_instruct,h2_choice,65,main,ChDl,2,0.45539999999999997,0.4554,0.4554,1,1,1,OD1,9
qwen_instruct,h2_choice,65,main,ChDl,3,0.6031,0.6031,0.6031,1,1,1,OD1,9
qwen_instruct,h2_choice,65,main,ChHa,0,0.37510000000000004,0.37510000000000004,0.3751,0,0,0,OD2,8
qwen_instruct,h2_choice,65,main,ChHa,1,0.3201,0.3201,0.32009999999999994,0,0,0,OD2,8
qwen_instruct,h2_choice,65,main,ChHa,2,0.10119999999999996,0.10119999999999996,0.10119999999999996,0,0,0,OD2,8
qwen_instruct,h2_choice,65,main,ChHa,3,0.722,0.722,0.722,1,1,1,OD2,8
qwen_instruct,h2_choice,65,main,ChHr,0,0.1643,0.1643,0.1643,0,0,0,CO1,6
qwen_instruct,h2_choice,65,main,ChHr,1,0.1828,0.1828,0.1828,0,0,0,CO1,6
qwen_instruct,h2_choice,65,main,ChHr,2,0.2873,0.2873,0.2873,0,0,0,CO1,6
qwen_instruct,h2_choice,65,main,ChHr,3,0.6481,0.6481,0.6481,1,1,1,CO1,6
qwen_instruct,h2_choice,65,main,CmAs,0,0.2234,0.2234,0.22340000000000004,0,0,0,OD1,8
qwen_instruct,h2_choice,65,main,CmAs,1,0.1327,0.1327,0.13270000000000004,0,0,0,OD1,8
qwen_instruct,h2_choice,65,main,CmAs,2,0.027900000000000036,0.027900000000000036,0.027900000000000036,0,0,0,OD1,8
qwen_instruct,h2_choice,65,main,CmAs,3,0.3228000000000001,0.3228000000000001,0.3228000000000001,0,0,0,OD1,8
qwen_instruct,h2_choice,65,main,CmCm,0,0.0849,0.0849,0.08489999999999998,0,0,0,DD,2
qwen_instruct,h2_choice,65,main,CmCm,1,0.0331,0.0331,0.03310000000000002,0,0,0,DD,2
qwen_instruct,h2_choice,65,main,CmCm,2,0.011299999999999977,0.011299999999999977,0.011299999999999977,0,0,0,DD,2
qwen_instruct,h2_choice,65,main,CmCm,3,0.13119999999999998,0.13119999999999998,0.13119999999999998,0,0,0,DD,2
qwen_instruct,h2_choice,65,main,CmDl,0,0.1191,0.1191,0.11909999999999998,0,0,0,DD,4
qwen_instruct,h2_choice,65,main,CmDl,1,0.0757,0.0757,0.07569999999999999,0,0,0,DD,4
qwen_instruct,h2_choice,65,main,CmDl,2,0.012700000000000045,0.012700000000000045,0.012700000000000045,0,0,0,DD,4
qwen_instruct,h2_choice,65,main,CmDl,3,0.20730000000000004,0.20730000000000004,0.20730000000000004,0,0,0,DD,4
qwen_instruct,h2_choice,65,main,CmHa,0,0.1476,0.1476,0.14759999999999995,0,0,0,DD,6
qwen_instruct,h2_choice,65,main,CmHa,1,0.0676,0.0676,0.0676,0,0,0,DD,6
qwen_instruct,h2_choice,65,main,CmHa,2,0.007299999999999973,0.007299999999999973,0.007299999999999973,0,0,0,DD,6
qwen_instruct,h2_choice,65,main,CmHa,3,0.15969999999999995,0.15969999999999995,0.15969999999999995,0,0,0,DD,6
qwen_instruct,h2_choice,65,main,CmNc,0,0.1478,0.1478,0.14779999999999993,0,0,0,DD,8
qwen_instruct,h2_choice,65,main,CmNc,1,0.0848,0.0848,0.08479999999999999,0,0,0,DD,8
qwen_instruct,h2_choice,65,main,CmNc,2,0.005400000000000071,0.005400000000000071,0.005400000000000071,0,0,0,DD,8
qwen_instruct,h2_choice,65,main,CmNc,3,0.0806,0.0806,0.0806,0,0,0,DD,8
qwen_instruct,h2_choice,65,main,CoAs,0,0.5030000000000001,0.5030000000000001,0.5030000000000001,1,1,1,CO2,7
qwen_instruct,h2_choice,65,main,CoAs,1,0.6635,0.6635,0.6635,1,1,1,CO2,7
qwen_instruct,h2_choice,65,main,CoAs,2,0.2933,0.2933,0.2933,1,1,1,CO2,7
qwen_instruct,h2_choice,65,main,CoAs,3,0.1825,0.1825,0.1825,0,0,0,CO2,7
qwen_instruct,h2_choice,65,main,CoCo,0,0.6201,0.6201,0.6201,1,1,1,CO1,7
qwen_instruct,h2_choice,65,main,CoCo,1,0.6582,0.6582,0.6582,1,1,1,CO1,7
qwen_instruct,h2_choice,65,main,CoCo,2,0.2933,0.2933,0.2933,0,0,0,CO1,7
qwen_instruct,h2_choice,65,main,CoCo,3,0.2017,0.2017,0.2017,0,0,0,CO1,7
qwen_instruct,h2_choice,65,main,CoSh,0,0.5167,0.5167,0.5167,1,1,1,CO2,8
qwen_instruct,h2_choice,65,main,CoSh,1,0.6644,0.6644,0.6644,1,1,1,CO2,8
qwen_instruct,h2_choice,65,main,CoSh,2,0.2227,0.2227,0.2227,0,0,0,CO2,8
qwen_instruct,h2_choice,65,main,CoSh,3,0.1482,0.1482,0.1482,0,0,0,CO2,8
qwen_instruct,h2_choice,65,main,HaAs,0,0.06609999999999994,0.06609999999999994,0.06609999999999994,0,0,0,OD2,7
qwen_instruct,h2_choice,65,main,HaAs,1,0.3478,0.3478,0.3478,0,0,0,OD2,7
qwen_instruct,h2_choice,65,main,HaAs,2,0.1477,0.14769999999999994,0.14769999999999994,0,0,0,OD2,7
qwen_instruct,h2_choice,65,main,HaAs,3,0.0758,0.07579999999999998,0.07579999999999998,0,0,0,OD2,7
qwen_instruct,h2_choice,65,main,HaBa,0,0.018399999999999972,0.018399999999999972,0.018399999999999972,0,0,0,OD2,9
qwen_instruct,h2_choice,65,main,HaBa,1,0.1694,0.1694,0.1694,0,0,0,OD2,9
qwen_instruct,h2_choice,65,main,HaBa,2,0.3775,0.37749999999999995,0.37749999999999995,0,0,0,OD2,9
qwen_instruct,h2_choice,65,main,HaBa,3,0.1826,0.18259999999999998,0.18259999999999998,0,0,0,OD2,9
qwen_instruct,h2_choice,65,main,HaCm,0,0.12680000000000002,0.12680000000000002,0.12680000000000002,0,0,0,DD,1
qwen_instruct,h2_choice,65,main,HaCm,1,0.38070000000000004,0.38070000000000004,0.38070000000000004,1,1,1,DD,1
qwen_instruct,h2_choice,65,main,HaCm,2,0.3773,0.37729999999999997,0.37729999999999997,0,0,0,DD,1
qwen_instruct,h2_choice,65,main,HaCm,3,0.3205,0.3205,0.3205,0,0,0,DD,1
qwen_instruct,h2_choice,65,main,HaDl,0,0.037899999999999934,0.037899999999999934,0.037899999999999934,0,0,0,DD,3
qwen_instruct,h2_choice,65,main,HaDl,1,0.21189999999999998,0.21189999999999998,0.21189999999999998,0,0,0,DD,3
qwen_instruct,h2_choice,65,main,HaDl,2,0.2456,0.24560000000000004,0.24560000000000004,0,0,0,DD,3
qwen_instruct,h2_choice,65,main,HaDl,3,0.148,0.14800000000000002,0.14800000000000002,0,0,0,DD,3
qwen_instruct,h2_choice,65,main,HaHa,0,0.022399999999999975,0.022399999999999975,0.022399999999999975,0,0,0,DD,5
qwen_instruct,h2_choice,65,main,HaHa,1,0.32000000000000006,0.32000000000000006,0.32000000000000006,0,0,0,DD,5
qwen_instruct,h2_choice,65,main,HaHa,2,0.183,0.18300000000000005,0.18300000000000005,0,0,0,DD,5
qwen_instruct,h2_choice,65,main,HaHa,3,0.0852,0.08519999999999994,0.08519999999999994,0,0,0,DD,5
qwen_instruct,h2_choice,65,main,HaNc,0,0.008199999999999985,0.008199999999999985,0.008199999999999985,0,0,0,DD,7
qwen_instruct,h2_choice,65,main,HaNc,1,0.07099999999999995,0.07099999999999995,0.07099999999999995,0,0,0,DD,7
qwen_instruct,h2_choice,65,main,HaNc,2,0.2017,0.2017,0.2017,0,0,0,DD,7
qwen_instruct,h2_choice,65,main,HaNc,3,0.0952,0.09519999999999995,0.09519999999999995,0,0,0,DD,7
qwen_instruct,h2_choice,65,main,HaPc,0,0.038000000000000034,0.038000000000000034,0.038000000000000034,0,0,0,DD,9
qwen_instruct,h2_choice,65,main,HaPc,1,0.38359999999999994,0.38359999999999994,0.38359999999999994,0,0,0,DD,9
qwen_instruct,h2_choice,65,main,HaPc,2,0.2231,0.22309999999999997,0.22309999999999997,0,0,0,DD,9
qwen_instruct,h2_choice,65,main,HaPc,3,0.1065,0.10650000000000004,0.10650000000000004,0,0,0,DD,9
qwen_instruct,h2_choice,65,main,HrAs,0,0.3488,0.3488,0.3488,0,0,0,MP,8
qwen_instruct,h2_choice,65,main,HrAs,1,0.1641,0.1641,0.16410000000000002,0,0,0,MP,8
qwen_instruct,h2_choice,65,main,HrAs,2,0.38360000000000005,0.38360000000000005,0.38360000000000005,0,0,0,MP,8
qwen_instruct,h2_choice,65,main,HrAs,3,0.6206,0.6206,0.6206,1,1,1,MP,8
qwen_instruct,h2_choice,65,main,HrBa,0,0.2444,0.2444,0.24439999999999995,0,0,0,CO1,2
qwen_instruct,h2_choice,65,main,HrBa,1,0.2019,0.2019,0.20189999999999997,0,0,0,CO1,2
qwen_instruct,h2_choice,65,main,HrBa,2,0.07240000000000002,0.07240000000000002,0.07240000000000002,0,0,0,CO1,2
qwen_instruct,h2_choice,65,main,HrBa,3,0.4431,0.44310000000000005,0.44310000000000005,1,1,1,CO1,2
qwen_instruct,h2_choice,65,main,HrCh,0,0.1826,0.1826,0.18259999999999998,0,0,0,CO1,4
qwen_instruct,h2_choice,65,main,HrCh,1,0.1065,0.1065,0.10650000000000004,0,0,0,CO1,4
qwen_instruct,h2_choice,65,main,HrCh,2,0.12780000000000002,0.12780000000000002,0.12780000000000002,0,0,0,CO1,4
qwen_instruct,h2_choice,65,main,HrCh,3,0.3217,0.3217,0.3217,0,0,0,CO1,4
qwen_instruct,h2_choice,65,main,HrHr,0,0.3483,0.3483,0.34830000000000005,0,0,0,CO2,2
qwen_instruct,h2_choice,65,main,HrHr,1,0.2225,0.2225,0.22250000000000003,0,0,0,CO2,2
qwen_instruct,h2_choice,65,main,HrHr,2,0.11829999999999996,0.11829999999999996,0.11829999999999996,0,0,0,CO2,2
qwen_instruct,h2_choice,65,main,HrHr,3,0.4594,0.45940000000000003,0.45940000000000003,1,1,1,CO2,2
qwen_instruct,h2_choice,65,main,ShAs,0,0.46649999999999997,0.46649999999999997,0.46649999999999997,0,0,0,CO1,8
qwen_instruct,h2_choice,65,main,ShAs,1,0.2939,0.2939,0.2939,0,0,0,CO1,8
qwen_instruct,h2_choice,65,main,ShAs,2,0.5302,0.5302,0.5302,1,1,1,CO1,8
qwen_instruct,h2_choice,65,main,ShAs,3,0.4376,0.4376,0.4376,0,0,0,CO1,8
qwen_instruct,h2_choice,65,main,ShCo,0,0.516,0.516,0.516,0,0,0,CO2,9
qwen_instruct,h2_choice,65,main,ShCo,1,0.4062,0.4062,0.4062,0,0,0,CO2,9
qwen_instruct,h2_choice,65,main,ShCo,2,0.4681,0.46810000000000007,0.46810000000000007,0,0,0,CO2,9
qwen_instruct,h2_choice,65,main,ShCo,3,0.2939,0.29390000000000005,0.29390000000000005,0,0,0,CO2,9
qwen_instruct,h2_choice,65,main,ShSh,0,0.4975,0.4975,0.4975,0,0,0,CO1,9
qwen_instruct,h2_choice,65,main,ShSh,1,0.43689999999999996,0.43689999999999996,0.43689999999999996,0,0,0,CO1,9
qwen_instruct,h2_choice,65,main,ShSh,2,0.4682,0.46820000000000006,0.46820000000000006,0,0,0,CO1,9
qwen_instruct,h2_choice,65,main,ShSh,3,0.3476,0.3476,0.3476,0,0,0,CO1,9
qwen_instruct,h2_choice,65,main_perp,AsAs,0,0.437,0.437,0.437,0,0,0,CO1,1
qwen_instruct,h2_choice,65,main_perp,AsAs,1,0.406,0.406,0.406,0,0,0,CO1,1
qwen_instruct,h2_choice,65,main_perp,AsAs,2,0.5603,0.5603,0.5603,1,1,1,CO1,1
qwen_instruct,h2_choice,65,main_perp,AsAs,3,0.4078,0.40779999999999994,0.40779999999999994,0,0,0,CO1,1
qwen_instruct,h2_choice,65,main_perp,AsBa,0,0.6059,0.6059,0.6059,1,1,1,MP,2
qwen_instruct,h2_choice,65,main_perp,AsBa,1,0.4691,0.4691,0.4691000000000001,0,0,0,MP,2
qwen_instruct,h2_choice,65,main_perp,AsBa,2,0.5814,0.5814,0.5814,1,1,1,MP,2
qwen_instruct,h2_choice,65,main_perp,AsBa,3,0.3209,0.32089999999999996,0.32089999999999996,0,0,0,MP,2
qwen_instruct,h2_choice,65,main_perp,AsCh,0,0.4609,0.4609,0.4609,0,0,0,MP,4
qwen_instruct,h2_choice,65,main_perp,AsCh,1,0.32070000000000004,0.32070000000000004,0.3207,0,0,0,MP,4
qwen_instruct,h2_choice,65,main_perp,AsCh,2,0.5802,0.5802,0.5802,0,0,0,MP,4
qwen_instruct,h2_choice,65,main_perp,AsCh,3,0.4067,0.40669999999999995,0.40669999999999995,0,0,0,MP,4
qwen_instruct,h2_choice,65,main_perp,AsCm,0,0.4072,0.4072,0.4072,0,0,0,OD1,2
qwen_instruct,h2_choice,65,main_perp,AsCm,1,0.3209,0.3209,0.32089999999999996,0,0,0,OD1,2
qwen_instruct,h2_choice,65,main_perp,AsCm,2,0.5679000000000001,0.5679000000000001,0.5679000000000001,1,1,1,OD1,2
qwen_instruct,h2_choice,65,main_perp,AsCm,3,0.5520999999999999,0.5520999999999999,0.5520999999999999,1,1,1,OD1,2
qwen_instruct,h2_choice,65,main_perp,AsCo,0,0.4838,0.4838,0.4838,1,1,1,CO2,1
qwen_instruct,h2_choice,65,main_perp,AsCo,1,0.4363,0.4363,0.4363,0,0,0,CO2,1
qwen_instruct,h2_choice,65,main_perp,AsCo,2,0.5476,0.5476,0.5476,1,1,1,CO2,1
qwen_instruct,h2_choice,65,main_perp,AsCo,3,0.438,0.43800000000000006,0.43800000000000006,0,0,0,CO2,1
qwen_instruct,h2_choice,65,main_perp,AsDl,0,0.40659999999999996,0.40659999999999996,0.4066000000000001,0,0,0,OD1,4
qwen_instruct,h2_choice,65,main_perp,AsDl,1,0.37770000000000004,0.37770000000000004,0.37770000000000004,0,0,0,OD1,4
qwen_instruct,h2_choice,65,main_perp,AsDl,2,0.6349,0.6349,0.6349,1,1,1,OD1,4
qwen_instruct,h2_choice,65,main_perp,AsDl,3,0.4985,0.49850000000000005,0.49850000000000005,0,0,0,OD1,4
qwen_instruct,h2_choice,65,main_perp,AsHa,0,0.55,0.55,0.55,1,1,1,OD2,1
qwen_instruct,h2_choice,65,main_perp,AsHa,1,0.4375,0.4375,0.4375,0,0,0,OD2,1
qwen_instruct,h2_choice,65,main_perp,AsHa,2,0.37760000000000005,0.37760000000000005,0.37760000000000005,0,0,0,OD2,1
qwen_instruct,h2_choice,65,main_perp,AsHa,3,0.3217,0.3217,0.3217,0,0,0,OD2,1
qwen_instruct,h2_choice,65,main_perp,AsHr,0,0.5233,0.5233,0.5233,1,1,1,MP,6
qwen_instruct,h2_choice,65,main_perp,AsHr,1,0.4687,0.4687,0.4687,0,0,0,MP,6
qwen_instruct,h2_choice,65,main_perp,AsHr,2,0.6697,0.6697,0.6697,1,1,1,MP,6
qwen_instruct,h2_choice,65,main_perp,AsHr,3,0.43660000000000004,0.4366,0.4366,0,0,0,MP,6
qwen_instruct,h2_choice,65,main_perp,AsNc,0,0.4636,0.4636,0.4636,0,0,0,OD2,3
qwen_instruct,h2_choice,65,main_perp,AsNc,1,0.2932,0.2932,0.2932,0,0,0,OD2,3
qwen_instruct,h2_choice,65,main_perp,AsNc,2,0.40750000000000003,0.4075,0.4075,0,0,0,OD2,3
qwen_instruct,h2_choice,65,main_perp,AsNc,3,0.3488,0.3488,0.3488,0,0,0,OD2,3
qwen_instruct,h2_choice,65,main_perp,AsPc,0,0.6139,0.6139,0.6139,1,1,1,OD2,5
qwen_instruct,h2_choice,65,main_perp,AsPc,1,0.5272,0.5272,0.5272,1,1,1,OD2,5
qwen_instruct,h2_choice,65,main_perp,AsPc,2,0.4379,0.43790000000000007,0.43790000000000007,0,0,0,OD2,5
qwen_instruct,h2_choice,65,main_perp,AsPc,3,0.349,0.349,0.349,0,0,0,OD2,5
qwen_instruct,h2_choice,65,main_perp,AsPd,0,0.5146000000000001,0.5146000000000001,0.5146000000000001,1,1,1,OD1,6
qwen_instruct,h2_choice,65,main_perp,AsPd,1,0.4985,0.4985,0.49850000000000005,0,0,0,OD1,6
qwen_instruct,h2_choice,65,main_perp,AsPd,2,0.6167,0.6167,0.6167,1,1,1,OD1,6
qwen_instruct,h2_choice,65,main_perp,AsPd,3,0.40709999999999996,0.4071,0.4071,0,0,0,OD1,6
qwen_instruct,h2_choice,65,main_perp,AsSh,0,0.5253,0.5253,0.5253,1,1,1,CO1,3
qwen_instruct,h2_choice,65,main_perp,AsSh,1,0.4361,0.4361,0.4361,0,0,0,CO1,3
qwen_instruct,h2_choice,65,main_perp,AsSh,2,0.5615,0.5615,0.5615,1,1,1,CO1,3
qwen_instruct,h2_choice,65,main_perp,AsSh,3,0.4378,0.43779999999999997,0.43779999999999997,0,0,0,CO1,3
qwen_instruct,h2_choice,65,main_perp,BaAs,0,0.31989999999999996,0.31989999999999996,0.31989999999999996,0,0,0,MP,1
qwen_instruct,h2_choice,65,main_perp,BaAs,1,0.2946,0.2946,0.2946,0,0,0,MP,1
qwen_instruct,h2_choice,65,main_perp,BaAs,2,0.632,0.632,0.632,1,1,1,MP,1
qwen_instruct,h2_choice,65,main_perp,BaAs,3,0.43539999999999995,0.4354,0.4354,0,0,0,MP,1
qwen_instruct,h2_choice,65,main_perp,BaBa,0,0.32039999999999996,0.32039999999999996,0.32039999999999996,0,0,0,CO2,3
qwen_instruct,h2_choice,65,main_perp,BaBa,1,0.3212,0.3212,0.3212,0,0,0,CO2,3
qwen_instruct,h2_choice,65,main_perp,BaBa,2,0.4118,0.41179999999999994,0.41179999999999994,1,1,1,CO2,3
qwen_instruct,h2_choice,65,main_perp,BaBa,3,0.7156,0.7156,0.7156,1,1,1,CO2,3
qwen_instruct,h2_choice,65,main_perp,BaCh,0,0.3479,0.3479,0.3479,0,0,0,CO2,4
qwen_instruct,h2_choice,65,main_perp,BaCh,1,0.3496,0.3496,0.3496,0,0,0,CO2,4
qwen_instruct,h2_choice,65,main_perp,BaCh,2,0.7413,0.7413,0.7413,1,1,1,CO2,4
qwen_instruct,h2_choice,65,main_perp,BaCh,3,0.6091,0.6091,0.6091,1,1,1,CO2,4
qwen_instruct,h2_choice,65,main_perp,BaCm,0,0.26820000000000005,0.26820000000000005,0.26820000000000005,0,0,0,OD1,1
qwen_instruct,h2_choice,65,main_perp,BaCm,1,0.2447,0.2447,0.2447,0,0,0,OD1,1
qwen_instruct,h2_choice,65,main_perp,BaCm,2,0.2639,0.2639,0.2639,0,0,0,OD1,1
qwen_instruct,h2_choice,65,main_perp,BaCm,3,0.4698,0.4698,0.4698,1,1,1,OD1,1
qwen_instruct,h2_choice,65,main_perp,BaCo,0,0.3214,0.3214,0.3214,0,0,0,MP,3
qwen_instruct,h2_choice,65,main_perp,BaCo,1,0.2018,0.2018,0.2018,0,0,0,MP,3
qwen_instruct,h2_choice,65,main_perp,BaCo,2,0.5661,0.5660999999999999,0.5660999999999999,1,1,1,MP,3
qwen_instruct,h2_choice,65,main_perp,BaCo,3,0.4656,0.4656,0.4656,0,0,0,MP,3
qwen_instruct,h2_choice,65,main_perp,BaDl,0,0.3211,0.3211,0.3211,0,0,0,OD1,3
qwen_instruct,h2_choice,65,main_perp,BaDl,1,0.2696,0.2696,0.2696,0,0,0,OD1,3
qwen_instruct,h2_choice,65,main_perp,BaDl,2,0.689,0.689,0.689,1,1,1,OD1,3
qwen_instruct,h2_choice,65,main_perp,BaDl,3,0.6157,0.6157,0.6157,1,1,1,OD1,3
qwen_instruct,h2_choice,65,main_perp,BaHa,0,0.3477,0.3477,0.3477,0,0,0,OD2,2
qwen_instruct,h2_choice,65,main_perp,BaHa,1,0.2686,0.2686,0.26859999999999995,0,0,0,OD2,2
qwen_instruct,h2_choice,65,main_perp,BaHa,2,0.6692,0.6692,0.6692,1,1,1,OD2,2
qwen_instruct,h2_choice,65,main_perp,BaHa,3,0.4964,0.49639999999999995,0.49639999999999995,0,0,0,OD2,2
qwen_instruct,h2_choice,65,main_perp,BaHr,0,0.24550000000000002,0.24550000000000002,0.24550000000000002,0,0,0,CO1,5
qwen_instruct,h2_choice,65,main_perp,BaHr,1,0.2938,0.2938,0.2938,0,0,0,CO1,5
qwen_instruct,h2_choice,65,main_perp,BaHr,2,0.14159999999999995,0.14159999999999995,0.14159999999999995,0,0,0,CO1,5
qwen_instruct,h2_choice,65,main_perp,BaHr,3,0.5978,0.5978,0.5978,1,1,1,CO1,5
qwen_instruct,h2_choice,65,main_perp,BaNc,0,0.4027,0.4027,0.40270000000000006,0,0,0,OD2,4
qwen_instruct,h2_choice,65,main_perp,BaNc,1,0.24530000000000002,0.24530000000000002,0.24530000000000007,0,0,0,OD2,4
qwen_instruct,h2_choice,65,main_perp,BaNc,2,0.4941,0.4941,0.4941,0,0,0,OD2,4
qwen_instruct,h2_choice,65,main_perp,BaNc,3,0.4067,0.40670000000000006,0.40670000000000006,0,0,0,OD2,4
qwen_instruct,h2_choice,65,main_perp,BaPc,0,0.31999999999999995,0.31999999999999995,0.32000000000000006,0,0,0,OD2,6
qwen_instruct,h2_choice,65,main_perp,BaPc,1,0.2453,0.2453,0.24529999999999996,0,0,0,OD2,6
qwen_instruct,h2_choice,65,main_perp,BaPc,2,0.6689,0.6688999999999999,0.6688999999999999,1,1,1,OD2,6
qwen_instruct,h2_choice,65,main_perp,BaPc,3,0.6174,0.6174,0.6174,1,1,1,OD2,6
qwen_instruct,h2_choice,65,main_perp,BaPd,0,0.3763,0.3763,0.3763,0,0,0,OD1,5
qwen_instruct,h2_choice,65,main_perp,BaPd,1,0.269,0.269,0.269,0,0,0,OD1,5
qwen_instruct,h2_choice,65,main_perp,BaPd,2,0.4593,0.45930000000000004,0.45930000000000004,1,1,1,OD1,5
qwen_instruct,h2_choice,65,main_perp,BaPd,3,0.6733,0.6733,0.6733,1,1,1,OD1,5
qwen_instruct,h2_choice,65,main_perp,BaSh,0,0.29329999999999995,0.29329999999999995,0.29329999999999995,0,0,0,MP,5
qwen_instruct,h2_choice,65,main_perp,BaSh,1,0.3478,0.3478,0.3478,0,0,0,MP,5
qwen_instruct,h2_choice,65,main_perp,BaSh,2,0.4924,0.49239999999999995,0.49239999999999995,0,0,0,MP,5
qwen_instruct,h2_choice,65,main_perp,BaSh,3,0.29460000000000003,0.2946,0.2946,0,0,0,MP,5
qwen_instruct,h2_choice,65,main_perp,ChAs,0,0.3755,0.3755,0.3755,0,0,0,MP,7
qwen_instruct,h2_choice,65,main_perp,ChAs,1,0.29340000000000005,0.29340000000000005,0.29340000000000005,0,0,0,MP,7
qwen_instruct,h2_choice,65,main_perp,ChAs,2,0.2581,0.2581,0.2581,0,0,0,MP,7
qwen_instruct,h2_choice,65,main_perp,ChAs,3,0.5582,0.5582,0.5582,1,1,1,MP,7
qwen_instruct,h2_choice,65,main_perp,ChBa,0,0.2016,0.2016,0.2016,0,0,0,CO2,5
qwen_instruct,h2_choice,65,main_perp,ChBa,1,0.148,0.148,0.148,0,0,0,CO2,5
qwen_instruct,h2_choice,65,main_perp,ChBa,2,0.37029999999999996,0.37029999999999996,0.37029999999999996,0,0,0,CO2,5
qwen_instruct,h2_choice,65,main_perp,ChBa,3,0.7301,0.7301,0.7301,1,1,1,CO2,5
qwen_instruct,h2_choice,65,main_perp,ChCh,0,0.2679,0.2679,0.2679,0,0,0,CO2,6
qwen_instruct,h2_choice,65,main_perp,ChCh,1,0.2018,0.2018,0.2018,0,0,0,CO2,6
qwen_instruct,h2_choice,65,main_perp,ChCh,2,0.5915,0.5915,0.5915,0,0,0,CO2,6
qwen_instruct,h2_choice,65,main_perp,ChCh,3,0.469,0.4690000000000001,0.4690000000000001,0,0,0,CO2,6
qwen_instruct,h2_choice,65,main_perp,ChCm,0,0.3202,0.3202,0.3202,0,0,0,OD1,7
qwen_instruct,h2_choice,65,main_perp,ChCm,1,0.2017,0.2017,0.2017,0,0,0,OD1,7
qwen_instruct,h2_choice,65,main_perp,ChCm,2,0.5168999999999999,0.5168999999999999,0.5168999999999999,1,1,1,OD1,7
qwen_instruct,h2_choice,65,main_perp,ChCm,3,0.6256,0.6256,0.6256,1,1,1,OD1,7
qwen_instruct,h2_choice,65,main_perp,ChCo,0,0.3203,0.3203,0.3203,0,0,0,MP,9
qwen_instruct,h2_choice,65,main_perp,ChCo,1,0.2936,0.2936,0.2936,0,0,0,MP,9
qwen_instruct,h2_choice,65,main_perp,ChCo,2,0.254,0.254,0.254,0,0,0,MP,9
qwen_instruct,h2_choice,65,main_perp,ChCo,3,0.6545,0.6545,0.6545,1,1,1,MP,9
qwen_instruct,h2_choice,65,main_perp,ChDl,0,0.1821,0.1821,0.1821,0,0,0,OD1,9
qwen_instruct,h2_choice,65,main_perp,ChDl,1,0.1477,0.1477,0.1477,0,0,0,OD1,9
qwen_instruct,h2_choice,65,main_perp,ChDl,2,0.43539999999999995,0.4353999999999999,0.4353999999999999,1,1,1,OD1,9
qwen_instruct,h2_choice,65,main_perp,ChDl,3,0.6031,0.6031,0.6031,1,1,1,OD1,9
qwen_instruct,h2_choice,65,main_perp,ChHa,0,0.34559999999999996,0.34559999999999996,0.3455999999999999,0,0,0,OD2,8
qwen_instruct,h2_choice,65,main_perp,ChHa,1,0.3201,0.3201,0.32009999999999994,0,0,0,OD2,8
qwen_instruct,h2_choice,65,main_perp,ChHa,2,0.08409999999999995,0.08409999999999995,0.08409999999999995,0,0,0,OD2,8
qwen_instruct,h2_choice,65,main_perp,ChHa,3,0.6812999999999999,0.6812999999999999,0.6812999999999999,1,1,1,OD2,8
qwen_instruct,h2_choice,65,main_perp,ChHr,0,0.1642,0.1642,0.1642,0,0,0,CO1,6
qwen_instruct,h2_choice,65,main_perp,ChHr,1,0.1648,0.1648,0.1648,0,0,0,CO1,6
qwen_instruct,h2_choice,65,main_perp,ChHr,2,0.2348,0.2348,0.2348,0,0,0,CO1,6
qwen_instruct,h2_choice,65,main_perp,ChHr,3,0.6355000000000001,0.6355000000000001,0.6355000000000001,1,1,1,CO1,6
qwen_instruct,h2_choice,65,main_perp,CmAs,0,0.2453,0.2453,0.24529999999999996,0,0,0,OD1,8
qwen_instruct,h2_choice,65,main_perp,CmAs,1,0.1192,0.1192,0.11919999999999997,0,0,0,OD1,8
qwen_instruct,h2_choice,65,main_perp,CmAs,2,0.017199999999999993,0.017199999999999993,0.017199999999999993,0,0,0,OD1,8
qwen_instruct,h2_choice,65,main_perp,CmAs,3,0.2529,0.2529,0.2529,0,0,0,OD1,8
qwen_instruct,h2_choice,65,main_perp,CmCm,0,0.0954,0.0954,0.09540000000000004,0,0,0,DD,2
qwen_instruct,h2_choice,65,main_perp,CmCm,1,0.0293,0.0293,0.029299999999999993,0,0,0,DD,2
qwen_instruct,h2_choice,65,main_perp,CmCm,2,0.00649999999999995,0.00649999999999995,0.00649999999999995,0,0,0,DD,2
qwen_instruct,h2_choice,65,main_perp,CmCm,3,0.11109999999999998,0.11109999999999998,0.11109999999999998,0,0,0,DD,2
qwen_instruct,h2_choice,65,main_perp,CmDl,0,0.1069,0.1069,0.1069,0,0,0,DD,4
qwen_instruct,h2_choice,65,main_perp,CmDl,1,0.0757,0.0757,0.07569999999999999,0,0,0,DD,4
qwen_instruct,h2_choice,65,main_perp,CmDl,2,0.008299999999999974,0.008299999999999974,0.008299999999999974,0,0,0,DD,4
qwen_instruct,h2_choice,65,main_perp,CmDl,3,0.20340000000000003,0.20340000000000003,0.20340000000000003,0,0,0,DD,4
qwen_instruct,h2_choice,65,main_perp,CmHa,0,0.1479,0.1479,0.14790000000000003,0,0,0,DD,6
qwen_instruct,h2_choice,65,main_perp,CmHa,1,0.0534,0.0534,0.0534,0,0,0,DD,6
qwen_instruct,h2_choice,65,main_perp,CmHa,2,0.0047999999999999154,0.0047999999999999154,0.0047999999999999154,0,0,0,DD,6
qwen_instruct,h2_choice,65,main_perp,CmHa,3,0.1543,0.1543,0.1543,0,0,0,DD,6
qwen_instruct,h2_choice,65,main_perp,CmNc,0,0.1329,0.1329,0.13290000000000002,0,0,0,DD,8
qwen_instruct,h2_choice,65,main_perp,CmNc,1,0.0759,0.0759,0.07589999999999997,0,0,0,DD,8
qwen_instruct,h2_choice,65,main_perp,CmNc,2,0.0027000000000000357,0.0027000000000000357,0.0027000000000000357,0,0,0,DD,8
qwen_instruct,h2_choice,65,main_perp,CmNc,3,0.0807,0.0807,0.0807,0,0,0,DD,8
qwen_instruct,h2_choice,65,main_perp,CoAs,0,0.4747,0.4747,0.4747,1,1,1,CO2,7
qwen_instruct,h2_choice,65,main_perp,CoAs,1,0.658,0.658,0.658,1,1,1,CO2,7
qwen_instruct,h2_choice,65,main_perp,CoAs,2,0.2685,0.26849999999999996,0.26849999999999996,0,0,0,CO2,7
qwen_instruct,h2_choice,65,main_perp,CoAs,3,0.1825,0.1825,0.1825,0,0,0,CO2,7
qwen_instruct,h2_choice,65,main_perp,CoCo,0,0.5932,0.5932,0.5932,1,1,1,CO1,7
qwen_instruct,h2_choice,65,main_perp,CoCo,1,0.6521,0.6521,0.6521,1,1,1,CO1,7
qwen_instruct,h2_choice,65,main_perp,CoCo,2,0.26890000000000003,0.26890000000000003,0.26890000000000003,0,0,0,CO1,7
qwen_instruct,h2_choice,65,main_perp,CoCo,3,0.2026,0.2026,0.2026,0,0,0,CO1,7
qwen_instruct,h2_choice,65,main_perp,CoSh,0,0.5367,0.5367,0.5367,1,1,1,CO2,8
qwen_instruct,h2_choice,65,main_perp,CoSh,1,0.6588,0.6588,0.6588,1,1,1,CO2,8
qwen_instruct,h2_choice,65,main_perp,CoSh,2,0.2226,0.22260000000000002,0.22260000000000002,0,0,0,CO2,8
qwen_instruct,h2_choice,65,main_perp,CoSh,3,0.1482,0.1482,0.1482,0,0,0,CO2,8
qwen_instruct,h2_choice,65,main_perp,HaAs,0,0.0504,0.0504,0.0504,0,0,0,OD2,7
qwen_instruct,h2_choice,65,main_perp,HaAs,1,0.3113,0.3113,0.3113,0,0,0,OD2,7
qwen_instruct,h2_choice,65,main_perp,HaAs,2,0.1325,0.13250000000000006,0.13250000000000006,0,0,0,OD2,7
qwen_instruct,h2_choice,65,main_perp,HaAs,3,0.0756,0.0756,0.0756,0,0,0,OD2,7
qwen_instruct,h2_choice,65,main_perp,HaBa,0,0.01319999999999999,0.01319999999999999,0.01319999999999999,0,0,0,OD2,9
qwen_instruct,h2_choice,65,main_perp,HaBa,1,0.1451,0.1451,0.1451,0,0,0,OD2,9
qwen_instruct,h2_choice,65,main_perp,HaBa,2,0.3775,0.37749999999999995,0.37749999999999995,0,0,0,OD2,9
qwen_instruct,h2_choice,65,main_perp,HaBa,3,0.1826,0.18259999999999998,0.18259999999999998,0,0,0,OD2,9
qwen_instruct,h2_choice,65,main_perp,HaCm,0,0.11780000000000002,0.11780000000000002,0.11780000000000002,0,0,0,DD,1
qwen_instruct,h2_choice,65,main_perp,HaCm,1,0.33709999999999996,0.33709999999999996,0.33709999999999996,0,0,0,DD,1
qwen_instruct,h2_choice,65,main_perp,HaCm,2,0.37720000000000004,0.3772,0.3772,0,0,0,DD,1
qwen_instruct,h2_choice,65,main_perp,HaCm,3,0.2945,0.2945,0.2945,0,0,0,DD,1
qwen_instruct,h2_choice,65,main_perp,HaDl,0,0.031100000000000017,0.031100000000000017,0.031100000000000017,0,0,0,DD,3
qwen_instruct,h2_choice,65,main_perp,HaDl,1,0.18069999999999997,0.18069999999999997,0.18069999999999997,0,0,0,DD,3
qwen_instruct,h2_choice,65,main_perp,HaDl,2,0.2448,0.24480000000000002,0.24480000000000002,0,0,0,DD,3
qwen_instruct,h2_choice,65,main_perp,HaDl,3,0.148,0.14800000000000002,0.14800000000000002,0,0,0,DD,3
qwen_instruct,h2_choice,65,main_perp,HaHa,0,0.021299999999999986,0.021299999999999986,0.021299999999999986,0,0,0,DD,5
qwen_instruct,h2_choice,65,main_perp,HaHa,1,0.2609,0.2609,0.2609,0,0,0,DD,5
qwen_instruct,h2_choice,65,main_perp,HaHa,2,0.1646,0.16459999999999997,0.16459999999999997,0,0,0,DD,5
qwen_instruct,h2_choice,65,main_perp,HaHa,3,0.0759,0.07589999999999997,0.07589999999999997,0,0,0,DD,5
qwen_instruct,h2_choice,65,main_perp,HaNc,0,0.006500000000000061,0.006500000000000061,0.006500000000000061,0,0,0,DD,7
qwen_instruct,h2_choice,65,main_perp,HaNc,1,0.059799999999999964,0.059799999999999964,0.059799999999999964,0,0,0,DD,7
qwen_instruct,h2_choice,65,main_perp,HaNc,2,0.2017,0.2017,0.2017,0,0,0,DD,7
qwen_instruct,h2_choice,65,main_perp,HaNc,3,0.0852,0.08519999999999994,0.08519999999999994,0,0,0,DD,7
qwen_instruct,h2_choice,65,main_perp,HaPc,0,0.03210000000000002,0.03210000000000002,0.03210000000000002,0,0,0,DD,9
qwen_instruct,h2_choice,65,main_perp,HaPc,1,0.3407,0.3407,0.3407,0,0,0,DD,9
qwen_instruct,h2_choice,65,main_perp,HaPc,2,0.2231,0.22309999999999997,0.22309999999999997,0,0,0,DD,9
qwen_instruct,h2_choice,65,main_perp,HaPc,3,0.1066,0.10660000000000003,0.10660000000000003,0,0,0,DD,9
qwen_instruct,h2_choice,65,main_perp,HrAs,0,0.3197,0.3197,0.3197,0,0,0,MP,8
qwen_instruct,h2_choice,65,main_perp,HrAs,1,0.1647,0.1647,0.16470000000000007,0,0,0,MP,8
qwen_instruct,h2_choice,65,main_perp,HrAs,2,0.34340000000000004,0.34340000000000004,0.34340000000000004,0,0,0,MP,8
qwen_instruct,h2_choice,65,main_perp,HrAs,3,0.5986,0.5986,0.5986,1,1,1,MP,8
qwen_instruct,h2_choice,65,main_perp,HrBa,0,0.24430000000000002,0.24430000000000002,0.24429999999999996,0,0,0,CO1,2
qwen_instruct,h2_choice,65,main_perp,HrBa,1,0.2019,0.2019,0.20189999999999997,0,0,0,CO1,2
qwen_instruct,h2_choice,65,main_perp,HrBa,2,0.0595,0.0595,0.0595,0,0,0,CO1,2
qwen_instruct,h2_choice,65,main_perp,HrBa,3,0.41239999999999993,0.4124,0.4124,1,1,1,CO1,2
qwen_instruct,h2_choice,65,main_perp,HrCh,0,0.1641,0.1641,0.16410000000000002,0,0,0,CO1,4
qwen_instruct,h2_choice,65,main_perp,HrCh,1,0.1065,0.1065,0.10650000000000004,0,0,0,CO1,4
qwen_instruct,h2_choice,65,main_perp,HrCh,2,0.12470000000000003,0.12470000000000003,0.12470000000000003,0,0,0,CO1,4
qwen_instruct,h2_choice,65,main_perp,HrCh,3,0.32220000000000004,0.32220000000000004,0.32220000000000004,0,0,0,CO1,4
qwen_instruct,h2_choice,65,main_perp,HrHr,0,0.3195,0.3195,0.3195,0,0,0,CO2,2
qwen_instruct,h2_choice,65,main_perp,HrHr,1,0.2226,0.2226,0.22260000000000002,0,0,0,CO2,2
qwen_instruct,h2_choice,65,main_perp,HrHr,2,0.10350000000000004,0.10350000000000004,0.10350000000000004,0,0,0,CO2,2
qwen_instruct,h2_choice,65,main_perp,HrHr,3,0.41319999999999996,0.4131999999999999,0.4131999999999999,1,1,1,CO2,2
qwen_instruct,h2_choice,65,main_perp,ShAs,0,0.4354,0.4354,0.4354,0,0,0,CO1,8
qwen_instruct,h2_choice,65,main_perp,ShAs,1,0.3201,0.3201,0.3201,0,0,0,CO1,8
qwen_instruct,h2_choice,65,main_perp,ShAs,2,0.5609000000000001,0.5609000000000001,0.5609000000000001,1,1,1,CO1,8
qwen_instruct,h2_choice,65,main_perp,ShAs,3,0.4076,0.40759999999999996,0.40759999999999996,0,0,0,CO1,8
qwen_instruct,h2_choice,65,main_perp,ShCo,0,0.514,0.514,0.514,0,0,0,CO2,9
qwen_instruct,h2_choice,65,main_perp,ShCo,1,0.377,0.377,0.377,0,0,0,CO2,9
qwen_instruct,h2_choice,65,main_perp,ShCo,2,0.4994,0.49939999999999996,0.49939999999999996,0,0,0,CO2,9
qwen_instruct,h2_choice,65,main_perp,ShCo,3,0.2949,0.29489999999999994,0.29489999999999994,0,0,0,CO2,9
qwen_instruct,h2_choice,65,main_perp,ShSh,0,0.4669,0.4669,0.4669,0,0,0,CO1,9
qwen_instruct,h2_choice,65,main_perp,ShSh,1,0.4073,0.4073,0.4073,0,0,0,CO1,9
qwen_instruct,h2_choice,65,main_perp,ShSh,2,0.4672,0.46719999999999995,0.46719999999999995,0,0,0,CO1,9
qwen_instruct,h2_choice,65,main_perp,ShSh,3,0.3476,0.3476,0.3476,0,0,0,CO1,9
qwen_instruct,h2_choice,65,random,AsAs,0,0.02629999999999999,0.02629999999999999,0.02629999999999999,0,0,0,CO1,1
qwen_instruct,h2_choice,65,random,AsAs,1,0.014099999999999994,0.014099999999999994,0.014099999999999994,0,0,0,CO1,1
qwen_instruct,h2_choice,65,random,AsAs,2,0.02310000000000001,0.02310000000000012,0.02310000000000012,0,0,0,CO1,1
qwen_instruct,h2_choice,65,random,AsAs,3,0.006100000000000001,0.006099999999999994,0.006099999999999994,0,0,0,CO1,1
qwen_instruct,h2_choice,65,random,AsBa,0,0.031299999999999994,0.031299999999999994,0.031299999999999883,0,0,0,MP,2
qwen_instruct,h2_choice,65,random,AsBa,1,0.024099999999999996,0.024099999999999996,0.02410000000000001,0,0,0,MP,2
qwen_instruct,h2_choice,65,random,AsBa,2,0.056999999999999995,0.05699999999999994,0.05699999999999994,0,0,0,MP,2
qwen_instruct,h2_choice,65,random,AsBa,3,0.008,0.008000000000000007,0.008000000000000007,0,0,0,MP,2
qwen_instruct,h2_choice,65,random,AsCh,0,0.022900000000000004,0.022900000000000004,0.02290000000000003,0,0,0,MP,4
qwen_instruct,h2_choice,65,random,AsCh,1,0.004900000000000002,0.004900000000000002,0.0049000000000000155,0,0,0,MP,4
qwen_instruct,h2_choice,65,random,AsCh,2,0.057099999999999984,0.05710000000000004,0.05710000000000004,0,0,0,MP,4
qwen_instruct,h2_choice,65,random,AsCh,3,0.03760000000000001,0.03760000000000008,0.03760000000000008,0,0,0,MP,4
qwen_instruct,h2_choice,65,random,AsCm,0,0.017699999999999994,0.017699999999999994,0.017699999999999938,0,0,0,OD1,2
qwen_instruct,h2_choice,65,random,AsCm,1,0.005000000000000001,0.005000000000000001,0.0050000000000000044,0,0,0,OD1,2
qwen_instruct,h2_choice,65,random,AsCm,2,0.05710000000000004,0.05710000000000004,0.05710000000000004,0,0,0,OD1,2
qwen_instruct,h2_choice,65,random,AsCm,3,0.055300000000000016,0.055299999999999905,0.055299999999999905,0,0,0,OD1,2
qwen_instruct,h2_choice,65,random,AsCo,0,0.030299999999999994,0.030299999999999994,0.030299999999999994,0,0,0,CO2,1
qwen_instruct,h2_choice,65,random,AsCo,1,0.014200000000000004,0.014200000000000004,0.014200000000000004,0,0,0,CO2,1
qwen_instruct,h2_choice,65,random,AsCo,2,0.028600000000000014,0.02859999999999996,0.02859999999999996,0,0,0,CO2,1
qwen_instruct,h2_choice,65,random,AsCo,3,0.010599999999999998,0.010600000000000054,0.010600000000000054,0,0,0,CO2,1
qwen_instruct,h2_choice,65,random,AsDl,0,0.01079999999999999,0.01079999999999999,0.010800000000000032,0,0,0,OD1,4
qwen_instruct,h2_choice,65,random,AsDl,1,0.008900000000000005,0.008900000000000005,0.008900000000000019,0,0,0,OD1,4
qwen_instruct,h2_choice,65,random,AsDl,2,0.03260000000000002,0.03259999999999996,0.03259999999999996,0,0,0,OD1,4
qwen_instruct,h2_choice,65,random,AsDl,3,0.04089999999999999,0.04090000000000005,0.04090000000000005,0,0,0,OD1,4
qwen_instruct,h2_choice,65,random,AsHa,0,0.026600000000000013,0.026600000000000013,0.026600000000000013,0,0,0,OD2,1
qwen_instruct,h2_choice,65,random,AsHa,1,0.011799999999999991,0.011799999999999991,0.011799999999999991,0,0,0,OD2,1
qwen_instruct,h2_choice,65,random,AsHa,2,0.0087,0.00869999999999993,0.00869999999999993,0,0,0,OD2,1
qwen_instruct,h2_choice,65,random,AsHa,3,9.99999999999994e-05,9.999999999998899e-05,9.999999999998899e-05,0,0,0,OD2,1
qwen_instruct,h2_choice,65,random,AsHr,0,0.027199999999999946,0.027199999999999946,0.02719999999999989,0,0,0,MP,6
qwen_instruct,h2_choice,65,random,AsHr,1,0.019799999999999998,0.019799999999999998,0.01980000000000004,0,0,0,MP,6
qwen_instruct,h2_choice,65,random,AsHr,2,0.06140000000000001,0.06140000000000001,0.06140000000000001,1,1,1,MP,6
qwen_instruct,h2_choice,65,random,AsHr,3,0.03169999999999998,0.03169999999999995,0.03169999999999995,0,0,0,MP,6
qwen_instruct,h2_choice,65,random,AsNc,0,0.01780000000000001,0.01780000000000001,0.01780000000000001,0,0,0,OD2,3
qwen_instruct,h2_choice,65,random,AsNc,1,0.003599999999999999,0.003599999999999999,0.003599999999999999,0,0,0,OD2,3
qwen_instruct,h2_choice,65,random,AsNc,2,0.0097,0.009699999999999931,0.009699999999999931,0,0,0,OD2,3
qwen_instruct,h2_choice,65,random,AsNc,3,0.014399999999999996,0.014399999999999968,0.014399999999999968,0,0,0,OD2,3
qwen_instruct,h2_choice,65,random,AsPc,0,0.03149999999999997,0.03149999999999997,0.03149999999999997,0,0,0,OD2,5
qwen_instruct,h2_choice,65,random,AsPc,1,0.04669999999999999,0.04669999999999999,0.04669999999999999,0,0,0,OD2,5
qwen_instruct,h2_choice,65,random,AsPc,2,0.0126,0.012599999999999945,0.012599999999999945,0,0,0,OD2,5
qwen_instruct,h2_choice,65,random,AsPc,3,9.99999999999994e-05,9.999999999998899e-05,9.999999999998899e-05,0,0,0,OD2,5
qwen_instruct,h2_choice,65,random,AsPd,0,0.0625,0.0625,0.0625,0,0,0,OD1,6
qwen_instruct,h2_choice,65,random,AsPd,1,0.02049999999999999,0.02049999999999999,0.020499999999999963,0,0,0,OD1,6
qwen_instruct,h2_choice,65,random,AsPd,2,0.05830000000000002,0.05830000000000002,0.05830000000000002,0,0,0,OD1,6
qwen_instruct,h2_choice,65,random,AsPd,3,0.0005000000000000004,0.000500000000000056,0.000500000000000056,0,0,0,OD1,6
qwen_instruct,h2_choice,65,random,AsSh,0,0.023300000000000015,0.023300000000000015,0.023300000000000015,0,0,0,CO1,3
qwen_instruct,h2_choice,65,random,AsSh,1,0.02839999999999998,0.02839999999999998,0.02839999999999998,0,0,0,CO1,3
qwen_instruct,h2_choice,65,random,AsSh,2,0.0194,0.019399999999999973,0.019399999999999973,0,0,0,CO1,3
qwen_instruct,h2_choice,65,random,AsSh,3,0.006600000000000002,0.00660000000000005,0.00660000000000005,0,0,0,CO1,3
qwen_instruct,h2_choice,65,random,BaAs,0,0.019000000000000003,0.019000000000000003,0.019000000000000003,0,0,0,MP,1
qwen_instruct,h2_choice,65,random,BaAs,1,0.0114,0.0114,0.0114,0,0,0,MP,1
qwen_instruct,h2_choice,65,random,BaAs,2,0.032200000000000006,0.032200000000000006,0.032200000000000006,0,0,0,MP,1
qwen_instruct,h2_choice,65,random,BaAs,3,0.016199999999999992,0.016199999999999992,0.016199999999999992,0,0,0,MP,1
qwen_instruct,h2_choice,65,random,BaBa,0,0.006899999999999996,0.006899999999999996,0.006899999999999996,0,0,0,CO2,3
qwen_instruct,h2_choice,65,random,BaBa,1,0.004499999999999997,0.004499999999999997,0.004499999999999997,0,0,0,CO2,3
qwen_instruct,h2_choice,65,random,BaBa,2,0.01660000000000006,0.01660000000000006,0.01660000000000006,0,0,0,CO2,3
qwen_instruct,h2_choice,65,random,BaBa,3,0.09210000000000002,0.09210000000000007,0.09210000000000007,0,0,0,CO2,3
qwen_instruct,h2_choice,65,random,BaCh,0,0.021599999999999994,0.021599999999999994,0.021599999999999994,0,0,0,CO2,4
qwen_instruct,h2_choice,65,random,BaCh,1,0.006899999999999996,0.006899999999999996,0.006899999999999996,0,0,0,CO2,4
qwen_instruct,h2_choice,65,random,BaCh,2,0.05690000000000006,0.05690000000000006,0.05690000000000006,0,0,0,CO2,4
qwen_instruct,h2_choice,65,random,BaCh,3,0.058699999999999974,0.058699999999999974,0.058699999999999974,0,0,0,CO2,4
qwen_instruct,h2_choice,65,random,BaCm,0,0.014399999999999996,0.014399999999999996,0.014399999999999996,0,0,0,OD1,1
qwen_instruct,h2_choice,65,random,BaCm,1,0.007099999999999999,0.007099999999999999,0.007099999999999999,0,0,0,OD1,1
qwen_instruct,h2_choice,65,random,BaCm,2,0.01419999999999999,0.01419999999999999,0.01419999999999999,0,0,0,OD1,1
qwen_instruct,h2_choice,65,random,BaCm,3,0.09750000000000003,0.09750000000000003,0.09750000000000003,0,0,0,OD1,1
qwen_instruct,h2_choice,65,random,BaCo,0,0.010300000000000004,0.010300000000000004,0.010300000000000004,0,0,0,MP,3
qwen_instruct,h2_choice,65,random,BaCo,1,0.003999999999999998,0.003999999999999998,0.003999999999999998,0,0,0,MP,3
qwen_instruct,h2_choice,65,random,BaCo,2,0.04749999999999999,0.04749999999999999,0.04749999999999999,0,0,0,MP,3
qwen_instruct,h2_choice,65,random,BaCo,3,0.019699999999999995,0.01969999999999994,0.01969999999999994,0,0,0,MP,3
qwen_instruct,h2_choice,65,random,BaDl,0,0.006100000000000001,0.006100000000000001,0.006100000000000001,0,0,0,OD1,3
qwen_instruct,h2_choice,65,random,BaDl,1,0.0034000000000000002,0.0034000000000000002,0.0034000000000000002,0,0,0,OD1,3
qwen_instruct,h2_choice,65,random,BaDl,2,0.06279999999999997,0.06279999999999997,0.06279999999999997,1,1,1,OD1,3
qwen_instruct,h2_choice,65,random,BaDl,3,0.055499999999999994,0.05549999999999988,0.05549999999999988,0,0,0,OD1,3
qwen_instruct,h2_choice,65,random,BaHa,0,0.008599999999999997,0.008599999999999997,0.008600000000000052,0,0,0,OD2,2
qwen_instruct,h2_choice,65,random,BaHa,1,0.004499999999999997,0.004499999999999997,0.0044999999999999485,0,0,0,OD2,2
qwen_instruct,h2_choice,65,random,BaHa,2,0.027899999999999925,0.027899999999999925,0.027899999999999925,0,0,0,OD2,2
qwen_instruct,h2_choice,65,random,BaHa,3,0.0436,0.04360000000000008,0.04360000000000008,0,0,0,OD2,2
qwen_instruct,h2_choice,65,random,BaHr,0,0.007199999999999998,0.007199999999999998,0.007199999999999998,0,0,0,CO1,5
qwen_instruct,h2_choice,65,random,BaHr,1,0.007099999999999999,0.007099999999999999,0.007099999999999999,0,0,0,CO1,5
qwen_instruct,h2_choice,65,random,BaHr,2,0.01749999999999996,0.01749999999999996,0.01749999999999996,0,0,0,CO1,5
qwen_instruct,h2_choice,65,random,BaHr,3,0.11780000000000002,0.11780000000000002,0.11780000000000002,0,0,0,CO1,5
qwen_instruct,h2_choice,65,random,BaNc,0,0.017000000000000015,0.017000000000000015,0.017000000000000126,0,0,0,OD2,4
qwen_instruct,h2_choice,65,random,BaNc,1,0.006200000000000001,0.006200000000000001,0.006199999999999983,0,0,0,OD2,4
qwen_instruct,h2_choice,65,random,BaNc,2,0.02400000000000002,0.02400000000000002,0.02400000000000002,0,0,0,OD2,4
qwen_instruct,h2_choice,65,random,BaNc,3,0.0199,0.01990000000000003,0.01990000000000003,0,0,0,OD2,4
qwen_instruct,h2_choice,65,random,BaPc,0,0.006400000000000003,0.006400000000000003,0.006399999999999961,0,0,0,OD2,6
qwen_instruct,h2_choice,65,random,BaPc,1,0.0063999999999999994,0.0063999999999999994,0.006399999999999961,0,0,0,OD2,6
qwen_instruct,h2_choice,65,random,BaPc,2,0.0010999999999999899,0.0010999999999999899,0.0010999999999999899,0,0,0,OD2,6
qwen_instruct,h2_choice,65,random,BaPc,3,0.027000000000000024,0.027000000000000135,0.027000000000000135,0,0,0,OD2,6
qwen_instruct,h2_choice,65,random,BaPd,0,0.013299999999999992,0.013299999999999992,0.013299999999999992,0,0,0,OD1,5
qwen_instruct,h2_choice,65,random,BaPd,1,0.004499999999999997,0.004499999999999997,0.004499999999999997,0,0,0,OD1,5
qwen_instruct,h2_choice,65,random,BaPd,2,0.041100000000000025,0.041100000000000025,0.041100000000000025,0,0,0,OD1,5
qwen_instruct,h2_choice,65,random,BaPd,3,0.06209999999999999,0.06209999999999993,0.06209999999999993,1,1,1,OD1,5
qwen_instruct,h2_choice,65,random,BaSh,0,0.0179,0.0179,0.0179,0,0,0,MP,5
qwen_instruct,h2_choice,65,random,BaSh,1,0.016000000000000007,0.016000000000000007,0.016000000000000007,0,0,0,MP,5
qwen_instruct,h2_choice,65,random,BaSh,2,0.05019999999999997,0.05020000000000002,0.05020000000000002,0,0,0,MP,5
qwen_instruct,h2_choice,65,random,BaSh,3,0.004400000000000001,0.0043999999999999595,0.0043999999999999595,0,0,0,MP,5
qwen_instruct,h2_choice,65,random,ChAs,0,0.028700000000000003,0.028700000000000003,0.028700000000000003,0,0,0,MP,7
qwen_instruct,h2_choice,65,random,ChAs,1,0.009999999999999995,0.009999999999999995,0.009999999999999995,0,0,0,MP,7
qwen_instruct,h2_choice,65,random,ChAs,2,0.0343,0.0343,0.0343,0,0,0,MP,7
qwen_instruct,h2_choice,65,random,ChAs,3,0.05109999999999998,0.051100000000000034,0.051100000000000034,0,0,0,MP,7
qwen_instruct,h2_choice,65,random,ChBa,0,0.005000000000000001,0.005000000000000001,0.005000000000000001,0,0,0,CO2,5
qwen_instruct,h2_choice,65,random,ChBa,1,0.0017000000000000001,0.0017000000000000001,0.0017000000000000001,0,0,0,CO2,5
qwen_instruct,h2_choice,65,random,ChBa,2,0.037800000000000056,0.037800000000000056,0.037800000000000056,0,0,0,CO2,5
qwen_instruct,h2_choice,65,random,ChBa,3,0.09129999999999994,0.09129999999999994,0.09129999999999994,0,0,0,CO2,5
qwen_instruct,h2_choice,65,random,ChCh,0,0.0050000000000000044,0.0050000000000000044,0.0050000000000000044,0,0,0,CO2,6
qwen_instruct,h2_choice,65,random,ChCh,1,0.003899999999999999,0.003899999999999999,0.003899999999999999,0,0,0,CO2,6
qwen_instruct,h2_choice,65,random,ChCh,2,0.0232,0.02320000000000011,0.02320000000000011,0,0,0,CO2,6
qwen_instruct,h2_choice,65,random,ChCh,3,0.026499999999999996,0.026499999999999968,0.026499999999999968,0,0,0,CO2,6
qwen_instruct,h2_choice,65,random,ChCm,0,0.006899999999999996,0.006899999999999996,0.006899999999999996,0,0,0,OD1,7
qwen_instruct,h2_choice,65,random,ChCm,1,0.0039000000000000007,0.0039000000000000007,0.0039000000000000007,0,0,0,OD1,7
qwen_instruct,h2_choice,65,random,ChCm,2,0.05369999999999997,0.05369999999999997,0.05369999999999997,0,0,0,OD1,7
qwen_instruct,h2_choice,65,random,ChCm,3,0.06220000000000003,0.06220000000000003,0.06220000000000003,1,1,1,OD1,7
qwen_instruct,h2_choice,65,random,ChCo,0,0.017699999999999994,0.017699999999999994,0.017699999999999994,0,0,0,MP,9
qwen_instruct,h2_choice,65,random,ChCo,1,0.0057,0.0057,0.0057,0,0,0,MP,9
qwen_instruct,h2_choice,65,random,ChCo,2,0.030500000000000083,0.030500000000000083,0.030500000000000083,0,0,0,MP,9
qwen_instruct,h2_choice,65,random,ChCo,3,0.06359999999999999,0.06359999999999999,0.06359999999999999,0,0,0,MP,9
qwen_instruct,h2_choice,65,random,ChDl,0,0.005000000000000001,0.005000000000000001,0.005000000000000001,0,0,0,OD1,9
qwen_instruct,h2_choice,65,random,ChDl,1,0.0017000000000000001,0.0017000000000000001,0.0017000000000000001,0,0,0,OD1,9
qwen_instruct,h2_choice,65,random,ChDl,2,0.0343,0.0343,0.0343,0,0,0,OD1,9
qwen_instruct,h2_choice,65,random,ChDl,3,0.062000000000000055,0.062000000000000055,0.062000000000000055,1,1,1,OD1,9
qwen_instruct,h2_choice,65,random,ChHa,0,0.0131,0.0131,0.01309999999999989,0,0,0,OD2,8
qwen_instruct,h2_choice,65,random,ChHa,1,0.0194,0.0194,0.019399999999999973,0,0,0,OD2,8
qwen_instruct,h2_choice,65,random,ChHa,2,0.008199999999999985,0.008199999999999985,0.008199999999999985,0,0,0,OD2,8
qwen_instruct,h2_choice,65,random,ChHa,3,0.055300000000000016,0.055300000000000016,0.055300000000000016,0,0,0,OD2,8
qwen_instruct,h2_choice,65,random,ChHr,0,0.004399999999999998,0.004399999999999998,0.004399999999999998,0,0,0,CO1,6
qwen_instruct,h2_choice,65,random,ChHr,1,0.0021000000000000003,0.0021000000000000003,0.0021000000000000003,0,0,0,CO1,6
qwen_instruct,h2_choice,65,random,ChHr,2,0.02190000000000003,0.02190000000000003,0.02190000000000003,0,0,0,CO1,6
qwen_instruct,h2_choice,65,random,ChHr,3,0.06010000000000004,0.06010000000000004,0.06010000000000004,0,0,0,CO1,6
qwen_instruct,h2_choice,65,random,CmAs,0,0.0028000000000000004,0.0028000000000000004,0.0028000000000000247,0,0,0,OD1,8
qwen_instruct,h2_choice,65,random,CmAs,1,0.0010999999999999994,0.0010999999999999994,0.0010999999999999899,0,0,0,OD1,8
qwen_instruct,h2_choice,65,random,CmAs,2,0.0043999999999999595,0.0043999999999999595,0.0043999999999999595,0,0,0,OD1,8
qwen_instruct,h2_choice,65,random,CmAs,3,0.08320000000000005,0.08320000000000005,0.08320000000000005,0,0,0,OD1,8
qwen_instruct,h2_choice,65,random,CmCm,0,0.0005,0.0005,0.0004999999999999449,0,0,0,DD,2
qwen_instruct,h2_choice,65,random,CmCm,1,9.999999999999996e-05,9.999999999999996e-05,9.999999999998899e-05,0,0,0,DD,2
qwen_instruct,h2_choice,65,random,CmCm,2,0.0017000000000000348,0.0017000000000000348,0.0017000000000000348,0,0,0,DD,2
qwen_instruct,h2_choice,65,random,CmCm,3,0.020499999999999963,0.020499999999999963,0.020499999999999963,0,0,0,DD,2
qwen_instruct,h2_choice,65,random,CmDl,0,0.0009000000000000002,0.0009000000000000002,0.0009000000000000119,0,0,0,DD,4
qwen_instruct,h2_choice,65,random,CmDl,1,0.00019999999999999998,0.00019999999999999998,0.00019999999999997797,0,0,0,DD,4
qwen_instruct,h2_choice,65,random,CmDl,2,0.0008000000000000229,0.0008000000000000229,0.0008000000000000229,0,0,0,DD,4
qwen_instruct,h2_choice,65,random,CmDl,3,0.03920000000000001,0.03920000000000001,0.03920000000000001,0,0,0,DD,4
qwen_instruct,h2_choice,65,random,CmHa,0,0.0021000000000000003,0.0021000000000000003,0.0020999999999999908,0,0,0,DD,6
qwen_instruct,h2_choice,65,random,CmHa,1,0.0006000000000000001,0.0006000000000000001,0.0006000000000000449,0,0,0,DD,6
qwen_instruct,h2_choice,65,random,CmHa,2,0.0019000000000000128,0.0019000000000000128,0.0019000000000000128,0,0,0,DD,6
qwen_instruct,h2_choice,65,random,CmHa,3,0.046599999999999975,0.046599999999999975,0.046599999999999975,0,0,0,DD,6
qwen_instruct,h2_choice,65,random,CmNc,0,0.0024000000000000002,0.0024000000000000002,0.0024000000000000687,0,0,0,DD,8
qwen_instruct,h2_choice,65,random,CmNc,1,0.0005,0.0005,0.000500000000000056,0,0,0,DD,8
qwen_instruct,h2_choice,65,random,CmNc,2,0.0007000000000000339,0.0007000000000000339,0.0007000000000000339,0,0,0,DD,8
qwen_instruct,h2_choice,65,random,CmNc,3,0.022700000000000053,0.022700000000000053,0.022700000000000053,0,0,0,DD,8
qwen_instruct,h2_choice,65,random,CoAs,0,0.06310000000000004,0.06310000000000004,0.06310000000000004,0,0,0,CO2,7
qwen_instruct,h2_choice,65,random,CoAs,1,0.09179999999999994,0.09179999999999994,0.09179999999999994,1,1,1,CO2,7
qwen_instruct,h2_choice,65,random,CoAs,2,0.010300000000000004,0.010299999999999976,0.010299999999999976,1,1,1,CO2,7
qwen_instruct,h2_choice,65,random,CoAs,3,0.0017000000000000001,0.0017000000000000348,0.0017000000000000348,0,0,0,CO2,7
qwen_instruct,h2_choice,65,random,CoCo,0,0.036699999999999955,0.036699999999999955,0.036699999999999955,0,0,0,CO1,7
qwen_instruct,h2_choice,65,random,CoCo,1,0.09389999999999993,0.09389999999999993,0.09389999999999993,1,1,1,CO1,7
qwen_instruct,h2_choice,65,random,CoCo,2,0.004799999999999999,0.0048000000000000265,0.0048000000000000265,0,0,0,CO1,7
qwen_instruct,h2_choice,65,random,CoCo,3,0.0033999999999999994,0.0033999999999999586,0.0033999999999999586,0,0,0,CO1,7
qwen_instruct,h2_choice,65,random,CoSh,0,0.053300000000000014,0.053300000000000014,0.053300000000000014,0,0,0,CO2,8
qwen_instruct,h2_choice,65,random,CoSh,1,0.09360000000000002,0.09360000000000002,0.09360000000000002,1,1,1,CO2,8
qwen_instruct,h2_choice,65,random,CoSh,2,0.0023,0.0022999999999999687,0.0022999999999999687,0,0,0,CO2,8
qwen_instruct,h2_choice,65,random,CoSh,3,0.0004000000000000002,0.00039999999999995595,0.00039999999999995595,0,0,0,CO2,8
qwen_instruct,h2_choice,65,random,HaAs,0,0.008000000000000007,0.008000000000000007,0.008000000000000007,0,0,0,OD2,7
qwen_instruct,h2_choice,65,random,HaAs,1,0.04290000000000005,0.04290000000000005,0.04290000000000005,0,0,0,OD2,7
qwen_instruct,h2_choice,65,random,HaAs,2,0.0016000000000000003,0.0016000000000000458,0.0016000000000000458,0,0,0,OD2,7
qwen_instruct,h2_choice,65,random,HaAs,3,0.00019999999999999993,0.000200000000000089,0.000200000000000089,0,0,0,OD2,7
qwen_instruct,h2_choice,65,random,HaBa,0,0.0026999999999999247,0.0026999999999999247,0.0026999999999999247,0,0,0,OD2,9
qwen_instruct,h2_choice,65,random,HaBa,1,0.0595,0.0595,0.0595,0,0,0,OD2,9
qwen_instruct,h2_choice,65,random,HaBa,2,0.016,0.016000000000000014,0.016000000000000014,0,0,0,OD2,9
qwen_instruct,h2_choice,65,random,HaBa,3,0.0033999999999999994,0.0033999999999999586,0.0033999999999999586,0,0,0,OD2,9
qwen_instruct,h2_choice,65,random,HaCm,0,0.022299999999999986,0.022299999999999986,0.022299999999999986,0,0,0,DD,1
qwen_instruct,h2_choice,65,random,HaCm,1,0.10460000000000003,0.10460000000000003,0.10460000000000003,0,0,0,DD,1
qwen_instruct,h2_choice,65,random,HaCm,2,0.0116,0.011600000000000055,0.011600000000000055,0,0,0,DD,1
qwen_instruct,h2_choice,65,random,HaCm,3,0.0092,0.009199999999999986,0.009199999999999986,0,0,0,DD,1
qwen_instruct,h2_choice,65,random,HaDl,0,0.005600000000000049,0.005600000000000049,0.005600000000000049,0,0,0,DD,3
qwen_instruct,h2_choice,65,random,HaDl,1,0.03949999999999998,0.03949999999999998,0.03949999999999998,0,0,0,DD,3
qwen_instruct,h2_choice,65,random,HaDl,2,0.0020999999999999977,0.0020999999999999908,0.0020999999999999908,0,0,0,DD,3
qwen_instruct,h2_choice,65,random,HaDl,3,0.0009,0.0009000000000000119,0.0009000000000000119,0,0,0,DD,3
qwen_instruct,h2_choice,65,random,HaHa,0,0.0012999999999999678,0.0012999999999999678,0.0012999999999999678,0,0,0,DD,5
qwen_instruct,h2_choice,65,random,HaHa,1,0.05179999999999996,0.05179999999999996,0.05179999999999996,0,0,0,DD,5
qwen_instruct,h2_choice,65,random,HaHa,2,0.0015000000000000005,0.0015000000000000568,0.0015000000000000568,0,0,0,DD,5
qwen_instruct,h2_choice,65,random,HaHa,3,0.0002000000000000001,0.00019999999999997797,0.00019999999999997797,0,0,0,DD,5
qwen_instruct,h2_choice,65,random,HaNc,0,0.0024000000000000687,0.0024000000000000687,0.0024000000000000687,0,0,0,DD,7
qwen_instruct,h2_choice,65,random,HaNc,1,0.016199999999999992,0.016199999999999992,0.016199999999999992,0,0,0,DD,7
qwen_instruct,h2_choice,65,random,HaNc,2,0.003899999999999999,0.0039000000000000146,0.0039000000000000146,0,0,0,DD,7
qwen_instruct,h2_choice,65,random,HaNc,3,0.00030000000000000014,0.00029999999999996696,0.00029999999999996696,0,0,0,DD,7
qwen_instruct,h2_choice,65,random,HaPc,0,0.0035000000000000586,0.0035000000000000586,0.0035000000000000586,0,0,0,DD,9
qwen_instruct,h2_choice,65,random,HaPc,1,0.07579999999999998,0.07579999999999998,0.07579999999999998,0,0,0,DD,9
qwen_instruct,h2_choice,65,random,HaPc,2,0.005000000000000001,0.0050000000000000044,0.0050000000000000044,0,0,0,DD,9
qwen_instruct,h2_choice,65,random,HaPc,3,0.0002000000000000001,0.00019999999999997797,0.00019999999999997797,0,0,0,DD,9
qwen_instruct,h2_choice,65,random,HrAs,0,0.017699999999999994,0.017699999999999994,0.017699999999999938,0,0,0,MP,8
qwen_instruct,h2_choice,65,random,HrAs,1,0.001,0.001,0.0010000000000000009,0,0,0,MP,8
qwen_instruct,h2_choice,65,random,HrAs,2,0.041200000000000014,0.041200000000000014,0.041200000000000014,0,0,0,MP,8
qwen_instruct,h2_choice,65,random,HrAs,3,0.09209999999999996,0.09209999999999996,0.09209999999999996,0,0,0,MP,8
qwen_instruct,h2_choice,65,random,HrBa,0,0.0030999999999999986,0.0030999999999999986,0.0030999999999999917,0,0,0,CO1,2
qwen_instruct,h2_choice,65,random,HrBa,1,0.001299999999999999,0.001299999999999999,0.0012999999999999678,0,0,0,CO1,2
qwen_instruct,h2_choice,65,random,HrBa,2,0.011599999999999944,0.011599999999999944,0.011599999999999944,0,0,0,CO1,2
qwen_instruct,h2_choice,65,random,HrBa,3,0.08099999999999996,0.08099999999999996,0.08099999999999996,0,0,0,CO1,2
qwen_instruct,h2_choice,65,random,HrCh,0,0.0023999999999999994,0.0023999999999999994,0.0023999999999999577,0,0,0,CO1,4
qwen_instruct,h2_choice,65,random,HrCh,1,0.0009000000000000002,0.0009000000000000002,0.0009000000000000119,0,0,0,CO1,4
qwen_instruct,h2_choice,65,random,HrCh,2,0.012800000000000034,0.012800000000000034,0.012800000000000034,0,0,0,CO1,4
qwen_instruct,h2_choice,65,random,HrCh,3,0.045399999999999996,0.045399999999999996,0.045399999999999996,0,0,0,CO1,4
qwen_instruct,h2_choice,65,random,HrHr,0,0.0114,0.0114,0.011399999999999966,0,0,0,CO2,2
qwen_instruct,h2_choice,65,random,HrHr,1,0.0035000000000000014,0.0035000000000000014,0.0035000000000000586,0,0,0,CO2,2
qwen_instruct,h2_choice,65,random,HrHr,2,0.016199999999999992,0.016199999999999992,0.016199999999999992,0,0,0,CO2,2
qwen_instruct,h2_choice,65,random,HrHr,3,0.10560000000000003,0.10560000000000003,0.10560000000000003,0,0,0,CO2,2
qwen_instruct,h2_choice,65,random,ShAs,0,0.03209999999999999,0.03209999999999999,0.03209999999999999,0,0,0,CO1,8
qwen_instruct,h2_choice,65,random,ShAs,1,0.005399999999999995,0.005399999999999995,0.005399999999999995,0,0,0,CO1,8
qwen_instruct,h2_choice,65,random,ShAs,2,0.019299999999999984,0.019299999999999984,0.019299999999999984,0,0,0,CO1,8
qwen_instruct,h2_choice,65,random,ShAs,3,0.010099999999999998,0.010099999999999998,0.010099999999999998,0,0,0,CO1,8
qwen_instruct,h2_choice,65,random,ShCo,0,0.028700000000000003,0.028700000000000003,0.028700000000000003,0,0,0,CO2,9
qwen_instruct,h2_choice,65,random,ShCo,1,0.02149999999999999,0.02149999999999999,0.02149999999999999,0,0,0,CO2,9
qwen_instruct,h2_choice,65,random,ShCo,2,0.013799999999999993,0.013800000000000034,0.013800000000000034,0,0,0,CO2,9
qwen_instruct,h2_choice,65,random,ShCo,3,0.0017000000000000001,0.0017000000000000348,0.0017000000000000348,0,0,0,CO2,9
qwen_instruct,h2_choice,65,random,ShSh,0,0.03720000000000001,0.03720000000000001,0.03720000000000001,0,0,0,CO1,9
qwen_instruct,h2_choice,65,random,ShSh,1,0.009399999999999992,0.009399999999999992,0.009399999999999992,0,0,0,CO1,9
qwen_instruct,h2_choice,65,random,ShSh,2,0.01720000000000002,0.017200000000000104,0.017200000000000104,0,0,0,CO1,9
qwen_instruct,h2_choice,65,random,ShSh,3,0.003799999999999998,0.0038000000000000256,0.0038000000000000256,0,0,0,CO1,9
qwen_instruct,h2_choice,79,main,AsAs,0,0.5155,0.5155,0.5155,1,1,1,CO1,1
qwen_instruct,h2_choice,79,main,AsAs,1,0.3415,0.3415,0.3415,0,0,0,CO1,1
qwen_instruct,h2_choice,79,main,AsAs,2,0.7016,0.7016,0.7016,1,1,1,CO1,1
qwen_instruct,h2_choice,79,main,AsAs,3,0.3147,0.3147,0.3147,0,0,0,CO1,1
qwen_instruct,h2_choice,79,main,AsBa,0,0.7595000000000001,0.7595000000000001,0.7595000000000001,1,1,1,MP,2
qwen_instruct,h2_choice,79,main,AsBa,1,0.4562,0.4562,0.45620000000000005,0,0,0,MP,2
qwen_instruct,h2_choice,79,main,AsBa,2,0.7819,0.7819,0.7819,1,1,1,MP,2
qwen_instruct,h2_choice,79,main,AsBa,3,0.2412,0.24119999999999997,0.24119999999999997,0,0,0,MP,2
qwen_instruct,h2_choice,79,main,AsCh,0,0.6638,0.6638,0.6638,1,1,1,MP,4
qwen_instruct,h2_choice,79,main,AsCh,1,0.23979999999999999,0.23979999999999999,0.2398,0,0,0,MP,4
qwen_instruct,h2_choice,79,main,AsCh,2,0.7752000000000001,0.7752,0.7752,0,0,0,MP,4
qwen_instruct,h2_choice,79,main,AsCh,3,0.515,0.515,0.515,1,1,1,MP,4
qwen_instruct,h2_choice,79,main,AsCm,0,0.36710000000000004,0.36710000000000004,0.3671,0,0,0,OD1,2
qwen_instruct,h2_choice,79,main,AsCm,1,0.1451,0.1451,0.1451,0,0,0,OD1,2
qwen_instruct,h2_choice,79,main,AsCm,2,0.7753,0.7753,0.7753,1,1,1,OD1,2
qwen_instruct,h2_choice,79,main,AsCm,3,0.7643,0.7643,0.7643,1,1,1,OD1,2
qwen_instruct,h2_choice,79,main,AsCo,0,0.7997,0.7997,0.7997,1,1,1,CO2,1
qwen_instruct,h2_choice,79,main,AsCo,1,0.5743,0.5743,0.5743,1,1,1,CO2,1
qwen_instruct,h2_choice,79,main,AsCo,2,0.7575999999999999,0.7575999999999999,0.7575999999999999,1,1,1,CO2,1
qwen_instruct,h2_choice,79,main,AsCo,3,0.45659999999999995,0.4566,0.4566,0,0,0,CO2,1
qwen_instruct,h2_choice,79,main,AsDl,0,0.42469999999999997,0.42469999999999997,0.4247000000000001,0,0,0,OD1,4
qwen_instruct,h2_choice,79,main,AsDl,1,0.2185,0.2185,0.21850000000000003,0,0,0,OD1,4
qwen_instruct,h2_choice,79,main,AsDl,2,0.8047,0.8047,0.8047,1,1,1,OD1,4
qwen_instruct,h2_choice,79,main,AsDl,3,0.6534,0.6534,0.6534,1,1,1,OD1,4
qwen_instruct,h2_choice,79,main,AsHa,0,0.7298,0.7298,0.7298,1,1,1,OD2,1
qwen_instruct,h2_choice,79,main,AsHa,1,0.4546,0.4546,0.4546,0,0,0,OD2,1
qwen_instruct,h2_choice,79,main,AsHa,2,0.3983,0.3982999999999999,0.3982999999999999,0,0,0,OD2,1
qwen_instruct,h2_choice,79,main,AsHa,3,0.1986,0.1986,0.1986,0,0,0,OD2,1
qwen_instruct,h2_choice,79,main,AsHr,0,0.7077,0.7077,0.7077,1,1,1,MP,6
qwen_instruct,h2_choice,79,main,AsHr,1,0.42779999999999996,0.42779999999999996,0.42779999999999996,0,0,0,MP,6
qwen_instruct,h2_choice,79,main,AsHr,2,0.7853,0.7853,0.7853,1,1,1,MP,6
qwen_instruct,h2_choice,79,main,AsHr,3,0.5437,0.5437,0.5437,1,1,1,MP,6
qwen_instruct,h2_choice,79,main,AsNc,0,0.6255999999999999,0.6255999999999999,0.6255999999999999,1,1,1,OD2,3
qwen_instruct,h2_choice,79,main,AsNc,1,0.1986,0.1986,0.1986,0,0,0,OD2,3
qwen_instruct,h2_choice,79,main,AsNc,2,0.42810000000000004,0.4280999999999999,0.4280999999999999,0,0,0,OD2,3
qwen_instruct,h2_choice,79,main,AsNc,3,0.2177,0.2176999999999999,0.2176999999999999,0,0,0,OD2,3
qwen_instruct,h2_choice,79,main,AsPc,0,0.8081,0.8081,0.8081,1,1,1,OD2,5
qwen_instruct,h2_choice,79,main,AsPc,1,0.6721,0.6721,0.6721,1,1,1,OD2,5
qwen_instruct,h2_choice,79,main,AsPc,2,0.5171,0.5171,0.5171,1,1,1,OD2,5
qwen_instruct,h2_choice,79,main,AsPc,3,0.1981,0.19809999999999994,0.19809999999999994,0,0,0,OD2,5
qwen_instruct,h2_choice,79,main,AsPd,0,0.7824,0.7824,0.7824,1,1,1,OD1,6
qwen_instruct,h2_choice,79,main,AsPd,1,0.6497,0.6497,0.6497,1,1,1,OD1,6
qwen_instruct,h2_choice,79,main,AsPd,2,0.7916,0.7916,0.7916,1,1,1,OD1,6
qwen_instruct,h2_choice,79,main,AsPd,3,0.4584,0.45840000000000003,0.45840000000000003,0,0,0,OD1,6
qwen_instruct,h2_choice,79,main,AsSh,0,0.6940000000000001,0.6940000000000001,0.6940000000000001,1,1,1,CO1,3
qwen_instruct,h2_choice,79,main,AsSh,1,0.5429999999999999,0.5429999999999999,0.5429999999999999,1,1,1,CO1,3
qwen_instruct,h2_choice,79,main,AsSh,2,0.6755,0.6755,0.6755,1,1,1,CO1,3
qwen_instruct,h2_choice,79,main,AsSh,3,0.371,0.3709999999999999,0.3709999999999999,0,0,0,CO1,3
qwen_instruct,h2_choice,79,main,BaAs,0,0.427,0.427,0.427,0,0,0,MP,1
qwen_instruct,h2_choice,79,main,BaAs,1,0.26239999999999997,0.26239999999999997,0.26239999999999997,0,0,0,MP,1
qwen_instruct,h2_choice,79,main,BaAs,2,0.7815000000000001,0.7815000000000001,0.7815000000000001,1,1,1,MP,1
qwen_instruct,h2_choice,79,main,BaAs,3,0.5728,0.5728,0.5728,1,1,1,MP,1
qwen_instruct,h2_choice,79,main,BaBa,0,0.3427,0.3427,0.3427,0,0,0,CO2,3
qwen_instruct,h2_choice,79,main,BaBa,1,0.2401,0.2401,0.2401,0,0,0,CO2,3
qwen_instruct,h2_choice,79,main,BaBa,2,0.6017,0.6017,0.6017,1,1,1,CO2,3
qwen_instruct,h2_choice,79,main,BaBa,3,0.8081999999999999,0.8081999999999999,0.8081999999999999,1,1,1,CO2,3
qwen_instruct,h2_choice,79,main,BaCh,0,0.4577,0.4577,0.4577,0,0,0,CO2,4
qwen_instruct,h2_choice,79,main,BaCh,1,0.34259999999999996,0.34259999999999996,0.34259999999999996,0,0,0,CO2,4
qwen_instruct,h2_choice,79,main,BaCh,2,0.758,0.758,0.758,1,1,1,CO2,4
qwen_instruct,h2_choice,79,main,BaCh,3,0.7843,0.7843,0.7843,1,1,1,CO2,4
qwen_instruct,h2_choice,79,main,BaCm,0,0.2402,0.2402,0.2402,0,0,0,OD1,1
qwen_instruct,h2_choice,79,main,BaCm,1,0.19770000000000001,0.19770000000000001,0.19770000000000001,0,0,0,OD1,1
qwen_instruct,h2_choice,79,main,BaCm,2,0.5484,0.5484,0.5484,1,1,1,OD1,1
qwen_instruct,h2_choice,79,main,BaCm,3,0.7127,0.7127,0.7127,1,1,1,OD1,1
qwen_instruct,h2_choice,79,main,BaCo,0,0.2892,0.2892,0.2892,0,0,0,MP,3
qwen_instruct,h2_choice,79,main,BaCo,1,0.1174,0.1174,0.1174,0,0,0,MP,3
qwen_instruct,h2_choice,79,main,BaCo,2,0.6934,0.6934,0.6934,1,1,1,MP,3
qwen_instruct,h2_choice,79,main,BaCo,3,0.6532,0.6532,0.6532,1,1,1,MP,3
qwen_instruct,h2_choice,79,main,BaDl,0,0.3161,0.3161,0.3161,0,0,0,OD1,3
qwen_instruct,h2_choice,79,main,BaDl,1,0.179,0.179,0.179,0,0,0,OD1,3
qwen_instruct,h2_choice,79,main,BaDl,2,0.7717999999999999,0.7717999999999999,0.7717999999999999,1,1,1,OD1,3
qwen_instruct,h2_choice,79,main,BaDl,3,0.7238,0.7238,0.7238,1,1,1,OD1,3
qwen_instruct,h2_choice,79,main,BaHa,0,0.368,0.368,0.368,0,0,0,OD2,2
qwen_instruct,h2_choice,79,main,BaHa,1,0.2407,0.2407,0.24069999999999991,0,0,0,OD2,2
qwen_instruct,h2_choice,79,main,BaHa,2,0.7506,0.7506,0.7506,1,1,1,OD2,2
qwen_instruct,h2_choice,79,main,BaHa,3,0.6728,0.6728,0.6728,1,1,1,OD2,2
qwen_instruct,h2_choice,79,main,BaHr,0,0.2185,0.2185,0.2185,0,0,0,CO1,5
qwen_instruct,h2_choice,79,main,BaHr,1,0.2194,0.2194,0.2194,0,0,0,CO1,5
qwen_instruct,h2_choice,79,main,BaHr,2,0.36939999999999995,0.36939999999999995,0.36939999999999995,0,0,0,CO1,5
qwen_instruct,h2_choice,79,main,BaHr,3,0.7852,0.7852,0.7852,1,1,1,CO1,5
qwen_instruct,h2_choice,79,main,BaNc,0,0.6026,0.6026,0.6026,0,0,0,OD2,4
qwen_instruct,h2_choice,79,main,BaNc,1,0.199,0.199,0.19899999999999995,0,0,0,OD2,4
qwen_instruct,h2_choice,79,main,BaNc,2,0.7215,0.7215,0.7215,1,1,1,OD2,4
qwen_instruct,h2_choice,79,main,BaNc,3,0.4289,0.42889999999999995,0.42889999999999995,0,0,0,OD2,4
qwen_instruct,h2_choice,79,main,BaPc,0,0.314,0.314,0.31399999999999995,0,0,0,OD2,6
qwen_instruct,h2_choice,79,main,BaPc,1,0.18030000000000002,0.18030000000000002,0.18030000000000002,0,0,0,OD2,6
qwen_instruct,h2_choice,79,main,BaPc,2,0.7181,0.7181000000000001,0.7181000000000001,1,1,1,OD2,6
qwen_instruct,h2_choice,79,main,BaPc,3,0.7637,0.7637,0.7637,1,1,1,OD2,6
qwen_instruct,h2_choice,79,main,BaPd,0,0.4859,0.4859,0.4859,0,0,0,OD1,5
qwen_instruct,h2_choice,79,main,BaPd,1,0.24000000000000002,0.24000000000000002,0.24000000000000002,0,0,0,OD1,5
qwen_instruct,h2_choice,79,main,BaPd,2,0.653,0.653,0.653,1,1,1,OD1,5
qwen_instruct,h2_choice,79,main,BaPd,3,0.7976000000000001,0.7976000000000001,0.7976000000000001,1,1,1,OD1,5
qwen_instruct,h2_choice,79,main,BaSh,0,0.3985,0.3985,0.3985,0,0,0,MP,5
qwen_instruct,h2_choice,79,main,BaSh,1,0.3688,0.3688,0.3688,0,0,0,MP,5
qwen_instruct,h2_choice,79,main,BaSh,2,0.713,0.713,0.713,1,1,1,MP,5
qwen_instruct,h2_choice,79,main,BaSh,3,0.2407,0.24070000000000003,0.24070000000000003,0,0,0,MP,5
qwen_instruct,h2_choice,79,main,ChAs,0,0.5752999999999999,0.5752999999999999,0.5752999999999999,0,0,0,MP,7
qwen_instruct,h2_choice,79,main,ChAs,1,0.2641,0.2641,0.2641,0,0,0,MP,7
qwen_instruct,h2_choice,79,main,ChAs,2,0.5998,0.5998,0.5998,1,1,1,MP,7
qwen_instruct,h2_choice,79,main,ChAs,3,0.735,0.735,0.735,1,1,1,MP,7
qwen_instruct,h2_choice,79,main,ChBa,0,0.1455,0.1455,0.1455,0,0,0,CO2,5
qwen_instruct,h2_choice,79,main,ChBa,1,0.06659999999999999,0.06659999999999999,0.06659999999999999,0,0,0,CO2,5
qwen_instruct,h2_choice,79,main,ChBa,2,0.5193000000000001,0.5193000000000001,0.5193000000000001,0,0,0,CO2,5
qwen_instruct,h2_choice,79,main,ChBa,3,0.7993,0.7993,0.7993,1,1,1,CO2,5
qwen_instruct,h2_choice,79,main,ChCh,0,0.2902,0.2902,0.2902,0,0,0,CO2,6
qwen_instruct,h2_choice,79,main,ChCh,1,0.1319,0.1319,0.1319,0,0,0,CO2,6
qwen_instruct,h2_choice,79,main,ChCh,2,0.7017,0.7017,0.7017,0,0,0,CO2,6
qwen_instruct,h2_choice,79,main,ChCh,3,0.5475,0.5475,0.5475,1,1,1,CO2,6
qwen_instruct,h2_choice,79,main,ChCm,0,0.341,0.341,0.341,0,0,0,OD1,7
qwen_instruct,h2_choice,79,main,ChCm,1,0.0942,0.0942,0.0942,0,0,0,OD1,7
qwen_instruct,h2_choice,79,main,ChCm,2,0.6564,0.6564,0.6564,1,1,1,OD1,7
qwen_instruct,h2_choice,79,main,ChCm,3,0.7985,0.7985,0.7985,1,1,1,OD1,7
qwen_instruct,h2_choice,79,main,ChCo,0,0.4282,0.4282,0.4282,0,0,0,MP,9
qwen_instruct,h2_choice,79,main,ChCo,1,0.1618,0.1618,0.1618,0,0,0,MP,9
qwen_instruct,h2_choice,79,main,ChCo,2,0.4588,0.4588,0.4588,0,0,0,MP,9
qwen_instruct,h2_choice,79,main,ChCo,3,0.7959,0.7959,0.7959,1,1,1,MP,9
qwen_instruct,h2_choice,79,main,ChDl,0,0.1625,0.1625,0.1625,0,0,0,OD1,9
qwen_instruct,h2_choice,79,main,ChDl,1,0.0593,0.0593,0.0593,0,0,0,OD1,9
qwen_instruct,h2_choice,79,main,ChDl,2,0.5722,0.5722,0.5722,1,1,1,OD1,9
qwen_instruct,h2_choice,79,main,ChDl,3,0.7857000000000001,0.7857000000000001,0.7857000000000001,1,1,1,OD1,9
qwen_instruct,h2_choice,79,main,ChHa,0,0.549,0.549,0.549,0,0,0,OD2,8
qwen_instruct,h2_choice,79,main,ChHa,1,0.4283,0.4283,0.4282999999999999,0,0,0,OD2,8
qwen_instruct,h2_choice,79,main,ChHa,2,0.21899999999999997,0.21899999999999997,0.21899999999999997,0,0,0,OD2,8
qwen_instruct,h2_choice,79,main,ChHa,3,0.7575999999999999,0.7575999999999999,0.7575999999999999,1,1,1,OD2,8
qwen_instruct,h2_choice,79,main,ChHr,0,0.13119999999999998,0.13119999999999998,0.13119999999999998,0,0,0,CO1,6
qwen_instruct,h2_choice,79,main,ChHr,1,0.0745,0.0745,0.0745,0,0,0,CO1,6
qwen_instruct,h2_choice,79,main,ChHr,2,0.48750000000000004,0.48750000000000004,0.48750000000000004,1,1,1,CO1,6
qwen_instruct,h2_choice,79,main,ChHr,3,0.7911999999999999,0.7911999999999999,0.7911999999999999,1,1,1,CO1,6
qwen_instruct,h2_choice,79,main,CmAs,0,0.14579999999999999,0.14579999999999999,0.14580000000000004,0,0,0,OD1,8
qwen_instruct,h2_choice,79,main,CmAs,1,0.036699999999999997,0.036699999999999997,0.036699999999999955,0,0,0,OD1,8
qwen_instruct,h2_choice,79,main,CmAs,2,0.14560000000000006,0.14560000000000006,0.14560000000000006,0,0,0,OD1,8
qwen_instruct,h2_choice,79,main,CmAs,3,0.6289,0.6288999999999999,0.6288999999999999,1,1,1,OD1,8
qwen_instruct,h2_choice,79,main,CmCm,0,0.0108,0.0108,0.010800000000000032,0,0,0,DD,2
qwen_instruct,h2_choice,79,main,CmCm,1,0.0015,0.0015,0.0014999999999999458,0,0,0,DD,2
qwen_instruct,h2_choice,79,main,CmCm,2,0.05940000000000001,0.05940000000000001,0.05940000000000001,0,0,0,DD,2
qwen_instruct,h2_choice,79,main,CmCm,3,0.3719,0.3719,0.3719,0,0,0,DD,2
qwen_instruct,h2_choice,79,main,CmDl,0,0.0289,0.0289,0.028900000000000037,0,0,0,DD,4
qwen_instruct,h2_choice,79,main,CmDl,1,0.0075,0.0075,0.007500000000000062,0,0,0,DD,4
qwen_instruct,h2_choice,79,main,CmDl,2,0.05269999999999997,0.05269999999999997,0.05269999999999997,0,0,0,DD,4
qwen_instruct,h2_choice,79,main,CmDl,3,0.4589,0.4589,0.4589,0,0,0,DD,4
qwen_instruct,h2_choice,79,main,CmHa,0,0.07479999999999999,0.07479999999999999,0.07479999999999998,0,0,0,DD,6
qwen_instruct,h2_choice,79,main,CmHa,1,0.010799999999999999,0.010799999999999999,0.010800000000000032,0,0,0,DD,6
qwen_instruct,h2_choice,79,main,CmHa,2,0.07479999999999998,0.07479999999999998,0.07479999999999998,0,0,0,DD,6
qwen_instruct,h2_choice,79,main,CmHa,3,0.4302,0.4302,0.4302,0,0,0,DD,6
qwen_instruct,h2_choice,79,main,CmNc,0,0.0528,0.0528,0.05279999999999996,0,0,0,DD,8
qwen_instruct,h2_choice,79,main,CmNc,1,0.010799999999999999,0.010799999999999999,0.010800000000000032,0,0,0,DD,8
qwen_instruct,h2_choice,79,main,CmNc,2,0.028900000000000037,0.028900000000000037,0.028900000000000037,0,0,0,DD,8
qwen_instruct,h2_choice,79,main,CmNc,3,0.2892,0.2892,0.2892,0,0,0,DD,8
qwen_instruct,h2_choice,79,main,CoAs,0,0.6248,0.6248,0.6248,1,1,1,CO2,7
qwen_instruct,h2_choice,79,main,CoAs,1,0.8192999999999999,0.8192999999999999,0.8192999999999999,1,1,1,CO2,7
qwen_instruct,h2_choice,79,main,CoAs,2,0.2896,0.28959999999999997,0.28959999999999997,0,0,0,CO2,7
qwen_instruct,h2_choice,79,main,CoAs,3,0.052500000000000005,0.05249999999999999,0.05249999999999999,0,0,0,CO2,7
qwen_instruct,h2_choice,79,main,CoCo,0,0.6292,0.6292,0.6292,1,1,1,CO1,7
qwen_instruct,h2_choice,79,main,CoCo,1,0.8198000000000001,0.8198000000000001,0.8198000000000001,1,1,1,CO1,7
qwen_instruct,h2_choice,79,main,CoCo,2,0.264,0.2639999999999999,0.2639999999999999,0,0,0,CO1,7
qwen_instruct,h2_choice,79,main,CoCo,3,0.0664,0.06640000000000001,0.06640000000000001,0,0,0,CO1,7
qwen_instruct,h2_choice,79,main,CoSh,0,0.6276999999999999,0.6276999999999999,0.6276999999999999,1,1,1,CO2,8
qwen_instruct,h2_choice,79,main,CoSh,1,0.7984,0.7984,0.7984,1,1,1,CO2,8
qwen_instruct,h2_choice,79,main,CoSh,2,0.1302,0.1302000000000001,0.1302000000000001,0,0,0,CO2,8
qwen_instruct,h2_choice,79,main,CoSh,3,0.022799999999999997,0.022800000000000042,0.022800000000000042,0,0,0,CO2,8
qwen_instruct,h2_choice,79,main,HaAs,0,0.16170000000000007,0.16170000000000007,0.16170000000000007,0,0,0,OD2,7
qwen_instruct,h2_choice,79,main,HaAs,1,0.4575,0.4575,0.4575,0,0,0,OD2,7
qwen_instruct,h2_choice,79,main,HaAs,2,0.0255,0.025500000000000078,0.025500000000000078,0,0,0,OD2,7
qwen_instruct,h2_choice,79,main,HaAs,3,0.004,0.0040000000000000036,0.0040000000000000036,0,0,0,OD2,7
qwen_instruct,h2_choice,79,main,HaBa,0,0.08379999999999999,0.08379999999999999,0.08379999999999999,0,0,0,OD2,9
qwen_instruct,h2_choice,79,main,HaBa,1,0.3990999999999999,0.3990999999999999,0.3990999999999999,0,0,0,OD2,9
qwen_instruct,h2_choice,79,main,HaBa,2,0.399,0.3989999999999999,0.3989999999999999,0,0,0,OD2,9
qwen_instruct,h2_choice,79,main,HaBa,3,0.0665,0.0665,0.0665,0,0,0,OD2,9
qwen_instruct,h2_choice,79,main,HaCm,0,0.34029999999999994,0.34029999999999994,0.34029999999999994,0,0,0,DD,1
qwen_instruct,h2_choice,79,main,HaCm,1,0.6504000000000001,0.6504000000000001,0.6504000000000001,1,1,1,DD,1
qwen_instruct,h2_choice,79,main,HaCm,2,0.45649999999999996,0.4565,0.4565,0,0,0,DD,1
qwen_instruct,h2_choice,79,main,HaCm,3,0.2402,0.24020000000000008,0.24020000000000008,0,0,0,DD,1
qwen_instruct,h2_choice,79,main,HaDl,0,0.11770000000000003,0.11770000000000003,0.11770000000000003,0,0,0,DD,3
qwen_instruct,h2_choice,79,main,HaDl,1,0.4265,0.4265,0.4265,0,0,0,DD,3
qwen_instruct,h2_choice,79,main,HaDl,2,0.1316,0.13159999999999994,0.13159999999999994,0,0,0,DD,3
qwen_instruct,h2_choice,79,main,HaDl,3,0.0178,0.017800000000000038,0.017800000000000038,0,0,0,DD,3
qwen_instruct,h2_choice,79,main,HaHa,0,0.08410000000000006,0.08410000000000006,0.08410000000000006,0,0,0,DD,5
qwen_instruct,h2_choice,79,main,HaHa,1,0.4273,0.4273,0.4273,0,0,0,DD,5
qwen_instruct,h2_choice,79,main,HaHa,2,0.0529,0.05289999999999995,0.05289999999999995,0,0,0,DD,5
qwen_instruct,h2_choice,79,main,HaHa,3,0.0058,0.005800000000000027,0.005800000000000027,0,0,0,DD,5
qwen_instruct,h2_choice,79,main,HaNc,0,0.05929999999999991,0.05929999999999991,0.05929999999999991,0,0,0,DD,7
qwen_instruct,h2_choice,79,main,HaNc,1,0.26470000000000005,0.26470000000000005,0.26470000000000005,0,0,0,DD,7
qwen_instruct,h2_choice,79,main,HaNc,2,0.1309,0.13090000000000002,0.13090000000000002,0,0,0,DD,7
qwen_instruct,h2_choice,79,main,HaNc,3,0.012199999999999999,0.012199999999999989,0.012199999999999989,0,0,0,DD,7
qwen_instruct,h2_choice,79,main,HaPc,0,0.11780000000000002,0.11780000000000002,0.11780000000000002,0,0,0,DD,9
qwen_instruct,h2_choice,79,main,HaPc,1,0.5752999999999999,0.5752999999999999,0.5752999999999999,1,1,1,DD,9
qwen_instruct,h2_choice,79,main,HaPc,2,0.09430000000000001,0.09430000000000005,0.09430000000000005,0,0,0,DD,9
qwen_instruct,h2_choice,79,main,HaPc,3,0.012199999999999999,0.012199999999999989,0.012199999999999989,0,0,0,DD,9
qwen_instruct,h2_choice,79,main,HrAs,0,0.39630000000000004,0.39630000000000004,0.3963,0,0,0,MP,8
qwen_instruct,h2_choice,79,main,HrAs,1,0.0591,0.0591,0.05910000000000004,0,0,0,MP,8
qwen_instruct,h2_choice,79,main,HrAs,2,0.5464,0.5464,0.5464,1,1,1,MP,8
qwen_instruct,h2_choice,79,main,HrAs,3,0.7951999999999999,0.7952,0.7952,1,1,1,MP,8
qwen_instruct,h2_choice,79,main,HrBa,0,0.179,0.179,0.17900000000000005,0,0,0,CO1,2
qwen_instruct,h2_choice,79,main,HrBa,1,0.084,0.084,0.08400000000000007,0,0,0,CO1,2
qwen_instruct,h2_choice,79,main,HrBa,2,0.241,0.241,0.241,0,0,0,CO1,2
qwen_instruct,h2_choice,79,main,HrBa,3,0.6759999999999999,0.676,0.676,1,1,1,CO1,2
qwen_instruct,h2_choice,79,main,HrCh,0,0.0746,0.0746,0.0746,0,0,0,CO1,4
qwen_instruct,h2_choice,79,main,HrCh,1,0.0288,0.0288,0.028800000000000048,0,0,0,CO1,4
qwen_instruct,h2_choice,79,main,HrCh,2,0.24160000000000004,0.24160000000000004,0.24160000000000004,0,0,0,CO1,4
qwen_instruct,h2_choice,79,main,HrCh,3,0.6026,0.6026,0.6026,1,1,1,CO1,4
qwen_instruct,h2_choice,79,main,HrHr,0,0.28959999999999997,0.28959999999999997,0.28959999999999997,0,0,0,CO2,2
qwen_instruct,h2_choice,79,main,HrHr,1,0.1051,0.1051,0.10509999999999997,0,0,0,CO2,2
qwen_instruct,h2_choice,79,main,HrHr,2,0.2895,0.2895,0.2895,0,0,0,CO2,2
qwen_instruct,h2_choice,79,main,HrHr,3,0.6766000000000001,0.6766,0.6766,1,1,1,CO2,2
qwen_instruct,h2_choice,79,main,ShAs,0,0.604,0.604,0.604,1,1,1,CO1,8
qwen_instruct,h2_choice,79,main,ShAs,1,0.26289999999999997,0.26289999999999997,0.26289999999999997,0,0,0,CO1,8
qwen_instruct,h2_choice,79,main,ShAs,2,0.676,0.676,0.676,1,1,1,CO1,8
qwen_instruct,h2_choice,79,main,ShAs,3,0.2404,0.24039999999999995,0.24039999999999995,0,0,0,CO1,8
qwen_instruct,h2_choice,79,main,ShCo,0,0.7701,0.7701,0.7701,0,0,0,CO2,9
qwen_instruct,h2_choice,79,main,ShCo,1,0.4859,0.4859,0.4859,0,0,0,CO2,9
qwen_instruct,h2_choice,79,main,ShCo,2,0.5444,0.5444,0.5444,0,0,0,CO2,9
qwen_instruct,h2_choice,79,main,ShCo,3,0.1052,0.10520000000000007,0.10520000000000007,0,0,0,CO2,9
qwen_instruct,h2_choice,79,main,ShSh,0,0.6254,0.6254,0.6254,1,1,1,CO1,9
qwen_instruct,h2_choice,79,main,ShSh,1,0.398,0.398,0.398,0,0,0,CO1,9
qwen_instruct,h2_choice,79,main,ShSh,2,0.602,0.602,0.602,1,1,1,CO1,9
qwen_instruct,h2_choice,79,main,ShSh,3,0.2184,0.21840000000000004,0.21840000000000004,0,0,0,CO1,9
qwen_instruct,h2_choice,79,main_perp,AsAs,0,0.012899999999999995,0.012899999999999995,0.012899999999999995,0,0,0,CO1,1
qwen_instruct,h2_choice,79,main_perp,AsAs,1,0.0068000000000000005,0.0068000000000000005,0.0068000000000000005,0,0,0,CO1,1
qwen_instruct,h2_choice,79,main_perp,AsAs,2,0.023300000000000015,0.023299999999999987,0.023299999999999987,0,0,0,CO1,1
qwen_instruct,h2_choice,79,main_perp,AsAs,3,0.006100000000000001,0.006099999999999994,0.006099999999999994,0,0,0,CO1,1
qwen_instruct,h2_choice,79,main_perp,AsBa,0,0.03169999999999995,0.03169999999999995,0.03169999999999995,0,0,0,MP,2
qwen_instruct,h2_choice,79,main_perp,AsBa,1,0.02189999999999999,0.02189999999999999,0.02190000000000003,0,0,0,MP,2
qwen_instruct,h2_choice,79,main_perp,AsBa,2,0.02839999999999998,0.02839999999999998,0.02839999999999998,0,0,0,MP,2
qwen_instruct,h2_choice,79,main_perp,AsBa,3,0.0081,0.008099999999999996,0.008099999999999996,0,0,0,MP,2
qwen_instruct,h2_choice,79,main_perp,AsCh,0,0.0008999999999999841,0.0008999999999999841,0.0009000000000000119,0,0,0,MP,4
qwen_instruct,h2_choice,79,main_perp,AsCh,1,0.004900000000000002,0.004900000000000002,0.0049000000000000155,0,0,0,MP,4
qwen_instruct,h2_choice,79,main_perp,AsCh,2,0.0015000000000000013,0.0014999999999999458,0.0014999999999999458,0,0,0,MP,4
qwen_instruct,h2_choice,79,main_perp,AsCh,3,0.012399999999999994,0.012399999999999967,0.012399999999999967,0,0,0,MP,4
qwen_instruct,h2_choice,79,main_perp,AsCm,0,0.0087,0.0087,0.008700000000000041,0,0,0,OD1,2
qwen_instruct,h2_choice,79,main_perp,AsCm,1,0.002700000000000001,0.002700000000000001,0.0027000000000000357,0,0,0,OD1,2
qwen_instruct,h2_choice,79,main_perp,AsCm,2,0.030000000000000027,0.030000000000000027,0.030000000000000027,0,0,0,OD1,2
qwen_instruct,h2_choice,79,main_perp,AsCm,3,0.0016000000000000458,0.0016000000000000458,0.0016000000000000458,0,0,0,OD1,2
qwen_instruct,h2_choice,79,main_perp,AsCo,0,0.03149999999999997,0.03149999999999997,0.03149999999999997,0,0,0,CO2,1
qwen_instruct,h2_choice,79,main_perp,AsCo,1,0.0007999999999999952,0.0007999999999999952,0.0007999999999999952,0,0,0,CO2,1
qwen_instruct,h2_choice,79,main_perp,AsCo,2,0.028800000000000048,0.028800000000000048,0.028800000000000048,0,0,0,CO2,1
qwen_instruct,h2_choice,79,main_perp,AsCo,3,0.0005000000000000004,0.000500000000000056,0.000500000000000056,0,0,0,CO2,1
qwen_instruct,h2_choice,79,main_perp,AsDl,0,0.010899999999999993,0.010899999999999993,0.01090000000000002,0,0,0,OD1,4
qwen_instruct,h2_choice,79,main_perp,AsDl,1,0.004400000000000001,0.004400000000000001,0.0043999999999999595,0,0,0,OD1,4
qwen_instruct,h2_choice,79,main_perp,AsDl,2,0.03200000000000003,0.03200000000000003,0.03200000000000003,0,0,0,OD1,4
qwen_instruct,h2_choice,79,main_perp,AsDl,3,0.020100000000000007,0.020100000000000007,0.020100000000000007,0,0,0,OD1,4
qwen_instruct,h2_choice,79,main_perp,AsHa,0,0.02679999999999999,0.02679999999999999,0.02679999999999999,0,0,0,OD2,1
qwen_instruct,h2_choice,79,main_perp,AsHa,1,0.011700000000000002,0.011700000000000002,0.011700000000000002,0,0,0,OD2,1
qwen_instruct,h2_choice,79,main_perp,AsHa,2,0.008499999999999994,0.008499999999999952,0.008499999999999952,0,0,0,OD2,1
qwen_instruct,h2_choice,79,main_perp,AsHa,3,0.002999999999999999,0.0030000000000000027,0.0030000000000000027,0,0,0,OD2,1
qwen_instruct,h2_choice,79,main_perp,AsHr,0,0.02629999999999999,0.02629999999999999,0.02629999999999999,0,0,0,MP,6
qwen_instruct,h2_choice,79,main_perp,AsHr,1,0.009499999999999995,0.009499999999999995,0.009500000000000064,0,0,0,MP,6
qwen_instruct,h2_choice,79,main_perp,AsHr,2,0.031399999999999983,0.031399999999999983,0.031399999999999983,1,1,1,MP,6
qwen_instruct,h2_choice,79,main_perp,AsHr,3,0.015200000000000019,0.015200000000000102,0.015200000000000102,0,0,0,MP,6
qwen_instruct,h2_choice,79,main_perp,AsNc,0,0.0012000000000000066,0.0012000000000000066,0.0012000000000000066,0,0,0,OD2,3
qwen_instruct,h2_choice,79,main_perp,AsNc,1,0.0034999999999999996,0.0034999999999999996,0.0034999999999999996,0,0,0,OD2,3
qwen_instruct,h2_choice,79,main_perp,AsNc,2,0.009400000000000006,0.009400000000000075,0.009400000000000075,0,0,0,OD2,3
qwen_instruct,h2_choice,79,main_perp,AsNc,3,0.0092,0.009199999999999986,0.009199999999999986,0,0,0,OD2,3
qwen_instruct,h2_choice,79,main_perp,AsPc,0,0.0010000000000000009,0.0010000000000000009,0.0010000000000000009,0,0,0,OD2,5
qwen_instruct,h2_choice,79,main_perp,AsPc,1,0.023200000000000026,0.023200000000000026,0.023200000000000026,0,0,0,OD2,5
qwen_instruct,h2_choice,79,main_perp,AsPc,2,0.012400000000000008,0.012399999999999967,0.012399999999999967,0,0,0,OD2,5
qwen_instruct,h2_choice,79,main_perp,AsPc,3,0.007199999999999998,0.007199999999999984,0.007199999999999984,0,0,0,OD2,5
qwen_instruct,h2_choice,79,main_perp,AsPd,0,0.03160000000000002,0.03160000000000002,0.03159999999999996,0,0,0,OD1,6
qwen_instruct,h2_choice,79,main_perp,AsPd,1,0.020100000000000007,0.020100000000000007,0.020100000000000007,0,0,0,OD1,6
qwen_instruct,h2_choice,79,main_perp,AsPd,2,0.030200000000000005,0.030200000000000005,0.030200000000000005,0,0,0,OD1,6
qwen_instruct,h2_choice,79,main_perp,AsPd,3,0.010399999999999993,0.010400000000000076,0.010400000000000076,0,0,0,OD1,6
qwen_instruct,h2_choice,79,main_perp,AsSh,0,0.022699999999999998,0.022699999999999998,0.022699999999999998,0,0,0,CO1,3
qwen_instruct,h2_choice,79,main_perp,AsSh,1,0.0007000000000000062,0.0007000000000000062,0.0007000000000000062,0,0,0,CO1,3
qwen_instruct,h2_choice,79,main_perp,AsSh,2,0.02099999999999999,0.02100000000000002,0.02100000000000002,0,0,0,CO1,3
qwen_instruct,h2_choice,79,main_perp,AsSh,3,0.006899999999999996,0.006900000000000017,0.006900000000000017,0,0,0,CO1,3
qwen_instruct,h2_choice,79,main_perp,BaAs,0,0.0003999999999999976,0.0003999999999999976,0.0003999999999999976,0,0,0,MP,1
qwen_instruct,h2_choice,79,main_perp,BaAs,1,0.0001999999999999988,0.0001999999999999988,0.0001999999999999988,0,0,0,MP,1
qwen_instruct,h2_choice,79,main_perp,BaAs,2,0.0018000000000000238,0.0018000000000000238,0.0018000000000000238,0,0,0,MP,1
qwen_instruct,h2_choice,79,main_perp,BaAs,3,0.01579999999999998,0.015799999999999925,0.015799999999999925,0,0,0,MP,1
qwen_instruct,h2_choice,79,main_perp,BaBa,0,0.00030000000000000165,0.00030000000000000165,0.00030000000000000165,0,0,0,CO2,3
qwen_instruct,h2_choice,79,main_perp,BaBa,1,0.009299999999999996,0.009299999999999996,0.009299999999999996,0,0,0,CO2,3
qwen_instruct,h2_choice,79,main_perp,BaBa,2,0.0007999999999999119,0.0007999999999999119,0.0007999999999999119,0,0,0,CO2,3
qwen_instruct,h2_choice,79,main_perp,BaBa,3,0.0011999999999999789,0.0012000000000000899,0.0012000000000000899,0,0,0,CO2,3
qwen_instruct,h2_choice,79,main_perp,BaCh,0,0.0005000000000000004,0.0005000000000000004,0.0005000000000000004,0,0,0,CO2,4
qwen_instruct,h2_choice,79,main_perp,BaCh,1,0.0001999999999999988,0.0001999999999999988,0.0001999999999999988,0,0,0,CO2,4
qwen_instruct,h2_choice,79,main_perp,BaCh,2,0.0020999999999999908,0.0020999999999999908,0.0020999999999999908,0,0,0,CO2,4
qwen_instruct,h2_choice,79,main_perp,BaCh,3,0.0020999999999999908,0.0020999999999999908,0.0020999999999999908,0,0,0,CO2,4
qwen_instruct,h2_choice,79,main_perp,BaCm,0,0.00020000000000000573,0.00020000000000000573,0.00020000000000000573,0,0,0,OD1,1
qwen_instruct,h2_choice,79,main_perp,BaCm,1,0.0001999999999999988,0.0001999999999999988,0.0001999999999999988,0,0,0,OD1,1
qwen_instruct,h2_choice,79,main_perp,BaCm,2,0.012900000000000023,0.012900000000000023,0.012900000000000023,0,0,0,OD1,1
qwen_instruct,h2_choice,79,main_perp,BaCm,3,0.02639999999999998,0.02639999999999998,0.02639999999999998,0,0,0,OD1,1
qwen_instruct,h2_choice,79,main_perp,BaCo,0,0.005499999999999998,0.005499999999999998,0.005499999999999998,0,0,0,MP,3
qwen_instruct,h2_choice,79,main_perp,BaCo,1,0.0020999999999999977,0.0020999999999999977,0.0020999999999999977,0,0,0,MP,3
qwen_instruct,h2_choice,79,main_perp,BaCo,2,0.0010000000000000009,0.0010000000000000009,0.0010000000000000009,0,0,0,MP,3
qwen_instruct,h2_choice,79,main_perp,BaCo,3,0.019500000000000017,0.019499999999999962,0.019499999999999962,0,0,0,MP,3
qwen_instruct,h2_choice,79,main_perp,BaDl,0,0.00030000000000000165,0.00030000000000000165,0.00030000000000000165,0,0,0,OD1,3
qwen_instruct,h2_choice,79,main_perp,BaDl,1,9.99999999999994e-05,9.99999999999994e-05,9.99999999999994e-05,0,0,0,OD1,3
qwen_instruct,h2_choice,79,main_perp,BaDl,2,0.032399999999999984,0.032399999999999984,0.032399999999999984,0,0,0,OD1,3
qwen_instruct,h2_choice,79,main_perp,BaDl,3,0.028500000000000025,0.02850000000000008,0.02850000000000008,0,0,0,OD1,3
qwen_instruct,h2_choice,79,main_perp,BaHa,0,0.008499999999999994,0.008499999999999994,0.008499999999999952,0,0,0,OD2,2
qwen_instruct,h2_choice,79,main_perp,BaHa,1,0.004499999999999997,0.004499999999999997,0.0044999999999999485,0,0,0,OD2,2
qwen_instruct,h2_choice,79,main_perp,BaHa,2,0.02859999999999996,0.02859999999999996,0.02859999999999996,0,0,0,OD2,2
qwen_instruct,h2_choice,79,main_perp,BaHa,3,0.02159999999999998,0.021600000000000064,0.021600000000000064,0,0,0,OD2,2
qwen_instruct,h2_choice,79,main_perp,BaHr,0,0.0,0.0,0.0,0,0,0,CO1,5
qwen_instruct,h2_choice,79,main_perp,BaHr,1,0.0001999999999999988,0.0001999999999999988,0.0001999999999999988,0,0,0,CO1,5
qwen_instruct,h2_choice,79,main_perp,BaHr,2,0.00869999999999993,0.00869999999999993,0.00869999999999993,0,0,0,CO1,5
qwen_instruct,h2_choice,79,main_perp,BaHr,3,0.031000000000000028,0.031000000000000028,0.031000000000000028,0,0,0,CO1,5
qwen_instruct,h2_choice,79,main_perp,BaNc,0,0.0005000000000000004,0.0005000000000000004,0.000500000000000056,0,0,0,OD2,4
qwen_instruct,h2_choice,79,main_perp,BaNc,1,0.0034999999999999996,0.0034999999999999996,0.0034999999999999476,0,0,0,OD2,4
qwen_instruct,h2_choice,79,main_perp,BaNc,2,0.0011999999999999789,0.0011999999999999789,0.0011999999999999789,0,0,0,OD2,4
qwen_instruct,h2_choice,79,main_perp,BaNc,3,0.0092,0.009199999999999986,0.009199999999999986,0,0,0,OD2,4
qwen_instruct,h2_choice,79,main_perp,BaPc,0,0.006100000000000001,0.006100000000000001,0.006099999999999994,0,0,0,OD2,6
qwen_instruct,h2_choice,79,main_perp,BaPc,1,9.99999999999994e-05,9.99999999999994e-05,9.999999999998899e-05,0,0,0,OD2,6
qwen_instruct,h2_choice,79,main_perp,BaPc,2,0.024899999999999922,0.024899999999999922,0.024899999999999922,0,0,0,OD2,6
qwen_instruct,h2_choice,79,main_perp,BaPc,3,0.0019000000000000128,0.0019000000000000128,0.0019000000000000128,0,0,0,OD2,6
qwen_instruct,h2_choice,79,main_perp,BaPd,0,0.0005000000000000004,0.0005000000000000004,0.0005000000000000004,0,0,0,OD1,5
qwen_instruct,h2_choice,79,main_perp,BaPd,1,0.004400000000000001,0.004400000000000001,0.004400000000000001,0,0,0,OD1,5
qwen_instruct,h2_choice,79,main_perp,BaPd,2,0.0010999999999999899,0.0010999999999999899,0.0010999999999999899,0,0,0,OD1,5
qwen_instruct,h2_choice,79,main_perp,BaPd,3,0.030899999999999983,0.030899999999999928,0.030899999999999928,0,0,0,OD1,5
qwen_instruct,h2_choice,79,main_perp,BaSh,0,0.008599999999999997,0.008599999999999997,0.008599999999999997,0,0,0,MP,5
qwen_instruct,h2_choice,79,main_perp,BaSh,1,0.007599999999999996,0.007599999999999996,0.007599999999999996,0,0,0,MP,5
qwen_instruct,h2_choice,79,main_perp,BaSh,2,0.024099999999999983,0.0240999999999999,0.0240999999999999,0,0,0,MP,5
qwen_instruct,h2_choice,79,main_perp,BaSh,3,0.004299999999999998,0.0042999999999999705,0.0042999999999999705,0,0,0,MP,5
qwen_instruct,h2_choice,79,main_perp,ChAs,0,0.0007999999999999952,0.0007999999999999952,0.0007999999999999952,0,0,0,MP,7
qwen_instruct,h2_choice,79,main_perp,ChAs,1,0.004900000000000002,0.004900000000000002,0.004900000000000002,0,0,0,MP,7
qwen_instruct,h2_choice,79,main_perp,ChAs,2,0.0006999999999999229,0.0006999999999999229,0.0006999999999999229,0,0,0,MP,7
qwen_instruct,h2_choice,79,main_perp,ChAs,3,0.0013000000000000234,0.0012999999999999678,0.0012999999999999678,0,0,0,MP,7
qwen_instruct,h2_choice,79,main_perp,ChBa,0,0.0028000000000000004,0.0028000000000000004,0.0028000000000000004,0,0,0,CO2,5
qwen_instruct,h2_choice,79,main_perp,ChBa,1,0.0008999999999999998,0.0008999999999999998,0.0008999999999999998,0,0,0,CO2,5
qwen_instruct,h2_choice,79,main_perp,ChBa,2,0.012599999999999945,0.012599999999999945,0.012599999999999945,0,0,0,CO2,5
qwen_instruct,h2_choice,79,main_perp,ChBa,3,0.0016999999999999238,0.0016999999999999238,0.0016999999999999238,0,0,0,CO2,5
qwen_instruct,h2_choice,79,main_perp,ChCh,0,0.005399999999999995,0.005399999999999995,0.005399999999999995,0,0,0,CO2,6
qwen_instruct,h2_choice,79,main_perp,ChCh,1,0.002,0.002,0.002,0,0,0,CO2,6
qwen_instruct,h2_choice,79,main_perp,ChCh,2,0.022900000000000004,0.02290000000000003,0.02290000000000003,0,0,0,CO2,6
qwen_instruct,h2_choice,79,main_perp,ChCh,3,0.0126,0.012599999999999945,0.012599999999999945,0,0,0,CO2,6
qwen_instruct,h2_choice,79,main_perp,ChCm,0,0.0002999999999999947,0.0002999999999999947,0.0002999999999999947,0,0,0,OD1,7
qwen_instruct,h2_choice,79,main_perp,ChCm,1,0.0026999999999999993,0.0026999999999999993,0.0026999999999999993,0,0,0,OD1,7
qwen_instruct,h2_choice,79,main_perp,ChCm,2,0.01870000000000005,0.01870000000000005,0.01870000000000005,0,0,0,OD1,7
qwen_instruct,h2_choice,79,main_perp,ChCm,3,0.03200000000000003,0.03200000000000003,0.03200000000000003,0,0,0,OD1,7
qwen_instruct,h2_choice,79,main_perp,ChCo,0,0.00019999999999999185,0.00019999999999999185,0.00019999999999999185,0,0,0,MP,9
qwen_instruct,h2_choice,79,main_perp,ChCo,1,0.002599999999999998,0.002599999999999998,0.002599999999999998,0,0,0,MP,9
qwen_instruct,h2_choice,79,main_perp,ChCo,2,0.010700000000000043,0.010700000000000043,0.010700000000000043,0,0,0,MP,9
qwen_instruct,h2_choice,79,main_perp,ChCo,3,0.03160000000000002,0.03159999999999996,0.03159999999999996,0,0,0,MP,9
qwen_instruct,h2_choice,79,main_perp,ChDl,0,0.002700000000000001,0.002700000000000001,0.002700000000000001,0,0,0,OD1,9
qwen_instruct,h2_choice,79,main_perp,ChDl,1,0.0008999999999999998,0.0008999999999999998,0.0008999999999999998,0,0,0,OD1,9
qwen_instruct,h2_choice,79,main_perp,ChDl,2,0.0010999999999999899,0.0010999999999999899,0.0010999999999999899,0,0,0,OD1,9
qwen_instruct,h2_choice,79,main_perp,ChDl,3,0.0,0.0,0.0,0,0,0,OD1,9
qwen_instruct,h2_choice,79,main_perp,ChHa,0,0.013000000000000012,0.013000000000000012,0.0129999999999999,0,0,0,OD2,8
qwen_instruct,h2_choice,79,main_perp,ChHa,1,0.0097,0.0097,0.009700000000000042,0,0,0,OD2,8
qwen_instruct,h2_choice,79,main_perp,ChHa,2,0.008199999999999985,0.008199999999999985,0.008199999999999985,0,0,0,OD2,8
qwen_instruct,h2_choice,79,main_perp,ChHa,3,0.0013000000000000789,0.0013000000000000789,0.0013000000000000789,0,0,0,OD2,8
qwen_instruct,h2_choice,79,main_perp,ChHr,0,0.0022000000000000006,0.0022000000000000006,0.0022000000000000006,0,0,0,CO1,6
qwen_instruct,h2_choice,79,main_perp,ChHr,1,0.0011000000000000003,0.0011000000000000003,0.0011000000000000003,0,0,0,CO1,6
qwen_instruct,h2_choice,79,main_perp,ChHr,2,0.011699999999999933,0.011699999999999933,0.011699999999999933,0,0,0,CO1,6
qwen_instruct,h2_choice,79,main_perp,ChHr,3,0.03049999999999997,0.03049999999999997,0.03049999999999997,0,0,0,CO1,6
qwen_instruct,h2_choice,79,main_perp,CmAs,0,0.002400000000000003,0.002400000000000003,0.0023999999999999577,0,0,0,OD1,8
qwen_instruct,h2_choice,79,main_perp,CmAs,1,0.0004999999999999996,0.0004999999999999996,0.000500000000000056,0,0,0,OD1,8
qwen_instruct,h2_choice,79,main_perp,CmAs,2,0.0024999999999999467,0.0024999999999999467,0.0024999999999999467,0,0,0,OD1,8
qwen_instruct,h2_choice,79,main_perp,CmAs,3,0.0006999999999999229,0.0006999999999999229,0.0006999999999999229,0,0,0,OD1,8
qwen_instruct,h2_choice,79,main_perp,CmCm,0,0.00010000000000000005,0.00010000000000000005,9.999999999998899e-05,0,0,0,DD,2
qwen_instruct,h2_choice,79,main_perp,CmCm,1,0.0,0.0,0.0,0,0,0,DD,2
qwen_instruct,h2_choice,79,main_perp,CmCm,2,0.0017999999999999128,0.0017999999999999128,0.0017999999999999128,0,0,0,DD,2
qwen_instruct,h2_choice,79,main_perp,CmCm,3,0.00029999999999996696,0.00029999999999996696,0.00029999999999996696,0,0,0,DD,2
qwen_instruct,h2_choice,79,main_perp,CmDl,0,0.00039999999999999975,0.00039999999999999975,0.00040000000000006697,0,0,0,DD,4
qwen_instruct,h2_choice,79,main_perp,CmDl,1,0.00010000000000000005,0.00010000000000000005,9.999999999998899e-05,0,0,0,DD,4
qwen_instruct,h2_choice,79,main_perp,CmDl,2,0.0008000000000000229,0.0008000000000000229,0.0008000000000000229,0,0,0,DD,4
qwen_instruct,h2_choice,79,main_perp,CmDl,3,0.0007000000000000339,0.0007000000000000339,0.0007000000000000339,0,0,0,DD,4
qwen_instruct,h2_choice,79,main_perp,CmHa,0,0.0011000000000000003,0.0011000000000000003,0.0010999999999999899,0,0,0,DD,6
qwen_instruct,h2_choice,79,main_perp,CmHa,1,0.0002000000000000001,0.0002000000000000001,0.00019999999999997797,0,0,0,DD,6
qwen_instruct,h2_choice,79,main_perp,CmHa,2,0.0010000000000000009,0.0010000000000000009,0.0010000000000000009,0,0,0,DD,6
qwen_instruct,h2_choice,79,main_perp,CmHa,3,0.0004999999999999449,0.0004999999999999449,0.0004999999999999449,0,0,0,DD,6
qwen_instruct,h2_choice,79,main_perp,CmNc,0,0.0008000000000000004,0.0008000000000000004,0.0008000000000000229,0,0,0,DD,8
qwen_instruct,h2_choice,79,main_perp,CmNc,1,0.00010000000000000005,0.00010000000000000005,9.999999999998899e-05,0,0,0,DD,8
qwen_instruct,h2_choice,79,main_perp,CmNc,2,0.0,0.0,0.0,0,0,0,DD,8
qwen_instruct,h2_choice,79,main_perp,CmNc,3,0.00019999999999997797,0.00019999999999997797,0.00019999999999997797,0,0,0,DD,8
qwen_instruct,h2_choice,79,main_perp,CoAs,0,0.020399999999999974,0.020399999999999974,0.020399999999999974,0,0,0,CO2,7
qwen_instruct,h2_choice,79,main_perp,CoAs,1,0.031100000000000017,0.031100000000000017,0.031100000000000017,1,1,1,CO2,7
qwen_instruct,h2_choice,79,main_perp,CoAs,2,0.005400000000000002,0.00539999999999996,0.00539999999999996,0,0,0,CO2,7
qwen_instruct,h2_choice,79,main_perp,CoAs,3,0.0008999999999999998,0.0009000000000000119,0.0009000000000000119,0,0,0,CO2,7
qwen_instruct,h2_choice,79,main_perp,CoCo,0,0.0005999999999999339,0.0005999999999999339,0.0005999999999999339,0,0,0,CO1,7
qwen_instruct,h2_choice,79,main_perp,CoCo,1,0.031399999999999983,0.031399999999999983,0.031399999999999983,1,1,1,CO1,7
qwen_instruct,h2_choice,79,main_perp,CoCo,2,0.004799999999999999,0.0048000000000000265,0.0048000000000000265,0,0,0,CO1,7
qwen_instruct,h2_choice,79,main_perp,CoCo,3,0.0011000000000000003,0.001100000000000101,0.001100000000000101,0,0,0,CO1,7
qwen_instruct,h2_choice,79,main_perp,CoSh,0,0.0013000000000000789,0.0013000000000000789,0.0013000000000000789,0,0,0,CO2,8
qwen_instruct,h2_choice,79,main_perp,CoSh,1,0.0,0.0,0.0,0,0,0,CO2,8
qwen_instruct,h2_choice,79,main_perp,CoSh,2,0.0023999999999999994,0.0023999999999999577,0.0023999999999999577,0,0,0,CO2,8
qwen_instruct,h2_choice,79,main_perp,CoSh,3,0.0007000000000000001,0.0007000000000000339,0.0007000000000000339,0,0,0,CO2,8
qwen_instruct,h2_choice,79,main_perp,HaAs,0,0.0027000000000000357,0.0027000000000000357,0.0027000000000000357,0,0,0,OD2,7
qwen_instruct,h2_choice,79,main_perp,HaAs,1,0.010600000000000054,0.010600000000000054,0.010600000000000054,0,0,0,OD2,7
qwen_instruct,h2_choice,79,main_perp,HaAs,2,0.0007999999999999999,0.0008000000000000229,0.0008000000000000229,0,0,0,OD2,7
qwen_instruct,h2_choice,79,main_perp,HaAs,3,9.999999999999999e-05,9.999999999998899e-05,9.999999999998899e-05,0,0,0,OD2,7
qwen_instruct,h2_choice,79,main_perp,HaBa,0,0.0,0.0,0.0,0,0,0,OD2,9
qwen_instruct,h2_choice,79,main_perp,HaBa,1,0.008599999999999941,0.008599999999999941,0.008599999999999941,0,0,0,OD2,9
qwen_instruct,h2_choice,79,main_perp,HaBa,2,0.008800000000000002,0.00880000000000003,0.00880000000000003,0,0,0,OD2,9
qwen_instruct,h2_choice,79,main_perp,HaBa,3,0.001,0.0010000000000000009,0.0010000000000000009,0,0,0,OD2,9
qwen_instruct,h2_choice,79,main_perp,HaCm,0,0.014000000000000012,0.014000000000000012,0.014000000000000012,0,0,0,DD,1
qwen_instruct,h2_choice,79,main_perp,HaCm,1,0.02100000000000002,0.02100000000000002,0.02100000000000002,0,0,0,DD,1
qwen_instruct,h2_choice,79,main_perp,HaCm,2,0.010400000000000006,0.010400000000000076,0.010400000000000076,0,0,0,DD,1
qwen_instruct,h2_choice,79,main_perp,HaCm,3,0.004900000000000002,0.0049000000000000155,0.0049000000000000155,0,0,0,DD,1
qwen_instruct,h2_choice,79,main_perp,HaDl,0,9.999999999998899e-05,9.999999999998899e-05,9.999999999998899e-05,0,0,0,DD,3
qwen_instruct,h2_choice,79,main_perp,HaDl,1,0.009399999999999964,0.009399999999999964,0.009399999999999964,0,0,0,DD,3
qwen_instruct,h2_choice,79,main_perp,HaDl,2,0.0023,0.0022999999999999687,0.0022999999999999687,0,0,0,DD,3
qwen_instruct,h2_choice,79,main_perp,HaDl,3,0.0,0.0,0.0,0,0,0,DD,3
qwen_instruct,h2_choice,79,main_perp,HaHa,0,0.0012999999999999678,0.0012999999999999678,0.0012999999999999678,0,0,0,DD,5
qwen_instruct,h2_choice,79,main_perp,HaHa,1,0.00990000000000002,0.00990000000000002,0.00990000000000002,0,0,0,DD,5
qwen_instruct,h2_choice,79,main_perp,HaHa,2,0.0008000000000000004,0.0008000000000000229,0.0008000000000000229,0,0,0,DD,5
qwen_instruct,h2_choice,79,main_perp,HaHa,3,0.00010000000000000005,9.999999999998899e-05,9.999999999998899e-05,0,0,0,DD,5
qwen_instruct,h2_choice,79,main_perp,HaNc,0,0.0,0.0,0.0,0,0,0,DD,7
qwen_instruct,h2_choice,79,main_perp,HaNc,1,0.0043999999999999595,0.0043999999999999595,0.0043999999999999595,0,0,0,DD,7
qwen_instruct,h2_choice,79,main_perp,HaNc,2,0.0020999999999999977,0.0020999999999999908,0.0020999999999999908,0,0,0,DD,7
qwen_instruct,h2_choice,79,main_perp,HaNc,3,0.00039999999999999996,0.00040000000000006697,0.00040000000000006697,0,0,0,DD,7
qwen_instruct,h2_choice,79,main_perp,HaPc,0,0.0017000000000000348,0.0017000000000000348,0.0017000000000000348,0,0,0,DD,9
qwen_instruct,h2_choice,79,main_perp,HaPc,1,0.0005999999999999339,0.0005999999999999339,0.0005999999999999339,0,0,0,DD,9
qwen_instruct,h2_choice,79,main_perp,HaPc,2,0.0014000000000000002,0.0013999999999999568,0.0013999999999999568,0,0,0,DD,9
qwen_instruct,h2_choice,79,main_perp,HaPc,3,0.00039999999999999996,0.00040000000000006697,0.00040000000000006697,0,0,0,DD,9
qwen_instruct,h2_choice,79,main_perp,HrAs,0,0.008900000000000005,0.008900000000000005,0.008900000000000019,0,0,0,MP,8
qwen_instruct,h2_choice,79,main_perp,HrAs,1,0.0008999999999999998,0.0008999999999999998,0.0009000000000000119,0,0,0,MP,8
qwen_instruct,h2_choice,79,main_perp,HrAs,2,0.014100000000000001,0.014100000000000001,0.014100000000000001,0,0,0,MP,8
qwen_instruct,h2_choice,79,main_perp,HrAs,3,0.0020000000000000018,0.0020000000000000018,0.0020000000000000018,0,0,0,MP,8
qwen_instruct,h2_choice,79,main_perp,HrBa,0,0.0030999999999999986,0.0030999999999999986,0.0030999999999999917,0,0,0,CO1,2
qwen_instruct,h2_choice,79,main_perp,HrBa,1,0.001299999999999999,0.001299999999999999,0.0012999999999999678,0,0,0,CO1,2
qwen_instruct,h2_choice,79,main_perp,HrBa,2,0.008099999999999996,0.008099999999999996,0.008099999999999996,0,0,0,CO1,2
qwen_instruct,h2_choice,79,main_perp,HrBa,3,0.02090000000000003,0.02090000000000003,0.02090000000000003,0,0,0,CO1,2
qwen_instruct,h2_choice,79,main_perp,HrCh,0,0.001299999999999999,0.001299999999999999,0.0012999999999999678,0,0,0,CO1,4
qwen_instruct,h2_choice,79,main_perp,HrCh,1,0.00039999999999999975,0.00039999999999999975,0.00040000000000006697,0,0,0,CO1,4
qwen_instruct,h2_choice,79,main_perp,HrCh,2,0.0044999999999999485,0.0044999999999999485,0.0044999999999999485,0,0,0,CO1,4
qwen_instruct,h2_choice,79,main_perp,HrCh,3,0.017000000000000015,0.017000000000000015,0.017000000000000015,0,0,0,CO1,4
qwen_instruct,h2_choice,79,main_perp,HrHr,0,0.00030000000000000165,0.00030000000000000165,0.00029999999999996696,0,0,0,CO2,2
qwen_instruct,h2_choice,79,main_perp,HrHr,1,0.0019000000000000006,0.0019000000000000006,0.0019000000000000128,0,0,0,CO2,2
qwen_instruct,h2_choice,79,main_perp,HrHr,2,0.005599999999999938,0.005599999999999938,0.005599999999999938,0,0,0,CO2,2
qwen_instruct,h2_choice,79,main_perp,HrHr,3,0.023600000000000065,0.023600000000000065,0.023600000000000065,0,0,0,CO2,2
qwen_instruct,h2_choice,79,main_perp,ShAs,0,0.015399999999999997,0.015399999999999997,0.015399999999999997,0,0,0,CO1,8
qwen_instruct,h2_choice,79,main_perp,ShAs,1,0.004900000000000002,0.004900000000000002,0.004900000000000002,0,0,0,CO1,8
qwen_instruct,h2_choice,79,main_perp,ShAs,2,0.0010000000000000009,0.0010000000000000009,0.0010000000000000009,0,0,0,CO1,8
qwen_instruct,h2_choice,79,main_perp,ShAs,3,0.0049999999999999975,0.0050000000000000044,0.0050000000000000044,0,0,0,CO1,8
qwen_instruct,h2_choice,79,main_perp,ShCo,0,0.0017999999999999683,0.0017999999999999683,0.0017999999999999683,0,0,0,CO2,9
qwen_instruct,h2_choice,79,main_perp,ShCo,1,0.011800000000000005,0.011800000000000005,0.011800000000000005,0,0,0,CO2,9
qwen_instruct,h2_choice,79,main_perp,ShCo,2,0.014200000000000004,0.01419999999999999,0.01419999999999999,0,0,0,CO2,9
qwen_instruct,h2_choice,79,main_perp,ShCo,3,0.0017000000000000001,0.0017000000000000348,0.0017000000000000348,0,0,0,CO2,9
qwen_instruct,h2_choice,79,main_perp,ShSh,0,0.020300000000000012,0.020300000000000012,0.020300000000000012,0,0,0,CO1,9
qwen_instruct,h2_choice,79,main_perp,ShSh,1,0.008900000000000005,0.008900000000000005,0.008900000000000005,0,0,0,CO1,9
qwen_instruct,h2_choice,79,main_perp,ShSh,2,0.017299999999999982,0.017300000000000093,0.017300000000000093,0,0,0,CO1,9
qwen_instruct,h2_choice,79,main_perp,ShSh,3,0.004,0.0040000000000000036,0.0040000000000000036,0,0,0,CO1,9
qwen_instruct,h2_choice,79,random,AsAs,0,0.012800000000000006,0.012800000000000006,0.012800000000000006,0,0,0,CO1,1
qwen_instruct,h2_choice,79,random,AsAs,1,0.0068000000000000005,0.0068000000000000005,0.0068000000000000005,0,0,0,CO1,1
qwen_instruct,h2_choice,79,random,AsAs,2,0.04420000000000002,0.04420000000000002,0.04420000000000002,0,0,0,CO1,1
qwen_instruct,h2_choice,79,random,AsAs,3,0.012900000000000002,0.012900000000000023,0.012900000000000023,0,0,0,CO1,1
qwen_instruct,h2_choice,79,random,AsBa,0,0.031399999999999983,0.031399999999999983,0.03139999999999987,0,0,0,MP,2
qwen_instruct,h2_choice,79,random,AsBa,1,0.0218,0.0218,0.02180000000000004,0,0,0,MP,2
qwen_instruct,h2_choice,79,random,AsBa,2,0.05630000000000002,0.05630000000000002,0.05630000000000002,0,0,0,MP,2
qwen_instruct,h2_choice,79,random,AsBa,3,0.008,0.008000000000000007,0.008000000000000007,0,0,0,MP,2
qwen_instruct,h2_choice,79,random,AsCh,0,0.022900000000000004,0.022900000000000004,0.02290000000000003,0,0,0,MP,4
qwen_instruct,h2_choice,79,random,AsCh,1,0.004800000000000006,0.004800000000000006,0.0048000000000000265,0,0,0,MP,4
qwen_instruct,h2_choice,79,random,AsCh,2,0.029200000000000004,0.029199999999999893,0.029199999999999893,0,0,0,MP,4
qwen_instruct,h2_choice,79,random,AsCh,3,0.0126,0.012599999999999945,0.012599999999999945,0,0,0,MP,4
qwen_instruct,h2_choice,79,random,AsCm,0,0.008599999999999997,0.008599999999999997,0.008600000000000052,0,0,0,OD1,2
qwen_instruct,h2_choice,79,random,AsCm,1,0.008,0.008,0.008000000000000007,0,0,0,OD1,2
qwen_instruct,h2_choice,79,random,AsCm,2,0.05680000000000007,0.05680000000000007,0.05680000000000007,0,0,0,OD1,2
qwen_instruct,h2_choice,79,random,AsCm,3,0.05790000000000001,0.05790000000000006,0.05790000000000006,0,0,0,OD1,2
qwen_instruct,h2_choice,79,random,AsCo,0,0.061899999999999955,0.061899999999999955,0.061899999999999955,0,0,0,CO2,1
qwen_instruct,h2_choice,79,random,AsCo,1,0.015899999999999997,0.015899999999999997,0.015899999999999997,0,0,0,CO2,1
qwen_instruct,h2_choice,79,random,AsCo,2,0.08330000000000004,0.08329999999999993,0.08329999999999993,0,0,0,CO2,1
qwen_instruct,h2_choice,79,random,AsCo,3,0.010499999999999995,0.010500000000000065,0.010500000000000065,0,0,0,CO2,1
qwen_instruct,h2_choice,79,random,AsDl,0,0.01029999999999999,0.01029999999999999,0.010299999999999976,0,0,0,OD1,4
qwen_instruct,h2_choice,79,random,AsDl,1,0.012900000000000002,0.012900000000000002,0.012900000000000023,0,0,0,OD1,4
qwen_instruct,h2_choice,79,random,AsDl,2,0.03200000000000003,0.03200000000000003,0.03200000000000003,0,0,0,OD1,4
qwen_instruct,h2_choice,79,random,AsDl,3,0.04000000000000001,0.040000000000000036,0.040000000000000036,0,0,0,OD1,4
qwen_instruct,h2_choice,79,random,AsHa,0,0.025399999999999978,0.025399999999999978,0.025399999999999978,0,0,0,OD2,1
qwen_instruct,h2_choice,79,random,AsHa,1,0.011199999999999988,0.011199999999999988,0.011199999999999988,0,0,0,OD2,1
qwen_instruct,h2_choice,79,random,AsHa,2,0.01580000000000001,0.015799999999999925,0.015799999999999925,0,0,0,OD2,1
qwen_instruct,h2_choice,79,random,AsHa,3,0.0063999999999999994,0.006399999999999961,0.006399999999999961,0,0,0,OD2,1
qwen_instruct,h2_choice,79,random,AsHr,0,0.04939999999999997,0.04939999999999997,0.04939999999999989,0,0,0,MP,6
qwen_instruct,h2_choice,79,random,AsHr,1,0.009900000000000006,0.009900000000000006,0.00990000000000002,0,0,0,MP,6
qwen_instruct,h2_choice,79,random,AsHr,2,0.06240000000000001,0.06240000000000001,0.06240000000000001,1,1,1,MP,6
qwen_instruct,h2_choice,79,random,AsHr,3,0.029300000000000007,0.029300000000000104,0.029300000000000104,0,0,0,MP,6
qwen_instruct,h2_choice,79,random,AsNc,0,0.0373,0.0373,0.0373,0,0,0,OD2,3
qwen_instruct,h2_choice,79,random,AsNc,1,0.007199999999999998,0.007199999999999998,0.007199999999999998,0,0,0,OD2,3
qwen_instruct,h2_choice,79,random,AsNc,2,0.019599999999999992,0.01959999999999995,0.01959999999999995,0,0,0,OD2,3
qwen_instruct,h2_choice,79,random,AsNc,3,0.009099999999999997,0.009099999999999997,0.009099999999999997,0,0,0,OD2,3
qwen_instruct,h2_choice,79,random,AsPc,0,0.0625,0.0625,0.0625,0,0,0,OD2,5
qwen_instruct,h2_choice,79,random,AsPc,1,0.04680000000000001,0.04680000000000001,0.04680000000000001,0,0,0,OD2,5
qwen_instruct,h2_choice,79,random,AsPc,2,0.024400000000000005,0.02440000000000009,0.02440000000000009,0,0,0,OD2,5
qwen_instruct,h2_choice,79,random,AsPc,3,0.0034999999999999996,0.0034999999999999476,0.0034999999999999476,0,0,0,OD2,5
qwen_instruct,h2_choice,79,random,AsPd,0,0.06009999999999999,0.06009999999999999,0.06009999999999993,0,0,0,OD1,6
qwen_instruct,h2_choice,79,random,AsPd,1,0.04119999999999999,0.04119999999999999,0.041200000000000014,0,0,0,OD1,6
qwen_instruct,h2_choice,79,random,AsPd,2,0.06020000000000003,0.06020000000000003,0.06020000000000003,0,0,0,OD1,6
qwen_instruct,h2_choice,79,random,AsPd,3,0.019699999999999995,0.01970000000000005,0.01970000000000005,0,0,0,OD1,6
qwen_instruct,h2_choice,79,random,AsSh,0,0.04569999999999999,0.04569999999999999,0.04569999999999999,0,0,0,CO1,3
qwen_instruct,h2_choice,79,random,AsSh,1,0.02890000000000001,0.02890000000000001,0.02890000000000001,0,0,0,CO1,3
qwen_instruct,h2_choice,79,random,AsSh,2,0.0403,0.0403,0.0403,0,0,0,CO1,3
qwen_instruct,h2_choice,79,random,AsSh,3,0.0068000000000000005,0.006800000000000028,0.006800000000000028,0,0,0,CO1,3
qwen_instruct,h2_choice,79,random,BaAs,0,0.010499999999999995,0.010499999999999995,0.010499999999999995,0,0,0,MP,1
qwen_instruct,h2_choice,79,random,BaAs,1,0.0114,0.0114,0.0114,0,0,0,MP,1
qwen_instruct,h2_choice,79,random,BaAs,2,0.06209999999999999,0.06209999999999993,0.06209999999999993,0,0,0,MP,1
qwen_instruct,h2_choice,79,random,BaAs,3,0.031100000000000017,0.031100000000000017,0.031100000000000017,0,0,0,MP,1
qwen_instruct,h2_choice,79,random,BaBa,0,0.006900000000000003,0.006900000000000003,0.006900000000000003,0,0,0,CO2,3
qwen_instruct,h2_choice,79,random,BaBa,1,0.0092,0.0092,0.0092,0,0,0,CO2,3
qwen_instruct,h2_choice,79,random,BaBa,2,0.03369999999999995,0.03369999999999995,0.03369999999999995,0,0,0,CO2,3
qwen_instruct,h2_choice,79,random,BaBa,3,0.06259999999999999,0.06259999999999999,0.06259999999999999,0,0,0,CO2,3
qwen_instruct,h2_choice,79,random,BaCh,0,0.010599999999999998,0.010599999999999998,0.010599999999999998,0,0,0,CO2,4
qwen_instruct,h2_choice,79,random,BaCh,1,0.012799999999999999,0.012799999999999999,0.012799999999999999,0,0,0,CO2,4
qwen_instruct,h2_choice,79,random,BaCh,2,0.056499999999999995,0.056499999999999995,0.056499999999999995,0,0,0,CO2,4
qwen_instruct,h2_choice,79,random,BaCh,3,0.05880000000000002,0.05879999999999996,0.05879999999999996,0,0,0,CO2,4
qwen_instruct,h2_choice,79,random,BaCm,0,0.0143,0.0143,0.0143,0,0,0,OD1,1
qwen_instruct,h2_choice,79,random,BaCm,1,0.0034000000000000002,0.0034000000000000002,0.0034000000000000002,0,0,0,OD1,1
qwen_instruct,h2_choice,79,random,BaCm,2,0.02629999999999999,0.02629999999999999,0.02629999999999999,0,0,0,OD1,1
qwen_instruct,h2_choice,79,random,BaCm,3,0.0262,0.0262,0.0262,0,0,0,OD1,1
qwen_instruct,h2_choice,79,random,BaCo,0,0.005400000000000002,0.005400000000000002,0.005400000000000002,0,0,0,MP,3
qwen_instruct,h2_choice,79,random,BaCo,1,0.003999999999999998,0.003999999999999998,0.003999999999999998,0,0,0,MP,3
qwen_instruct,h2_choice,79,random,BaCo,2,0.0013000000000000789,0.0013000000000000789,0.0013000000000000789,0,0,0,MP,3
qwen_instruct,h2_choice,79,random,BaCo,3,0.05740000000000001,0.05740000000000001,0.05740000000000001,0,0,0,MP,3
qwen_instruct,h2_choice,79,random,BaDl,0,0.006100000000000001,0.006100000000000001,0.006100000000000001,0,0,0,OD1,3
qwen_instruct,h2_choice,79,random,BaDl,1,0.0063999999999999994,0.0063999999999999994,0.0063999999999999994,0,0,0,OD1,3
qwen_instruct,h2_choice,79,random,BaDl,2,0.06279999999999997,0.06279999999999997,0.06279999999999997,1,1,1,OD1,3
qwen_instruct,h2_choice,79,random,BaDl,3,0.02729999999999999,0.02729999999999988,0.02729999999999988,0,0,0,OD1,3
qwen_instruct,h2_choice,79,random,BaHa,0,0.015600000000000003,0.015600000000000003,0.015599999999999947,0,0,0,OD2,2
qwen_instruct,h2_choice,79,random,BaHa,1,0.008900000000000005,0.008900000000000005,0.008900000000000019,0,0,0,OD2,2
qwen_instruct,h2_choice,79,random,BaHa,2,0.027599999999999958,0.027599999999999958,0.027599999999999958,0,0,0,OD2,2
qwen_instruct,h2_choice,79,random,BaHa,3,0.043399999999999994,0.043399999999999994,0.043399999999999994,0,0,0,OD2,2
qwen_instruct,h2_choice,79,random,BaHr,0,0.0034000000000000002,0.0034000000000000002,0.0034000000000000002,0,0,0,CO1,5
qwen_instruct,h2_choice,79,random,BaHr,1,0.007000000000000003,0.007000000000000003,0.007000000000000003,0,0,0,CO1,5
qwen_instruct,h2_choice,79,random,BaHr,2,0.015799999999999925,0.015799999999999925,0.015799999999999925,0,0,0,CO1,5
qwen_instruct,h2_choice,79,random,BaHr,3,0.03070000000000006,0.03070000000000006,0.03070000000000006,0,0,0,CO1,5
qwen_instruct,h2_choice,79,random,BaNc,0,0.03410000000000002,0.03410000000000002,0.03410000000000002,0,0,0,OD2,4
qwen_instruct,h2_choice,79,random,BaNc,1,0.007300000000000001,0.007300000000000001,0.007299999999999973,0,0,0,OD2,4
qwen_instruct,h2_choice,79,random,BaNc,2,0.024900000000000005,0.024900000000000033,0.024900000000000033,0,0,0,OD2,4
qwen_instruct,h2_choice,79,random,BaNc,3,0.019799999999999998,0.01980000000000004,0.01980000000000004,0,0,0,OD2,4
qwen_instruct,h2_choice,79,random,BaPc,0,0.0126,0.0126,0.012600000000000056,0,0,0,OD2,6
qwen_instruct,h2_choice,79,random,BaPc,1,0.0030999999999999986,0.0030999999999999986,0.0030999999999999917,0,0,0,OD2,6
qwen_instruct,h2_choice,79,random,BaPc,2,0.024399999999999977,0.024399999999999977,0.024399999999999977,0,0,0,OD2,6
qwen_instruct,h2_choice,79,random,BaPc,3,0.05409999999999998,0.05410000000000004,0.05410000000000004,0,0,0,OD2,6
qwen_instruct,h2_choice,79,random,BaPd,0,0.0237,0.0237,0.0237,0,0,0,OD1,5
qwen_instruct,h2_choice,79,random,BaPd,1,0.0092,0.0092,0.0092,0,0,0,OD1,5
qwen_instruct,h2_choice,79,random,BaPd,2,0.040100000000000025,0.040100000000000025,0.040100000000000025,0,0,0,OD1,5
qwen_instruct,h2_choice,79,random,BaPd,3,0.032200000000000006,0.032200000000000006,0.032200000000000006,0,0,0,OD1,5
qwen_instruct,h2_choice,79,random,BaSh,0,0.016100000000000003,0.016100000000000003,0.016100000000000003,0,0,0,MP,5
qwen_instruct,h2_choice,79,random,BaSh,1,0.015799999999999995,0.015799999999999995,0.015799999999999995,0,0,0,MP,5
qwen_instruct,h2_choice,79,random,BaSh,2,0.02410000000000001,0.02410000000000001,0.02410000000000001,0,0,0,MP,5
qwen_instruct,h2_choice,79,random,BaSh,3,0.008100000000000003,0.008099999999999996,0.008099999999999996,0,0,0,MP,5
qwen_instruct,h2_choice,79,random,ChAs,0,0.015699999999999992,0.015699999999999992,0.015699999999999992,0,0,0,MP,7
qwen_instruct,h2_choice,79,random,ChAs,1,0.009000000000000001,0.009000000000000001,0.009000000000000001,0,0,0,MP,7
qwen_instruct,h2_choice,79,random,ChAs,2,0.034399999999999986,0.034399999999999986,0.034399999999999986,0,0,0,MP,7
qwen_instruct,h2_choice,79,random,ChAs,3,0.025999999999999968,0.026000000000000023,0.026000000000000023,0,0,0,MP,7
qwen_instruct,h2_choice,79,random,ChBa,0,0.005000000000000001,0.005000000000000001,0.005000000000000001,0,0,0,CO2,5
qwen_instruct,h2_choice,79,random,ChBa,1,0.0018999999999999998,0.0018999999999999998,0.0018999999999999998,0,0,0,CO2,5
qwen_instruct,h2_choice,79,random,ChBa,2,0.012499999999999956,0.012499999999999956,0.012499999999999956,0,0,0,CO2,5
qwen_instruct,h2_choice,79,random,ChBa,3,0.03210000000000002,0.03210000000000002,0.03210000000000002,0,0,0,CO2,5
qwen_instruct,h2_choice,79,random,ChCh,0,0.005600000000000001,0.005600000000000001,0.005600000000000001,0,0,0,CO2,6
qwen_instruct,h2_choice,79,random,ChCh,1,0.003999999999999998,0.003999999999999998,0.003999999999999998,0,0,0,CO2,6
qwen_instruct,h2_choice,79,random,ChCh,2,0.023400000000000004,0.023400000000000087,0.023400000000000087,0,0,0,CO2,6
qwen_instruct,h2_choice,79,random,ChCh,3,0.024000000000000007,0.02400000000000002,0.02400000000000002,0,0,0,CO2,6
qwen_instruct,h2_choice,79,random,ChCm,0,0.014300000000000007,0.014300000000000007,0.014300000000000007,0,0,0,OD1,7
qwen_instruct,h2_choice,79,random,ChCm,1,0.0028000000000000004,0.0028000000000000004,0.0028000000000000004,0,0,0,OD1,7
qwen_instruct,h2_choice,79,random,ChCm,2,0.037699999999999956,0.037699999999999956,0.037699999999999956,0,0,0,OD1,7
qwen_instruct,h2_choice,79,random,ChCm,3,0.06289999999999996,0.06289999999999996,0.06289999999999996,1,1,1,OD1,7
qwen_instruct,h2_choice,79,random,ChCo,0,0.01780000000000001,0.01780000000000001,0.01780000000000001,0,0,0,MP,9
qwen_instruct,h2_choice,79,random,ChCo,1,0.002700000000000001,0.002700000000000001,0.002700000000000001,0,0,0,MP,9
qwen_instruct,h2_choice,79,random,ChCo,2,0.019600000000000062,0.019600000000000062,0.019600000000000062,0,0,0,MP,9
qwen_instruct,h2_choice,79,random,ChCo,3,0.06169999999999998,0.06170000000000009,0.06170000000000009,0,0,0,MP,9
qwen_instruct,h2_choice,79,random,ChDl,0,0.002700000000000001,0.002700000000000001,0.002700000000000001,0,0,0,OD1,9
qwen_instruct,h2_choice,79,random,ChDl,1,0.0017000000000000001,0.0017000000000000001,0.0017000000000000001,0,0,0,OD1,9
qwen_instruct,h2_choice,79,random,ChDl,2,0.01739999999999997,0.01739999999999997,0.01739999999999997,0,0,0,OD1,9
qwen_instruct,h2_choice,79,random,ChDl,3,0.031399999999999983,0.031399999999999983,0.031399999999999983,1,1,1,OD1,9
qwen_instruct,h2_choice,79,random,ChHa,0,0.026499999999999996,0.026499999999999996,0.026499999999999968,0,0,0,OD2,8
qwen_instruct,h2_choice,79,random,ChHa,1,0.01780000000000001,0.01780000000000001,0.017800000000000038,0,0,0,OD2,8
qwen_instruct,h2_choice,79,random,ChHa,2,0.008299999999999974,0.008299999999999974,0.008299999999999974,0,0,0,OD2,8
qwen_instruct,h2_choice,79,random,ChHa,3,0.05590000000000006,0.05590000000000006,0.05590000000000006,0,0,0,OD2,8
qwen_instruct,h2_choice,79,random,ChHr,0,0.0020999999999999977,0.0020999999999999977,0.0020999999999999977,0,0,0,CO1,6
qwen_instruct,h2_choice,79,random,ChHr,1,0.0021000000000000003,0.0021000000000000003,0.0021000000000000003,0,0,0,CO1,6
qwen_instruct,h2_choice,79,random,ChHr,2,0.011800000000000033,0.011800000000000033,0.011800000000000033,0,0,0,CO1,6
qwen_instruct,h2_choice,79,random,ChHr,3,0.05900000000000005,0.05900000000000005,0.05900000000000005,0,0,0,CO1,6
qwen_instruct,h2_choice,79,random,CmAs,0,0.0051,0.0051,0.005099999999999993,0,0,0,OD1,8
qwen_instruct,h2_choice,79,random,CmAs,1,0.0010999999999999994,0.0010999999999999994,0.0010999999999999899,0,0,0,OD1,8
qwen_instruct,h2_choice,79,random,CmAs,2,0.005099999999999993,0.005099999999999993,0.005099999999999993,0,0,0,OD1,8
qwen_instruct,h2_choice,79,random,CmAs,3,0.01639999999999997,0.01639999999999997,0.01639999999999997,0,0,0,OD1,8
qwen_instruct,h2_choice,79,random,CmCm,0,0.00030000000000000014,0.00030000000000000014,0.00029999999999996696,0,0,0,DD,2
qwen_instruct,h2_choice,79,random,CmCm,1,0.0,0.0,0.0,0,0,0,DD,2
qwen_instruct,h2_choice,79,random,CmCm,2,0.0010000000000000009,0.0010000000000000009,0.0010000000000000009,0,0,0,DD,2
qwen_instruct,h2_choice,79,random,CmCm,3,0.00759999999999994,0.00759999999999994,0.00759999999999994,0,0,0,DD,2
qwen_instruct,h2_choice,79,random,CmDl,0,0.0009000000000000002,0.0009000000000000002,0.0009000000000000119,0,0,0,DD,4
qwen_instruct,h2_choice,79,random,CmDl,1,0.00010000000000000005,0.00010000000000000005,9.999999999998899e-05,0,0,0,DD,4
qwen_instruct,h2_choice,79,random,CmDl,2,0.0008000000000000229,0.0008000000000000229,0.0008000000000000229,0,0,0,DD,4
qwen_instruct,h2_choice,79,random,CmDl,3,0.010600000000000054,0.010600000000000054,0.010600000000000054,0,0,0,DD,4
qwen_instruct,h2_choice,79,random,CmHa,0,0.0021000000000000003,0.0021000000000000003,0.0020999999999999908,0,0,0,DD,6
qwen_instruct,h2_choice,79,random,CmHa,1,0.00039999999999999996,0.00039999999999999996,0.00040000000000006697,0,0,0,DD,6
qwen_instruct,h2_choice,79,random,CmHa,2,0.0020999999999999908,0.0020999999999999908,0.0020999999999999908,0,0,0,DD,6
qwen_instruct,h2_choice,79,random,CmHa,3,0.008399999999999963,0.008399999999999963,0.008399999999999963,0,0,0,DD,6
qwen_instruct,h2_choice,79,random,CmNc,0,0.0015000000000000005,0.0015000000000000005,0.0015000000000000568,0,0,0,DD,8
qwen_instruct,h2_choice,79,random,CmNc,1,0.00030000000000000014,0.00030000000000000014,0.00029999999999996696,0,0,0,DD,8
qwen_instruct,h2_choice,79,random,CmNc,2,0.00039999999999995595,0.00039999999999995595,0.00039999999999995595,0,0,0,DD,8
qwen_instruct,h2_choice,79,random,CmNc,3,0.011499999999999955,0.011499999999999955,0.011499999999999955,0,0,0,DD,8
qwen_instruct,h2_choice,79,random,CoAs,0,0.05820000000000003,0.05820000000000003,0.05820000000000003,0,0,0,CO2,7
qwen_instruct,h2_choice,79,random,CoAs,1,0.03149999999999997,0.03149999999999997,0.03149999999999997,1,1,1,CO2,7
qwen_instruct,h2_choice,79,random,CoAs,2,0.010100000000000005,0.010099999999999998,0.010099999999999998,0,0,0,CO2,7
qwen_instruct,h2_choice,79,random,CoAs,3,0.0008999999999999998,0.0009000000000000119,0.0009000000000000119,0,0,0,CO2,7
qwen_instruct,h2_choice,79,random,CoCo,0,0.03700000000000003,0.03700000000000003,0.03700000000000003,0,0,0,CO1,7
qwen_instruct,h2_choice,79,random,CoCo,1,0.064,0.064,0.064,1,1,1,CO1,7
qwen_instruct,h2_choice,79,random,CoCo,2,0.004900000000000002,0.0049000000000000155,0.0049000000000000155,0,0,0,CO1,7
qwen_instruct,h2_choice,79,random,CoCo,3,0.0018999999999999998,0.0019000000000000128,0.0019000000000000128,0,0,0,CO1,7
qwen_instruct,h2_choice,79,random,CoSh,0,0.01860000000000006,0.01860000000000006,0.01860000000000006,0,0,0,CO2,8
qwen_instruct,h2_choice,79,random,CoSh,1,0.06250000000000006,0.06250000000000006,0.06250000000000006,1,1,1,CO2,8
qwen_instruct,h2_choice,79,random,CoSh,2,0.0045000000000000005,0.0044999999999999485,0.0044999999999999485,0,0,0,CO2,8
qwen_instruct,h2_choice,79,random,CoSh,3,0.0007000000000000001,0.0007000000000000339,0.0007000000000000339,0,0,0,CO2,8
qwen_instruct,h2_choice,79,random,HaAs,0,0.0027000000000000357,0.0027000000000000357,0.0027000000000000357,0,0,0,OD2,7
qwen_instruct,h2_choice,79,random,HaAs,1,0.019300000000000095,0.019300000000000095,0.019300000000000095,0,0,0,OD2,7
qwen_instruct,h2_choice,79,random,HaAs,2,0.0010999999999999998,0.001100000000000101,0.001100000000000101,0,0,0,OD2,7
qwen_instruct,h2_choice,79,random,HaAs,3,0.00019999999999999993,0.000200000000000089,0.000200000000000089,0,0,0,OD2,7
qwen_instruct,h2_choice,79,random,HaBa,0,0.0013999999999999568,0.0013999999999999568,0.0013999999999999568,0,0,0,OD2,9
qwen_instruct,h2_choice,79,random,HaBa,1,0.015999999999999903,0.015999999999999903,0.015999999999999903,0,0,0,OD2,9
qwen_instruct,h2_choice,79,random,HaBa,2,0.008599999999999997,0.008600000000000052,0.008600000000000052,0,0,0,OD2,9
qwen_instruct,h2_choice,79,random,HaBa,3,0.0021000000000000003,0.0020999999999999908,0.0020999999999999908,0,0,0,OD2,9
qwen_instruct,h2_choice,79,random,HaCm,0,0.007099999999999995,0.007099999999999995,0.007099999999999995,0,0,0,DD,1
qwen_instruct,h2_choice,79,random,HaCm,1,0.021399999999999975,0.021399999999999975,0.021399999999999975,0,0,0,DD,1
qwen_instruct,h2_choice,79,random,HaCm,2,0.0213,0.021300000000000097,0.021300000000000097,0,0,0,DD,1
qwen_instruct,h2_choice,79,random,HaCm,3,0.009000000000000001,0.009000000000000008,0.009000000000000008,0,0,0,DD,1
qwen_instruct,h2_choice,79,random,HaDl,0,0.0035000000000000586,0.0035000000000000586,0.0035000000000000586,0,0,0,DD,3
qwen_instruct,h2_choice,79,random,HaDl,1,0.017800000000000038,0.017800000000000038,0.017800000000000038,0,0,0,DD,3
qwen_instruct,h2_choice,79,random,HaDl,2,0.0020999999999999977,0.0020999999999999908,0.0020999999999999908,0,0,0,DD,3
qwen_instruct,h2_choice,79,random,HaDl,3,0.0005000000000000002,0.0004999999999999449,0.0004999999999999449,0,0,0,DD,3
qwen_instruct,h2_choice,79,random,HaHa,0,0.0012999999999999678,0.0012999999999999678,0.0012999999999999678,0,0,0,DD,5
qwen_instruct,h2_choice,79,random,HaHa,1,0.019600000000000062,0.019600000000000062,0.019600000000000062,0,0,0,DD,5
qwen_instruct,h2_choice,79,random,HaHa,2,0.0008000000000000004,0.0008000000000000229,0.0008000000000000229,0,0,0,DD,5
qwen_instruct,h2_choice,79,random,HaHa,3,0.00010000000000000005,9.999999999998899e-05,9.999999999998899e-05,0,0,0,DD,5
qwen_instruct,h2_choice,79,random,HaNc,0,0.0008000000000000229,0.0008000000000000229,0.0008000000000000229,0,0,0,DD,7
qwen_instruct,h2_choice,79,random,HaNc,1,0.0043999999999999595,0.0043999999999999595,0.0043999999999999595,0,0,0,DD,7
qwen_instruct,h2_choice,79,random,HaNc,2,0.004000000000000002,0.0040000000000000036,0.0040000000000000036,0,0,0,DD,7
qwen_instruct,h2_choice,79,random,HaNc,3,0.00039999999999999996,0.00040000000000006697,0.00040000000000006697,0,0,0,DD,7
qwen_instruct,h2_choice,79,random,HaPc,0,0.0035000000000000586,0.0035000000000000586,0.0035000000000000586,0,0,0,DD,9
qwen_instruct,h2_choice,79,random,HaPc,1,0.03169999999999995,0.03169999999999995,0.03169999999999995,0,0,0,DD,9
qwen_instruct,h2_choice,79,random,HaPc,2,0.0026999999999999993,0.0026999999999999247,0.0026999999999999247,0,0,0,DD,9
qwen_instruct,h2_choice,79,random,HaPc,3,0.00019999999999999987,0.000200000000000089,0.000200000000000089,0,0,0,DD,9
qwen_instruct,h2_choice,79,random,HrAs,0,0.0087,0.0087,0.008700000000000041,0,0,0,MP,8
qwen_instruct,h2_choice,79,random,HrAs,1,0.0017000000000000001,0.0017000000000000001,0.0017000000000000348,0,0,0,MP,8
qwen_instruct,h2_choice,79,random,HrAs,2,0.01419999999999999,0.01419999999999999,0.01419999999999999,0,0,0,MP,8
qwen_instruct,h2_choice,79,random,HrAs,3,0.03189999999999993,0.03189999999999993,0.03189999999999993,0,0,0,MP,8
qwen_instruct,h2_choice,79,random,HrBa,0,0.002999999999999999,0.002999999999999999,0.0030000000000000027,0,0,0,CO1,2
qwen_instruct,h2_choice,79,random,HrBa,1,0.0023999999999999994,0.0023999999999999994,0.0023999999999999577,0,0,0,CO1,2
qwen_instruct,h2_choice,79,random,HrBa,2,0.008000000000000007,0.008000000000000007,0.008000000000000007,0,0,0,CO1,2
qwen_instruct,h2_choice,79,random,HrBa,3,0.040999999999999925,0.040999999999999925,0.040999999999999925,0,0,0,CO1,2
qwen_instruct,h2_choice,79,random,HrCh,0,0.0023999999999999994,0.0023999999999999994,0.0023999999999999577,0,0,0,CO1,4
qwen_instruct,h2_choice,79,random,HrCh,1,0.00039999999999999975,0.00039999999999999975,0.00040000000000006697,0,0,0,CO1,4
qwen_instruct,h2_choice,79,random,HrCh,2,0.0042999999999999705,0.0042999999999999705,0.0042999999999999705,0,0,0,CO1,4
qwen_instruct,h2_choice,79,random,HrCh,3,0.03479999999999994,0.03479999999999994,0.03479999999999994,0,0,0,CO1,4
qwen_instruct,h2_choice,79,random,HrHr,0,0.011500000000000003,0.011500000000000003,0.011499999999999955,0,0,0,CO2,2
qwen_instruct,h2_choice,79,random,HrHr,1,0.0036000000000000008,0.0036000000000000008,0.0036000000000000476,0,0,0,CO2,2
qwen_instruct,h2_choice,79,random,HrHr,2,0.011199999999999988,0.011199999999999988,0.011199999999999988,0,0,0,CO2,2
qwen_instruct,h2_choice,79,random,HrHr,3,0.0232,0.0232,0.0232,0,0,0,CO2,2
qwen_instruct,h2_choice,79,random,ShAs,0,0.029599999999999987,0.029599999999999987,0.029599999999999987,0,0,0,CO1,8
qwen_instruct,h2_choice,79,random,ShAs,1,0.010000000000000002,0.010000000000000002,0.010000000000000002,0,0,0,CO1,8
qwen_instruct,h2_choice,79,random,ShAs,2,0.03950000000000001,0.03949999999999998,0.03949999999999998,0,0,0,CO1,8
qwen_instruct,h2_choice,79,random,ShAs,3,0.010099999999999998,0.010099999999999998,0.010099999999999998,0,0,0,CO1,8
qwen_instruct,h2_choice,79,random,ShCo,0,0.05489999999999995,0.05489999999999995,0.05489999999999995,0,0,0,CO2,9
qwen_instruct,h2_choice,79,random,ShCo,1,0.023999999999999994,0.023999999999999994,0.023999999999999994,0,0,0,CO2,9
qwen_instruct,h2_choice,79,random,ShCo,2,0.014200000000000004,0.01419999999999999,0.01419999999999999,0,0,0,CO2,9
qwen_instruct,h2_choice,79,random,ShCo,3,0.0035000000000000014,0.0035000000000000586,0.0035000000000000586,0,0,0,CO2,9
qwen_instruct,h2_choice,79,random,ShSh,0,0.037500000000000006,0.037500000000000006,0.037500000000000006,0,0,0,CO1,9
qwen_instruct,h2_choice,79,random,ShSh,1,0.008800000000000002,0.008800000000000002,0.008800000000000002,0,0,0,CO1,9
qwen_instruct,h2_choice,79,random,ShSh,2,0.01680000000000001,0.016800000000000037,0.016800000000000037,0,0,0,CO1,9
qwen_instruct,h2_choice,79,random,ShSh,3,0.003799999999999998,0.0038000000000000256,0.0038000000000000256,0,0,0,CO1,9
