model,round,trait,family,game,a_star,dose,base0,cue0,null0,shift0,nullshift0,abs_shift,abs_nullshift,shift_pref,nullshift_pref,net_pref,base_pref,n_pairs,flips,flips_aligned
qwen,1,risk,trait,AsAs,1,-1.0,1.0,0.3333333333333333,0.3333333333333333,-0.6666666666666667,-0.6666666666666667,0.6666666666666667,0.6666666666666667,0.6666666666666667,0.6666666666666667,-0.0,0.0,3,2,2
qwen,1,risk,trait,AsBa,1,-1.0,1.0,0.0,0.6666666666666666,-1.0,-0.33333333333333337,1.0,0.33333333333333337,1.0,0.33333333333333337,0.6666666666666666,0.0,3,3,3
qwen,1,risk,trait,BaBa,0,1.0,1.0,0.0,1.0,-1.0,0.0,1.0,0.0,-1.0,0.0,-1.0,1.0,3,3,0
qwen,1,risk,trait,ChAs,0,1.0,0.6666666666666666,1.0,1.0,0.33333333333333337,0.33333333333333337,0.33333333333333337,0.33333333333333337,0.33333333333333337,0.33333333333333337,0.0,0.6666666666666666,3,1,1
qwen,1,risk,trait,ChBa,0,1.0,0.3333333333333333,0.0,0.6666666666666666,-0.3333333333333333,0.3333333333333333,0.3333333333333333,0.3333333333333333,-0.3333333333333333,0.3333333333333333,-0.6666666666666666,0.3333333333333333,3,1,0
qwen,1,risk,trait,CmAs,1,-2.0,1.0,0.3333333333333333,0.6666666666666666,-0.6666666666666667,-0.33333333333333337,0.6666666666666667,0.33333333333333337,0.6666666666666667,0.33333333333333337,0.33333333333333337,0.0,3,2,2
qwen,1,risk,trait,CmBa,1,-2.0,0.0,0.0,0.0,0.0,0.0,0.0,0.0,-0.0,-0.0,-0.0,1.0,3,0,0
qwen,1,risk,trait,CmCh,1,-2.0,0.0,0.0,0.0,0.0,0.0,0.0,0.0,-0.0,-0.0,-0.0,1.0,3,0,0
qwen,1,risk,trait,CmCm,1,-2.0,0.0,0.0,0.0,0.0,0.0,0.0,0.0,-0.0,-0.0,-0.0,1.0,3,0,0
qwen,1,risk,trait,CmCo,1,-2.0,0.0,0.0,0.0,0.0,0.0,0.0,0.0,-0.0,-0.0,-0.0,1.0,3,0,0
qwen,1,risk,trait,CmHr,1,-2.0,0.0,0.0,0.0,0.0,0.0,0.0,0.0,-0.0,-0.0,-0.0,1.0,3,0,0
qwen,1,risk,trait,CmNc,1,-2.0,0.3333333333333333,0.0,0.3333333333333333,-0.3333333333333333,0.0,0.3333333333333333,0.0,0.3333333333333333,-0.0,0.3333333333333333,0.6666666666666667,3,1,1
qwen,1,risk,trait,CmPc,1,-2.0,0.0,0.0,0.0,0.0,0.0,0.0,0.0,-0.0,-0.0,-0.0,1.0,3,0,0
qwen,1,risk,trait,CmPd,1,-2.0,0.0,0.0,0.0,0.0,0.0,0.0,0.0,-0.0,-0.0,-0.0,1.0,3,0,0
qwen,1,risk,trait,CmSh,1,-2.0,0.3333333333333333,0.0,0.3333333333333333,-0.3333333333333333,0.0,0.3333333333333333,0.0,0.3333333333333333,-0.0,0.3333333333333333,0.6666666666666667,3,1,1
qwen,1,risk,trait,CoAs,0,1.0,1.0,1.0,1.0,0.0,0.0,0.0,0.0,0.0,0.0,0.0,1.0,3,0,0
qwen,1,risk,trait,CoBa,0,1.0,1.0,0.3333333333333333,1.0,-0.6666666666666667,0.0,0.6666666666666667,0.0,-0.6666666666666667,0.0,-0.6666666666666667,1.0,3,2,0
qwen,1,risk,trait,CoCh,0,1.0,1.0,0.6666666666666666,1.0,-0.33333333333333337,0.0,0.33333333333333337,0.0,-0.33333333333333337,0.0,-0.33333333333333337,1.0,3,1,0
qwen,1,risk,trait,CoCo,0,1.0,1.0,0.6666666666666666,1.0,-0.33333333333333337,0.0,0.33333333333333337,0.0,-0.33333333333333337,0.0,-0.33333333333333337,1.0,3,1,0
qwen,1,risk,trait,CoSh,0,1.0,1.0,0.6666666666666666,1.0,-0.33333333333333337,0.0,0.33333333333333337,0.0,-0.33333333333333337,0.0,-0.33333333333333337,1.0,3,1,0
qwen,1,risk,trait,DlAs,1,-2.0,0.3333333333333333,0.3333333333333333,0.0,0.0,-0.3333333333333333,0.0,0.3333333333333333,-0.0,0.3333333333333333,-0.3333333333333333,0.6666666666666667,3,0,0
qwen,1,risk,trait,DlBa,1,-2.0,0.3333333333333333,0.0,0.0,-0.3333333333333333,-0.3333333333333333,0.3333333333333333,0.3333333333333333,0.3333333333333333,0.3333333333333333,-0.0,0.6666666666666667,3,1,1
qwen,1,risk,trait,DlCh,1,-2.0,0.0,0.0,0.0,0.0,0.0,0.0,0.0,-0.0,-0.0,-0.0,1.0,3,0,0
qwen,1,risk,trait,DlCm,1,-2.0,0.0,0.0,0.0,0.0,0.0,0.0,0.0,-0.0,-0.0,-0.0,1.0,3,0,0
qwen,1,risk,trait,DlCo,1,-2.0,0.3333333333333333,0.6666666666666666,0.0,0.3333333333333333,-0.3333333333333333,0.3333333333333333,0.3333333333333333,-0.3333333333333333,0.3333333333333333,-0.6666666666666666,0.6666666666666667,3,1,0
qwen,1,risk,trait,DlDl,1,-2.0,0.3333333333333333,0.3333333333333333,0.3333333333333333,0.0,0.0,0.0,0.0,-0.0,-0.0,-0.0,0.6666666666666667,3,0,0
qwen,1,risk,trait,DlHa,1,-2.0,0.0,0.0,0.0,0.0,0.0,0.0,0.0,-0.0,-0.0,-0.0,1.0,3,0,0
qwen,1,risk,trait,DlHr,1,-2.0,0.0,0.0,0.0,0.0,0.0,0.0,0.0,-0.0,-0.0,-0.0,1.0,3,0,0
qwen,1,risk,trait,DlNc,1,-2.0,0.3333333333333333,0.0,0.0,-0.3333333333333333,-0.3333333333333333,0.3333333333333333,0.3333333333333333,0.3333333333333333,0.3333333333333333,-0.0,0.6666666666666667,3,1,1
qwen,1,risk,trait,DlPc,1,-2.0,0.3333333333333333,0.3333333333333333,0.3333333333333333,0.0,0.0,0.0,0.0,-0.0,-0.0,-0.0,0.6666666666666667,3,0,0
qwen,1,risk,trait,DlPd,1,-2.0,0.0,0.0,0.0,0.0,0.0,0.0,0.0,-0.0,-0.0,-0.0,1.0,3,0,0
qwen,1,risk,trait,DlSh,1,-2.0,0.6666666666666666,0.6666666666666666,0.6666666666666666,0.0,0.0,0.0,0.0,-0.0,-0.0,-0.0,0.33333333333333337,3,0,0
qwen,1,risk,trait,HaAs,0,2.0,1.0,1.0,1.0,0.0,0.0,0.0,0.0,0.0,0.0,0.0,1.0,3,0,0
qwen,1,risk,trait,HaBa,0,2.0,1.0,1.0,1.0,0.0,0.0,0.0,0.0,0.0,0.0,0.0,1.0,3,0,0
qwen,1,risk,trait,HaCh,0,2.0,1.0,1.0,1.0,0.0,0.0,0.0,0.0,0.0,0.0,0.0,1.0,3,0,0
qwen,1,risk,trait,HaCm,0,2.0,1.0,0.6666666666666666,1.0,-0.33333333333333337,0.0,0.33333333333333337,0.0,-0.33333333333333337,0.0,-0.33333333333333337,1.0,3,1,0
qwen,1,risk,trait,HaCo,0,2.0,1.0,0.6666666666666666,1.0,-0.33333333333333337,0.0,0.33333333333333337,0.0,-0.33333333333333337,0.0,-0.33333333333333337,1.0,3,1,0
qwen,1,risk,trait,HaHa,0,2.0,1.0,0.6666666666666666,1.0,-0.33333333333333337,0.0,0.33333333333333337,0.0,-0.33333333333333337,0.0,-0.33333333333333337,1.0,3,1,0
qwen,1,risk,trait,HaHr,0,2.0,1.0,1.0,1.0,0.0,0.0,0.0,0.0,0.0,0.0,0.0,1.0,3,0,0
qwen,1,risk,trait,HaNc,0,2.0,1.0,1.0,1.0,0.0,0.0,0.0,0.0,0.0,0.0,0.0,1.0,3,0,0
qwen,1,risk,trait,HaPc,0,2.0,1.0,1.0,1.0,0.0,0.0,0.0,0.0,0.0,0.0,0.0,1.0,3,0,0
qwen,1,risk,trait,HaPd,0,2.0,1.0,1.0,1.0,0.0,0.0,0.0,0.0,0.0,0.0,0.0,1.0,3,0,0
qwen,1,risk,trait,HaSh,0,2.0,1.0,1.0,1.0,0.0,0.0,0.0,0.0,0.0,0.0,0.0,1.0,3,0,0
qwen,1,risk,trait,HrAs,1,-1.0,0.6666666666666666,0.3333333333333333,1.0,-0.3333333333333333,0.33333333333333337,0.3333333333333333,0.33333333333333337,0.3333333333333333,-0.33333333333333337,0.6666666666666667,0.33333333333333337,3,1,1
qwen,1,risk,trait,HrBa,1,-1.0,0.3333333333333333,0.0,0.3333333333333333,-0.3333333333333333,0.0,0.3333333333333333,0.0,0.3333333333333333,-0.0,0.3333333333333333,0.6666666666666667,3,1,1
qwen,1,risk,trait,HrCh,1,-1.0,1.0,0.0,0.6666666666666666,-1.0,-0.33333333333333337,1.0,0.33333333333333337,1.0,0.33333333333333337,0.6666666666666666,0.0,3,3,3
qwen,1,risk,trait,HrCo,1,-1.0,1.0,0.0,0.6666666666666666,-1.0,-0.33333333333333337,1.0,0.33333333333333337,1.0,0.33333333333333337,0.6666666666666666,0.0,3,3,3
qwen,1,risk,trait,HrHr,1,-1.0,1.0,0.0,0.6666666666666666,-1.0,-0.33333333333333337,1.0,0.33333333333333337,1.0,0.33333333333333337,0.6666666666666666,0.0,3,3,3
qwen,1,risk,trait,HrSh,1,-1.0,1.0,0.0,1.0,-1.0,0.0,1.0,0.0,1.0,-0.0,1.0,0.0,3,3,3
qwen,1,risk,trait,NcAs,0,1.0,1.0,1.0,1.0,0.0,0.0,0.0,0.0,0.0,0.0,0.0,1.0,3,0,0
qwen,1,risk,trait,NcBa,0,1.0,1.0,0.3333333333333333,1.0,-0.6666666666666667,0.0,0.6666666666666667,0.0,-0.6666666666666667,0.0,-0.6666666666666667,1.0,3,2,0
qwen,1,risk,trait,NcCh,0,1.0,1.0,0.3333333333333333,1.0,-0.6666666666666667,0.0,0.6666666666666667,0.0,-0.6666666666666667,0.0,-0.6666666666666667,1.0,3,2,0
qwen,1,risk,trait,NcCo,0,1.0,1.0,1.0,1.0,0.0,0.0,0.0,0.0,0.0,0.0,0.0,1.0,3,0,0
qwen,1,risk,trait,NcHr,0,1.0,0.3333333333333333,0.3333333333333333,1.0,0.0,0.6666666666666667,0.0,0.6666666666666667,0.0,0.6666666666666667,-0.6666666666666667,0.3333333333333333,3,0,0
qwen,1,risk,trait,NcNc,0,1.0,1.0,0.6666666666666666,1.0,-0.33333333333333337,0.0,0.33333333333333337,0.0,-0.33333333333333337,0.0,-0.33333333333333337,1.0,3,1,0
qwen,1,risk,trait,NcPd,0,1.0,1.0,0.0,1.0,-1.0,0.0,1.0,0.0,-1.0,0.0,-1.0,1.0,3,3,0
qwen,1,risk,trait,NcSh,0,1.0,1.0,1.0,1.0,0.0,0.0,0.0,0.0,0.0,0.0,0.0,1.0,3,0,0
qwen,1,risk,trait,PcAs,0,2.0,1.0,1.0,1.0,0.0,0.0,0.0,0.0,0.0,0.0,0.0,1.0,3,0,0
qwen,1,risk,trait,PcBa,0,2.0,1.0,1.0,1.0,0.0,0.0,0.0,0.0,0.0,0.0,0.0,1.0,3,0,0
qwen,1,risk,trait,PcCh,0,2.0,1.0,1.0,1.0,0.0,0.0,0.0,0.0,0.0,0.0,0.0,1.0,3,0,0
qwen,1,risk,trait,PcCo,0,2.0,1.0,1.0,1.0,0.0,0.0,0.0,0.0,0.0,0.0,0.0,1.0,3,0,0
qwen,1,risk,trait,PcHr,0,2.0,1.0,1.0,1.0,0.0,0.0,0.0,0.0,0.0,0.0,0.0,1.0,3,0,0
qwen,1,risk,trait,PcNc,0,2.0,1.0,1.0,1.0,0.0,0.0,0.0,0.0,0.0,0.0,0.0,1.0,3,0,0
qwen,1,risk,trait,PcPc,0,2.0,1.0,1.0,1.0,0.0,0.0,0.0,0.0,0.0,0.0,0.0,1.0,3,0,0
qwen,1,risk,trait,PcPd,0,2.0,1.0,1.0,1.0,0.0,0.0,0.0,0.0,0.0,0.0,0.0,1.0,3,0,0
qwen,1,risk,trait,PcSh,0,2.0,1.0,1.0,1.0,0.0,0.0,0.0,0.0,0.0,0.0,0.0,1.0,3,0,0
qwen,1,risk,trait,PdAs,1,-1.0,0.3333333333333333,0.0,0.0,-0.3333333333333333,-0.3333333333333333,0.3333333333333333,0.3333333333333333,0.3333333333333333,0.3333333333333333,-0.0,0.6666666666666667,3,1,1
qwen,1,risk,trait,PdBa,1,-1.0,0.3333333333333333,0.0,0.3333333333333333,-0.3333333333333333,0.0,0.3333333333333333,0.0,0.3333333333333333,-0.0,0.3333333333333333,0.6666666666666667,3,1,1
qwen,1,risk,trait,PdCh,1,-1.0,0.0,0.0,0.0,0.0,0.0,0.0,0.0,-0.0,-0.0,-0.0,1.0,3,0,0
qwen,1,risk,trait,PdCo,1,-1.0,0.3333333333333333,0.6666666666666666,0.0,0.3333333333333333,-0.3333333333333333,0.3333333333333333,0.3333333333333333,-0.3333333333333333,0.3333333333333333,-0.6666666666666666,0.6666666666666667,3,3,1
qwen,1,risk,trait,PdHr,1,-1.0,0.0,0.0,0.0,0.0,0.0,0.0,0.0,-0.0,-0.0,-0.0,1.0,3,0,0
qwen,1,risk,trait,PdSh,1,-1.0,0.6666666666666666,0.0,0.3333333333333333,-0.6666666666666666,-0.3333333333333333,0.6666666666666666,0.3333333333333333,0.6666666666666666,0.3333333333333333,0.3333333333333333,0.33333333333333337,3,2,2
qwen,1,risk,trait,ShAs,1,-1.0,0.6666666666666666,0.3333333333333333,0.6666666666666666,-0.3333333333333333,0.0,0.3333333333333333,0.0,0.3333333333333333,-0.0,0.3333333333333333,0.33333333333333337,3,1,1
qwen,1,risk,trait,ShBa,1,-1.0,0.6666666666666666,0.0,0.3333333333333333,-0.6666666666666666,-0.3333333333333333,0.6666666666666666,0.3333333333333333,0.6666666666666666,0.3333333333333333,0.3333333333333333,0.33333333333333337,3,2,2
qwen,1,risk,trait,ShCh,1,-1.0,0.6666666666666666,0.0,1.0,-0.6666666666666666,0.33333333333333337,0.6666666666666666,0.33333333333333337,0.6666666666666666,-0.33333333333333337,1.0,0.33333333333333337,3,2,2
qwen,1,risk,trait,ShSh,1,-1.0,1.0,0.0,1.0,-1.0,0.0,1.0,0.0,1.0,-0.0,1.0,0.0,3,3,3
qwen,1,loss,trait,AsAs,1,-1.0,1.0,0.0,0.3333333333333333,-1.0,-0.6666666666666667,1.0,0.6666666666666667,1.0,0.6666666666666667,0.33333333333333326,0.0,3,3,3
qwen,1,loss,trait,AsBa,1,-1.0,1.0,0.0,0.6666666666666666,-1.0,-0.33333333333333337,1.0,0.33333333333333337,1.0,0.33333333333333337,0.6666666666666666,0.0,3,3,3
qwen,1,loss,trait,BaBa,0,1.0,1.0,0.3333333333333333,1.0,-0.6666666666666667,0.0,0.6666666666666667,0.0,-0.6666666666666667,0.0,-0.6666666666666667,1.0,3,2,0
qwen,1,loss,trait,ChAs,0,1.0,0.6666666666666666,1.0,1.0,0.33333333333333337,0.33333333333333337,0.33333333333333337,0.33333333333333337,0.33333333333333337,0.33333333333333337,0.0,0.6666666666666666,3,1,1
qwen,1,loss,trait,ChBa,0,1.0,0.3333333333333333,0.3333333333333333,0.6666666666666666,0.0,0.3333333333333333,0.0,0.3333333333333333,0.0,0.3333333333333333,-0.3333333333333333,0.3333333333333333,3,2,1
qwen,1,loss,trait,CmAs,1,-2.0,1.0,0.3333333333333333,0.6666666666666666,-0.6666666666666667,-0.33333333333333337,0.6666666666666667,0.33333333333333337,0.6666666666666667,0.33333333333333337,0.33333333333333337,0.0,3,2,2
qwen,1,loss,trait,CmBa,1,-2.0,0.0,0.0,0.0,0.0,0.0,0.0,0.0,-0.0,-0.0,-0.0,1.0,3,0,0
qwen,1,loss,trait,CmCh,1,-2.0,0.0,0.0,0.0,0.0,0.0,0.0,0.0,-0.0,-0.0,-0.0,1.0,3,0,0
qwen,1,loss,trait,CmCm,1,-2.0,0.0,0.0,0.0,0.0,0.0,0.0,0.0,-0.0,-0.0,-0.0,1.0,3,0,0
qwen,1,loss,trait,CmCo,1,-2.0,0.0,0.3333333333333333,0.0,0.3333333333333333,0.0,0.3333333333333333,0.0,-0.3333333333333333,-0.0,-0.3333333333333333,1.0,3,1,0
qwen,1,loss,trait,CmHr,1,-2.0,0.0,0.0,0.0,0.0,0.0,0.0,0.0,-0.0,-0.0,-0.0,1.0,3,0,0
qwen,1,loss,trait,CmNc,1,-2.0,0.3333333333333333,0.3333333333333333,0.3333333333333333,0.0,0.0,0.0,0.0,-0.0,-0.0,-0.0,0.6666666666666667,3,0,0
qwen,1,loss,trait,CmPc,1,-2.0,0.0,0.0,0.0,0.0,0.0,0.0,0.0,-0.0,-0.0,-0.0,1.0,3,0,0
qwen,1,loss,trait,CmPd,1,-2.0,0.0,0.3333333333333333,0.0,0.3333333333333333,0.0,0.3333333333333333,0.0,-0.3333333333333333,-0.0,-0.3333333333333333,1.0,3,1,0
qwen,1,loss,trait,CmSh,1,-2.0,0.3333333333333333,0.0,0.3333333333333333,-0.3333333333333333,0.0,0.3333333333333333,0.0,0.3333333333333333,-0.0,0.3333333333333333,0.6666666666666667,3,1,1
qwen,1,loss,trait,CoAs,0,1.0,1.0,0.6666666666666666,1.0,-0.33333333333333337,0.0,0.33333333333333337,0.0,-0.33333333333333337,0.0,-0.33333333333333337,1.0,3,1,0
qwen,1,loss,trait,CoBa,0,1.0,1.0,0.0,1.0,-1.0,0.0,1.0,0.0,-1.0,0.0,-1.0,1.0,3,3,0
qwen,1,loss,trait,CoCh,0,1.0,1.0,0.6666666666666666,1.0,-0.33333333333333337,0.0,0.33333333333333337,0.0,-0.33333333333333337,0.0,-0.33333333333333337,1.0,3,1,0
qwen,1,loss,trait,CoCo,0,1.0,1.0,0.6666666666666666,1.0,-0.33333333333333337,0.0,0.33333333333333337,0.0,-0.33333333333333337,0.0,-0.33333333333333337,1.0,3,1,0
qwen,1,loss,trait,CoSh,0,1.0,1.0,0.6666666666666666,1.0,-0.33333333333333337,0.0,0.33333333333333337,0.0,-0.33333333333333337,0.0,-0.33333333333333337,1.0,3,1,0
qwen,1,loss,trait,DlAs,1,-2.0,0.3333333333333333,0.6666666666666666,0.0,0.3333333333333333,-0.3333333333333333,0.3333333333333333,0.3333333333333333,-0.3333333333333333,0.3333333333333333,-0.6666666666666666,0.6666666666666667,3,1,0
qwen,1,loss,trait,DlBa,1,-2.0,0.3333333333333333,0.0,0.0,-0.3333333333333333,-0.3333333333333333,0.3333333333333333,0.3333333333333333,0.3333333333333333,0.3333333333333333,-0.0,0.6666666666666667,3,1,1
qwen,1,loss,trait,DlCh,1,-2.0,0.0,0.0,0.0,0.0,0.0,0.0,0.0,-0.0,-0.0,-0.0,1.0,3,0,0
qwen,1,loss,trait,DlCm,1,-2.0,0.0,0.0,0.0,0.0,0.0,0.0,0.0,-0.0,-0.0,-0.0,1.0,3,0,0
qwen,1,loss,trait,DlCo,1,-2.0,0.3333333333333333,0.3333333333333333,0.0,0.0,-0.3333333333333333,0.0,0.3333333333333333,-0.0,0.3333333333333333,-0.3333333333333333,0.6666666666666667,3,0,0
qwen,1,loss,trait,DlDl,1,-2.0,0.3333333333333333,0.3333333333333333,0.3333333333333333,0.0,0.0,0.0,0.0,-0.0,-0.0,-0.0,0.6666666666666667,3,0,0
qwen,1,loss,trait,DlHa,1,-2.0,0.0,0.0,0.0,0.0,0.0,0.0,0.0,-0.0,-0.0,-0.0,1.0,3,0,0
qwen,1,loss,trait,DlHr,1,-2.0,0.0,0.0,0.0,0.0,0.0,0.0,0.0,-0.0,-0.0,-0.0,1.0,3,0,0
qwen,1,loss,trait,DlNc,1,-2.0,0.3333333333333333,0.3333333333333333,0.0,0.0,-0.3333333333333333,0.0,0.3333333333333333,-0.0,0.3333333333333333,-0.3333333333333333,0.6666666666666667,3,0,0
qwen,1,loss,trait,DlPc,1,-2.0,0.3333333333333333,0.3333333333333333,0.3333333333333333,0.0,0.0,0.0,0.0,-0.0,-0.0,-0.0,0.6666666666666667,3,0,0
qwen,1,loss,trait,DlPd,1,-2.0,0.0,0.0,0.0,0.0,0.0,0.0,0.0,-0.0,-0.0,-0.0,1.0,3,0,0
qwen,1,loss,trait,DlSh,1,-2.0,0.6666666666666666,0.6666666666666666,0.6666666666666666,0.0,0.0,0.0,0.0,-0.0,-0.0,-0.0,0.33333333333333337,3,0,0
qwen,1,loss,trait,HaAs,0,2.0,1.0,1.0,1.0,0.0,0.0,0.0,0.0,0.0,0.0,0.0,1.0,3,0,0
qwen,1,loss,trait,HaBa,0,2.0,1.0,1.0,1.0,0.0,0.0,0.0,0.0,0.0,0.0,0.0,1.0,3,0,0
qwen,1,loss,trait,HaCh,0,2.0,1.0,0.6666666666666666,1.0,-0.33333333333333337,0.0,0.33333333333333337,0.0,-0.33333333333333337,0.0,-0.33333333333333337,1.0,3,1,0
qwen,1,loss,trait,HaCm,0,2.0,1.0,0.6666666666666666,1.0,-0.33333333333333337,0.0,0.33333333333333337,0.0,-0.33333333333333337,0.0,-0.33333333333333337,1.0,3,1,0
qwen,1,loss,trait,HaCo,0,2.0,1.0,0.6666666666666666,1.0,-0.33333333333333337,0.0,0.33333333333333337,0.0,-0.33333333333333337,0.0,-0.33333333333333337,1.0,3,1,0
qwen,1,loss,trait,HaHa,0,2.0,1.0,0.6666666666666666,1.0,-0.33333333333333337,0.0,0.33333333333333337,0.0,-0.33333333333333337,0.0,-0.33333333333333337,1.0,3,1,0
qwen,1,loss,trait,HaHr,0,2.0,1.0,1.0,1.0,0.0,0.0,0.0,0.0,0.0,0.0,0.0,1.0,3,0,0
qwen,1,loss,trait,HaNc,0,2.0,1.0,1.0,1.0,0.0,0.0,0.0,0.0,0.0,0.0,0.0,1.0,3,0,0
qwen,1,loss,trait,HaPc,0,2.0,1.0,1.0,1.0,0.0,0.0,0.0,0.0,0.0,0.0,0.0,1.0,3,0,0
qwen,1,loss,trait,HaPd,0,2.0,1.0,1.0,1.0,0.0,0.0,0.0,0.0,0.0,0.0,0.0,1.0,3,0,0
qwen,1,loss,trait,HaSh,0,2.0,1.0,1.0,1.0,0.0,0.0,0.0,0.0,0.0,0.0,0.0,1.0,3,0,0
qwen,1,loss,trait,HrAs,1,-1.0,0.6666666666666666,0.3333333333333333,1.0,-0.3333333333333333,0.33333333333333337,0.3333333333333333,0.33333333333333337,0.3333333333333333,-0.33333333333333337,0.6666666666666667,0.33333333333333337,3,1,1
qwen,1,loss,trait,HrBa,1,-1.0,0.3333333333333333,0.0,0.3333333333333333,-0.3333333333333333,0.0,0.3333333333333333,0.0,0.3333333333333333,-0.0,0.3333333333333333,0.6666666666666667,3,1,1
qwen,1,loss,trait,HrCh,1,-1.0,1.0,0.3333333333333333,0.6666666666666666,-0.6666666666666667,-0.33333333333333337,0.6666666666666667,0.33333333333333337,0.6666666666666667,0.33333333333333337,0.33333333333333337,0.0,3,2,2
qwen,1,loss,trait,HrCo,1,-1.0,1.0,0.0,0.6666666666666666,-1.0,-0.33333333333333337,1.0,0.33333333333333337,1.0,0.33333333333333337,0.6666666666666666,0.0,3,3,3
qwen,1,loss,trait,HrHr,1,-1.0,1.0,0.0,0.6666666666666666,-1.0,-0.33333333333333337,1.0,0.33333333333333337,1.0,0.33333333333333337,0.6666666666666666,0.0,3,3,3
qwen,1,loss,trait,HrSh,1,-1.0,1.0,0.0,1.0,-1.0,0.0,1.0,0.0,1.0,-0.0,1.0,0.0,3,3,3
qwen,1,loss,trait,NcAs,0,1.0,1.0,0.6666666666666666,1.0,-0.33333333333333337,0.0,0.33333333333333337,0.0,-0.33333333333333337,0.0,-0.33333333333333337,1.0,3,1,0
qwen,1,loss,trait,NcBa,0,1.0,1.0,0.3333333333333333,1.0,-0.6666666666666667,0.0,0.6666666666666667,0.0,-0.6666666666666667,0.0,-0.6666666666666667,1.0,3,2,0
qwen,1,loss,trait,NcCh,0,1.0,1.0,0.3333333333333333,1.0,-0.6666666666666667,0.0,0.6666666666666667,0.0,-0.6666666666666667,0.0,-0.6666666666666667,1.0,3,2,0
qwen,1,loss,trait,NcCo,0,1.0,1.0,0.6666666666666666,1.0,-0.33333333333333337,0.0,0.33333333333333337,0.0,-0.33333333333333337,0.0,-0.33333333333333337,1.0,3,1,0
qwen,1,loss,trait,NcHr,0,1.0,0.3333333333333333,0.3333333333333333,1.0,0.0,0.6666666666666667,0.0,0.6666666666666667,0.0,0.6666666666666667,-0.6666666666666667,0.3333333333333333,3,0,0
qwen,1,loss,trait,NcNc,0,1.0,1.0,0.6666666666666666,1.0,-0.33333333333333337,0.0,0.33333333333333337,0.0,-0.33333333333333337,0.0,-0.33333333333333337,1.0,3,1,0
qwen,1,loss,trait,NcPd,0,1.0,1.0,0.0,1.0,-1.0,0.0,1.0,0.0,-1.0,0.0,-1.0,1.0,3,3,0
qwen,1,loss,trait,NcSh,0,1.0,1.0,0.6666666666666666,1.0,-0.33333333333333337,0.0,0.33333333333333337,0.0,-0.33333333333333337,0.0,-0.33333333333333337,1.0,3,1,0
qwen,1,loss,trait,PcAs,0,2.0,1.0,1.0,1.0,0.0,0.0,0.0,0.0,0.0,0.0,0.0,1.0,3,0,0
qwen,1,loss,trait,PcBa,0,2.0,1.0,0.6666666666666666,1.0,-0.33333333333333337,0.0,0.33333333333333337,0.0,-0.33333333333333337,0.0,-0.33333333333333337,1.0,3,1,0
qwen,1,loss,trait,PcCh,0,2.0,1.0,0.6666666666666666,1.0,-0.33333333333333337,0.0,0.33333333333333337,0.0,-0.33333333333333337,0.0,-0.33333333333333337,1.0,3,1,0
qwen,1,loss,trait,PcCo,0,2.0,1.0,1.0,1.0,0.0,0.0,0.0,0.0,0.0,0.0,0.0,1.0,3,0,0
qwen,1,loss,trait,PcHr,0,2.0,1.0,0.6666666666666666,1.0,-0.33333333333333337,0.0,0.33333333333333337,0.0,-0.33333333333333337,0.0,-0.33333333333333337,1.0,3,1,0
qwen,1,loss,trait,PcNc,0,2.0,1.0,1.0,1.0,0.0,0.0,0.0,0.0,0.0,0.0,0.0,1.0,3,0,0
qwen,1,loss,trait,PcPc,0,2.0,1.0,1.0,1.0,0.0,0.0,0.0,0.0,0.0,0.0,0.0,1.0,3,0,0
qwen,1,loss,trait,PcPd,0,2.0,1.0,1.0,1.0,0.0,0.0,0.0,0.0,0.0,0.0,0.0,1.0,3,0,0
qwen,1,loss,trait,PcSh,0,2.0,1.0,1.0,1.0,0.0,0.0,0.0,0.0,0.0,0.0,0.0,1.0,3,0,0
qwen,1,loss,trait,PdAs,1,-1.0,0.3333333333333333,0.0,0.0,-0.3333333333333333,-0.3333333333333333,0.3333333333333333,0.3333333333333333,0.3333333333333333,0.3333333333333333,-0.0,0.6666666666666667,3,1,1
qwen,1,loss,trait,PdBa,1,-1.0,0.3333333333333333,0.0,0.3333333333333333,-0.3333333333333333,0.0,0.3333333333333333,0.0,0.3333333333333333,-0.0,0.3333333333333333,0.6666666666666667,3,1,1
qwen,1,loss,trait,PdCh,1,-1.0,0.0,0.0,0.0,0.0,0.0,0.0,0.0,-0.0,-0.0,-0.0,1.0,3,0,0
qwen,1,loss,trait,PdCo,1,-1.0,0.3333333333333333,0.6666666666666666,0.0,0.3333333333333333,-0.3333333333333333,0.3333333333333333,0.3333333333333333,-0.3333333333333333,0.3333333333333333,-0.6666666666666666,0.6666666666666667,3,3,1
qwen,1,loss,trait,PdHr,1,-1.0,0.0,0.0,0.0,0.0,0.0,0.0,0.0,-0.0,-0.0,-0.0,1.0,3,0,0
qwen,1,loss,trait,PdSh,1,-1.0,0.6666666666666666,0.3333333333333333,0.3333333333333333,-0.3333333333333333,-0.3333333333333333,0.3333333333333333,0.3333333333333333,0.3333333333333333,0.3333333333333333,-0.0,0.33333333333333337,3,1,1
qwen,1,loss,trait,ShAs,1,-1.0,0.6666666666666666,0.0,0.6666666666666666,-0.6666666666666666,0.0,0.6666666666666666,0.0,0.6666666666666666,-0.0,0.6666666666666666,0.33333333333333337,3,2,2
qwen,1,loss,trait,ShBa,1,-1.0,0.6666666666666666,0.0,0.3333333333333333,-0.6666666666666666,-0.3333333333333333,0.6666666666666666,0.3333333333333333,0.6666666666666666,0.3333333333333333,0.3333333333333333,0.33333333333333337,3,2,2
qwen,1,loss,trait,ShCh,1,-1.0,0.6666666666666666,0.3333333333333333,1.0,-0.3333333333333333,0.33333333333333337,0.3333333333333333,0.33333333333333337,0.3333333333333333,-0.33333333333333337,0.6666666666666667,0.33333333333333337,3,1,1
qwen,1,loss,trait,ShSh,1,-1.0,1.0,0.3333333333333333,1.0,-0.6666666666666667,0.0,0.6666666666666667,0.0,0.6666666666666667,-0.0,0.6666666666666667,0.0,3,2,2
qwen,1,inequity,trait,AsBa,1,-1.0,1.0,0.0,0.6666666666666666,-1.0,-0.33333333333333337,1.0,0.33333333333333337,1.0,0.33333333333333337,0.6666666666666666,0.0,3,3,3
qwen,1,inequity,trait,ChAs,0,2.0,0.6666666666666666,1.0,1.0,0.33333333333333337,0.33333333333333337,0.33333333333333337,0.33333333333333337,0.33333333333333337,0.33333333333333337,0.0,0.6666666666666666,3,1,1
qwen,1,inequity,trait,ChBa,1,-1.0,0.3333333333333333,0.0,0.6666666666666666,-0.3333333333333333,0.3333333333333333,0.3333333333333333,0.3333333333333333,0.3333333333333333,-0.3333333333333333,0.6666666666666666,0.6666666666666667,3,1,1
qwen,1,inequity,trait,CmCo,1,-1.0,0.0,0.0,0.0,0.0,0.0,0.0,0.0,-0.0,-0.0,-0.0,1.0,3,0,0
qwen,1,inequity,trait,CmPc,1,-1.0,0.0,0.0,0.0,0.0,0.0,0.0,0.0,-0.0,-0.0,-0.0,1.0,3,0,0
qwen,1,inequity,trait,DlCm,1,-1.0,0.0,0.0,0.0,0.0,0.0,0.0,0.0,-0.0,-0.0,-0.0,1.0,3,0,0
qwen,1,inequity,trait,DlHr,1,-1.0,0.0,0.0,0.0,0.0,0.0,0.0,0.0,-0.0,-0.0,-0.0,1.0,3,0,0
qwen,1,inequity,trait,HaAs,0,1.0,1.0,1.0,1.0,0.0,0.0,0.0,0.0,0.0,0.0,0.0,1.0,3,0,0
qwen,1,inequity,trait,HaBa,1,-1.0,1.0,0.6666666666666666,1.0,-0.33333333333333337,0.0,0.33333333333333337,0.0,0.33333333333333337,-0.0,0.33333333333333337,0.0,3,1,1
qwen,1,inequity,trait,HaCh,1,-1.0,1.0,0.3333333333333333,1.0,-0.6666666666666667,0.0,0.6666666666666667,0.0,0.6666666666666667,-0.0,0.6666666666666667,0.0,3,2,2
qwen,1,inequity,trait,HaCm,1,-1.0,1.0,0.0,1.0,-1.0,0.0,1.0,0.0,1.0,-0.0,1.0,0.0,3,3,3
qwen,1,inequity,trait,HaHr,1,-1.0,1.0,1.0,1.0,0.0,0.0,0.0,0.0,-0.0,-0.0,-0.0,0.0,3,0,0
qwen,1,inequity,trait,HaSh,0,1.0,1.0,1.0,1.0,0.0,0.0,0.0,0.0,0.0,0.0,0.0,1.0,3,0,0
qwen,1,inequity,trait,HrCo,1,-1.0,1.0,0.3333333333333333,0.6666666666666666,-0.6666666666666667,-0.33333333333333337,0.6666666666666667,0.33333333333333337,0.6666666666666667,0.33333333333333337,0.33333333333333337,0.0,3,2,2
qwen,1,inequity,trait,NcAs,0,2.0,1.0,1.0,1.0,0.0,0.0,0.0,0.0,0.0,0.0,0.0,1.0,3,0,0
qwen,1,inequity,trait,NcBa,1,-2.0,1.0,0.0,1.0,-1.0,0.0,1.0,0.0,1.0,-0.0,1.0,0.0,3,3,3
qwen,1,inequity,trait,NcCh,1,-1.0,1.0,0.0,1.0,-1.0,0.0,1.0,0.0,1.0,-0.0,1.0,0.0,3,3,3
qwen,1,inequity,trait,NcCo,0,1.0,1.0,0.6666666666666666,1.0,-0.33333333333333337,0.0,0.33333333333333337,0.0,-0.33333333333333337,0.0,-0.33333333333333337,1.0,3,1,0
qwen,1,inequity,trait,NcHr,1,-2.0,0.3333333333333333,0.0,1.0,-0.3333333333333333,0.6666666666666667,0.3333333333333333,0.6666666666666667,0.3333333333333333,-0.6666666666666667,1.0,0.6666666666666667,3,1,1
qwen,1,inequity,trait,NcSh,0,1.0,1.0,1.0,1.0,0.0,0.0,0.0,0.0,0.0,0.0,0.0,1.0,3,0,0
qwen,1,inequity,trait,PcHr,1,-1.0,1.0,0.3333333333333333,1.0,-0.6666666666666667,0.0,0.6666666666666667,0.0,0.6666666666666667,-0.0,0.6666666666666667,0.0,3,2,2
qwen,1,inequity,trait,PcNc,0,1.0,1.0,1.0,1.0,0.0,0.0,0.0,0.0,0.0,0.0,0.0,1.0,3,0,0
qwen,1,inequity,trait,PcPd,1,-1.0,1.0,0.6666666666666666,1.0,-0.33333333333333337,0.0,0.33333333333333337,0.0,0.33333333333333337,-0.0,0.33333333333333337,0.0,3,1,1
qwen,1,inequity,trait,PdAs,0,1.0,0.3333333333333333,0.0,0.0,-0.3333333333333333,-0.3333333333333333,0.3333333333333333,0.3333333333333333,-0.3333333333333333,-0.3333333333333333,0.0,0.3333333333333333,3,1,0
qwen,1,inequity,trait,PdBa,1,-1.0,0.3333333333333333,0.0,0.3333333333333333,-0.3333333333333333,0.0,0.3333333333333333,0.0,0.3333333333333333,-0.0,0.3333333333333333,0.6666666666666667,3,1,1
qwen,1,inequity,trait,PdCo,0,1.0,0.3333333333333333,1.0,0.0,0.6666666666666667,-0.3333333333333333,0.6666666666666667,0.3333333333333333,0.6666666666666667,-0.3333333333333333,1.0,0.3333333333333333,3,2,2
qwen,1,inequity,trait,PdHr,1,-2.0,0.0,0.0,0.0,0.0,0.0,0.0,0.0,-0.0,-0.0,-0.0,1.0,3,0,0
qwen,1,inequity,trait,ShAs,0,1.0,0.6666666666666666,0.3333333333333333,0.6666666666666666,-0.3333333333333333,0.0,0.3333333333333333,0.0,-0.3333333333333333,0.0,-0.3333333333333333,0.6666666666666666,3,1,0
qwen,1,inequity,trait,ShBa,1,-2.0,0.6666666666666666,0.0,0.3333333333333333,-0.6666666666666666,-0.3333333333333333,0.6666666666666666,0.3333333333333333,0.6666666666666666,0.3333333333333333,0.3333333333333333,0.33333333333333337,3,2,2
qwen,1,inequity,trait,ShCh,1,-1.0,0.6666666666666666,0.0,1.0,-0.6666666666666666,0.33333333333333337,0.6666666666666666,0.33333333333333337,0.6666666666666666,-0.33333333333333337,1.0,0.33333333333333337,3,2,2
qwen,1,selfish,trait,CmAs,1,-2.0,1.0,0.0,0.6666666666666666,-1.0,-0.33333333333333337,1.0,0.33333333333333337,1.0,0.33333333333333337,0.6666666666666666,0.0,3,3,3
qwen,1,selfish,trait,CmBa,1,-2.0,0.0,0.0,0.0,0.0,0.0,0.0,0.0,-0.0,-0.0,-0.0,1.0,3,0,0
qwen,1,selfish,trait,CmCh,1,-2.0,0.0,0.0,0.0,0.0,0.0,0.0,0.0,-0.0,-0.0,-0.0,1.0,3,0,0
qwen,1,selfish,trait,CmCm,1,-2.0,0.0,0.0,0.0,0.0,0.0,0.0,0.0,-0.0,-0.0,-0.0,1.0,3,0,0
qwen,1,selfish,trait,CmCo,1,-2.0,0.0,0.0,0.0,0.0,0.0,0.0,0.0,-0.0,-0.0,-0.0,1.0,3,0,0
qwen,1,selfish,trait,CmHr,1,-2.0,0.0,0.0,0.0,0.0,0.0,0.0,0.0,-0.0,-0.0,-0.0,1.0,3,0,0
qwen,1,selfish,trait,CmNc,1,-2.0,0.3333333333333333,0.0,0.3333333333333333,-0.3333333333333333,0.0,0.3333333333333333,0.0,0.3333333333333333,-0.0,0.3333333333333333,0.6666666666666667,3,1,1
qwen,1,selfish,trait,CmPc,1,-2.0,0.0,0.0,0.0,0.0,0.0,0.0,0.0,-0.0,-0.0,-0.0,1.0,3,0,0
qwen,1,selfish,trait,CmPd,1,-2.0,0.0,0.0,0.0,0.0,0.0,0.0,0.0,-0.0,-0.0,-0.0,1.0,3,0,0
qwen,1,selfish,trait,CmSh,1,-2.0,0.3333333333333333,0.0,0.3333333333333333,-0.3333333333333333,0.0,0.3333333333333333,0.0,0.3333333333333333,-0.0,0.3333333333333333,0.6666666666666667,3,1,1
qwen,1,selfish,trait,CoAs,0,1.0,1.0,0.6666666666666666,1.0,-0.33333333333333337,0.0,0.33333333333333337,0.0,-0.33333333333333337,0.0,-0.33333333333333337,1.0,3,1,0
qwen,1,selfish,trait,CoBa,0,1.0,1.0,1.0,1.0,0.0,0.0,0.0,0.0,0.0,0.0,0.0,1.0,3,0,0
qwen,1,selfish,trait,CoCh,0,1.0,1.0,1.0,1.0,0.0,0.0,0.0,0.0,0.0,0.0,0.0,1.0,3,0,0
qwen,1,selfish,trait,CoCo,0,1.0,1.0,1.0,1.0,0.0,0.0,0.0,0.0,0.0,0.0,0.0,1.0,3,0,0
qwen,1,selfish,trait,CoSh,0,1.0,1.0,0.6666666666666666,1.0,-0.33333333333333337,0.0,0.33333333333333337,0.0,-0.33333333333333337,0.0,-0.33333333333333337,1.0,3,1,0
qwen,1,selfish,trait,DlAs,1,-2.0,0.3333333333333333,0.0,0.0,-0.3333333333333333,-0.3333333333333333,0.3333333333333333,0.3333333333333333,0.3333333333333333,0.3333333333333333,-0.0,0.6666666666666667,3,1,1
qwen,1,selfish,trait,DlBa,1,-2.0,0.3333333333333333,0.0,0.0,-0.3333333333333333,-0.3333333333333333,0.3333333333333333,0.3333333333333333,0.3333333333333333,0.3333333333333333,-0.0,0.6666666666666667,3,1,1
qwen,1,selfish,trait,DlCh,1,-2.0,0.0,0.0,0.0,0.0,0.0,0.0,0.0,-0.0,-0.0,-0.0,1.0,3,0,0
qwen,1,selfish,trait,DlCm,1,-2.0,0.0,0.0,0.0,0.0,0.0,0.0,0.0,-0.0,-0.0,-0.0,1.0,3,0,0
qwen,1,selfish,trait,DlCo,1,-2.0,0.3333333333333333,0.0,0.0,-0.3333333333333333,-0.3333333333333333,0.3333333333333333,0.3333333333333333,0.3333333333333333,0.3333333333333333,-0.0,0.6666666666666667,3,1,1
qwen,1,selfish,trait,DlDl,1,-2.0,0.3333333333333333,0.0,0.3333333333333333,-0.3333333333333333,0.0,0.3333333333333333,0.0,0.3333333333333333,-0.0,0.3333333333333333,0.6666666666666667,3,1,1
qwen,1,selfish,trait,DlHa,1,-2.0,0.0,0.0,0.0,0.0,0.0,0.0,0.0,-0.0,-0.0,-0.0,1.0,3,0,0
qwen,1,selfish,trait,DlHr,1,-2.0,0.0,0.0,0.0,0.0,0.0,0.0,0.0,-0.0,-0.0,-0.0,1.0,3,0,0
qwen,1,selfish,trait,DlNc,1,-2.0,0.3333333333333333,0.0,0.0,-0.3333333333333333,-0.3333333333333333,0.3333333333333333,0.3333333333333333,0.3333333333333333,0.3333333333333333,-0.0,0.6666666666666667,3,1,1
qwen,1,selfish,trait,DlPc,1,-2.0,0.3333333333333333,0.0,0.3333333333333333,-0.3333333333333333,0.0,0.3333333333333333,0.0,0.3333333333333333,-0.0,0.3333333333333333,0.6666666666666667,3,1,1
qwen,1,selfish,trait,DlPd,1,-2.0,0.0,0.0,0.0,0.0,0.0,0.0,0.0,-0.0,-0.0,-0.0,1.0,3,0,0
qwen,1,selfish,trait,DlSh,1,-2.0,0.6666666666666666,0.0,0.6666666666666666,-0.6666666666666666,0.0,0.6666666666666666,0.0,0.6666666666666666,-0.0,0.6666666666666666,0.33333333333333337,3,2,2
qwen,1,selfish,trait,HaAs,0,2.0,1.0,1.0,1.0,0.0,0.0,0.0,0.0,0.0,0.0,0.0,1.0,3,0,0
qwen,1,selfish,trait,HaBa,0,2.0,1.0,1.0,1.0,0.0,0.0,0.0,0.0,0.0,0.0,0.0,1.0,3,0,0
qwen,1,selfish,trait,HaCh,0,2.0,1.0,1.0,1.0,0.0,0.0,0.0,0.0,0.0,0.0,0.0,1.0,3,0,0
qwen,1,selfish,trait,HaCm,0,2.0,1.0,1.0,1.0,0.0,0.0,0.0,0.0,0.0,0.0,0.0,1.0,3,0,0
qwen,1,selfish,trait,HaCo,0,2.0,1.0,1.0,1.0,0.0,0.0,0.0,0.0,0.0,0.0,0.0,1.0,3,0,0
qwen,1,selfish,trait,HaHa,0,2.0,1.0,1.0,1.0,0.0,0.0,0.0,0.0,0.0,0.0,0.0,1.0,3,0,0
qwen,1,selfish,trait,HaHr,0,2.0,1.0,1.0,1.0,0.0,0.0,0.0,0.0,0.0,0.0,0.0,1.0,3,0,0
qwen,1,selfish,trait,HaNc,0,2.0,1.0,1.0,1.0,0.0,0.0,0.0,0.0,0.0,0.0,0.0,1.0,3,0,0
qwen,1,selfish,trait,HaPc,0,2.0,1.0,1.0,1.0,0.0,0.0,0.0,0.0,0.0,0.0,0.0,1.0,3,0,0
qwen,1,selfish,trait,HaPd,0,2.0,1.0,1.0,1.0,0.0,0.0,0.0,0.0,0.0,0.0,0.0,1.0,3,0,0
qwen,1,selfish,trait,HaSh,0,2.0,1.0,1.0,1.0,0.0,0.0,0.0,0.0,0.0,0.0,0.0,1.0,3,0,0
qwen,1,selfish,trait,HrAs,1,-1.0,0.6666666666666666,0.3333333333333333,1.0,-0.3333333333333333,0.33333333333333337,0.3333333333333333,0.33333333333333337,0.3333333333333333,-0.33333333333333337,0.6666666666666667,0.33333333333333337,3,1,1
qwen,1,selfish,trait,HrBa,1,-1.0,0.3333333333333333,0.0,0.3333333333333333,-0.3333333333333333,0.0,0.3333333333333333,0.0,0.3333333333333333,-0.0,0.3333333333333333,0.6666666666666667,3,1,1
qwen,1,selfish,trait,HrCh,1,-1.0,1.0,0.0,0.6666666666666666,-1.0,-0.33333333333333337,1.0,0.33333333333333337,1.0,0.33333333333333337,0.6666666666666666,0.0,3,3,3
qwen,1,selfish,trait,HrCo,1,-1.0,1.0,0.0,0.6666666666666666,-1.0,-0.33333333333333337,1.0,0.33333333333333337,1.0,0.33333333333333337,0.6666666666666666,0.0,3,3,3
qwen,1,selfish,trait,HrHr,1,-1.0,1.0,0.0,0.6666666666666666,-1.0,-0.33333333333333337,1.0,0.33333333333333337,1.0,0.33333333333333337,0.6666666666666666,0.0,3,3,3
qwen,1,selfish,trait,HrSh,1,-1.0,1.0,0.0,1.0,-1.0,0.0,1.0,0.0,1.0,-0.0,1.0,0.0,3,3,3
qwen,1,selfish,trait,NcAs,0,1.0,1.0,0.6666666666666666,1.0,-0.33333333333333337,0.0,0.33333333333333337,0.0,-0.33333333333333337,0.0,-0.33333333333333337,1.0,3,1,0
qwen,1,selfish,trait,NcBa,0,1.0,1.0,1.0,1.0,0.0,0.0,0.0,0.0,0.0,0.0,0.0,1.0,3,0,0
qwen,1,selfish,trait,NcCh,0,1.0,1.0,1.0,1.0,0.0,0.0,0.0,0.0,0.0,0.0,0.0,1.0,3,0,0
qwen,1,selfish,trait,NcCo,0,1.0,1.0,0.6666666666666666,1.0,-0.33333333333333337,0.0,0.33333333333333337,0.0,-0.33333333333333337,0.0,-0.33333333333333337,1.0,3,1,0
qwen,1,selfish,trait,NcHr,0,1.0,0.3333333333333333,0.3333333333333333,1.0,0.0,0.6666666666666667,0.0,0.6666666666666667,0.0,0.6666666666666667,-0.6666666666666667,0.3333333333333333,3,0,0
qwen,1,selfish,trait,NcNc,0,1.0,1.0,1.0,1.0,0.0,0.0,0.0,0.0,0.0,0.0,0.0,1.0,3,0,0
qwen,1,selfish,trait,NcPd,0,1.0,1.0,1.0,1.0,0.0,0.0,0.0,0.0,0.0,0.0,0.0,1.0,3,0,0
qwen,1,selfish,trait,NcSh,0,1.0,1.0,0.6666666666666666,1.0,-0.33333333333333337,0.0,0.33333333333333337,0.0,-0.33333333333333337,0.0,-0.33333333333333337,1.0,3,1,0
qwen,1,selfish,trait,PcAs,0,2.0,1.0,1.0,1.0,0.0,0.0,0.0,0.0,0.0,0.0,0.0,1.0,3,0,0
qwen,1,selfish,trait,PcBa,0,2.0,1.0,1.0,1.0,0.0,0.0,0.0,0.0,0.0,0.0,0.0,1.0,3,0,0
qwen,1,selfish,trait,PcCh,0,2.0,1.0,1.0,1.0,0.0,0.0,0.0,0.0,0.0,0.0,0.0,1.0,3,0,0
qwen,1,selfish,trait,PcCo,0,2.0,1.0,1.0,1.0,0.0,0.0,0.0,0.0,0.0,0.0,0.0,1.0,3,0,0
qwen,1,selfish,trait,PcHr,0,2.0,1.0,1.0,1.0,0.0,0.0,0.0,0.0,0.0,0.0,0.0,1.0,3,0,0
qwen,1,selfish,trait,PcNc,0,2.0,1.0,1.0,1.0,0.0,0.0,0.0,0.0,0.0,0.0,0.0,1.0,3,0,0
qwen,1,selfish,trait,PcPc,0,2.0,1.0,1.0,1.0,0.0,0.0,0.0,0.0,0.0,0.0,0.0,1.0,3,0,0
qwen,1,selfish,trait,PcPd,0,2.0,1.0,1.0,1.0,0.0,0.0,0.0,0.0,0.0,0.0,0.0,1.0,3,0,0
qwen,1,selfish,trait,PcSh,0,2.0,1.0,1.0,1.0,0.0,0.0,0.0,0.0,0.0,0.0,0.0,1.0,3,0,0
qwen,1,selfish,trait,PdAs,1,-1.0,0.3333333333333333,0.0,0.0,-0.3333333333333333,-0.3333333333333333,0.3333333333333333,0.3333333333333333,0.3333333333333333,0.3333333333333333,-0.0,0.6666666666666667,3,1,1
qwen,1,selfish,trait,PdBa,1,-1.0,0.3333333333333333,0.3333333333333333,0.3333333333333333,0.0,0.0,0.0,0.0,-0.0,-0.0,-0.0,0.6666666666666667,3,0,0
qwen,1,selfish,trait,PdCh,1,-1.0,0.0,0.0,0.0,0.0,0.0,0.0,0.0,-0.0,-0.0,-0.0,1.0,3,0,0
qwen,1,selfish,trait,PdCo,1,-1.0,0.3333333333333333,0.0,0.0,-0.3333333333333333,-0.3333333333333333,0.3333333333333333,0.3333333333333333,0.3333333333333333,0.3333333333333333,-0.0,0.6666666666666667,3,1,1
qwen,1,selfish,trait,PdHr,1,-1.0,0.0,0.0,0.0,0.0,0.0,0.0,0.0,-0.0,-0.0,-0.0,1.0,3,0,0
qwen,1,selfish,trait,PdSh,1,-1.0,0.6666666666666666,0.0,0.3333333333333333,-0.6666666666666666,-0.3333333333333333,0.6666666666666666,0.3333333333333333,0.6666666666666666,0.3333333333333333,0.3333333333333333,0.33333333333333337,3,2,2
qwen,1,maximin,rule,AsAs,1,-1.0,1.0,0.3333333333333333,0.3333333333333333,-0.6666666666666667,-0.6666666666666667,0.6666666666666667,0.6666666666666667,0.6666666666666667,0.6666666666666667,-0.0,0.0,3,2,2
qwen,1,maximin,rule,AsBa,1,-1.0,1.0,0.3333333333333333,0.6666666666666666,-0.6666666666666667,-0.33333333333333337,0.6666666666666667,0.33333333333333337,0.6666666666666667,0.33333333333333337,0.33333333333333337,0.0,3,2,2
qwen,1,maximin,rule,BaBa,0,1.0,1.0,0.6666666666666666,1.0,-0.33333333333333337,0.0,0.33333333333333337,0.0,-0.33333333333333337,0.0,-0.33333333333333337,1.0,3,1,0
qwen,1,maximin,rule,ChAs,0,1.0,0.6666666666666666,1.0,1.0,0.33333333333333337,0.33333333333333337,0.33333333333333337,0.33333333333333337,0.33333333333333337,0.33333333333333337,0.0,0.6666666666666666,3,1,1
qwen,1,maximin,rule,ChBa,0,1.0,0.3333333333333333,0.6666666666666666,0.6666666666666666,0.3333333333333333,0.3333333333333333,0.3333333333333333,0.3333333333333333,0.3333333333333333,0.3333333333333333,0.0,0.3333333333333333,3,1,1
qwen,1,maximin,rule,CmAs,1,-2.0,1.0,0.3333333333333333,0.6666666666666666,-0.6666666666666667,-0.33333333333333337,0.6666666666666667,0.33333333333333337,0.6666666666666667,0.33333333333333337,0.33333333333333337,0.0,3,2,2
qwen,1,maximin,rule,CmBa,1,-2.0,0.0,0.0,0.0,0.0,0.0,0.0,0.0,-0.0,-0.0,-0.0,1.0,3,0,0
qwen,1,maximin,rule,CmCh,1,-2.0,0.0,0.0,0.0,0.0,0.0,0.0,0.0,-0.0,-0.0,-0.0,1.0,3,0,0
qwen,1,maximin,rule,CmCm,1,-2.0,0.0,0.0,0.0,0.0,0.0,0.0,0.0,-0.0,-0.0,-0.0,1.0,3,0,0
qwen,1,maximin,rule,CmCo,1,-2.0,0.0,0.0,0.0,0.0,0.0,0.0,0.0,-0.0,-0.0,-0.0,1.0,3,0,0
qwen,1,maximin,rule,CmHr,1,-2.0,0.0,0.0,0.0,0.0,0.0,0.0,0.0,-0.0,-0.0,-0.0,1.0,3,0,0
qwen,1,maximin,rule,CmNc,1,-2.0,0.3333333333333333,0.0,0.3333333333333333,-0.3333333333333333,0.0,0.3333333333333333,0.0,0.3333333333333333,-0.0,0.3333333333333333,0.6666666666666667,3,1,1
qwen,1,maximin,rule,CmPc,1,-2.0,0.0,0.0,0.0,0.0,0.0,0.0,0.0,-0.0,-0.0,-0.0,1.0,3,0,0
qwen,1,maximin,rule,CmPd,1,-2.0,0.0,0.0,0.0,0.0,0.0,0.0,0.0,-0.0,-0.0,-0.0,1.0,3,0,0
qwen,1,maximin,rule,CmSh,1,-2.0,0.3333333333333333,0.0,0.3333333333333333,-0.3333333333333333,0.0,0.3333333333333333,0.0,0.3333333333333333,-0.0,0.3333333333333333,0.6666666666666667,3,1,1
qwen,1,maximin,rule,CoAs,0,1.0,1.0,1.0,1.0,0.0,0.0,0.0,0.0,0.0,0.0,0.0,1.0,3,0,0
qwen,1,maximin,rule,CoBa,0,1.0,1.0,1.0,1.0,0.0,0.0,0.0,0.0,0.0,0.0,0.0,1.0,3,0,0
qwen,1,maximin,rule,CoCh,0,1.0,1.0,1.0,1.0,0.0,0.0,0.0,0.0,0.0,0.0,0.0,1.0,3,0,0
qwen,1,maximin,rule,CoCo,0,1.0,1.0,1.0,1.0,0.0,0.0,0.0,0.0,0.0,0.0,0.0,1.0,3,0,0
qwen,1,maximin,rule,CoSh,0,1.0,1.0,0.6666666666666666,1.0,-0.33333333333333337,0.0,0.33333333333333337,0.0,-0.33333333333333337,0.0,-0.33333333333333337,1.0,3,1,0
qwen,1,maximin,rule,DlAs,1,-2.0,0.3333333333333333,0.0,0.0,-0.3333333333333333,-0.3333333333333333,0.3333333333333333,0.3333333333333333,0.3333333333333333,0.3333333333333333,-0.0,0.6666666666666667,3,1,1
qwen,1,maximin,rule,DlBa,1,-2.0,0.3333333333333333,0.0,0.0,-0.3333333333333333,-0.3333333333333333,0.3333333333333333,0.3333333333333333,0.3333333333333333,0.3333333333333333,-0.0,0.6666666666666667,3,1,1
qwen,1,maximin,rule,DlCh,1,-2.0,0.0,0.0,0.0,0.0,0.0,0.0,0.0,-0.0,-0.0,-0.0,1.0,3,0,0
qwen,1,maximin,rule,DlCm,1,-2.0,0.0,0.0,0.0,0.0,0.0,0.0,0.0,-0.0,-0.0,-0.0,1.0,3,0,0
qwen,1,maximin,rule,DlCo,1,-2.0,0.3333333333333333,0.0,0.0,-0.3333333333333333,-0.3333333333333333,0.3333333333333333,0.3333333333333333,0.3333333333333333,0.3333333333333333,-0.0,0.6666666666666667,3,1,1
qwen,1,maximin,rule,DlDl,1,-2.0,0.3333333333333333,0.3333333333333333,0.3333333333333333,0.0,0.0,0.0,0.0,-0.0,-0.0,-0.0,0.6666666666666667,3,0,0
qwen,1,maximin,rule,DlHa,1,-2.0,0.0,0.0,0.0,0.0,0.0,0.0,0.0,-0.0,-0.0,-0.0,1.0,3,0,0
qwen,1,maximin,rule,DlHr,1,-2.0,0.0,0.0,0.0,0.0,0.0,0.0,0.0,-0.0,-0.0,-0.0,1.0,3,0,0
qwen,1,maximin,rule,DlNc,1,-2.0,0.3333333333333333,0.0,0.0,-0.3333333333333333,-0.3333333333333333,0.3333333333333333,0.3333333333333333,0.3333333333333333,0.3333333333333333,-0.0,0.6666666666666667,3,1,1
qwen,1,maximin,rule,DlPc,1,-2.0,0.3333333333333333,0.3333333333333333,0.3333333333333333,0.0,0.0,0.0,0.0,-0.0,-0.0,-0.0,0.6666666666666667,3,0,0
qwen,1,maximin,rule,DlPd,1,-2.0,0.0,0.0,0.0,0.0,0.0,0.0,0.0,-0.0,-0.0,-0.0,1.0,3,0,0
qwen,1,maximin,rule,DlSh,1,-2.0,0.6666666666666666,0.0,0.6666666666666666,-0.6666666666666666,0.0,0.6666666666666666,0.0,0.6666666666666666,-0.0,0.6666666666666666,0.33333333333333337,3,2,2
qwen,1,maximin,rule,HaAs,0,2.0,1.0,1.0,1.0,0.0,0.0,0.0,0.0,0.0,0.0,0.0,1.0,3,0,0
qwen,1,maximin,rule,HaBa,0,2.0,1.0,1.0,1.0,0.0,0.0,0.0,0.0,0.0,0.0,0.0,1.0,3,0,0
qwen,1,maximin,rule,HaCh,0,2.0,1.0,1.0,1.0,0.0,0.0,0.0,0.0,0.0,0.0,0.0,1.0,3,0,0
qwen,1,maximin,rule,HaCm,0,2.0,1.0,1.0,1.0,0.0,0.0,0.0,0.0,0.0,0.0,0.0,1.0,3,0,0
qwen,1,maximin,rule,HaCo,0,2.0,1.0,1.0,1.0,0.0,0.0,0.0,0.0,0.0,0.0,0.0,1.0,3,0,0
qwen,1,maximin,rule,HaHa,0,2.0,1.0,1.0,1.0,0.0,0.0,0.0,0.0,0.0,0.0,0.0,1.0,3,0,0
qwen,1,maximin,rule,HaHr,0,2.0,1.0,1.0,1.0,0.0,0.0,0.0,0.0,0.0,0.0,0.0,1.0,3,0,0
qwen,1,maximin,rule,HaNc,0,2.0,1.0,1.0,1.0,0.0,0.0,0.0,0.0,0.0,0.0,0.0,1.0,3,0,0
qwen,1,maximin,rule,HaPc,0,2.0,1.0,1.0,1.0,0.0,0.0,0.0,0.0,0.0,0.0,0.0,1.0,3,0,0
qwen,1,maximin,rule,HaPd,0,2.0,1.0,1.0,1.0,0.0,0.0,0.0,0.0,0.0,0.0,0.0,1.0,3,0,0
qwen,1,maximin,rule,HaSh,0,2.0,1.0,1.0,1.0,0.0,0.0,0.0,0.0,0.0,0.0,0.0,1.0,3,0,0
qwen,1,maximin,rule,HrAs,1,-1.0,0.6666666666666666,0.3333333333333333,1.0,-0.3333333333333333,0.33333333333333337,0.3333333333333333,0.33333333333333337,0.3333333333333333,-0.33333333333333337,0.6666666666666667,0.33333333333333337,3,1,1
qwen,1,maximin,rule,HrBa,1,-1.0,0.3333333333333333,0.0,0.3333333333333333,-0.3333333333333333,0.0,0.3333333333333333,0.0,0.3333333333333333,-0.0,0.3333333333333333,0.6666666666666667,3,1,1
qwen,1,maximin,rule,HrCh,1,-1.0,1.0,0.3333333333333333,0.6666666666666666,-0.6666666666666667,-0.33333333333333337,0.6666666666666667,0.33333333333333337,0.6666666666666667,0.33333333333333337,0.33333333333333337,0.0,3,2,2
qwen,1,maximin,rule,HrCo,1,-1.0,1.0,0.0,0.6666666666666666,-1.0,-0.33333333333333337,1.0,0.33333333333333337,1.0,0.33333333333333337,0.6666666666666666,0.0,3,3,3
qwen,1,maximin,rule,HrHr,1,-1.0,1.0,0.0,0.6666666666666666,-1.0,-0.33333333333333337,1.0,0.33333333333333337,1.0,0.33333333333333337,0.6666666666666666,0.0,3,3,3
qwen,1,maximin,rule,HrSh,1,-1.0,1.0,0.3333333333333333,1.0,-0.6666666666666667,0.0,0.6666666666666667,0.0,0.6666666666666667,-0.0,0.6666666666666667,0.0,3,2,2
qwen,1,maximin,rule,NcAs,0,1.0,1.0,1.0,1.0,0.0,0.0,0.0,0.0,0.0,0.0,0.0,1.0,3,0,0
qwen,1,maximin,rule,NcBa,0,1.0,1.0,1.0,1.0,0.0,0.0,0.0,0.0,0.0,0.0,0.0,1.0,3,0,0
qwen,1,maximin,rule,NcCh,0,1.0,1.0,1.0,1.0,0.0,0.0,0.0,0.0,0.0,0.0,0.0,1.0,3,0,0
qwen,1,maximin,rule,NcCo,0,1.0,1.0,1.0,1.0,0.0,0.0,0.0,0.0,0.0,0.0,0.0,1.0,3,0,0
qwen,1,maximin,rule,NcHr,0,1.0,0.3333333333333333,0.3333333333333333,1.0,0.0,0.6666666666666667,0.0,0.6666666666666667,0.0,0.6666666666666667,-0.6666666666666667,0.3333333333333333,3,0,0
qwen,1,maximin,rule,NcNc,0,1.0,1.0,1.0,1.0,0.0,0.0,0.0,0.0,0.0,0.0,0.0,1.0,3,0,0
qwen,1,maximin,rule,NcPd,0,1.0,1.0,0.6666666666666666,1.0,-0.33333333333333337,0.0,0.33333333333333337,0.0,-0.33333333333333337,0.0,-0.33333333333333337,1.0,3,1,0
qwen,1,maximin,rule,NcSh,0,1.0,1.0,1.0,1.0,0.0,0.0,0.0,0.0,0.0,0.0,0.0,1.0,3,0,0
qwen,1,maximin,rule,PcAs,0,2.0,1.0,1.0,1.0,0.0,0.0,0.0,0.0,0.0,0.0,0.0,1.0,3,0,0
qwen,1,maximin,rule,PcBa,0,2.0,1.0,1.0,1.0,0.0,0.0,0.0,0.0,0.0,0.0,0.0,1.0,3,0,0
qwen,1,maximin,rule,PcCh,0,2.0,1.0,1.0,1.0,0.0,0.0,0.0,0.0,0.0,0.0,0.0,1.0,3,0,0
qwen,1,maximin,rule,PcCo,0,2.0,1.0,1.0,1.0,0.0,0.0,0.0,0.0,0.0,0.0,0.0,1.0,3,0,0
qwen,1,maximin,rule,PcHr,0,2.0,1.0,1.0,1.0,0.0,0.0,0.0,0.0,0.0,0.0,0.0,1.0,3,0,0
qwen,1,maximin,rule,PcNc,0,2.0,1.0,1.0,1.0,0.0,0.0,0.0,0.0,0.0,0.0,0.0,1.0,3,0,0
qwen,1,maximin,rule,PcPc,0,2.0,1.0,1.0,1.0,0.0,0.0,0.0,0.0,0.0,0.0,0.0,1.0,3,0,0
qwen,1,maximin,rule,PcPd,0,2.0,1.0,1.0,1.0,0.0,0.0,0.0,0.0,0.0,0.0,0.0,1.0,3,0,0
qwen,1,maximin,rule,PcSh,0,2.0,1.0,1.0,1.0,0.0,0.0,0.0,0.0,0.0,0.0,0.0,1.0,3,0,0
qwen,1,maximin,rule,PdAs,1,-1.0,0.3333333333333333,0.0,0.0,-0.3333333333333333,-0.3333333333333333,0.3333333333333333,0.3333333333333333,0.3333333333333333,0.3333333333333333,-0.0,0.6666666666666667,3,1,1
qwen,1,maximin,rule,PdBa,1,-1.0,0.3333333333333333,0.3333333333333333,0.3333333333333333,0.0,0.0,0.0,0.0,-0.0,-0.0,-0.0,0.6666666666666667,3,0,0
qwen,1,maximin,rule,PdCh,1,-1.0,0.0,0.0,0.0,0.0,0.0,0.0,0.0,-0.0,-0.0,-0.0,1.0,3,0,0
qwen,1,maximin,rule,PdCo,1,-1.0,0.3333333333333333,0.3333333333333333,0.0,0.0,-0.3333333333333333,0.0,0.3333333333333333,-0.0,0.3333333333333333,-0.3333333333333333,0.6666666666666667,3,2,1
qwen,1,maximin,rule,PdHr,1,-1.0,0.0,0.0,0.0,0.0,0.0,0.0,0.0,-0.0,-0.0,-0.0,1.0,3,0,0
qwen,1,maximin,rule,PdSh,1,-1.0,0.6666666666666666,0.0,0.3333333333333333,-0.6666666666666666,-0.3333333333333333,0.6666666666666666,0.3333333333333333,0.6666666666666666,0.3333333333333333,0.3333333333333333,0.33333333333333337,3,2,2
qwen,1,maximin,rule,ShAs,1,-1.0,0.6666666666666666,0.3333333333333333,0.6666666666666666,-0.3333333333333333,0.0,0.3333333333333333,0.0,0.3333333333333333,-0.0,0.3333333333333333,0.33333333333333337,3,1,1
qwen,1,maximin,rule,ShBa,1,-1.0,0.6666666666666666,0.3333333333333333,0.3333333333333333,-0.3333333333333333,-0.3333333333333333,0.3333333333333333,0.3333333333333333,0.3333333333333333,0.3333333333333333,-0.0,0.33333333333333337,3,1,1
qwen,1,maximin,rule,ShCh,1,-1.0,0.6666666666666666,0.3333333333333333,1.0,-0.3333333333333333,0.33333333333333337,0.3333333333333333,0.33333333333333337,0.3333333333333333,-0.33333333333333337,0.6666666666666667,0.33333333333333337,3,1,1
qwen,1,maximin,rule,ShSh,1,-1.0,1.0,0.6666666666666666,1.0,-0.33333333333333337,0.0,0.33333333333333337,0.0,0.33333333333333337,-0.0,0.33333333333333337,0.0,3,1,1
qwen,1,level1,rule,CmAs,1,-2.0,1.0,0.0,0.6666666666666666,-1.0,-0.33333333333333337,1.0,0.33333333333333337,1.0,0.33333333333333337,0.6666666666666666,0.0,3,3,3
qwen,1,level1,rule,CmBa,1,-2.0,0.0,0.0,0.0,0.0,0.0,0.0,0.0,-0.0,-0.0,-0.0,1.0,3,0,0
qwen,1,level1,rule,CmCh,1,-2.0,0.0,0.0,0.0,0.0,0.0,0.0,0.0,-0.0,-0.0,-0.0,1.0,3,0,0
qwen,1,level1,rule,CmCm,1,-2.0,0.0,0.0,0.0,0.0,0.0,0.0,0.0,-0.0,-0.0,-0.0,1.0,3,0,0
qwen,1,level1,rule,CmCo,1,-2.0,0.0,0.0,0.0,0.0,0.0,0.0,0.0,-0.0,-0.0,-0.0,1.0,3,0,0
qwen,1,level1,rule,CmHr,1,-2.0,0.0,0.0,0.0,0.0,0.0,0.0,0.0,-0.0,-0.0,-0.0,1.0,3,0,0
qwen,1,level1,rule,CmNc,1,-2.0,0.3333333333333333,0.0,0.3333333333333333,-0.3333333333333333,0.0,0.3333333333333333,0.0,0.3333333333333333,-0.0,0.3333333333333333,0.6666666666666667,3,1,1
qwen,1,level1,rule,CmPc,1,-2.0,0.0,0.0,0.0,0.0,0.0,0.0,0.0,-0.0,-0.0,-0.0,1.0,3,0,0
qwen,1,level1,rule,CmPd,1,-2.0,0.0,0.0,0.0,0.0,0.0,0.0,0.0,-0.0,-0.0,-0.0,1.0,3,0,0
qwen,1,level1,rule,CmSh,1,-2.0,0.3333333333333333,0.0,0.3333333333333333,-0.3333333333333333,0.0,0.3333333333333333,0.0,0.3333333333333333,-0.0,0.3333333333333333,0.6666666666666667,3,1,1
qwen,1,level1,rule,CoAs,0,1.0,1.0,1.0,1.0,0.0,0.0,0.0,0.0,0.0,0.0,0.0,1.0,3,0,0
qwen,1,level1,rule,CoBa,0,1.0,1.0,0.6666666666666666,1.0,-0.33333333333333337,0.0,0.33333333333333337,0.0,-0.33333333333333337,0.0,-0.33333333333333337,1.0,3,1,0
qwen,1,level1,rule,CoCh,0,1.0,1.0,1.0,1.0,0.0,0.0,0.0,0.0,0.0,0.0,0.0,1.0,3,0,0
qwen,1,level1,rule,CoCo,0,1.0,1.0,1.0,1.0,0.0,0.0,0.0,0.0,0.0,0.0,0.0,1.0,3,0,0
qwen,1,level1,rule,CoSh,0,1.0,1.0,0.6666666666666666,1.0,-0.33333333333333337,0.0,0.33333333333333337,0.0,-0.33333333333333337,0.0,-0.33333333333333337,1.0,3,1,0
qwen,1,level1,rule,DlAs,1,-2.0,0.3333333333333333,0.0,0.0,-0.3333333333333333,-0.3333333333333333,0.3333333333333333,0.3333333333333333,0.3333333333333333,0.3333333333333333,-0.0,0.6666666666666667,3,1,1
qwen,1,level1,rule,DlBa,1,-2.0,0.3333333333333333,0.0,0.0,-0.3333333333333333,-0.3333333333333333,0.3333333333333333,0.3333333333333333,0.3333333333333333,0.3333333333333333,-0.0,0.6666666666666667,3,1,1
qwen,1,level1,rule,DlCh,1,-2.0,0.0,0.0,0.0,0.0,0.0,0.0,0.0,-0.0,-0.0,-0.0,1.0,3,0,0
qwen,1,level1,rule,DlCm,1,-2.0,0.0,0.0,0.0,0.0,0.0,0.0,0.0,-0.0,-0.0,-0.0,1.0,3,0,0
qwen,1,level1,rule,DlCo,1,-2.0,0.3333333333333333,0.0,0.0,-0.3333333333333333,-0.3333333333333333,0.3333333333333333,0.3333333333333333,0.3333333333333333,0.3333333333333333,-0.0,0.6666666666666667,3,1,1
qwen,1,level1,rule,DlDl,1,-2.0,0.3333333333333333,0.0,0.3333333333333333,-0.3333333333333333,0.0,0.3333333333333333,0.0,0.3333333333333333,-0.0,0.3333333333333333,0.6666666666666667,3,1,1
qwen,1,level1,rule,DlHa,1,-2.0,0.0,0.0,0.0,0.0,0.0,0.0,0.0,-0.0,-0.0,-0.0,1.0,3,0,0
qwen,1,level1,rule,DlHr,1,-2.0,0.0,0.0,0.0,0.0,0.0,0.0,0.0,-0.0,-0.0,-0.0,1.0,3,0,0
qwen,1,level1,rule,DlNc,1,-2.0,0.3333333333333333,0.0,0.0,-0.3333333333333333,-0.3333333333333333,0.3333333333333333,0.3333333333333333,0.3333333333333333,0.3333333333333333,-0.0,0.6666666666666667,3,1,1
qwen,1,level1,rule,DlPc,1,-2.0,0.3333333333333333,0.0,0.3333333333333333,-0.3333333333333333,0.0,0.3333333333333333,0.0,0.3333333333333333,-0.0,0.3333333333333333,0.6666666666666667,3,1,1
qwen,1,level1,rule,DlPd,1,-2.0,0.0,0.0,0.0,0.0,0.0,0.0,0.0,-0.0,-0.0,-0.0,1.0,3,0,0
qwen,1,level1,rule,DlSh,1,-2.0,0.6666666666666666,0.0,0.6666666666666666,-0.6666666666666666,0.0,0.6666666666666666,0.0,0.6666666666666666,-0.0,0.6666666666666666,0.33333333333333337,3,2,2
qwen,1,level1,rule,HaAs,0,2.0,1.0,1.0,1.0,0.0,0.0,0.0,0.0,0.0,0.0,0.0,1.0,3,0,0
qwen,1,level1,rule,HaBa,0,2.0,1.0,1.0,1.0,0.0,0.0,0.0,0.0,0.0,0.0,0.0,1.0,3,0,0
qwen,1,level1,rule,HaCh,0,2.0,1.0,1.0,1.0,0.0,0.0,0.0,0.0,0.0,0.0,0.0,1.0,3,0,0
qwen,1,level1,rule,HaCm,0,2.0,1.0,1.0,1.0,0.0,0.0,0.0,0.0,0.0,0.0,0.0,1.0,3,0,0
qwen,1,level1,rule,HaCo,0,2.0,1.0,1.0,1.0,0.0,0.0,0.0,0.0,0.0,0.0,0.0,1.0,3,0,0
qwen,1,level1,rule,HaHa,0,2.0,1.0,1.0,1.0,0.0,0.0,0.0,0.0,0.0,0.0,0.0,1.0,3,0,0
qwen,1,level1,rule,HaHr,0,2.0,1.0,1.0,1.0,0.0,0.0,0.0,0.0,0.0,0.0,0.0,1.0,3,0,0
qwen,1,level1,rule,HaNc,0,2.0,1.0,1.0,1.0,0.0,0.0,0.0,0.0,0.0,0.0,0.0,1.0,3,0,0
qwen,1,level1,rule,HaPc,0,2.0,1.0,1.0,1.0,0.0,0.0,0.0,0.0,0.0,0.0,0.0,1.0,3,0,0
qwen,1,level1,rule,HaPd,0,2.0,1.0,1.0,1.0,0.0,0.0,0.0,0.0,0.0,0.0,0.0,1.0,3,0,0
qwen,1,level1,rule,HaSh,0,2.0,1.0,1.0,1.0,0.0,0.0,0.0,0.0,0.0,0.0,0.0,1.0,3,0,0
qwen,1,level1,rule,HrAs,1,-1.0,0.6666666666666666,0.0,1.0,-0.6666666666666666,0.33333333333333337,0.6666666666666666,0.33333333333333337,0.6666666666666666,-0.33333333333333337,1.0,0.33333333333333337,3,2,2
qwen,1,level1,rule,HrBa,1,-1.0,0.3333333333333333,0.0,0.3333333333333333,-0.3333333333333333,0.0,0.3333333333333333,0.0,0.3333333333333333,-0.0,0.3333333333333333,0.6666666666666667,3,1,1
qwen,1,level1,rule,HrCh,1,-1.0,1.0,0.0,0.6666666666666666,-1.0,-0.33333333333333337,1.0,0.33333333333333337,1.0,0.33333333333333337,0.6666666666666666,0.0,3,3,3
qwen,1,level1,rule,HrCo,1,-1.0,1.0,0.0,0.6666666666666666,-1.0,-0.33333333333333337,1.0,0.33333333333333337,1.0,0.33333333333333337,0.6666666666666666,0.0,3,3,3
qwen,1,level1,rule,HrHr,1,-1.0,1.0,0.0,0.6666666666666666,-1.0,-0.33333333333333337,1.0,0.33333333333333337,1.0,0.33333333333333337,0.6666666666666666,0.0,3,3,3
qwen,1,level1,rule,HrSh,1,-1.0,1.0,0.0,1.0,-1.0,0.0,1.0,0.0,1.0,-0.0,1.0,0.0,3,3,3
qwen,1,level1,rule,NcAs,0,1.0,1.0,1.0,1.0,0.0,0.0,0.0,0.0,0.0,0.0,0.0,1.0,3,0,0
qwen,1,level1,rule,NcBa,0,1.0,1.0,0.6666666666666666,1.0,-0.33333333333333337,0.0,0.33333333333333337,0.0,-0.33333333333333337,0.0,-0.33333333333333337,1.0,3,1,0
qwen,1,level1,rule,NcCh,0,1.0,1.0,0.6666666666666666,1.0,-0.33333333333333337,0.0,0.33333333333333337,0.0,-0.33333333333333337,0.0,-0.33333333333333337,1.0,3,1,0
qwen,1,level1,rule,NcCo,0,1.0,1.0,0.3333333333333333,1.0,-0.6666666666666667,0.0,0.6666666666666667,0.0,-0.6666666666666667,0.0,-0.6666666666666667,1.0,3,2,0
qwen,1,level1,rule,NcHr,0,1.0,0.3333333333333333,0.0,1.0,-0.3333333333333333,0.6666666666666667,0.3333333333333333,0.6666666666666667,-0.3333333333333333,0.6666666666666667,-1.0,0.3333333333333333,3,1,0
qwen,1,level1,rule,NcNc,0,1.0,1.0,1.0,1.0,0.0,0.0,0.0,0.0,0.0,0.0,0.0,1.0,3,0,0
qwen,1,level1,rule,NcPd,0,1.0,1.0,0.6666666666666666,1.0,-0.33333333333333337,0.0,0.33333333333333337,0.0,-0.33333333333333337,0.0,-0.33333333333333337,1.0,3,1,0
qwen,1,level1,rule,NcSh,0,1.0,1.0,0.3333333333333333,1.0,-0.6666666666666667,0.0,0.6666666666666667,0.0,-0.6666666666666667,0.0,-0.6666666666666667,1.0,3,2,0
qwen,1,level1,rule,PcAs,0,2.0,1.0,1.0,1.0,0.0,0.0,0.0,0.0,0.0,0.0,0.0,1.0,3,0,0
qwen,1,level1,rule,PcBa,0,2.0,1.0,1.0,1.0,0.0,0.0,0.0,0.0,0.0,0.0,0.0,1.0,3,0,0
qwen,1,level1,rule,PcCh,0,2.0,1.0,1.0,1.0,0.0,0.0,0.0,0.0,0.0,0.0,0.0,1.0,3,0,0
qwen,1,level1,rule,PcCo,0,2.0,1.0,1.0,1.0,0.0,0.0,0.0,0.0,0.0,0.0,0.0,1.0,3,0,0
qwen,1,level1,rule,PcHr,0,2.0,1.0,1.0,1.0,0.0,0.0,0.0,0.0,0.0,0.0,0.0,1.0,3,0,0
qwen,1,level1,rule,PcNc,0,2.0,1.0,1.0,1.0,0.0,0.0,0.0,0.0,0.0,0.0,0.0,1.0,3,0,0
qwen,1,level1,rule,PcPc,0,2.0,1.0,1.0,1.0,0.0,0.0,0.0,0.0,0.0,0.0,0.0,1.0,3,0,0
qwen,1,level1,rule,PcPd,0,2.0,1.0,1.0,1.0,0.0,0.0,0.0,0.0,0.0,0.0,0.0,1.0,3,0,0
qwen,1,level1,rule,PcSh,0,2.0,1.0,1.0,1.0,0.0,0.0,0.0,0.0,0.0,0.0,0.0,1.0,3,0,0
qwen,1,level1,rule,PdAs,1,-1.0,0.3333333333333333,0.0,0.0,-0.3333333333333333,-0.3333333333333333,0.3333333333333333,0.3333333333333333,0.3333333333333333,0.3333333333333333,-0.0,0.6666666666666667,3,1,1
qwen,1,level1,rule,PdBa,1,-1.0,0.3333333333333333,0.0,0.3333333333333333,-0.3333333333333333,0.0,0.3333333333333333,0.0,0.3333333333333333,-0.0,0.3333333333333333,0.6666666666666667,3,1,1
qwen,1,level1,rule,PdCh,1,-1.0,0.0,0.0,0.0,0.0,0.0,0.0,0.0,-0.0,-0.0,-0.0,1.0,3,0,0
qwen,1,level1,rule,PdCo,1,-1.0,0.3333333333333333,0.0,0.0,-0.3333333333333333,-0.3333333333333333,0.3333333333333333,0.3333333333333333,0.3333333333333333,0.3333333333333333,-0.0,0.6666666666666667,3,1,1
qwen,1,level1,rule,PdHr,1,-1.0,0.0,0.0,0.0,0.0,0.0,0.0,0.0,-0.0,-0.0,-0.0,1.0,3,0,0
qwen,1,level1,rule,PdSh,1,-1.0,0.6666666666666666,0.0,0.3333333333333333,-0.6666666666666666,-0.3333333333333333,0.6666666666666666,0.3333333333333333,0.6666666666666666,0.3333333333333333,0.3333333333333333,0.33333333333333337,3,2,2
qwen,1,level2,rule,CmCm,1,-1.0,0.0,0.0,0.0,0.0,0.0,0.0,0.0,-0.0,-0.0,-0.0,1.0,3,0,0
qwen,1,level2,rule,CmCo,1,-3.0,0.0,0.0,0.0,0.0,0.0,0.0,0.0,-0.0,-0.0,-0.0,1.0,3,0,0
qwen,1,level2,rule,CmHr,1,-1.0,0.0,0.0,0.0,0.0,0.0,0.0,0.0,-0.0,-0.0,-0.0,1.0,3,0,0
qwen,1,level2,rule,CmNc,1,-3.0,0.3333333333333333,0.0,0.3333333333333333,-0.3333333333333333,0.0,0.3333333333333333,0.0,0.3333333333333333,-0.0,0.3333333333333333,0.6666666666666667,3,1,1
qwen,1,level2,rule,CmPc,1,-3.0,0.0,0.0,0.0,0.0,0.0,0.0,0.0,-0.0,-0.0,-0.0,1.0,3,0,0
qwen,1,level2,rule,CmPd,1,-1.0,0.0,0.0,0.0,0.0,0.0,0.0,0.0,-0.0,-0.0,-0.0,1.0,3,0,0
qwen,1,level2,rule,CoCo,0,3.0,1.0,0.3333333333333333,1.0,-0.6666666666666667,0.0,0.6666666666666667,0.0,-0.6666666666666667,0.0,-0.6666666666666667,1.0,3,2,0
qwen,1,level2,rule,DlCm,1,-2.0,0.0,0.0,0.0,0.0,0.0,0.0,0.0,-0.0,-0.0,-0.0,1.0,3,0,0
qwen,1,level2,rule,DlCo,1,-2.0,0.3333333333333333,0.0,0.0,-0.3333333333333333,-0.3333333333333333,0.3333333333333333,0.3333333333333333,0.3333333333333333,0.3333333333333333,-0.0,0.6666666666666667,3,1,1
qwen,1,level2,rule,DlDl,1,-2.0,0.3333333333333333,0.0,0.3333333333333333,-0.3333333333333333,0.0,0.3333333333333333,0.0,0.3333333333333333,-0.0,0.3333333333333333,0.6666666666666667,3,1,1
qwen,1,level2,rule,DlHa,1,-2.0,0.0,0.0,0.0,0.0,0.0,0.0,0.0,-0.0,-0.0,-0.0,1.0,3,0,0
qwen,1,level2,rule,DlHr,1,-2.0,0.0,0.0,0.0,0.0,0.0,0.0,0.0,-0.0,-0.0,-0.0,1.0,3,0,0
qwen,1,level2,rule,DlNc,1,-2.0,0.3333333333333333,0.0,0.0,-0.3333333333333333,-0.3333333333333333,0.3333333333333333,0.3333333333333333,0.3333333333333333,0.3333333333333333,-0.0,0.6666666666666667,3,1,1
qwen,1,level2,rule,DlPc,1,-2.0,0.3333333333333333,0.0,0.3333333333333333,-0.3333333333333333,0.0,0.3333333333333333,0.0,0.3333333333333333,-0.0,0.3333333333333333,0.6666666666666667,3,1,1
qwen,1,level2,rule,DlPd,1,-2.0,0.0,0.0,0.0,0.0,0.0,0.0,0.0,-0.0,-0.0,-0.0,1.0,3,0,0
qwen,1,level2,rule,HaCm,0,2.0,1.0,1.0,1.0,0.0,0.0,0.0,0.0,0.0,0.0,0.0,1.0,3,0,0
qwen,1,level2,rule,HaCo,0,2.0,1.0,1.0,1.0,0.0,0.0,0.0,0.0,0.0,0.0,0.0,1.0,3,0,0
qwen,1,level2,rule,HaHa,0,2.0,1.0,1.0,1.0,0.0,0.0,0.0,0.0,0.0,0.0,0.0,1.0,3,0,0
qwen,1,level2,rule,HaHr,0,2.0,1.0,1.0,1.0,0.0,0.0,0.0,0.0,0.0,0.0,0.0,1.0,3,0,0
qwen,1,level2,rule,HaNc,0,2.0,1.0,1.0,1.0,0.0,0.0,0.0,0.0,0.0,0.0,0.0,1.0,3,0,0
qwen,1,level2,rule,HaPc,0,2.0,1.0,1.0,1.0,0.0,0.0,0.0,0.0,0.0,0.0,0.0,1.0,3,0,0
qwen,1,level2,rule,HaPd,0,2.0,1.0,1.0,1.0,0.0,0.0,0.0,0.0,0.0,0.0,0.0,1.0,3,0,0
qwen,1,level2,rule,HrCo,1,-3.0,1.0,0.0,0.6666666666666666,-1.0,-0.33333333333333337,1.0,0.33333333333333337,1.0,0.33333333333333337,0.6666666666666666,0.0,3,3,3
qwen,1,level2,rule,HrHr,0,1.0,1.0,0.0,0.6666666666666666,-1.0,-0.33333333333333337,1.0,0.33333333333333337,-1.0,-0.33333333333333337,-0.6666666666666666,1.0,3,3,0
qwen,1,level2,rule,NcCo,0,1.0,1.0,0.3333333333333333,1.0,-0.6666666666666667,0.0,0.6666666666666667,0.0,-0.6666666666666667,0.0,-0.6666666666666667,1.0,3,2,0
qwen,1,level2,rule,NcHr,0,1.0,0.3333333333333333,0.0,1.0,-0.3333333333333333,0.6666666666666667,0.3333333333333333,0.6666666666666667,-0.3333333333333333,0.6666666666666667,-1.0,0.3333333333333333,3,1,0
qwen,1,level2,rule,NcNc,0,1.0,1.0,0.3333333333333333,1.0,-0.6666666666666667,0.0,0.6666666666666667,0.0,-0.6666666666666667,0.0,-0.6666666666666667,1.0,3,2,0
qwen,1,level2,rule,NcPd,0,1.0,1.0,0.6666666666666666,1.0,-0.33333333333333337,0.0,0.33333333333333337,0.0,-0.33333333333333337,0.0,-0.33333333333333337,1.0,3,1,0
qwen,1,level2,rule,PcCo,0,3.0,1.0,1.0,1.0,0.0,0.0,0.0,0.0,0.0,0.0,0.0,1.0,3,0,0
qwen,1,level2,rule,PcHr,0,1.0,1.0,1.0,1.0,0.0,0.0,0.0,0.0,0.0,0.0,0.0,1.0,3,0,0
qwen,1,level2,rule,PcNc,0,3.0,1.0,1.0,1.0,0.0,0.0,0.0,0.0,0.0,0.0,0.0,1.0,3,0,0
qwen,1,level2,rule,PcPc,0,3.0,1.0,1.0,1.0,0.0,0.0,0.0,0.0,0.0,0.0,0.0,1.0,3,0,0
qwen,1,level2,rule,PcPd,0,1.0,1.0,1.0,1.0,0.0,0.0,0.0,0.0,0.0,0.0,0.0,1.0,3,0,0
qwen,1,level2,rule,PdCo,1,-1.0,0.3333333333333333,0.0,0.0,-0.3333333333333333,-0.3333333333333333,0.3333333333333333,0.3333333333333333,0.3333333333333333,0.3333333333333333,-0.0,0.6666666666666667,3,1,1
qwen,1,level2,rule,PdHr,1,-1.0,0.0,0.0,0.0,0.0,0.0,0.0,0.0,-0.0,-0.0,-0.0,1.0,3,0,0
qwen,10,risk,trait,AsAs,1,-1.0,0.6666666666666666,0.0,0.0,-0.6666666666666666,-0.6666666666666666,0.6666666666666666,0.6666666666666666,0.6666666666666666,0.6666666666666666,-0.0,0.33333333333333337,3,2,2
qwen,10,risk,trait,AsBa,1,-1.0,0.0,0.0,0.0,0.0,0.0,0.0,0.0,-0.0,-0.0,-0.0,1.0,3,0,0
qwen,10,risk,trait,BaBa,0,1.0,1.0,0.6666666666666666,1.0,-0.33333333333333337,0.0,0.33333333333333337,0.0,-0.33333333333333337,0.0,-0.33333333333333337,1.0,3,1,0
qwen,10,risk,trait,ChAs,0,1.0,1.0,1.0,1.0,0.0,0.0,0.0,0.0,0.0,0.0,0.0,1.0,3,0,0
qwen,10,risk,trait,ChBa,0,1.0,0.6666666666666666,0.0,0.3333333333333333,-0.6666666666666666,-0.3333333333333333,0.6666666666666666,0.3333333333333333,-0.6666666666666666,-0.3333333333333333,-0.3333333333333333,0.6666666666666666,3,2,0
qwen,10,risk,trait,CmAs,1,-2.0,1.0,0.6666666666666666,0.6666666666666666,-0.33333333333333337,-0.33333333333333337,0.33333333333333337,0.33333333333333337,0.33333333333333337,0.33333333333333337,-0.0,0.0,3,1,1
qwen,10,risk,trait,CmBa,1,-2.0,0.0,0.0,0.0,0.0,0.0,0.0,0.0,-0.0,-0.0,-0.0,1.0,3,0,0
qwen,10,risk,trait,CmCh,1,-2.0,0.0,0.0,0.0,0.0,0.0,0.0,0.0,-0.0,-0.0,-0.0,1.0,3,0,0
qwen,10,risk,trait,CmCm,1,-2.0,0.0,0.0,0.0,0.0,0.0,0.0,0.0,-0.0,-0.0,-0.0,1.0,3,0,0
qwen,10,risk,trait,CmCo,1,-2.0,0.0,0.0,0.0,0.0,0.0,0.0,0.0,-0.0,-0.0,-0.0,1.0,3,0,0
qwen,10,risk,trait,CmHr,1,-2.0,0.0,0.0,0.0,0.0,0.0,0.0,0.0,-0.0,-0.0,-0.0,1.0,3,0,0
qwen,10,risk,trait,CmNc,1,-2.0,0.3333333333333333,0.0,0.3333333333333333,-0.3333333333333333,0.0,0.3333333333333333,0.0,0.3333333333333333,-0.0,0.3333333333333333,0.6666666666666667,3,1,1
qwen,10,risk,trait,CmPc,1,-2.0,0.0,0.0,0.0,0.0,0.0,0.0,0.0,-0.0,-0.0,-0.0,1.0,3,0,0
qwen,10,risk,trait,CmPd,1,-2.0,0.0,0.0,0.0,0.0,0.0,0.0,0.0,-0.0,-0.0,-0.0,1.0,3,0,0
qwen,10,risk,trait,CmSh,1,-2.0,0.3333333333333333,0.0,0.3333333333333333,-0.3333333333333333,0.0,0.3333333333333333,0.0,0.3333333333333333,-0.0,0.3333333333333333,0.6666666666666667,3,1,1
qwen,10,risk,trait,CoAs,0,1.0,1.0,1.0,1.0,0.0,0.0,0.0,0.0,0.0,0.0,0.0,1.0,3,0,0
qwen,10,risk,trait,CoBa,0,1.0,0.6666666666666666,0.3333333333333333,1.0,-0.3333333333333333,0.33333333333333337,0.3333333333333333,0.33333333333333337,-0.3333333333333333,0.33333333333333337,-0.6666666666666667,0.6666666666666666,3,1,0
qwen,10,risk,trait,CoCh,0,1.0,1.0,0.3333333333333333,1.0,-0.6666666666666667,0.0,0.6666666666666667,0.0,-0.6666666666666667,0.0,-0.6666666666666667,1.0,3,2,0
qwen,10,risk,trait,CoCo,0,1.0,1.0,0.6666666666666666,1.0,-0.33333333333333337,0.0,0.33333333333333337,0.0,-0.33333333333333337,0.0,-0.33333333333333337,1.0,3,1,0
qwen,10,risk,trait,CoSh,0,1.0,0.6666666666666666,0.6666666666666666,0.6666666666666666,0.0,0.0,0.0,0.0,0.0,0.0,0.0,0.6666666666666666,3,0,0
qwen,10,risk,trait,DlAs,1,-2.0,0.3333333333333333,0.3333333333333333,0.0,0.0,-0.3333333333333333,0.0,0.3333333333333333,-0.0,0.3333333333333333,-0.3333333333333333,0.6666666666666667,3,0,0
qwen,10,risk,trait,DlBa,1,-2.0,0.3333333333333333,0.0,0.0,-0.3333333333333333,-0.3333333333333333,0.3333333333333333,0.3333333333333333,0.3333333333333333,0.3333333333333333,-0.0,0.6666666666666667,3,1,1
qwen,10,risk,trait,DlCh,1,-2.0,0.0,0.0,0.0,0.0,0.0,0.0,0.0,-0.0,-0.0,-0.0,1.0,3,0,0
qwen,10,risk,trait,DlCm,1,-2.0,0.0,0.0,0.0,0.0,0.0,0.0,0.0,-0.0,-0.0,-0.0,1.0,3,0,0
qwen,10,risk,trait,DlCo,1,-2.0,0.3333333333333333,0.6666666666666666,0.0,0.3333333333333333,-0.3333333333333333,0.3333333333333333,0.3333333333333333,-0.3333333333333333,0.3333333333333333,-0.6666666666666666,0.6666666666666667,3,1,0
qwen,10,risk,trait,DlDl,1,-2.0,0.3333333333333333,0.0,0.3333333333333333,-0.3333333333333333,0.0,0.3333333333333333,0.0,0.3333333333333333,-0.0,0.3333333333333333,0.6666666666666667,3,1,1
qwen,10,risk,trait,DlHa,1,-2.0,0.0,0.0,0.0,0.0,0.0,0.0,0.0,-0.0,-0.0,-0.0,1.0,3,0,0
qwen,10,risk,trait,DlHr,1,-2.0,0.0,0.0,0.0,0.0,0.0,0.0,0.0,-0.0,-0.0,-0.0,1.0,3,0,0
qwen,10,risk,trait,DlNc,1,-2.0,0.3333333333333333,0.0,0.0,-0.3333333333333333,-0.3333333333333333,0.3333333333333333,0.3333333333333333,0.3333333333333333,0.3333333333333333,-0.0,0.6666666666666667,3,1,1
qwen,10,risk,trait,DlPc,1,-2.0,0.3333333333333333,0.3333333333333333,0.3333333333333333,0.0,0.0,0.0,0.0,-0.0,-0.0,-0.0,0.6666666666666667,3,0,0
qwen,10,risk,trait,DlPd,1,-2.0,0.0,0.0,0.0,0.0,0.0,0.0,0.0,-0.0,-0.0,-0.0,1.0,3,0,0
qwen,10,risk,trait,DlSh,1,-2.0,0.6666666666666666,0.3333333333333333,0.6666666666666666,-0.3333333333333333,0.0,0.3333333333333333,0.0,0.3333333333333333,-0.0,0.3333333333333333,0.33333333333333337,3,1,1
qwen,10,risk,trait,HaAs,0,2.0,1.0,1.0,1.0,0.0,0.0,0.0,0.0,0.0,0.0,0.0,1.0,3,0,0
qwen,10,risk,trait,HaBa,0,2.0,1.0,0.6666666666666666,1.0,-0.33333333333333337,0.0,0.33333333333333337,0.0,-0.33333333333333337,0.0,-0.33333333333333337,1.0,3,1,0
qwen,10,risk,trait,HaCh,0,2.0,1.0,0.6666666666666666,1.0,-0.33333333333333337,0.0,0.33333333333333337,0.0,-0.33333333333333337,0.0,-0.33333333333333337,1.0,3,1,0
qwen,10,risk,trait,HaCm,0,2.0,1.0,0.6666666666666666,1.0,-0.33333333333333337,0.0,0.33333333333333337,0.0,-0.33333333333333337,0.0,-0.33333333333333337,1.0,3,1,0
qwen,10,risk,trait,HaCo,0,2.0,1.0,0.6666666666666666,1.0,-0.33333333333333337,0.0,0.33333333333333337,0.0,-0.33333333333333337,0.0,-0.33333333333333337,1.0,3,1,0
qwen,10,risk,trait,HaHa,0,2.0,1.0,0.6666666666666666,1.0,-0.33333333333333337,0.0,0.33333333333333337,0.0,-0.33333333333333337,0.0,-0.33333333333333337,1.0,3,1,0
qwen,10,risk,trait,HaHr,0,2.0,1.0,1.0,1.0,0.0,0.0,0.0,0.0,0.0,0.0,0.0,1.0,3,0,0
qwen,10,risk,trait,HaNc,0,2.0,1.0,1.0,1.0,0.0,0.0,0.0,0.0,0.0,0.0,0.0,1.0,3,0,0
qwen,10,risk,trait,HaPc,0,2.0,1.0,1.0,1.0,0.0,0.0,0.0,0.0,0.0,0.0,0.0,1.0,3,0,0
qwen,10,risk,trait,HaPd,0,2.0,1.0,1.0,1.0,0.0,0.0,0.0,0.0,0.0,0.0,0.0,1.0,3,0,0
qwen,10,risk,trait,HaSh,0,2.0,1.0,1.0,1.0,0.0,0.0,0.0,0.0,0.0,0.0,0.0,1.0,3,0,0
qwen,10,risk,trait,HrAs,1,-1.0,0.6666666666666666,0.3333333333333333,1.0,-0.3333333333333333,0.33333333333333337,0.3333333333333333,0.33333333333333337,0.3333333333333333,-0.33333333333333337,0.6666666666666667,0.33333333333333337,3,1,1
qwen,10,risk,trait,HrBa,1,-1.0,0.3333333333333333,0.0,0.3333333333333333,-0.3333333333333333,0.0,0.3333333333333333,0.0,0.3333333333333333,-0.0,0.3333333333333333,0.6666666666666667,3,1,1
qwen,10,risk,trait,HrCh,1,-1.0,1.0,0.3333333333333333,0.6666666666666666,-0.6666666666666667,-0.33333333333333337,0.6666666666666667,0.33333333333333337,0.6666666666666667,0.33333333333333337,0.33333333333333337,0.0,3,2,2
qwen,10,risk,trait,HrCo,1,-1.0,1.0,0.0,0.6666666666666666,-1.0,-0.33333333333333337,1.0,0.33333333333333337,1.0,0.33333333333333337,0.6666666666666666,0.0,3,3,3
qwen,10,risk,trait,HrHr,1,-1.0,1.0,0.0,0.6666666666666666,-1.0,-0.33333333333333337,1.0,0.33333333333333337,1.0,0.33333333333333337,0.6666666666666666,0.0,3,3,3
qwen,10,risk,trait,HrSh,1,-1.0,1.0,0.0,1.0,-1.0,0.0,1.0,0.0,1.0,-0.0,1.0,0.0,3,3,3
qwen,10,risk,trait,NcAs,0,1.0,1.0,1.0,1.0,0.0,0.0,0.0,0.0,0.0,0.0,0.0,1.0,3,0,0
qwen,10,risk,trait,NcBa,0,1.0,1.0,0.3333333333333333,0.6666666666666666,-0.6666666666666667,-0.33333333333333337,0.6666666666666667,0.33333333333333337,-0.6666666666666667,-0.33333333333333337,-0.33333333333333337,1.0,3,2,0
qwen,10,risk,trait,NcCh,0,1.0,1.0,0.6666666666666666,1.0,-0.33333333333333337,0.0,0.33333333333333337,0.0,-0.33333333333333337,0.0,-0.33333333333333337,1.0,3,1,0
qwen,10,risk,trait,NcCo,0,1.0,1.0,1.0,1.0,0.0,0.0,0.0,0.0,0.0,0.0,0.0,1.0,3,0,0
qwen,10,risk,trait,NcHr,0,1.0,0.6666666666666666,0.6666666666666666,1.0,0.0,0.33333333333333337,0.0,0.33333333333333337,0.0,0.33333333333333337,-0.33333333333333337,0.6666666666666666,3,0,0
qwen,10,risk,trait,NcNc,0,1.0,1.0,0.6666666666666666,1.0,-0.33333333333333337,0.0,0.33333333333333337,0.0,-0.33333333333333337,0.0,-0.33333333333333337,1.0,3,1,0
qwen,10,risk,trait,NcPd,0,1.0,1.0,0.3333333333333333,1.0,-0.6666666666666667,0.0,0.6666666666666667,0.0,-0.6666666666666667,0.0,-0.6666666666666667,1.0,3,2,0
qwen,10,risk,trait,NcSh,0,1.0,1.0,0.6666666666666666,1.0,-0.33333333333333337,0.0,0.33333333333333337,0.0,-0.33333333333333337,0.0,-0.33333333333333337,1.0,3,1,0
qwen,10,risk,trait,PcAs,0,2.0,1.0,1.0,1.0,0.0,0.0,0.0,0.0,0.0,0.0,0.0,1.0,3,0,0
qwen,10,risk,trait,PcBa,0,2.0,1.0,1.0,1.0,0.0,0.0,0.0,0.0,0.0,0.0,0.0,1.0,3,0,0
qwen,10,risk,trait,PcCh,0,2.0,1.0,1.0,1.0,0.0,0.0,0.0,0.0,0.0,0.0,0.0,1.0,3,0,0
qwen,10,risk,trait,PcCo,0,2.0,1.0,1.0,1.0,0.0,0.0,0.0,0.0,0.0,0.0,0.0,1.0,3,0,0
qwen,10,risk,trait,PcHr,0,2.0,1.0,0.6666666666666666,1.0,-0.33333333333333337,0.0,0.33333333333333337,0.0,-0.33333333333333337,0.0,-0.33333333333333337,1.0,3,1,0
qwen,10,risk,trait,PcNc,0,2.0,1.0,1.0,1.0,0.0,0.0,0.0,0.0,0.0,0.0,0.0,1.0,3,0,0
qwen,10,risk,trait,PcPc,0,2.0,1.0,1.0,1.0,0.0,0.0,0.0,0.0,0.0,0.0,0.0,1.0,3,0,0
qwen,10,risk,trait,PcPd,0,2.0,1.0,1.0,1.0,0.0,0.0,0.0,0.0,0.0,0.0,0.0,1.0,3,0,0
qwen,10,risk,trait,PcSh,0,2.0,1.0,1.0,1.0,0.0,0.0,0.0,0.0,0.0,0.0,0.0,1.0,3,0,0
qwen,10,risk,trait,PdAs,1,-1.0,0.0,0.0,0.0,0.0,0.0,0.0,0.0,-0.0,-0.0,-0.0,1.0,3,0,0
qwen,10,risk,trait,PdBa,1,-1.0,0.3333333333333333,0.0,0.0,-0.3333333333333333,-0.3333333333333333,0.3333333333333333,0.3333333333333333,0.3333333333333333,0.3333333333333333,-0.0,0.6666666666666667,3,1,1
qwen,10,risk,trait,PdCh,1,-1.0,0.0,0.0,0.0,0.0,0.0,0.0,0.0,-0.0,-0.0,-0.0,1.0,3,0,0
qwen,10,risk,trait,PdCo,1,-1.0,0.3333333333333333,0.6666666666666666,0.0,0.3333333333333333,-0.3333333333333333,0.3333333333333333,0.3333333333333333,-0.3333333333333333,0.3333333333333333,-0.6666666666666666,0.6666666666666667,3,3,1
qwen,10,risk,trait,PdHr,1,-1.0,0.0,0.0,0.0,0.0,0.0,0.0,0.0,-0.0,-0.0,-0.0,1.0,3,0,0
qwen,10,risk,trait,PdSh,1,-1.0,0.3333333333333333,0.0,0.3333333333333333,-0.3333333333333333,0.0,0.3333333333333333,0.0,0.3333333333333333,-0.0,0.3333333333333333,0.6666666666666667,3,1,1
qwen,10,risk,trait,ShAs,1,-1.0,0.3333333333333333,0.0,0.6666666666666666,-0.3333333333333333,0.3333333333333333,0.3333333333333333,0.3333333333333333,0.3333333333333333,-0.3333333333333333,0.6666666666666666,0.6666666666666667,3,1,1
qwen,10,risk,trait,ShBa,1,-1.0,0.3333333333333333,0.0,0.0,-0.3333333333333333,-0.3333333333333333,0.3333333333333333,0.3333333333333333,0.3333333333333333,0.3333333333333333,-0.0,0.6666666666666667,3,1,1
qwen,10,risk,trait,ShCh,1,-1.0,0.3333333333333333,0.0,0.0,-0.3333333333333333,-0.3333333333333333,0.3333333333333333,0.3333333333333333,0.3333333333333333,0.3333333333333333,-0.0,0.6666666666666667,3,1,1
qwen,10,risk,trait,ShSh,1,-1.0,0.6666666666666666,0.3333333333333333,0.3333333333333333,-0.3333333333333333,-0.3333333333333333,0.3333333333333333,0.3333333333333333,0.3333333333333333,0.3333333333333333,-0.0,0.33333333333333337,3,1,1
qwen,10,loss,trait,AsAs,1,-1.0,0.6666666666666666,0.0,0.0,-0.6666666666666666,-0.6666666666666666,0.6666666666666666,0.6666666666666666,0.6666666666666666,0.6666666666666666,-0.0,0.33333333333333337,3,2,2
qwen,10,loss,trait,AsBa,1,-1.0,0.0,0.0,0.0,0.0,0.0,0.0,0.0,-0.0,-0.0,-0.0,1.0,3,0,0
qwen,10,loss,trait,BaBa,0,1.0,1.0,0.3333333333333333,1.0,-0.6666666666666667,0.0,0.6666666666666667,0.0,-0.6666666666666667,0.0,-0.6666666666666667,1.0,3,2,0
qwen,10,loss,trait,ChAs,0,1.0,1.0,1.0,1.0,0.0,0.0,0.0,0.0,0.0,0.0,0.0,1.0,3,0,0
qwen,10,loss,trait,ChBa,0,1.0,0.6666666666666666,0.6666666666666666,0.3333333333333333,0.0,-0.3333333333333333,0.0,0.3333333333333333,0.0,-0.3333333333333333,0.3333333333333333,0.6666666666666666,3,2,1
qwen,10,loss,trait,CmAs,1,-2.0,1.0,0.6666666666666666,0.6666666666666666,-0.33333333333333337,-0.33333333333333337,0.33333333333333337,0.33333333333333337,0.33333333333333337,0.33333333333333337,-0.0,0.0,3,1,1
qwen,10,loss,trait,CmBa,1,-2.0,0.0,0.0,0.0,0.0,0.0,0.0,0.0,-0.0,-0.0,-0.0,1.0,3,0,0
qwen,10,loss,trait,CmCh,1,-2.0,0.0,0.0,0.0,0.0,0.0,0.0,0.0,-0.0,-0.0,-0.0,1.0,3,0,0
qwen,10,loss,trait,CmCm,1,-2.0,0.0,0.0,0.0,0.0,0.0,0.0,0.0,-0.0,-0.0,-0.0,1.0,3,0,0
qwen,10,loss,trait,CmCo,1,-2.0,0.0,0.6666666666666666,0.0,0.6666666666666666,0.0,0.6666666666666666,0.0,-0.6666666666666666,-0.0,-0.6666666666666666,1.0,3,2,0
qwen,10,loss,trait,CmHr,1,-2.0,0.0,0.0,0.0,0.0,0.0,0.0,0.0,-0.0,-0.0,-0.0,1.0,3,0,0
qwen,10,loss,trait,CmNc,1,-2.0,0.3333333333333333,0.3333333333333333,0.3333333333333333,0.0,0.0,0.0,0.0,-0.0,-0.0,-0.0,0.6666666666666667,3,0,0
qwen,10,loss,trait,CmPc,1,-2.0,0.0,0.3333333333333333,0.0,0.3333333333333333,0.0,0.3333333333333333,0.0,-0.3333333333333333,-0.0,-0.3333333333333333,1.0,3,1,0
qwen,10,loss,trait,CmPd,1,-2.0,0.0,0.0,0.0,0.0,0.0,0.0,0.0,-0.0,-0.0,-0.0,1.0,3,0,0
qwen,10,loss,trait,CmSh,1,-2.0,0.3333333333333333,0.0,0.3333333333333333,-0.3333333333333333,0.0,0.3333333333333333,0.0,0.3333333333333333,-0.0,0.3333333333333333,0.6666666666666667,3,1,1
qwen,10,loss,trait,CoAs,0,1.0,1.0,0.6666666666666666,1.0,-0.33333333333333337,0.0,0.33333333333333337,0.0,-0.33333333333333337,0.0,-0.33333333333333337,1.0,3,1,0
qwen,10,loss,trait,CoBa,0,1.0,0.6666666666666666,0.3333333333333333,1.0,-0.3333333333333333,0.33333333333333337,0.3333333333333333,0.33333333333333337,-0.3333333333333333,0.33333333333333337,-0.6666666666666667,0.6666666666666666,3,1,0
qwen,10,loss,trait,CoCh,0,1.0,1.0,0.0,1.0,-1.0,0.0,1.0,0.0,-1.0,0.0,-1.0,1.0,3,3,0
qwen,10,loss,trait,CoCo,0,1.0,1.0,0.6666666666666666,1.0,-0.33333333333333337,0.0,0.33333333333333337,0.0,-0.33333333333333337,0.0,-0.33333333333333337,1.0,3,1,0
qwen,10,loss,trait,CoSh,0,1.0,0.6666666666666666,0.6666666666666666,0.6666666666666666,0.0,0.0,0.0,0.0,0.0,0.0,0.0,0.6666666666666666,3,0,0
qwen,10,loss,trait,DlAs,1,-2.0,0.3333333333333333,0.6666666666666666,0.0,0.3333333333333333,-0.3333333333333333,0.3333333333333333,0.3333333333333333,-0.3333333333333333,0.3333333333333333,-0.6666666666666666,0.6666666666666667,3,1,0
qwen,10,loss,trait,DlBa,1,-2.0,0.3333333333333333,0.0,0.0,-0.3333333333333333,-0.3333333333333333,0.3333333333333333,0.3333333333333333,0.3333333333333333,0.3333333333333333,-0.0,0.6666666666666667,3,1,1
qwen,10,loss,trait,DlCh,1,-2.0,0.0,0.0,0.0,0.0,0.0,0.0,0.0,-0.0,-0.0,-0.0,1.0,3,0,0
qwen,10,loss,trait,DlCm,1,-2.0,0.0,0.0,0.0,0.0,0.0,0.0,0.0,-0.0,-0.0,-0.0,1.0,3,0,0
qwen,10,loss,trait,DlCo,1,-2.0,0.3333333333333333,0.3333333333333333,0.0,0.0,-0.3333333333333333,0.0,0.3333333333333333,-0.0,0.3333333333333333,-0.3333333333333333,0.6666666666666667,3,0,0
qwen,10,loss,trait,DlDl,1,-2.0,0.3333333333333333,0.0,0.3333333333333333,-0.3333333333333333,0.0,0.3333333333333333,0.0,0.3333333333333333,-0.0,0.3333333333333333,0.6666666666666667,3,1,1
qwen,10,loss,trait,DlHa,1,-2.0,0.0,0.3333333333333333,0.0,0.3333333333333333,0.0,0.3333333333333333,0.0,-0.3333333333333333,-0.0,-0.3333333333333333,1.0,3,1,0
qwen,10,loss,trait,DlHr,1,-2.0,0.0,0.0,0.0,0.0,0.0,0.0,0.0,-0.0,-0.0,-0.0,1.0,3,0,0
qwen,10,loss,trait,DlNc,1,-2.0,0.3333333333333333,0.0,0.0,-0.3333333333333333,-0.3333333333333333,0.3333333333333333,0.3333333333333333,0.3333333333333333,0.3333333333333333,-0.0,0.6666666666666667,3,1,1
qwen,10,loss,trait,DlPc,1,-2.0,0.3333333333333333,0.3333333333333333,0.3333333333333333,0.0,0.0,0.0,0.0,-0.0,-0.0,-0.0,0.6666666666666667,3,0,0
qwen,10,loss,trait,DlPd,1,-2.0,0.0,0.0,0.0,0.0,0.0,0.0,0.0,-0.0,-0.0,-0.0,1.0,3,0,0
qwen,10,loss,trait,DlSh,1,-2.0,0.6666666666666666,0.0,0.6666666666666666,-0.6666666666666666,0.0,0.6666666666666666,0.0,0.6666666666666666,-0.0,0.6666666666666666,0.33333333333333337,3,2,2
qwen,10,loss,trait,HaAs,0,2.0,1.0,1.0,1.0,0.0,0.0,0.0,0.0,0.0,0.0,0.0,1.0,3,0,0
qwen,10,loss,trait,HaBa,0,2.0,1.0,0.6666666666666666,1.0,-0.33333333333333337,0.0,0.33333333333333337,0.0,-0.33333333333333337,0.0,-0.33333333333333337,1.0,3,1,0
qwen,10,loss,trait,HaCh,0,2.0,1.0,1.0,1.0,0.0,0.0,0.0,0.0,0.0,0.0,0.0,1.0,3,0,0
qwen,10,loss,trait,HaCm,0,2.0,1.0,1.0,1.0,0.0,0.0,0.0,0.0,0.0,0.0,0.0,1.0,3,0,0
qwen,10,loss,trait,HaCo,0,2.0,1.0,0.6666666666666666,1.0,-0.33333333333333337,0.0,0.33333333333333337,0.0,-0.33333333333333337,0.0,-0.33333333333333337,1.0,3,1,0
qwen,10,loss,trait,HaHa,0,2.0,1.0,0.6666666666666666,1.0,-0.33333333333333337,0.0,0.33333333333333337,0.0,-0.33333333333333337,0.0,-0.33333333333333337,1.0,3,1,0
qwen,10,loss,trait,HaHr,0,2.0,1.0,1.0,1.0,0.0,0.0,0.0,0.0,0.0,0.0,0.0,1.0,3,0,0
qwen,10,loss,trait,HaNc,0,2.0,1.0,1.0,1.0,0.0,0.0,0.0,0.0,0.0,0.0,0.0,1.0,3,0,0
qwen,10,loss,trait,HaPc,0,2.0,1.0,1.0,1.0,0.0,0.0,0.0,0.0,0.0,0.0,0.0,1.0,3,0,0
qwen,10,loss,trait,HaPd,0,2.0,1.0,0.6666666666666666,1.0,-0.33333333333333337,0.0,0.33333333333333337,0.0,-0.33333333333333337,0.0,-0.33333333333333337,1.0,3,1,0
qwen,10,loss,trait,HaSh,0,2.0,1.0,1.0,1.0,0.0,0.0,0.0,0.0,0.0,0.0,0.0,1.0,3,0,0
qwen,10,loss,trait,HrAs,1,-1.0,0.6666666666666666,0.3333333333333333,1.0,-0.3333333333333333,0.33333333333333337,0.3333333333333333,0.33333333333333337,0.3333333333333333,-0.33333333333333337,0.6666666666666667,0.33333333333333337,3,1,1
qwen,10,loss,trait,HrBa,1,-1.0,0.3333333333333333,0.0,0.3333333333333333,-0.3333333333333333,0.0,0.3333333333333333,0.0,0.3333333333333333,-0.0,0.3333333333333333,0.6666666666666667,3,1,1
qwen,10,loss,trait,HrCh,1,-1.0,1.0,0.6666666666666666,0.6666666666666666,-0.33333333333333337,-0.33333333333333337,0.33333333333333337,0.33333333333333337,0.33333333333333337,0.33333333333333337,-0.0,0.0,3,1,1
qwen,10,loss,trait,HrCo,1,-1.0,1.0,0.0,0.6666666666666666,-1.0,-0.33333333333333337,1.0,0.33333333333333337,1.0,0.33333333333333337,0.6666666666666666,0.0,3,3,3
qwen,10,loss,trait,HrHr,1,-1.0,1.0,0.0,0.6666666666666666,-1.0,-0.33333333333333337,1.0,0.33333333333333337,1.0,0.33333333333333337,0.6666666666666666,0.0,3,3,3
qwen,10,loss,trait,HrSh,1,-1.0,1.0,0.3333333333333333,1.0,-0.6666666666666667,0.0,0.6666666666666667,0.0,0.6666666666666667,-0.0,0.6666666666666667,0.0,3,2,2
qwen,10,loss,trait,NcAs,0,1.0,1.0,1.0,1.0,0.0,0.0,0.0,0.0,0.0,0.0,0.0,1.0,3,0,0
qwen,10,loss,trait,NcBa,0,1.0,1.0,0.6666666666666666,0.6666666666666666,-0.33333333333333337,-0.33333333333333337,0.33333333333333337,0.33333333333333337,-0.33333333333333337,-0.33333333333333337,0.0,1.0,3,1,0
qwen,10,loss,trait,NcCh,0,1.0,1.0,0.3333333333333333,1.0,-0.6666666666666667,0.0,0.6666666666666667,0.0,-0.6666666666666667,0.0,-0.6666666666666667,1.0,3,2,0
qwen,10,loss,trait,NcCo,0,1.0,1.0,1.0,1.0,0.0,0.0,0.0,0.0,0.0,0.0,0.0,1.0,3,0,0
qwen,10,loss,trait,NcHr,0,1.0,0.6666666666666666,0.3333333333333333,1.0,-0.3333333333333333,0.33333333333333337,0.3333333333333333,0.33333333333333337,-0.3333333333333333,0.33333333333333337,-0.6666666666666667,0.6666666666666666,3,1,0
qwen,10,loss,trait,NcNc,0,1.0,1.0,1.0,1.0,0.0,0.0,0.0,0.0,0.0,0.0,0.0,1.0,3,0,0
qwen,10,loss,trait,NcPd,0,1.0,1.0,0.3333333333333333,1.0,-0.6666666666666667,0.0,0.6666666666666667,0.0,-0.6666666666666667,0.0,-0.6666666666666667,1.0,3,2,0
qwen,10,loss,trait,NcSh,0,1.0,1.0,1.0,1.0,0.0,0.0,0.0,0.0,0.0,0.0,0.0,1.0,3,0,0
qwen,10,loss,trait,PcAs,0,2.0,1.0,1.0,1.0,0.0,0.0,0.0,0.0,0.0,0.0,0.0,1.0,3,0,0
qwen,10,loss,trait,PcBa,0,2.0,1.0,0.6666666666666666,1.0,-0.33333333333333337,0.0,0.33333333333333337,0.0,-0.33333333333333337,0.0,-0.33333333333333337,1.0,3,1,0
qwen,10,loss,trait,PcCh,0,2.0,1.0,0.6666666666666666,1.0,-0.33333333333333337,0.0,0.33333333333333337,0.0,-0.33333333333333337,0.0,-0.33333333333333337,1.0,3,1,0
qwen,10,loss,trait,PcCo,0,2.0,1.0,1.0,1.0,0.0,0.0,0.0,0.0,0.0,0.0,0.0,1.0,3,0,0
qwen,10,loss,trait,PcHr,0,2.0,1.0,0.3333333333333333,1.0,-0.6666666666666667,0.0,0.6666666666666667,0.0,-0.6666666666666667,0.0,-0.6666666666666667,1.0,3,2,0
qwen,10,loss,trait,PcNc,0,2.0,1.0,1.0,1.0,0.0,0.0,0.0,0.0,0.0,0.0,0.0,1.0,3,0,0
qwen,10,loss,trait,PcPc,0,2.0,1.0,1.0,1.0,0.0,0.0,0.0,0.0,0.0,0.0,0.0,1.0,3,0,0
qwen,10,loss,trait,PcPd,0,2.0,1.0,0.6666666666666666,1.0,-0.33333333333333337,0.0,0.33333333333333337,0.0,-0.33333333333333337,0.0,-0.33333333333333337,1.0,3,1,0
qwen,10,loss,trait,PcSh,0,2.0,1.0,1.0,1.0,0.0,0.0,0.0,0.0,0.0,0.0,0.0,1.0,3,0,0
qwen,10,loss,trait,PdAs,1,-1.0,0.0,0.0,0.0,0.0,0.0,0.0,0.0,-0.0,-0.0,-0.0,1.0,3,0,0
qwen,10,loss,trait,PdBa,1,-1.0,0.3333333333333333,0.0,0.0,-0.3333333333333333,-0.3333333333333333,0.3333333333333333,0.3333333333333333,0.3333333333333333,0.3333333333333333,-0.0,0.6666666666666667,3,1,1
qwen,10,loss,trait,PdCh,1,-1.0,0.0,0.0,0.0,0.0,0.0,0.0,0.0,-0.0,-0.0,-0.0,1.0,3,0,0
qwen,10,loss,trait,PdCo,1,-1.0,0.3333333333333333,1.0,0.0,0.6666666666666667,-0.3333333333333333,0.6666666666666667,0.3333333333333333,-0.6666666666666667,0.3333333333333333,-1.0,0.6666666666666667,3,2,0
qwen,10,loss,trait,PdHr,1,-1.0,0.0,0.0,0.0,0.0,0.0,0.0,0.0,-0.0,-0.0,-0.0,1.0,3,0,0
qwen,10,loss,trait,PdSh,1,-1.0,0.3333333333333333,0.0,0.3333333333333333,-0.3333333333333333,0.0,0.3333333333333333,0.0,0.3333333333333333,-0.0,0.3333333333333333,0.6666666666666667,3,1,1
qwen,10,loss,trait,ShAs,1,-1.0,0.3333333333333333,0.0,0.6666666666666666,-0.3333333333333333,0.3333333333333333,0.3333333333333333,0.3333333333333333,0.3333333333333333,-0.3333333333333333,0.6666666666666666,0.6666666666666667,3,1,1
qwen,10,loss,trait,ShBa,1,-1.0,0.3333333333333333,0.0,0.0,-0.3333333333333333,-0.3333333333333333,0.3333333333333333,0.3333333333333333,0.3333333333333333,0.3333333333333333,-0.0,0.6666666666666667,3,1,1
qwen,10,loss,trait,ShCh,1,-1.0,0.3333333333333333,0.0,0.0,-0.3333333333333333,-0.3333333333333333,0.3333333333333333,0.3333333333333333,0.3333333333333333,0.3333333333333333,-0.0,0.6666666666666667,3,1,1
qwen,10,loss,trait,ShSh,1,-1.0,0.6666666666666666,0.0,0.3333333333333333,-0.6666666666666666,-0.3333333333333333,0.6666666666666666,0.3333333333333333,0.6666666666666666,0.3333333333333333,0.3333333333333333,0.33333333333333337,3,2,2
qwen,10,inequity,trait,AsBa,1,-1.0,0.0,0.0,0.0,0.0,0.0,0.0,0.0,-0.0,-0.0,-0.0,1.0,3,0,0
qwen,10,inequity,trait,ChAs,0,2.0,1.0,1.0,1.0,0.0,0.0,0.0,0.0,0.0,0.0,0.0,1.0,3,0,0
qwen,10,inequity,trait,ChBa,1,-1.0,0.6666666666666666,0.3333333333333333,0.3333333333333333,-0.3333333333333333,-0.3333333333333333,0.3333333333333333,0.3333333333333333,0.3333333333333333,0.3333333333333333,-0.0,0.33333333333333337,3,1,1
qwen,10,inequity,trait,CmCo,1,-1.0,0.0,0.3333333333333333,0.0,0.3333333333333333,0.0,0.3333333333333333,0.0,-0.3333333333333333,-0.0,-0.3333333333333333,1.0,3,1,0
qwen,10,inequity,trait,CmPc,1,-1.0,0.0,0.3333333333333333,0.0,0.3333333333333333,0.0,0.3333333333333333,0.0,-0.3333333333333333,-0.0,-0.3333333333333333,1.0,3,1,0
qwen,10,inequity,trait,DlCm,1,-1.0,0.0,0.0,0.0,0.0,0.0,0.0,0.0,-0.0,-0.0,-0.0,1.0,3,0,0
qwen,10,inequity,trait,DlHr,1,-1.0,0.0,0.3333333333333333,0.0,0.3333333333333333,0.0,0.3333333333333333,0.0,-0.3333333333333333,-0.0,-0.3333333333333333,1.0,3,1,0
qwen,10,inequity,trait,HaAs,0,1.0,1.0,1.0,1.0,0.0,0.0,0.0,0.0,0.0,0.0,0.0,1.0,3,0,0
qwen,10,inequity,trait,HaBa,1,-1.0,1.0,0.0,1.0,-1.0,0.0,1.0,0.0,1.0,-0.0,1.0,0.0,3,3,3
qwen,10,inequity,trait,HaCh,1,-1.0,1.0,0.6666666666666666,1.0,-0.33333333333333337,0.0,0.33333333333333337,0.0,0.33333333333333337,-0.0,0.33333333333333337,0.0,3,1,1
qwen,10,inequity,trait,HaCm,1,-1.0,1.0,0.6666666666666666,1.0,-0.33333333333333337,0.0,0.33333333333333337,0.0,0.33333333333333337,-0.0,0.33333333333333337,0.0,3,1,1
qwen,10,inequity,trait,HaHr,1,-1.0,1.0,0.0,1.0,-1.0,0.0,1.0,0.0,1.0,-0.0,1.0,0.0,3,3,3
qwen,10,inequity,trait,HaSh,0,1.0,1.0,1.0,1.0,0.0,0.0,0.0,0.0,0.0,0.0,0.0,1.0,3,0,0
qwen,10,inequity,trait,HrCo,1,-1.0,1.0,0.6666666666666666,0.6666666666666666,-0.33333333333333337,-0.33333333333333337,0.33333333333333337,0.33333333333333337,0.33333333333333337,0.33333333333333337,-0.0,0.0,3,1,1
qwen,10,inequity,trait,NcAs,0,2.0,1.0,1.0,1.0,0.0,0.0,0.0,0.0,0.0,0.0,0.0,1.0,3,0,0
qwen,10,inequity,trait,NcBa,1,-2.0,1.0,0.0,0.6666666666666666,-1.0,-0.33333333333333337,1.0,0.33333333333333337,1.0,0.33333333333333337,0.6666666666666666,0.0,3,3,3
qwen,10,inequity,trait,NcCh,1,-1.0,1.0,0.3333333333333333,1.0,-0.6666666666666667,0.0,0.6666666666666667,0.0,0.6666666666666667,-0.0,0.6666666666666667,0.0,3,2,2
qwen,10,inequity,trait,NcCo,0,1.0,1.0,1.0,1.0,0.0,0.0,0.0,0.0,0.0,0.0,0.0,1.0,3,0,0
qwen,10,inequity,trait,NcHr,1,-2.0,0.6666666666666666,0.3333333333333333,1.0,-0.3333333333333333,0.33333333333333337,0.3333333333333333,0.33333333333333337,0.3333333333333333,-0.33333333333333337,0.6666666666666667,0.33333333333333337,3,1,1
qwen,10,inequity,trait,NcSh,0,1.0,1.0,0.3333333333333333,1.0,-0.6666666666666667,0.0,0.6666666666666667,0.0,-0.6666666666666667,0.0,-0.6666666666666667,1.0,3,2,0
qwen,10,inequity,trait,PcHr,1,-1.0,1.0,0.3333333333333333,1.0,-0.6666666666666667,0.0,0.6666666666666667,0.0,0.6666666666666667,-0.0,0.6666666666666667,0.0,3,2,2
qwen,10,inequity,trait,PcNc,0,1.0,1.0,1.0,1.0,0.0,0.0,0.0,0.0,0.0,0.0,0.0,1.0,3,0,0
qwen,10,inequity,trait,PcPd,1,-1.0,1.0,0.0,1.0,-1.0,0.0,1.0,0.0,1.0,-0.0,1.0,0.0,3,3,3
qwen,10,inequity,trait,PdAs,0,1.0,0.0,0.0,0.0,0.0,0.0,0.0,0.0,0.0,0.0,0.0,0.0,3,0,0
qwen,10,inequity,trait,PdBa,1,-1.0,0.3333333333333333,0.3333333333333333,0.0,0.0,-0.3333333333333333,0.0,0.3333333333333333,-0.0,0.3333333333333333,-0.3333333333333333,0.6666666666666667,3,2,1
qwen,10,inequity,trait,PdCo,0,1.0,0.3333333333333333,1.0,0.0,0.6666666666666667,-0.3333333333333333,0.6666666666666667,0.3333333333333333,0.6666666666666667,-0.3333333333333333,1.0,0.3333333333333333,3,2,2
qwen,10,inequity,trait,PdHr,1,-2.0,0.0,0.0,0.0,0.0,0.0,0.0,0.0,-0.0,-0.0,-0.0,1.0,3,0,0
qwen,10,inequity,trait,ShAs,0,1.0,0.3333333333333333,0.0,0.6666666666666666,-0.3333333333333333,0.3333333333333333,0.3333333333333333,0.3333333333333333,-0.3333333333333333,0.3333333333333333,-0.6666666666666666,0.3333333333333333,3,1,0
qwen,10,inequity,trait,ShBa,1,-2.0,0.3333333333333333,0.0,0.0,-0.3333333333333333,-0.3333333333333333,0.3333333333333333,0.3333333333333333,0.3333333333333333,0.3333333333333333,-0.0,0.6666666666666667,3,1,1
qwen,10,inequity,trait,ShCh,1,-1.0,0.3333333333333333,0.0,0.0,-0.3333333333333333,-0.3333333333333333,0.3333333333333333,0.3333333333333333,0.3333333333333333,0.3333333333333333,-0.0,0.6666666666666667,3,1,1
qwen,10,selfish,trait,CmAs,1,-2.0,1.0,0.0,0.6666666666666666,-1.0,-0.33333333333333337,1.0,0.33333333333333337,1.0,0.33333333333333337,0.6666666666666666,0.0,3,3,3
qwen,10,selfish,trait,CmBa,1,-2.0,0.0,0.0,0.0,0.0,0.0,0.0,0.0,-0.0,-0.0,-0.0,1.0,3,0,0
qwen,10,selfish,trait,CmCh,1,-2.0,0.0,0.0,0.0,0.0,0.0,0.0,0.0,-0.0,-0.0,-0.0,1.0,3,0,0
qwen,10,selfish,trait,CmCm,1,-2.0,0.0,0.0,0.0,0.0,0.0,0.0,0.0,-0.0,-0.0,-0.0,1.0,3,0,0
qwen,10,selfish,trait,CmCo,1,-2.0,0.0,0.0,0.0,0.0,0.0,0.0,0.0,-0.0,-0.0,-0.0,1.0,3,0,0
qwen,10,selfish,trait,CmHr,1,-2.0,0.0,0.0,0.0,0.0,0.0,0.0,0.0,-0.0,-0.0,-0.0,1.0,3,0,0
qwen,10,selfish,trait,CmNc,1,-2.0,0.3333333333333333,0.0,0.3333333333333333,-0.3333333333333333,0.0,0.3333333333333333,0.0,0.3333333333333333,-0.0,0.3333333333333333,0.6666666666666667,3,1,1
qwen,10,selfish,trait,CmPc,1,-2.0,0.0,0.0,0.0,0.0,0.0,0.0,0.0,-0.0,-0.0,-0.0,1.0,3,0,0
qwen,10,selfish,trait,CmPd,1,-2.0,0.0,0.0,0.0,0.0,0.0,0.0,0.0,-0.0,-0.0,-0.0,1.0,3,0,0
qwen,10,selfish,trait,CmSh,1,-2.0,0.3333333333333333,0.0,0.3333333333333333,-0.3333333333333333,0.0,0.3333333333333333,0.0,0.3333333333333333,-0.0,0.3333333333333333,0.6666666666666667,3,1,1
qwen,10,selfish,trait,CoAs,0,1.0,1.0,0.6666666666666666,1.0,-0.33333333333333337,0.0,0.33333333333333337,0.0,-0.33333333333333337,0.0,-0.33333333333333337,1.0,3,1,0
qwen,10,selfish,trait,CoBa,0,1.0,0.6666666666666666,1.0,1.0,0.33333333333333337,0.33333333333333337,0.33333333333333337,0.33333333333333337,0.33333333333333337,0.33333333333333337,0.0,0.6666666666666666,3,1,1
qwen,10,selfish,trait,CoCh,0,1.0,1.0,0.6666666666666666,1.0,-0.33333333333333337,0.0,0.33333333333333337,0.0,-0.33333333333333337,0.0,-0.33333333333333337,1.0,3,1,0
qwen,10,selfish,trait,CoCo,0,1.0,1.0,1.0,1.0,0.0,0.0,0.0,0.0,0.0,0.0,0.0,1.0,3,0,0
qwen,10,selfish,trait,CoSh,0,1.0,0.6666666666666666,0.6666666666666666,0.6666666666666666,0.0,0.0,0.0,0.0,0.0,0.0,0.0,0.6666666666666666,3,0,0
qwen,10,selfish,trait,DlAs,1,-2.0,0.3333333333333333,0.0,0.0,-0.3333333333333333,-0.3333333333333333,0.3333333333333333,0.3333333333333333,0.3333333333333333,0.3333333333333333,-0.0,0.6666666666666667,3,1,1
qwen,10,selfish,trait,DlBa,1,-2.0,0.3333333333333333,0.0,0.0,-0.3333333333333333,-0.3333333333333333,0.3333333333333333,0.3333333333333333,0.3333333333333333,0.3333333333333333,-0.0,0.6666666666666667,3,1,1
qwen,10,selfish,trait,DlCh,1,-2.0,0.0,0.0,0.0,0.0,0.0,0.0,0.0,-0.0,-0.0,-0.0,1.0,3,0,0
qwen,10,selfish,trait,DlCm,1,-2.0,0.0,0.0,0.0,0.0,0.0,0.0,0.0,-0.0,-0.0,-0.0,1.0,3,0,0
qwen,10,selfish,trait,DlCo,1,-2.0,0.3333333333333333,0.0,0.0,-0.3333333333333333,-0.3333333333333333,0.3333333333333333,0.3333333333333333,0.3333333333333333,0.3333333333333333,-0.0,0.6666666666666667,3,1,1
qwen,10,selfish,trait,DlDl,1,-2.0,0.3333333333333333,0.0,0.3333333333333333,-0.3333333333333333,0.0,0.3333333333333333,0.0,0.3333333333333333,-0.0,0.3333333333333333,0.6666666666666667,3,1,1
qwen,10,selfish,trait,DlHa,1,-2.0,0.0,0.0,0.0,0.0,0.0,0.0,0.0,-0.0,-0.0,-0.0,1.0,3,0,0
qwen,10,selfish,trait,DlHr,1,-2.0,0.0,0.0,0.0,0.0,0.0,0.0,0.0,-0.0,-0.0,-0.0,1.0,3,0,0
qwen,10,selfish,trait,DlNc,1,-2.0,0.3333333333333333,0.0,0.0,-0.3333333333333333,-0.3333333333333333,0.3333333333333333,0.3333333333333333,0.3333333333333333,0.3333333333333333,-0.0,0.6666666666666667,3,1,1
qwen,10,selfish,trait,DlPc,1,-2.0,0.3333333333333333,0.0,0.3333333333333333,-0.3333333333333333,0.0,0.3333333333333333,0.0,0.3333333333333333,-0.0,0.3333333333333333,0.6666666666666667,3,1,1
qwen,10,selfish,trait,DlPd,1,-2.0,0.0,0.0,0.0,0.0,0.0,0.0,0.0,-0.0,-0.0,-0.0,1.0,3,0,0
qwen,10,selfish,trait,DlSh,1,-2.0,0.6666666666666666,0.0,0.6666666666666666,-0.6666666666666666,0.0,0.6666666666666666,0.0,0.6666666666666666,-0.0,0.6666666666666666,0.33333333333333337,3,2,2
qwen,10,selfish,trait,HaAs,0,2.0,1.0,1.0,1.0,0.0,0.0,0.0,0.0,0.0,0.0,0.0,1.0,3,0,0
qwen,10,selfish,trait,HaBa,0,2.0,1.0,1.0,1.0,0.0,0.0,0.0,0.0,0.0,0.0,0.0,1.0,3,0,0
qwen,10,selfish,trait,HaCh,0,2.0,1.0,1.0,1.0,0.0,0.0,0.0,0.0,0.0,0.0,0.0,1.0,3,0,0
qwen,10,selfish,trait,HaCm,0,2.0,1.0,1.0,1.0,0.0,0.0,0.0,0.0,0.0,0.0,0.0,1.0,3,0,0
qwen,10,selfish,trait,HaCo,0,2.0,1.0,1.0,1.0,0.0,0.0,0.0,0.0,0.0,0.0,0.0,1.0,3,0,0
qwen,10,selfish,trait,HaHa,0,2.0,1.0,1.0,1.0,0.0,0.0,0.0,0.0,0.0,0.0,0.0,1.0,3,0,0
qwen,10,selfish,trait,HaHr,0,2.0,1.0,1.0,1.0,0.0,0.0,0.0,0.0,0.0,0.0,0.0,1.0,3,0,0
qwen,10,selfish,trait,HaNc,0,2.0,1.0,1.0,1.0,0.0,0.0,0.0,0.0,0.0,0.0,0.0,1.0,3,0,0
qwen,10,selfish,trait,HaPc,0,2.0,1.0,1.0,1.0,0.0,0.0,0.0,0.0,0.0,0.0,0.0,1.0,3,0,0
qwen,10,selfish,trait,HaPd,0,2.0,1.0,1.0,1.0,0.0,0.0,0.0,0.0,0.0,0.0,0.0,1.0,3,0,0
qwen,10,selfish,trait,HaSh,0,2.0,1.0,1.0,1.0,0.0,0.0,0.0,0.0,0.0,0.0,0.0,1.0,3,0,0
qwen,10,selfish,trait,HrAs,1,-1.0,0.6666666666666666,0.3333333333333333,1.0,-0.3333333333333333,0.33333333333333337,0.3333333333333333,0.33333333333333337,0.3333333333333333,-0.33333333333333337,0.6666666666666667,0.33333333333333337,3,1,1
qwen,10,selfish,trait,HrBa,1,-1.0,0.3333333333333333,0.0,0.3333333333333333,-0.3333333333333333,0.0,0.3333333333333333,0.0,0.3333333333333333,-0.0,0.3333333333333333,0.6666666666666667,3,1,1
qwen,10,selfish,trait,HrCh,1,-1.0,1.0,0.0,0.6666666666666666,-1.0,-0.33333333333333337,1.0,0.33333333333333337,1.0,0.33333333333333337,0.6666666666666666,0.0,3,3,3
qwen,10,selfish,trait,HrCo,1,-1.0,1.0,0.0,0.6666666666666666,-1.0,-0.33333333333333337,1.0,0.33333333333333337,1.0,0.33333333333333337,0.6666666666666666,0.0,3,3,3
qwen,10,selfish,trait,HrHr,1,-1.0,1.0,0.0,0.6666666666666666,-1.0,-0.33333333333333337,1.0,0.33333333333333337,1.0,0.33333333333333337,0.6666666666666666,0.0,3,3,3
qwen,10,selfish,trait,HrSh,1,-1.0,1.0,0.3333333333333333,1.0,-0.6666666666666667,0.0,0.6666666666666667,0.0,0.6666666666666667,-0.0,0.6666666666666667,0.0,3,2,2
qwen,10,selfish,trait,NcAs,0,1.0,1.0,0.6666666666666666,1.0,-0.33333333333333337,0.0,0.33333333333333337,0.0,-0.33333333333333337,0.0,-0.33333333333333337,1.0,3,1,0
qwen,10,selfish,trait,NcBa,0,1.0,1.0,1.0,0.6666666666666666,0.0,-0.33333333333333337,0.0,0.33333333333333337,0.0,-0.33333333333333337,0.33333333333333337,1.0,3,0,0
qwen,10,selfish,trait,NcCh,0,1.0,1.0,1.0,1.0,0.0,0.0,0.0,0.0,0.0,0.0,0.0,1.0,3,0,0
qwen,10,selfish,trait,NcCo,0,1.0,1.0,1.0,1.0,0.0,0.0,0.0,0.0,0.0,0.0,0.0,1.0,3,0,0
qwen,10,selfish,trait,NcHr,0,1.0,0.6666666666666666,0.3333333333333333,1.0,-0.3333333333333333,0.33333333333333337,0.3333333333333333,0.33333333333333337,-0.3333333333333333,0.33333333333333337,-0.6666666666666667,0.6666666666666666,3,1,0
qwen,10,selfish,trait,NcNc,0,1.0,1.0,1.0,1.0,0.0,0.0,0.0,0.0,0.0,0.0,0.0,1.0,3,0,0
qwen,10,selfish,trait,NcPd,0,1.0,1.0,0.6666666666666666,1.0,-0.33333333333333337,0.0,0.33333333333333337,0.0,-0.33333333333333337,0.0,-0.33333333333333337,1.0,3,1,0
qwen,10,selfish,trait,NcSh,0,1.0,1.0,0.6666666666666666,1.0,-0.33333333333333337,0.0,0.33333333333333337,0.0,-0.33333333333333337,0.0,-0.33333333333333337,1.0,3,1,0
qwen,10,selfish,trait,PcAs,0,2.0,1.0,1.0,1.0,0.0,0.0,0.0,0.0,0.0,0.0,0.0,1.0,3,0,0
qwen,10,selfish,trait,PcBa,0,2.0,1.0,1.0,1.0,0.0,0.0,0.0,0.0,0.0,0.0,0.0,1.0,3,0,0
qwen,10,selfish,trait,PcCh,0,2.0,1.0,1.0,1.0,0.0,0.0,0.0,0.0,0.0,0.0,0.0,1.0,3,0,0
qwen,10,selfish,trait,PcCo,0,2.0,1.0,1.0,1.0,0.0,0.0,0.0,0.0,0.0,0.0,0.0,1.0,3,0,0
qwen,10,selfish,trait,PcHr,0,2.0,1.0,1.0,1.0,0.0,0.0,0.0,0.0,0.0,0.0,0.0,1.0,3,0,0
qwen,10,selfish,trait,PcNc,0,2.0,1.0,1.0,1.0,0.0,0.0,0.0,0.0,0.0,0.0,0.0,1.0,3,0,0
qwen,10,selfish,trait,PcPc,0,2.0,1.0,1.0,1.0,0.0,0.0,0.0,0.0,0.0,0.0,0.0,1.0,3,0,0
qwen,10,selfish,trait,PcPd,0,2.0,1.0,1.0,1.0,0.0,0.0,0.0,0.0,0.0,0.0,0.0,1.0,3,0,0
qwen,10,selfish,trait,PcSh,0,2.0,1.0,1.0,1.0,0.0,0.0,0.0,0.0,0.0,0.0,0.0,1.0,3,0,0
qwen,10,selfish,trait,PdAs,1,-1.0,0.0,0.0,0.0,0.0,0.0,0.0,0.0,-0.0,-0.0,-0.0,1.0,3,0,0
qwen,10,selfish,trait,PdBa,1,-1.0,0.3333333333333333,0.3333333333333333,0.0,0.0,-0.3333333333333333,0.0,0.3333333333333333,-0.0,0.3333333333333333,-0.3333333333333333,0.6666666666666667,3,0,0
qwen,10,selfish,trait,PdCh,1,-1.0,0.0,0.0,0.0,0.0,0.0,0.0,0.0,-0.0,-0.0,-0.0,1.0,3,0,0
qwen,10,selfish,trait,PdCo,1,-1.0,0.3333333333333333,0.0,0.0,-0.3333333333333333,-0.3333333333333333,0.3333333333333333,0.3333333333333333,0.3333333333333333,0.3333333333333333,-0.0,0.6666666666666667,3,1,1
qwen,10,selfish,trait,PdHr,1,-1.0,0.0,0.0,0.0,0.0,0.0,0.0,0.0,-0.0,-0.0,-0.0,1.0,3,0,0
qwen,10,selfish,trait,PdSh,1,-1.0,0.3333333333333333,0.0,0.3333333333333333,-0.3333333333333333,0.0,0.3333333333333333,0.0,0.3333333333333333,-0.0,0.3333333333333333,0.6666666666666667,3,1,1
qwen,10,maximin,rule,AsAs,1,-1.0,0.6666666666666666,0.0,0.0,-0.6666666666666666,-0.6666666666666666,0.6666666666666666,0.6666666666666666,0.6666666666666666,0.6666666666666666,-0.0,0.33333333333333337,3,2,2
qwen,10,maximin,rule,AsBa,1,-1.0,0.0,0.0,0.0,0.0,0.0,0.0,0.0,-0.0,-0.0,-0.0,1.0,3,0,0
qwen,10,maximin,rule,BaBa,0,1.0,1.0,0.6666666666666666,1.0,-0.33333333333333337,0.0,0.33333333333333337,0.0,-0.33333333333333337,0.0,-0.33333333333333337,1.0,3,1,0
qwen,10,maximin,rule,ChAs,0,1.0,1.0,1.0,1.0,0.0,0.0,0.0,0.0,0.0,0.0,0.0,1.0,3,0,0
qwen,10,maximin,rule,ChBa,0,1.0,0.6666666666666666,0.6666666666666666,0.3333333333333333,0.0,-0.3333333333333333,0.0,0.3333333333333333,0.0,-0.3333333333333333,0.3333333333333333,0.6666666666666666,3,0,0
qwen,10,maximin,rule,CmAs,1,-2.0,1.0,0.3333333333333333,0.6666666666666666,-0.6666666666666667,-0.33333333333333337,0.6666666666666667,0.33333333333333337,0.6666666666666667,0.33333333333333337,0.33333333333333337,0.0,3,2,2
qwen,10,maximin,rule,CmBa,1,-2.0,0.0,0.0,0.0,0.0,0.0,0.0,0.0,-0.0,-0.0,-0.0,1.0,3,0,0
qwen,10,maximin,rule,CmCh,1,-2.0,0.0,0.0,0.0,0.0,0.0,0.0,0.0,-0.0,-0.0,-0.0,1.0,3,0,0
qwen,10,maximin,rule,CmCm,1,-2.0,0.0,0.0,0.0,0.0,0.0,0.0,0.0,-0.0,-0.0,-0.0,1.0,3,0,0
qwen,10,maximin,rule,CmCo,1,-2.0,0.0,0.0,0.0,0.0,0.0,0.0,0.0,-0.0,-0.0,-0.0,1.0,3,0,0
qwen,10,maximin,rule,CmHr,1,-2.0,0.0,0.0,0.0,0.0,0.0,0.0,0.0,-0.0,-0.0,-0.0,1.0,3,0,0
qwen,10,maximin,rule,CmNc,1,-2.0,0.3333333333333333,0.0,0.3333333333333333,-0.3333333333333333,0.0,0.3333333333333333,0.0,0.3333333333333333,-0.0,0.3333333333333333,0.6666666666666667,3,1,1
qwen,10,maximin,rule,CmPc,1,-2.0,0.0,0.0,0.0,0.0,0.0,0.0,0.0,-0.0,-0.0,-0.0,1.0,3,0,0
qwen,10,maximin,rule,CmPd,1,-2.0,0.0,0.0,0.0,0.0,0.0,0.0,0.0,-0.0,-0.0,-0.0,1.0,3,0,0
qwen,10,maximin,rule,CmSh,1,-2.0,0.3333333333333333,0.0,0.3333333333333333,-0.3333333333333333,0.0,0.3333333333333333,0.0,0.3333333333333333,-0.0,0.3333333333333333,0.6666666666666667,3,1,1
qwen,10,maximin,rule,CoAs,0,1.0,1.0,1.0,1.0,0.0,0.0,0.0,0.0,0.0,0.0,0.0,1.0,3,0,0
qwen,10,maximin,rule,CoBa,0,1.0,0.6666666666666666,0.0,1.0,-0.6666666666666666,0.33333333333333337,0.6666666666666666,0.33333333333333337,-0.6666666666666666,0.33333333333333337,-1.0,0.6666666666666666,3,2,0
qwen,10,maximin,rule,CoCh,0,1.0,1.0,0.0,1.0,-1.0,0.0,1.0,0.0,-1.0,0.0,-1.0,1.0,3,3,0
qwen,10,maximin,rule,CoCo,0,1.0,1.0,0.6666666666666666,1.0,-0.33333333333333337,0.0,0.33333333333333337,0.0,-0.33333333333333337,0.0,-0.33333333333333337,1.0,3,1,0
qwen,10,maximin,rule,CoSh,0,1.0,0.6666666666666666,0.6666666666666666,0.6666666666666666,0.0,0.0,0.0,0.0,0.0,0.0,0.0,0.6666666666666666,3,0,0
qwen,10,maximin,rule,DlAs,1,-2.0,0.3333333333333333,0.0,0.0,-0.3333333333333333,-0.3333333333333333,0.3333333333333333,0.3333333333333333,0.3333333333333333,0.3333333333333333,-0.0,0.6666666666666667,3,1,1
qwen,10,maximin,rule,DlBa,1,-2.0,0.3333333333333333,0.0,0.0,-0.3333333333333333,-0.3333333333333333,0.3333333333333333,0.3333333333333333,0.3333333333333333,0.3333333333333333,-0.0,0.6666666666666667,3,1,1
qwen,10,maximin,rule,DlCh,1,-2.0,0.0,0.0,0.0,0.0,0.0,0.0,0.0,-0.0,-0.0,-0.0,1.0,3,0,0
qwen,10,maximin,rule,DlCm,1,-2.0,0.0,0.0,0.0,0.0,0.0,0.0,0.0,-0.0,-0.0,-0.0,1.0,3,0,0
qwen,10,maximin,rule,DlCo,1,-2.0,0.3333333333333333,0.0,0.0,-0.3333333333333333,-0.3333333333333333,0.3333333333333333,0.3333333333333333,0.3333333333333333,0.3333333333333333,-0.0,0.6666666666666667,3,1,1
qwen,10,maximin,rule,DlDl,1,-2.0,0.3333333333333333,0.3333333333333333,0.3333333333333333,0.0,0.0,0.0,0.0,-0.0,-0.0,-0.0,0.6666666666666667,3,0,0
qwen,10,maximin,rule,DlHa,1,-2.0,0.0,0.0,0.0,0.0,0.0,0.0,0.0,-0.0,-0.0,-0.0,1.0,3,0,0
qwen,10,maximin,rule,DlHr,1,-2.0,0.0,0.0,0.0,0.0,0.0,0.0,0.0,-0.0,-0.0,-0.0,1.0,3,0,0
qwen,10,maximin,rule,DlNc,1,-2.0,0.3333333333333333,0.0,0.0,-0.3333333333333333,-0.3333333333333333,0.3333333333333333,0.3333333333333333,0.3333333333333333,0.3333333333333333,-0.0,0.6666666666666667,3,1,1
qwen,10,maximin,rule,DlPc,1,-2.0,0.3333333333333333,0.3333333333333333,0.3333333333333333,0.0,0.0,0.0,0.0,-0.0,-0.0,-0.0,0.6666666666666667,3,0,0
qwen,10,maximin,rule,DlPd,1,-2.0,0.0,0.0,0.0,0.0,0.0,0.0,0.0,-0.0,-0.0,-0.0,1.0,3,0,0
qwen,10,maximin,rule,DlSh,1,-2.0,0.6666666666666666,0.0,0.6666666666666666,-0.6666666666666666,0.0,0.6666666666666666,0.0,0.6666666666666666,-0.0,0.6666666666666666,0.33333333333333337,3,2,2
qwen,10,maximin,rule,HaAs,0,2.0,1.0,1.0,1.0,0.0,0.0,0.0,0.0,0.0,0.0,0.0,1.0,3,0,0
qwen,10,maximin,rule,HaBa,0,2.0,1.0,1.0,1.0,0.0,0.0,0.0,0.0,0.0,0.0,0.0,1.0,3,0,0
qwen,10,maximin,rule,HaCh,0,2.0,1.0,1.0,1.0,0.0,0.0,0.0,0.0,0.0,0.0,0.0,1.0,3,0,0
qwen,10,maximin,rule,HaCm,0,2.0,1.0,1.0,1.0,0.0,0.0,0.0,0.0,0.0,0.0,0.0,1.0,3,0,0
qwen,10,maximin,rule,HaCo,0,2.0,1.0,1.0,1.0,0.0,0.0,0.0,0.0,0.0,0.0,0.0,1.0,3,0,0
qwen,10,maximin,rule,HaHa,0,2.0,1.0,1.0,1.0,0.0,0.0,0.0,0.0,0.0,0.0,0.0,1.0,3,0,0
qwen,10,maximin,rule,HaHr,0,2.0,1.0,1.0,1.0,0.0,0.0,0.0,0.0,0.0,0.0,0.0,1.0,3,0,0
qwen,10,maximin,rule,HaNc,0,2.0,1.0,1.0,1.0,0.0,0.0,0.0,0.0,0.0,0.0,0.0,1.0,3,0,0
qwen,10,maximin,rule,HaPc,0,2.0,1.0,1.0,1.0,0.0,0.0,0.0,0.0,0.0,0.0,0.0,1.0,3,0,0
qwen,10,maximin,rule,HaPd,0,2.0,1.0,1.0,1.0,0.0,0.0,0.0,0.0,0.0,0.0,0.0,1.0,3,0,0
qwen,10,maximin,rule,HaSh,0,2.0,1.0,1.0,1.0,0.0,0.0,0.0,0.0,0.0,0.0,0.0,1.0,3,0,0
qwen,10,maximin,rule,HrAs,1,-1.0,0.6666666666666666,0.3333333333333333,1.0,-0.3333333333333333,0.33333333333333337,0.3333333333333333,0.33333333333333337,0.3333333333333333,-0.33333333333333337,0.6666666666666667,0.33333333333333337,3,1,1
qwen,10,maximin,rule,HrBa,1,-1.0,0.3333333333333333,0.0,0.3333333333333333,-0.3333333333333333,0.0,0.3333333333333333,0.0,0.3333333333333333,-0.0,0.3333333333333333,0.6666666666666667,3,1,1
qwen,10,maximin,rule,HrCh,1,-1.0,1.0,0.3333333333333333,0.6666666666666666,-0.6666666666666667,-0.33333333333333337,0.6666666666666667,0.33333333333333337,0.6666666666666667,0.33333333333333337,0.33333333333333337,0.0,3,2,2
qwen,10,maximin,rule,HrCo,1,-1.0,1.0,0.0,0.6666666666666666,-1.0,-0.33333333333333337,1.0,0.33333333333333337,1.0,0.33333333333333337,0.6666666666666666,0.0,3,3,3
qwen,10,maximin,rule,HrHr,1,-1.0,1.0,0.0,0.6666666666666666,-1.0,-0.33333333333333337,1.0,0.33333333333333337,1.0,0.33333333333333337,0.6666666666666666,0.0,3,3,3
qwen,10,maximin,rule,HrSh,1,-1.0,1.0,0.3333333333333333,1.0,-0.6666666666666667,0.0,0.6666666666666667,0.0,0.6666666666666667,-0.0,0.6666666666666667,0.0,3,2,2
qwen,10,maximin,rule,NcAs,0,1.0,1.0,1.0,1.0,0.0,0.0,0.0,0.0,0.0,0.0,0.0,1.0,3,0,0
qwen,10,maximin,rule,NcBa,0,1.0,1.0,0.3333333333333333,0.6666666666666666,-0.6666666666666667,-0.33333333333333337,0.6666666666666667,0.33333333333333337,-0.6666666666666667,-0.33333333333333337,-0.33333333333333337,1.0,3,2,0
qwen,10,maximin,rule,NcCh,0,1.0,1.0,0.6666666666666666,1.0,-0.33333333333333337,0.0,0.33333333333333337,0.0,-0.33333333333333337,0.0,-0.33333333333333337,1.0,3,1,0
qwen,10,maximin,rule,NcCo,0,1.0,1.0,1.0,1.0,0.0,0.0,0.0,0.0,0.0,0.0,0.0,1.0,3,0,0
qwen,10,maximin,rule,NcHr,0,1.0,0.6666666666666666,0.3333333333333333,1.0,-0.3333333333333333,0.33333333333333337,0.3333333333333333,0.33333333333333337,-0.3333333333333333,0.33333333333333337,-0.6666666666666667,0.6666666666666666,3,1,0
qwen,10,maximin,rule,NcNc,0,1.0,1.0,1.0,1.0,0.0,0.0,0.0,0.0,0.0,0.0,0.0,1.0,3,0,0
qwen,10,maximin,rule,NcPd,0,1.0,1.0,0.3333333333333333,1.0,-0.6666666666666667,0.0,0.6666666666666667,0.0,-0.6666666666666667,0.0,-0.6666666666666667,1.0,3,2,0
qwen,10,maximin,rule,NcSh,0,1.0,1.0,1.0,1.0,0.0,0.0,0.0,0.0,0.0,0.0,0.0,1.0,3,0,0
qwen,10,maximin,rule,PcAs,0,2.0,1.0,1.0,1.0,0.0,0.0,0.0,0.0,0.0,0.0,0.0,1.0,3,0,0
qwen,10,maximin,rule,PcBa,0,2.0,1.0,1.0,1.0,0.0,0.0,0.0,0.0,0.0,0.0,0.0,1.0,3,0,0
qwen,10,maximin,rule,PcCh,0,2.0,1.0,1.0,1.0,0.0,0.0,0.0,0.0,0.0,0.0,0.0,1.0,3,0,0
qwen,10,maximin,rule,PcCo,0,2.0,1.0,1.0,1.0,0.0,0.0,0.0,0.0,0.0,0.0,0.0,1.0,3,0,0
qwen,10,maximin,rule,PcHr,0,2.0,1.0,1.0,1.0,0.0,0.0,0.0,0.0,0.0,0.0,0.0,1.0,3,0,0
qwen,10,maximin,rule,PcNc,0,2.0,1.0,1.0,1.0,0.0,0.0,0.0,0.0,0.0,0.0,0.0,1.0,3,0,0
qwen,10,maximin,rule,PcPc,0,2.0,1.0,1.0,1.0,0.0,0.0,0.0,0.0,0.0,0.0,0.0,1.0,3,0,0
qwen,10,maximin,rule,PcPd,0,2.0,1.0,1.0,1.0,0.0,0.0,0.0,0.0,0.0,0.0,0.0,1.0,3,0,0
qwen,10,maximin,rule,PcSh,0,2.0,1.0,1.0,1.0,0.0,0.0,0.0,0.0,0.0,0.0,0.0,1.0,3,0,0
qwen,10,maximin,rule,PdAs,1,-1.0,0.0,0.0,0.0,0.0,0.0,0.0,0.0,-0.0,-0.0,-0.0,1.0,3,0,0
qwen,10,maximin,rule,PdBa,1,-1.0,0.3333333333333333,0.0,0.0,-0.3333333333333333,-0.3333333333333333,0.3333333333333333,0.3333333333333333,0.3333333333333333,0.3333333333333333,-0.0,0.6666666666666667,3,1,1
qwen,10,maximin,rule,PdCh,1,-1.0,0.0,0.0,0.0,0.0,0.0,0.0,0.0,-0.0,-0.0,-0.0,1.0,3,0,0
qwen,10,maximin,rule,PdCo,1,-1.0,0.3333333333333333,0.3333333333333333,0.0,0.0,-0.3333333333333333,0.0,0.3333333333333333,-0.0,0.3333333333333333,-0.3333333333333333,0.6666666666666667,3,2,1
qwen,10,maximin,rule,PdHr,1,-1.0,0.0,0.0,0.0,0.0,0.0,0.0,0.0,-0.0,-0.0,-0.0,1.0,3,0,0
qwen,10,maximin,rule,PdSh,1,-1.0,0.3333333333333333,0.0,0.3333333333333333,-0.3333333333333333,0.0,0.3333333333333333,0.0,0.3333333333333333,-0.0,0.3333333333333333,0.6666666666666667,3,1,1
qwen,10,maximin,rule,ShAs,1,-1.0,0.3333333333333333,0.0,0.6666666666666666,-0.3333333333333333,0.3333333333333333,0.3333333333333333,0.3333333333333333,0.3333333333333333,-0.3333333333333333,0.6666666666666666,0.6666666666666667,3,1,1
qwen,10,maximin,rule,ShBa,1,-1.0,0.3333333333333333,0.0,0.0,-0.3333333333333333,-0.3333333333333333,0.3333333333333333,0.3333333333333333,0.3333333333333333,0.3333333333333333,-0.0,0.6666666666666667,3,1,1
qwen,10,maximin,rule,ShCh,1,-1.0,0.3333333333333333,0.0,0.0,-0.3333333333333333,-0.3333333333333333,0.3333333333333333,0.3333333333333333,0.3333333333333333,0.3333333333333333,-0.0,0.6666666666666667,3,1,1
qwen,10,maximin,rule,ShSh,1,-1.0,0.6666666666666666,0.3333333333333333,0.3333333333333333,-0.3333333333333333,-0.3333333333333333,0.3333333333333333,0.3333333333333333,0.3333333333333333,0.3333333333333333,-0.0,0.33333333333333337,3,1,1
qwen,10,level1,rule,CmAs,1,-2.0,1.0,0.0,0.6666666666666666,-1.0,-0.33333333333333337,1.0,0.33333333333333337,1.0,0.33333333333333337,0.6666666666666666,0.0,3,3,3
qwen,10,level1,rule,CmBa,1,-2.0,0.0,0.0,0.0,0.0,0.0,0.0,0.0,-0.0,-0.0,-0.0,1.0,3,0,0
qwen,10,level1,rule,CmCh,1,-2.0,0.0,0.0,0.0,0.0,0.0,0.0,0.0,-0.0,-0.0,-0.0,1.0,3,0,0
qwen,10,level1,rule,CmCm,1,-2.0,0.0,0.0,0.0,0.0,0.0,0.0,0.0,-0.0,-0.0,-0.0,1.0,3,0,0
qwen,10,level1,rule,CmCo,1,-2.0,0.0,0.0,0.0,0.0,0.0,0.0,0.0,-0.0,-0.0,-0.0,1.0,3,0,0
qwen,10,level1,rule,CmHr,1,-2.0,0.0,0.0,0.0,0.0,0.0,0.0,0.0,-0.0,-0.0,-0.0,1.0,3,0,0
qwen,10,level1,rule,CmNc,1,-2.0,0.3333333333333333,0.0,0.3333333333333333,-0.3333333333333333,0.0,0.3333333333333333,0.0,0.3333333333333333,-0.0,0.3333333333333333,0.6666666666666667,3,1,1
qwen,10,level1,rule,CmPc,1,-2.0,0.0,0.0,0.0,0.0,0.0,0.0,0.0,-0.0,-0.0,-0.0,1.0,3,0,0
qwen,10,level1,rule,CmPd,1,-2.0,0.0,0.0,0.0,0.0,0.0,0.0,0.0,-0.0,-0.0,-0.0,1.0,3,0,0
qwen,10,level1,rule,CmSh,1,-2.0,0.3333333333333333,0.0,0.3333333333333333,-0.3333333333333333,0.0,0.3333333333333333,0.0,0.3333333333333333,-0.0,0.3333333333333333,0.6666666666666667,3,1,1
qwen,10,level1,rule,CoAs,0,1.0,1.0,0.6666666666666666,1.0,-0.33333333333333337,0.0,0.33333333333333337,0.0,-0.33333333333333337,0.0,-0.33333333333333337,1.0,3,1,0
qwen,10,level1,rule,CoBa,0,1.0,0.6666666666666666,0.3333333333333333,1.0,-0.3333333333333333,0.33333333333333337,0.3333333333333333,0.33333333333333337,-0.3333333333333333,0.33333333333333337,-0.6666666666666667,0.6666666666666666,3,3,1
qwen,10,level1,rule,CoCh,0,1.0,1.0,0.0,1.0,-1.0,0.0,1.0,0.0,-1.0,0.0,-1.0,1.0,3,3,0
qwen,10,level1,rule,CoCo,0,1.0,1.0,1.0,1.0,0.0,0.0,0.0,0.0,0.0,0.0,0.0,1.0,3,0,0
qwen,10,level1,rule,CoSh,0,1.0,0.6666666666666666,0.3333333333333333,0.6666666666666666,-0.3333333333333333,0.0,0.3333333333333333,0.0,-0.3333333333333333,0.0,-0.3333333333333333,0.6666666666666666,3,3,1
qwen,10,level1,rule,DlAs,1,-2.0,0.3333333333333333,0.0,0.0,-0.3333333333333333,-0.3333333333333333,0.3333333333333333,0.3333333333333333,0.3333333333333333,0.3333333333333333,-0.0,0.6666666666666667,3,1,1
qwen,10,level1,rule,DlBa,1,-2.0,0.3333333333333333,0.0,0.0,-0.3333333333333333,-0.3333333333333333,0.3333333333333333,0.3333333333333333,0.3333333333333333,0.3333333333333333,-0.0,0.6666666666666667,3,1,1
qwen,10,level1,rule,DlCh,1,-2.0,0.0,0.0,0.0,0.0,0.0,0.0,0.0,-0.0,-0.0,-0.0,1.0,3,0,0
qwen,10,level1,rule,DlCm,1,-2.0,0.0,0.0,0.0,0.0,0.0,0.0,0.0,-0.0,-0.0,-0.0,1.0,3,0,0
qwen,10,level1,rule,DlCo,1,-2.0,0.3333333333333333,0.0,0.0,-0.3333333333333333,-0.3333333333333333,0.3333333333333333,0.3333333333333333,0.3333333333333333,0.3333333333333333,-0.0,0.6666666666666667,3,1,1
qwen,10,level1,rule,DlDl,1,-2.0,0.3333333333333333,0.0,0.3333333333333333,-0.3333333333333333,0.0,0.3333333333333333,0.0,0.3333333333333333,-0.0,0.3333333333333333,0.6666666666666667,3,1,1
qwen,10,level1,rule,DlHa,1,-2.0,0.0,0.0,0.0,0.0,0.0,0.0,0.0,-0.0,-0.0,-0.0,1.0,3,0,0
qwen,10,level1,rule,DlHr,1,-2.0,0.0,0.0,0.0,0.0,0.0,0.0,0.0,-0.0,-0.0,-0.0,1.0,3,0,0
qwen,10,level1,rule,DlNc,1,-2.0,0.3333333333333333,0.0,0.0,-0.3333333333333333,-0.3333333333333333,0.3333333333333333,0.3333333333333333,0.3333333333333333,0.3333333333333333,-0.0,0.6666666666666667,3,1,1
qwen,10,level1,rule,DlPc,1,-2.0,0.3333333333333333,0.0,0.3333333333333333,-0.3333333333333333,0.0,0.3333333333333333,0.0,0.3333333333333333,-0.0,0.3333333333333333,0.6666666666666667,3,1,1
qwen,10,level1,rule,DlPd,1,-2.0,0.0,0.0,0.0,0.0,0.0,0.0,0.0,-0.0,-0.0,-0.0,1.0,3,0,0
qwen,10,level1,rule,DlSh,1,-2.0,0.6666666666666666,0.0,0.6666666666666666,-0.6666666666666666,0.0,0.6666666666666666,0.0,0.6666666666666666,-0.0,0.6666666666666666,0.33333333333333337,3,2,2
qwen,10,level1,rule,HaAs,0,2.0,1.0,1.0,1.0,0.0,0.0,0.0,0.0,0.0,0.0,0.0,1.0,3,0,0
qwen,10,level1,rule,HaBa,0,2.0,1.0,1.0,1.0,0.0,0.0,0.0,0.0,0.0,0.0,0.0,1.0,3,0,0
qwen,10,level1,rule,HaCh,0,2.0,1.0,1.0,1.0,0.0,0.0,0.0,0.0,0.0,0.0,0.0,1.0,3,0,0
qwen,10,level1,rule,HaCm,0,2.0,1.0,1.0,1.0,0.0,0.0,0.0,0.0,0.0,0.0,0.0,1.0,3,0,0
qwen,10,level1,rule,HaCo,0,2.0,1.0,1.0,1.0,0.0,0.0,0.0,0.0,0.0,0.0,0.0,1.0,3,0,0
qwen,10,level1,rule,HaHa,0,2.0,1.0,1.0,1.0,0.0,0.0,0.0,0.0,0.0,0.0,0.0,1.0,3,0,0
qwen,10,level1,rule,HaHr,0,2.0,1.0,1.0,1.0,0.0,0.0,0.0,0.0,0.0,0.0,0.0,1.0,3,0,0
qwen,10,level1,rule,HaNc,0,2.0,1.0,1.0,1.0,0.0,0.0,0.0,0.0,0.0,0.0,0.0,1.0,3,0,0
qwen,10,level1,rule,HaPc,0,2.0,1.0,1.0,1.0,0.0,0.0,0.0,0.0,0.0,0.0,0.0,1.0,3,0,0
qwen,10,level1,rule,HaPd,0,2.0,1.0,1.0,1.0,0.0,0.0,0.0,0.0,0.0,0.0,0.0,1.0,3,0,0
qwen,10,level1,rule,HaSh,0,2.0,1.0,1.0,1.0,0.0,0.0,0.0,0.0,0.0,0.0,0.0,1.0,3,0,0
qwen,10,level1,rule,HrAs,1,-1.0,0.6666666666666666,0.0,1.0,-0.6666666666666666,0.33333333333333337,0.6666666666666666,0.33333333333333337,0.6666666666666666,-0.33333333333333337,1.0,0.33333333333333337,3,2,2
qwen,10,level1,rule,HrBa,1,-1.0,0.3333333333333333,0.0,0.3333333333333333,-0.3333333333333333,0.0,0.3333333333333333,0.0,0.3333333333333333,-0.0,0.3333333333333333,0.6666666666666667,3,1,1
qwen,10,level1,rule,HrCh,1,-1.0,1.0,0.0,0.6666666666666666,-1.0,-0.33333333333333337,1.0,0.33333333333333337,1.0,0.33333333333333337,0.6666666666666666,0.0,3,3,3
qwen,10,level1,rule,HrCo,1,-1.0,1.0,0.0,0.6666666666666666,-1.0,-0.33333333333333337,1.0,0.33333333333333337,1.0,0.33333333333333337,0.6666666666666666,0.0,3,3,3
qwen,10,level1,rule,HrHr,1,-1.0,1.0,0.0,0.6666666666666666,-1.0,-0.33333333333333337,1.0,0.33333333333333337,1.0,0.33333333333333337,0.6666666666666666,0.0,3,3,3
qwen,10,level1,rule,HrSh,1,-1.0,1.0,0.0,1.0,-1.0,0.0,1.0,0.0,1.0,-0.0,1.0,0.0,3,3,3
qwen,10,level1,rule,NcAs,0,1.0,1.0,0.6666666666666666,1.0,-0.33333333333333337,0.0,0.33333333333333337,0.0,-0.33333333333333337,0.0,-0.33333333333333337,1.0,3,1,0
qwen,10,level1,rule,NcBa,0,1.0,1.0,0.3333333333333333,0.6666666666666666,-0.6666666666666667,-0.33333333333333337,0.6666666666666667,0.33333333333333337,-0.6666666666666667,-0.33333333333333337,-0.33333333333333337,1.0,3,2,0
qwen,10,level1,rule,NcCh,0,1.0,1.0,0.6666666666666666,1.0,-0.33333333333333337,0.0,0.33333333333333337,0.0,-0.33333333333333337,0.0,-0.33333333333333337,1.0,3,1,0
qwen,10,level1,rule,NcCo,0,1.0,1.0,0.6666666666666666,1.0,-0.33333333333333337,0.0,0.33333333333333337,0.0,-0.33333333333333337,0.0,-0.33333333333333337,1.0,3,1,0
qwen,10,level1,rule,NcHr,0,1.0,0.6666666666666666,0.3333333333333333,1.0,-0.3333333333333333,0.33333333333333337,0.3333333333333333,0.33333333333333337,-0.3333333333333333,0.33333333333333337,-0.6666666666666667,0.6666666666666666,3,1,0
qwen,10,level1,rule,NcNc,0,1.0,1.0,0.3333333333333333,1.0,-0.6666666666666667,0.0,0.6666666666666667,0.0,-0.6666666666666667,0.0,-0.6666666666666667,1.0,3,2,0
qwen,10,level1,rule,NcPd,0,1.0,1.0,0.3333333333333333,1.0,-0.6666666666666667,0.0,0.6666666666666667,0.0,-0.6666666666666667,0.0,-0.6666666666666667,1.0,3,2,0
qwen,10,level1,rule,NcSh,0,1.0,1.0,0.0,1.0,-1.0,0.0,1.0,0.0,-1.0,0.0,-1.0,1.0,3,3,0
qwen,10,level1,rule,PcAs,0,2.0,1.0,1.0,1.0,0.0,0.0,0.0,0.0,0.0,0.0,0.0,1.0,3,0,0
qwen,10,level1,rule,PcBa,0,2.0,1.0,1.0,1.0,0.0,0.0,0.0,0.0,0.0,0.0,0.0,1.0,3,0,0
qwen,10,level1,rule,PcCh,0,2.0,1.0,1.0,1.0,0.0,0.0,0.0,0.0,0.0,0.0,0.0,1.0,3,0,0
qwen,10,level1,rule,PcCo,0,2.0,1.0,1.0,1.0,0.0,0.0,0.0,0.0,0.0,0.0,0.0,1.0,3,0,0
qwen,10,level1,rule,PcHr,0,2.0,1.0,1.0,1.0,0.0,0.0,0.0,0.0,0.0,0.0,0.0,1.0,3,0,0
qwen,10,level1,rule,PcNc,0,2.0,1.0,1.0,1.0,0.0,0.0,0.0,0.0,0.0,0.0,0.0,1.0,3,0,0
qwen,10,level1,rule,PcPc,0,2.0,1.0,1.0,1.0,0.0,0.0,0.0,0.0,0.0,0.0,0.0,1.0,3,0,0
qwen,10,level1,rule,PcPd,0,2.0,1.0,1.0,1.0,0.0,0.0,0.0,0.0,0.0,0.0,0.0,1.0,3,0,0
qwen,10,level1,rule,PcSh,0,2.0,1.0,1.0,1.0,0.0,0.0,0.0,0.0,0.0,0.0,0.0,1.0,3,0,0
qwen,10,level1,rule,PdAs,1,-1.0,0.0,0.0,0.0,0.0,0.0,0.0,0.0,-0.0,-0.0,-0.0,1.0,3,0,0
qwen,10,level1,rule,PdBa,1,-1.0,0.3333333333333333,0.0,0.0,-0.3333333333333333,-0.3333333333333333,0.3333333333333333,0.3333333333333333,0.3333333333333333,0.3333333333333333,-0.0,0.6666666666666667,3,1,1
qwen,10,level1,rule,PdCh,1,-1.0,0.0,0.0,0.0,0.0,0.0,0.0,0.0,-0.0,-0.0,-0.0,1.0,3,0,0
qwen,10,level1,rule,PdCo,1,-1.0,0.3333333333333333,0.0,0.0,-0.3333333333333333,-0.3333333333333333,0.3333333333333333,0.3333333333333333,0.3333333333333333,0.3333333333333333,-0.0,0.6666666666666667,3,1,1
qwen,10,level1,rule,PdHr,1,-1.0,0.0,0.0,0.0,0.0,0.0,0.0,0.0,-0.0,-0.0,-0.0,1.0,3,0,0
qwen,10,level1,rule,PdSh,1,-1.0,0.3333333333333333,0.0,0.3333333333333333,-0.3333333333333333,0.0,0.3333333333333333,0.0,0.3333333333333333,-0.0,0.3333333333333333,0.6666666666666667,3,1,1
qwen,10,level2,rule,CmCm,1,-1.0,0.0,0.0,0.0,0.0,0.0,0.0,0.0,-0.0,-0.0,-0.0,1.0,3,0,0
qwen,10,level2,rule,CmCo,1,-3.0,0.0,0.0,0.0,0.0,0.0,0.0,0.0,-0.0,-0.0,-0.0,1.0,3,0,0
qwen,10,level2,rule,CmHr,1,-1.0,0.0,0.0,0.0,0.0,0.0,0.0,0.0,-0.0,-0.0,-0.0,1.0,3,0,0
qwen,10,level2,rule,CmNc,1,-3.0,0.3333333333333333,0.0,0.3333333333333333,-0.3333333333333333,0.0,0.3333333333333333,0.0,0.3333333333333333,-0.0,0.3333333333333333,0.6666666666666667,3,1,1
qwen,10,level2,rule,CmPc,1,-3.0,0.0,0.0,0.0,0.0,0.0,0.0,0.0,-0.0,-0.0,-0.0,1.0,3,0,0
qwen,10,level2,rule,CmPd,1,-1.0,0.0,0.0,0.0,0.0,0.0,0.0,0.0,-0.0,-0.0,-0.0,1.0,3,0,0
qwen,10,level2,rule,CoCo,0,3.0,1.0,0.3333333333333333,1.0,-0.6666666666666667,0.0,0.6666666666666667,0.0,-0.6666666666666667,0.0,-0.6666666666666667,1.0,3,2,0
qwen,10,level2,rule,DlCm,1,-2.0,0.0,0.0,0.0,0.0,0.0,0.0,0.0,-0.0,-0.0,-0.0,1.0,3,0,0
qwen,10,level2,rule,DlCo,1,-2.0,0.3333333333333333,0.0,0.0,-0.3333333333333333,-0.3333333333333333,0.3333333333333333,0.3333333333333333,0.3333333333333333,0.3333333333333333,-0.0,0.6666666666666667,3,1,1
qwen,10,level2,rule,DlDl,1,-2.0,0.3333333333333333,0.0,0.3333333333333333,-0.3333333333333333,0.0,0.3333333333333333,0.0,0.3333333333333333,-0.0,0.3333333333333333,0.6666666666666667,3,1,1
qwen,10,level2,rule,DlHa,1,-2.0,0.0,0.0,0.0,0.0,0.0,0.0,0.0,-0.0,-0.0,-0.0,1.0,3,0,0
qwen,10,level2,rule,DlHr,1,-2.0,0.0,0.0,0.0,0.0,0.0,0.0,0.0,-0.0,-0.0,-0.0,1.0,3,0,0
qwen,10,level2,rule,DlNc,1,-2.0,0.3333333333333333,0.0,0.0,-0.3333333333333333,-0.3333333333333333,0.3333333333333333,0.3333333333333333,0.3333333333333333,0.3333333333333333,-0.0,0.6666666666666667,3,1,1
qwen,10,level2,rule,DlPc,1,-2.0,0.3333333333333333,0.0,0.3333333333333333,-0.3333333333333333,0.0,0.3333333333333333,0.0,0.3333333333333333,-0.0,0.3333333333333333,0.6666666666666667,3,1,1
qwen,10,level2,rule,DlPd,1,-2.0,0.0,0.0,0.0,0.0,0.0,0.0,0.0,-0.0,-0.0,-0.0,1.0,3,0,0
qwen,10,level2,rule,HaCm,0,2.0,1.0,0.3333333333333333,1.0,-0.6666666666666667,0.0,0.6666666666666667,0.0,-0.6666666666666667,0.0,-0.6666666666666667,1.0,3,2,0
qwen,10,level2,rule,HaCo,0,2.0,1.0,1.0,1.0,0.0,0.0,0.0,0.0,0.0,0.0,0.0,1.0,3,0,0
qwen,10,level2,rule,HaHa,0,2.0,1.0,1.0,1.0,0.0,0.0,0.0,0.0,0.0,0.0,0.0,1.0,3,0,0
qwen,10,level2,rule,HaHr,0,2.0,1.0,1.0,1.0,0.0,0.0,0.0,0.0,0.0,0.0,0.0,1.0,3,0,0
qwen,10,level2,rule,HaNc,0,2.0,1.0,1.0,1.0,0.0,0.0,0.0,0.0,0.0,0.0,0.0,1.0,3,0,0
qwen,10,level2,rule,HaPc,0,2.0,1.0,0.6666666666666666,1.0,-0.33333333333333337,0.0,0.33333333333333337,0.0,-0.33333333333333337,0.0,-0.33333333333333337,1.0,3,1,0
qwen,10,level2,rule,HaPd,0,2.0,1.0,0.6666666666666666,1.0,-0.33333333333333337,0.0,0.33333333333333337,0.0,-0.33333333333333337,0.0,-0.33333333333333337,1.0,3,1,0
qwen,10,level2,rule,HrCo,1,-3.0,1.0,0.0,0.6666666666666666,-1.0,-0.33333333333333337,1.0,0.33333333333333337,1.0,0.33333333333333337,0.6666666666666666,0.0,3,3,3
qwen,10,level2,rule,HrHr,0,1.0,1.0,0.0,0.6666666666666666,-1.0,-0.33333333333333337,1.0,0.33333333333333337,-1.0,-0.33333333333333337,-0.6666666666666666,1.0,3,3,0
qwen,10,level2,rule,NcCo,0,1.0,1.0,0.6666666666666666,1.0,-0.33333333333333337,0.0,0.33333333333333337,0.0,-0.33333333333333337,0.0,-0.33333333333333337,1.0,3,1,0
qwen,10,level2,rule,NcHr,0,1.0,0.6666666666666666,0.0,1.0,-0.6666666666666666,0.33333333333333337,0.6666666666666666,0.33333333333333337,-0.6666666666666666,0.33333333333333337,-1.0,0.6666666666666666,3,2,0
qwen,10,level2,rule,NcNc,0,1.0,1.0,0.3333333333333333,1.0,-0.6666666666666667,0.0,0.6666666666666667,0.0,-0.6666666666666667,0.0,-0.6666666666666667,1.0,3,2,0
qwen,10,level2,rule,NcPd,0,1.0,1.0,0.3333333333333333,1.0,-0.6666666666666667,0.0,0.6666666666666667,0.0,-0.6666666666666667,0.0,-0.6666666666666667,1.0,3,2,0
qwen,10,level2,rule,PcCo,0,3.0,1.0,1.0,1.0,0.0,0.0,0.0,0.0,0.0,0.0,0.0,1.0,3,0,0
qwen,10,level2,rule,PcHr,0,1.0,1.0,0.3333333333333333,1.0,-0.6666666666666667,0.0,0.6666666666666667,0.0,-0.6666666666666667,0.0,-0.6666666666666667,1.0,3,2,0
qwen,10,level2,rule,PcNc,0,3.0,1.0,1.0,1.0,0.0,0.0,0.0,0.0,0.0,0.0,0.0,1.0,3,0,0
qwen,10,level2,rule,PcPc,0,3.0,1.0,1.0,1.0,0.0,0.0,0.0,0.0,0.0,0.0,0.0,1.0,3,0,0
qwen,10,level2,rule,PcPd,0,1.0,1.0,0.6666666666666666,1.0,-0.33333333333333337,0.0,0.33333333333333337,0.0,-0.33333333333333337,0.0,-0.33333333333333337,1.0,3,1,0
qwen,10,level2,rule,PdCo,1,-1.0,0.3333333333333333,0.0,0.0,-0.3333333333333333,-0.3333333333333333,0.3333333333333333,0.3333333333333333,0.3333333333333333,0.3333333333333333,-0.0,0.6666666666666667,3,1,1
qwen,10,level2,rule,PdHr,1,-1.0,0.0,0.0,0.0,0.0,0.0,0.0,0.0,-0.0,-0.0,-0.0,1.0,3,0,0
qwen_instruct,1,risk,trait,AsAs,1,-1.0,0.0,0.0,0.0,0.0,0.0,0.0,0.0,-0.0,-0.0,-0.0,1.0,3,0,0
qwen_instruct,1,risk,trait,AsBa,1,-1.0,0.0,0.0,0.0,0.0,0.0,0.0,0.0,-0.0,-0.0,-0.0,1.0,3,0,0
qwen_instruct,1,risk,trait,BaBa,0,1.0,0.3333333333333333,0.0,0.3333333333333333,-0.3333333333333333,0.0,0.3333333333333333,0.0,-0.3333333333333333,0.0,-0.3333333333333333,0.3333333333333333,3,1,0
qwen_instruct,1,risk,trait,ChAs,0,1.0,1.0,1.0,1.0,0.0,0.0,0.0,0.0,0.0,0.0,0.0,1.0,3,0,0
qwen_instruct,1,risk,trait,ChBa,0,1.0,0.0,0.0,0.0,0.0,0.0,0.0,0.0,0.0,0.0,0.0,0.0,3,0,0
qwen_instruct,1,risk,trait,CmAs,1,-2.0,0.6666666666666666,0.3333333333333333,1.0,-0.3333333333333333,0.33333333333333337,0.3333333333333333,0.33333333333333337,0.3333333333333333,-0.33333333333333337,0.6666666666666667,0.33333333333333337,3,3,2
qwen_instruct,1,risk,trait,CmBa,1,-2.0,0.0,0.0,0.0,0.0,0.0,0.0,0.0,-0.0,-0.0,-0.0,1.0,3,0,0
qwen_instruct,1,risk,trait,CmCh,1,-2.0,0.0,0.0,0.0,0.0,0.0,0.0,0.0,-0.0,-0.0,-0.0,1.0,3,0,0
qwen_instruct,1,risk,trait,CmCm,1,-2.0,0.0,0.0,0.0,0.0,0.0,0.0,0.0,-0.0,-0.0,-0.0,1.0,3,0,0
qwen_instruct,1,risk,trait,CmCo,1,-2.0,0.0,0.0,0.0,0.0,0.0,0.0,0.0,-0.0,-0.0,-0.0,1.0,3,0,0
qwen_instruct,1,risk,trait,CmHr,1,-2.0,0.0,0.0,0.0,0.0,0.0,0.0,0.0,-0.0,-0.0,-0.0,1.0,3,0,0
qwen_instruct,1,risk,trait,CmNc,1,-2.0,0.0,0.0,0.0,0.0,0.0,0.0,0.0,-0.0,-0.0,-0.0,1.0,3,0,0
qwen_instruct,1,risk,trait,CmPc,1,-2.0,0.0,0.0,0.0,0.0,0.0,0.0,0.0,-0.0,-0.0,-0.0,1.0,3,0,0
qwen_instruct,1,risk,trait,CmPd,1,-2.0,0.0,0.0,0.0,0.0,0.0,0.0,0.0,-0.0,-0.0,-0.0,1.0,3,0,0
qwen_instruct,1,risk,trait,CmSh,1,-2.0,0.0,0.0,0.0,0.0,0.0,0.0,0.0,-0.0,-0.0,-0.0,1.0,3,0,0
qwen_instruct,1,risk,trait,CoAs,0,1.0,1.0,0.6666666666666666,1.0,-0.33333333333333337,0.0,0.33333333333333337,0.0,-0.33333333333333337,0.0,-0.33333333333333337,1.0,3,1,0
qwen_instruct,1,risk,trait,CoBa,0,1.0,1.0,0.0,1.0,-1.0,0.0,1.0,0.0,-1.0,0.0,-1.0,1.0,3,3,0
qwen_instruct,1,risk,trait,CoCh,0,1.0,0.6666666666666666,0.0,0.6666666666666666,-0.6666666666666666,0.0,0.6666666666666666,0.0,-0.6666666666666666,0.0,-0.6666666666666666,0.6666666666666666,3,2,0
qwen_instruct,1,risk,trait,CoCo,0,1.0,1.0,0.3333333333333333,1.0,-0.6666666666666667,0.0,0.6666666666666667,0.0,-0.6666666666666667,0.0,-0.6666666666666667,1.0,3,2,0
qwen_instruct,1,risk,trait,CoSh,0,1.0,0.6666666666666666,1.0,1.0,0.33333333333333337,0.33333333333333337,0.33333333333333337,0.33333333333333337,0.33333333333333337,0.33333333333333337,0.0,0.6666666666666666,3,1,1
qwen_instruct,1,risk,trait,DlAs,1,-2.0,0.0,0.0,0.0,0.0,0.0,0.0,0.0,-0.0,-0.0,-0.0,1.0,3,0,0
qwen_instruct,1,risk,trait,DlBa,1,-2.0,0.0,0.0,0.0,0.0,0.0,0.0,0.0,-0.0,-0.0,-0.0,1.0,3,0,0
qwen_instruct,1,risk,trait,DlCh,1,-2.0,0.0,0.0,0.0,0.0,0.0,0.0,0.0,-0.0,-0.0,-0.0,1.0,3,0,0
qwen_instruct,1,risk,trait,DlCm,1,-2.0,0.0,0.0,0.0,0.0,0.0,0.0,0.0,-0.0,-0.0,-0.0,1.0,3,0,0
qwen_instruct,1,risk,trait,DlCo,1,-2.0,0.0,0.0,0.0,0.0,0.0,0.0,0.0,-0.0,-0.0,-0.0,1.0,3,0,0
qwen_instruct,1,risk,trait,DlDl,1,-2.0,0.0,0.0,0.0,0.0,0.0,0.0,0.0,-0.0,-0.0,-0.0,1.0,3,0,0
qwen_instruct,1,risk,trait,DlHa,1,-2.0,0.0,0.0,0.0,0.0,0.0,0.0,0.0,-0.0,-0.0,-0.0,1.0,3,0,0
qwen_instruct,1,risk,trait,DlHr,1,-2.0,0.0,0.0,0.0,0.0,0.0,0.0,0.0,-0.0,-0.0,-0.0,1.0,3,0,0
qwen_instruct,1,risk,trait,DlNc,1,-2.0,0.0,0.0,0.0,0.0,0.0,0.0,0.0,-0.0,-0.0,-0.0,1.0,3,0,0
qwen_instruct,1,risk,trait,DlPc,1,-2.0,0.3333333333333333,0.0,0.0,-0.3333333333333333,-0.3333333333333333,0.3333333333333333,0.3333333333333333,0.3333333333333333,0.3333333333333333,-0.0,0.6666666666666667,3,1,1
qwen_instruct,1,risk,trait,DlPd,1,-2.0,0.0,0.0,0.0,0.0,0.0,0.0,0.0,-0.0,-0.0,-0.0,1.0,3,0,0
qwen_instruct,1,risk,trait,DlSh,1,-2.0,0.0,0.0,0.0,0.0,0.0,0.0,0.0,-0.0,-0.0,-0.0,1.0,3,0,0
qwen_instruct,1,risk,trait,HaAs,0,2.0,1.0,1.0,1.0,0.0,0.0,0.0,0.0,0.0,0.0,0.0,1.0,3,0,0
qwen_instruct,1,risk,trait,HaBa,0,2.0,1.0,1.0,1.0,0.0,0.0,0.0,0.0,0.0,0.0,0.0,1.0,3,0,0
qwen_instruct,1,risk,trait,HaCh,0,2.0,1.0,1.0,1.0,0.0,0.0,0.0,0.0,0.0,0.0,0.0,1.0,3,0,0
qwen_instruct,1,risk,trait,HaCm,0,2.0,1.0,0.0,1.0,-1.0,0.0,1.0,0.0,-1.0,0.0,-1.0,1.0,3,3,0
qwen_instruct,1,risk,trait,HaCo,0,2.0,1.0,0.0,1.0,-1.0,0.0,1.0,0.0,-1.0,0.0,-1.0,1.0,3,3,0
qwen_instruct,1,risk,trait,HaHa,0,2.0,1.0,1.0,1.0,0.0,0.0,0.0,0.0,0.0,0.0,0.0,1.0,3,0,0
qwen_instruct,1,risk,trait,HaHr,0,2.0,1.0,1.0,1.0,0.0,0.0,0.0,0.0,0.0,0.0,0.0,1.0,3,0,0
qwen_instruct,1,risk,trait,HaNc,0,2.0,1.0,1.0,1.0,0.0,0.0,0.0,0.0,0.0,0.0,0.0,1.0,3,0,0
qwen_instruct,1,risk,trait,HaPc,0,2.0,1.0,1.0,1.0,0.0,0.0,0.0,0.0,0.0,0.0,0.0,1.0,3,0,0
qwen_instruct,1,risk,trait,HaPd,0,2.0,1.0,1.0,1.0,0.0,0.0,0.0,0.0,0.0,0.0,0.0,1.0,3,0,0
qwen_instruct,1,risk,trait,HaSh,0,2.0,1.0,1.0,1.0,0.0,0.0,0.0,0.0,0.0,0.0,0.0,1.0,3,0,0
qwen_instruct,1,risk,trait,HrAs,1,-1.0,0.6666666666666666,0.0,1.0,-0.6666666666666666,0.33333333333333337,0.6666666666666666,0.33333333333333337,0.6666666666666666,-0.33333333333333337,1.0,0.33333333333333337,3,2,2
qwen_instruct,1,risk,trait,HrBa,1,-1.0,0.0,0.0,0.0,0.0,0.0,0.0,0.0,-0.0,-0.0,-0.0,1.0,3,0,0
qwen_instruct,1,risk,trait,HrCh,1,-1.0,0.0,0.0,0.3333333333333333,0.0,0.3333333333333333,0.0,0.3333333333333333,-0.0,-0.3333333333333333,0.3333333333333333,1.0,3,0,0
qwen_instruct,1,risk,trait,HrCo,1,-1.0,0.0,0.0,0.0,0.0,0.0,0.0,0.0,-0.0,-0.0,-0.0,1.0,3,0,0
qwen_instruct,1,risk,trait,HrHr,1,-1.0,0.0,0.0,0.0,0.0,0.0,0.0,0.0,-0.0,-0.0,-0.0,1.0,3,0,0
qwen_instruct,1,risk,trait,HrSh,1,-1.0,1.0,0.0,1.0,-1.0,0.0,1.0,0.0,1.0,-0.0,1.0,0.0,3,3,3
qwen_instruct,1,risk,trait,NcAs,0,1.0,1.0,1.0,1.0,0.0,0.0,0.0,0.0,0.0,0.0,0.0,1.0,3,0,0
qwen_instruct,1,risk,trait,NcBa,0,1.0,0.0,0.0,0.6666666666666666,0.0,0.6666666666666666,0.0,0.6666666666666666,0.0,0.6666666666666666,-0.6666666666666666,0.0,3,0,0
qwen_instruct,1,risk,trait,NcCh,0,1.0,1.0,0.0,1.0,-1.0,0.0,1.0,0.0,-1.0,0.0,-1.0,1.0,3,3,0
qwen_instruct,1,risk,trait,NcCo,0,1.0,0.6666666666666666,0.0,1.0,-0.6666666666666666,0.33333333333333337,0.6666666666666666,0.33333333333333337,-0.6666666666666666,0.33333333333333337,-1.0,0.6666666666666666,3,2,0
qwen_instruct,1,risk,trait,NcHr,0,1.0,0.0,0.0,0.3333333333333333,0.0,0.3333333333333333,0.0,0.3333333333333333,0.0,0.3333333333333333,-0.3333333333333333,0.0,3,0,0
qwen_instruct,1,risk,trait,NcNc,0,1.0,1.0,0.0,1.0,-1.0,0.0,1.0,0.0,-1.0,0.0,-1.0,1.0,3,3,0
qwen_instruct,1,risk,trait,NcPd,0,1.0,0.6666666666666666,0.0,1.0,-0.6666666666666666,0.33333333333333337,0.6666666666666666,0.33333333333333337,-0.6666666666666666,0.33333333333333337,-1.0,0.6666666666666666,3,2,0
qwen_instruct,1,risk,trait,NcSh,0,1.0,1.0,0.0,1.0,-1.0,0.0,1.0,0.0,-1.0,0.0,-1.0,1.0,3,3,0
qwen_instruct,1,risk,trait,PcAs,0,2.0,1.0,1.0,1.0,0.0,0.0,0.0,0.0,0.0,0.0,0.0,1.0,3,0,0
qwen_instruct,1,risk,trait,PcBa,0,2.0,1.0,0.6666666666666666,1.0,-0.33333333333333337,0.0,0.33333333333333337,0.0,-0.33333333333333337,0.0,-0.33333333333333337,1.0,3,1,0
qwen_instruct,1,risk,trait,PcCh,0,2.0,1.0,1.0,1.0,0.0,0.0,0.0,0.0,0.0,0.0,0.0,1.0,3,0,0
qwen_instruct,1,risk,trait,PcCo,0,2.0,1.0,1.0,1.0,0.0,0.0,0.0,0.0,0.0,0.0,0.0,1.0,3,0,0
qwen_instruct,1,risk,trait,PcHr,0,2.0,1.0,0.6666666666666666,1.0,-0.33333333333333337,0.0,0.33333333333333337,0.0,-0.33333333333333337,0.0,-0.33333333333333337,1.0,3,1,0
qwen_instruct,1,risk,trait,PcNc,0,2.0,1.0,1.0,1.0,0.0,0.0,0.0,0.0,0.0,0.0,0.0,1.0,3,0,0
qwen_instruct,1,risk,trait,PcPc,0,2.0,1.0,1.0,1.0,0.0,0.0,0.0,0.0,0.0,0.0,0.0,1.0,3,0,0
qwen_instruct,1,risk,trait,PcPd,0,2.0,1.0,1.0,1.0,0.0,0.0,0.0,0.0,0.0,0.0,0.0,1.0,3,0,0
qwen_instruct,1,risk,trait,PcSh,0,2.0,1.0,1.0,1.0,0.0,0.0,0.0,0.0,0.0,0.0,0.0,1.0,3,0,0
qwen_instruct,1,risk,trait,PdAs,1,-1.0,0.0,0.0,0.0,0.0,0.0,0.0,0.0,-0.0,-0.0,-0.0,1.0,3,0,0
qwen_instruct,1,risk,trait,PdBa,1,-1.0,0.0,0.0,0.0,0.0,0.0,0.0,0.0,-0.0,-0.0,-0.0,1.0,3,0,0
qwen_instruct,1,risk,trait,PdCh,1,-1.0,0.0,0.0,0.0,0.0,0.0,0.0,0.0,-0.0,-0.0,-0.0,1.0,3,0,0
qwen_instruct,1,risk,trait,PdCo,1,-1.0,0.0,0.3333333333333333,0.3333333333333333,0.3333333333333333,0.3333333333333333,0.3333333333333333,0.3333333333333333,-0.3333333333333333,-0.3333333333333333,-0.0,1.0,3,1,0
qwen_instruct,1,risk,trait,PdHr,1,-1.0,0.0,0.0,0.0,0.0,0.0,0.0,0.0,-0.0,-0.0,-0.0,1.0,3,0,0
qwen_instruct,1,risk,trait,PdSh,1,-1.0,0.0,0.0,0.0,0.0,0.0,0.0,0.0,-0.0,-0.0,-0.0,1.0,3,0,0
qwen_instruct,1,risk,trait,ShAs,1,-1.0,0.0,0.0,0.0,0.0,0.0,0.0,0.0,-0.0,-0.0,-0.0,1.0,3,0,0
qwen_instruct,1,risk,trait,ShBa,1,-1.0,0.0,0.0,0.0,0.0,0.0,0.0,0.0,-0.0,-0.0,-0.0,1.0,3,0,0
qwen_instruct,1,risk,trait,ShCh,1,-1.0,0.0,0.0,0.0,0.0,0.0,0.0,0.0,-0.0,-0.0,-0.0,1.0,3,0,0
qwen_instruct,1,risk,trait,ShSh,1,-1.0,0.3333333333333333,0.0,0.0,-0.3333333333333333,-0.3333333333333333,0.3333333333333333,0.3333333333333333,0.3333333333333333,0.3333333333333333,-0.0,0.6666666666666667,3,1,1
qwen_instruct,1,loss,trait,AsAs,1,-1.0,0.0,0.0,0.0,0.0,0.0,0.0,0.0,-0.0,-0.0,-0.0,1.0,3,0,0
qwen_instruct,1,loss,trait,AsBa,1,-1.0,0.0,0.0,0.0,0.0,0.0,0.0,0.0,-0.0,-0.0,-0.0,1.0,3,0,0
qwen_instruct,1,loss,trait,BaBa,0,1.0,0.3333333333333333,0.0,0.3333333333333333,-0.3333333333333333,0.0,0.3333333333333333,0.0,-0.3333333333333333,0.0,-0.3333333333333333,0.3333333333333333,3,1,0
qwen_instruct,1,loss,trait,ChAs,0,1.0,1.0,1.0,1.0,0.0,0.0,0.0,0.0,0.0,0.0,0.0,1.0,3,0,0
qwen_instruct,1,loss,trait,ChBa,0,1.0,0.0,0.3333333333333333,0.0,0.3333333333333333,0.0,0.3333333333333333,0.0,0.3333333333333333,0.0,0.3333333333333333,0.0,3,1,1
qwen_instruct,1,loss,trait,CmAs,1,-2.0,0.6666666666666666,0.6666666666666666,1.0,0.0,0.33333333333333337,0.0,0.33333333333333337,-0.0,-0.33333333333333337,0.33333333333333337,0.33333333333333337,3,2,1
qwen_instruct,1,loss,trait,CmBa,1,-2.0,0.0,0.0,0.0,0.0,0.0,0.0,0.0,-0.0,-0.0,-0.0,1.0,3,0,0
qwen_instruct,1,loss,trait,CmCh,1,-2.0,0.0,0.0,0.0,0.0,0.0,0.0,0.0,-0.0,-0.0,-0.0,1.0,3,0,0
qwen_instruct,1,loss,trait,CmCm,1,-2.0,0.0,0.0,0.0,0.0,0.0,0.0,0.0,-0.0,-0.0,-0.0,1.0,3,0,0
qwen_instruct,1,loss,trait,CmCo,1,-2.0,0.0,0.3333333333333333,0.0,0.3333333333333333,0.0,0.3333333333333333,0.0,-0.3333333333333333,-0.0,-0.3333333333333333,1.0,3,1,0
qwen_instruct,1,loss,trait,CmHr,1,-2.0,0.0,0.0,0.0,0.0,0.0,0.0,0.0,-0.0,-0.0,-0.0,1.0,3,0,0
qwen_instruct,1,loss,trait,CmNc,1,-2.0,0.0,0.0,0.0,0.0,0.0,0.0,0.0,-0.0,-0.0,-0.0,1.0,3,0,0
qwen_instruct,1,loss,trait,CmPc,1,-2.0,0.0,0.3333333333333333,0.0,0.3333333333333333,0.0,0.3333333333333333,0.0,-0.3333333333333333,-0.0,-0.3333333333333333,1.0,3,1,0
qwen_instruct,1,loss,trait,CmPd,1,-2.0,0.0,0.0,0.0,0.0,0.0,0.0,0.0,-0.0,-0.0,-0.0,1.0,3,0,0
qwen_instruct,1,loss,trait,CmSh,1,-2.0,0.0,0.0,0.0,0.0,0.0,0.0,0.0,-0.0,-0.0,-0.0,1.0,3,0,0
qwen_instruct,1,loss,trait,CoAs,0,1.0,1.0,0.6666666666666666,1.0,-0.33333333333333337,0.0,0.33333333333333337,0.0,-0.33333333333333337,0.0,-0.33333333333333337,1.0,3,1,0
qwen_instruct,1,loss,trait,CoBa,0,1.0,1.0,0.0,1.0,-1.0,0.0,1.0,0.0,-1.0,0.0,-1.0,1.0,3,3,0
qwen_instruct,1,loss,trait,CoCh,0,1.0,0.6666666666666666,0.0,0.6666666666666666,-0.6666666666666666,0.0,0.6666666666666666,0.0,-0.6666666666666666,0.0,-0.6666666666666666,0.6666666666666666,3,2,0
qwen_instruct,1,loss,trait,CoCo,0,1.0,1.0,0.6666666666666666,1.0,-0.33333333333333337,0.0,0.33333333333333337,0.0,-0.33333333333333337,0.0,-0.33333333333333337,1.0,3,1,0
qwen_instruct,1,loss,trait,CoSh,0,1.0,0.6666666666666666,1.0,1.0,0.33333333333333337,0.33333333333333337,0.33333333333333337,0.33333333333333337,0.33333333333333337,0.33333333333333337,0.0,0.6666666666666666,3,1,1
qwen_instruct,1,loss,trait,DlAs,1,-2.0,0.0,0.0,0.0,0.0,0.0,0.0,0.0,-0.0,-0.0,-0.0,1.0,3,0,0
qwen_instruct,1,loss,trait,DlBa,1,-2.0,0.0,0.0,0.0,0.0,0.0,0.0,0.0,-0.0,-0.0,-0.0,1.0,3,0,0
qwen_instruct,1,loss,trait,DlCh,1,-2.0,0.0,0.0,0.0,0.0,0.0,0.0,0.0,-0.0,-0.0,-0.0,1.0,3,0,0
qwen_instruct,1,loss,trait,DlCm,1,-2.0,0.0,0.0,0.0,0.0,0.0,0.0,0.0,-0.0,-0.0,-0.0,1.0,3,0,0
qwen_instruct,1,loss,trait,DlCo,1,-2.0,0.0,1.0,0.0,1.0,0.0,1.0,0.0,-1.0,-0.0,-1.0,1.0,3,3,0
qwen_instruct,1,loss,trait,DlDl,1,-2.0,0.0,0.0,0.0,0.0,0.0,0.0,0.0,-0.0,-0.0,-0.0,1.0,3,0,0
qwen_instruct,1,loss,trait,DlHa,1,-2.0,0.0,0.0,0.0,0.0,0.0,0.0,0.0,-0.0,-0.0,-0.0,1.0,3,0,0
qwen_instruct,1,loss,trait,DlHr,1,-2.0,0.0,0.0,0.0,0.0,0.0,0.0,0.0,-0.0,-0.0,-0.0,1.0,3,0,0
qwen_instruct,1,loss,trait,DlNc,1,-2.0,0.0,0.0,0.0,0.0,0.0,0.0,0.0,-0.0,-0.0,-0.0,1.0,3,0,0
qwen_instruct,1,loss,trait,DlPc,1,-2.0,0.3333333333333333,0.6666666666666666,0.0,0.3333333333333333,-0.3333333333333333,0.3333333333333333,0.3333333333333333,-0.3333333333333333,0.3333333333333333,-0.6666666666666666,0.6666666666666667,3,3,1
qwen_instruct,1,loss,trait,DlPd,1,-2.0,0.0,0.0,0.0,0.0,0.0,0.0,0.0,-0.0,-0.0,-0.0,1.0,3,0,0
qwen_instruct,1,loss,trait,DlSh,1,-2.0,0.0,0.0,0.0,0.0,0.0,0.0,0.0,-0.0,-0.0,-0.0,1.0,3,0,0
qwen_instruct,1,loss,trait,HaAs,0,2.0,1.0,1.0,1.0,0.0,0.0,0.0,0.0,0.0,0.0,0.0,1.0,3,0,0
qwen_instruct,1,loss,trait,HaBa,0,2.0,1.0,1.0,1.0,0.0,0.0,0.0,0.0,0.0,0.0,0.0,1.0,3,0,0
qwen_instruct,1,loss,trait,HaCh,0,2.0,1.0,1.0,1.0,0.0,0.0,0.0,0.0,0.0,0.0,0.0,1.0,3,0,0
qwen_instruct,1,loss,trait,HaCm,0,2.0,1.0,0.6666666666666666,1.0,-0.33333333333333337,0.0,0.33333333333333337,0.0,-0.33333333333333337,0.0,-0.33333333333333337,1.0,3,1,0
qwen_instruct,1,loss,trait,HaCo,0,2.0,1.0,0.6666666666666666,1.0,-0.33333333333333337,0.0,0.33333333333333337,0.0,-0.33333333333333337,0.0,-0.33333333333333337,1.0,3,1,0
qwen_instruct,1,loss,trait,HaHa,0,2.0,1.0,0.6666666666666666,1.0,-0.33333333333333337,0.0,0.33333333333333337,0.0,-0.33333333333333337,0.0,-0.33333333333333337,1.0,3,1,0
qwen_instruct,1,loss,trait,HaHr,0,2.0,1.0,1.0,1.0,0.0,0.0,0.0,0.0,0.0,0.0,0.0,1.0,3,0,0
qwen_instruct,1,loss,trait,HaNc,0,2.0,1.0,1.0,1.0,0.0,0.0,0.0,0.0,0.0,0.0,0.0,1.0,3,0,0
qwen_instruct,1,loss,trait,HaPc,0,2.0,1.0,1.0,1.0,0.0,0.0,0.0,0.0,0.0,0.0,0.0,1.0,3,0,0
qwen_instruct,1,loss,trait,HaPd,0,2.0,1.0,1.0,1.0,0.0,0.0,0.0,0.0,0.0,0.0,0.0,1.0,3,0,0
qwen_instruct,1,loss,trait,HaSh,0,2.0,1.0,1.0,1.0,0.0,0.0,0.0,0.0,0.0,0.0,0.0,1.0,3,0,0
qwen_instruct,1,loss,trait,HrAs,1,-1.0,0.6666666666666666,0.3333333333333333,1.0,-0.3333333333333333,0.33333333333333337,0.3333333333333333,0.33333333333333337,0.3333333333333333,-0.33333333333333337,0.6666666666666667,0.33333333333333337,3,1,1
qwen_instruct,1,loss,trait,HrBa,1,-1.0,0.0,0.0,0.0,0.0,0.0,0.0,0.0,-0.0,-0.0,-0.0,1.0,3,0,0
qwen_instruct,1,loss,trait,HrCh,1,-1.0,0.0,0.0,0.3333333333333333,0.0,0.3333333333333333,0.0,0.3333333333333333,-0.0,-0.3333333333333333,0.3333333333333333,1.0,3,0,0
qwen_instruct,1,loss,trait,HrCo,1,-1.0,0.0,0.0,0.0,0.0,0.0,0.0,0.0,-0.0,-0.0,-0.0,1.0,3,0,0
qwen_instruct,1,loss,trait,HrHr,1,-1.0,0.0,0.0,0.0,0.0,0.0,0.0,0.0,-0.0,-0.0,-0.0,1.0,3,0,0
qwen_instruct,1,loss,trait,HrSh,1,-1.0,1.0,0.0,1.0,-1.0,0.0,1.0,0.0,1.0,-0.0,1.0,0.0,3,3,3
qwen_instruct,1,loss,trait,NcAs,0,1.0,1.0,1.0,1.0,0.0,0.0,0.0,0.0,0.0,0.0,0.0,1.0,3,0,0
qwen_instruct,1,loss,trait,NcBa,0,1.0,0.0,0.0,0.6666666666666666,0.0,0.6666666666666666,0.0,0.6666666666666666,0.0,0.6666666666666666,-0.6666666666666666,0.0,3,0,0
qwen_instruct,1,loss,trait,NcCh,0,1.0,1.0,0.3333333333333333,1.0,-0.6666666666666667,0.0,0.6666666666666667,0.0,-0.6666666666666667,0.0,-0.6666666666666667,1.0,3,2,0
qwen_instruct,1,loss,trait,NcCo,0,1.0,0.6666666666666666,0.3333333333333333,1.0,-0.3333333333333333,0.33333333333333337,0.3333333333333333,0.33333333333333337,-0.3333333333333333,0.33333333333333337,-0.6666666666666667,0.6666666666666666,3,1,0
qwen_instruct,1,loss,trait,NcHr,0,1.0,0.0,0.0,0.3333333333333333,0.0,0.3333333333333333,0.0,0.3333333333333333,0.0,0.3333333333333333,-0.3333333333333333,0.0,3,0,0
qwen_instruct,1,loss,trait,NcNc,0,1.0,1.0,0.3333333333333333,1.0,-0.6666666666666667,0.0,0.6666666666666667,0.0,-0.6666666666666667,0.0,-0.6666666666666667,1.0,3,2,0
qwen_instruct,1,loss,trait,NcPd,0,1.0,0.6666666666666666,0.3333333333333333,1.0,-0.3333333333333333,0.33333333333333337,0.3333333333333333,0.33333333333333337,-0.3333333333333333,0.33333333333333337,-0.6666666666666667,0.6666666666666666,3,1,0
qwen_instruct,1,loss,trait,NcSh,0,1.0,1.0,0.3333333333333333,1.0,-0.6666666666666667,0.0,0.6666666666666667,0.0,-0.6666666666666667,0.0,-0.6666666666666667,1.0,3,2,0
qwen_instruct,1,loss,trait,PcAs,0,2.0,1.0,1.0,1.0,0.0,0.0,0.0,0.0,0.0,0.0,0.0,1.0,3,0,0
qwen_instruct,1,loss,trait,PcBa,0,2.0,1.0,0.6666666666666666,1.0,-0.33333333333333337,0.0,0.33333333333333337,0.0,-0.33333333333333337,0.0,-0.33333333333333337,1.0,3,1,0
qwen_instruct,1,loss,trait,PcCh,0,2.0,1.0,0.6666666666666666,1.0,-0.33333333333333337,0.0,0.33333333333333337,0.0,-0.33333333333333337,0.0,-0.33333333333333337,1.0,3,1,0
qwen_instruct,1,loss,trait,PcCo,0,2.0,1.0,1.0,1.0,0.0,0.0,0.0,0.0,0.0,0.0,0.0,1.0,3,0,0
qwen_instruct,1,loss,trait,PcHr,0,2.0,1.0,0.6666666666666666,1.0,-0.33333333333333337,0.0,0.33333333333333337,0.0,-0.33333333333333337,0.0,-0.33333333333333337,1.0,3,1,0
qwen_instruct,1,loss,trait,PcNc,0,2.0,1.0,1.0,1.0,0.0,0.0,0.0,0.0,0.0,0.0,0.0,1.0,3,0,0
qwen_instruct,1,loss,trait,PcPc,0,2.0,1.0,1.0,1.0,0.0,0.0,0.0,0.0,0.0,0.0,0.0,1.0,3,0,0
qwen_instruct,1,loss,trait,PcPd,0,2.0,1.0,1.0,1.0,0.0,0.0,0.0,0.0,0.0,0.0,0.0,1.0,3,0,0
qwen_instruct,1,loss,trait,PcSh,0,2.0,1.0,1.0,1.0,0.0,0.0,0.0,0.0,0.0,0.0,0.0,1.0,3,0,0
qwen_instruct,1,loss,trait,PdAs,1,-1.0,0.0,0.0,0.0,0.0,0.0,0.0,0.0,-0.0,-0.0,-0.0,1.0,3,0,0
qwen_instruct,1,loss,trait,PdBa,1,-1.0,0.0,0.0,0.0,0.0,0.0,0.0,0.0,-0.0,-0.0,-0.0,1.0,3,0,0
qwen_instruct,1,loss,trait,PdCh,1,-1.0,0.0,0.0,0.0,0.0,0.0,0.0,0.0,-0.0,-0.0,-0.0,1.0,3,0,0
qwen_instruct,1,loss,trait,PdCo,1,-1.0,0.0,0.3333333333333333,0.3333333333333333,0.3333333333333333,0.3333333333333333,0.3333333333333333,0.3333333333333333,-0.3333333333333333,-0.3333333333333333,-0.0,1.0,3,1,0
qwen_instruct,1,loss,trait,PdHr,1,-1.0,0.0,0.0,0.0,0.0,0.0,0.0,0.0,-0.0,-0.0,-0.0,1.0,3,0,0
qwen_instruct,1,loss,trait,PdSh,1,-1.0,0.0,0.0,0.0,0.0,0.0,0.0,0.0,-0.0,-0.0,-0.0,1.0,3,0,0
qwen_instruct,1,loss,trait,ShAs,1,-1.0,0.0,0.0,0.0,0.0,0.0,0.0,0.0,-0.0,-0.0,-0.0,1.0,3,0,0
qwen_instruct,1,loss,trait,ShBa,1,-1.0,0.0,0.0,0.0,0.0,0.0,0.0,0.0,-0.0,-0.0,-0.0,1.0,3,0,0
qwen_instruct,1,loss,trait,ShCh,1,-1.0,0.0,0.0,0.0,0.0,0.0,0.0,0.0,-0.0,-0.0,-0.0,1.0,3,0,0
qwen_instruct,1,loss,trait,ShSh,1,-1.0,0.3333333333333333,0.0,0.0,-0.3333333333333333,-0.3333333333333333,0.3333333333333333,0.3333333333333333,0.3333333333333333,0.3333333333333333,-0.0,0.6666666666666667,3,1,1
qwen_instruct,1,inequity,trait,AsBa,1,-1.0,0.0,0.0,0.0,0.0,0.0,0.0,0.0,-0.0,-0.0,-0.0,1.0,3,0,0
qwen_instruct,1,inequity,trait,ChAs,0,2.0,1.0,1.0,1.0,0.0,0.0,0.0,0.0,0.0,0.0,0.0,1.0,3,0,0
qwen_instruct,1,inequity,trait,ChBa,1,-1.0,0.0,0.0,0.0,0.0,0.0,0.0,0.0,-0.0,-0.0,-0.0,1.0,3,0,0
qwen_instruct,1,inequity,trait,CmCo,1,-1.0,0.0,0.0,0.0,0.0,0.0,0.0,0.0,-0.0,-0.0,-0.0,1.0,3,0,0
qwen_instruct,1,inequity,trait,CmPc,1,-1.0,0.0,0.0,0.0,0.0,0.0,0.0,0.0,-0.0,-0.0,-0.0,1.0,3,0,0
qwen_instruct,1,inequity,trait,DlCm,1,-1.0,0.0,0.0,0.0,0.0,0.0,0.0,0.0,-0.0,-0.0,-0.0,1.0,3,0,0
qwen_instruct,1,inequity,trait,DlHr,1,-1.0,0.0,0.0,0.0,0.0,0.0,0.0,0.0,-0.0,-0.0,-0.0,1.0,3,0,0
qwen_instruct,1,inequity,trait,HaAs,0,1.0,1.0,1.0,1.0,0.0,0.0,0.0,0.0,0.0,0.0,0.0,1.0,3,0,0
qwen_instruct,1,inequity,trait,HaBa,1,-1.0,1.0,0.3333333333333333,1.0,-0.6666666666666667,0.0,0.6666666666666667,0.0,0.6666666666666667,-0.0,0.6666666666666667,0.0,3,2,2
qwen_instruct,1,inequity,trait,HaCh,1,-1.0,1.0,0.3333333333333333,1.0,-0.6666666666666667,0.0,0.6666666666666667,0.0,0.6666666666666667,-0.0,0.6666666666666667,0.0,3,2,2
qwen_instruct,1,inequity,trait,HaCm,1,-1.0,1.0,0.0,1.0,-1.0,0.0,1.0,0.0,1.0,-0.0,1.0,0.0,3,3,3
qwen_instruct,1,inequity,trait,HaHr,1,-1.0,1.0,0.0,1.0,-1.0,0.0,1.0,0.0,1.0,-0.0,1.0,0.0,3,3,3
qwen_instruct,1,inequity,trait,HaSh,0,1.0,1.0,1.0,1.0,0.0,0.0,0.0,0.0,0.0,0.0,0.0,1.0,3,0,0
qwen_instruct,1,inequity,trait,HrCo,1,-1.0,0.0,0.0,0.0,0.0,0.0,0.0,0.0,-0.0,-0.0,-0.0,1.0,3,0,0
qwen_instruct,1,inequity,trait,NcAs,0,2.0,1.0,1.0,1.0,0.0,0.0,0.0,0.0,0.0,0.0,0.0,1.0,3,0,0
qwen_instruct,1,inequity,trait,NcBa,1,-2.0,0.0,0.0,0.6666666666666666,0.0,0.6666666666666666,0.0,0.6666666666666666,-0.0,-0.6666666666666666,0.6666666666666666,1.0,3,0,0
qwen_instruct,1,inequity,trait,NcCh,1,-1.0,1.0,0.0,1.0,-1.0,0.0,1.0,0.0,1.0,-0.0,1.0,0.0,3,3,3
qwen_instruct,1,inequity,trait,NcCo,0,1.0,0.6666666666666666,0.0,1.0,-0.6666666666666666,0.33333333333333337,0.6666666666666666,0.33333333333333337,-0.6666666666666666,0.33333333333333337,-1.0,0.6666666666666666,3,2,0
qwen_instruct,1,inequity,trait,NcHr,1,-2.0,0.0,0.0,0.3333333333333333,0.0,0.3333333333333333,0.0,0.3333333333333333,-0.0,-0.3333333333333333,0.3333333333333333,1.0,3,0,0
qwen_instruct,1,inequity,trait,NcSh,0,1.0,1.0,1.0,1.0,0.0,0.0,0.0,0.0,0.0,0.0,0.0,1.0,3,0,0
qwen_instruct,1,inequity,trait,PcHr,1,-1.0,1.0,0.0,1.0,-1.0,0.0,1.0,0.0,1.0,-0.0,1.0,0.0,3,3,3
qwen_instruct,1,inequity,trait,PcNc,0,1.0,1.0,1.0,1.0,0.0,0.0,0.0,0.0,0.0,0.0,0.0,1.0,3,0,0
qwen_instruct,1,inequity,trait,PcPd,1,-1.0,1.0,0.6666666666666666,1.0,-0.33333333333333337,0.0,0.33333333333333337,0.0,0.33333333333333337,-0.0,0.33333333333333337,0.0,3,1,1
qwen_instruct,1,inequity,trait,PdAs,0,1.0,0.0,0.0,0.0,0.0,0.0,0.0,0.0,0.0,0.0,0.0,0.0,3,0,0
qwen_instruct,1,inequity,trait,PdBa,1,-1.0,0.0,0.0,0.0,0.0,0.0,0.0,0.0,-0.0,-0.0,-0.0,1.0,3,0,0
qwen_instruct,1,inequity,trait,PdCo,0,1.0,0.0,0.6666666666666666,0.3333333333333333,0.6666666666666666,0.3333333333333333,0.6666666666666666,0.3333333333333333,0.6666666666666666,0.3333333333333333,0.3333333333333333,0.0,3,2,2
qwen_instruct,1,inequity,trait,PdHr,1,-2.0,0.0,0.0,0.0,0.0,0.0,0.0,0.0,-0.0,-0.0,-0.0,1.0,3,0,0
qwen_instruct,1,inequity,trait,ShAs,0,1.0,0.0,0.6666666666666666,0.0,0.6666666666666666,0.0,0.6666666666666666,0.0,0.6666666666666666,0.0,0.6666666666666666,0.0,3,2,2
qwen_instruct,1,inequity,trait,ShBa,1,-2.0,0.0,0.0,0.0,0.0,0.0,0.0,0.0,-0.0,-0.0,-0.0,1.0,3,0,0
qwen_instruct,1,inequity,trait,ShCh,1,-1.0,0.0,0.0,0.0,0.0,0.0,0.0,0.0,-0.0,-0.0,-0.0,1.0,3,0,0
qwen_instruct,1,selfish,trait,CmAs,1,-2.0,0.6666666666666666,0.0,1.0,-0.6666666666666666,0.33333333333333337,0.6666666666666666,0.33333333333333337,0.6666666666666666,-0.33333333333333337,1.0,0.33333333333333337,3,2,2
qwen_instruct,1,selfish,trait,CmBa,1,-2.0,0.0,0.3333333333333333,0.0,0.3333333333333333,0.0,0.3333333333333333,0.0,-0.3333333333333333,-0.0,-0.3333333333333333,1.0,3,1,0
qwen_instruct,1,selfish,trait,CmCh,1,-2.0,0.0,0.3333333333333333,0.0,0.3333333333333333,0.0,0.3333333333333333,0.0,-0.3333333333333333,-0.0,-0.3333333333333333,1.0,3,1,0
qwen_instruct,1,selfish,trait,CmCm,1,-2.0,0.0,0.6666666666666666,0.0,0.6666666666666666,0.0,0.6666666666666666,0.0,-0.6666666666666666,-0.0,-0.6666666666666666,1.0,3,2,0
qwen_instruct,1,selfish,trait,CmCo,1,-2.0,0.0,0.6666666666666666,0.0,0.6666666666666666,0.0,0.6666666666666666,0.0,-0.6666666666666666,-0.0,-0.6666666666666666,1.0,3,2,0
qwen_instruct,1,selfish,trait,CmHr,1,-2.0,0.0,0.3333333333333333,0.0,0.3333333333333333,0.0,0.3333333333333333,0.0,-0.3333333333333333,-0.0,-0.3333333333333333,1.0,3,1,0
qwen_instruct,1,selfish,trait,CmNc,1,-2.0,0.0,0.6666666666666666,0.0,0.6666666666666666,0.0,0.6666666666666666,0.0,-0.6666666666666666,-0.0,-0.6666666666666666,1.0,3,2,0
qwen_instruct,1,selfish,trait,CmPc,1,-2.0,0.0,0.3333333333333333,0.0,0.3333333333333333,0.0,0.3333333333333333,0.0,-0.3333333333333333,-0.0,-0.3333333333333333,1.0,3,1,0
qwen_instruct,1,selfish,trait,CmPd,1,-2.0,0.0,0.5,0.0,0.5,0.0,0.5,0.0,-0.5,-0.0,-0.5,1.0,2,1,0
qwen_instruct,1,selfish,trait,CmSh,1,-2.0,0.0,0.3333333333333333,0.0,0.3333333333333333,0.0,0.3333333333333333,0.0,-0.3333333333333333,-0.0,-0.3333333333333333,1.0,3,1,0
qwen_instruct,1,selfish,trait,CoAs,0,1.0,1.0,0.6666666666666666,1.0,-0.33333333333333337,0.0,0.33333333333333337,0.0,-0.33333333333333337,0.0,-0.33333333333333337,1.0,3,1,0
qwen_instruct,1,selfish,trait,CoBa,0,1.0,1.0,0.3333333333333333,1.0,-0.6666666666666667,0.0,0.6666666666666667,0.0,-0.6666666666666667,0.0,-0.6666666666666667,1.0,3,2,0
qwen_instruct,1,selfish,trait,CoCh,0,1.0,0.6666666666666666,0.0,0.6666666666666666,-0.6666666666666666,0.0,0.6666666666666666,0.0,-0.6666666666666666,0.0,-0.6666666666666666,0.6666666666666666,3,2,0
qwen_instruct,1,selfish,trait,CoCo,0,1.0,1.0,1.0,1.0,0.0,0.0,0.0,0.0,0.0,0.0,0.0,1.0,3,0,0
qwen_instruct,1,selfish,trait,CoSh,0,1.0,0.6666666666666666,0.5,1.0,-0.16666666666666663,0.33333333333333337,0.16666666666666663,0.33333333333333337,-0.16666666666666663,0.33333333333333337,-0.5,0.6666666666666666,2,1,0
qwen_instruct,1,selfish,trait,DlAs,1,-2.0,0.0,0.6666666666666666,0.0,0.6666666666666666,0.0,0.6666666666666666,0.0,-0.6666666666666666,-0.0,-0.6666666666666666,1.0,3,2,0
qwen_instruct,1,selfish,trait,DlBa,1,-2.0,0.0,0.3333333333333333,0.0,0.3333333333333333,0.0,0.3333333333333333,0.0,-0.3333333333333333,-0.0,-0.3333333333333333,1.0,3,1,0
qwen_instruct,1,selfish,trait,DlCh,1,-2.0,0.0,0.6666666666666666,0.0,0.6666666666666666,0.0,0.6666666666666666,0.0,-0.6666666666666666,-0.0,-0.6666666666666666,1.0,3,2,0
qwen_instruct,1,selfish,trait,DlCm,1,-2.0,0.0,0.3333333333333333,0.0,0.3333333333333333,0.0,0.3333333333333333,0.0,-0.3333333333333333,-0.0,-0.3333333333333333,1.0,3,1,0
qwen_instruct,1,selfish,trait,DlCo,1,-2.0,0.0,0.6666666666666666,0.0,0.6666666666666666,0.0,0.6666666666666666,0.0,-0.6666666666666666,-0.0,-0.6666666666666666,1.0,3,2,0
qwen_instruct,1,selfish,trait,DlDl,1,-2.0,0.0,0.3333333333333333,0.0,0.3333333333333333,0.0,0.3333333333333333,0.0,-0.3333333333333333,-0.0,-0.3333333333333333,1.0,3,1,0
qwen_instruct,1,selfish,trait,DlHa,1,-2.0,0.0,0.6666666666666666,0.0,0.6666666666666666,0.0,0.6666666666666666,0.0,-0.6666666666666666,-0.0,-0.6666666666666666,1.0,3,2,0
qwen_instruct,1,selfish,trait,DlHr,1,-2.0,0.0,0.6666666666666666,0.0,0.6666666666666666,0.0,0.6666666666666666,0.0,-0.6666666666666666,-0.0,-0.6666666666666666,1.0,3,2,0
qwen_instruct,1,selfish,trait,DlNc,1,-2.0,0.0,0.3333333333333333,0.0,0.3333333333333333,0.0,0.3333333333333333,0.0,-0.3333333333333333,-0.0,-0.3333333333333333,1.0,3,1,0
qwen_instruct,1,selfish,trait,DlPc,1,-2.0,0.3333333333333333,0.3333333333333333,0.0,0.0,-0.3333333333333333,0.0,0.3333333333333333,-0.0,0.3333333333333333,-0.3333333333333333,0.6666666666666667,3,2,1
qwen_instruct,1,selfish,trait,DlPd,1,-2.0,0.0,0.3333333333333333,0.0,0.3333333333333333,0.0,0.3333333333333333,0.0,-0.3333333333333333,-0.0,-0.3333333333333333,1.0,3,1,0
qwen_instruct,1,selfish,trait,DlSh,1,-2.0,0.0,0.3333333333333333,0.0,0.3333333333333333,0.0,0.3333333333333333,0.0,-0.3333333333333333,-0.0,-0.3333333333333333,1.0,3,1,0
qwen_instruct,1,selfish,trait,HaAs,0,2.0,1.0,1.0,1.0,0.0,0.0,0.0,0.0,0.0,0.0,0.0,1.0,3,0,0
qwen_instruct,1,selfish,trait,HaBa,0,2.0,1.0,0.3333333333333333,1.0,-0.6666666666666667,0.0,0.6666666666666667,0.0,-0.6666666666666667,0.0,-0.6666666666666667,1.0,3,2,0
qwen_instruct,1,selfish,trait,HaCh,0,2.0,1.0,0.6666666666666666,1.0,-0.33333333333333337,0.0,0.33333333333333337,0.0,-0.33333333333333337,0.0,-0.33333333333333337,1.0,3,1,0
qwen_instruct,1,selfish,trait,HaCm,0,2.0,1.0,0.0,1.0,-1.0,0.0,1.0,0.0,-1.0,0.0,-1.0,1.0,3,3,0
qwen_instruct,1,selfish,trait,HaCo,0,2.0,1.0,0.6666666666666666,1.0,-0.33333333333333337,0.0,0.33333333333333337,0.0,-0.33333333333333337,0.0,-0.33333333333333337,1.0,3,1,0
qwen_instruct,1,selfish,trait,HaHa,0,2.0,1.0,1.0,1.0,0.0,0.0,0.0,0.0,0.0,0.0,0.0,1.0,3,0,0
qwen_instruct,1,selfish,trait,HaHr,0,2.0,1.0,1.0,1.0,0.0,0.0,0.0,0.0,0.0,0.0,0.0,1.0,3,0,0
qwen_instruct,1,selfish,trait,HaNc,0,2.0,1.0,0.6666666666666666,1.0,-0.33333333333333337,0.0,0.33333333333333337,0.0,-0.33333333333333337,0.0,-0.33333333333333337,1.0,3,1,0
qwen_instruct,1,selfish,trait,HaPc,0,2.0,1.0,0.0,1.0,-1.0,0.0,1.0,0.0,-1.0,0.0,-1.0,1.0,3,3,0
qwen_instruct,1,selfish,trait,HaPd,0,2.0,1.0,0.6666666666666666,1.0,-0.33333333333333337,0.0,0.33333333333333337,0.0,-0.33333333333333337,0.0,-0.33333333333333337,1.0,3,1,0
qwen_instruct,1,selfish,trait,HaSh,0,2.0,1.0,0.3333333333333333,1.0,-0.6666666666666667,0.0,0.6666666666666667,0.0,-0.6666666666666667,0.0,-0.6666666666666667,1.0,3,2,0
qwen_instruct,1,selfish,trait,HrAs,1,-1.0,0.6666666666666666,0.3333333333333333,1.0,-0.3333333333333333,0.33333333333333337,0.3333333333333333,0.33333333333333337,0.3333333333333333,-0.33333333333333337,0.6666666666666667,0.33333333333333337,3,1,1
qwen_instruct,1,selfish,trait,HrBa,1,-1.0,0.0,0.6666666666666666,0.0,0.6666666666666666,0.0,0.6666666666666666,0.0,-0.6666666666666666,-0.0,-0.6666666666666666,1.0,3,2,0
qwen_instruct,1,selfish,trait,HrCh,1,-1.0,0.0,0.3333333333333333,0.3333333333333333,0.3333333333333333,0.3333333333333333,0.3333333333333333,0.3333333333333333,-0.3333333333333333,-0.3333333333333333,-0.0,1.0,3,1,0
qwen_instruct,1,selfish,trait,HrCo,1,-1.0,0.0,0.3333333333333333,0.0,0.3333333333333333,0.0,0.3333333333333333,0.0,-0.3333333333333333,-0.0,-0.3333333333333333,1.0,3,1,0
qwen_instruct,1,selfish,trait,HrHr,1,-1.0,0.0,0.3333333333333333,0.0,0.3333333333333333,0.0,0.3333333333333333,0.0,-0.3333333333333333,-0.0,-0.3333333333333333,1.0,3,1,0
qwen_instruct,1,selfish,trait,HrSh,1,-1.0,1.0,0.6666666666666666,1.0,-0.33333333333333337,0.0,0.33333333333333337,0.0,0.33333333333333337,-0.0,0.33333333333333337,0.0,3,1,1
qwen_instruct,1,selfish,trait,NcAs,0,1.0,1.0,0.3333333333333333,1.0,-0.6666666666666667,0.0,0.6666666666666667,0.0,-0.6666666666666667,0.0,-0.6666666666666667,1.0,3,2,0
qwen_instruct,1,selfish,trait,NcBa,0,1.0,0.0,0.6666666666666666,0.6666666666666666,0.6666666666666666,0.6666666666666666,0.6666666666666666,0.6666666666666666,0.6666666666666666,0.6666666666666666,0.0,0.0,3,2,2
qwen_instruct,1,selfish,trait,NcCh,0,1.0,1.0,0.3333333333333333,1.0,-0.6666666666666667,0.0,0.6666666666666667,0.0,-0.6666666666666667,0.0,-0.6666666666666667,1.0,3,2,0
qwen_instruct,1,selfish,trait,NcCo,0,1.0,0.6666666666666666,0.6666666666666666,1.0,0.0,0.33333333333333337,0.0,0.33333333333333337,0.0,0.33333333333333337,-0.33333333333333337,0.6666666666666666,3,2,1
qwen_instruct,1,selfish,trait,NcHr,0,1.0,0.0,0.6666666666666666,0.3333333333333333,0.6666666666666666,0.3333333333333333,0.6666666666666666,0.3333333333333333,0.6666666666666666,0.3333333333333333,0.3333333333333333,0.0,3,2,2
qwen_instruct,1,selfish,trait,NcNc,0,1.0,1.0,0.3333333333333333,1.0,-0.6666666666666667,0.0,0.6666666666666667,0.0,-0.6666666666666667,0.0,-0.6666666666666667,1.0,3,2,0
qwen_instruct,1,selfish,trait,NcPd,0,1.0,0.6666666666666666,0.6666666666666666,1.0,0.0,0.33333333333333337,0.0,0.33333333333333337,0.0,0.33333333333333337,-0.33333333333333337,0.6666666666666666,3,2,1
qwen_instruct,1,selfish,trait,NcSh,0,1.0,1.0,0.6666666666666666,1.0,-0.33333333333333337,0.0,0.33333333333333337,0.0,-0.33333333333333337,0.0,-0.33333333333333337,1.0,3,1,0
qwen_instruct,1,selfish,trait,PcAs,0,2.0,1.0,1.0,1.0,0.0,0.0,0.0,0.0,0.0,0.0,0.0,1.0,3,0,0
qwen_instruct,1,selfish,trait,PcBa,0,2.0,1.0,0.3333333333333333,1.0,-0.6666666666666667,0.0,0.6666666666666667,0.0,-0.6666666666666667,0.0,-0.6666666666666667,1.0,3,2,0
qwen_instruct,1,selfish,trait,PcCh,0,2.0,1.0,0.0,1.0,-1.0,0.0,1.0,0.0,-1.0,0.0,-1.0,1.0,3,3,0
qwen_instruct,1,selfish,trait,PcCo,0,2.0,1.0,0.3333333333333333,1.0,-0.6666666666666667,0.0,0.6666666666666667,0.0,-0.6666666666666667,0.0,-0.6666666666666667,1.0,3,2,0
qwen_instruct,1,selfish,trait,PcHr,0,2.0,1.0,0.3333333333333333,1.0,-0.6666666666666667,0.0,0.6666666666666667,0.0,-0.6666666666666667,0.0,-0.6666666666666667,1.0,3,2,0
qwen_instruct,1,selfish,trait,PcNc,0,2.0,1.0,1.0,1.0,0.0,0.0,0.0,0.0,0.0,0.0,0.0,1.0,3,0,0
qwen_instruct,1,selfish,trait,PcPc,0,2.0,1.0,0.6666666666666666,1.0,-0.33333333333333337,0.0,0.33333333333333337,0.0,-0.33333333333333337,0.0,-0.33333333333333337,1.0,3,1,0
qwen_instruct,1,selfish,trait,PcPd,0,2.0,1.0,0.3333333333333333,1.0,-0.6666666666666667,0.0,0.6666666666666667,0.0,-0.6666666666666667,0.0,-0.6666666666666667,1.0,3,2,0
qwen_instruct,1,selfish,trait,PcSh,0,2.0,1.0,0.6666666666666666,1.0,-0.33333333333333337,0.0,0.33333333333333337,0.0,-0.33333333333333337,0.0,-0.33333333333333337,1.0,3,1,0
qwen_instruct,1,selfish,trait,PdAs,1,-1.0,0.0,0.3333333333333333,0.0,0.3333333333333333,0.0,0.3333333333333333,0.0,-0.3333333333333333,-0.0,-0.3333333333333333,1.0,3,1,0
qwen_instruct,1,selfish,trait,PdBa,1,-1.0,0.0,0.6666666666666666,0.0,0.6666666666666666,0.0,0.6666666666666666,0.0,-0.6666666666666666,-0.0,-0.6666666666666666,1.0,3,2,0
qwen_instruct,1,selfish,trait,PdCh,1,-1.0,0.0,0.3333333333333333,0.0,0.3333333333333333,0.0,0.3333333333333333,0.0,-0.3333333333333333,-0.0,-0.3333333333333333,1.0,3,1,0
qwen_instruct,1,selfish,trait,PdCo,1,-1.0,0.0,0.6666666666666666,0.3333333333333333,0.6666666666666666,0.3333333333333333,0.6666666666666666,0.3333333333333333,-0.6666666666666666,-0.3333333333333333,-0.3333333333333333,1.0,3,2,0
qwen_instruct,1,selfish,trait,PdHr,1,-1.0,0.0,0.3333333333333333,0.0,0.3333333333333333,0.0,0.3333333333333333,0.0,-0.3333333333333333,-0.0,-0.3333333333333333,1.0,3,1,0
qwen_instruct,1,selfish,trait,PdSh,1,-1.0,0.0,0.6666666666666666,0.0,0.6666666666666666,0.0,0.6666666666666666,0.0,-0.6666666666666666,-0.0,-0.6666666666666666,1.0,3,2,0
qwen_instruct,1,maximin,rule,AsAs,1,-1.0,0.0,0.0,0.0,0.0,0.0,0.0,0.0,-0.0,-0.0,-0.0,1.0,3,0,0
qwen_instruct,1,maximin,rule,AsBa,1,-1.0,0.0,0.0,0.0,0.0,0.0,0.0,0.0,-0.0,-0.0,-0.0,1.0,3,0,0
qwen_instruct,1,maximin,rule,BaBa,0,1.0,0.3333333333333333,0.0,0.3333333333333333,-0.3333333333333333,0.0,0.3333333333333333,0.0,-0.3333333333333333,0.0,-0.3333333333333333,0.3333333333333333,3,1,0
qwen_instruct,1,maximin,rule,ChAs,0,1.0,1.0,1.0,1.0,0.0,0.0,0.0,0.0,0.0,0.0,0.0,1.0,3,0,0
qwen_instruct,1,maximin,rule,ChBa,0,1.0,0.0,0.0,0.0,0.0,0.0,0.0,0.0,0.0,0.0,0.0,0.0,3,0,0
qwen_instruct,1,maximin,rule,CmAs,1,-2.0,0.6666666666666666,0.0,1.0,-0.6666666666666666,0.33333333333333337,0.6666666666666666,0.33333333333333337,0.6666666666666666,-0.33333333333333337,1.0,0.33333333333333337,3,2,2
qwen_instruct,1,maximin,rule,CmBa,1,-2.0,0.0,0.0,0.0,0.0,0.0,0.0,0.0,-0.0,-0.0,-0.0,1.0,3,0,0
qwen_instruct,1,maximin,rule,CmCh,1,-2.0,0.0,0.0,0.0,0.0,0.0,0.0,0.0,-0.0,-0.0,-0.0,1.0,3,0,0
qwen_instruct,1,maximin,rule,CmCm,1,-2.0,0.0,0.0,0.0,0.0,0.0,0.0,0.0,-0.0,-0.0,-0.0,1.0,3,0,0
qwen_instruct,1,maximin,rule,CmCo,1,-2.0,0.0,0.0,0.0,0.0,0.0,0.0,0.0,-0.0,-0.0,-0.0,1.0,3,0,0
qwen_instruct,1,maximin,rule,CmHr,1,-2.0,0.0,0.0,0.0,0.0,0.0,0.0,0.0,-0.0,-0.0,-0.0,1.0,3,0,0
qwen_instruct,1,maximin,rule,CmNc,1,-2.0,0.0,0.0,0.0,0.0,0.0,0.0,0.0,-0.0,-0.0,-0.0,1.0,3,0,0
qwen_instruct,1,maximin,rule,CmPc,1,-2.0,0.0,0.0,0.0,0.0,0.0,0.0,0.0,-0.0,-0.0,-0.0,1.0,3,0,0
qwen_instruct,1,maximin,rule,CmPd,1,-2.0,0.0,0.0,0.0,0.0,0.0,0.0,0.0,-0.0,-0.0,-0.0,1.0,3,0,0
qwen_instruct,1,maximin,rule,CmSh,1,-2.0,0.0,0.0,0.0,0.0,0.0,0.0,0.0,-0.0,-0.0,-0.0,1.0,3,0,0
qwen_instruct,1,maximin,rule,CoAs,0,1.0,1.0,1.0,1.0,0.0,0.0,0.0,0.0,0.0,0.0,0.0,1.0,3,0,0
qwen_instruct,1,maximin,rule,CoBa,0,1.0,1.0,0.0,1.0,-1.0,0.0,1.0,0.0,-1.0,0.0,-1.0,1.0,3,3,0
qwen_instruct,1,maximin,rule,CoCh,0,1.0,0.6666666666666666,0.0,0.6666666666666666,-0.6666666666666666,0.0,0.6666666666666666,0.0,-0.6666666666666666,0.0,-0.6666666666666666,0.6666666666666666,3,2,0
qwen_instruct,1,maximin,rule,CoCo,0,1.0,1.0,0.6666666666666666,1.0,-0.33333333333333337,0.0,0.33333333333333337,0.0,-0.33333333333333337,0.0,-0.33333333333333337,1.0,3,1,0
qwen_instruct,1,maximin,rule,CoSh,0,1.0,0.6666666666666666,0.6666666666666666,1.0,0.0,0.33333333333333337,0.0,0.33333333333333337,0.0,0.33333333333333337,-0.33333333333333337,0.6666666666666666,3,2,1
qwen_instruct,1,maximin,rule,DlAs,1,-2.0,0.0,0.0,0.0,0.0,0.0,0.0,0.0,-0.0,-0.0,-0.0,1.0,3,0,0
qwen_instruct,1,maximin,rule,DlBa,1,-2.0,0.0,0.0,0.0,0.0,0.0,0.0,0.0,-0.0,-0.0,-0.0,1.0,3,0,0
qwen_instruct,1,maximin,rule,DlCh,1,-2.0,0.0,0.0,0.0,0.0,0.0,0.0,0.0,-0.0,-0.0,-0.0,1.0,3,0,0
qwen_instruct,1,maximin,rule,DlCm,1,-2.0,0.0,0.0,0.0,0.0,0.0,0.0,0.0,-0.0,-0.0,-0.0,1.0,3,0,0
qwen_instruct,1,maximin,rule,DlCo,1,-2.0,0.0,0.0,0.0,0.0,0.0,0.0,0.0,-0.0,-0.0,-0.0,1.0,3,0,0
qwen_instruct,1,maximin,rule,DlDl,1,-2.0,0.0,0.0,0.0,0.0,0.0,0.0,0.0,-0.0,-0.0,-0.0,1.0,3,0,0
qwen_instruct,1,maximin,rule,DlHa,1,-2.0,0.0,0.0,0.0,0.0,0.0,0.0,0.0,-0.0,-0.0,-0.0,1.0,3,0,0
qwen_instruct,1,maximin,rule,DlHr,1,-2.0,0.0,0.0,0.0,0.0,0.0,0.0,0.0,-0.0,-0.0,-0.0,1.0,3,0,0
qwen_instruct,1,maximin,rule,DlNc,1,-2.0,0.0,0.0,0.0,0.0,0.0,0.0,0.0,-0.0,-0.0,-0.0,1.0,3,0,0
qwen_instruct,1,maximin,rule,DlPc,1,-2.0,0.3333333333333333,0.0,0.0,-0.3333333333333333,-0.3333333333333333,0.3333333333333333,0.3333333333333333,0.3333333333333333,0.3333333333333333,-0.0,0.6666666666666667,3,1,1
qwen_instruct,1,maximin,rule,DlPd,1,-2.0,0.0,0.0,0.0,0.0,0.0,0.0,0.0,-0.0,-0.0,-0.0,1.0,3,0,0
qwen_instruct,1,maximin,rule,DlSh,1,-2.0,0.0,0.0,0.0,0.0,0.0,0.0,0.0,-0.0,-0.0,-0.0,1.0,3,0,0
qwen_instruct,1,maximin,rule,HaAs,0,2.0,1.0,1.0,1.0,0.0,0.0,0.0,0.0,0.0,0.0,0.0,1.0,3,0,0
qwen_instruct,1,maximin,rule,HaBa,0,2.0,1.0,1.0,1.0,0.0,0.0,0.0,0.0,0.0,0.0,0.0,1.0,3,0,0
qwen_instruct,1,maximin,rule,HaCh,0,2.0,1.0,1.0,1.0,0.0,0.0,0.0,0.0,0.0,0.0,0.0,1.0,3,0,0
qwen_instruct,1,maximin,rule,HaCm,0,2.0,1.0,1.0,1.0,0.0,0.0,0.0,0.0,0.0,0.0,0.0,1.0,3,0,0
qwen_instruct,1,maximin,rule,HaCo,0,2.0,1.0,1.0,1.0,0.0,0.0,0.0,0.0,0.0,0.0,0.0,1.0,3,0,0
qwen_instruct,1,maximin,rule,HaHa,0,2.0,1.0,1.0,1.0,0.0,0.0,0.0,0.0,0.0,0.0,0.0,1.0,3,0,0
qwen_instruct,1,maximin,rule,HaHr,0,2.0,1.0,1.0,1.0,0.0,0.0,0.0,0.0,0.0,0.0,0.0,1.0,3,0,0
qwen_instruct,1,maximin,rule,HaNc,0,2.0,1.0,1.0,1.0,0.0,0.0,0.0,0.0,0.0,0.0,0.0,1.0,3,0,0
qwen_instruct,1,maximin,rule,HaPc,0,2.0,1.0,1.0,1.0,0.0,0.0,0.0,0.0,0.0,0.0,0.0,1.0,3,0,0
qwen_instruct,1,maximin,rule,HaPd,0,2.0,1.0,1.0,1.0,0.0,0.0,0.0,0.0,0.0,0.0,0.0,1.0,3,0,0
qwen_instruct,1,maximin,rule,HaSh,0,2.0,1.0,1.0,1.0,0.0,0.0,0.0,0.0,0.0,0.0,0.0,1.0,3,0,0
qwen_instruct,1,maximin,rule,HrAs,1,-1.0,0.6666666666666666,0.0,1.0,-0.6666666666666666,0.33333333333333337,0.6666666666666666,0.33333333333333337,0.6666666666666666,-0.33333333333333337,1.0,0.33333333333333337,3,2,2
qwen_instruct,1,maximin,rule,HrBa,1,-1.0,0.0,0.0,0.0,0.0,0.0,0.0,0.0,-0.0,-0.0,-0.0,1.0,3,0,0
qwen_instruct,1,maximin,rule,HrCh,1,-1.0,0.0,0.0,0.3333333333333333,0.0,0.3333333333333333,0.0,0.3333333333333333,-0.0,-0.3333333333333333,0.3333333333333333,1.0,3,0,0
qwen_instruct,1,maximin,rule,HrCo,1,-1.0,0.0,0.0,0.0,0.0,0.0,0.0,0.0,-0.0,-0.0,-0.0,1.0,3,0,0
qwen_instruct,1,maximin,rule,HrHr,1,-1.0,0.0,0.0,0.0,0.0,0.0,0.0,0.0,-0.0,-0.0,-0.0,1.0,3,0,0
qwen_instruct,1,maximin,rule,HrSh,1,-1.0,1.0,0.0,1.0,-1.0,0.0,1.0,0.0,1.0,-0.0,1.0,0.0,3,3,3
qwen_instruct,1,maximin,rule,NcAs,0,1.0,1.0,1.0,1.0,0.0,0.0,0.0,0.0,0.0,0.0,0.0,1.0,3,0,0
qwen_instruct,1,maximin,rule,NcBa,0,1.0,0.0,0.3333333333333333,0.6666666666666666,0.3333333333333333,0.6666666666666666,0.3333333333333333,0.6666666666666666,0.3333333333333333,0.6666666666666666,-0.3333333333333333,0.0,3,1,1
qwen_instruct,1,maximin,rule,NcCh,0,1.0,1.0,1.0,1.0,0.0,0.0,0.0,0.0,0.0,0.0,0.0,1.0,3,0,0
qwen_instruct,1,maximin,rule,NcCo,0,1.0,0.6666666666666666,0.6666666666666666,1.0,0.0,0.33333333333333337,0.0,0.33333333333333337,0.0,0.33333333333333337,-0.33333333333333337,0.6666666666666666,3,2,1
qwen_instruct,1,maximin,rule,NcHr,0,1.0,0.0,0.0,0.3333333333333333,0.0,0.3333333333333333,0.0,0.3333333333333333,0.0,0.3333333333333333,-0.3333333333333333,0.0,3,0,0
qwen_instruct,1,maximin,rule,NcNc,0,1.0,1.0,0.6666666666666666,1.0,-0.33333333333333337,0.0,0.33333333333333337,0.0,-0.33333333333333337,0.0,-0.33333333333333337,1.0,3,1,0
qwen_instruct,1,maximin,rule,NcPd,0,1.0,0.6666666666666666,0.3333333333333333,1.0,-0.3333333333333333,0.33333333333333337,0.3333333333333333,0.33333333333333337,-0.3333333333333333,0.33333333333333337,-0.6666666666666667,0.6666666666666666,3,1,0
qwen_instruct,1,maximin,rule,NcSh,0,1.0,1.0,0.3333333333333333,1.0,-0.6666666666666667,0.0,0.6666666666666667,0.0,-0.6666666666666667,0.0,-0.6666666666666667,1.0,3,2,0
qwen_instruct,1,maximin,rule,PcAs,0,2.0,1.0,1.0,1.0,0.0,0.0,0.0,0.0,0.0,0.0,0.0,1.0,3,0,0
qwen_instruct,1,maximin,rule,PcBa,0,2.0,1.0,1.0,1.0,0.0,0.0,0.0,0.0,0.0,0.0,0.0,1.0,3,0,0
qwen_instruct,1,maximin,rule,PcCh,0,2.0,1.0,1.0,1.0,0.0,0.0,0.0,0.0,0.0,0.0,0.0,1.0,3,0,0
qwen_instruct,1,maximin,rule,PcCo,0,2.0,1.0,1.0,1.0,0.0,0.0,0.0,0.0,0.0,0.0,0.0,1.0,3,0,0
qwen_instruct,1,maximin,rule,PcHr,0,2.0,1.0,1.0,1.0,0.0,0.0,0.0,0.0,0.0,0.0,0.0,1.0,3,0,0
qwen_instruct,1,maximin,rule,PcNc,0,2.0,1.0,1.0,1.0,0.0,0.0,0.0,0.0,0.0,0.0,0.0,1.0,3,0,0
qwen_instruct,1,maximin,rule,PcPc,0,2.0,1.0,1.0,1.0,0.0,0.0,0.0,0.0,0.0,0.0,0.0,1.0,3,0,0
qwen_instruct,1,maximin,rule,PcPd,0,2.0,1.0,1.0,1.0,0.0,0.0,0.0,0.0,0.0,0.0,0.0,1.0,3,0,0
qwen_instruct,1,maximin,rule,PcSh,0,2.0,1.0,1.0,1.0,0.0,0.0,0.0,0.0,0.0,0.0,0.0,1.0,3,0,0
qwen_instruct,1,maximin,rule,PdAs,1,-1.0,0.0,0.0,0.0,0.0,0.0,0.0,0.0,-0.0,-0.0,-0.0,1.0,3,0,0
qwen_instruct,1,maximin,rule,PdBa,1,-1.0,0.0,0.0,0.0,0.0,0.0,0.0,0.0,-0.0,-0.0,-0.0,1.0,3,0,0
qwen_instruct,1,maximin,rule,PdCh,1,-1.0,0.0,0.0,0.0,0.0,0.0,0.0,0.0,-0.0,-0.0,-0.0,1.0,3,0,0
qwen_instruct,1,maximin,rule,PdCo,1,-1.0,0.0,0.0,0.3333333333333333,0.0,0.3333333333333333,0.0,0.3333333333333333,-0.0,-0.3333333333333333,0.3333333333333333,1.0,3,0,0
qwen_instruct,1,maximin,rule,PdHr,1,-1.0,0.0,0.0,0.0,0.0,0.0,0.0,0.0,-0.0,-0.0,-0.0,1.0,3,0,0
qwen_instruct,1,maximin,rule,PdSh,1,-1.0,0.0,0.0,0.0,0.0,0.0,0.0,0.0,-0.0,-0.0,-0.0,1.0,3,0,0
qwen_instruct,1,maximin,rule,ShAs,1,-1.0,0.0,0.0,0.0,0.0,0.0,0.0,0.0,-0.0,-0.0,-0.0,1.0,3,0,0
qwen_instruct,1,maximin,rule,ShBa,1,-1.0,0.0,0.0,0.0,0.0,0.0,0.0,0.0,-0.0,-0.0,-0.0,1.0,3,0,0
qwen_instruct,1,maximin,rule,ShCh,1,-1.0,0.0,0.0,0.0,0.0,0.0,0.0,0.0,-0.0,-0.0,-0.0,1.0,3,0,0
qwen_instruct,1,maximin,rule,ShSh,1,-1.0,0.3333333333333333,0.0,0.0,-0.3333333333333333,-0.3333333333333333,0.3333333333333333,0.3333333333333333,0.3333333333333333,0.3333333333333333,-0.0,0.6666666666666667,3,1,1
qwen_instruct,1,level1,rule,CmAs,1,-2.0,0.6666666666666666,0.0,1.0,-0.6666666666666666,0.33333333333333337,0.6666666666666666,0.33333333333333337,0.6666666666666666,-0.33333333333333337,1.0,0.33333333333333337,3,2,2
qwen_instruct,1,level1,rule,CmBa,1,-2.0,0.0,0.0,0.0,0.0,0.0,0.0,0.0,-0.0,-0.0,-0.0,1.0,3,0,0
qwen_instruct,1,level1,rule,CmCh,1,-2.0,0.0,0.0,0.0,0.0,0.0,0.0,0.0,-0.0,-0.0,-0.0,1.0,3,0,0
qwen_instruct,1,level1,rule,CmCm,1,-2.0,0.0,0.0,0.0,0.0,0.0,0.0,0.0,-0.0,-0.0,-0.0,1.0,3,0,0
qwen_instruct,1,level1,rule,CmCo,1,-2.0,0.0,0.0,0.0,0.0,0.0,0.0,0.0,-0.0,-0.0,-0.0,1.0,3,0,0
qwen_instruct,1,level1,rule,CmHr,1,-2.0,0.0,0.0,0.0,0.0,0.0,0.0,0.0,-0.0,-0.0,-0.0,1.0,3,0,0
qwen_instruct,1,level1,rule,CmNc,1,-2.0,0.0,0.0,0.0,0.0,0.0,0.0,0.0,-0.0,-0.0,-0.0,1.0,3,0,0
qwen_instruct,1,level1,rule,CmPc,1,-2.0,0.0,0.0,0.0,0.0,0.0,0.0,0.0,-0.0,-0.0,-0.0,1.0,3,0,0
qwen_instruct,1,level1,rule,CmPd,1,-2.0,0.0,0.0,0.0,0.0,0.0,0.0,0.0,-0.0,-0.0,-0.0,1.0,3,0,0
qwen_instruct,1,level1,rule,CmSh,1,-2.0,0.0,0.0,0.0,0.0,0.0,0.0,0.0,-0.0,-0.0,-0.0,1.0,3,0,0
qwen_instruct,1,level1,rule,CoAs,0,1.0,1.0,1.0,1.0,0.0,0.0,0.0,0.0,0.0,0.0,0.0,1.0,3,0,0
qwen_instruct,1,level1,rule,CoBa,0,1.0,1.0,0.0,1.0,-1.0,0.0,1.0,0.0,-1.0,0.0,-1.0,1.0,3,3,0
qwen_instruct,1,level1,rule,CoCh,0,1.0,0.6666666666666666,0.3333333333333333,0.6666666666666666,-0.3333333333333333,0.0,0.3333333333333333,0.0,-0.3333333333333333,0.0,-0.3333333333333333,0.6666666666666666,3,1,0
qwen_instruct,1,level1,rule,CoCo,0,1.0,1.0,1.0,1.0,0.0,0.0,0.0,0.0,0.0,0.0,0.0,1.0,3,0,0
qwen_instruct,1,level1,rule,CoSh,0,1.0,0.6666666666666666,0.6666666666666666,1.0,0.0,0.33333333333333337,0.0,0.33333333333333337,0.0,0.33333333333333337,-0.33333333333333337,0.6666666666666666,3,0,0
qwen_instruct,1,level1,rule,DlAs,1,-2.0,0.0,0.0,0.0,0.0,0.0,0.0,0.0,-0.0,-0.0,-0.0,1.0,3,0,0
qwen_instruct,1,level1,rule,DlBa,1,-2.0,0.0,0.0,0.0,0.0,0.0,0.0,0.0,-0.0,-0.0,-0.0,1.0,3,0,0
qwen_instruct,1,level1,rule,DlCh,1,-2.0,0.0,0.0,0.0,0.0,0.0,0.0,0.0,-0.0,-0.0,-0.0,1.0,3,0,0
qwen_instruct,1,level1,rule,DlCm,1,-2.0,0.0,0.0,0.0,0.0,0.0,0.0,0.0,-0.0,-0.0,-0.0,1.0,3,0,0
qwen_instruct,1,level1,rule,DlCo,1,-2.0,0.0,0.0,0.0,0.0,0.0,0.0,0.0,-0.0,-0.0,-0.0,1.0,3,0,0
qwen_instruct,1,level1,rule,DlDl,1,-2.0,0.0,0.0,0.0,0.0,0.0,0.0,0.0,-0.0,-0.0,-0.0,1.0,3,0,0
qwen_instruct,1,level1,rule,DlHa,1,-2.0,0.0,0.0,0.0,0.0,0.0,0.0,0.0,-0.0,-0.0,-0.0,1.0,3,0,0
qwen_instruct,1,level1,rule,DlHr,1,-2.0,0.0,0.0,0.0,0.0,0.0,0.0,0.0,-0.0,-0.0,-0.0,1.0,3,0,0
qwen_instruct,1,level1,rule,DlNc,1,-2.0,0.0,0.0,0.0,0.0,0.0,0.0,0.0,-0.0,-0.0,-0.0,1.0,3,0,0
qwen_instruct,1,level1,rule,DlPc,1,-2.0,0.3333333333333333,0.0,0.0,-0.3333333333333333,-0.3333333333333333,0.3333333333333333,0.3333333333333333,0.3333333333333333,0.3333333333333333,-0.0,0.6666666666666667,3,1,1
qwen_instruct,1,level1,rule,DlPd,1,-2.0,0.0,0.0,0.0,0.0,0.0,0.0,0.0,-0.0,-0.0,-0.0,1.0,3,0,0
qwen_instruct,1,level1,rule,DlSh,1,-2.0,0.0,0.0,0.0,0.0,0.0,0.0,0.0,-0.0,-0.0,-0.0,1.0,3,0,0
qwen_instruct,1,level1,rule,HaAs,0,2.0,1.0,1.0,1.0,0.0,0.0,0.0,0.0,0.0,0.0,0.0,1.0,3,0,0
qwen_instruct,1,level1,rule,HaBa,0,2.0,1.0,1.0,1.0,0.0,0.0,0.0,0.0,0.0,0.0,0.0,1.0,3,0,0
qwen_instruct,1,level1,rule,HaCh,0,2.0,1.0,1.0,1.0,0.0,0.0,0.0,0.0,0.0,0.0,0.0,1.0,3,0,0
qwen_instruct,1,level1,rule,HaCm,0,2.0,1.0,1.0,1.0,0.0,0.0,0.0,0.0,0.0,0.0,0.0,1.0,3,0,0
qwen_instruct,1,level1,rule,HaCo,0,2.0,1.0,1.0,1.0,0.0,0.0,0.0,0.0,0.0,0.0,0.0,1.0,3,0,0
qwen_instruct,1,level1,rule,HaHa,0,2.0,1.0,1.0,1.0,0.0,0.0,0.0,0.0,0.0,0.0,0.0,1.0,3,0,0
qwen_instruct,1,level1,rule,HaHr,0,2.0,1.0,1.0,1.0,0.0,0.0,0.0,0.0,0.0,0.0,0.0,1.0,3,0,0
qwen_instruct,1,level1,rule,HaNc,0,2.0,1.0,1.0,1.0,0.0,0.0,0.0,0.0,0.0,0.0,0.0,1.0,3,0,0
qwen_instruct,1,level1,rule,HaPc,0,2.0,1.0,1.0,1.0,0.0,0.0,0.0,0.0,0.0,0.0,0.0,1.0,3,0,0
qwen_instruct,1,level1,rule,HaPd,0,2.0,1.0,1.0,1.0,0.0,0.0,0.0,0.0,0.0,0.0,0.0,1.0,3,0,0
qwen_instruct,1,level1,rule,HaSh,0,2.0,1.0,1.0,1.0,0.0,0.0,0.0,0.0,0.0,0.0,0.0,1.0,3,0,0
qwen_instruct,1,level1,rule,HrAs,1,-1.0,0.6666666666666666,0.0,1.0,-0.6666666666666666,0.33333333333333337,0.6666666666666666,0.33333333333333337,0.6666666666666666,-0.33333333333333337,1.0,0.33333333333333337,3,2,2
qwen_instruct,1,level1,rule,HrBa,1,-1.0,0.0,0.0,0.0,0.0,0.0,0.0,0.0,-0.0,-0.0,-0.0,1.0,3,0,0
qwen_instruct,1,level1,rule,HrCh,1,-1.0,0.0,0.0,0.3333333333333333,0.0,0.3333333333333333,0.0,0.3333333333333333,-0.0,-0.3333333333333333,0.3333333333333333,1.0,3,0,0
qwen_instruct,1,level1,rule,HrCo,1,-1.0,0.0,0.0,0.0,0.0,0.0,0.0,0.0,-0.0,-0.0,-0.0,1.0,3,0,0
qwen_instruct,1,level1,rule,HrHr,1,-1.0,0.0,0.0,0.0,0.0,0.0,0.0,0.0,-0.0,-0.0,-0.0,1.0,3,0,0
qwen_instruct,1,level1,rule,HrSh,1,-1.0,1.0,0.0,1.0,-1.0,0.0,1.0,0.0,1.0,-0.0,1.0,0.0,3,3,3
qwen_instruct,1,level1,rule,NcAs,0,1.0,1.0,0.6666666666666666,1.0,-0.33333333333333337,0.0,0.33333333333333337,0.0,-0.33333333333333337,0.0,-0.33333333333333337,1.0,3,1,0
qwen_instruct,1,level1,rule,NcBa,0,1.0,0.0,0.0,0.6666666666666666,0.0,0.6666666666666666,0.0,0.6666666666666666,0.0,0.6666666666666666,-0.6666666666666666,0.0,3,0,0
qwen_instruct,1,level1,rule,NcCh,0,1.0,1.0,0.6666666666666666,1.0,-0.33333333333333337,0.0,0.33333333333333337,0.0,-0.33333333333333337,0.0,-0.33333333333333337,1.0,3,1,0
qwen_instruct,1,level1,rule,NcCo,0,1.0,0.6666666666666666,0.0,1.0,-0.6666666666666666,0.33333333333333337,0.6666666666666666,0.33333333333333337,-0.6666666666666666,0.33333333333333337,-1.0,0.6666666666666666,3,2,0
qwen_instruct,1,level1,rule,NcHr,0,1.0,0.0,0.0,0.3333333333333333,0.0,0.3333333333333333,0.0,0.3333333333333333,0.0,0.3333333333333333,-0.3333333333333333,0.0,3,0,0
qwen_instruct,1,level1,rule,NcNc,0,1.0,1.0,0.3333333333333333,1.0,-0.6666666666666667,0.0,0.6666666666666667,0.0,-0.6666666666666667,0.0,-0.6666666666666667,1.0,3,2,0
qwen_instruct,1,level1,rule,NcPd,0,1.0,0.6666666666666666,0.3333333333333333,1.0,-0.3333333333333333,0.33333333333333337,0.3333333333333333,0.33333333333333337,-0.3333333333333333,0.33333333333333337,-0.6666666666666667,0.6666666666666666,3,1,0
qwen_instruct,1,level1,rule,NcSh,0,1.0,1.0,0.0,1.0,-1.0,0.0,1.0,0.0,-1.0,0.0,-1.0,1.0,3,3,0
qwen_instruct,1,level1,rule,PcAs,0,2.0,1.0,1.0,1.0,0.0,0.0,0.0,0.0,0.0,0.0,0.0,1.0,3,0,0
qwen_instruct,1,level1,rule,PcBa,0,2.0,1.0,1.0,1.0,0.0,0.0,0.0,0.0,0.0,0.0,0.0,1.0,3,0,0
qwen_instruct,1,level1,rule,PcCh,0,2.0,1.0,1.0,1.0,0.0,0.0,0.0,0.0,0.0,0.0,0.0,1.0,3,0,0
qwen_instruct,1,level1,rule,PcCo,0,2.0,1.0,1.0,1.0,0.0,0.0,0.0,0.0,0.0,0.0,0.0,1.0,3,0,0
qwen_instruct,1,level1,rule,PcHr,0,2.0,1.0,1.0,1.0,0.0,0.0,0.0,0.0,0.0,0.0,0.0,1.0,3,0,0
qwen_instruct,1,level1,rule,PcNc,0,2.0,1.0,1.0,1.0,0.0,0.0,0.0,0.0,0.0,0.0,0.0,1.0,3,0,0
qwen_instruct,1,level1,rule,PcPc,0,2.0,1.0,1.0,1.0,0.0,0.0,0.0,0.0,0.0,0.0,0.0,1.0,3,0,0
qwen_instruct,1,level1,rule,PcPd,0,2.0,1.0,1.0,1.0,0.0,0.0,0.0,0.0,0.0,0.0,0.0,1.0,3,0,0
qwen_instruct,1,level1,rule,PcSh,0,2.0,1.0,1.0,1.0,0.0,0.0,0.0,0.0,0.0,0.0,0.0,1.0,3,0,0
qwen_instruct,1,level1,rule,PdAs,1,-1.0,0.0,0.0,0.0,0.0,0.0,0.0,0.0,-0.0,-0.0,-0.0,1.0,3,0,0
qwen_instruct,1,level1,rule,PdBa,1,-1.0,0.0,0.0,0.0,0.0,0.0,0.0,0.0,-0.0,-0.0,-0.0,1.0,3,0,0
qwen_instruct,1,level1,rule,PdCh,1,-1.0,0.0,0.0,0.0,0.0,0.0,0.0,0.0,-0.0,-0.0,-0.0,1.0,3,0,0
qwen_instruct,1,level1,rule,PdCo,1,-1.0,0.0,0.0,0.3333333333333333,0.0,0.3333333333333333,0.0,0.3333333333333333,-0.0,-0.3333333333333333,0.3333333333333333,1.0,3,0,0
qwen_instruct,1,level1,rule,PdHr,1,-1.0,0.0,0.0,0.0,0.0,0.0,0.0,0.0,-0.0,-0.0,-0.0,1.0,3,0,0
qwen_instruct,1,level1,rule,PdSh,1,-1.0,0.0,0.0,0.0,0.0,0.0,0.0,0.0,-0.0,-0.0,-0.0,1.0,3,0,0
qwen_instruct,1,level2,rule,CmCm,1,-1.0,0.0,0.0,0.0,0.0,0.0,0.0,0.0,-0.0,-0.0,-0.0,1.0,3,0,0
qwen_instruct,1,level2,rule,CmCo,1,-3.0,0.0,0.0,0.0,0.0,0.0,0.0,0.0,-0.0,-0.0,-0.0,1.0,3,0,0
qwen_instruct,1,level2,rule,CmHr,1,-1.0,0.0,0.0,0.0,0.0,0.0,0.0,0.0,-0.0,-0.0,-0.0,1.0,3,0,0
qwen_instruct,1,level2,rule,CmNc,1,-3.0,0.0,0.0,0.0,0.0,0.0,0.0,0.0,-0.0,-0.0,-0.0,1.0,3,0,0
qwen_instruct,1,level2,rule,CmPc,1,-3.0,0.0,0.0,0.0,0.0,0.0,0.0,0.0,-0.0,-0.0,-0.0,1.0,3,0,0
qwen_instruct,1,level2,rule,CmPd,1,-1.0,0.0,0.0,0.0,0.0,0.0,0.0,0.0,-0.0,-0.0,-0.0,1.0,3,0,0
qwen_instruct,1,level2,rule,CoCo,0,3.0,1.0,0.3333333333333333,1.0,-0.6666666666666667,0.0,0.6666666666666667,0.0,-0.6666666666666667,0.0,-0.6666666666666667,1.0,3,2,0
qwen_instruct,1,level2,rule,DlCm,1,-2.0,0.0,0.0,0.0,0.0,0.0,0.0,0.0,-0.0,-0.0,-0.0,1.0,3,0,0
qwen_instruct,1,level2,rule,DlCo,1,-2.0,0.0,0.0,0.0,0.0,0.0,0.0,0.0,-0.0,-0.0,-0.0,1.0,3,0,0
qwen_instruct,1,level2,rule,DlDl,1,-2.0,0.0,0.0,0.0,0.0,0.0,0.0,0.0,-0.0,-0.0,-0.0,1.0,3,0,0
qwen_instruct,1,level2,rule,DlHa,1,-2.0,0.0,0.0,0.0,0.0,0.0,0.0,0.0,-0.0,-0.0,-0.0,1.0,3,0,0
qwen_instruct,1,level2,rule,DlHr,1,-2.0,0.0,0.0,0.0,0.0,0.0,0.0,0.0,-0.0,-0.0,-0.0,1.0,3,0,0
qwen_instruct,1,level2,rule,DlNc,1,-2.0,0.0,0.0,0.0,0.0,0.0,0.0,0.0,-0.0,-0.0,-0.0,1.0,3,0,0
qwen_instruct,1,level2,rule,DlPc,1,-2.0,0.3333333333333333,0.0,0.0,-0.3333333333333333,-0.3333333333333333,0.3333333333333333,0.3333333333333333,0.3333333333333333,0.3333333333333333,-0.0,0.6666666666666667,3,1,1
qwen_instruct,1,level2,rule,DlPd,1,-2.0,0.0,0.0,0.0,0.0,0.0,0.0,0.0,-0.0,-0.0,-0.0,1.0,3,0,0
qwen_instruct,1,level2,rule,HaCm,0,2.0,1.0,1.0,1.0,0.0,0.0,0.0,0.0,0.0,0.0,0.0,1.0,3,0,0
qwen_instruct,1,level2,rule,HaCo,0,2.0,1.0,1.0,1.0,0.0,0.0,0.0,0.0,0.0,0.0,0.0,1.0,3,0,0
qwen_instruct,1,level2,rule,HaHa,0,2.0,1.0,1.0,1.0,0.0,0.0,0.0,0.0,0.0,0.0,0.0,1.0,3,0,0
qwen_instruct,1,level2,rule,HaHr,0,2.0,1.0,1.0,1.0,0.0,0.0,0.0,0.0,0.0,0.0,0.0,1.0,3,0,0
qwen_instruct,1,level2,rule,HaNc,0,2.0,1.0,1.0,1.0,0.0,0.0,0.0,0.0,0.0,0.0,0.0,1.0,3,0,0
qwen_instruct,1,level2,rule,HaPc,0,2.0,1.0,1.0,1.0,0.0,0.0,0.0,0.0,0.0,0.0,0.0,1.0,3,0,0
qwen_instruct,1,level2,rule,HaPd,0,2.0,1.0,1.0,1.0,0.0,0.0,0.0,0.0,0.0,0.0,0.0,1.0,3,0,0
qwen_instruct,1,level2,rule,HrCo,1,-3.0,0.0,0.0,0.0,0.0,0.0,0.0,0.0,-0.0,-0.0,-0.0,1.0,3,0,0
qwen_instruct,1,level2,rule,HrHr,0,1.0,0.0,0.0,0.0,0.0,0.0,0.0,0.0,0.0,0.0,0.0,0.0,3,0,0
qwen_instruct,1,level2,rule,NcCo,0,1.0,0.6666666666666666,0.3333333333333333,1.0,-0.3333333333333333,0.33333333333333337,0.3333333333333333,0.33333333333333337,-0.3333333333333333,0.33333333333333337,-0.6666666666666667,0.6666666666666666,3,1,0
qwen_instruct,1,level2,rule,NcHr,0,1.0,0.0,0.0,0.3333333333333333,0.0,0.3333333333333333,0.0,0.3333333333333333,0.0,0.3333333333333333,-0.3333333333333333,0.0,3,0,0
qwen_instruct,1,level2,rule,NcNc,0,1.0,1.0,0.0,1.0,-1.0,0.0,1.0,0.0,-1.0,0.0,-1.0,1.0,3,3,0
qwen_instruct,1,level2,rule,NcPd,0,1.0,0.6666666666666666,0.0,1.0,-0.6666666666666666,0.33333333333333337,0.6666666666666666,0.33333333333333337,-0.6666666666666666,0.33333333333333337,-1.0,0.6666666666666666,3,2,0
qwen_instruct,1,level2,rule,PcCo,0,3.0,1.0,1.0,1.0,0.0,0.0,0.0,0.0,0.0,0.0,0.0,1.0,3,0,0
qwen_instruct,1,level2,rule,PcHr,0,1.0,1.0,1.0,1.0,0.0,0.0,0.0,0.0,0.0,0.0,0.0,1.0,3,0,0
qwen_instruct,1,level2,rule,PcNc,0,3.0,1.0,1.0,1.0,0.0,0.0,0.0,0.0,0.0,0.0,0.0,1.0,3,0,0
qwen_instruct,1,level2,rule,PcPc,0,3.0,1.0,1.0,1.0,0.0,0.0,0.0,0.0,0.0,0.0,0.0,1.0,3,0,0
qwen_instruct,1,level2,rule,PcPd,0,1.0,1.0,1.0,1.0,0.0,0.0,0.0,0.0,0.0,0.0,0.0,1.0,3,0,0
qwen_instruct,1,level2,rule,PdCo,1,-1.0,0.0,0.0,0.3333333333333333,0.0,0.3333333333333333,0.0,0.3333333333333333,-0.0,-0.3333333333333333,0.3333333333333333,1.0,3,0,0
qwen_instruct,1,level2,rule,PdHr,1,-1.0,0.0,0.0,0.0,0.0,0.0,0.0,0.0,-0.0,-0.0,-0.0,1.0,3,0,0
qwen_instruct,10,risk,trait,AsAs,1,-1.0,0.0,0.0,0.0,0.0,0.0,0.0,0.0,-0.0,-0.0,-0.0,1.0,3,0,0
qwen_instruct,10,risk,trait,AsBa,1,-1.0,0.0,0.0,0.0,0.0,0.0,0.0,0.0,-0.0,-0.0,-0.0,1.0,3,0,0
qwen_instruct,10,risk,trait,BaBa,0,1.0,0.3333333333333333,0.0,0.3333333333333333,-0.3333333333333333,0.0,0.3333333333333333,0.0,-0.3333333333333333,0.0,-0.3333333333333333,0.3333333333333333,3,1,0
qwen_instruct,10,risk,trait,ChAs,0,1.0,1.0,1.0,1.0,0.0,0.0,0.0,0.0,0.0,0.0,0.0,1.0,3,0,0
qwen_instruct,10,risk,trait,ChBa,0,1.0,0.0,0.0,0.0,0.0,0.0,0.0,0.0,0.0,0.0,0.0,0.0,3,0,0
qwen_instruct,10,risk,trait,CmAs,1,-2.0,0.6666666666666666,0.3333333333333333,1.0,-0.3333333333333333,0.33333333333333337,0.3333333333333333,0.33333333333333337,0.3333333333333333,-0.33333333333333337,0.6666666666666667,0.33333333333333337,3,3,2
qwen_instruct,10,risk,trait,CmBa,1,-2.0,0.0,0.0,0.0,0.0,0.0,0.0,0.0,-0.0,-0.0,-0.0,1.0,3,0,0
qwen_instruct,10,risk,trait,CmCh,1,-2.0,0.0,0.0,0.0,0.0,0.0,0.0,0.0,-0.0,-0.0,-0.0,1.0,3,0,0
qwen_instruct,10,risk,trait,CmCm,1,-2.0,0.0,0.0,0.0,0.0,0.0,0.0,0.0,-0.0,-0.0,-0.0,1.0,3,0,0
qwen_instruct,10,risk,trait,CmCo,1,-2.0,0.0,0.0,0.0,0.0,0.0,0.0,0.0,-0.0,-0.0,-0.0,1.0,3,0,0
qwen_instruct,10,risk,trait,CmHr,1,-2.0,0.0,0.0,0.0,0.0,0.0,0.0,0.0,-0.0,-0.0,-0.0,1.0,3,0,0
qwen_instruct,10,risk,trait,CmNc,1,-2.0,0.0,0.0,0.0,0.0,0.0,0.0,0.0,-0.0,-0.0,-0.0,1.0,3,0,0
qwen_instruct,10,risk,trait,CmPc,1,-2.0,0.0,0.0,0.0,0.0,0.0,0.0,0.0,-0.0,-0.0,-0.0,1.0,3,0,0
qwen_instruct,10,risk,trait,CmPd,1,-2.0,0.0,0.0,0.0,0.0,0.0,0.0,0.0,-0.0,-0.0,-0.0,1.0,3,0,0
qwen_instruct,10,risk,trait,CmSh,1,-2.0,0.0,0.0,0.0,0.0,0.0,0.0,0.0,-0.0,-0.0,-0.0,1.0,3,0,0
qwen_instruct,10,risk,trait,CoAs,0,1.0,1.0,0.6666666666666666,1.0,-0.33333333333333337,0.0,0.33333333333333337,0.0,-0.33333333333333337,0.0,-0.33333333333333337,1.0,3,1,0
qwen_instruct,10,risk,trait,CoBa,0,1.0,0.6666666666666666,0.3333333333333333,0.3333333333333333,-0.3333333333333333,-0.3333333333333333,0.3333333333333333,0.3333333333333333,-0.3333333333333333,-0.3333333333333333,0.0,0.6666666666666666,3,1,0
qwen_instruct,10,risk,trait,CoCh,0,1.0,0.6666666666666666,0.6666666666666666,0.3333333333333333,0.0,-0.3333333333333333,0.0,0.3333333333333333,0.0,-0.3333333333333333,0.3333333333333333,0.6666666666666666,3,0,0
qwen_instruct,10,risk,trait,CoCo,0,1.0,1.0,0.6666666666666666,1.0,-0.33333333333333337,0.0,0.33333333333333337,0.0,-0.33333333333333337,0.0,-0.33333333333333337,1.0,3,1,0
qwen_instruct,10,risk,trait,CoSh,0,1.0,0.0,0.6666666666666666,1.0,0.6666666666666666,1.0,0.6666666666666666,1.0,0.6666666666666666,1.0,-0.33333333333333337,0.0,3,2,2
qwen_instruct,10,risk,trait,DlAs,1,-2.0,0.0,0.0,0.0,0.0,0.0,0.0,0.0,-0.0,-0.0,-0.0,1.0,3,0,0
qwen_instruct,10,risk,trait,DlBa,1,-2.0,0.0,0.0,0.0,0.0,0.0,0.0,0.0,-0.0,-0.0,-0.0,1.0,3,0,0
qwen_instruct,10,risk,trait,DlCh,1,-2.0,0.0,0.0,0.0,0.0,0.0,0.0,0.0,-0.0,-0.0,-0.0,1.0,3,0,0
qwen_instruct,10,risk,trait,DlCm,1,-2.0,0.0,0.0,0.0,0.0,0.0,0.0,0.0,-0.0,-0.0,-0.0,1.0,3,0,0
qwen_instruct,10,risk,trait,DlCo,1,-2.0,0.0,0.0,0.0,0.0,0.0,0.0,0.0,-0.0,-0.0,-0.0,1.0,3,0,0
qwen_instruct,10,risk,trait,DlDl,1,-2.0,0.0,0.0,0.0,0.0,0.0,0.0,0.0,-0.0,-0.0,-0.0,1.0,3,0,0
qwen_instruct,10,risk,trait,DlHa,1,-2.0,0.0,0.0,0.0,0.0,0.0,0.0,0.0,-0.0,-0.0,-0.0,1.0,3,0,0
qwen_instruct,10,risk,trait,DlHr,1,-2.0,0.0,0.0,0.0,0.0,0.0,0.0,0.0,-0.0,-0.0,-0.0,1.0,3,0,0
qwen_instruct,10,risk,trait,DlNc,1,-2.0,0.0,0.0,0.0,0.0,0.0,0.0,0.0,-0.0,-0.0,-0.0,1.0,3,0,0
qwen_instruct,10,risk,trait,DlPc,1,-2.0,0.3333333333333333,0.0,0.0,-0.3333333333333333,-0.3333333333333333,0.3333333333333333,0.3333333333333333,0.3333333333333333,0.3333333333333333,-0.0,0.6666666666666667,3,1,1
qwen_instruct,10,risk,trait,DlPd,1,-2.0,0.0,0.0,0.0,0.0,0.0,0.0,0.0,-0.0,-0.0,-0.0,1.0,3,0,0
qwen_instruct,10,risk,trait,DlSh,1,-2.0,0.0,0.0,0.0,0.0,0.0,0.0,0.0,-0.0,-0.0,-0.0,1.0,3,0,0
qwen_instruct,10,risk,trait,HaAs,0,2.0,1.0,1.0,1.0,0.0,0.0,0.0,0.0,0.0,0.0,0.0,1.0,3,0,0
qwen_instruct,10,risk,trait,HaBa,0,2.0,1.0,0.3333333333333333,1.0,-0.6666666666666667,0.0,0.6666666666666667,0.0,-0.6666666666666667,0.0,-0.6666666666666667,1.0,3,2,0
qwen_instruct,10,risk,trait,HaCh,0,2.0,1.0,0.6666666666666666,1.0,-0.33333333333333337,0.0,0.33333333333333337,0.0,-0.33333333333333337,0.0,-0.33333333333333337,1.0,3,1,0
qwen_instruct,10,risk,trait,HaCm,0,2.0,1.0,0.3333333333333333,1.0,-0.6666666666666667,0.0,0.6666666666666667,0.0,-0.6666666666666667,0.0,-0.6666666666666667,1.0,3,2,0
qwen_instruct,10,risk,trait,HaCo,0,2.0,0.6666666666666666,0.0,1.0,-0.6666666666666666,0.33333333333333337,0.6666666666666666,0.33333333333333337,-0.6666666666666666,0.33333333333333337,-1.0,0.6666666666666666,3,2,0
qwen_instruct,10,risk,trait,HaHa,0,2.0,1.0,1.0,1.0,0.0,0.0,0.0,0.0,0.0,0.0,0.0,1.0,3,0,0
qwen_instruct,10,risk,trait,HaHr,0,2.0,1.0,1.0,1.0,0.0,0.0,0.0,0.0,0.0,0.0,0.0,1.0,3,0,0
qwen_instruct,10,risk,trait,HaNc,0,2.0,1.0,1.0,1.0,0.0,0.0,0.0,0.0,0.0,0.0,0.0,1.0,3,0,0
qwen_instruct,10,risk,trait,HaPc,0,2.0,1.0,0.6666666666666666,1.0,-0.33333333333333337,0.0,0.33333333333333337,0.0,-0.33333333333333337,0.0,-0.33333333333333337,1.0,3,1,0
qwen_instruct,10,risk,trait,HaPd,0,2.0,1.0,1.0,1.0,0.0,0.0,0.0,0.0,0.0,0.0,0.0,1.0,3,0,0
qwen_instruct,10,risk,trait,HaSh,0,2.0,1.0,1.0,1.0,0.0,0.0,0.0,0.0,0.0,0.0,0.0,1.0,3,0,0
qwen_instruct,10,risk,trait,HrAs,1,-1.0,0.6666666666666666,0.3333333333333333,0.6666666666666666,-0.3333333333333333,0.0,0.3333333333333333,0.0,0.3333333333333333,-0.0,0.3333333333333333,0.33333333333333337,3,1,1
qwen_instruct,10,risk,trait,HrBa,1,-1.0,0.0,0.0,0.0,0.0,0.0,0.0,0.0,-0.0,-0.0,-0.0,1.0,3,0,0
qwen_instruct,10,risk,trait,HrCh,1,-1.0,0.0,0.0,0.3333333333333333,0.0,0.3333333333333333,0.0,0.3333333333333333,-0.0,-0.3333333333333333,0.3333333333333333,1.0,3,0,0
qwen_instruct,10,risk,trait,HrCo,1,-1.0,0.0,0.0,0.0,0.0,0.0,0.0,0.0,-0.0,-0.0,-0.0,1.0,3,0,0
qwen_instruct,10,risk,trait,HrHr,1,-1.0,0.0,0.0,0.0,0.0,0.0,0.0,0.0,-0.0,-0.0,-0.0,1.0,3,0,0
qwen_instruct,10,risk,trait,HrSh,1,-1.0,1.0,0.0,1.0,-1.0,0.0,1.0,0.0,1.0,-0.0,1.0,0.0,3,3,3
qwen_instruct,10,risk,trait,NcAs,0,1.0,1.0,1.0,1.0,0.0,0.0,0.0,0.0,0.0,0.0,0.0,1.0,3,0,0
qwen_instruct,10,risk,trait,NcBa,0,1.0,0.0,0.0,0.0,0.0,0.0,0.0,0.0,0.0,0.0,0.0,0.0,3,0,0
qwen_instruct,10,risk,trait,NcCh,0,1.0,0.0,0.0,0.6666666666666666,0.0,0.6666666666666666,0.0,0.6666666666666666,0.0,0.6666666666666666,-0.6666666666666666,0.0,3,0,0
qwen_instruct,10,risk,trait,NcCo,0,1.0,0.3333333333333333,0.3333333333333333,1.0,0.0,0.6666666666666667,0.0,0.6666666666666667,0.0,0.6666666666666667,-0.6666666666666667,0.3333333333333333,3,0,0
qwen_instruct,10,risk,trait,NcHr,0,1.0,0.0,0.0,0.0,0.0,0.0,0.0,0.0,0.0,0.0,0.0,0.0,3,0,0
qwen_instruct,10,risk,trait,NcNc,0,1.0,0.6666666666666666,0.0,1.0,-0.6666666666666666,0.33333333333333337,0.6666666666666666,0.33333333333333337,-0.6666666666666666,0.33333333333333337,-1.0,0.6666666666666666,3,2,0
qwen_instruct,10,risk,trait,NcPd,0,1.0,0.0,0.0,0.3333333333333333,0.0,0.3333333333333333,0.0,0.3333333333333333,0.0,0.3333333333333333,-0.3333333333333333,0.0,3,0,0
qwen_instruct,10,risk,trait,NcSh,0,1.0,1.0,0.3333333333333333,1.0,-0.6666666666666667,0.0,0.6666666666666667,0.0,-0.6666666666666667,0.0,-0.6666666666666667,1.0,3,2,0
qwen_instruct,10,risk,trait,PcAs,0,2.0,1.0,1.0,1.0,0.0,0.0,0.0,0.0,0.0,0.0,0.0,1.0,3,0,0
qwen_instruct,10,risk,trait,PcBa,0,2.0,1.0,1.0,1.0,0.0,0.0,0.0,0.0,0.0,0.0,0.0,1.0,3,0,0
qwen_instruct,10,risk,trait,PcCh,0,2.0,1.0,1.0,1.0,0.0,0.0,0.0,0.0,0.0,0.0,0.0,1.0,3,0,0
qwen_instruct,10,risk,trait,PcCo,0,2.0,1.0,1.0,1.0,0.0,0.0,0.0,0.0,0.0,0.0,0.0,1.0,3,0,0
qwen_instruct,10,risk,trait,PcHr,0,2.0,1.0,0.3333333333333333,1.0,-0.6666666666666667,0.0,0.6666666666666667,0.0,-0.6666666666666667,0.0,-0.6666666666666667,1.0,3,2,0
qwen_instruct,10,risk,trait,PcNc,0,2.0,1.0,1.0,1.0,0.0,0.0,0.0,0.0,0.0,0.0,0.0,1.0,3,0,0
qwen_instruct,10,risk,trait,PcPc,0,2.0,1.0,0.6666666666666666,1.0,-0.33333333333333337,0.0,0.33333333333333337,0.0,-0.33333333333333337,0.0,-0.33333333333333337,1.0,3,1,0
qwen_instruct,10,risk,trait,PcPd,0,2.0,1.0,0.3333333333333333,1.0,-0.6666666666666667,0.0,0.6666666666666667,0.0,-0.6666666666666667,0.0,-0.6666666666666667,1.0,3,2,0
qwen_instruct,10,risk,trait,PcSh,0,2.0,1.0,1.0,1.0,0.0,0.0,0.0,0.0,0.0,0.0,0.0,1.0,3,0,0
qwen_instruct,10,risk,trait,PdAs,1,-1.0,0.0,0.0,0.0,0.0,0.0,0.0,0.0,-0.0,-0.0,-0.0,1.0,3,0,0
qwen_instruct,10,risk,trait,PdBa,1,-1.0,0.0,0.0,0.0,0.0,0.0,0.0,0.0,-0.0,-0.0,-0.0,1.0,3,0,0
qwen_instruct,10,risk,trait,PdCh,1,-1.0,0.0,0.0,0.0,0.0,0.0,0.0,0.0,-0.0,-0.0,-0.0,1.0,3,0,0
qwen_instruct,10,risk,trait,PdCo,1,-1.0,0.0,0.3333333333333333,0.3333333333333333,0.3333333333333333,0.3333333333333333,0.3333333333333333,0.3333333333333333,-0.3333333333333333,-0.3333333333333333,-0.0,1.0,3,1,0
qwen_instruct,10,risk,trait,PdHr,1,-1.0,0.0,0.0,0.0,0.0,0.0,0.0,0.0,-0.0,-0.0,-0.0,1.0,3,0,0
qwen_instruct,10,risk,trait,PdSh,1,-1.0,0.0,0.0,0.0,0.0,0.0,0.0,0.0,-0.0,-0.0,-0.0,1.0,3,0,0
qwen_instruct,10,risk,trait,ShAs,1,-1.0,0.0,0.0,0.0,0.0,0.0,0.0,0.0,-0.0,-0.0,-0.0,1.0,3,0,0
qwen_instruct,10,risk,trait,ShBa,1,-1.0,0.0,0.0,0.0,0.0,0.0,0.0,0.0,-0.0,-0.0,-0.0,1.0,3,0,0
qwen_instruct,10,risk,trait,ShCh,1,-1.0,0.0,0.0,0.0,0.0,0.0,0.0,0.0,-0.0,-0.0,-0.0,1.0,3,0,0
qwen_instruct,10,risk,trait,ShSh,1,-1.0,0.3333333333333333,0.0,0.0,-0.3333333333333333,-0.3333333333333333,0.3333333333333333,0.3333333333333333,0.3333333333333333,0.3333333333333333,-0.0,0.6666666666666667,3,1,1
qwen_instruct,10,loss,trait,AsAs,1,-1.0,0.0,0.0,0.0,0.0,0.0,0.0,0.0,-0.0,-0.0,-0.0,1.0,3,0,0
qwen_instruct,10,loss,trait,AsBa,1,-1.0,0.0,0.0,0.0,0.0,0.0,0.0,0.0,-0.0,-0.0,-0.0,1.0,3,0,0
qwen_instruct,10,loss,trait,BaBa,0,1.0,0.3333333333333333,0.0,0.3333333333333333,-0.3333333333333333,0.0,0.3333333333333333,0.0,-0.3333333333333333,0.0,-0.3333333333333333,0.3333333333333333,3,1,0
qwen_instruct,10,loss,trait,ChAs,0,1.0,1.0,1.0,1.0,0.0,0.0,0.0,0.0,0.0,0.0,0.0,1.0,3,0,0
qwen_instruct,10,loss,trait,ChBa,0,1.0,0.0,0.3333333333333333,0.0,0.3333333333333333,0.0,0.3333333333333333,0.0,0.3333333333333333,0.0,0.3333333333333333,0.0,3,1,1
qwen_instruct,10,loss,trait,CmAs,1,-2.0,0.6666666666666666,0.6666666666666666,1.0,0.0,0.33333333333333337,0.0,0.33333333333333337,-0.0,-0.33333333333333337,0.33333333333333337,0.33333333333333337,3,2,1
qwen_instruct,10,loss,trait,CmBa,1,-2.0,0.0,0.0,0.0,0.0,0.0,0.0,0.0,-0.0,-0.0,-0.0,1.0,3,0,0
qwen_instruct,10,loss,trait,CmCh,1,-2.0,0.0,0.0,0.0,0.0,0.0,0.0,0.0,-0.0,-0.0,-0.0,1.0,3,0,0
qwen_instruct,10,loss,trait,CmCm,1,-2.0,0.0,0.0,0.0,0.0,0.0,0.0,0.0,-0.0,-0.0,-0.0,1.0,3,0,0
qwen_instruct,10,loss,trait,CmCo,1,-2.0,0.0,0.0,0.0,0.0,0.0,0.0,0.0,-0.0,-0.0,-0.0,1.0,3,0,0
qwen_instruct,10,loss,trait,CmHr,1,-2.0,0.0,0.0,0.0,0.0,0.0,0.0,0.0,-0.0,-0.0,-0.0,1.0,3,0,0
qwen_instruct,10,loss,trait,CmNc,1,-2.0,0.0,0.0,0.0,0.0,0.0,0.0,0.0,-0.0,-0.0,-0.0,1.0,3,0,0
qwen_instruct,10,loss,trait,CmPc,1,-2.0,0.0,0.0,0.0,0.0,0.0,0.0,0.0,-0.0,-0.0,-0.0,1.0,3,0,0
qwen_instruct,10,loss,trait,CmPd,1,-2.0,0.0,0.0,0.0,0.0,0.0,0.0,0.0,-0.0,-0.0,-0.0,1.0,3,0,0
qwen_instruct,10,loss,trait,CmSh,1,-2.0,0.0,0.0,0.0,0.0,0.0,0.0,0.0,-0.0,-0.0,-0.0,1.0,3,0,0
qwen_instruct,10,loss,trait,CoAs,0,1.0,1.0,0.6666666666666666,1.0,-0.33333333333333337,0.0,0.33333333333333337,0.0,-0.33333333333333337,0.0,-0.33333333333333337,1.0,3,1,0
qwen_instruct,10,loss,trait,CoBa,0,1.0,0.6666666666666666,0.6666666666666666,0.3333333333333333,0.0,-0.3333333333333333,0.0,0.3333333333333333,0.0,-0.3333333333333333,0.3333333333333333,0.6666666666666666,3,2,1
qwen_instruct,10,loss,trait,CoCh,0,1.0,0.6666666666666666,0.3333333333333333,0.3333333333333333,-0.3333333333333333,-0.3333333333333333,0.3333333333333333,0.3333333333333333,-0.3333333333333333,-0.3333333333333333,0.0,0.6666666666666666,3,1,0
qwen_instruct,10,loss,trait,CoCo,0,1.0,1.0,0.6666666666666666,1.0,-0.33333333333333337,0.0,0.33333333333333337,0.0,-0.33333333333333337,0.0,-0.33333333333333337,1.0,3,1,0
qwen_instruct,10,loss,trait,CoSh,0,1.0,0.0,1.0,1.0,1.0,1.0,1.0,1.0,1.0,1.0,0.0,0.0,3,3,3
qwen_instruct,10,loss,trait,DlAs,1,-2.0,0.0,0.0,0.0,0.0,0.0,0.0,0.0,-0.0,-0.0,-0.0,1.0,3,0,0
qwen_instruct,10,loss,trait,DlBa,1,-2.0,0.0,0.0,0.0,0.0,0.0,0.0,0.0,-0.0,-0.0,-0.0,1.0,3,0,0
qwen_instruct,10,loss,trait,DlCh,1,-2.0,0.0,0.0,0.0,0.0,0.0,0.0,0.0,-0.0,-0.0,-0.0,1.0,3,0,0
qwen_instruct,10,loss,trait,DlCm,1,-2.0,0.0,0.3333333333333333,0.0,0.3333333333333333,0.0,0.3333333333333333,0.0,-0.3333333333333333,-0.0,-0.3333333333333333,1.0,3,1,0
qwen_instruct,10,loss,trait,DlCo,1,-2.0,0.0,0.6666666666666666,0.0,0.6666666666666666,0.0,0.6666666666666666,0.0,-0.6666666666666666,-0.0,-0.6666666666666666,1.0,3,2,0
qwen_instruct,10,loss,trait,DlDl,1,-2.0,0.0,0.0,0.0,0.0,0.0,0.0,0.0,-0.0,-0.0,-0.0,1.0,3,0,0
qwen_instruct,10,loss,trait,DlHa,1,-2.0,0.0,0.0,0.0,0.0,0.0,0.0,0.0,-0.0,-0.0,-0.0,1.0,3,0,0
qwen_instruct,10,loss,trait,DlHr,1,-2.0,0.0,0.0,0.0,0.0,0.0,0.0,0.0,-0.0,-0.0,-0.0,1.0,3,0,0
qwen_instruct,10,loss,trait,DlNc,1,-2.0,0.0,0.0,0.0,0.0,0.0,0.0,0.0,-0.0,-0.0,-0.0,1.0,3,0,0
qwen_instruct,10,loss,trait,DlPc,1,-2.0,0.3333333333333333,0.6666666666666666,0.0,0.3333333333333333,-0.3333333333333333,0.3333333333333333,0.3333333333333333,-0.3333333333333333,0.3333333333333333,-0.6666666666666666,0.6666666666666667,3,3,1
qwen_instruct,10,loss,trait,DlPd,1,-2.0,0.0,0.0,0.0,0.0,0.0,0.0,0.0,-0.0,-0.0,-0.0,1.0,3,0,0
qwen_instruct,10,loss,trait,DlSh,1,-2.0,0.0,0.0,0.0,0.0,0.0,0.0,0.0,-0.0,-0.0,-0.0,1.0,3,0,0
qwen_instruct,10,loss,trait,HaAs,0,2.0,1.0,1.0,1.0,0.0,0.0,0.0,0.0,0.0,0.0,0.0,1.0,3,0,0
qwen_instruct,10,loss,trait,HaBa,0,2.0,1.0,0.6666666666666666,1.0,-0.33333333333333337,0.0,0.33333333333333337,0.0,-0.33333333333333337,0.0,-0.33333333333333337,1.0,3,1,0
qwen_instruct,10,loss,trait,HaCh,0,2.0,1.0,1.0,1.0,0.0,0.0,0.0,0.0,0.0,0.0,0.0,1.0,3,0,0
qwen_instruct,10,loss,trait,HaCm,0,2.0,1.0,0.6666666666666666,1.0,-0.33333333333333337,0.0,0.33333333333333337,0.0,-0.33333333333333337,0.0,-0.33333333333333337,1.0,3,1,0
qwen_instruct,10,loss,trait,HaCo,0,2.0,0.6666666666666666,0.0,1.0,-0.6666666666666666,0.33333333333333337,0.6666666666666666,0.33333333333333337,-0.6666666666666666,0.33333333333333337,-1.0,0.6666666666666666,3,2,0
qwen_instruct,10,loss,trait,HaHa,0,2.0,1.0,0.6666666666666666,1.0,-0.33333333333333337,0.0,0.33333333333333337,0.0,-0.33333333333333337,0.0,-0.33333333333333337,1.0,3,1,0
qwen_instruct,10,loss,trait,HaHr,0,2.0,1.0,1.0,1.0,0.0,0.0,0.0,0.0,0.0,0.0,0.0,1.0,3,0,0
qwen_instruct,10,loss,trait,HaNc,0,2.0,1.0,1.0,1.0,0.0,0.0,0.0,0.0,0.0,0.0,0.0,1.0,3,0,0
qwen_instruct,10,loss,trait,HaPc,0,2.0,1.0,1.0,1.0,0.0,0.0,0.0,0.0,0.0,0.0,0.0,1.0,3,0,0
qwen_instruct,10,loss,trait,HaPd,0,2.0,1.0,1.0,1.0,0.0,0.0,0.0,0.0,0.0,0.0,0.0,1.0,3,0,0
qwen_instruct,10,loss,trait,HaSh,0,2.0,1.0,1.0,1.0,0.0,0.0,0.0,0.0,0.0,0.0,0.0,1.0,3,0,0
qwen_instruct,10,loss,trait,HrAs,1,-1.0,0.6666666666666666,0.3333333333333333,0.6666666666666666,-0.3333333333333333,0.0,0.3333333333333333,0.0,0.3333333333333333,-0.0,0.3333333333333333,0.33333333333333337,3,1,1
qwen_instruct,10,loss,trait,HrBa,1,-1.0,0.0,0.0,0.0,0.0,0.0,0.0,0.0,-0.0,-0.0,-0.0,1.0,3,0,0
qwen_instruct,10,loss,trait,HrCh,1,-1.0,0.0,0.0,0.3333333333333333,0.0,0.3333333333333333,0.0,0.3333333333333333,-0.0,-0.3333333333333333,0.3333333333333333,1.0,3,0,0
qwen_instruct,10,loss,trait,HrCo,1,-1.0,0.0,0.0,0.0,0.0,0.0,0.0,0.0,-0.0,-0.0,-0.0,1.0,3,0,0
qwen_instruct,10,loss,trait,HrHr,1,-1.0,0.0,0.0,0.0,0.0,0.0,0.0,0.0,-0.0,-0.0,-0.0,1.0,3,0,0
qwen_instruct,10,loss,trait,HrSh,1,-1.0,1.0,0.3333333333333333,1.0,-0.6666666666666667,0.0,0.6666666666666667,0.0,0.6666666666666667,-0.0,0.6666666666666667,0.0,3,2,2
qwen_instruct,10,loss,trait,NcAs,0,1.0,1.0,1.0,1.0,0.0,0.0,0.0,0.0,0.0,0.0,0.0,1.0,3,0,0
qwen_instruct,10,loss,trait,NcBa,0,1.0,0.0,0.0,0.0,0.0,0.0,0.0,0.0,0.0,0.0,0.0,0.0,3,0,0
qwen_instruct,10,loss,trait,NcCh,0,1.0,0.0,0.3333333333333333,0.6666666666666666,0.3333333333333333,0.6666666666666666,0.3333333333333333,0.6666666666666666,0.3333333333333333,0.6666666666666666,-0.3333333333333333,0.0,3,1,1
qwen_instruct,10,loss,trait,NcCo,0,1.0,0.3333333333333333,0.0,1.0,-0.3333333333333333,0.6666666666666667,0.3333333333333333,0.6666666666666667,-0.3333333333333333,0.6666666666666667,-1.0,0.3333333333333333,3,1,0
qwen_instruct,10,loss,trait,NcHr,0,1.0,0.0,0.0,0.0,0.0,0.0,0.0,0.0,0.0,0.0,0.0,0.0,3,0,0
qwen_instruct,10,loss,trait,NcNc,0,1.0,0.6666666666666666,0.3333333333333333,1.0,-0.3333333333333333,0.33333333333333337,0.3333333333333333,0.33333333333333337,-0.3333333333333333,0.33333333333333337,-0.6666666666666667,0.6666666666666666,3,3,1
qwen_instruct,10,loss,trait,NcPd,0,1.0,0.0,0.6666666666666666,0.3333333333333333,0.6666666666666666,0.3333333333333333,0.6666666666666666,0.3333333333333333,0.6666666666666666,0.3333333333333333,0.3333333333333333,0.0,3,2,2
qwen_instruct,10,loss,trait,NcSh,0,1.0,1.0,0.6666666666666666,1.0,-0.33333333333333337,0.0,0.33333333333333337,0.0,-0.33333333333333337,0.0,-0.33333333333333337,1.0,3,1,0
qwen_instruct,10,loss,trait,PcAs,0,2.0,1.0,1.0,1.0,0.0,0.0,0.0,0.0,0.0,0.0,0.0,1.0,3,0,0
qwen_instruct,10,loss,trait,PcBa,0,2.0,1.0,0.6666666666666666,1.0,-0.33333333333333337,0.0,0.33333333333333337,0.0,-0.33333333333333337,0.0,-0.33333333333333337,1.0,3,1,0
qwen_instruct,10,loss,trait,PcCh,0,2.0,1.0,0.6666666666666666,1.0,-0.33333333333333337,0.0,0.33333333333333337,0.0,-0.33333333333333337,0.0,-0.33333333333333337,1.0,3,1,0
qwen_instruct,10,loss,trait,PcCo,0,2.0,1.0,1.0,1.0,0.0,0.0,0.0,0.0,0.0,0.0,0.0,1.0,3,0,0
qwen_instruct,10,loss,trait,PcHr,0,2.0,1.0,0.6666666666666666,1.0,-0.33333333333333337,0.0,0.33333333333333337,0.0,-0.33333333333333337,0.0,-0.33333333333333337,1.0,3,1,0
qwen_instruct,10,loss,trait,PcNc,0,2.0,1.0,1.0,1.0,0.0,0.0,0.0,0.0,0.0,0.0,0.0,1.0,3,0,0
qwen_instruct,10,loss,trait,PcPc,0,2.0,1.0,1.0,1.0,0.0,0.0,0.0,0.0,0.0,0.0,0.0,1.0,3,0,0
qwen_instruct,10,loss,trait,PcPd,0,2.0,1.0,0.6666666666666666,1.0,-0.33333333333333337,0.0,0.33333333333333337,0.0,-0.33333333333333337,0.0,-0.33333333333333337,1.0,3,1,0
qwen_instruct,10,loss,trait,PcSh,0,2.0,1.0,1.0,1.0,0.0,0.0,0.0,0.0,0.0,0.0,0.0,1.0,3,0,0
qwen_instruct,10,loss,trait,PdAs,1,-1.0,0.0,0.0,0.0,0.0,0.0,0.0,0.0,-0.0,-0.0,-0.0,1.0,3,0,0
qwen_instruct,10,loss,trait,PdBa,1,-1.0,0.0,0.0,0.0,0.0,0.0,0.0,0.0,-0.0,-0.0,-0.0,1.0,3,0,0
qwen_instruct,10,loss,trait,PdCh,1,-1.0,0.0,0.0,0.0,0.0,0.0,0.0,0.0,-0.0,-0.0,-0.0,1.0,3,0,0
qwen_instruct,10,loss,trait,PdCo,1,-1.0,0.0,1.0,0.3333333333333333,1.0,0.3333333333333333,1.0,0.3333333333333333,-1.0,-0.3333333333333333,-0.6666666666666667,1.0,3,3,0
qwen_instruct,10,loss,trait,PdHr,1,-1.0,0.0,0.0,0.0,0.0,0.0,0.0,0.0,-0.0,-0.0,-0.0,1.0,3,0,0
qwen_instruct,10,loss,trait,PdSh,1,-1.0,0.0,0.0,0.0,0.0,0.0,0.0,0.0,-0.0,-0.0,-0.0,1.0,3,0,0
qwen_instruct,10,loss,trait,ShAs,1,-1.0,0.0,0.6666666666666666,0.0,0.6666666666666666,0.0,0.6666666666666666,0.0,-0.6666666666666666,-0.0,-0.6666666666666666,1.0,3,2,0
qwen_instruct,10,loss,trait,ShBa,1,-1.0,0.0,0.0,0.0,0.0,0.0,0.0,0.0,-0.0,-0.0,-0.0,1.0,3,0,0
qwen_instruct,10,loss,trait,ShCh,1,-1.0,0.0,0.0,0.0,0.0,0.0,0.0,0.0,-0.0,-0.0,-0.0,1.0,3,0,0
qwen_instruct,10,loss,trait,ShSh,1,-1.0,0.3333333333333333,0.0,0.0,-0.3333333333333333,-0.3333333333333333,0.3333333333333333,0.3333333333333333,0.3333333333333333,0.3333333333333333,-0.0,0.6666666666666667,3,1,1
qwen_instruct,10,inequity,trait,AsBa,1,-1.0,0.0,0.0,0.0,0.0,0.0,0.0,0.0,-0.0,-0.0,-0.0,1.0,3,0,0
qwen_instruct,10,inequity,trait,ChAs,0,2.0,1.0,1.0,1.0,0.0,0.0,0.0,0.0,0.0,0.0,0.0,1.0,3,0,0
qwen_instruct,10,inequity,trait,ChBa,1,-1.0,0.0,0.0,0.0,0.0,0.0,0.0,0.0,-0.0,-0.0,-0.0,1.0,3,0,0
qwen_instruct,10,inequity,trait,CmCo,1,-1.0,0.0,0.0,0.0,0.0,0.0,0.0,0.0,-0.0,-0.0,-0.0,1.0,3,0,0
qwen_instruct,10,inequity,trait,CmPc,1,-1.0,0.0,0.3333333333333333,0.0,0.3333333333333333,0.0,0.3333333333333333,0.0,-0.3333333333333333,-0.0,-0.3333333333333333,1.0,3,1,0
qwen_instruct,10,inequity,trait,DlCm,1,-1.0,0.0,0.0,0.0,0.0,0.0,0.0,0.0,-0.0,-0.0,-0.0,1.0,3,0,0
qwen_instruct,10,inequity,trait,DlHr,1,-1.0,0.0,0.0,0.0,0.0,0.0,0.0,0.0,-0.0,-0.0,-0.0,1.0,3,0,0
qwen_instruct,10,inequity,trait,HaAs,0,1.0,1.0,0.6666666666666666,1.0,-0.33333333333333337,0.0,0.33333333333333337,0.0,-0.33333333333333337,0.0,-0.33333333333333337,1.0,3,1,0
qwen_instruct,10,inequity,trait,HaBa,1,-1.0,1.0,0.0,1.0,-1.0,0.0,1.0,0.0,1.0,-0.0,1.0,0.0,3,3,3
qwen_instruct,10,inequity,trait,HaCh,1,-1.0,1.0,0.0,1.0,-1.0,0.0,1.0,0.0,1.0,-0.0,1.0,0.0,3,3,3
qwen_instruct,10,inequity,trait,HaCm,1,-1.0,1.0,0.3333333333333333,1.0,-0.6666666666666667,0.0,0.6666666666666667,0.0,0.6666666666666667,-0.0,0.6666666666666667,0.0,3,2,2
qwen_instruct,10,inequity,trait,HaHr,1,-1.0,1.0,0.0,1.0,-1.0,0.0,1.0,0.0,1.0,-0.0,1.0,0.0,3,3,3
qwen_instruct,10,inequity,trait,HaSh,0,1.0,1.0,1.0,1.0,0.0,0.0,0.0,0.0,0.0,0.0,0.0,1.0,3,0,0
qwen_instruct,10,inequity,trait,HrCo,1,-1.0,0.0,0.3333333333333333,0.0,0.3333333333333333,0.0,0.3333333333333333,0.0,-0.3333333333333333,-0.0,-0.3333333333333333,1.0,3,1,0
qwen_instruct,10,inequity,trait,NcAs,0,2.0,1.0,1.0,1.0,0.0,0.0,0.0,0.0,0.0,0.0,0.0,1.0,3,0,0
qwen_instruct,10,inequity,trait,NcBa,1,-2.0,0.0,0.0,0.0,0.0,0.0,0.0,0.0,-0.0,-0.0,-0.0,1.0,3,0,0
qwen_instruct,10,inequity,trait,NcCh,1,-1.0,0.0,0.0,0.6666666666666666,0.0,0.6666666666666666,0.0,0.6666666666666666,-0.0,-0.6666666666666666,0.6666666666666666,1.0,3,0,0
qwen_instruct,10,inequity,trait,NcCo,0,1.0,0.3333333333333333,0.3333333333333333,1.0,0.0,0.6666666666666667,0.0,0.6666666666666667,0.0,0.6666666666666667,-0.6666666666666667,0.3333333333333333,3,0,0
qwen_instruct,10,inequity,trait,NcHr,1,-2.0,0.0,0.0,0.0,0.0,0.0,0.0,0.0,-0.0,-0.0,-0.0,1.0,3,0,0
qwen_instruct,10,inequity,trait,NcSh,0,1.0,1.0,0.3333333333333333,1.0,-0.6666666666666667,0.0,0.6666666666666667,0.0,-0.6666666666666667,0.0,-0.6666666666666667,1.0,3,2,0
qwen_instruct,10,inequity,trait,PcHr,1,-1.0,1.0,0.3333333333333333,1.0,-0.6666666666666667,0.0,0.6666666666666667,0.0,0.6666666666666667,-0.0,0.6666666666666667,0.0,3,2,2
qwen_instruct,10,inequity,trait,PcNc,0,1.0,1.0,1.0,1.0,0.0,0.0,0.0,0.0,0.0,0.0,0.0,1.0,3,0,0
qwen_instruct,10,inequity,trait,PcPd,1,-1.0,1.0,0.0,1.0,-1.0,0.0,1.0,0.0,1.0,-0.0,1.0,0.0,3,3,3
qwen_instruct,10,inequity,trait,PdAs,0,1.0,0.0,0.0,0.0,0.0,0.0,0.0,0.0,0.0,0.0,0.0,0.0,3,0,0
qwen_instruct,10,inequity,trait,PdBa,1,-1.0,0.0,0.3333333333333333,0.0,0.3333333333333333,0.0,0.3333333333333333,0.0,-0.3333333333333333,-0.0,-0.3333333333333333,1.0,3,1,0
qwen_instruct,10,inequity,trait,PdCo,0,1.0,0.0,0.3333333333333333,0.3333333333333333,0.3333333333333333,0.3333333333333333,0.3333333333333333,0.3333333333333333,0.3333333333333333,0.3333333333333333,0.0,0.0,3,1,1
qwen_instruct,10,inequity,trait,PdHr,1,-2.0,0.0,0.0,0.0,0.0,0.0,0.0,0.0,-0.0,-0.0,-0.0,1.0,3,0,0
qwen_instruct,10,inequity,trait,ShAs,0,1.0,0.0,0.0,0.0,0.0,0.0,0.0,0.0,0.0,0.0,0.0,0.0,3,0,0
qwen_instruct,10,inequity,trait,ShBa,1,-2.0,0.0,0.0,0.0,0.0,0.0,0.0,0.0,-0.0,-0.0,-0.0,1.0,3,0,0
qwen_instruct,10,inequity,trait,ShCh,1,-1.0,0.0,0.0,0.0,0.0,0.0,0.0,0.0,-0.0,-0.0,-0.0,1.0,3,0,0
qwen_instruct,10,selfish,trait,CmAs,1,-2.0,0.6666666666666666,0.0,1.0,-0.6666666666666666,0.33333333333333337,0.6666666666666666,0.33333333333333337,0.6666666666666666,-0.33333333333333337,1.0,0.33333333333333337,3,2,2
qwen_instruct,10,selfish,trait,CmBa,1,-2.0,0.0,0.3333333333333333,0.0,0.3333333333333333,0.0,0.3333333333333333,0.0,-0.3333333333333333,-0.0,-0.3333333333333333,1.0,3,1,0
qwen_instruct,10,selfish,trait,CmCh,1,-2.0,0.0,0.3333333333333333,0.0,0.3333333333333333,0.0,0.3333333333333333,0.0,-0.3333333333333333,-0.0,-0.3333333333333333,1.0,3,1,0
qwen_instruct,10,selfish,trait,CmCm,1,-2.0,0.0,0.6666666666666666,0.0,0.6666666666666666,0.0,0.6666666666666666,0.0,-0.6666666666666666,-0.0,-0.6666666666666666,1.0,3,2,0
qwen_instruct,10,selfish,trait,CmCo,1,-2.0,0.0,0.6666666666666666,0.0,0.6666666666666666,0.0,0.6666666666666666,0.0,-0.6666666666666666,-0.0,-0.6666666666666666,1.0,3,2,0
qwen_instruct,10,selfish,trait,CmHr,1,-2.0,0.0,0.3333333333333333,0.0,0.3333333333333333,0.0,0.3333333333333333,0.0,-0.3333333333333333,-0.0,-0.3333333333333333,1.0,3,1,0
qwen_instruct,10,selfish,trait,CmNc,1,-2.0,0.0,0.6666666666666666,0.0,0.6666666666666666,0.0,0.6666666666666666,0.0,-0.6666666666666666,-0.0,-0.6666666666666666,1.0,3,2,0
qwen_instruct,10,selfish,trait,CmPc,1,-2.0,0.0,0.3333333333333333,0.0,0.3333333333333333,0.0,0.3333333333333333,0.0,-0.3333333333333333,-0.0,-0.3333333333333333,1.0,3,1,0
qwen_instruct,10,selfish,trait,CmPd,1,-2.0,0.0,0.6666666666666666,0.0,0.6666666666666666,0.0,0.6666666666666666,0.0,-0.6666666666666666,-0.0,-0.6666666666666666,1.0,3,2,0
qwen_instruct,10,selfish,trait,CmSh,1,-2.0,0.0,0.3333333333333333,0.0,0.3333333333333333,0.0,0.3333333333333333,0.0,-0.3333333333333333,-0.0,-0.3333333333333333,1.0,3,1,0
qwen_instruct,10,selfish,trait,CoAs,0,1.0,1.0,0.6666666666666666,1.0,-0.33333333333333337,0.0,0.33333333333333337,0.0,-0.33333333333333337,0.0,-0.33333333333333337,1.0,3,1,0
qwen_instruct,10,selfish,trait,CoBa,0,1.0,0.6666666666666666,0.3333333333333333,0.3333333333333333,-0.3333333333333333,-0.3333333333333333,0.3333333333333333,0.3333333333333333,-0.3333333333333333,-0.3333333333333333,0.0,0.6666666666666666,3,1,0
qwen_instruct,10,selfish,trait,CoCh,0,1.0,0.6666666666666666,0.0,0.3333333333333333,-0.6666666666666666,-0.3333333333333333,0.6666666666666666,0.3333333333333333,-0.6666666666666666,-0.3333333333333333,-0.3333333333333333,0.6666666666666666,3,2,0
qwen_instruct,10,selfish,trait,CoCo,0,1.0,1.0,1.0,1.0,0.0,0.0,0.0,0.0,0.0,0.0,0.0,1.0,3,0,0
qwen_instruct,10,selfish,trait,CoSh,0,1.0,0.0,0.3333333333333333,1.0,0.3333333333333333,1.0,0.3333333333333333,1.0,0.3333333333333333,1.0,-0.6666666666666667,0.0,3,1,1
qwen_instruct,10,selfish,trait,DlAs,1,-2.0,0.0,0.6666666666666666,0.0,0.6666666666666666,0.0,0.6666666666666666,0.0,-0.6666666666666666,-0.0,-0.6666666666666666,1.0,3,2,0
qwen_instruct,10,selfish,trait,DlBa,1,-2.0,0.0,0.3333333333333333,0.0,0.3333333333333333,0.0,0.3333333333333333,0.0,-0.3333333333333333,-0.0,-0.3333333333333333,1.0,3,1,0
qwen_instruct,10,selfish,trait,DlCh,1,-2.0,0.0,0.6666666666666666,0.0,0.6666666666666666,0.0,0.6666666666666666,0.0,-0.6666666666666666,-0.0,-0.6666666666666666,1.0,3,2,0
qwen_instruct,10,selfish,trait,DlCm,1,-2.0,0.0,0.3333333333333333,0.0,0.3333333333333333,0.0,0.3333333333333333,0.0,-0.3333333333333333,-0.0,-0.3333333333333333,1.0,3,1,0
qwen_instruct,10,selfish,trait,DlCo,1,-2.0,0.0,0.6666666666666666,0.0,0.6666666666666666,0.0,0.6666666666666666,0.0,-0.6666666666666666,-0.0,-0.6666666666666666,1.0,3,2,0
qwen_instruct,10,selfish,trait,DlDl,1,-2.0,0.0,0.3333333333333333,0.0,0.3333333333333333,0.0,0.3333333333333333,0.0,-0.3333333333333333,-0.0,-0.3333333333333333,1.0,3,1,0
qwen_instruct,10,selfish,trait,DlHa,1,-2.0,0.0,0.6666666666666666,0.0,0.6666666666666666,0.0,0.6666666666666666,0.0,-0.6666666666666666,-0.0,-0.6666666666666666,1.0,3,2,0
qwen_instruct,10,selfish,trait,DlHr,1,-2.0,0.0,0.6666666666666666,0.0,0.6666666666666666,0.0,0.6666666666666666,0.0,-0.6666666666666666,-0.0,-0.6666666666666666,1.0,3,2,0
qwen_instruct,10,selfish,trait,DlNc,1,-2.0,0.0,0.3333333333333333,0.0,0.3333333333333333,0.0,0.3333333333333333,0.0,-0.3333333333333333,-0.0,-0.3333333333333333,1.0,3,1,0
qwen_instruct,10,selfish,trait,DlPc,1,-2.0,0.3333333333333333,0.3333333333333333,0.0,0.0,-0.3333333333333333,0.0,0.3333333333333333,-0.0,0.3333333333333333,-0.3333333333333333,0.6666666666666667,3,2,1
qwen_instruct,10,selfish,trait,DlPd,1,-2.0,0.0,0.3333333333333333,0.0,0.3333333333333333,0.0,0.3333333333333333,0.0,-0.3333333333333333,-0.0,-0.3333333333333333,1.0,3,1,0
qwen_instruct,10,selfish,trait,DlSh,1,-2.0,0.0,0.3333333333333333,0.0,0.3333333333333333,0.0,0.3333333333333333,0.0,-0.3333333333333333,-0.0,-0.3333333333333333,1.0,3,1,0
qwen_instruct,10,selfish,trait,HaAs,0,2.0,1.0,1.0,1.0,0.0,0.0,0.0,0.0,0.0,0.0,0.0,1.0,3,0,0
qwen_instruct,10,selfish,trait,HaBa,0,2.0,1.0,0.3333333333333333,1.0,-0.6666666666666667,0.0,0.6666666666666667,0.0,-0.6666666666666667,0.0,-0.6666666666666667,1.0,3,2,0
qwen_instruct,10,selfish,trait,HaCh,0,2.0,1.0,0.6666666666666666,1.0,-0.33333333333333337,0.0,0.33333333333333337,0.0,-0.33333333333333337,0.0,-0.33333333333333337,1.0,3,1,0
qwen_instruct,10,selfish,trait,HaCm,0,2.0,1.0,0.0,1.0,-1.0,0.0,1.0,0.0,-1.0,0.0,-1.0,1.0,3,3,0
qwen_instruct,10,selfish,trait,HaCo,0,2.0,0.6666666666666666,0.6666666666666666,1.0,0.0,0.33333333333333337,0.0,0.33333333333333337,0.0,0.33333333333333337,-0.33333333333333337,0.6666666666666666,3,2,1
qwen_instruct,10,selfish,trait,HaHa,0,2.0,1.0,1.0,1.0,0.0,0.0,0.0,0.0,0.0,0.0,0.0,1.0,3,0,0
qwen_instruct,10,selfish,trait,HaHr,0,2.0,1.0,1.0,1.0,0.0,0.0,0.0,0.0,0.0,0.0,0.0,1.0,3,0,0
qwen_instruct,10,selfish,trait,HaNc,0,2.0,1.0,0.6666666666666666,1.0,-0.33333333333333337,0.0,0.33333333333333337,0.0,-0.33333333333333337,0.0,-0.33333333333333337,1.0,3,1,0
qwen_instruct,10,selfish,trait,HaPc,0,2.0,1.0,0.0,1.0,-1.0,0.0,1.0,0.0,-1.0,0.0,-1.0,1.0,3,3,0
qwen_instruct,10,selfish,trait,HaPd,0,2.0,1.0,0.6666666666666666,1.0,-0.33333333333333337,0.0,0.33333333333333337,0.0,-0.33333333333333337,0.0,-0.33333333333333337,1.0,3,1,0
qwen_instruct,10,selfish,trait,HaSh,0,2.0,1.0,0.6666666666666666,1.0,-0.33333333333333337,0.0,0.33333333333333337,0.0,-0.33333333333333337,0.0,-0.33333333333333337,1.0,3,1,0
qwen_instruct,10,selfish,trait,HrAs,1,-1.0,0.6666666666666666,0.3333333333333333,0.6666666666666666,-0.3333333333333333,0.0,0.3333333333333333,0.0,0.3333333333333333,-0.0,0.3333333333333333,0.33333333333333337,3,1,1
qwen_instruct,10,selfish,trait,HrBa,1,-1.0,0.0,0.6666666666666666,0.0,0.6666666666666666,0.0,0.6666666666666666,0.0,-0.6666666666666666,-0.0,-0.6666666666666666,1.0,3,2,0
qwen_instruct,10,selfish,trait,HrCh,1,-1.0,0.0,0.3333333333333333,0.3333333333333333,0.3333333333333333,0.3333333333333333,0.3333333333333333,0.3333333333333333,-0.3333333333333333,-0.3333333333333333,-0.0,1.0,3,1,0
qwen_instruct,10,selfish,trait,HrCo,1,-1.0,0.0,0.3333333333333333,0.0,0.3333333333333333,0.0,0.3333333333333333,0.0,-0.3333333333333333,-0.0,-0.3333333333333333,1.0,3,1,0
qwen_instruct,10,selfish,trait,HrHr,1,-1.0,0.0,0.3333333333333333,0.0,0.3333333333333333,0.0,0.3333333333333333,0.0,-0.3333333333333333,-0.0,-0.3333333333333333,1.0,3,1,0
qwen_instruct,10,selfish,trait,HrSh,1,-1.0,1.0,0.6666666666666666,1.0,-0.33333333333333337,0.0,0.33333333333333337,0.0,0.33333333333333337,-0.0,0.33333333333333337,0.0,3,1,1
qwen_instruct,10,selfish,trait,NcAs,0,1.0,1.0,0.3333333333333333,1.0,-0.6666666666666667,0.0,0.6666666666666667,0.0,-0.6666666666666667,0.0,-0.6666666666666667,1.0,3,2,0
qwen_instruct,10,selfish,trait,NcBa,0,1.0,0.0,0.6666666666666666,0.0,0.6666666666666666,0.0,0.6666666666666666,0.0,0.6666666666666666,0.0,0.6666666666666666,0.0,3,2,2
qwen_instruct,10,selfish,trait,NcCh,0,1.0,0.0,0.6666666666666666,0.6666666666666666,0.6666666666666666,0.6666666666666666,0.6666666666666666,0.6666666666666666,0.6666666666666666,0.6666666666666666,0.0,0.0,3,2,2
qwen_instruct,10,selfish,trait,NcCo,0,1.0,0.3333333333333333,0.6666666666666666,1.0,0.3333333333333333,0.6666666666666667,0.3333333333333333,0.6666666666666667,0.3333333333333333,0.6666666666666667,-0.3333333333333334,0.3333333333333333,3,3,2
qwen_instruct,10,selfish,trait,NcHr,0,1.0,0.0,0.6666666666666666,0.0,0.6666666666666666,0.0,0.6666666666666666,0.0,0.6666666666666666,0.0,0.6666666666666666,0.0,3,2,2
qwen_instruct,10,selfish,trait,NcNc,0,1.0,0.6666666666666666,0.3333333333333333,1.0,-0.3333333333333333,0.33333333333333337,0.3333333333333333,0.33333333333333337,-0.3333333333333333,0.33333333333333337,-0.6666666666666667,0.6666666666666666,3,3,1
qwen_instruct,10,selfish,trait,NcPd,0,1.0,0.0,0.6666666666666666,0.3333333333333333,0.6666666666666666,0.3333333333333333,0.6666666666666666,0.3333333333333333,0.6666666666666666,0.3333333333333333,0.3333333333333333,0.0,3,2,2
qwen_instruct,10,selfish,trait,NcSh,0,1.0,1.0,0.3333333333333333,1.0,-0.6666666666666667,0.0,0.6666666666666667,0.0,-0.6666666666666667,0.0,-0.6666666666666667,1.0,3,2,0
qwen_instruct,10,selfish,trait,PcAs,0,2.0,1.0,1.0,1.0,0.0,0.0,0.0,0.0,0.0,0.0,0.0,1.0,3,0,0
qwen_instruct,10,selfish,trait,PcBa,0,2.0,1.0,0.3333333333333333,1.0,-0.6666666666666667,0.0,0.6666666666666667,0.0,-0.6666666666666667,0.0,-0.6666666666666667,1.0,3,2,0
qwen_instruct,10,selfish,trait,PcCh,0,2.0,1.0,0.0,1.0,-1.0,0.0,1.0,0.0,-1.0,0.0,-1.0,1.0,3,3,0
qwen_instruct,10,selfish,trait,PcCo,0,2.0,1.0,0.3333333333333333,1.0,-0.6666666666666667,0.0,0.6666666666666667,0.0,-0.6666666666666667,0.0,-0.6666666666666667,1.0,3,2,0
qwen_instruct,10,selfish,trait,PcHr,0,2.0,1.0,0.3333333333333333,1.0,-0.6666666666666667,0.0,0.6666666666666667,0.0,-0.6666666666666667,0.0,-0.6666666666666667,1.0,3,2,0
qwen_instruct,10,selfish,trait,PcNc,0,2.0,1.0,1.0,1.0,0.0,0.0,0.0,0.0,0.0,0.0,0.0,1.0,3,0,0
qwen_instruct,10,selfish,trait,PcPc,0,2.0,1.0,0.6666666666666666,1.0,-0.33333333333333337,0.0,0.33333333333333337,0.0,-0.33333333333333337,0.0,-0.33333333333333337,1.0,3,1,0
qwen_instruct,10,selfish,trait,PcPd,0,2.0,1.0,0.3333333333333333,1.0,-0.6666666666666667,0.0,0.6666666666666667,0.0,-0.6666666666666667,0.0,-0.6666666666666667,1.0,3,2,0
qwen_instruct,10,selfish,trait,PcSh,0,2.0,1.0,0.6666666666666666,1.0,-0.33333333333333337,0.0,0.33333333333333337,0.0,-0.33333333333333337,0.0,-0.33333333333333337,1.0,3,1,0
qwen_instruct,10,selfish,trait,PdAs,1,-1.0,0.0,0.3333333333333333,0.0,0.3333333333333333,0.0,0.3333333333333333,0.0,-0.3333333333333333,-0.0,-0.3333333333333333,1.0,3,1,0
qwen_instruct,10,selfish,trait,PdBa,1,-1.0,0.0,0.6666666666666666,0.0,0.6666666666666666,0.0,0.6666666666666666,0.0,-0.6666666666666666,-0.0,-0.6666666666666666,1.0,3,2,0
qwen_instruct,10,selfish,trait,PdCh,1,-1.0,0.0,0.3333333333333333,0.0,0.3333333333333333,0.0,0.3333333333333333,0.0,-0.3333333333333333,-0.0,-0.3333333333333333,1.0,3,1,0
qwen_instruct,10,selfish,trait,PdCo,1,-1.0,0.0,0.6666666666666666,0.3333333333333333,0.6666666666666666,0.3333333333333333,0.6666666666666666,0.3333333333333333,-0.6666666666666666,-0.3333333333333333,-0.3333333333333333,1.0,3,2,0
qwen_instruct,10,selfish,trait,PdHr,1,-1.0,0.0,0.3333333333333333,0.0,0.3333333333333333,0.0,0.3333333333333333,0.0,-0.3333333333333333,-0.0,-0.3333333333333333,1.0,3,1,0
qwen_instruct,10,selfish,trait,PdSh,1,-1.0,0.0,0.6666666666666666,0.0,0.6666666666666666,0.0,0.6666666666666666,0.0,-0.6666666666666666,-0.0,-0.6666666666666666,1.0,3,2,0
qwen_instruct,10,maximin,rule,AsAs,1,-1.0,0.0,0.0,0.0,0.0,0.0,0.0,0.0,-0.0,-0.0,-0.0,1.0,3,0,0
qwen_instruct,10,maximin,rule,AsBa,1,-1.0,0.0,0.0,0.0,0.0,0.0,0.0,0.0,-0.0,-0.0,-0.0,1.0,3,0,0
qwen_instruct,10,maximin,rule,BaBa,0,1.0,0.3333333333333333,0.0,0.3333333333333333,-0.3333333333333333,0.0,0.3333333333333333,0.0,-0.3333333333333333,0.0,-0.3333333333333333,0.3333333333333333,3,1,0
qwen_instruct,10,maximin,rule,ChAs,0,1.0,1.0,1.0,1.0,0.0,0.0,0.0,0.0,0.0,0.0,0.0,1.0,3,0,0
qwen_instruct,10,maximin,rule,ChBa,0,1.0,0.0,0.0,0.0,0.0,0.0,0.0,0.0,0.0,0.0,0.0,0.0,3,0,0
qwen_instruct,10,maximin,rule,CmAs,1,-2.0,0.6666666666666666,0.0,1.0,-0.6666666666666666,0.33333333333333337,0.6666666666666666,0.33333333333333337,0.6666666666666666,-0.33333333333333337,1.0,0.33333333333333337,3,2,2
qwen_instruct,10,maximin,rule,CmBa,1,-2.0,0.0,0.0,0.0,0.0,0.0,0.0,0.0,-0.0,-0.0,-0.0,1.0,3,0,0
qwen_instruct,10,maximin,rule,CmCh,1,-2.0,0.0,0.0,0.0,0.0,0.0,0.0,0.0,-0.0,-0.0,-0.0,1.0,3,0,0
qwen_instruct,10,maximin,rule,CmCm,1,-2.0,0.0,0.0,0.0,0.0,0.0,0.0,0.0,-0.0,-0.0,-0.0,1.0,3,0,0
qwen_instruct,10,maximin,rule,CmCo,1,-2.0,0.0,0.0,0.0,0.0,0.0,0.0,0.0,-0.0,-0.0,-0.0,1.0,3,0,0
qwen_instruct,10,maximin,rule,CmHr,1,-2.0,0.0,0.0,0.0,0.0,0.0,0.0,0.0,-0.0,-0.0,-0.0,1.0,3,0,0
qwen_instruct,10,maximin,rule,CmNc,1,-2.0,0.0,0.0,0.0,0.0,0.0,0.0,0.0,-0.0,-0.0,-0.0,1.0,3,0,0
qwen_instruct,10,maximin,rule,CmPc,1,-2.0,0.0,0.0,0.0,0.0,0.0,0.0,0.0,-0.0,-0.0,-0.0,1.0,3,0,0
qwen_instruct,10,maximin,rule,CmPd,1,-2.0,0.0,0.0,0.0,0.0,0.0,0.0,0.0,-0.0,-0.0,-0.0,1.0,3,0,0
qwen_instruct,10,maximin,rule,CmSh,1,-2.0,0.0,0.0,0.0,0.0,0.0,0.0,0.0,-0.0,-0.0,-0.0,1.0,3,0,0
qwen_instruct,10,maximin,rule,CoAs,0,1.0,1.0,1.0,1.0,0.0,0.0,0.0,0.0,0.0,0.0,0.0,1.0,3,0,0
qwen_instruct,10,maximin,rule,CoBa,0,1.0,0.6666666666666666,0.6666666666666666,0.3333333333333333,0.0,-0.3333333333333333,0.0,0.3333333333333333,0.0,-0.3333333333333333,0.3333333333333333,0.6666666666666666,3,0,0
qwen_instruct,10,maximin,rule,CoCh,0,1.0,0.6666666666666666,1.0,0.3333333333333333,0.33333333333333337,-0.3333333333333333,0.33333333333333337,0.3333333333333333,0.33333333333333337,-0.3333333333333333,0.6666666666666667,0.6666666666666666,3,1,1
qwen_instruct,10,maximin,rule,CoCo,0,1.0,1.0,1.0,1.0,0.0,0.0,0.0,0.0,0.0,0.0,0.0,1.0,3,0,0
qwen_instruct,10,maximin,rule,CoSh,0,1.0,0.0,0.3333333333333333,1.0,0.3333333333333333,1.0,0.3333333333333333,1.0,0.3333333333333333,1.0,-0.6666666666666667,0.0,3,1,1
qwen_instruct,10,maximin,rule,DlAs,1,-2.0,0.0,0.0,0.0,0.0,0.0,0.0,0.0,-0.0,-0.0,-0.0,1.0,3,0,0
qwen_instruct,10,maximin,rule,DlBa,1,-2.0,0.0,0.0,0.0,0.0,0.0,0.0,0.0,-0.0,-0.0,-0.0,1.0,3,0,0
qwen_instruct,10,maximin,rule,DlCh,1,-2.0,0.0,0.0,0.0,0.0,0.0,0.0,0.0,-0.0,-0.0,-0.0,1.0,3,0,0
qwen_instruct,10,maximin,rule,DlCm,1,-2.0,0.0,0.0,0.0,0.0,0.0,0.0,0.0,-0.0,-0.0,-0.0,1.0,3,0,0
qwen_instruct,10,maximin,rule,DlCo,1,-2.0,0.0,0.0,0.0,0.0,0.0,0.0,0.0,-0.0,-0.0,-0.0,1.0,3,0,0
qwen_instruct,10,maximin,rule,DlDl,1,-2.0,0.0,0.0,0.0,0.0,0.0,0.0,0.0,-0.0,-0.0,-0.0,1.0,3,0,0
qwen_instruct,10,maximin,rule,DlHa,1,-2.0,0.0,0.0,0.0,0.0,0.0,0.0,0.0,-0.0,-0.0,-0.0,1.0,3,0,0
qwen_instruct,10,maximin,rule,DlHr,1,-2.0,0.0,0.0,0.0,0.0,0.0,0.0,0.0,-0.0,-0.0,-0.0,1.0,3,0,0
qwen_instruct,10,maximin,rule,DlNc,1,-2.0,0.0,0.0,0.0,0.0,0.0,0.0,0.0,-0.0,-0.0,-0.0,1.0,3,0,0
qwen_instruct,10,maximin,rule,DlPc,1,-2.0,0.3333333333333333,0.0,0.0,-0.3333333333333333,-0.3333333333333333,0.3333333333333333,0.3333333333333333,0.3333333333333333,0.3333333333333333,-0.0,0.6666666666666667,3,1,1
qwen_instruct,10,maximin,rule,DlPd,1,-2.0,0.0,0.0,0.0,0.0,0.0,0.0,0.0,-0.0,-0.0,-0.0,1.0,3,0,0
qwen_instruct,10,maximin,rule,DlSh,1,-2.0,0.0,0.0,0.0,0.0,0.0,0.0,0.0,-0.0,-0.0,-0.0,1.0,3,0,0
qwen_instruct,10,maximin,rule,HaAs,0,2.0,1.0,1.0,1.0,0.0,0.0,0.0,0.0,0.0,0.0,0.0,1.0,3,0,0
qwen_instruct,10,maximin,rule,HaBa,0,2.0,1.0,1.0,1.0,0.0,0.0,0.0,0.0,0.0,0.0,0.0,1.0,3,0,0
qwen_instruct,10,maximin,rule,HaCh,0,2.0,1.0,1.0,1.0,0.0,0.0,0.0,0.0,0.0,0.0,0.0,1.0,3,0,0
qwen_instruct,10,maximin,rule,HaCm,0,2.0,1.0,1.0,1.0,0.0,0.0,0.0,0.0,0.0,0.0,0.0,1.0,3,0,0
qwen_instruct,10,maximin,rule,HaCo,0,2.0,0.6666666666666666,1.0,1.0,0.33333333333333337,0.33333333333333337,0.33333333333333337,0.33333333333333337,0.33333333333333337,0.33333333333333337,0.0,0.6666666666666666,3,1,1
qwen_instruct,10,maximin,rule,HaHa,0,2.0,1.0,1.0,1.0,0.0,0.0,0.0,0.0,0.0,0.0,0.0,1.0,3,0,0
qwen_instruct,10,maximin,rule,HaHr,0,2.0,1.0,1.0,1.0,0.0,0.0,0.0,0.0,0.0,0.0,0.0,1.0,3,0,0
qwen_instruct,10,maximin,rule,HaNc,0,2.0,1.0,1.0,1.0,0.0,0.0,0.0,0.0,0.0,0.0,0.0,1.0,3,0,0
qwen_instruct,10,maximin,rule,HaPc,0,2.0,1.0,1.0,1.0,0.0,0.0,0.0,0.0,0.0,0.0,0.0,1.0,3,0,0
qwen_instruct,10,maximin,rule,HaPd,0,2.0,1.0,1.0,1.0,0.0,0.0,0.0,0.0,0.0,0.0,0.0,1.0,3,0,0
qwen_instruct,10,maximin,rule,HaSh,0,2.0,1.0,1.0,1.0,0.0,0.0,0.0,0.0,0.0,0.0,0.0,1.0,3,0,0
qwen_instruct,10,maximin,rule,HrAs,1,-1.0,0.6666666666666666,0.0,0.6666666666666666,-0.6666666666666666,0.0,0.6666666666666666,0.0,0.6666666666666666,-0.0,0.6666666666666666,0.33333333333333337,3,2,2
qwen_instruct,10,maximin,rule,HrBa,1,-1.0,0.0,0.0,0.0,0.0,0.0,0.0,0.0,-0.0,-0.0,-0.0,1.0,3,0,0
qwen_instruct,10,maximin,rule,HrCh,1,-1.0,0.0,0.0,0.3333333333333333,0.0,0.3333333333333333,0.0,0.3333333333333333,-0.0,-0.3333333333333333,0.3333333333333333,1.0,3,0,0
qwen_instruct,10,maximin,rule,HrCo,1,-1.0,0.0,0.0,0.0,0.0,0.0,0.0,0.0,-0.0,-0.0,-0.0,1.0,3,0,0
qwen_instruct,10,maximin,rule,HrHr,1,-1.0,0.0,0.0,0.0,0.0,0.0,0.0,0.0,-0.0,-0.0,-0.0,1.0,3,0,0
qwen_instruct,10,maximin,rule,HrSh,1,-1.0,1.0,0.0,1.0,-1.0,0.0,1.0,0.0,1.0,-0.0,1.0,0.0,3,3,3
qwen_instruct,10,maximin,rule,NcAs,0,1.0,1.0,1.0,1.0,0.0,0.0,0.0,0.0,0.0,0.0,0.0,1.0,3,0,0
qwen_instruct,10,maximin,rule,NcBa,0,1.0,0.0,0.3333333333333333,0.0,0.3333333333333333,0.0,0.3333333333333333,0.0,0.3333333333333333,0.0,0.3333333333333333,0.0,3,1,1
qwen_instruct,10,maximin,rule,NcCh,0,1.0,0.0,0.3333333333333333,0.6666666666666666,0.3333333333333333,0.6666666666666666,0.3333333333333333,0.6666666666666666,0.3333333333333333,0.6666666666666666,-0.3333333333333333,0.0,3,1,1
qwen_instruct,10,maximin,rule,NcCo,0,1.0,0.3333333333333333,1.0,1.0,0.6666666666666667,0.6666666666666667,0.6666666666666667,0.6666666666666667,0.6666666666666667,0.6666666666666667,0.0,0.3333333333333333,3,2,2
qwen_instruct,10,maximin,rule,NcHr,0,1.0,0.0,0.0,0.0,0.0,0.0,0.0,0.0,0.0,0.0,0.0,0.0,3,0,0
qwen_instruct,10,maximin,rule,NcNc,0,1.0,0.6666666666666666,0.3333333333333333,1.0,-0.3333333333333333,0.33333333333333337,0.3333333333333333,0.33333333333333337,-0.3333333333333333,0.33333333333333337,-0.6666666666666667,0.6666666666666666,3,3,1
qwen_instruct,10,maximin,rule,NcPd,0,1.0,0.0,0.0,0.3333333333333333,0.0,0.3333333333333333,0.0,0.3333333333333333,0.0,0.3333333333333333,-0.3333333333333333,0.0,3,0,0
qwen_instruct,10,maximin,rule,NcSh,0,1.0,1.0,0.0,1.0,-1.0,0.0,1.0,0.0,-1.0,0.0,-1.0,1.0,3,3,0
qwen_instruct,10,maximin,rule,PcAs,0,2.0,1.0,1.0,1.0,0.0,0.0,0.0,0.0,0.0,0.0,0.0,1.0,3,0,0
qwen_instruct,10,maximin,rule,PcBa,0,2.0,1.0,1.0,1.0,0.0,0.0,0.0,0.0,0.0,0.0,0.0,1.0,3,0,0
qwen_instruct,10,maximin,rule,PcCh,0,2.0,1.0,1.0,1.0,0.0,0.0,0.0,0.0,0.0,0.0,0.0,1.0,3,0,0
qwen_instruct,10,maximin,rule,PcCo,0,2.0,1.0,1.0,1.0,0.0,0.0,0.0,0.0,0.0,0.0,0.0,1.0,3,0,0
qwen_instruct,10,maximin,rule,PcHr,0,2.0,1.0,1.0,1.0,0.0,0.0,0.0,0.0,0.0,0.0,0.0,1.0,3,0,0
qwen_instruct,10,maximin,rule,PcNc,0,2.0,1.0,1.0,1.0,0.0,0.0,0.0,0.0,0.0,0.0,0.0,1.0,3,0,0
qwen_instruct,10,maximin,rule,PcPc,0,2.0,1.0,1.0,1.0,0.0,0.0,0.0,0.0,0.0,0.0,0.0,1.0,3,0,0
qwen_instruct,10,maximin,rule,PcPd,0,2.0,1.0,1.0,1.0,0.0,0.0,0.0,0.0,0.0,0.0,0.0,1.0,3,0,0
qwen_instruct,10,maximin,rule,PcSh,0,2.0,1.0,1.0,1.0,0.0,0.0,0.0,0.0,0.0,0.0,0.0,1.0,3,0,0
qwen_instruct,10,maximin,rule,PdAs,1,-1.0,0.0,0.0,0.0,0.0,0.0,0.0,0.0,-0.0,-0.0,-0.0,1.0,3,0,0
qwen_instruct,10,maximin,rule,PdBa,1,-1.0,0.0,0.0,0.0,0.0,0.0,0.0,0.0,-0.0,-0.0,-0.0,1.0,3,0,0
qwen_instruct,10,maximin,rule,PdCh,1,-1.0,0.0,0.0,0.0,0.0,0.0,0.0,0.0,-0.0,-0.0,-0.0,1.0,3,0,0
qwen_instruct,10,maximin,rule,PdCo,1,-1.0,0.0,0.0,0.3333333333333333,0.0,0.3333333333333333,0.0,0.3333333333333333,-0.0,-0.3333333333333333,0.3333333333333333,1.0,3,0,0
qwen_instruct,10,maximin,rule,PdHr,1,-1.0,0.0,0.0,0.0,0.0,0.0,0.0,0.0,-0.0,-0.0,-0.0,1.0,3,0,0
qwen_instruct,10,maximin,rule,PdSh,1,-1.0,0.0,0.0,0.0,0.0,0.0,0.0,0.0,-0.0,-0.0,-0.0,1.0,3,0,0
qwen_instruct,10,maximin,rule,ShAs,1,-1.0,0.0,0.0,0.0,0.0,0.0,0.0,0.0,-0.0,-0.0,-0.0,1.0,3,0,0
qwen_instruct,10,maximin,rule,ShBa,1,-1.0,0.0,0.0,0.0,0.0,0.0,0.0,0.0,-0.0,-0.0,-0.0,1.0,3,0,0
qwen_instruct,10,maximin,rule,ShCh,1,-1.0,0.0,0.0,0.0,0.0,0.0,0.0,0.0,-0.0,-0.0,-0.0,1.0,3,0,0
qwen_instruct,10,maximin,rule,ShSh,1,-1.0,0.3333333333333333,0.0,0.0,-0.3333333333333333,-0.3333333333333333,0.3333333333333333,0.3333333333333333,0.3333333333333333,0.3333333333333333,-0.0,0.6666666666666667,3,1,1
qwen_instruct,10,level1,rule,CmAs,1,-2.0,0.6666666666666666,0.0,1.0,-0.6666666666666666,0.33333333333333337,0.6666666666666666,0.33333333333333337,0.6666666666666666,-0.33333333333333337,1.0,0.33333333333333337,3,2,2
qwen_instruct,10,level1,rule,CmBa,1,-2.0,0.0,0.0,0.0,0.0,0.0,0.0,0.0,-0.0,-0.0,-0.0,1.0,3,0,0
qwen_instruct,10,level1,rule,CmCh,1,-2.0,0.0,0.0,0.0,0.0,0.0,0.0,0.0,-0.0,-0.0,-0.0,1.0,3,0,0
qwen_instruct,10,level1,rule,CmCm,1,-2.0,0.0,0.0,0.0,0.0,0.0,0.0,0.0,-0.0,-0.0,-0.0,1.0,3,0,0
qwen_instruct,10,level1,rule,CmCo,1,-2.0,0.0,0.0,0.0,0.0,0.0,0.0,0.0,-0.0,-0.0,-0.0,1.0,3,0,0
qwen_instruct,10,level1,rule,CmHr,1,-2.0,0.0,0.0,0.0,0.0,0.0,0.0,0.0,-0.0,-0.0,-0.0,1.0,3,0,0
qwen_instruct,10,level1,rule,CmNc,1,-2.0,0.0,0.0,0.0,0.0,0.0,0.0,0.0,-0.0,-0.0,-0.0,1.0,3,0,0
qwen_instruct,10,level1,rule,CmPc,1,-2.0,0.0,0.0,0.0,0.0,0.0,0.0,0.0,-0.0,-0.0,-0.0,1.0,3,0,0
qwen_instruct,10,level1,rule,CmPd,1,-2.0,0.0,0.0,0.0,0.0,0.0,0.0,0.0,-0.0,-0.0,-0.0,1.0,3,0,0
qwen_instruct,10,level1,rule,CmSh,1,-2.0,0.0,0.0,0.0,0.0,0.0,0.0,0.0,-0.0,-0.0,-0.0,1.0,3,0,0
qwen_instruct,10,level1,rule,CoAs,0,1.0,1.0,0.0,1.0,-1.0,0.0,1.0,0.0,-1.0,0.0,-1.0,1.0,3,3,0
qwen_instruct,10,level1,rule,CoBa,0,1.0,0.6666666666666666,0.6666666666666666,0.3333333333333333,0.0,-0.3333333333333333,0.0,0.3333333333333333,0.0,-0.3333333333333333,0.3333333333333333,0.6666666666666666,3,0,0
qwen_instruct,10,level1,rule,CoCh,0,1.0,0.6666666666666666,1.0,0.3333333333333333,0.33333333333333337,-0.3333333333333333,0.33333333333333337,0.3333333333333333,0.33333333333333337,-0.3333333333333333,0.6666666666666667,0.6666666666666666,3,1,1
qwen_instruct,10,level1,rule,CoCo,0,1.0,1.0,1.0,1.0,0.0,0.0,0.0,0.0,0.0,0.0,0.0,1.0,3,0,0
qwen_instruct,10,level1,rule,CoSh,0,1.0,0.0,0.0,1.0,0.0,1.0,0.0,1.0,0.0,1.0,-1.0,0.0,3,0,0
qwen_instruct,10,level1,rule,DlAs,1,-2.0,0.0,0.0,0.0,0.0,0.0,0.0,0.0,-0.0,-0.0,-0.0,1.0,3,0,0
qwen_instruct,10,level1,rule,DlBa,1,-2.0,0.0,0.0,0.0,0.0,0.0,0.0,0.0,-0.0,-0.0,-0.0,1.0,3,0,0
qwen_instruct,10,level1,rule,DlCh,1,-2.0,0.0,0.0,0.0,0.0,0.0,0.0,0.0,-0.0,-0.0,-0.0,1.0,3,0,0
qwen_instruct,10,level1,rule,DlCm,1,-2.0,0.0,0.0,0.0,0.0,0.0,0.0,0.0,-0.0,-0.0,-0.0,1.0,3,0,0
qwen_instruct,10,level1,rule,DlCo,1,-2.0,0.0,0.0,0.0,0.0,0.0,0.0,0.0,-0.0,-0.0,-0.0,1.0,3,0,0
qwen_instruct,10,level1,rule,DlDl,1,-2.0,0.0,0.0,0.0,0.0,0.0,0.0,0.0,-0.0,-0.0,-0.0,1.0,3,0,0
qwen_instruct,10,level1,rule,DlHa,1,-2.0,0.0,0.0,0.0,0.0,0.0,0.0,0.0,-0.0,-0.0,-0.0,1.0,3,0,0
qwen_instruct,10,level1,rule,DlHr,1,-2.0,0.0,0.0,0.0,0.0,0.0,0.0,0.0,-0.0,-0.0,-0.0,1.0,3,0,0
qwen_instruct,10,level1,rule,DlNc,1,-2.0,0.0,0.0,0.0,0.0,0.0,0.0,0.0,-0.0,-0.0,-0.0,1.0,3,0,0
qwen_instruct,10,level1,rule,DlPc,1,-2.0,0.3333333333333333,0.0,0.0,-0.3333333333333333,-0.3333333333333333,0.3333333333333333,0.3333333333333333,0.3333333333333333,0.3333333333333333,-0.0,0.6666666666666667,3,1,1
qwen_instruct,10,level1,rule,DlPd,1,-2.0,0.0,0.0,0.0,0.0,0.0,0.0,0.0,-0.0,-0.0,-0.0,1.0,3,0,0
qwen_instruct,10,level1,rule,DlSh,1,-2.0,0.0,0.0,0.0,0.0,0.0,0.0,0.0,-0.0,-0.0,-0.0,1.0,3,0,0
qwen_instruct,10,level1,rule,HaAs,0,2.0,1.0,1.0,1.0,0.0,0.0,0.0,0.0,0.0,0.0,0.0,1.0,3,0,0
qwen_instruct,10,level1,rule,HaBa,0,2.0,1.0,1.0,1.0,0.0,0.0,0.0,0.0,0.0,0.0,0.0,1.0,3,0,0
qwen_instruct,10,level1,rule,HaCh,0,2.0,1.0,1.0,1.0,0.0,0.0,0.0,0.0,0.0,0.0,0.0,1.0,3,0,0
qwen_instruct,10,level1,rule,HaCm,0,2.0,1.0,0.6666666666666666,1.0,-0.33333333333333337,0.0,0.33333333333333337,0.0,-0.33333333333333337,0.0,-0.33333333333333337,1.0,3,1,0
qwen_instruct,10,level1,rule,HaCo,0,2.0,0.6666666666666666,1.0,1.0,0.33333333333333337,0.33333333333333337,0.33333333333333337,0.33333333333333337,0.33333333333333337,0.33333333333333337,0.0,0.6666666666666666,3,1,1
qwen_instruct,10,level1,rule,HaHa,0,2.0,1.0,1.0,1.0,0.0,0.0,0.0,0.0,0.0,0.0,0.0,1.0,3,0,0
qwen_instruct,10,level1,rule,HaHr,0,2.0,1.0,1.0,1.0,0.0,0.0,0.0,0.0,0.0,0.0,0.0,1.0,3,0,0
qwen_instruct,10,level1,rule,HaNc,0,2.0,1.0,1.0,1.0,0.0,0.0,0.0,0.0,0.0,0.0,0.0,1.0,3,0,0
qwen_instruct,10,level1,rule,HaPc,0,2.0,1.0,1.0,1.0,0.0,0.0,0.0,0.0,0.0,0.0,0.0,1.0,3,0,0
qwen_instruct,10,level1,rule,HaPd,0,2.0,1.0,1.0,1.0,0.0,0.0,0.0,0.0,0.0,0.0,0.0,1.0,3,0,0
qwen_instruct,10,level1,rule,HaSh,0,2.0,1.0,1.0,1.0,0.0,0.0,0.0,0.0,0.0,0.0,0.0,1.0,3,0,0
qwen_instruct,10,level1,rule,HrAs,1,-1.0,0.6666666666666666,0.0,0.6666666666666666,-0.6666666666666666,0.0,0.6666666666666666,0.0,0.6666666666666666,-0.0,0.6666666666666666,0.33333333333333337,3,2,2
qwen_instruct,10,level1,rule,HrBa,1,-1.0,0.0,0.0,0.0,0.0,0.0,0.0,0.0,-0.0,-0.0,-0.0,1.0,3,0,0
qwen_instruct,10,level1,rule,HrCh,1,-1.0,0.0,0.0,0.3333333333333333,0.0,0.3333333333333333,0.0,0.3333333333333333,-0.0,-0.3333333333333333,0.3333333333333333,1.0,3,0,0
qwen_instruct,10,level1,rule,HrCo,1,-1.0,0.0,0.0,0.0,0.0,0.0,0.0,0.0,-0.0,-0.0,-0.0,1.0,3,0,0
qwen_instruct,10,level1,rule,HrHr,1,-1.0,0.0,0.0,0.0,0.0,0.0,0.0,0.0,-0.0,-0.0,-0.0,1.0,3,0,0
qwen_instruct,10,level1,rule,HrSh,1,-1.0,1.0,0.0,1.0,-1.0,0.0,1.0,0.0,1.0,-0.0,1.0,0.0,3,3,3
qwen_instruct,10,level1,rule,NcAs,0,1.0,1.0,0.6666666666666666,1.0,-0.33333333333333337,0.0,0.33333333333333337,0.0,-0.33333333333333337,0.0,-0.33333333333333337,1.0,3,1,0
qwen_instruct,10,level1,rule,NcBa,0,1.0,0.0,0.0,0.0,0.0,0.0,0.0,0.0,0.0,0.0,0.0,0.0,3,0,0
qwen_instruct,10,level1,rule,NcCh,0,1.0,0.0,0.0,0.6666666666666666,0.0,0.6666666666666666,0.0,0.6666666666666666,0.0,0.6666666666666666,-0.6666666666666666,0.0,3,0,0
qwen_instruct,10,level1,rule,NcCo,0,1.0,0.3333333333333333,0.3333333333333333,1.0,0.0,0.6666666666666667,0.0,0.6666666666666667,0.0,0.6666666666666667,-0.6666666666666667,0.3333333333333333,3,2,1
qwen_instruct,10,level1,rule,NcHr,0,1.0,0.0,0.0,0.0,0.0,0.0,0.0,0.0,0.0,0.0,0.0,0.0,3,0,0
qwen_instruct,10,level1,rule,NcNc,0,1.0,0.6666666666666666,0.3333333333333333,1.0,-0.3333333333333333,0.33333333333333337,0.3333333333333333,0.33333333333333337,-0.3333333333333333,0.33333333333333337,-0.6666666666666667,0.6666666666666666,3,1,0
qwen_instruct,10,level1,rule,NcPd,0,1.0,0.0,0.0,0.3333333333333333,0.0,0.3333333333333333,0.0,0.3333333333333333,0.0,0.3333333333333333,-0.3333333333333333,0.0,3,0,0
qwen_instruct,10,level1,rule,NcSh,0,1.0,1.0,0.0,1.0,-1.0,0.0,1.0,0.0,-1.0,0.0,-1.0,1.0,3,3,0
qwen_instruct,10,level1,rule,PcAs,0,2.0,1.0,1.0,1.0,0.0,0.0,0.0,0.0,0.0,0.0,0.0,1.0,3,0,0
qwen_instruct,10,level1,rule,PcBa,0,2.0,1.0,1.0,1.0,0.0,0.0,0.0,0.0,0.0,0.0,0.0,1.0,3,0,0
qwen_instruct,10,level1,rule,PcCh,0,2.0,1.0,1.0,1.0,0.0,0.0,0.0,0.0,0.0,0.0,0.0,1.0,3,0,0
qwen_instruct,10,level1,rule,PcCo,0,2.0,1.0,1.0,1.0,0.0,0.0,0.0,0.0,0.0,0.0,0.0,1.0,3,0,0
qwen_instruct,10,level1,rule,PcHr,0,2.0,1.0,1.0,1.0,0.0,0.0,0.0,0.0,0.0,0.0,0.0,1.0,3,0,0
qwen_instruct,10,level1,rule,PcNc,0,2.0,1.0,1.0,1.0,0.0,0.0,0.0,0.0,0.0,0.0,0.0,1.0,3,0,0
qwen_instruct,10,level1,rule,PcPc,0,2.0,1.0,1.0,1.0,0.0,0.0,0.0,0.0,0.0,0.0,0.0,1.0,3,0,0
qwen_instruct,10,level1,rule,PcPd,0,2.0,1.0,1.0,1.0,0.0,0.0,0.0,0.0,0.0,0.0,0.0,1.0,3,0,0
qwen_instruct,10,level1,rule,PcSh,0,2.0,1.0,1.0,1.0,0.0,0.0,0.0,0.0,0.0,0.0,0.0,1.0,3,0,0
qwen_instruct,10,level1,rule,PdAs,1,-1.0,0.0,0.0,0.0,0.0,0.0,0.0,0.0,-0.0,-0.0,-0.0,1.0,3,0,0
qwen_instruct,10,level1,rule,PdBa,1,-1.0,0.0,0.0,0.0,0.0,0.0,0.0,0.0,-0.0,-0.0,-0.0,1.0,3,0,0
qwen_instruct,10,level1,rule,PdCh,1,-1.0,0.0,0.0,0.0,0.0,0.0,0.0,0.0,-0.0,-0.0,-0.0,1.0,3,0,0
qwen_instruct,10,level1,rule,PdCo,1,-1.0,0.0,0.0,0.3333333333333333,0.0,0.3333333333333333,0.0,0.3333333333333333,-0.0,-0.3333333333333333,0.3333333333333333,1.0,3,0,0
qwen_instruct,10,level1,rule,PdHr,1,-1.0,0.0,0.0,0.0,0.0,0.0,0.0,0.0,-0.0,-0.0,-0.0,1.0,3,0,0
qwen_instruct,10,level1,rule,PdSh,1,-1.0,0.0,0.0,0.0,0.0,0.0,0.0,0.0,-0.0,-0.0,-0.0,1.0,3,0,0
qwen_instruct,10,level2,rule,CmCm,1,-1.0,0.0,0.0,0.0,0.0,0.0,0.0,0.0,-0.0,-0.0,-0.0,1.0,3,0,0
qwen_instruct,10,level2,rule,CmCo,1,-3.0,0.0,0.0,0.0,0.0,0.0,0.0,0.0,-0.0,-0.0,-0.0,1.0,3,0,0
qwen_instruct,10,level2,rule,CmHr,1,-1.0,0.0,0.0,0.0,0.0,0.0,0.0,0.0,-0.0,-0.0,-0.0,1.0,3,0,0
qwen_instruct,10,level2,rule,CmNc,1,-3.0,0.0,0.0,0.0,0.0,0.0,0.0,0.0,-0.0,-0.0,-0.0,1.0,3,0,0
qwen_instruct,10,level2,rule,CmPc,1,-3.0,0.0,0.0,0.0,0.0,0.0,0.0,0.0,-0.0,-0.0,-0.0,1.0,3,0,0
qwen_instruct,10,level2,rule,CmPd,1,-1.0,0.0,0.0,0.0,0.0,0.0,0.0,0.0,-0.0,-0.0,-0.0,1.0,3,0,0
qwen_instruct,10,level2,rule,CoCo,0,3.0,1.0,1.0,1.0,0.0,0.0,0.0,0.0,0.0,0.0,0.0,1.0,3,0,0
qwen_instruct,10,level2,rule,DlCm,1,-2.0,0.0,0.0,0.0,0.0,0.0,0.0,0.0,-0.0,-0.0,-0.0,1.0,3,0,0
qwen_instruct,10,level2,rule,DlCo,1,-2.0,0.0,0.0,0.0,0.0,0.0,0.0,0.0,-0.0,-0.0,-0.0,1.0,3,0,0
qwen_instruct,10,level2,rule,DlDl,1,-2.0,0.0,0.0,0.0,0.0,0.0,0.0,0.0,-0.0,-0.0,-0.0,1.0,3,0,0
qwen_instruct,10,level2,rule,DlHa,1,-2.0,0.0,0.0,0.0,0.0,0.0,0.0,0.0,-0.0,-0.0,-0.0,1.0,3,0,0
qwen_instruct,10,level2,rule,DlHr,1,-2.0,0.0,0.0,0.0,0.0,0.0,0.0,0.0,-0.0,-0.0,-0.0,1.0,3,0,0
qwen_instruct,10,level2,rule,DlNc,1,-2.0,0.0,0.0,0.0,0.0,0.0,0.0,0.0,-0.0,-0.0,-0.0,1.0,3,0,0
qwen_instruct,10,level2,rule,DlPc,1,-2.0,0.3333333333333333,0.0,0.0,-0.3333333333333333,-0.3333333333333333,0.3333333333333333,0.3333333333333333,0.3333333333333333,0.3333333333333333,-0.0,0.6666666666666667,3,1,1
qwen_instruct,10,level2,rule,DlPd,1,-2.0,0.0,0.0,0.0,0.0,0.0,0.0,0.0,-0.0,-0.0,-0.0,1.0,3,0,0
qwen_instruct,10,level2,rule,HaCm,0,2.0,1.0,0.3333333333333333,1.0,-0.6666666666666667,0.0,0.6666666666666667,0.0,-0.6666666666666667,0.0,-0.6666666666666667,1.0,3,2,0
qwen_instruct,10,level2,rule,HaCo,0,2.0,0.6666666666666666,1.0,1.0,0.33333333333333337,0.33333333333333337,0.33333333333333337,0.33333333333333337,0.33333333333333337,0.33333333333333337,0.0,0.6666666666666666,3,1,1
qwen_instruct,10,level2,rule,HaHa,0,2.0,1.0,0.6666666666666666,1.0,-0.33333333333333337,0.0,0.33333333333333337,0.0,-0.33333333333333337,0.0,-0.33333333333333337,1.0,3,1,0
qwen_instruct,10,level2,rule,HaHr,0,2.0,1.0,0.0,1.0,-1.0,0.0,1.0,0.0,-1.0,0.0,-1.0,1.0,3,3,0
qwen_instruct,10,level2,rule,HaNc,0,2.0,1.0,1.0,1.0,0.0,0.0,0.0,0.0,0.0,0.0,0.0,1.0,3,0,0
qwen_instruct,10,level2,rule,HaPc,0,2.0,1.0,0.6666666666666666,1.0,-0.33333333333333337,0.0,0.33333333333333337,0.0,-0.33333333333333337,0.0,-0.33333333333333337,1.0,3,1,0
qwen_instruct,10,level2,rule,HaPd,0,2.0,1.0,0.3333333333333333,1.0,-0.6666666666666667,0.0,0.6666666666666667,0.0,-0.6666666666666667,0.0,-0.6666666666666667,1.0,3,2,0
qwen_instruct,10,level2,rule,HrCo,1,-3.0,0.0,0.0,0.0,0.0,0.0,0.0,0.0,-0.0,-0.0,-0.0,1.0,3,0,0
qwen_instruct,10,level2,rule,HrHr,0,1.0,0.0,0.0,0.0,0.0,0.0,0.0,0.0,0.0,0.0,0.0,0.0,3,0,0
qwen_instruct,10,level2,rule,NcCo,0,1.0,0.3333333333333333,0.3333333333333333,1.0,0.0,0.6666666666666667,0.0,0.6666666666666667,0.0,0.6666666666666667,-0.6666666666666667,0.3333333333333333,3,0,0
qwen_instruct,10,level2,rule,NcHr,0,1.0,0.0,0.0,0.0,0.0,0.0,0.0,0.0,0.0,0.0,0.0,0.0,3,0,0
qwen_instruct,10,level2,rule,NcNc,0,1.0,0.6666666666666666,0.0,1.0,-0.6666666666666666,0.33333333333333337,0.6666666666666666,0.33333333333333337,-0.6666666666666666,0.33333333333333337,-1.0,0.6666666666666666,3,2,0
qwen_instruct,10,level2,rule,NcPd,0,1.0,0.0,0.0,0.3333333333333333,0.0,0.3333333333333333,0.0,0.3333333333333333,0.0,0.3333333333333333,-0.3333333333333333,0.0,3,0,0
qwen_instruct,10,level2,rule,PcCo,0,3.0,1.0,0.6666666666666666,1.0,-0.33333333333333337,0.0,0.33333333333333337,0.0,-0.33333333333333337,0.0,-0.33333333333333337,1.0,3,1,0
qwen_instruct,10,level2,rule,PcHr,0,1.0,1.0,0.3333333333333333,1.0,-0.6666666666666667,0.0,0.6666666666666667,0.0,-0.6666666666666667,0.0,-0.6666666666666667,1.0,3,2,0
qwen_instruct,10,level2,rule,PcNc,0,3.0,1.0,0.6666666666666666,1.0,-0.33333333333333337,0.0,0.33333333333333337,0.0,-0.33333333333333337,0.0,-0.33333333333333337,1.0,3,1,0
qwen_instruct,10,level2,rule,PcPc,0,3.0,1.0,0.6666666666666666,1.0,-0.33333333333333337,0.0,0.33333333333333337,0.0,-0.33333333333333337,0.0,-0.33333333333333337,1.0,3,1,0
qwen_instruct,10,level2,rule,PcPd,0,1.0,1.0,0.0,1.0,-1.0,0.0,1.0,0.0,-1.0,0.0,-1.0,1.0,3,3,0
qwen_instruct,10,level2,rule,PdCo,1,-1.0,0.0,0.0,0.3333333333333333,0.0,0.3333333333333333,0.0,0.3333333333333333,-0.0,-0.3333333333333333,0.3333333333333333,1.0,3,0,0
qwen_instruct,10,level2,rule,PdHr,1,-1.0,0.0,0.0,0.0,0.0,0.0,0.0,0.0,-0.0,-0.0,-0.0,1.0,3,0,0
llama31_instruct,1,risk,trait,AsAs,1,-1.0,1.0,1.0,1.0,0.0,0.0,0.0,0.0,-0.0,-0.0,-0.0,0.0,3,0,0
llama31_instruct,1,risk,trait,AsBa,1,-1.0,1.0,0.6666666666666666,1.0,-0.33333333333333337,0.0,0.33333333333333337,0.0,0.33333333333333337,-0.0,0.33333333333333337,0.0,3,1,1
llama31_instruct,1,risk,trait,BaBa,0,1.0,1.0,0.6666666666666666,1.0,-0.33333333333333337,0.0,0.33333333333333337,0.0,-0.33333333333333337,0.0,-0.33333333333333337,1.0,3,1,0
llama31_instruct,1,risk,trait,ChAs,0,1.0,1.0,1.0,0.6666666666666666,0.0,-0.33333333333333337,0.0,0.33333333333333337,0.0,-0.33333333333333337,0.33333333333333337,1.0,3,0,0
llama31_instruct,1,risk,trait,ChBa,0,1.0,1.0,0.3333333333333333,0.6666666666666666,-0.6666666666666667,-0.33333333333333337,0.6666666666666667,0.33333333333333337,-0.6666666666666667,-0.33333333333333337,-0.33333333333333337,1.0,3,2,0
llama31_instruct,1,risk,trait,CmAs,1,-2.0,0.6666666666666666,0.3333333333333333,0.6666666666666666,-0.3333333333333333,0.0,0.3333333333333333,0.0,0.3333333333333333,-0.0,0.3333333333333333,0.33333333333333337,3,1,1
llama31_instruct,1,risk,trait,CmBa,1,-2.0,1.0,0.6666666666666666,1.0,-0.33333333333333337,0.0,0.33333333333333337,0.0,0.33333333333333337,-0.0,0.33333333333333337,0.0,3,1,1
llama31_instruct,1,risk,trait,CmCh,1,-2.0,1.0,1.0,1.0,0.0,0.0,0.0,0.0,-0.0,-0.0,-0.0,0.0,3,0,0
llama31_instruct,1,risk,trait,CmCm,1,-2.0,1.0,0.3333333333333333,0.6666666666666666,-0.6666666666666667,-0.33333333333333337,0.6666666666666667,0.33333333333333337,0.6666666666666667,0.33333333333333337,0.33333333333333337,0.0,3,2,2
llama31_instruct,1,risk,trait,CmCo,1,-2.0,1.0,0.3333333333333333,0.6666666666666666,-0.6666666666666667,-0.33333333333333337,0.6666666666666667,0.33333333333333337,0.6666666666666667,0.33333333333333337,0.33333333333333337,0.0,3,2,2
llama31_instruct,1,risk,trait,CmHr,1,-2.0,0.6666666666666666,0.6666666666666666,0.6666666666666666,0.0,0.0,0.0,0.0,-0.0,-0.0,-0.0,0.33333333333333337,3,2,1
llama31_instruct,1,risk,trait,CmNc,1,-2.0,1.0,0.3333333333333333,1.0,-0.6666666666666667,0.0,0.6666666666666667,0.0,0.6666666666666667,-0.0,0.6666666666666667,0.0,3,2,2
llama31_instruct,1,risk,trait,CmPc,1,-2.0,1.0,0.6666666666666666,0.6666666666666666,-0.33333333333333337,-0.33333333333333337,0.33333333333333337,0.33333333333333337,0.33333333333333337,0.33333333333333337,-0.0,0.0,3,1,1
llama31_instruct,1,risk,trait,CmPd,1,-2.0,0.6666666666666666,0.6666666666666666,0.6666666666666666,0.0,0.0,0.0,0.0,-0.0,-0.0,-0.0,0.33333333333333337,3,0,0
llama31_instruct,1,risk,trait,CmSh,1,-2.0,1.0,1.0,0.6666666666666666,0.0,-0.33333333333333337,0.0,0.33333333333333337,-0.0,0.33333333333333337,-0.33333333333333337,0.0,3,0,0
llama31_instruct,1,risk,trait,CoAs,0,1.0,1.0,0.3333333333333333,0.6666666666666666,-0.6666666666666667,-0.33333333333333337,0.6666666666666667,0.33333333333333337,-0.6666666666666667,-0.33333333333333337,-0.33333333333333337,1.0,3,2,0
llama31_instruct,1,risk,trait,CoBa,0,1.0,0.6666666666666666,0.6666666666666666,0.6666666666666666,0.0,0.0,0.0,0.0,0.0,0.0,0.0,0.6666666666666666,3,0,0
llama31_instruct,1,risk,trait,CoCh,0,1.0,0.6666666666666666,0.6666666666666666,0.6666666666666666,0.0,0.0,0.0,0.0,0.0,0.0,0.0,0.6666666666666666,3,2,1
llama31_instruct,1,risk,trait,CoCo,0,1.0,1.0,0.3333333333333333,0.6666666666666666,-0.6666666666666667,-0.33333333333333337,0.6666666666666667,0.33333333333333337,-0.6666666666666667,-0.33333333333333337,-0.33333333333333337,1.0,3,2,0
llama31_instruct,1,risk,trait,CoSh,0,1.0,1.0,0.6666666666666666,0.6666666666666666,-0.33333333333333337,-0.33333333333333337,0.33333333333333337,0.33333333333333337,-0.33333333333333337,-0.33333333333333337,0.0,1.0,3,1,0
llama31_instruct,1,risk,trait,DlAs,1,-2.0,1.0,0.3333333333333333,1.0,-0.6666666666666667,0.0,0.6666666666666667,0.0,0.6666666666666667,-0.0,0.6666666666666667,0.0,3,2,2
llama31_instruct,1,risk,trait,DlBa,1,-2.0,1.0,1.0,0.6666666666666666,0.0,-0.33333333333333337,0.0,0.33333333333333337,-0.0,0.33333333333333337,-0.33333333333333337,0.0,3,0,0
llama31_instruct,1,risk,trait,DlCh,1,-2.0,1.0,0.3333333333333333,0.6666666666666666,-0.6666666666666667,-0.33333333333333337,0.6666666666666667,0.33333333333333337,0.6666666666666667,0.33333333333333337,0.33333333333333337,0.0,3,2,2
llama31_instruct,1,risk,trait,DlCm,1,-2.0,1.0,0.6666666666666666,0.6666666666666666,-0.33333333333333337,-0.33333333333333337,0.33333333333333337,0.33333333333333337,0.33333333333333337,0.33333333333333337,-0.0,0.0,3,1,1
llama31_instruct,1,risk,trait,DlCo,1,-2.0,0.6666666666666666,0.6666666666666666,0.6666666666666666,0.0,0.0,0.0,0.0,-0.0,-0.0,-0.0,0.33333333333333337,3,0,0
llama31_instruct,1,risk,trait,DlDl,1,-2.0,1.0,0.6666666666666666,0.6666666666666666,-0.33333333333333337,-0.33333333333333337,0.33333333333333337,0.33333333333333337,0.33333333333333337,0.33333333333333337,-0.0,0.0,3,1,1
llama31_instruct,1,risk,trait,DlHa,1,-2.0,1.0,0.6666666666666666,1.0,-0.33333333333333337,0.0,0.33333333333333337,0.0,0.33333333333333337,-0.0,0.33333333333333337,0.0,3,1,1
llama31_instruct,1,risk,trait,DlHr,1,-2.0,1.0,0.3333333333333333,1.0,-0.6666666666666667,0.0,0.6666666666666667,0.0,0.6666666666666667,-0.0,0.6666666666666667,0.0,3,2,2
llama31_instruct,1,risk,trait,DlNc,1,-2.0,1.0,1.0,1.0,0.0,0.0,0.0,0.0,-0.0,-0.0,-0.0,0.0,3,0,0
llama31_instruct,1,risk,trait,DlPc,1,-2.0,1.0,0.3333333333333333,0.6666666666666666,-0.6666666666666667,-0.33333333333333337,0.6666666666666667,0.33333333333333337,0.6666666666666667,0.33333333333333337,0.33333333333333337,0.0,3,2,2
llama31_instruct,1,risk,trait,DlPd,1,-2.0,1.0,0.3333333333333333,0.6666666666666666,-0.6666666666666667,-0.33333333333333337,0.6666666666666667,0.33333333333333337,0.6666666666666667,0.33333333333333337,0.33333333333333337,0.0,3,2,2
llama31_instruct,1,risk,trait,DlSh,1,-2.0,1.0,1.0,0.6666666666666666,0.0,-0.33333333333333337,0.0,0.33333333333333337,-0.0,0.33333333333333337,-0.33333333333333337,0.0,3,0,0
llama31_instruct,1,risk,trait,HaAs,0,2.0,1.0,0.6666666666666666,1.0,-0.33333333333333337,0.0,0.33333333333333337,0.0,-0.33333333333333337,0.0,-0.33333333333333337,1.0,3,1,0
llama31_instruct,1,risk,trait,HaBa,0,2.0,1.0,0.3333333333333333,0.6666666666666666,-0.6666666666666667,-0.33333333333333337,0.6666666666666667,0.33333333333333337,-0.6666666666666667,-0.33333333333333337,-0.33333333333333337,1.0,3,2,0
llama31_instruct,1,risk,trait,HaCh,0,2.0,1.0,0.6666666666666666,0.6666666666666666,-0.33333333333333337,-0.33333333333333337,0.33333333333333337,0.33333333333333337,-0.33333333333333337,-0.33333333333333337,0.0,1.0,3,1,0
llama31_instruct,1,risk,trait,HaCm,0,2.0,1.0,0.3333333333333333,1.0,-0.6666666666666667,0.0,0.6666666666666667,0.0,-0.6666666666666667,0.0,-0.6666666666666667,1.0,3,2,0
llama31_instruct,1,risk,trait,HaCo,0,2.0,1.0,0.6666666666666666,1.0,-0.33333333333333337,0.0,0.33333333333333337,0.0,-0.33333333333333337,0.0,-0.33333333333333337,1.0,3,1,0
llama31_instruct,1,risk,trait,HaHa,0,2.0,1.0,0.6666666666666666,0.6666666666666666,-0.33333333333333337,-0.33333333333333337,0.33333333333333337,0.33333333333333337,-0.33333333333333337,-0.33333333333333337,0.0,1.0,3,1,0
llama31_instruct,1,risk,trait,HaHr,0,2.0,0.6666666666666666,0.6666666666666666,0.6666666666666666,0.0,0.0,0.0,0.0,0.0,0.0,0.0,0.6666666666666666,3,0,0
llama31_instruct,1,risk,trait,HaNc,0,2.0,1.0,1.0,0.6666666666666666,0.0,-0.33333333333333337,0.0,0.33333333333333337,0.0,-0.33333333333333337,0.33333333333333337,1.0,3,0,0
llama31_instruct,1,risk,trait,HaPc,0,2.0,1.0,0.6666666666666666,0.6666666666666666,-0.33333333333333337,-0.33333333333333337,0.33333333333333337,0.33333333333333337,-0.33333333333333337,-0.33333333333333337,0.0,1.0,3,1,0
llama31_instruct,1,risk,trait,HaPd,0,2.0,1.0,0.6666666666666666,0.6666666666666666,-0.33333333333333337,-0.33333333333333337,0.33333333333333337,0.33333333333333337,-0.33333333333333337,-0.33333333333333337,0.0,1.0,3,1,0
llama31_instruct,1,risk,trait,HaSh,0,2.0,1.0,0.6666666666666666,0.6666666666666666,-0.33333333333333337,-0.33333333333333337,0.33333333333333337,0.33333333333333337,-0.33333333333333337,-0.33333333333333337,0.0,1.0,3,1,0
llama31_instruct,1,risk,trait,HrAs,1,-1.0,1.0,0.3333333333333333,0.6666666666666666,-0.6666666666666667,-0.33333333333333337,0.6666666666666667,0.33333333333333337,0.6666666666666667,0.33333333333333337,0.33333333333333337,0.0,3,2,2
llama31_instruct,1,risk,trait,HrBa,1,-1.0,1.0,0.6666666666666666,0.6666666666666666,-0.33333333333333337,-0.33333333333333337,0.33333333333333337,0.33333333333333337,0.33333333333333337,0.33333333333333337,-0.0,0.0,3,1,1
llama31_instruct,1,risk,trait,HrCh,1,-1.0,1.0,0.6666666666666666,1.0,-0.33333333333333337,0.0,0.33333333333333337,0.0,0.33333333333333337,-0.0,0.33333333333333337,0.0,3,1,1
llama31_instruct,1,risk,trait,HrCo,1,-1.0,1.0,0.0,0.6666666666666666,-1.0,-0.33333333333333337,1.0,0.33333333333333337,1.0,0.33333333333333337,0.6666666666666666,0.0,3,3,3
llama31_instruct,1,risk,trait,HrHr,1,-1.0,1.0,0.6666666666666666,0.6666666666666666,-0.33333333333333337,-0.33333333333333337,0.33333333333333337,0.33333333333333337,0.33333333333333337,0.33333333333333337,-0.0,0.0,3,1,1
llama31_instruct,1,risk,trait,HrSh,1,-1.0,1.0,0.6666666666666666,0.6666666666666666,-0.33333333333333337,-0.33333333333333337,0.33333333333333337,0.33333333333333337,0.33333333333333337,0.33333333333333337,-0.0,0.0,3,1,1
llama31_instruct,1,risk,trait,NcAs,0,1.0,1.0,0.6666666666666666,1.0,-0.33333333333333337,0.0,0.33333333333333337,0.0,-0.33333333333333337,0.0,-0.33333333333333337,1.0,3,1,0
llama31_instruct,1,risk,trait,NcBa,0,1.0,1.0,1.0,1.0,0.0,0.0,0.0,0.0,0.0,0.0,0.0,1.0,3,0,0
llama31_instruct,1,risk,trait,NcCh,0,1.0,1.0,0.6666666666666666,0.6666666666666666,-0.33333333333333337,-0.33333333333333337,0.33333333333333337,0.33333333333333337,-0.33333333333333337,-0.33333333333333337,0.0,1.0,3,1,0
llama31_instruct,1,risk,trait,NcCo,0,1.0,1.0,1.0,0.6666666666666666,0.0,-0.33333333333333337,0.0,0.33333333333333337,0.0,-0.33333333333333337,0.33333333333333337,1.0,3,0,0
llama31_instruct,1,risk,trait,NcHr,0,1.0,1.0,0.3333333333333333,0.6666666666666666,-0.6666666666666667,-0.33333333333333337,0.6666666666666667,0.33333333333333337,-0.6666666666666667,-0.33333333333333337,-0.33333333333333337,1.0,3,2,0
llama31_instruct,1,risk,trait,NcNc,0,1.0,0.6666666666666666,0.6666666666666666,1.0,0.0,0.33333333333333337,0.0,0.33333333333333337,0.0,0.33333333333333337,-0.33333333333333337,0.6666666666666666,3,2,1
llama31_instruct,1,risk,trait,NcPd,0,1.0,1.0,0.6666666666666666,0.6666666666666666,-0.33333333333333337,-0.33333333333333337,0.33333333333333337,0.33333333333333337,-0.33333333333333337,-0.33333333333333337,0.0,1.0,3,1,0
llama31_instruct,1,risk,trait,NcSh,0,1.0,1.0,0.6666666666666666,1.0,-0.33333333333333337,0.0,0.33333333333333337,0.0,-0.33333333333333337,0.0,-0.33333333333333337,1.0,3,1,0
llama31_instruct,1,risk,trait,PcAs,0,2.0,0.6666666666666666,0.6666666666666666,0.6666666666666666,0.0,0.0,0.0,0.0,0.0,0.0,0.0,0.6666666666666666,3,0,0
llama31_instruct,1,risk,trait,PcBa,0,2.0,1.0,0.3333333333333333,0.6666666666666666,-0.6666666666666667,-0.33333333333333337,0.6666666666666667,0.33333333333333337,-0.6666666666666667,-0.33333333333333337,-0.33333333333333337,1.0,3,2,0
llama31_instruct,1,risk,trait,PcCh,0,2.0,1.0,1.0,1.0,0.0,0.0,0.0,0.0,0.0,0.0,0.0,1.0,3,0,0
llama31_instruct,1,risk,trait,PcCo,0,2.0,1.0,0.6666666666666666,0.6666666666666666,-0.33333333333333337,-0.33333333333333337,0.33333333333333337,0.33333333333333337,-0.33333333333333337,-0.33333333333333337,0.0,1.0,3,1,0
llama31_instruct,1,risk,trait,PcHr,0,2.0,1.0,0.6666666666666666,0.6666666666666666,-0.33333333333333337,-0.33333333333333337,0.33333333333333337,0.33333333333333337,-0.33333333333333337,-0.33333333333333337,0.0,1.0,3,1,0
llama31_instruct,1,risk,trait,PcNc,0,2.0,1.0,0.0,1.0,-1.0,0.0,1.0,0.0,-1.0,0.0,-1.0,1.0,3,3,0
llama31_instruct,1,risk,trait,PcPc,0,2.0,1.0,1.0,1.0,0.0,0.0,0.0,0.0,0.0,0.0,0.0,1.0,3,0,0
llama31_instruct,1,risk,trait,PcPd,0,2.0,0.6666666666666666,0.6666666666666666,0.6666666666666666,0.0,0.0,0.0,0.0,0.0,0.0,0.0,0.6666666666666666,3,0,0
llama31_instruct,1,risk,trait,PcSh,0,2.0,1.0,0.6666666666666666,1.0,-0.33333333333333337,0.0,0.33333333333333337,0.0,-0.33333333333333337,0.0,-0.33333333333333337,1.0,3,1,0
llama31_instruct,1,risk,trait,PdAs,1,-1.0,1.0,0.3333333333333333,0.6666666666666666,-0.6666666666666667,-0.33333333333333337,0.6666666666666667,0.33333333333333337,0.6666666666666667,0.33333333333333337,0.33333333333333337,0.0,3,2,2
llama31_instruct,1,risk,trait,PdBa,1,-1.0,1.0,0.6666666666666666,0.6666666666666666,-0.33333333333333337,-0.33333333333333337,0.33333333333333337,0.33333333333333337,0.33333333333333337,0.33333333333333337,-0.0,0.0,3,1,1
llama31_instruct,1,risk,trait,PdCh,1,-1.0,1.0,1.0,1.0,0.0,0.0,0.0,0.0,-0.0,-0.0,-0.0,0.0,3,0,0
llama31_instruct,1,risk,trait,PdCo,1,-1.0,0.6666666666666666,0.3333333333333333,0.6666666666666666,-0.3333333333333333,0.0,0.3333333333333333,0.0,0.3333333333333333,-0.0,0.3333333333333333,0.33333333333333337,3,1,1
llama31_instruct,1,risk,trait,PdHr,1,-1.0,1.0,1.0,1.0,0.0,0.0,0.0,0.0,-0.0,-0.0,-0.0,0.0,3,0,0
llama31_instruct,1,risk,trait,PdSh,1,-1.0,1.0,1.0,0.6666666666666666,0.0,-0.33333333333333337,0.0,0.33333333333333337,-0.0,0.33333333333333337,-0.33333333333333337,0.0,3,0,0
llama31_instruct,1,risk,trait,ShAs,1,-1.0,0.6666666666666666,1.0,0.6666666666666666,0.33333333333333337,0.0,0.33333333333333337,0.0,-0.33333333333333337,-0.0,-0.33333333333333337,0.33333333333333337,3,1,0
llama31_instruct,1,risk,trait,ShBa,1,-1.0,1.0,0.3333333333333333,1.0,-0.6666666666666667,0.0,0.6666666666666667,0.0,0.6666666666666667,-0.0,0.6666666666666667,0.0,3,2,2
llama31_instruct,1,risk,trait,ShCh,1,-1.0,0.6666666666666666,0.6666666666666666,0.6666666666666666,0.0,0.0,0.0,0.0,-0.0,-0.0,-0.0,0.33333333333333337,3,0,0
llama31_instruct,1,risk,trait,ShSh,1,-1.0,1.0,0.3333333333333333,1.0,-0.6666666666666667,0.0,0.6666666666666667,0.0,0.6666666666666667,-0.0,0.6666666666666667,0.0,3,2,2
llama31_instruct,1,loss,trait,AsAs,1,-1.0,1.0,1.0,1.0,0.0,0.0,0.0,0.0,-0.0,-0.0,-0.0,0.0,3,0,0
llama31_instruct,1,loss,trait,AsBa,1,-1.0,1.0,1.0,1.0,0.0,0.0,0.0,0.0,-0.0,-0.0,-0.0,0.0,3,0,0
llama31_instruct,1,loss,trait,BaBa,0,1.0,1.0,1.0,1.0,0.0,0.0,0.0,0.0,0.0,0.0,0.0,1.0,3,0,0
llama31_instruct,1,loss,trait,ChAs,0,1.0,1.0,1.0,0.6666666666666666,0.0,-0.33333333333333337,0.0,0.33333333333333337,0.0,-0.33333333333333337,0.33333333333333337,1.0,3,0,0
llama31_instruct,1,loss,trait,ChBa,0,1.0,1.0,1.0,0.6666666666666666,0.0,-0.33333333333333337,0.0,0.33333333333333337,0.0,-0.33333333333333337,0.33333333333333337,1.0,3,0,0
llama31_instruct,1,loss,trait,CmAs,1,-2.0,0.6666666666666666,1.0,0.6666666666666666,0.33333333333333337,0.0,0.33333333333333337,0.0,-0.33333333333333337,-0.0,-0.33333333333333337,0.33333333333333337,3,1,0
llama31_instruct,1,loss,trait,CmBa,1,-2.0,1.0,1.0,1.0,0.0,0.0,0.0,0.0,-0.0,-0.0,-0.0,0.0,3,0,0
llama31_instruct,1,loss,trait,CmCh,1,-2.0,1.0,1.0,1.0,0.0,0.0,0.0,0.0,-0.0,-0.0,-0.0,0.0,3,0,0
llama31_instruct,1,loss,trait,CmCm,1,-2.0,1.0,1.0,0.6666666666666666,0.0,-0.33333333333333337,0.0,0.33333333333333337,-0.0,0.33333333333333337,-0.33333333333333337,0.0,3,0,0
llama31_instruct,1,loss,trait,CmCo,1,-2.0,1.0,1.0,0.6666666666666666,0.0,-0.33333333333333337,0.0,0.33333333333333337,-0.0,0.33333333333333337,-0.33333333333333337,0.0,3,0,0
llama31_instruct,1,loss,trait,CmHr,1,-2.0,0.6666666666666666,1.0,0.6666666666666666,0.33333333333333337,0.0,0.33333333333333337,0.0,-0.33333333333333337,-0.0,-0.33333333333333337,0.33333333333333337,3,1,0
llama31_instruct,1,loss,trait,CmNc,1,-2.0,1.0,1.0,1.0,0.0,0.0,0.0,0.0,-0.0,-0.0,-0.0,0.0,3,0,0
llama31_instruct,1,loss,trait,CmPc,1,-2.0,1.0,1.0,0.6666666666666666,0.0,-0.33333333333333337,0.0,0.33333333333333337,-0.0,0.33333333333333337,-0.33333333333333337,0.0,3,0,0
llama31_instruct,1,loss,trait,CmPd,1,-2.0,0.6666666666666666,1.0,0.6666666666666666,0.33333333333333337,0.0,0.33333333333333337,0.0,-0.33333333333333337,-0.0,-0.33333333333333337,0.33333333333333337,3,1,0
llama31_instruct,1,loss,trait,CmSh,1,-2.0,1.0,1.0,0.6666666666666666,0.0,-0.33333333333333337,0.0,0.33333333333333337,-0.0,0.33333333333333337,-0.33333333333333337,0.0,3,0,0
llama31_instruct,1,loss,trait,CoAs,0,1.0,1.0,1.0,0.6666666666666666,0.0,-0.33333333333333337,0.0,0.33333333333333337,0.0,-0.33333333333333337,0.33333333333333337,1.0,3,0,0
llama31_instruct,1,loss,trait,CoBa,0,1.0,0.6666666666666666,1.0,0.6666666666666666,0.33333333333333337,0.0,0.33333333333333337,0.0,0.33333333333333337,0.0,0.33333333333333337,0.6666666666666666,3,1,1
llama31_instruct,1,loss,trait,CoCh,0,1.0,0.6666666666666666,1.0,0.6666666666666666,0.33333333333333337,0.0,0.33333333333333337,0.0,0.33333333333333337,0.0,0.33333333333333337,0.6666666666666666,3,1,1
llama31_instruct,1,loss,trait,CoCo,0,1.0,1.0,1.0,0.6666666666666666,0.0,-0.33333333333333337,0.0,0.33333333333333337,0.0,-0.33333333333333337,0.33333333333333337,1.0,3,0,0
llama31_instruct,1,loss,trait,CoSh,0,1.0,1.0,1.0,0.6666666666666666,0.0,-0.33333333333333337,0.0,0.33333333333333337,0.0,-0.33333333333333337,0.33333333333333337,1.0,3,0,0
llama31_instruct,1,loss,trait,DlAs,1,-2.0,1.0,1.0,1.0,0.0,0.0,0.0,0.0,-0.0,-0.0,-0.0,0.0,3,0,0
llama31_instruct,1,loss,trait,DlBa,1,-2.0,1.0,1.0,0.6666666666666666,0.0,-0.33333333333333337,0.0,0.33333333333333337,-0.0,0.33333333333333337,-0.33333333333333337,0.0,3,0,0
llama31_instruct,1,loss,trait,DlCh,1,-2.0,1.0,1.0,0.6666666666666666,0.0,-0.33333333333333337,0.0,0.33333333333333337,-0.0,0.33333333333333337,-0.33333333333333337,0.0,3,0,0
llama31_instruct,1,loss,trait,DlCm,1,-2.0,1.0,1.0,0.6666666666666666,0.0,-0.33333333333333337,0.0,0.33333333333333337,-0.0,0.33333333333333337,-0.33333333333333337,0.0,3,0,0
llama31_instruct,1,loss,trait,DlCo,1,-2.0,0.6666666666666666,1.0,0.6666666666666666,0.33333333333333337,0.0,0.33333333333333337,0.0,-0.33333333333333337,-0.0,-0.33333333333333337,0.33333333333333337,3,1,0
llama31_instruct,1,loss,trait,DlDl,1,-2.0,1.0,1.0,0.6666666666666666,0.0,-0.33333333333333337,0.0,0.33333333333333337,-0.0,0.33333333333333337,-0.33333333333333337,0.0,3,0,0
llama31_instruct,1,loss,trait,DlHa,1,-2.0,1.0,1.0,1.0,0.0,0.0,0.0,0.0,-0.0,-0.0,-0.0,0.0,3,0,0
llama31_instruct,1,loss,trait,DlHr,1,-2.0,1.0,1.0,1.0,0.0,0.0,0.0,0.0,-0.0,-0.0,-0.0,0.0,3,0,0
llama31_instruct,1,loss,trait,DlNc,1,-2.0,1.0,1.0,1.0,0.0,0.0,0.0,0.0,-0.0,-0.0,-0.0,0.0,3,0,0
llama31_instruct,1,loss,trait,DlPc,1,-2.0,1.0,1.0,0.6666666666666666,0.0,-0.33333333333333337,0.0,0.33333333333333337,-0.0,0.33333333333333337,-0.33333333333333337,0.0,3,0,0
llama31_instruct,1,loss,trait,DlPd,1,-2.0,1.0,1.0,0.6666666666666666,0.0,-0.33333333333333337,0.0,0.33333333333333337,-0.0,0.33333333333333337,-0.33333333333333337,0.0,3,0,0
llama31_instruct,1,loss,trait,DlSh,1,-2.0,1.0,1.0,0.6666666666666666,0.0,-0.33333333333333337,0.0,0.33333333333333337,-0.0,0.33333333333333337,-0.33333333333333337,0.0,3,0,0
llama31_instruct,1,loss,trait,HaAs,0,2.0,1.0,1.0,1.0,0.0,0.0,0.0,0.0,0.0,0.0,0.0,1.0,3,0,0
llama31_instruct,1,loss,trait,HaBa,0,2.0,1.0,1.0,0.6666666666666666,0.0,-0.33333333333333337,0.0,0.33333333333333337,0.0,-0.33333333333333337,0.33333333333333337,1.0,3,0,0
llama31_instruct,1,loss,trait,HaCh,0,2.0,1.0,1.0,0.6666666666666666,0.0,-0.33333333333333337,0.0,0.33333333333333337,0.0,-0.33333333333333337,0.33333333333333337,1.0,3,0,0
llama31_instruct,1,loss,trait,HaCm,0,2.0,1.0,1.0,1.0,0.0,0.0,0.0,0.0,0.0,0.0,0.0,1.0,3,0,0
llama31_instruct,1,loss,trait,HaCo,0,2.0,1.0,1.0,1.0,0.0,0.0,0.0,0.0,0.0,0.0,0.0,1.0,3,0,0
llama31_instruct,1,loss,trait,HaHa,0,2.0,1.0,1.0,0.6666666666666666,0.0,-0.33333333333333337,0.0,0.33333333333333337,0.0,-0.33333333333333337,0.33333333333333337,1.0,3,0,0
llama31_instruct,1,loss,trait,HaHr,0,2.0,0.6666666666666666,1.0,0.6666666666666666,0.33333333333333337,0.0,0.33333333333333337,0.0,0.33333333333333337,0.0,0.33333333333333337,0.6666666666666666,3,1,1
llama31_instruct,1,loss,trait,HaNc,0,2.0,1.0,1.0,0.6666666666666666,0.0,-0.33333333333333337,0.0,0.33333333333333337,0.0,-0.33333333333333337,0.33333333333333337,1.0,3,0,0
llama31_instruct,1,loss,trait,HaPc,0,2.0,1.0,1.0,0.6666666666666666,0.0,-0.33333333333333337,0.0,0.33333333333333337,0.0,-0.33333333333333337,0.33333333333333337,1.0,3,0,0
llama31_instruct,1,loss,trait,HaPd,0,2.0,1.0,1.0,0.6666666666666666,0.0,-0.33333333333333337,0.0,0.33333333333333337,0.0,-0.33333333333333337,0.33333333333333337,1.0,3,0,0
llama31_instruct,1,loss,trait,HaSh,0,2.0,1.0,1.0,0.6666666666666666,0.0,-0.33333333333333337,0.0,0.33333333333333337,0.0,-0.33333333333333337,0.33333333333333337,1.0,3,0,0
llama31_instruct,1,loss,trait,HrAs,1,-1.0,1.0,1.0,0.6666666666666666,0.0,-0.33333333333333337,0.0,0.33333333333333337,-0.0,0.33333333333333337,-0.33333333333333337,0.0,3,0,0
llama31_instruct,1,loss,trait,HrBa,1,-1.0,1.0,1.0,0.6666666666666666,0.0,-0.33333333333333337,0.0,0.33333333333333337,-0.0,0.33333333333333337,-0.33333333333333337,0.0,3,0,0
llama31_instruct,1,loss,trait,HrCh,1,-1.0,1.0,1.0,1.0,0.0,0.0,0.0,0.0,-0.0,-0.0,-0.0,0.0,3,0,0
llama31_instruct,1,loss,trait,HrCo,1,-1.0,1.0,1.0,0.6666666666666666,0.0,-0.33333333333333337,0.0,0.33333333333333337,-0.0,0.33333333333333337,-0.33333333333333337,0.0,3,0,0
llama31_instruct,1,loss,trait,HrHr,1,-1.0,1.0,1.0,0.6666666666666666,0.0,-0.33333333333333337,0.0,0.33333333333333337,-0.0,0.33333333333333337,-0.33333333333333337,0.0,3,0,0
llama31_instruct,1,loss,trait,HrSh,1,-1.0,1.0,1.0,0.6666666666666666,0.0,-0.33333333333333337,0.0,0.33333333333333337,-0.0,0.33333333333333337,-0.33333333333333337,0.0,3,0,0
llama31_instruct,1,loss,trait,NcAs,0,1.0,1.0,1.0,1.0,0.0,0.0,0.0,0.0,0.0,0.0,0.0,1.0,3,0,0
llama31_instruct,1,loss,trait,NcBa,0,1.0,1.0,1.0,1.0,0.0,0.0,0.0,0.0,0.0,0.0,0.0,1.0,3,0,0
llama31_instruct,1,loss,trait,NcCh,0,1.0,1.0,1.0,0.6666666666666666,0.0,-0.33333333333333337,0.0,0.33333333333333337,0.0,-0.33333333333333337,0.33333333333333337,1.0,3,0,0
llama31_instruct,1,loss,trait,NcCo,0,1.0,1.0,1.0,0.6666666666666666,0.0,-0.33333333333333337,0.0,0.33333333333333337,0.0,-0.33333333333333337,0.33333333333333337,1.0,3,0,0
llama31_instruct,1,loss,trait,NcHr,0,1.0,1.0,1.0,0.6666666666666666,0.0,-0.33333333333333337,0.0,0.33333333333333337,0.0,-0.33333333333333337,0.33333333333333337,1.0,3,0,0
llama31_instruct,1,loss,trait,NcNc,0,1.0,0.6666666666666666,1.0,1.0,0.33333333333333337,0.33333333333333337,0.33333333333333337,0.33333333333333337,0.33333333333333337,0.33333333333333337,0.0,0.6666666666666666,3,1,1
llama31_instruct,1,loss,trait,NcPd,0,1.0,1.0,1.0,0.6666666666666666,0.0,-0.33333333333333337,0.0,0.33333333333333337,0.0,-0.33333333333333337,0.33333333333333337,1.0,3,0,0
llama31_instruct,1,loss,trait,NcSh,0,1.0,1.0,1.0,1.0,0.0,0.0,0.0,0.0,0.0,0.0,0.0,1.0,3,0,0
llama31_instruct,1,loss,trait,PcAs,0,2.0,0.6666666666666666,1.0,0.6666666666666666,0.33333333333333337,0.0,0.33333333333333337,0.0,0.33333333333333337,0.0,0.33333333333333337,0.6666666666666666,3,1,1
llama31_instruct,1,loss,trait,PcBa,0,2.0,1.0,1.0,0.6666666666666666,0.0,-0.33333333333333337,0.0,0.33333333333333337,0.0,-0.33333333333333337,0.33333333333333337,1.0,3,0,0
llama31_instruct,1,loss,trait,PcCh,0,2.0,1.0,1.0,1.0,0.0,0.0,0.0,0.0,0.0,0.0,0.0,1.0,3,0,0
llama31_instruct,1,loss,trait,PcCo,0,2.0,1.0,1.0,0.6666666666666666,0.0,-0.33333333333333337,0.0,0.33333333333333337,0.0,-0.33333333333333337,0.33333333333333337,1.0,3,0,0
llama31_instruct,1,loss,trait,PcHr,0,2.0,1.0,1.0,0.6666666666666666,0.0,-0.33333333333333337,0.0,0.33333333333333337,0.0,-0.33333333333333337,0.33333333333333337,1.0,3,0,0
llama31_instruct,1,loss,trait,PcNc,0,2.0,1.0,1.0,1.0,0.0,0.0,0.0,0.0,0.0,0.0,0.0,1.0,3,0,0
llama31_instruct,1,loss,trait,PcPc,0,2.0,1.0,1.0,1.0,0.0,0.0,0.0,0.0,0.0,0.0,0.0,1.0,3,0,0
llama31_instruct,1,loss,trait,PcPd,0,2.0,0.6666666666666666,1.0,0.6666666666666666,0.33333333333333337,0.0,0.33333333333333337,0.0,0.33333333333333337,0.0,0.33333333333333337,0.6666666666666666,3,1,1
llama31_instruct,1,loss,trait,PcSh,0,2.0,1.0,1.0,1.0,0.0,0.0,0.0,0.0,0.0,0.0,0.0,1.0,3,0,0
llama31_instruct,1,loss,trait,PdAs,1,-1.0,1.0,1.0,0.6666666666666666,0.0,-0.33333333333333337,0.0,0.33333333333333337,-0.0,0.33333333333333337,-0.33333333333333337,0.0,3,0,0
llama31_instruct,1,loss,trait,PdBa,1,-1.0,1.0,1.0,0.6666666666666666,0.0,-0.33333333333333337,0.0,0.33333333333333337,-0.0,0.33333333333333337,-0.33333333333333337,0.0,3,0,0
llama31_instruct,1,loss,trait,PdCh,1,-1.0,1.0,1.0,1.0,0.0,0.0,0.0,0.0,-0.0,-0.0,-0.0,0.0,3,0,0
llama31_instruct,1,loss,trait,PdCo,1,-1.0,0.6666666666666666,1.0,0.6666666666666666,0.33333333333333337,0.0,0.33333333333333337,0.0,-0.33333333333333337,-0.0,-0.33333333333333337,0.33333333333333337,3,1,0
llama31_instruct,1,loss,trait,PdHr,1,-1.0,1.0,1.0,1.0,0.0,0.0,0.0,0.0,-0.0,-0.0,-0.0,0.0,3,0,0
llama31_instruct,1,loss,trait,PdSh,1,-1.0,1.0,1.0,0.6666666666666666,0.0,-0.33333333333333337,0.0,0.33333333333333337,-0.0,0.33333333333333337,-0.33333333333333337,0.0,3,0,0
llama31_instruct,1,loss,trait,ShAs,1,-1.0,0.6666666666666666,1.0,0.6666666666666666,0.33333333333333337,0.0,0.33333333333333337,0.0,-0.33333333333333337,-0.0,-0.33333333333333337,0.33333333333333337,3,1,0
llama31_instruct,1,loss,trait,ShBa,1,-1.0,1.0,1.0,1.0,0.0,0.0,0.0,0.0,-0.0,-0.0,-0.0,0.0,3,0,0
llama31_instruct,1,loss,trait,ShCh,1,-1.0,0.6666666666666666,1.0,0.6666666666666666,0.33333333333333337,0.0,0.33333333333333337,0.0,-0.33333333333333337,-0.0,-0.33333333333333337,0.33333333333333337,3,1,0
llama31_instruct,1,loss,trait,ShSh,1,-1.0,1.0,1.0,1.0,0.0,0.0,0.0,0.0,-0.0,-0.0,-0.0,0.0,3,0,0
llama31_instruct,1,inequity,trait,AsBa,1,-1.0,1.0,1.0,1.0,0.0,0.0,0.0,0.0,-0.0,-0.0,-0.0,0.0,3,0,0
llama31_instruct,1,inequity,trait,ChAs,0,2.0,1.0,0.6666666666666666,0.6666666666666666,-0.33333333333333337,-0.33333333333333337,0.33333333333333337,0.33333333333333337,-0.33333333333333337,-0.33333333333333337,0.0,1.0,3,1,0
llama31_instruct,1,inequity,trait,ChBa,1,-1.0,1.0,0.6666666666666666,0.6666666666666666,-0.33333333333333337,-0.33333333333333337,0.33333333333333337,0.33333333333333337,0.33333333333333337,0.33333333333333337,-0.0,0.0,3,1,1
llama31_instruct,1,inequity,trait,CmCo,1,-1.0,1.0,0.3333333333333333,0.6666666666666666,-0.6666666666666667,-0.33333333333333337,0.6666666666666667,0.33333333333333337,0.6666666666666667,0.33333333333333337,0.33333333333333337,0.0,3,2,2
llama31_instruct,1,inequity,trait,CmPc,1,-1.0,1.0,1.0,0.6666666666666666,0.0,-0.33333333333333337,0.0,0.33333333333333337,-0.0,0.33333333333333337,-0.33333333333333337,0.0,3,0,0
llama31_instruct,1,inequity,trait,DlCm,1,-1.0,1.0,0.6666666666666666,0.6666666666666666,-0.33333333333333337,-0.33333333333333337,0.33333333333333337,0.33333333333333337,0.33333333333333337,0.33333333333333337,-0.0,0.0,3,1,1
llama31_instruct,1,inequity,trait,DlHr,1,-1.0,1.0,0.6666666666666666,1.0,-0.33333333333333337,0.0,0.33333333333333337,0.0,0.33333333333333337,-0.0,0.33333333333333337,0.0,3,1,1
llama31_instruct,1,inequity,trait,HaAs,0,1.0,1.0,0.6666666666666666,1.0,-0.33333333333333337,0.0,0.33333333333333337,0.0,-0.33333333333333337,0.0,-0.33333333333333337,1.0,3,1,0
llama31_instruct,1,inequity,trait,HaBa,1,-1.0,1.0,0.6666666666666666,0.6666666666666666,-0.33333333333333337,-0.33333333333333337,0.33333333333333337,0.33333333333333337,0.33333333333333337,0.33333333333333337,-0.0,0.0,3,1,1
llama31_instruct,1,inequity,trait,HaCh,1,-1.0,1.0,0.6666666666666666,0.6666666666666666,-0.33333333333333337,-0.33333333333333337,0.33333333333333337,0.33333333333333337,0.33333333333333337,0.33333333333333337,-0.0,0.0,3,1,1
llama31_instruct,1,inequity,trait,HaCm,1,-1.0,1.0,1.0,1.0,0.0,0.0,0.0,0.0,-0.0,-0.0,-0.0,0.0,3,0,0
llama31_instruct,1,inequity,trait,HaHr,1,-1.0,0.6666666666666666,0.6666666666666666,0.6666666666666666,0.0,0.0,0.0,0.0,-0.0,-0.0,-0.0,0.33333333333333337,3,0,0
llama31_instruct,1,inequity,trait,HaSh,0,1.0,1.0,0.6666666666666666,0.6666666666666666,-0.33333333333333337,-0.33333333333333337,0.33333333333333337,0.33333333333333337,-0.33333333333333337,-0.33333333333333337,0.0,1.0,3,1,0
llama31_instruct,1,inequity,trait,HrCo,1,-1.0,1.0,0.6666666666666666,0.6666666666666666,-0.33333333333333337,-0.33333333333333337,0.33333333333333337,0.33333333333333337,0.33333333333333337,0.33333333333333337,-0.0,0.0,3,1,1
llama31_instruct,1,inequity,trait,NcAs,0,2.0,1.0,0.6666666666666666,1.0,-0.33333333333333337,0.0,0.33333333333333337,0.0,-0.33333333333333337,0.0,-0.33333333333333337,1.0,3,1,0
llama31_instruct,1,inequity,trait,NcBa,1,-2.0,1.0,1.0,1.0,0.0,0.0,0.0,0.0,-0.0,-0.0,-0.0,0.0,3,0,0
llama31_instruct,1,inequity,trait,NcCh,1,-1.0,1.0,0.6666666666666666,0.6666666666666666,-0.33333333333333337,-0.33333333333333337,0.33333333333333337,0.33333333333333337,0.33333333333333337,0.33333333333333337,-0.0,0.0,3,1,1
llama31_instruct,1,inequity,trait,NcCo,0,1.0,1.0,1.0,0.6666666666666666,0.0,-0.33333333333333337,0.0,0.33333333333333337,0.0,-0.33333333333333337,0.33333333333333337,1.0,3,0,0
llama31_instruct,1,inequity,trait,NcHr,1,-2.0,1.0,0.6666666666666666,0.6666666666666666,-0.33333333333333337,-0.33333333333333337,0.33333333333333337,0.33333333333333337,0.33333333333333337,0.33333333333333337,-0.0,0.0,3,1,1
llama31_instruct,1,inequity,trait,NcSh,0,1.0,1.0,0.6666666666666666,1.0,-0.33333333333333337,0.0,0.33333333333333337,0.0,-0.33333333333333337,0.0,-0.33333333333333337,1.0,3,1,0
llama31_instruct,1,inequity,trait,PcHr,1,-1.0,1.0,1.0,0.6666666666666666,0.0,-0.33333333333333337,0.0,0.33333333333333337,-0.0,0.33333333333333337,-0.33333333333333337,0.0,3,0,0
llama31_instruct,1,inequity,trait,PcNc,0,1.0,1.0,0.6666666666666666,1.0,-0.33333333333333337,0.0,0.33333333333333337,0.0,-0.33333333333333337,0.0,-0.33333333333333337,1.0,3,1,0
llama31_instruct,1,inequity,trait,PcPd,1,-1.0,0.6666666666666666,1.0,0.6666666666666666,0.33333333333333337,0.0,0.33333333333333337,0.0,-0.33333333333333337,-0.0,-0.33333333333333337,0.33333333333333337,3,1,0
llama31_instruct,1,inequity,trait,PdAs,0,1.0,1.0,0.6666666666666666,0.6666666666666666,-0.33333333333333337,-0.33333333333333337,0.33333333333333337,0.33333333333333337,-0.33333333333333337,-0.33333333333333337,0.0,1.0,3,1,0
llama31_instruct,1,inequity,trait,PdBa,1,-1.0,1.0,1.0,0.6666666666666666,0.0,-0.33333333333333337,0.0,0.33333333333333337,-0.0,0.33333333333333337,-0.33333333333333337,0.0,3,0,0
llama31_instruct,1,inequity,trait,PdCo,0,1.0,0.6666666666666666,1.0,0.6666666666666666,0.33333333333333337,0.0,0.33333333333333337,0.0,0.33333333333333337,0.0,0.33333333333333337,0.6666666666666666,3,1,1
llama31_instruct,1,inequity,trait,PdHr,1,-2.0,1.0,1.0,1.0,0.0,0.0,0.0,0.0,-0.0,-0.0,-0.0,0.0,3,0,0
llama31_instruct,1,inequity,trait,ShAs,0,1.0,0.6666666666666666,0.6666666666666666,0.6666666666666666,0.0,0.0,0.0,0.0,0.0,0.0,0.0,0.6666666666666666,3,0,0
llama31_instruct,1,inequity,trait,ShBa,1,-2.0,1.0,1.0,1.0,0.0,0.0,0.0,0.0,-0.0,-0.0,-0.0,0.0,3,0,0
llama31_instruct,1,inequity,trait,ShCh,1,-1.0,0.6666666666666666,0.6666666666666666,0.6666666666666666,0.0,0.0,0.0,0.0,-0.0,-0.0,-0.0,0.33333333333333337,3,0,0
llama31_instruct,1,selfish,trait,CmAs,1,-2.0,0.6666666666666666,0.6666666666666666,0.6666666666666666,0.0,0.0,0.0,0.0,-0.0,-0.0,-0.0,0.33333333333333337,3,0,0
llama31_instruct,1,selfish,trait,CmBa,1,-2.0,1.0,0.6666666666666666,1.0,-0.33333333333333337,0.0,0.33333333333333337,0.0,0.33333333333333337,-0.0,0.33333333333333337,0.0,3,1,1
llama31_instruct,1,selfish,trait,CmCh,1,-2.0,1.0,0.6666666666666666,1.0,-0.33333333333333337,0.0,0.33333333333333337,0.0,0.33333333333333337,-0.0,0.33333333333333337,0.0,3,1,1
llama31_instruct,1,selfish,trait,CmCm,1,-2.0,1.0,0.6666666666666666,0.6666666666666666,-0.33333333333333337,-0.33333333333333337,0.33333333333333337,0.33333333333333337,0.33333333333333337,0.33333333333333337,-0.0,0.0,3,1,1
llama31_instruct,1,selfish,trait,CmCo,1,-2.0,1.0,0.6666666666666666,0.6666666666666666,-0.33333333333333337,-0.33333333333333337,0.33333333333333337,0.33333333333333337,0.33333333333333337,0.33333333333333337,-0.0,0.0,3,1,1
llama31_instruct,1,selfish,trait,CmHr,1,-2.0,0.6666666666666666,0.6666666666666666,0.6666666666666666,0.0,0.0,0.0,0.0,-0.0,-0.0,-0.0,0.33333333333333337,3,2,1
llama31_instruct,1,selfish,trait,CmNc,1,-2.0,1.0,0.6666666666666666,1.0,-0.33333333333333337,0.0,0.33333333333333337,0.0,0.33333333333333337,-0.0,0.33333333333333337,0.0,3,1,1
llama31_instruct,1,selfish,trait,CmPc,1,-2.0,1.0,0.6666666666666666,0.6666666666666666,-0.33333333333333337,-0.33333333333333337,0.33333333333333337,0.33333333333333337,0.33333333333333337,0.33333333333333337,-0.0,0.0,3,1,1
llama31_instruct,1,selfish,trait,CmPd,1,-2.0,0.6666666666666666,0.6666666666666666,0.6666666666666666,0.0,0.0,0.0,0.0,-0.0,-0.0,-0.0,0.33333333333333337,3,0,0
llama31_instruct,1,selfish,trait,CmSh,1,-2.0,1.0,0.6666666666666666,0.6666666666666666,-0.33333333333333337,-0.33333333333333337,0.33333333333333337,0.33333333333333337,0.33333333333333337,0.33333333333333337,-0.0,0.0,3,1,1
llama31_instruct,1,selfish,trait,CoAs,0,1.0,1.0,0.6666666666666666,0.6666666666666666,-0.33333333333333337,-0.33333333333333337,0.33333333333333337,0.33333333333333337,-0.33333333333333337,-0.33333333333333337,0.0,1.0,3,1,0
llama31_instruct,1,selfish,trait,CoBa,0,1.0,0.6666666666666666,0.6666666666666666,0.6666666666666666,0.0,0.0,0.0,0.0,0.0,0.0,0.0,0.6666666666666666,3,0,0
llama31_instruct,1,selfish,trait,CoCh,0,1.0,0.6666666666666666,0.6666666666666666,0.6666666666666666,0.0,0.0,0.0,0.0,0.0,0.0,0.0,0.6666666666666666,3,2,1
llama31_instruct,1,selfish,trait,CoCo,0,1.0,1.0,0.6666666666666666,0.6666666666666666,-0.33333333333333337,-0.33333333333333337,0.33333333333333337,0.33333333333333337,-0.33333333333333337,-0.33333333333333337,0.0,1.0,3,1,0
llama31_instruct,1,selfish,trait,CoSh,0,1.0,1.0,0.6666666666666666,0.6666666666666666,-0.33333333333333337,-0.33333333333333337,0.33333333333333337,0.33333333333333337,-0.33333333333333337,-0.33333333333333337,0.0,1.0,3,1,0
llama31_instruct,1,selfish,trait,DlAs,1,-2.0,1.0,0.6666666666666666,1.0,-0.33333333333333337,0.0,0.33333333333333337,0.0,0.33333333333333337,-0.0,0.33333333333333337,0.0,3,1,1
llama31_instruct,1,selfish,trait,DlBa,1,-2.0,1.0,0.6666666666666666,0.6666666666666666,-0.33333333333333337,-0.33333333333333337,0.33333333333333337,0.33333333333333337,0.33333333333333337,0.33333333333333337,-0.0,0.0,3,1,1
llama31_instruct,1,selfish,trait,DlCh,1,-2.0,1.0,0.6666666666666666,0.6666666666666666,-0.33333333333333337,-0.33333333333333337,0.33333333333333337,0.33333333333333337,0.33333333333333337,0.33333333333333337,-0.0,0.0,3,1,1
llama31_instruct,1,selfish,trait,DlCm,1,-2.0,1.0,0.6666666666666666,0.6666666666666666,-0.33333333333333337,-0.33333333333333337,0.33333333333333337,0.33333333333333337,0.33333333333333337,0.33333333333333337,-0.0,0.0,3,1,1
llama31_instruct,1,selfish,trait,DlCo,1,-2.0,0.6666666666666666,0.6666666666666666,0.6666666666666666,0.0,0.0,0.0,0.0,-0.0,-0.0,-0.0,0.33333333333333337,3,0,0
llama31_instruct,1,selfish,trait,DlDl,1,-2.0,1.0,0.6666666666666666,0.6666666666666666,-0.33333333333333337,-0.33333333333333337,0.33333333333333337,0.33333333333333337,0.33333333333333337,0.33333333333333337,-0.0,0.0,3,1,1
llama31_instruct,1,selfish,trait,DlHa,1,-2.0,1.0,0.6666666666666666,1.0,-0.33333333333333337,0.0,0.33333333333333337,0.0,0.33333333333333337,-0.0,0.33333333333333337,0.0,3,1,1
llama31_instruct,1,selfish,trait,DlHr,1,-2.0,1.0,0.6666666666666666,1.0,-0.33333333333333337,0.0,0.33333333333333337,0.0,0.33333333333333337,-0.0,0.33333333333333337,0.0,3,1,1
llama31_instruct,1,selfish,trait,DlNc,1,-2.0,1.0,0.6666666666666666,1.0,-0.33333333333333337,0.0,0.33333333333333337,0.0,0.33333333333333337,-0.0,0.33333333333333337,0.0,3,1,1
llama31_instruct,1,selfish,trait,DlPc,1,-2.0,1.0,0.6666666666666666,0.6666666666666666,-0.33333333333333337,-0.33333333333333337,0.33333333333333337,0.33333333333333337,0.33333333333333337,0.33333333333333337,-0.0,0.0,3,1,1
llama31_instruct,1,selfish,trait,DlPd,1,-2.0,1.0,0.6666666666666666,0.6666666666666666,-0.33333333333333337,-0.33333333333333337,0.33333333333333337,0.33333333333333337,0.33333333333333337,0.33333333333333337,-0.0,0.0,3,1,1
llama31_instruct,1,selfish,trait,DlSh,1,-2.0,1.0,0.6666666666666666,0.6666666666666666,-0.33333333333333337,-0.33333333333333337,0.33333333333333337,0.33333333333333337,0.33333333333333337,0.33333333333333337,-0.0,0.0,3,1,1
llama31_instruct,1,selfish,trait,HaAs,0,2.0,1.0,0.6666666666666666,1.0,-0.33333333333333337,0.0,0.33333333333333337,0.0,-0.33333333333333337,0.0,-0.33333333333333337,1.0,3,1,0
llama31_instruct,1,selfish,trait,HaBa,0,2.0,1.0,0.6666666666666666,0.6666666666666666,-0.33333333333333337,-0.33333333333333337,0.33333333333333337,0.33333333333333337,-0.33333333333333337,-0.33333333333333337,0.0,1.0,3,1,0
llama31_instruct,1,selfish,trait,HaCh,0,2.0,1.0,0.6666666666666666,0.6666666666666666,-0.33333333333333337,-0.33333333333333337,0.33333333333333337,0.33333333333333337,-0.33333333333333337,-0.33333333333333337,0.0,1.0,3,1,0
llama31_instruct,1,selfish,trait,HaCm,0,2.0,1.0,1.0,1.0,0.0,0.0,0.0,0.0,0.0,0.0,0.0,1.0,3,0,0
llama31_instruct,1,selfish,trait,HaCo,0,2.0,1.0,0.6666666666666666,1.0,-0.33333333333333337,0.0,0.33333333333333337,0.0,-0.33333333333333337,0.0,-0.33333333333333337,1.0,3,1,0
llama31_instruct,1,selfish,trait,HaHa,0,2.0,1.0,0.6666666666666666,0.6666666666666666,-0.33333333333333337,-0.33333333333333337,0.33333333333333337,0.33333333333333337,-0.33333333333333337,-0.33333333333333337,0.0,1.0,3,1,0
llama31_instruct,1,selfish,trait,HaHr,0,2.0,0.6666666666666666,0.6666666666666666,0.6666666666666666,0.0,0.0,0.0,0.0,0.0,0.0,0.0,0.6666666666666666,3,0,0
llama31_instruct,1,selfish,trait,HaNc,0,2.0,1.0,0.6666666666666666,0.6666666666666666,-0.33333333333333337,-0.33333333333333337,0.33333333333333337,0.33333333333333337,-0.33333333333333337,-0.33333333333333337,0.0,1.0,3,1,0
llama31_instruct,1,selfish,trait,HaPc,0,2.0,1.0,0.6666666666666666,0.6666666666666666,-0.33333333333333337,-0.33333333333333337,0.33333333333333337,0.33333333333333337,-0.33333333333333337,-0.33333333333333337,0.0,1.0,3,1,0
llama31_instruct,1,selfish,trait,HaPd,0,2.0,1.0,0.6666666666666666,0.6666666666666666,-0.33333333333333337,-0.33333333333333337,0.33333333333333337,0.33333333333333337,-0.33333333333333337,-0.33333333333333337,0.0,1.0,3,1,0
llama31_instruct,1,selfish,trait,HaSh,0,2.0,1.0,0.6666666666666666,0.6666666666666666,-0.33333333333333337,-0.33333333333333337,0.33333333333333337,0.33333333333333337,-0.33333333333333337,-0.33333333333333337,0.0,1.0,3,1,0
llama31_instruct,1,selfish,trait,HrAs,1,-1.0,1.0,0.6666666666666666,0.6666666666666666,-0.33333333333333337,-0.33333333333333337,0.33333333333333337,0.33333333333333337,0.33333333333333337,0.33333333333333337,-0.0,0.0,3,1,1
llama31_instruct,1,selfish,trait,HrBa,1,-1.0,1.0,0.6666666666666666,0.6666666666666666,-0.33333333333333337,-0.33333333333333337,0.33333333333333337,0.33333333333333337,0.33333333333333337,0.33333333333333337,-0.0,0.0,3,1,1
llama31_instruct,1,selfish,trait,HrCh,1,-1.0,1.0,0.6666666666666666,1.0,-0.33333333333333337,0.0,0.33333333333333337,0.0,0.33333333333333337,-0.0,0.33333333333333337,0.0,3,1,1
llama31_instruct,1,selfish,trait,HrCo,1,-1.0,1.0,0.6666666666666666,0.6666666666666666,-0.33333333333333337,-0.33333333333333337,0.33333333333333337,0.33333333333333337,0.33333333333333337,0.33333333333333337,-0.0,0.0,3,1,1
llama31_instruct,1,selfish,trait,HrHr,1,-1.0,1.0,0.6666666666666666,0.6666666666666666,-0.33333333333333337,-0.33333333333333337,0.33333333333333337,0.33333333333333337,0.33333333333333337,0.33333333333333337,-0.0,0.0,3,1,1
llama31_instruct,1,selfish,trait,HrSh,1,-1.0,1.0,0.6666666666666666,0.6666666666666666,-0.33333333333333337,-0.33333333333333337,0.33333333333333337,0.33333333333333337,0.33333333333333337,0.33333333333333337,-0.0,0.0,3,1,1
llama31_instruct,1,selfish,trait,NcAs,0,1.0,1.0,1.0,1.0,0.0,0.0,0.0,0.0,0.0,0.0,0.0,1.0,3,0,0
llama31_instruct,1,selfish,trait,NcBa,0,1.0,1.0,0.6666666666666666,1.0,-0.33333333333333337,0.0,0.33333333333333337,0.0,-0.33333333333333337,0.0,-0.33333333333333337,1.0,3,1,0
llama31_instruct,1,selfish,trait,NcCh,0,1.0,1.0,0.6666666666666666,0.6666666666666666,-0.33333333333333337,-0.33333333333333337,0.33333333333333337,0.33333333333333337,-0.33333333333333337,-0.33333333333333337,0.0,1.0,3,1,0
llama31_instruct,1,selfish,trait,NcCo,0,1.0,1.0,1.0,0.6666666666666666,0.0,-0.33333333333333337,0.0,0.33333333333333337,0.0,-0.33333333333333337,0.33333333333333337,1.0,3,0,0
llama31_instruct,1,selfish,trait,NcHr,0,1.0,1.0,0.6666666666666666,0.6666666666666666,-0.33333333333333337,-0.33333333333333337,0.33333333333333337,0.33333333333333337,-0.33333333333333337,-0.33333333333333337,0.0,1.0,3,1,0
llama31_instruct,1,selfish,trait,NcNc,0,1.0,0.6666666666666666,0.6666666666666666,1.0,0.0,0.33333333333333337,0.0,0.33333333333333337,0.0,0.33333333333333337,-0.33333333333333337,0.6666666666666666,3,2,1
llama31_instruct,1,selfish,trait,NcPd,0,1.0,1.0,0.6666666666666666,0.6666666666666666,-0.33333333333333337,-0.33333333333333337,0.33333333333333337,0.33333333333333337,-0.33333333333333337,-0.33333333333333337,0.0,1.0,3,1,0
llama31_instruct,1,selfish,trait,NcSh,0,1.0,1.0,0.6666666666666666,1.0,-0.33333333333333337,0.0,0.33333333333333337,0.0,-0.33333333333333337,0.0,-0.33333333333333337,1.0,3,1,0
llama31_instruct,1,selfish,trait,PcAs,0,2.0,0.6666666666666666,0.6666666666666666,0.6666666666666666,0.0,0.0,0.0,0.0,0.0,0.0,0.0,0.6666666666666666,3,0,0
llama31_instruct,1,selfish,trait,PcBa,0,2.0,1.0,0.6666666666666666,0.6666666666666666,-0.33333333333333337,-0.33333333333333337,0.33333333333333337,0.33333333333333337,-0.33333333333333337,-0.33333333333333337,0.0,1.0,3,1,0
llama31_instruct,1,selfish,trait,PcCh,0,2.0,1.0,0.6666666666666666,1.0,-0.33333333333333337,0.0,0.33333333333333337,0.0,-0.33333333333333337,0.0,-0.33333333333333337,1.0,3,1,0
llama31_instruct,1,selfish,trait,PcCo,0,2.0,1.0,0.6666666666666666,0.6666666666666666,-0.33333333333333337,-0.33333333333333337,0.33333333333333337,0.33333333333333337,-0.33333333333333337,-0.33333333333333337,0.0,1.0,3,1,0
llama31_instruct,1,selfish,trait,PcHr,0,2.0,1.0,0.6666666666666666,0.6666666666666666,-0.33333333333333337,-0.33333333333333337,0.33333333333333337,0.33333333333333337,-0.33333333333333337,-0.33333333333333337,0.0,1.0,3,1,0
llama31_instruct,1,selfish,trait,PcNc,0,2.0,1.0,0.6666666666666666,1.0,-0.33333333333333337,0.0,0.33333333333333337,0.0,-0.33333333333333337,0.0,-0.33333333333333337,1.0,3,1,0
llama31_instruct,1,selfish,trait,PcPc,0,2.0,1.0,1.0,1.0,0.0,0.0,0.0,0.0,0.0,0.0,0.0,1.0,3,0,0
llama31_instruct,1,selfish,trait,PcPd,0,2.0,0.6666666666666666,0.6666666666666666,0.6666666666666666,0.0,0.0,0.0,0.0,0.0,0.0,0.0,0.6666666666666666,3,0,0
llama31_instruct,1,selfish,trait,PcSh,0,2.0,1.0,0.6666666666666666,1.0,-0.33333333333333337,0.0,0.33333333333333337,0.0,-0.33333333333333337,0.0,-0.33333333333333337,1.0,3,1,0
llama31_instruct,1,selfish,trait,PdAs,1,-1.0,1.0,0.6666666666666666,0.6666666666666666,-0.33333333333333337,-0.33333333333333337,0.33333333333333337,0.33333333333333337,0.33333333333333337,0.33333333333333337,-0.0,0.0,3,1,1
llama31_instruct,1,selfish,trait,PdBa,1,-1.0,1.0,0.6666666666666666,0.6666666666666666,-0.33333333333333337,-0.33333333333333337,0.33333333333333337,0.33333333333333337,0.33333333333333337,0.33333333333333337,-0.0,0.0,3,1,1
llama31_instruct,1,selfish,trait,PdCh,1,-1.0,1.0,0.6666666666666666,1.0,-0.33333333333333337,0.0,0.33333333333333337,0.0,0.33333333333333337,-0.0,0.33333333333333337,0.0,3,1,1
llama31_instruct,1,selfish,trait,PdCo,1,-1.0,0.6666666666666666,0.6666666666666666,0.6666666666666666,0.0,0.0,0.0,0.0,-0.0,-0.0,-0.0,0.33333333333333337,3,0,0
llama31_instruct,1,selfish,trait,PdHr,1,-1.0,1.0,0.6666666666666666,1.0,-0.33333333333333337,0.0,0.33333333333333337,0.0,0.33333333333333337,-0.0,0.33333333333333337,0.0,3,1,1
llama31_instruct,1,selfish,trait,PdSh,1,-1.0,1.0,0.6666666666666666,0.6666666666666666,-0.33333333333333337,-0.33333333333333337,0.33333333333333337,0.33333333333333337,0.33333333333333337,0.33333333333333337,-0.0,0.0,3,1,1
llama31_instruct,1,maximin,rule,AsAs,1,-1.0,1.0,1.0,1.0,0.0,0.0,0.0,0.0,-0.0,-0.0,-0.0,0.0,3,0,0
llama31_instruct,1,maximin,rule,AsBa,1,-1.0,1.0,1.0,1.0,0.0,0.0,0.0,0.0,-0.0,-0.0,-0.0,0.0,3,0,0
llama31_instruct,1,maximin,rule,BaBa,0,1.0,1.0,1.0,1.0,0.0,0.0,0.0,0.0,0.0,0.0,0.0,1.0,3,0,0
llama31_instruct,1,maximin,rule,ChAs,0,1.0,1.0,0.6666666666666666,0.6666666666666666,-0.33333333333333337,-0.33333333333333337,0.33333333333333337,0.33333333333333337,-0.33333333333333337,-0.33333333333333337,0.0,1.0,3,1,0
llama31_instruct,1,maximin,rule,ChBa,0,1.0,1.0,0.6666666666666666,0.6666666666666666,-0.33333333333333337,-0.33333333333333337,0.33333333333333337,0.33333333333333337,-0.33333333333333337,-0.33333333333333337,0.0,1.0,3,1,0
llama31_instruct,1,maximin,rule,CmAs,1,-2.0,0.6666666666666666,1.0,0.6666666666666666,0.33333333333333337,0.0,0.33333333333333337,0.0,-0.33333333333333337,-0.0,-0.33333333333333337,0.33333333333333337,3,1,0
llama31_instruct,1,maximin,rule,CmBa,1,-2.0,1.0,1.0,1.0,0.0,0.0,0.0,0.0,-0.0,-0.0,-0.0,0.0,3,0,0
llama31_instruct,1,maximin,rule,CmCh,1,-2.0,1.0,1.0,1.0,0.0,0.0,0.0,0.0,-0.0,-0.0,-0.0,0.0,3,0,0
llama31_instruct,1,maximin,rule,CmCm,1,-2.0,1.0,1.0,0.6666666666666666,0.0,-0.33333333333333337,0.0,0.33333333333333337,-0.0,0.33333333333333337,-0.33333333333333337,0.0,3,0,0
llama31_instruct,1,maximin,rule,CmCo,1,-2.0,1.0,0.6666666666666666,0.6666666666666666,-0.33333333333333337,-0.33333333333333337,0.33333333333333337,0.33333333333333337,0.33333333333333337,0.33333333333333337,-0.0,0.0,3,1,1
llama31_instruct,1,maximin,rule,CmHr,1,-2.0,0.6666666666666666,0.6666666666666666,0.6666666666666666,0.0,0.0,0.0,0.0,-0.0,-0.0,-0.0,0.33333333333333337,3,0,0
llama31_instruct,1,maximin,rule,CmNc,1,-2.0,1.0,1.0,1.0,0.0,0.0,0.0,0.0,-0.0,-0.0,-0.0,0.0,3,0,0
llama31_instruct,1,maximin,rule,CmPc,1,-2.0,1.0,1.0,0.6666666666666666,0.0,-0.33333333333333337,0.0,0.33333333333333337,-0.0,0.33333333333333337,-0.33333333333333337,0.0,3,0,0
llama31_instruct,1,maximin,rule,CmPd,1,-2.0,0.6666666666666666,0.6666666666666666,0.6666666666666666,0.0,0.0,0.0,0.0,-0.0,-0.0,-0.0,0.33333333333333337,3,0,0
llama31_instruct,1,maximin,rule,CmSh,1,-2.0,1.0,0.6666666666666666,0.6666666666666666,-0.33333333333333337,-0.33333333333333337,0.33333333333333337,0.33333333333333337,0.33333333333333337,0.33333333333333337,-0.0,0.0,3,1,1
llama31_instruct,1,maximin,rule,CoAs,0,1.0,1.0,0.6666666666666666,0.6666666666666666,-0.33333333333333337,-0.33333333333333337,0.33333333333333337,0.33333333333333337,-0.33333333333333337,-0.33333333333333337,0.0,1.0,3,1,0
llama31_instruct,1,maximin,rule,CoBa,0,1.0,0.6666666666666666,0.6666666666666666,0.6666666666666666,0.0,0.0,0.0,0.0,0.0,0.0,0.0,0.6666666666666666,3,0,0
llama31_instruct,1,maximin,rule,CoCh,0,1.0,0.6666666666666666,0.6666666666666666,0.6666666666666666,0.0,0.0,0.0,0.0,0.0,0.0,0.0,0.6666666666666666,3,2,1
llama31_instruct,1,maximin,rule,CoCo,0,1.0,1.0,0.6666666666666666,0.6666666666666666,-0.33333333333333337,-0.33333333333333337,0.33333333333333337,0.33333333333333337,-0.33333333333333337,-0.33333333333333337,0.0,1.0,3,1,0
llama31_instruct,1,maximin,rule,CoSh,0,1.0,1.0,1.0,0.6666666666666666,0.0,-0.33333333333333337,0.0,0.33333333333333337,0.0,-0.33333333333333337,0.33333333333333337,1.0,3,0,0
llama31_instruct,1,maximin,rule,DlAs,1,-2.0,1.0,0.6666666666666666,1.0,-0.33333333333333337,0.0,0.33333333333333337,0.0,0.33333333333333337,-0.0,0.33333333333333337,0.0,3,1,1
llama31_instruct,1,maximin,rule,DlBa,1,-2.0,1.0,1.0,0.6666666666666666,0.0,-0.33333333333333337,0.0,0.33333333333333337,-0.0,0.33333333333333337,-0.33333333333333337,0.0,3,0,0
llama31_instruct,1,maximin,rule,DlCh,1,-2.0,1.0,0.6666666666666666,0.6666666666666666,-0.33333333333333337,-0.33333333333333337,0.33333333333333337,0.33333333333333337,0.33333333333333337,0.33333333333333337,-0.0,0.0,3,1,1
llama31_instruct,1,maximin,rule,DlCm,1,-2.0,1.0,0.6666666666666666,0.6666666666666666,-0.33333333333333337,-0.33333333333333337,0.33333333333333337,0.33333333333333337,0.33333333333333337,0.33333333333333337,-0.0,0.0,3,1,1
llama31_instruct,1,maximin,rule,DlCo,1,-2.0,0.6666666666666666,0.6666666666666666,0.6666666666666666,0.0,0.0,0.0,0.0,-0.0,-0.0,-0.0,0.33333333333333337,3,0,0
llama31_instruct,1,maximin,rule,DlDl,1,-2.0,1.0,0.6666666666666666,0.6666666666666666,-0.33333333333333337,-0.33333333333333337,0.33333333333333337,0.33333333333333337,0.33333333333333337,0.33333333333333337,-0.0,0.0,3,1,1
llama31_instruct,1,maximin,rule,DlHa,1,-2.0,1.0,0.6666666666666666,1.0,-0.33333333333333337,0.0,0.33333333333333337,0.0,0.33333333333333337,-0.0,0.33333333333333337,0.0,3,1,1
llama31_instruct,1,maximin,rule,DlHr,1,-2.0,1.0,1.0,1.0,0.0,0.0,0.0,0.0,-0.0,-0.0,-0.0,0.0,3,0,0
llama31_instruct,1,maximin,rule,DlNc,1,-2.0,1.0,1.0,1.0,0.0,0.0,0.0,0.0,-0.0,-0.0,-0.0,0.0,3,0,0
llama31_instruct,1,maximin,rule,DlPc,1,-2.0,1.0,0.6666666666666666,0.6666666666666666,-0.33333333333333337,-0.33333333333333337,0.33333333333333337,0.33333333333333337,0.33333333333333337,0.33333333333333337,-0.0,0.0,3,1,1
llama31_instruct,1,maximin,rule,DlPd,1,-2.0,1.0,0.6666666666666666,0.6666666666666666,-0.33333333333333337,-0.33333333333333337,0.33333333333333337,0.33333333333333337,0.33333333333333337,0.33333333333333337,-0.0,0.0,3,1,1
llama31_instruct,1,maximin,rule,DlSh,1,-2.0,1.0,1.0,0.6666666666666666,0.0,-0.33333333333333337,0.0,0.33333333333333337,-0.0,0.33333333333333337,-0.33333333333333337,0.0,3,0,0
llama31_instruct,1,maximin,rule,HaAs,0,2.0,1.0,1.0,1.0,0.0,0.0,0.0,0.0,0.0,0.0,0.0,1.0,3,0,0
llama31_instruct,1,maximin,rule,HaBa,0,2.0,1.0,1.0,0.6666666666666666,0.0,-0.33333333333333337,0.0,0.33333333333333337,0.0,-0.33333333333333337,0.33333333333333337,1.0,3,0,0
llama31_instruct,1,maximin,rule,HaCh,0,2.0,1.0,0.6666666666666666,0.6666666666666666,-0.33333333333333337,-0.33333333333333337,0.33333333333333337,0.33333333333333337,-0.33333333333333337,-0.33333333333333337,0.0,1.0,3,1,0
llama31_instruct,1,maximin,rule,HaCm,0,2.0,1.0,1.0,1.0,0.0,0.0,0.0,0.0,0.0,0.0,0.0,1.0,3,0,0
llama31_instruct,1,maximin,rule,HaCo,0,2.0,1.0,1.0,1.0,0.0,0.0,0.0,0.0,0.0,0.0,0.0,1.0,3,0,0
llama31_instruct,1,maximin,rule,HaHa,0,2.0,1.0,0.6666666666666666,0.6666666666666666,-0.33333333333333337,-0.33333333333333337,0.33333333333333337,0.33333333333333337,-0.33333333333333337,-0.33333333333333337,0.0,1.0,3,1,0
llama31_instruct,1,maximin,rule,HaHr,0,2.0,0.6666666666666666,0.6666666666666666,0.6666666666666666,0.0,0.0,0.0,0.0,0.0,0.0,0.0,0.6666666666666666,3,0,0
llama31_instruct,1,maximin,rule,HaNc,0,2.0,1.0,1.0,0.6666666666666666,0.0,-0.33333333333333337,0.0,0.33333333333333337,0.0,-0.33333333333333337,0.33333333333333337,1.0,3,0,0
llama31_instruct,1,maximin,rule,HaPc,0,2.0,1.0,0.6666666666666666,0.6666666666666666,-0.33333333333333337,-0.33333333333333337,0.33333333333333337,0.33333333333333337,-0.33333333333333337,-0.33333333333333337,0.0,1.0,3,1,0
llama31_instruct,1,maximin,rule,HaPd,0,2.0,1.0,0.6666666666666666,0.6666666666666666,-0.33333333333333337,-0.33333333333333337,0.33333333333333337,0.33333333333333337,-0.33333333333333337,-0.33333333333333337,0.0,1.0,3,1,0
llama31_instruct,1,maximin,rule,HaSh,0,2.0,1.0,1.0,0.6666666666666666,0.0,-0.33333333333333337,0.0,0.33333333333333337,0.0,-0.33333333333333337,0.33333333333333337,1.0,3,0,0
llama31_instruct,1,maximin,rule,HrAs,1,-1.0,1.0,1.0,0.6666666666666666,0.0,-0.33333333333333337,0.0,0.33333333333333337,-0.0,0.33333333333333337,-0.33333333333333337,0.0,3,0,0
llama31_instruct,1,maximin,rule,HrBa,1,-1.0,1.0,0.6666666666666666,0.6666666666666666,-0.33333333333333337,-0.33333333333333337,0.33333333333333337,0.33333333333333337,0.33333333333333337,0.33333333333333337,-0.0,0.0,3,1,1
llama31_instruct,1,maximin,rule,HrCh,1,-1.0,1.0,0.6666666666666666,1.0,-0.33333333333333337,0.0,0.33333333333333337,0.0,0.33333333333333337,-0.0,0.33333333333333337,0.0,3,1,1
llama31_instruct,1,maximin,rule,HrCo,1,-1.0,1.0,1.0,0.6666666666666666,0.0,-0.33333333333333337,0.0,0.33333333333333337,-0.0,0.33333333333333337,-0.33333333333333337,0.0,3,0,0
llama31_instruct,1,maximin,rule,HrHr,1,-1.0,1.0,0.6666666666666666,0.6666666666666666,-0.33333333333333337,-0.33333333333333337,0.33333333333333337,0.33333333333333337,0.33333333333333337,0.33333333333333337,-0.0,0.0,3,1,1
llama31_instruct,1,maximin,rule,HrSh,1,-1.0,1.0,0.6666666666666666,0.6666666666666666,-0.33333333333333337,-0.33333333333333337,0.33333333333333337,0.33333333333333337,0.33333333333333337,0.33333333333333337,-0.0,0.0,3,1,1
llama31_instruct,1,maximin,rule,NcAs,0,1.0,1.0,1.0,1.0,0.0,0.0,0.0,0.0,0.0,0.0,0.0,1.0,3,0,0
llama31_instruct,1,maximin,rule,NcBa,0,1.0,1.0,1.0,1.0,0.0,0.0,0.0,0.0,0.0,0.0,0.0,1.0,3,0,0
llama31_instruct,1,maximin,rule,NcCh,0,1.0,1.0,0.6666666666666666,0.6666666666666666,-0.33333333333333337,-0.33333333333333337,0.33333333333333337,0.33333333333333337,-0.33333333333333337,-0.33333333333333337,0.0,1.0,3,1,0
llama31_instruct,1,maximin,rule,NcCo,0,1.0,1.0,1.0,0.6666666666666666,0.0,-0.33333333333333337,0.0,0.33333333333333337,0.0,-0.33333333333333337,0.33333333333333337,1.0,3,0,0
llama31_instruct,1,maximin,rule,NcHr,0,1.0,1.0,1.0,0.6666666666666666,0.0,-0.33333333333333337,0.0,0.33333333333333337,0.0,-0.33333333333333337,0.33333333333333337,1.0,3,0,0
llama31_instruct,1,maximin,rule,NcNc,0,1.0,0.6666666666666666,1.0,1.0,0.33333333333333337,0.33333333333333337,0.33333333333333337,0.33333333333333337,0.33333333333333337,0.33333333333333337,0.0,0.6666666666666666,3,1,1
llama31_instruct,1,maximin,rule,NcPd,0,1.0,1.0,0.6666666666666666,0.6666666666666666,-0.33333333333333337,-0.33333333333333337,0.33333333333333337,0.33333333333333337,-0.33333333333333337,-0.33333333333333337,0.0,1.0,3,1,0
llama31_instruct,1,maximin,rule,NcSh,0,1.0,1.0,1.0,1.0,0.0,0.0,0.0,0.0,0.0,0.0,0.0,1.0,3,0,0
llama31_instruct,1,maximin,rule,PcAs,0,2.0,0.6666666666666666,0.6666666666666666,0.6666666666666666,0.0,0.0,0.0,0.0,0.0,0.0,0.0,0.6666666666666666,3,0,0
llama31_instruct,1,maximin,rule,PcBa,0,2.0,1.0,1.0,0.6666666666666666,0.0,-0.33333333333333337,0.0,0.33333333333333337,0.0,-0.33333333333333337,0.33333333333333337,1.0,3,0,0
llama31_instruct,1,maximin,rule,PcCh,0,2.0,1.0,1.0,1.0,0.0,0.0,0.0,0.0,0.0,0.0,0.0,1.0,3,0,0
llama31_instruct,1,maximin,rule,PcCo,0,2.0,1.0,1.0,0.6666666666666666,0.0,-0.33333333333333337,0.0,0.33333333333333337,0.0,-0.33333333333333337,0.33333333333333337,1.0,3,0,0
llama31_instruct,1,maximin,rule,PcHr,0,2.0,1.0,1.0,0.6666666666666666,0.0,-0.33333333333333337,0.0,0.33333333333333337,0.0,-0.33333333333333337,0.33333333333333337,1.0,3,0,0
llama31_instruct,1,maximin,rule,PcNc,0,2.0,1.0,0.6666666666666666,1.0,-0.33333333333333337,0.0,0.33333333333333337,0.0,-0.33333333333333337,0.0,-0.33333333333333337,1.0,3,1,0
llama31_instruct,1,maximin,rule,PcPc,0,2.0,1.0,0.6666666666666666,1.0,-0.33333333333333337,0.0,0.33333333333333337,0.0,-0.33333333333333337,0.0,-0.33333333333333337,1.0,3,1,0
llama31_instruct,1,maximin,rule,PcPd,0,2.0,0.6666666666666666,0.6666666666666666,0.6666666666666666,0.0,0.0,0.0,0.0,0.0,0.0,0.0,0.6666666666666666,3,0,0
llama31_instruct,1,maximin,rule,PcSh,0,2.0,1.0,1.0,1.0,0.0,0.0,0.0,0.0,0.0,0.0,0.0,1.0,3,0,0
llama31_instruct,1,maximin,rule,PdAs,1,-1.0,1.0,0.6666666666666666,0.6666666666666666,-0.33333333333333337,-0.33333333333333337,0.33333333333333337,0.33333333333333337,0.33333333333333337,0.33333333333333337,-0.0,0.0,3,1,1
llama31_instruct,1,maximin,rule,PdBa,1,-1.0,1.0,1.0,0.6666666666666666,0.0,-0.33333333333333337,0.0,0.33333333333333337,-0.0,0.33333333333333337,-0.33333333333333337,0.0,3,0,0
llama31_instruct,1,maximin,rule,PdCh,1,-1.0,1.0,1.0,1.0,0.0,0.0,0.0,0.0,-0.0,-0.0,-0.0,0.0,3,0,0
llama31_instruct,1,maximin,rule,PdCo,1,-1.0,0.6666666666666666,0.6666666666666666,0.6666666666666666,0.0,0.0,0.0,0.0,-0.0,-0.0,-0.0,0.33333333333333337,3,0,0
llama31_instruct,1,maximin,rule,PdHr,1,-1.0,1.0,1.0,1.0,0.0,0.0,0.0,0.0,-0.0,-0.0,-0.0,0.0,3,0,0
llama31_instruct,1,maximin,rule,PdSh,1,-1.0,1.0,1.0,0.6666666666666666,0.0,-0.33333333333333337,0.0,0.33333333333333337,-0.0,0.33333333333333337,-0.33333333333333337,0.0,3,0,0
llama31_instruct,1,maximin,rule,ShAs,1,-1.0,0.6666666666666666,0.6666666666666666,0.6666666666666666,0.0,0.0,0.0,0.0,-0.0,-0.0,-0.0,0.33333333333333337,3,0,0
llama31_instruct,1,maximin,rule,ShBa,1,-1.0,1.0,1.0,1.0,0.0,0.0,0.0,0.0,-0.0,-0.0,-0.0,0.0,3,0,0
llama31_instruct,1,maximin,rule,ShCh,1,-1.0,0.6666666666666666,0.6666666666666666,0.6666666666666666,0.0,0.0,0.0,0.0,-0.0,-0.0,-0.0,0.33333333333333337,3,0,0
llama31_instruct,1,maximin,rule,ShSh,1,-1.0,1.0,1.0,1.0,0.0,0.0,0.0,0.0,-0.0,-0.0,-0.0,0.0,3,0,0
llama31_instruct,1,level1,rule,CmAs,1,-2.0,0.6666666666666666,0.6666666666666666,0.6666666666666666,0.0,0.0,0.0,0.0,-0.0,-0.0,-0.0,0.33333333333333337,3,0,0
llama31_instruct,1,level1,rule,CmBa,1,-2.0,1.0,1.0,1.0,0.0,0.0,0.0,0.0,-0.0,-0.0,-0.0,0.0,3,0,0
llama31_instruct,1,level1,rule,CmCh,1,-2.0,1.0,1.0,1.0,0.0,0.0,0.0,0.0,-0.0,-0.0,-0.0,0.0,3,0,0
llama31_instruct,1,level1,rule,CmCm,1,-2.0,1.0,0.6666666666666666,0.6666666666666666,-0.33333333333333337,-0.33333333333333337,0.33333333333333337,0.33333333333333337,0.33333333333333337,0.33333333333333337,-0.0,0.0,3,1,1
llama31_instruct,1,level1,rule,CmCo,1,-2.0,1.0,0.6666666666666666,0.6666666666666666,-0.33333333333333337,-0.33333333333333337,0.33333333333333337,0.33333333333333337,0.33333333333333337,0.33333333333333337,-0.0,0.0,3,1,1
llama31_instruct,1,level1,rule,CmHr,1,-2.0,0.6666666666666666,0.6666666666666666,0.6666666666666666,0.0,0.0,0.0,0.0,-0.0,-0.0,-0.0,0.33333333333333337,3,2,1
llama31_instruct,1,level1,rule,CmNc,1,-2.0,1.0,0.6666666666666666,1.0,-0.33333333333333337,0.0,0.33333333333333337,0.0,0.33333333333333337,-0.0,0.33333333333333337,0.0,3,1,1
llama31_instruct,1,level1,rule,CmPc,1,-2.0,1.0,1.0,0.6666666666666666,0.0,-0.33333333333333337,0.0,0.33333333333333337,-0.0,0.33333333333333337,-0.33333333333333337,0.0,3,0,0
llama31_instruct,1,level1,rule,CmPd,1,-2.0,0.6666666666666666,0.6666666666666666,0.6666666666666666,0.0,0.0,0.0,0.0,-0.0,-0.0,-0.0,0.33333333333333337,3,0,0
llama31_instruct,1,level1,rule,CmSh,1,-2.0,1.0,0.6666666666666666,0.6666666666666666,-0.33333333333333337,-0.33333333333333337,0.33333333333333337,0.33333333333333337,0.33333333333333337,0.33333333333333337,-0.0,0.0,3,1,1
llama31_instruct,1,level1,rule,CoAs,0,1.0,1.0,0.6666666666666666,0.6666666666666666,-0.33333333333333337,-0.33333333333333337,0.33333333333333337,0.33333333333333337,-0.33333333333333337,-0.33333333333333337,0.0,1.0,3,1,0
llama31_instruct,1,level1,rule,CoBa,0,1.0,0.6666666666666666,0.6666666666666666,0.6666666666666666,0.0,0.0,0.0,0.0,0.0,0.0,0.0,0.6666666666666666,3,0,0
llama31_instruct,1,level1,rule,CoCh,0,1.0,0.6666666666666666,0.6666666666666666,0.6666666666666666,0.0,0.0,0.0,0.0,0.0,0.0,0.0,0.6666666666666666,3,2,1
llama31_instruct,1,level1,rule,CoCo,0,1.0,1.0,1.0,0.6666666666666666,0.0,-0.33333333333333337,0.0,0.33333333333333337,0.0,-0.33333333333333337,0.33333333333333337,1.0,3,0,0
llama31_instruct,1,level1,rule,CoSh,0,1.0,1.0,0.6666666666666666,0.6666666666666666,-0.33333333333333337,-0.33333333333333337,0.33333333333333337,0.33333333333333337,-0.33333333333333337,-0.33333333333333337,0.0,1.0,3,1,0
llama31_instruct,1,level1,rule,DlAs,1,-2.0,1.0,1.0,1.0,0.0,0.0,0.0,0.0,-0.0,-0.0,-0.0,0.0,3,0,0
llama31_instruct,1,level1,rule,DlBa,1,-2.0,1.0,0.6666666666666666,0.6666666666666666,-0.33333333333333337,-0.33333333333333337,0.33333333333333337,0.33333333333333337,0.33333333333333337,0.33333333333333337,-0.0,0.0,3,1,1
llama31_instruct,1,level1,rule,DlCh,1,-2.0,1.0,1.0,0.6666666666666666,0.0,-0.33333333333333337,0.0,0.33333333333333337,-0.0,0.33333333333333337,-0.33333333333333337,0.0,3,0,0
llama31_instruct,1,level1,rule,DlCm,1,-2.0,1.0,0.6666666666666666,0.6666666666666666,-0.33333333333333337,-0.33333333333333337,0.33333333333333337,0.33333333333333337,0.33333333333333337,0.33333333333333337,-0.0,0.0,3,1,1
llama31_instruct,1,level1,rule,DlCo,1,-2.0,0.6666666666666666,0.6666666666666666,0.6666666666666666,0.0,0.0,0.0,0.0,-0.0,-0.0,-0.0,0.33333333333333337,3,0,0
llama31_instruct,1,level1,rule,DlDl,1,-2.0,1.0,0.6666666666666666,0.6666666666666666,-0.33333333333333337,-0.33333333333333337,0.33333333333333337,0.33333333333333337,0.33333333333333337,0.33333333333333337,-0.0,0.0,3,1,1
llama31_instruct,1,level1,rule,DlHa,1,-2.0,1.0,1.0,1.0,0.0,0.0,0.0,0.0,-0.0,-0.0,-0.0,0.0,3,0,0
llama31_instruct,1,level1,rule,DlHr,1,-2.0,1.0,1.0,1.0,0.0,0.0,0.0,0.0,-0.0,-0.0,-0.0,0.0,3,0,0
llama31_instruct,1,level1,rule,DlNc,1,-2.0,1.0,1.0,1.0,0.0,0.0,0.0,0.0,-0.0,-0.0,-0.0,0.0,3,0,0
llama31_instruct,1,level1,rule,DlPc,1,-2.0,1.0,0.6666666666666666,0.6666666666666666,-0.33333333333333337,-0.33333333333333337,0.33333333333333337,0.33333333333333337,0.33333333333333337,0.33333333333333337,-0.0,0.0,3,1,1
llama31_instruct,1,level1,rule,DlPd,1,-2.0,1.0,0.6666666666666666,0.6666666666666666,-0.33333333333333337,-0.33333333333333337,0.33333333333333337,0.33333333333333337,0.33333333333333337,0.33333333333333337,-0.0,0.0,3,1,1
llama31_instruct,1,level1,rule,DlSh,1,-2.0,1.0,0.6666666666666666,0.6666666666666666,-0.33333333333333337,-0.33333333333333337,0.33333333333333337,0.33333333333333337,0.33333333333333337,0.33333333333333337,-0.0,0.0,3,1,1
llama31_instruct,1,level1,rule,HaAs,0,2.0,1.0,1.0,1.0,0.0,0.0,0.0,0.0,0.0,0.0,0.0,1.0,3,0,0
llama31_instruct,1,level1,rule,HaBa,0,2.0,1.0,0.6666666666666666,0.6666666666666666,-0.33333333333333337,-0.33333333333333337,0.33333333333333337,0.33333333333333337,-0.33333333333333337,-0.33333333333333337,0.0,1.0,3,1,0
llama31_instruct,1,level1,rule,HaCh,0,2.0,1.0,0.6666666666666666,0.6666666666666666,-0.33333333333333337,-0.33333333333333337,0.33333333333333337,0.33333333333333337,-0.33333333333333337,-0.33333333333333337,0.0,1.0,3,1,0
llama31_instruct,1,level1,rule,HaCm,0,2.0,1.0,1.0,1.0,0.0,0.0,0.0,0.0,0.0,0.0,0.0,1.0,3,0,0
llama31_instruct,1,level1,rule,HaCo,0,2.0,1.0,1.0,1.0,0.0,0.0,0.0,0.0,0.0,0.0,0.0,1.0,3,0,0
llama31_instruct,1,level1,rule,HaHa,0,2.0,1.0,0.6666666666666666,0.6666666666666666,-0.33333333333333337,-0.33333333333333337,0.33333333333333337,0.33333333333333337,-0.33333333333333337,-0.33333333333333337,0.0,1.0,3,1,0
llama31_instruct,1,level1,rule,HaHr,0,2.0,0.6666666666666666,0.6666666666666666,0.6666666666666666,0.0,0.0,0.0,0.0,0.0,0.0,0.0,0.6666666666666666,3,0,0
llama31_instruct,1,level1,rule,HaNc,0,2.0,1.0,0.6666666666666666,0.6666666666666666,-0.33333333333333337,-0.33333333333333337,0.33333333333333337,0.33333333333333337,-0.33333333333333337,-0.33333333333333337,0.0,1.0,3,1,0
llama31_instruct,1,level1,rule,HaPc,0,2.0,1.0,0.6666666666666666,0.6666666666666666,-0.33333333333333337,-0.33333333333333337,0.33333333333333337,0.33333333333333337,-0.33333333333333337,-0.33333333333333337,0.0,1.0,3,1,0
llama31_instruct,1,level1,rule,HaPd,0,2.0,1.0,0.6666666666666666,0.6666666666666666,-0.33333333333333337,-0.33333333333333337,0.33333333333333337,0.33333333333333337,-0.33333333333333337,-0.33333333333333337,0.0,1.0,3,1,0
llama31_instruct,1,level1,rule,HaSh,0,2.0,1.0,0.6666666666666666,0.6666666666666666,-0.33333333333333337,-0.33333333333333337,0.33333333333333337,0.33333333333333337,-0.33333333333333337,-0.33333333333333337,0.0,1.0,3,1,0
llama31_instruct,1,level1,rule,HrAs,1,-1.0,1.0,1.0,0.6666666666666666,0.0,-0.33333333333333337,0.0,0.33333333333333337,-0.0,0.33333333333333337,-0.33333333333333337,0.0,3,0,0
llama31_instruct,1,level1,rule,HrBa,1,-1.0,1.0,0.6666666666666666,0.6666666666666666,-0.33333333333333337,-0.33333333333333337,0.33333333333333337,0.33333333333333337,0.33333333333333337,0.33333333333333337,-0.0,0.0,3,1,1
llama31_instruct,1,level1,rule,HrCh,1,-1.0,1.0,1.0,1.0,0.0,0.0,0.0,0.0,-0.0,-0.0,-0.0,0.0,3,0,0
llama31_instruct,1,level1,rule,HrCo,1,-1.0,1.0,0.6666666666666666,0.6666666666666666,-0.33333333333333337,-0.33333333333333337,0.33333333333333337,0.33333333333333337,0.33333333333333337,0.33333333333333337,-0.0,0.0,3,1,1
llama31_instruct,1,level1,rule,HrHr,1,-1.0,1.0,0.6666666666666666,0.6666666666666666,-0.33333333333333337,-0.33333333333333337,0.33333333333333337,0.33333333333333337,0.33333333333333337,0.33333333333333337,-0.0,0.0,3,1,1
llama31_instruct,1,level1,rule,HrSh,1,-1.0,1.0,0.6666666666666666,0.6666666666666666,-0.33333333333333337,-0.33333333333333337,0.33333333333333337,0.33333333333333337,0.33333333333333337,0.33333333333333337,-0.0,0.0,3,1,1
llama31_instruct,1,level1,rule,NcAs,0,1.0,1.0,1.0,1.0,0.0,0.0,0.0,0.0,0.0,0.0,0.0,1.0,3,0,0
llama31_instruct,1,level1,rule,NcBa,0,1.0,1.0,1.0,1.0,0.0,0.0,0.0,0.0,0.0,0.0,0.0,1.0,3,0,0
llama31_instruct,1,level1,rule,NcCh,0,1.0,1.0,0.6666666666666666,0.6666666666666666,-0.33333333333333337,-0.33333333333333337,0.33333333333333337,0.33333333333333337,-0.33333333333333337,-0.33333333333333337,0.0,1.0,3,1,0
llama31_instruct,1,level1,rule,NcCo,0,1.0,1.0,1.0,0.6666666666666666,0.0,-0.33333333333333337,0.0,0.33333333333333337,0.0,-0.33333333333333337,0.33333333333333337,1.0,3,0,0
llama31_instruct,1,level1,rule,NcHr,0,1.0,1.0,0.6666666666666666,0.6666666666666666,-0.33333333333333337,-0.33333333333333337,0.33333333333333337,0.33333333333333337,-0.33333333333333337,-0.33333333333333337,0.0,1.0,3,1,0
llama31_instruct,1,level1,rule,NcNc,0,1.0,0.6666666666666666,1.0,1.0,0.33333333333333337,0.33333333333333337,0.33333333333333337,0.33333333333333337,0.33333333333333337,0.33333333333333337,0.0,0.6666666666666666,3,1,1
llama31_instruct,1,level1,rule,NcPd,0,1.0,1.0,1.0,0.6666666666666666,0.0,-0.33333333333333337,0.0,0.33333333333333337,0.0,-0.33333333333333337,0.33333333333333337,1.0,3,0,0
llama31_instruct,1,level1,rule,NcSh,0,1.0,1.0,0.6666666666666666,1.0,-0.33333333333333337,0.0,0.33333333333333337,0.0,-0.33333333333333337,0.0,-0.33333333333333337,1.0,3,1,0
llama31_instruct,1,level1,rule,PcAs,0,2.0,0.6666666666666666,0.6666666666666666,0.6666666666666666,0.0,0.0,0.0,0.0,0.0,0.0,0.0,0.6666666666666666,3,0,0
llama31_instruct,1,level1,rule,PcBa,0,2.0,1.0,0.6666666666666666,0.6666666666666666,-0.33333333333333337,-0.33333333333333337,0.33333333333333337,0.33333333333333337,-0.33333333333333337,-0.33333333333333337,0.0,1.0,3,1,0
llama31_instruct,1,level1,rule,PcCh,0,2.0,1.0,1.0,1.0,0.0,0.0,0.0,0.0,0.0,0.0,0.0,1.0,3,0,0
llama31_instruct,1,level1,rule,PcCo,0,2.0,1.0,0.6666666666666666,0.6666666666666666,-0.33333333333333337,-0.33333333333333337,0.33333333333333337,0.33333333333333337,-0.33333333333333337,-0.33333333333333337,0.0,1.0,3,1,0
llama31_instruct,1,level1,rule,PcHr,0,2.0,1.0,0.6666666666666666,0.6666666666666666,-0.33333333333333337,-0.33333333333333337,0.33333333333333337,0.33333333333333337,-0.33333333333333337,-0.33333333333333337,0.0,1.0,3,1,0
llama31_instruct,1,level1,rule,PcNc,0,2.0,1.0,0.6666666666666666,1.0,-0.33333333333333337,0.0,0.33333333333333337,0.0,-0.33333333333333337,0.0,-0.33333333333333337,1.0,3,1,0
llama31_instruct,1,level1,rule,PcPc,0,2.0,1.0,1.0,1.0,0.0,0.0,0.0,0.0,0.0,0.0,0.0,1.0,3,0,0
llama31_instruct,1,level1,rule,PcPd,0,2.0,0.6666666666666666,0.6666666666666666,0.6666666666666666,0.0,0.0,0.0,0.0,0.0,0.0,0.0,0.6666666666666666,3,0,0
llama31_instruct,1,level1,rule,PcSh,0,2.0,1.0,1.0,1.0,0.0,0.0,0.0,0.0,0.0,0.0,0.0,1.0,3,0,0
llama31_instruct,1,level1,rule,PdAs,1,-1.0,1.0,0.6666666666666666,0.6666666666666666,-0.33333333333333337,-0.33333333333333337,0.33333333333333337,0.33333333333333337,0.33333333333333337,0.33333333333333337,-0.0,0.0,3,1,1
llama31_instruct,1,level1,rule,PdBa,1,-1.0,1.0,1.0,0.6666666666666666,0.0,-0.33333333333333337,0.0,0.33333333333333337,-0.0,0.33333333333333337,-0.33333333333333337,0.0,3,0,0
llama31_instruct,1,level1,rule,PdCh,1,-1.0,1.0,1.0,1.0,0.0,0.0,0.0,0.0,-0.0,-0.0,-0.0,0.0,3,0,0
llama31_instruct,1,level1,rule,PdCo,1,-1.0,0.6666666666666666,0.6666666666666666,0.6666666666666666,0.0,0.0,0.0,0.0,-0.0,-0.0,-0.0,0.33333333333333337,3,0,0
llama31_instruct,1,level1,rule,PdHr,1,-1.0,1.0,1.0,1.0,0.0,0.0,0.0,0.0,-0.0,-0.0,-0.0,0.0,3,0,0
llama31_instruct,1,level1,rule,PdSh,1,-1.0,1.0,0.6666666666666666,0.6666666666666666,-0.33333333333333337,-0.33333333333333337,0.33333333333333337,0.33333333333333337,0.33333333333333337,0.33333333333333337,-0.0,0.0,3,1,1
llama31_instruct,1,level2,rule,CmCm,1,-1.0,1.0,0.6666666666666666,0.6666666666666666,-0.33333333333333337,-0.33333333333333337,0.33333333333333337,0.33333333333333337,0.33333333333333337,0.33333333333333337,-0.0,0.0,3,1,1
llama31_instruct,1,level2,rule,CmCo,1,-3.0,1.0,0.6666666666666666,0.6666666666666666,-0.33333333333333337,-0.33333333333333337,0.33333333333333337,0.33333333333333337,0.33333333333333337,0.33333333333333337,-0.0,0.0,3,1,1
llama31_instruct,1,level2,rule,CmHr,1,-1.0,0.6666666666666666,0.6666666666666666,0.6666666666666666,0.0,0.0,0.0,0.0,-0.0,-0.0,-0.0,0.33333333333333337,3,2,1
llama31_instruct,1,level2,rule,CmNc,1,-3.0,1.0,0.3333333333333333,1.0,-0.6666666666666667,0.0,0.6666666666666667,0.0,0.6666666666666667,-0.0,0.6666666666666667,0.0,3,2,2
llama31_instruct,1,level2,rule,CmPc,1,-3.0,1.0,0.6666666666666666,0.6666666666666666,-0.33333333333333337,-0.33333333333333337,0.33333333333333337,0.33333333333333337,0.33333333333333337,0.33333333333333337,-0.0,0.0,3,1,1
llama31_instruct,1,level2,rule,CmPd,1,-1.0,0.6666666666666666,0.6666666666666666,0.6666666666666666,0.0,0.0,0.0,0.0,-0.0,-0.0,-0.0,0.33333333333333337,3,0,0
llama31_instruct,1,level2,rule,CoCo,0,3.0,1.0,0.6666666666666666,0.6666666666666666,-0.33333333333333337,-0.33333333333333337,0.33333333333333337,0.33333333333333337,-0.33333333333333337,-0.33333333333333337,0.0,1.0,3,1,0
llama31_instruct,1,level2,rule,DlCm,1,-2.0,1.0,0.6666666666666666,0.6666666666666666,-0.33333333333333337,-0.33333333333333337,0.33333333333333337,0.33333333333333337,0.33333333333333337,0.33333333333333337,-0.0,0.0,3,1,1
llama31_instruct,1,level2,rule,DlCo,1,-2.0,0.6666666666666666,0.6666666666666666,0.6666666666666666,0.0,0.0,0.0,0.0,-0.0,-0.0,-0.0,0.33333333333333337,3,0,0
llama31_instruct,1,level2,rule,DlDl,1,-2.0,1.0,0.6666666666666666,0.6666666666666666,-0.33333333333333337,-0.33333333333333337,0.33333333333333337,0.33333333333333337,0.33333333333333337,0.33333333333333337,-0.0,0.0,3,1,1
llama31_instruct,1,level2,rule,DlHa,1,-2.0,1.0,0.6666666666666666,1.0,-0.33333333333333337,0.0,0.33333333333333337,0.0,0.33333333333333337,-0.0,0.33333333333333337,0.0,3,1,1
llama31_instruct,1,level2,rule,DlHr,1,-2.0,1.0,0.6666666666666666,1.0,-0.33333333333333337,0.0,0.33333333333333337,0.0,0.33333333333333337,-0.0,0.33333333333333337,0.0,3,1,1
llama31_instruct,1,level2,rule,DlNc,1,-2.0,1.0,1.0,1.0,0.0,0.0,0.0,0.0,-0.0,-0.0,-0.0,0.0,3,0,0
llama31_instruct,1,level2,rule,DlPc,1,-2.0,1.0,0.6666666666666666,0.6666666666666666,-0.33333333333333337,-0.33333333333333337,0.33333333333333337,0.33333333333333337,0.33333333333333337,0.33333333333333337,-0.0,0.0,3,1,1
llama31_instruct,1,level2,rule,DlPd,1,-2.0,1.0,0.6666666666666666,0.6666666666666666,-0.33333333333333337,-0.33333333333333337,0.33333333333333337,0.33333333333333337,0.33333333333333337,0.33333333333333337,-0.0,0.0,3,1,1
llama31_instruct,1,level2,rule,HaCm,0,2.0,1.0,1.0,1.0,0.0,0.0,0.0,0.0,0.0,0.0,0.0,1.0,3,0,0
llama31_instruct,1,level2,rule,HaCo,0,2.0,1.0,0.6666666666666666,1.0,-0.33333333333333337,0.0,0.33333333333333337,0.0,-0.33333333333333337,0.0,-0.33333333333333337,1.0,3,1,0
llama31_instruct,1,level2,rule,HaHa,0,2.0,1.0,0.6666666666666666,0.6666666666666666,-0.33333333333333337,-0.33333333333333337,0.33333333333333337,0.33333333333333337,-0.33333333333333337,-0.33333333333333337,0.0,1.0,3,1,0
llama31_instruct,1,level2,rule,HaHr,0,2.0,0.6666666666666666,0.6666666666666666,0.6666666666666666,0.0,0.0,0.0,0.0,0.0,0.0,0.0,0.6666666666666666,3,0,0
llama31_instruct,1,level2,rule,HaNc,0,2.0,1.0,0.6666666666666666,0.6666666666666666,-0.33333333333333337,-0.33333333333333337,0.33333333333333337,0.33333333333333337,-0.33333333333333337,-0.33333333333333337,0.0,1.0,3,1,0
llama31_instruct,1,level2,rule,HaPc,0,2.0,1.0,0.6666666666666666,0.6666666666666666,-0.33333333333333337,-0.33333333333333337,0.33333333333333337,0.33333333333333337,-0.33333333333333337,-0.33333333333333337,0.0,1.0,3,1,0
llama31_instruct,1,level2,rule,HaPd,0,2.0,1.0,0.6666666666666666,0.6666666666666666,-0.33333333333333337,-0.33333333333333337,0.33333333333333337,0.33333333333333337,-0.33333333333333337,-0.33333333333333337,0.0,1.0,3,1,0
llama31_instruct,1,level2,rule,HrCo,1,-3.0,1.0,0.3333333333333333,0.6666666666666666,-0.6666666666666667,-0.33333333333333337,0.6666666666666667,0.33333333333333337,0.6666666666666667,0.33333333333333337,0.33333333333333337,0.0,3,2,2
llama31_instruct,1,level2,rule,HrHr,0,1.0,1.0,0.6666666666666666,0.6666666666666666,-0.33333333333333337,-0.33333333333333337,0.33333333333333337,0.33333333333333337,-0.33333333333333337,-0.33333333333333337,0.0,1.0,3,1,0
llama31_instruct,1,level2,rule,NcCo,0,1.0,1.0,0.6666666666666666,0.6666666666666666,-0.33333333333333337,-0.33333333333333337,0.33333333333333337,0.33333333333333337,-0.33333333333333337,-0.33333333333333337,0.0,1.0,3,1,0
llama31_instruct,1,level2,rule,NcHr,0,1.0,1.0,0.3333333333333333,0.6666666666666666,-0.6666666666666667,-0.33333333333333337,0.6666666666666667,0.33333333333333337,-0.6666666666666667,-0.33333333333333337,-0.33333333333333337,1.0,3,2,0
llama31_instruct,1,level2,rule,NcNc,0,1.0,0.6666666666666666,0.6666666666666666,1.0,0.0,0.33333333333333337,0.0,0.33333333333333337,0.0,0.33333333333333337,-0.33333333333333337,0.6666666666666666,3,2,1
llama31_instruct,1,level2,rule,NcPd,0,1.0,1.0,0.6666666666666666,0.6666666666666666,-0.33333333333333337,-0.33333333333333337,0.33333333333333337,0.33333333333333337,-0.33333333333333337,-0.33333333333333337,0.0,1.0,3,1,0
llama31_instruct,1,level2,rule,PcCo,0,3.0,1.0,0.6666666666666666,0.6666666666666666,-0.33333333333333337,-0.33333333333333337,0.33333333333333337,0.33333333333333337,-0.33333333333333337,-0.33333333333333337,0.0,1.0,3,1,0
llama31_instruct,1,level2,rule,PcHr,0,1.0,1.0,0.6666666666666666,0.6666666666666666,-0.33333333333333337,-0.33333333333333337,0.33333333333333337,0.33333333333333337,-0.33333333333333337,-0.33333333333333337,0.0,1.0,3,1,0
llama31_instruct,1,level2,rule,PcNc,0,3.0,1.0,0.6666666666666666,1.0,-0.33333333333333337,0.0,0.33333333333333337,0.0,-0.33333333333333337,0.0,-0.33333333333333337,1.0,3,1,0
llama31_instruct,1,level2,rule,PcPc,0,3.0,1.0,0.6666666666666666,1.0,-0.33333333333333337,0.0,0.33333333333333337,0.0,-0.33333333333333337,0.0,-0.33333333333333337,1.0,3,1,0
llama31_instruct,1,level2,rule,PcPd,0,1.0,0.6666666666666666,0.6666666666666666,0.6666666666666666,0.0,0.0,0.0,0.0,0.0,0.0,0.0,0.6666666666666666,3,0,0
llama31_instruct,1,level2,rule,PdCo,1,-1.0,0.6666666666666666,0.6666666666666666,0.6666666666666666,0.0,0.0,0.0,0.0,-0.0,-0.0,-0.0,0.33333333333333337,3,0,0
llama31_instruct,1,level2,rule,PdHr,1,-1.0,1.0,0.6666666666666666,1.0,-0.33333333333333337,0.0,0.33333333333333337,0.0,0.33333333333333337,-0.0,0.33333333333333337,0.0,3,1,1
llama31_instruct,10,risk,trait,AsAs,1,-1.0,0.6666666666666666,0.3333333333333333,0.6666666666666666,-0.3333333333333333,0.0,0.3333333333333333,0.0,0.3333333333333333,-0.0,0.3333333333333333,0.33333333333333337,3,3,2
llama31_instruct,10,risk,trait,AsBa,1,-1.0,0.6666666666666666,0.3333333333333333,0.6666666666666666,-0.3333333333333333,0.0,0.3333333333333333,0.0,0.3333333333333333,-0.0,0.3333333333333333,0.33333333333333337,3,3,2
llama31_instruct,10,risk,trait,BaBa,0,1.0,1.0,0.3333333333333333,0.6666666666666666,-0.6666666666666667,-0.33333333333333337,0.6666666666666667,0.33333333333333337,-0.6666666666666667,-0.33333333333333337,-0.33333333333333337,1.0,3,2,0
llama31_instruct,10,risk,trait,ChAs,0,1.0,0.6666666666666666,0.3333333333333333,0.3333333333333333,-0.3333333333333333,-0.3333333333333333,0.3333333333333333,0.3333333333333333,-0.3333333333333333,-0.3333333333333333,0.0,0.6666666666666666,3,1,0
llama31_instruct,10,risk,trait,ChBa,0,1.0,1.0,0.3333333333333333,0.3333333333333333,-0.6666666666666667,-0.6666666666666667,0.6666666666666667,0.6666666666666667,-0.6666666666666667,-0.6666666666666667,0.0,1.0,3,2,0
llama31_instruct,10,risk,trait,CmAs,1,-2.0,0.6666666666666666,0.0,0.3333333333333333,-0.6666666666666666,-0.3333333333333333,0.6666666666666666,0.3333333333333333,0.6666666666666666,0.3333333333333333,0.3333333333333333,0.33333333333333337,3,2,2
llama31_instruct,10,risk,trait,CmBa,1,-2.0,1.0,0.3333333333333333,1.0,-0.6666666666666667,0.0,0.6666666666666667,0.0,0.6666666666666667,-0.0,0.6666666666666667,0.0,3,2,2
llama31_instruct,10,risk,trait,CmCh,1,-2.0,1.0,0.3333333333333333,0.6666666666666666,-0.6666666666666667,-0.33333333333333337,0.6666666666666667,0.33333333333333337,0.6666666666666667,0.33333333333333337,0.33333333333333337,0.0,3,2,2
llama31_instruct,10,risk,trait,CmCm,1,-2.0,1.0,0.3333333333333333,0.3333333333333333,-0.6666666666666667,-0.6666666666666667,0.6666666666666667,0.6666666666666667,0.6666666666666667,0.6666666666666667,-0.0,0.0,3,2,2
llama31_instruct,10,risk,trait,CmCo,1,-2.0,0.3333333333333333,0.0,0.3333333333333333,-0.3333333333333333,0.0,0.3333333333333333,0.0,0.3333333333333333,-0.0,0.3333333333333333,0.6666666666666667,3,1,1
llama31_instruct,10,risk,trait,CmHr,1,-2.0,0.6666666666666666,0.3333333333333333,0.3333333333333333,-0.3333333333333333,-0.3333333333333333,0.3333333333333333,0.3333333333333333,0.3333333333333333,0.3333333333333333,-0.0,0.33333333333333337,3,1,1
llama31_instruct,10,risk,trait,CmNc,1,-2.0,0.6666666666666666,0.3333333333333333,0.3333333333333333,-0.3333333333333333,-0.3333333333333333,0.3333333333333333,0.3333333333333333,0.3333333333333333,0.3333333333333333,-0.0,0.33333333333333337,3,3,2
llama31_instruct,10,risk,trait,CmPc,1,-2.0,1.0,0.3333333333333333,0.6666666666666666,-0.6666666666666667,-0.33333333333333337,0.6666666666666667,0.33333333333333337,0.6666666666666667,0.33333333333333337,0.33333333333333337,0.0,3,2,2
llama31_instruct,10,risk,trait,CmPd,1,-2.0,0.6666666666666666,0.3333333333333333,0.6666666666666666,-0.3333333333333333,0.0,0.3333333333333333,0.0,0.3333333333333333,-0.0,0.3333333333333333,0.33333333333333337,3,1,1
llama31_instruct,10,risk,trait,CmSh,1,-2.0,1.0,0.6666666666666666,0.3333333333333333,-0.33333333333333337,-0.6666666666666667,0.33333333333333337,0.6666666666666667,0.33333333333333337,0.6666666666666667,-0.33333333333333337,0.0,3,1,1
llama31_instruct,10,risk,trait,CoAs,0,1.0,0.0,0.3333333333333333,0.3333333333333333,0.3333333333333333,0.3333333333333333,0.3333333333333333,0.3333333333333333,0.3333333333333333,0.3333333333333333,0.0,0.0,3,1,1
llama31_instruct,10,risk,trait,CoBa,0,1.0,0.6666666666666666,0.6666666666666666,0.3333333333333333,0.0,-0.3333333333333333,0.0,0.3333333333333333,0.0,-0.3333333333333333,0.3333333333333333,0.6666666666666666,3,0,0
llama31_instruct,10,risk,trait,CoCh,0,1.0,0.6666666666666666,0.6666666666666666,0.3333333333333333,0.0,-0.3333333333333333,0.0,0.3333333333333333,0.0,-0.3333333333333333,0.3333333333333333,0.6666666666666666,3,2,1
llama31_instruct,10,risk,trait,CoCo,0,1.0,0.6666666666666666,0.0,0.6666666666666666,-0.6666666666666666,0.0,0.6666666666666666,0.0,-0.6666666666666666,0.0,-0.6666666666666666,0.6666666666666666,3,2,0
llama31_instruct,10,risk,trait,CoSh,0,1.0,0.6666666666666666,0.6666666666666666,0.6666666666666666,0.0,0.0,0.0,0.0,0.0,0.0,0.0,0.6666666666666666,3,0,0
llama31_instruct,10,risk,trait,DlAs,1,-2.0,0.3333333333333333,0.3333333333333333,0.3333333333333333,0.0,0.0,0.0,0.0,-0.0,-0.0,-0.0,0.6666666666666667,3,0,0
llama31_instruct,10,risk,trait,DlBa,1,-2.0,1.0,0.3333333333333333,0.3333333333333333,-0.6666666666666667,-0.6666666666666667,0.6666666666666667,0.6666666666666667,0.6666666666666667,0.6666666666666667,-0.0,0.0,3,2,2
llama31_instruct,10,risk,trait,DlCh,1,-2.0,1.0,0.3333333333333333,0.3333333333333333,-0.6666666666666667,-0.6666666666666667,0.6666666666666667,0.6666666666666667,0.6666666666666667,0.6666666666666667,-0.0,0.0,3,2,2
llama31_instruct,10,risk,trait,DlCm,1,-2.0,0.6666666666666666,0.3333333333333333,0.3333333333333333,-0.3333333333333333,-0.3333333333333333,0.3333333333333333,0.3333333333333333,0.3333333333333333,0.3333333333333333,-0.0,0.33333333333333337,3,1,1
llama31_instruct,10,risk,trait,DlCo,1,-2.0,0.6666666666666666,0.6666666666666666,0.6666666666666666,0.0,0.0,0.0,0.0,-0.0,-0.0,-0.0,0.33333333333333337,3,0,0
llama31_instruct,10,risk,trait,DlDl,1,-2.0,1.0,0.3333333333333333,0.6666666666666666,-0.6666666666666667,-0.33333333333333337,0.6666666666666667,0.33333333333333337,0.6666666666666667,0.33333333333333337,0.33333333333333337,0.0,3,2,2
llama31_instruct,10,risk,trait,DlHa,1,-2.0,0.6666666666666666,0.3333333333333333,0.6666666666666666,-0.3333333333333333,0.0,0.3333333333333333,0.0,0.3333333333333333,-0.0,0.3333333333333333,0.33333333333333337,3,1,1
llama31_instruct,10,risk,trait,DlHr,1,-2.0,0.6666666666666666,0.6666666666666666,1.0,0.0,0.33333333333333337,0.0,0.33333333333333337,-0.0,-0.33333333333333337,0.33333333333333337,0.33333333333333337,3,0,0
llama31_instruct,10,risk,trait,DlNc,1,-2.0,0.6666666666666666,0.6666666666666666,0.6666666666666666,0.0,0.0,0.0,0.0,-0.0,-0.0,-0.0,0.33333333333333337,3,0,0
llama31_instruct,10,risk,trait,DlPc,1,-2.0,0.0,0.3333333333333333,0.6666666666666666,0.3333333333333333,0.6666666666666666,0.3333333333333333,0.6666666666666666,-0.3333333333333333,-0.6666666666666666,0.3333333333333333,1.0,3,1,0
llama31_instruct,10,risk,trait,DlPd,1,-2.0,0.3333333333333333,0.3333333333333333,0.3333333333333333,0.0,0.0,0.0,0.0,-0.0,-0.0,-0.0,0.6666666666666667,3,0,0
llama31_instruct,10,risk,trait,DlSh,1,-2.0,1.0,0.3333333333333333,0.3333333333333333,-0.6666666666666667,-0.6666666666666667,0.6666666666666667,0.6666666666666667,0.6666666666666667,0.6666666666666667,-0.0,0.0,3,2,2
llama31_instruct,10,risk,trait,HaAs,0,2.0,1.0,0.6666666666666666,0.6666666666666666,-0.33333333333333337,-0.33333333333333337,0.33333333333333337,0.33333333333333337,-0.33333333333333337,-0.33333333333333337,0.0,1.0,3,1,0
llama31_instruct,10,risk,trait,HaBa,0,2.0,0.6666666666666666,0.3333333333333333,0.3333333333333333,-0.3333333333333333,-0.3333333333333333,0.3333333333333333,0.3333333333333333,-0.3333333333333333,-0.3333333333333333,0.0,0.6666666666666666,3,1,0
llama31_instruct,10,risk,trait,HaCh,0,2.0,1.0,0.3333333333333333,0.6666666666666666,-0.6666666666666667,-0.33333333333333337,0.6666666666666667,0.33333333333333337,-0.6666666666666667,-0.33333333333333337,-0.33333333333333337,1.0,3,2,0
llama31_instruct,10,risk,trait,HaCm,0,2.0,0.6666666666666666,0.3333333333333333,0.6666666666666666,-0.3333333333333333,0.0,0.3333333333333333,0.0,-0.3333333333333333,0.0,-0.3333333333333333,0.6666666666666666,3,1,0
llama31_instruct,10,risk,trait,HaCo,0,2.0,1.0,0.3333333333333333,0.3333333333333333,-0.6666666666666667,-0.6666666666666667,0.6666666666666667,0.6666666666666667,-0.6666666666666667,-0.6666666666666667,0.0,1.0,3,2,0
llama31_instruct,10,risk,trait,HaHa,0,2.0,0.6666666666666666,0.3333333333333333,0.3333333333333333,-0.3333333333333333,-0.3333333333333333,0.3333333333333333,0.3333333333333333,-0.3333333333333333,-0.3333333333333333,0.0,0.6666666666666666,3,3,1
llama31_instruct,10,risk,trait,HaHr,0,2.0,0.6666666666666666,0.3333333333333333,0.6666666666666666,-0.3333333333333333,0.0,0.3333333333333333,0.0,-0.3333333333333333,0.0,-0.3333333333333333,0.6666666666666666,3,1,0
llama31_instruct,10,risk,trait,HaNc,0,2.0,1.0,0.6666666666666666,0.3333333333333333,-0.33333333333333337,-0.6666666666666667,0.33333333333333337,0.6666666666666667,-0.33333333333333337,-0.6666666666666667,0.33333333333333337,1.0,3,1,0
llama31_instruct,10,risk,trait,HaPc,0,2.0,1.0,0.3333333333333333,0.3333333333333333,-0.6666666666666667,-0.6666666666666667,0.6666666666666667,0.6666666666666667,-0.6666666666666667,-0.6666666666666667,0.0,1.0,3,2,0
llama31_instruct,10,risk,trait,HaPd,0,2.0,0.6666666666666666,0.3333333333333333,0.3333333333333333,-0.3333333333333333,-0.3333333333333333,0.3333333333333333,0.3333333333333333,-0.3333333333333333,-0.3333333333333333,0.0,0.6666666666666666,3,1,0
llama31_instruct,10,risk,trait,HaSh,0,2.0,1.0,0.3333333333333333,0.6666666666666666,-0.6666666666666667,-0.33333333333333337,0.6666666666666667,0.33333333333333337,-0.6666666666666667,-0.33333333333333337,-0.33333333333333337,1.0,3,2,0
llama31_instruct,10,risk,trait,HrAs,1,-1.0,1.0,0.3333333333333333,0.6666666666666666,-0.6666666666666667,-0.33333333333333337,0.6666666666666667,0.33333333333333337,0.6666666666666667,0.33333333333333337,0.33333333333333337,0.0,3,2,2
llama31_instruct,10,risk,trait,HrBa,1,-1.0,0.6666666666666666,0.3333333333333333,0.3333333333333333,-0.3333333333333333,-0.3333333333333333,0.3333333333333333,0.3333333333333333,0.3333333333333333,0.3333333333333333,-0.0,0.33333333333333337,3,1,1
llama31_instruct,10,risk,trait,HrCh,1,-1.0,1.0,0.3333333333333333,0.6666666666666666,-0.6666666666666667,-0.33333333333333337,0.6666666666666667,0.33333333333333337,0.6666666666666667,0.33333333333333337,0.33333333333333337,0.0,3,2,2
llama31_instruct,10,risk,trait,HrCo,1,-1.0,1.0,0.5,0.3333333333333333,-0.5,-0.6666666666666667,0.5,0.6666666666666667,0.5,0.6666666666666667,-0.16666666666666674,0.0,2,1,1
llama31_instruct,10,risk,trait,HrHr,1,-1.0,1.0,0.6666666666666666,0.6666666666666666,-0.33333333333333337,-0.33333333333333337,0.33333333333333337,0.33333333333333337,0.33333333333333337,0.33333333333333337,-0.0,0.0,3,1,1
llama31_instruct,10,risk,trait,HrSh,1,-1.0,1.0,1.0,0.3333333333333333,0.0,-0.6666666666666667,0.0,0.6666666666666667,-0.0,0.6666666666666667,-0.6666666666666667,0.0,3,0,0
llama31_instruct,10,risk,trait,NcAs,0,1.0,1.0,0.6666666666666666,0.6666666666666666,-0.33333333333333337,-0.33333333333333337,0.33333333333333337,0.33333333333333337,-0.33333333333333337,-0.33333333333333337,0.0,1.0,3,1,0
llama31_instruct,10,risk,trait,NcBa,0,1.0,1.0,0.3333333333333333,1.0,-0.6666666666666667,0.0,0.6666666666666667,0.0,-0.6666666666666667,0.0,-0.6666666666666667,1.0,3,2,0
llama31_instruct,10,risk,trait,NcCh,0,1.0,0.6666666666666666,0.6666666666666666,0.6666666666666666,0.0,0.0,0.0,0.0,0.0,0.0,0.0,0.6666666666666666,3,0,0
llama31_instruct,10,risk,trait,NcCo,0,1.0,1.0,0.6666666666666666,0.6666666666666666,-0.33333333333333337,-0.33333333333333337,0.33333333333333337,0.33333333333333337,-0.33333333333333337,-0.33333333333333337,0.0,1.0,3,1,0
llama31_instruct,10,risk,trait,NcHr,0,1.0,0.3333333333333333,0.6666666666666666,0.3333333333333333,0.3333333333333333,0.0,0.3333333333333333,0.0,0.3333333333333333,0.0,0.3333333333333333,0.3333333333333333,3,3,2
llama31_instruct,10,risk,trait,NcNc,0,1.0,0.6666666666666666,0.3333333333333333,0.6666666666666666,-0.3333333333333333,0.0,0.3333333333333333,0.0,-0.3333333333333333,0.0,-0.3333333333333333,0.6666666666666666,3,1,0
llama31_instruct,10,risk,trait,NcPd,0,1.0,1.0,0.3333333333333333,0.3333333333333333,-0.6666666666666667,-0.6666666666666667,0.6666666666666667,0.6666666666666667,-0.6666666666666667,-0.6666666666666667,0.0,1.0,3,2,0
llama31_instruct,10,risk,trait,NcSh,0,1.0,0.6666666666666666,0.3333333333333333,0.6666666666666666,-0.3333333333333333,0.0,0.3333333333333333,0.0,-0.3333333333333333,0.0,-0.3333333333333333,0.6666666666666666,3,1,0
llama31_instruct,10,risk,trait,PcAs,0,2.0,0.6666666666666666,0.3333333333333333,0.3333333333333333,-0.3333333333333333,-0.3333333333333333,0.3333333333333333,0.3333333333333333,-0.3333333333333333,-0.3333333333333333,0.0,0.6666666666666666,3,1,0
llama31_instruct,10,risk,trait,PcBa,0,2.0,1.0,0.3333333333333333,0.3333333333333333,-0.6666666666666667,-0.6666666666666667,0.6666666666666667,0.6666666666666667,-0.6666666666666667,-0.6666666666666667,0.0,1.0,3,2,0
llama31_instruct,10,risk,trait,PcCh,0,2.0,0.6666666666666666,0.6666666666666666,0.6666666666666666,0.0,0.0,0.0,0.0,0.0,0.0,0.0,0.6666666666666666,3,2,1
llama31_instruct,10,risk,trait,PcCo,0,2.0,1.0,0.3333333333333333,0.6666666666666666,-0.6666666666666667,-0.33333333333333337,0.6666666666666667,0.33333333333333337,-0.6666666666666667,-0.33333333333333337,-0.33333333333333337,1.0,3,2,0
llama31_instruct,10,risk,trait,PcHr,0,2.0,1.0,0.3333333333333333,0.3333333333333333,-0.6666666666666667,-0.6666666666666667,0.6666666666666667,0.6666666666666667,-0.6666666666666667,-0.6666666666666667,0.0,1.0,3,2,0
llama31_instruct,10,risk,trait,PcNc,0,2.0,0.6666666666666666,0.3333333333333333,0.3333333333333333,-0.3333333333333333,-0.3333333333333333,0.3333333333333333,0.3333333333333333,-0.3333333333333333,-0.3333333333333333,0.0,0.6666666666666666,3,1,0
llama31_instruct,10,risk,trait,PcPc,0,2.0,1.0,0.3333333333333333,0.6666666666666666,-0.6666666666666667,-0.33333333333333337,0.6666666666666667,0.33333333333333337,-0.6666666666666667,-0.33333333333333337,-0.33333333333333337,1.0,3,2,0
llama31_instruct,10,risk,trait,PcPd,0,2.0,0.6666666666666666,0.6666666666666666,0.3333333333333333,0.0,-0.3333333333333333,0.0,0.3333333333333333,0.0,-0.3333333333333333,0.3333333333333333,0.6666666666666666,3,2,1
llama31_instruct,10,risk,trait,PcSh,0,2.0,1.0,0.6666666666666666,0.6666666666666666,-0.33333333333333337,-0.33333333333333337,0.33333333333333337,0.33333333333333337,-0.33333333333333337,-0.33333333333333337,0.0,1.0,3,1,0
llama31_instruct,10,risk,trait,PdAs,1,-1.0,0.6666666666666666,0.3333333333333333,0.3333333333333333,-0.3333333333333333,-0.3333333333333333,0.3333333333333333,0.3333333333333333,0.3333333333333333,0.3333333333333333,-0.0,0.33333333333333337,3,1,1
llama31_instruct,10,risk,trait,PdBa,1,-1.0,1.0,0.3333333333333333,0.6666666666666666,-0.6666666666666667,-0.33333333333333337,0.6666666666666667,0.33333333333333337,0.6666666666666667,0.33333333333333337,0.33333333333333337,0.0,3,2,2
llama31_instruct,10,risk,trait,PdCh,1,-1.0,1.0,0.3333333333333333,0.3333333333333333,-0.6666666666666667,-0.6666666666666667,0.6666666666666667,0.6666666666666667,0.6666666666666667,0.6666666666666667,-0.0,0.0,3,2,2
llama31_instruct,10,risk,trait,PdCo,1,-1.0,0.6666666666666666,0.6666666666666666,0.6666666666666666,0.0,0.0,0.0,0.0,-0.0,-0.0,-0.0,0.33333333333333337,3,0,0
llama31_instruct,10,risk,trait,PdHr,1,-1.0,1.0,0.6666666666666666,0.6666666666666666,-0.33333333333333337,-0.33333333333333337,0.33333333333333337,0.33333333333333337,0.33333333333333337,0.33333333333333337,-0.0,0.0,3,1,1
llama31_instruct,10,risk,trait,PdSh,1,-1.0,0.6666666666666666,0.3333333333333333,0.3333333333333333,-0.3333333333333333,-0.3333333333333333,0.3333333333333333,0.3333333333333333,0.3333333333333333,0.3333333333333333,-0.0,0.33333333333333337,3,1,1
llama31_instruct,10,risk,trait,ShAs,1,-1.0,0.3333333333333333,0.6666666666666666,0.3333333333333333,0.3333333333333333,0.0,0.3333333333333333,0.0,-0.3333333333333333,-0.0,-0.3333333333333333,0.6666666666666667,3,1,0
llama31_instruct,10,risk,trait,ShBa,1,-1.0,1.0,0.3333333333333333,0.3333333333333333,-0.6666666666666667,-0.6666666666666667,0.6666666666666667,0.6666666666666667,0.6666666666666667,0.6666666666666667,-0.0,0.0,3,2,2
llama31_instruct,10,risk,trait,ShCh,1,-1.0,0.6666666666666666,0.3333333333333333,0.3333333333333333,-0.3333333333333333,-0.3333333333333333,0.3333333333333333,0.3333333333333333,0.3333333333333333,0.3333333333333333,-0.0,0.33333333333333337,3,1,1
llama31_instruct,10,risk,trait,ShSh,1,-1.0,1.0,0.6666666666666666,1.0,-0.33333333333333337,0.0,0.33333333333333337,0.0,0.33333333333333337,-0.0,0.33333333333333337,0.0,3,1,1
llama31_instruct,10,loss,trait,AsAs,1,-1.0,0.6666666666666666,1.0,0.6666666666666666,0.33333333333333337,0.0,0.33333333333333337,0.0,-0.33333333333333337,-0.0,-0.33333333333333337,0.33333333333333337,3,1,0
llama31_instruct,10,loss,trait,AsBa,1,-1.0,0.6666666666666666,1.0,0.6666666666666666,0.33333333333333337,0.0,0.33333333333333337,0.0,-0.33333333333333337,-0.0,-0.33333333333333337,0.33333333333333337,3,1,0
llama31_instruct,10,loss,trait,BaBa,0,1.0,1.0,1.0,0.6666666666666666,0.0,-0.33333333333333337,0.0,0.33333333333333337,0.0,-0.33333333333333337,0.33333333333333337,1.0,3,0,0
llama31_instruct,10,loss,trait,ChAs,0,1.0,0.6666666666666666,1.0,0.3333333333333333,0.33333333333333337,-0.3333333333333333,0.33333333333333337,0.3333333333333333,0.33333333333333337,-0.3333333333333333,0.6666666666666667,0.6666666666666666,3,1,1
llama31_instruct,10,loss,trait,ChBa,0,1.0,1.0,1.0,0.3333333333333333,0.0,-0.6666666666666667,0.0,0.6666666666666667,0.0,-0.6666666666666667,0.6666666666666667,1.0,3,0,0
llama31_instruct,10,loss,trait,CmAs,1,-2.0,0.6666666666666666,0.6666666666666666,0.3333333333333333,0.0,-0.3333333333333333,0.0,0.3333333333333333,-0.0,0.3333333333333333,-0.3333333333333333,0.33333333333333337,3,0,0
llama31_instruct,10,loss,trait,CmBa,1,-2.0,1.0,1.0,1.0,0.0,0.0,0.0,0.0,-0.0,-0.0,-0.0,0.0,3,0,0
llama31_instruct,10,loss,trait,CmCh,1,-2.0,1.0,1.0,0.6666666666666666,0.0,-0.33333333333333337,0.0,0.33333333333333337,-0.0,0.33333333333333337,-0.33333333333333337,0.0,3,0,0
llama31_instruct,10,loss,trait,CmCm,1,-2.0,1.0,0.6666666666666666,0.3333333333333333,-0.33333333333333337,-0.6666666666666667,0.33333333333333337,0.6666666666666667,0.33333333333333337,0.6666666666666667,-0.33333333333333337,0.0,3,1,1
llama31_instruct,10,loss,trait,CmCo,1,-2.0,0.3333333333333333,1.0,0.3333333333333333,0.6666666666666667,0.0,0.6666666666666667,0.0,-0.6666666666666667,-0.0,-0.6666666666666667,0.6666666666666667,3,2,0
llama31_instruct,10,loss,trait,CmHr,1,-2.0,0.6666666666666666,0.6666666666666666,0.3333333333333333,0.0,-0.3333333333333333,0.0,0.3333333333333333,-0.0,0.3333333333333333,-0.3333333333333333,0.33333333333333337,3,0,0
llama31_instruct,10,loss,trait,CmNc,1,-2.0,0.6666666666666666,1.0,0.3333333333333333,0.33333333333333337,-0.3333333333333333,0.33333333333333337,0.3333333333333333,-0.33333333333333337,0.3333333333333333,-0.6666666666666667,0.33333333333333337,3,1,0
llama31_instruct,10,loss,trait,CmPc,1,-2.0,1.0,1.0,0.6666666666666666,0.0,-0.33333333333333337,0.0,0.33333333333333337,-0.0,0.33333333333333337,-0.33333333333333337,0.0,3,0,0
llama31_instruct,10,loss,trait,CmPd,1,-2.0,0.6666666666666666,0.6666666666666666,0.6666666666666666,0.0,0.0,0.0,0.0,-0.0,-0.0,-0.0,0.33333333333333337,3,0,0
llama31_instruct,10,loss,trait,CmSh,1,-2.0,1.0,1.0,0.3333333333333333,0.0,-0.6666666666666667,0.0,0.6666666666666667,-0.0,0.6666666666666667,-0.6666666666666667,0.0,3,0,0
llama31_instruct,10,loss,trait,CoAs,0,1.0,0.0,0.3333333333333333,0.3333333333333333,0.3333333333333333,0.3333333333333333,0.3333333333333333,0.3333333333333333,0.3333333333333333,0.3333333333333333,0.0,0.0,3,1,1
llama31_instruct,10,loss,trait,CoBa,0,1.0,0.6666666666666666,0.6666666666666666,0.3333333333333333,0.0,-0.3333333333333333,0.0,0.3333333333333333,0.0,-0.3333333333333333,0.3333333333333333,0.6666666666666666,3,0,0
llama31_instruct,10,loss,trait,CoCh,0,1.0,0.6666666666666666,0.6666666666666666,0.3333333333333333,0.0,-0.3333333333333333,0.0,0.3333333333333333,0.0,-0.3333333333333333,0.3333333333333333,0.6666666666666666,3,2,1
llama31_instruct,10,loss,trait,CoCo,0,1.0,0.6666666666666666,1.0,0.6666666666666666,0.33333333333333337,0.0,0.33333333333333337,0.0,0.33333333333333337,0.0,0.33333333333333337,0.6666666666666666,3,1,1
llama31_instruct,10,loss,trait,CoSh,0,1.0,0.6666666666666666,1.0,0.6666666666666666,0.33333333333333337,0.0,0.33333333333333337,0.0,0.33333333333333337,0.0,0.33333333333333337,0.6666666666666666,3,1,1
llama31_instruct,10,loss,trait,DlAs,1,-2.0,0.3333333333333333,0.6666666666666666,0.3333333333333333,0.3333333333333333,0.0,0.3333333333333333,0.0,-0.3333333333333333,-0.0,-0.3333333333333333,0.6666666666666667,3,1,0
llama31_instruct,10,loss,trait,DlBa,1,-2.0,1.0,1.0,0.3333333333333333,0.0,-0.6666666666666667,0.0,0.6666666666666667,-0.0,0.6666666666666667,-0.6666666666666667,0.0,3,0,0
llama31_instruct,10,loss,trait,DlCh,1,-2.0,1.0,1.0,0.3333333333333333,0.0,-0.6666666666666667,0.0,0.6666666666666667,-0.0,0.6666666666666667,-0.6666666666666667,0.0,3,0,0
llama31_instruct,10,loss,trait,DlCm,1,-2.0,0.6666666666666666,1.0,0.3333333333333333,0.33333333333333337,-0.3333333333333333,0.33333333333333337,0.3333333333333333,-0.33333333333333337,0.3333333333333333,-0.6666666666666667,0.33333333333333337,3,1,0
llama31_instruct,10,loss,trait,DlCo,1,-2.0,0.6666666666666666,0.6666666666666666,0.6666666666666666,0.0,0.0,0.0,0.0,-0.0,-0.0,-0.0,0.33333333333333337,3,0,0
llama31_instruct,10,loss,trait,DlDl,1,-2.0,1.0,0.3333333333333333,0.6666666666666666,-0.6666666666666667,-0.33333333333333337,0.6666666666666667,0.33333333333333337,0.6666666666666667,0.33333333333333337,0.33333333333333337,0.0,3,2,2
llama31_instruct,10,loss,trait,DlHa,1,-2.0,0.6666666666666666,1.0,0.6666666666666666,0.33333333333333337,0.0,0.33333333333333337,0.0,-0.33333333333333337,-0.0,-0.33333333333333337,0.33333333333333337,3,1,0
llama31_instruct,10,loss,trait,DlHr,1,-2.0,0.6666666666666666,0.6666666666666666,1.0,0.0,0.33333333333333337,0.0,0.33333333333333337,-0.0,-0.33333333333333337,0.33333333333333337,0.33333333333333337,3,0,0
llama31_instruct,10,loss,trait,DlNc,1,-2.0,0.6666666666666666,0.6666666666666666,0.6666666666666666,0.0,0.0,0.0,0.0,-0.0,-0.0,-0.0,0.33333333333333337,3,0,0
llama31_instruct,10,loss,trait,DlPc,1,-2.0,0.0,0.3333333333333333,0.6666666666666666,0.3333333333333333,0.6666666666666666,0.3333333333333333,0.6666666666666666,-0.3333333333333333,-0.6666666666666666,0.3333333333333333,1.0,3,1,0
llama31_instruct,10,loss,trait,DlPd,1,-2.0,0.3333333333333333,0.6666666666666666,0.3333333333333333,0.3333333333333333,0.0,0.3333333333333333,0.0,-0.3333333333333333,-0.0,-0.3333333333333333,0.6666666666666667,3,1,0
llama31_instruct,10,loss,trait,DlSh,1,-2.0,1.0,1.0,0.3333333333333333,0.0,-0.6666666666666667,0.0,0.6666666666666667,-0.0,0.6666666666666667,-0.6666666666666667,0.0,3,0,0
llama31_instruct,10,loss,trait,HaAs,0,2.0,1.0,1.0,0.6666666666666666,0.0,-0.33333333333333337,0.0,0.33333333333333337,0.0,-0.33333333333333337,0.33333333333333337,1.0,3,0,0
llama31_instruct,10,loss,trait,HaBa,0,2.0,0.6666666666666666,1.0,0.3333333333333333,0.33333333333333337,-0.3333333333333333,0.33333333333333337,0.3333333333333333,0.33333333333333337,-0.3333333333333333,0.6666666666666667,0.6666666666666666,3,1,1
llama31_instruct,10,loss,trait,HaCh,0,2.0,1.0,1.0,0.6666666666666666,0.0,-0.33333333333333337,0.0,0.33333333333333337,0.0,-0.33333333333333337,0.33333333333333337,1.0,3,0,0
llama31_instruct,10,loss,trait,HaCm,0,2.0,0.6666666666666666,1.0,0.6666666666666666,0.33333333333333337,0.0,0.33333333333333337,0.0,0.33333333333333337,0.0,0.33333333333333337,0.6666666666666666,3,1,1
llama31_instruct,10,loss,trait,HaCo,0,2.0,1.0,1.0,0.3333333333333333,0.0,-0.6666666666666667,0.0,0.6666666666666667,0.0,-0.6666666666666667,0.6666666666666667,1.0,3,0,0
llama31_instruct,10,loss,trait,HaHa,0,2.0,0.6666666666666666,1.0,0.3333333333333333,0.33333333333333337,-0.3333333333333333,0.33333333333333337,0.3333333333333333,0.33333333333333337,-0.3333333333333333,0.6666666666666667,0.6666666666666666,3,1,1
llama31_instruct,10,loss,trait,HaHr,0,2.0,0.6666666666666666,1.0,0.6666666666666666,0.33333333333333337,0.0,0.33333333333333337,0.0,0.33333333333333337,0.0,0.33333333333333337,0.6666666666666666,3,1,1
llama31_instruct,10,loss,trait,HaNc,0,2.0,1.0,1.0,0.3333333333333333,0.0,-0.6666666666666667,0.0,0.6666666666666667,0.0,-0.6666666666666667,0.6666666666666667,1.0,3,0,0
llama31_instruct,10,loss,trait,HaPc,0,2.0,1.0,0.6666666666666666,0.3333333333333333,-0.33333333333333337,-0.6666666666666667,0.33333333333333337,0.6666666666666667,-0.33333333333333337,-0.6666666666666667,0.33333333333333337,1.0,3,1,0
llama31_instruct,10,loss,trait,HaPd,0,2.0,0.6666666666666666,1.0,0.3333333333333333,0.33333333333333337,-0.3333333333333333,0.33333333333333337,0.3333333333333333,0.33333333333333337,-0.3333333333333333,0.6666666666666667,0.6666666666666666,3,1,1
llama31_instruct,10,loss,trait,HaSh,0,2.0,1.0,1.0,0.6666666666666666,0.0,-0.33333333333333337,0.0,0.33333333333333337,0.0,-0.33333333333333337,0.33333333333333337,1.0,3,0,0
llama31_instruct,10,loss,trait,HrAs,1,-1.0,1.0,1.0,0.6666666666666666,0.0,-0.33333333333333337,0.0,0.33333333333333337,-0.0,0.33333333333333337,-0.33333333333333337,0.0,3,0,0
llama31_instruct,10,loss,trait,HrBa,1,-1.0,0.6666666666666666,1.0,0.3333333333333333,0.33333333333333337,-0.3333333333333333,0.33333333333333337,0.3333333333333333,-0.33333333333333337,0.3333333333333333,-0.6666666666666667,0.33333333333333337,3,1,0
llama31_instruct,10,loss,trait,HrCh,1,-1.0,1.0,1.0,0.6666666666666666,0.0,-0.33333333333333337,0.0,0.33333333333333337,-0.0,0.33333333333333337,-0.33333333333333337,0.0,3,0,0
llama31_instruct,10,loss,trait,HrCo,1,-1.0,1.0,1.0,0.3333333333333333,0.0,-0.6666666666666667,0.0,0.6666666666666667,-0.0,0.6666666666666667,-0.6666666666666667,0.0,3,0,0
llama31_instruct,10,loss,trait,HrHr,1,-1.0,1.0,1.0,0.6666666666666666,0.0,-0.33333333333333337,0.0,0.33333333333333337,-0.0,0.33333333333333337,-0.33333333333333337,0.0,3,0,0
llama31_instruct,10,loss,trait,HrSh,1,-1.0,1.0,1.0,0.3333333333333333,0.0,-0.6666666666666667,0.0,0.6666666666666667,-0.0,0.6666666666666667,-0.6666666666666667,0.0,3,0,0
llama31_instruct,10,loss,trait,NcAs,0,1.0,1.0,1.0,0.6666666666666666,0.0,-0.33333333333333337,0.0,0.33333333333333337,0.0,-0.33333333333333337,0.33333333333333337,1.0,3,0,0
llama31_instruct,10,loss,trait,NcBa,0,1.0,1.0,1.0,1.0,0.0,0.0,0.0,0.0,0.0,0.0,0.0,1.0,3,0,0
llama31_instruct,10,loss,trait,NcCh,0,1.0,0.6666666666666666,1.0,0.6666666666666666,0.33333333333333337,0.0,0.33333333333333337,0.0,0.33333333333333337,0.0,0.33333333333333337,0.6666666666666666,3,1,1
llama31_instruct,10,loss,trait,NcCo,0,1.0,1.0,1.0,0.6666666666666666,0.0,-0.33333333333333337,0.0,0.33333333333333337,0.0,-0.33333333333333337,0.33333333333333337,1.0,3,0,0
llama31_instruct,10,loss,trait,NcHr,0,1.0,0.3333333333333333,0.6666666666666666,0.3333333333333333,0.3333333333333333,0.0,0.3333333333333333,0.0,0.3333333333333333,0.0,0.3333333333333333,0.3333333333333333,3,3,2
llama31_instruct,10,loss,trait,NcNc,0,1.0,0.6666666666666666,1.0,0.6666666666666666,0.33333333333333337,0.0,0.33333333333333337,0.0,0.33333333333333337,0.0,0.33333333333333337,0.6666666666666666,3,1,1
llama31_instruct,10,loss,trait,NcPd,0,1.0,1.0,0.6666666666666666,0.3333333333333333,-0.33333333333333337,-0.6666666666666667,0.33333333333333337,0.6666666666666667,-0.33333333333333337,-0.6666666666666667,0.33333333333333337,1.0,3,1,0
llama31_instruct,10,loss,trait,NcSh,0,1.0,0.6666666666666666,1.0,0.6666666666666666,0.33333333333333337,0.0,0.33333333333333337,0.0,0.33333333333333337,0.0,0.33333333333333337,0.6666666666666666,3,1,1
llama31_instruct,10,loss,trait,PcAs,0,2.0,0.6666666666666666,0.6666666666666666,0.3333333333333333,0.0,-0.3333333333333333,0.0,0.3333333333333333,0.0,-0.3333333333333333,0.3333333333333333,0.6666666666666666,3,0,0
llama31_instruct,10,loss,trait,PcBa,0,2.0,1.0,0.6666666666666666,0.3333333333333333,-0.33333333333333337,-0.6666666666666667,0.33333333333333337,0.6666666666666667,-0.33333333333333337,-0.6666666666666667,0.33333333333333337,1.0,3,1,0
llama31_instruct,10,loss,trait,PcCh,0,2.0,0.6666666666666666,1.0,0.6666666666666666,0.33333333333333337,0.0,0.33333333333333337,0.0,0.33333333333333337,0.0,0.33333333333333337,0.6666666666666666,3,1,1
llama31_instruct,10,loss,trait,PcCo,0,2.0,1.0,1.0,0.6666666666666666,0.0,-0.33333333333333337,0.0,0.33333333333333337,0.0,-0.33333333333333337,0.33333333333333337,1.0,3,0,0
llama31_instruct,10,loss,trait,PcHr,0,2.0,1.0,1.0,0.3333333333333333,0.0,-0.6666666666666667,0.0,0.6666666666666667,0.0,-0.6666666666666667,0.6666666666666667,1.0,3,0,0
llama31_instruct,10,loss,trait,PcNc,0,2.0,0.6666666666666666,1.0,0.3333333333333333,0.33333333333333337,-0.3333333333333333,0.33333333333333337,0.3333333333333333,0.33333333333333337,-0.3333333333333333,0.6666666666666667,0.6666666666666666,3,1,1
llama31_instruct,10,loss,trait,PcPc,0,2.0,1.0,1.0,0.6666666666666666,0.0,-0.33333333333333337,0.0,0.33333333333333337,0.0,-0.33333333333333337,0.33333333333333337,1.0,3,0,0
llama31_instruct,10,loss,trait,PcPd,0,2.0,0.6666666666666666,0.6666666666666666,0.3333333333333333,0.0,-0.3333333333333333,0.0,0.3333333333333333,0.0,-0.3333333333333333,0.3333333333333333,0.6666666666666666,3,2,1
llama31_instruct,10,loss,trait,PcSh,0,2.0,1.0,0.6666666666666666,0.6666666666666666,-0.33333333333333337,-0.33333333333333337,0.33333333333333337,0.33333333333333337,-0.33333333333333337,-0.33333333333333337,0.0,1.0,3,1,0
llama31_instruct,10,loss,trait,PdAs,1,-1.0,0.6666666666666666,0.3333333333333333,0.3333333333333333,-0.3333333333333333,-0.3333333333333333,0.3333333333333333,0.3333333333333333,0.3333333333333333,0.3333333333333333,-0.0,0.33333333333333337,3,1,1
llama31_instruct,10,loss,trait,PdBa,1,-1.0,1.0,0.6666666666666666,0.6666666666666666,-0.33333333333333337,-0.33333333333333337,0.33333333333333337,0.33333333333333337,0.33333333333333337,0.33333333333333337,-0.0,0.0,3,1,1
llama31_instruct,10,loss,trait,PdCh,1,-1.0,1.0,0.6666666666666666,0.3333333333333333,-0.33333333333333337,-0.6666666666666667,0.33333333333333337,0.6666666666666667,0.33333333333333337,0.6666666666666667,-0.33333333333333337,0.0,3,1,1
llama31_instruct,10,loss,trait,PdCo,1,-1.0,0.6666666666666666,1.0,0.6666666666666666,0.33333333333333337,0.0,0.33333333333333337,0.0,-0.33333333333333337,-0.0,-0.33333333333333337,0.33333333333333337,3,1,0
llama31_instruct,10,loss,trait,PdHr,1,-1.0,1.0,1.0,0.6666666666666666,0.0,-0.33333333333333337,0.0,0.33333333333333337,-0.0,0.33333333333333337,-0.33333333333333337,0.0,3,0,0
llama31_instruct,10,loss,trait,PdSh,1,-1.0,0.6666666666666666,0.6666666666666666,0.3333333333333333,0.0,-0.3333333333333333,0.0,0.3333333333333333,-0.0,0.3333333333333333,-0.3333333333333333,0.33333333333333337,3,0,0
llama31_instruct,10,loss,trait,ShAs,1,-1.0,0.3333333333333333,0.3333333333333333,0.3333333333333333,0.0,0.0,0.0,0.0,-0.0,-0.0,-0.0,0.6666666666666667,3,0,0
llama31_instruct,10,loss,trait,ShBa,1,-1.0,1.0,0.6666666666666666,0.3333333333333333,-0.33333333333333337,-0.6666666666666667,0.33333333333333337,0.6666666666666667,0.33333333333333337,0.6666666666666667,-0.33333333333333337,0.0,3,1,1
llama31_instruct,10,loss,trait,ShCh,1,-1.0,0.6666666666666666,0.6666666666666666,0.3333333333333333,0.0,-0.3333333333333333,0.0,0.3333333333333333,-0.0,0.3333333333333333,-0.3333333333333333,0.33333333333333337,3,2,1
llama31_instruct,10,loss,trait,ShSh,1,-1.0,1.0,1.0,1.0,0.0,0.0,0.0,0.0,-0.0,-0.0,-0.0,0.0,3,0,0
llama31_instruct,10,inequity,trait,AsBa,1,-1.0,0.6666666666666666,1.0,0.6666666666666666,0.33333333333333337,0.0,0.33333333333333337,0.0,-0.33333333333333337,-0.0,-0.33333333333333337,0.33333333333333337,3,1,0
llama31_instruct,10,inequity,trait,ChAs,0,2.0,0.6666666666666666,0.3333333333333333,0.3333333333333333,-0.3333333333333333,-0.3333333333333333,0.3333333333333333,0.3333333333333333,-0.3333333333333333,-0.3333333333333333,0.0,0.6666666666666666,3,1,0
llama31_instruct,10,inequity,trait,ChBa,1,-1.0,1.0,1.0,0.3333333333333333,0.0,-0.6666666666666667,0.0,0.6666666666666667,-0.0,0.6666666666666667,-0.6666666666666667,0.0,3,0,0
llama31_instruct,10,inequity,trait,CmCo,1,-1.0,0.3333333333333333,0.3333333333333333,0.3333333333333333,0.0,0.0,0.0,0.0,-0.0,-0.0,-0.0,0.6666666666666667,3,0,0
llama31_instruct,10,inequity,trait,CmPc,1,-1.0,1.0,0.6666666666666666,0.6666666666666666,-0.33333333333333337,-0.33333333333333337,0.33333333333333337,0.33333333333333337,0.33333333333333337,0.33333333333333337,-0.0,0.0,3,1,1
llama31_instruct,10,inequity,trait,DlCm,1,-1.0,0.6666666666666666,0.3333333333333333,0.3333333333333333,-0.3333333333333333,-0.3333333333333333,0.3333333333333333,0.3333333333333333,0.3333333333333333,0.3333333333333333,-0.0,0.33333333333333337,3,1,1
llama31_instruct,10,inequity,trait,DlHr,1,-1.0,0.6666666666666666,1.0,1.0,0.33333333333333337,0.33333333333333337,0.33333333333333337,0.33333333333333337,-0.33333333333333337,-0.33333333333333337,-0.0,0.33333333333333337,3,1,0
llama31_instruct,10,inequity,trait,HaAs,0,1.0,1.0,0.6666666666666666,0.6666666666666666,-0.33333333333333337,-0.33333333333333337,0.33333333333333337,0.33333333333333337,-0.33333333333333337,-0.33333333333333337,0.0,1.0,3,1,0
llama31_instruct,10,inequity,trait,HaBa,1,-1.0,0.6666666666666666,0.3333333333333333,0.3333333333333333,-0.3333333333333333,-0.3333333333333333,0.3333333333333333,0.3333333333333333,0.3333333333333333,0.3333333333333333,-0.0,0.33333333333333337,3,1,1
llama31_instruct,10,inequity,trait,HaCh,1,-1.0,1.0,0.6666666666666666,0.6666666666666666,-0.33333333333333337,-0.33333333333333337,0.33333333333333337,0.33333333333333337,0.33333333333333337,0.33333333333333337,-0.0,0.0,3,1,1
llama31_instruct,10,inequity,trait,HaCm,1,-1.0,0.6666666666666666,0.6666666666666666,0.6666666666666666,0.0,0.0,0.0,0.0,-0.0,-0.0,-0.0,0.33333333333333337,3,0,0
llama31_instruct,10,inequity,trait,HaHr,1,-1.0,0.6666666666666666,0.3333333333333333,0.6666666666666666,-0.3333333333333333,0.0,0.3333333333333333,0.0,0.3333333333333333,-0.0,0.3333333333333333,0.33333333333333337,3,1,1
llama31_instruct,10,inequity,trait,HaSh,0,1.0,1.0,0.6666666666666666,0.6666666666666666,-0.33333333333333337,-0.33333333333333337,0.33333333333333337,0.33333333333333337,-0.33333333333333337,-0.33333333333333337,0.0,1.0,3,1,0
llama31_instruct,10,inequity,trait,HrCo,1,-1.0,1.0,0.3333333333333333,0.3333333333333333,-0.6666666666666667,-0.6666666666666667,0.6666666666666667,0.6666666666666667,0.6666666666666667,0.6666666666666667,-0.0,0.0,3,2,2
llama31_instruct,10,inequity,trait,NcAs,0,2.0,1.0,0.6666666666666666,0.6666666666666666,-0.33333333333333337,-0.33333333333333337,0.33333333333333337,0.33333333333333337,-0.33333333333333337,-0.33333333333333337,0.0,1.0,3,1,0
llama31_instruct,10,inequity,trait,NcBa,1,-2.0,1.0,1.0,1.0,0.0,0.0,0.0,0.0,-0.0,-0.0,-0.0,0.0,3,0,0
llama31_instruct,10,inequity,trait,NcCh,1,-1.0,0.6666666666666666,0.6666666666666666,0.6666666666666666,0.0,0.0,0.0,0.0,-0.0,-0.0,-0.0,0.33333333333333337,3,2,1
llama31_instruct,10,inequity,trait,NcCo,0,1.0,1.0,0.6666666666666666,0.6666666666666666,-0.33333333333333337,-0.33333333333333337,0.33333333333333337,0.33333333333333337,-0.33333333333333337,-0.33333333333333337,0.0,1.0,3,1,0
llama31_instruct,10,inequity,trait,NcHr,1,-2.0,0.3333333333333333,0.3333333333333333,0.3333333333333333,0.0,0.0,0.0,0.0,-0.0,-0.0,-0.0,0.6666666666666667,3,2,1
llama31_instruct,10,inequity,trait,NcSh,0,1.0,0.6666666666666666,0.3333333333333333,0.6666666666666666,-0.3333333333333333,0.0,0.3333333333333333,0.0,-0.3333333333333333,0.0,-0.3333333333333333,0.6666666666666666,3,1,0
llama31_instruct,10,inequity,trait,PcHr,1,-1.0,1.0,0.3333333333333333,0.3333333333333333,-0.6666666666666667,-0.6666666666666667,0.6666666666666667,0.6666666666666667,0.6666666666666667,0.6666666666666667,-0.0,0.0,3,2,2
llama31_instruct,10,inequity,trait,PcNc,0,1.0,0.6666666666666666,0.6666666666666666,0.3333333333333333,0.0,-0.3333333333333333,0.0,0.3333333333333333,0.0,-0.3333333333333333,0.3333333333333333,0.6666666666666666,3,0,0
llama31_instruct,10,inequity,trait,PcPd,1,-1.0,0.6666666666666666,0.3333333333333333,0.3333333333333333,-0.3333333333333333,-0.3333333333333333,0.3333333333333333,0.3333333333333333,0.3333333333333333,0.3333333333333333,-0.0,0.33333333333333337,3,1,1
llama31_instruct,10,inequity,trait,PdAs,0,1.0,0.6666666666666666,0.6666666666666666,0.3333333333333333,0.0,-0.3333333333333333,0.0,0.3333333333333333,0.0,-0.3333333333333333,0.3333333333333333,0.6666666666666666,3,0,0
llama31_instruct,10,inequity,trait,PdBa,1,-1.0,1.0,0.6666666666666666,0.6666666666666666,-0.33333333333333337,-0.33333333333333337,0.33333333333333337,0.33333333333333337,0.33333333333333337,0.33333333333333337,-0.0,0.0,3,1,1
llama31_instruct,10,inequity,trait,PdCo,0,1.0,0.6666666666666666,0.6666666666666666,0.6666666666666666,0.0,0.0,0.0,0.0,0.0,0.0,0.0,0.6666666666666666,3,0,0
llama31_instruct,10,inequity,trait,PdHr,1,-2.0,1.0,0.6666666666666666,0.6666666666666666,-0.33333333333333337,-0.33333333333333337,0.33333333333333337,0.33333333333333337,0.33333333333333337,0.33333333333333337,-0.0,0.0,3,1,1
llama31_instruct,10,inequity,trait,ShAs,0,1.0,0.3333333333333333,0.3333333333333333,0.3333333333333333,0.0,0.0,0.0,0.0,0.0,0.0,0.0,0.3333333333333333,3,0,0
llama31_instruct,10,inequity,trait,ShBa,1,-2.0,1.0,0.3333333333333333,0.3333333333333333,-0.6666666666666667,-0.6666666666666667,0.6666666666666667,0.6666666666666667,0.6666666666666667,0.6666666666666667,-0.0,0.0,3,2,2
llama31_instruct,10,inequity,trait,ShCh,1,-1.0,0.6666666666666666,0.3333333333333333,0.3333333333333333,-0.3333333333333333,-0.3333333333333333,0.3333333333333333,0.3333333333333333,0.3333333333333333,0.3333333333333333,-0.0,0.33333333333333337,3,1,1
llama31_instruct,10,selfish,trait,CmAs,1,-2.0,0.6666666666666666,0.3333333333333333,0.3333333333333333,-0.3333333333333333,-0.3333333333333333,0.3333333333333333,0.3333333333333333,0.3333333333333333,0.3333333333333333,-0.0,0.33333333333333337,3,1,1
llama31_instruct,10,selfish,trait,CmBa,1,-2.0,1.0,0.3333333333333333,1.0,-0.6666666666666667,0.0,0.6666666666666667,0.0,0.6666666666666667,-0.0,0.6666666666666667,0.0,3,2,2
llama31_instruct,10,selfish,trait,CmCh,1,-2.0,1.0,0.3333333333333333,0.6666666666666666,-0.6666666666666667,-0.33333333333333337,0.6666666666666667,0.33333333333333337,0.6666666666666667,0.33333333333333337,0.33333333333333337,0.0,3,2,2
llama31_instruct,10,selfish,trait,CmCm,1,-2.0,1.0,0.3333333333333333,0.3333333333333333,-0.6666666666666667,-0.6666666666666667,0.6666666666666667,0.6666666666666667,0.6666666666666667,0.6666666666666667,-0.0,0.0,3,2,2
llama31_instruct,10,selfish,trait,CmCo,1,-2.0,0.3333333333333333,0.3333333333333333,0.3333333333333333,0.0,0.0,0.0,0.0,-0.0,-0.0,-0.0,0.6666666666666667,3,2,1
llama31_instruct,10,selfish,trait,CmHr,1,-2.0,0.6666666666666666,0.3333333333333333,0.3333333333333333,-0.3333333333333333,-0.3333333333333333,0.3333333333333333,0.3333333333333333,0.3333333333333333,0.3333333333333333,-0.0,0.33333333333333337,3,1,1
llama31_instruct,10,selfish,trait,CmNc,1,-2.0,0.6666666666666666,0.3333333333333333,0.3333333333333333,-0.3333333333333333,-0.3333333333333333,0.3333333333333333,0.3333333333333333,0.3333333333333333,0.3333333333333333,-0.0,0.33333333333333337,3,3,2
llama31_instruct,10,selfish,trait,CmPc,1,-2.0,1.0,0.3333333333333333,0.6666666666666666,-0.6666666666666667,-0.33333333333333337,0.6666666666666667,0.33333333333333337,0.6666666666666667,0.33333333333333337,0.33333333333333337,0.0,3,2,2
llama31_instruct,10,selfish,trait,CmPd,1,-2.0,0.6666666666666666,0.3333333333333333,0.6666666666666666,-0.3333333333333333,0.0,0.3333333333333333,0.0,0.3333333333333333,-0.0,0.3333333333333333,0.33333333333333337,3,1,1
llama31_instruct,10,selfish,trait,CmSh,1,-2.0,1.0,0.3333333333333333,0.3333333333333333,-0.6666666666666667,-0.6666666666666667,0.6666666666666667,0.6666666666666667,0.6666666666666667,0.6666666666666667,-0.0,0.0,3,2,2
llama31_instruct,10,selfish,trait,CoAs,0,1.0,0.0,0.3333333333333333,0.3333333333333333,0.3333333333333333,0.3333333333333333,0.3333333333333333,0.3333333333333333,0.3333333333333333,0.3333333333333333,0.0,0.0,3,1,1
llama31_instruct,10,selfish,trait,CoBa,0,1.0,0.6666666666666666,0.3333333333333333,0.3333333333333333,-0.3333333333333333,-0.3333333333333333,0.3333333333333333,0.3333333333333333,-0.3333333333333333,-0.3333333333333333,0.0,0.6666666666666666,3,1,0
llama31_instruct,10,selfish,trait,CoCh,0,1.0,0.6666666666666666,0.3333333333333333,0.3333333333333333,-0.3333333333333333,-0.3333333333333333,0.3333333333333333,0.3333333333333333,-0.3333333333333333,-0.3333333333333333,0.0,0.6666666666666666,3,3,1
llama31_instruct,10,selfish,trait,CoCo,0,1.0,0.6666666666666666,0.3333333333333333,0.6666666666666666,-0.3333333333333333,0.0,0.3333333333333333,0.0,-0.3333333333333333,0.0,-0.3333333333333333,0.6666666666666666,3,3,1
llama31_instruct,10,selfish,trait,CoSh,0,1.0,0.6666666666666666,0.3333333333333333,0.6666666666666666,-0.3333333333333333,0.0,0.3333333333333333,0.0,-0.3333333333333333,0.0,-0.3333333333333333,0.6666666666666666,3,1,0
llama31_instruct,10,selfish,trait,DlAs,1,-2.0,0.3333333333333333,0.3333333333333333,0.3333333333333333,0.0,0.0,0.0,0.0,-0.0,-0.0,-0.0,0.6666666666666667,3,0,0
llama31_instruct,10,selfish,trait,DlBa,1,-2.0,1.0,0.3333333333333333,0.3333333333333333,-0.6666666666666667,-0.6666666666666667,0.6666666666666667,0.6666666666666667,0.6666666666666667,0.6666666666666667,-0.0,0.0,3,2,2
llama31_instruct,10,selfish,trait,DlCh,1,-2.0,1.0,0.3333333333333333,0.3333333333333333,-0.6666666666666667,-0.6666666666666667,0.6666666666666667,0.6666666666666667,0.6666666666666667,0.6666666666666667,-0.0,0.0,3,2,2
llama31_instruct,10,selfish,trait,DlCm,1,-2.0,0.6666666666666666,0.3333333333333333,0.3333333333333333,-0.3333333333333333,-0.3333333333333333,0.3333333333333333,0.3333333333333333,0.3333333333333333,0.3333333333333333,-0.0,0.33333333333333337,3,1,1
llama31_instruct,10,selfish,trait,DlCo,1,-2.0,0.6666666666666666,0.3333333333333333,0.6666666666666666,-0.3333333333333333,0.0,0.3333333333333333,0.0,0.3333333333333333,-0.0,0.3333333333333333,0.33333333333333337,3,1,1
llama31_instruct,10,selfish,trait,DlDl,1,-2.0,1.0,0.3333333333333333,0.6666666666666666,-0.6666666666666667,-0.33333333333333337,0.6666666666666667,0.33333333333333337,0.6666666666666667,0.33333333333333337,0.33333333333333337,0.0,3,2,2
llama31_instruct,10,selfish,trait,DlHa,1,-2.0,0.6666666666666666,0.3333333333333333,0.6666666666666666,-0.3333333333333333,0.0,0.3333333333333333,0.0,0.3333333333333333,-0.0,0.3333333333333333,0.33333333333333337,3,1,1
llama31_instruct,10,selfish,trait,DlHr,1,-2.0,0.6666666666666666,0.3333333333333333,1.0,-0.3333333333333333,0.33333333333333337,0.3333333333333333,0.33333333333333337,0.3333333333333333,-0.33333333333333337,0.6666666666666667,0.33333333333333337,3,3,2
llama31_instruct,10,selfish,trait,DlNc,1,-2.0,0.6666666666666666,0.3333333333333333,0.6666666666666666,-0.3333333333333333,0.0,0.3333333333333333,0.0,0.3333333333333333,-0.0,0.3333333333333333,0.33333333333333337,3,1,1
llama31_instruct,10,selfish,trait,DlPc,1,-2.0,0.0,0.3333333333333333,0.6666666666666666,0.3333333333333333,0.6666666666666666,0.3333333333333333,0.6666666666666666,-0.3333333333333333,-0.6666666666666666,0.3333333333333333,1.0,3,1,0
llama31_instruct,10,selfish,trait,DlPd,1,-2.0,0.3333333333333333,0.3333333333333333,0.3333333333333333,0.0,0.0,0.0,0.0,-0.0,-0.0,-0.0,0.6666666666666667,3,0,0
llama31_instruct,10,selfish,trait,DlSh,1,-2.0,1.0,0.3333333333333333,0.3333333333333333,-0.6666666666666667,-0.6666666666666667,0.6666666666666667,0.6666666666666667,0.6666666666666667,0.6666666666666667,-0.0,0.0,3,2,2
llama31_instruct,10,selfish,trait,HaAs,0,2.0,1.0,0.3333333333333333,0.6666666666666666,-0.6666666666666667,-0.33333333333333337,0.6666666666666667,0.33333333333333337,-0.6666666666666667,-0.33333333333333337,-0.33333333333333337,1.0,3,2,0
llama31_instruct,10,selfish,trait,HaBa,0,2.0,0.6666666666666666,0.3333333333333333,0.3333333333333333,-0.3333333333333333,-0.3333333333333333,0.3333333333333333,0.3333333333333333,-0.3333333333333333,-0.3333333333333333,0.0,0.6666666666666666,3,1,0
llama31_instruct,10,selfish,trait,HaCh,0,2.0,1.0,0.3333333333333333,0.6666666666666666,-0.6666666666666667,-0.33333333333333337,0.6666666666666667,0.33333333333333337,-0.6666666666666667,-0.33333333333333337,-0.33333333333333337,1.0,3,2,0
llama31_instruct,10,selfish,trait,HaCm,0,2.0,0.6666666666666666,0.3333333333333333,0.6666666666666666,-0.3333333333333333,0.0,0.3333333333333333,0.0,-0.3333333333333333,0.0,-0.3333333333333333,0.6666666666666666,3,1,0
llama31_instruct,10,selfish,trait,HaCo,0,2.0,1.0,0.3333333333333333,0.3333333333333333,-0.6666666666666667,-0.6666666666666667,0.6666666666666667,0.6666666666666667,-0.6666666666666667,-0.6666666666666667,0.0,1.0,3,2,0
llama31_instruct,10,selfish,trait,HaHa,0,2.0,0.6666666666666666,0.3333333333333333,0.3333333333333333,-0.3333333333333333,-0.3333333333333333,0.3333333333333333,0.3333333333333333,-0.3333333333333333,-0.3333333333333333,0.0,0.6666666666666666,3,3,1
llama31_instruct,10,selfish,trait,HaHr,0,2.0,0.6666666666666666,0.3333333333333333,0.6666666666666666,-0.3333333333333333,0.0,0.3333333333333333,0.0,-0.3333333333333333,0.0,-0.3333333333333333,0.6666666666666666,3,1,0
llama31_instruct,10,selfish,trait,HaNc,0,2.0,1.0,0.3333333333333333,0.3333333333333333,-0.6666666666666667,-0.6666666666666667,0.6666666666666667,0.6666666666666667,-0.6666666666666667,-0.6666666666666667,0.0,1.0,3,2,0
llama31_instruct,10,selfish,trait,HaPc,0,2.0,1.0,0.3333333333333333,0.3333333333333333,-0.6666666666666667,-0.6666666666666667,0.6666666666666667,0.6666666666666667,-0.6666666666666667,-0.6666666666666667,0.0,1.0,3,2,0
llama31_instruct,10,selfish,trait,HaPd,0,2.0,0.6666666666666666,0.3333333333333333,0.3333333333333333,-0.3333333333333333,-0.3333333333333333,0.3333333333333333,0.3333333333333333,-0.3333333333333333,-0.3333333333333333,0.0,0.6666666666666666,3,1,0
llama31_instruct,10,selfish,trait,HaSh,0,2.0,1.0,0.3333333333333333,0.6666666666666666,-0.6666666666666667,-0.33333333333333337,0.6666666666666667,0.33333333333333337,-0.6666666666666667,-0.33333333333333337,-0.33333333333333337,1.0,3,2,0
llama31_instruct,10,selfish,trait,HrAs,1,-1.0,1.0,0.3333333333333333,0.6666666666666666,-0.6666666666666667,-0.33333333333333337,0.6666666666666667,0.33333333333333337,0.6666666666666667,0.33333333333333337,0.33333333333333337,0.0,3,2,2
llama31_instruct,10,selfish,trait,HrBa,1,-1.0,0.6666666666666666,0.3333333333333333,0.3333333333333333,-0.3333333333333333,-0.3333333333333333,0.3333333333333333,0.3333333333333333,0.3333333333333333,0.3333333333333333,-0.0,0.33333333333333337,3,1,1
llama31_instruct,10,selfish,trait,HrCh,1,-1.0,1.0,0.3333333333333333,0.6666666666666666,-0.6666666666666667,-0.33333333333333337,0.6666666666666667,0.33333333333333337,0.6666666666666667,0.33333333333333337,0.33333333333333337,0.0,3,2,2
llama31_instruct,10,selfish,trait,HrCo,1,-1.0,1.0,0.3333333333333333,0.3333333333333333,-0.6666666666666667,-0.6666666666666667,0.6666666666666667,0.6666666666666667,0.6666666666666667,0.6666666666666667,-0.0,0.0,3,2,2
llama31_instruct,10,selfish,trait,HrHr,1,-1.0,1.0,0.3333333333333333,0.6666666666666666,-0.6666666666666667,-0.33333333333333337,0.6666666666666667,0.33333333333333337,0.6666666666666667,0.33333333333333337,0.33333333333333337,0.0,3,2,2
llama31_instruct,10,selfish,trait,HrSh,1,-1.0,1.0,0.3333333333333333,0.3333333333333333,-0.6666666666666667,-0.6666666666666667,0.6666666666666667,0.6666666666666667,0.6666666666666667,0.6666666666666667,-0.0,0.0,3,2,2
llama31_instruct,10,selfish,trait,NcAs,0,1.0,1.0,0.3333333333333333,0.6666666666666666,-0.6666666666666667,-0.33333333333333337,0.6666666666666667,0.33333333333333337,-0.6666666666666667,-0.33333333333333337,-0.33333333333333337,1.0,3,2,0
llama31_instruct,10,selfish,trait,NcBa,0,1.0,1.0,0.3333333333333333,1.0,-0.6666666666666667,0.0,0.6666666666666667,0.0,-0.6666666666666667,0.0,-0.6666666666666667,1.0,3,2,0
llama31_instruct,10,selfish,trait,NcCh,0,1.0,0.6666666666666666,0.3333333333333333,0.6666666666666666,-0.3333333333333333,0.0,0.3333333333333333,0.0,-0.3333333333333333,0.0,-0.3333333333333333,0.6666666666666666,3,1,0
llama31_instruct,10,selfish,trait,NcCo,0,1.0,1.0,0.3333333333333333,0.6666666666666666,-0.6666666666666667,-0.33333333333333337,0.6666666666666667,0.33333333333333337,-0.6666666666666667,-0.33333333333333337,-0.33333333333333337,1.0,3,2,0
llama31_instruct,10,selfish,trait,NcHr,0,1.0,0.3333333333333333,0.3333333333333333,0.3333333333333333,0.0,0.0,0.0,0.0,0.0,0.0,0.0,0.3333333333333333,3,2,1
llama31_instruct,10,selfish,trait,NcNc,0,1.0,0.6666666666666666,0.3333333333333333,0.6666666666666666,-0.3333333333333333,0.0,0.3333333333333333,0.0,-0.3333333333333333,0.0,-0.3333333333333333,0.6666666666666666,3,1,0
llama31_instruct,10,selfish,trait,NcPd,0,1.0,1.0,0.3333333333333333,0.3333333333333333,-0.6666666666666667,-0.6666666666666667,0.6666666666666667,0.6666666666666667,-0.6666666666666667,-0.6666666666666667,0.0,1.0,3,2,0
llama31_instruct,10,selfish,trait,NcSh,0,1.0,0.6666666666666666,0.3333333333333333,0.6666666666666666,-0.3333333333333333,0.0,0.3333333333333333,0.0,-0.3333333333333333,0.0,-0.3333333333333333,0.6666666666666666,3,1,0
llama31_instruct,10,selfish,trait,PcAs,0,2.0,0.6666666666666666,0.3333333333333333,0.3333333333333333,-0.3333333333333333,-0.3333333333333333,0.3333333333333333,0.3333333333333333,-0.3333333333333333,-0.3333333333333333,0.0,0.6666666666666666,3,1,0
llama31_instruct,10,selfish,trait,PcBa,0,2.0,1.0,0.3333333333333333,0.3333333333333333,-0.6666666666666667,-0.6666666666666667,0.6666666666666667,0.6666666666666667,-0.6666666666666667,-0.6666666666666667,0.0,1.0,3,2,0
llama31_instruct,10,selfish,trait,PcCh,0,2.0,0.6666666666666666,0.3333333333333333,0.6666666666666666,-0.3333333333333333,0.0,0.3333333333333333,0.0,-0.3333333333333333,0.0,-0.3333333333333333,0.6666666666666666,3,3,1
llama31_instruct,10,selfish,trait,PcCo,0,2.0,1.0,0.3333333333333333,0.6666666666666666,-0.6666666666666667,-0.33333333333333337,0.6666666666666667,0.33333333333333337,-0.6666666666666667,-0.33333333333333337,-0.33333333333333337,1.0,3,2,0
llama31_instruct,10,selfish,trait,PcHr,0,2.0,1.0,0.3333333333333333,0.3333333333333333,-0.6666666666666667,-0.6666666666666667,0.6666666666666667,0.6666666666666667,-0.6666666666666667,-0.6666666666666667,0.0,1.0,3,2,0
llama31_instruct,10,selfish,trait,PcNc,0,2.0,0.6666666666666666,0.3333333333333333,0.3333333333333333,-0.3333333333333333,-0.3333333333333333,0.3333333333333333,0.3333333333333333,-0.3333333333333333,-0.3333333333333333,0.0,0.6666666666666666,3,1,0
llama31_instruct,10,selfish,trait,PcPc,0,2.0,1.0,0.3333333333333333,0.6666666666666666,-0.6666666666666667,-0.33333333333333337,0.6666666666666667,0.33333333333333337,-0.6666666666666667,-0.33333333333333337,-0.33333333333333337,1.0,3,2,0
llama31_instruct,10,selfish,trait,PcPd,0,2.0,0.6666666666666666,0.3333333333333333,0.3333333333333333,-0.3333333333333333,-0.3333333333333333,0.3333333333333333,0.3333333333333333,-0.3333333333333333,-0.3333333333333333,0.0,0.6666666666666666,3,1,0
llama31_instruct,10,selfish,trait,PcSh,0,2.0,1.0,0.3333333333333333,0.6666666666666666,-0.6666666666666667,-0.33333333333333337,0.6666666666666667,0.33333333333333337,-0.6666666666666667,-0.33333333333333337,-0.33333333333333337,1.0,3,2,0
llama31_instruct,10,selfish,trait,PdAs,1,-1.0,0.6666666666666666,0.3333333333333333,0.3333333333333333,-0.3333333333333333,-0.3333333333333333,0.3333333333333333,0.3333333333333333,0.3333333333333333,0.3333333333333333,-0.0,0.33333333333333337,3,1,1
llama31_instruct,10,selfish,trait,PdBa,1,-1.0,1.0,0.3333333333333333,0.6666666666666666,-0.6666666666666667,-0.33333333333333337,0.6666666666666667,0.33333333333333337,0.6666666666666667,0.33333333333333337,0.33333333333333337,0.0,3,2,2
llama31_instruct,10,selfish,trait,PdCh,1,-1.0,1.0,0.3333333333333333,0.3333333333333333,-0.6666666666666667,-0.6666666666666667,0.6666666666666667,0.6666666666666667,0.6666666666666667,0.6666666666666667,-0.0,0.0,3,2,2
llama31_instruct,10,selfish,trait,PdCo,1,-1.0,0.6666666666666666,0.3333333333333333,0.6666666666666666,-0.3333333333333333,0.0,0.3333333333333333,0.0,0.3333333333333333,-0.0,0.3333333333333333,0.33333333333333337,3,1,1
llama31_instruct,10,selfish,trait,PdHr,1,-1.0,1.0,0.3333333333333333,0.6666666666666666,-0.6666666666666667,-0.33333333333333337,0.6666666666666667,0.33333333333333337,0.6666666666666667,0.33333333333333337,0.33333333333333337,0.0,3,2,2
llama31_instruct,10,selfish,trait,PdSh,1,-1.0,0.6666666666666666,0.3333333333333333,0.3333333333333333,-0.3333333333333333,-0.3333333333333333,0.3333333333333333,0.3333333333333333,0.3333333333333333,0.3333333333333333,-0.0,0.33333333333333337,3,1,1
llama31_instruct,10,maximin,rule,AsAs,1,-1.0,0.6666666666666666,1.0,0.6666666666666666,0.33333333333333337,0.0,0.33333333333333337,0.0,-0.33333333333333337,-0.0,-0.33333333333333337,0.33333333333333337,3,1,0
llama31_instruct,10,maximin,rule,AsBa,1,-1.0,0.6666666666666666,0.6666666666666666,0.6666666666666666,0.0,0.0,0.0,0.0,-0.0,-0.0,-0.0,0.33333333333333337,3,2,1
llama31_instruct,10,maximin,rule,BaBa,0,1.0,1.0,1.0,0.6666666666666666,0.0,-0.33333333333333337,0.0,0.33333333333333337,0.0,-0.33333333333333337,0.33333333333333337,1.0,3,0,0
llama31_instruct,10,maximin,rule,ChAs,0,1.0,0.6666666666666666,0.3333333333333333,0.3333333333333333,-0.3333333333333333,-0.3333333333333333,0.3333333333333333,0.3333333333333333,-0.3333333333333333,-0.3333333333333333,0.0,0.6666666666666666,3,1,0
llama31_instruct,10,maximin,rule,ChBa,0,1.0,1.0,1.0,0.3333333333333333,0.0,-0.6666666666666667,0.0,0.6666666666666667,0.0,-0.6666666666666667,0.6666666666666667,1.0,3,0,0
llama31_instruct,10,maximin,rule,CmAs,1,-2.0,0.6666666666666666,0.6666666666666666,0.3333333333333333,0.0,-0.3333333333333333,0.0,0.3333333333333333,-0.0,0.3333333333333333,-0.3333333333333333,0.33333333333333337,3,0,0
llama31_instruct,10,maximin,rule,CmBa,1,-2.0,1.0,1.0,1.0,0.0,0.0,0.0,0.0,-0.0,-0.0,-0.0,0.0,3,0,0
llama31_instruct,10,maximin,rule,CmCh,1,-2.0,1.0,0.6666666666666666,0.6666666666666666,-0.33333333333333337,-0.33333333333333337,0.33333333333333337,0.33333333333333337,0.33333333333333337,0.33333333333333337,-0.0,0.0,3,1,1
llama31_instruct,10,maximin,rule,CmCm,1,-2.0,1.0,0.6666666666666666,0.3333333333333333,-0.33333333333333337,-0.6666666666666667,0.33333333333333337,0.6666666666666667,0.33333333333333337,0.6666666666666667,-0.33333333333333337,0.0,3,1,1
llama31_instruct,10,maximin,rule,CmCo,1,-2.0,0.3333333333333333,0.0,0.3333333333333333,-0.3333333333333333,0.0,0.3333333333333333,0.0,0.3333333333333333,-0.0,0.3333333333333333,0.6666666666666667,3,1,1
llama31_instruct,10,maximin,rule,CmHr,1,-2.0,0.6666666666666666,0.6666666666666666,0.3333333333333333,0.0,-0.3333333333333333,0.0,0.3333333333333333,-0.0,0.3333333333333333,-0.3333333333333333,0.33333333333333337,3,0,0
llama31_instruct,10,maximin,rule,CmNc,1,-2.0,0.6666666666666666,0.6666666666666666,0.3333333333333333,0.0,-0.3333333333333333,0.0,0.3333333333333333,-0.0,0.3333333333333333,-0.3333333333333333,0.33333333333333337,3,2,1
llama31_instruct,10,maximin,rule,CmPc,1,-2.0,1.0,0.6666666666666666,0.6666666666666666,-0.33333333333333337,-0.33333333333333337,0.33333333333333337,0.33333333333333337,0.33333333333333337,0.33333333333333337,-0.0,0.0,3,1,1
llama31_instruct,10,maximin,rule,CmPd,1,-2.0,0.6666666666666666,0.6666666666666666,0.6666666666666666,0.0,0.0,0.0,0.0,-0.0,-0.0,-0.0,0.33333333333333337,3,0,0
llama31_instruct,10,maximin,rule,CmSh,1,-2.0,1.0,0.6666666666666666,0.3333333333333333,-0.33333333333333337,-0.6666666666666667,0.33333333333333337,0.6666666666666667,0.33333333333333337,0.6666666666666667,-0.33333333333333337,0.0,3,1,1
llama31_instruct,10,maximin,rule,CoAs,0,1.0,0.0,0.0,0.3333333333333333,0.0,0.3333333333333333,0.0,0.3333333333333333,0.0,0.3333333333333333,-0.3333333333333333,0.0,3,0,0
llama31_instruct,10,maximin,rule,CoBa,0,1.0,0.6666666666666666,0.6666666666666666,0.3333333333333333,0.0,-0.3333333333333333,0.0,0.3333333333333333,0.0,-0.3333333333333333,0.3333333333333333,0.6666666666666666,3,0,0
llama31_instruct,10,maximin,rule,CoCh,0,1.0,0.6666666666666666,0.0,0.3333333333333333,-0.6666666666666666,-0.3333333333333333,0.6666666666666666,0.3333333333333333,-0.6666666666666666,-0.3333333333333333,-0.3333333333333333,0.6666666666666666,3,2,0
llama31_instruct,10,maximin,rule,CoCo,0,1.0,0.6666666666666666,0.3333333333333333,0.6666666666666666,-0.3333333333333333,0.0,0.3333333333333333,0.0,-0.3333333333333333,0.0,-0.3333333333333333,0.6666666666666666,3,1,0
llama31_instruct,10,maximin,rule,CoSh,0,1.0,0.6666666666666666,1.0,0.6666666666666666,0.33333333333333337,0.0,0.33333333333333337,0.0,0.33333333333333337,0.0,0.33333333333333337,0.6666666666666666,3,1,1
llama31_instruct,10,maximin,rule,DlAs,1,-2.0,0.3333333333333333,0.3333333333333333,0.3333333333333333,0.0,0.0,0.0,0.0,-0.0,-0.0,-0.0,0.6666666666666667,3,0,0
llama31_instruct,10,maximin,rule,DlBa,1,-2.0,1.0,1.0,0.3333333333333333,0.0,-0.6666666666666667,0.0,0.6666666666666667,-0.0,0.6666666666666667,-0.6666666666666667,0.0,3,0,0
llama31_instruct,10,maximin,rule,DlCh,1,-2.0,1.0,0.6666666666666666,0.3333333333333333,-0.33333333333333337,-0.6666666666666667,0.33333333333333337,0.6666666666666667,0.33333333333333337,0.6666666666666667,-0.33333333333333337,0.0,3,1,1
llama31_instruct,10,maximin,rule,DlCm,1,-2.0,0.6666666666666666,0.6666666666666666,0.3333333333333333,0.0,-0.3333333333333333,0.0,0.3333333333333333,-0.0,0.3333333333333333,-0.3333333333333333,0.33333333333333337,3,0,0
llama31_instruct,10,maximin,rule,DlCo,1,-2.0,0.6666666666666666,0.6666666666666666,0.6666666666666666,0.0,0.0,0.0,0.0,-0.0,-0.0,-0.0,0.33333333333333337,3,0,0
llama31_instruct,10,maximin,rule,DlDl,1,-2.0,1.0,0.3333333333333333,0.6666666666666666,-0.6666666666666667,-0.33333333333333337,0.6666666666666667,0.33333333333333337,0.6666666666666667,0.33333333333333337,0.33333333333333337,0.0,3,2,2
llama31_instruct,10,maximin,rule,DlHa,1,-2.0,0.6666666666666666,0.3333333333333333,0.6666666666666666,-0.3333333333333333,0.0,0.3333333333333333,0.0,0.3333333333333333,-0.0,0.3333333333333333,0.33333333333333337,3,1,1
llama31_instruct,10,maximin,rule,DlHr,1,-2.0,0.6666666666666666,0.3333333333333333,1.0,-0.3333333333333333,0.33333333333333337,0.3333333333333333,0.33333333333333337,0.3333333333333333,-0.33333333333333337,0.6666666666666667,0.33333333333333337,3,1,1
llama31_instruct,10,maximin,rule,DlNc,1,-2.0,0.6666666666666666,1.0,0.6666666666666666,0.33333333333333337,0.0,0.33333333333333337,0.0,-0.33333333333333337,-0.0,-0.33333333333333337,0.33333333333333337,3,1,0
llama31_instruct,10,maximin,rule,DlPc,1,-2.0,0.0,0.3333333333333333,0.6666666666666666,0.3333333333333333,0.6666666666666666,0.3333333333333333,0.6666666666666666,-0.3333333333333333,-0.6666666666666666,0.3333333333333333,1.0,3,1,0
llama31_instruct,10,maximin,rule,DlPd,1,-2.0,0.3333333333333333,0.3333333333333333,0.3333333333333333,0.0,0.0,0.0,0.0,-0.0,-0.0,-0.0,0.6666666666666667,3,0,0
llama31_instruct,10,maximin,rule,DlSh,1,-2.0,1.0,1.0,0.3333333333333333,0.0,-0.6666666666666667,0.0,0.6666666666666667,-0.0,0.6666666666666667,-0.6666666666666667,0.0,3,0,0
llama31_instruct,10,maximin,rule,HaAs,0,2.0,1.0,1.0,0.6666666666666666,0.0,-0.33333333333333337,0.0,0.33333333333333337,0.0,-0.33333333333333337,0.33333333333333337,1.0,3,0,0
llama31_instruct,10,maximin,rule,HaBa,0,2.0,0.6666666666666666,0.6666666666666666,0.3333333333333333,0.0,-0.3333333333333333,0.0,0.3333333333333333,0.0,-0.3333333333333333,0.3333333333333333,0.6666666666666666,3,0,0
llama31_instruct,10,maximin,rule,HaCh,0,2.0,1.0,1.0,0.6666666666666666,0.0,-0.33333333333333337,0.0,0.33333333333333337,0.0,-0.33333333333333337,0.33333333333333337,1.0,3,0,0
llama31_instruct,10,maximin,rule,HaCm,0,2.0,0.6666666666666666,0.3333333333333333,0.6666666666666666,-0.3333333333333333,0.0,0.3333333333333333,0.0,-0.3333333333333333,0.0,-0.3333333333333333,0.6666666666666666,3,1,0
llama31_instruct,10,maximin,rule,HaCo,0,2.0,1.0,1.0,0.3333333333333333,0.0,-0.6666666666666667,0.0,0.6666666666666667,0.0,-0.6666666666666667,0.6666666666666667,1.0,3,0,0
llama31_instruct,10,maximin,rule,HaHa,0,2.0,0.6666666666666666,0.6666666666666666,0.3333333333333333,0.0,-0.3333333333333333,0.0,0.3333333333333333,0.0,-0.3333333333333333,0.3333333333333333,0.6666666666666666,3,2,1
llama31_instruct,10,maximin,rule,HaHr,0,2.0,0.6666666666666666,0.6666666666666666,0.6666666666666666,0.0,0.0,0.0,0.0,0.0,0.0,0.0,0.6666666666666666,3,0,0
llama31_instruct,10,maximin,rule,HaNc,0,2.0,1.0,1.0,0.3333333333333333,0.0,-0.6666666666666667,0.0,0.6666666666666667,0.0,-0.6666666666666667,0.6666666666666667,1.0,3,0,0
llama31_instruct,10,maximin,rule,HaPc,0,2.0,1.0,0.6666666666666666,0.3333333333333333,-0.33333333333333337,-0.6666666666666667,0.33333333333333337,0.6666666666666667,-0.33333333333333337,-0.6666666666666667,0.33333333333333337,1.0,3,1,0
llama31_instruct,10,maximin,rule,HaPd,0,2.0,0.6666666666666666,0.6666666666666666,0.3333333333333333,0.0,-0.3333333333333333,0.0,0.3333333333333333,0.0,-0.3333333333333333,0.3333333333333333,0.6666666666666666,3,0,0
llama31_instruct,10,maximin,rule,HaSh,0,2.0,1.0,1.0,0.6666666666666666,0.0,-0.33333333333333337,0.0,0.33333333333333337,0.0,-0.33333333333333337,0.33333333333333337,1.0,3,0,0
llama31_instruct,10,maximin,rule,HrAs,1,-1.0,1.0,0.6666666666666666,0.6666666666666666,-0.33333333333333337,-0.33333333333333337,0.33333333333333337,0.33333333333333337,0.33333333333333337,0.33333333333333337,-0.0,0.0,3,1,1
llama31_instruct,10,maximin,rule,HrBa,1,-1.0,0.6666666666666666,0.3333333333333333,0.3333333333333333,-0.3333333333333333,-0.3333333333333333,0.3333333333333333,0.3333333333333333,0.3333333333333333,0.3333333333333333,-0.0,0.33333333333333337,3,1,1
llama31_instruct,10,maximin,rule,HrCh,1,-1.0,1.0,0.6666666666666666,0.6666666666666666,-0.33333333333333337,-0.33333333333333337,0.33333333333333337,0.33333333333333337,0.33333333333333337,0.33333333333333337,-0.0,0.0,3,1,1
llama31_instruct,10,maximin,rule,HrCo,1,-1.0,1.0,0.6666666666666666,0.3333333333333333,-0.33333333333333337,-0.6666666666666667,0.33333333333333337,0.6666666666666667,0.33333333333333337,0.6666666666666667,-0.33333333333333337,0.0,3,1,1
llama31_instruct,10,maximin,rule,HrHr,1,-1.0,1.0,0.6666666666666666,0.6666666666666666,-0.33333333333333337,-0.33333333333333337,0.33333333333333337,0.33333333333333337,0.33333333333333337,0.33333333333333337,-0.0,0.0,3,1,1
llama31_instruct,10,maximin,rule,HrSh,1,-1.0,1.0,1.0,0.3333333333333333,0.0,-0.6666666666666667,0.0,0.6666666666666667,-0.0,0.6666666666666667,-0.6666666666666667,0.0,3,0,0
llama31_instruct,10,maximin,rule,NcAs,0,1.0,1.0,0.6666666666666666,0.6666666666666666,-0.33333333333333337,-0.33333333333333337,0.33333333333333337,0.33333333333333337,-0.33333333333333337,-0.33333333333333337,0.0,1.0,3,1,0
llama31_instruct,10,maximin,rule,NcBa,0,1.0,1.0,0.6666666666666666,1.0,-0.33333333333333337,0.0,0.33333333333333337,0.0,-0.33333333333333337,0.0,-0.33333333333333337,1.0,3,1,0
llama31_instruct,10,maximin,rule,NcCh,0,1.0,0.6666666666666666,0.6666666666666666,0.6666666666666666,0.0,0.0,0.0,0.0,0.0,0.0,0.0,0.6666666666666666,3,0,0
llama31_instruct,10,maximin,rule,NcCo,0,1.0,1.0,1.0,0.6666666666666666,0.0,-0.33333333333333337,0.0,0.33333333333333337,0.0,-0.33333333333333337,0.33333333333333337,1.0,3,0,0
llama31_instruct,10,maximin,rule,NcHr,0,1.0,0.3333333333333333,0.3333333333333333,0.3333333333333333,0.0,0.0,0.0,0.0,0.0,0.0,0.0,0.3333333333333333,3,2,1
llama31_instruct,10,maximin,rule,NcNc,0,1.0,0.6666666666666666,0.6666666666666666,0.6666666666666666,0.0,0.0,0.0,0.0,0.0,0.0,0.0,0.6666666666666666,3,0,0
llama31_instruct,10,maximin,rule,NcPd,0,1.0,1.0,0.6666666666666666,0.3333333333333333,-0.33333333333333337,-0.6666666666666667,0.33333333333333337,0.6666666666666667,-0.33333333333333337,-0.6666666666666667,0.33333333333333337,1.0,3,1,0
llama31_instruct,10,maximin,rule,NcSh,0,1.0,0.6666666666666666,1.0,0.6666666666666666,0.33333333333333337,0.0,0.33333333333333337,0.0,0.33333333333333337,0.0,0.33333333333333337,0.6666666666666666,3,1,1
llama31_instruct,10,maximin,rule,PcAs,0,2.0,0.6666666666666666,0.6666666666666666,0.3333333333333333,0.0,-0.3333333333333333,0.0,0.3333333333333333,0.0,-0.3333333333333333,0.3333333333333333,0.6666666666666666,3,0,0
llama31_instruct,10,maximin,rule,PcBa,0,2.0,1.0,0.6666666666666666,0.3333333333333333,-0.33333333333333337,-0.6666666666666667,0.33333333333333337,0.6666666666666667,-0.33333333333333337,-0.6666666666666667,0.33333333333333337,1.0,3,1,0
llama31_instruct,10,maximin,rule,PcCh,0,2.0,0.6666666666666666,1.0,0.6666666666666666,0.33333333333333337,0.0,0.33333333333333337,0.0,0.33333333333333337,0.0,0.33333333333333337,0.6666666666666666,3,1,1
llama31_instruct,10,maximin,rule,PcCo,0,2.0,1.0,1.0,0.6666666666666666,0.0,-0.33333333333333337,0.0,0.33333333333333337,0.0,-0.33333333333333337,0.33333333333333337,1.0,3,0,0
llama31_instruct,10,maximin,rule,PcHr,0,2.0,1.0,1.0,0.3333333333333333,0.0,-0.6666666666666667,0.0,0.6666666666666667,0.0,-0.6666666666666667,0.6666666666666667,1.0,3,0,0
llama31_instruct,10,maximin,rule,PcNc,0,2.0,0.6666666666666666,1.0,0.3333333333333333,0.33333333333333337,-0.3333333333333333,0.33333333333333337,0.3333333333333333,0.33333333333333337,-0.3333333333333333,0.6666666666666667,0.6666666666666666,3,1,1
llama31_instruct,10,maximin,rule,PcPc,0,2.0,1.0,0.6666666666666666,0.6666666666666666,-0.33333333333333337,-0.33333333333333337,0.33333333333333337,0.33333333333333337,-0.33333333333333337,-0.33333333333333337,0.0,1.0,3,1,0
llama31_instruct,10,maximin,rule,PcPd,0,2.0,0.6666666666666666,0.3333333333333333,0.3333333333333333,-0.3333333333333333,-0.3333333333333333,0.3333333333333333,0.3333333333333333,-0.3333333333333333,-0.3333333333333333,0.0,0.6666666666666666,3,1,0
llama31_instruct,10,maximin,rule,PcSh,0,2.0,1.0,0.6666666666666666,0.6666666666666666,-0.33333333333333337,-0.33333333333333337,0.33333333333333337,0.33333333333333337,-0.33333333333333337,-0.33333333333333337,0.0,1.0,3,1,0
llama31_instruct,10,maximin,rule,PdAs,1,-1.0,0.6666666666666666,0.3333333333333333,0.3333333333333333,-0.3333333333333333,-0.3333333333333333,0.3333333333333333,0.3333333333333333,0.3333333333333333,0.3333333333333333,-0.0,0.33333333333333337,3,1,1
llama31_instruct,10,maximin,rule,PdBa,1,-1.0,1.0,1.0,0.6666666666666666,0.0,-0.33333333333333337,0.0,0.33333333333333337,-0.0,0.33333333333333337,-0.33333333333333337,0.0,3,0,0
llama31_instruct,10,maximin,rule,PdCh,1,-1.0,1.0,0.6666666666666666,0.3333333333333333,-0.33333333333333337,-0.6666666666666667,0.33333333333333337,0.6666666666666667,0.33333333333333337,0.6666666666666667,-0.33333333333333337,0.0,3,1,1
llama31_instruct,10,maximin,rule,PdCo,1,-1.0,0.6666666666666666,0.6666666666666666,0.6666666666666666,0.0,0.0,0.0,0.0,-0.0,-0.0,-0.0,0.33333333333333337,3,0,0
llama31_instruct,10,maximin,rule,PdHr,1,-1.0,1.0,0.6666666666666666,0.6666666666666666,-0.33333333333333337,-0.33333333333333337,0.33333333333333337,0.33333333333333337,0.33333333333333337,0.33333333333333337,-0.0,0.0,3,1,1
llama31_instruct,10,maximin,rule,PdSh,1,-1.0,0.6666666666666666,0.6666666666666666,0.3333333333333333,0.0,-0.3333333333333333,0.0,0.3333333333333333,-0.0,0.3333333333333333,-0.3333333333333333,0.33333333333333337,3,0,0
llama31_instruct,10,maximin,rule,ShAs,1,-1.0,0.3333333333333333,0.3333333333333333,0.3333333333333333,0.0,0.0,0.0,0.0,-0.0,-0.0,-0.0,0.6666666666666667,3,0,0
llama31_instruct,10,maximin,rule,ShBa,1,-1.0,1.0,0.6666666666666666,0.3333333333333333,-0.33333333333333337,-0.6666666666666667,0.33333333333333337,0.6666666666666667,0.33333333333333337,0.6666666666666667,-0.33333333333333337,0.0,3,1,1
llama31_instruct,10,maximin,rule,ShCh,1,-1.0,0.6666666666666666,0.6666666666666666,0.3333333333333333,0.0,-0.3333333333333333,0.0,0.3333333333333333,-0.0,0.3333333333333333,-0.3333333333333333,0.33333333333333337,3,0,0
llama31_instruct,10,maximin,rule,ShSh,1,-1.0,1.0,1.0,1.0,0.0,0.0,0.0,0.0,-0.0,-0.0,-0.0,0.0,3,0,0
llama31_instruct,10,level1,rule,CmAs,1,-2.0,0.6666666666666666,0.6666666666666666,0.3333333333333333,0.0,-0.3333333333333333,0.0,0.3333333333333333,-0.0,0.3333333333333333,-0.3333333333333333,0.33333333333333337,3,2,1
llama31_instruct,10,level1,rule,CmBa,1,-2.0,1.0,1.0,1.0,0.0,0.0,0.0,0.0,-0.0,-0.0,-0.0,0.0,3,0,0
llama31_instruct,10,level1,rule,CmCh,1,-2.0,1.0,1.0,0.6666666666666666,0.0,-0.33333333333333337,0.0,0.33333333333333337,-0.0,0.33333333333333337,-0.33333333333333337,0.0,3,0,0
llama31_instruct,10,level1,rule,CmCm,1,-2.0,1.0,0.6666666666666666,0.3333333333333333,-0.33333333333333337,-0.6666666666666667,0.33333333333333337,0.6666666666666667,0.33333333333333337,0.6666666666666667,-0.33333333333333337,0.0,3,1,1
llama31_instruct,10,level1,rule,CmCo,1,-2.0,0.3333333333333333,0.6666666666666666,0.3333333333333333,0.3333333333333333,0.0,0.3333333333333333,0.0,-0.3333333333333333,-0.0,-0.3333333333333333,0.6666666666666667,3,1,0
llama31_instruct,10,level1,rule,CmHr,1,-2.0,0.6666666666666666,0.3333333333333333,0.3333333333333333,-0.3333333333333333,-0.3333333333333333,0.3333333333333333,0.3333333333333333,0.3333333333333333,0.3333333333333333,-0.0,0.33333333333333337,3,1,1
llama31_instruct,10,level1,rule,CmNc,1,-2.0,0.6666666666666666,0.3333333333333333,0.3333333333333333,-0.3333333333333333,-0.3333333333333333,0.3333333333333333,0.3333333333333333,0.3333333333333333,0.3333333333333333,-0.0,0.33333333333333337,3,3,2
llama31_instruct,10,level1,rule,CmPc,1,-2.0,1.0,1.0,0.6666666666666666,0.0,-0.33333333333333337,0.0,0.33333333333333337,-0.0,0.33333333333333337,-0.33333333333333337,0.0,3,0,0
llama31_instruct,10,level1,rule,CmPd,1,-2.0,0.6666666666666666,0.6666666666666666,0.6666666666666666,0.0,0.0,0.0,0.0,-0.0,-0.0,-0.0,0.33333333333333337,3,0,0
llama31_instruct,10,level1,rule,CmSh,1,-2.0,1.0,0.6666666666666666,0.3333333333333333,-0.33333333333333337,-0.6666666666666667,0.33333333333333337,0.6666666666666667,0.33333333333333337,0.6666666666666667,-0.33333333333333337,0.0,3,1,1
llama31_instruct,10,level1,rule,CoAs,0,1.0,0.0,0.3333333333333333,0.3333333333333333,0.3333333333333333,0.3333333333333333,0.3333333333333333,0.3333333333333333,0.3333333333333333,0.3333333333333333,0.0,0.0,3,1,1
llama31_instruct,10,level1,rule,CoBa,0,1.0,0.6666666666666666,0.6666666666666666,0.3333333333333333,0.0,-0.3333333333333333,0.0,0.3333333333333333,0.0,-0.3333333333333333,0.3333333333333333,0.6666666666666666,3,0,0
llama31_instruct,10,level1,rule,CoCh,0,1.0,0.6666666666666666,0.6666666666666666,0.3333333333333333,0.0,-0.3333333333333333,0.0,0.3333333333333333,0.0,-0.3333333333333333,0.3333333333333333,0.6666666666666666,3,2,1
llama31_instruct,10,level1,rule,CoCo,0,1.0,0.6666666666666666,0.3333333333333333,0.6666666666666666,-0.3333333333333333,0.0,0.3333333333333333,0.0,-0.3333333333333333,0.0,-0.3333333333333333,0.6666666666666666,3,1,0
llama31_instruct,10,level1,rule,CoSh,0,1.0,0.6666666666666666,0.6666666666666666,0.6666666666666666,0.0,0.0,0.0,0.0,0.0,0.0,0.0,0.6666666666666666,3,0,0
llama31_instruct,10,level1,rule,DlAs,1,-2.0,0.3333333333333333,0.3333333333333333,0.3333333333333333,0.0,0.0,0.0,0.0,-0.0,-0.0,-0.0,0.6666666666666667,3,0,0
llama31_instruct,10,level1,rule,DlBa,1,-2.0,1.0,0.6666666666666666,0.3333333333333333,-0.33333333333333337,-0.6666666666666667,0.33333333333333337,0.6666666666666667,0.33333333333333337,0.6666666666666667,-0.33333333333333337,0.0,3,1,1
llama31_instruct,10,level1,rule,DlCh,1,-2.0,1.0,1.0,0.3333333333333333,0.0,-0.6666666666666667,0.0,0.6666666666666667,-0.0,0.6666666666666667,-0.6666666666666667,0.0,3,0,0
llama31_instruct,10,level1,rule,DlCm,1,-2.0,0.6666666666666666,0.6666666666666666,0.3333333333333333,0.0,-0.3333333333333333,0.0,0.3333333333333333,-0.0,0.3333333333333333,-0.3333333333333333,0.33333333333333337,3,0,0
llama31_instruct,10,level1,rule,DlCo,1,-2.0,0.6666666666666666,0.6666666666666666,0.6666666666666666,0.0,0.0,0.0,0.0,-0.0,-0.0,-0.0,0.33333333333333337,3,0,0
llama31_instruct,10,level1,rule,DlDl,1,-2.0,1.0,0.6666666666666666,0.6666666666666666,-0.33333333333333337,-0.33333333333333337,0.33333333333333337,0.33333333333333337,0.33333333333333337,0.33333333333333337,-0.0,0.0,3,1,1
llama31_instruct,10,level1,rule,DlHa,1,-2.0,0.6666666666666666,1.0,0.6666666666666666,0.33333333333333337,0.0,0.33333333333333337,0.0,-0.33333333333333337,-0.0,-0.33333333333333337,0.33333333333333337,3,1,0
llama31_instruct,10,level1,rule,DlHr,1,-2.0,0.6666666666666666,1.0,1.0,0.33333333333333337,0.33333333333333337,0.33333333333333337,0.33333333333333337,-0.33333333333333337,-0.33333333333333337,-0.0,0.33333333333333337,3,1,0
llama31_instruct,10,level1,rule,DlNc,1,-2.0,0.6666666666666666,0.6666666666666666,0.6666666666666666,0.0,0.0,0.0,0.0,-0.0,-0.0,-0.0,0.33333333333333337,3,0,0
llama31_instruct,10,level1,rule,DlPc,1,-2.0,0.0,1.0,0.6666666666666666,1.0,0.6666666666666666,1.0,0.6666666666666666,-1.0,-0.6666666666666666,-0.33333333333333337,1.0,3,3,0
llama31_instruct,10,level1,rule,DlPd,1,-2.0,0.3333333333333333,0.3333333333333333,0.3333333333333333,0.0,0.0,0.0,0.0,-0.0,-0.0,-0.0,0.6666666666666667,3,0,0
llama31_instruct,10,level1,rule,DlSh,1,-2.0,1.0,0.6666666666666666,0.3333333333333333,-0.33333333333333337,-0.6666666666666667,0.33333333333333337,0.6666666666666667,0.33333333333333337,0.6666666666666667,-0.33333333333333337,0.0,3,1,1
llama31_instruct,10,level1,rule,HaAs,0,2.0,1.0,1.0,0.6666666666666666,0.0,-0.33333333333333337,0.0,0.33333333333333337,0.0,-0.33333333333333337,0.33333333333333337,1.0,3,0,0
llama31_instruct,10,level1,rule,HaBa,0,2.0,0.6666666666666666,0.3333333333333333,0.3333333333333333,-0.3333333333333333,-0.3333333333333333,0.3333333333333333,0.3333333333333333,-0.3333333333333333,-0.3333333333333333,0.0,0.6666666666666666,3,1,0
llama31_instruct,10,level1,rule,HaCh,0,2.0,1.0,1.0,0.6666666666666666,0.0,-0.33333333333333337,0.0,0.33333333333333337,0.0,-0.33333333333333337,0.33333333333333337,1.0,3,0,0
llama31_instruct,10,level1,rule,HaCm,0,2.0,0.6666666666666666,0.6666666666666666,0.6666666666666666,0.0,0.0,0.0,0.0,0.0,0.0,0.0,0.6666666666666666,3,0,0
llama31_instruct,10,level1,rule,HaCo,0,2.0,1.0,0.6666666666666666,0.3333333333333333,-0.33333333333333337,-0.6666666666666667,0.33333333333333337,0.6666666666666667,-0.33333333333333337,-0.6666666666666667,0.33333333333333337,1.0,3,1,0
llama31_instruct,10,level1,rule,HaHa,0,2.0,0.6666666666666666,0.3333333333333333,0.3333333333333333,-0.3333333333333333,-0.3333333333333333,0.3333333333333333,0.3333333333333333,-0.3333333333333333,-0.3333333333333333,0.0,0.6666666666666666,3,3,1
llama31_instruct,10,level1,rule,HaHr,0,2.0,0.6666666666666666,0.6666666666666666,0.6666666666666666,0.0,0.0,0.0,0.0,0.0,0.0,0.0,0.6666666666666666,3,0,0
llama31_instruct,10,level1,rule,HaNc,0,2.0,1.0,0.3333333333333333,0.3333333333333333,-0.6666666666666667,-0.6666666666666667,0.6666666666666667,0.6666666666666667,-0.6666666666666667,-0.6666666666666667,0.0,1.0,3,2,0
llama31_instruct,10,level1,rule,HaPc,0,2.0,1.0,0.3333333333333333,0.3333333333333333,-0.6666666666666667,-0.6666666666666667,0.6666666666666667,0.6666666666666667,-0.6666666666666667,-0.6666666666666667,0.0,1.0,3,2,0
llama31_instruct,10,level1,rule,HaPd,0,2.0,0.6666666666666666,0.3333333333333333,0.3333333333333333,-0.3333333333333333,-0.3333333333333333,0.3333333333333333,0.3333333333333333,-0.3333333333333333,-0.3333333333333333,0.0,0.6666666666666666,3,1,0
llama31_instruct,10,level1,rule,HaSh,0,2.0,1.0,0.6666666666666666,0.6666666666666666,-0.33333333333333337,-0.33333333333333337,0.33333333333333337,0.33333333333333337,-0.33333333333333337,-0.33333333333333337,0.0,1.0,3,1,0
llama31_instruct,10,level1,rule,HrAs,1,-1.0,1.0,0.6666666666666666,0.6666666666666666,-0.33333333333333337,-0.33333333333333337,0.33333333333333337,0.33333333333333337,0.33333333333333337,0.33333333333333337,-0.0,0.0,3,1,1
llama31_instruct,10,level1,rule,HrBa,1,-1.0,0.6666666666666666,0.3333333333333333,0.3333333333333333,-0.3333333333333333,-0.3333333333333333,0.3333333333333333,0.3333333333333333,0.3333333333333333,0.3333333333333333,-0.0,0.33333333333333337,3,1,1
llama31_instruct,10,level1,rule,HrCh,1,-1.0,1.0,1.0,0.6666666666666666,0.0,-0.33333333333333337,0.0,0.33333333333333337,-0.0,0.33333333333333337,-0.33333333333333337,0.0,3,0,0
llama31_instruct,10,level1,rule,HrCo,1,-1.0,1.0,0.3333333333333333,0.3333333333333333,-0.6666666666666667,-0.6666666666666667,0.6666666666666667,0.6666666666666667,0.6666666666666667,0.6666666666666667,-0.0,0.0,3,2,2
llama31_instruct,10,level1,rule,HrHr,1,-1.0,1.0,0.6666666666666666,0.6666666666666666,-0.33333333333333337,-0.33333333333333337,0.33333333333333337,0.33333333333333337,0.33333333333333337,0.33333333333333337,-0.0,0.0,3,1,1
llama31_instruct,10,level1,rule,HrSh,1,-1.0,1.0,0.6666666666666666,0.3333333333333333,-0.33333333333333337,-0.6666666666666667,0.33333333333333337,0.6666666666666667,0.33333333333333337,0.6666666666666667,-0.33333333333333337,0.0,3,1,1
llama31_instruct,10,level1,rule,NcAs,0,1.0,1.0,0.6666666666666666,0.6666666666666666,-0.33333333333333337,-0.33333333333333337,0.33333333333333337,0.33333333333333337,-0.33333333333333337,-0.33333333333333337,0.0,1.0,3,1,0
llama31_instruct,10,level1,rule,NcBa,0,1.0,1.0,1.0,1.0,0.0,0.0,0.0,0.0,0.0,0.0,0.0,1.0,3,0,0
llama31_instruct,10,level1,rule,NcCh,0,1.0,0.6666666666666666,0.6666666666666666,0.6666666666666666,0.0,0.0,0.0,0.0,0.0,0.0,0.0,0.6666666666666666,3,0,0
llama31_instruct,10,level1,rule,NcCo,0,1.0,1.0,0.6666666666666666,0.6666666666666666,-0.33333333333333337,-0.33333333333333337,0.33333333333333337,0.33333333333333337,-0.33333333333333337,-0.33333333333333337,0.0,1.0,3,1,0
llama31_instruct,10,level1,rule,NcHr,0,1.0,0.3333333333333333,0.3333333333333333,0.3333333333333333,0.0,0.0,0.0,0.0,0.0,0.0,0.0,0.3333333333333333,3,2,1
llama31_instruct,10,level1,rule,NcNc,0,1.0,0.6666666666666666,0.6666666666666666,0.6666666666666666,0.0,0.0,0.0,0.0,0.0,0.0,0.0,0.6666666666666666,3,0,0
llama31_instruct,10,level1,rule,NcPd,0,1.0,1.0,1.0,0.3333333333333333,0.0,-0.6666666666666667,0.0,0.6666666666666667,0.0,-0.6666666666666667,0.6666666666666667,1.0,3,0,0
llama31_instruct,10,level1,rule,NcSh,0,1.0,0.6666666666666666,0.6666666666666666,0.6666666666666666,0.0,0.0,0.0,0.0,0.0,0.0,0.0,0.6666666666666666,3,0,0
llama31_instruct,10,level1,rule,PcAs,0,2.0,0.6666666666666666,0.6666666666666666,0.3333333333333333,0.0,-0.3333333333333333,0.0,0.3333333333333333,0.0,-0.3333333333333333,0.3333333333333333,0.6666666666666666,3,0,0
llama31_instruct,10,level1,rule,PcBa,0,2.0,1.0,0.3333333333333333,0.3333333333333333,-0.6666666666666667,-0.6666666666666667,0.6666666666666667,0.6666666666666667,-0.6666666666666667,-0.6666666666666667,0.0,1.0,3,2,0
llama31_instruct,10,level1,rule,PcCh,0,2.0,0.6666666666666666,0.6666666666666666,0.6666666666666666,0.0,0.0,0.0,0.0,0.0,0.0,0.0,0.6666666666666666,3,2,1
llama31_instruct,10,level1,rule,PcCo,0,2.0,1.0,0.6666666666666666,0.6666666666666666,-0.33333333333333337,-0.33333333333333337,0.33333333333333337,0.33333333333333337,-0.33333333333333337,-0.33333333333333337,0.0,1.0,3,1,0
llama31_instruct,10,level1,rule,PcHr,0,2.0,1.0,0.3333333333333333,0.3333333333333333,-0.6666666666666667,-0.6666666666666667,0.6666666666666667,0.6666666666666667,-0.6666666666666667,-0.6666666666666667,0.0,1.0,3,2,0
llama31_instruct,10,level1,rule,PcNc,0,2.0,0.6666666666666666,0.6666666666666666,0.3333333333333333,0.0,-0.3333333333333333,0.0,0.3333333333333333,0.0,-0.3333333333333333,0.3333333333333333,0.6666666666666666,3,0,0
llama31_instruct,10,level1,rule,PcPc,0,2.0,1.0,0.3333333333333333,0.6666666666666666,-0.6666666666666667,-0.33333333333333337,0.6666666666666667,0.33333333333333337,-0.6666666666666667,-0.33333333333333337,-0.33333333333333337,1.0,3,2,0
llama31_instruct,10,level1,rule,PcPd,0,2.0,0.6666666666666666,0.6666666666666666,0.3333333333333333,0.0,-0.3333333333333333,0.0,0.3333333333333333,0.0,-0.3333333333333333,0.3333333333333333,0.6666666666666666,3,0,0
llama31_instruct,10,level1,rule,PcSh,0,2.0,1.0,0.6666666666666666,0.6666666666666666,-0.33333333333333337,-0.33333333333333337,0.33333333333333337,0.33333333333333337,-0.33333333333333337,-0.33333333333333337,0.0,1.0,3,1,0
llama31_instruct,10,level1,rule,PdAs,1,-1.0,0.6666666666666666,0.6666666666666666,0.3333333333333333,0.0,-0.3333333333333333,0.0,0.3333333333333333,-0.0,0.3333333333333333,-0.3333333333333333,0.33333333333333337,3,0,0
llama31_instruct,10,level1,rule,PdBa,1,-1.0,1.0,0.6666666666666666,0.6666666666666666,-0.33333333333333337,-0.33333333333333337,0.33333333333333337,0.33333333333333337,0.33333333333333337,0.33333333333333337,-0.0,0.0,3,1,1
llama31_instruct,10,level1,rule,PdCh,1,-1.0,1.0,0.6666666666666666,0.3333333333333333,-0.33333333333333337,-0.6666666666666667,0.33333333333333337,0.6666666666666667,0.33333333333333337,0.6666666666666667,-0.33333333333333337,0.0,3,1,1
llama31_instruct,10,level1,rule,PdCo,1,-1.0,0.6666666666666666,0.6666666666666666,0.6666666666666666,0.0,0.0,0.0,0.0,-0.0,-0.0,-0.0,0.33333333333333337,3,0,0
llama31_instruct,10,level1,rule,PdHr,1,-1.0,1.0,1.0,0.6666666666666666,0.0,-0.33333333333333337,0.0,0.33333333333333337,-0.0,0.33333333333333337,-0.33333333333333337,0.0,3,0,0
llama31_instruct,10,level1,rule,PdSh,1,-1.0,0.6666666666666666,0.3333333333333333,0.3333333333333333,-0.3333333333333333,-0.3333333333333333,0.3333333333333333,0.3333333333333333,0.3333333333333333,0.3333333333333333,-0.0,0.33333333333333337,3,1,1
llama31_instruct,10,level2,rule,CmCm,1,-1.0,1.0,0.3333333333333333,0.3333333333333333,-0.6666666666666667,-0.6666666666666667,0.6666666666666667,0.6666666666666667,0.6666666666666667,0.6666666666666667,-0.0,0.0,3,2,2
llama31_instruct,10,level2,rule,CmCo,1,-3.0,0.3333333333333333,0.3333333333333333,0.3333333333333333,0.0,0.0,0.0,0.0,-0.0,-0.0,-0.0,0.6666666666666667,3,2,1
llama31_instruct,10,level2,rule,CmHr,1,-1.0,0.6666666666666666,0.3333333333333333,0.3333333333333333,-0.3333333333333333,-0.3333333333333333,0.3333333333333333,0.3333333333333333,0.3333333333333333,0.3333333333333333,-0.0,0.33333333333333337,3,1,1
llama31_instruct,10,level2,rule,CmNc,1,-3.0,0.6666666666666666,0.3333333333333333,0.3333333333333333,-0.3333333333333333,-0.3333333333333333,0.3333333333333333,0.3333333333333333,0.3333333333333333,0.3333333333333333,-0.0,0.33333333333333337,3,3,2
llama31_instruct,10,level2,rule,CmPc,1,-3.0,1.0,0.3333333333333333,0.6666666666666666,-0.6666666666666667,-0.33333333333333337,0.6666666666666667,0.33333333333333337,0.6666666666666667,0.33333333333333337,0.33333333333333337,0.0,3,2,2
llama31_instruct,10,level2,rule,CmPd,1,-1.0,0.6666666666666666,0.3333333333333333,0.6666666666666666,-0.3333333333333333,0.0,0.3333333333333333,0.0,0.3333333333333333,-0.0,0.3333333333333333,0.33333333333333337,3,1,1
llama31_instruct,10,level2,rule,CoCo,0,3.0,0.6666666666666666,0.3333333333333333,0.6666666666666666,-0.3333333333333333,0.0,0.3333333333333333,0.0,-0.3333333333333333,0.0,-0.3333333333333333,0.6666666666666666,3,3,1
llama31_instruct,10,level2,rule,DlCm,1,-2.0,0.6666666666666666,0.3333333333333333,0.3333333333333333,-0.3333333333333333,-0.3333333333333333,0.3333333333333333,0.3333333333333333,0.3333333333333333,0.3333333333333333,-0.0,0.33333333333333337,3,1,1
llama31_instruct,10,level2,rule,DlCo,1,-2.0,0.6666666666666666,0.3333333333333333,0.6666666666666666,-0.3333333333333333,0.0,0.3333333333333333,0.0,0.3333333333333333,-0.0,0.3333333333333333,0.33333333333333337,3,1,1
llama31_instruct,10,level2,rule,DlDl,1,-2.0,1.0,0.3333333333333333,0.6666666666666666,-0.6666666666666667,-0.33333333333333337,0.6666666666666667,0.33333333333333337,0.6666666666666667,0.33333333333333337,0.33333333333333337,0.0,3,2,2
llama31_instruct,10,level2,rule,DlHa,1,-2.0,0.6666666666666666,0.3333333333333333,0.6666666666666666,-0.3333333333333333,0.0,0.3333333333333333,0.0,0.3333333333333333,-0.0,0.3333333333333333,0.33333333333333337,3,1,1
llama31_instruct,10,level2,rule,DlHr,1,-2.0,0.6666666666666666,0.3333333333333333,1.0,-0.3333333333333333,0.33333333333333337,0.3333333333333333,0.33333333333333337,0.3333333333333333,-0.33333333333333337,0.6666666666666667,0.33333333333333337,3,3,2
llama31_instruct,10,level2,rule,DlNc,1,-2.0,0.6666666666666666,0.3333333333333333,0.6666666666666666,-0.3333333333333333,0.0,0.3333333333333333,0.0,0.3333333333333333,-0.0,0.3333333333333333,0.33333333333333337,3,1,1
llama31_instruct,10,level2,rule,DlPc,1,-2.0,0.0,0.3333333333333333,0.6666666666666666,0.3333333333333333,0.6666666666666666,0.3333333333333333,0.6666666666666666,-0.3333333333333333,-0.6666666666666666,0.3333333333333333,1.0,3,1,0
llama31_instruct,10,level2,rule,DlPd,1,-2.0,0.3333333333333333,0.3333333333333333,0.3333333333333333,0.0,0.0,0.0,0.0,-0.0,-0.0,-0.0,0.6666666666666667,3,0,0
llama31_instruct,10,level2,rule,HaCm,0,2.0,0.6666666666666666,0.3333333333333333,0.6666666666666666,-0.3333333333333333,0.0,0.3333333333333333,0.0,-0.3333333333333333,0.0,-0.3333333333333333,0.6666666666666666,3,1,0
llama31_instruct,10,level2,rule,HaCo,0,2.0,1.0,0.3333333333333333,0.3333333333333333,-0.6666666666666667,-0.6666666666666667,0.6666666666666667,0.6666666666666667,-0.6666666666666667,-0.6666666666666667,0.0,1.0,3,2,0
llama31_instruct,10,level2,rule,HaHa,0,2.0,0.6666666666666666,0.3333333333333333,0.3333333333333333,-0.3333333333333333,-0.3333333333333333,0.3333333333333333,0.3333333333333333,-0.3333333333333333,-0.3333333333333333,0.0,0.6666666666666666,3,3,1
llama31_instruct,10,level2,rule,HaHr,0,2.0,0.6666666666666666,0.3333333333333333,0.6666666666666666,-0.3333333333333333,0.0,0.3333333333333333,0.0,-0.3333333333333333,0.0,-0.3333333333333333,0.6666666666666666,3,1,0
llama31_instruct,10,level2,rule,HaNc,0,2.0,1.0,0.3333333333333333,0.3333333333333333,-0.6666666666666667,-0.6666666666666667,0.6666666666666667,0.6666666666666667,-0.6666666666666667,-0.6666666666666667,0.0,1.0,3,2,0
llama31_instruct,10,level2,rule,HaPc,0,2.0,1.0,0.3333333333333333,0.3333333333333333,-0.6666666666666667,-0.6666666666666667,0.6666666666666667,0.6666666666666667,-0.6666666666666667,-0.6666666666666667,0.0,1.0,3,2,0
llama31_instruct,10,level2,rule,HaPd,0,2.0,0.6666666666666666,0.3333333333333333,0.3333333333333333,-0.3333333333333333,-0.3333333333333333,0.3333333333333333,0.3333333333333333,-0.3333333333333333,-0.3333333333333333,0.0,0.6666666666666666,3,1,0
llama31_instruct,10,level2,rule,HrCo,1,-3.0,1.0,0.3333333333333333,0.3333333333333333,-0.6666666666666667,-0.6666666666666667,0.6666666666666667,0.6666666666666667,0.6666666666666667,0.6666666666666667,-0.0,0.0,3,2,2
llama31_instruct,10,level2,rule,HrHr,0,1.0,1.0,0.3333333333333333,0.6666666666666666,-0.6666666666666667,-0.33333333333333337,0.6666666666666667,0.33333333333333337,-0.6666666666666667,-0.33333333333333337,-0.33333333333333337,1.0,3,2,0
llama31_instruct,10,level2,rule,NcCo,0,1.0,1.0,0.3333333333333333,0.6666666666666666,-0.6666666666666667,-0.33333333333333337,0.6666666666666667,0.33333333333333337,-0.6666666666666667,-0.33333333333333337,-0.33333333333333337,1.0,3,2,0
llama31_instruct,10,level2,rule,NcHr,0,1.0,0.3333333333333333,0.3333333333333333,0.3333333333333333,0.0,0.0,0.0,0.0,0.0,0.0,0.0,0.3333333333333333,3,2,1
llama31_instruct,10,level2,rule,NcNc,0,1.0,0.6666666666666666,0.3333333333333333,0.6666666666666666,-0.3333333333333333,0.0,0.3333333333333333,0.0,-0.3333333333333333,0.0,-0.3333333333333333,0.6666666666666666,3,1,0
llama31_instruct,10,level2,rule,NcPd,0,1.0,1.0,0.3333333333333333,0.3333333333333333,-0.6666666666666667,-0.6666666666666667,0.6666666666666667,0.6666666666666667,-0.6666666666666667,-0.6666666666666667,0.0,1.0,3,2,0
llama31_instruct,10,level2,rule,PcCo,0,3.0,1.0,0.3333333333333333,0.6666666666666666,-0.6666666666666667,-0.33333333333333337,0.6666666666666667,0.33333333333333337,-0.6666666666666667,-0.33333333333333337,-0.33333333333333337,1.0,3,2,0
llama31_instruct,10,level2,rule,PcHr,0,1.0,1.0,0.3333333333333333,0.3333333333333333,-0.6666666666666667,-0.6666666666666667,0.6666666666666667,0.6666666666666667,-0.6666666666666667,-0.6666666666666667,0.0,1.0,3,2,0
llama31_instruct,10,level2,rule,PcNc,0,3.0,0.6666666666666666,0.3333333333333333,0.3333333333333333,-0.3333333333333333,-0.3333333333333333,0.3333333333333333,0.3333333333333333,-0.3333333333333333,-0.3333333333333333,0.0,0.6666666666666666,3,1,0
llama31_instruct,10,level2,rule,PcPc,0,3.0,1.0,0.3333333333333333,0.6666666666666666,-0.6666666666666667,-0.33333333333333337,0.6666666666666667,0.33333333333333337,-0.6666666666666667,-0.33333333333333337,-0.33333333333333337,1.0,3,2,0
llama31_instruct,10,level2,rule,PcPd,0,1.0,0.6666666666666666,0.3333333333333333,0.3333333333333333,-0.3333333333333333,-0.3333333333333333,0.3333333333333333,0.3333333333333333,-0.3333333333333333,-0.3333333333333333,0.0,0.6666666666666666,3,1,0
llama31_instruct,10,level2,rule,PdCo,1,-1.0,0.6666666666666666,0.3333333333333333,0.6666666666666666,-0.3333333333333333,0.0,0.3333333333333333,0.0,0.3333333333333333,-0.0,0.3333333333333333,0.33333333333333337,3,1,1
llama31_instruct,10,level2,rule,PdHr,1,-1.0,1.0,0.3333333333333333,0.6666666666666666,-0.6666666666666667,-0.33333333333333337,0.6666666666666667,0.33333333333333337,0.6666666666666667,0.33333333333333337,0.33333333333333337,0.0,3,2,2
gptoss,1,risk,trait,AsAs,1,-1.0,0.3333333333333333,0.3333333333333333,0.3333333333333333,0.0,0.0,0.0,0.0,-0.0,-0.0,-0.0,0.6666666666666667,3,0,0
gptoss,1,risk,trait,AsBa,1,-1.0,0.6666666666666666,0.6666666666666666,0.6666666666666666,0.0,0.0,0.0,0.0,-0.0,-0.0,-0.0,0.33333333333333337,3,0,0
gptoss,1,risk,trait,BaBa,0,1.0,0.6666666666666666,0.6666666666666666,1.0,0.0,0.33333333333333337,0.0,0.33333333333333337,0.0,0.33333333333333337,-0.33333333333333337,0.6666666666666666,3,0,0
gptoss,1,risk,trait,ChAs,0,1.0,0.3333333333333333,0.3333333333333333,0.3333333333333333,0.0,0.0,0.0,0.0,0.0,0.0,0.0,0.3333333333333333,3,0,0
gptoss,1,risk,trait,ChBa,0,1.0,0.3333333333333333,0.3333333333333333,0.3333333333333333,0.0,0.0,0.0,0.0,0.0,0.0,0.0,0.3333333333333333,3,0,0
gptoss,1,risk,trait,CmAs,1,-2.0,0.3333333333333333,0.3333333333333333,0.6666666666666666,0.0,0.3333333333333333,0.0,0.3333333333333333,-0.0,-0.3333333333333333,0.3333333333333333,0.6666666666666667,3,0,0
gptoss,1,risk,trait,CmBa,1,-2.0,0.3333333333333333,0.3333333333333333,0.3333333333333333,0.0,0.0,0.0,0.0,-0.0,-0.0,-0.0,0.6666666666666667,3,0,0
gptoss,1,risk,trait,CmCh,1,-2.0,0.3333333333333333,0.3333333333333333,0.6666666666666666,0.0,0.3333333333333333,0.0,0.3333333333333333,-0.0,-0.3333333333333333,0.3333333333333333,0.6666666666666667,3,0,0
gptoss,1,risk,trait,CmCm,1,-2.0,0.3333333333333333,0.3333333333333333,0.3333333333333333,0.0,0.0,0.0,0.0,-0.0,-0.0,-0.0,0.6666666666666667,3,0,0
gptoss,1,risk,trait,CmCo,1,-2.0,0.6666666666666666,0.6666666666666666,0.6666666666666666,0.0,0.0,0.0,0.0,-0.0,-0.0,-0.0,0.33333333333333337,3,0,0
gptoss,1,risk,trait,CmHr,1,-2.0,0.3333333333333333,0.3333333333333333,0.3333333333333333,0.0,0.0,0.0,0.0,-0.0,-0.0,-0.0,0.6666666666666667,3,0,0
gptoss,1,risk,trait,CmNc,1,-2.0,0.6666666666666666,0.3333333333333333,0.6666666666666666,-0.3333333333333333,0.0,0.3333333333333333,0.0,0.3333333333333333,-0.0,0.3333333333333333,0.33333333333333337,3,1,1
gptoss,1,risk,trait,CmPc,1,-2.0,0.3333333333333333,0.3333333333333333,0.0,0.0,-0.3333333333333333,0.0,0.3333333333333333,-0.0,0.3333333333333333,-0.3333333333333333,0.6666666666666667,3,0,0
gptoss,1,risk,trait,CmPd,1,-2.0,0.0,0.3333333333333333,0.0,0.3333333333333333,0.0,0.3333333333333333,0.0,-0.3333333333333333,-0.0,-0.3333333333333333,1.0,3,1,0
gptoss,1,risk,trait,CmSh,1,-2.0,0.3333333333333333,0.3333333333333333,0.3333333333333333,0.0,0.0,0.0,0.0,-0.0,-0.0,-0.0,0.6666666666666667,3,0,0
gptoss,1,risk,trait,CoAs,0,1.0,1.0,1.0,1.0,0.0,0.0,0.0,0.0,0.0,0.0,0.0,1.0,3,0,0
gptoss,1,risk,trait,CoBa,0,1.0,0.3333333333333333,0.3333333333333333,0.3333333333333333,0.0,0.0,0.0,0.0,0.0,0.0,0.0,0.3333333333333333,3,0,0
gptoss,1,risk,trait,CoCh,0,1.0,0.3333333333333333,0.3333333333333333,0.3333333333333333,0.0,0.0,0.0,0.0,0.0,0.0,0.0,0.3333333333333333,3,0,0
gptoss,1,risk,trait,CoCo,0,1.0,0.6666666666666666,0.6666666666666666,0.6666666666666666,0.0,0.0,0.0,0.0,0.0,0.0,0.0,0.6666666666666666,3,0,0
gptoss,1,risk,trait,CoSh,0,1.0,0.0,0.0,0.3333333333333333,0.0,0.3333333333333333,0.0,0.3333333333333333,0.0,0.3333333333333333,-0.3333333333333333,0.0,3,0,0
gptoss,1,risk,trait,DlAs,1,-2.0,0.6666666666666666,1.0,0.6666666666666666,0.33333333333333337,0.0,0.33333333333333337,0.0,-0.33333333333333337,-0.0,-0.33333333333333337,0.33333333333333337,3,1,0
gptoss,1,risk,trait,DlBa,1,-2.0,0.6666666666666666,0.6666666666666666,0.6666666666666666,0.0,0.0,0.0,0.0,-0.0,-0.0,-0.0,0.33333333333333337,3,0,0
gptoss,1,risk,trait,DlCh,1,-2.0,0.6666666666666666,0.6666666666666666,0.6666666666666666,0.0,0.0,0.0,0.0,-0.0,-0.0,-0.0,0.33333333333333337,3,0,0
gptoss,1,risk,trait,DlCm,1,-2.0,0.3333333333333333,0.3333333333333333,0.3333333333333333,0.0,0.0,0.0,0.0,-0.0,-0.0,-0.0,0.6666666666666667,3,0,0
gptoss,1,risk,trait,DlCo,1,-2.0,0.3333333333333333,0.6666666666666666,0.6666666666666666,0.3333333333333333,0.3333333333333333,0.3333333333333333,0.3333333333333333,-0.3333333333333333,-0.3333333333333333,-0.0,0.6666666666666667,3,1,0
gptoss,1,risk,trait,DlDl,1,-2.0,0.3333333333333333,0.3333333333333333,0.3333333333333333,0.0,0.0,0.0,0.0,-0.0,-0.0,-0.0,0.6666666666666667,3,0,0
gptoss,1,risk,trait,DlHa,1,-2.0,0.6666666666666666,0.3333333333333333,0.6666666666666666,-0.3333333333333333,0.0,0.3333333333333333,0.0,0.3333333333333333,-0.0,0.3333333333333333,0.33333333333333337,3,1,1
gptoss,1,risk,trait,DlHr,1,-2.0,0.6666666666666666,0.6666666666666666,0.6666666666666666,0.0,0.0,0.0,0.0,-0.0,-0.0,-0.0,0.33333333333333337,3,0,0
gptoss,1,risk,trait,DlNc,1,-2.0,0.3333333333333333,0.3333333333333333,0.3333333333333333,0.0,0.0,0.0,0.0,-0.0,-0.0,-0.0,0.6666666666666667,3,0,0
gptoss,1,risk,trait,DlPc,1,-2.0,0.6666666666666666,0.6666666666666666,0.6666666666666666,0.0,0.0,0.0,0.0,-0.0,-0.0,-0.0,0.33333333333333337,3,0,0
gptoss,1,risk,trait,DlPd,1,-2.0,0.3333333333333333,0.3333333333333333,0.6666666666666666,0.0,0.3333333333333333,0.0,0.3333333333333333,-0.0,-0.3333333333333333,0.3333333333333333,0.6666666666666667,3,0,0
gptoss,1,risk,trait,DlSh,1,-2.0,0.3333333333333333,0.6666666666666666,0.6666666666666666,0.3333333333333333,0.3333333333333333,0.3333333333333333,0.3333333333333333,-0.3333333333333333,-0.3333333333333333,-0.0,0.6666666666666667,3,1,0
gptoss,1,risk,trait,HaAs,0,2.0,0.3333333333333333,0.3333333333333333,0.3333333333333333,0.0,0.0,0.0,0.0,0.0,0.0,0.0,0.3333333333333333,3,0,0
gptoss,1,risk,trait,HaBa,0,2.0,0.6666666666666666,0.6666666666666666,0.6666666666666666,0.0,0.0,0.0,0.0,0.0,0.0,0.0,0.6666666666666666,3,0,0
gptoss,1,risk,trait,HaCh,0,2.0,0.6666666666666666,0.6666666666666666,0.6666666666666666,0.0,0.0,0.0,0.0,0.0,0.0,0.0,0.6666666666666666,3,0,0
gptoss,1,risk,trait,HaCm,0,2.0,0.0,0.3333333333333333,0.0,0.3333333333333333,0.0,0.3333333333333333,0.0,0.3333333333333333,0.0,0.3333333333333333,0.0,3,1,1
gptoss,1,risk,trait,HaCo,0,2.0,0.6666666666666666,0.6666666666666666,0.6666666666666666,0.0,0.0,0.0,0.0,0.0,0.0,0.0,0.6666666666666666,3,0,0
gptoss,1,risk,trait,HaHa,0,2.0,0.6666666666666666,0.6666666666666666,0.6666666666666666,0.0,0.0,0.0,0.0,0.0,0.0,0.0,0.6666666666666666,3,0,0
gptoss,1,risk,trait,HaHr,0,2.0,1.0,1.0,1.0,0.0,0.0,0.0,0.0,0.0,0.0,0.0,1.0,3,0,0
gptoss,1,risk,trait,HaNc,0,2.0,0.3333333333333333,0.3333333333333333,0.6666666666666666,0.0,0.3333333333333333,0.0,0.3333333333333333,0.0,0.3333333333333333,-0.3333333333333333,0.3333333333333333,3,0,0
gptoss,1,risk,trait,HaPc,0,2.0,0.6666666666666666,0.6666666666666666,0.6666666666666666,0.0,0.0,0.0,0.0,0.0,0.0,0.0,0.6666666666666666,3,0,0
gptoss,1,risk,trait,HaPd,0,2.0,0.6666666666666666,0.6666666666666666,0.6666666666666666,0.0,0.0,0.0,0.0,0.0,0.0,0.0,0.6666666666666666,3,0,0
gptoss,1,risk,trait,HaSh,0,2.0,0.3333333333333333,0.3333333333333333,0.3333333333333333,0.0,0.0,0.0,0.0,0.0,0.0,0.0,0.3333333333333333,3,0,0
gptoss,1,risk,trait,HrAs,1,-1.0,0.3333333333333333,0.3333333333333333,0.3333333333333333,0.0,0.0,0.0,0.0,-0.0,-0.0,-0.0,0.6666666666666667,3,2,1
gptoss,1,risk,trait,HrBa,1,-1.0,0.3333333333333333,0.3333333333333333,0.3333333333333333,0.0,0.0,0.0,0.0,-0.0,-0.0,-0.0,0.6666666666666667,3,0,0
gptoss,1,risk,trait,HrCh,1,-1.0,0.6666666666666666,0.6666666666666666,0.3333333333333333,0.0,-0.3333333333333333,0.0,0.3333333333333333,-0.0,0.3333333333333333,-0.3333333333333333,0.33333333333333337,3,0,0
gptoss,1,risk,trait,HrCo,1,-1.0,0.3333333333333333,0.3333333333333333,0.3333333333333333,0.0,0.0,0.0,0.0,-0.0,-0.0,-0.0,0.6666666666666667,3,0,0
gptoss,1,risk,trait,HrHr,1,-1.0,0.3333333333333333,0.3333333333333333,0.3333333333333333,0.0,0.0,0.0,0.0,-0.0,-0.0,-0.0,0.6666666666666667,3,0,0
gptoss,1,risk,trait,HrSh,1,-1.0,0.6666666666666666,0.3333333333333333,0.6666666666666666,-0.3333333333333333,0.0,0.3333333333333333,0.0,0.3333333333333333,-0.0,0.3333333333333333,0.33333333333333337,3,1,1
gptoss,1,risk,trait,NcAs,0,1.0,0.6666666666666666,0.6666666666666666,0.6666666666666666,0.0,0.0,0.0,0.0,0.0,0.0,0.0,0.6666666666666666,3,0,0
gptoss,1,risk,trait,NcBa,0,1.0,0.3333333333333333,0.3333333333333333,0.3333333333333333,0.0,0.0,0.0,0.0,0.0,0.0,0.0,0.3333333333333333,3,0,0
gptoss,1,risk,trait,NcCh,0,1.0,0.3333333333333333,0.3333333333333333,0.3333333333333333,0.0,0.0,0.0,0.0,0.0,0.0,0.0,0.3333333333333333,3,0,0
gptoss,1,risk,trait,NcCo,0,1.0,0.3333333333333333,0.6666666666666666,0.3333333333333333,0.3333333333333333,0.0,0.3333333333333333,0.0,0.3333333333333333,0.0,0.3333333333333333,0.3333333333333333,3,1,1
gptoss,1,risk,trait,NcHr,0,1.0,0.3333333333333333,0.3333333333333333,0.3333333333333333,0.0,0.0,0.0,0.0,0.0,0.0,0.0,0.3333333333333333,3,0,0
gptoss,1,risk,trait,NcNc,0,1.0,0.3333333333333333,0.3333333333333333,0.3333333333333333,0.0,0.0,0.0,0.0,0.0,0.0,0.0,0.3333333333333333,3,0,0
gptoss,1,risk,trait,NcPd,0,1.0,0.3333333333333333,0.3333333333333333,0.3333333333333333,0.0,0.0,0.0,0.0,0.0,0.0,0.0,0.3333333333333333,3,0,0
gptoss,1,risk,trait,NcSh,0,1.0,0.3333333333333333,0.3333333333333333,0.3333333333333333,0.0,0.0,0.0,0.0,0.0,0.0,0.0,0.3333333333333333,3,0,0
gptoss,1,risk,trait,PcAs,0,2.0,0.6666666666666666,0.6666666666666666,0.6666666666666666,0.0,0.0,0.0,0.0,0.0,0.0,0.0,0.6666666666666666,3,0,0
gptoss,1,risk,trait,PcBa,0,2.0,0.3333333333333333,0.3333333333333333,0.3333333333333333,0.0,0.0,0.0,0.0,0.0,0.0,0.0,0.3333333333333333,3,0,0
gptoss,1,risk,trait,PcCh,0,2.0,0.0,0.0,0.0,0.0,0.0,0.0,0.0,0.0,0.0,0.0,0.0,3,0,0
gptoss,1,risk,trait,PcCo,0,2.0,0.3333333333333333,0.3333333333333333,0.3333333333333333,0.0,0.0,0.0,0.0,0.0,0.0,0.0,0.3333333333333333,3,0,0
gptoss,1,risk,trait,PcHr,0,2.0,0.0,0.0,0.0,0.0,0.0,0.0,0.0,0.0,0.0,0.0,0.0,3,0,0
gptoss,1,risk,trait,PcNc,0,2.0,0.6666666666666666,0.6666666666666666,0.6666666666666666,0.0,0.0,0.0,0.0,0.0,0.0,0.0,0.6666666666666666,3,0,0
gptoss,1,risk,trait,PcPc,0,2.0,0.3333333333333333,0.3333333333333333,0.6666666666666666,0.0,0.3333333333333333,0.0,0.3333333333333333,0.0,0.3333333333333333,-0.3333333333333333,0.3333333333333333,3,0,0
gptoss,1,risk,trait,PcPd,0,2.0,0.6666666666666666,0.6666666666666666,0.6666666666666666,0.0,0.0,0.0,0.0,0.0,0.0,0.0,0.6666666666666666,3,0,0
gptoss,1,risk,trait,PcSh,0,2.0,0.3333333333333333,0.3333333333333333,0.6666666666666666,0.0,0.3333333333333333,0.0,0.3333333333333333,0.0,0.3333333333333333,-0.3333333333333333,0.3333333333333333,3,0,0
gptoss,1,risk,trait,PdAs,1,-1.0,0.3333333333333333,0.3333333333333333,0.3333333333333333,0.0,0.0,0.0,0.0,-0.0,-0.0,-0.0,0.6666666666666667,3,0,0
gptoss,1,risk,trait,PdBa,1,-1.0,0.3333333333333333,0.3333333333333333,0.6666666666666666,0.0,0.3333333333333333,0.0,0.3333333333333333,-0.0,-0.3333333333333333,0.3333333333333333,0.6666666666666667,3,0,0
gptoss,1,risk,trait,PdCh,1,-1.0,0.6666666666666666,0.6666666666666666,0.6666666666666666,0.0,0.0,0.0,0.0,-0.0,-0.0,-0.0,0.33333333333333337,3,0,0
gptoss,1,risk,trait,PdCo,1,-1.0,0.6666666666666666,0.6666666666666666,0.6666666666666666,0.0,0.0,0.0,0.0,-0.0,-0.0,-0.0,0.33333333333333337,3,0,0
gptoss,1,risk,trait,PdHr,1,-1.0,0.3333333333333333,0.3333333333333333,0.3333333333333333,0.0,0.0,0.0,0.0,-0.0,-0.0,-0.0,0.6666666666666667,3,0,0
gptoss,1,risk,trait,PdSh,1,-1.0,0.6666666666666666,0.6666666666666666,1.0,0.0,0.33333333333333337,0.0,0.33333333333333337,-0.0,-0.33333333333333337,0.33333333333333337,0.33333333333333337,3,0,0
gptoss,1,risk,trait,ShAs,1,-1.0,0.0,0.0,0.0,0.0,0.0,0.0,0.0,-0.0,-0.0,-0.0,1.0,3,0,0
gptoss,1,risk,trait,ShBa,1,-1.0,0.3333333333333333,0.3333333333333333,0.6666666666666666,0.0,0.3333333333333333,0.0,0.3333333333333333,-0.0,-0.3333333333333333,0.3333333333333333,0.6666666666666667,3,0,0
gptoss,1,risk,trait,ShCh,1,-1.0,0.3333333333333333,0.3333333333333333,0.3333333333333333,0.0,0.0,0.0,0.0,-0.0,-0.0,-0.0,0.6666666666666667,3,0,0
gptoss,1,risk,trait,ShSh,1,-1.0,0.0,0.0,0.0,0.0,0.0,0.0,0.0,-0.0,-0.0,-0.0,1.0,3,0,0
gptoss,1,loss,trait,AsAs,1,-1.0,0.3333333333333333,0.3333333333333333,0.3333333333333333,0.0,0.0,0.0,0.0,-0.0,-0.0,-0.0,0.6666666666666667,3,0,0
gptoss,1,loss,trait,AsBa,1,-1.0,0.6666666666666666,0.6666666666666666,0.6666666666666666,0.0,0.0,0.0,0.0,-0.0,-0.0,-0.0,0.33333333333333337,3,0,0
gptoss,1,loss,trait,BaBa,0,1.0,0.6666666666666666,0.6666666666666666,1.0,0.0,0.33333333333333337,0.0,0.33333333333333337,0.0,0.33333333333333337,-0.33333333333333337,0.6666666666666666,3,0,0
gptoss,1,loss,trait,ChAs,0,1.0,0.3333333333333333,0.3333333333333333,0.3333333333333333,0.0,0.0,0.0,0.0,0.0,0.0,0.0,0.3333333333333333,3,0,0
gptoss,1,loss,trait,ChBa,0,1.0,0.3333333333333333,0.3333333333333333,0.3333333333333333,0.0,0.0,0.0,0.0,0.0,0.0,0.0,0.3333333333333333,3,0,0
gptoss,1,loss,trait,CmAs,1,-2.0,0.3333333333333333,0.3333333333333333,0.6666666666666666,0.0,0.3333333333333333,0.0,0.3333333333333333,-0.0,-0.3333333333333333,0.3333333333333333,0.6666666666666667,3,0,0
gptoss,1,loss,trait,CmBa,1,-2.0,0.3333333333333333,0.3333333333333333,0.3333333333333333,0.0,0.0,0.0,0.0,-0.0,-0.0,-0.0,0.6666666666666667,3,0,0
gptoss,1,loss,trait,CmCh,1,-2.0,0.3333333333333333,0.3333333333333333,0.6666666666666666,0.0,0.3333333333333333,0.0,0.3333333333333333,-0.0,-0.3333333333333333,0.3333333333333333,0.6666666666666667,3,0,0
gptoss,1,loss,trait,CmCm,1,-2.0,0.3333333333333333,0.3333333333333333,0.3333333333333333,0.0,0.0,0.0,0.0,-0.0,-0.0,-0.0,0.6666666666666667,3,0,0
gptoss,1,loss,trait,CmCo,1,-2.0,0.6666666666666666,0.6666666666666666,0.6666666666666666,0.0,0.0,0.0,0.0,-0.0,-0.0,-0.0,0.33333333333333337,3,0,0
gptoss,1,loss,trait,CmHr,1,-2.0,0.3333333333333333,0.3333333333333333,0.3333333333333333,0.0,0.0,0.0,0.0,-0.0,-0.0,-0.0,0.6666666666666667,3,0,0
gptoss,1,loss,trait,CmNc,1,-2.0,0.6666666666666666,0.6666666666666666,0.6666666666666666,0.0,0.0,0.0,0.0,-0.0,-0.0,-0.0,0.33333333333333337,3,0,0
gptoss,1,loss,trait,CmPc,1,-2.0,0.3333333333333333,0.3333333333333333,0.0,0.0,-0.3333333333333333,0.0,0.3333333333333333,-0.0,0.3333333333333333,-0.3333333333333333,0.6666666666666667,3,0,0
gptoss,1,loss,trait,CmPd,1,-2.0,0.0,0.3333333333333333,0.0,0.3333333333333333,0.0,0.3333333333333333,0.0,-0.3333333333333333,-0.0,-0.3333333333333333,1.0,3,1,0
gptoss,1,loss,trait,CmSh,1,-2.0,0.3333333333333333,0.3333333333333333,0.3333333333333333,0.0,0.0,0.0,0.0,-0.0,-0.0,-0.0,0.6666666666666667,3,0,0
gptoss,1,loss,trait,CoAs,0,1.0,1.0,1.0,1.0,0.0,0.0,0.0,0.0,0.0,0.0,0.0,1.0,3,0,0
gptoss,1,loss,trait,CoBa,0,1.0,0.3333333333333333,0.3333333333333333,0.3333333333333333,0.0,0.0,0.0,0.0,0.0,0.0,0.0,0.3333333333333333,3,0,0
gptoss,1,loss,trait,CoCh,0,1.0,0.3333333333333333,0.0,0.3333333333333333,-0.3333333333333333,0.0,0.3333333333333333,0.0,-0.3333333333333333,0.0,-0.3333333333333333,0.3333333333333333,3,1,0
gptoss,1,loss,trait,CoCo,0,1.0,0.6666666666666666,0.6666666666666666,0.6666666666666666,0.0,0.0,0.0,0.0,0.0,0.0,0.0,0.6666666666666666,3,0,0
gptoss,1,loss,trait,CoSh,0,1.0,0.0,0.0,0.3333333333333333,0.0,0.3333333333333333,0.0,0.3333333333333333,0.0,0.3333333333333333,-0.3333333333333333,0.0,3,0,0
gptoss,1,loss,trait,DlAs,1,-2.0,0.6666666666666666,1.0,0.6666666666666666,0.33333333333333337,0.0,0.33333333333333337,0.0,-0.33333333333333337,-0.0,-0.33333333333333337,0.33333333333333337,3,1,0
gptoss,1,loss,trait,DlBa,1,-2.0,0.6666666666666666,0.6666666666666666,0.6666666666666666,0.0,0.0,0.0,0.0,-0.0,-0.0,-0.0,0.33333333333333337,3,0,0
gptoss,1,loss,trait,DlCh,1,-2.0,0.6666666666666666,0.6666666666666666,0.6666666666666666,0.0,0.0,0.0,0.0,-0.0,-0.0,-0.0,0.33333333333333337,3,0,0
gptoss,1,loss,trait,DlCm,1,-2.0,0.3333333333333333,0.3333333333333333,0.3333333333333333,0.0,0.0,0.0,0.0,-0.0,-0.0,-0.0,0.6666666666666667,3,0,0
gptoss,1,loss,trait,DlCo,1,-2.0,0.3333333333333333,0.3333333333333333,0.6666666666666666,0.0,0.3333333333333333,0.0,0.3333333333333333,-0.0,-0.3333333333333333,0.3333333333333333,0.6666666666666667,3,0,0
gptoss,1,loss,trait,DlDl,1,-2.0,0.3333333333333333,0.3333333333333333,0.3333333333333333,0.0,0.0,0.0,0.0,-0.0,-0.0,-0.0,0.6666666666666667,3,0,0
gptoss,1,loss,trait,DlHa,1,-2.0,0.6666666666666666,0.6666666666666666,0.6666666666666666,0.0,0.0,0.0,0.0,-0.0,-0.0,-0.0,0.33333333333333337,3,0,0
gptoss,1,loss,trait,DlHr,1,-2.0,0.6666666666666666,0.6666666666666666,0.6666666666666666,0.0,0.0,0.0,0.0,-0.0,-0.0,-0.0,0.33333333333333337,3,0,0
gptoss,1,loss,trait,DlNc,1,-2.0,0.3333333333333333,0.3333333333333333,0.3333333333333333,0.0,0.0,0.0,0.0,-0.0,-0.0,-0.0,0.6666666666666667,3,0,0
gptoss,1,loss,trait,DlPc,1,-2.0,0.6666666666666666,0.6666666666666666,0.6666666666666666,0.0,0.0,0.0,0.0,-0.0,-0.0,-0.0,0.33333333333333337,3,0,0
gptoss,1,loss,trait,DlPd,1,-2.0,0.3333333333333333,0.3333333333333333,0.6666666666666666,0.0,0.3333333333333333,0.0,0.3333333333333333,-0.0,-0.3333333333333333,0.3333333333333333,0.6666666666666667,3,0,0
gptoss,1,loss,trait,DlSh,1,-2.0,0.3333333333333333,0.3333333333333333,0.6666666666666666,0.0,0.3333333333333333,0.0,0.3333333333333333,-0.0,-0.3333333333333333,0.3333333333333333,0.6666666666666667,3,0,0
gptoss,1,loss,trait,HaAs,0,2.0,0.3333333333333333,0.6666666666666666,0.3333333333333333,0.3333333333333333,0.0,0.3333333333333333,0.0,0.3333333333333333,0.0,0.3333333333333333,0.3333333333333333,3,1,1
gptoss,1,loss,trait,HaBa,0,2.0,0.6666666666666666,0.6666666666666666,0.6666666666666666,0.0,0.0,0.0,0.0,0.0,0.0,0.0,0.6666666666666666,3,0,0
gptoss,1,loss,trait,HaCh,0,2.0,0.6666666666666666,0.6666666666666666,0.6666666666666666,0.0,0.0,0.0,0.0,0.0,0.0,0.0,0.6666666666666666,3,0,0
gptoss,1,loss,trait,HaCm,0,2.0,0.0,0.3333333333333333,0.0,0.3333333333333333,0.0,0.3333333333333333,0.0,0.3333333333333333,0.0,0.3333333333333333,0.0,3,1,1
gptoss,1,loss,trait,HaCo,0,2.0,0.6666666666666666,0.6666666666666666,0.6666666666666666,0.0,0.0,0.0,0.0,0.0,0.0,0.0,0.6666666666666666,3,0,0
gptoss,1,loss,trait,HaHa,0,2.0,0.6666666666666666,0.6666666666666666,0.6666666666666666,0.0,0.0,0.0,0.0,0.0,0.0,0.0,0.6666666666666666,3,0,0
gptoss,1,loss,trait,HaHr,0,2.0,1.0,1.0,1.0,0.0,0.0,0.0,0.0,0.0,0.0,0.0,1.0,3,0,0
gptoss,1,loss,trait,HaNc,0,2.0,0.3333333333333333,0.3333333333333333,0.6666666666666666,0.0,0.3333333333333333,0.0,0.3333333333333333,0.0,0.3333333333333333,-0.3333333333333333,0.3333333333333333,3,0,0
gptoss,1,loss,trait,HaPc,0,2.0,0.6666666666666666,0.3333333333333333,0.6666666666666666,-0.3333333333333333,0.0,0.3333333333333333,0.0,-0.3333333333333333,0.0,-0.3333333333333333,0.6666666666666666,3,1,0
gptoss,1,loss,trait,HaPd,0,2.0,0.6666666666666666,0.6666666666666666,0.6666666666666666,0.0,0.0,0.0,0.0,0.0,0.0,0.0,0.6666666666666666,3,0,0
gptoss,1,loss,trait,HaSh,0,2.0,0.3333333333333333,0.6666666666666666,0.3333333333333333,0.3333333333333333,0.0,0.3333333333333333,0.0,0.3333333333333333,0.0,0.3333333333333333,0.3333333333333333,3,1,1
gptoss,1,loss,trait,HrAs,1,-1.0,0.3333333333333333,0.3333333333333333,0.3333333333333333,0.0,0.0,0.0,0.0,-0.0,-0.0,-0.0,0.6666666666666667,3,0,0
gptoss,1,loss,trait,HrBa,1,-1.0,0.3333333333333333,0.3333333333333333,0.3333333333333333,0.0,0.0,0.0,0.0,-0.0,-0.0,-0.0,0.6666666666666667,3,0,0
gptoss,1,loss,trait,HrCh,1,-1.0,0.6666666666666666,0.6666666666666666,0.3333333333333333,0.0,-0.3333333333333333,0.0,0.3333333333333333,-0.0,0.3333333333333333,-0.3333333333333333,0.33333333333333337,3,0,0
gptoss,1,loss,trait,HrCo,1,-1.0,0.3333333333333333,0.3333333333333333,0.3333333333333333,0.0,0.0,0.0,0.0,-0.0,-0.0,-0.0,0.6666666666666667,3,0,0
gptoss,1,loss,trait,HrHr,1,-1.0,0.3333333333333333,0.3333333333333333,0.3333333333333333,0.0,0.0,0.0,0.0,-0.0,-0.0,-0.0,0.6666666666666667,3,0,0
gptoss,1,loss,trait,HrSh,1,-1.0,0.6666666666666666,0.6666666666666666,0.6666666666666666,0.0,0.0,0.0,0.0,-0.0,-0.0,-0.0,0.33333333333333337,3,0,0
gptoss,1,loss,trait,NcAs,0,1.0,0.6666666666666666,0.6666666666666666,0.6666666666666666,0.0,0.0,0.0,0.0,0.0,0.0,0.0,0.6666666666666666,3,0,0
gptoss,1,loss,trait,NcBa,0,1.0,0.3333333333333333,0.3333333333333333,0.3333333333333333,0.0,0.0,0.0,0.0,0.0,0.0,0.0,0.3333333333333333,3,0,0
gptoss,1,loss,trait,NcCh,0,1.0,0.3333333333333333,0.3333333333333333,0.3333333333333333,0.0,0.0,0.0,0.0,0.0,0.0,0.0,0.3333333333333333,3,0,0
gptoss,1,loss,trait,NcCo,0,1.0,0.3333333333333333,0.6666666666666666,0.3333333333333333,0.3333333333333333,0.0,0.3333333333333333,0.0,0.3333333333333333,0.0,0.3333333333333333,0.3333333333333333,3,1,1
gptoss,1,loss,trait,NcHr,0,1.0,0.3333333333333333,0.3333333333333333,0.3333333333333333,0.0,0.0,0.0,0.0,0.0,0.0,0.0,0.3333333333333333,3,0,0
gptoss,1,loss,trait,NcNc,0,1.0,0.3333333333333333,0.0,0.3333333333333333,-0.3333333333333333,0.0,0.3333333333333333,0.0,-0.3333333333333333,0.0,-0.3333333333333333,0.3333333333333333,3,1,0
gptoss,1,loss,trait,NcPd,0,1.0,0.3333333333333333,0.3333333333333333,0.3333333333333333,0.0,0.0,0.0,0.0,0.0,0.0,0.0,0.3333333333333333,3,0,0
gptoss,1,loss,trait,NcSh,0,1.0,0.3333333333333333,0.0,0.3333333333333333,-0.3333333333333333,0.0,0.3333333333333333,0.0,-0.3333333333333333,0.0,-0.3333333333333333,0.3333333333333333,3,1,0
gptoss,1,loss,trait,PcAs,0,2.0,0.6666666666666666,0.6666666666666666,0.6666666666666666,0.0,0.0,0.0,0.0,0.0,0.0,0.0,0.6666666666666666,3,0,0
gptoss,1,loss,trait,PcBa,0,2.0,0.3333333333333333,0.3333333333333333,0.3333333333333333,0.0,0.0,0.0,0.0,0.0,0.0,0.0,0.3333333333333333,3,0,0
gptoss,1,loss,trait,PcCh,0,2.0,0.0,0.0,0.0,0.0,0.0,0.0,0.0,0.0,0.0,0.0,0.0,3,0,0
gptoss,1,loss,trait,PcCo,0,2.0,0.3333333333333333,0.3333333333333333,0.3333333333333333,0.0,0.0,0.0,0.0,0.0,0.0,0.0,0.3333333333333333,3,0,0
gptoss,1,loss,trait,PcHr,0,2.0,0.0,0.0,0.0,0.0,0.0,0.0,0.0,0.0,0.0,0.0,0.0,3,0,0
gptoss,1,loss,trait,PcNc,0,2.0,0.6666666666666666,0.6666666666666666,0.6666666666666666,0.0,0.0,0.0,0.0,0.0,0.0,0.0,0.6666666666666666,3,0,0
gptoss,1,loss,trait,PcPc,0,2.0,0.3333333333333333,0.3333333333333333,0.6666666666666666,0.0,0.3333333333333333,0.0,0.3333333333333333,0.0,0.3333333333333333,-0.3333333333333333,0.3333333333333333,3,0,0
gptoss,1,loss,trait,PcPd,0,2.0,0.6666666666666666,0.6666666666666666,0.6666666666666666,0.0,0.0,0.0,0.0,0.0,0.0,0.0,0.6666666666666666,3,0,0
gptoss,1,loss,trait,PcSh,0,2.0,0.3333333333333333,0.6666666666666666,0.6666666666666666,0.3333333333333333,0.3333333333333333,0.3333333333333333,0.3333333333333333,0.3333333333333333,0.3333333333333333,0.0,0.3333333333333333,3,1,1
gptoss,1,loss,trait,PdAs,1,-1.0,0.3333333333333333,0.3333333333333333,0.3333333333333333,0.0,0.0,0.0,0.0,-0.0,-0.0,-0.0,0.6666666666666667,3,0,0
gptoss,1,loss,trait,PdBa,1,-1.0,0.3333333333333333,0.3333333333333333,0.6666666666666666,0.0,0.3333333333333333,0.0,0.3333333333333333,-0.0,-0.3333333333333333,0.3333333333333333,0.6666666666666667,3,0,0
gptoss,1,loss,trait,PdCh,1,-1.0,0.6666666666666666,0.6666666666666666,0.6666666666666666,0.0,0.0,0.0,0.0,-0.0,-0.0,-0.0,0.33333333333333337,3,0,0
gptoss,1,loss,trait,PdCo,1,-1.0,0.6666666666666666,0.6666666666666666,0.6666666666666666,0.0,0.0,0.0,0.0,-0.0,-0.0,-0.0,0.33333333333333337,3,0,0
gptoss,1,loss,trait,PdHr,1,-1.0,0.3333333333333333,0.3333333333333333,0.3333333333333333,0.0,0.0,0.0,0.0,-0.0,-0.0,-0.0,0.6666666666666667,3,0,0
gptoss,1,loss,trait,PdSh,1,-1.0,0.6666666666666666,0.6666666666666666,1.0,0.0,0.33333333333333337,0.0,0.33333333333333337,-0.0,-0.33333333333333337,0.33333333333333337,0.33333333333333337,3,0,0
gptoss,1,loss,trait,ShAs,1,-1.0,0.0,0.0,0.0,0.0,0.0,0.0,0.0,-0.0,-0.0,-0.0,1.0,3,0,0
gptoss,1,loss,trait,ShBa,1,-1.0,0.3333333333333333,0.3333333333333333,0.6666666666666666,0.0,0.3333333333333333,0.0,0.3333333333333333,-0.0,-0.3333333333333333,0.3333333333333333,0.6666666666666667,3,0,0
gptoss,1,loss,trait,ShCh,1,-1.0,0.3333333333333333,0.3333333333333333,0.3333333333333333,0.0,0.0,0.0,0.0,-0.0,-0.0,-0.0,0.6666666666666667,3,0,0
gptoss,1,loss,trait,ShSh,1,-1.0,0.0,0.0,0.0,0.0,0.0,0.0,0.0,-0.0,-0.0,-0.0,1.0,3,0,0
gptoss,1,inequity,trait,AsBa,1,-1.0,0.6666666666666666,0.6666666666666666,0.6666666666666666,0.0,0.0,0.0,0.0,-0.0,-0.0,-0.0,0.33333333333333337,3,0,0
gptoss,1,inequity,trait,ChAs,0,2.0,0.3333333333333333,0.3333333333333333,0.3333333333333333,0.0,0.0,0.0,0.0,0.0,0.0,0.0,0.3333333333333333,3,0,0
gptoss,1,inequity,trait,ChBa,1,-1.0,0.3333333333333333,0.3333333333333333,0.3333333333333333,0.0,0.0,0.0,0.0,-0.0,-0.0,-0.0,0.6666666666666667,3,0,0
gptoss,1,inequity,trait,CmCo,1,-1.0,0.6666666666666666,0.6666666666666666,0.6666666666666666,0.0,0.0,0.0,0.0,-0.0,-0.0,-0.0,0.33333333333333337,3,0,0
gptoss,1,inequity,trait,CmPc,1,-1.0,0.3333333333333333,0.3333333333333333,0.0,0.0,-0.3333333333333333,0.0,0.3333333333333333,-0.0,0.3333333333333333,-0.3333333333333333,0.6666666666666667,3,0,0
gptoss,1,inequity,trait,DlCm,1,-1.0,0.3333333333333333,0.6666666666666666,0.3333333333333333,0.3333333333333333,0.0,0.3333333333333333,0.0,-0.3333333333333333,-0.0,-0.3333333333333333,0.6666666666666667,3,1,0
gptoss,1,inequity,trait,DlHr,1,-1.0,0.6666666666666666,0.6666666666666666,0.6666666666666666,0.0,0.0,0.0,0.0,-0.0,-0.0,-0.0,0.33333333333333337,3,0,0
gptoss,1,inequity,trait,HaAs,0,1.0,0.3333333333333333,0.6666666666666666,0.3333333333333333,0.3333333333333333,0.0,0.3333333333333333,0.0,0.3333333333333333,0.0,0.3333333333333333,0.3333333333333333,3,1,1
gptoss,1,inequity,trait,HaBa,1,-1.0,0.6666666666666666,0.6666666666666666,0.6666666666666666,0.0,0.0,0.0,0.0,-0.0,-0.0,-0.0,0.33333333333333337,3,0,0
gptoss,1,inequity,trait,HaCh,1,-1.0,0.6666666666666666,0.6666666666666666,0.6666666666666666,0.0,0.0,0.0,0.0,-0.0,-0.0,-0.0,0.33333333333333337,3,0,0
gptoss,1,inequity,trait,HaCm,1,-1.0,0.0,0.3333333333333333,0.0,0.3333333333333333,0.0,0.3333333333333333,0.0,-0.3333333333333333,-0.0,-0.3333333333333333,1.0,3,1,0
gptoss,1,inequity,trait,HaHr,1,-1.0,1.0,1.0,1.0,0.0,0.0,0.0,0.0,-0.0,-0.0,-0.0,0.0,3,0,0
gptoss,1,inequity,trait,HaSh,0,1.0,0.3333333333333333,0.6666666666666666,0.3333333333333333,0.3333333333333333,0.0,0.3333333333333333,0.0,0.3333333333333333,0.0,0.3333333333333333,0.3333333333333333,3,1,1
gptoss,1,inequity,trait,HrCo,1,-1.0,0.3333333333333333,0.3333333333333333,0.3333333333333333,0.0,0.0,0.0,0.0,-0.0,-0.0,-0.0,0.6666666666666667,3,0,0
gptoss,1,inequity,trait,NcAs,0,2.0,0.6666666666666666,0.6666666666666666,0.6666666666666666,0.0,0.0,0.0,0.0,0.0,0.0,0.0,0.6666666666666666,3,0,0
gptoss,1,inequity,trait,NcBa,1,-2.0,0.3333333333333333,0.3333333333333333,0.3333333333333333,0.0,0.0,0.0,0.0,-0.0,-0.0,-0.0,0.6666666666666667,3,0,0
gptoss,1,inequity,trait,NcCh,1,-1.0,0.3333333333333333,0.3333333333333333,0.3333333333333333,0.0,0.0,0.0,0.0,-0.0,-0.0,-0.0,0.6666666666666667,3,0,0
gptoss,1,inequity,trait,NcCo,0,1.0,0.3333333333333333,0.3333333333333333,0.3333333333333333,0.0,0.0,0.0,0.0,0.0,0.0,0.0,0.3333333333333333,3,0,0
gptoss,1,inequity,trait,NcHr,1,-2.0,0.3333333333333333,0.3333333333333333,0.3333333333333333,0.0,0.0,0.0,0.0,-0.0,-0.0,-0.0,0.6666666666666667,3,0,0
gptoss,1,inequity,trait,NcSh,0,1.0,0.3333333333333333,0.3333333333333333,0.3333333333333333,0.0,0.0,0.0,0.0,0.0,0.0,0.0,0.3333333333333333,3,0,0
gptoss,1,inequity,trait,PcHr,1,-1.0,0.0,0.0,0.0,0.0,0.0,0.0,0.0,-0.0,-0.0,-0.0,1.0,3,0,0
gptoss,1,inequity,trait,PcNc,0,1.0,0.6666666666666666,0.6666666666666666,0.6666666666666666,0.0,0.0,0.0,0.0,0.0,0.0,0.0,0.6666666666666666,3,0,0
gptoss,1,inequity,trait,PcPd,1,-1.0,0.6666666666666666,0.6666666666666666,0.6666666666666666,0.0,0.0,0.0,0.0,-0.0,-0.0,-0.0,0.33333333333333337,3,0,0
gptoss,1,inequity,trait,PdAs,0,1.0,0.3333333333333333,0.3333333333333333,0.3333333333333333,0.0,0.0,0.0,0.0,0.0,0.0,0.0,0.3333333333333333,3,0,0
gptoss,1,inequity,trait,PdBa,1,-1.0,0.3333333333333333,0.3333333333333333,0.6666666666666666,0.0,0.3333333333333333,0.0,0.3333333333333333,-0.0,-0.3333333333333333,0.3333333333333333,0.6666666666666667,3,0,0
gptoss,1,inequity,trait,PdCo,0,1.0,0.6666666666666666,0.6666666666666666,0.6666666666666666,0.0,0.0,0.0,0.0,0.0,0.0,0.0,0.6666666666666666,3,0,0
gptoss,1,inequity,trait,PdHr,1,-2.0,0.3333333333333333,0.3333333333333333,0.3333333333333333,0.0,0.0,0.0,0.0,-0.0,-0.0,-0.0,0.6666666666666667,3,0,0
gptoss,1,inequity,trait,ShAs,0,1.0,0.0,0.0,0.0,0.0,0.0,0.0,0.0,0.0,0.0,0.0,0.0,3,0,0
gptoss,1,inequity,trait,ShBa,1,-2.0,0.3333333333333333,0.3333333333333333,0.6666666666666666,0.0,0.3333333333333333,0.0,0.3333333333333333,-0.0,-0.3333333333333333,0.3333333333333333,0.6666666666666667,3,0,0
gptoss,1,inequity,trait,ShCh,1,-1.0,0.3333333333333333,0.3333333333333333,0.3333333333333333,0.0,0.0,0.0,0.0,-0.0,-0.0,-0.0,0.6666666666666667,3,0,0
gptoss,1,selfish,trait,CmAs,1,-2.0,0.3333333333333333,0.3333333333333333,0.6666666666666666,0.0,0.3333333333333333,0.0,0.3333333333333333,-0.0,-0.3333333333333333,0.3333333333333333,0.6666666666666667,3,0,0
gptoss,1,selfish,trait,CmBa,1,-2.0,0.3333333333333333,0.3333333333333333,0.3333333333333333,0.0,0.0,0.0,0.0,-0.0,-0.0,-0.0,0.6666666666666667,3,0,0
gptoss,1,selfish,trait,CmCh,1,-2.0,0.3333333333333333,0.3333333333333333,0.6666666666666666,0.0,0.3333333333333333,0.0,0.3333333333333333,-0.0,-0.3333333333333333,0.3333333333333333,0.6666666666666667,3,0,0
gptoss,1,selfish,trait,CmCm,1,-2.0,0.3333333333333333,0.6666666666666666,0.3333333333333333,0.3333333333333333,0.0,0.3333333333333333,0.0,-0.3333333333333333,-0.0,-0.3333333333333333,0.6666666666666667,3,1,0
gptoss,1,selfish,trait,CmCo,1,-2.0,0.6666666666666666,0.6666666666666666,0.6666666666666666,0.0,0.0,0.0,0.0,-0.0,-0.0,-0.0,0.33333333333333337,3,0,0
gptoss,1,selfish,trait,CmHr,1,-2.0,0.3333333333333333,0.6666666666666666,0.3333333333333333,0.3333333333333333,0.0,0.3333333333333333,0.0,-0.3333333333333333,-0.0,-0.3333333333333333,0.6666666666666667,3,1,0
gptoss,1,selfish,trait,CmNc,1,-2.0,0.6666666666666666,0.6666666666666666,0.6666666666666666,0.0,0.0,0.0,0.0,-0.0,-0.0,-0.0,0.33333333333333337,3,0,0
gptoss,1,selfish,trait,CmPc,1,-2.0,0.3333333333333333,0.3333333333333333,0.0,0.0,-0.3333333333333333,0.0,0.3333333333333333,-0.0,0.3333333333333333,-0.3333333333333333,0.6666666666666667,3,0,0
gptoss,1,selfish,trait,CmPd,1,-2.0,0.0,0.3333333333333333,0.0,0.3333333333333333,0.0,0.3333333333333333,0.0,-0.3333333333333333,-0.0,-0.3333333333333333,1.0,3,1,0
gptoss,1,selfish,trait,CmSh,1,-2.0,0.3333333333333333,0.3333333333333333,0.3333333333333333,0.0,0.0,0.0,0.0,-0.0,-0.0,-0.0,0.6666666666666667,3,0,0
gptoss,1,selfish,trait,CoAs,0,1.0,1.0,1.0,1.0,0.0,0.0,0.0,0.0,0.0,0.0,0.0,1.0,3,0,0
gptoss,1,selfish,trait,CoBa,0,1.0,0.3333333333333333,0.3333333333333333,0.3333333333333333,0.0,0.0,0.0,0.0,0.0,0.0,0.0,0.3333333333333333,3,0,0
gptoss,1,selfish,trait,CoCh,0,1.0,0.3333333333333333,0.3333333333333333,0.3333333333333333,0.0,0.0,0.0,0.0,0.0,0.0,0.0,0.3333333333333333,3,0,0
gptoss,1,selfish,trait,CoCo,0,1.0,0.6666666666666666,0.6666666666666666,0.6666666666666666,0.0,0.0,0.0,0.0,0.0,0.0,0.0,0.6666666666666666,3,0,0
gptoss,1,selfish,trait,CoSh,0,1.0,0.0,0.0,0.3333333333333333,0.0,0.3333333333333333,0.0,0.3333333333333333,0.0,0.3333333333333333,-0.3333333333333333,0.0,3,0,0
gptoss,1,selfish,trait,DlAs,1,-2.0,0.6666666666666666,1.0,0.6666666666666666,0.33333333333333337,0.0,0.33333333333333337,0.0,-0.33333333333333337,-0.0,-0.33333333333333337,0.33333333333333337,3,1,0
gptoss,1,selfish,trait,DlBa,1,-2.0,0.6666666666666666,0.6666666666666666,0.6666666666666666,0.0,0.0,0.0,0.0,-0.0,-0.0,-0.0,0.33333333333333337,3,0,0
gptoss,1,selfish,trait,DlCh,1,-2.0,0.6666666666666666,0.6666666666666666,0.6666666666666666,0.0,0.0,0.0,0.0,-0.0,-0.0,-0.0,0.33333333333333337,3,0,0
gptoss,1,selfish,trait,DlCm,1,-2.0,0.3333333333333333,0.6666666666666666,0.3333333333333333,0.3333333333333333,0.0,0.3333333333333333,0.0,-0.3333333333333333,-0.0,-0.3333333333333333,0.6666666666666667,3,1,0
gptoss,1,selfish,trait,DlCo,1,-2.0,0.3333333333333333,0.6666666666666666,0.6666666666666666,0.3333333333333333,0.3333333333333333,0.3333333333333333,0.3333333333333333,-0.3333333333333333,-0.3333333333333333,-0.0,0.6666666666666667,3,1,0
gptoss,1,selfish,trait,DlDl,1,-2.0,0.3333333333333333,0.3333333333333333,0.3333333333333333,0.0,0.0,0.0,0.0,-0.0,-0.0,-0.0,0.6666666666666667,3,0,0
gptoss,1,selfish,trait,DlHa,1,-2.0,0.6666666666666666,0.6666666666666666,0.6666666666666666,0.0,0.0,0.0,0.0,-0.0,-0.0,-0.0,0.33333333333333337,3,0,0
gptoss,1,selfish,trait,DlHr,1,-2.0,0.6666666666666666,0.6666666666666666,0.6666666666666666,0.0,0.0,0.0,0.0,-0.0,-0.0,-0.0,0.33333333333333337,3,0,0
gptoss,1,selfish,trait,DlNc,1,-2.0,0.3333333333333333,0.3333333333333333,0.3333333333333333,0.0,0.0,0.0,0.0,-0.0,-0.0,-0.0,0.6666666666666667,3,0,0
gptoss,1,selfish,trait,DlPc,1,-2.0,0.6666666666666666,0.6666666666666666,0.6666666666666666,0.0,0.0,0.0,0.0,-0.0,-0.0,-0.0,0.33333333333333337,3,0,0
gptoss,1,selfish,trait,DlPd,1,-2.0,0.3333333333333333,0.3333333333333333,0.6666666666666666,0.0,0.3333333333333333,0.0,0.3333333333333333,-0.0,-0.3333333333333333,0.3333333333333333,0.6666666666666667,3,0,0
gptoss,1,selfish,trait,DlSh,1,-2.0,0.3333333333333333,0.3333333333333333,0.6666666666666666,0.0,0.3333333333333333,0.0,0.3333333333333333,-0.0,-0.3333333333333333,0.3333333333333333,0.6666666666666667,3,0,0
gptoss,1,selfish,trait,HaAs,0,2.0,0.3333333333333333,0.6666666666666666,0.3333333333333333,0.3333333333333333,0.0,0.3333333333333333,0.0,0.3333333333333333,0.0,0.3333333333333333,0.3333333333333333,3,1,1
gptoss,1,selfish,trait,HaBa,0,2.0,0.6666666666666666,0.6666666666666666,0.6666666666666666,0.0,0.0,0.0,0.0,0.0,0.0,0.0,0.6666666666666666,3,0,0
gptoss,1,selfish,trait,HaCh,0,2.0,0.6666666666666666,0.6666666666666666,0.6666666666666666,0.0,0.0,0.0,0.0,0.0,0.0,0.0,0.6666666666666666,3,0,0
gptoss,1,selfish,trait,HaCm,0,2.0,0.0,0.3333333333333333,0.0,0.3333333333333333,0.0,0.3333333333333333,0.0,0.3333333333333333,0.0,0.3333333333333333,0.0,3,1,1
gptoss,1,selfish,trait,HaCo,0,2.0,0.6666666666666666,0.6666666666666666,0.6666666666666666,0.0,0.0,0.0,0.0,0.0,0.0,0.0,0.6666666666666666,3,0,0
gptoss,1,selfish,trait,HaHa,0,2.0,0.6666666666666666,1.0,0.6666666666666666,0.33333333333333337,0.0,0.33333333333333337,0.0,0.33333333333333337,0.0,0.33333333333333337,0.6666666666666666,3,1,1
gptoss,1,selfish,trait,HaHr,0,2.0,1.0,1.0,1.0,0.0,0.0,0.0,0.0,0.0,0.0,0.0,1.0,3,0,0
gptoss,1,selfish,trait,HaNc,0,2.0,0.3333333333333333,0.3333333333333333,0.6666666666666666,0.0,0.3333333333333333,0.0,0.3333333333333333,0.0,0.3333333333333333,-0.3333333333333333,0.3333333333333333,3,0,0
gptoss,1,selfish,trait,HaPc,0,2.0,0.6666666666666666,0.6666666666666666,0.6666666666666666,0.0,0.0,0.0,0.0,0.0,0.0,0.0,0.6666666666666666,3,0,0
gptoss,1,selfish,trait,HaPd,0,2.0,0.6666666666666666,0.6666666666666666,0.6666666666666666,0.0,0.0,0.0,0.0,0.0,0.0,0.0,0.6666666666666666,3,0,0
gptoss,1,selfish,trait,HaSh,0,2.0,0.3333333333333333,0.6666666666666666,0.3333333333333333,0.3333333333333333,0.0,0.3333333333333333,0.0,0.3333333333333333,0.0,0.3333333333333333,0.3333333333333333,3,1,1
gptoss,1,selfish,trait,HrAs,1,-1.0,0.3333333333333333,0.6666666666666666,0.3333333333333333,0.3333333333333333,0.0,0.3333333333333333,0.0,-0.3333333333333333,-0.0,-0.3333333333333333,0.6666666666666667,3,1,0
gptoss,1,selfish,trait,HrBa,1,-1.0,0.3333333333333333,0.3333333333333333,0.3333333333333333,0.0,0.0,0.0,0.0,-0.0,-0.0,-0.0,0.6666666666666667,3,0,0
gptoss,1,selfish,trait,HrCh,1,-1.0,0.6666666666666666,0.6666666666666666,0.3333333333333333,0.0,-0.3333333333333333,0.0,0.3333333333333333,-0.0,0.3333333333333333,-0.3333333333333333,0.33333333333333337,3,0,0
gptoss,1,selfish,trait,HrCo,1,-1.0,0.3333333333333333,0.6666666666666666,0.3333333333333333,0.3333333333333333,0.0,0.3333333333333333,0.0,-0.3333333333333333,-0.0,-0.3333333333333333,0.6666666666666667,3,1,0
gptoss,1,selfish,trait,HrHr,1,-1.0,0.3333333333333333,0.3333333333333333,0.3333333333333333,0.0,0.0,0.0,0.0,-0.0,-0.0,-0.0,0.6666666666666667,3,0,0
gptoss,1,selfish,trait,HrSh,1,-1.0,0.6666666666666666,0.6666666666666666,0.6666666666666666,0.0,0.0,0.0,0.0,-0.0,-0.0,-0.0,0.33333333333333337,3,0,0
gptoss,1,selfish,trait,NcAs,0,1.0,0.6666666666666666,0.6666666666666666,0.6666666666666666,0.0,0.0,0.0,0.0,0.0,0.0,0.0,0.6666666666666666,3,0,0
gptoss,1,selfish,trait,NcBa,0,1.0,0.3333333333333333,0.3333333333333333,0.3333333333333333,0.0,0.0,0.0,0.0,0.0,0.0,0.0,0.3333333333333333,3,0,0
gptoss,1,selfish,trait,NcCh,0,1.0,0.3333333333333333,0.3333333333333333,0.3333333333333333,0.0,0.0,0.0,0.0,0.0,0.0,0.0,0.3333333333333333,3,0,0
gptoss,1,selfish,trait,NcCo,0,1.0,0.3333333333333333,0.6666666666666666,0.3333333333333333,0.3333333333333333,0.0,0.3333333333333333,0.0,0.3333333333333333,0.0,0.3333333333333333,0.3333333333333333,3,1,1
gptoss,1,selfish,trait,NcHr,0,1.0,0.3333333333333333,0.3333333333333333,0.3333333333333333,0.0,0.0,0.0,0.0,0.0,0.0,0.0,0.3333333333333333,3,0,0
gptoss,1,selfish,trait,NcNc,0,1.0,0.3333333333333333,0.0,0.3333333333333333,-0.3333333333333333,0.0,0.3333333333333333,0.0,-0.3333333333333333,0.0,-0.3333333333333333,0.3333333333333333,3,1,0
gptoss,1,selfish,trait,NcPd,0,1.0,0.3333333333333333,0.3333333333333333,0.3333333333333333,0.0,0.0,0.0,0.0,0.0,0.0,0.0,0.3333333333333333,3,0,0
gptoss,1,selfish,trait,NcSh,0,1.0,0.3333333333333333,0.6666666666666666,0.3333333333333333,0.3333333333333333,0.0,0.3333333333333333,0.0,0.3333333333333333,0.0,0.3333333333333333,0.3333333333333333,3,1,1
gptoss,1,selfish,trait,PcAs,0,2.0,0.6666666666666666,0.6666666666666666,0.6666666666666666,0.0,0.0,0.0,0.0,0.0,0.0,0.0,0.6666666666666666,3,0,0
gptoss,1,selfish,trait,PcBa,0,2.0,0.3333333333333333,0.3333333333333333,0.3333333333333333,0.0,0.0,0.0,0.0,0.0,0.0,0.0,0.3333333333333333,3,0,0
gptoss,1,selfish,trait,PcCh,0,2.0,0.0,0.0,0.0,0.0,0.0,0.0,0.0,0.0,0.0,0.0,0.0,3,0,0
gptoss,1,selfish,trait,PcCo,0,2.0,0.3333333333333333,0.3333333333333333,0.3333333333333333,0.0,0.0,0.0,0.0,0.0,0.0,0.0,0.3333333333333333,3,0,0
gptoss,1,selfish,trait,PcHr,0,2.0,0.0,0.0,0.0,0.0,0.0,0.0,0.0,0.0,0.0,0.0,0.0,3,0,0
gptoss,1,selfish,trait,PcNc,0,2.0,0.6666666666666666,0.6666666666666666,0.6666666666666666,0.0,0.0,0.0,0.0,0.0,0.0,0.0,0.6666666666666666,3,0,0
gptoss,1,selfish,trait,PcPc,0,2.0,0.3333333333333333,0.3333333333333333,0.6666666666666666,0.0,0.3333333333333333,0.0,0.3333333333333333,0.0,0.3333333333333333,-0.3333333333333333,0.3333333333333333,3,0,0
gptoss,1,selfish,trait,PcPd,0,2.0,0.6666666666666666,0.6666666666666666,0.6666666666666666,0.0,0.0,0.0,0.0,0.0,0.0,0.0,0.6666666666666666,3,0,0
gptoss,1,selfish,trait,PcSh,0,2.0,0.3333333333333333,0.0,0.6666666666666666,-0.3333333333333333,0.3333333333333333,0.3333333333333333,0.3333333333333333,-0.3333333333333333,0.3333333333333333,-0.6666666666666666,0.3333333333333333,3,1,0
gptoss,1,selfish,trait,PdAs,1,-1.0,0.3333333333333333,0.3333333333333333,0.3333333333333333,0.0,0.0,0.0,0.0,-0.0,-0.0,-0.0,0.6666666666666667,3,0,0
gptoss,1,selfish,trait,PdBa,1,-1.0,0.3333333333333333,0.0,0.6666666666666666,-0.3333333333333333,0.3333333333333333,0.3333333333333333,0.3333333333333333,0.3333333333333333,-0.3333333333333333,0.6666666666666666,0.6666666666666667,3,1,1
gptoss,1,selfish,trait,PdCh,1,-1.0,0.6666666666666666,1.0,0.6666666666666666,0.33333333333333337,0.0,0.33333333333333337,0.0,-0.33333333333333337,-0.0,-0.33333333333333337,0.33333333333333337,3,1,0
gptoss,1,selfish,trait,PdCo,1,-1.0,0.6666666666666666,0.6666666666666666,0.6666666666666666,0.0,0.0,0.0,0.0,-0.0,-0.0,-0.0,0.33333333333333337,3,0,0
gptoss,1,selfish,trait,PdHr,1,-1.0,0.3333333333333333,0.3333333333333333,0.3333333333333333,0.0,0.0,0.0,0.0,-0.0,-0.0,-0.0,0.6666666666666667,3,0,0
gptoss,1,selfish,trait,PdSh,1,-1.0,0.6666666666666666,0.6666666666666666,1.0,0.0,0.33333333333333337,0.0,0.33333333333333337,-0.0,-0.33333333333333337,0.33333333333333337,0.33333333333333337,3,0,0
gptoss,1,maximin,rule,AsAs,1,-1.0,0.3333333333333333,0.6666666666666666,0.3333333333333333,0.3333333333333333,0.0,0.3333333333333333,0.0,-0.3333333333333333,-0.0,-0.3333333333333333,0.6666666666666667,3,1,0
gptoss,1,maximin,rule,AsBa,1,-1.0,0.6666666666666666,0.0,0.6666666666666666,-0.6666666666666666,0.0,0.6666666666666666,0.0,0.6666666666666666,-0.0,0.6666666666666666,0.33333333333333337,3,2,2
gptoss,1,maximin,rule,BaBa,0,1.0,0.6666666666666666,1.0,1.0,0.33333333333333337,0.33333333333333337,0.33333333333333337,0.33333333333333337,0.33333333333333337,0.33333333333333337,0.0,0.6666666666666666,3,1,1
gptoss,1,maximin,rule,ChAs,0,1.0,0.3333333333333333,0.6666666666666666,0.3333333333333333,0.3333333333333333,0.0,0.3333333333333333,0.0,0.3333333333333333,0.0,0.3333333333333333,0.3333333333333333,3,1,1
gptoss,1,maximin,rule,ChBa,0,1.0,0.3333333333333333,0.3333333333333333,0.3333333333333333,0.0,0.0,0.0,0.0,0.0,0.0,0.0,0.3333333333333333,3,0,0
gptoss,1,maximin,rule,CmAs,1,-2.0,0.3333333333333333,0.0,0.6666666666666666,-0.3333333333333333,0.3333333333333333,0.3333333333333333,0.3333333333333333,0.3333333333333333,-0.3333333333333333,0.6666666666666666,0.6666666666666667,3,1,1
gptoss,1,maximin,rule,CmBa,1,-2.0,0.3333333333333333,0.3333333333333333,0.3333333333333333,0.0,0.0,0.0,0.0,-0.0,-0.0,-0.0,0.6666666666666667,3,0,0
gptoss,1,maximin,rule,CmCh,1,-2.0,0.3333333333333333,0.6666666666666666,0.6666666666666666,0.3333333333333333,0.3333333333333333,0.3333333333333333,0.3333333333333333,-0.3333333333333333,-0.3333333333333333,-0.0,0.6666666666666667,3,1,0
gptoss,1,maximin,rule,CmCm,1,-2.0,0.3333333333333333,0.3333333333333333,0.3333333333333333,0.0,0.0,0.0,0.0,-0.0,-0.0,-0.0,0.6666666666666667,3,0,0
gptoss,1,maximin,rule,CmCo,1,-2.0,0.6666666666666666,0.6666666666666666,0.6666666666666666,0.0,0.0,0.0,0.0,-0.0,-0.0,-0.0,0.33333333333333337,3,0,0
gptoss,1,maximin,rule,CmHr,1,-2.0,0.3333333333333333,0.3333333333333333,0.3333333333333333,0.0,0.0,0.0,0.0,-0.0,-0.0,-0.0,0.6666666666666667,3,0,0
gptoss,1,maximin,rule,CmNc,1,-2.0,0.6666666666666666,0.3333333333333333,0.6666666666666666,-0.3333333333333333,0.0,0.3333333333333333,0.0,0.3333333333333333,-0.0,0.3333333333333333,0.33333333333333337,3,1,1
gptoss,1,maximin,rule,CmPc,1,-2.0,0.3333333333333333,0.3333333333333333,0.0,0.0,-0.3333333333333333,0.0,0.3333333333333333,-0.0,0.3333333333333333,-0.3333333333333333,0.6666666666666667,3,0,0
gptoss,1,maximin,rule,CmPd,1,-2.0,0.0,0.0,0.0,0.0,0.0,0.0,0.0,-0.0,-0.0,-0.0,1.0,3,0,0
gptoss,1,maximin,rule,CmSh,1,-2.0,0.3333333333333333,0.3333333333333333,0.3333333333333333,0.0,0.0,0.0,0.0,-0.0,-0.0,-0.0,0.6666666666666667,3,0,0
gptoss,1,maximin,rule,CoAs,0,1.0,1.0,1.0,1.0,0.0,0.0,0.0,0.0,0.0,0.0,0.0,1.0,3,0,0
gptoss,1,maximin,rule,CoBa,0,1.0,0.3333333333333333,0.6666666666666666,0.3333333333333333,0.3333333333333333,0.0,0.3333333333333333,0.0,0.3333333333333333,0.0,0.3333333333333333,0.3333333333333333,3,1,1
gptoss,1,maximin,rule,CoCh,0,1.0,0.3333333333333333,0.3333333333333333,0.3333333333333333,0.0,0.0,0.0,0.0,0.0,0.0,0.0,0.3333333333333333,3,2,1
gptoss,1,maximin,rule,CoCo,0,1.0,0.6666666666666666,1.0,0.6666666666666666,0.33333333333333337,0.0,0.33333333333333337,0.0,0.33333333333333337,0.0,0.33333333333333337,0.6666666666666666,3,1,1
gptoss,1,maximin,rule,CoSh,0,1.0,0.0,0.0,0.3333333333333333,0.0,0.3333333333333333,0.0,0.3333333333333333,0.0,0.3333333333333333,-0.3333333333333333,0.0,3,0,0
gptoss,1,maximin,rule,DlAs,1,-2.0,0.6666666666666666,0.6666666666666666,0.6666666666666666,0.0,0.0,0.0,0.0,-0.0,-0.0,-0.0,0.33333333333333337,3,2,1
gptoss,1,maximin,rule,DlBa,1,-2.0,0.6666666666666666,0.6666666666666666,0.6666666666666666,0.0,0.0,0.0,0.0,-0.0,-0.0,-0.0,0.33333333333333337,3,0,0
gptoss,1,maximin,rule,DlCh,1,-2.0,0.6666666666666666,1.0,0.6666666666666666,0.33333333333333337,0.0,0.33333333333333337,0.0,-0.33333333333333337,-0.0,-0.33333333333333337,0.33333333333333337,3,1,0
gptoss,1,maximin,rule,DlCm,1,-2.0,0.3333333333333333,0.3333333333333333,0.3333333333333333,0.0,0.0,0.0,0.0,-0.0,-0.0,-0.0,0.6666666666666667,3,0,0
gptoss,1,maximin,rule,DlCo,1,-2.0,0.3333333333333333,0.0,0.6666666666666666,-0.3333333333333333,0.3333333333333333,0.3333333333333333,0.3333333333333333,0.3333333333333333,-0.3333333333333333,0.6666666666666666,0.6666666666666667,3,1,1
gptoss,1,maximin,rule,DlDl,1,-2.0,0.3333333333333333,0.0,0.3333333333333333,-0.3333333333333333,0.0,0.3333333333333333,0.0,0.3333333333333333,-0.0,0.3333333333333333,0.6666666666666667,3,1,1
gptoss,1,maximin,rule,DlHa,1,-2.0,0.6666666666666666,0.3333333333333333,0.6666666666666666,-0.3333333333333333,0.0,0.3333333333333333,0.0,0.3333333333333333,-0.0,0.3333333333333333,0.33333333333333337,3,1,1
gptoss,1,maximin,rule,DlHr,1,-2.0,0.6666666666666666,0.6666666666666666,0.6666666666666666,0.0,0.0,0.0,0.0,-0.0,-0.0,-0.0,0.33333333333333337,3,0,0
gptoss,1,maximin,rule,DlNc,1,-2.0,0.3333333333333333,0.3333333333333333,0.3333333333333333,0.0,0.0,0.0,0.0,-0.0,-0.0,-0.0,0.6666666666666667,3,0,0
gptoss,1,maximin,rule,DlPc,1,-2.0,0.6666666666666666,0.3333333333333333,0.6666666666666666,-0.3333333333333333,0.0,0.3333333333333333,0.0,0.3333333333333333,-0.0,0.3333333333333333,0.33333333333333337,3,1,1
gptoss,1,maximin,rule,DlPd,1,-2.0,0.3333333333333333,0.3333333333333333,0.6666666666666666,0.0,0.3333333333333333,0.0,0.3333333333333333,-0.0,-0.3333333333333333,0.3333333333333333,0.6666666666666667,3,0,0
gptoss,1,maximin,rule,DlSh,1,-2.0,0.3333333333333333,0.6666666666666666,0.6666666666666666,0.3333333333333333,0.3333333333333333,0.3333333333333333,0.3333333333333333,-0.3333333333333333,-0.3333333333333333,-0.0,0.6666666666666667,3,1,0
gptoss,1,maximin,rule,HaAs,0,2.0,0.3333333333333333,0.6666666666666666,0.3333333333333333,0.3333333333333333,0.0,0.3333333333333333,0.0,0.3333333333333333,0.0,0.3333333333333333,0.3333333333333333,3,1,1
gptoss,1,maximin,rule,HaBa,0,2.0,0.6666666666666666,0.6666666666666666,0.6666666666666666,0.0,0.0,0.0,0.0,0.0,0.0,0.0,0.6666666666666666,3,2,1
gptoss,1,maximin,rule,HaCh,0,2.0,0.6666666666666666,1.0,0.6666666666666666,0.33333333333333337,0.0,0.33333333333333337,0.0,0.33333333333333337,0.0,0.33333333333333337,0.6666666666666666,3,1,1
gptoss,1,maximin,rule,HaCm,0,2.0,0.0,0.6666666666666666,0.0,0.6666666666666666,0.0,0.6666666666666666,0.0,0.6666666666666666,0.0,0.6666666666666666,0.0,3,2,2
gptoss,1,maximin,rule,HaCo,0,2.0,0.6666666666666666,1.0,0.6666666666666666,0.33333333333333337,0.0,0.33333333333333337,0.0,0.33333333333333337,0.0,0.33333333333333337,0.6666666666666666,3,1,1
gptoss,1,maximin,rule,HaHa,0,2.0,0.6666666666666666,0.6666666666666666,0.6666666666666666,0.0,0.0,0.0,0.0,0.0,0.0,0.0,0.6666666666666666,3,2,1
gptoss,1,maximin,rule,HaHr,0,2.0,1.0,1.0,1.0,0.0,0.0,0.0,0.0,0.0,0.0,0.0,1.0,3,0,0
gptoss,1,maximin,rule,HaNc,0,2.0,0.3333333333333333,0.6666666666666666,0.6666666666666666,0.3333333333333333,0.3333333333333333,0.3333333333333333,0.3333333333333333,0.3333333333333333,0.3333333333333333,0.0,0.3333333333333333,3,1,1
gptoss,1,maximin,rule,HaPc,0,2.0,0.6666666666666666,0.3333333333333333,0.6666666666666666,-0.3333333333333333,0.0,0.3333333333333333,0.0,-0.3333333333333333,0.0,-0.3333333333333333,0.6666666666666666,3,1,0
gptoss,1,maximin,rule,HaPd,0,2.0,0.6666666666666666,0.3333333333333333,0.6666666666666666,-0.3333333333333333,0.0,0.3333333333333333,0.0,-0.3333333333333333,0.0,-0.3333333333333333,0.6666666666666666,3,1,0
gptoss,1,maximin,rule,HaSh,0,2.0,0.3333333333333333,1.0,0.3333333333333333,0.6666666666666667,0.0,0.6666666666666667,0.0,0.6666666666666667,0.0,0.6666666666666667,0.3333333333333333,3,2,2
gptoss,1,maximin,rule,HrAs,1,-1.0,0.3333333333333333,0.3333333333333333,0.3333333333333333,0.0,0.0,0.0,0.0,-0.0,-0.0,-0.0,0.6666666666666667,3,0,0
gptoss,1,maximin,rule,HrBa,1,-1.0,0.3333333333333333,0.0,0.3333333333333333,-0.3333333333333333,0.0,0.3333333333333333,0.0,0.3333333333333333,-0.0,0.3333333333333333,0.6666666666666667,3,1,1
gptoss,1,maximin,rule,HrCh,1,-1.0,0.6666666666666666,0.3333333333333333,0.3333333333333333,-0.3333333333333333,-0.3333333333333333,0.3333333333333333,0.3333333333333333,0.3333333333333333,0.3333333333333333,-0.0,0.33333333333333337,3,1,1
gptoss,1,maximin,rule,HrCo,1,-1.0,0.3333333333333333,0.3333333333333333,0.3333333333333333,0.0,0.0,0.0,0.0,-0.0,-0.0,-0.0,0.6666666666666667,3,0,0
gptoss,1,maximin,rule,HrHr,1,-1.0,0.3333333333333333,0.0,0.3333333333333333,-0.3333333333333333,0.0,0.3333333333333333,0.0,0.3333333333333333,-0.0,0.3333333333333333,0.6666666666666667,3,1,1
gptoss,1,maximin,rule,HrSh,1,-1.0,0.6666666666666666,0.6666666666666666,0.6666666666666666,0.0,0.0,0.0,0.0,-0.0,-0.0,-0.0,0.33333333333333337,3,0,0
gptoss,1,maximin,rule,NcAs,0,1.0,0.6666666666666666,1.0,0.6666666666666666,0.33333333333333337,0.0,0.33333333333333337,0.0,0.33333333333333337,0.0,0.33333333333333337,0.6666666666666666,3,1,1
gptoss,1,maximin,rule,NcBa,0,1.0,0.3333333333333333,1.0,0.3333333333333333,0.6666666666666667,0.0,0.6666666666666667,0.0,0.6666666666666667,0.0,0.6666666666666667,0.3333333333333333,3,2,2
gptoss,1,maximin,rule,NcCh,0,1.0,0.3333333333333333,0.6666666666666666,0.3333333333333333,0.3333333333333333,0.0,0.3333333333333333,0.0,0.3333333333333333,0.0,0.3333333333333333,0.3333333333333333,3,1,1
gptoss,1,maximin,rule,NcCo,0,1.0,0.3333333333333333,0.6666666666666666,0.3333333333333333,0.3333333333333333,0.0,0.3333333333333333,0.0,0.3333333333333333,0.0,0.3333333333333333,0.3333333333333333,3,3,2
gptoss,1,maximin,rule,NcHr,0,1.0,0.3333333333333333,0.6666666666666666,0.3333333333333333,0.3333333333333333,0.0,0.3333333333333333,0.0,0.3333333333333333,0.0,0.3333333333333333,0.3333333333333333,3,1,1
gptoss,1,maximin,rule,NcNc,0,1.0,0.3333333333333333,0.6666666666666666,0.3333333333333333,0.3333333333333333,0.0,0.3333333333333333,0.0,0.3333333333333333,0.0,0.3333333333333333,0.3333333333333333,3,1,1
gptoss,1,maximin,rule,NcPd,0,1.0,0.3333333333333333,0.6666666666666666,0.3333333333333333,0.3333333333333333,0.0,0.3333333333333333,0.0,0.3333333333333333,0.0,0.3333333333333333,0.3333333333333333,3,1,1
gptoss,1,maximin,rule,NcSh,0,1.0,0.3333333333333333,0.6666666666666666,0.3333333333333333,0.3333333333333333,0.0,0.3333333333333333,0.0,0.3333333333333333,0.0,0.3333333333333333,0.3333333333333333,3,3,2
gptoss,1,maximin,rule,PcAs,0,2.0,0.6666666666666666,0.6666666666666666,0.6666666666666666,0.0,0.0,0.0,0.0,0.0,0.0,0.0,0.6666666666666666,3,0,0
gptoss,1,maximin,rule,PcBa,0,2.0,0.3333333333333333,0.3333333333333333,0.3333333333333333,0.0,0.0,0.0,0.0,0.0,0.0,0.0,0.3333333333333333,3,0,0
gptoss,1,maximin,rule,PcCh,0,2.0,0.0,0.3333333333333333,0.0,0.3333333333333333,0.0,0.3333333333333333,0.0,0.3333333333333333,0.0,0.3333333333333333,0.0,3,1,1
gptoss,1,maximin,rule,PcCo,0,2.0,0.3333333333333333,0.6666666666666666,0.3333333333333333,0.3333333333333333,0.0,0.3333333333333333,0.0,0.3333333333333333,0.0,0.3333333333333333,0.3333333333333333,3,1,1
gptoss,1,maximin,rule,PcHr,0,2.0,0.0,0.3333333333333333,0.0,0.3333333333333333,0.0,0.3333333333333333,0.0,0.3333333333333333,0.0,0.3333333333333333,0.0,3,1,1
gptoss,1,maximin,rule,PcNc,0,2.0,0.6666666666666666,1.0,0.6666666666666666,0.33333333333333337,0.0,0.33333333333333337,0.0,0.33333333333333337,0.0,0.33333333333333337,0.6666666666666666,3,1,1
gptoss,1,maximin,rule,PcPc,0,2.0,0.3333333333333333,0.6666666666666666,0.6666666666666666,0.3333333333333333,0.3333333333333333,0.3333333333333333,0.3333333333333333,0.3333333333333333,0.3333333333333333,0.0,0.3333333333333333,3,1,1
gptoss,1,maximin,rule,PcPd,0,2.0,0.6666666666666666,0.6666666666666666,0.6666666666666666,0.0,0.0,0.0,0.0,0.0,0.0,0.0,0.6666666666666666,3,2,1
gptoss,1,maximin,rule,PcSh,0,2.0,0.3333333333333333,0.6666666666666666,0.6666666666666666,0.3333333333333333,0.3333333333333333,0.3333333333333333,0.3333333333333333,0.3333333333333333,0.3333333333333333,0.0,0.3333333333333333,3,1,1
gptoss,1,maximin,rule,PdAs,1,-1.0,0.3333333333333333,0.3333333333333333,0.3333333333333333,0.0,0.0,0.0,0.0,-0.0,-0.0,-0.0,0.6666666666666667,3,0,0
gptoss,1,maximin,rule,PdBa,1,-1.0,0.3333333333333333,0.3333333333333333,0.6666666666666666,0.0,0.3333333333333333,0.0,0.3333333333333333,-0.0,-0.3333333333333333,0.3333333333333333,0.6666666666666667,3,2,1
gptoss,1,maximin,rule,PdCh,1,-1.0,0.6666666666666666,0.3333333333333333,0.6666666666666666,-0.3333333333333333,0.0,0.3333333333333333,0.0,0.3333333333333333,-0.0,0.3333333333333333,0.33333333333333337,3,1,1
gptoss,1,maximin,rule,PdCo,1,-1.0,0.6666666666666666,0.6666666666666666,0.6666666666666666,0.0,0.0,0.0,0.0,-0.0,-0.0,-0.0,0.33333333333333337,3,0,0
gptoss,1,maximin,rule,PdHr,1,-1.0,0.3333333333333333,0.3333333333333333,0.3333333333333333,0.0,0.0,0.0,0.0,-0.0,-0.0,-0.0,0.6666666666666667,3,0,0
gptoss,1,maximin,rule,PdSh,1,-1.0,0.6666666666666666,0.3333333333333333,1.0,-0.3333333333333333,0.33333333333333337,0.3333333333333333,0.33333333333333337,0.3333333333333333,-0.33333333333333337,0.6666666666666667,0.33333333333333337,3,1,1
gptoss,1,maximin,rule,ShAs,1,-1.0,0.0,0.0,0.0,0.0,0.0,0.0,0.0,-0.0,-0.0,-0.0,1.0,3,0,0
gptoss,1,maximin,rule,ShBa,1,-1.0,0.3333333333333333,0.6666666666666666,0.6666666666666666,0.3333333333333333,0.3333333333333333,0.3333333333333333,0.3333333333333333,-0.3333333333333333,-0.3333333333333333,-0.0,0.6666666666666667,3,1,0
gptoss,1,maximin,rule,ShCh,1,-1.0,0.3333333333333333,0.3333333333333333,0.3333333333333333,0.0,0.0,0.0,0.0,-0.0,-0.0,-0.0,0.6666666666666667,3,0,0
gptoss,1,maximin,rule,ShSh,1,-1.0,0.0,0.0,0.0,0.0,0.0,0.0,0.0,-0.0,-0.0,-0.0,1.0,3,0,0
gptoss,1,level1,rule,CmAs,1,-2.0,0.3333333333333333,0.6666666666666666,0.6666666666666666,0.3333333333333333,0.3333333333333333,0.3333333333333333,0.3333333333333333,-0.3333333333333333,-0.3333333333333333,-0.0,0.6666666666666667,3,1,0
gptoss,1,level1,rule,CmBa,1,-2.0,0.3333333333333333,0.3333333333333333,0.3333333333333333,0.0,0.0,0.0,0.0,-0.0,-0.0,-0.0,0.6666666666666667,3,0,0
gptoss,1,level1,rule,CmCh,1,-2.0,0.3333333333333333,0.3333333333333333,0.6666666666666666,0.0,0.3333333333333333,0.0,0.3333333333333333,-0.0,-0.3333333333333333,0.3333333333333333,0.6666666666666667,3,0,0
gptoss,1,level1,rule,CmCm,1,-2.0,0.3333333333333333,0.3333333333333333,0.3333333333333333,0.0,0.0,0.0,0.0,-0.0,-0.0,-0.0,0.6666666666666667,3,0,0
gptoss,1,level1,rule,CmCo,1,-2.0,0.6666666666666666,0.6666666666666666,0.6666666666666666,0.0,0.0,0.0,0.0,-0.0,-0.0,-0.0,0.33333333333333337,3,0,0
gptoss,1,level1,rule,CmHr,1,-2.0,0.3333333333333333,0.3333333333333333,0.3333333333333333,0.0,0.0,0.0,0.0,-0.0,-0.0,-0.0,0.6666666666666667,3,0,0
gptoss,1,level1,rule,CmNc,1,-2.0,0.6666666666666666,0.6666666666666666,0.6666666666666666,0.0,0.0,0.0,0.0,-0.0,-0.0,-0.0,0.33333333333333337,3,0,0
gptoss,1,level1,rule,CmPc,1,-2.0,0.3333333333333333,0.3333333333333333,0.0,0.0,-0.3333333333333333,0.0,0.3333333333333333,-0.0,0.3333333333333333,-0.3333333333333333,0.6666666666666667,3,0,0
gptoss,1,level1,rule,CmPd,1,-2.0,0.0,0.3333333333333333,0.0,0.3333333333333333,0.0,0.3333333333333333,0.0,-0.3333333333333333,-0.0,-0.3333333333333333,1.0,3,1,0
gptoss,1,level1,rule,CmSh,1,-2.0,0.3333333333333333,0.3333333333333333,0.3333333333333333,0.0,0.0,0.0,0.0,-0.0,-0.0,-0.0,0.6666666666666667,3,0,0
gptoss,1,level1,rule,CoAs,0,1.0,1.0,1.0,1.0,0.0,0.0,0.0,0.0,0.0,0.0,0.0,1.0,3,0,0
gptoss,1,level1,rule,CoBa,0,1.0,0.3333333333333333,0.3333333333333333,0.3333333333333333,0.0,0.0,0.0,0.0,0.0,0.0,0.0,0.3333333333333333,3,0,0
gptoss,1,level1,rule,CoCh,0,1.0,0.3333333333333333,0.3333333333333333,0.3333333333333333,0.0,0.0,0.0,0.0,0.0,0.0,0.0,0.3333333333333333,3,0,0
gptoss,1,level1,rule,CoCo,0,1.0,0.6666666666666666,0.6666666666666666,0.6666666666666666,0.0,0.0,0.0,0.0,0.0,0.0,0.0,0.6666666666666666,3,0,0
gptoss,1,level1,rule,CoSh,0,1.0,0.0,0.0,0.3333333333333333,0.0,0.3333333333333333,0.0,0.3333333333333333,0.0,0.3333333333333333,-0.3333333333333333,0.0,3,0,0
gptoss,1,level1,rule,DlAs,1,-2.0,0.6666666666666666,1.0,0.6666666666666666,0.33333333333333337,0.0,0.33333333333333337,0.0,-0.33333333333333337,-0.0,-0.33333333333333337,0.33333333333333337,3,1,0
gptoss,1,level1,rule,DlBa,1,-2.0,0.6666666666666666,0.6666666666666666,0.6666666666666666,0.0,0.0,0.0,0.0,-0.0,-0.0,-0.0,0.33333333333333337,3,0,0
gptoss,1,level1,rule,DlCh,1,-2.0,0.6666666666666666,0.6666666666666666,0.6666666666666666,0.0,0.0,0.0,0.0,-0.0,-0.0,-0.0,0.33333333333333337,3,0,0
gptoss,1,level1,rule,DlCm,1,-2.0,0.3333333333333333,0.3333333333333333,0.3333333333333333,0.0,0.0,0.0,0.0,-0.0,-0.0,-0.0,0.6666666666666667,3,0,0
gptoss,1,level1,rule,DlCo,1,-2.0,0.3333333333333333,0.6666666666666666,0.6666666666666666,0.3333333333333333,0.3333333333333333,0.3333333333333333,0.3333333333333333,-0.3333333333333333,-0.3333333333333333,-0.0,0.6666666666666667,3,1,0
gptoss,1,level1,rule,DlDl,1,-2.0,0.3333333333333333,0.3333333333333333,0.3333333333333333,0.0,0.0,0.0,0.0,-0.0,-0.0,-0.0,0.6666666666666667,3,0,0
gptoss,1,level1,rule,DlHa,1,-2.0,0.6666666666666666,0.6666666666666666,0.6666666666666666,0.0,0.0,0.0,0.0,-0.0,-0.0,-0.0,0.33333333333333337,3,0,0
gptoss,1,level1,rule,DlHr,1,-2.0,0.6666666666666666,0.6666666666666666,0.6666666666666666,0.0,0.0,0.0,0.0,-0.0,-0.0,-0.0,0.33333333333333337,3,0,0
gptoss,1,level1,rule,DlNc,1,-2.0,0.3333333333333333,0.3333333333333333,0.3333333333333333,0.0,0.0,0.0,0.0,-0.0,-0.0,-0.0,0.6666666666666667,3,0,0
gptoss,1,level1,rule,DlPc,1,-2.0,0.6666666666666666,0.6666666666666666,0.6666666666666666,0.0,0.0,0.0,0.0,-0.0,-0.0,-0.0,0.33333333333333337,3,0,0
gptoss,1,level1,rule,DlPd,1,-2.0,0.3333333333333333,0.3333333333333333,0.6666666666666666,0.0,0.3333333333333333,0.0,0.3333333333333333,-0.0,-0.3333333333333333,0.3333333333333333,0.6666666666666667,3,0,0
gptoss,1,level1,rule,DlSh,1,-2.0,0.3333333333333333,0.6666666666666666,0.6666666666666666,0.3333333333333333,0.3333333333333333,0.3333333333333333,0.3333333333333333,-0.3333333333333333,-0.3333333333333333,-0.0,0.6666666666666667,3,1,0
gptoss,1,level1,rule,HaAs,0,2.0,0.3333333333333333,0.3333333333333333,0.3333333333333333,0.0,0.0,0.0,0.0,0.0,0.0,0.0,0.3333333333333333,3,0,0
gptoss,1,level1,rule,HaBa,0,2.0,0.6666666666666666,0.6666666666666666,0.6666666666666666,0.0,0.0,0.0,0.0,0.0,0.0,0.0,0.6666666666666666,3,0,0
gptoss,1,level1,rule,HaCh,0,2.0,0.6666666666666666,0.6666666666666666,0.6666666666666666,0.0,0.0,0.0,0.0,0.0,0.0,0.0,0.6666666666666666,3,0,0
gptoss,1,level1,rule,HaCm,0,2.0,0.0,0.3333333333333333,0.0,0.3333333333333333,0.0,0.3333333333333333,0.0,0.3333333333333333,0.0,0.3333333333333333,0.0,3,1,1
gptoss,1,level1,rule,HaCo,0,2.0,0.6666666666666666,0.6666666666666666,0.6666666666666666,0.0,0.0,0.0,0.0,0.0,0.0,0.0,0.6666666666666666,3,0,0
gptoss,1,level1,rule,HaHa,0,2.0,0.6666666666666666,1.0,0.6666666666666666,0.33333333333333337,0.0,0.33333333333333337,0.0,0.33333333333333337,0.0,0.33333333333333337,0.6666666666666666,3,1,1
gptoss,1,level1,rule,HaHr,0,2.0,1.0,1.0,1.0,0.0,0.0,0.0,0.0,0.0,0.0,0.0,1.0,3,0,0
gptoss,1,level1,rule,HaNc,0,2.0,0.3333333333333333,0.3333333333333333,0.6666666666666666,0.0,0.3333333333333333,0.0,0.3333333333333333,0.0,0.3333333333333333,-0.3333333333333333,0.3333333333333333,3,0,0
gptoss,1,level1,rule,HaPc,0,2.0,0.6666666666666666,0.6666666666666666,0.6666666666666666,0.0,0.0,0.0,0.0,0.0,0.0,0.0,0.6666666666666666,3,0,0
gptoss,1,level1,rule,HaPd,0,2.0,0.6666666666666666,0.6666666666666666,0.6666666666666666,0.0,0.0,0.0,0.0,0.0,0.0,0.0,0.6666666666666666,3,0,0
gptoss,1,level1,rule,HaSh,0,2.0,0.3333333333333333,0.6666666666666666,0.3333333333333333,0.3333333333333333,0.0,0.3333333333333333,0.0,0.3333333333333333,0.0,0.3333333333333333,0.3333333333333333,3,1,1
gptoss,1,level1,rule,HrAs,1,-1.0,0.3333333333333333,0.6666666666666666,0.3333333333333333,0.3333333333333333,0.0,0.3333333333333333,0.0,-0.3333333333333333,-0.0,-0.3333333333333333,0.6666666666666667,3,1,0
gptoss,1,level1,rule,HrBa,1,-1.0,0.3333333333333333,0.3333333333333333,0.3333333333333333,0.0,0.0,0.0,0.0,-0.0,-0.0,-0.0,0.6666666666666667,3,0,0
gptoss,1,level1,rule,HrCh,1,-1.0,0.6666666666666666,0.6666666666666666,0.3333333333333333,0.0,-0.3333333333333333,0.0,0.3333333333333333,-0.0,0.3333333333333333,-0.3333333333333333,0.33333333333333337,3,0,0
gptoss,1,level1,rule,HrCo,1,-1.0,0.3333333333333333,0.3333333333333333,0.3333333333333333,0.0,0.0,0.0,0.0,-0.0,-0.0,-0.0,0.6666666666666667,3,0,0
gptoss,1,level1,rule,HrHr,1,-1.0,0.3333333333333333,0.3333333333333333,0.3333333333333333,0.0,0.0,0.0,0.0,-0.0,-0.0,-0.0,0.6666666666666667,3,0,0
gptoss,1,level1,rule,HrSh,1,-1.0,0.6666666666666666,0.6666666666666666,0.6666666666666666,0.0,0.0,0.0,0.0,-0.0,-0.0,-0.0,0.33333333333333337,3,0,0
gptoss,1,level1,rule,NcAs,0,1.0,0.6666666666666666,0.6666666666666666,0.6666666666666666,0.0,0.0,0.0,0.0,0.0,0.0,0.0,0.6666666666666666,3,0,0
gptoss,1,level1,rule,NcBa,0,1.0,0.3333333333333333,0.3333333333333333,0.3333333333333333,0.0,0.0,0.0,0.0,0.0,0.0,0.0,0.3333333333333333,3,0,0
gptoss,1,level1,rule,NcCh,0,1.0,0.3333333333333333,0.3333333333333333,0.3333333333333333,0.0,0.0,0.0,0.0,0.0,0.0,0.0,0.3333333333333333,3,0,0
gptoss,1,level1,rule,NcCo,0,1.0,0.3333333333333333,0.6666666666666666,0.3333333333333333,0.3333333333333333,0.0,0.3333333333333333,0.0,0.3333333333333333,0.0,0.3333333333333333,0.3333333333333333,3,1,1
gptoss,1,level1,rule,NcHr,0,1.0,0.3333333333333333,0.3333333333333333,0.3333333333333333,0.0,0.0,0.0,0.0,0.0,0.0,0.0,0.3333333333333333,3,0,0
gptoss,1,level1,rule,NcNc,0,1.0,0.3333333333333333,0.3333333333333333,0.3333333333333333,0.0,0.0,0.0,0.0,0.0,0.0,0.0,0.3333333333333333,3,0,0
gptoss,1,level1,rule,NcPd,0,1.0,0.3333333333333333,0.3333333333333333,0.3333333333333333,0.0,0.0,0.0,0.0,0.0,0.0,0.0,0.3333333333333333,3,0,0
gptoss,1,level1,rule,NcSh,0,1.0,0.3333333333333333,0.3333333333333333,0.3333333333333333,0.0,0.0,0.0,0.0,0.0,0.0,0.0,0.3333333333333333,3,0,0
gptoss,1,level1,rule,PcAs,0,2.0,0.6666666666666666,0.6666666666666666,0.6666666666666666,0.0,0.0,0.0,0.0,0.0,0.0,0.0,0.6666666666666666,3,0,0
gptoss,1,level1,rule,PcBa,0,2.0,0.3333333333333333,0.6666666666666666,0.3333333333333333,0.3333333333333333,0.0,0.3333333333333333,0.0,0.3333333333333333,0.0,0.3333333333333333,0.3333333333333333,3,1,1
gptoss,1,level1,rule,PcCh,0,2.0,0.0,0.3333333333333333,0.0,0.3333333333333333,0.0,0.3333333333333333,0.0,0.3333333333333333,0.0,0.3333333333333333,0.0,3,1,1
gptoss,1,level1,rule,PcCo,0,2.0,0.3333333333333333,0.3333333333333333,0.3333333333333333,0.0,0.0,0.0,0.0,0.0,0.0,0.0,0.3333333333333333,3,0,0
gptoss,1,level1,rule,PcHr,0,2.0,0.0,0.0,0.0,0.0,0.0,0.0,0.0,0.0,0.0,0.0,0.0,3,0,0
gptoss,1,level1,rule,PcNc,0,2.0,0.6666666666666666,0.6666666666666666,0.6666666666666666,0.0,0.0,0.0,0.0,0.0,0.0,0.0,0.6666666666666666,3,0,0
gptoss,1,level1,rule,PcPc,0,2.0,0.3333333333333333,0.3333333333333333,0.6666666666666666,0.0,0.3333333333333333,0.0,0.3333333333333333,0.0,0.3333333333333333,-0.3333333333333333,0.3333333333333333,3,0,0
gptoss,1,level1,rule,PcPd,0,2.0,0.6666666666666666,0.3333333333333333,0.6666666666666666,-0.3333333333333333,0.0,0.3333333333333333,0.0,-0.3333333333333333,0.0,-0.3333333333333333,0.6666666666666666,3,1,0
gptoss,1,level1,rule,PcSh,0,2.0,0.3333333333333333,0.6666666666666666,0.6666666666666666,0.3333333333333333,0.3333333333333333,0.3333333333333333,0.3333333333333333,0.3333333333333333,0.3333333333333333,0.0,0.3333333333333333,3,1,1
gptoss,1,level1,rule,PdAs,1,-1.0,0.3333333333333333,0.3333333333333333,0.3333333333333333,0.0,0.0,0.0,0.0,-0.0,-0.0,-0.0,0.6666666666666667,3,0,0
gptoss,1,level1,rule,PdBa,1,-1.0,0.3333333333333333,0.3333333333333333,0.6666666666666666,0.0,0.3333333333333333,0.0,0.3333333333333333,-0.0,-0.3333333333333333,0.3333333333333333,0.6666666666666667,3,0,0
gptoss,1,level1,rule,PdCh,1,-1.0,0.6666666666666666,0.6666666666666666,0.6666666666666666,0.0,0.0,0.0,0.0,-0.0,-0.0,-0.0,0.33333333333333337,3,0,0
gptoss,1,level1,rule,PdCo,1,-1.0,0.6666666666666666,0.6666666666666666,0.6666666666666666,0.0,0.0,0.0,0.0,-0.0,-0.0,-0.0,0.33333333333333337,3,0,0
gptoss,1,level1,rule,PdHr,1,-1.0,0.3333333333333333,0.3333333333333333,0.3333333333333333,0.0,0.0,0.0,0.0,-0.0,-0.0,-0.0,0.6666666666666667,3,0,0
gptoss,1,level1,rule,PdSh,1,-1.0,0.6666666666666666,0.6666666666666666,1.0,0.0,0.33333333333333337,0.0,0.33333333333333337,-0.0,-0.33333333333333337,0.33333333333333337,0.33333333333333337,3,0,0
gptoss,1,level2,rule,CmCm,1,-1.0,0.3333333333333333,0.3333333333333333,0.3333333333333333,0.0,0.0,0.0,0.0,-0.0,-0.0,-0.0,0.6666666666666667,3,0,0
gptoss,1,level2,rule,CmCo,1,-3.0,0.6666666666666666,0.6666666666666666,0.6666666666666666,0.0,0.0,0.0,0.0,-0.0,-0.0,-0.0,0.33333333333333337,3,0,0
gptoss,1,level2,rule,CmHr,1,-1.0,0.3333333333333333,0.3333333333333333,0.3333333333333333,0.0,0.0,0.0,0.0,-0.0,-0.0,-0.0,0.6666666666666667,3,0,0
gptoss,1,level2,rule,CmNc,1,-3.0,0.6666666666666666,0.6666666666666666,0.6666666666666666,0.0,0.0,0.0,0.0,-0.0,-0.0,-0.0,0.33333333333333337,3,0,0
gptoss,1,level2,rule,CmPc,1,-3.0,0.3333333333333333,0.3333333333333333,0.0,0.0,-0.3333333333333333,0.0,0.3333333333333333,-0.0,0.3333333333333333,-0.3333333333333333,0.6666666666666667,3,0,0
gptoss,1,level2,rule,CmPd,1,-1.0,0.0,0.3333333333333333,0.0,0.3333333333333333,0.0,0.3333333333333333,0.0,-0.3333333333333333,-0.0,-0.3333333333333333,1.0,3,1,0
gptoss,1,level2,rule,CoCo,0,3.0,0.6666666666666666,0.6666666666666666,0.6666666666666666,0.0,0.0,0.0,0.0,0.0,0.0,0.0,0.6666666666666666,3,0,0
gptoss,1,level2,rule,DlCm,1,-2.0,0.3333333333333333,0.6666666666666666,0.3333333333333333,0.3333333333333333,0.0,0.3333333333333333,0.0,-0.3333333333333333,-0.0,-0.3333333333333333,0.6666666666666667,3,1,0
gptoss,1,level2,rule,DlCo,1,-2.0,0.3333333333333333,0.3333333333333333,0.6666666666666666,0.0,0.3333333333333333,0.0,0.3333333333333333,-0.0,-0.3333333333333333,0.3333333333333333,0.6666666666666667,3,0,0
gptoss,1,level2,rule,DlDl,1,-2.0,0.3333333333333333,0.3333333333333333,0.3333333333333333,0.0,0.0,0.0,0.0,-0.0,-0.0,-0.0,0.6666666666666667,3,0,0
gptoss,1,level2,rule,DlHa,1,-2.0,0.6666666666666666,0.3333333333333333,0.6666666666666666,-0.3333333333333333,0.0,0.3333333333333333,0.0,0.3333333333333333,-0.0,0.3333333333333333,0.33333333333333337,3,1,1
gptoss,1,level2,rule,DlHr,1,-2.0,0.6666666666666666,0.6666666666666666,0.6666666666666666,0.0,0.0,0.0,0.0,-0.0,-0.0,-0.0,0.33333333333333337,3,0,0
gptoss,1,level2,rule,DlNc,1,-2.0,0.3333333333333333,0.3333333333333333,0.3333333333333333,0.0,0.0,0.0,0.0,-0.0,-0.0,-0.0,0.6666666666666667,3,0,0
gptoss,1,level2,rule,DlPc,1,-2.0,0.6666666666666666,0.6666666666666666,0.6666666666666666,0.0,0.0,0.0,0.0,-0.0,-0.0,-0.0,0.33333333333333337,3,0,0
gptoss,1,level2,rule,DlPd,1,-2.0,0.3333333333333333,0.3333333333333333,0.6666666666666666,0.0,0.3333333333333333,0.0,0.3333333333333333,-0.0,-0.3333333333333333,0.3333333333333333,0.6666666666666667,3,0,0
gptoss,1,level2,rule,HaCm,0,2.0,0.0,0.0,0.0,0.0,0.0,0.0,0.0,0.0,0.0,0.0,0.0,2,0,0
gptoss,1,level2,rule,HaCo,0,2.0,0.6666666666666666,0.6666666666666666,0.6666666666666666,0.0,0.0,0.0,0.0,0.0,0.0,0.0,0.6666666666666666,3,0,0
gptoss,1,level2,rule,HaHa,0,2.0,0.6666666666666666,0.6666666666666666,0.6666666666666666,0.0,0.0,0.0,0.0,0.0,0.0,0.0,0.6666666666666666,3,0,0
gptoss,1,level2,rule,HaHr,0,2.0,1.0,1.0,1.0,0.0,0.0,0.0,0.0,0.0,0.0,0.0,1.0,3,0,0
gptoss,1,level2,rule,HaNc,0,2.0,0.3333333333333333,0.3333333333333333,0.6666666666666666,0.0,0.3333333333333333,0.0,0.3333333333333333,0.0,0.3333333333333333,-0.3333333333333333,0.3333333333333333,3,0,0
gptoss,1,level2,rule,HaPc,0,2.0,0.6666666666666666,0.0,0.6666666666666666,-0.6666666666666666,0.0,0.6666666666666666,0.0,-0.6666666666666666,0.0,-0.6666666666666666,0.6666666666666666,3,2,0
gptoss,1,level2,rule,HaPd,0,2.0,0.6666666666666666,0.6666666666666666,0.6666666666666666,0.0,0.0,0.0,0.0,0.0,0.0,0.0,0.6666666666666666,3,0,0
gptoss,1,level2,rule,HrCo,1,-3.0,0.3333333333333333,0.3333333333333333,0.3333333333333333,0.0,0.0,0.0,0.0,-0.0,-0.0,-0.0,0.6666666666666667,3,0,0
gptoss,1,level2,rule,HrHr,0,1.0,0.3333333333333333,0.3333333333333333,0.3333333333333333,0.0,0.0,0.0,0.0,0.0,0.0,0.0,0.3333333333333333,3,0,0
gptoss,1,level2,rule,NcCo,0,1.0,0.3333333333333333,0.5,0.3333333333333333,0.16666666666666669,0.0,0.16666666666666669,0.0,0.16666666666666669,0.0,0.16666666666666669,0.3333333333333333,2,0,0
gptoss,1,level2,rule,NcHr,0,1.0,0.3333333333333333,0.3333333333333333,0.3333333333333333,0.0,0.0,0.0,0.0,0.0,0.0,0.0,0.3333333333333333,3,0,0
gptoss,1,level2,rule,NcNc,0,1.0,0.3333333333333333,0.0,0.3333333333333333,-0.3333333333333333,0.0,0.3333333333333333,0.0,-0.3333333333333333,0.0,-0.3333333333333333,0.3333333333333333,3,1,0
gptoss,1,level2,rule,NcPd,0,1.0,0.3333333333333333,0.3333333333333333,0.3333333333333333,0.0,0.0,0.0,0.0,0.0,0.0,0.0,0.3333333333333333,3,0,0
gptoss,1,level2,rule,PcCo,0,3.0,0.3333333333333333,0.3333333333333333,0.3333333333333333,0.0,0.0,0.0,0.0,0.0,0.0,0.0,0.3333333333333333,3,0,0
gptoss,1,level2,rule,PcHr,0,1.0,0.0,0.0,0.0,0.0,0.0,0.0,0.0,0.0,0.0,0.0,0.0,3,0,0
gptoss,1,level2,rule,PcNc,0,3.0,0.6666666666666666,0.6666666666666666,0.6666666666666666,0.0,0.0,0.0,0.0,0.0,0.0,0.0,0.6666666666666666,3,0,0
gptoss,1,level2,rule,PcPc,0,3.0,0.3333333333333333,0.3333333333333333,0.6666666666666666,0.0,0.3333333333333333,0.0,0.3333333333333333,0.0,0.3333333333333333,-0.3333333333333333,0.3333333333333333,3,0,0
gptoss,1,level2,rule,PcPd,0,1.0,0.6666666666666666,0.6666666666666666,0.6666666666666666,0.0,0.0,0.0,0.0,0.0,0.0,0.0,0.6666666666666666,3,0,0
gptoss,1,level2,rule,PdCo,1,-1.0,0.6666666666666666,0.3333333333333333,0.6666666666666666,-0.3333333333333333,0.0,0.3333333333333333,0.0,0.3333333333333333,-0.0,0.3333333333333333,0.33333333333333337,3,1,1
gptoss,1,level2,rule,PdHr,1,-1.0,0.3333333333333333,0.3333333333333333,0.3333333333333333,0.0,0.0,0.0,0.0,-0.0,-0.0,-0.0,0.6666666666666667,3,0,0
gptoss,10,risk,trait,AsAs,1,-1.0,0.3333333333333333,0.3333333333333333,0.3333333333333333,0.0,0.0,0.0,0.0,-0.0,-0.0,-0.0,0.6666666666666667,3,0,0
gptoss,10,risk,trait,AsBa,1,-1.0,0.6666666666666666,0.6666666666666666,0.0,0.0,-0.6666666666666666,0.0,0.6666666666666666,-0.0,0.6666666666666666,-0.6666666666666666,0.33333333333333337,3,0,0
gptoss,10,risk,trait,BaBa,0,1.0,0.6666666666666666,0.6666666666666666,1.0,0.0,0.33333333333333337,0.0,0.33333333333333337,0.0,0.33333333333333337,-0.33333333333333337,0.6666666666666666,3,0,0
gptoss,10,risk,trait,ChAs,0,1.0,0.3333333333333333,0.3333333333333333,0.3333333333333333,0.0,0.0,0.0,0.0,0.0,0.0,0.0,0.3333333333333333,3,0,0
gptoss,10,risk,trait,ChBa,0,1.0,0.3333333333333333,0.3333333333333333,0.3333333333333333,0.0,0.0,0.0,0.0,0.0,0.0,0.0,0.3333333333333333,3,0,0
gptoss,10,risk,trait,CmAs,1,-2.0,0.3333333333333333,0.6666666666666666,0.6666666666666666,0.3333333333333333,0.3333333333333333,0.3333333333333333,0.3333333333333333,-0.3333333333333333,-0.3333333333333333,-0.0,0.6666666666666667,3,1,0
gptoss,10,risk,trait,CmBa,1,-2.0,0.3333333333333333,0.3333333333333333,0.0,0.0,-0.3333333333333333,0.0,0.3333333333333333,-0.0,0.3333333333333333,-0.3333333333333333,0.6666666666666667,3,0,0
gptoss,10,risk,trait,CmCh,1,-2.0,0.3333333333333333,0.3333333333333333,0.3333333333333333,0.0,0.0,0.0,0.0,-0.0,-0.0,-0.0,0.6666666666666667,3,0,0
gptoss,10,risk,trait,CmCm,1,-2.0,0.3333333333333333,0.3333333333333333,0.0,0.0,-0.3333333333333333,0.0,0.3333333333333333,-0.0,0.3333333333333333,-0.3333333333333333,0.6666666666666667,3,0,0
gptoss,10,risk,trait,CmCo,1,-2.0,0.6666666666666666,0.6666666666666666,0.6666666666666666,0.0,0.0,0.0,0.0,-0.0,-0.0,-0.0,0.33333333333333337,3,0,0
gptoss,10,risk,trait,CmHr,1,-2.0,0.6666666666666666,0.3333333333333333,0.3333333333333333,-0.3333333333333333,-0.3333333333333333,0.3333333333333333,0.3333333333333333,0.3333333333333333,0.3333333333333333,-0.0,0.33333333333333337,3,1,1
gptoss,10,risk,trait,CmNc,1,-2.0,0.6666666666666666,0.6666666666666666,0.3333333333333333,0.0,-0.3333333333333333,0.0,0.3333333333333333,-0.0,0.3333333333333333,-0.3333333333333333,0.33333333333333337,3,0,0
gptoss,10,risk,trait,CmPc,1,-2.0,0.3333333333333333,0.3333333333333333,0.3333333333333333,0.0,0.0,0.0,0.0,-0.0,-0.0,-0.0,0.6666666666666667,3,0,0
gptoss,10,risk,trait,CmPd,1,-2.0,0.0,0.3333333333333333,0.6666666666666666,0.3333333333333333,0.6666666666666666,0.3333333333333333,0.6666666666666666,-0.3333333333333333,-0.6666666666666666,0.3333333333333333,1.0,3,1,0
gptoss,10,risk,trait,CmSh,1,-2.0,0.3333333333333333,0.3333333333333333,0.3333333333333333,0.0,0.0,0.0,0.0,-0.0,-0.0,-0.0,0.6666666666666667,3,0,0
gptoss,10,risk,trait,CoAs,0,1.0,0.6666666666666666,1.0,1.0,0.33333333333333337,0.33333333333333337,0.33333333333333337,0.33333333333333337,0.33333333333333337,0.33333333333333337,0.0,0.6666666666666666,3,1,1
gptoss,10,risk,trait,CoBa,0,1.0,0.3333333333333333,0.3333333333333333,1.0,0.0,0.6666666666666667,0.0,0.6666666666666667,0.0,0.6666666666666667,-0.6666666666666667,0.3333333333333333,3,0,0
gptoss,10,risk,trait,CoCh,0,1.0,0.0,0.0,0.6666666666666666,0.0,0.6666666666666666,0.0,0.6666666666666666,0.0,0.6666666666666666,-0.6666666666666666,0.0,3,0,0
gptoss,10,risk,trait,CoCo,0,1.0,0.6666666666666666,0.6666666666666666,0.6666666666666666,0.0,0.0,0.0,0.0,0.0,0.0,0.0,0.6666666666666666,3,0,0
gptoss,10,risk,trait,CoSh,0,1.0,0.0,0.0,0.3333333333333333,0.0,0.3333333333333333,0.0,0.3333333333333333,0.0,0.3333333333333333,-0.3333333333333333,0.0,3,0,0
gptoss,10,risk,trait,DlAs,1,-2.0,0.6666666666666666,1.0,0.6666666666666666,0.33333333333333337,0.0,0.33333333333333337,0.0,-0.33333333333333337,-0.0,-0.33333333333333337,0.33333333333333337,3,1,0
gptoss,10,risk,trait,DlBa,1,-2.0,0.6666666666666666,0.6666666666666666,0.6666666666666666,0.0,0.0,0.0,0.0,-0.0,-0.0,-0.0,0.33333333333333337,3,0,0
gptoss,10,risk,trait,DlCh,1,-2.0,0.6666666666666666,0.6666666666666666,1.0,0.0,0.33333333333333337,0.0,0.33333333333333337,-0.0,-0.33333333333333337,0.33333333333333337,0.33333333333333337,3,0,0
gptoss,10,risk,trait,DlCm,1,-2.0,1.0,0.3333333333333333,0.6666666666666666,-0.6666666666666667,-0.33333333333333337,0.6666666666666667,0.33333333333333337,0.6666666666666667,0.33333333333333337,0.33333333333333337,0.0,3,2,2
gptoss,10,risk,trait,DlCo,1,-2.0,0.0,0.3333333333333333,0.0,0.3333333333333333,0.0,0.3333333333333333,0.0,-0.3333333333333333,-0.0,-0.3333333333333333,1.0,3,1,0
gptoss,10,risk,trait,DlDl,1,-2.0,0.3333333333333333,0.3333333333333333,0.0,0.0,-0.3333333333333333,0.0,0.3333333333333333,-0.0,0.3333333333333333,-0.3333333333333333,0.6666666666666667,3,0,0
gptoss,10,risk,trait,DlHa,1,-2.0,0.3333333333333333,0.3333333333333333,0.3333333333333333,0.0,0.0,0.0,0.0,-0.0,-0.0,-0.0,0.6666666666666667,3,0,0
gptoss,10,risk,trait,DlHr,1,-2.0,0.6666666666666666,0.6666666666666666,0.6666666666666666,0.0,0.0,0.0,0.0,-0.0,-0.0,-0.0,0.33333333333333337,3,0,0
gptoss,10,risk,trait,DlNc,1,-2.0,0.3333333333333333,0.3333333333333333,0.3333333333333333,0.0,0.0,0.0,0.0,-0.0,-0.0,-0.0,0.6666666666666667,3,0,0
gptoss,10,risk,trait,DlPc,1,-2.0,0.6666666666666666,0.6666666666666666,0.3333333333333333,0.0,-0.3333333333333333,0.0,0.3333333333333333,-0.0,0.3333333333333333,-0.3333333333333333,0.33333333333333337,3,0,0
gptoss,10,risk,trait,DlPd,1,-2.0,0.6666666666666666,0.3333333333333333,0.6666666666666666,-0.3333333333333333,0.0,0.3333333333333333,0.0,0.3333333333333333,-0.0,0.3333333333333333,0.33333333333333337,3,1,1
gptoss,10,risk,trait,DlSh,1,-2.0,0.6666666666666666,0.3333333333333333,0.3333333333333333,-0.3333333333333333,-0.3333333333333333,0.3333333333333333,0.3333333333333333,0.3333333333333333,0.3333333333333333,-0.0,0.33333333333333337,3,1,1
gptoss,10,risk,trait,HaAs,0,2.0,0.6666666666666666,0.6666666666666666,0.3333333333333333,0.0,-0.3333333333333333,0.0,0.3333333333333333,0.0,-0.3333333333333333,0.3333333333333333,0.6666666666666666,3,0,0
gptoss,10,risk,trait,HaBa,0,2.0,0.6666666666666666,0.6666666666666666,0.6666666666666666,0.0,0.0,0.0,0.0,0.0,0.0,0.0,0.6666666666666666,3,0,0
gptoss,10,risk,trait,HaCh,0,2.0,0.6666666666666666,0.6666666666666666,1.0,0.0,0.33333333333333337,0.0,0.33333333333333337,0.0,0.33333333333333337,-0.33333333333333337,0.6666666666666666,3,0,0
gptoss,10,risk,trait,HaCm,0,2.0,0.0,0.3333333333333333,0.0,0.3333333333333333,0.0,0.3333333333333333,0.0,0.3333333333333333,0.0,0.3333333333333333,0.0,3,1,1
gptoss,10,risk,trait,HaCo,0,2.0,0.6666666666666666,0.6666666666666666,0.6666666666666666,0.0,0.0,0.0,0.0,0.0,0.0,0.0,0.6666666666666666,3,0,0
gptoss,10,risk,trait,HaHa,0,2.0,1.0,0.6666666666666666,0.3333333333333333,-0.33333333333333337,-0.6666666666666667,0.33333333333333337,0.6666666666666667,-0.33333333333333337,-0.6666666666666667,0.33333333333333337,1.0,3,1,0
gptoss,10,risk,trait,HaHr,0,2.0,0.6666666666666666,1.0,1.0,0.33333333333333337,0.33333333333333337,0.33333333333333337,0.33333333333333337,0.33333333333333337,0.33333333333333337,0.0,0.6666666666666666,3,1,1
gptoss,10,risk,trait,HaNc,0,2.0,0.3333333333333333,0.3333333333333333,0.3333333333333333,0.0,0.0,0.0,0.0,0.0,0.0,0.0,0.3333333333333333,3,0,0
gptoss,10,risk,trait,HaPc,0,2.0,0.0,0.3333333333333333,0.3333333333333333,0.3333333333333333,0.3333333333333333,0.3333333333333333,0.3333333333333333,0.3333333333333333,0.3333333333333333,0.0,0.0,3,1,1
gptoss,10,risk,trait,HaPd,0,2.0,0.6666666666666666,0.6666666666666666,0.6666666666666666,0.0,0.0,0.0,0.0,0.0,0.0,0.0,0.6666666666666666,3,0,0
gptoss,10,risk,trait,HaSh,0,2.0,0.6666666666666666,0.6666666666666666,0.6666666666666666,0.0,0.0,0.0,0.0,0.0,0.0,0.0,0.6666666666666666,3,2,1
gptoss,10,risk,trait,HrAs,1,-1.0,0.3333333333333333,0.3333333333333333,0.6666666666666666,0.0,0.3333333333333333,0.0,0.3333333333333333,-0.0,-0.3333333333333333,0.3333333333333333,0.6666666666666667,3,0,0
gptoss,10,risk,trait,HrBa,1,-1.0,0.3333333333333333,0.3333333333333333,0.3333333333333333,0.0,0.0,0.0,0.0,-0.0,-0.0,-0.0,0.6666666666666667,3,0,0
gptoss,10,risk,trait,HrCh,1,-1.0,0.6666666666666666,0.6666666666666666,0.6666666666666666,0.0,0.0,0.0,0.0,-0.0,-0.0,-0.0,0.33333333333333337,3,0,0
gptoss,10,risk,trait,HrCo,1,-1.0,0.3333333333333333,0.3333333333333333,0.6666666666666666,0.0,0.3333333333333333,0.0,0.3333333333333333,-0.0,-0.3333333333333333,0.3333333333333333,0.6666666666666667,3,0,0
gptoss,10,risk,trait,HrHr,1,-1.0,0.3333333333333333,0.3333333333333333,0.3333333333333333,0.0,0.0,0.0,0.0,-0.0,-0.0,-0.0,0.6666666666666667,3,0,0
gptoss,10,risk,trait,HrSh,1,-1.0,0.6666666666666666,0.6666666666666666,0.6666666666666666,0.0,0.0,0.0,0.0,-0.0,-0.0,-0.0,0.33333333333333337,3,0,0
gptoss,10,risk,trait,NcAs,0,1.0,0.6666666666666666,0.6666666666666666,0.6666666666666666,0.0,0.0,0.0,0.0,0.0,0.0,0.0,0.6666666666666666,3,0,0
gptoss,10,risk,trait,NcBa,0,1.0,0.3333333333333333,0.3333333333333333,0.3333333333333333,0.0,0.0,0.0,0.0,0.0,0.0,0.0,0.3333333333333333,3,0,0
gptoss,10,risk,trait,NcCh,0,1.0,0.3333333333333333,0.3333333333333333,0.6666666666666666,0.0,0.3333333333333333,0.0,0.3333333333333333,0.0,0.3333333333333333,-0.3333333333333333,0.3333333333333333,3,0,0
gptoss,10,risk,trait,NcCo,0,1.0,0.3333333333333333,0.6666666666666666,0.6666666666666666,0.3333333333333333,0.3333333333333333,0.3333333333333333,0.3333333333333333,0.3333333333333333,0.3333333333333333,0.0,0.3333333333333333,3,1,1
gptoss,10,risk,trait,NcHr,0,1.0,0.3333333333333333,0.3333333333333333,0.3333333333333333,0.0,0.0,0.0,0.0,0.0,0.0,0.0,0.3333333333333333,3,0,0
gptoss,10,risk,trait,NcNc,0,1.0,0.3333333333333333,0.3333333333333333,0.3333333333333333,0.0,0.0,0.0,0.0,0.0,0.0,0.0,0.3333333333333333,3,0,0
gptoss,10,risk,trait,NcPd,0,1.0,0.3333333333333333,0.3333333333333333,0.3333333333333333,0.0,0.0,0.0,0.0,0.0,0.0,0.0,0.3333333333333333,3,0,0
gptoss,10,risk,trait,NcSh,0,1.0,0.3333333333333333,0.3333333333333333,0.3333333333333333,0.0,0.0,0.0,0.0,0.0,0.0,0.0,0.3333333333333333,3,0,0
gptoss,10,risk,trait,PcAs,0,2.0,0.6666666666666666,0.6666666666666666,0.6666666666666666,0.0,0.0,0.0,0.0,0.0,0.0,0.0,0.6666666666666666,3,0,0
gptoss,10,risk,trait,PcBa,0,2.0,0.3333333333333333,0.6666666666666666,0.6666666666666666,0.3333333333333333,0.3333333333333333,0.3333333333333333,0.3333333333333333,0.3333333333333333,0.3333333333333333,0.0,0.3333333333333333,3,1,1
gptoss,10,risk,trait,PcCh,0,2.0,0.0,0.0,0.3333333333333333,0.0,0.3333333333333333,0.0,0.3333333333333333,0.0,0.3333333333333333,-0.3333333333333333,0.0,3,0,0
gptoss,10,risk,trait,PcCo,0,2.0,0.3333333333333333,0.3333333333333333,0.6666666666666666,0.0,0.3333333333333333,0.0,0.3333333333333333,0.0,0.3333333333333333,-0.3333333333333333,0.3333333333333333,3,0,0
gptoss,10,risk,trait,PcHr,0,2.0,0.0,0.0,0.6666666666666666,0.0,0.6666666666666666,0.0,0.6666666666666666,0.0,0.6666666666666666,-0.6666666666666666,0.0,3,0,0
gptoss,10,risk,trait,PcNc,0,2.0,0.6666666666666666,0.6666666666666666,0.6666666666666666,0.0,0.0,0.0,0.0,0.0,0.0,0.0,0.6666666666666666,3,0,0
gptoss,10,risk,trait,PcPc,0,2.0,0.3333333333333333,0.3333333333333333,0.6666666666666666,0.0,0.3333333333333333,0.0,0.3333333333333333,0.0,0.3333333333333333,-0.3333333333333333,0.3333333333333333,3,0,0
gptoss,10,risk,trait,PcPd,0,2.0,1.0,0.6666666666666666,0.6666666666666666,-0.33333333333333337,-0.33333333333333337,0.33333333333333337,0.33333333333333337,-0.33333333333333337,-0.33333333333333337,0.0,1.0,3,1,0
gptoss,10,risk,trait,PcSh,0,2.0,0.6666666666666666,0.6666666666666666,0.6666666666666666,0.0,0.0,0.0,0.0,0.0,0.0,0.0,0.6666666666666666,3,0,0
gptoss,10,risk,trait,PdAs,1,-1.0,0.3333333333333333,0.3333333333333333,0.3333333333333333,0.0,0.0,0.0,0.0,-0.0,-0.0,-0.0,0.6666666666666667,3,0,0
gptoss,10,risk,trait,PdBa,1,-1.0,0.6666666666666666,0.3333333333333333,0.6666666666666666,-0.3333333333333333,0.0,0.3333333333333333,0.0,0.3333333333333333,-0.0,0.3333333333333333,0.33333333333333337,3,1,1
gptoss,10,risk,trait,PdCh,1,-1.0,1.0,0.6666666666666666,0.6666666666666666,-0.33333333333333337,-0.33333333333333337,0.33333333333333337,0.33333333333333337,0.33333333333333337,0.33333333333333337,-0.0,0.0,3,1,1
gptoss,10,risk,trait,PdCo,1,-1.0,0.6666666666666666,0.6666666666666666,0.6666666666666666,0.0,0.0,0.0,0.0,-0.0,-0.0,-0.0,0.33333333333333337,3,0,0
gptoss,10,risk,trait,PdHr,1,-1.0,0.3333333333333333,0.3333333333333333,0.3333333333333333,0.0,0.0,0.0,0.0,-0.0,-0.0,-0.0,0.6666666666666667,3,0,0
gptoss,10,risk,trait,PdSh,1,-1.0,0.6666666666666666,0.6666666666666666,0.3333333333333333,0.0,-0.3333333333333333,0.0,0.3333333333333333,-0.0,0.3333333333333333,-0.3333333333333333,0.33333333333333337,3,0,0
gptoss,10,risk,trait,ShAs,1,-1.0,0.0,0.0,0.0,0.0,0.0,0.0,0.0,-0.0,-0.0,-0.0,1.0,3,0,0
gptoss,10,risk,trait,ShBa,1,-1.0,0.3333333333333333,0.3333333333333333,0.3333333333333333,0.0,0.0,0.0,0.0,-0.0,-0.0,-0.0,0.6666666666666667,3,0,0
gptoss,10,risk,trait,ShCh,1,-1.0,0.3333333333333333,0.3333333333333333,0.3333333333333333,0.0,0.0,0.0,0.0,-0.0,-0.0,-0.0,0.6666666666666667,3,0,0
gptoss,10,risk,trait,ShSh,1,-1.0,0.0,0.0,0.0,0.0,0.0,0.0,0.0,-0.0,-0.0,-0.0,1.0,3,0,0
gptoss,10,loss,trait,AsAs,1,-1.0,0.3333333333333333,0.3333333333333333,0.3333333333333333,0.0,0.0,0.0,0.0,-0.0,-0.0,-0.0,0.6666666666666667,3,0,0
gptoss,10,loss,trait,AsBa,1,-1.0,0.6666666666666666,0.6666666666666666,0.0,0.0,-0.6666666666666666,0.0,0.6666666666666666,-0.0,0.6666666666666666,-0.6666666666666666,0.33333333333333337,3,0,0
gptoss,10,loss,trait,BaBa,0,1.0,0.6666666666666666,0.6666666666666666,1.0,0.0,0.33333333333333337,0.0,0.33333333333333337,0.0,0.33333333333333337,-0.33333333333333337,0.6666666666666666,3,0,0
gptoss,10,loss,trait,ChAs,0,1.0,0.3333333333333333,0.3333333333333333,0.3333333333333333,0.0,0.0,0.0,0.0,0.0,0.0,0.0,0.3333333333333333,3,0,0
gptoss,10,loss,trait,ChBa,0,1.0,0.3333333333333333,0.3333333333333333,0.3333333333333333,0.0,0.0,0.0,0.0,0.0,0.0,0.0,0.3333333333333333,3,0,0
gptoss,10,loss,trait,CmAs,1,-2.0,0.3333333333333333,0.6666666666666666,0.6666666666666666,0.3333333333333333,0.3333333333333333,0.3333333333333333,0.3333333333333333,-0.3333333333333333,-0.3333333333333333,-0.0,0.6666666666666667,3,1,0
gptoss,10,loss,trait,CmBa,1,-2.0,0.3333333333333333,0.3333333333333333,0.0,0.0,-0.3333333333333333,0.0,0.3333333333333333,-0.0,0.3333333333333333,-0.3333333333333333,0.6666666666666667,3,0,0
gptoss,10,loss,trait,CmCh,1,-2.0,0.3333333333333333,0.3333333333333333,0.3333333333333333,0.0,0.0,0.0,0.0,-0.0,-0.0,-0.0,0.6666666666666667,3,0,0
gptoss,10,loss,trait,CmCm,1,-2.0,0.3333333333333333,0.3333333333333333,0.0,0.0,-0.3333333333333333,0.0,0.3333333333333333,-0.0,0.3333333333333333,-0.3333333333333333,0.6666666666666667,3,0,0
gptoss,10,loss,trait,CmCo,1,-2.0,0.6666666666666666,0.6666666666666666,0.6666666666666666,0.0,0.0,0.0,0.0,-0.0,-0.0,-0.0,0.33333333333333337,3,0,0
gptoss,10,loss,trait,CmHr,1,-2.0,0.6666666666666666,0.6666666666666666,0.3333333333333333,0.0,-0.3333333333333333,0.0,0.3333333333333333,-0.0,0.3333333333333333,-0.3333333333333333,0.33333333333333337,3,2,1
gptoss,10,loss,trait,CmNc,1,-2.0,0.6666666666666666,0.6666666666666666,0.3333333333333333,0.0,-0.3333333333333333,0.0,0.3333333333333333,-0.0,0.3333333333333333,-0.3333333333333333,0.33333333333333337,3,0,0
gptoss,10,loss,trait,CmPc,1,-2.0,0.3333333333333333,0.3333333333333333,0.3333333333333333,0.0,0.0,0.0,0.0,-0.0,-0.0,-0.0,0.6666666666666667,3,0,0
gptoss,10,loss,trait,CmPd,1,-2.0,0.0,0.6666666666666666,0.6666666666666666,0.6666666666666666,0.6666666666666666,0.6666666666666666,0.6666666666666666,-0.6666666666666666,-0.6666666666666666,-0.0,1.0,3,2,0
gptoss,10,loss,trait,CmSh,1,-2.0,0.3333333333333333,0.3333333333333333,0.3333333333333333,0.0,0.0,0.0,0.0,-0.0,-0.0,-0.0,0.6666666666666667,3,0,0
gptoss,10,loss,trait,CoAs,0,1.0,0.6666666666666666,1.0,1.0,0.33333333333333337,0.33333333333333337,0.33333333333333337,0.33333333333333337,0.33333333333333337,0.33333333333333337,0.0,0.6666666666666666,3,1,1
gptoss,10,loss,trait,CoBa,0,1.0,0.3333333333333333,0.3333333333333333,1.0,0.0,0.6666666666666667,0.0,0.6666666666666667,0.0,0.6666666666666667,-0.6666666666666667,0.3333333333333333,3,0,0
gptoss,10,loss,trait,CoCh,0,1.0,0.0,0.3333333333333333,0.6666666666666666,0.3333333333333333,0.6666666666666666,0.3333333333333333,0.6666666666666666,0.3333333333333333,0.6666666666666666,-0.3333333333333333,0.0,3,1,1
gptoss,10,loss,trait,CoCo,0,1.0,0.6666666666666666,0.6666666666666666,0.6666666666666666,0.0,0.0,0.0,0.0,0.0,0.0,0.0,0.6666666666666666,3,0,0
gptoss,10,loss,trait,CoSh,0,1.0,0.0,0.0,0.3333333333333333,0.0,0.3333333333333333,0.0,0.3333333333333333,0.0,0.3333333333333333,-0.3333333333333333,0.0,3,0,0
gptoss,10,loss,trait,DlAs,1,-2.0,0.6666666666666666,0.6666666666666666,0.6666666666666666,0.0,0.0,0.0,0.0,-0.0,-0.0,-0.0,0.33333333333333337,3,0,0
gptoss,10,loss,trait,DlBa,1,-2.0,0.6666666666666666,0.6666666666666666,0.6666666666666666,0.0,0.0,0.0,0.0,-0.0,-0.0,-0.0,0.33333333333333337,3,0,0
gptoss,10,loss,trait,DlCh,1,-2.0,0.6666666666666666,0.6666666666666666,1.0,0.0,0.33333333333333337,0.0,0.33333333333333337,-0.0,-0.33333333333333337,0.33333333333333337,0.33333333333333337,3,0,0
gptoss,10,loss,trait,DlCm,1,-2.0,1.0,0.6666666666666666,0.6666666666666666,-0.33333333333333337,-0.33333333333333337,0.33333333333333337,0.33333333333333337,0.33333333333333337,0.33333333333333337,-0.0,0.0,3,1,1
gptoss,10,loss,trait,DlCo,1,-2.0,0.0,0.3333333333333333,0.0,0.3333333333333333,0.0,0.3333333333333333,0.0,-0.3333333333333333,-0.0,-0.3333333333333333,1.0,3,1,0
gptoss,10,loss,trait,DlDl,1,-2.0,0.3333333333333333,0.3333333333333333,0.0,0.0,-0.3333333333333333,0.0,0.3333333333333333,-0.0,0.3333333333333333,-0.3333333333333333,0.6666666666666667,3,0,0
gptoss,10,loss,trait,DlHa,1,-2.0,0.3333333333333333,0.6666666666666666,0.3333333333333333,0.3333333333333333,0.0,0.3333333333333333,0.0,-0.3333333333333333,-0.0,-0.3333333333333333,0.6666666666666667,3,1,0
gptoss,10,loss,trait,DlHr,1,-2.0,0.6666666666666666,0.6666666666666666,0.6666666666666666,0.0,0.0,0.0,0.0,-0.0,-0.0,-0.0,0.33333333333333337,3,0,0
gptoss,10,loss,trait,DlNc,1,-2.0,0.3333333333333333,0.3333333333333333,0.3333333333333333,0.0,0.0,0.0,0.0,-0.0,-0.0,-0.0,0.6666666666666667,3,0,0
gptoss,10,loss,trait,DlPc,1,-2.0,0.6666666666666666,0.6666666666666666,0.3333333333333333,0.0,-0.3333333333333333,0.0,0.3333333333333333,-0.0,0.3333333333333333,-0.3333333333333333,0.33333333333333337,3,0,0
gptoss,10,loss,trait,DlPd,1,-2.0,0.6666666666666666,0.3333333333333333,0.6666666666666666,-0.3333333333333333,0.0,0.3333333333333333,0.0,0.3333333333333333,-0.0,0.3333333333333333,0.33333333333333337,3,1,1
gptoss,10,loss,trait,DlSh,1,-2.0,0.6666666666666666,0.3333333333333333,0.3333333333333333,-0.3333333333333333,-0.3333333333333333,0.3333333333333333,0.3333333333333333,0.3333333333333333,0.3333333333333333,-0.0,0.33333333333333337,3,1,1
gptoss,10,loss,trait,HaAs,0,2.0,0.6666666666666666,0.6666666666666666,0.3333333333333333,0.0,-0.3333333333333333,0.0,0.3333333333333333,0.0,-0.3333333333333333,0.3333333333333333,0.6666666666666666,3,0,0
gptoss,10,loss,trait,HaBa,0,2.0,0.6666666666666666,0.6666666666666666,0.6666666666666666,0.0,0.0,0.0,0.0,0.0,0.0,0.0,0.6666666666666666,3,0,0
gptoss,10,loss,trait,HaCh,0,2.0,0.6666666666666666,0.6666666666666666,1.0,0.0,0.33333333333333337,0.0,0.33333333333333337,0.0,0.33333333333333337,-0.33333333333333337,0.6666666666666666,3,0,0
gptoss,10,loss,trait,HaCm,0,2.0,0.0,0.3333333333333333,0.0,0.3333333333333333,0.0,0.3333333333333333,0.0,0.3333333333333333,0.0,0.3333333333333333,0.0,3,1,1
gptoss,10,loss,trait,HaCo,0,2.0,0.6666666666666666,0.6666666666666666,0.6666666666666666,0.0,0.0,0.0,0.0,0.0,0.0,0.0,0.6666666666666666,3,0,0
gptoss,10,loss,trait,HaHa,0,2.0,1.0,0.6666666666666666,0.3333333333333333,-0.33333333333333337,-0.6666666666666667,0.33333333333333337,0.6666666666666667,-0.33333333333333337,-0.6666666666666667,0.33333333333333337,1.0,3,1,0
gptoss,10,loss,trait,HaHr,0,2.0,0.6666666666666666,1.0,1.0,0.33333333333333337,0.33333333333333337,0.33333333333333337,0.33333333333333337,0.33333333333333337,0.33333333333333337,0.0,0.6666666666666666,3,1,1
gptoss,10,loss,trait,HaNc,0,2.0,0.3333333333333333,0.3333333333333333,0.3333333333333333,0.0,0.0,0.0,0.0,0.0,0.0,0.0,0.3333333333333333,3,0,0
gptoss,10,loss,trait,HaPc,0,2.0,0.0,0.3333333333333333,0.3333333333333333,0.3333333333333333,0.3333333333333333,0.3333333333333333,0.3333333333333333,0.3333333333333333,0.3333333333333333,0.0,0.0,3,1,1
gptoss,10,loss,trait,HaPd,0,2.0,0.6666666666666666,0.6666666666666666,0.6666666666666666,0.0,0.0,0.0,0.0,0.0,0.0,0.0,0.6666666666666666,3,0,0
gptoss,10,loss,trait,HaSh,0,2.0,0.6666666666666666,0.6666666666666666,0.6666666666666666,0.0,0.0,0.0,0.0,0.0,0.0,0.0,0.6666666666666666,3,2,1
gptoss,10,loss,trait,HrAs,1,-1.0,0.3333333333333333,0.6666666666666666,0.6666666666666666,0.3333333333333333,0.3333333333333333,0.3333333333333333,0.3333333333333333,-0.3333333333333333,-0.3333333333333333,-0.0,0.6666666666666667,3,1,0
gptoss,10,loss,trait,HrBa,1,-1.0,0.3333333333333333,0.3333333333333333,0.3333333333333333,0.0,0.0,0.0,0.0,-0.0,-0.0,-0.0,0.6666666666666667,3,0,0
gptoss,10,loss,trait,HrCh,1,-1.0,0.6666666666666666,0.6666666666666666,0.6666666666666666,0.0,0.0,0.0,0.0,-0.0,-0.0,-0.0,0.33333333333333337,3,0,0
gptoss,10,loss,trait,HrCo,1,-1.0,0.3333333333333333,0.3333333333333333,0.6666666666666666,0.0,0.3333333333333333,0.0,0.3333333333333333,-0.0,-0.3333333333333333,0.3333333333333333,0.6666666666666667,3,0,0
gptoss,10,loss,trait,HrHr,1,-1.0,0.3333333333333333,0.3333333333333333,0.3333333333333333,0.0,0.0,0.0,0.0,-0.0,-0.0,-0.0,0.6666666666666667,3,0,0
gptoss,10,loss,trait,HrSh,1,-1.0,0.6666666666666666,0.6666666666666666,0.6666666666666666,0.0,0.0,0.0,0.0,-0.0,-0.0,-0.0,0.33333333333333337,3,0,0
gptoss,10,loss,trait,NcAs,0,1.0,0.6666666666666666,0.6666666666666666,0.6666666666666666,0.0,0.0,0.0,0.0,0.0,0.0,0.0,0.6666666666666666,3,0,0
gptoss,10,loss,trait,NcBa,0,1.0,0.3333333333333333,0.3333333333333333,0.3333333333333333,0.0,0.0,0.0,0.0,0.0,0.0,0.0,0.3333333333333333,3,0,0
gptoss,10,loss,trait,NcCh,0,1.0,0.3333333333333333,0.3333333333333333,0.6666666666666666,0.0,0.3333333333333333,0.0,0.3333333333333333,0.0,0.3333333333333333,-0.3333333333333333,0.3333333333333333,3,0,0
gptoss,10,loss,trait,NcCo,0,1.0,0.3333333333333333,0.6666666666666666,0.6666666666666666,0.3333333333333333,0.3333333333333333,0.3333333333333333,0.3333333333333333,0.3333333333333333,0.3333333333333333,0.0,0.3333333333333333,3,1,1
gptoss,10,loss,trait,NcHr,0,1.0,0.3333333333333333,0.3333333333333333,0.3333333333333333,0.0,0.0,0.0,0.0,0.0,0.0,0.0,0.3333333333333333,3,0,0
gptoss,10,loss,trait,NcNc,0,1.0,0.3333333333333333,0.3333333333333333,0.3333333333333333,0.0,0.0,0.0,0.0,0.0,0.0,0.0,0.3333333333333333,3,0,0
gptoss,10,loss,trait,NcPd,0,1.0,0.3333333333333333,0.3333333333333333,0.3333333333333333,0.0,0.0,0.0,0.0,0.0,0.0,0.0,0.3333333333333333,3,0,0
gptoss,10,loss,trait,NcSh,0,1.0,0.3333333333333333,0.3333333333333333,0.3333333333333333,0.0,0.0,0.0,0.0,0.0,0.0,0.0,0.3333333333333333,3,0,0
gptoss,10,loss,trait,PcAs,0,2.0,0.6666666666666666,0.6666666666666666,0.6666666666666666,0.0,0.0,0.0,0.0,0.0,0.0,0.0,0.6666666666666666,3,0,0
gptoss,10,loss,trait,PcBa,0,2.0,0.3333333333333333,0.3333333333333333,0.6666666666666666,0.0,0.3333333333333333,0.0,0.3333333333333333,0.0,0.3333333333333333,-0.3333333333333333,0.3333333333333333,3,0,0
gptoss,10,loss,trait,PcCh,0,2.0,0.0,0.0,0.3333333333333333,0.0,0.3333333333333333,0.0,0.3333333333333333,0.0,0.3333333333333333,-0.3333333333333333,0.0,3,0,0
gptoss,10,loss,trait,PcCo,0,2.0,0.3333333333333333,0.3333333333333333,0.6666666666666666,0.0,0.3333333333333333,0.0,0.3333333333333333,0.0,0.3333333333333333,-0.3333333333333333,0.3333333333333333,3,0,0
gptoss,10,loss,trait,PcHr,0,2.0,0.0,0.0,0.6666666666666666,0.0,0.6666666666666666,0.0,0.6666666666666666,0.0,0.6666666666666666,-0.6666666666666666,0.0,3,0,0
gptoss,10,loss,trait,PcNc,0,2.0,0.6666666666666666,0.6666666666666666,0.6666666666666666,0.0,0.0,0.0,0.0,0.0,0.0,0.0,0.6666666666666666,3,0,0
gptoss,10,loss,trait,PcPc,0,2.0,0.3333333333333333,0.3333333333333333,0.6666666666666666,0.0,0.3333333333333333,0.0,0.3333333333333333,0.0,0.3333333333333333,-0.3333333333333333,0.3333333333333333,3,0,0
gptoss,10,loss,trait,PcPd,0,2.0,1.0,0.6666666666666666,0.6666666666666666,-0.33333333333333337,-0.33333333333333337,0.33333333333333337,0.33333333333333337,-0.33333333333333337,-0.33333333333333337,0.0,1.0,3,1,0
gptoss,10,loss,trait,PcSh,0,2.0,0.6666666666666666,0.3333333333333333,0.6666666666666666,-0.3333333333333333,0.0,0.3333333333333333,0.0,-0.3333333333333333,0.0,-0.3333333333333333,0.6666666666666666,3,1,0
gptoss,10,loss,trait,PdAs,1,-1.0,0.3333333333333333,0.3333333333333333,0.3333333333333333,0.0,0.0,0.0,0.0,-0.0,-0.0,-0.0,0.6666666666666667,3,0,0
gptoss,10,loss,trait,PdBa,1,-1.0,0.6666666666666666,0.3333333333333333,0.6666666666666666,-0.3333333333333333,0.0,0.3333333333333333,0.0,0.3333333333333333,-0.0,0.3333333333333333,0.33333333333333337,3,1,1
gptoss,10,loss,trait,PdCh,1,-1.0,1.0,0.6666666666666666,0.6666666666666666,-0.33333333333333337,-0.33333333333333337,0.33333333333333337,0.33333333333333337,0.33333333333333337,0.33333333333333337,-0.0,0.0,3,1,1
gptoss,10,loss,trait,PdCo,1,-1.0,0.6666666666666666,0.6666666666666666,0.6666666666666666,0.0,0.0,0.0,0.0,-0.0,-0.0,-0.0,0.33333333333333337,3,0,0
gptoss,10,loss,trait,PdHr,1,-1.0,0.3333333333333333,0.3333333333333333,0.3333333333333333,0.0,0.0,0.0,0.0,-0.0,-0.0,-0.0,0.6666666666666667,3,0,0
gptoss,10,loss,trait,PdSh,1,-1.0,0.6666666666666666,0.6666666666666666,0.3333333333333333,0.0,-0.3333333333333333,0.0,0.3333333333333333,-0.0,0.3333333333333333,-0.3333333333333333,0.33333333333333337,3,0,0
gptoss,10,loss,trait,ShAs,1,-1.0,0.0,0.0,0.0,0.0,0.0,0.0,0.0,-0.0,-0.0,-0.0,1.0,3,0,0
gptoss,10,loss,trait,ShBa,1,-1.0,0.3333333333333333,0.6666666666666666,0.3333333333333333,0.3333333333333333,0.0,0.3333333333333333,0.0,-0.3333333333333333,-0.0,-0.3333333333333333,0.6666666666666667,3,1,0
gptoss,10,loss,trait,ShCh,1,-1.0,0.3333333333333333,0.3333333333333333,0.3333333333333333,0.0,0.0,0.0,0.0,-0.0,-0.0,-0.0,0.6666666666666667,3,0,0
gptoss,10,loss,trait,ShSh,1,-1.0,0.0,0.0,0.0,0.0,0.0,0.0,0.0,-0.0,-0.0,-0.0,1.0,3,0,0
gptoss,10,inequity,trait,AsBa,1,-1.0,0.6666666666666666,0.6666666666666666,0.0,0.0,-0.6666666666666666,0.0,0.6666666666666666,-0.0,0.6666666666666666,-0.6666666666666666,0.33333333333333337,3,0,0
gptoss,10,inequity,trait,ChAs,0,2.0,0.3333333333333333,0.3333333333333333,0.3333333333333333,0.0,0.0,0.0,0.0,0.0,0.0,0.0,0.3333333333333333,3,0,0
gptoss,10,inequity,trait,ChBa,1,-1.0,0.3333333333333333,0.3333333333333333,0.3333333333333333,0.0,0.0,0.0,0.0,-0.0,-0.0,-0.0,0.6666666666666667,3,0,0
gptoss,10,inequity,trait,CmCo,1,-1.0,0.6666666666666666,0.6666666666666666,0.6666666666666666,0.0,0.0,0.0,0.0,-0.0,-0.0,-0.0,0.33333333333333337,3,0,0
gptoss,10,inequity,trait,CmPc,1,-1.0,0.3333333333333333,0.3333333333333333,0.3333333333333333,0.0,0.0,0.0,0.0,-0.0,-0.0,-0.0,0.6666666666666667,3,0,0
gptoss,10,inequity,trait,DlCm,1,-1.0,1.0,0.3333333333333333,0.6666666666666666,-0.6666666666666667,-0.33333333333333337,0.6666666666666667,0.33333333333333337,0.6666666666666667,0.33333333333333337,0.33333333333333337,0.0,3,2,2
gptoss,10,inequity,trait,DlHr,1,-1.0,0.6666666666666666,0.6666666666666666,0.6666666666666666,0.0,0.0,0.0,0.0,-0.0,-0.0,-0.0,0.33333333333333337,3,0,0
gptoss,10,inequity,trait,HaAs,0,1.0,0.6666666666666666,0.6666666666666666,0.3333333333333333,0.0,-0.3333333333333333,0.0,0.3333333333333333,0.0,-0.3333333333333333,0.3333333333333333,0.6666666666666666,3,0,0
gptoss,10,inequity,trait,HaBa,1,-1.0,0.6666666666666666,0.6666666666666666,0.6666666666666666,0.0,0.0,0.0,0.0,-0.0,-0.0,-0.0,0.33333333333333337,3,0,0
gptoss,10,inequity,trait,HaCh,1,-1.0,0.6666666666666666,0.6666666666666666,1.0,0.0,0.33333333333333337,0.0,0.33333333333333337,-0.0,-0.33333333333333337,0.33333333333333337,0.33333333333333337,3,0,0
gptoss,10,inequity,trait,HaCm,1,-1.0,0.0,0.3333333333333333,0.0,0.3333333333333333,0.0,0.3333333333333333,0.0,-0.3333333333333333,-0.0,-0.3333333333333333,1.0,3,1,0
gptoss,10,inequity,trait,HaHr,1,-1.0,0.6666666666666666,1.0,1.0,0.33333333333333337,0.33333333333333337,0.33333333333333337,0.33333333333333337,-0.33333333333333337,-0.33333333333333337,-0.0,0.33333333333333337,3,1,0
gptoss,10,inequity,trait,HaSh,0,1.0,0.6666666666666666,1.0,0.6666666666666666,0.33333333333333337,0.0,0.33333333333333337,0.0,0.33333333333333337,0.0,0.33333333333333337,0.6666666666666666,3,1,1
gptoss,10,inequity,trait,HrCo,1,-1.0,0.3333333333333333,0.3333333333333333,0.6666666666666666,0.0,0.3333333333333333,0.0,0.3333333333333333,-0.0,-0.3333333333333333,0.3333333333333333,0.6666666666666667,3,0,0
gptoss,10,inequity,trait,NcAs,0,2.0,0.6666666666666666,0.6666666666666666,0.6666666666666666,0.0,0.0,0.0,0.0,0.0,0.0,0.0,0.6666666666666666,3,0,0
gptoss,10,inequity,trait,NcBa,1,-2.0,0.3333333333333333,0.3333333333333333,0.3333333333333333,0.0,0.0,0.0,0.0,-0.0,-0.0,-0.0,0.6666666666666667,3,0,0
gptoss,10,inequity,trait,NcCh,1,-1.0,0.3333333333333333,0.3333333333333333,0.6666666666666666,0.0,0.3333333333333333,0.0,0.3333333333333333,-0.0,-0.3333333333333333,0.3333333333333333,0.6666666666666667,3,0,0
gptoss,10,inequity,trait,NcCo,0,1.0,0.3333333333333333,0.6666666666666666,0.6666666666666666,0.3333333333333333,0.3333333333333333,0.3333333333333333,0.3333333333333333,0.3333333333333333,0.3333333333333333,0.0,0.3333333333333333,3,1,1
gptoss,10,inequity,trait,NcHr,1,-2.0,0.3333333333333333,0.3333333333333333,0.3333333333333333,0.0,0.0,0.0,0.0,-0.0,-0.0,-0.0,0.6666666666666667,3,0,0
gptoss,10,inequity,trait,NcSh,0,1.0,0.3333333333333333,0.0,0.3333333333333333,-0.3333333333333333,0.0,0.3333333333333333,0.0,-0.3333333333333333,0.0,-0.3333333333333333,0.3333333333333333,3,1,0
gptoss,10,inequity,trait,PcHr,1,-1.0,0.0,0.0,0.6666666666666666,0.0,0.6666666666666666,0.0,0.6666666666666666,-0.0,-0.6666666666666666,0.6666666666666666,1.0,3,0,0
gptoss,10,inequity,trait,PcNc,0,1.0,0.6666666666666666,0.6666666666666666,0.6666666666666666,0.0,0.0,0.0,0.0,0.0,0.0,0.0,0.6666666666666666,3,0,0
gptoss,10,inequity,trait,PcPd,1,-1.0,1.0,0.6666666666666666,0.6666666666666666,-0.33333333333333337,-0.33333333333333337,0.33333333333333337,0.33333333333333337,0.33333333333333337,0.33333333333333337,-0.0,0.0,3,1,1
gptoss,10,inequity,trait,PdAs,0,1.0,0.3333333333333333,0.3333333333333333,0.3333333333333333,0.0,0.0,0.0,0.0,0.0,0.0,0.0,0.3333333333333333,3,0,0
gptoss,10,inequity,trait,PdBa,1,-1.0,0.6666666666666666,0.3333333333333333,0.6666666666666666,-0.3333333333333333,0.0,0.3333333333333333,0.0,0.3333333333333333,-0.0,0.3333333333333333,0.33333333333333337,3,1,1
gptoss,10,inequity,trait,PdCo,0,1.0,0.6666666666666666,0.3333333333333333,0.6666666666666666,-0.3333333333333333,0.0,0.3333333333333333,0.0,-0.3333333333333333,0.0,-0.3333333333333333,0.6666666666666666,3,1,0
gptoss,10,inequity,trait,PdHr,1,-2.0,0.3333333333333333,0.3333333333333333,0.3333333333333333,0.0,0.0,0.0,0.0,-0.0,-0.0,-0.0,0.6666666666666667,3,0,0
gptoss,10,inequity,trait,ShAs,0,1.0,0.0,0.0,0.0,0.0,0.0,0.0,0.0,0.0,0.0,0.0,0.0,3,0,0
gptoss,10,inequity,trait,ShBa,1,-2.0,0.3333333333333333,0.3333333333333333,0.3333333333333333,0.0,0.0,0.0,0.0,-0.0,-0.0,-0.0,0.6666666666666667,3,0,0
gptoss,10,inequity,trait,ShCh,1,-1.0,0.3333333333333333,0.3333333333333333,0.3333333333333333,0.0,0.0,0.0,0.0,-0.0,-0.0,-0.0,0.6666666666666667,3,0,0
gptoss,10,selfish,trait,CmAs,1,-2.0,0.3333333333333333,0.3333333333333333,0.6666666666666666,0.0,0.3333333333333333,0.0,0.3333333333333333,-0.0,-0.3333333333333333,0.3333333333333333,0.6666666666666667,3,0,0
gptoss,10,selfish,trait,CmBa,1,-2.0,0.3333333333333333,0.3333333333333333,0.0,0.0,-0.3333333333333333,0.0,0.3333333333333333,-0.0,0.3333333333333333,-0.3333333333333333,0.6666666666666667,3,0,0
gptoss,10,selfish,trait,CmCh,1,-2.0,0.3333333333333333,0.3333333333333333,0.3333333333333333,0.0,0.0,0.0,0.0,-0.0,-0.0,-0.0,0.6666666666666667,3,0,0
gptoss,10,selfish,trait,CmCm,1,-2.0,0.3333333333333333,0.6666666666666666,0.0,0.3333333333333333,-0.3333333333333333,0.3333333333333333,0.3333333333333333,-0.3333333333333333,0.3333333333333333,-0.6666666666666666,0.6666666666666667,3,1,0
gptoss,10,selfish,trait,CmCo,1,-2.0,0.6666666666666666,0.6666666666666666,0.6666666666666666,0.0,0.0,0.0,0.0,-0.0,-0.0,-0.0,0.33333333333333337,3,0,0
gptoss,10,selfish,trait,CmHr,1,-2.0,0.6666666666666666,0.6666666666666666,0.3333333333333333,0.0,-0.3333333333333333,0.0,0.3333333333333333,-0.0,0.3333333333333333,-0.3333333333333333,0.33333333333333337,3,0,0
gptoss,10,selfish,trait,CmNc,1,-2.0,0.6666666666666666,0.6666666666666666,0.3333333333333333,0.0,-0.3333333333333333,0.0,0.3333333333333333,-0.0,0.3333333333333333,-0.3333333333333333,0.33333333333333337,3,0,0
gptoss,10,selfish,trait,CmPc,1,-2.0,0.3333333333333333,0.3333333333333333,0.3333333333333333,0.0,0.0,0.0,0.0,-0.0,-0.0,-0.0,0.6666666666666667,3,0,0
gptoss,10,selfish,trait,CmPd,1,-2.0,0.0,0.3333333333333333,0.6666666666666666,0.3333333333333333,0.6666666666666666,0.3333333333333333,0.6666666666666666,-0.3333333333333333,-0.6666666666666666,0.3333333333333333,1.0,3,1,0
gptoss,10,selfish,trait,CmSh,1,-2.0,0.3333333333333333,0.3333333333333333,0.3333333333333333,0.0,0.0,0.0,0.0,-0.0,-0.0,-0.0,0.6666666666666667,3,0,0
gptoss,10,selfish,trait,CoAs,0,1.0,0.6666666666666666,1.0,1.0,0.33333333333333337,0.33333333333333337,0.33333333333333337,0.33333333333333337,0.33333333333333337,0.33333333333333337,0.0,0.6666666666666666,3,1,1
gptoss,10,selfish,trait,CoBa,0,1.0,0.3333333333333333,0.3333333333333333,1.0,0.0,0.6666666666666667,0.0,0.6666666666666667,0.0,0.6666666666666667,-0.6666666666666667,0.3333333333333333,3,0,0
gptoss,10,selfish,trait,CoCh,0,1.0,0.0,0.0,0.6666666666666666,0.0,0.6666666666666666,0.0,0.6666666666666666,0.0,0.6666666666666666,-0.6666666666666666,0.0,3,0,0
gptoss,10,selfish,trait,CoCo,0,1.0,0.6666666666666666,0.6666666666666666,0.6666666666666666,0.0,0.0,0.0,0.0,0.0,0.0,0.0,0.6666666666666666,3,0,0
gptoss,10,selfish,trait,CoSh,0,1.0,0.0,0.0,0.3333333333333333,0.0,0.3333333333333333,0.0,0.3333333333333333,0.0,0.3333333333333333,-0.3333333333333333,0.0,3,0,0
gptoss,10,selfish,trait,DlAs,1,-2.0,0.6666666666666666,0.6666666666666666,0.6666666666666666,0.0,0.0,0.0,0.0,-0.0,-0.0,-0.0,0.33333333333333337,3,0,0
gptoss,10,selfish,trait,DlBa,1,-2.0,0.6666666666666666,0.6666666666666666,0.6666666666666666,0.0,0.0,0.0,0.0,-0.0,-0.0,-0.0,0.33333333333333337,3,0,0
gptoss,10,selfish,trait,DlCh,1,-2.0,0.6666666666666666,1.0,1.0,0.33333333333333337,0.33333333333333337,0.33333333333333337,0.33333333333333337,-0.33333333333333337,-0.33333333333333337,-0.0,0.33333333333333337,3,1,0
gptoss,10,selfish,trait,DlCm,1,-2.0,1.0,0.6666666666666666,0.6666666666666666,-0.33333333333333337,-0.33333333333333337,0.33333333333333337,0.33333333333333337,0.33333333333333337,0.33333333333333337,-0.0,0.0,3,1,1
gptoss,10,selfish,trait,DlCo,1,-2.0,0.0,0.6666666666666666,0.0,0.6666666666666666,0.0,0.6666666666666666,0.0,-0.6666666666666666,-0.0,-0.6666666666666666,1.0,3,2,0
gptoss,10,selfish,trait,DlDl,1,-2.0,0.3333333333333333,0.3333333333333333,0.0,0.0,-0.3333333333333333,0.0,0.3333333333333333,-0.0,0.3333333333333333,-0.3333333333333333,0.6666666666666667,3,0,0
gptoss,10,selfish,trait,DlHa,1,-2.0,0.3333333333333333,0.6666666666666666,0.3333333333333333,0.3333333333333333,0.0,0.3333333333333333,0.0,-0.3333333333333333,-0.0,-0.3333333333333333,0.6666666666666667,3,1,0
gptoss,10,selfish,trait,DlHr,1,-2.0,0.6666666666666666,0.3333333333333333,0.6666666666666666,-0.3333333333333333,0.0,0.3333333333333333,0.0,0.3333333333333333,-0.0,0.3333333333333333,0.33333333333333337,3,1,1
gptoss,10,selfish,trait,DlNc,1,-2.0,0.3333333333333333,0.3333333333333333,0.3333333333333333,0.0,0.0,0.0,0.0,-0.0,-0.0,-0.0,0.6666666666666667,3,0,0
gptoss,10,selfish,trait,DlPc,1,-2.0,0.6666666666666666,0.6666666666666666,0.3333333333333333,0.0,-0.3333333333333333,0.0,0.3333333333333333,-0.0,0.3333333333333333,-0.3333333333333333,0.33333333333333337,3,0,0
gptoss,10,selfish,trait,DlPd,1,-2.0,0.6666666666666666,0.3333333333333333,0.6666666666666666,-0.3333333333333333,0.0,0.3333333333333333,0.0,0.3333333333333333,-0.0,0.3333333333333333,0.33333333333333337,3,1,1
gptoss,10,selfish,trait,DlSh,1,-2.0,0.6666666666666666,0.3333333333333333,0.3333333333333333,-0.3333333333333333,-0.3333333333333333,0.3333333333333333,0.3333333333333333,0.3333333333333333,0.3333333333333333,-0.0,0.33333333333333337,3,1,1
gptoss,10,selfish,trait,HaAs,0,2.0,0.6666666666666666,0.6666666666666666,0.3333333333333333,0.0,-0.3333333333333333,0.0,0.3333333333333333,0.0,-0.3333333333333333,0.3333333333333333,0.6666666666666666,3,0,0
gptoss,10,selfish,trait,HaBa,0,2.0,0.6666666666666666,1.0,0.6666666666666666,0.33333333333333337,0.0,0.33333333333333337,0.0,0.33333333333333337,0.0,0.33333333333333337,0.6666666666666666,3,1,1
gptoss,10,selfish,trait,HaCh,0,2.0,0.6666666666666666,0.6666666666666666,1.0,0.0,0.33333333333333337,0.0,0.33333333333333337,0.0,0.33333333333333337,-0.33333333333333337,0.6666666666666666,3,0,0
gptoss,10,selfish,trait,HaCm,0,2.0,0.0,0.0,0.0,0.0,0.0,0.0,0.0,0.0,0.0,0.0,0.0,3,0,0
gptoss,10,selfish,trait,HaCo,0,2.0,0.6666666666666666,1.0,0.6666666666666666,0.33333333333333337,0.0,0.33333333333333337,0.0,0.33333333333333337,0.0,0.33333333333333337,0.6666666666666666,3,1,1
gptoss,10,selfish,trait,HaHa,0,2.0,1.0,0.6666666666666666,0.3333333333333333,-0.33333333333333337,-0.6666666666666667,0.33333333333333337,0.6666666666666667,-0.33333333333333337,-0.6666666666666667,0.33333333333333337,1.0,3,1,0
gptoss,10,selfish,trait,HaHr,0,2.0,0.6666666666666666,1.0,1.0,0.33333333333333337,0.33333333333333337,0.33333333333333337,0.33333333333333337,0.33333333333333337,0.33333333333333337,0.0,0.6666666666666666,3,1,1
gptoss,10,selfish,trait,HaNc,0,2.0,0.3333333333333333,0.3333333333333333,0.3333333333333333,0.0,0.0,0.0,0.0,0.0,0.0,0.0,0.3333333333333333,3,0,0
gptoss,10,selfish,trait,HaPc,0,2.0,0.0,0.3333333333333333,0.3333333333333333,0.3333333333333333,0.3333333333333333,0.3333333333333333,0.3333333333333333,0.3333333333333333,0.3333333333333333,0.0,0.0,3,1,1
gptoss,10,selfish,trait,HaPd,0,2.0,0.6666666666666666,0.6666666666666666,0.6666666666666666,0.0,0.0,0.0,0.0,0.0,0.0,0.0,0.6666666666666666,3,0,0
gptoss,10,selfish,trait,HaSh,0,2.0,0.6666666666666666,1.0,0.6666666666666666,0.33333333333333337,0.0,0.33333333333333337,0.0,0.33333333333333337,0.0,0.33333333333333337,0.6666666666666666,3,1,1
gptoss,10,selfish,trait,HrAs,1,-1.0,0.3333333333333333,0.3333333333333333,0.6666666666666666,0.0,0.3333333333333333,0.0,0.3333333333333333,-0.0,-0.3333333333333333,0.3333333333333333,0.6666666666666667,3,0,0
gptoss,10,selfish,trait,HrBa,1,-1.0,0.3333333333333333,0.3333333333333333,0.3333333333333333,0.0,0.0,0.0,0.0,-0.0,-0.0,-0.0,0.6666666666666667,3,0,0
gptoss,10,selfish,trait,HrCh,1,-1.0,0.6666666666666666,0.6666666666666666,0.6666666666666666,0.0,0.0,0.0,0.0,-0.0,-0.0,-0.0,0.33333333333333337,3,0,0
gptoss,10,selfish,trait,HrCo,1,-1.0,0.3333333333333333,0.3333333333333333,0.6666666666666666,0.0,0.3333333333333333,0.0,0.3333333333333333,-0.0,-0.3333333333333333,0.3333333333333333,0.6666666666666667,3,0,0
gptoss,10,selfish,trait,HrHr,1,-1.0,0.3333333333333333,0.3333333333333333,0.3333333333333333,0.0,0.0,0.0,0.0,-0.0,-0.0,-0.0,0.6666666666666667,3,0,0
gptoss,10,selfish,trait,HrSh,1,-1.0,0.6666666666666666,0.6666666666666666,0.6666666666666666,0.0,0.0,0.0,0.0,-0.0,-0.0,-0.0,0.33333333333333337,3,0,0
gptoss,10,selfish,trait,NcAs,0,1.0,0.6666666666666666,0.6666666666666666,0.6666666666666666,0.0,0.0,0.0,0.0,0.0,0.0,0.0,0.6666666666666666,3,0,0
gptoss,10,selfish,trait,NcBa,0,1.0,0.3333333333333333,0.3333333333333333,0.3333333333333333,0.0,0.0,0.0,0.0,0.0,0.0,0.0,0.3333333333333333,3,0,0
gptoss,10,selfish,trait,NcCh,0,1.0,0.3333333333333333,0.3333333333333333,0.6666666666666666,0.0,0.3333333333333333,0.0,0.3333333333333333,0.0,0.3333333333333333,-0.3333333333333333,0.3333333333333333,3,0,0
gptoss,10,selfish,trait,NcCo,0,1.0,0.3333333333333333,0.6666666666666666,0.6666666666666666,0.3333333333333333,0.3333333333333333,0.3333333333333333,0.3333333333333333,0.3333333333333333,0.3333333333333333,0.0,0.3333333333333333,3,1,1
gptoss,10,selfish,trait,NcHr,0,1.0,0.3333333333333333,0.3333333333333333,0.3333333333333333,0.0,0.0,0.0,0.0,0.0,0.0,0.0,0.3333333333333333,3,0,0
gptoss,10,selfish,trait,NcNc,0,1.0,0.3333333333333333,0.0,0.3333333333333333,-0.3333333333333333,0.0,0.3333333333333333,0.0,-0.3333333333333333,0.0,-0.3333333333333333,0.3333333333333333,3,1,0
gptoss,10,selfish,trait,NcPd,0,1.0,0.3333333333333333,0.3333333333333333,0.3333333333333333,0.0,0.0,0.0,0.0,0.0,0.0,0.0,0.3333333333333333,3,0,0
gptoss,10,selfish,trait,NcSh,0,1.0,0.3333333333333333,0.6666666666666666,0.3333333333333333,0.3333333333333333,0.0,0.3333333333333333,0.0,0.3333333333333333,0.0,0.3333333333333333,0.3333333333333333,3,1,1
gptoss,10,selfish,trait,PcAs,0,2.0,0.6666666666666666,0.6666666666666666,0.6666666666666666,0.0,0.0,0.0,0.0,0.0,0.0,0.0,0.6666666666666666,3,0,0
gptoss,10,selfish,trait,PcBa,0,2.0,0.3333333333333333,0.3333333333333333,0.6666666666666666,0.0,0.3333333333333333,0.0,0.3333333333333333,0.0,0.3333333333333333,-0.3333333333333333,0.3333333333333333,3,0,0
gptoss,10,selfish,trait,PcCh,0,2.0,0.0,0.3333333333333333,0.3333333333333333,0.3333333333333333,0.3333333333333333,0.3333333333333333,0.3333333333333333,0.3333333333333333,0.3333333333333333,0.0,0.0,3,1,1
gptoss,10,selfish,trait,PcCo,0,2.0,0.3333333333333333,0.3333333333333333,0.6666666666666666,0.0,0.3333333333333333,0.0,0.3333333333333333,0.0,0.3333333333333333,-0.3333333333333333,0.3333333333333333,3,0,0
gptoss,10,selfish,trait,PcHr,0,2.0,0.0,0.0,0.6666666666666666,0.0,0.6666666666666666,0.0,0.6666666666666666,0.0,0.6666666666666666,-0.6666666666666666,0.0,3,0,0
gptoss,10,selfish,trait,PcNc,0,2.0,0.6666666666666666,0.6666666666666666,0.6666666666666666,0.0,0.0,0.0,0.0,0.0,0.0,0.0,0.6666666666666666,3,0,0
gptoss,10,selfish,trait,PcPc,0,2.0,0.3333333333333333,0.3333333333333333,0.6666666666666666,0.0,0.3333333333333333,0.0,0.3333333333333333,0.0,0.3333333333333333,-0.3333333333333333,0.3333333333333333,3,0,0
gptoss,10,selfish,trait,PcPd,0,2.0,1.0,0.3333333333333333,0.6666666666666666,-0.6666666666666667,-0.33333333333333337,0.6666666666666667,0.33333333333333337,-0.6666666666666667,-0.33333333333333337,-0.33333333333333337,1.0,3,2,0
gptoss,10,selfish,trait,PcSh,0,2.0,0.6666666666666666,0.3333333333333333,0.6666666666666666,-0.3333333333333333,0.0,0.3333333333333333,0.0,-0.3333333333333333,0.0,-0.3333333333333333,0.6666666666666666,3,1,0
gptoss,10,selfish,trait,PdAs,1,-1.0,0.3333333333333333,0.3333333333333333,0.3333333333333333,0.0,0.0,0.0,0.0,-0.0,-0.0,-0.0,0.6666666666666667,3,0,0
gptoss,10,selfish,trait,PdBa,1,-1.0,0.6666666666666666,0.0,0.6666666666666666,-0.6666666666666666,0.0,0.6666666666666666,0.0,0.6666666666666666,-0.0,0.6666666666666666,0.33333333333333337,3,2,2
gptoss,10,selfish,trait,PdCh,1,-1.0,1.0,0.6666666666666666,0.6666666666666666,-0.33333333333333337,-0.33333333333333337,0.33333333333333337,0.33333333333333337,0.33333333333333337,0.33333333333333337,-0.0,0.0,3,1,1
gptoss,10,selfish,trait,PdCo,1,-1.0,0.6666666666666666,0.3333333333333333,0.6666666666666666,-0.3333333333333333,0.0,0.3333333333333333,0.0,0.3333333333333333,-0.0,0.3333333333333333,0.33333333333333337,3,1,1
gptoss,10,selfish,trait,PdHr,1,-1.0,0.3333333333333333,0.3333333333333333,0.3333333333333333,0.0,0.0,0.0,0.0,-0.0,-0.0,-0.0,0.6666666666666667,3,0,0
gptoss,10,selfish,trait,PdSh,1,-1.0,0.6666666666666666,0.6666666666666666,0.3333333333333333,0.0,-0.3333333333333333,0.0,0.3333333333333333,-0.0,0.3333333333333333,-0.3333333333333333,0.33333333333333337,3,0,0
gptoss,10,maximin,rule,AsAs,1,-1.0,0.3333333333333333,0.3333333333333333,0.3333333333333333,0.0,0.0,0.0,0.0,-0.0,-0.0,-0.0,0.6666666666666667,3,0,0
gptoss,10,maximin,rule,AsBa,1,-1.0,0.6666666666666666,0.6666666666666666,0.0,0.0,-0.6666666666666666,0.0,0.6666666666666666,-0.0,0.6666666666666666,-0.6666666666666666,0.33333333333333337,3,0,0
gptoss,10,maximin,rule,BaBa,0,1.0,0.6666666666666666,1.0,1.0,0.33333333333333337,0.33333333333333337,0.33333333333333337,0.33333333333333337,0.33333333333333337,0.33333333333333337,0.0,0.6666666666666666,3,1,1
gptoss,10,maximin,rule,ChAs,0,1.0,0.3333333333333333,0.3333333333333333,0.3333333333333333,0.0,0.0,0.0,0.0,0.0,0.0,0.0,0.3333333333333333,3,0,0
gptoss,10,maximin,rule,ChBa,0,1.0,0.3333333333333333,0.3333333333333333,0.3333333333333333,0.0,0.0,0.0,0.0,0.0,0.0,0.0,0.3333333333333333,3,0,0
gptoss,10,maximin,rule,CmAs,1,-2.0,0.3333333333333333,0.3333333333333333,0.6666666666666666,0.0,0.3333333333333333,0.0,0.3333333333333333,-0.0,-0.3333333333333333,0.3333333333333333,0.6666666666666667,3,0,0
gptoss,10,maximin,rule,CmBa,1,-2.0,0.3333333333333333,0.3333333333333333,0.0,0.0,-0.3333333333333333,0.0,0.3333333333333333,-0.0,0.3333333333333333,-0.3333333333333333,0.6666666666666667,3,0,0
gptoss,10,maximin,rule,CmCh,1,-2.0,0.3333333333333333,0.6666666666666666,0.3333333333333333,0.3333333333333333,0.0,0.3333333333333333,0.0,-0.3333333333333333,-0.0,-0.3333333333333333,0.6666666666666667,3,1,0
gptoss,10,maximin,rule,CmCm,1,-2.0,0.3333333333333333,0.6666666666666666,0.0,0.3333333333333333,-0.3333333333333333,0.3333333333333333,0.3333333333333333,-0.3333333333333333,0.3333333333333333,-0.6666666666666666,0.6666666666666667,3,1,0
gptoss,10,maximin,rule,CmCo,1,-2.0,0.6666666666666666,0.6666666666666666,0.6666666666666666,0.0,0.0,0.0,0.0,-0.0,-0.0,-0.0,0.33333333333333337,3,0,0
gptoss,10,maximin,rule,CmHr,1,-2.0,0.6666666666666666,0.6666666666666666,0.3333333333333333,0.0,-0.3333333333333333,0.0,0.3333333333333333,-0.0,0.3333333333333333,-0.3333333333333333,0.33333333333333337,3,0,0
gptoss,10,maximin,rule,CmNc,1,-2.0,0.6666666666666666,0.6666666666666666,0.3333333333333333,0.0,-0.3333333333333333,0.0,0.3333333333333333,-0.0,0.3333333333333333,-0.3333333333333333,0.33333333333333337,3,0,0
gptoss,10,maximin,rule,CmPc,1,-2.0,0.3333333333333333,0.3333333333333333,0.3333333333333333,0.0,0.0,0.0,0.0,-0.0,-0.0,-0.0,0.6666666666666667,3,0,0
gptoss,10,maximin,rule,CmPd,1,-2.0,0.0,0.3333333333333333,0.6666666666666666,0.3333333333333333,0.6666666666666666,0.3333333333333333,0.6666666666666666,-0.3333333333333333,-0.6666666666666666,0.3333333333333333,1.0,3,1,0
gptoss,10,maximin,rule,CmSh,1,-2.0,0.3333333333333333,0.3333333333333333,0.3333333333333333,0.0,0.0,0.0,0.0,-0.0,-0.0,-0.0,0.6666666666666667,3,0,0
gptoss,10,maximin,rule,CoAs,0,1.0,0.6666666666666666,0.6666666666666666,1.0,0.0,0.33333333333333337,0.0,0.33333333333333337,0.0,0.33333333333333337,-0.33333333333333337,0.6666666666666666,3,0,0
gptoss,10,maximin,rule,CoBa,0,1.0,0.3333333333333333,0.3333333333333333,1.0,0.0,0.6666666666666667,0.0,0.6666666666666667,0.0,0.6666666666666667,-0.6666666666666667,0.3333333333333333,3,0,0
gptoss,10,maximin,rule,CoCh,0,1.0,0.0,0.0,0.6666666666666666,0.0,0.6666666666666666,0.0,0.6666666666666666,0.0,0.6666666666666666,-0.6666666666666666,0.0,3,0,0
gptoss,10,maximin,rule,CoCo,0,1.0,0.6666666666666666,0.6666666666666666,0.6666666666666666,0.0,0.0,0.0,0.0,0.0,0.0,0.0,0.6666666666666666,3,0,0
gptoss,10,maximin,rule,CoSh,0,1.0,0.0,0.0,0.3333333333333333,0.0,0.3333333333333333,0.0,0.3333333333333333,0.0,0.3333333333333333,-0.3333333333333333,0.0,3,0,0
gptoss,10,maximin,rule,DlAs,1,-2.0,0.6666666666666666,1.0,0.6666666666666666,0.33333333333333337,0.0,0.33333333333333337,0.0,-0.33333333333333337,-0.0,-0.33333333333333337,0.33333333333333337,3,1,0
gptoss,10,maximin,rule,DlBa,1,-2.0,0.6666666666666666,0.6666666666666666,0.6666666666666666,0.0,0.0,0.0,0.0,-0.0,-0.0,-0.0,0.33333333333333337,3,0,0
gptoss,10,maximin,rule,DlCh,1,-2.0,0.6666666666666666,1.0,1.0,0.33333333333333337,0.33333333333333337,0.33333333333333337,0.33333333333333337,-0.33333333333333337,-0.33333333333333337,-0.0,0.33333333333333337,3,1,0
gptoss,10,maximin,rule,DlCm,1,-2.0,1.0,0.6666666666666666,0.6666666666666666,-0.33333333333333337,-0.33333333333333337,0.33333333333333337,0.33333333333333337,0.33333333333333337,0.33333333333333337,-0.0,0.0,3,1,1
gptoss,10,maximin,rule,DlCo,1,-2.0,0.0,0.6666666666666666,0.0,0.6666666666666666,0.0,0.6666666666666666,0.0,-0.6666666666666666,-0.0,-0.6666666666666666,1.0,3,2,0
gptoss,10,maximin,rule,DlDl,1,-2.0,0.3333333333333333,0.3333333333333333,0.0,0.0,-0.3333333333333333,0.0,0.3333333333333333,-0.0,0.3333333333333333,-0.3333333333333333,0.6666666666666667,3,0,0
gptoss,10,maximin,rule,DlHa,1,-2.0,0.3333333333333333,0.6666666666666666,0.3333333333333333,0.3333333333333333,0.0,0.3333333333333333,0.0,-0.3333333333333333,-0.0,-0.3333333333333333,0.6666666666666667,3,1,0
gptoss,10,maximin,rule,DlHr,1,-2.0,0.6666666666666666,0.6666666666666666,0.6666666666666666,0.0,0.0,0.0,0.0,-0.0,-0.0,-0.0,0.33333333333333337,3,0,0
gptoss,10,maximin,rule,DlNc,1,-2.0,0.3333333333333333,0.3333333333333333,0.3333333333333333,0.0,0.0,0.0,0.0,-0.0,-0.0,-0.0,0.6666666666666667,3,0,0
gptoss,10,maximin,rule,DlPc,1,-2.0,0.6666666666666666,0.6666666666666666,0.3333333333333333,0.0,-0.3333333333333333,0.0,0.3333333333333333,-0.0,0.3333333333333333,-0.3333333333333333,0.33333333333333337,3,0,0
gptoss,10,maximin,rule,DlPd,1,-2.0,0.6666666666666666,0.3333333333333333,0.6666666666666666,-0.3333333333333333,0.0,0.3333333333333333,0.0,0.3333333333333333,-0.0,0.3333333333333333,0.33333333333333337,3,1,1
gptoss,10,maximin,rule,DlSh,1,-2.0,0.6666666666666666,0.3333333333333333,0.3333333333333333,-0.3333333333333333,-0.3333333333333333,0.3333333333333333,0.3333333333333333,0.3333333333333333,0.3333333333333333,-0.0,0.33333333333333337,3,1,1
gptoss,10,maximin,rule,HaAs,0,2.0,0.6666666666666666,0.6666666666666666,0.3333333333333333,0.0,-0.3333333333333333,0.0,0.3333333333333333,0.0,-0.3333333333333333,0.3333333333333333,0.6666666666666666,3,0,0
gptoss,10,maximin,rule,HaBa,0,2.0,0.6666666666666666,0.6666666666666666,0.6666666666666666,0.0,0.0,0.0,0.0,0.0,0.0,0.0,0.6666666666666666,3,0,0
gptoss,10,maximin,rule,HaCh,0,2.0,0.6666666666666666,0.6666666666666666,1.0,0.0,0.33333333333333337,0.0,0.33333333333333337,0.0,0.33333333333333337,-0.33333333333333337,0.6666666666666666,3,0,0
gptoss,10,maximin,rule,HaCm,0,2.0,0.0,0.3333333333333333,0.0,0.3333333333333333,0.0,0.3333333333333333,0.0,0.3333333333333333,0.0,0.3333333333333333,0.0,3,1,1
gptoss,10,maximin,rule,HaCo,0,2.0,0.6666666666666666,1.0,0.6666666666666666,0.33333333333333337,0.0,0.33333333333333337,0.0,0.33333333333333337,0.0,0.33333333333333337,0.6666666666666666,3,1,1
gptoss,10,maximin,rule,HaHa,0,2.0,1.0,1.0,0.3333333333333333,0.0,-0.6666666666666667,0.0,0.6666666666666667,0.0,-0.6666666666666667,0.6666666666666667,1.0,3,0,0
gptoss,10,maximin,rule,HaHr,0,2.0,0.6666666666666666,0.6666666666666666,1.0,0.0,0.33333333333333337,0.0,0.33333333333333337,0.0,0.33333333333333337,-0.33333333333333337,0.6666666666666666,3,0,0
gptoss,10,maximin,rule,HaNc,0,2.0,0.3333333333333333,0.3333333333333333,0.3333333333333333,0.0,0.0,0.0,0.0,0.0,0.0,0.0,0.3333333333333333,3,0,0
gptoss,10,maximin,rule,HaPc,0,2.0,0.0,0.3333333333333333,0.3333333333333333,0.3333333333333333,0.3333333333333333,0.3333333333333333,0.3333333333333333,0.3333333333333333,0.3333333333333333,0.0,0.0,3,1,1
gptoss,10,maximin,rule,HaPd,0,2.0,0.6666666666666666,0.6666666666666666,0.6666666666666666,0.0,0.0,0.0,0.0,0.0,0.0,0.0,0.6666666666666666,3,0,0
gptoss,10,maximin,rule,HaSh,0,2.0,0.6666666666666666,0.6666666666666666,0.6666666666666666,0.0,0.0,0.0,0.0,0.0,0.0,0.0,0.6666666666666666,3,0,0
gptoss,10,maximin,rule,HrAs,1,-1.0,0.3333333333333333,0.3333333333333333,0.6666666666666666,0.0,0.3333333333333333,0.0,0.3333333333333333,-0.0,-0.3333333333333333,0.3333333333333333,0.6666666666666667,3,0,0
gptoss,10,maximin,rule,HrBa,1,-1.0,0.3333333333333333,0.3333333333333333,0.3333333333333333,0.0,0.0,0.0,0.0,-0.0,-0.0,-0.0,0.6666666666666667,3,0,0
gptoss,10,maximin,rule,HrCh,1,-1.0,0.6666666666666666,0.6666666666666666,0.6666666666666666,0.0,0.0,0.0,0.0,-0.0,-0.0,-0.0,0.33333333333333337,3,0,0
gptoss,10,maximin,rule,HrCo,1,-1.0,0.3333333333333333,0.3333333333333333,0.6666666666666666,0.0,0.3333333333333333,0.0,0.3333333333333333,-0.0,-0.3333333333333333,0.3333333333333333,0.6666666666666667,3,0,0
gptoss,10,maximin,rule,HrHr,1,-1.0,0.3333333333333333,0.3333333333333333,0.3333333333333333,0.0,0.0,0.0,0.0,-0.0,-0.0,-0.0,0.6666666666666667,3,0,0
gptoss,10,maximin,rule,HrSh,1,-1.0,0.6666666666666666,0.6666666666666666,0.6666666666666666,0.0,0.0,0.0,0.0,-0.0,-0.0,-0.0,0.33333333333333337,3,0,0
gptoss,10,maximin,rule,NcAs,0,1.0,0.6666666666666666,0.6666666666666666,0.6666666666666666,0.0,0.0,0.0,0.0,0.0,0.0,0.0,0.6666666666666666,3,0,0
gptoss,10,maximin,rule,NcBa,0,1.0,0.3333333333333333,0.3333333333333333,0.3333333333333333,0.0,0.0,0.0,0.0,0.0,0.0,0.0,0.3333333333333333,3,0,0
gptoss,10,maximin,rule,NcCh,0,1.0,0.3333333333333333,0.3333333333333333,0.6666666666666666,0.0,0.3333333333333333,0.0,0.3333333333333333,0.0,0.3333333333333333,-0.3333333333333333,0.3333333333333333,3,0,0
gptoss,10,maximin,rule,NcCo,0,1.0,0.3333333333333333,0.6666666666666666,0.6666666666666666,0.3333333333333333,0.3333333333333333,0.3333333333333333,0.3333333333333333,0.3333333333333333,0.3333333333333333,0.0,0.3333333333333333,3,1,1
gptoss,10,maximin,rule,NcHr,0,1.0,0.3333333333333333,0.3333333333333333,0.3333333333333333,0.0,0.0,0.0,0.0,0.0,0.0,0.0,0.3333333333333333,3,0,0
gptoss,10,maximin,rule,NcNc,0,1.0,0.3333333333333333,0.3333333333333333,0.3333333333333333,0.0,0.0,0.0,0.0,0.0,0.0,0.0,0.3333333333333333,3,0,0
gptoss,10,maximin,rule,NcPd,0,1.0,0.3333333333333333,0.3333333333333333,0.3333333333333333,0.0,0.0,0.0,0.0,0.0,0.0,0.0,0.3333333333333333,3,0,0
gptoss,10,maximin,rule,NcSh,0,1.0,0.3333333333333333,0.0,0.3333333333333333,-0.3333333333333333,0.0,0.3333333333333333,0.0,-0.3333333333333333,0.0,-0.3333333333333333,0.3333333333333333,3,1,0
gptoss,10,maximin,rule,PcAs,0,2.0,0.6666666666666666,0.6666666666666666,0.6666666666666666,0.0,0.0,0.0,0.0,0.0,0.0,0.0,0.6666666666666666,3,0,0
gptoss,10,maximin,rule,PcBa,0,2.0,0.3333333333333333,0.3333333333333333,0.6666666666666666,0.0,0.3333333333333333,0.0,0.3333333333333333,0.0,0.3333333333333333,-0.3333333333333333,0.3333333333333333,3,0,0
gptoss,10,maximin,rule,PcCh,0,2.0,0.0,0.0,0.3333333333333333,0.0,0.3333333333333333,0.0,0.3333333333333333,0.0,0.3333333333333333,-0.3333333333333333,0.0,3,0,0
gptoss,10,maximin,rule,PcCo,0,2.0,0.3333333333333333,0.3333333333333333,0.6666666666666666,0.0,0.3333333333333333,0.0,0.3333333333333333,0.0,0.3333333333333333,-0.3333333333333333,0.3333333333333333,3,0,0
gptoss,10,maximin,rule,PcHr,0,2.0,0.0,0.0,0.6666666666666666,0.0,0.6666666666666666,0.0,0.6666666666666666,0.0,0.6666666666666666,-0.6666666666666666,0.0,3,0,0
gptoss,10,maximin,rule,PcNc,0,2.0,0.6666666666666666,0.6666666666666666,0.6666666666666666,0.0,0.0,0.0,0.0,0.0,0.0,0.0,0.6666666666666666,3,0,0
gptoss,10,maximin,rule,PcPc,0,2.0,0.3333333333333333,0.3333333333333333,0.6666666666666666,0.0,0.3333333333333333,0.0,0.3333333333333333,0.0,0.3333333333333333,-0.3333333333333333,0.3333333333333333,3,0,0
gptoss,10,maximin,rule,PcPd,0,2.0,1.0,0.3333333333333333,0.6666666666666666,-0.6666666666666667,-0.33333333333333337,0.6666666666666667,0.33333333333333337,-0.6666666666666667,-0.33333333333333337,-0.33333333333333337,1.0,3,2,0
gptoss,10,maximin,rule,PcSh,0,2.0,0.6666666666666666,0.6666666666666666,0.6666666666666666,0.0,0.0,0.0,0.0,0.0,0.0,0.0,0.6666666666666666,3,0,0
gptoss,10,maximin,rule,PdAs,1,-1.0,0.3333333333333333,0.3333333333333333,0.3333333333333333,0.0,0.0,0.0,0.0,-0.0,-0.0,-0.0,0.6666666666666667,3,0,0
gptoss,10,maximin,rule,PdBa,1,-1.0,0.6666666666666666,0.3333333333333333,0.6666666666666666,-0.3333333333333333,0.0,0.3333333333333333,0.0,0.3333333333333333,-0.0,0.3333333333333333,0.33333333333333337,3,1,1
gptoss,10,maximin,rule,PdCh,1,-1.0,1.0,0.6666666666666666,0.6666666666666666,-0.33333333333333337,-0.33333333333333337,0.33333333333333337,0.33333333333333337,0.33333333333333337,0.33333333333333337,-0.0,0.0,3,1,1
gptoss,10,maximin,rule,PdCo,1,-1.0,0.6666666666666666,0.6666666666666666,0.6666666666666666,0.0,0.0,0.0,0.0,-0.0,-0.0,-0.0,0.33333333333333337,3,0,0
gptoss,10,maximin,rule,PdHr,1,-1.0,0.3333333333333333,0.3333333333333333,0.3333333333333333,0.0,0.0,0.0,0.0,-0.0,-0.0,-0.0,0.6666666666666667,3,0,0
gptoss,10,maximin,rule,PdSh,1,-1.0,0.6666666666666666,1.0,0.3333333333333333,0.33333333333333337,-0.3333333333333333,0.33333333333333337,0.3333333333333333,-0.33333333333333337,0.3333333333333333,-0.6666666666666667,0.33333333333333337,3,1,0
gptoss,10,maximin,rule,ShAs,1,-1.0,0.0,0.0,0.0,0.0,0.0,0.0,0.0,-0.0,-0.0,-0.0,1.0,3,0,0
gptoss,10,maximin,rule,ShBa,1,-1.0,0.3333333333333333,0.6666666666666666,0.3333333333333333,0.3333333333333333,0.0,0.3333333333333333,0.0,-0.3333333333333333,-0.0,-0.3333333333333333,0.6666666666666667,3,1,0
gptoss,10,maximin,rule,ShCh,1,-1.0,0.3333333333333333,0.3333333333333333,0.3333333333333333,0.0,0.0,0.0,0.0,-0.0,-0.0,-0.0,0.6666666666666667,3,0,0
gptoss,10,maximin,rule,ShSh,1,-1.0,0.0,0.0,0.0,0.0,0.0,0.0,0.0,-0.0,-0.0,-0.0,1.0,3,0,0
gptoss,10,level1,rule,CmAs,1,-2.0,0.3333333333333333,0.6666666666666666,0.6666666666666666,0.3333333333333333,0.3333333333333333,0.3333333333333333,0.3333333333333333,-0.3333333333333333,-0.3333333333333333,-0.0,0.6666666666666667,3,1,0
gptoss,10,level1,rule,CmBa,1,-2.0,0.3333333333333333,0.3333333333333333,0.0,0.0,-0.3333333333333333,0.0,0.3333333333333333,-0.0,0.3333333333333333,-0.3333333333333333,0.6666666666666667,3,0,0
gptoss,10,level1,rule,CmCh,1,-2.0,0.3333333333333333,0.3333333333333333,0.3333333333333333,0.0,0.0,0.0,0.0,-0.0,-0.0,-0.0,0.6666666666666667,3,0,0
gptoss,10,level1,rule,CmCm,1,-2.0,0.3333333333333333,0.3333333333333333,0.0,0.0,-0.3333333333333333,0.0,0.3333333333333333,-0.0,0.3333333333333333,-0.3333333333333333,0.6666666666666667,3,0,0
gptoss,10,level1,rule,CmCo,1,-2.0,0.6666666666666666,0.6666666666666666,0.6666666666666666,0.0,0.0,0.0,0.0,-0.0,-0.0,-0.0,0.33333333333333337,3,0,0
gptoss,10,level1,rule,CmHr,1,-2.0,0.6666666666666666,0.3333333333333333,0.3333333333333333,-0.3333333333333333,-0.3333333333333333,0.3333333333333333,0.3333333333333333,0.3333333333333333,0.3333333333333333,-0.0,0.33333333333333337,3,1,1
gptoss,10,level1,rule,CmNc,1,-2.0,0.6666666666666666,0.6666666666666666,0.3333333333333333,0.0,-0.3333333333333333,0.0,0.3333333333333333,-0.0,0.3333333333333333,-0.3333333333333333,0.33333333333333337,3,0,0
gptoss,10,level1,rule,CmPc,1,-2.0,0.3333333333333333,0.3333333333333333,0.3333333333333333,0.0,0.0,0.0,0.0,-0.0,-0.0,-0.0,0.6666666666666667,3,0,0
gptoss,10,level1,rule,CmPd,1,-2.0,0.0,0.3333333333333333,0.6666666666666666,0.3333333333333333,0.6666666666666666,0.3333333333333333,0.6666666666666666,-0.3333333333333333,-0.6666666666666666,0.3333333333333333,1.0,3,1,0
gptoss,10,level1,rule,CmSh,1,-2.0,0.3333333333333333,0.3333333333333333,0.3333333333333333,0.0,0.0,0.0,0.0,-0.0,-0.0,-0.0,0.6666666666666667,3,0,0
gptoss,10,level1,rule,CoAs,0,1.0,0.6666666666666666,0.6666666666666666,1.0,0.0,0.33333333333333337,0.0,0.33333333333333337,0.0,0.33333333333333337,-0.33333333333333337,0.6666666666666666,3,0,0
gptoss,10,level1,rule,CoBa,0,1.0,0.3333333333333333,0.3333333333333333,1.0,0.0,0.6666666666666667,0.0,0.6666666666666667,0.0,0.6666666666666667,-0.6666666666666667,0.3333333333333333,3,0,0
gptoss,10,level1,rule,CoCh,0,1.0,0.0,0.3333333333333333,0.6666666666666666,0.3333333333333333,0.6666666666666666,0.3333333333333333,0.6666666666666666,0.3333333333333333,0.6666666666666666,-0.3333333333333333,0.0,3,1,1
gptoss,10,level1,rule,CoCo,0,1.0,0.6666666666666666,0.6666666666666666,0.6666666666666666,0.0,0.0,0.0,0.0,0.0,0.0,0.0,0.6666666666666666,3,0,0
gptoss,10,level1,rule,CoSh,0,1.0,0.0,0.0,0.3333333333333333,0.0,0.3333333333333333,0.0,0.3333333333333333,0.0,0.3333333333333333,-0.3333333333333333,0.0,3,0,0
gptoss,10,level1,rule,DlAs,1,-2.0,0.6666666666666666,0.6666666666666666,0.6666666666666666,0.0,0.0,0.0,0.0,-0.0,-0.0,-0.0,0.33333333333333337,3,0,0
gptoss,10,level1,rule,DlBa,1,-2.0,0.6666666666666666,0.6666666666666666,0.6666666666666666,0.0,0.0,0.0,0.0,-0.0,-0.0,-0.0,0.33333333333333337,3,0,0
gptoss,10,level1,rule,DlCh,1,-2.0,0.6666666666666666,0.6666666666666666,1.0,0.0,0.33333333333333337,0.0,0.33333333333333337,-0.0,-0.33333333333333337,0.33333333333333337,0.33333333333333337,3,0,0
gptoss,10,level1,rule,DlCm,1,-2.0,1.0,0.3333333333333333,0.6666666666666666,-0.6666666666666667,-0.33333333333333337,0.6666666666666667,0.33333333333333337,0.6666666666666667,0.33333333333333337,0.33333333333333337,0.0,3,2,2
gptoss,10,level1,rule,DlCo,1,-2.0,0.0,0.6666666666666666,0.0,0.6666666666666666,0.0,0.6666666666666666,0.0,-0.6666666666666666,-0.0,-0.6666666666666666,1.0,3,2,0
gptoss,10,level1,rule,DlDl,1,-2.0,0.3333333333333333,0.3333333333333333,0.0,0.0,-0.3333333333333333,0.0,0.3333333333333333,-0.0,0.3333333333333333,-0.3333333333333333,0.6666666666666667,3,0,0
gptoss,10,level1,rule,DlHa,1,-2.0,0.3333333333333333,0.6666666666666666,0.3333333333333333,0.3333333333333333,0.0,0.3333333333333333,0.0,-0.3333333333333333,-0.0,-0.3333333333333333,0.6666666666666667,3,1,0
gptoss,10,level1,rule,DlHr,1,-2.0,0.6666666666666666,0.6666666666666666,0.6666666666666666,0.0,0.0,0.0,0.0,-0.0,-0.0,-0.0,0.33333333333333337,3,0,0
gptoss,10,level1,rule,DlNc,1,-2.0,0.3333333333333333,0.3333333333333333,0.3333333333333333,0.0,0.0,0.0,0.0,-0.0,-0.0,-0.0,0.6666666666666667,3,0,0
gptoss,10,level1,rule,DlPc,1,-2.0,0.6666666666666666,0.6666666666666666,0.3333333333333333,0.0,-0.3333333333333333,0.0,0.3333333333333333,-0.0,0.3333333333333333,-0.3333333333333333,0.33333333333333337,3,0,0
gptoss,10,level1,rule,DlPd,1,-2.0,0.6666666666666666,0.6666666666666666,0.6666666666666666,0.0,0.0,0.0,0.0,-0.0,-0.0,-0.0,0.33333333333333337,3,0,0
gptoss,10,level1,rule,DlSh,1,-2.0,0.6666666666666666,0.6666666666666666,0.3333333333333333,0.0,-0.3333333333333333,0.0,0.3333333333333333,-0.0,0.3333333333333333,-0.3333333333333333,0.33333333333333337,3,0,0
gptoss,10,level1,rule,HaAs,0,2.0,0.6666666666666666,0.3333333333333333,0.3333333333333333,-0.3333333333333333,-0.3333333333333333,0.3333333333333333,0.3333333333333333,-0.3333333333333333,-0.3333333333333333,0.0,0.6666666666666666,3,1,0
gptoss,10,level1,rule,HaBa,0,2.0,0.6666666666666666,0.6666666666666666,0.6666666666666666,0.0,0.0,0.0,0.0,0.0,0.0,0.0,0.6666666666666666,3,0,0
gptoss,10,level1,rule,HaCh,0,2.0,0.6666666666666666,0.6666666666666666,1.0,0.0,0.33333333333333337,0.0,0.33333333333333337,0.0,0.33333333333333337,-0.33333333333333337,0.6666666666666666,3,0,0
gptoss,10,level1,rule,HaCm,0,2.0,0.0,0.3333333333333333,0.0,0.3333333333333333,0.0,0.3333333333333333,0.0,0.3333333333333333,0.0,0.3333333333333333,0.0,3,1,1
gptoss,10,level1,rule,HaCo,0,2.0,0.6666666666666666,1.0,0.6666666666666666,0.33333333333333337,0.0,0.33333333333333337,0.0,0.33333333333333337,0.0,0.33333333333333337,0.6666666666666666,3,1,1
gptoss,10,level1,rule,HaHa,0,2.0,1.0,1.0,0.3333333333333333,0.0,-0.6666666666666667,0.0,0.6666666666666667,0.0,-0.6666666666666667,0.6666666666666667,1.0,3,0,0
gptoss,10,level1,rule,HaHr,0,2.0,0.6666666666666666,1.0,1.0,0.33333333333333337,0.33333333333333337,0.33333333333333337,0.33333333333333337,0.33333333333333337,0.33333333333333337,0.0,0.6666666666666666,3,1,1
gptoss,10,level1,rule,HaNc,0,2.0,0.3333333333333333,0.3333333333333333,0.3333333333333333,0.0,0.0,0.0,0.0,0.0,0.0,0.0,0.3333333333333333,3,0,0
gptoss,10,level1,rule,HaPc,0,2.0,0.0,0.6666666666666666,0.3333333333333333,0.6666666666666666,0.3333333333333333,0.6666666666666666,0.3333333333333333,0.6666666666666666,0.3333333333333333,0.3333333333333333,0.0,3,2,2
gptoss,10,level1,rule,HaPd,0,2.0,0.6666666666666666,0.6666666666666666,0.6666666666666666,0.0,0.0,0.0,0.0,0.0,0.0,0.0,0.6666666666666666,3,0,0
gptoss,10,level1,rule,HaSh,0,2.0,0.6666666666666666,1.0,0.6666666666666666,0.33333333333333337,0.0,0.33333333333333337,0.0,0.33333333333333337,0.0,0.33333333333333337,0.6666666666666666,3,1,1
gptoss,10,level1,rule,HrAs,1,-1.0,0.3333333333333333,0.6666666666666666,0.6666666666666666,0.3333333333333333,0.3333333333333333,0.3333333333333333,0.3333333333333333,-0.3333333333333333,-0.3333333333333333,-0.0,0.6666666666666667,3,1,0
gptoss,10,level1,rule,HrBa,1,-1.0,0.3333333333333333,0.3333333333333333,0.3333333333333333,0.0,0.0,0.0,0.0,-0.0,-0.0,-0.0,0.6666666666666667,3,0,0
gptoss,10,level1,rule,HrCh,1,-1.0,0.6666666666666666,0.6666666666666666,0.6666666666666666,0.0,0.0,0.0,0.0,-0.0,-0.0,-0.0,0.33333333333333337,3,0,0
gptoss,10,level1,rule,HrCo,1,-1.0,0.3333333333333333,0.3333333333333333,0.6666666666666666,0.0,0.3333333333333333,0.0,0.3333333333333333,-0.0,-0.3333333333333333,0.3333333333333333,0.6666666666666667,3,0,0
gptoss,10,level1,rule,HrHr,1,-1.0,0.3333333333333333,0.3333333333333333,0.3333333333333333,0.0,0.0,0.0,0.0,-0.0,-0.0,-0.0,0.6666666666666667,3,0,0
gptoss,10,level1,rule,HrSh,1,-1.0,0.6666666666666666,0.6666666666666666,0.6666666666666666,0.0,0.0,0.0,0.0,-0.0,-0.0,-0.0,0.33333333333333337,3,0,0
gptoss,10,level1,rule,NcAs,0,1.0,0.6666666666666666,0.6666666666666666,0.6666666666666666,0.0,0.0,0.0,0.0,0.0,0.0,0.0,0.6666666666666666,3,0,0
gptoss,10,level1,rule,NcBa,0,1.0,0.3333333333333333,0.3333333333333333,0.3333333333333333,0.0,0.0,0.0,0.0,0.0,0.0,0.0,0.3333333333333333,3,0,0
gptoss,10,level1,rule,NcCh,0,1.0,0.3333333333333333,0.3333333333333333,0.6666666666666666,0.0,0.3333333333333333,0.0,0.3333333333333333,0.0,0.3333333333333333,-0.3333333333333333,0.3333333333333333,3,0,0
gptoss,10,level1,rule,NcCo,0,1.0,0.3333333333333333,0.6666666666666666,0.6666666666666666,0.3333333333333333,0.3333333333333333,0.3333333333333333,0.3333333333333333,0.3333333333333333,0.3333333333333333,0.0,0.3333333333333333,3,1,1
gptoss,10,level1,rule,NcHr,0,1.0,0.3333333333333333,0.3333333333333333,0.3333333333333333,0.0,0.0,0.0,0.0,0.0,0.0,0.0,0.3333333333333333,3,0,0
gptoss,10,level1,rule,NcNc,0,1.0,0.3333333333333333,0.3333333333333333,0.3333333333333333,0.0,0.0,0.0,0.0,0.0,0.0,0.0,0.3333333333333333,3,0,0
gptoss,10,level1,rule,NcPd,0,1.0,0.3333333333333333,0.3333333333333333,0.3333333333333333,0.0,0.0,0.0,0.0,0.0,0.0,0.0,0.3333333333333333,3,0,0
gptoss,10,level1,rule,NcSh,0,1.0,0.3333333333333333,0.3333333333333333,0.3333333333333333,0.0,0.0,0.0,0.0,0.0,0.0,0.0,0.3333333333333333,3,0,0
gptoss,10,level1,rule,PcAs,0,2.0,0.6666666666666666,0.6666666666666666,0.6666666666666666,0.0,0.0,0.0,0.0,0.0,0.0,0.0,0.6666666666666666,3,0,0
gptoss,10,level1,rule,PcBa,0,2.0,0.3333333333333333,0.6666666666666666,0.6666666666666666,0.3333333333333333,0.3333333333333333,0.3333333333333333,0.3333333333333333,0.3333333333333333,0.3333333333333333,0.0,0.3333333333333333,3,1,1
gptoss,10,level1,rule,PcCh,0,2.0,0.0,0.0,0.3333333333333333,0.0,0.3333333333333333,0.0,0.3333333333333333,0.0,0.3333333333333333,-0.3333333333333333,0.0,3,0,0
gptoss,10,level1,rule,PcCo,0,2.0,0.3333333333333333,0.6666666666666666,0.6666666666666666,0.3333333333333333,0.3333333333333333,0.3333333333333333,0.3333333333333333,0.3333333333333333,0.3333333333333333,0.0,0.3333333333333333,3,1,1
gptoss,10,level1,rule,PcHr,0,2.0,0.0,0.0,0.6666666666666666,0.0,0.6666666666666666,0.0,0.6666666666666666,0.0,0.6666666666666666,-0.6666666666666666,0.0,3,0,0
gptoss,10,level1,rule,PcNc,0,2.0,0.6666666666666666,0.6666666666666666,0.6666666666666666,0.0,0.0,0.0,0.0,0.0,0.0,0.0,0.6666666666666666,3,0,0
gptoss,10,level1,rule,PcPc,0,2.0,0.3333333333333333,0.3333333333333333,0.6666666666666666,0.0,0.3333333333333333,0.0,0.3333333333333333,0.0,0.3333333333333333,-0.3333333333333333,0.3333333333333333,3,0,0
gptoss,10,level1,rule,PcPd,0,2.0,1.0,0.3333333333333333,0.6666666666666666,-0.6666666666666667,-0.33333333333333337,0.6666666666666667,0.33333333333333337,-0.6666666666666667,-0.33333333333333337,-0.33333333333333337,1.0,3,2,0
gptoss,10,level1,rule,PcSh,0,2.0,0.6666666666666666,0.3333333333333333,0.6666666666666666,-0.3333333333333333,0.0,0.3333333333333333,0.0,-0.3333333333333333,0.0,-0.3333333333333333,0.6666666666666666,3,1,0
gptoss,10,level1,rule,PdAs,1,-1.0,0.3333333333333333,0.3333333333333333,0.3333333333333333,0.0,0.0,0.0,0.0,-0.0,-0.0,-0.0,0.6666666666666667,3,0,0
gptoss,10,level1,rule,PdBa,1,-1.0,0.6666666666666666,0.3333333333333333,0.6666666666666666,-0.3333333333333333,0.0,0.3333333333333333,0.0,0.3333333333333333,-0.0,0.3333333333333333,0.33333333333333337,3,1,1
gptoss,10,level1,rule,PdCh,1,-1.0,1.0,0.6666666666666666,0.6666666666666666,-0.33333333333333337,-0.33333333333333337,0.33333333333333337,0.33333333333333337,0.33333333333333337,0.33333333333333337,-0.0,0.0,3,1,1
gptoss,10,level1,rule,PdCo,1,-1.0,0.6666666666666666,0.6666666666666666,0.6666666666666666,0.0,0.0,0.0,0.0,-0.0,-0.0,-0.0,0.33333333333333337,3,0,0
gptoss,10,level1,rule,PdHr,1,-1.0,0.3333333333333333,0.3333333333333333,0.3333333333333333,0.0,0.0,0.0,0.0,-0.0,-0.0,-0.0,0.6666666666666667,3,0,0
gptoss,10,level1,rule,PdSh,1,-1.0,0.6666666666666666,0.6666666666666666,0.3333333333333333,0.0,-0.3333333333333333,0.0,0.3333333333333333,-0.0,0.3333333333333333,-0.3333333333333333,0.33333333333333337,3,0,0
gptoss,10,level2,rule,CmCm,1,-1.0,0.3333333333333333,0.3333333333333333,0.0,0.0,-0.3333333333333333,0.0,0.3333333333333333,-0.0,0.3333333333333333,-0.3333333333333333,0.6666666666666667,3,0,0
gptoss,10,level2,rule,CmCo,1,-3.0,0.6666666666666666,0.6666666666666666,0.6666666666666666,0.0,0.0,0.0,0.0,-0.0,-0.0,-0.0,0.33333333333333337,3,0,0
gptoss,10,level2,rule,CmHr,1,-1.0,0.6666666666666666,0.3333333333333333,0.3333333333333333,-0.3333333333333333,-0.3333333333333333,0.3333333333333333,0.3333333333333333,0.3333333333333333,0.3333333333333333,-0.0,0.33333333333333337,3,1,1
gptoss,10,level2,rule,CmNc,1,-3.0,0.6666666666666666,0.6666666666666666,0.3333333333333333,0.0,-0.3333333333333333,0.0,0.3333333333333333,-0.0,0.3333333333333333,-0.3333333333333333,0.33333333333333337,3,0,0
gptoss,10,level2,rule,CmPc,1,-3.0,0.3333333333333333,0.3333333333333333,0.3333333333333333,0.0,0.0,0.0,0.0,-0.0,-0.0,-0.0,0.6666666666666667,3,0,0
gptoss,10,level2,rule,CmPd,1,-1.0,0.0,0.3333333333333333,0.6666666666666666,0.3333333333333333,0.6666666666666666,0.3333333333333333,0.6666666666666666,-0.3333333333333333,-0.6666666666666666,0.3333333333333333,1.0,3,1,0
gptoss,10,level2,rule,CoCo,0,3.0,0.6666666666666666,0.6666666666666666,0.6666666666666666,0.0,0.0,0.0,0.0,0.0,0.0,0.0,0.6666666666666666,3,0,0
gptoss,10,level2,rule,DlCm,1,-2.0,1.0,0.6666666666666666,0.6666666666666666,-0.33333333333333337,-0.33333333333333337,0.33333333333333337,0.33333333333333337,0.33333333333333337,0.33333333333333337,-0.0,0.0,3,1,1
gptoss,10,level2,rule,DlCo,1,-2.0,0.0,0.3333333333333333,0.0,0.3333333333333333,0.0,0.3333333333333333,0.0,-0.3333333333333333,-0.0,-0.3333333333333333,1.0,3,1,0
gptoss,10,level2,rule,DlDl,1,-2.0,0.3333333333333333,0.3333333333333333,0.0,0.0,-0.3333333333333333,0.0,0.3333333333333333,-0.0,0.3333333333333333,-0.3333333333333333,0.6666666666666667,3,0,0
gptoss,10,level2,rule,DlHa,1,-2.0,0.3333333333333333,0.3333333333333333,0.3333333333333333,0.0,0.0,0.0,0.0,-0.0,-0.0,-0.0,0.6666666666666667,3,0,0
gptoss,10,level2,rule,DlHr,1,-2.0,0.6666666666666666,0.6666666666666666,0.6666666666666666,0.0,0.0,0.0,0.0,-0.0,-0.0,-0.0,0.33333333333333337,3,0,0
gptoss,10,level2,rule,DlNc,1,-2.0,0.3333333333333333,0.3333333333333333,0.3333333333333333,0.0,0.0,0.0,0.0,-0.0,-0.0,-0.0,0.6666666666666667,3,0,0
gptoss,10,level2,rule,DlPc,1,-2.0,0.6666666666666666,0.6666666666666666,0.3333333333333333,0.0,-0.3333333333333333,0.0,0.3333333333333333,-0.0,0.3333333333333333,-0.3333333333333333,0.33333333333333337,3,0,0
gptoss,10,level2,rule,DlPd,1,-2.0,0.6666666666666666,0.3333333333333333,0.6666666666666666,-0.3333333333333333,0.0,0.3333333333333333,0.0,0.3333333333333333,-0.0,0.3333333333333333,0.33333333333333337,3,1,1
gptoss,10,level2,rule,HaCm,0,2.0,0.0,0.3333333333333333,0.0,0.3333333333333333,0.0,0.3333333333333333,0.0,0.3333333333333333,0.0,0.3333333333333333,0.0,3,1,1
gptoss,10,level2,rule,HaCo,0,2.0,0.6666666666666666,0.6666666666666666,0.6666666666666666,0.0,0.0,0.0,0.0,0.0,0.0,0.0,0.6666666666666666,3,0,0
gptoss,10,level2,rule,HaHa,0,2.0,1.0,0.6666666666666666,0.3333333333333333,-0.33333333333333337,-0.6666666666666667,0.33333333333333337,0.6666666666666667,-0.33333333333333337,-0.6666666666666667,0.33333333333333337,1.0,3,1,0
gptoss,10,level2,rule,HaHr,0,2.0,0.6666666666666666,1.0,1.0,0.33333333333333337,0.33333333333333337,0.33333333333333337,0.33333333333333337,0.33333333333333337,0.33333333333333337,0.0,0.6666666666666666,3,1,1
gptoss,10,level2,rule,HaNc,0,2.0,0.3333333333333333,0.3333333333333333,0.3333333333333333,0.0,0.0,0.0,0.0,0.0,0.0,0.0,0.3333333333333333,3,0,0
gptoss,10,level2,rule,HaPc,0,2.0,0.0,0.0,0.3333333333333333,0.0,0.3333333333333333,0.0,0.3333333333333333,0.0,0.3333333333333333,-0.3333333333333333,0.0,3,0,0
gptoss,10,level2,rule,HaPd,0,2.0,0.6666666666666666,0.6666666666666666,0.6666666666666666,0.0,0.0,0.0,0.0,0.0,0.0,0.0,0.6666666666666666,3,0,0
gptoss,10,level2,rule,HrCo,1,-3.0,0.3333333333333333,0.3333333333333333,0.6666666666666666,0.0,0.3333333333333333,0.0,0.3333333333333333,-0.0,-0.3333333333333333,0.3333333333333333,0.6666666666666667,3,0,0
gptoss,10,level2,rule,HrHr,0,1.0,0.3333333333333333,0.3333333333333333,0.3333333333333333,0.0,0.0,0.0,0.0,0.0,0.0,0.0,0.3333333333333333,3,0,0
gptoss,10,level2,rule,NcCo,0,1.0,0.3333333333333333,0.6666666666666666,0.6666666666666666,0.3333333333333333,0.3333333333333333,0.3333333333333333,0.3333333333333333,0.3333333333333333,0.3333333333333333,0.0,0.3333333333333333,3,1,1
gptoss,10,level2,rule,NcHr,0,1.0,0.3333333333333333,0.3333333333333333,0.3333333333333333,0.0,0.0,0.0,0.0,0.0,0.0,0.0,0.3333333333333333,3,0,0
gptoss,10,level2,rule,NcNc,0,1.0,0.3333333333333333,0.0,0.3333333333333333,-0.3333333333333333,0.0,0.3333333333333333,0.0,-0.3333333333333333,0.0,-0.3333333333333333,0.3333333333333333,3,1,0
gptoss,10,level2,rule,NcPd,0,1.0,0.3333333333333333,0.3333333333333333,0.3333333333333333,0.0,0.0,0.0,0.0,0.0,0.0,0.0,0.3333333333333333,3,0,0
gptoss,10,level2,rule,PcCo,0,3.0,0.3333333333333333,0.3333333333333333,0.6666666666666666,0.0,0.3333333333333333,0.0,0.3333333333333333,0.0,0.3333333333333333,-0.3333333333333333,0.3333333333333333,3,0,0
gptoss,10,level2,rule,PcHr,0,1.0,0.0,0.0,0.6666666666666666,0.0,0.6666666666666666,0.0,0.6666666666666666,0.0,0.6666666666666666,-0.6666666666666666,0.0,3,0,0
gptoss,10,level2,rule,PcNc,0,3.0,0.6666666666666666,0.6666666666666666,0.6666666666666666,0.0,0.0,0.0,0.0,0.0,0.0,0.0,0.6666666666666666,3,0,0
gptoss,10,level2,rule,PcPc,0,3.0,0.3333333333333333,0.3333333333333333,0.6666666666666666,0.0,0.3333333333333333,0.0,0.3333333333333333,0.0,0.3333333333333333,-0.3333333333333333,0.3333333333333333,3,0,0
gptoss,10,level2,rule,PcPd,0,1.0,1.0,0.6666666666666666,0.6666666666666666,-0.33333333333333337,-0.33333333333333337,0.33333333333333337,0.33333333333333337,-0.33333333333333337,-0.33333333333333337,0.0,1.0,3,1,0
gptoss,10,level2,rule,PdCo,1,-1.0,0.6666666666666666,0.3333333333333333,0.6666666666666666,-0.3333333333333333,0.0,0.3333333333333333,0.0,0.3333333333333333,-0.0,0.3333333333333333,0.33333333333333337,3,1,1
gptoss,10,level2,rule,PdHr,1,-1.0,0.3333333333333333,0.3333333333333333,0.3333333333333333,0.0,0.0,0.0,0.0,-0.0,-0.0,-0.0,0.6666666666666667,3,0,0
