delta_c,shap_delta_c,model
0.0,-1.3000654917308563,qwen
0.0,-1.054093452715289,qwen
0.0,-1.0449060431569694,qwen
0.0,-0.8171837341167948,qwen
0.0,-1.3146739898515512,qwen
0.0,-1.5818321693001176,qwen
0.0,-1.6067875576168464,qwen
0.0,-1.3000654917308563,qwen
0.0,-1.054093452715289,qwen
0.0,-1.0449060431569694,qwen
0.0,-0.8171837341167948,qwen
0.0,-1.3146739898515512,qwen
0.0,-1.5818321693001176,qwen
0.0,-1.6067875576168464,qwen
0.0,-1.3000654917308563,qwen
0.0,-1.054093452715289,qwen
0.0,-1.0449060431569694,qwen
0.0,-0.8171837341167948,qwen
0.0,-1.3146739898515512,qwen
0.0,-1.5818321693001176,qwen
0.0,-1.6067875576168464,qwen
0.0,-1.3000654917308563,qwen
0.0,-1.054093452715289,qwen
0.0,-1.0449060431569694,qwen
0.0,-0.8171837341167948,qwen
0.0,-1.3146739898515512,qwen
0.0,-1.5818321693001176,qwen
0.0,-1.6067875576168464,qwen
-0.0,-1.196750208091834,qwen
-0.0,-0.8081955998231057,qwen
-0.0,-0.8718919056118858,qwen
-0.0,-0.5098475344221283,qwen
-0.0,-1.21009692278696,qwen
-0.0,-1.5910527416811395,qwen
-0.0,-1.4787103687640977,qwen
-0.0,-1.196750208091834,qwen
-0.0,-0.8081955998231057,qwen
-0.0,-0.8718919056118858,qwen
-0.0,-0.5098475344221283,qwen
-0.0,-1.21009692278696,qwen
-0.0,-1.5910527416811395,qwen
-0.0,-1.4787103687640977,qwen
-0.0,-1.196750208091834,qwen
-0.0,-0.8081955998231057,qwen
-0.0,-0.8718919056118858,qwen
-0.0,-0.5098475344221283,qwen
-0.0,-1.21009692278696,qwen
-0.0,-1.5910527416811395,qwen
-0.0,-1.4787103687640977,qwen
-0.0,-1.196750208091834,qwen
-0.0,-0.8081955998231057,qwen
-0.0,-0.8718919056118858,qwen
-0.0,-0.5098475344221283,qwen
-0.0,-1.21009692278696,qwen
-0.0,-1.5910527416811395,qwen
-0.0,-1.4787103687640977,qwen
-0.0,-1.060838026085406,qwen
-0.0,-0.7766219676936711,qwen
-0.0,-0.7230792873776007,qwen
-0.0,-0.35257787892672754,qwen
-0.0,-1.061464761553664,qwen
-0.0,-1.3603550746852235,qwen
-0.0,-1.2824563475044175,qwen
-0.0,-1.060838026085406,qwen
-0.0,-0.7766219676936711,qwen
-0.0,-0.7230792873776007,qwen
-0.0,-0.35257787892672754,qwen
-0.0,-1.061464761553664,qwen
-0.0,-1.3603550746852235,qwen
-0.0,-1.2824563475044175,qwen
-0.0,-1.060838026085406,qwen
-0.0,-0.7766219676936711,qwen
-0.0,-0.7230792873776007,qwen
-0.0,-0.35257787892672754,qwen
-0.0,-1.061464761553664,qwen
-0.0,-1.3603550746852235,qwen
-0.0,-1.2824563475044175,qwen
-0.0,-1.060838026085406,qwen
-0.0,-0.7766219676936711,qwen
-0.0,-0.7230792873776007,qwen
-0.0,-0.35257787892672754,qwen
-0.0,-1.061464761553664,qwen
-0.0,-1.3603550746852235,qwen
-0.0,-1.2824563475044175,qwen
-0.0,-1.1998597036834577,qwen
-0.0,-0.8635932633701066,qwen
-0.0,-0.8896731828616771,qwen
-0.0,-0.5170753832826075,qwen
-0.0,-1.2132064183785836,qwen
-0.0,-1.5895442623186369,qwen
-0.0,-1.4818198643557214,qwen
-0.0,-1.1998597036834577,qwen
-0.0,-0.8635932633701066,qwen
-0.0,-0.8896731828616771,qwen
-0.0,-0.5170753832826075,qwen
-0.0,-1.2132064183785836,qwen
-0.0,-1.5895442623186369,qwen
-0.0,-1.4818198643557214,qwen
-0.0,-1.1998597036834577,qwen
-0.0,-0.8635932633701066,qwen
-0.0,-0.8896731828616771,qwen
-0.0,-0.5170753832826075,qwen
-0.0,-1.2132064183785836,qwen
-0.0,-1.5895442623186369,qwen
-0.0,-1.4818198643557214,qwen
-0.0,-1.1998597036834577,qwen
-0.0,-0.8635932633701066,qwen
-0.0,-0.8896731828616771,qwen
-0.0,-0.5170753832826075,qwen
-0.0,-1.2132064183785836,qwen
-0.0,-1.5895442623186369,qwen
-0.0,-1.4818198643557214,qwen
0.0,-1.2255804918025681,qwen
0.0,-0.871103477858669,qwen
0.0,-0.9438229639348684,qwen
0.0,-0.6992727408244179,qwen
0.0,-1.2497461937978118,qwen
0.0,-1.565332930933215,qwen
0.0,-1.532740587817613,qwen
0.0,-1.2255804918025681,qwen
0.0,-0.871103477858669,qwen
0.0,-0.9438229639348684,qwen
0.0,-0.6992727408244179,qwen
0.0,-1.2497461937978118,qwen
0.0,-1.565332930933215,qwen
0.0,-1.532740587817613,qwen
0.0,-1.2255804918025681,qwen
0.0,-0.871103477858669,qwen
0.0,-0.9438229639348684,qwen
0.0,-0.6992727408244179,qwen
0.0,-1.2497461937978118,qwen
0.0,-1.565332930933215,qwen
0.0,-1.532740587817613,qwen
0.0,-1.2255804918025681,qwen
0.0,-0.871103477858669,qwen
0.0,-0.9438229639348684,qwen
0.0,-0.6992727408244179,qwen
0.0,-1.2497461937978118,qwen
0.0,-1.565332930933215,qwen
0.0,-1.532740587817613,qwen
-0.0,-1.1035773846646615,qwen
-0.0,-0.8576053456490952,qwen
-0.0,-0.7989881088938043,qwen
-0.0,-0.42635688477548395,qwen
-0.0,-1.1181858827853566,qwen
-0.0,-1.4030433529864463,qwen
-0.0,-1.4102994505506536,qwen
-0.0,-1.1035773846646615,qwen
-0.0,-0.8576053456490952,qwen
-0.0,-0.7989881088938043,qwen
-0.0,-0.42635688477548395,qwen
-0.0,-1.1181858827853566,qwen
-0.0,-1.4030433529864463,qwen
-0.0,-1.4102994505506536,qwen
-0.0,-1.1035773846646615,qwen
-0.0,-0.8576053456490952,qwen
-0.0,-0.7989881088938043,qwen
-0.0,-0.42635688477548395,qwen
-0.0,-1.1181858827853566,qwen
-0.0,-1.4030433529864463,qwen
-0.0,-1.4102994505506536,qwen
-0.0,-1.1035773846646615,qwen
-0.0,-0.8576053456490952,qwen
-0.0,-0.7989881088938043,qwen
-0.0,-0.42635688477548395,qwen
-0.0,-1.1181858827853566,qwen
-0.0,-1.4030433529864463,qwen
-0.0,-1.4102994505506536,qwen
0.0,-1.167179632806139,qwen
0.0,-0.9186970047036016,qwen
0.0,-0.8557661287755995,qwen
0.0,-0.6504597337658377,qwen
0.0,-1.1681702217131873,qwen
0.0,-1.4569827415030152,qwen
0.0,-1.3793337823834309,qwen
0.0,-1.167179632806139,qwen
0.0,-0.9186970047036016,qwen
0.0,-0.8557661287755995,qwen
0.0,-0.6504597337658377,qwen
0.0,-1.1681702217131873,qwen
0.0,-1.4569827415030152,qwen
0.0,-1.3793337823834309,qwen
0.0,-1.167179632806139,qwen
0.0,-0.9186970047036016,qwen
0.0,-0.8557661287755995,qwen
0.0,-0.6504597337658377,qwen
0.0,-1.1681702217131873,qwen
0.0,-1.4569827415030152,qwen
0.0,-1.3793337823834309,qwen
0.0,-1.167179632806139,qwen
0.0,-0.9186970047036016,qwen
0.0,-0.8557661287755995,qwen
0.0,-0.6504597337658377,qwen
0.0,-1.1681702217131873,qwen
0.0,-1.4569827415030152,qwen
0.0,-1.3793337823834309,qwen
-0.0,-1.0090206697716868,qwen
-0.0,-0.730788664519283,qwen
-0.0,-0.6712619310638807,qwen
-0.0,-0.29322034319915186,qwen
-0.0,-1.0096474052399464,qwen
-0.0,-1.2745251871954553,qwen
-0.0,-1.2306389911906987,qwen
-0.0,-1.0090206697716868,qwen
-0.0,-0.730788664519283,qwen
-0.0,-0.6712619310638807,qwen
-0.0,-0.29322034319915186,qwen
-0.0,-1.0096474052399464,qwen
-0.0,-1.2745251871954553,qwen
-0.0,-1.2306389911906987,qwen
-0.0,-1.0090206697716868,qwen
-0.0,-0.730788664519283,qwen
-0.0,-0.6712619310638807,qwen
-0.0,-0.29322034319915186,qwen
-0.0,-1.0096474052399464,qwen
-0.0,-1.2745251871954553,qwen
-0.0,-1.2306389911906987,qwen
-0.0,-1.0090206697716868,qwen
-0.0,-0.730788664519283,qwen
-0.0,-0.6712619310638807,qwen
-0.0,-0.29322034319915186,qwen
-0.0,-1.0096474052399464,qwen
-0.0,-1.2745251871954553,qwen
-0.0,-1.2306389911906987,qwen
0.0,-1.334284117947914,qwen
0.0,-1.0189659811253209,qwen
0.0,-1.0313097858182638,qwen
0.0,-0.8289335468350536,qwen
0.0,-1.3406811674616443,qwen
0.0,-1.7193270395307843,qwen
0.0,-1.6079471345518201,qwen
0.0,-1.334284117947914,qwen
0.0,-1.0189659811253209,qwen
0.0,-1.0313097858182638,qwen
0.0,-0.8289335468350536,qwen
0.0,-1.3406811674616443,qwen
0.0,-1.7193270395307843,qwen
0.0,-1.6079471345518201,qwen
0.0,-1.334284117947914,qwen
0.0,-1.0189659811253209,qwen
0.0,-1.0313097858182638,qwen
0.0,-0.8289335468350536,qwen
0.0,-1.3406811674616443,qwen
0.0,-1.7193270395307843,qwen
0.0,-1.6079471345518201,qwen
0.0,-1.334284117947914,qwen
0.0,-1.0189659811253209,qwen
0.0,-1.0313097858182638,qwen
0.0,-0.8289335468350536,qwen
0.0,-1.3406811674616443,qwen
0.0,-1.7193270395307843,qwen
0.0,-1.6079471345518201,qwen
0.0,-1.2466771013700002,qwen
0.0,-0.9305833782804209,qwen
0.0,-0.964919573502299,qwen
0.0,-0.7249140488729923,qwen
0.0,-1.2708428033652444,qwen
0.0,-1.586429540500647,qwen
0.0,-1.5538371973850453,qwen
0.0,-1.2466771013700002,qwen
0.0,-0.9305833782804209,qwen
0.0,-0.964919573502299,qwen
0.0,-0.7249140488729923,qwen
0.0,-1.2708428033652444,qwen
0.0,-1.586429540500647,qwen
0.0,-1.5538371973850453,qwen
0.0,-1.2466771013700002,qwen
0.0,-0.9305833782804209,qwen
0.0,-0.964919573502299,qwen
0.0,-0.7249140488729923,qwen
0.0,-1.2708428033652444,qwen
0.0,-1.586429540500647,qwen
0.0,-1.5538371973850453,qwen
0.0,-1.2466771013700002,qwen
0.0,-0.9305833782804209,qwen
0.0,-0.964919573502299,qwen
0.0,-0.7249140488729923,qwen
0.0,-1.2708428033652444,qwen
0.0,-1.586429540500647,qwen
0.0,-1.5538371973850453,qwen
-0.0,-1.1996572890430195,qwen
-0.0,-0.8633908487296685,qwen
-0.0,-0.8948884763034771,qwen
-0.0,-0.5168729686421694,qwen
-0.0,-1.2130040037381453,qwen
-0.0,-1.5845301827388427,qwen
-0.0,-1.4816174497152832,qwen
-0.0,-1.1996572890430195,qwen
-0.0,-0.8633908487296685,qwen
-0.0,-0.8948884763034771,qwen
-0.0,-0.5168729686421694,qwen
-0.0,-1.2130040037381453,qwen
-0.0,-1.5845301827388427,qwen
-0.0,-1.4816174497152832,qwen
-0.0,-1.1996572890430195,qwen
-0.0,-0.8633908487296685,qwen
-0.0,-0.8948884763034771,qwen
-0.0,-0.5168729686421694,qwen
-0.0,-1.2130040037381453,qwen
-0.0,-1.5845301827388427,qwen
-0.0,-1.4816174497152832,qwen
-0.0,-1.1996572890430195,qwen
-0.0,-0.8633908487296685,qwen
-0.0,-0.8948884763034771,qwen
-0.0,-0.5168729686421694,qwen
-0.0,-1.2130040037381453,qwen
-0.0,-1.5845301827388427,qwen
-0.0,-1.4816174497152832,qwen
0.0,-1.3052503352193296,qwen
0.0,-1.0592782962037623,qwen
0.0,-1.0500908866454421,qwen
0.0,-0.8223685776052683,qwen
0.0,-1.3198588333400245,qwen
0.0,-1.587017012788591,qwen
0.0,-1.6119724011053198,qwen
0.0,-1.3052503352193296,qwen
0.0,-1.0592782962037623,qwen
0.0,-1.0500908866454421,qwen
0.0,-0.8223685776052683,qwen
0.0,-1.3198588333400245,qwen
0.0,-1.587017012788591,qwen
0.0,-1.6119724011053198,qwen
0.0,-1.3052503352193296,qwen
0.0,-1.0592782962037623,qwen
0.0,-1.0500908866454421,qwen
0.0,-0.8223685776052683,qwen
0.0,-1.3198588333400245,qwen
0.0,-1.587017012788591,qwen
0.0,-1.6119724011053198,qwen
0.0,-1.3052503352193296,qwen
0.0,-1.0592782962037623,qwen
0.0,-1.0500908866454421,qwen
0.0,-0.8223685776052683,qwen
0.0,-1.3198588333400245,qwen
0.0,-1.587017012788591,qwen
0.0,-1.6119724011053198,qwen
0.0,-1.0586433579363055,qwen
0.0,-0.788753731795749,qwen
0.0,-0.6885885042098165,qwen
0.0,-0.21105968178366796,qwen
0.0,-1.061921282549786,qwen
0.0,-1.369176508505386,qwen
0.0,-1.2949624565385158,qwen
0.0,-1.0586433579363055,qwen
0.0,-0.788753731795749,qwen
0.0,-0.6885885042098165,qwen
0.0,-0.21105968178366796,qwen
0.0,-1.061921282549786,qwen
0.0,-1.369176508505386,qwen
0.0,-1.2949624565385158,qwen
0.0,-1.0586433579363055,qwen
0.0,-0.788753731795749,qwen
0.0,-0.6885885042098165,qwen
0.0,-0.21105968178366796,qwen
0.0,-1.061921282549786,qwen
0.0,-1.369176508505386,qwen
0.0,-1.2949624565385158,qwen
0.0,-1.0586433579363055,qwen
0.0,-0.788753731795749,qwen
0.0,-0.6885885042098165,qwen
0.0,-0.21105968178366796,qwen
0.0,-1.061921282549786,qwen
0.0,-1.369176508505386,qwen
0.0,-1.2949624565385158,qwen
0.0,-1.1530085719912984,qwen
0.0,-0.7983527627747158,qwen
0.0,-0.8712510441235971,qwen
0.0,-0.6312455194942906,qwen
0.0,-1.1771742739865425,qwen
0.0,-1.562173965820279,qwen
0.0,-1.4631986535079708,qwen
0.0,-1.1530085719912984,qwen
0.0,-0.7983527627747158,qwen
0.0,-0.8712510441235971,qwen
0.0,-0.6312455194942906,qwen
0.0,-1.1771742739865425,qwen
0.0,-1.562173965820279,qwen
0.0,-1.4631986535079708,qwen
0.0,-1.1530085719912984,qwen
0.0,-0.7983527627747158,qwen
0.0,-0.8712510441235971,qwen
0.0,-0.6312455194942906,qwen
0.0,-1.1771742739865425,qwen
0.0,-1.562173965820279,qwen
0.0,-1.4631986535079708,qwen
0.0,-1.1530085719912984,qwen
0.0,-0.7983527627747158,qwen
0.0,-0.8712510441235971,qwen
0.0,-0.6312455194942906,qwen
0.0,-1.1771742739865425,qwen
0.0,-1.562173965820279,qwen
0.0,-1.4631986535079708,qwen
0.0,-1.3021208597976621,qwen
0.0,-1.0040196736385287,qwen
0.0,-0.9542944701475191,qwen
0.0,-0.7750035647271591,qwen
0.0,-1.30311144870471,qwen
0.0,-1.5855359567081022,qwen
0.0,-1.5188490649930446,qwen
0.0,-1.3021208597976621,qwen
0.0,-1.0040196736385287,qwen
0.0,-0.9542944701475191,qwen
0.0,-0.7750035647271591,qwen
0.0,-1.30311144870471,qwen
0.0,-1.5855359567081022,qwen
0.0,-1.5188490649930446,qwen
0.0,-1.3021208597976621,qwen
0.0,-1.0040196736385287,qwen
0.0,-0.9542944701475191,qwen
0.0,-0.7750035647271591,qwen
0.0,-1.30311144870471,qwen
0.0,-1.5855359567081022,qwen
0.0,-1.5188490649930446,qwen
0.0,-1.3021208597976621,qwen
0.0,-1.0040196736385287,qwen
0.0,-0.9542944701475191,qwen
0.0,-0.7750035647271591,qwen
0.0,-1.30311144870471,qwen
0.0,-1.5855359567081022,qwen
0.0,-1.5188490649930446,qwen
0.0,-1.0836008849282657,qwen
0.0,-0.8137112587877097,qwen
0.0,-0.7548353316615837,qwen
0.0,-0.4033133000820887,qwen
0.0,-1.086878809541746,qwen
0.0,-1.4081398773670355,qwen
0.0,-1.3199199835304756,qwen
0.0,-1.0836008849282657,qwen
0.0,-0.8137112587877097,qwen
0.0,-0.7548353316615837,qwen
0.0,-0.4033133000820887,qwen
0.0,-1.086878809541746,qwen
0.0,-1.4081398773670355,qwen
0.0,-1.3199199835304756,qwen
0.0,-1.0836008849282657,qwen
0.0,-0.8137112587877097,qwen
0.0,-0.7548353316615837,qwen
0.0,-0.4033133000820887,qwen
0.0,-1.086878809541746,qwen
0.0,-1.4081398773670355,qwen
0.0,-1.3199199835304756,qwen
0.0,-1.0836008849282657,qwen
0.0,-0.8137112587877097,qwen
0.0,-0.7548353316615837,qwen
0.0,-0.4033133000820887,qwen
0.0,-1.086878809541746,qwen
0.0,-1.4081398773670355,qwen
0.0,-1.3199199835304756,qwen
0.0,-1.1991399215595147,qwen
0.0,-0.8105853132907868,qwen
0.0,-0.8796993271618049,qwen
0.0,-0.5122372478898088,qwen
0.0,-1.2124866362546407,qwen
0.0,-1.5886307902094643,qwen
0.0,-1.4811000822317784,qwen
0.0,-1.1991399215595147,qwen
0.0,-0.8105853132907868,qwen
0.0,-0.8796993271618049,qwen
0.0,-0.5122372478898088,qwen
0.0,-1.2124866362546407,qwen
0.0,-1.5886307902094643,qwen
0.0,-1.4811000822317784,qwen
0.0,-1.1991399215595147,qwen
0.0,-0.8105853132907868,qwen
0.0,-0.8796993271618049,qwen
0.0,-0.5122372478898088,qwen
0.0,-1.2124866362546407,qwen
0.0,-1.5886307902094643,qwen
0.0,-1.4811000822317784,qwen
0.0,-1.1991399215595147,qwen
0.0,-0.8105853132907868,qwen
0.0,-0.8796993271618049,qwen
0.0,-0.5122372478898088,qwen
0.0,-1.2124866362546407,qwen
0.0,-1.5886307902094643,qwen
0.0,-1.4811000822317784,qwen
0.0,-1.0350696775580763,qwen
0.0,-0.7528722052557603,qwen
0.0,-0.6973109388502706,qwen
0.0,-0.4023639502387393,qwen
0.0,-1.0356964130263349,qwen
0.0,-1.3473253126915508,qwen
0.0,-1.2566879989770896,qwen
0.0,-1.0350696775580763,qwen
0.0,-0.7528722052557603,qwen
0.0,-0.6973109388502706,qwen
0.0,-0.4023639502387393,qwen
0.0,-1.0356964130263349,qwen
0.0,-1.3473253126915508,qwen
0.0,-1.2566879989770896,qwen
0.0,-1.0350696775580763,qwen
0.0,-0.7528722052557603,qwen
0.0,-0.6973109388502706,qwen
0.0,-0.4023639502387393,qwen
0.0,-1.0356964130263349,qwen
0.0,-1.3473253126915508,qwen
0.0,-1.2566879989770896,qwen
0.0,-1.0350696775580763,qwen
0.0,-0.7528722052557603,qwen
0.0,-0.6973109388502706,qwen
0.0,-0.4023639502387393,qwen
0.0,-1.0356964130263349,qwen
0.0,-1.3473253126915508,qwen
0.0,-1.2566879989770896,qwen
-0.0,-1.3187729341554602,qwen
-0.0,-1.0149643660549565,qwen
-0.0,-1.0455004547181286,qwen
-0.0,-0.8210417826403218,qwen
-0.0,-1.3337731521209668,qwen
-0.0,-1.670643568841169,qwen
-0.0,-1.592435950759366,qwen
-0.0,-1.3187729341554602,qwen
-0.0,-1.0149643660549565,qwen
-0.0,-1.0455004547181286,qwen
-0.0,-0.8210417826403218,qwen
-0.0,-1.3337731521209668,qwen
-0.0,-1.670643568841169,qwen
-0.0,-1.592435950759366,qwen
-0.0,-1.3187729341554602,qwen
-0.0,-1.0149643660549565,qwen
-0.0,-1.0455004547181286,qwen
-0.0,-0.8210417826403218,qwen
-0.0,-1.3337731521209668,qwen
-0.0,-1.670643568841169,qwen
-0.0,-1.592435950759366,qwen
-0.0,-1.3187729341554602,qwen
-0.0,-1.0149643660549565,qwen
-0.0,-1.0455004547181286,qwen
-0.0,-0.8210417826403218,qwen
-0.0,-1.3337731521209668,qwen
-0.0,-1.670643568841169,qwen
-0.0,-1.592435950759366,qwen
0.0,-1.4185918767898018,qwen
0.0,-1.077546756910301,qwen
0.0,-1.109702448968456,qwen
0.0,-0.9457755305829008,qwen
0.0,-1.4335920947553087,qwen
0.0,-1.7773593022461778,qwen
0.0,-1.6998915447096548,qwen
0.0,-1.4185918767898018,qwen
0.0,-1.077546756910301,qwen
0.0,-1.109702448968456,qwen
0.0,-0.9457755305829008,qwen
0.0,-1.4335920947553087,qwen
0.0,-1.7773593022461778,qwen
0.0,-1.6998915447096548,qwen
0.0,-1.4185918767898018,qwen
0.0,-1.077546756910301,qwen
0.0,-1.109702448968456,qwen
0.0,-0.9457755305829008,qwen
0.0,-1.4335920947553087,qwen
0.0,-1.7773593022461778,qwen
0.0,-1.6998915447096548,qwen
0.0,-1.4185918767898018,qwen
0.0,-1.077546756910301,qwen
0.0,-1.109702448968456,qwen
0.0,-0.9457755305829008,qwen
0.0,-1.4335920947553087,qwen
0.0,-1.7773593022461778,qwen
0.0,-1.6998915447096548,qwen
-0.0,-1.2361407045866646,qwen
-0.0,-0.9901686655710967,qwen
-0.0,-0.9670893159449887,qwen
-0.0,-0.6746974173617747,qwen
-0.0,-1.25074920270736,qwen
-0.0,-1.527375795399834,qwen
-0.0,-1.5424819223247126,qwen
-0.0,-1.2361407045866646,qwen
-0.0,-0.9901686655710967,qwen
-0.0,-0.9670893159449887,qwen
-0.0,-0.6746974173617747,qwen
-0.0,-1.25074920270736,qwen
-0.0,-1.527375795399834,qwen
-0.0,-1.5424819223247126,qwen
-0.0,-1.2361407045866646,qwen
-0.0,-0.9901686655710967,qwen
-0.0,-0.9670893159449887,qwen
-0.0,-0.6746974173617747,qwen
-0.0,-1.25074920270736,qwen
-0.0,-1.527375795399834,qwen
-0.0,-1.5424819223247126,qwen
-0.0,-1.2361407045866646,qwen
-0.0,-0.9901686655710967,qwen
-0.0,-0.9670893159449887,qwen
-0.0,-0.6746974173617747,qwen
-0.0,-1.25074920270736,qwen
-0.0,-1.527375795399834,qwen
-0.0,-1.5424819223247126,qwen
-0.0,-1.1907214356536755,qwen
-0.0,-0.8518682422868352,qwen
-0.0,-0.8974047166321061,qwen
-0.0,-0.6347681936493633,qwen
-0.0,-1.2133887898465294,qwen
-0.0,-1.6203827757429299,qwen
-0.0,-1.5018638902228623,qwen
-0.0,-1.1907214356536755,qwen
-0.0,-0.8518682422868352,qwen
-0.0,-0.8974047166321061,qwen
-0.0,-0.6347681936493633,qwen
-0.0,-1.2133887898465294,qwen
-0.0,-1.6203827757429299,qwen
-0.0,-1.5018638902228623,qwen
-0.0,-1.1907214356536755,qwen
-0.0,-0.8518682422868352,qwen
-0.0,-0.8974047166321061,qwen
-0.0,-0.6347681936493633,qwen
-0.0,-1.2133887898465294,qwen
-0.0,-1.6203827757429299,qwen
-0.0,-1.5018638902228623,qwen
-0.0,-1.1907214356536755,qwen
-0.0,-0.8518682422868352,qwen
-0.0,-0.8974047166321061,qwen
-0.0,-0.6347681936493633,qwen
-0.0,-1.2133887898465294,qwen
-0.0,-1.6203827757429299,qwen
-0.0,-1.5018638902228623,qwen
0.0,-1.2085314599727421,qwen
0.0,-0.8300913345543571,qwen
0.0,-0.8990323095396061,qwen
0.0,-0.5324425339125666,qwen
0.0,-1.231198814165595,qwen
0.0,-1.6626934580374086,qwen
0.0,-1.5449826801573847,qwen
0.0,-1.2085314599727421,qwen
0.0,-0.8300913345543571,qwen
0.0,-0.8990323095396061,qwen
0.0,-0.5324425339125666,qwen
0.0,-1.231198814165595,qwen
0.0,-1.6626934580374086,qwen
0.0,-1.5449826801573847,qwen
0.0,-1.2085314599727421,qwen
0.0,-0.8300913345543571,qwen
0.0,-0.8990323095396061,qwen
0.0,-0.5324425339125666,qwen
0.0,-1.231198814165595,qwen
0.0,-1.6626934580374086,qwen
0.0,-1.5449826801573847,qwen
0.0,-1.2085314599727421,qwen
0.0,-0.8300913345543571,qwen
0.0,-0.8990323095396061,qwen
0.0,-0.5324425339125666,qwen
0.0,-1.231198814165595,qwen
0.0,-1.6626934580374086,qwen
0.0,-1.5449826801573847,qwen
0.0,-1.120283443691877,qwen
0.0,-0.8743114046763111,qwen
0.0,-0.7203800502401466,qwen
0.0,-0.3838095325217033,qwen
0.0,-1.1348919418125718,qwen
0.0,-1.4439209448362968,qwen
0.0,-1.4270055095778686,qwen
0.0,-1.120283443691877,qwen
0.0,-0.8743114046763111,qwen
0.0,-0.7203800502401466,qwen
0.0,-0.3838095325217033,qwen
0.0,-1.1348919418125718,qwen
0.0,-1.4439209448362968,qwen
0.0,-1.4270055095778686,qwen
0.0,-1.120283443691877,qwen
0.0,-0.8743114046763111,qwen
0.0,-0.7203800502401466,qwen
0.0,-0.3838095325217033,qwen
0.0,-1.1348919418125718,qwen
0.0,-1.4439209448362968,qwen
0.0,-1.4270055095778686,qwen
0.0,-1.120283443691877,qwen
0.0,-0.8743114046763111,qwen
0.0,-0.7203800502401466,qwen
0.0,-0.3838095325217033,qwen
0.0,-1.1348919418125718,qwen
0.0,-1.4439209448362968,qwen
0.0,-1.4270055095778686,qwen
0.0,-1.0679328222118785,qwen
0.0,-0.6894926967934936,qwen
0.0,-0.7746161031903077,qwen
0.0,-0.35558057045973096,qwen
0.0,-1.090600176404732,qwen
0.0,-1.508827516995114,qwen
0.0,-1.3885775644151503,qwen
0.0,-1.0679328222118785,qwen
0.0,-0.6894926967934936,qwen
0.0,-0.7746161031903077,qwen
0.0,-0.35558057045973096,qwen
0.0,-1.090600176404732,qwen
0.0,-1.508827516995114,qwen
0.0,-1.3885775644151503,qwen
0.0,-1.0679328222118785,qwen
0.0,-0.6894926967934936,qwen
0.0,-0.7746161031903077,qwen
0.0,-0.35558057045973096,qwen
0.0,-1.090600176404732,qwen
0.0,-1.508827516995114,qwen
0.0,-1.3885775644151503,qwen
0.0,-1.0679328222118785,qwen
0.0,-0.6894926967934936,qwen
0.0,-0.7746161031903077,qwen
0.0,-0.35558057045973096,qwen
0.0,-1.090600176404732,qwen
0.0,-1.508827516995114,qwen
0.0,-1.3885775644151503,qwen
0.0,-1.3021208597976621,qwen
0.0,-1.0040196736385287,qwen
0.0,-0.9542944701475191,qwen
0.0,-0.7750035647271591,qwen
0.0,-1.30311144870471,qwen
0.0,-1.5855359567081022,qwen
0.0,-1.5188490649930446,qwen
0.0,-1.3021208597976621,qwen
0.0,-1.0040196736385287,qwen
0.0,-0.9542944701475191,qwen
0.0,-0.7750035647271591,qwen
0.0,-1.30311144870471,qwen
0.0,-1.5855359567081022,qwen
0.0,-1.5188490649930446,qwen
0.0,-1.3021208597976621,qwen
0.0,-1.0040196736385287,qwen
0.0,-0.9542944701475191,qwen
0.0,-0.7750035647271591,qwen
0.0,-1.30311144870471,qwen
0.0,-1.5855359567081022,qwen
0.0,-1.5188490649930446,qwen
0.0,-1.3021208597976621,qwen
0.0,-1.0040196736385287,qwen
0.0,-0.9542944701475191,qwen
0.0,-0.7750035647271591,qwen
0.0,-1.30311144870471,qwen
0.0,-1.5855359567081022,qwen
0.0,-1.5188490649930446,qwen
0.0,-1.3385978462834864,qwen
0.0,-0.9717723453209364,qwen
0.0,-1.0000065657698214,qwen
0.0,-0.6894412255910177,qwen
0.0,-1.3535980642489942,qwen
0.0,-1.7170412737440206,qwen
0.0,-1.6122608628873933,qwen
0.0,-1.3385978462834864,qwen
0.0,-0.9717723453209364,qwen
0.0,-1.0000065657698214,qwen
0.0,-0.6894412255910177,qwen
0.0,-1.3535980642489942,qwen
0.0,-1.7170412737440206,qwen
0.0,-1.6122608628873933,qwen
0.0,-1.3385978462834864,qwen
0.0,-0.9717723453209364,qwen
0.0,-1.0000065657698214,qwen
0.0,-0.6894412255910177,qwen
0.0,-1.3535980642489942,qwen
0.0,-1.7170412737440206,qwen
0.0,-1.6122608628873933,qwen
0.0,-1.3385978462834864,qwen
0.0,-0.9717723453209364,qwen
0.0,-1.0000065657698214,qwen
0.0,-0.6894412255910177,qwen
0.0,-1.3535980642489942,qwen
0.0,-1.7170412737440206,qwen
0.0,-1.6122608628873933,qwen
0.0,-1.037555164675113,qwen
0.0,-0.767665538534557,qwen
0.0,-0.6675003109486246,qwen
0.0,-0.24021009818068204,qwen
0.0,-1.0408330892885942,qwen
0.0,-1.378460009637498,qwen
0.0,-1.2738742632773237,qwen
0.0,-1.037555164675113,qwen
0.0,-0.767665538534557,qwen
0.0,-0.6675003109486246,qwen
0.0,-0.24021009818068204,qwen
0.0,-1.0408330892885942,qwen
0.0,-1.378460009637498,qwen
0.0,-1.2738742632773237,qwen
0.0,-1.037555164675113,qwen
0.0,-0.767665538534557,qwen
0.0,-0.6675003109486246,qwen
0.0,-0.24021009818068204,qwen
0.0,-1.0408330892885942,qwen
0.0,-1.378460009637498,qwen
0.0,-1.2738742632773237,qwen
0.0,-1.037555164675113,qwen
0.0,-0.767665538534557,qwen
0.0,-0.6675003109486246,qwen
0.0,-0.24021009818068204,qwen
0.0,-1.0408330892885942,qwen
0.0,-1.378460009637498,qwen
0.0,-1.2738742632773237,qwen
0.0,-1.171510460608825,qwen
0.0,-0.9139205990755715,qwen
0.0,-0.8637171268459343,qwen
0.0,-0.5643572519282776,qwen
0.0,-1.1747883852223058,qwen
0.0,-1.439031250270995,qwen
0.0,-1.407829559211039,qwen
0.0,-1.171510460608825,qwen
0.0,-0.9139205990755715,qwen
0.0,-0.8637171268459343,qwen
0.0,-0.5643572519282776,qwen
0.0,-1.1747883852223058,qwen
0.0,-1.439031250270995,qwen
0.0,-1.407829559211039,qwen
0.0,-1.171510460608825,qwen
0.0,-0.9139205990755715,qwen
0.0,-0.8637171268459343,qwen
0.0,-0.5643572519282776,qwen
0.0,-1.1747883852223058,qwen
0.0,-1.439031250270995,qwen
0.0,-1.407829559211039,qwen
0.0,-1.171510460608825,qwen
0.0,-0.9139205990755715,qwen
0.0,-0.8637171268459343,qwen
0.0,-0.5643572519282776,qwen
0.0,-1.1747883852223058,qwen
0.0,-1.439031250270995,qwen
0.0,-1.407829559211039,qwen
0.0,-1.0838796939300455,qwen
0.0,-0.8234089411307326,qwen
0.0,-0.7792904181591871,qwen
0.0,-0.395093178006494,qwen
0.0,-1.0984881920507403,qwen
0.0,-1.3020819433959445,qwen
0.0,-1.390601759816038,qwen
0.0,-1.0838796939300455,qwen
0.0,-0.8234089411307326,qwen
0.0,-0.7792904181591871,qwen
0.0,-0.395093178006494,qwen
0.0,-1.0984881920507403,qwen
0.0,-1.3020819433959445,qwen
0.0,-1.390601759816038,qwen
0.0,-1.0838796939300455,qwen
0.0,-0.8234089411307326,qwen
0.0,-0.7792904181591871,qwen
0.0,-0.395093178006494,qwen
0.0,-1.0984881920507403,qwen
0.0,-1.3020819433959445,qwen
0.0,-1.390601759816038,qwen
0.0,-1.0838796939300455,qwen
0.0,-0.8234089411307326,qwen
0.0,-0.7792904181591871,qwen
0.0,-0.395093178006494,qwen
0.0,-1.0984881920507403,qwen
0.0,-1.3020819433959445,qwen
0.0,-1.390601759816038,qwen
-0.0,-1.2523914680852697,qwen
-0.0,-0.9362977449956907,qwen
-0.0,-0.9706339402175688,qwen
-0.0,-0.7260837171071178,qwen
-0.0,-1.2765571700805136,qwen
-0.0,-1.5921439072159167,qwen
-0.0,-1.5595515641003146,qwen
-0.0,-1.2523914680852697,qwen
-0.0,-0.9362977449956907,qwen
-0.0,-0.9706339402175688,qwen
-0.0,-0.7260837171071178,qwen
-0.0,-1.2765571700805136,qwen
-0.0,-1.5921439072159167,qwen
-0.0,-1.5595515641003146,qwen
-0.0,-1.2523914680852697,qwen
-0.0,-0.9362977449956907,qwen
-0.0,-0.9706339402175688,qwen
-0.0,-0.7260837171071178,qwen
-0.0,-1.2765571700805136,qwen
-0.0,-1.5921439072159167,qwen
-0.0,-1.5595515641003146,qwen
-0.0,-1.2523914680852697,qwen
-0.0,-0.9362977449956907,qwen
-0.0,-0.9706339402175688,qwen
-0.0,-0.7260837171071178,qwen
-0.0,-1.2765571700805136,qwen
-0.0,-1.5921439072159167,qwen
-0.0,-1.5595515641003146,qwen
0.0,-1.3199117455891294,qwen
0.0,-0.9530862446265783,qwen
0.0,-0.9808208049080338,qwen
0.0,-0.6653234319996784,qwen
0.0,-1.334384116525129,qwen
0.0,-1.700076874599092,qwen
0.0,-1.6018719062613926,qwen
0.0,-1.3199117455891294,qwen
0.0,-0.9530862446265783,qwen
0.0,-0.9808208049080338,qwen
0.0,-0.6653234319996784,qwen
0.0,-1.334384116525129,qwen
0.0,-1.700076874599092,qwen
0.0,-1.6018719062613926,qwen
0.0,-1.3199117455891294,qwen
0.0,-0.9530862446265783,qwen
0.0,-0.9808208049080338,qwen
0.0,-0.6653234319996784,qwen
0.0,-1.334384116525129,qwen
0.0,-1.700076874599092,qwen
0.0,-1.6018719062613926,qwen
0.0,-1.3199117455891294,qwen
0.0,-0.9530862446265783,qwen
0.0,-0.9808208049080338,qwen
0.0,-0.6653234319996784,qwen
0.0,-1.334384116525129,qwen
0.0,-1.700076874599092,qwen
0.0,-1.6018719062613926,qwen
-0.0,-1.167179632806139,qwen
-0.0,-0.9186970047036016,qwen
-0.0,-0.8557661287755995,qwen
-0.0,-0.6504597337658377,qwen
-0.0,-1.1681702217131873,qwen
-0.0,-1.4569827415030152,qwen
-0.0,-1.3793337823834309,qwen
-0.0,-1.167179632806139,qwen
-0.0,-0.9186970047036016,qwen
-0.0,-0.8557661287755995,qwen
-0.0,-0.6504597337658377,qwen
-0.0,-1.1681702217131873,qwen
-0.0,-1.4569827415030152,qwen
-0.0,-1.3793337823834309,qwen
-0.0,-1.167179632806139,qwen
-0.0,-0.9186970047036016,qwen
-0.0,-0.8557661287755995,qwen
-0.0,-0.6504597337658377,qwen
-0.0,-1.1681702217131873,qwen
-0.0,-1.4569827415030152,qwen
-0.0,-1.3793337823834309,qwen
-0.0,-1.167179632806139,qwen
-0.0,-0.9186970047036016,qwen
-0.0,-0.8557661287755995,qwen
-0.0,-0.6504597337658377,qwen
-0.0,-1.1681702217131873,qwen
-0.0,-1.4569827415030152,qwen
-0.0,-1.3793337823834309,qwen
-0.0,-1.2082921568552405,qwen
-0.0,-0.9516380247973989,qwen
-0.0,-0.9092669150474537,qwen
-0.0,-0.660590339649508,qwen
-0.0,-1.212281007848788,qwen
-0.0,-1.5003048944220976,qwen
-0.0,-1.4446112554574535,qwen
-0.0,-1.2082921568552405,qwen
-0.0,-0.9516380247973989,qwen
-0.0,-0.9092669150474537,qwen
-0.0,-0.660590339649508,qwen
-0.0,-1.212281007848788,qwen
-0.0,-1.5003048944220976,qwen
-0.0,-1.4446112554574535,qwen
-0.0,-1.2082921568552405,qwen
-0.0,-0.9516380247973989,qwen
-0.0,-0.9092669150474537,qwen
-0.0,-0.660590339649508,qwen
-0.0,-1.212281007848788,qwen
-0.0,-1.5003048944220976,qwen
-0.0,-1.4446112554574535,qwen
-0.0,-1.2082921568552405,qwen
-0.0,-0.9516380247973989,qwen
-0.0,-0.9092669150474537,qwen
-0.0,-0.660590339649508,qwen
-0.0,-1.212281007848788,qwen
-0.0,-1.5003048944220976,qwen
-0.0,-1.4446112554574535,qwen
0.0,-1.0385929638703424,qwen
0.0,-0.7687033377297862,qwen
0.0,-0.6685381101438538,qwen
0.0,-0.2412478973759111,qwen
0.0,-1.0418708884838235,qwen
0.0,-1.3944402557208047,qwen
0.0,-1.2749120624725527,qwen
0.0,-1.0385929638703424,qwen
0.0,-0.7687033377297862,qwen
0.0,-0.6685381101438538,qwen
0.0,-0.2412478973759111,qwen
0.0,-1.0418708884838235,qwen
0.0,-1.3944402557208047,qwen
0.0,-1.2749120624725527,qwen
0.0,-1.0385929638703424,qwen
0.0,-0.7687033377297862,qwen
0.0,-0.6685381101438538,qwen
0.0,-0.2412478973759111,qwen
0.0,-1.0418708884838235,qwen
0.0,-1.3944402557208047,qwen
0.0,-1.2749120624725527,qwen
0.0,-1.0385929638703424,qwen
0.0,-0.7687033377297862,qwen
0.0,-0.6685381101438538,qwen
0.0,-0.2412478973759111,qwen
0.0,-1.0418708884838235,qwen
0.0,-1.3944402557208047,qwen
0.0,-1.2749120624725527,qwen
0.0,-1.127279206218579,qwen
0.0,-0.8813071672030136,qwen
0.0,-0.7273758127668493,qwen
0.0,-0.4850680553891745,qwen
0.0,-1.1418877043392737,qwen
0.0,-1.4509167073629992,qwen
0.0,-1.4340012721045707,qwen
0.0,-1.127279206218579,qwen
0.0,-0.8813071672030136,qwen
0.0,-0.7273758127668493,qwen
0.0,-0.4850680553891745,qwen
0.0,-1.1418877043392737,qwen
0.0,-1.4509167073629992,qwen
0.0,-1.4340012721045707,qwen
0.0,-1.127279206218579,qwen
0.0,-0.8813071672030136,qwen
0.0,-0.7273758127668493,qwen
0.0,-0.4850680553891745,qwen
0.0,-1.1418877043392737,qwen
0.0,-1.4509167073629992,qwen
0.0,-1.4340012721045707,qwen
0.0,-1.127279206218579,qwen
0.0,-0.8813071672030136,qwen
0.0,-0.7273758127668493,qwen
0.0,-0.4850680553891745,qwen
0.0,-1.1418877043392737,qwen
0.0,-1.4509167073629992,qwen
0.0,-1.4340012721045707,qwen
2.0,1.1214251888231035,qwen
2.0,0.8410981214550821,qwen
2.0,0.7798316586189543,qwen
2.0,0.4912866751683986,qwen
2.0,1.1087452147808023,qwen
2.0,1.4581440806491126,qwen
2.0,1.5117949025884159,qwen
2.0,1.1214251888231035,qwen
2.0,0.8410981214550821,qwen
2.0,0.7798316586189543,qwen
2.0,0.4912866751683986,qwen
2.0,1.1087452147808023,qwen
2.0,1.4581440806491126,qwen
2.0,1.5117949025884159,qwen
2.0,1.1214251888231035,qwen
2.0,0.8410981214550821,qwen
2.0,0.7798316586189543,qwen
2.0,0.4912866751683986,qwen
2.0,1.1087452147808023,qwen
2.0,1.4581440806491126,qwen
2.0,1.5117949025884159,qwen
2.0,1.1214251888231035,qwen
2.0,0.8410981214550821,qwen
2.0,0.7798316586189543,qwen
2.0,0.4912866751683986,qwen
2.0,1.1087452147808023,qwen
2.0,1.4581440806491126,qwen
2.0,1.5117949025884159,qwen
2.0,1.0986672911083304,qwen
2.0,0.8316047245845825,qwen
2.0,0.8219053767109136,qwen
2.0,0.6062943933305742,qwen
2.0,1.1104248800283956,qwen
2.0,1.4612424550699525,qwen
2.0,1.4453661093757404,qwen
2.0,1.0986672911083304,qwen
2.0,0.8316047245845825,qwen
2.0,0.8219053767109136,qwen
2.0,0.6062943933305742,qwen
2.0,1.1104248800283956,qwen
2.0,1.4612424550699525,qwen
2.0,1.4453661093757404,qwen
2.0,1.0986672911083304,qwen
2.0,0.8316047245845825,qwen
2.0,0.8219053767109136,qwen
2.0,0.6062943933305742,qwen
2.0,1.1104248800283956,qwen
2.0,1.4612424550699525,qwen
2.0,1.4453661093757404,qwen
2.0,1.0986672911083304,qwen
2.0,0.8316047245845825,qwen
2.0,0.8219053767109136,qwen
2.0,0.6062943933305742,qwen
2.0,1.1104248800283956,qwen
2.0,1.4612424550699525,qwen
2.0,1.4453661093757404,qwen
2.0,1.1719816741147302,qwen
2.0,0.8309705421646083,qwen
2.0,0.8946699107828197,qwen
2.0,0.6234298271455121,qwen
2.0,1.195570272320867,qwen
2.0,1.7407564500843917,qwen
2.0,1.7032944079212584,qwen
2.0,1.1719816741147302,qwen
2.0,0.8309705421646083,qwen
2.0,0.8946699107828197,qwen
2.0,0.6234298271455121,qwen
2.0,1.195570272320867,qwen
2.0,1.7407564500843917,qwen
2.0,1.7032944079212584,qwen
2.0,1.1719816741147302,qwen
2.0,0.8309705421646083,qwen
2.0,0.8946699107828197,qwen
2.0,0.6234298271455121,qwen
2.0,1.195570272320867,qwen
2.0,1.7407564500843917,qwen
2.0,1.7032944079212584,qwen
2.0,1.1719816741147302,qwen
2.0,0.8309705421646083,qwen
2.0,0.8946699107828197,qwen
2.0,0.6234298271455121,qwen
2.0,1.195570272320867,qwen
2.0,1.7407564500843917,qwen
2.0,1.7032944079212584,qwen
2.0,1.304345811842485,qwen
2.0,1.0120401661180518,qwen
2.0,0.9987972514209658,qwen
2.0,0.8648754865781401,qwen
2.0,1.3128941217975831,qwen
2.0,1.6355218838174992,qwen
2.0,1.7871027468318397,qwen
2.0,1.304345811842485,qwen
2.0,1.0120401661180518,qwen
2.0,0.9987972514209658,qwen
2.0,0.8648754865781401,qwen
2.0,1.3128941217975831,qwen
2.0,1.6355218838174992,qwen
2.0,1.7871027468318397,qwen
2.0,1.304345811842485,qwen
2.0,1.0120401661180518,qwen
2.0,0.9987972514209658,qwen
2.0,0.8648754865781401,qwen
2.0,1.3128941217975831,qwen
2.0,1.6355218838174992,qwen
2.0,1.7871027468318397,qwen
2.0,1.304345811842485,qwen
2.0,1.0120401661180518,qwen
2.0,0.9987972514209658,qwen
2.0,0.8648754865781401,qwen
2.0,1.3128941217975831,qwen
2.0,1.6355218838174992,qwen
2.0,1.7871027468318397,qwen
2.0,1.2083583399026434,qwen
2.0,0.9495877458911421,qwen
2.0,0.9179070605708848,qwen
2.0,0.6428774290671211,qwen
2.0,1.194967439480277,qwen
2.0,1.523896846112657,qwen
2.0,1.5987280536679553,qwen
2.0,1.2083583399026434,qwen
2.0,0.9495877458911421,qwen
2.0,0.9179070605708848,qwen
2.0,0.6428774290671211,qwen
2.0,1.194967439480277,qwen
2.0,1.523896846112657,qwen
2.0,1.5987280536679553,qwen
2.0,1.2083583399026434,qwen
2.0,0.9495877458911421,qwen
2.0,0.9179070605708848,qwen
2.0,0.6428774290671211,qwen
2.0,1.194967439480277,qwen
2.0,1.523896846112657,qwen
2.0,1.5987280536679553,qwen
2.0,1.2083583399026434,qwen
2.0,0.9495877458911421,qwen
2.0,0.9179070605708848,qwen
2.0,0.6428774290671211,qwen
2.0,1.194967439480277,qwen
2.0,1.523896846112657,qwen
2.0,1.5987280536679553,qwen
2.0,1.127949776093617,qwen
2.0,0.8480273786561626,qwen
2.0,0.8134536233753337,qwen
2.0,0.635576878315861,qwen
2.0,1.1397073650136813,qwen
2.0,1.4777232575434038,qwen
2.0,1.4746485943610261,qwen
2.0,1.127949776093617,qwen
2.0,0.8480273786561626,qwen
2.0,0.8134536233753337,qwen
2.0,0.635576878315861,qwen
2.0,1.1397073650136813,qwen
2.0,1.4777232575434038,qwen
2.0,1.4746485943610261,qwen
2.0,1.127949776093617,qwen
2.0,0.8480273786561626,qwen
2.0,0.8134536233753337,qwen
2.0,0.635576878315861,qwen
2.0,1.1397073650136813,qwen
2.0,1.4777232575434038,qwen
2.0,1.4746485943610261,qwen
2.0,1.127949776093617,qwen
2.0,0.8480273786561626,qwen
2.0,0.8134536233753337,qwen
2.0,0.635576878315861,qwen
2.0,1.1397073650136813,qwen
2.0,1.4777232575434038,qwen
2.0,1.4746485943610261,qwen
2.0,1.3156392663002439,qwen
2.0,0.9632793770256638,qwen
2.0,0.9650096224274014,qwen
2.0,0.8303515319986209,qwen
2.0,1.3261652109352629,qwen
2.0,1.6784102325427088,qwen
2.0,1.7633983654375445,qwen
2.0,1.3156392663002439,qwen
2.0,0.9632793770256638,qwen
2.0,0.9650096224274014,qwen
2.0,0.8303515319986209,qwen
2.0,1.3261652109352629,qwen
2.0,1.6784102325427088,qwen
2.0,1.7633983654375445,qwen
2.0,1.3156392663002439,qwen
2.0,0.9632793770256638,qwen
2.0,0.9650096224274014,qwen
2.0,0.8303515319986209,qwen
2.0,1.3261652109352629,qwen
2.0,1.6784102325427088,qwen
2.0,1.7633983654375445,qwen
2.0,1.3156392663002439,qwen
2.0,0.9632793770256638,qwen
2.0,0.9650096224274014,qwen
2.0,0.8303515319986209,qwen
2.0,1.3261652109352629,qwen
2.0,1.6784102325427088,qwen
2.0,1.7633983654375445,qwen
2.0,1.3083055239292591,qwen
2.0,0.995843249683936,qwen
2.0,1.040773838144778,qwen
2.0,0.8084815222991487,qwen
2.0,1.3314529361273735,qwen
2.0,1.77000481902556,qwen
2.0,1.8226282721962714,qwen
2.0,1.3083055239292591,qwen
2.0,0.995843249683936,qwen
2.0,1.040773838144778,qwen
2.0,0.8084815222991487,qwen
2.0,1.3314529361273735,qwen
2.0,1.77000481902556,qwen
2.0,1.8226282721962714,qwen
2.0,1.3083055239292591,qwen
2.0,0.995843249683936,qwen
2.0,1.040773838144778,qwen
2.0,0.8084815222991487,qwen
2.0,1.3314529361273735,qwen
2.0,1.77000481902556,qwen
2.0,1.8226282721962714,qwen
2.0,1.3083055239292591,qwen
2.0,0.995843249683936,qwen
2.0,1.040773838144778,qwen
2.0,0.8084815222991487,qwen
2.0,1.3314529361273735,qwen
2.0,1.77000481902556,qwen
2.0,1.8226282721962714,qwen
2.0,1.2816347705891116,qwen
2.0,0.9893291248646795,qwen
2.0,0.9186822948702205,qwen
2.0,0.793828752721739,qwen
2.0,1.29018308054421,qwen
2.0,1.6106411320984197,qwen
2.0,1.7643917055784655,qwen
2.0,1.2816347705891116,qwen
2.0,0.9893291248646795,qwen
2.0,0.9186822948702205,qwen
2.0,0.793828752721739,qwen
2.0,1.29018308054421,qwen
2.0,1.6106411320984197,qwen
2.0,1.7643917055784655,qwen
2.0,1.2816347705891116,qwen
2.0,0.9893291248646795,qwen
2.0,0.9186822948702205,qwen
2.0,0.793828752721739,qwen
2.0,1.29018308054421,qwen
2.0,1.6106411320984197,qwen
2.0,1.7643917055784655,qwen
2.0,1.2816347705891116,qwen
2.0,0.9893291248646795,qwen
2.0,0.9186822948702205,qwen
2.0,0.793828752721739,qwen
2.0,1.29018308054421,qwen
2.0,1.6106411320984197,qwen
2.0,1.7643917055784655,qwen
2.0,1.1732273431579856,qwen
2.0,0.914456749146484,qwen
2.0,0.8827760638262265,qwen
2.0,0.6027871634357764,qwen
2.0,1.1605473691156847,qwen
2.0,1.488765849367999,qwen
2.0,1.563597056923297,qwen
2.0,1.1732273431579856,qwen
2.0,0.914456749146484,qwen
2.0,0.8827760638262265,qwen
2.0,0.6027871634357764,qwen
2.0,1.1605473691156847,qwen
2.0,1.488765849367999,qwen
2.0,1.563597056923297,qwen
2.0,1.1732273431579856,qwen
2.0,0.914456749146484,qwen
2.0,0.8827760638262265,qwen
2.0,0.6027871634357764,qwen
2.0,1.1605473691156847,qwen
2.0,1.488765849367999,qwen
2.0,1.563597056923297,qwen
2.0,1.1732273431579856,qwen
2.0,0.914456749146484,qwen
2.0,0.8827760638262265,qwen
2.0,0.6027871634357764,qwen
2.0,1.1605473691156847,qwen
2.0,1.488765849367999,qwen
2.0,1.563597056923297,qwen
2.0,1.0952824080055141,qwen
2.0,0.7796052046117967,qwen
2.0,0.7788645453611636,qwen
2.0,0.565125459128768,qwen
2.0,1.107039996925579,qwen
2.0,1.4353419495523596,qwen
2.0,1.447594839986036,qwen
2.0,1.0952824080055141,qwen
2.0,0.7796052046117967,qwen
2.0,0.7788645453611636,qwen
2.0,0.565125459128768,qwen
2.0,1.107039996925579,qwen
2.0,1.4353419495523596,qwen
2.0,1.447594839986036,qwen
2.0,1.0952824080055141,qwen
2.0,0.7796052046117967,qwen
2.0,0.7788645453611636,qwen
2.0,0.565125459128768,qwen
2.0,1.107039996925579,qwen
2.0,1.4353419495523596,qwen
2.0,1.447594839986036,qwen
2.0,1.0952824080055141,qwen
2.0,0.7796052046117967,qwen
2.0,0.7788645453611636,qwen
2.0,0.565125459128768,qwen
2.0,1.107039996925579,qwen
2.0,1.4353419495523596,qwen
2.0,1.447594839986036,qwen
2.0,1.2612308774780439,qwen
2.0,0.8674245208264894,qwen
2.0,0.8630192354279254,qwen
2.0,0.6726139192019279,qwen
2.0,1.2734103253834446,qwen
2.0,1.6428553767565057,qwen
2.0,1.708329483862935,qwen
2.0,1.2612308774780439,qwen
2.0,0.8674245208264894,qwen
2.0,0.8630192354279254,qwen
2.0,0.6726139192019279,qwen
2.0,1.2734103253834446,qwen
2.0,1.6428553767565057,qwen
2.0,1.708329483862935,qwen
2.0,1.2612308774780439,qwen
2.0,0.8674245208264894,qwen
2.0,0.8630192354279254,qwen
2.0,0.6726139192019279,qwen
2.0,1.2734103253834446,qwen
2.0,1.6428553767565057,qwen
2.0,1.708329483862935,qwen
2.0,1.2612308774780439,qwen
2.0,0.8674245208264894,qwen
2.0,0.8630192354279254,qwen
2.0,0.6726139192019279,qwen
2.0,1.2734103253834446,qwen
2.0,1.6428553767565057,qwen
2.0,1.708329483862935,qwen
1.0,0.19426237179883385,qwen
1.0,0.22072432762972521,qwen
1.0,0.19131436048166972,qwen
1.0,0.0022761199697656866,qwen
1.0,0.2084692666897782,qwen
1.0,0.27921571731619005,qwen
1.0,0.018033945732816557,qwen
1.0,0.19426237179883385,qwen
1.0,0.22072432762972521,qwen
1.0,0.19131436048166972,qwen
1.0,0.0022761199697656866,qwen
1.0,0.2084692666897782,qwen
1.0,0.27921571731619005,qwen
1.0,0.018033945732816557,qwen
1.0,0.19426237179883385,qwen
1.0,0.22072432762972521,qwen
1.0,0.19131436048166972,qwen
1.0,0.0022761199697656866,qwen
1.0,0.2084692666897782,qwen
1.0,0.27921571731619005,qwen
1.0,0.018033945732816557,qwen
1.0,0.19426237179883385,qwen
1.0,0.22072432762972521,qwen
1.0,0.19131436048166972,qwen
1.0,0.0022761199697656866,qwen
1.0,0.2084692666897782,qwen
1.0,0.27921571731619005,qwen
1.0,0.018033945732816557,qwen
1.0,0.23730595073693853,qwen
1.0,0.1780556865546191,qwen
1.0,0.04782030799042977,qwen
1.0,-0.07741773599735666,qwen
1.0,0.25806312585257296,qwen
1.0,0.317825815460124,qwen
1.0,0.09693149925303392,qwen
1.0,0.23730595073693853,qwen
1.0,0.1780556865546191,qwen
1.0,0.04782030799042977,qwen
1.0,-0.07741773599735666,qwen
1.0,0.25806312585257296,qwen
1.0,0.317825815460124,qwen
1.0,0.09693149925303392,qwen
1.0,0.23730595073693853,qwen
1.0,0.1780556865546191,qwen
1.0,0.04782030799042977,qwen
1.0,-0.07741773599735666,qwen
1.0,0.25806312585257296,qwen
1.0,0.317825815460124,qwen
1.0,0.09693149925303392,qwen
1.0,0.23730595073693853,qwen
1.0,0.1780556865546191,qwen
1.0,0.04782030799042977,qwen
1.0,-0.07741773599735666,qwen
1.0,0.25806312585257296,qwen
1.0,0.317825815460124,qwen
1.0,0.09693149925303392,qwen
1.0,0.2551643601605823,qwen
1.0,0.0855734893359709,qwen
1.0,0.23766694606266942,qwen
1.0,0.10181040784980512,qwen
1.0,0.26803981012226713,qwen
1.0,0.34409437381176444,qwen
1.0,0.1149853146696393,qwen
1.0,0.2551643601605823,qwen
1.0,0.0855734893359709,qwen
1.0,0.23766694606266942,qwen
1.0,0.10181040784980512,qwen
1.0,0.26803981012226713,qwen
1.0,0.34409437381176444,qwen
1.0,0.1149853146696393,qwen
1.0,0.2551643601605823,qwen
1.0,0.0855734893359709,qwen
1.0,0.23766694606266942,qwen
1.0,0.10181040784980512,qwen
1.0,0.26803981012226713,qwen
1.0,0.34409437381176444,qwen
1.0,0.1149853146696393,qwen
1.0,0.2551643601605823,qwen
1.0,0.0855734893359709,qwen
1.0,0.23766694606266942,qwen
1.0,0.10181040784980512,qwen
1.0,0.26803981012226713,qwen
1.0,0.34409437381176444,qwen
1.0,0.1149853146696393,qwen
-1.0,-2.71464320373432,qwen
-1.0,-2.464412261557604,qwen
-1.0,-2.4323135034607515,qwen
-1.0,-1.6810492225887537,qwen
-1.0,-2.8932605192483236,qwen
-1.0,-3.2822905526318666,qwen
-1.0,-3.010467883955388,qwen
-1.0,-2.71464320373432,qwen
-1.0,-2.464412261557604,qwen
-1.0,-2.4323135034607515,qwen
-1.0,-1.6810492225887537,qwen
-1.0,-2.8932605192483236,qwen
-1.0,-3.2822905526318666,qwen
-1.0,-3.010467883955388,qwen
-1.0,-2.71464320373432,qwen
-1.0,-2.464412261557604,qwen
-1.0,-2.4323135034607515,qwen
-1.0,-1.6810492225887537,qwen
-1.0,-2.8932605192483236,qwen
-1.0,-3.2822905526318666,qwen
-1.0,-3.010467883955388,qwen
-1.0,-2.71464320373432,qwen
-1.0,-2.464412261557604,qwen
-1.0,-2.4323135034607515,qwen
-1.0,-1.6810492225887537,qwen
-1.0,-2.8932605192483236,qwen
-1.0,-3.2822905526318666,qwen
-1.0,-3.010467883955388,qwen
1.0,0.4515632918831443,qwen
1.0,0.4051760324289992,qwen
1.0,0.37889976967747496,qwen
1.0,0.3269149881887618,qwen
1.0,0.47267376340278855,qwen
1.0,0.5015979120532982,qwen
1.0,0.31118884039923994,qwen
1.0,0.4515632918831443,qwen
1.0,0.4051760324289992,qwen
1.0,0.37889976967747496,qwen
1.0,0.3269149881887618,qwen
1.0,0.47267376340278855,qwen
1.0,0.5015979120532982,qwen
1.0,0.31118884039923994,qwen
1.0,0.4515632918831443,qwen
1.0,0.4051760324289992,qwen
1.0,0.37889976967747496,qwen
1.0,0.3269149881887618,qwen
1.0,0.47267376340278855,qwen
1.0,0.5015979120532982,qwen
1.0,0.31118884039923994,qwen
1.0,0.4515632918831443,qwen
1.0,0.4051760324289992,qwen
1.0,0.37889976967747496,qwen
1.0,0.3269149881887618,qwen
1.0,0.47267376340278855,qwen
1.0,0.5015979120532982,qwen
1.0,0.31118884039923994,qwen
-1.0,-2.387109431247771,qwen
-1.0,-2.140289942194857,qwen
-1.0,-2.0878068071812934,qwen
-1.0,-1.2861481041614868,qwen
-1.0,-2.4456976986071783,qwen
-1.0,-3.357590716045988,qwen
-1.0,-2.70075400015954,qwen
-1.0,-2.387109431247771,qwen
-1.0,-2.140289942194857,qwen
-1.0,-2.0878068071812934,qwen
-1.0,-1.2861481041614868,qwen
-1.0,-2.4456976986071783,qwen
-1.0,-3.357590716045988,qwen
-1.0,-2.70075400015954,qwen
-1.0,-2.387109431247771,qwen
-1.0,-2.140289942194857,qwen
-1.0,-2.0878068071812934,qwen
-1.0,-1.2861481041614868,qwen
-1.0,-2.4456976986071783,qwen
-1.0,-3.357590716045988,qwen
-1.0,-2.70075400015954,qwen
-1.0,-2.387109431247771,qwen
-1.0,-2.140289942194857,qwen
-1.0,-2.0878068071812934,qwen
-1.0,-1.2861481041614868,qwen
-1.0,-2.4456976986071783,qwen
-1.0,-3.357590716045988,qwen
-1.0,-2.70075400015954,qwen
1.0,0.27191224617690446,qwen
1.0,0.23234160536626594,qwen
1.0,0.20801681592633978,qwen
1.0,0.10538842394620107,qwen
1.0,0.29266942129253887,qwen
1.0,0.3522616356476897,qwen
1.0,0.13153779469300034,qwen
1.0,0.27191224617690446,qwen
1.0,0.23234160536626594,qwen
1.0,0.20801681592633978,qwen
1.0,0.10538842394620107,qwen
1.0,0.29266942129253887,qwen
1.0,0.3522616356476897,qwen
1.0,0.13153779469300034,qwen
1.0,0.27191224617690446,qwen
1.0,0.23234160536626594,qwen
1.0,0.20801681592633978,qwen
1.0,0.10538842394620107,qwen
1.0,0.29266942129253887,qwen
1.0,0.3522616356476897,qwen
1.0,0.13153779469300034,qwen
1.0,0.27191224617690446,qwen
1.0,0.23234160536626594,qwen
1.0,0.20801681592633978,qwen
1.0,0.10538842394620107,qwen
1.0,0.29266942129253887,qwen
1.0,0.3522616356476897,qwen
1.0,0.13153779469300034,qwen
1.0,0.11256124962733159,qwen
1.0,0.022369122271403957,qwen
1.0,0.04065020098458971,qwen
1.0,-0.1700257003771947,qwen
1.0,0.1377811496235872,qwen
1.0,0.02661000231436133,qwen
1.0,-0.1116498903815528,qwen
1.0,0.11256124962733159,qwen
1.0,0.022369122271403957,qwen
1.0,0.04065020098458971,qwen
1.0,-0.1700257003771947,qwen
1.0,0.1377811496235872,qwen
1.0,0.02661000231436133,qwen
1.0,-0.1116498903815528,qwen
1.0,0.11256124962733159,qwen
1.0,0.022369122271403957,qwen
1.0,0.04065020098458971,qwen
1.0,-0.1700257003771947,qwen
1.0,0.1377811496235872,qwen
1.0,0.02661000231436133,qwen
1.0,-0.1116498903815528,qwen
1.0,0.11256124962733159,qwen
1.0,0.022369122271403957,qwen
1.0,0.04065020098458971,qwen
1.0,-0.1700257003771947,qwen
1.0,0.1377811496235872,qwen
1.0,0.02661000231436133,qwen
1.0,-0.1116498903815528,qwen
1.0,0.20052285951825913,qwen
1.0,0.22698481534915033,qwen
1.0,0.18759403344671505,qwen
1.0,0.006153896105301804,qwen
1.0,0.21472975440920347,qwen
1.0,0.2851954171925714,qwen
1.0,0.02391358530429916,qwen
1.0,0.20052285951825913,qwen
1.0,0.22698481534915033,qwen
1.0,0.18759403344671505,qwen
1.0,0.006153896105301804,qwen
1.0,0.21472975440920347,qwen
1.0,0.2851954171925714,qwen
1.0,0.02391358530429916,qwen
1.0,0.20052285951825913,qwen
1.0,0.22698481534915033,qwen
1.0,0.18759403344671505,qwen
1.0,0.006153896105301804,qwen
1.0,0.21472975440920347,qwen
1.0,0.2851954171925714,qwen
1.0,0.02391358530429916,qwen
1.0,0.20052285951825913,qwen
1.0,0.22698481534915033,qwen
1.0,0.18759403344671505,qwen
1.0,0.006153896105301804,qwen
1.0,0.21472975440920347,qwen
1.0,0.2851954171925714,qwen
1.0,0.02391358530429916,qwen
1.0,0.33354962879441064,qwen
1.0,0.3031126177709192,qwen
1.0,0.22337559383786956,qwen
1.0,0.13493352583586868,qwen
1.0,0.34530721771447465,qwen
1.0,0.45536012207939713,qwen
1.0,0.2175244022268772,qwen
1.0,0.33354962879441064,qwen
1.0,0.3031126177709192,qwen
1.0,0.22337559383786956,qwen
1.0,0.13493352583586868,qwen
1.0,0.34530721771447465,qwen
1.0,0.45536012207939713,qwen
1.0,0.2175244022268772,qwen
1.0,0.33354962879441064,qwen
1.0,0.3031126177709192,qwen
1.0,0.22337559383786956,qwen
1.0,0.13493352583586868,qwen
1.0,0.34530721771447465,qwen
1.0,0.45536012207939713,qwen
1.0,0.2175244022268772,qwen
1.0,0.33354962879441064,qwen
1.0,0.3031126177709192,qwen
1.0,0.22337559383786956,qwen
1.0,0.13493352583586868,qwen
1.0,0.34530721771447465,qwen
1.0,0.45536012207939713,qwen
1.0,0.2175244022268772,qwen
-1.0,-2.7166162148824196,qwen
-1.0,-2.4115783953845895,qwen
-1.0,-2.413987435806647,qwen
-1.0,-1.8121654884340819,qwen
-1.0,-2.7765315601428293,qwen
-1.0,-3.3582387840526153,qwen
-1.0,-2.9886196895310153,qwen
-1.0,-2.7166162148824196,qwen
-1.0,-2.4115783953845895,qwen
-1.0,-2.413987435806647,qwen
-1.0,-1.8121654884340819,qwen
-1.0,-2.7765315601428293,qwen
-1.0,-3.3582387840526153,qwen
-1.0,-2.9886196895310153,qwen
-1.0,-2.7166162148824196,qwen
-1.0,-2.4115783953845895,qwen
-1.0,-2.413987435806647,qwen
-1.0,-1.8121654884340819,qwen
-1.0,-2.7765315601428293,qwen
-1.0,-3.3582387840526153,qwen
-1.0,-2.9886196895310153,qwen
-1.0,-2.7166162148824196,qwen
-1.0,-2.4115783953845895,qwen
-1.0,-2.413987435806647,qwen
-1.0,-1.8121654884340819,qwen
-1.0,-2.7765315601428293,qwen
-1.0,-3.3582387840526153,qwen
-1.0,-2.9886196895310153,qwen
1.0,0.3445246251547712,qwen
1.0,0.32350279240487556,qwen
1.0,0.2612443900684042,qwen
1.0,0.14590852219622924,qwen
1.0,0.3559183606360447,qwen
1.0,0.4564795264316288,qwen
1.0,0.23019520825104092,qwen
1.0,0.3445246251547712,qwen
1.0,0.32350279240487556,qwen
1.0,0.2612443900684042,qwen
1.0,0.14590852219622924,qwen
1.0,0.3559183606360447,qwen
1.0,0.4564795264316288,qwen
1.0,0.23019520825104092,qwen
1.0,0.3445246251547712,qwen
1.0,0.32350279240487556,qwen
1.0,0.2612443900684042,qwen
1.0,0.14590852219622924,qwen
1.0,0.3559183606360447,qwen
1.0,0.4564795264316288,qwen
1.0,0.23019520825104092,qwen
1.0,0.3445246251547712,qwen
1.0,0.32350279240487556,qwen
1.0,0.2612443900684042,qwen
1.0,0.14590852219622924,qwen
1.0,0.3559183606360447,qwen
1.0,0.4564795264316288,qwen
1.0,0.23019520825104092,qwen
2.0,1.2810206418912975,qwen
2.0,0.9311396694794826,qwen
2.0,0.930390998018455,qwen
2.0,0.7957329075896746,qwen
2.0,1.2915465865263165,qwen
2.0,1.6437916081337625,qwen
2.0,1.728779741028598,qwen
2.0,1.2810206418912975,qwen
2.0,0.9311396694794826,qwen
2.0,0.930390998018455,qwen
2.0,0.7957329075896746,qwen
2.0,1.2915465865263165,qwen
2.0,1.6437916081337625,qwen
2.0,1.728779741028598,qwen
2.0,1.2810206418912975,qwen
2.0,0.9311396694794826,qwen
2.0,0.930390998018455,qwen
2.0,0.7957329075896746,qwen
2.0,1.2915465865263165,qwen
2.0,1.6437916081337625,qwen
2.0,1.728779741028598,qwen
2.0,1.2810206418912975,qwen
2.0,0.9311396694794826,qwen
2.0,0.930390998018455,qwen
2.0,0.7957329075896746,qwen
2.0,1.2915465865263165,qwen
2.0,1.6437916081337625,qwen
2.0,1.728779741028598,qwen
2.0,1.2810206418912975,qwen
2.0,0.9311396694794826,qwen
2.0,0.930390998018455,qwen
2.0,0.7957329075896746,qwen
2.0,1.2915465865263165,qwen
2.0,1.6437916081337625,qwen
2.0,1.728779741028598,qwen
2.0,1.2810206418912975,qwen
2.0,0.9311396694794826,qwen
2.0,0.930390998018455,qwen
2.0,0.7957329075896746,qwen
2.0,1.2915465865263165,qwen
2.0,1.6437916081337625,qwen
2.0,1.728779741028598,qwen
2.0,1.2810206418912975,qwen
2.0,0.9311396694794826,qwen
2.0,0.930390998018455,qwen
2.0,0.7957329075896746,qwen
2.0,1.2915465865263165,qwen
2.0,1.6437916081337625,qwen
2.0,1.728779741028598,qwen
2.0,1.2810206418912975,qwen
2.0,0.9311396694794826,qwen
2.0,0.930390998018455,qwen
2.0,0.7957329075896746,qwen
2.0,1.2915465865263165,qwen
2.0,1.6437916081337625,qwen
2.0,1.728779741028598,qwen
2.0,1.1777814636966952,qwen
2.0,0.8107432681102097,qwen
2.0,0.9004697003647829,qwen
2.0,0.6151956265886304,qwen
2.0,1.2024272236972002,qwen
2.0,1.7482024564413203,qwen
2.0,1.709094197503223,qwen
2.0,1.1777814636966952,qwen
2.0,0.8107432681102097,qwen
2.0,0.9004697003647829,qwen
2.0,0.6151956265886304,qwen
2.0,1.2024272236972002,qwen
2.0,1.7482024564413203,qwen
2.0,1.709094197503223,qwen
2.0,1.1777814636966952,qwen
2.0,0.8107432681102097,qwen
2.0,0.9004697003647829,qwen
2.0,0.6151956265886304,qwen
2.0,1.2024272236972002,qwen
2.0,1.7482024564413203,qwen
2.0,1.709094197503223,qwen
2.0,1.1777814636966952,qwen
2.0,0.8107432681102097,qwen
2.0,0.9004697003647829,qwen
2.0,0.6151956265886304,qwen
2.0,1.2024272236972002,qwen
2.0,1.7482024564413203,qwen
2.0,1.709094197503223,qwen
2.0,1.127949776093617,qwen
2.0,0.8480273786561626,qwen
2.0,0.8134536233753337,qwen
2.0,0.635576878315861,qwen
2.0,1.1397073650136813,qwen
2.0,1.4777232575434038,qwen
2.0,1.4746485943610261,qwen
2.0,1.127949776093617,qwen
2.0,0.8480273786561626,qwen
2.0,0.8134536233753337,qwen
2.0,0.635576878315861,qwen
2.0,1.1397073650136813,qwen
2.0,1.4777232575434038,qwen
2.0,1.4746485943610261,qwen
2.0,1.127949776093617,qwen
2.0,0.8480273786561626,qwen
2.0,0.8134536233753337,qwen
2.0,0.635576878315861,qwen
2.0,1.1397073650136813,qwen
2.0,1.4777232575434038,qwen
2.0,1.4746485943610261,qwen
2.0,1.127949776093617,qwen
2.0,0.8480273786561626,qwen
2.0,0.8134536233753337,qwen
2.0,0.635576878315861,qwen
2.0,1.1397073650136813,qwen
2.0,1.4777232575434038,qwen
2.0,1.4746485943610261,qwen
2.0,1.391878764141762,qwen
2.0,1.0486525965091535,qwen
2.0,1.067208429170397,qwen
2.0,0.9171938113648223,qwen
2.0,1.4024047087767817,qwen
2.0,1.7048736791205616,qwen
2.0,1.834175790414669,qwen
2.0,1.391878764141762,qwen
2.0,1.0486525965091535,qwen
2.0,1.067208429170397,qwen
2.0,0.9171938113648223,qwen
2.0,1.4024047087767817,qwen
2.0,1.7048736791205616,qwen
2.0,1.834175790414669,qwen
2.0,1.391878764141762,qwen
2.0,1.0486525965091535,qwen
2.0,1.067208429170397,qwen
2.0,0.9171938113648223,qwen
2.0,1.4024047087767817,qwen
2.0,1.7048736791205616,qwen
2.0,1.834175790414669,qwen
2.0,1.391878764141762,qwen
2.0,1.0486525965091535,qwen
2.0,1.067208429170397,qwen
2.0,0.9171938113648223,qwen
2.0,1.4024047087767817,qwen
2.0,1.7048736791205616,qwen
2.0,1.834175790414669,qwen
2.0,1.1718490738549752,qwen
2.0,0.8915220064869532,qwen
2.0,0.8302555436508255,qwen
2.0,0.5417105602002703,qwen
2.0,1.159169099812674,qwen
2.0,1.4967573204300446,qwen
2.0,1.5622187876202867,qwen
2.0,1.1718490738549752,qwen
2.0,0.8915220064869532,qwen
2.0,0.8302555436508255,qwen
2.0,0.5417105602002703,qwen
2.0,1.159169099812674,qwen
2.0,1.4967573204300446,qwen
2.0,1.5622187876202867,qwen
2.0,1.1718490738549752,qwen
2.0,0.8915220064869532,qwen
2.0,0.8302555436508255,qwen
2.0,0.5417105602002703,qwen
2.0,1.159169099812674,qwen
2.0,1.4967573204300446,qwen
2.0,1.5622187876202867,qwen
2.0,1.1718490738549752,qwen
2.0,0.8915220064869532,qwen
2.0,0.8302555436508255,qwen
2.0,0.5417105602002703,qwen
2.0,1.159169099812674,qwen
2.0,1.4967573204300446,qwen
2.0,1.5622187876202867,qwen
2.0,1.1041113199871846,qwen
2.0,0.8358221766174029,qwen
2.0,0.8273494055897677,qwen
2.0,0.6117384222094283,qwen
2.0,1.1158689089072502,qwen
2.0,1.4553578466888248,qwen
2.0,1.4508101382545946,qwen
2.0,1.1041113199871846,qwen
2.0,0.8358221766174029,qwen
2.0,0.8273494055897677,qwen
2.0,0.6117384222094283,qwen
2.0,1.1158689089072502,qwen
2.0,1.4553578466888248,qwen
2.0,1.4508101382545946,qwen
2.0,1.1041113199871846,qwen
2.0,0.8358221766174029,qwen
2.0,0.8273494055897677,qwen
2.0,0.6117384222094283,qwen
2.0,1.1158689089072502,qwen
2.0,1.4553578466888248,qwen
2.0,1.4508101382545946,qwen
2.0,1.1041113199871846,qwen
2.0,0.8358221766174029,qwen
2.0,0.8273494055897677,qwen
2.0,0.6117384222094283,qwen
2.0,1.1158689089072502,qwen
2.0,1.4553578466888248,qwen
2.0,1.4508101382545946,qwen
2.0,1.3432267162628166,qwen
2.0,0.9908668269882367,qwen
2.0,0.9925970723899743,qwen
2.0,0.8685417634858771,qwen
2.0,1.3537526608978359,qwen
2.0,1.682849029175545,qwen
2.0,1.7855237425357235,qwen
2.0,1.3432267162628166,qwen
2.0,0.9908668269882367,qwen
2.0,0.9925970723899743,qwen
2.0,0.8685417634858771,qwen
2.0,1.3537526608978359,qwen
2.0,1.682849029175545,qwen
2.0,1.7855237425357235,qwen
2.0,1.3432267162628166,qwen
2.0,0.9908668269882367,qwen
2.0,0.9925970723899743,qwen
2.0,0.8685417634858771,qwen
2.0,1.3537526608978359,qwen
2.0,1.682849029175545,qwen
2.0,1.7855237425357235,qwen
2.0,1.3432267162628166,qwen
2.0,0.9908668269882367,qwen
2.0,0.9925970723899743,qwen
2.0,0.8685417634858771,qwen
2.0,1.3537526608978359,qwen
2.0,1.682849029175545,qwen
2.0,1.7855237425357235,qwen
2.0,1.2528488140834975,qwen
2.0,0.911837682133375,qwen
2.0,0.9755370507515866,qwen
2.0,0.7471281175916484,qwen
2.0,1.2764374122896345,qwen
2.0,1.7966507142987211,qwen
2.0,1.7773107965710155,qwen
2.0,1.2528488140834975,qwen
2.0,0.911837682133375,qwen
2.0,0.9755370507515866,qwen
2.0,0.7471281175916484,qwen
2.0,1.2764374122896345,qwen
2.0,1.7966507142987211,qwen
2.0,1.7773107965710155,qwen
2.0,1.2528488140834975,qwen
2.0,0.911837682133375,qwen
2.0,0.9755370507515866,qwen
2.0,0.7471281175916484,qwen
2.0,1.2764374122896345,qwen
2.0,1.7966507142987211,qwen
2.0,1.7773107965710155,qwen
2.0,1.2528488140834975,qwen
2.0,0.911837682133375,qwen
2.0,0.9755370507515866,qwen
2.0,0.7471281175916484,qwen
2.0,1.2764374122896345,qwen
2.0,1.7966507142987211,qwen
2.0,1.7773107965710155,qwen
2.0,1.3041910754368753,qwen
2.0,1.011885429712442,qwen
2.0,0.9986425150153558,qwen
2.0,0.8647207501725301,qwen
2.0,1.3127393853919733,qwen
2.0,1.6353671474118894,qwen
2.0,1.7869480104262299,qwen
2.0,1.3041910754368753,qwen
2.0,1.011885429712442,qwen
2.0,0.9986425150153558,qwen
2.0,0.8647207501725301,qwen
2.0,1.3127393853919733,qwen
2.0,1.6353671474118894,qwen
2.0,1.7869480104262299,qwen
2.0,1.3041910754368753,qwen
2.0,1.011885429712442,qwen
2.0,0.9986425150153558,qwen
2.0,0.8647207501725301,qwen
2.0,1.3127393853919733,qwen
2.0,1.6353671474118894,qwen
2.0,1.7869480104262299,qwen
2.0,1.3041910754368753,qwen
2.0,1.011885429712442,qwen
2.0,0.9986425150153558,qwen
2.0,0.8647207501725301,qwen
2.0,1.3127393853919733,qwen
2.0,1.6353671474118894,qwen
2.0,1.7869480104262299,qwen
2.0,1.209933604370036,qwen
2.0,0.9296065370020155,qwen
2.0,0.8281177756967533,qwen
2.0,0.510064107868766,qwen
2.0,1.1972536303277357,qwen
2.0,1.5343139916494852,qwen
2.0,1.6003033181353472,qwen
2.0,1.209933604370036,qwen
2.0,0.9296065370020155,qwen
2.0,0.8281177756967533,qwen
2.0,0.510064107868766,qwen
2.0,1.1972536303277357,qwen
2.0,1.5343139916494852,qwen
2.0,1.6003033181353472,qwen
2.0,1.209933604370036,qwen
2.0,0.9296065370020155,qwen
2.0,0.8281177756967533,qwen
2.0,0.510064107868766,qwen
2.0,1.1972536303277357,qwen
2.0,1.5343139916494852,qwen
2.0,1.6003033181353472,qwen
2.0,1.209933604370036,qwen
2.0,0.9296065370020155,qwen
2.0,0.8281177756967533,qwen
2.0,0.510064107868766,qwen
2.0,1.1972536303277357,qwen
2.0,1.5343139916494852,qwen
2.0,1.6003033181353472,qwen
2.0,1.1777814636966952,qwen
2.0,0.8107432681102097,qwen
2.0,0.9004697003647829,qwen
2.0,0.6151956265886304,qwen
2.0,1.2024272236972002,qwen
2.0,1.7482024564413203,qwen
2.0,1.709094197503223,qwen
2.0,1.1777814636966952,qwen
2.0,0.8107432681102097,qwen
2.0,0.9004697003647829,qwen
2.0,0.6151956265886304,qwen
2.0,1.2024272236972002,qwen
2.0,1.7482024564413203,qwen
2.0,1.709094197503223,qwen
2.0,1.1777814636966952,qwen
2.0,0.8107432681102097,qwen
2.0,0.9004697003647829,qwen
2.0,0.6151956265886304,qwen
2.0,1.2024272236972002,qwen
2.0,1.7482024564413203,qwen
2.0,1.709094197503223,qwen
2.0,1.1777814636966952,qwen
2.0,0.8107432681102097,qwen
2.0,0.9004697003647829,qwen
2.0,0.6151956265886304,qwen
2.0,1.2024272236972002,qwen
2.0,1.7482024564413203,qwen
2.0,1.709094197503223,qwen
2.0,1.1068390906940646,qwen
2.0,0.842349054056073,qwen
2.0,0.8535393510856549,qwen
2.0,0.6150518223304534,qwen
2.0,1.1182328261753398,qwen
2.0,1.4516976056092692,qwen
2.0,1.455233718625278,qwen
2.0,1.1068390906940646,qwen
2.0,0.842349054056073,qwen
2.0,0.8535393510856549,qwen
2.0,0.6150518223304534,qwen
2.0,1.1182328261753398,qwen
2.0,1.4516976056092692,qwen
2.0,1.455233718625278,qwen
2.0,1.1068390906940646,qwen
2.0,0.842349054056073,qwen
2.0,0.8535393510856549,qwen
2.0,0.6150518223304534,qwen
2.0,1.1182328261753398,qwen
2.0,1.4516976056092692,qwen
2.0,1.455233718625278,qwen
2.0,1.1068390906940646,qwen
2.0,0.842349054056073,qwen
2.0,0.8535393510856549,qwen
2.0,0.6150518223304534,qwen
2.0,1.1182328261753398,qwen
2.0,1.4516976056092692,qwen
2.0,1.455233718625278,qwen
2.0,1.405431177573839,qwen
2.0,1.0622050099412308,qwen
2.0,1.080760842602473,qwen
2.0,0.9328315316824235,qwen
2.0,1.415957122208859,qwen
2.0,1.7138081175985123,qwen
2.0,1.847728203846746,qwen
2.0,1.405431177573839,qwen
2.0,1.0622050099412308,qwen
2.0,1.080760842602473,qwen
2.0,0.9328315316824235,qwen
2.0,1.415957122208859,qwen
2.0,1.7138081175985123,qwen
2.0,1.847728203846746,qwen
2.0,1.405431177573839,qwen
2.0,1.0622050099412308,qwen
2.0,1.080760842602473,qwen
2.0,0.9328315316824235,qwen
2.0,1.415957122208859,qwen
2.0,1.7138081175985123,qwen
2.0,1.847728203846746,qwen
2.0,1.405431177573839,qwen
2.0,1.0622050099412308,qwen
2.0,1.080760842602473,qwen
2.0,0.9328315316824235,qwen
2.0,1.415957122208859,qwen
2.0,1.7138081175985123,qwen
2.0,1.847728203846746,qwen
2.0,1.2953704610218384,qwen
2.0,0.9811951831919726,qwen
2.0,1.0278387752373577,qwen
2.0,0.7955464593917279,qwen
2.0,1.3185178732199527,qwen
2.0,1.7570697561181392,qwen
2.0,1.8096932092888507,qwen
2.0,1.2953704610218384,qwen
2.0,0.9811951831919726,qwen
2.0,1.0278387752373577,qwen
2.0,0.7955464593917279,qwen
2.0,1.3185178732199527,qwen
2.0,1.7570697561181392,qwen
2.0,1.8096932092888507,qwen
2.0,1.2953704610218384,qwen
2.0,0.9811951831919726,qwen
2.0,1.0278387752373577,qwen
2.0,0.7955464593917279,qwen
2.0,1.3185178732199527,qwen
2.0,1.7570697561181392,qwen
2.0,1.8096932092888507,qwen
2.0,1.2953704610218384,qwen
2.0,0.9811951831919726,qwen
2.0,1.0278387752373577,qwen
2.0,0.7955464593917279,qwen
2.0,1.3185178732199527,qwen
2.0,1.7570697561181392,qwen
2.0,1.8096932092888507,qwen
2.0,1.3043632458522099,qwen
2.0,1.0120576001277768,qwen
2.0,0.988374839210304,qwen
2.0,0.8648929205878649,qwen
2.0,1.3129115558073081,qwen
2.0,1.63525852998418,qwen
2.0,1.7871201808415647,qwen
2.0,1.3043632458522099,qwen
2.0,1.0120576001277768,qwen
2.0,0.988374839210304,qwen
2.0,0.8648929205878649,qwen
2.0,1.3129115558073081,qwen
2.0,1.63525852998418,qwen
2.0,1.7871201808415647,qwen
2.0,1.3043632458522099,qwen
2.0,1.0120576001277768,qwen
2.0,0.988374839210304,qwen
2.0,0.8648929205878649,qwen
2.0,1.3129115558073081,qwen
2.0,1.63525852998418,qwen
2.0,1.7871201808415647,qwen
2.0,1.3043632458522099,qwen
2.0,1.0120576001277768,qwen
2.0,0.988374839210304,qwen
2.0,0.8648929205878649,qwen
2.0,1.3129115558073081,qwen
2.0,1.63525852998418,qwen
2.0,1.7871201808415647,qwen
2.0,1.1139307635161684,qwen
2.0,0.84686819699242,qwen
2.0,0.845882221908091,qwen
2.0,0.6215578657384114,qwen
2.0,1.1256883524362329,qwen
2.0,1.4765059274777894,qwen
2.0,1.4606295817835775,qwen
2.0,1.1139307635161684,qwen
2.0,0.84686819699242,qwen
2.0,0.845882221908091,qwen
2.0,0.6215578657384114,qwen
2.0,1.1256883524362329,qwen
2.0,1.4765059274777894,qwen
2.0,1.4606295817835775,qwen
2.0,1.1139307635161684,qwen
2.0,0.84686819699242,qwen
2.0,0.845882221908091,qwen
2.0,0.6215578657384114,qwen
2.0,1.1256883524362329,qwen
2.0,1.4765059274777894,qwen
2.0,1.4606295817835775,qwen
2.0,1.1139307635161684,qwen
2.0,0.84686819699242,qwen
2.0,0.845882221908091,qwen
2.0,0.6215578657384114,qwen
2.0,1.1256883524362329,qwen
2.0,1.4765059274777894,qwen
2.0,1.4606295817835775,qwen
2.0,1.3051138443613348,qwen
2.0,1.0128081986369013,qwen
2.0,0.9995652839398153,qwen
2.0,0.8656435190969896,qwen
2.0,1.3136621543164329,qwen
2.0,1.6360091284933047,qwen
2.0,1.7878707793506894,qwen
2.0,1.3051138443613348,qwen
2.0,1.0128081986369013,qwen
2.0,0.9995652839398153,qwen
2.0,0.8656435190969896,qwen
2.0,1.3136621543164329,qwen
2.0,1.6360091284933047,qwen
2.0,1.7878707793506894,qwen
2.0,1.3051138443613348,qwen
2.0,1.0128081986369013,qwen
2.0,0.9995652839398153,qwen
2.0,0.8656435190969896,qwen
2.0,1.3136621543164329,qwen
2.0,1.6360091284933047,qwen
2.0,1.7878707793506894,qwen
2.0,1.3051138443613348,qwen
2.0,1.0128081986369013,qwen
2.0,0.9995652839398153,qwen
2.0,0.8656435190969896,qwen
2.0,1.3136621543164329,qwen
2.0,1.6360091284933047,qwen
2.0,1.7878707793506894,qwen
2.0,1.180405733593747,qwen
2.0,0.9216351395822453,qwen
2.0,0.8899544542619877,qwen
2.0,0.6132228177257676,qwen
2.0,1.168079055955456,qwen
2.0,1.4673508528835648,qwen
2.0,1.5707754473590578,qwen
2.0,1.180405733593747,qwen
2.0,0.9216351395822453,qwen
2.0,0.8899544542619877,qwen
2.0,0.6132228177257676,qwen
2.0,1.168079055955456,qwen
2.0,1.4673508528835648,qwen
2.0,1.5707754473590578,qwen
2.0,1.180405733593747,qwen
2.0,0.9216351395822453,qwen
2.0,0.8899544542619877,qwen
2.0,0.6132228177257676,qwen
2.0,1.168079055955456,qwen
2.0,1.4673508528835648,qwen
2.0,1.5707754473590578,qwen
2.0,1.180405733593747,qwen
2.0,0.9216351395822453,qwen
2.0,0.8899544542619877,qwen
2.0,0.6132228177257676,qwen
2.0,1.168079055955456,qwen
2.0,1.4673508528835648,qwen
2.0,1.5707754473590578,qwen
2.0,1.2794565436933423,qwen
2.0,0.9295755712815273,qwen
2.0,0.9288268998204999,qwen
2.0,0.7941688093917195,qwen
2.0,1.2899824883283613,qwen
2.0,1.6190788566060714,qwen
2.0,1.727215642830643,qwen
2.0,1.2794565436933423,qwen
2.0,0.9295755712815273,qwen
2.0,0.9288268998204999,qwen
2.0,0.7941688093917195,qwen
2.0,1.2899824883283613,qwen
2.0,1.6190788566060714,qwen
2.0,1.727215642830643,qwen
2.0,1.2794565436933423,qwen
2.0,0.9295755712815273,qwen
2.0,0.9288268998204999,qwen
2.0,0.7941688093917195,qwen
2.0,1.2899824883283613,qwen
2.0,1.6190788566060714,qwen
2.0,1.727215642830643,qwen
2.0,1.2794565436933423,qwen
2.0,0.9295755712815273,qwen
2.0,0.9288268998204999,qwen
2.0,0.7941688093917195,qwen
2.0,1.2899824883283613,qwen
2.0,1.6190788566060714,qwen
2.0,1.727215642830643,qwen
2.0,1.3813058041269684,qwen
2.0,1.038343255901526,qwen
2.0,1.1084093833423474,qwen
2.0,0.877437326592351,qwen
2.0,1.3710643801405862,qwen
2.0,1.8376562567180976,qwen
2.0,1.9024781390758394,qwen
2.0,1.3813058041269684,qwen
2.0,1.038343255901526,qwen
2.0,1.1084093833423474,qwen
2.0,0.877437326592351,qwen
2.0,1.3710643801405862,qwen
2.0,1.8376562567180976,qwen
2.0,1.9024781390758394,qwen
2.0,1.3813058041269684,qwen
2.0,1.038343255901526,qwen
2.0,1.1084093833423474,qwen
2.0,0.877437326592351,qwen
2.0,1.3710643801405862,qwen
2.0,1.8376562567180976,qwen
2.0,1.9024781390758394,qwen
2.0,1.3813058041269684,qwen
2.0,1.038343255901526,qwen
2.0,1.1084093833423474,qwen
2.0,0.877437326592351,qwen
2.0,1.3710643801405862,qwen
2.0,1.8376562567180976,qwen
2.0,1.9024781390758394,qwen
2.0,1.3041910754368753,qwen
2.0,1.011885429712442,qwen
2.0,0.9986425150153558,qwen
2.0,0.8647207501725301,qwen
2.0,1.3127393853919733,qwen
2.0,1.6353671474118894,qwen
2.0,1.7869480104262299,qwen
2.0,1.3041910754368753,qwen
2.0,1.011885429712442,qwen
2.0,0.9986425150153558,qwen
2.0,0.8647207501725301,qwen
2.0,1.3127393853919733,qwen
2.0,1.6353671474118894,qwen
2.0,1.7869480104262299,qwen
2.0,1.3041910754368753,qwen
2.0,1.011885429712442,qwen
2.0,0.9986425150153558,qwen
2.0,0.8647207501725301,qwen
2.0,1.3127393853919733,qwen
2.0,1.6353671474118894,qwen
2.0,1.7869480104262299,qwen
2.0,1.3041910754368753,qwen
2.0,1.011885429712442,qwen
2.0,0.9986425150153558,qwen
2.0,0.8647207501725301,qwen
2.0,1.3127393853919733,qwen
2.0,1.6353671474118894,qwen
2.0,1.7869480104262299,qwen
2.0,1.1726402639324784,qwen
2.0,0.9138696699209767,qwen
2.0,0.8821889846007192,qwen
2.0,0.610894961602071,qwen
2.0,1.1603135862941873,qwen
2.0,1.4595853832222963,qwen
2.0,1.5630099776977893,qwen
2.0,1.1726402639324784,qwen
2.0,0.9138696699209767,qwen
2.0,0.8821889846007192,qwen
2.0,0.610894961602071,qwen
2.0,1.1603135862941873,qwen
2.0,1.4595853832222963,qwen
2.0,1.5630099776977893,qwen
2.0,1.1726402639324784,qwen
2.0,0.9138696699209767,qwen
2.0,0.8821889846007192,qwen
2.0,0.610894961602071,qwen
2.0,1.1603135862941873,qwen
2.0,1.4595853832222963,qwen
2.0,1.5630099776977893,qwen
2.0,1.1726402639324784,qwen
2.0,0.9138696699209767,qwen
2.0,0.8821889846007192,qwen
2.0,0.610894961602071,qwen
2.0,1.1603135862941873,qwen
2.0,1.4595853832222963,qwen
2.0,1.5630099776977893,qwen
2.0,1.1542680666175749,qwen
2.0,0.8835560822007287,qwen
2.0,0.9009683270091656,qwen
2.0,0.661611993497143,qwen
2.0,1.1656618020988496,qwen
2.0,1.5055145933192142,qwen
2.0,1.502662694548787,qwen
2.0,1.1542680666175749,qwen
2.0,0.8835560822007287,qwen
2.0,0.9009683270091656,qwen
2.0,0.661611993497143,qwen
2.0,1.1656618020988496,qwen
2.0,1.5055145933192142,qwen
2.0,1.502662694548787,qwen
2.0,1.1542680666175749,qwen
2.0,0.8835560822007287,qwen
2.0,0.9009683270091656,qwen
2.0,0.661611993497143,qwen
2.0,1.1656618020988496,qwen
2.0,1.5055145933192142,qwen
2.0,1.502662694548787,qwen
2.0,1.1542680666175749,qwen
2.0,0.8835560822007287,qwen
2.0,0.9009683270091656,qwen
2.0,0.661611993497143,qwen
2.0,1.1656618020988496,qwen
2.0,1.5055145933192142,qwen
2.0,1.502662694548787,qwen
1.0,0.20089661839762843,qwen
1.0,0.004115261243083672,qwen
1.0,0.14494293693904506,qwen
1.0,-0.05578655788764289,qwen
1.0,0.21542557162969533,qwen
1.0,0.31439793896860596,qwen
1.0,0.060057080154275605,qwen
1.0,0.20089661839762843,qwen
1.0,0.004115261243083672,qwen
1.0,0.14494293693904506,qwen
1.0,-0.05578655788764289,qwen
1.0,0.21542557162969533,qwen
1.0,0.31439793896860596,qwen
1.0,0.060057080154275605,qwen
1.0,0.20089661839762843,qwen
1.0,0.004115261243083672,qwen
1.0,0.14494293693904506,qwen
1.0,-0.05578655788764289,qwen
1.0,0.21542557162969533,qwen
1.0,0.31439793896860596,qwen
1.0,0.060057080154275605,qwen
1.0,0.20089661839762843,qwen
1.0,0.004115261243083672,qwen
1.0,0.14494293693904506,qwen
1.0,-0.05578655788764289,qwen
1.0,0.21542557162969533,qwen
1.0,0.31439793896860596,qwen
1.0,0.060057080154275605,qwen
1.0,0.25772604570970936,qwen
1.0,0.19253613606560321,qwen
1.0,0.20183476282722418,qwen
1.0,0.08865420102551717,qwen
1.0,0.28188878391159616,qwen
1.0,0.22654903301758952,qwen
1.0,0.03903941621017922,qwen
1.0,0.25772604570970936,qwen
1.0,0.19253613606560321,qwen
1.0,0.20183476282722418,qwen
1.0,0.08865420102551717,qwen
1.0,0.28188878391159616,qwen
1.0,0.22654903301758952,qwen
1.0,0.03903941621017922,qwen
1.0,0.25772604570970936,qwen
1.0,0.19253613606560321,qwen
1.0,0.20183476282722418,qwen
1.0,0.08865420102551717,qwen
1.0,0.28188878391159616,qwen
1.0,0.22654903301758952,qwen
1.0,0.03903941621017922,qwen
1.0,0.25772604570970936,qwen
1.0,0.19253613606560321,qwen
1.0,0.20183476282722418,qwen
1.0,0.08865420102551717,qwen
1.0,0.28188878391159616,qwen
1.0,0.22654903301758952,qwen
1.0,0.03903941621017922,qwen
1.0,0.49767362315463237,qwen
1.0,0.5241355789855237,qwen
1.0,0.3508166490283523,qwen
1.0,0.2621958754389772,qwen
1.0,0.5118805180455768,qwen
1.0,0.5701420961773993,qwen
1.0,0.3210643489406726,qwen
1.0,0.49767362315463237,qwen
1.0,0.5241355789855237,qwen
1.0,0.3508166490283523,qwen
1.0,0.2621958754389772,qwen
1.0,0.5118805180455768,qwen
1.0,0.5701420961773993,qwen
1.0,0.3210643489406726,qwen
1.0,0.49767362315463237,qwen
1.0,0.5241355789855237,qwen
1.0,0.3508166490283523,qwen
1.0,0.2621958754389772,qwen
1.0,0.5118805180455768,qwen
1.0,0.5701420961773993,qwen
1.0,0.3210643489406726,qwen
1.0,0.49767362315463237,qwen
1.0,0.5241355789855237,qwen
1.0,0.3508166490283523,qwen
1.0,0.2621958754389772,qwen
1.0,0.5118805180455768,qwen
1.0,0.5701420961773993,qwen
1.0,0.3210643489406726,qwen
-1.0,-1.8145740862377517,qwen
-1.0,-1.5579199541799076,qwen
-1.0,-1.4969946757978803,qwen
-1.0,-0.6109922533403345,qwen
-1.0,-1.8188884378257697,qwen
-1.0,-2.509838387661353,qwen
-1.0,-2.0508931848399636,qwen
-1.0,-1.8145740862377517,qwen
-1.0,-1.5579199541799076,qwen
-1.0,-1.4969946757978803,qwen
-1.0,-0.6109922533403345,qwen
-1.0,-1.8188884378257697,qwen
-1.0,-2.509838387661353,qwen
-1.0,-2.0508931848399636,qwen
-1.0,-1.8145740862377517,qwen
-1.0,-1.5579199541799076,qwen
-1.0,-1.4969946757978803,qwen
-1.0,-0.6109922533403345,qwen
-1.0,-1.8188884378257697,qwen
-1.0,-2.509838387661353,qwen
-1.0,-2.0508931848399636,qwen
-1.0,-1.8145740862377517,qwen
-1.0,-1.5579199541799076,qwen
-1.0,-1.4969946757978803,qwen
-1.0,-0.6109922533403345,qwen
-1.0,-1.8188884378257697,qwen
-1.0,-2.509838387661353,qwen
-1.0,-2.0508931848399636,qwen
1.0,0.11256124962733159,qwen
1.0,0.022369122271403957,qwen
1.0,0.04065020098458971,qwen
1.0,-0.1700257003771947,qwen
1.0,0.1377811496235872,qwen
1.0,0.02661000231436133,qwen
1.0,-0.1116498903815528,qwen
1.0,0.11256124962733159,qwen
1.0,0.022369122271403957,qwen
1.0,0.04065020098458971,qwen
1.0,-0.1700257003771947,qwen
1.0,0.1377811496235872,qwen
1.0,0.02661000231436133,qwen
1.0,-0.1116498903815528,qwen
1.0,0.11256124962733159,qwen
1.0,0.022369122271403957,qwen
1.0,0.04065020098458971,qwen
1.0,-0.1700257003771947,qwen
1.0,0.1377811496235872,qwen
1.0,0.02661000231436133,qwen
1.0,-0.1116498903815528,qwen
1.0,0.11256124962733159,qwen
1.0,0.022369122271403957,qwen
1.0,0.04065020098458971,qwen
1.0,-0.1700257003771947,qwen
1.0,0.1377811496235872,qwen
1.0,0.02661000231436133,qwen
1.0,-0.1116498903815528,qwen
-1.0,-2.097217816358791,qwen
-1.0,-1.82288872584468,qwen
-1.0,-1.7648512530763365,qwen
-1.0,-1.0342629837035633,qwen
-1.0,-2.252257358175854,qwen
-1.0,-3.1014333566016554,qwen
-1.0,-2.353869946439082,qwen
-1.0,-2.097217816358791,qwen
-1.0,-1.82288872584468,qwen
-1.0,-1.7648512530763365,qwen
-1.0,-1.0342629837035633,qwen
-1.0,-2.252257358175854,qwen
-1.0,-3.1014333566016554,qwen
-1.0,-2.353869946439082,qwen
-1.0,-2.097217816358791,qwen
-1.0,-1.82288872584468,qwen
-1.0,-1.7648512530763365,qwen
-1.0,-1.0342629837035633,qwen
-1.0,-2.252257358175854,qwen
-1.0,-3.1014333566016554,qwen
-1.0,-2.353869946439082,qwen
-1.0,-2.097217816358791,qwen
-1.0,-1.82288872584468,qwen
-1.0,-1.7648512530763365,qwen
-1.0,-1.0342629837035633,qwen
-1.0,-2.252257358175854,qwen
-1.0,-3.1014333566016554,qwen
-1.0,-2.353869946439082,qwen
1.0,0.28796013972079304,qwen
1.0,0.19776801236486585,qwen
1.0,0.21068435607791083,qwen
1.0,0.07371904011330513,qwen
1.0,0.3131800397170491,qwen
1.0,0.24906231323410846,qwen
1.0,0.0641429295807789,qwen
1.0,0.28796013972079304,qwen
1.0,0.19776801236486585,qwen
1.0,0.21068435607791083,qwen
1.0,0.07371904011330513,qwen
1.0,0.3131800397170491,qwen
1.0,0.24906231323410846,qwen
1.0,0.0641429295807789,qwen
1.0,0.28796013972079304,qwen
1.0,0.19776801236486585,qwen
1.0,0.21068435607791083,qwen
1.0,0.07371904011330513,qwen
1.0,0.3131800397170491,qwen
1.0,0.24906231323410846,qwen
1.0,0.0641429295807789,qwen
1.0,0.28796013972079304,qwen
1.0,0.19776801236486585,qwen
1.0,0.21068435607791083,qwen
1.0,0.07371904011330513,qwen
1.0,0.3131800397170491,qwen
1.0,0.24906231323410846,qwen
1.0,0.0641429295807789,qwen
1.0,0.4180523686112334,qwen
1.0,0.44451432444212474,qwen
1.0,0.2999933097641055,qwen
1.0,0.19344708292772667,qwen
1.0,0.43225926350217775,qwen
1.0,0.5074971822274027,qwen
1.0,0.24182394254521627,qwen
1.0,0.4180523686112334,qwen
1.0,0.44451432444212474,qwen
1.0,0.2999933097641055,qwen
1.0,0.19344708292772667,qwen
1.0,0.43225926350217775,qwen
1.0,0.5074971822274027,qwen
1.0,0.24182394254521627,qwen
1.0,0.4180523686112334,qwen
1.0,0.44451432444212474,qwen
1.0,0.2999933097641055,qwen
1.0,0.19344708292772667,qwen
1.0,0.43225926350217775,qwen
1.0,0.5074971822274027,qwen
1.0,0.24182394254521627,qwen
1.0,0.4180523686112334,qwen
1.0,0.44451432444212474,qwen
1.0,0.2999933097641055,qwen
1.0,0.19344708292772667,qwen
1.0,0.43225926350217775,qwen
1.0,0.5074971822274027,qwen
1.0,0.24182394254521627,qwen
1.0,0.312171458827639,qwen
1.0,0.221979331471712,qwen
1.0,0.23489567518475699,qwen
1.0,0.09996102401760108,qwen
1.0,0.33739135882389504,qwen
1.0,0.2712449895371637,qwen
1.0,0.08835424868762506,qwen
1.0,0.312171458827639,qwen
1.0,0.221979331471712,qwen
1.0,0.23489567518475699,qwen
1.0,0.09996102401760108,qwen
1.0,0.33739135882389504,qwen
1.0,0.2712449895371637,qwen
1.0,0.08835424868762506,qwen
1.0,0.312171458827639,qwen
1.0,0.221979331471712,qwen
1.0,0.23489567518475699,qwen
1.0,0.09996102401760108,qwen
1.0,0.33739135882389504,qwen
1.0,0.2712449895371637,qwen
1.0,0.08835424868762506,qwen
1.0,0.312171458827639,qwen
1.0,0.221979331471712,qwen
1.0,0.23489567518475699,qwen
1.0,0.09996102401760108,qwen
1.0,0.33739135882389504,qwen
1.0,0.2712449895371637,qwen
1.0,0.08835424868762506,qwen
1.0,0.20857805208725758,qwen
1.0,0.14249283928588574,qwen
1.0,0.07856707716192352,qwen
1.0,-0.06955141439451439,qwen
1.0,0.2203356410073216,qwen
1.0,0.3198962294598544,qwen
1.0,0.10426466084704729,qwen
1.0,0.20857805208725758,qwen
1.0,0.14249283928588574,qwen
1.0,0.07856707716192352,qwen
1.0,-0.06955141439451439,qwen
1.0,0.2203356410073216,qwen
1.0,0.3198962294598544,qwen
1.0,0.10426466084704729,qwen
1.0,0.20857805208725758,qwen
1.0,0.14249283928588574,qwen
1.0,0.07856707716192352,qwen
1.0,-0.06955141439451439,qwen
1.0,0.2203356410073216,qwen
1.0,0.3198962294598544,qwen
1.0,0.10426466084704729,qwen
1.0,0.20857805208725758,qwen
1.0,0.14249283928588574,qwen
1.0,0.07856707716192352,qwen
1.0,-0.06955141439451439,qwen
1.0,0.2203356410073216,qwen
1.0,0.3198962294598544,qwen
1.0,0.10426466084704729,qwen
-1.0,-1.8542311263541666,qwen
-1.0,-1.6074116373012544,qwen
-1.0,-1.5257011641586251,qwen
-1.0,-0.5265438579343596,qwen
-1.0,-1.9128193937135747,qwen
-1.0,-3.0076493656308005,qwen
-1.0,-2.1678756952659337,qwen
-1.0,-1.8542311263541666,qwen
-1.0,-1.6074116373012544,qwen
-1.0,-1.5257011641586251,qwen
-1.0,-0.5265438579343596,qwen
-1.0,-1.9128193937135747,qwen
-1.0,-3.0076493656308005,qwen
-1.0,-2.1678756952659337,qwen
-1.0,-1.8542311263541666,qwen
-1.0,-1.6074116373012544,qwen
-1.0,-1.5257011641586251,qwen
-1.0,-0.5265438579343596,qwen
-1.0,-1.9128193937135747,qwen
-1.0,-3.0076493656308005,qwen
-1.0,-2.1678756952659337,qwen
-1.0,-1.8542311263541666,qwen
-1.0,-1.6074116373012544,qwen
-1.0,-1.5257011641586251,qwen
-1.0,-0.5265438579343596,qwen
-1.0,-1.9128193937135747,qwen
-1.0,-3.0076493656308005,qwen
-1.0,-2.1678756952659337,qwen
1.0,0.1963398683071116,qwen
1.0,-0.00044148884743316886,qwen
1.0,0.14038618684852822,qwen
1.0,-0.06034330797815973,qwen
1.0,0.2108688215391785,qwen
1.0,0.30984118887808915,qwen
1.0,0.05550033006375878,qwen
1.0,0.1963398683071116,qwen
1.0,-0.00044148884743316886,qwen
1.0,0.14038618684852822,qwen
1.0,-0.06034330797815973,qwen
1.0,0.2108688215391785,qwen
1.0,0.30984118887808915,qwen
1.0,0.05550033006375878,qwen
1.0,0.1963398683071116,qwen
1.0,-0.00044148884743316886,qwen
1.0,0.14038618684852822,qwen
1.0,-0.06034330797815973,qwen
1.0,0.2108688215391785,qwen
1.0,0.30984118887808915,qwen
1.0,0.05550033006375878,qwen
1.0,0.1963398683071116,qwen
1.0,-0.00044148884743316886,qwen
1.0,0.14038618684852822,qwen
1.0,-0.06034330797815973,qwen
1.0,0.2108688215391785,qwen
1.0,0.30984118887808915,qwen
1.0,0.05550033006375878,qwen
1.0,0.27728131982386783,qwen
1.0,0.2589147726053318,qwen
1.0,0.18607471604920098,qwen
1.0,0.02980157571258805,qwen
1.0,0.2886750553051409,qwen
1.0,0.39793062620174935,qwen
1.0,0.1629519029201374,qwen
1.0,0.27728131982386783,qwen
1.0,0.2589147726053318,qwen
1.0,0.18607471604920098,qwen
1.0,0.02980157571258805,qwen
1.0,0.2886750553051409,qwen
1.0,0.39793062620174935,qwen
1.0,0.1629519029201374,qwen
1.0,0.27728131982386783,qwen
1.0,0.2589147726053318,qwen
1.0,0.18607471604920098,qwen
1.0,0.02980157571258805,qwen
1.0,0.2886750553051409,qwen
1.0,0.39793062620174935,qwen
1.0,0.1629519029201374,qwen
1.0,0.27728131982386783,qwen
1.0,0.2589147726053318,qwen
1.0,0.18607471604920098,qwen
1.0,0.02980157571258805,qwen
1.0,0.2886750553051409,qwen
1.0,0.39793062620174935,qwen
1.0,0.1629519029201374,qwen
1.0,0.40607783270244824,qwen
1.0,0.36557146241639726,qwen
1.0,0.33341431049677894,qwen
1.0,0.2710849966159304,qwen
1.0,0.42612408143801617,qwen
1.0,0.46283274524997586,qwen
1.0,0.26570338121854387,qwen
1.0,0.40607783270244824,qwen
1.0,0.36557146241639726,qwen
1.0,0.33341431049677894,qwen
1.0,0.2710849966159304,qwen
1.0,0.42612408143801617,qwen
1.0,0.46283274524997586,qwen
1.0,0.26570338121854387,qwen
1.0,0.40607783270244824,qwen
1.0,0.36557146241639726,qwen
1.0,0.33341431049677894,qwen
1.0,0.2710849966159304,qwen
1.0,0.42612408143801617,qwen
1.0,0.46283274524997586,qwen
1.0,0.26570338121854387,qwen
1.0,0.40607783270244824,qwen
1.0,0.36557146241639726,qwen
1.0,0.33341431049677894,qwen
1.0,0.2710849966159304,qwen
1.0,0.42612408143801617,qwen
1.0,0.46283274524997586,qwen
1.0,0.26570338121854387,qwen
1.0,0.34010517241139365,qwen
1.0,0.319083339661498,qwen
1.0,0.24889856863672707,qwen
1.0,0.14207469886699767,qwen
1.0,0.35149890789266713,qwen
1.0,0.4456720619018169,qwen
1.0,0.22577575550766324,qwen
1.0,0.34010517241139365,qwen
1.0,0.319083339661498,qwen
1.0,0.24889856863672707,qwen
1.0,0.14207469886699767,qwen
1.0,0.35149890789266713,qwen
1.0,0.4456720619018169,qwen
1.0,0.22577575550766324,qwen
1.0,0.34010517241139365,qwen
1.0,0.319083339661498,qwen
1.0,0.24889856863672707,qwen
1.0,0.14207469886699767,qwen
1.0,0.35149890789266713,qwen
1.0,0.4456720619018169,qwen
1.0,0.22577575550766324,qwen
1.0,0.34010517241139365,qwen
1.0,0.319083339661498,qwen
1.0,0.24889856863672707,qwen
1.0,0.14207469886699767,qwen
1.0,0.35149890789266713,qwen
1.0,0.4456720619018169,qwen
1.0,0.22577575550766324,qwen
1.0,0.299636293678446,qwen
1.0,0.23221789985265764,qwen
1.0,0.18754054879583698,qwen
1.0,0.06323613962091235,qwen
1.0,0.31139388259851003,qwen
1.0,0.4004042098005071,qwen
1.0,0.18922468082402405,qwen
1.0,0.299636293678446,qwen
1.0,0.23221789985265764,qwen
1.0,0.18754054879583698,qwen
1.0,0.06323613962091235,qwen
1.0,0.31139388259851003,qwen
1.0,0.4004042098005071,qwen
1.0,0.18922468082402405,qwen
1.0,0.299636293678446,qwen
1.0,0.23221789985265764,qwen
1.0,0.18754054879583698,qwen
1.0,0.06323613962091235,qwen
1.0,0.31139388259851003,qwen
1.0,0.4004042098005071,qwen
1.0,0.18922468082402405,qwen
1.0,0.299636293678446,qwen
1.0,0.23221789985265764,qwen
1.0,0.18754054879583698,qwen
1.0,0.06323613962091235,qwen
1.0,0.31139388259851003,qwen
1.0,0.4004042098005071,qwen
1.0,0.18922468082402405,qwen
1.0,0.20034262747068282,qwen
1.0,0.22680458330157402,qwen
1.0,0.19785364761952554,qwen
1.0,0.005861527479521508,qwen
1.0,0.21454952236162717,qwen
1.0,0.28529597298803894,qwen
1.0,0.023733353256722853,qwen
1.0,0.20034262747068282,qwen
1.0,0.22680458330157402,qwen
1.0,0.19785364761952554,qwen
1.0,0.005861527479521508,qwen
1.0,0.21454952236162717,qwen
1.0,0.28529597298803894,qwen
1.0,0.023733353256722853,qwen
1.0,0.20034262747068282,qwen
1.0,0.22680458330157402,qwen
1.0,0.19785364761952554,qwen
1.0,0.005861527479521508,qwen
1.0,0.21454952236162717,qwen
1.0,0.28529597298803894,qwen
1.0,0.023733353256722853,qwen
1.0,0.20034262747068282,qwen
1.0,0.22680458330157402,qwen
1.0,0.19785364761952554,qwen
1.0,0.005861527479521508,qwen
1.0,0.21454952236162717,qwen
1.0,0.28529597298803894,qwen
1.0,0.023733353256722853,qwen
1.0,0.2475724628260942,qwen
1.0,0.20800182201545575,qwen
1.0,0.1836770325755296,qwen
1.0,0.08422813810899642,qwen
1.0,0.26832963794172854,qwen
1.0,0.3338015987854951,qwen
1.0,0.10719801134218984,qwen
1.0,0.2475724628260942,qwen
1.0,0.20800182201545575,qwen
1.0,0.1836770325755296,qwen
1.0,0.08422813810899642,qwen
1.0,0.26832963794172854,qwen
1.0,0.3338015987854951,qwen
1.0,0.10719801134218984,qwen
1.0,0.2475724628260942,qwen
1.0,0.20800182201545575,qwen
1.0,0.1836770325755296,qwen
1.0,0.08422813810899642,qwen
1.0,0.26832963794172854,qwen
1.0,0.3338015987854951,qwen
1.0,0.10719801134218984,qwen
1.0,0.2475724628260942,qwen
1.0,0.20800182201545575,qwen
1.0,0.1836770325755296,qwen
1.0,0.08422813810899642,qwen
1.0,0.26832963794172854,qwen
1.0,0.3338015987854951,qwen
1.0,0.10719801134218984,qwen
1.0,0.24768171963095037,qwen
1.0,0.20717534934489937,qwen
1.0,0.17501819742528169,qwen
1.0,0.09483437988989105,qwen
1.0,0.26879219115059455,qwen
1.0,0.3053174686701562,qwen
1.0,0.1073072681470463,qwen
1.0,0.24768171963095037,qwen
1.0,0.20717534934489937,qwen
1.0,0.17501819742528169,qwen
1.0,0.09483437988989105,qwen
1.0,0.26879219115059455,qwen
1.0,0.3053174686701562,qwen
1.0,0.1073072681470463,qwen
1.0,0.24768171963095037,qwen
1.0,0.20717534934489937,qwen
1.0,0.17501819742528169,qwen
1.0,0.09483437988989105,qwen
1.0,0.26879219115059455,qwen
1.0,0.3053174686701562,qwen
1.0,0.1073072681470463,qwen
1.0,0.24768171963095037,qwen
1.0,0.20717534934489937,qwen
1.0,0.17501819742528169,qwen
1.0,0.09483437988989105,qwen
1.0,0.26879219115059455,qwen
1.0,0.3053174686701562,qwen
1.0,0.1073072681470463,qwen
1.0,0.3730037853592767,qwen
1.0,0.30371750351983356,qwen
1.0,0.3147630822363329,qwen
1.0,0.22658480172528708,qwen
1.0,0.3967253375531419,qwen
1.0,0.3357276645014289,qwen
1.0,0.1516299402501952,qwen
1.0,0.3730037853592767,qwen
1.0,0.30371750351983356,qwen
1.0,0.3147630822363329,qwen
1.0,0.22658480172528708,qwen
1.0,0.3967253375531419,qwen
1.0,0.3357276645014289,qwen
1.0,0.1516299402501952,qwen
1.0,0.3730037853592767,qwen
1.0,0.30371750351983356,qwen
1.0,0.3147630822363329,qwen
1.0,0.22658480172528708,qwen
1.0,0.3967253375531419,qwen
1.0,0.3357276645014289,qwen
1.0,0.1516299402501952,qwen
1.0,0.3730037853592767,qwen
1.0,0.30371750351983356,qwen
1.0,0.3147630822363329,qwen
1.0,0.22658480172528708,qwen
1.0,0.3967253375531419,qwen
1.0,0.3357276645014289,qwen
1.0,0.1516299402501952,qwen
1.0,0.17177719860549676,qwen
1.0,0.15998822643486,qwen
1.0,0.20328074737075025,qwen
1.0,-0.010787637431948131,qwen
1.0,0.18465264856718178,qwen
1.0,0.2468380979300259,qwen
1.0,0.031598153114554044,qwen
1.0,0.17177719860549676,qwen
1.0,0.15998822643486,qwen
1.0,0.20328074737075025,qwen
1.0,-0.010787637431948131,qwen
1.0,0.18465264856718178,qwen
1.0,0.2468380979300259,qwen
1.0,0.031598153114554044,qwen
1.0,0.17177719860549676,qwen
1.0,0.15998822643486,qwen
1.0,0.20328074737075025,qwen
1.0,-0.010787637431948131,qwen
1.0,0.18465264856718178,qwen
1.0,0.2468380979300259,qwen
1.0,0.031598153114554044,qwen
1.0,0.17177719860549676,qwen
1.0,0.15998822643486,qwen
1.0,0.20328074737075025,qwen
1.0,-0.010787637431948131,qwen
1.0,0.18465264856718178,qwen
1.0,0.2468380979300259,qwen
1.0,0.031598153114554044,qwen
1.0,0.19998819124677783,qwen
1.0,0.22645014707766978,qwen
1.0,0.19749921139562068,qwen
1.0,0.0017734378053400808,qwen
1.0,0.21419508613772217,qwen
1.0,0.2849415367641341,qwen
1.0,0.02337891703281789,qwen
1.0,0.19998819124677783,qwen
1.0,0.22645014707766978,qwen
1.0,0.19749921139562068,qwen
1.0,0.0017734378053400808,qwen
1.0,0.21419508613772217,qwen
1.0,0.2849415367641341,qwen
1.0,0.02337891703281789,qwen
1.0,0.19998819124677783,qwen
1.0,0.22645014707766978,qwen
1.0,0.19749921139562068,qwen
1.0,0.0017734378053400808,qwen
1.0,0.21419508613772217,qwen
1.0,0.2849415367641341,qwen
1.0,0.02337891703281789,qwen
1.0,0.19998819124677783,qwen
1.0,0.22645014707766978,qwen
1.0,0.19749921139562068,qwen
1.0,0.0017734378053400808,qwen
1.0,0.21419508613772217,qwen
1.0,0.2849415367641341,qwen
1.0,0.02337891703281789,qwen
1.0,0.3104172265578572,qwen
1.0,0.30126255974704425,qwen
1.0,0.34183173252329563,qwen
1.0,0.16412651895220068,qwen
1.0,0.323292676519542,qwen
1.0,0.3715186227168241,qwen
1.0,0.17023818106691424,qwen
1.0,0.3104172265578572,qwen
1.0,0.30126255974704425,qwen
1.0,0.34183173252329563,qwen
1.0,0.16412651895220068,qwen
1.0,0.323292676519542,qwen
1.0,0.3715186227168241,qwen
1.0,0.17023818106691424,qwen
1.0,0.3104172265578572,qwen
1.0,0.30126255974704425,qwen
1.0,0.34183173252329563,qwen
1.0,0.16412651895220068,qwen
1.0,0.323292676519542,qwen
1.0,0.3715186227168241,qwen
1.0,0.17023818106691424,qwen
1.0,0.3104172265578572,qwen
1.0,0.30126255974704425,qwen
1.0,0.34183173252329563,qwen
1.0,0.16412651895220068,qwen
1.0,0.323292676519542,qwen
1.0,0.3715186227168241,qwen
1.0,0.17023818106691424,qwen
1.0,0.19968490853439394,qwen
1.0,0.15329805712964734,qwen
1.0,0.1468089404115907,qwen
1.0,0.030089102508850434,qwen
1.0,0.22340646072825907,qwen
1.0,0.18375450668186005,qwen
1.0,-0.0218689490928555,qwen
1.0,0.19968490853439394,qwen
1.0,0.15329805712964734,qwen
1.0,0.1468089404115907,qwen
1.0,0.030089102508850434,qwen
1.0,0.22340646072825907,qwen
1.0,0.18375450668186005,qwen
1.0,-0.0218689490928555,qwen
1.0,0.19968490853439394,qwen
1.0,0.15329805712964734,qwen
1.0,0.1468089404115907,qwen
1.0,0.030089102508850434,qwen
1.0,0.22340646072825907,qwen
1.0,0.18375450668186005,qwen
1.0,-0.0218689490928555,qwen
1.0,0.19968490853439394,qwen
1.0,0.15329805712964734,qwen
1.0,0.1468089404115907,qwen
1.0,0.030089102508850434,qwen
1.0,0.22340646072825907,qwen
1.0,0.18375450668186005,qwen
1.0,-0.0218689490928555,qwen
2.0,1.2903178273754117,qwen
2.0,0.9980121816509774,qwen
2.0,0.9912972705709868,qwen
2.0,0.8193324911255707,qwen
2.0,1.29886613733051,qwen
2.0,1.6262661552922837,qwen
2.0,1.7734556105127097,qwen
2.0,1.2903178273754117,qwen
2.0,0.9980121816509774,qwen
2.0,0.9912972705709868,qwen
2.0,0.8193324911255707,qwen
2.0,1.29886613733051,qwen
2.0,1.6262661552922837,qwen
2.0,1.7734556105127097,qwen
2.0,1.2903178273754117,qwen
2.0,0.9980121816509774,qwen
2.0,0.9912972705709868,qwen
2.0,0.8193324911255707,qwen
2.0,1.29886613733051,qwen
2.0,1.6262661552922837,qwen
2.0,1.7734556105127097,qwen
2.0,1.2903178273754117,qwen
2.0,0.9980121816509774,qwen
2.0,0.9912972705709868,qwen
2.0,0.8193324911255707,qwen
2.0,1.29886613733051,qwen
2.0,1.6262661552922837,qwen
2.0,1.7734556105127097,qwen
2.0,1.0920881240478346,qwen
2.0,0.8275980874098421,qwen
2.0,0.8300750116500841,qwen
2.0,0.6003008556842224,qwen
2.0,1.103481859529109,qwen
2.0,1.4369466389630394,qwen
2.0,1.4404827519790477,qwen
2.0,1.0920881240478346,qwen
2.0,0.8275980874098421,qwen
2.0,0.8300750116500841,qwen
2.0,0.6003008556842224,qwen
2.0,1.103481859529109,qwen
2.0,1.4369466389630394,qwen
2.0,1.4404827519790477,qwen
2.0,1.0920881240478346,qwen
2.0,0.8275980874098421,qwen
2.0,0.8300750116500841,qwen
2.0,0.6003008556842224,qwen
2.0,1.103481859529109,qwen
2.0,1.4369466389630394,qwen
2.0,1.4404827519790477,qwen
2.0,1.0920881240478346,qwen
2.0,0.8275980874098421,qwen
2.0,0.8300750116500841,qwen
2.0,0.6003008556842224,qwen
2.0,1.103481859529109,qwen
2.0,1.4369466389630394,qwen
2.0,1.4404827519790477,qwen
2.0,1.227660835823453,qwen
2.0,0.8844346681908436,qwen
2.0,0.9029905008520869,qwen
2.0,0.7529758830465124,qwen
2.0,1.2381867804584727,qwen
2.0,1.5406557508022527,qwen
2.0,1.66995786209636,qwen
2.0,1.227660835823453,qwen
2.0,0.8844346681908436,qwen
2.0,0.9029905008520869,qwen
2.0,0.7529758830465124,qwen
2.0,1.2381867804584727,qwen
2.0,1.5406557508022527,qwen
2.0,1.66995786209636,qwen
2.0,1.227660835823453,qwen
2.0,0.8844346681908436,qwen
2.0,0.9029905008520869,qwen
2.0,0.7529758830465124,qwen
2.0,1.2381867804584727,qwen
2.0,1.5406557508022527,qwen
2.0,1.66995786209636,qwen
2.0,1.227660835823453,qwen
2.0,0.8844346681908436,qwen
2.0,0.9029905008520869,qwen
2.0,0.7529758830465124,qwen
2.0,1.2381867804584727,qwen
2.0,1.5406557508022527,qwen
2.0,1.66995786209636,qwen
2.0,1.3140751681022886,qwen
2.0,0.9617152788277086,qwen
2.0,0.9634455242294462,qwen
2.0,0.8287874338006659,qwen
2.0,1.3246011127373076,qwen
2.0,1.6536974810150178,qwen
2.0,1.7618342672395895,qwen
2.0,1.3140751681022886,qwen
2.0,0.9617152788277086,qwen
2.0,0.9634455242294462,qwen
2.0,0.8287874338006659,qwen
2.0,1.3246011127373076,qwen
2.0,1.6536974810150178,qwen
2.0,1.7618342672395895,qwen
2.0,1.3140751681022886,qwen
2.0,0.9617152788277086,qwen
2.0,0.9634455242294462,qwen
2.0,0.8287874338006659,qwen
2.0,1.3246011127373076,qwen
2.0,1.6536974810150178,qwen
2.0,1.7618342672395895,qwen
2.0,1.3140751681022886,qwen
2.0,0.9617152788277086,qwen
2.0,0.9634455242294462,qwen
2.0,0.8287874338006659,qwen
2.0,1.3246011127373076,qwen
2.0,1.6536974810150178,qwen
2.0,1.7618342672395895,qwen
2.0,1.124138764328638,qwen
2.0,0.8653681703171364,qwen
2.0,0.8336874849968793,qwen
2.0,0.5623934619982311,qwen
2.0,1.1118120866903467,qwen
2.0,1.422894528869396,qwen
2.0,1.5145084780939502,qwen
2.0,1.124138764328638,qwen
2.0,0.8653681703171364,qwen
2.0,0.8336874849968793,qwen
2.0,0.5623934619982311,qwen
2.0,1.1118120866903467,qwen
2.0,1.422894528869396,qwen
2.0,1.5145084780939502,qwen
2.0,1.124138764328638,qwen
2.0,0.8653681703171364,qwen
2.0,0.8336874849968793,qwen
2.0,0.5623934619982311,qwen
2.0,1.1118120866903467,qwen
2.0,1.422894528869396,qwen
2.0,1.5145084780939502,qwen
2.0,1.124138764328638,qwen
2.0,0.8653681703171364,qwen
2.0,0.8336874849968793,qwen
2.0,0.5623934619982311,qwen
2.0,1.1118120866903467,qwen
2.0,1.422894528869396,qwen
2.0,1.5145084780939502,qwen
2.0,1.3041910754368753,qwen
2.0,1.011885429712442,qwen
2.0,0.9986425150153558,qwen
2.0,0.8647207501725301,qwen
2.0,1.3127393853919733,qwen
2.0,1.6353671474118894,qwen
2.0,1.7869480104262299,qwen
2.0,1.3041910754368753,qwen
2.0,1.011885429712442,qwen
2.0,0.9986425150153558,qwen
2.0,0.8647207501725301,qwen
2.0,1.3127393853919733,qwen
2.0,1.6353671474118894,qwen
2.0,1.7869480104262299,qwen
2.0,1.3041910754368753,qwen
2.0,1.011885429712442,qwen
2.0,0.9986425150153558,qwen
2.0,0.8647207501725301,qwen
2.0,1.3127393853919733,qwen
2.0,1.6353671474118894,qwen
2.0,1.7869480104262299,qwen
2.0,1.3041910754368753,qwen
2.0,1.011885429712442,qwen
2.0,0.9986425150153558,qwen
2.0,0.8647207501725301,qwen
2.0,1.3127393853919733,qwen
2.0,1.6353671474118894,qwen
2.0,1.7869480104262299,qwen
2.0,1.1745626493605095,qwen
2.0,0.915792055349008,qwen
2.0,0.8841113700287504,qwen
2.0,0.6128173470301024,qwen
2.0,1.1622359717222193,qwen
2.0,1.4615077686503282,qwen
2.0,1.5649323631258212,qwen
2.0,1.1745626493605095,qwen
2.0,0.915792055349008,qwen
2.0,0.8841113700287504,qwen
2.0,0.6128173470301024,qwen
2.0,1.1622359717222193,qwen
2.0,1.4615077686503282,qwen
2.0,1.5649323631258212,qwen
2.0,1.1745626493605095,qwen
2.0,0.915792055349008,qwen
2.0,0.8841113700287504,qwen
2.0,0.6128173470301024,qwen
2.0,1.1622359717222193,qwen
2.0,1.4615077686503282,qwen
2.0,1.5649323631258212,qwen
2.0,1.1745626493605095,qwen
2.0,0.915792055349008,qwen
2.0,0.8841113700287504,qwen
2.0,0.6128173470301024,qwen
2.0,1.1622359717222193,qwen
2.0,1.4615077686503282,qwen
2.0,1.5649323631258212,qwen
2.0,1.1225057472147628,qwen
2.0,0.8438099266233422,qwen
2.0,0.8080095944964796,qwen
2.0,0.6301328494370069,qwen
2.0,1.1342633361348278,qwen
2.0,1.4836078659245315,qwen
2.0,1.469204565482172,qwen
2.0,1.1225057472147628,qwen
2.0,0.8438099266233422,qwen
2.0,0.8080095944964796,qwen
2.0,0.6301328494370069,qwen
2.0,1.1342633361348278,qwen
2.0,1.4836078659245315,qwen
2.0,1.469204565482172,qwen
2.0,1.1225057472147628,qwen
2.0,0.8438099266233422,qwen
2.0,0.8080095944964796,qwen
2.0,0.6301328494370069,qwen
2.0,1.1342633361348278,qwen
2.0,1.4836078659245315,qwen
2.0,1.469204565482172,qwen
2.0,1.1225057472147628,qwen
2.0,0.8438099266233422,qwen
2.0,0.8080095944964796,qwen
2.0,0.6301328494370069,qwen
2.0,1.1342633361348278,qwen
2.0,1.4836078659245315,qwen
2.0,1.469204565482172,qwen
2.0,1.503615437062876,qwen
2.0,1.1573959922834427,qwen
2.0,1.1698750715069457,qwen
2.0,1.0242627443924928,qwen
2.0,1.5141413816978955,qwen
2.0,1.8166103520416752,qwen
2.0,1.9513745362001755,qwen
2.0,1.503615437062876,qwen
2.0,1.1573959922834427,qwen
2.0,1.1698750715069457,qwen
2.0,1.0242627443924928,qwen
2.0,1.5141413816978955,qwen
2.0,1.8166103520416752,qwen
2.0,1.9513745362001755,qwen
2.0,1.503615437062876,qwen
2.0,1.1573959922834427,qwen
2.0,1.1698750715069457,qwen
2.0,1.0242627443924928,qwen
2.0,1.5141413816978955,qwen
2.0,1.8166103520416752,qwen
2.0,1.9513745362001755,qwen
2.0,1.503615437062876,qwen
2.0,1.1573959922834427,qwen
2.0,1.1698750715069457,qwen
2.0,1.0242627443924928,qwen
2.0,1.5141413816978955,qwen
2.0,1.8166103520416752,qwen
2.0,1.9513745362001755,qwen
2.0,1.2997624050883176,qwen
2.0,0.9644007004082958,qwen
2.0,1.0268659843036954,qwen
2.0,0.793939726797829,qwen
2.0,1.322909817286432,qwen
2.0,1.761461700184618,qwen
2.0,1.8209347400371891,qwen
2.0,1.2997624050883176,qwen
2.0,0.9644007004082958,qwen
2.0,1.0268659843036954,qwen
2.0,0.793939726797829,qwen
2.0,1.322909817286432,qwen
2.0,1.761461700184618,qwen
2.0,1.8209347400371891,qwen
2.0,1.2997624050883176,qwen
2.0,0.9644007004082958,qwen
2.0,1.0268659843036954,qwen
2.0,0.793939726797829,qwen
2.0,1.322909817286432,qwen
2.0,1.761461700184618,qwen
2.0,1.8209347400371891,qwen
2.0,1.2997624050883176,qwen
2.0,0.9644007004082958,qwen
2.0,1.0268659843036954,qwen
2.0,0.793939726797829,qwen
2.0,1.322909817286432,qwen
2.0,1.761461700184618,qwen
2.0,1.8209347400371891,qwen
2.0,1.3006333561423096,qwen
2.0,1.0083277104178763,qwen
2.0,0.9950847957207899,qwen
2.0,0.8611630308779642,qwen
2.0,1.3091816660974076,qwen
2.0,1.6318094281173237,qwen
2.0,1.7833902911316641,qwen
2.0,1.3006333561423096,qwen
2.0,1.0083277104178763,qwen
2.0,0.9950847957207899,qwen
2.0,0.8611630308779642,qwen
2.0,1.3091816660974076,qwen
2.0,1.6318094281173237,qwen
2.0,1.7833902911316641,qwen
2.0,1.3006333561423096,qwen
2.0,1.0083277104178763,qwen
2.0,0.9950847957207899,qwen
2.0,0.8611630308779642,qwen
2.0,1.3091816660974076,qwen
2.0,1.6318094281173237,qwen
2.0,1.7833902911316641,qwen
2.0,1.3006333561423096,qwen
2.0,1.0083277104178763,qwen
2.0,0.9950847957207899,qwen
2.0,0.8611630308779642,qwen
2.0,1.3091816660974076,qwen
2.0,1.6318094281173237,qwen
2.0,1.7833902911316641,qwen
2.0,1.2155367303384041,qwen
2.0,0.9567661363269033,qwen
2.0,0.9250854510066461,qwen
2.0,0.6533130833571122,qwen
2.0,1.2024991263200475,qwen
2.0,1.5024818496282228,qwen
2.0,1.6059064441037159,qwen
2.0,1.2155367303384041,qwen
2.0,0.9567661363269033,qwen
2.0,0.9250854510066461,qwen
2.0,0.6533130833571122,qwen
2.0,1.2024991263200475,qwen
2.0,1.5024818496282228,qwen
2.0,1.6059064441037159,qwen
2.0,1.2155367303384041,qwen
2.0,0.9567661363269033,qwen
2.0,0.9250854510066461,qwen
2.0,0.6533130833571122,qwen
2.0,1.2024991263200475,qwen
2.0,1.5024818496282228,qwen
2.0,1.6059064441037159,qwen
2.0,1.2155367303384041,qwen
2.0,0.9567661363269033,qwen
2.0,0.9250854510066461,qwen
2.0,0.6533130833571122,qwen
2.0,1.2024991263200475,qwen
2.0,1.5024818496282228,qwen
2.0,1.6059064441037159,qwen
1.0,0.34684068698208337,qwen
1.0,0.31480899369185655,qwen
1.0,0.23936738912039243,qwen
1.0,0.1482245840235416,qwen
1.0,0.3585982759021474,qwen
1.0,0.46865118026706987,qwen
1.0,0.23081546041455012,qwen
1.0,0.34684068698208337,qwen
1.0,0.31480899369185655,qwen
1.0,0.23936738912039243,qwen
1.0,0.1482245840235416,qwen
1.0,0.3585982759021474,qwen
1.0,0.46865118026706987,qwen
1.0,0.23081546041455012,qwen
1.0,0.34684068698208337,qwen
1.0,0.31480899369185655,qwen
1.0,0.23936738912039243,qwen
1.0,0.1482245840235416,qwen
1.0,0.3585982759021474,qwen
1.0,0.46865118026706987,qwen
1.0,0.23081546041455012,qwen
1.0,0.34684068698208337,qwen
1.0,0.31480899369185655,qwen
1.0,0.23936738912039243,qwen
1.0,0.1482245840235416,qwen
1.0,0.3585982759021474,qwen
1.0,0.46865118026706987,qwen
1.0,0.23081546041455012,qwen
1.0,0.20051479788601775,qwen
1.0,0.22697675371690895,qwen
1.0,0.18758597181447367,qwen
1.0,0.006033697894856467,qwen
1.0,0.2147216927769621,qwen
1.0,0.28518735556033004,qwen
1.0,0.023905523672057814,qwen
1.0,0.20051479788601775,qwen
1.0,0.22697675371690895,qwen
1.0,0.18758597181447367,qwen
1.0,0.006033697894856467,qwen
1.0,0.2147216927769621,qwen
1.0,0.28518735556033004,qwen
1.0,0.023905523672057814,qwen
1.0,0.20051479788601775,qwen
1.0,0.22697675371690895,qwen
1.0,0.18758597181447367,qwen
1.0,0.006033697894856467,qwen
1.0,0.2147216927769621,qwen
1.0,0.28518735556033004,qwen
1.0,0.023905523672057814,qwen
1.0,0.20051479788601775,qwen
1.0,0.22697675371690895,qwen
1.0,0.18758597181447367,qwen
1.0,0.006033697894856467,qwen
1.0,0.2147216927769621,qwen
1.0,0.28518735556033004,qwen
1.0,0.023905523672057814,qwen
1.0,0.20051479788601775,qwen
1.0,0.22697675371690895,qwen
1.0,0.18758597181447367,qwen
1.0,0.006033697894856467,qwen
1.0,0.2147216927769621,qwen
1.0,0.28518735556033004,qwen
1.0,0.023905523672057814,qwen
1.0,0.20051479788601775,qwen
1.0,0.22697675371690895,qwen
1.0,0.18758597181447367,qwen
1.0,0.006033697894856467,qwen
1.0,0.2147216927769621,qwen
1.0,0.28518735556033004,qwen
1.0,0.023905523672057814,qwen
1.0,0.20051479788601775,qwen
1.0,0.22697675371690895,qwen
1.0,0.18758597181447367,qwen
1.0,0.006033697894856467,qwen
1.0,0.2147216927769621,qwen
1.0,0.28518735556033004,qwen
1.0,0.023905523672057814,qwen
1.0,0.20051479788601775,qwen
1.0,0.22697675371690895,qwen
1.0,0.18758597181447367,qwen
1.0,0.006033697894856467,qwen
1.0,0.2147216927769621,qwen
1.0,0.28518735556033004,qwen
1.0,0.023905523672057814,qwen
1.0,0.24455575878000294,qwen
1.0,0.15224849462930876,qwen
1.0,0.1886644758975174,qwen
1.0,0.06144992395696638,qwen
1.0,0.2697756587762587,qwen
1.0,0.22219315797855058,qwen
1.0,0.02586912928047257,qwen
1.0,0.24455575878000294,qwen
1.0,0.15224849462930876,qwen
1.0,0.1886644758975174,qwen
1.0,0.06144992395696638,qwen
1.0,0.2697756587762587,qwen
1.0,0.22219315797855058,qwen
1.0,0.02586912928047257,qwen
1.0,0.24455575878000294,qwen
1.0,0.15224849462930876,qwen
1.0,0.1886644758975174,qwen
1.0,0.06144992395696638,qwen
1.0,0.2697756587762587,qwen
1.0,0.22219315797855058,qwen
1.0,0.02586912928047257,qwen
1.0,0.24455575878000294,qwen
1.0,0.15224849462930876,qwen
1.0,0.1886644758975174,qwen
1.0,0.06144992395696638,qwen
1.0,0.2697756587762587,qwen
1.0,0.22219315797855058,qwen
1.0,0.02586912928047257,qwen
1.0,0.19968490853439394,qwen
1.0,0.15329805712964734,qwen
1.0,0.1468089404115907,qwen
1.0,0.030089102508850434,qwen
1.0,0.22340646072825907,qwen
1.0,0.18375450668186005,qwen
1.0,-0.0218689490928555,qwen
1.0,0.19968490853439394,qwen
1.0,0.15329805712964734,qwen
1.0,0.1468089404115907,qwen
1.0,0.030089102508850434,qwen
1.0,0.22340646072825907,qwen
1.0,0.18375450668186005,qwen
1.0,-0.0218689490928555,qwen
1.0,0.19968490853439394,qwen
1.0,0.15329805712964734,qwen
1.0,0.1468089404115907,qwen
1.0,0.030089102508850434,qwen
1.0,0.22340646072825907,qwen
1.0,0.18375450668186005,qwen
1.0,-0.0218689490928555,qwen
1.0,0.19968490853439394,qwen
1.0,0.15329805712964734,qwen
1.0,0.1468089404115907,qwen
1.0,0.030089102508850434,qwen
1.0,0.22340646072825907,qwen
1.0,0.18375450668186005,qwen
1.0,-0.0218689490928555,qwen
1.0,0.24107338191386835,qwen
1.0,0.1818231177315491,qwen
1.0,0.09864386813062961,qwen
1.0,-0.05162071377393305,qwen
1.0,0.26183055702950253,qwen
1.0,0.3361443989427048,qwen
1.0,0.10069893042996395,qwen
1.0,0.24107338191386835,qwen
1.0,0.1818231177315491,qwen
1.0,0.09864386813062961,qwen
1.0,-0.05162071377393305,qwen
1.0,0.26183055702950253,qwen
1.0,0.3361443989427048,qwen
1.0,0.10069893042996395,qwen
1.0,0.24107338191386835,qwen
1.0,0.1818231177315491,qwen
1.0,0.09864386813062961,qwen
1.0,-0.05162071377393305,qwen
1.0,0.26183055702950253,qwen
1.0,0.3361443989427048,qwen
1.0,0.10069893042996395,qwen
1.0,0.24107338191386835,qwen
1.0,0.1818231177315491,qwen
1.0,0.09864386813062961,qwen
1.0,-0.05162071377393305,qwen
1.0,0.26183055702950253,qwen
1.0,0.3361443989427048,qwen
1.0,0.10069893042996395,qwen
1.0,0.19998819124677783,qwen
1.0,0.22645014707766978,qwen
1.0,0.19749921139562068,qwen
1.0,0.0017734378053400808,qwen
1.0,0.21419508613772217,qwen
1.0,0.2849415367641341,qwen
1.0,0.02337891703281789,qwen
1.0,0.19998819124677783,qwen
1.0,0.22645014707766978,qwen
1.0,0.19749921139562068,qwen
1.0,0.0017734378053400808,qwen
1.0,0.21419508613772217,qwen
1.0,0.2849415367641341,qwen
1.0,0.02337891703281789,qwen
1.0,0.19998819124677783,qwen
1.0,0.22645014707766978,qwen
1.0,0.19749921139562068,qwen
1.0,0.0017734378053400808,qwen
1.0,0.21419508613772217,qwen
1.0,0.2849415367641341,qwen
1.0,0.02337891703281789,qwen
1.0,0.19998819124677783,qwen
1.0,0.22645014707766978,qwen
1.0,0.19749921139562068,qwen
1.0,0.0017734378053400808,qwen
1.0,0.21419508613772217,qwen
1.0,0.2849415367641341,qwen
1.0,0.02337891703281789,qwen
1.0,0.3696825960284924,qwen
1.0,0.3418181148907573,qwen
1.0,0.25158219238365154,qwen
1.0,0.17165212248409603,qwen
1.0,0.3810763315097659,qwen
1.0,0.4737764402670627,qwen
1.0,0.2553531791247616,qwen
1.0,0.3696825960284924,qwen
1.0,0.3418181148907573,qwen
1.0,0.25158219238365154,qwen
1.0,0.17165212248409603,qwen
1.0,0.3810763315097659,qwen
1.0,0.4737764402670627,qwen
1.0,0.2553531791247616,qwen
1.0,0.3696825960284924,qwen
1.0,0.3418181148907573,qwen
1.0,0.25158219238365154,qwen
1.0,0.17165212248409603,qwen
1.0,0.3810763315097659,qwen
1.0,0.4737764402670627,qwen
1.0,0.2553531791247616,qwen
1.0,0.3696825960284924,qwen
1.0,0.3418181148907573,qwen
1.0,0.25158219238365154,qwen
1.0,0.17165212248409603,qwen
1.0,0.3810763315097659,qwen
1.0,0.4737764402670627,qwen
1.0,0.2553531791247616,qwen
1.0,0.221380013383085,qwen
1.0,0.15209373154364111,qwen
1.0,0.16313931026014095,qwen
1.0,0.05220618690025422,qwen
1.0,0.24510156557695034,qwen
1.0,0.20544961153055125,qwen
1.0,0.0066757424376949325,qwen
1.0,0.221380013383085,qwen
1.0,0.15209373154364111,qwen
1.0,0.16313931026014095,qwen
1.0,0.05220618690025422,qwen
1.0,0.24510156557695034,qwen
1.0,0.20544961153055125,qwen
1.0,0.0066757424376949325,qwen
1.0,0.221380013383085,qwen
1.0,0.15209373154364111,qwen
1.0,0.16313931026014095,qwen
1.0,0.05220618690025422,qwen
1.0,0.24510156557695034,qwen
1.0,0.20544961153055125,qwen
1.0,0.0066757424376949325,qwen
1.0,0.221380013383085,qwen
1.0,0.15209373154364111,qwen
1.0,0.16313931026014095,qwen
1.0,0.05220618690025422,qwen
1.0,0.24510156557695034,qwen
1.0,0.20544961153055125,qwen
1.0,0.0066757424376949325,qwen
1.0,0.17177719860549676,qwen
1.0,0.15998822643486,qwen
1.0,0.20328074737075025,qwen
1.0,-0.010787637431948131,qwen
1.0,0.18465264856718178,qwen
1.0,0.2468380979300259,qwen
1.0,0.031598153114554044,qwen
1.0,0.17177719860549676,qwen
1.0,0.15998822643486,qwen
1.0,0.20328074737075025,qwen
1.0,-0.010787637431948131,qwen
1.0,0.18465264856718178,qwen
1.0,0.2468380979300259,qwen
1.0,0.031598153114554044,qwen
1.0,0.17177719860549676,qwen
1.0,0.15998822643486,qwen
1.0,0.20328074737075025,qwen
1.0,-0.010787637431948131,qwen
1.0,0.18465264856718178,qwen
1.0,0.2468380979300259,qwen
1.0,0.031598153114554044,qwen
1.0,0.17177719860549676,qwen
1.0,0.15998822643486,qwen
1.0,0.20328074737075025,qwen
1.0,-0.010787637431948131,qwen
1.0,0.18465264856718178,qwen
1.0,0.2468380979300259,qwen
1.0,0.031598153114554044,qwen
1.0,0.21290490887621716,qwen
1.0,0.15365464469389825,qwen
1.0,0.1154539274195902,qwen
1.0,-0.010058203965018287,qwen
1.0,0.23366208399185162,qwen
1.0,0.308503785200674,qwen
1.0,0.07253045739231277,qwen
1.0,0.21290490887621716,qwen
1.0,0.15365464469389825,qwen
1.0,0.1154539274195902,qwen
1.0,-0.010058203965018287,qwen
1.0,0.23366208399185162,qwen
1.0,0.308503785200674,qwen
1.0,0.07253045739231277,qwen
1.0,0.21290490887621716,qwen
1.0,0.15365464469389825,qwen
1.0,0.1154539274195902,qwen
1.0,-0.010058203965018287,qwen
1.0,0.23366208399185162,qwen
1.0,0.308503785200674,qwen
1.0,0.07253045739231277,qwen
1.0,0.21290490887621716,qwen
1.0,0.15365464469389825,qwen
1.0,0.1154539274195902,qwen
1.0,-0.010058203965018287,qwen
1.0,0.23366208399185162,qwen
1.0,0.308503785200674,qwen
1.0,0.07253045739231277,qwen
1.0,0.33354962879441064,qwen
1.0,0.3031126177709192,qwen
1.0,0.22337559383786956,qwen
1.0,0.13493352583586868,qwen
1.0,0.34530721771447465,qwen
1.0,0.45536012207939713,qwen
1.0,0.2175244022268772,qwen
1.0,0.33354962879441064,qwen
1.0,0.3031126177709192,qwen
1.0,0.22337559383786956,qwen
1.0,0.13493352583586868,qwen
1.0,0.34530721771447465,qwen
1.0,0.45536012207939713,qwen
1.0,0.2175244022268772,qwen
1.0,0.33354962879441064,qwen
1.0,0.3031126177709192,qwen
1.0,0.22337559383786956,qwen
1.0,0.13493352583586868,qwen
1.0,0.34530721771447465,qwen
1.0,0.45536012207939713,qwen
1.0,0.2175244022268772,qwen
1.0,0.33354962879441064,qwen
1.0,0.3031126177709192,qwen
1.0,0.22337559383786956,qwen
1.0,0.13493352583586868,qwen
1.0,0.34530721771447465,qwen
1.0,0.45536012207939713,qwen
1.0,0.2175244022268772,qwen
0.0,-1.33355396082565,qwen
0.0,-1.035700246541831,qwen
0.0,-1.084186886027217,qwen
0.0,-0.8328333853114452,qwen
0.0,-1.3485541787911566,qwen
0.0,-1.6264586261466933,qwen
0.0,-1.6148536287455024,qwen
0.0,-1.33355396082565,qwen
0.0,-1.035700246541831,qwen
0.0,-1.084186886027217,qwen
0.0,-0.8328333853114452,qwen
0.0,-1.3485541787911566,qwen
0.0,-1.6264586261466933,qwen
0.0,-1.6148536287455024,qwen
0.0,-1.33355396082565,qwen
0.0,-1.035700246541831,qwen
0.0,-1.084186886027217,qwen
0.0,-0.8328333853114452,qwen
0.0,-1.3485541787911566,qwen
0.0,-1.6264586261466933,qwen
0.0,-1.6148536287455024,qwen
0.0,-1.33355396082565,qwen
0.0,-1.035700246541831,qwen
0.0,-1.084186886027217,qwen
0.0,-0.8328333853114452,qwen
0.0,-1.3485541787911566,qwen
0.0,-1.6264586261466933,qwen
0.0,-1.6148536287455024,qwen
-0.0,-1.060838026085406,qwen
-0.0,-0.7766219676936711,qwen
-0.0,-0.7230792873776007,qwen
-0.0,-0.35257787892672754,qwen
-0.0,-1.061464761553664,qwen
-0.0,-1.3603550746852235,qwen
-0.0,-1.2824563475044175,qwen
-0.0,-1.060838026085406,qwen
-0.0,-0.7766219676936711,qwen
-0.0,-0.7230792873776007,qwen
-0.0,-0.35257787892672754,qwen
-0.0,-1.061464761553664,qwen
-0.0,-1.3603550746852235,qwen
-0.0,-1.2824563475044175,qwen
-0.0,-1.060838026085406,qwen
-0.0,-0.7766219676936711,qwen
-0.0,-0.7230792873776007,qwen
-0.0,-0.35257787892672754,qwen
-0.0,-1.061464761553664,qwen
-0.0,-1.3603550746852235,qwen
-0.0,-1.2824563475044175,qwen
-0.0,-1.060838026085406,qwen
-0.0,-0.7766219676936711,qwen
-0.0,-0.7230792873776007,qwen
-0.0,-0.35257787892672754,qwen
-0.0,-1.061464761553664,qwen
-0.0,-1.3603550746852235,qwen
-0.0,-1.2824563475044175,qwen
-0.0,-1.178739133867745,qwen
-0.0,-0.8024141452441277,qwen
-0.0,-0.8946321857595853,qwen
-0.0,-0.5560361166406315,qwen
-0.0,-1.2020770584891158,qwen
-0.0,-1.608400473956999,qwen
-0.0,-1.4978928840925987,qwen
-0.0,-1.178739133867745,qwen
-0.0,-0.8024141452441277,qwen
-0.0,-0.8946321857595853,qwen
-0.0,-0.5560361166406315,qwen
-0.0,-1.2020770584891158,qwen
-0.0,-1.608400473956999,qwen
-0.0,-1.4978928840925987,qwen
-0.0,-1.178739133867745,qwen
-0.0,-0.8024141452441277,qwen
-0.0,-0.8946321857595853,qwen
-0.0,-0.5560361166406315,qwen
-0.0,-1.2020770584891158,qwen
-0.0,-1.608400473956999,qwen
-0.0,-1.4978928840925987,qwen
-0.0,-1.178739133867745,qwen
-0.0,-0.8024141452441277,qwen
-0.0,-0.8946321857595853,qwen
-0.0,-0.5560361166406315,qwen
-0.0,-1.2020770584891158,qwen
-0.0,-1.608400473956999,qwen
-0.0,-1.4978928840925987,qwen
-0.0,-1.0500825007202295,qwen
-0.0,-0.7801928745796726,qwen
-0.0,-0.6800276469937402,qwen
-0.0,-0.2518035080720898,qwen
-0.0,-1.0533604253337105,qwen
-0.0,-1.3909873456826143,qwen
-0.0,-1.28640159932244,qwen
-0.0,-1.0500825007202295,qwen
-0.0,-0.7801928745796726,qwen
-0.0,-0.6800276469937402,qwen
-0.0,-0.2518035080720898,qwen
-0.0,-1.0533604253337105,qwen
-0.0,-1.3909873456826143,qwen
-0.0,-1.28640159932244,qwen
-0.0,-1.0500825007202295,qwen
-0.0,-0.7801928745796726,qwen
-0.0,-0.6800276469937402,qwen
-0.0,-0.2518035080720898,qwen
-0.0,-1.0533604253337105,qwen
-0.0,-1.3909873456826143,qwen
-0.0,-1.28640159932244,qwen
-0.0,-1.0500825007202295,qwen
-0.0,-0.7801928745796726,qwen
-0.0,-0.6800276469937402,qwen
-0.0,-0.2518035080720898,qwen
-0.0,-1.0533604253337105,qwen
-0.0,-1.3909873456826143,qwen
-0.0,-1.28640159932244,qwen
0.0,-1.244662153745597,qwen
0.0,-0.9835482627331743,qwen
0.0,-0.9456369119378103,qwen
0.0,-0.7596282459227818,qwen
0.0,-1.2482977083351352,qwen
0.0,-1.4821233878973006,qwen
0.0,-1.4809812523478096,qwen
0.0,-1.244662153745597,qwen
0.0,-0.9835482627331743,qwen
0.0,-0.9456369119378103,qwen
0.0,-0.7596282459227818,qwen
0.0,-1.2482977083351352,qwen
0.0,-1.4821233878973006,qwen
0.0,-1.4809812523478096,qwen
0.0,-1.244662153745597,qwen
0.0,-0.9835482627331743,qwen
0.0,-0.9456369119378103,qwen
0.0,-0.7596282459227818,qwen
0.0,-1.2482977083351352,qwen
0.0,-1.4821233878973006,qwen
0.0,-1.4809812523478096,qwen
0.0,-1.244662153745597,qwen
0.0,-0.9835482627331743,qwen
0.0,-0.9456369119378103,qwen
0.0,-0.7596282459227818,qwen
0.0,-1.2482977083351352,qwen
0.0,-1.4821233878973006,qwen
0.0,-1.4809812523478096,qwen
-0.0,-1.0838796939300455,qwen
-0.0,-0.8234089411307326,qwen
-0.0,-0.7792904181591871,qwen
-0.0,-0.395093178006494,qwen
-0.0,-1.0984881920507403,qwen
-0.0,-1.3020819433959445,qwen
-0.0,-1.390601759816038,qwen
-0.0,-1.0838796939300455,qwen
-0.0,-0.8234089411307326,qwen
-0.0,-0.7792904181591871,qwen
-0.0,-0.395093178006494,qwen
-0.0,-1.0984881920507403,qwen
-0.0,-1.3020819433959445,qwen
-0.0,-1.390601759816038,qwen
-0.0,-1.0838796939300455,qwen
-0.0,-0.8234089411307326,qwen
-0.0,-0.7792904181591871,qwen
-0.0,-0.395093178006494,qwen
-0.0,-1.0984881920507403,qwen
-0.0,-1.3020819433959445,qwen
-0.0,-1.390601759816038,qwen
-0.0,-1.0838796939300455,qwen
-0.0,-0.8234089411307326,qwen
-0.0,-0.7792904181591871,qwen
-0.0,-0.395093178006494,qwen
-0.0,-1.0984881920507403,qwen
-0.0,-1.3020819433959445,qwen
-0.0,-1.390601759816038,qwen
0.0,-1.1654583238993652,qwen
0.0,-0.9277309084885302,qwen
0.0,-0.8862992290862577,qwen
0.0,-0.6493240542732094,qwen
0.0,-1.166448912806414,qwen
0.0,-1.448873420809806,qwen
0.0,-1.3776124734766575,qwen
0.0,-1.1654583238993652,qwen
0.0,-0.9277309084885302,qwen
0.0,-0.8862992290862577,qwen
0.0,-0.6493240542732094,qwen
0.0,-1.166448912806414,qwen
0.0,-1.448873420809806,qwen
0.0,-1.3776124734766575,qwen
0.0,-1.1654583238993652,qwen
0.0,-0.9277309084885302,qwen
0.0,-0.8862992290862577,qwen
0.0,-0.6493240542732094,qwen
0.0,-1.166448912806414,qwen
0.0,-1.448873420809806,qwen
0.0,-1.3776124734766575,qwen
0.0,-1.1654583238993652,qwen
0.0,-0.9277309084885302,qwen
0.0,-0.8862992290862577,qwen
0.0,-0.6493240542732094,qwen
0.0,-1.166448912806414,qwen
0.0,-1.448873420809806,qwen
0.0,-1.3776124734766575,qwen
-0.0,-1.196750208091834,qwen
-0.0,-0.8081955998231057,qwen
-0.0,-0.8718919056118858,qwen
-0.0,-0.5098475344221283,qwen
-0.0,-1.21009692278696,qwen
-0.0,-1.5910527416811395,qwen
-0.0,-1.4787103687640977,qwen
-0.0,-1.196750208091834,qwen
-0.0,-0.8081955998231057,qwen
-0.0,-0.8718919056118858,qwen
-0.0,-0.5098475344221283,qwen
-0.0,-1.21009692278696,qwen
-0.0,-1.5910527416811395,qwen
-0.0,-1.4787103687640977,qwen
-0.0,-1.196750208091834,qwen
-0.0,-0.8081955998231057,qwen
-0.0,-0.8718919056118858,qwen
-0.0,-0.5098475344221283,qwen
-0.0,-1.21009692278696,qwen
-0.0,-1.5910527416811395,qwen
-0.0,-1.4787103687640977,qwen
-0.0,-1.196750208091834,qwen
-0.0,-0.8081955998231057,qwen
-0.0,-0.8718919056118858,qwen
-0.0,-0.5098475344221283,qwen
-0.0,-1.21009692278696,qwen
-0.0,-1.5910527416811395,qwen
-0.0,-1.4787103687640977,qwen
0.0,-1.2074352808532585,qwen
0.0,-0.8913415577636788,qwen
0.0,-0.9256777529855569,qwen
0.0,-0.6856722283562503,qwen
0.0,-1.2316009828485026,qwen
0.0,-1.6166006746822394,qwen
0.0,-1.5176253623699312,qwen
0.0,-1.2074352808532585,qwen
0.0,-0.8913415577636788,qwen
0.0,-0.9256777529855569,qwen
0.0,-0.6856722283562503,qwen
0.0,-1.2316009828485026,qwen
0.0,-1.6166006746822394,qwen
0.0,-1.5176253623699312,qwen
0.0,-1.2074352808532585,qwen
0.0,-0.8913415577636788,qwen
0.0,-0.9256777529855569,qwen
0.0,-0.6856722283562503,qwen
0.0,-1.2316009828485026,qwen
0.0,-1.6166006746822394,qwen
0.0,-1.5176253623699312,qwen
0.0,-1.2074352808532585,qwen
0.0,-0.8913415577636788,qwen
0.0,-0.9256777529855569,qwen
0.0,-0.6856722283562503,qwen
0.0,-1.2316009828485026,qwen
0.0,-1.6166006746822394,qwen
0.0,-1.5176253623699312,qwen
0.0,-1.2077965150754384,qwen
0.0,-0.951142383017597,qwen
0.0,-0.9087712732676518,qwen
0.0,-0.6600946978697062,qwen
0.0,-1.2117853660689861,qwen
0.0,-1.4746913051124886,qwen
0.0,-1.4441156136776514,qwen
0.0,-1.2077965150754384,qwen
0.0,-0.951142383017597,qwen
0.0,-0.9087712732676518,qwen
0.0,-0.6600946978697062,qwen
0.0,-1.2117853660689861,qwen
0.0,-1.4746913051124886,qwen
0.0,-1.4441156136776514,qwen
0.0,-1.2077965150754384,qwen
0.0,-0.951142383017597,qwen
0.0,-0.9087712732676518,qwen
0.0,-0.6600946978697062,qwen
0.0,-1.2117853660689861,qwen
0.0,-1.4746913051124886,qwen
0.0,-1.4441156136776514,qwen
0.0,-1.2077965150754384,qwen
0.0,-0.951142383017597,qwen
0.0,-0.9087712732676518,qwen
0.0,-0.6600946978697062,qwen
0.0,-1.2117853660689861,qwen
0.0,-1.4746913051124886,qwen
0.0,-1.4441156136776514,qwen
-0.0,-1.1035773846646615,qwen
-0.0,-0.8576053456490952,qwen
-0.0,-0.7989881088938043,qwen
-0.0,-0.42635688477548395,qwen
-0.0,-1.1181858827853566,qwen
-0.0,-1.4030433529864463,qwen
-0.0,-1.4102994505506536,qwen
-0.0,-1.1035773846646615,qwen
-0.0,-0.8576053456490952,qwen
-0.0,-0.7989881088938043,qwen
-0.0,-0.42635688477548395,qwen
-0.0,-1.1181858827853566,qwen
-0.0,-1.4030433529864463,qwen
-0.0,-1.4102994505506536,qwen
-0.0,-1.1035773846646615,qwen
-0.0,-0.8576053456490952,qwen
-0.0,-0.7989881088938043,qwen
-0.0,-0.42635688477548395,qwen
-0.0,-1.1181858827853566,qwen
-0.0,-1.4030433529864463,qwen
-0.0,-1.4102994505506536,qwen
-0.0,-1.1035773846646615,qwen
-0.0,-0.8576053456490952,qwen
-0.0,-0.7989881088938043,qwen
-0.0,-0.42635688477548395,qwen
-0.0,-1.1181858827853566,qwen
-0.0,-1.4030433529864463,qwen
-0.0,-1.4102994505506536,qwen
0.0,-1.314046645638443,qwen
0.0,-1.0584711254181012,qwen
0.0,-1.0150214038306555,qwen
0.0,-0.810067532645782,qwen
0.0,-1.3173245702519243,qwen
0.0,-1.568147503733392,qwen
0.0,-1.5503657442406564,qwen
0.0,-1.314046645638443,qwen
0.0,-1.0584711254181012,qwen
0.0,-1.0150214038306555,qwen
0.0,-0.810067532645782,qwen
0.0,-1.3173245702519243,qwen
0.0,-1.568147503733392,qwen
0.0,-1.5503657442406564,qwen
0.0,-1.314046645638443,qwen
0.0,-1.0584711254181012,qwen
0.0,-1.0150214038306555,qwen
0.0,-0.810067532645782,qwen
0.0,-1.3173245702519243,qwen
0.0,-1.568147503733392,qwen
0.0,-1.5503657442406564,qwen
0.0,-1.314046645638443,qwen
0.0,-1.0584711254181012,qwen
0.0,-1.0150214038306555,qwen
0.0,-0.810067532645782,qwen
0.0,-1.3173245702519243,qwen
0.0,-1.568147503733392,qwen
0.0,-1.5503657442406564,qwen
0.0,-1.2940415982317843,qwen_instruct
0.0,-1.048069559216216,qwen_instruct
0.0,-1.0444951526381785,qwen_instruct
0.0,-0.7932969289740235,qwen_instruct
0.0,-1.3079585901389064,qwen_instruct
0.0,-1.5758082758010459,qwen_instruct
0.0,-1.6007636641177747,qwen_instruct
0.0,-1.2940415982317843,qwen_instruct
0.0,-1.048069559216216,qwen_instruct
0.0,-1.0444951526381785,qwen_instruct
0.0,-0.7932969289740235,qwen_instruct
0.0,-1.3079585901389064,qwen_instruct
0.0,-1.5758082758010459,qwen_instruct
0.0,-1.6007636641177747,qwen_instruct
0.0,-1.2940415982317843,qwen_instruct
0.0,-1.048069559216216,qwen_instruct
0.0,-1.0444951526381785,qwen_instruct
0.0,-0.7932969289740235,qwen_instruct
0.0,-1.3079585901389064,qwen_instruct
0.0,-1.5758082758010459,qwen_instruct
0.0,-1.6007636641177747,qwen_instruct
0.0,-1.2940415982317843,qwen_instruct
0.0,-1.048069559216216,qwen_instruct
0.0,-1.0444951526381785,qwen_instruct
0.0,-0.7932969289740235,qwen_instruct
0.0,-1.3079585901389064,qwen_instruct
0.0,-1.5758082758010459,qwen_instruct
0.0,-1.6007636641177747,qwen_instruct
-0.0,-1.1923952810968281,qwen_instruct
-0.0,-0.8038406728281008,qwen_instruct
-0.0,-0.8744116337618428,qwen_instruct
-0.0,-0.4796646176962967,qwen_instruct
-0.0,-1.2046046991515729,qwen_instruct
-0.0,-1.6005914583923135,qwen_instruct
-0.0,-1.4743554417690918,qwen_instruct
-0.0,-1.1923952810968281,qwen_instruct
-0.0,-0.8038406728281008,qwen_instruct
-0.0,-0.8744116337618428,qwen_instruct
-0.0,-0.4796646176962967,qwen_instruct
-0.0,-1.2046046991515729,qwen_instruct
-0.0,-1.6005914583923135,qwen_instruct
-0.0,-1.4743554417690918,qwen_instruct
-0.0,-1.1923952810968281,qwen_instruct
-0.0,-0.8038406728281008,qwen_instruct
-0.0,-0.8744116337618428,qwen_instruct
-0.0,-0.4796646176962967,qwen_instruct
-0.0,-1.2046046991515729,qwen_instruct
-0.0,-1.6005914583923135,qwen_instruct
-0.0,-1.4743554417690918,qwen_instruct
-0.0,-1.1923952810968281,qwen_instruct
-0.0,-0.8038406728281008,qwen_instruct
-0.0,-0.8744116337618428,qwen_instruct
-0.0,-0.4796646176962967,qwen_instruct
-0.0,-1.2046046991515729,qwen_instruct
-0.0,-1.6005914583923135,qwen_instruct
-0.0,-1.4743554417690918,qwen_instruct
-0.0,-1.0614311106614385,qwen_instruct
-0.0,-0.7772150522697031,qwen_instruct
-0.0,-0.7252740239649679,qwen_instruct
-0.0,-0.34241683246333204,qwen_instruct
-0.0,-1.0597659330389366,qwen_instruct
-0.0,-1.3607500443781761,qwen_instruct
-0.0,-1.2830494320804506,qwen_instruct
-0.0,-1.0614311106614385,qwen_instruct
-0.0,-0.7772150522697031,qwen_instruct
-0.0,-0.7252740239649679,qwen_instruct
-0.0,-0.34241683246333204,qwen_instruct
-0.0,-1.0597659330389366,qwen_instruct
-0.0,-1.2830494320804506,qwen_instruct
-0.0,-1.0614311106614385,qwen_instruct
-0.0,-0.7772150522697031,qwen_instruct
-0.0,-0.7252740239649679,qwen_instruct
-0.0,-0.34241683246333204,qwen_instruct
-0.0,-1.0597659330389366,qwen_instruct
-0.0,-1.3607500443781761,qwen_instruct
-0.0,-1.2830494320804506,qwen_instruct
-0.0,-1.0614311106614385,qwen_instruct
-0.0,-0.7772150522697031,qwen_instruct
-0.0,-0.7252740239649679,qwen_instruct
-0.0,-0.34241683246333204,qwen_instruct
-0.0,-1.0597659330389366,qwen_instruct
-0.0,-1.3607500443781761,qwen_instruct
-0.0,-1.2830494320804506,qwen_instruct
-0.0,-1.1916168233795303,qwen_instruct
-0.0,-0.8553503830661802,qwen_instruct
-0.0,-0.8883049577027127,qwen_instruct
-0.0,-0.4830045132478551,qwen_instruct
-0.0,-1.2038262414342749,qwen_instruct
-0.0,-1.5951950257208893,qwen_instruct
-0.0,-1.473576984051794,qwen_instruct
-0.0,-1.1916168233795303,qwen_instruct
-0.0,-0.8553503830661802,qwen_instruct
-0.0,-0.8883049577027127,qwen_instruct
-0.0,-0.4830045132478551,qwen_instruct
-0.0,-1.2038262414342749,qwen_instruct
-0.0,-1.473576984051794,qwen_instruct
-0.0,-1.1916168233795303,qwen_instruct
-0.0,-0.8553503830661802,qwen_instruct
-0.0,-0.8883049577027127,qwen_instruct
-0.0,-0.4830045132478551,qwen_instruct
-0.0,-1.2038262414342749,qwen_instruct
-0.0,-1.5951950257208893,qwen_instruct
-0.0,-1.473576984051794,qwen_instruct
-0.0,-1.1916168233795303,qwen_instruct
-0.0,-0.8553503830661802,qwen_instruct
-0.0,-0.8883049577027127,qwen_instruct
-0.0,-0.4830045132478551,qwen_instruct
-0.0,-1.2038262414342749,qwen_instruct
-0.0,-1.5951950257208893,qwen_instruct
-0.0,-1.473576984051794,qwen_instruct
0.0,-1.2219083996582314,qwen_instruct
0.0,-0.872804696497284,qwen_instruct
0.0,-0.9408936607284435,qwen_instruct
0.0,-0.6920093162481955,qwen_instruct
0.0,-1.240543132202169,qwen_instruct
0.0,-1.5616608387888786,qwen_instruct
0.0,-1.5290684956732767,qwen_instruct
0.0,-1.2219083996582314,qwen_instruct
0.0,-0.872804696497284,qwen_instruct
0.0,-0.9408936607284435,qwen_instruct
0.0,-0.6920093162481955,qwen_instruct
0.0,-1.240543132202169,qwen_instruct
0.0,-1.5290684956732767,qwen_instruct
0.0,-1.2219083996582314,qwen_instruct
0.0,-0.872804696497284,qwen_instruct
0.0,-0.9408936607284435,qwen_instruct
0.0,-0.6920093162481955,qwen_instruct
0.0,-1.240543132202169,qwen_instruct
0.0,-1.5616608387888786,qwen_instruct
0.0,-1.5290684956732767,qwen_instruct
0.0,-1.2219083996582314,qwen_instruct
0.0,-0.872804696497284,qwen_instruct
0.0,-0.9408936607284435,qwen_instruct
0.0,-0.6920093162481955,qwen_instruct
0.0,-1.240543132202169,qwen_instruct
0.0,-1.5616608387888786,qwen_instruct
0.0,-1.5290684956732767,qwen_instruct
-0.0,-1.0940603368892552,qwen_instruct
-0.0,-0.8480882978736883,qwen_instruct
-0.0,-0.7950840640986793,qwen_instruct
-0.0,-0.3989769253563767,qwen_instruct
-0.0,-1.1079773287963768,qwen_instruct
-0.0,-1.39352630521104,qwen_instruct
-0.0,-1.4007824027752473,qwen_instruct
-0.0,-1.0940603368892552,qwen_instruct
-0.0,-0.8480882978736883,qwen_instruct
-0.0,-0.7950840640986793,qwen_instruct
-0.0,-0.3989769253563767,qwen_instruct
-0.0,-1.1079773287963768,qwen_instruct
-0.0,-1.4007824027752473,qwen_instruct
-0.0,-1.0940603368892552,qwen_instruct
-0.0,-0.8480882978736883,qwen_instruct
-0.0,-0.7950840640986793,qwen_instruct
-0.0,-0.3989769253563767,qwen_instruct
-0.0,-1.1079773287963768,qwen_instruct
-0.0,-1.39352630521104,qwen_instruct
-0.0,-1.4007824027752473,qwen_instruct
-0.0,-1.0940603368892552,qwen_instruct
-0.0,-0.8480882978736883,qwen_instruct
-0.0,-0.7950840640986793,qwen_instruct
-0.0,-0.3989769253563767,qwen_instruct
-0.0,-1.1079773287963768,qwen_instruct
-0.0,-1.39352630521104,qwen_instruct
-0.0,-1.4007824027752473,qwen_instruct
0.0,-1.1677727173821721,qwen_instruct
0.0,-0.9192900892796336,qwen_instruct
0.0,-0.8579608653629667,qwen_instruct
0.0,-0.6402986873024422,qwen_instruct
0.0,-1.1664713931984598,qwen_instruct
0.0,-1.4573777111959678,qwen_instruct
0.0,-1.379926866959464,qwen_instruct
0.0,-1.1677727173821721,qwen_instruct
0.0,-0.9192900892796336,qwen_instruct
0.0,-0.8579608653629667,qwen_instruct
0.0,-0.6402986873024422,qwen_instruct
0.0,-1.1664713931984598,qwen_instruct
0.0,-1.4573777111959678,qwen_instruct
0.0,-1.379926866959464,qwen_instruct
0.0,-1.1677727173821721,qwen_instruct
0.0,-0.9192900892796336,qwen_instruct
0.0,-0.8579608653629667,qwen_instruct
0.0,-0.6402986873024422,qwen_instruct
0.0,-1.1664713931984598,qwen_instruct
0.0,-1.4573777111959678,qwen_instruct
0.0,-1.379926866959464,qwen_instruct
0.0,-1.1677727173821721,qwen_instruct
0.0,-0.9192900892796336,qwen_instruct
0.0,-0.8579608653629667,qwen_instruct
0.0,-0.6402986873024422,qwen_instruct
0.0,-1.1664713931984598,qwen_instruct
0.0,-1.379926866959464,qwen_instruct
-0.0,-1.0096137543477193,qwen_instruct
-0.0,-0.7313817490953152,qwen_instruct
-0.0,-0.6734566676512477,qwen_instruct
-0.0,-0.28305929673575636,qwen_instruct
-0.0,-1.0079485767252179,qwen_instruct
-0.0,-1.2749201568884079,qwen_instruct
-0.0,-1.2312320757667319,qwen_instruct
-0.0,-1.0096137543477193,qwen_instruct
-0.0,-0.7313817490953152,qwen_instruct
-0.0,-0.6734566676512477,qwen_instruct
-0.0,-0.28305929673575636,qwen_instruct
-0.0,-1.0079485767252179,qwen_instruct
-0.0,-1.2749201568884079,qwen_instruct
-0.0,-1.2312320757667319,qwen_instruct
-0.0,-1.0096137543477193,qwen_instruct
-0.0,-0.7313817490953152,qwen_instruct
-0.0,-0.6734566676512477,qwen_instruct
-0.0,-0.28305929673575636,qwen_instruct
-0.0,-1.0079485767252179,qwen_instruct
-0.0,-1.2749201568884079,qwen_instruct
-0.0,-1.2312320757667319,qwen_instruct
-0.0,-1.0096137543477193,qwen_instruct
-0.0,-0.7313817490953152,qwen_instruct
-0.0,-0.6734566676512477,qwen_instruct
-0.0,-0.28305929673575636,qwen_instruct
-0.0,-1.0079485767252179,qwen_instruct
-0.0,-1.2749201568884079,qwen_instruct
-0.0,-1.2312320757667319,qwen_instruct
0.0,-1.329929190952908,qwen_instruct
0.0,-1.0146110541303144,qwen_instruct
0.0,-1.0338295139682203,qwen_instruct
0.0,-0.7987506301092219,qwen_instruct
0.0,-1.335188943826257,qwen_instruct
0.0,-1.7288657562419585,qwen_instruct
0.0,-1.6035922075568143,qwen_instruct
0.0,-1.329929190952908,qwen_instruct
0.0,-1.0146110541303144,qwen_instruct
0.0,-1.0338295139682203,qwen_instruct
0.0,-0.7987506301092219,qwen_instruct
0.0,-1.335188943826257,qwen_instruct
0.0,-1.7288657562419585,qwen_instruct
0.0,-1.6035922075568143,qwen_instruct
0.0,-1.329929190952908,qwen_instruct
0.0,-1.0146110541303144,qwen_instruct
0.0,-1.0338295139682203,qwen_instruct
0.0,-0.7987506301092219,qwen_instruct
0.0,-1.335188943826257,qwen_instruct
0.0,-1.7288657562419585,qwen_instruct
0.0,-1.6035922075568143,qwen_instruct
0.0,-1.329929190952908,qwen_instruct
0.0,-1.0146110541303144,qwen_instruct
0.0,-1.0338295139682203,qwen_instruct
0.0,-0.7987506301092219,qwen_instruct
0.0,-1.335188943826257,qwen_instruct
0.0,-1.7288657562419585,qwen_instruct
0.0,-1.6035922075568143,qwen_instruct
0.0,-1.2430050092256635,qwen_instruct
0.0,-0.9322845969190359,qwen_instruct
0.0,-0.961990270295874,qwen_instruct
0.0,-0.7176506242967698,qwen_instruct
0.0,-1.2616397417696013,qwen_instruct
0.0,-1.5827574483563107,qwen_instruct
0.0,-1.550165105240709,qwen_instruct
0.0,-1.2430050092256635,qwen_instruct
0.0,-0.9322845969190359,qwen_instruct
0.0,-0.961990270295874,qwen_instruct
0.0,-0.7176506242967698,qwen_instruct
0.0,-1.2616397417696013,qwen_instruct
0.0,-1.5827574483563107,qwen_instruct
0.0,-1.550165105240709,qwen_instruct
0.0,-1.2430050092256635,qwen_instruct
0.0,-0.9322845969190359,qwen_instruct
0.0,-0.961990270295874,qwen_instruct
0.0,-0.7176506242967698,qwen_instruct
0.0,-1.2616397417696013,qwen_instruct
0.0,-1.5827574483563107,qwen_instruct
0.0,-1.550165105240709,qwen_instruct
0.0,-1.2430050092256635,qwen_instruct
0.0,-0.9322845969190359,qwen_instruct
0.0,-0.961990270295874,qwen_instruct
0.0,-0.7176506242967698,qwen_instruct
0.0,-1.2616397417696013,qwen_instruct
0.0,-1.5827574483563107,qwen_instruct
0.0,-1.550165105240709,qwen_instruct
-0.0,-1.191414408739092,qwen_instruct
-0.0,-0.8551479684257421,qwen_instruct
-0.0,-0.8935202511445127,qwen_instruct
-0.0,-0.4828020986074169,qwen_instruct
-0.0,-1.2036238267938366,qwen_instruct
-0.0,-1.5901809461410952,qwen_instruct
-0.0,-1.4733745694113558,qwen_instruct
-0.0,-1.191414408739092,qwen_instruct
-0.0,-0.8551479684257421,qwen_instruct
-0.0,-0.8935202511445127,qwen_instruct
-0.0,-0.4828020986074169,qwen_instruct
-0.0,-1.2036238267938366,qwen_instruct
-0.0,-1.4733745694113558,qwen_instruct
-0.0,-1.191414408739092,qwen_instruct
-0.0,-0.8551479684257421,qwen_instruct
-0.0,-0.8935202511445127,qwen_instruct
-0.0,-0.4828020986074169,qwen_instruct
-0.0,-1.2036238267938366,qwen_instruct
-0.0,-1.5901809461410952,qwen_instruct
-0.0,-1.4733745694113558,qwen_instruct
-0.0,-1.191414408739092,qwen_instruct
-0.0,-0.8551479684257421,qwen_instruct
-0.0,-0.8935202511445127,qwen_instruct
-0.0,-0.4828020986074169,qwen_instruct
-0.0,-1.2036238267938366,qwen_instruct
-0.0,-1.4733745694113558,qwen_instruct
0.0,-1.2992264417202577,qwen_instruct
0.0,-1.0532544027046906,qwen_instruct
0.0,-1.049679996126652,qwen_instruct
0.0,-0.798481772462497,qwen_instruct
0.0,-1.3131434336273797,qwen_instruct
0.0,-1.5809931192895192,qwen_instruct
0.0,-1.605948507606248,qwen_instruct
0.0,-1.2992264417202577,qwen_instruct
0.0,-1.0532544027046906,qwen_instruct
0.0,-1.049679996126652,qwen_instruct
0.0,-0.798481772462497,qwen_instruct
0.0,-1.3131434336273797,qwen_instruct
0.0,-1.5809931192895192,qwen_instruct
0.0,-1.605948507606248,qwen_instruct
0.0,-1.2992264417202577,qwen_instruct
0.0,-1.0532544027046906,qwen_instruct
0.0,-1.049679996126652,qwen_instruct
0.0,-0.798481772462497,qwen_instruct
0.0,-1.3131434336273797,qwen_instruct
0.0,-1.5809931192895192,qwen_instruct
0.0,-1.605948507606248,qwen_instruct
0.0,-1.2992264417202577,qwen_instruct
0.0,-1.0532544027046906,qwen_instruct
0.0,-1.049679996126652,qwen_instruct
0.0,-0.798481772462497,qwen_instruct
0.0,-1.3131434336273797,qwen_instruct
0.0,-1.5809931192895192,qwen_instruct
0.0,-1.605948507606248,qwen_instruct
0.0,-1.0549187983382666,qwen_instruct
0.0,-0.7850291721977094,qwen_instruct
0.0,-0.6871615652276211,qwen_instruct
0.0,-0.16131623682305812,qwen_instruct
0.0,-1.1273134475538835,qwen_instruct
0.0,-1.3654519489073476,qwen_instruct
0.0,-1.2912378969404774,qwen_instruct
0.0,-1.0549187983382666,qwen_instruct
0.0,-0.7850291721977094,qwen_instruct
0.0,-0.6871615652276211,qwen_instruct
0.0,-0.16131623682305812,qwen_instruct
0.0,-1.1273134475538835,qwen_instruct
0.0,-1.3654519489073476,qwen_instruct
0.0,-1.2912378969404774,qwen_instruct
0.0,-1.0549187983382666,qwen_instruct
0.0,-0.7850291721977094,qwen_instruct
0.0,-0.6871615652276211,qwen_instruct
0.0,-0.16131623682305812,qwen_instruct
0.0,-1.1273134475538835,qwen_instruct
0.0,-1.3654519489073476,qwen_instruct
0.0,-1.2912378969404774,qwen_instruct
0.0,-1.0549187983382666,qwen_instruct
0.0,-0.7850291721977094,qwen_instruct
0.0,-0.6871615652276211,qwen_instruct
0.0,-0.16131623682305812,qwen_instruct
0.0,-1.1273134475538835,qwen_instruct
0.0,-1.3654519489073476,qwen_instruct
0.0,-1.2912378969404774,qwen_instruct
0.0,-1.1493364798469616,qwen_instruct
0.0,-0.8000539814133307,qwen_instruct
0.0,-0.8683217409171722,qwen_instruct
0.0,-0.6239820949180682,qwen_instruct
0.0,-1.1679712123908994,qwen_instruct
0.0,-1.5585018736759426,qwen_instruct
0.0,-1.4595265613636346,qwen_instruct
0.0,-1.1493364798469616,qwen_instruct
0.0,-0.8000539814133307,qwen_instruct
0.0,-0.8683217409171722,qwen_instruct
0.0,-0.6239820949180682,qwen_instruct
0.0,-1.1679712123908994,qwen_instruct
0.0,-1.5585018736759426,qwen_instruct
0.0,-1.4595265613636346,qwen_instruct
0.0,-1.1493364798469616,qwen_instruct
0.0,-0.8000539814133307,qwen_instruct
0.0,-0.8683217409171722,qwen_instruct
0.0,-0.6239820949180682,qwen_instruct
0.0,-1.1679712123908994,qwen_instruct
0.0,-1.5585018736759426,qwen_instruct
0.0,-1.4595265613636346,qwen_instruct
0.0,-1.1493364798469616,qwen_instruct
0.0,-0.8000539814133307,qwen_instruct
0.0,-0.8683217409171722,qwen_instruct
0.0,-0.6239820949180682,qwen_instruct
0.0,-1.1679712123908994,qwen_instruct
0.0,-1.4595265613636346,qwen_instruct
0.0,-1.302713944373695,qwen_instruct
0.0,-1.0046127582145608,qwen_instruct
0.0,-0.9564892067348862,qwen_instruct
0.0,-0.7648425182637637,qwen_instruct
0.0,-1.3014126201899823,qwen_instruct
0.0,-1.5859309264010548,qwen_instruct
0.0,-1.5194421495690775,qwen_instruct
0.0,-1.302713944373695,qwen_instruct
0.0,-1.0046127582145608,qwen_instruct
0.0,-0.9564892067348862,qwen_instruct
0.0,-0.7648425182637637,qwen_instruct
0.0,-1.3014126201899823,qwen_instruct
0.0,-1.5859309264010548,qwen_instruct
0.0,-1.5194421495690775,qwen_instruct
0.0,-1.302713944373695,qwen_instruct
0.0,-1.0046127582145608,qwen_instruct
0.0,-0.9564892067348862,qwen_instruct
0.0,-0.7648425182637637,qwen_instruct
0.0,-1.3014126201899823,qwen_instruct
0.0,-1.5859309264010548,qwen_instruct
0.0,-1.5194421495690775,qwen_instruct
0.0,-1.302713944373695,qwen_instruct
0.0,-1.0046127582145608,qwen_instruct
0.0,-0.9564892067348862,qwen_instruct
0.0,-0.7648425182637637,qwen_instruct
0.0,-1.3014126201899823,qwen_instruct
0.0,-1.5859309264010548,qwen_instruct
0.0,-1.5194421495690775,qwen_instruct
0.0,-1.0798763253302268,qwen_instruct
0.0,-0.80998669918967,qwen_instruct
0.0,-0.7534083926793882,qwen_instruct
0.0,-0.35356985512147915,qwen_instruct
0.0,-1.1522709745458424,qwen_instruct
0.0,-1.404415317768997,qwen_instruct
0.0,-1.3161954239324372,qwen_instruct
0.0,-1.0798763253302268,qwen_instruct
0.0,-0.80998669918967,qwen_instruct
0.0,-0.7534083926793882,qwen_instruct
0.0,-0.35356985512147915,qwen_instruct
0.0,-1.1522709745458424,qwen_instruct
0.0,-1.404415317768997,qwen_instruct
0.0,-1.3161954239324372,qwen_instruct
0.0,-1.0798763253302268,qwen_instruct
0.0,-0.80998669918967,qwen_instruct
0.0,-0.7534083926793882,qwen_instruct
0.0,-0.35356985512147915,qwen_instruct
0.0,-1.1522709745458424,qwen_instruct
0.0,-1.3161954239324372,qwen_instruct
0.0,-1.0798763253302268,qwen_instruct
0.0,-0.80998669918967,qwen_instruct
0.0,-0.7534083926793882,qwen_instruct
0.0,-0.35356985512147915,qwen_instruct
0.0,-1.1522709745458424,qwen_instruct
0.0,-1.3161954239324372,qwen_instruct
0.0,-1.1947849945645088,qwen_instruct
0.0,-0.8062303862957818,qwen_instruct
0.0,-0.8822190553117619,qwen_instruct
0.0,-0.48205433116397745,qwen_instruct
0.0,-1.2069944126192536,qwen_instruct
0.0,-1.5981695069206383,qwen_instruct
0.0,-1.4767451552367725,qwen_instruct
0.0,-1.1947849945645088,qwen_instruct
0.0,-0.8062303862957818,qwen_instruct
0.0,-0.8822190553117619,qwen_instruct
0.0,-0.48205433116397745,qwen_instruct
0.0,-1.2069944126192536,qwen_instruct
0.0,-1.5981695069206383,qwen_instruct
0.0,-1.4767451552367725,qwen_instruct
0.0,-1.1947849945645088,qwen_instruct
0.0,-0.8062303862957818,qwen_instruct
0.0,-0.8822190553117619,qwen_instruct
0.0,-0.48205433116397745,qwen_instruct
0.0,-1.2069944126192536,qwen_instruct
0.0,-1.5981695069206383,qwen_instruct
0.0,-1.4767451552367725,qwen_instruct
0.0,-1.1947849945645088,qwen_instruct
0.0,-0.8062303862957818,qwen_instruct
0.0,-0.8822190553117619,qwen_instruct
0.0,-0.48205433116397745,qwen_instruct
0.0,-1.2069944126192536,qwen_instruct
0.0,-1.5981695069206383,qwen_instruct
0.0,-1.4767451552367725,qwen_instruct
0.0,-1.0356627621341092,qwen_instruct
0.0,-0.7534652898317923,qwen_instruct
0.0,-0.6995056754376378,qwen_instruct
0.0,-0.3922029037753439,qwen_instruct
0.0,-1.0339975845116072,qwen_instruct
0.0,-1.3477202823845034,qwen_instruct
0.0,-1.2572810835531225,qwen_instruct
0.0,-1.0356627621341092,qwen_instruct
0.0,-0.7534652898317923,qwen_instruct
0.0,-0.6995056754376378,qwen_instruct
0.0,-0.3922029037753439,qwen_instruct
0.0,-1.0339975845116072,qwen_instruct
0.0,-1.2572810835531225,qwen_instruct
0.0,-1.0356627621341092,qwen_instruct
0.0,-0.7534652898317923,qwen_instruct
0.0,-0.6995056754376378,qwen_instruct
0.0,-0.3922029037753439,qwen_instruct
0.0,-1.0339975845116072,qwen_instruct
0.0,-1.3477202823845034,qwen_instruct
0.0,-1.2572810835531225,qwen_instruct
0.0,-1.0356627621341092,qwen_instruct
0.0,-0.7534652898317923,qwen_instruct
0.0,-0.6995056754376378,qwen_instruct
0.0,-0.3922029037753439,qwen_instruct
0.0,-1.0339975845116072,qwen_instruct
0.0,-1.3477202823845034,qwen_instruct
0.0,-1.2572810835531225,qwen_instruct
-0.0,-1.3144180071604543,qwen_instruct
-0.0,-1.0106094390599496,qwen_instruct
-0.0,-1.0480201828680855,qwen_instruct
-0.0,-0.7908588659144901,qwen_instruct
-0.0,-1.3282809284855797,qwen_instruct
-0.0,-1.680182285552343,qwen_instruct
-0.0,-1.5880810237643601,qwen_instruct
-0.0,-1.3144180071604543,qwen_instruct
-0.0,-1.0106094390599496,qwen_instruct
-0.0,-1.0480201828680855,qwen_instruct
-0.0,-0.7908588659144901,qwen_instruct
-0.0,-1.3282809284855797,qwen_instruct
-0.0,-1.680182285552343,qwen_instruct
-0.0,-1.5880810237643601,qwen_instruct
-0.0,-1.3144180071604543,qwen_instruct
-0.0,-1.0106094390599496,qwen_instruct
-0.0,-1.0480201828680855,qwen_instruct
-0.0,-0.7908588659144901,qwen_instruct
-0.0,-1.3282809284855797,qwen_instruct
-0.0,-1.5880810237643601,qwen_instruct
-0.0,-1.3144180071604543,qwen_instruct
-0.0,-1.0106094390599496,qwen_instruct
-0.0,-1.0480201828680855,qwen_instruct
-0.0,-0.7908588659144901,qwen_instruct
-0.0,-1.3282809284855797,qwen_instruct
-0.0,-1.680182285552343,qwen_instruct
-0.0,-1.5880810237643601,qwen_instruct
0.0,-1.4103489964858742,qwen_instruct
0.0,-1.069303876606375,qwen_instruct
0.0,-1.108334223809492,qwen_instruct
0.0,-0.9117046605481476,qwen_instruct
0.0,-1.424211917811,qwen_instruct
0.0,-1.7830100656484305,qwen_instruct
0.0,-1.6916486644057271,qwen_instruct
0.0,-1.4103489964858742,qwen_instruct
0.0,-1.069303876606375,qwen_instruct
0.0,-1.108334223809492,qwen_instruct
0.0,-0.9117046605481476,qwen_instruct
0.0,-1.424211917811,qwen_instruct
0.0,-1.7830100656484305,qwen_instruct
0.0,-1.6916486644057271,qwen_instruct
0.0,-1.4103489964858742,qwen_instruct
0.0,-1.069303876606375,qwen_instruct
0.0,-1.108334223809492,qwen_instruct
0.0,-0.9117046605481476,qwen_instruct
0.0,-1.424211917811,qwen_instruct
0.0,-1.6916486644057271,qwen_instruct
0.0,-1.4103489964858742,qwen_instruct
0.0,-1.069303876606375,qwen_instruct
0.0,-1.108334223809492,qwen_instruct
0.0,-0.9117046605481476,qwen_instruct
0.0,-1.424211917811,qwen_instruct
0.0,-1.7830100656484305,qwen_instruct
0.0,-1.6916486644057271,qwen_instruct
-0.0,-1.2454451512827327,qwen_instruct
-0.0,-0.9994731122671646,qwen_instruct
-0.0,-0.9820067656213384,qwen_instruct
-0.0,-0.666138952414142,qwen_instruct
-0.0,-1.2593621431898545,qwen_instruct
-0.0,-1.5366802420959018,qwen_instruct
-0.0,-1.5517863690207805,qwen_instruct
-0.0,-1.2454451512827327,qwen_instruct
-0.0,-0.9994731122671646,qwen_instruct
-0.0,-0.9820067656213384,qwen_instruct
-0.0,-0.666138952414142,qwen_instruct
-0.0,-1.2593621431898545,qwen_instruct
-0.0,-1.5517863690207805,qwen_instruct
-0.0,-1.2454451512827327,qwen_instruct
-0.0,-0.9994731122671646,qwen_instruct
-0.0,-0.9820067656213384,qwen_instruct
-0.0,-0.666138952414142,qwen_instruct
-0.0,-1.2593621431898545,qwen_instruct
-0.0,-1.5517863690207805,qwen_instruct
-0.0,-1.2454451512827327,qwen_instruct
-0.0,-0.9994731122671646,qwen_instruct
-0.0,-0.9820067656213384,qwen_instruct
-0.0,-0.666138952414142,qwen_instruct
-0.0,-1.2593621431898545,qwen_instruct
-0.0,-1.5517863690207805,qwen_instruct
-0.0,-1.189794402669895,qwen_instruct
-0.0,-0.8563145200860064,qwen_instruct
-0.0,-0.8972204725862374,qwen_instruct
-0.0,-0.6302498282336971,qwen_instruct
-0.0,-1.2069307874114426,qwen_instruct
-0.0,-1.6194557427591496,qwen_instruct
-0.0,-1.500936857239082,qwen_instruct
-0.0,-1.189794402669895,qwen_instruct
-0.0,-0.8563145200860064,qwen_instruct
-0.0,-0.8972204725862374,qwen_instruct
-0.0,-0.6302498282336971,qwen_instruct
-0.0,-1.2069307874114426,qwen_instruct
-0.0,-1.6194557427591496,qwen_instruct
-0.0,-1.500936857239082,qwen_instruct
-0.0,-1.189794402669895,qwen_instruct
-0.0,-0.8563145200860064,qwen_instruct
-0.0,-0.8972204725862374,qwen_instruct
-0.0,-0.6302498282336971,qwen_instruct
-0.0,-1.2069307874114426,qwen_instruct
-0.0,-1.500936857239082,qwen_instruct
-0.0,-1.189794402669895,qwen_instruct
-0.0,-0.8563145200860064,qwen_instruct
-0.0,-0.8972204725862374,qwen_instruct
-0.0,-0.6302498282336971,qwen_instruct
-0.0,-1.2069307874114426,qwen_instruct
-0.0,-1.6194557427591496,qwen_instruct
-0.0,-1.500936857239082,qwen_instruct
0.0,-1.207604426988961,qwen_instruct
0.0,-0.8345376123535283,qwen_instruct
0.0,-0.8988480654937374,qwen_instruct
0.0,-0.5279241684969008,qwen_instruct
0.0,-1.2247408117305076,qwen_instruct
0.0,-1.6617664250536284,qwen_instruct
0.0,-1.5440556471736042,qwen_instruct
0.0,-1.207604426988961,qwen_instruct
0.0,-0.8345376123535283,qwen_instruct
0.0,-0.8988480654937374,qwen_instruct
0.0,-0.5279241684969008,qwen_instruct
0.0,-1.2247408117305076,qwen_instruct
0.0,-1.6617664250536284,qwen_instruct
0.0,-1.5440556471736042,qwen_instruct
0.0,-1.207604426988961,qwen_instruct
0.0,-0.8345376123535283,qwen_instruct
0.0,-0.8988480654937374,qwen_instruct
0.0,-0.5279241684969008,qwen_instruct
0.0,-1.2247408117305076,qwen_instruct
0.0,-1.6617664250536284,qwen_instruct
0.0,-1.5440556471736042,qwen_instruct
0.0,-1.207604426988961,qwen_instruct
0.0,-0.8345376123535283,qwen_instruct
0.0,-0.8988480654937374,qwen_instruct
0.0,-0.5279241684969008,qwen_instruct
0.0,-1.2247408117305076,qwen_instruct
0.0,-1.6617664250536284,qwen_instruct
0.0,-1.5440556471736042,qwen_instruct
0.0,-1.1147616530129003,qwen_instruct
0.0,-0.8687896139973358,qwen_instruct
0.0,-0.7204712625414531,qwen_instruct
0.0,-0.36042483019902655,qwen_instruct
0.0,-1.1286786449200217,qwen_instruct
0.0,-1.43839915415732,qwen_instruct
0.0,-1.4214837188988918,qwen_instruct
0.0,-1.1147616530129003,qwen_instruct
0.0,-0.8687896139973358,qwen_instruct
0.0,-0.7204712625414531,qwen_instruct
0.0,-0.36042483019902655,qwen_instruct
0.0,-1.1286786449200217,qwen_instruct
0.0,-1.43839915415732,qwen_instruct
0.0,-1.4214837188988918,qwen_instruct
0.0,-1.1147616530129003,qwen_instruct
0.0,-0.8687896139973358,qwen_instruct
0.0,-0.7204712625414531,qwen_instruct
0.0,-0.36042483019902655,qwen_instruct
0.0,-1.1286786449200217,qwen_instruct
0.0,-1.43839915415732,qwen_instruct
0.0,-1.4214837188988918,qwen_instruct
0.0,-1.1147616530129003,qwen_instruct
0.0,-0.8687896139973358,qwen_instruct
0.0,-0.7204712625414531,qwen_instruct
0.0,-0.36042483019902655,qwen_instruct
0.0,-1.1286786449200217,qwen_instruct
0.0,-1.43839915415732,qwen_instruct
0.0,-1.4214837188988918,qwen_instruct
0.0,-1.0670057892280975,qwen_instruct
0.0,-0.6939389745926647,qwen_instruct
0.0,-0.774431859144439,qwen_instruct
0.0,-0.35106220504406516,qwen_instruct
0.0,-1.0841421739696446,qwen_instruct
0.0,-1.5079004840113337,qwen_instruct
0.0,-1.3876505314313698,qwen_instruct
0.0,-1.0670057892280975,qwen_instruct
0.0,-0.6939389745926647,qwen_instruct
0.0,-0.774431859144439,qwen_instruct
0.0,-0.35106220504406516,qwen_instruct
0.0,-1.0841421739696446,qwen_instruct
0.0,-1.5079004840113337,qwen_instruct
0.0,-1.3876505314313698,qwen_instruct
0.0,-1.0670057892280975,qwen_instruct
0.0,-0.6939389745926647,qwen_instruct
0.0,-0.774431859144439,qwen_instruct
0.0,-0.35106220504406516,qwen_instruct
0.0,-1.0841421739696446,qwen_instruct
0.0,-1.3876505314313698,qwen_instruct
0.0,-1.0670057892280975,qwen_instruct
0.0,-0.6939389745926647,qwen_instruct
0.0,-0.774431859144439,qwen_instruct
0.0,-0.35106220504406516,qwen_instruct
0.0,-1.0841421739696446,qwen_instruct
0.0,-1.3876505314313698,qwen_instruct
0.0,-1.302713944373695,qwen_instruct
0.0,-1.0046127582145608,qwen_instruct
0.0,-0.9564892067348862,qwen_instruct
0.0,-0.7648425182637637,qwen_instruct
0.0,-1.3014126201899823,qwen_instruct
0.0,-1.5859309264010548,qwen_instruct
0.0,-1.5194421495690775,qwen_instruct
0.0,-1.302713944373695,qwen_instruct
0.0,-1.0046127582145608,qwen_instruct
0.0,-0.9564892067348862,qwen_instruct
0.0,-0.7648425182637637,qwen_instruct
0.0,-1.3014126201899823,qwen_instruct
0.0,-1.5194421495690775,qwen_instruct
0.0,-1.302713944373695,qwen_instruct
0.0,-1.0046127582145608,qwen_instruct
0.0,-0.9564892067348862,qwen_instruct
0.0,-0.7648425182637637,qwen_instruct
0.0,-1.3014126201899823,qwen_instruct
0.0,-1.5194421495690775,qwen_instruct
0.0,-1.302713944373695,qwen_instruct
0.0,-1.0046127582145608,qwen_instruct
0.0,-0.9564892067348862,qwen_instruct
0.0,-0.7648425182637637,qwen_instruct
0.0,-1.3014126201899823,qwen_instruct
0.0,-1.5194421495690775,qwen_instruct
0.0,-1.3303549659795588,qwen_instruct
0.0,-0.96352946501701,qwen_instruct
0.0,-0.998638340610857,qwen_instruct
0.0,-0.6553703555562652,qwen_instruct
0.0,-1.3442178873046853,qwen_instruct
0.0,-1.7226920371462726,qwen_instruct
0.0,-1.604017982583466,qwen_instruct
0.0,-1.3303549659795588,qwen_instruct
0.0,-0.96352946501701,qwen_instruct
0.0,-0.998638340610857,qwen_instruct
0.0,-0.6553703555562652,qwen_instruct
0.0,-1.3442178873046853,qwen_instruct
0.0,-1.604017982583466,qwen_instruct
0.0,-1.3303549659795588,qwen_instruct
0.0,-0.96352946501701,qwen_instruct
0.0,-0.998638340610857,qwen_instruct
0.0,-0.6553703555562652,qwen_instruct
0.0,-1.3442178873046853,qwen_instruct
0.0,-1.604017982583466,qwen_instruct
0.0,-1.3303549659795588,qwen_instruct
0.0,-0.96352946501701,qwen_instruct
0.0,-0.998638340610857,qwen_instruct
0.0,-0.6553703555562652,qwen_instruct
0.0,-1.3442178873046853,qwen_instruct
0.0,-1.7226920371462726,qwen_instruct
0.0,-1.604017982583466,qwen_instruct
0.0,-1.0338306050770738,qwen_instruct
0.0,-0.7639409789365175,qwen_instruct
0.0,-0.666073371966429,qwen_instruct
0.0,-0.19046665322007236,qwen_instruct
0.0,-1.1062252542926916,qwen_instruct
0.0,-1.3747354500394595,qwen_instruct
0.0,-1.2701497036792853,qwen_instruct
0.0,-1.0338306050770738,qwen_instruct
0.0,-0.7639409789365175,qwen_instruct
0.0,-0.666073371966429,qwen_instruct
0.0,-0.19046665322007236,qwen_instruct
0.0,-1.1062252542926916,qwen_instruct
0.0,-1.3747354500394595,qwen_instruct
0.0,-1.2701497036792853,qwen_instruct
0.0,-1.0338306050770738,qwen_instruct
0.0,-0.7639409789365175,qwen_instruct
0.0,-0.666073371966429,qwen_instruct
0.0,-0.19046665322007236,qwen_instruct
0.0,-1.1062252542926916,qwen_instruct
0.0,-1.2701497036792853,qwen_instruct
0.0,-1.0338306050770738,qwen_instruct
0.0,-0.7639409789365175,qwen_instruct
0.0,-0.666073371966429,qwen_instruct
0.0,-0.19046665322007236,qwen_instruct
0.0,-1.1062252542926916,qwen_instruct
0.0,-1.3747354500394595,qwen_instruct
0.0,-1.2701497036792853,qwen_instruct
0.0,-1.1677859010107867,qwen_instruct
0.0,-0.9101960394775319,qwen_instruct
0.0,-0.8622901878637389,qwen_instruct
0.0,-0.5146138069676678,qwen_instruct
0.0,-1.240180550226403,qwen_instruct
0.0,-1.4353066906729566,qwen_instruct
0.0,-1.4041049996130006,qwen_instruct
0.0,-1.1677859010107867,qwen_instruct
0.0,-0.9101960394775319,qwen_instruct
0.0,-0.8622901878637389,qwen_instruct
0.0,-0.5146138069676678,qwen_instruct
0.0,-1.240180550226403,qwen_instruct
0.0,-1.4353066906729566,qwen_instruct
0.0,-1.4041049996130006,qwen_instruct
0.0,-1.1677859010107867,qwen_instruct
0.0,-0.9101960394775319,qwen_instruct
0.0,-0.8622901878637389,qwen_instruct
0.0,-0.5146138069676678,qwen_instruct
0.0,-1.240180550226403,qwen_instruct
0.0,-1.4041049996130006,qwen_instruct
0.0,-1.1677859010107867,qwen_instruct
0.0,-0.9101960394775319,qwen_instruct
0.0,-0.8622901878637389,qwen_instruct
0.0,-0.5146138069676678,qwen_instruct
0.0,-1.240180550226403,qwen_instruct
0.0,-1.4041049996130006,qwen_instruct
0.0,-1.0743626461546387,qwen_instruct
0.0,-0.8138918933553257,qwen_instruct
0.0,-0.775386373364062,qwen_instruct
0.0,-0.36771321858738676,qwen_instruct
0.0,-1.0882796380617608,qwen_instruct
0.0,-1.2925648956205382,qwen_instruct
0.0,-1.3810847120406318,qwen_instruct
0.0,-1.0743626461546387,qwen_instruct
0.0,-0.8138918933553257,qwen_instruct
0.0,-0.775386373364062,qwen_instruct
0.0,-0.36771321858738676,qwen_instruct
0.0,-1.0882796380617608,qwen_instruct
0.0,-1.2925648956205382,qwen_instruct
0.0,-1.3810847120406318,qwen_instruct
0.0,-1.0743626461546387,qwen_instruct
0.0,-0.8138918933553257,qwen_instruct
0.0,-0.775386373364062,qwen_instruct
0.0,-0.36771321858738676,qwen_instruct
0.0,-1.0882796380617608,qwen_instruct
0.0,-1.3810847120406318,qwen_instruct
0.0,-1.0743626461546387,qwen_instruct
0.0,-0.8138918933553257,qwen_instruct
0.0,-0.775386373364062,qwen_instruct
0.0,-0.36771321858738676,qwen_instruct
0.0,-1.0882796380617608,qwen_instruct
0.0,-1.2925648956205382,qwen_instruct
0.0,-1.3810847120406318,qwen_instruct
-0.0,-1.248719375940933,qwen_instruct
-0.0,-0.9379989636343057,qwen_instruct
-0.0,-0.9677046370111438,qwen_instruct
-0.0,-0.7188202925308954,qwen_instruct
-0.0,-1.2673541084848705,qwen_instruct
-0.0,-1.5884718150715804,qwen_instruct
-0.0,-1.5558794719559783,qwen_instruct
-0.0,-1.248719375940933,qwen_instruct
-0.0,-0.9379989636343057,qwen_instruct
-0.0,-0.9677046370111438,qwen_instruct
-0.0,-0.7188202925308954,qwen_instruct
-0.0,-1.2673541084848705,qwen_instruct
-0.0,-1.5884718150715804,qwen_instruct
-0.0,-1.5558794719559783,qwen_instruct
-0.0,-1.248719375940933,qwen_instruct
-0.0,-0.9379989636343057,qwen_instruct
-0.0,-0.9677046370111438,qwen_instruct
-0.0,-0.7188202925308954,qwen_instruct
-0.0,-1.2673541084848705,qwen_instruct
-0.0,-1.5558794719559783,qwen_instruct
-0.0,-1.248719375940933,qwen_instruct
-0.0,-0.9379989636343057,qwen_instruct
-0.0,-0.9677046370111438,qwen_instruct
-0.0,-0.7188202925308954,qwen_instruct
-0.0,-1.2673541084848705,qwen_instruct
-0.0,-1.5558794719559783,qwen_instruct
0.0,-1.3116688652852018,qwen_instruct
0.0,-0.9448433643226519,qwen_instruct
0.0,-0.9794525797490694,qwen_instruct
0.0,-0.6312525619649252,qwen_instruct
0.0,-1.32500393958082,qwen_instruct
0.0,-1.7057276380013444,qwen_instruct
0.0,-1.593629025957465,qwen_instruct
0.0,-1.3116688652852018,qwen_instruct
0.0,-0.9448433643226519,qwen_instruct
0.0,-0.9794525797490694,qwen_instruct
0.0,-0.6312525619649252,qwen_instruct
0.0,-1.32500393958082,qwen_instruct
0.0,-1.593629025957465,qwen_instruct
0.0,-1.3116688652852018,qwen_instruct
0.0,-0.9448433643226519,qwen_instruct
0.0,-0.9794525797490694,qwen_instruct
0.0,-0.6312525619649252,qwen_instruct
0.0,-1.32500393958082,qwen_instruct
0.0,-1.593629025957465,qwen_instruct
0.0,-1.3116688652852018,qwen_instruct
0.0,-0.9448433643226519,qwen_instruct
0.0,-0.9794525797490694,qwen_instruct
0.0,-0.6312525619649252,qwen_instruct
0.0,-1.32500393958082,qwen_instruct
0.0,-1.7057276380013444,qwen_instruct
0.0,-1.593629025957465,qwen_instruct
-0.0,-1.1677727173821721,qwen_instruct
-0.0,-0.9192900892796336,qwen_instruct
-0.0,-0.8579608653629667,qwen_instruct
-0.0,-0.6402986873024422,qwen_instruct
-0.0,-1.1664713931984598,qwen_instruct
-0.0,-1.4573777111959678,qwen_instruct
-0.0,-1.379926866959464,qwen_instruct
-0.0,-1.1677727173821721,qwen_instruct
-0.0,-0.9192900892796336,qwen_instruct
-0.0,-0.8579608653629667,qwen_instruct
-0.0,-0.6402986873024422,qwen_instruct
-0.0,-1.1664713931984598,qwen_instruct
-0.0,-1.4573777111959678,qwen_instruct
-0.0,-1.379926866959464,qwen_instruct
-0.0,-1.1677727173821721,qwen_instruct
-0.0,-0.9192900892796336,qwen_instruct
-0.0,-0.8579608653629667,qwen_instruct
-0.0,-0.6402986873024422,qwen_instruct
-0.0,-1.1664713931984598,qwen_instruct
-0.0,-1.379926866959464,qwen_instruct
-0.0,-1.1677727173821721,qwen_instruct
-0.0,-0.9192900892796336,qwen_instruct
-0.0,-0.8579608653629667,qwen_instruct
-0.0,-0.6402986873024422,qwen_instruct
-0.0,-1.1664713931984598,qwen_instruct
-0.0,-1.4573777111959678,qwen_instruct
-0.0,-1.379926866959464,qwen_instruct
-0.0,-1.204567597257202,qwen_instruct
-0.0,-0.9479134651993596,qwen_instruct
-0.0,-0.9078399760652583,qwen_instruct
-0.0,-0.6108468946888982,qwen_instruct
-0.0,-1.2776731728528854,qwen_instruct
-0.0,-1.4965803348240592,qwen_instruct
-0.0,-1.440886695859415,qwen_instruct
-0.0,-1.204567597257202,qwen_instruct
-0.0,-0.9479134651993596,qwen_instruct
-0.0,-0.9078399760652583,qwen_instruct
-0.0,-0.6108468946888982,qwen_instruct
-0.0,-1.2776731728528854,qwen_instruct
-0.0,-1.4965803348240592,qwen_instruct
-0.0,-1.440886695859415,qwen_instruct
-0.0,-1.204567597257202,qwen_instruct
-0.0,-0.9479134651993596,qwen_instruct
-0.0,-0.9078399760652583,qwen_instruct
-0.0,-0.6108468946888982,qwen_instruct
-0.0,-1.2776731728528854,qwen_instruct
-0.0,-1.440886695859415,qwen_instruct
-0.0,-1.204567597257202,qwen_instruct
-0.0,-0.9479134651993596,qwen_instruct
-0.0,-0.9078399760652583,qwen_instruct
-0.0,-0.6108468946888982,qwen_instruct
-0.0,-1.2776731728528854,qwen_instruct
-0.0,-1.440886695859415,qwen_instruct
0.0,-1.034868404272303,qwen_instruct
0.0,-0.7649787781317466,qwen_instruct
0.0,-0.6671111711616582,qwen_instruct
0.0,-0.19150445241530153,qwen_instruct
0.0,-1.1072630534879206,qwen_instruct
0.0,-1.3907156961227662,qwen_instruct
0.0,-1.2711875028745143,qwen_instruct
0.0,-1.034868404272303,qwen_instruct
0.0,-0.7649787781317466,qwen_instruct
0.0,-0.6671111711616582,qwen_instruct
0.0,-0.19150445241530153,qwen_instruct
0.0,-1.1072630534879206,qwen_instruct
0.0,-1.3907156961227662,qwen_instruct
0.0,-1.2711875028745143,qwen_instruct
0.0,-1.034868404272303,qwen_instruct
0.0,-0.7649787781317466,qwen_instruct
0.0,-0.6671111711616582,qwen_instruct
0.0,-0.19150445241530153,qwen_instruct
0.0,-1.1072630534879206,qwen_instruct
0.0,-1.3907156961227662,qwen_instruct
0.0,-1.2711875028745143,qwen_instruct
0.0,-1.034868404272303,qwen_instruct
0.0,-0.7649787781317466,qwen_instruct
0.0,-0.6671111711616582,qwen_instruct
0.0,-0.19150445241530153,qwen_instruct
0.0,-1.1072630534879206,qwen_instruct
0.0,-1.3907156961227662,qwen_instruct
0.0,-1.2711875028745143,qwen_instruct
0.0,-1.1217574155396024,qwen_instruct
0.0,-0.8757853765240383,qwen_instruct
0.0,-0.7274670250681557,qwen_instruct
0.0,-0.4616833530664978,qwen_instruct
0.0,-1.1356744074467238,qwen_instruct
0.0,-1.4453949166840223,qwen_instruct
0.0,-1.428479481425594,qwen_instruct
0.0,-1.1217574155396024,qwen_instruct
0.0,-0.8757853765240383,qwen_instruct
0.0,-0.7274670250681557,qwen_instruct
0.0,-0.4616833530664978,qwen_instruct
0.0,-1.1356744074467238,qwen_instruct
0.0,-1.428479481425594,qwen_instruct
0.0,-1.1217574155396024,qwen_instruct
0.0,-0.8757853765240383,qwen_instruct
0.0,-0.7274670250681557,qwen_instruct
0.0,-0.4616833530664978,qwen_instruct
0.0,-1.1356744074467238,qwen_instruct
0.0,-1.428479481425594,qwen_instruct
0.0,-1.1217574155396024,qwen_instruct
0.0,-0.8757853765240383,qwen_instruct
0.0,-0.7274670250681557,qwen_instruct
0.0,-0.4616833530664978,qwen_instruct
0.0,-1.1356744074467238,qwen_instruct
0.0,-1.428479481425594,qwen_instruct
2.0,1.1132988983911518,qwen_instruct
2.0,0.8329718310231307,qwen_instruct
2.0,0.7763138467391119,qwen_instruct
2.0,0.43980979287287664,qwen_instruct
2.0,1.1539282123817813,qwen_instruct
2.0,1.4500177902171596,qwen_instruct
2.0,1.5036686121564626,qwen_instruct
2.0,1.1132988983911518,qwen_instruct
2.0,0.8329718310231307,qwen_instruct
2.0,0.7763138467391119,qwen_instruct
2.0,0.43980979287287664,qwen_instruct
2.0,1.1539282123817813,qwen_instruct
2.0,1.4500177902171596,qwen_instruct
2.0,1.5036686121564626,qwen_instruct
2.0,1.1132988983911518,qwen_instruct
2.0,0.8329718310231307,qwen_instruct
2.0,0.7763138467391119,qwen_instruct
2.0,0.43980979287287664,qwen_instruct
2.0,1.1539282123817813,qwen_instruct
2.0,1.4500177902171596,qwen_instruct
2.0,1.5036686121564626,qwen_instruct
2.0,1.1132988983911518,qwen_instruct
2.0,0.8329718310231307,qwen_instruct
2.0,0.7763138467391119,qwen_instruct
2.0,0.43980979287287664,qwen_instruct
2.0,1.1539282123817813,qwen_instruct
2.0,1.4500177902171596,qwen_instruct
2.0,1.5036686121564626,qwen_instruct
2.0,1.089751075545201,qwen_instruct
2.0,0.8226885090214534,qwen_instruct
2.0,0.8161990527164292,qwen_instruct
2.0,0.5851232404587513,qwen_instruct
2.0,1.1038005775560267,qwen_instruct
2.0,1.4525243543899036,qwen_instruct
2.0,1.4364498938126111,qwen_instruct
2.0,1.089751075545201,qwen_instruct
2.0,0.8226885090214534,qwen_instruct
2.0,0.8161990527164292,qwen_instruct
2.0,0.5851232404587513,qwen_instruct
2.0,1.1038005775560267,qwen_instruct
2.0,1.4525243543899036,qwen_instruct
2.0,1.4364498938126111,qwen_instruct
2.0,1.089751075545201,qwen_instruct
2.0,0.8226885090214534,qwen_instruct
2.0,0.8161990527164292,qwen_instruct
2.0,0.5851232404587513,qwen_instruct
2.0,1.1038005775560267,qwen_instruct
2.0,1.4525243543899036,qwen_instruct
2.0,1.4364498938126111,qwen_instruct
2.0,1.089751075545201,qwen_instruct
2.0,0.8226885090214534,qwen_instruct
2.0,0.8161990527164292,qwen_instruct
2.0,0.5851232404587513,qwen_instruct
2.0,1.1038005775560267,qwen_instruct
2.0,1.4525243543899036,qwen_instruct
2.0,1.4364498938126111,qwen_instruct
2.0,1.1500891828933864,qwen_instruct
2.0,0.8191762902072375,qwen_instruct
2.0,0.8741733671849533,qwen_instruct
2.0,0.598140979931657,qwen_instruct
2.0,1.1792087505508295,qwen_instruct
2.0,1.7188639588630472,qwen_instruct
2.0,1.6814019166999146,qwen_instruct
2.0,1.1500891828933864,qwen_instruct
2.0,0.8191762902072375,qwen_instruct
2.0,0.8741733671849533,qwen_instruct
2.0,0.598140979931657,qwen_instruct
2.0,1.1792087505508295,qwen_instruct
2.0,1.7188639588630472,qwen_instruct
2.0,1.6814019166999146,qwen_instruct
2.0,1.1500891828933864,qwen_instruct
2.0,0.8191762902072375,qwen_instruct
2.0,0.8741733671849533,qwen_instruct
2.0,0.598140979931657,qwen_instruct
2.0,1.1792087505508295,qwen_instruct
2.0,1.7188639588630472,qwen_instruct
2.0,1.6814019166999146,qwen_instruct
2.0,1.1500891828933864,qwen_instruct
2.0,0.8191762902072375,qwen_instruct
2.0,0.8741733671849533,qwen_instruct
2.0,0.598140979931657,qwen_instruct
2.0,1.1792087505508295,qwen_instruct
2.0,1.7188639588630472,qwen_instruct
2.0,1.6814019166999146,qwen_instruct
2.0,1.2852382147743386,qwen_instruct
2.0,0.9929325690499056,qwen_instruct
2.0,0.9905150530437403,qwen_instruct
2.0,0.8320543881152603,qwen_instruct
2.0,1.2944780309430102,qwen_instruct
2.0,1.616414286749353,qwen_instruct
2.0,1.7679951497636939,qwen_instruct
2.0,1.2852382147743386,qwen_instruct
2.0,0.9929325690499056,qwen_instruct
2.0,0.9905150530437403,qwen_instruct
2.0,0.8320543881152603,qwen_instruct
2.0,1.2944780309430102,qwen_instruct
2.0,1.616414286749353,qwen_instruct
2.0,1.7679951497636939,qwen_instruct
2.0,1.2852382147743386,qwen_instruct
2.0,0.9929325690499056,qwen_instruct
2.0,0.9905150530437403,qwen_instruct
2.0,0.8320543881152603,qwen_instruct
2.0,1.2944780309430102,qwen_instruct
2.0,1.616414286749353,qwen_instruct
2.0,1.7679951497636939,qwen_instruct
2.0,1.2852382147743386,qwen_instruct
2.0,0.9929325690499056,qwen_instruct
2.0,0.9905150530437403,qwen_instruct
2.0,0.8320543881152603,qwen_instruct
2.0,1.2944780309430102,qwen_instruct
2.0,1.616414286749353,qwen_instruct
2.0,1.7679951497636939,qwen_instruct
2.0,1.2002320494706906,qwen_instruct
2.0,0.9414614554591907,qwen_instruct
2.0,0.9143892486910424,qwen_instruct
2.0,0.5914005467715985,qwen_instruct
2.0,1.2401504370812546,qwen_instruct
2.0,1.5157705556807037,qwen_instruct
2.0,1.5906017632360023,qwen_instruct
2.0,1.2002320494706906,qwen_instruct
2.0,0.9414614554591907,qwen_instruct
2.0,0.9143892486910424,qwen_instruct
2.0,0.5914005467715985,qwen_instruct
2.0,1.2401504370812546,qwen_instruct
2.0,1.5157705556807037,qwen_instruct
2.0,1.5906017632360023,qwen_instruct
2.0,1.2002320494706906,qwen_instruct
2.0,0.9414614554591907,qwen_instruct
2.0,0.9143892486910424,qwen_instruct
2.0,0.5914005467715985,qwen_instruct
2.0,1.2401504370812546,qwen_instruct
2.0,1.5157705556807037,qwen_instruct
2.0,1.5906017632360023,qwen_instruct
2.0,1.2002320494706906,qwen_instruct
2.0,0.9414614554591907,qwen_instruct
2.0,0.9143892486910424,qwen_instruct
2.0,0.5914005467715985,qwen_instruct
2.0,1.2401504370812546,qwen_instruct
2.0,1.5157705556807037,qwen_instruct
2.0,1.5906017632360023,qwen_instruct
2.0,1.1190335605304873,qwen_instruct
2.0,0.8391111630930336,qwen_instruct
2.0,0.8077472993808493,qwen_instruct
2.0,0.614405725444038,qwen_instruct
2.0,1.1330830625413126,qwen_instruct
2.0,1.4690051568633546,qwen_instruct
2.0,1.4657323787978966,qwen_instruct
2.0,1.1190335605304873,qwen_instruct
2.0,0.8391111630930336,qwen_instruct
2.0,0.8077472993808493,qwen_instruct
2.0,0.614405725444038,qwen_instruct
2.0,1.1330830625413126,qwen_instruct
2.0,1.4690051568633546,qwen_instruct
2.0,1.4657323787978966,qwen_instruct
2.0,1.1190335605304873,qwen_instruct
2.0,0.8391111630930336,qwen_instruct
2.0,0.8077472993808493,qwen_instruct
2.0,0.614405725444038,qwen_instruct
2.0,1.1330830625413126,qwen_instruct
2.0,1.4690051568633546,qwen_instruct
2.0,1.4657323787978966,qwen_instruct
2.0,1.1190335605304873,qwen_instruct
2.0,0.8391111630930336,qwen_instruct
2.0,0.8077472993808493,qwen_instruct
2.0,0.614405725444038,qwen_instruct
2.0,1.1330830625413126,qwen_instruct
2.0,1.4690051568633546,qwen_instruct
2.0,1.4657323787978966,qwen_instruct
2.0,1.2930766055210894,qwen_instruct
2.0,0.9407167162465098,qwen_instruct
2.0,0.9567888478464429,qwen_instruct
2.0,0.7929855655733993,qwen_instruct
2.0,1.30473984679649,qwen_instruct
2.0,1.6652849789769768,qwen_instruct
2.0,1.7408357046583904,qwen_instruct
2.0,1.2930766055210894,qwen_instruct
2.0,0.9407167162465098,qwen_instruct
2.0,0.9567888478464429,qwen_instruct
2.0,0.7929855655733993,qwen_instruct
2.0,1.30473984679649,qwen_instruct
2.0,1.6652849789769768,qwen_instruct
2.0,1.7408357046583904,qwen_instruct
2.0,1.2930766055210894,qwen_instruct
2.0,0.9407167162465098,qwen_instruct
2.0,0.9567888478464429,qwen_instruct
2.0,0.7929855655733993,qwen_instruct
2.0,1.30473984679649,qwen_instruct
2.0,1.6652849789769768,qwen_instruct
2.0,1.7408357046583904,qwen_instruct
2.0,1.2930766055210894,qwen_instruct
2.0,0.9407167162465098,qwen_instruct
2.0,0.9567888478464429,qwen_instruct
2.0,0.7929855655733993,qwen_instruct
2.0,1.30473984679649,qwen_instruct
2.0,1.6652849789769768,qwen_instruct
2.0,1.7408357046583904,qwen_instruct
2.0,1.286413032707915,qwen_instruct
2.0,0.9840489977265652,qwen_instruct
2.0,1.0202772945469123,qwen_instruct
2.0,0.7831926750852941,qwen_instruct
2.0,1.3150914143573358,qwen_instruct
2.0,1.7481123278042154,qwen_instruct
2.0,1.800735780974927,qwen_instruct
2.0,1.286413032707915,qwen_instruct
2.0,0.9840489977265652,qwen_instruct
2.0,1.0202772945469123,qwen_instruct
2.0,0.7831926750852941,qwen_instruct
2.0,1.3150914143573358,qwen_instruct
2.0,1.7481123278042154,qwen_instruct
2.0,1.800735780974927,qwen_instruct
2.0,1.286413032707915,qwen_instruct
2.0,0.9840489977265652,qwen_instruct
2.0,1.0202772945469123,qwen_instruct
2.0,0.7831926750852941,qwen_instruct
2.0,1.3150914143573358,qwen_instruct
2.0,1.7481123278042154,qwen_instruct
2.0,1.800735780974927,qwen_instruct
2.0,1.286413032707915,qwen_instruct
2.0,0.9840489977265652,qwen_instruct
2.0,1.0202772945469123,qwen_instruct
2.0,0.7831926750852941,qwen_instruct
2.0,1.3150914143573358,qwen_instruct
2.0,1.7481123278042154,qwen_instruct
2.0,1.800735780974927,qwen_instruct
2.0,1.2625271735209653,qwen_instruct
2.0,0.9702215277965327,qwen_instruct
2.0,0.910400096492995,qwen_instruct
2.0,0.7610076542588593,qwen_instruct
2.0,1.2717669896896369,qwen_instruct
2.0,1.5915335350302737,qwen_instruct
2.0,1.7452841085103197,qwen_instruct
2.0,1.2625271735209653,qwen_instruct
2.0,0.9702215277965327,qwen_instruct
2.0,0.910400096492995,qwen_instruct
2.0,0.7610076542588593,qwen_instruct
2.0,1.2717669896896369,qwen_instruct
2.0,1.5915335350302737,qwen_instruct
2.0,1.7452841085103197,qwen_instruct
2.0,1.2625271735209653,qwen_instruct
2.0,0.9702215277965327,qwen_instruct
2.0,0.910400096492995,qwen_instruct
2.0,0.7610076542588593,qwen_instruct
2.0,1.2717669896896369,qwen_instruct
2.0,1.5915335350302737,qwen_instruct
2.0,1.7452841085103197,qwen_instruct
2.0,1.2625271735209653,qwen_instruct
2.0,0.9702215277965327,qwen_instruct
2.0,0.910400096492995,qwen_instruct
2.0,0.7610076542588593,qwen_instruct
2.0,1.2717669896896369,qwen_instruct
2.0,1.5915335350302737,qwen_instruct
2.0,1.7452841085103197,qwen_instruct
2.0,1.165101052726033,qwen_instruct
2.0,0.9063304587145325,qwen_instruct
2.0,0.879258251946384,qwen_instruct
2.0,0.5513102811402548,qwen_instruct
2.0,1.205730366716663,qwen_instruct
2.0,1.4806395589360457,qwen_instruct
2.0,1.555470766491344,qwen_instruct
2.0,1.165101052726033,qwen_instruct
2.0,0.9063304587145325,qwen_instruct
2.0,0.879258251946384,qwen_instruct
2.0,0.5513102811402548,qwen_instruct
2.0,1.205730366716663,qwen_instruct
2.0,1.4806395589360457,qwen_instruct
2.0,1.555470766491344,qwen_instruct
2.0,1.165101052726033,qwen_instruct
2.0,0.9063304587145325,qwen_instruct
2.0,0.879258251946384,qwen_instruct
2.0,0.5513102811402548,qwen_instruct
2.0,1.205730366716663,qwen_instruct
2.0,1.4806395589360457,qwen_instruct
2.0,1.555470766491344,qwen_instruct
2.0,1.165101052726033,qwen_instruct
2.0,0.9063304587145325,qwen_instruct
2.0,0.879258251946384,qwen_instruct
2.0,0.5513102811402548,qwen_instruct
2.0,1.205730366716663,qwen_instruct
2.0,1.4806395589360457,qwen_instruct
2.0,1.555470766491344,qwen_instruct
2.0,1.0863661924423846,qwen_instruct
2.0,0.7706889890486677,qwen_instruct
2.0,0.7731582213666792,qwen_instruct
2.0,0.5439543062569446,qwen_instruct
2.0,1.10041569445321,qwen_instruct
2.0,1.4266238488723104,qwen_instruct
2.0,1.4386786244229064,qwen_instruct
2.0,1.0863661924423846,qwen_instruct
2.0,0.7706889890486677,qwen_instruct
2.0,0.7731582213666792,qwen_instruct
2.0,0.5439543062569446,qwen_instruct
2.0,1.10041569445321,qwen_instruct
2.0,1.4266238488723104,qwen_instruct
2.0,1.4386786244229064,qwen_instruct
2.0,1.0863661924423846,qwen_instruct
2.0,0.7706889890486677,qwen_instruct
2.0,0.7731582213666792,qwen_instruct
2.0,0.5439543062569446,qwen_instruct
2.0,1.10041569445321,qwen_instruct
2.0,1.4266238488723104,qwen_instruct
2.0,1.4386786244229064,qwen_instruct
2.0,1.0863661924423846,qwen_instruct
2.0,0.7706889890486677,qwen_instruct
2.0,0.7731582213666792,qwen_instruct
2.0,0.5439543062569446,qwen_instruct
2.0,1.10041569445321,qwen_instruct
2.0,1.4266238488723104,qwen_instruct
2.0,1.4386786244229064,qwen_instruct
2.0,1.2386682166988896,qwen_instruct
2.0,0.8448618600473354,qwen_instruct
2.0,0.8547984608469669,qwen_instruct
2.0,0.6352479527767063,qwen_instruct
2.0,1.2519849612446716,qwen_instruct
2.0,1.6297301231907737,qwen_instruct
2.0,1.685766823083781,qwen_instruct
2.0,1.2386682166988896,qwen_instruct
2.0,0.8448618600473354,qwen_instruct
2.0,0.8547984608469669,qwen_instruct
2.0,0.6352479527767063,qwen_instruct
2.0,1.2519849612446716,qwen_instruct
2.0,1.6297301231907737,qwen_instruct
2.0,1.685766823083781,qwen_instruct
2.0,1.2386682166988896,qwen_instruct
2.0,0.8448618600473354,qwen_instruct
2.0,0.8547984608469669,qwen_instruct
2.0,0.6352479527767063,qwen_instruct
2.0,1.2519849612446716,qwen_instruct
2.0,1.6297301231907737,qwen_instruct
2.0,1.685766823083781,qwen_instruct
2.0,1.2386682166988896,qwen_instruct
2.0,0.8448618600473354,qwen_instruct
2.0,0.8547984608469669,qwen_instruct
2.0,0.6352479527767063,qwen_instruct
2.0,1.2519849612446716,qwen_instruct
2.0,1.6297301231907737,qwen_instruct
2.0,1.685766823083781,qwen_instruct
1.0,0.1983143204658075,qwen_instruct
1.0,0.22477627629669886,qwen_instruct
1.0,0.18975330616836134,qwen_instruct
1.0,-0.007385432757993253,qwen_instruct
1.0,0.2132127215703251,qwen_instruct
1.0,0.022085894399790296,qwen_instruct
1.0,0.1983143204658075,qwen_instruct
1.0,0.22477627629669886,qwen_instruct
1.0,0.18975330616836134,qwen_instruct
1.0,-0.007385432757993253,qwen_instruct
1.0,0.2132127215703251,qwen_instruct
1.0,0.022085894399790296,qwen_instruct
1.0,0.1983143204658075,qwen_instruct
1.0,0.22477627629669886,qwen_instruct
1.0,0.18975330616836134,qwen_instruct
1.0,-0.007385432757993253,qwen_instruct
1.0,0.2132127215703251,qwen_instruct
1.0,0.283267665983164,qwen_instruct
1.0,0.022085894399790296,qwen_instruct
1.0,0.1983143204658075,qwen_instruct
1.0,0.22477627629669886,qwen_instruct
1.0,0.18975330616836134,qwen_instruct
1.0,-0.007385432757993253,qwen_instruct
1.0,0.2132127215703251,qwen_instruct
1.0,0.283267665983164,qwen_instruct
1.0,0.022085894399790296,qwen_instruct
1.0,0.2415850615426568,qwen_instruct
1.0,0.1823347973603375,qwen_instruct
1.0,0.04980179818030406,qwen_instruct
1.0,-0.08258431118563714,qwen_instruct
1.0,0.2913749914207786,qwen_instruct
1.0,0.1012106100587524,qwen_instruct
1.0,0.2415850615426568,qwen_instruct
1.0,0.1823347973603375,qwen_instruct
1.0,0.04980179818030406,qwen_instruct
1.0,-0.08258431118563714,qwen_instruct
1.0,0.2913749914207786,qwen_instruct
1.0,0.1012106100587524,qwen_instruct
1.0,0.2415850615426568,qwen_instruct
1.0,0.1823347973603375,qwen_instruct
1.0,0.04980179818030406,qwen_instruct
1.0,-0.08258431118563714,qwen_instruct
1.0,0.2913749914207786,qwen_instruct
1.0,0.32210492626584286,qwen_instruct
1.0,0.1012106100587524,qwen_instruct
1.0,0.2415850615426568,qwen_instruct
1.0,0.1823347973603375,qwen_instruct
1.0,0.04980179818030406,qwen_instruct
1.0,-0.08258431118563714,qwen_instruct
1.0,0.2913749914207786,qwen_instruct
1.0,0.32210492626584286,qwen_instruct
1.0,0.1012106100587524,qwen_instruct
1.0,0.2582169396227172,qwen_instruct
1.0,0.08862606879810585,qwen_instruct
1.0,0.23384487037984159,qwen_instruct
1.0,0.09005968166587251,qwen_instruct
1.0,0.2722296862247838,qwen_instruct
1.0,0.11803789413177443,qwen_instruct
1.0,0.2582169396227172,qwen_instruct
1.0,0.08862606879810585,qwen_instruct
1.0,0.23384487037984159,qwen_instruct
1.0,0.09005968166587251,qwen_instruct
1.0,0.2722296862247838,qwen_instruct
1.0,0.11803789413177443,qwen_instruct
1.0,0.2582169396227172,qwen_instruct
1.0,0.08862606879810585,qwen_instruct
1.0,0.23384487037984159,qwen_instruct
1.0,0.09005968166587251,qwen_instruct
1.0,0.2722296862247838,qwen_instruct
1.0,0.3565843604873213,qwen_instruct
1.0,0.11803789413177443,qwen_instruct
1.0,0.2582169396227172,qwen_instruct
1.0,0.08862606879810585,qwen_instruct
1.0,0.23384487037984159,qwen_instruct
1.0,0.09005968166587251,qwen_instruct
1.0,0.2722296862247838,qwen_instruct
1.0,0.3565843604873213,qwen_instruct
1.0,0.11803789413177443,qwen_instruct
-1.0,-2.5158302842694664,qwen_instruct
-1.0,-2.270972652875701,qwen_instruct
-1.0,-2.2342433729338103,qwen_instruct
-1.0,-1.4613035411560733,qwen_instruct
-1.0,-2.8175141615027233,qwen_instruct
-1.0,-2.811654964490535,qwen_instruct
-1.0,-2.5158302842694664,qwen_instruct
-1.0,-2.270972652875701,qwen_instruct
-1.0,-2.2342433729338103,qwen_instruct
-1.0,-1.4613035411560733,qwen_instruct
-1.0,-2.8175141615027233,qwen_instruct
-1.0,-2.811654964490535,qwen_instruct
-1.0,-2.5158302842694664,qwen_instruct
-1.0,-2.270972652875701,qwen_instruct
-1.0,-2.2342433729338103,qwen_instruct
-1.0,-1.4613035411560733,qwen_instruct
-1.0,-2.8175141615027233,qwen_instruct
-1.0,-3.083477633167014,qwen_instruct
-1.0,-2.811654964490535,qwen_instruct
-1.0,-2.5158302842694664,qwen_instruct
-1.0,-2.270972652875701,qwen_instruct
-1.0,-2.2342433729338103,qwen_instruct
-1.0,-1.4613035411560733,qwen_instruct
-1.0,-2.8175141615027233,qwen_instruct
-1.0,-3.083477633167014,qwen_instruct
-1.0,-2.811654964490535,qwen_instruct
1.0,0.4608430388199439,qwen_instruct
1.0,0.41445577936579864,qwen_instruct
1.0,0.38588189599843026,qwen_instruct
1.0,0.32674904913156244,qwen_instruct
1.0,0.510986265102075,qwen_instruct
1.0,0.3204685873360395,qwen_instruct
1.0,0.4608430388199439,qwen_instruct
1.0,0.41445577936579864,qwen_instruct
1.0,0.38588189599843026,qwen_instruct
1.0,0.32674904913156244,qwen_instruct
1.0,0.510986265102075,qwen_instruct
1.0,0.3204685873360395,qwen_instruct
1.0,0.4608430388199439,qwen_instruct
1.0,0.41445577936579864,qwen_instruct
1.0,0.38588189599843026,qwen_instruct
1.0,0.32674904913156244,qwen_instruct
1.0,0.510986265102075,qwen_instruct
1.0,0.5108776589900974,qwen_instruct
1.0,0.3204685873360395,qwen_instruct
1.0,0.4608430388199439,qwen_instruct
1.0,0.41445577936579864,qwen_instruct
1.0,0.38588189599843026,qwen_instruct
1.0,0.32674904913156244,qwen_instruct
1.0,0.510986265102075,qwen_instruct
1.0,0.3204685873360395,qwen_instruct
-1.0,-2.2913625202333714,qwen_instruct
-1.0,-2.0445430311804595,qwen_instruct
-1.0,-1.9976728991471728,qwen_instruct
-1.0,-1.116981579171896,qwen_instruct
-1.0,-2.3691883658586743,qwen_instruct
-1.0,-2.60500708914514,qwen_instruct
-1.0,-2.2913625202333714,qwen_instruct
-1.0,-2.0445430311804595,qwen_instruct
-1.0,-1.9976728991471728,qwen_instruct
-1.0,-1.116981579171896,qwen_instruct
-1.0,-2.3691883658586743,qwen_instruct
-1.0,-2.60500708914514,qwen_instruct
-1.0,-2.2913625202333714,qwen_instruct
-1.0,-2.0445430311804595,qwen_instruct
-1.0,-1.9976728991471728,qwen_instruct
-1.0,-1.116981579171896,qwen_instruct
-1.0,-2.3691883658586743,qwen_instruct
-1.0,-3.261843805031588,qwen_instruct
-1.0,-2.60500708914514,qwen_instruct
-1.0,-2.2913625202333714,qwen_instruct
-1.0,-2.0445430311804595,qwen_instruct
-1.0,-1.9976728991471728,qwen_instruct
-1.0,-1.116981579171896,qwen_instruct
-1.0,-2.3691883658586743,qwen_instruct
-1.0,-3.261843805031588,qwen_instruct
-1.0,-2.60500708914514,qwen_instruct
1.0,0.2761913569826233,qwen_instruct
1.0,0.23662071617198469,qwen_instruct
1.0,0.20999830611621392,qwen_instruct
1.0,0.10022184875792041,qwen_instruct
1.0,0.3259812868607449,qwen_instruct
1.0,0.35654074645340855,qwen_instruct
1.0,0.13581690549871886,qwen_instruct
1.0,0.2761913569826233,qwen_instruct
1.0,0.23662071617198469,qwen_instruct
1.0,0.20999830611621392,qwen_instruct
1.0,0.10022184875792041,qwen_instruct
1.0,0.3259812868607449,qwen_instruct
1.0,0.13581690549871886,qwen_instruct
1.0,0.2761913569826233,qwen_instruct
1.0,0.23662071617198469,qwen_instruct
1.0,0.20999830611621392,qwen_instruct
1.0,0.10022184875792041,qwen_instruct
1.0,0.3259812868607449,qwen_instruct
1.0,0.35654074645340855,qwen_instruct
1.0,0.13581690549871886,qwen_instruct
1.0,0.2761913569826233,qwen_instruct
1.0,0.23662071617198469,qwen_instruct
1.0,0.20999830611621392,qwen_instruct
1.0,0.10022184875792041,qwen_instruct
1.0,0.3259812868607449,qwen_instruct
1.0,0.35654074645340855,qwen_instruct
1.0,0.13581690549871886,qwen_instruct
1.0,0.11253828767458124,qwen_instruct
1.0,0.016972849535702158,qwen_instruct
1.0,0.03988445009392772,qwen_instruct
1.0,-0.17344501832245598,qwen_instruct
1.0,0.1432891571221435,qwen_instruct
1.0,-0.11167285233430316,qwen_instruct
1.0,0.11253828767458124,qwen_instruct
1.0,0.016972849535702158,qwen_instruct
1.0,0.03988445009392772,qwen_instruct
1.0,-0.17344501832245598,qwen_instruct
1.0,0.1432891571221435,qwen_instruct
1.0,-0.11167285233430316,qwen_instruct
1.0,0.11253828767458124,qwen_instruct
1.0,0.016972849535702158,qwen_instruct
1.0,0.03988445009392772,qwen_instruct
1.0,-0.17344501832245598,qwen_instruct
1.0,0.1432891571221435,qwen_instruct
1.0,0.026587040361610994,qwen_instruct
1.0,-0.11167285233430316,qwen_instruct
1.0,0.11253828767458124,qwen_instruct
1.0,0.016972849535702158,qwen_instruct
1.0,0.03988445009392772,qwen_instruct
1.0,-0.17344501832245598,qwen_instruct
1.0,0.1432891571221435,qwen_instruct
1.0,0.026587040361610994,qwen_instruct
1.0,-0.11167285233430316,qwen_instruct
1.0,0.20457480818523277,qwen_instruct
1.0,0.231036764016124,qwen_instruct
1.0,0.1860329791334066,qwen_instruct
1.0,-0.0035076566224571276,qwen_instruct
1.0,0.21947320928975037,qwen_instruct
1.0,0.027965533971272827,qwen_instruct
1.0,0.20457480818523277,qwen_instruct
1.0,0.231036764016124,qwen_instruct
1.0,0.1860329791334066,qwen_instruct
1.0,-0.0035076566224571276,qwen_instruct
1.0,0.21947320928975037,qwen_instruct
1.0,0.027965533971272827,qwen_instruct
1.0,0.20457480818523277,qwen_instruct
1.0,0.231036764016124,qwen_instruct
1.0,0.1860329791334066,qwen_instruct
1.0,-0.0035076566224571276,qwen_instruct
1.0,0.21947320928975037,qwen_instruct
1.0,0.28924736585954536,qwen_instruct
1.0,0.027965533971272827,qwen_instruct
1.0,0.20457480818523277,qwen_instruct
1.0,0.231036764016124,qwen_instruct
1.0,0.1860329791334066,qwen_instruct
1.0,-0.0035076566224571276,qwen_instruct
1.0,0.21947320928975037,qwen_instruct
1.0,0.28924736585954536,qwen_instruct
1.0,0.027965533971272827,qwen_instruct
1.0,0.3318533146334504,qwen_instruct
1.0,0.30141630360995897,qwen_instruct
1.0,0.22007762766557415,qwen_instruct
1.0,0.12861605152720515,qwen_instruct
1.0,0.34590281664427547,qwen_instruct
1.0,0.2158280880659167,qwen_instruct
1.0,0.3318533146334504,qwen_instruct
1.0,0.30141630360995897,qwen_instruct
1.0,0.22007762766557415,qwen_instruct
1.0,0.12861605152720515,qwen_instruct
1.0,0.34590281664427547,qwen_instruct
1.0,0.2158280880659167,qwen_instruct
1.0,0.3318533146334504,qwen_instruct
1.0,0.30141630360995897,qwen_instruct
1.0,0.22007762766557415,qwen_instruct
1.0,0.12861605152720515,qwen_instruct
1.0,0.34590281664427547,qwen_instruct
1.0,0.4538619228015168,qwen_instruct
1.0,0.2158280880659167,qwen_instruct
1.0,0.3318533146334504,qwen_instruct
1.0,0.30141630360995897,qwen_instruct
1.0,0.22007762766557415,qwen_instruct
1.0,0.12861605152720515,qwen_instruct
1.0,0.34590281664427547,qwen_instruct
1.0,0.4538619228015168,qwen_instruct
1.0,0.2158280880659167,qwen_instruct
-1.0,-2.5731671890327896,qwen_instruct
-1.0,-2.2681293695349583,qwen_instruct
-1.0,-2.2774130651019804,qwen_instruct
-1.0,-1.6428884728536262,qwen_instruct
-1.0,-2.6581665850588085,qwen_instruct
-1.0,-2.8451706636813854,qwen_instruct
-1.0,-2.5731671890327896,qwen_instruct
-1.0,-2.2681293695349583,qwen_instruct
-1.0,-2.2774130651019804,qwen_instruct
-1.0,-1.6428884728536262,qwen_instruct
-1.0,-2.6581665850588085,qwen_instruct
-1.0,-2.8451706636813854,qwen_instruct
-1.0,-2.5731671890327896,qwen_instruct
-1.0,-2.2681293695349583,qwen_instruct
-1.0,-2.2774130651019804,qwen_instruct
-1.0,-1.6428884728536262,qwen_instruct
-1.0,-2.6581665850588085,qwen_instruct
-1.0,-3.2502900745501844,qwen_instruct
-1.0,-2.8451706636813854,qwen_instruct
-1.0,-2.5731671890327896,qwen_instruct
-1.0,-2.2681293695349583,qwen_instruct
-1.0,-2.2774130651019804,qwen_instruct
-1.0,-1.6428884728536262,qwen_instruct
-1.0,-2.6581665850588085,qwen_instruct
-1.0,-3.2502900745501844,qwen_instruct
-1.0,-2.8451706636813854,qwen_instruct
1.0,0.342828310993811,qwen_instruct
1.0,0.32180647824391534,qwen_instruct
1.0,0.25794642389610906,qwen_instruct
1.0,0.13959104788756582,qwen_instruct
1.0,0.35651395956584553,qwen_instruct
1.0,0.22849889409008042,qwen_instruct
1.0,0.342828310993811,qwen_instruct
1.0,0.32180647824391534,qwen_instruct
1.0,0.25794642389610906,qwen_instruct
1.0,0.13959104788756582,qwen_instruct
1.0,0.35651395956584553,qwen_instruct
1.0,0.22849889409008042,qwen_instruct
1.0,0.342828310993811,qwen_instruct
1.0,0.32180647824391534,qwen_instruct
1.0,0.25794642389610906,qwen_instruct
1.0,0.13959104788756582,qwen_instruct
1.0,0.35651395956584553,qwen_instruct
1.0,0.4549813271537485,qwen_instruct
1.0,0.22849889409008042,qwen_instruct
1.0,0.342828310993811,qwen_instruct
1.0,0.32180647824391534,qwen_instruct
1.0,0.25794642389610906,qwen_instruct
1.0,0.13959104788756582,qwen_instruct
1.0,0.35651395956584553,qwen_instruct
1.0,0.4549813271537485,qwen_instruct
1.0,0.22849889409008042,qwen_instruct
2.0,1.258457981112143,qwen_instruct
2.0,0.9085770087003284,qwen_instruct
2.0,0.9221702234374967,qwen_instruct
2.0,0.7583669411644529,qwen_instruct
2.0,1.2701212223875435,qwen_instruct
2.0,1.6306663545680304,qwen_instruct
2.0,1.706217080249444,qwen_instruct
2.0,1.258457981112143,qwen_instruct
2.0,0.9085770087003284,qwen_instruct
2.0,0.9221702234374967,qwen_instruct
2.0,0.7583669411644529,qwen_instruct
2.0,1.2701212223875435,qwen_instruct
2.0,1.706217080249444,qwen_instruct
2.0,1.258457981112143,qwen_instruct
2.0,0.9085770087003284,qwen_instruct
2.0,0.9221702234374967,qwen_instruct
2.0,0.7583669411644529,qwen_instruct
2.0,1.2701212223875435,qwen_instruct
2.0,1.6306663545680304,qwen_instruct
2.0,1.706217080249444,qwen_instruct
2.0,1.258457981112143,qwen_instruct
2.0,0.9085770087003284,qwen_instruct
2.0,0.9221702234374967,qwen_instruct
2.0,0.7583669411644529,qwen_instruct
2.0,1.2701212223875435,qwen_instruct
2.0,1.6306663545680304,qwen_instruct
2.0,1.706217080249444,qwen_instruct
2.0,1.258457981112143,qwen_instruct
2.0,0.9085770087003284,qwen_instruct
2.0,0.9221702234374967,qwen_instruct
2.0,0.7583669411644529,qwen_instruct
2.0,1.2701212223875435,qwen_instruct
2.0,1.6306663545680304,qwen_instruct
2.0,1.706217080249444,qwen_instruct
2.0,1.258457981112143,qwen_instruct
2.0,0.9085770087003284,qwen_instruct
2.0,0.9221702234374967,qwen_instruct
2.0,0.7583669411644529,qwen_instruct
2.0,1.2701212223875435,qwen_instruct
2.0,1.6306663545680304,qwen_instruct
2.0,1.706217080249444,qwen_instruct
2.0,1.258457981112143,qwen_instruct
2.0,0.9085770087003284,qwen_instruct
2.0,0.9221702234374967,qwen_instruct
2.0,0.7583669411644529,qwen_instruct
2.0,1.2701212223875435,qwen_instruct
2.0,1.6306663545680304,qwen_instruct
2.0,1.706217080249444,qwen_instruct
2.0,1.258457981112143,qwen_instruct
2.0,0.9085770087003284,qwen_instruct
2.0,0.9221702234374967,qwen_instruct
2.0,0.7583669411644529,qwen_instruct
2.0,1.2701212223875435,qwen_instruct
2.0,1.6306663545680304,qwen_instruct
2.0,1.706217080249444,qwen_instruct
2.0,1.1531439133147945,qwen_instruct
2.0,0.7962039569922826,qwen_instruct
2.0,0.8772280976063603,qwen_instruct
2.0,0.5871617202142202,qwen_instruct
2.0,1.183320642766606,qwen_instruct
2.0,1.7235649060594198,qwen_instruct
2.0,1.684456647121323,qwen_instruct
2.0,1.1531439133147945,qwen_instruct
2.0,0.7962039569922826,qwen_instruct
2.0,0.8772280976063603,qwen_instruct
2.0,0.5871617202142202,qwen_instruct
2.0,1.183320642766606,qwen_instruct
2.0,1.7235649060594198,qwen_instruct
2.0,1.684456647121323,qwen_instruct
2.0,1.1531439133147945,qwen_instruct
2.0,0.7962039569922826,qwen_instruct
2.0,0.8772280976063603,qwen_instruct
2.0,0.5871617202142202,qwen_instruct
2.0,1.183320642766606,qwen_instruct
2.0,1.7235649060594198,qwen_instruct
2.0,1.684456647121323,qwen_instruct
2.0,1.1531439133147945,qwen_instruct
2.0,0.7962039569922826,qwen_instruct
2.0,0.8772280976063603,qwen_instruct
2.0,0.5871617202142202,qwen_instruct
2.0,1.183320642766606,qwen_instruct
2.0,1.7235649060594198,qwen_instruct
2.0,1.684456647121323,qwen_instruct
2.0,1.1190335605304873,qwen_instruct
2.0,0.8391111630930336,qwen_instruct
2.0,0.8077472993808493,qwen_instruct
2.0,0.614405725444038,qwen_instruct
2.0,1.1330830625413126,qwen_instruct
2.0,1.4690051568633546,qwen_instruct
2.0,1.4657323787978966,qwen_instruct
2.0,1.1190335605304873,qwen_instruct
2.0,0.8391111630930336,qwen_instruct
2.0,0.8077472993808493,qwen_instruct
2.0,0.614405725444038,qwen_instruct
2.0,1.1330830625413126,qwen_instruct
2.0,1.4690051568633546,qwen_instruct
2.0,1.4657323787978966,qwen_instruct
2.0,1.1190335605304873,qwen_instruct
2.0,0.8391111630930336,qwen_instruct
2.0,0.8077472993808493,qwen_instruct
2.0,0.614405725444038,qwen_instruct
2.0,1.1330830625413126,qwen_instruct
2.0,1.4690051568633546,qwen_instruct
2.0,1.4657323787978966,qwen_instruct
2.0,1.1190335605304873,qwen_instruct
2.0,0.8391111630930336,qwen_instruct
2.0,0.8077472993808493,qwen_instruct
2.0,0.614405725444038,qwen_instruct
2.0,1.1330830625413126,qwen_instruct
2.0,1.4690051568633546,qwen_instruct
2.0,1.4657323787978966,qwen_instruct
2.0,1.3693161033626078,qwen_instruct
2.0,1.0260899357299995,qwen_instruct
2.0,1.0589876545894386,qwen_instruct
2.0,0.8798278449396004,qwen_instruct
2.0,1.3809793446380088,qwen_instruct
2.0,1.6917484255548296,qwen_instruct
2.0,1.811613129635515,qwen_instruct
2.0,1.3693161033626078,qwen_instruct
2.0,1.0260899357299995,qwen_instruct
2.0,1.0589876545894386,qwen_instruct
2.0,0.8798278449396004,qwen_instruct
2.0,1.3809793446380088,qwen_instruct
2.0,1.6917484255548296,qwen_instruct
2.0,1.811613129635515,qwen_instruct
2.0,1.3693161033626078,qwen_instruct
2.0,1.0260899357299995,qwen_instruct
2.0,1.0589876545894386,qwen_instruct
2.0,0.8798278449396004,qwen_instruct
2.0,1.3809793446380088,qwen_instruct
2.0,1.6917484255548296,qwen_instruct
2.0,1.811613129635515,qwen_instruct
2.0,1.3693161033626078,qwen_instruct
2.0,1.0260899357299995,qwen_instruct
2.0,1.0589876545894386,qwen_instruct
2.0,0.8798278449396004,qwen_instruct
2.0,1.3809793446380088,qwen_instruct
2.0,1.6917484255548296,qwen_instruct
2.0,1.811613129635515,qwen_instruct
2.0,1.1637227834230226,qwen_instruct
2.0,0.8833957160550018,qwen_instruct
2.0,0.826737731770983,qwen_instruct
2.0,0.49023367790474803,qwen_instruct
2.0,1.204352097413653,qwen_instruct
2.0,1.4886310299980916,qwen_instruct
2.0,1.5540924971883334,qwen_instruct
2.0,1.1637227834230226,qwen_instruct
2.0,0.8833957160550018,qwen_instruct
2.0,0.826737731770983,qwen_instruct
2.0,0.49023367790474803,qwen_instruct
2.0,1.204352097413653,qwen_instruct
2.0,1.4886310299980916,qwen_instruct
2.0,1.5540924971883334,qwen_instruct
2.0,1.1637227834230226,qwen_instruct
2.0,0.8833957160550018,qwen_instruct
2.0,0.826737731770983,qwen_instruct
2.0,0.49023367790474803,qwen_instruct
2.0,1.204352097413653,qwen_instruct
2.0,1.4886310299980916,qwen_instruct
2.0,1.5540924971883334,qwen_instruct
2.0,1.1637227834230226,qwen_instruct
2.0,0.8833957160550018,qwen_instruct
2.0,0.826737731770983,qwen_instruct
2.0,0.49023367790474803,qwen_instruct
2.0,1.204352097413653,qwen_instruct
2.0,1.4886310299980916,qwen_instruct
2.0,1.5540924971883334,qwen_instruct
2.0,1.0951951044240549,qwen_instruct
2.0,0.8269059610542738,qwen_instruct
2.0,0.8216430815952833,qwen_instruct
2.0,0.5905672693376054,qwen_instruct
2.0,1.109244606434881,qwen_instruct
2.0,1.4466397460087757,qwen_instruct
2.0,1.441893922691465,qwen_instruct
2.0,1.0951951044240549,qwen_instruct
2.0,0.8269059610542738,qwen_instruct
2.0,0.8216430815952833,qwen_instruct
2.0,0.5905672693376054,qwen_instruct
2.0,1.109244606434881,qwen_instruct
2.0,1.4466397460087757,qwen_instruct
2.0,1.441893922691465,qwen_instruct
2.0,1.0951951044240549,qwen_instruct
2.0,0.8269059610542738,qwen_instruct
2.0,0.8216430815952833,qwen_instruct
2.0,0.5905672693376054,qwen_instruct
2.0,1.109244606434881,qwen_instruct
2.0,1.4466397460087757,qwen_instruct
2.0,1.441893922691465,qwen_instruct
2.0,1.0951951044240549,qwen_instruct
2.0,0.8269059610542738,qwen_instruct
2.0,0.8216430815952833,qwen_instruct
2.0,0.5905672693376054,qwen_instruct
2.0,1.109244606434881,qwen_instruct
2.0,1.4466397460087757,qwen_instruct
2.0,1.441893922691465,qwen_instruct
2.0,1.3206640554836624,qwen_instruct
2.0,0.9683041662090827,qwen_instruct
2.0,0.9843762978090158,qwen_instruct
2.0,0.831175797060655,qwen_instruct
2.0,1.332327296759063,qwen_instruct
2.0,1.6697237756098129,qwen_instruct
2.0,1.7629610817565695,qwen_instruct
2.0,1.3206640554836624,qwen_instruct
2.0,0.9683041662090827,qwen_instruct
2.0,0.9843762978090158,qwen_instruct
2.0,0.831175797060655,qwen_instruct
2.0,1.332327296759063,qwen_instruct
2.0,1.6697237756098129,qwen_instruct
2.0,1.7629610817565695,qwen_instruct
2.0,1.3206640554836624,qwen_instruct
2.0,0.9683041662090827,qwen_instruct
2.0,0.9843762978090158,qwen_instruct
2.0,0.831175797060655,qwen_instruct
2.0,1.332327296759063,qwen_instruct
2.0,1.6697237756098129,qwen_instruct
2.0,1.7629610817565695,qwen_instruct
2.0,1.3206640554836624,qwen_instruct
2.0,0.9683041662090827,qwen_instruct
2.0,0.9843762978090158,qwen_instruct
2.0,0.831175797060655,qwen_instruct
2.0,1.332327296759063,qwen_instruct
2.0,1.6697237756098129,qwen_instruct
2.0,1.7629610817565695,qwen_instruct
2.0,1.2309563228621534,qwen_instruct
2.0,0.9000434301760042,qwen_instruct
2.0,0.9550405071537202,qwen_instruct
2.0,0.7218392703777938,qwen_instruct
2.0,1.2600758905195968,qwen_instruct
2.0,1.7747582230773766,qwen_instruct
2.0,1.755418305349671,qwen_instruct
2.0,1.2309563228621534,qwen_instruct
2.0,0.9000434301760042,qwen_instruct
2.0,0.9550405071537202,qwen_instruct
2.0,0.7218392703777938,qwen_instruct
2.0,1.2600758905195968,qwen_instruct
2.0,1.7747582230773766,qwen_instruct
2.0,1.755418305349671,qwen_instruct
2.0,1.2309563228621534,qwen_instruct
2.0,0.9000434301760042,qwen_instruct
2.0,0.9550405071537202,qwen_instruct
2.0,0.7218392703777938,qwen_instruct
2.0,1.2600758905195968,qwen_instruct
2.0,1.7747582230773766,qwen_instruct
2.0,1.755418305349671,qwen_instruct
2.0,1.2309563228621534,qwen_instruct
2.0,0.9000434301760042,qwen_instruct
2.0,0.9550405071537202,qwen_instruct
2.0,0.7218392703777938,qwen_instruct
2.0,1.2600758905195968,qwen_instruct
2.0,1.7747582230773766,qwen_instruct
2.0,1.755418305349671,qwen_instruct
2.0,1.2850834783687288,qwen_instruct
2.0,0.9927778326442956,qwen_instruct
2.0,0.9903603166381304,qwen_instruct
2.0,0.8318996517096504,qwen_instruct
2.0,1.2943232945374004,qwen_instruct
2.0,1.6162595503437431,qwen_instruct
2.0,1.767840413358084,qwen_instruct
2.0,1.2850834783687288,qwen_instruct
2.0,0.9927778326442956,qwen_instruct
2.0,0.9903603166381304,qwen_instruct
2.0,0.8318996517096504,qwen_instruct
2.0,1.2943232945374004,qwen_instruct
2.0,1.6162595503437431,qwen_instruct
2.0,1.767840413358084,qwen_instruct
2.0,1.2850834783687288,qwen_instruct
2.0,0.9927778326442956,qwen_instruct
2.0,0.9903603166381304,qwen_instruct
2.0,0.8318996517096504,qwen_instruct
2.0,1.2943232945374004,qwen_instruct
2.0,1.6162595503437431,qwen_instruct
2.0,1.767840413358084,qwen_instruct
2.0,1.2850834783687288,qwen_instruct
2.0,0.9927778326442956,qwen_instruct
2.0,0.9903603166381304,qwen_instruct
2.0,0.8318996517096504,qwen_instruct
2.0,1.2943232945374004,qwen_instruct
2.0,1.6162595503437431,qwen_instruct
2.0,1.767840413358084,qwen_instruct
2.0,1.2018073139380838,qwen_instruct
2.0,0.9214802465700639,qwen_instruct
2.0,0.8245999638169108,qwen_instruct
2.0,0.4585872255732437,qwen_instruct
2.0,1.242436627928714,qwen_instruct
2.0,1.5261877012175327,qwen_instruct
2.0,1.5921770277033942,qwen_instruct
2.0,1.2018073139380838,qwen_instruct
2.0,0.9214802465700639,qwen_instruct
2.0,0.8245999638169108,qwen_instruct
2.0,0.4585872255732437,qwen_instruct
2.0,1.242436627928714,qwen_instruct
2.0,1.5261877012175327,qwen_instruct
2.0,1.5921770277033942,qwen_instruct
2.0,1.2018073139380838,qwen_instruct
2.0,0.9214802465700639,qwen_instruct
2.0,0.8245999638169108,qwen_instruct
2.0,0.4585872255732437,qwen_instruct
2.0,1.242436627928714,qwen_instruct
2.0,1.5261877012175327,qwen_instruct
2.0,1.5921770277033942,qwen_instruct
2.0,1.2018073139380838,qwen_instruct
2.0,0.9214802465700639,qwen_instruct
2.0,0.8245999638169108,qwen_instruct
2.0,0.4585872255732437,qwen_instruct
2.0,1.242436627928714,qwen_instruct
2.0,1.5261877012175327,qwen_instruct
2.0,1.5921770277033942,qwen_instruct
2.0,1.1531439133147945,qwen_instruct
2.0,0.7962039569922826,qwen_instruct
2.0,0.8772280976063603,qwen_instruct
2.0,0.5871617202142202,qwen_instruct
2.0,1.183320642766606,qwen_instruct
2.0,1.7235649060594198,qwen_instruct
2.0,1.684456647121323,qwen_instruct
2.0,1.1531439133147945,qwen_instruct
2.0,0.7962039569922826,qwen_instruct
2.0,0.8772280976063603,qwen_instruct
2.0,0.5871617202142202,qwen_instruct
2.0,1.183320642766606,qwen_instruct
2.0,1.7235649060594198,qwen_instruct
2.0,1.684456647121323,qwen_instruct
2.0,1.1531439133147945,qwen_instruct
2.0,0.7962039569922826,qwen_instruct
2.0,0.8772280976063603,qwen_instruct
2.0,0.5871617202142202,qwen_instruct
2.0,1.183320642766606,qwen_instruct
2.0,1.7235649060594198,qwen_instruct
2.0,1.684456647121323,qwen_instruct
2.0,1.1531439133147945,qwen_instruct
2.0,0.7962039569922826,qwen_instruct
2.0,0.8772280976063603,qwen_instruct
2.0,0.5871617202142202,qwen_instruct
2.0,1.183320642766606,qwen_instruct
2.0,1.7235649060594198,qwen_instruct
2.0,1.684456647121323,qwen_instruct
2.0,1.0979228751309351,qwen_instruct
2.0,0.833432838492944,qwen_instruct
2.0,0.8478330270911706,qwen_instruct
2.0,0.5938806694586302,qwen_instruct
2.0,1.1116085237029707,qwen_instruct
2.0,1.44297950492922,qwen_instruct
2.0,1.4463175030621485,qwen_instruct
2.0,1.0979228751309351,qwen_instruct
2.0,0.833432838492944,qwen_instruct
2.0,0.8478330270911706,qwen_instruct
2.0,0.5938806694586302,qwen_instruct
2.0,1.1116085237029707,qwen_instruct
2.0,1.44297950492922,qwen_instruct
2.0,1.4463175030621485,qwen_instruct
2.0,1.0979228751309351,qwen_instruct
2.0,0.833432838492944,qwen_instruct
2.0,0.8478330270911706,qwen_instruct
2.0,0.5938806694586302,qwen_instruct
2.0,1.1116085237029707,qwen_instruct
2.0,1.44297950492922,qwen_instruct
2.0,1.4463175030621485,qwen_instruct
2.0,1.0979228751309351,qwen_instruct
2.0,0.833432838492944,qwen_instruct
2.0,0.8478330270911706,qwen_instruct
2.0,0.5938806694586302,qwen_instruct
2.0,1.1116085237029707,qwen_instruct
2.0,1.44297950492922,qwen_instruct
2.0,1.4463175030621485,qwen_instruct
2.0,1.3789805634857633,qwen_instruct
2.0,1.0357543958531559,qwen_instruct
2.0,1.0686521147125945,qwen_instruct
2.0,0.8915776119482802,qwen_instruct
2.0,1.3906438047611644,qwen_instruct
2.0,1.6967949107238587,qwen_instruct
2.0,1.8212775897586704,qwen_instruct
2.0,1.3789805634857633,qwen_instruct
2.0,1.0357543958531559,qwen_instruct
2.0,1.0686521147125945,qwen_instruct
2.0,0.8915776119482802,qwen_instruct
2.0,1.3906438047611644,qwen_instruct
2.0,1.6967949107238587,qwen_instruct
2.0,1.8212775897586704,qwen_instruct
2.0,1.3789805634857633,qwen_instruct
2.0,1.0357543958531559,qwen_instruct
2.0,1.0686521147125945,qwen_instruct
2.0,0.8915776119482802,qwen_instruct
2.0,1.3906438047611644,qwen_instruct
2.0,1.6967949107238587,qwen_instruct
2.0,1.8212775897586704,qwen_instruct
2.0,1.3789805634857633,qwen_instruct
2.0,1.0357543958531559,qwen_instruct
2.0,1.0686521147125945,qwen_instruct
2.0,0.8915776119482802,qwen_instruct
2.0,1.3906438047611644,qwen_instruct
2.0,1.6967949107238587,qwen_instruct
2.0,1.8212775897586704,qwen_instruct
2.0,1.2734779698004943,qwen_instruct
2.0,0.9694009312346018,qwen_instruct
2.0,1.0073422316394909,qwen_instruct
2.0,0.7702576121778733,qwen_instruct
2.0,1.302156351449915,qwen_instruct
2.0,1.7351772648967947,qwen_instruct
2.0,1.7878007180675062,qwen_instruct
2.0,1.2734779698004943,qwen_instruct
2.0,0.9694009312346018,qwen_instruct
2.0,1.0073422316394909,qwen_instruct
2.0,0.7702576121778733,qwen_instruct
2.0,1.302156351449915,qwen_instruct
2.0,1.7351772648967947,qwen_instruct
2.0,1.7878007180675062,qwen_instruct
2.0,1.2734779698004943,qwen_instruct
2.0,0.9694009312346018,qwen_instruct
2.0,1.0073422316394909,qwen_instruct
2.0,0.7702576121778733,qwen_instruct
2.0,1.302156351449915,qwen_instruct
2.0,1.7351772648967947,qwen_instruct
2.0,1.7878007180675062,qwen_instruct
2.0,1.2734779698004943,qwen_instruct
2.0,0.9694009312346018,qwen_instruct
2.0,1.0073422316394909,qwen_instruct
2.0,0.7702576121778733,qwen_instruct
2.0,1.302156351449915,qwen_instruct
2.0,1.7351772648967947,qwen_instruct
2.0,1.7878007180675062,qwen_instruct
2.0,1.2852556487840636,qwen_instruct
2.0,0.9929500030596304,qwen_instruct
2.0,0.9800926408330786,qwen_instruct
2.0,0.8320718221249852,qwen_instruct
2.0,1.294495464952735,qwen_instruct
2.0,1.6161509329160337,qwen_instruct
2.0,1.7680125837734189,qwen_instruct
2.0,1.2852556487840636,qwen_instruct
2.0,0.9929500030596304,qwen_instruct
2.0,0.9800926408330786,qwen_instruct
2.0,0.8320718221249852,qwen_instruct
2.0,1.294495464952735,qwen_instruct
2.0,1.6161509329160337,qwen_instruct
2.0,1.7680125837734189,qwen_instruct
2.0,1.2852556487840636,qwen_instruct
2.0,0.9929500030596304,qwen_instruct
2.0,0.9800926408330786,qwen_instruct
2.0,0.8320718221249852,qwen_instruct
2.0,1.294495464952735,qwen_instruct
2.0,1.6161509329160337,qwen_instruct
2.0,1.7680125837734189,qwen_instruct
2.0,1.2852556487840636,qwen_instruct
2.0,0.9929500030596304,qwen_instruct
2.0,0.9800926408330786,qwen_instruct
2.0,0.8320718221249852,qwen_instruct
2.0,1.294495464952735,qwen_instruct
2.0,1.6161509329160337,qwen_instruct
2.0,1.7680125837734189,qwen_instruct
2.0,1.1050145479530387,qwen_instruct
2.0,0.837951981429291,qwen_instruct
2.0,0.8401758979136067,qwen_instruct
2.0,0.6003867128665885,qwen_instruct
2.0,1.1190640499638642,qwen_instruct
2.0,1.451713366220448,qwen_instruct
2.0,1.1050145479530387,qwen_instruct
2.0,0.837951981429291,qwen_instruct
2.0,0.8401758979136067,qwen_instruct
2.0,0.6003867128665885,qwen_instruct
2.0,1.1190640499638642,qwen_instruct
2.0,1.451713366220448,qwen_instruct
2.0,1.1050145479530387,qwen_instruct
2.0,0.837951981429291,qwen_instruct
2.0,0.8401758979136067,qwen_instruct
2.0,0.6003867128665885,qwen_instruct
2.0,1.1190640499638642,qwen_instruct
2.0,1.4677878267977404,qwen_instruct
2.0,1.451713366220448,qwen_instruct
2.0,1.1050145479530387,qwen_instruct
2.0,0.837951981429291,qwen_instruct
2.0,0.8401758979136067,qwen_instruct
2.0,0.6003867128665885,qwen_instruct
2.0,1.1190640499638642,qwen_instruct
2.0,1.4677878267977404,qwen_instruct
2.0,1.451713366220448,qwen_instruct
2.0,1.2860062472931884,qwen_instruct
2.0,0.9937006015687551,qwen_instruct
2.0,0.9912830855625898,qwen_instruct
2.0,0.8328224206341098,qwen_instruct
2.0,1.2952460634618599,qwen_instruct
2.0,1.6169015314251585,qwen_instruct
2.0,1.7687631822825436,qwen_instruct
2.0,1.2860062472931884,qwen_instruct
2.0,0.9937006015687551,qwen_instruct
2.0,0.9912830855625898,qwen_instruct
2.0,0.8328224206341098,qwen_instruct
2.0,1.2952460634618599,qwen_instruct
2.0,1.6169015314251585,qwen_instruct
2.0,1.7687631822825436,qwen_instruct
2.0,1.2860062472931884,qwen_instruct
2.0,0.9937006015687551,qwen_instruct
2.0,0.9912830855625898,qwen_instruct
2.0,0.8328224206341098,qwen_instruct
2.0,1.2952460634618599,qwen_instruct
2.0,1.6169015314251585,qwen_instruct
2.0,1.7687631822825436,qwen_instruct
2.0,1.2860062472931884,qwen_instruct
2.0,0.9937006015687551,qwen_instruct
2.0,0.9912830855625898,qwen_instruct
2.0,0.8328224206341098,qwen_instruct
2.0,1.2952460634618599,qwen_instruct
2.0,1.6169015314251585,qwen_instruct
2.0,1.7687631822825436,qwen_instruct
2.0,1.1722794431617944,qwen_instruct
2.0,0.9135088491502937,qwen_instruct
2.0,0.8864366423821451,qwen_instruct
2.0,0.5617459354302456,qwen_instruct
2.0,1.2132620535564342,qwen_instruct
2.0,1.4592245624516116,qwen_instruct
2.0,1.5626491569271048,qwen_instruct
2.0,1.1722794431617944,qwen_instruct
2.0,0.9135088491502937,qwen_instruct
2.0,0.8864366423821451,qwen_instruct
2.0,0.5617459354302456,qwen_instruct
2.0,1.2132620535564342,qwen_instruct
2.0,1.4592245624516116,qwen_instruct
2.0,1.5626491569271048,qwen_instruct
2.0,1.1722794431617944,qwen_instruct
2.0,0.9135088491502937,qwen_instruct
2.0,0.8864366423821451,qwen_instruct
2.0,0.5617459354302456,qwen_instruct
2.0,1.2132620535564342,qwen_instruct
2.0,1.4592245624516116,qwen_instruct
2.0,1.5626491569271048,qwen_instruct
2.0,1.1722794431617944,qwen_instruct
2.0,0.9135088491502937,qwen_instruct
2.0,0.8864366423821451,qwen_instruct
2.0,0.5617459354302456,qwen_instruct
2.0,1.2132620535564342,qwen_instruct
2.0,1.4592245624516116,qwen_instruct
2.0,1.5626491569271048,qwen_instruct
2.0,1.256893882914188,qwen_instruct
2.0,0.9070129105023732,qwen_instruct
2.0,0.9206061252395414,qwen_instruct
2.0,0.7568028429664978,qwen_instruct
2.0,1.2685571241895883,qwen_instruct
2.0,1.6059536030403394,qwen_instruct
2.0,1.7046529820514889,qwen_instruct
2.0,1.256893882914188,qwen_instruct
2.0,0.9070129105023732,qwen_instruct
2.0,0.9206061252395414,qwen_instruct
2.0,0.7568028429664978,qwen_instruct
2.0,1.2685571241895883,qwen_instruct
2.0,1.6059536030403394,qwen_instruct
2.0,1.7046529820514889,qwen_instruct
2.0,1.256893882914188,qwen_instruct
2.0,0.9070129105023732,qwen_instruct
2.0,0.9206061252395414,qwen_instruct
2.0,0.7568028429664978,qwen_instruct
2.0,1.2685571241895883,qwen_instruct
2.0,1.6059536030403394,qwen_instruct
2.0,1.7046529820514889,qwen_instruct
2.0,1.256893882914188,qwen_instruct
2.0,0.9070129105023732,qwen_instruct
2.0,0.9206061252395414,qwen_instruct
2.0,0.7568028429664978,qwen_instruct
2.0,1.2685571241895883,qwen_instruct
2.0,1.6059536030403394,qwen_instruct
2.0,1.7046529820514889,qwen_instruct
2.0,1.368351599132128,qwen_instruct
2.0,1.035487290170659,qwen_instruct
2.0,1.0968511259709848,qwen_instruct
2.0,0.861086765605,qwen_instruct
2.0,1.3636411445970522,qwen_instruct
2.0,1.8247020517232568,qwen_instruct
2.0,1.8895239340809986,qwen_instruct
2.0,1.368351599132128,qwen_instruct
2.0,1.035487290170659,qwen_instruct
2.0,1.0968511259709848,qwen_instruct
2.0,0.861086765605,qwen_instruct
2.0,1.3636411445970522,qwen_instruct
2.0,1.8247020517232568,qwen_instruct
2.0,1.8895239340809986,qwen_instruct
2.0,1.368351599132128,qwen_instruct
2.0,1.035487290170659,qwen_instruct
2.0,1.0968511259709848,qwen_instruct
2.0,0.861086765605,qwen_instruct
2.0,1.3636411445970522,qwen_instruct
2.0,1.8247020517232568,qwen_instruct
2.0,1.8895239340809986,qwen_instruct
2.0,1.368351599132128,qwen_instruct
2.0,1.035487290170659,qwen_instruct
2.0,1.0968511259709848,qwen_instruct
2.0,0.861086765605,qwen_instruct
2.0,1.3636411445970522,qwen_instruct
2.0,1.8247020517232568,qwen_instruct
2.0,1.8895239340809986,qwen_instruct
2.0,1.2850834783687288,qwen_instruct
2.0,0.9927778326442956,qwen_instruct
2.0,0.9903603166381304,qwen_instruct
2.0,0.8318996517096504,qwen_instruct
2.0,1.2943232945374004,qwen_instruct
2.0,1.6162595503437431,qwen_instruct
2.0,1.767840413358084,qwen_instruct
2.0,1.2850834783687288,qwen_instruct
2.0,0.9927778326442956,qwen_instruct
2.0,0.9903603166381304,qwen_instruct
2.0,0.8318996517096504,qwen_instruct
2.0,1.2943232945374004,qwen_instruct
2.0,1.6162595503437431,qwen_instruct
2.0,1.767840413358084,qwen_instruct
2.0,1.2850834783687288,qwen_instruct
2.0,0.9927778326442956,qwen_instruct
2.0,0.9903603166381304,qwen_instruct
2.0,0.8318996517096504,qwen_instruct
2.0,1.2943232945374004,qwen_instruct
2.0,1.6162595503437431,qwen_instruct
2.0,1.767840413358084,qwen_instruct
2.0,1.2850834783687288,qwen_instruct
2.0,0.9927778326442956,qwen_instruct
2.0,0.9903603166381304,qwen_instruct
2.0,0.8318996517096504,qwen_instruct
2.0,1.2943232945374004,qwen_instruct
2.0,1.6162595503437431,qwen_instruct
2.0,1.767840413358084,qwen_instruct
2.0,1.1645139735005259,qwen_instruct
2.0,0.9057433794890252,qwen_instruct
2.0,0.8786711727208766,qwen_instruct
2.0,0.5594180793065491,qwen_instruct
2.0,1.2054965838951657,qwen_instruct
2.0,1.451459092790343,qwen_instruct
2.0,1.5548836872658363,qwen_instruct
2.0,1.1645139735005259,qwen_instruct
2.0,0.9057433794890252,qwen_instruct
2.0,0.8786711727208766,qwen_instruct
2.0,0.5594180793065491,qwen_instruct
2.0,1.2054965838951657,qwen_instruct
2.0,1.451459092790343,qwen_instruct
2.0,1.5548836872658363,qwen_instruct
2.0,1.1645139735005259,qwen_instruct
2.0,0.9057433794890252,qwen_instruct
2.0,0.8786711727208766,qwen_instruct
2.0,0.5594180793065491,qwen_instruct
2.0,1.2054965838951657,qwen_instruct
2.0,1.451459092790343,qwen_instruct
2.0,1.5548836872658363,qwen_instruct
2.0,1.1645139735005259,qwen_instruct
2.0,0.9057433794890252,qwen_instruct
2.0,0.8786711727208766,qwen_instruct
2.0,0.5594180793065491,qwen_instruct
2.0,1.2054965838951657,qwen_instruct
2.0,1.451459092790343,qwen_instruct
2.0,1.5548836872658363,qwen_instruct
2.0,1.1453518510544454,qwen_instruct
2.0,0.8746398666375997,qwen_instruct
2.0,0.8952620030146813,qwen_instruct
2.0,0.6404408406253197,qwen_instruct
2.0,1.1590374996264805,qwen_instruct
2.0,1.496796492639165,qwen_instruct
2.0,1.4937464789856576,qwen_instruct
2.0,1.1453518510544454,qwen_instruct
2.0,0.8746398666375997,qwen_instruct
2.0,0.8952620030146813,qwen_instruct
2.0,0.6404408406253197,qwen_instruct
2.0,1.1590374996264805,qwen_instruct
2.0,1.496796492639165,qwen_instruct
2.0,1.4937464789856576,qwen_instruct
2.0,1.1453518510544454,qwen_instruct
2.0,0.8746398666375997,qwen_instruct
2.0,0.8952620030146813,qwen_instruct
2.0,0.6404408406253197,qwen_instruct
2.0,1.1590374996264805,qwen_instruct
2.0,1.496796492639165,qwen_instruct
2.0,1.4937464789856576,qwen_instruct
2.0,1.1453518510544454,qwen_instruct
2.0,0.8746398666375997,qwen_instruct
2.0,0.8952620030146813,qwen_instruct
2.0,0.6404408406253197,qwen_instruct
2.0,1.1590374996264805,qwen_instruct
2.0,1.496796492639165,qwen_instruct
2.0,1.4937464789856576,qwen_instruct
1.0,0.2039491978597633,qwen_instruct
1.0,0.007167840705218579,qwen_instruct
1.0,0.1411208612562172,qwen_instruct
1.0,-0.06753728407157537,qwen_instruct
1.0,0.2196154477322119,qwen_instruct
1.0,0.32688792564416286,qwen_instruct
1.0,0.06310965961641057,qwen_instruct
1.0,0.2039491978597633,qwen_instruct
1.0,0.007167840705218579,qwen_instruct
1.0,0.1411208612562172,qwen_instruct
1.0,-0.06753728407157537,qwen_instruct
1.0,0.2196154477322119,qwen_instruct
1.0,0.32688792564416286,qwen_instruct
1.0,0.06310965961641057,qwen_instruct
1.0,0.2039491978597633,qwen_instruct
1.0,0.007167840705218579,qwen_instruct
1.0,0.1411208612562172,qwen_instruct
1.0,-0.06753728407157537,qwen_instruct
1.0,0.2196154477322119,qwen_instruct
1.0,0.32688792564416286,qwen_instruct
1.0,0.06310965961641057,qwen_instruct
1.0,0.2039491978597633,qwen_instruct
1.0,0.007167840705218579,qwen_instruct
1.0,0.1411208612562172,qwen_instruct
1.0,-0.06753728407157537,qwen_instruct
1.0,0.2196154477322119,qwen_instruct
1.0,0.32688792564416286,qwen_instruct
1.0,0.06310965961641057,qwen_instruct
1.0,0.2608956134540264,qwen_instruct
1.0,0.19033239302696928,qwen_instruct
1.0,0.2042615416336299,qwen_instruct
1.0,0.08842741277732356,qwen_instruct
1.0,0.2905893211072198,qwen_instruct
1.0,0.229718600761907,qwen_instruct
1.0,0.042208983954496654,qwen_instruct
1.0,0.2608956134540264,qwen_instruct
1.0,0.19033239302696928,qwen_instruct
1.0,0.2042615416336299,qwen_instruct
1.0,0.08842741277732356,qwen_instruct
1.0,0.2905893211072198,qwen_instruct
1.0,0.229718600761907,qwen_instruct
1.0,0.042208983954496654,qwen_instruct
1.0,0.2608956134540264,qwen_instruct
1.0,0.19033239302696928,qwen_instruct
1.0,0.2042615416336299,qwen_instruct
1.0,0.08842741277732356,qwen_instruct
1.0,0.2905893211072198,qwen_instruct
1.0,0.229718600761907,qwen_instruct
1.0,0.042208983954496654,qwen_instruct
1.0,0.2608956134540264,qwen_instruct
1.0,0.19033239302696928,qwen_instruct
1.0,0.2042615416336299,qwen_instruct
1.0,0.08842741277732356,qwen_instruct
1.0,0.2905893211072198,qwen_instruct
1.0,0.229718600761907,qwen_instruct
1.0,0.042208983954496654,qwen_instruct
1.0,0.501725571821606,qwen_instruct
1.0,0.5281875276524974,qwen_instruct
1.0,0.3492555947150439,qwen_instruct
1.0,0.25253432271121823,qwen_instruct
1.0,0.5166239729261238,qwen_instruct
1.0,0.574194044844373,qwen_instruct
1.0,0.3251162976076464,qwen_instruct
1.0,0.501725571821606,qwen_instruct
1.0,0.5281875276524974,qwen_instruct
1.0,0.3492555947150439,qwen_instruct
1.0,0.25253432271121823,qwen_instruct
1.0,0.5166239729261238,qwen_instruct
1.0,0.574194044844373,qwen_instruct
1.0,0.3251162976076464,qwen_instruct
1.0,0.501725571821606,qwen_instruct
1.0,0.5281875276524974,qwen_instruct
1.0,0.3492555947150439,qwen_instruct
1.0,0.25253432271121823,qwen_instruct
1.0,0.5166239729261238,qwen_instruct
1.0,0.574194044844373,qwen_instruct
1.0,0.3251162976076464,qwen_instruct
1.0,0.501725571821606,qwen_instruct
1.0,0.5281875276524974,qwen_instruct
1.0,0.3492555947150439,qwen_instruct
1.0,0.25253432271121823,qwen_instruct
1.0,0.5166239729261238,qwen_instruct
1.0,0.574194044844373,qwen_instruct
1.0,0.3251162976076464,qwen_instruct
-1.0,-1.8114619595231274,qwen_instruct
-1.0,-1.5548078274652832,qwen_instruct
-1.0,-1.4961801696991004,qwen_instruct
-1.0,-0.5618612412631395,qwen_instruct
-1.0,-1.893413508203784,qwen_instruct
-1.0,-2.50672626094673,qwen_instruct
-1.0,-2.047781058125341,qwen_instruct
-1.0,-1.8114619595231274,qwen_instruct
-1.0,-1.5548078274652832,qwen_instruct
-1.0,-1.4961801696991004,qwen_instruct
-1.0,-0.5618612412631395,qwen_instruct
-1.0,-1.893413508203784,qwen_instruct
-1.0,-2.50672626094673,qwen_instruct
-1.0,-2.047781058125341,qwen_instruct
-1.0,-1.8114619595231274,qwen_instruct
-1.0,-1.5548078274652832,qwen_instruct
-1.0,-1.4961801696991004,qwen_instruct
-1.0,-0.5618612412631395,qwen_instruct
-1.0,-1.893413508203784,qwen_instruct
-1.0,-2.50672626094673,qwen_instruct
-1.0,-2.047781058125341,qwen_instruct
-1.0,-1.8114619595231274,qwen_instruct
-1.0,-1.5548078274652832,qwen_instruct
-1.0,-1.4961801696991004,qwen_instruct
-1.0,-0.5618612412631395,qwen_instruct
-1.0,-1.893413508203784,qwen_instruct
-1.0,-2.50672626094673,qwen_instruct
-1.0,-2.047781058125341,qwen_instruct
1.0,0.11253828767458124,qwen_instruct
1.0,0.016972849535702158,qwen_instruct
1.0,0.03988445009392772,qwen_instruct
1.0,-0.17344501832245598,qwen_instruct
1.0,0.1432891571221435,qwen_instruct
1.0,0.026587040361610994,qwen_instruct
1.0,-0.11167285233430316,qwen_instruct
1.0,0.11253828767458124,qwen_instruct
1.0,0.016972849535702158,qwen_instruct
1.0,0.03988445009392772,qwen_instruct
1.0,-0.17344501832245598,qwen_instruct
1.0,0.1432891571221435,qwen_instruct
1.0,0.026587040361610994,qwen_instruct
1.0,-0.11167285233430316,qwen_instruct
1.0,0.11253828767458124,qwen_instruct
1.0,0.016972849535702158,qwen_instruct
1.0,0.03988445009392772,qwen_instruct
1.0,-0.17344501832245598,qwen_instruct
1.0,0.1432891571221435,qwen_instruct
1.0,-0.11167285233430316,qwen_instruct
1.0,0.11253828767458124,qwen_instruct
1.0,0.016972849535702158,qwen_instruct
1.0,0.03988445009392772,qwen_instruct
1.0,-0.17344501832245598,qwen_instruct
1.0,0.1432891571221435,qwen_instruct
1.0,0.026587040361610994,qwen_instruct
1.0,-0.11167285233430316,qwen_instruct
-1.0,-2.0133544506657626,qwen_instruct
-1.0,-1.7390253601516472,qwen_instruct
-1.0,-1.6825895393946384,qwen_instruct
-1.0,-0.9096587490383194,qwen_instruct
-1.0,-2.2191352076187836,qwen_instruct
-1.0,-3.0219561039530154,qwen_instruct
-1.0,-2.2700065807460517,qwen_instruct
-1.0,-2.0133544506657626,qwen_instruct
-1.0,-1.7390253601516472,qwen_instruct
-1.0,-1.6825895393946384,qwen_instruct
-1.0,-0.9096587490383194,qwen_instruct
-1.0,-2.2191352076187836,qwen_instruct
-1.0,-3.0219561039530154,qwen_instruct
-1.0,-2.2700065807460517,qwen_instruct
-1.0,-2.0133544506657626,qwen_instruct
-1.0,-1.7390253601516472,qwen_instruct
-1.0,-1.6825895393946384,qwen_instruct
-1.0,-0.9096587490383194,qwen_instruct
-1.0,-2.2191352076187836,qwen_instruct
-1.0,-3.0219561039530154,qwen_instruct
-1.0,-2.2700065807460517,qwen_instruct
-1.0,-2.0133544506657626,qwen_instruct
-1.0,-1.7390253601516472,qwen_instruct
-1.0,-1.6825895393946384,qwen_instruct
-1.0,-0.9096587490383194,qwen_instruct
-1.0,-2.2191352076187836,qwen_instruct
-1.0,-3.0219561039530154,qwen_instruct
-1.0,-2.2700065807460517,qwen_instruct
1.0,0.2883846483045545,qwen_instruct
1.0,0.1928192101656762,qwen_instruct
1.0,0.21036607572376087,qwen_instruct
1.0,0.07074719270455576,qwen_instruct
1.0,0.319135517752117,qwen_instruct
1.0,0.24948682181787024,qwen_instruct
1.0,0.0645674381645405,qwen_instruct
1.0,0.2883846483045545,qwen_instruct
1.0,0.1928192101656762,qwen_instruct
1.0,0.21036607572376087,qwen_instruct
1.0,0.07074719270455576,qwen_instruct
1.0,0.319135517752117,qwen_instruct
1.0,0.24948682181787024,qwen_instruct
1.0,0.0645674381645405,qwen_instruct
1.0,0.2883846483045545,qwen_instruct
1.0,0.1928192101656762,qwen_instruct
1.0,0.21036607572376087,qwen_instruct
1.0,0.07074719270455576,qwen_instruct
1.0,0.319135517752117,qwen_instruct
1.0,0.24948682181787024,qwen_instruct
1.0,0.0645674381645405,qwen_instruct
1.0,0.2883846483045545,qwen_instruct
1.0,0.1928192101656762,qwen_instruct
1.0,0.21036607572376087,qwen_instruct
1.0,0.07074719270455576,qwen_instruct
1.0,0.319135517752117,qwen_instruct
1.0,0.24948682181787024,qwen_instruct
1.0,0.0645674381645405,qwen_instruct
1.0,0.42160221445811213,qwen_instruct
1.0,0.44806417028900347,qwen_instruct
1.0,0.29793015263070205,qwen_instruct
1.0,0.18328342737987238,qwen_instruct
1.0,0.43650061556262987,qwen_instruct
1.0,0.5110470280742813,qwen_instruct
1.0,0.24537378839209478,qwen_instruct
1.0,0.42160221445811213,qwen_instruct
1.0,0.44806417028900347,qwen_instruct
1.0,0.29793015263070205,qwen_instruct
1.0,0.18328342737987238,qwen_instruct
1.0,0.43650061556262987,qwen_instruct
1.0,0.5110470280742813,qwen_instruct
1.0,0.24537378839209478,qwen_instruct
1.0,0.42160221445811213,qwen_instruct
1.0,0.44806417028900347,qwen_instruct
1.0,0.29793015263070205,qwen_instruct
1.0,0.18328342737987238,qwen_instruct
1.0,0.43650061556262987,qwen_instruct
1.0,0.5110470280742813,qwen_instruct
1.0,0.24537378839209478,qwen_instruct
1.0,0.42160221445811213,qwen_instruct
1.0,0.44806417028900347,qwen_instruct
1.0,0.29793015263070205,qwen_instruct
1.0,0.18328342737987238,qwen_instruct
1.0,0.43650061556262987,qwen_instruct
1.0,0.5110470280742813,qwen_instruct
1.0,0.24537378839209478,qwen_instruct
1.0,0.3121484968748886,qwen_instruct
1.0,0.21658305873601033,qwen_instruct
1.0,0.234129924294095,qwen_instruct
1.0,0.09654170607233972,qwen_instruct
1.0,0.342899366322451,qwen_instruct
1.0,0.2712220275844133,qwen_instruct
1.0,0.08833128673487471,qwen_instruct
1.0,0.3121484968748886,qwen_instruct
1.0,0.21658305873601033,qwen_instruct
1.0,0.234129924294095,qwen_instruct
1.0,0.09654170607233972,qwen_instruct
1.0,0.342899366322451,qwen_instruct
1.0,0.2712220275844133,qwen_instruct
1.0,0.08833128673487471,qwen_instruct
1.0,0.3121484968748886,qwen_instruct
1.0,0.21658305873601033,qwen_instruct
1.0,0.234129924294095,qwen_instruct
1.0,0.09654170607233972,qwen_instruct
1.0,0.342899366322451,qwen_instruct
1.0,0.08833128673487471,qwen_instruct
1.0,0.3121484968748886,qwen_instruct
1.0,0.21658305873601033,qwen_instruct
1.0,0.234129924294095,qwen_instruct
1.0,0.09654170607233972,qwen_instruct
1.0,0.342899366322451,qwen_instruct
1.0,0.2712220275844133,qwen_instruct
1.0,0.08833128673487471,qwen_instruct
1.0,0.20688173792629713,qwen_instruct
1.0,0.14079652512492524,qwen_instruct
1.0,0.07526911098962817,qwen_instruct
1.0,-0.07586888870317789,qwen_instruct
1.0,0.220931239937122,qwen_instruct
1.0,0.3183980301819741,qwen_instruct
1.0,0.1025683466860869,qwen_instruct
1.0,0.20688173792629713,qwen_instruct
1.0,0.14079652512492524,qwen_instruct
1.0,0.07526911098962817,qwen_instruct
1.0,-0.07586888870317789,qwen_instruct
1.0,0.220931239937122,qwen_instruct
1.0,0.3183980301819741,qwen_instruct
1.0,0.1025683466860869,qwen_instruct
1.0,0.20688173792629713,qwen_instruct
1.0,0.14079652512492524,qwen_instruct
1.0,0.07526911098962817,qwen_instruct
1.0,-0.07586888870317789,qwen_instruct
1.0,0.220931239937122,qwen_instruct
1.0,0.1025683466860869,qwen_instruct
1.0,0.20688173792629713,qwen_instruct
1.0,0.14079652512492524,qwen_instruct
1.0,0.07526911098962817,qwen_instruct
1.0,-0.07586888870317789,qwen_instruct
1.0,0.220931239937122,qwen_instruct
1.0,0.1025683466860869,qwen_instruct
-1.0,-1.841694727924186,qwen_instruct
-1.0,-1.5948752388712737,qwen_instruct
-1.0,-1.5187777687089261,qwen_instruct
-1.0,-0.4405878455291897,qwen_instruct
-1.0,-1.9195205735494902,qwen_instruct
-1.0,-2.9951129672008228,qwen_instruct
-1.0,-2.1553392968359564,qwen_instruct
-1.0,-1.841694727924186,qwen_instruct
-1.0,-1.5948752388712737,qwen_instruct
-1.0,-1.5187777687089261,qwen_instruct
-1.0,-0.4405878455291897,qwen_instruct
-1.0,-1.9195205735494902,qwen_instruct
-1.0,-2.9951129672008228,qwen_instruct
-1.0,-2.1553392968359564,qwen_instruct
-1.0,-1.841694727924186,qwen_instruct
-1.0,-1.5948752388712737,qwen_instruct
-1.0,-1.5187777687089261,qwen_instruct
-1.0,-0.4405878455291897,qwen_instruct
-1.0,-1.9195205735494902,qwen_instruct
-1.0,-2.1553392968359564,qwen_instruct
-1.0,-1.841694727924186,qwen_instruct
-1.0,-1.5948752388712737,qwen_instruct
-1.0,-1.5187777687089261,qwen_instruct
-1.0,-0.4405878455291897,qwen_instruct
-1.0,-1.9195205735494902,qwen_instruct
-1.0,-2.9951129672008228,qwen_instruct
-1.0,-2.1553392968359564,qwen_instruct
1.0,0.19939244776924644,qwen_instruct
1.0,0.0026110906147017413,qwen_instruct
1.0,0.13656411116570036,qwen_instruct
1.0,-0.07209403416209224,qwen_instruct
1.0,0.21505869764169505,qwen_instruct
1.0,0.32233117555364604,qwen_instruct
1.0,0.05855290952589368,qwen_instruct
1.0,0.19939244776924644,qwen_instruct
1.0,0.0026110906147017413,qwen_instruct
1.0,0.13656411116570036,qwen_instruct
1.0,-0.07209403416209224,qwen_instruct
1.0,0.21505869764169505,qwen_instruct
1.0,0.32233117555364604,qwen_instruct
1.0,0.05855290952589368,qwen_instruct
1.0,0.19939244776924644,qwen_instruct
1.0,0.0026110906147017413,qwen_instruct
1.0,0.13656411116570036,qwen_instruct
1.0,-0.07209403416209224,qwen_instruct
1.0,0.21505869764169505,qwen_instruct
1.0,0.05855290952589368,qwen_instruct
1.0,0.19939244776924644,qwen_instruct
1.0,0.0026110906147017413,qwen_instruct
1.0,0.13656411116570036,qwen_instruct
1.0,-0.07209403416209224,qwen_instruct
1.0,0.21505869764169505,qwen_instruct
1.0,0.05855290952589368,qwen_instruct
1.0,0.2755850056629076,qwen_instruct
1.0,0.2572184584443714,qwen_instruct
1.0,0.1827767498769056,qwen_instruct
1.0,0.023484101403924575,qwen_instruct
1.0,0.2892706542349417,qwen_instruct
1.0,0.16125558875917698,qwen_instruct
1.0,0.2755850056629076,qwen_instruct
1.0,0.2572184584443714,qwen_instruct
1.0,0.1827767498769056,qwen_instruct
1.0,0.023484101403924575,qwen_instruct
1.0,0.2892706542349417,qwen_instruct
1.0,0.16125558875917698,qwen_instruct
1.0,0.2755850056629076,qwen_instruct
1.0,0.2572184584443714,qwen_instruct
1.0,0.1827767498769056,qwen_instruct
1.0,0.023484101403924575,qwen_instruct
1.0,0.2892706542349417,qwen_instruct
1.0,0.39643242692386904,qwen_instruct
1.0,0.16125558875917698,qwen_instruct
1.0,0.2755850056629076,qwen_instruct
1.0,0.2572184584443714,qwen_instruct
1.0,0.1827767498769056,qwen_instruct
1.0,0.023484101403924575,qwen_instruct
1.0,0.2892706542349417,qwen_instruct
1.0,0.39643242692386904,qwen_instruct
1.0,0.16125558875917698,qwen_instruct
1.0,0.5064017887971645,qwen_instruct
1.0,0.46589541851111355,qwen_instruct
1.0,0.43144064597565107,qwen_instruct
1.0,0.3619632667166478,qwen_instruct
1.0,0.5554807922952191,qwen_instruct
1.0,0.36602733731326026,qwen_instruct
1.0,0.5064017887971645,qwen_instruct
1.0,0.46589541851111355,qwen_instruct
1.0,0.43144064597565107,qwen_instruct
1.0,0.3619632667166478,qwen_instruct
1.0,0.5554807922952191,qwen_instruct
1.0,0.36602733731326026,qwen_instruct
1.0,0.5064017887971645,qwen_instruct
1.0,0.46589541851111355,qwen_instruct
1.0,0.43144064597565107,qwen_instruct
1.0,0.3619632667166478,qwen_instruct
1.0,0.5554807922952191,qwen_instruct
1.0,0.5631567013446915,qwen_instruct
1.0,0.36602733731326026,qwen_instruct
1.0,0.5064017887971645,qwen_instruct
1.0,0.46589541851111355,qwen_instruct
1.0,0.43144064597565107,qwen_instruct
1.0,0.3619632667166478,qwen_instruct
1.0,0.5554807922952191,qwen_instruct
1.0,0.5631567013446915,qwen_instruct
1.0,0.36602733731326026,qwen_instruct
1.0,0.33840885825043343,qwen_instruct
1.0,0.31738702550053777,qwen_instruct
1.0,0.24560060246443172,qwen_instruct
1.0,0.13575722455833417,qwen_instruct
1.0,0.35209450682246796,qwen_instruct
1.0,0.22407944134670274,qwen_instruct
1.0,0.33840885825043343,qwen_instruct
1.0,0.31738702550053777,qwen_instruct
1.0,0.24560060246443172,qwen_instruct
1.0,0.13575722455833417,qwen_instruct
1.0,0.35209450682246796,qwen_instruct
1.0,0.4441738626239366,qwen_instruct
1.0,0.22407944134670274,qwen_instruct
1.0,0.33840885825043343,qwen_instruct
1.0,0.31738702550053777,qwen_instruct
1.0,0.24560060246443172,qwen_instruct
1.0,0.13575722455833417,qwen_instruct
1.0,0.35209450682246796,qwen_instruct
1.0,0.4441738626239366,qwen_instruct
1.0,0.22407944134670274,qwen_instruct
1.0,0.33840885825043343,qwen_instruct
1.0,0.31738702550053777,qwen_instruct
1.0,0.24560060246443172,qwen_instruct
1.0,0.13575722455833417,qwen_instruct
1.0,0.35209450682246796,qwen_instruct
1.0,0.4441738626239366,qwen_instruct
1.0,0.22407944134670274,qwen_instruct
1.0,0.2979399795174858,qwen_instruct
1.0,0.23052158569169715,qwen_instruct
1.0,0.18424258262354165,qwen_instruct
1.0,0.056918665312248914,qwen_instruct
1.0,0.31198948152831085,qwen_instruct
1.0,0.3989060105226268,qwen_instruct
1.0,0.18752836666306355,qwen_instruct
1.0,0.2979399795174858,qwen_instruct
1.0,0.23052158569169715,qwen_instruct
1.0,0.18424258262354165,qwen_instruct
1.0,0.056918665312248914,qwen_instruct
1.0,0.31198948152831085,qwen_instruct
1.0,0.18752836666306355,qwen_instruct
1.0,0.2979399795174858,qwen_instruct
1.0,0.23052158569169715,qwen_instruct
1.0,0.18424258262354165,qwen_instruct
1.0,0.056918665312248914,qwen_instruct
1.0,0.31198948152831085,qwen_instruct
1.0,0.3989060105226268,qwen_instruct
1.0,0.18752836666306355,qwen_instruct
1.0,0.2979399795174858,qwen_instruct
1.0,0.23052158569169715,qwen_instruct
1.0,0.18424258262354165,qwen_instruct
1.0,0.056918665312248914,qwen_instruct
1.0,0.31198948152831085,qwen_instruct
1.0,0.3989060105226268,qwen_instruct
1.0,0.18752836666306355,qwen_instruct
1.0,0.20439457613765646,qwen_instruct
1.0,0.2308565319685477,qwen_instruct
1.0,0.1962925933062171,qwen_instruct
1.0,-0.0038000252482373914,qwen_instruct
1.0,0.21929297724217406,qwen_instruct
1.0,0.2893479216550129,qwen_instruct
1.0,0.027785301923696527,qwen_instruct
1.0,0.20439457613765646,qwen_instruct
1.0,0.2308565319685477,qwen_instruct
1.0,0.1962925933062171,qwen_instruct
1.0,-0.0038000252482373914,qwen_instruct
1.0,0.21929297724217406,qwen_instruct
1.0,0.2893479216550129,qwen_instruct
1.0,0.027785301923696527,qwen_instruct
1.0,0.20439457613765646,qwen_instruct
1.0,0.2308565319685477,qwen_instruct
1.0,0.1962925933062171,qwen_instruct
1.0,-0.0038000252482373914,qwen_instruct
1.0,0.21929297724217406,qwen_instruct
1.0,0.2893479216550129,qwen_instruct
1.0,0.027785301923696527,qwen_instruct
1.0,0.20439457613765646,qwen_instruct
1.0,0.2308565319685477,qwen_instruct
1.0,0.1962925933062171,qwen_instruct
1.0,-0.0038000252482373914,qwen_instruct
1.0,0.21929297724217406,qwen_instruct
1.0,0.2893479216550129,qwen_instruct
1.0,0.027785301923696527,qwen_instruct
1.0,0.251851573631813,qwen_instruct
1.0,0.21228093282117422,qwen_instruct
1.0,0.18565852276540373,qwen_instruct
1.0,0.07906156292071595,qwen_instruct
1.0,0.30164150350993457,qwen_instruct
1.0,0.11147712214790845,qwen_instruct
1.0,0.251851573631813,qwen_instruct
1.0,0.21228093282117422,qwen_instruct
1.0,0.18565852276540373,qwen_instruct
1.0,0.07906156292071595,qwen_instruct
1.0,0.30164150350993457,qwen_instruct
1.0,0.11147712214790845,qwen_instruct
1.0,0.251851573631813,qwen_instruct
1.0,0.21228093282117422,qwen_instruct
1.0,0.18565852276540373,qwen_instruct
1.0,0.07906156292071595,qwen_instruct
1.0,0.30164150350993457,qwen_instruct
1.0,0.33808070959121395,qwen_instruct
1.0,0.11147712214790845,qwen_instruct
1.0,0.251851573631813,qwen_instruct
1.0,0.21228093282117422,qwen_instruct
1.0,0.18565852276540373,qwen_instruct
1.0,0.07906156292071595,qwen_instruct
1.0,0.30164150350993457,qwen_instruct
1.0,0.33808070959121395,qwen_instruct
1.0,0.11147712214790845,qwen_instruct
1.0,0.25196083043666917,qwen_instruct
1.0,0.21145446015061795,qwen_instruct
1.0,0.17699968761515586,qwen_instruct
1.0,0.0896678047016106,qwen_instruct
1.0,0.3021040567188006,qwen_instruct
1.0,0.11158637895276491,qwen_instruct
1.0,0.25196083043666917,qwen_instruct
1.0,0.21145446015061795,qwen_instruct
1.0,0.17699968761515586,qwen_instruct
1.0,0.0896678047016106,qwen_instruct
1.0,0.3021040567188006,qwen_instruct
1.0,0.11158637895276491,qwen_instruct
1.0,0.25196083043666917,qwen_instruct
1.0,0.21145446015061795,qwen_instruct
1.0,0.17699968761515586,qwen_instruct
1.0,0.0896678047016106,qwen_instruct
1.0,0.3021040567188006,qwen_instruct
1.0,0.30959657947587504,qwen_instruct
1.0,0.11158637895276491,qwen_instruct
1.0,0.25196083043666917,qwen_instruct
1.0,0.21145446015061795,qwen_instruct
1.0,0.17699968761515586,qwen_instruct
1.0,0.0896678047016106,qwen_instruct
1.0,0.3021040567188006,qwen_instruct
1.0,0.30959657947587504,qwen_instruct
1.0,0.11158637895276491,qwen_instruct
1.0,0.37617335310359373,qwen_instruct
1.0,0.30151376048119927,qwen_instruct
1.0,0.3171898610427382,qwen_instruct
1.0,0.22635801347709333,qwen_instruct
1.0,0.4054258747487655,qwen_instruct
1.0,0.3388972322457459,qwen_instruct
1.0,0.15479950799451275,qwen_instruct
1.0,0.37617335310359373,qwen_instruct
1.0,0.30151376048119927,qwen_instruct
1.0,0.3171898610427382,qwen_instruct
1.0,0.22635801347709333,qwen_instruct
1.0,0.4054258747487655,qwen_instruct
1.0,0.15479950799451275,qwen_instruct
1.0,0.37617335310359373,qwen_instruct
1.0,0.30151376048119927,qwen_instruct
1.0,0.3171898610427382,qwen_instruct
1.0,0.22635801347709333,qwen_instruct
1.0,0.4054258747487655,qwen_instruct
1.0,0.3388972322457459,qwen_instruct
1.0,0.15479950799451275,qwen_instruct
1.0,0.37617335310359373,qwen_instruct
1.0,0.30151376048119927,qwen_instruct
1.0,0.3171898610427382,qwen_instruct
1.0,0.22635801347709333,qwen_instruct
1.0,0.4054258747487655,qwen_instruct
1.0,0.3388972322457459,qwen_instruct
1.0,0.15479950799451275,qwen_instruct
1.0,0.1584416603533159,qwen_instruct
1.0,0.14665268818267904,qwen_instruct
1.0,0.18307055397360683,qwen_instruct
1.0,-0.03892648133019647,qwen_instruct
1.0,0.17245440695538267,qwen_instruct
1.0,0.2429399668912671,qwen_instruct
1.0,0.018262614862373055,qwen_instruct
1.0,0.1584416603533159,qwen_instruct
1.0,0.14665268818267904,qwen_instruct
1.0,0.18307055397360683,qwen_instruct
1.0,-0.03892648133019647,qwen_instruct
1.0,0.17245440695538267,qwen_instruct
1.0,0.018262614862373055,qwen_instruct
1.0,0.1584416603533159,qwen_instruct
1.0,0.14665268818267904,qwen_instruct
1.0,0.18307055397360683,qwen_instruct
1.0,-0.03892648133019647,qwen_instruct
1.0,0.17245440695538267,qwen_instruct
1.0,0.2429399668912671,qwen_instruct
1.0,0.018262614862373055,qwen_instruct
1.0,0.1584416603533159,qwen_instruct
1.0,0.14665268818267904,qwen_instruct
1.0,0.18307055397360683,qwen_instruct
1.0,-0.03892648133019647,qwen_instruct
1.0,0.17245440695538267,qwen_instruct
1.0,0.2429399668912671,qwen_instruct
1.0,0.018262614862373055,qwen_instruct
1.0,0.20404013991375147,qwen_instruct
1.0,0.23050209574464328,qwen_instruct
1.0,0.19593815708231235,qwen_instruct
1.0,-0.007888114922418869,qwen_instruct
1.0,0.21893854101826907,qwen_instruct
1.0,0.027430865699791612,qwen_instruct
1.0,0.20404013991375147,qwen_instruct
1.0,0.23050209574464328,qwen_instruct
1.0,0.19593815708231235,qwen_instruct
1.0,-0.007888114922418869,qwen_instruct
1.0,0.21893854101826907,qwen_instruct
1.0,0.027430865699791612,qwen_instruct
1.0,0.20404013991375147,qwen_instruct
1.0,0.23050209574464328,qwen_instruct
1.0,0.19593815708231235,qwen_instruct
1.0,-0.007888114922418869,qwen_instruct
1.0,0.21893854101826907,qwen_instruct
1.0,0.28899348543110803,qwen_instruct
1.0,0.027430865699791612,qwen_instruct
1.0,0.20404013991375147,qwen_instruct
1.0,0.23050209574464328,qwen_instruct
1.0,0.19593815708231235,qwen_instruct
1.0,-0.007888114922418869,qwen_instruct
1.0,0.21893854101826907,qwen_instruct
1.0,0.28899348543110803,qwen_instruct
1.0,0.027430865699791612,qwen_instruct
1.0,0.3173577593289138,qwen_instruct
1.0,0.30820309251810085,qwen_instruct
1.0,0.3418976101493895,qwen_instruct
1.0,0.15626374607718946,qwen_instruct
1.0,0.3313705059309804,qwen_instruct
1.0,0.1771787138379706,qwen_instruct
1.0,0.3173577593289138,qwen_instruct
1.0,0.30820309251810085,qwen_instruct
1.0,0.3418976101493895,qwen_instruct
1.0,0.15626374607718946,qwen_instruct
1.0,0.3313705059309804,qwen_instruct
1.0,0.1771787138379706,qwen_instruct
1.0,0.3173577593289138,qwen_instruct
1.0,0.30820309251810085,qwen_instruct
1.0,0.3418976101493895,qwen_instruct
1.0,0.15626374607718946,qwen_instruct
1.0,0.3313705059309804,qwen_instruct
1.0,0.3878965627013028,qwen_instruct
1.0,0.1771787138379706,qwen_instruct
1.0,0.3173577593289138,qwen_instruct
1.0,0.30820309251810085,qwen_instruct
1.0,0.3418976101493895,qwen_instruct
1.0,0.15626374607718946,qwen_instruct
1.0,0.3313705059309804,qwen_instruct
1.0,0.3878965627013028,qwen_instruct
1.0,0.1771787138379706,qwen_instruct
1.0,0.2028544762787113,qwen_instruct
1.0,0.15109431409101348,qwen_instruct
1.0,0.14923571921799647,qwen_instruct
1.0,0.029862314260656834,qwen_instruct
1.0,0.2321069979238828,qwen_instruct
1.0,-0.01869938134853811,qwen_instruct
1.0,0.2028544762787113,qwen_instruct
1.0,0.15109431409101348,qwen_instruct
1.0,0.14923571921799647,qwen_instruct
1.0,0.029862314260656834,qwen_instruct
1.0,0.2321069979238828,qwen_instruct
1.0,-0.01869938134853811,qwen_instruct
1.0,0.2028544762787113,qwen_instruct
1.0,0.15109431409101348,qwen_instruct
1.0,0.14923571921799647,qwen_instruct
1.0,0.029862314260656834,qwen_instruct
1.0,0.2321069979238828,qwen_instruct
1.0,0.18692407442617756,qwen_instruct
1.0,-0.01869938134853811,qwen_instruct
1.0,0.2028544762787113,qwen_instruct
1.0,0.15109431409101348,qwen_instruct
1.0,0.14923571921799647,qwen_instruct
1.0,0.029862314260656834,qwen_instruct
1.0,0.2321069979238828,qwen_instruct
1.0,0.18692407442617756,qwen_instruct
1.0,-0.01869938134853811,qwen_instruct
2.0,1.2707081274871705,qwen_instruct
2.0,0.9784024817627351,qwen_instruct
2.0,0.9825129693736661,qwen_instruct
2.0,0.7860092898425955,qwen_instruct
2.0,1.2799479436558416,qwen_instruct
2.0,1.6066564554040426,qwen_instruct
2.0,1.7538459106244686,qwen_instruct
2.0,1.2707081274871705,qwen_instruct
2.0,0.9784024817627351,qwen_instruct
2.0,0.9825129693736661,qwen_instruct
2.0,0.7860092898425955,qwen_instruct
2.0,1.2799479436558416,qwen_instruct
2.0,1.6066564554040426,qwen_instruct
2.0,1.7538459106244686,qwen_instruct
2.0,1.2707081274871705,qwen_instruct
2.0,0.9784024817627351,qwen_instruct
2.0,0.9825129693736661,qwen_instruct
2.0,0.7860092898425955,qwen_instruct
2.0,1.2799479436558416,qwen_instruct
2.0,1.6066564554040426,qwen_instruct
2.0,1.7538459106244686,qwen_instruct
2.0,1.2707081274871705,qwen_instruct
2.0,0.9784024817627351,qwen_instruct
2.0,0.9825129693736661,qwen_instruct
2.0,0.7860092898425955,qwen_instruct
2.0,1.2799479436558416,qwen_instruct
2.0,1.6066564554040426,qwen_instruct
2.0,1.7538459106244686,qwen_instruct
2.0,1.0831719084847051,qwen_instruct
2.0,0.8186818718467131,qwen_instruct
2.0,0.8243686876555998,qwen_instruct
2.0,0.5791297028123995,qwen_instruct
2.0,1.0968575570567398,qwen_instruct
2.0,1.4282285382829902,qwen_instruct
2.0,1.4315665364159182,qwen_instruct
2.0,1.0831719084847051,qwen_instruct
2.0,0.8186818718467131,qwen_instruct
2.0,0.8243686876555998,qwen_instruct
2.0,0.5791297028123995,qwen_instruct
2.0,1.0968575570567398,qwen_instruct
2.0,1.4282285382829902,qwen_instruct
2.0,1.4315665364159182,qwen_instruct
2.0,1.0831719084847051,qwen_instruct
2.0,0.8186818718467131,qwen_instruct
2.0,0.8243686876555998,qwen_instruct
2.0,0.5791297028123995,qwen_instruct
2.0,1.0968575570567398,qwen_instruct
2.0,1.4282285382829902,qwen_instruct
2.0,1.4315665364159182,qwen_instruct
2.0,1.0831719084847051,qwen_instruct
2.0,0.8186818718467131,qwen_instruct
2.0,0.8243686876555998,qwen_instruct
2.0,0.5791297028123995,qwen_instruct
2.0,1.0968575570567398,qwen_instruct
2.0,1.4282285382829902,qwen_instruct
2.0,1.4315665364159182,qwen_instruct
2.0,1.2050981750442988,qwen_instruct
2.0,0.8618720074116892,qwen_instruct
2.0,0.894769726271128,qwen_instruct
2.0,0.7156099166212906,qwen_instruct
2.0,1.2167614163196998,qwen_instruct
2.0,1.5275304972365207,qwen_instruct
2.0,1.647395201317206,qwen_instruct
2.0,1.2050981750442988,qwen_instruct
2.0,0.8618720074116892,qwen_instruct
2.0,0.894769726271128,qwen_instruct
2.0,0.7156099166212906,qwen_instruct
2.0,1.2167614163196998,qwen_instruct
2.0,1.5275304972365207,qwen_instruct
2.0,1.647395201317206,qwen_instruct
2.0,1.2050981750442988,qwen_instruct
2.0,0.8618720074116892,qwen_instruct
2.0,0.894769726271128,qwen_instruct
2.0,0.7156099166212906,qwen_instruct
2.0,1.2167614163196998,qwen_instruct
2.0,1.5275304972365207,qwen_instruct
2.0,1.647395201317206,qwen_instruct
2.0,1.2050981750442988,qwen_instruct
2.0,0.8618720074116892,qwen_instruct
2.0,0.894769726271128,qwen_instruct
2.0,0.7156099166212906,qwen_instruct
2.0,1.2167614163196998,qwen_instruct
2.0,1.5275304972365207,qwen_instruct
2.0,1.647395201317206,qwen_instruct
2.0,1.2915125073231342,qwen_instruct
2.0,0.9391526180485545,qwen_instruct
2.0,0.9552247496484877,qwen_instruct
2.0,0.791421467375444,qwen_instruct
2.0,1.3031757485985347,qwen_instruct
2.0,1.6405722274492858,qwen_instruct
2.0,1.7392716064604352,qwen_instruct
2.0,1.2915125073231342,qwen_instruct
2.0,0.9391526180485545,qwen_instruct
2.0,0.9552247496484877,qwen_instruct
2.0,0.791421467375444,qwen_instruct
2.0,1.3031757485985347,qwen_instruct
2.0,1.6405722274492858,qwen_instruct
2.0,1.7392716064604352,qwen_instruct
2.0,1.2915125073231342,qwen_instruct
2.0,0.9391526180485545,qwen_instruct
2.0,0.9552247496484877,qwen_instruct
2.0,0.791421467375444,qwen_instruct
2.0,1.3031757485985347,qwen_instruct
2.0,1.6405722274492858,qwen_instruct
2.0,1.7392716064604352,qwen_instruct
2.0,1.2915125073231342,qwen_instruct
2.0,0.9391526180485545,qwen_instruct
2.0,0.9552247496484877,qwen_instruct
2.0,0.791421467375444,qwen_instruct
2.0,1.3031757485985347,qwen_instruct
2.0,1.6405722274492858,qwen_instruct
2.0,1.7392716064604352,qwen_instruct
2.0,1.116012473896686,qwen_instruct
2.0,0.857241879885185,qwen_instruct
2.0,0.8301696731170367,qwen_instruct
2.0,0.5109165797027097,qwen_instruct
2.0,1.156995084291326,qwen_instruct
2.0,1.414768238437443,qwen_instruct
2.0,1.5063821876619972,qwen_instruct
2.0,1.116012473896686,qwen_instruct
2.0,0.857241879885185,qwen_instruct
2.0,0.8301696731170367,qwen_instruct
2.0,0.5109165797027097,qwen_instruct
2.0,1.156995084291326,qwen_instruct
2.0,1.414768238437443,qwen_instruct
2.0,1.5063821876619972,qwen_instruct
2.0,1.116012473896686,qwen_instruct
2.0,0.857241879885185,qwen_instruct
2.0,0.8301696731170367,qwen_instruct
2.0,0.5109165797027097,qwen_instruct
2.0,1.156995084291326,qwen_instruct
2.0,1.414768238437443,qwen_instruct
2.0,1.5063821876619972,qwen_instruct
2.0,1.116012473896686,qwen_instruct
2.0,0.857241879885185,qwen_instruct
2.0,0.8301696731170367,qwen_instruct
2.0,0.5109165797027097,qwen_instruct
2.0,1.156995084291326,qwen_instruct
2.0,1.414768238437443,qwen_instruct
2.0,1.5063821876619972,qwen_instruct
2.0,1.2850834783687288,qwen_instruct
2.0,0.9927778326442956,qwen_instruct
2.0,0.9903603166381304,qwen_instruct
2.0,0.8318996517096504,qwen_instruct
2.0,1.2943232945374004,qwen_instruct
2.0,1.6162595503437431,qwen_instruct
2.0,1.767840413358084,qwen_instruct
2.0,1.2850834783687288,qwen_instruct
2.0,0.9927778326442956,qwen_instruct
2.0,0.9903603166381304,qwen_instruct
2.0,0.8318996517096504,qwen_instruct
2.0,1.2943232945374004,qwen_instruct
2.0,1.6162595503437431,qwen_instruct
2.0,1.767840413358084,qwen_instruct
2.0,1.2850834783687288,qwen_instruct
2.0,0.9927778326442956,qwen_instruct
2.0,0.9903603166381304,qwen_instruct
2.0,0.8318996517096504,qwen_instruct
2.0,1.2943232945374004,qwen_instruct
2.0,1.6162595503437431,qwen_instruct
2.0,1.767840413358084,qwen_instruct
2.0,1.2850834783687288,qwen_instruct
2.0,0.9927778326442956,qwen_instruct
2.0,0.9903603166381304,qwen_instruct
2.0,0.8318996517096504,qwen_instruct
2.0,1.2943232945374004,qwen_instruct
2.0,1.6162595503437431,qwen_instruct
2.0,1.767840413358084,qwen_instruct
2.0,1.1664363589285571,qwen_instruct
2.0,0.9076657649170564,qwen_instruct
2.0,0.8805935581489078,qwen_instruct
2.0,0.5613404647345807,qwen_instruct
2.0,1.2074189693231971,qwen_instruct
2.0,1.453381478218375,qwen_instruct
2.0,1.5568060726938682,qwen_instruct
2.0,1.1664363589285571,qwen_instruct
2.0,0.9076657649170564,qwen_instruct
2.0,0.8805935581489078,qwen_instruct
2.0,0.5613404647345807,qwen_instruct
2.0,1.2074189693231971,qwen_instruct
2.0,1.453381478218375,qwen_instruct
2.0,1.5568060726938682,qwen_instruct
2.0,1.1664363589285571,qwen_instruct
2.0,0.9076657649170564,qwen_instruct
2.0,0.8805935581489078,qwen_instruct
2.0,0.5613404647345807,qwen_instruct
2.0,1.2074189693231971,qwen_instruct
2.0,1.453381478218375,qwen_instruct
2.0,1.5568060726938682,qwen_instruct
2.0,1.1664363589285571,qwen_instruct
2.0,0.9076657649170564,qwen_instruct
2.0,0.8805935581489078,qwen_instruct
2.0,0.5613404647345807,qwen_instruct
2.0,1.2074189693231971,qwen_instruct
2.0,1.453381478218375,qwen_instruct
2.0,1.5568060726938682,qwen_instruct
2.0,1.1135895316516333,qwen_instruct
2.0,0.8348937110602132,qwen_instruct
2.0,0.8023032705019952,qwen_instruct
2.0,0.608961696565184,qwen_instruct
2.0,1.1276390336624587,qwen_instruct
2.0,1.4748897652444826,qwen_instruct
2.0,1.4602883499190427,qwen_instruct
2.0,1.1135895316516333,qwen_instruct
2.0,0.8348937110602132,qwen_instruct
2.0,0.8023032705019952,qwen_instruct
2.0,0.608961696565184,qwen_instruct
2.0,1.1276390336624587,qwen_instruct
2.0,1.4748897652444826,qwen_instruct
2.0,1.4602883499190427,qwen_instruct
2.0,1.1135895316516333,qwen_instruct
2.0,0.8348937110602132,qwen_instruct
2.0,0.8023032705019952,qwen_instruct
2.0,0.608961696565184,qwen_instruct
2.0,1.1276390336624587,qwen_instruct
2.0,1.4748897652444826,qwen_instruct
2.0,1.4602883499190427,qwen_instruct
2.0,1.1135895316516333,qwen_instruct
2.0,0.8348937110602132,qwen_instruct
2.0,0.8023032705019952,qwen_instruct
2.0,0.608961696565184,qwen_instruct
2.0,1.1276390336624587,qwen_instruct
2.0,1.4748897652444826,qwen_instruct
2.0,1.4602883499190427,qwen_instruct
2.0,1.5234161559638504,qwen_instruct
2.0,1.177196711184416,qwen_instruct
2.0,1.2040176766061177,qwen_instruct
2.0,1.0292601576474016,qwen_instruct
2.0,1.535079397239251,qwen_instruct
2.0,1.845848478156072,qwen_instruct
2.0,1.97117525510115,qwen_instruct
2.0,1.5234161559638504,qwen_instruct
2.0,1.177196711184416,qwen_instruct
2.0,1.2040176766061177,qwen_instruct
2.0,1.0292601576474016,qwen_instruct
2.0,1.535079397239251,qwen_instruct
2.0,1.845848478156072,qwen_instruct
2.0,1.97117525510115,qwen_instruct
2.0,1.5234161559638504,qwen_instruct
2.0,1.177196711184416,qwen_instruct
2.0,1.2040176766061177,qwen_instruct
2.0,1.0292601576474016,qwen_instruct
2.0,1.535079397239251,qwen_instruct
2.0,1.845848478156072,qwen_instruct
2.0,1.97117525510115,qwen_instruct
2.0,1.5234161559638504,qwen_instruct
2.0,1.177196711184416,qwen_instruct
2.0,1.2040176766061177,qwen_instruct
2.0,1.0292601576474016,qwen_instruct
2.0,1.535079397239251,qwen_instruct
2.0,1.845848478156072,qwen_instruct
2.0,1.97117525510115,qwen_instruct
2.0,1.2778699138669736,qwen_instruct
2.0,0.952606448450925,qwen_instruct
2.0,1.0063694407058283,qwen_instruct
2.0,0.7686508795839744,qwen_instruct
2.0,1.3065482955163943,qwen_instruct
2.0,1.7395692089632735,qwen_instruct
2.0,1.7990422488158446,qwen_instruct
2.0,1.2778699138669736,qwen_instruct
2.0,0.952606448450925,qwen_instruct
2.0,1.0063694407058283,qwen_instruct
2.0,0.7686508795839744,qwen_instruct
2.0,1.3065482955163943,qwen_instruct
2.0,1.7395692089632735,qwen_instruct
2.0,1.7990422488158446,qwen_instruct
2.0,1.2778699138669736,qwen_instruct
2.0,0.952606448450925,qwen_instruct
2.0,1.0063694407058283,qwen_instruct
2.0,0.7686508795839744,qwen_instruct
2.0,1.3065482955163943,qwen_instruct
2.0,1.7395692089632735,qwen_instruct
2.0,1.7990422488158446,qwen_instruct
2.0,1.2778699138669736,qwen_instruct
2.0,0.952606448450925,qwen_instruct
2.0,1.0063694407058283,qwen_instruct
2.0,0.7686508795839744,qwen_instruct
2.0,1.3065482955163943,qwen_instruct
2.0,1.7395692089632735,qwen_instruct
2.0,1.7990422488158446,qwen_instruct
2.0,1.281525759074163,qwen_instruct
2.0,0.9892201133497297,qwen_instruct
2.0,0.9868025973435645,qwen_instruct
2.0,0.8283419324150845,qwen_instruct
2.0,1.2907655752428346,qwen_instruct
2.0,1.6127018310491774,qwen_instruct
2.0,1.7642826940635183,qwen_instruct
2.0,1.281525759074163,qwen_instruct
2.0,0.9892201133497297,qwen_instruct
2.0,0.9868025973435645,qwen_instruct
2.0,0.8283419324150845,qwen_instruct
2.0,1.2907655752428346,qwen_instruct
2.0,1.6127018310491774,qwen_instruct
2.0,1.7642826940635183,qwen_instruct
2.0,1.281525759074163,qwen_instruct
2.0,0.9892201133497297,qwen_instruct
2.0,0.9868025973435645,qwen_instruct
2.0,0.8283419324150845,qwen_instruct
2.0,1.2907655752428346,qwen_instruct
2.0,1.6127018310491774,qwen_instruct
2.0,1.7642826940635183,qwen_instruct
2.0,1.281525759074163,qwen_instruct
2.0,0.9892201133497297,qwen_instruct
2.0,0.9868025973435645,qwen_instruct
2.0,0.8283419324150845,qwen_instruct
2.0,1.2907655752428346,qwen_instruct
2.0,1.6127018310491774,qwen_instruct
2.0,1.7642826940635183,qwen_instruct
2.0,1.2074104399064516,qwen_instruct
2.0,0.948639845894952,qwen_instruct
2.0,0.9215676391268037,qwen_instruct
2.0,0.6018362010615895,qwen_instruct
2.0,1.2476821239210254,qwen_instruct
2.0,1.4943555591962696,qwen_instruct
2.0,1.5977801536717628,qwen_instruct
2.0,1.2074104399064516,qwen_instruct
2.0,0.948639845894952,qwen_instruct
2.0,0.9215676391268037,qwen_instruct
2.0,0.6018362010615895,qwen_instruct
2.0,1.2476821239210254,qwen_instruct
2.0,1.4943555591962696,qwen_instruct
2.0,1.5977801536717628,qwen_instruct
2.0,1.2074104399064516,qwen_instruct
2.0,0.948639845894952,qwen_instruct
2.0,0.9215676391268037,qwen_instruct
2.0,0.6018362010615895,qwen_instruct
2.0,1.2476821239210254,qwen_instruct
2.0,1.4943555591962696,qwen_instruct
2.0,1.5977801536717628,qwen_instruct
2.0,1.2074104399064516,qwen_instruct
2.0,0.948639845894952,qwen_instruct
2.0,0.9215676391268037,qwen_instruct
2.0,0.6018362010615895,qwen_instruct
2.0,1.2476821239210254,qwen_instruct
2.0,1.4943555591962696,qwen_instruct
2.0,1.5977801536717628,qwen_instruct
1.0,0.34514437282112315,qwen_instruct
1.0,0.31311267953089633,qwen_instruct
1.0,0.23606942294809707,qwen_instruct
1.0,0.1419071097148782,qwen_instruct
1.0,0.3591938748319482,qwen_instruct
1.0,0.46715298098918956,qwen_instruct
1.0,0.22911914625358962,qwen_instruct
1.0,0.34514437282112315,qwen_instruct
1.0,0.31311267953089633,qwen_instruct
1.0,0.23606942294809707,qwen_instruct
1.0,0.1419071097148782,qwen_instruct
1.0,0.3591938748319482,qwen_instruct
1.0,0.46715298098918956,qwen_instruct
1.0,0.22911914625358962,qwen_instruct
1.0,0.34514437282112315,qwen_instruct
1.0,0.31311267953089633,qwen_instruct
1.0,0.23606942294809707,qwen_instruct
1.0,0.1419071097148782,qwen_instruct
1.0,0.3591938748319482,qwen_instruct
1.0,0.46715298098918956,qwen_instruct
1.0,0.22911914625358962,qwen_instruct
1.0,0.34514437282112315,qwen_instruct
1.0,0.31311267953089633,qwen_instruct
1.0,0.23606942294809707,qwen_instruct
1.0,0.1419071097148782,qwen_instruct
1.0,0.3591938748319482,qwen_instruct
1.0,0.46715298098918956,qwen_instruct
1.0,0.22911914625358962,qwen_instruct
1.0,0.2045667465529914,qwen_instruct
1.0,0.23102870238388262,qwen_instruct
1.0,0.18602491750116523,qwen_instruct
1.0,-0.003627854832902464,qwen_instruct
1.0,0.219465147657509,qwen_instruct
1.0,0.289239304227304,qwen_instruct
1.0,0.02795747233903148,qwen_instruct
1.0,0.2045667465529914,qwen_instruct
1.0,0.23102870238388262,qwen_instruct
1.0,0.18602491750116523,qwen_instruct
1.0,-0.003627854832902464,qwen_instruct
1.0,0.219465147657509,qwen_instruct
1.0,0.289239304227304,qwen_instruct
1.0,0.02795747233903148,qwen_instruct
1.0,0.2045667465529914,qwen_instruct
1.0,0.23102870238388262,qwen_instruct
1.0,0.18602491750116523,qwen_instruct
1.0,-0.003627854832902464,qwen_instruct
1.0,0.219465147657509,qwen_instruct
1.0,0.02795747233903148,qwen_instruct
1.0,0.2045667465529914,qwen_instruct
1.0,0.23102870238388262,qwen_instruct
1.0,0.18602491750116523,qwen_instruct
1.0,-0.003627854832902464,qwen_instruct
1.0,0.219465147657509,qwen_instruct
1.0,0.289239304227304,qwen_instruct
1.0,0.02795747233903148,qwen_instruct
1.0,0.2045667465529914,qwen_instruct
1.0,0.23102870238388262,qwen_instruct
1.0,0.18602491750116523,qwen_instruct
1.0,-0.003627854832902464,qwen_instruct
1.0,0.219465147657509,qwen_instruct
1.0,0.289239304227304,qwen_instruct
1.0,0.02795747233903148,qwen_instruct
1.0,0.2045667465529914,qwen_instruct
1.0,0.23102870238388262,qwen_instruct
1.0,0.18602491750116523,qwen_instruct
1.0,-0.003627854832902464,qwen_instruct
1.0,0.219465147657509,qwen_instruct
1.0,0.289239304227304,qwen_instruct
1.0,0.02795747233903148,qwen_instruct
1.0,0.2045667465529914,qwen_instruct
1.0,0.23102870238388262,qwen_instruct
1.0,0.18602491750116523,qwen_instruct
1.0,-0.003627854832902464,qwen_instruct
1.0,0.219465147657509,qwen_instruct
1.0,0.289239304227304,qwen_instruct
1.0,0.02795747233903148,qwen_instruct
1.0,0.2045667465529914,qwen_instruct
1.0,0.23102870238388262,qwen_instruct
1.0,0.18602491750116523,qwen_instruct
1.0,-0.003627854832902464,qwen_instruct
1.0,0.219465147657509,qwen_instruct
1.0,0.02795747233903148,qwen_instruct
1.0,0.24498026736376446,qwen_instruct
1.0,0.14729969243011912,qwen_instruct
1.0,0.18834619554336743,qwen_instruct
1.0,0.05847807654821697,qwen_instruct
1.0,0.2757311368113266,qwen_instruct
1.0,0.22261766656231233,qwen_instruct
1.0,0.02629363786423422,qwen_instruct
1.0,0.24498026736376446,qwen_instruct
1.0,0.14729969243011912,qwen_instruct
1.0,0.18834619554336743,qwen_instruct
1.0,0.05847807654821697,qwen_instruct
1.0,0.2757311368113266,qwen_instruct
1.0,0.22261766656231233,qwen_instruct
1.0,0.02629363786423422,qwen_instruct
1.0,0.24498026736376446,qwen_instruct
1.0,0.14729969243011912,qwen_instruct
1.0,0.18834619554336743,qwen_instruct
1.0,0.05847807654821697,qwen_instruct
1.0,0.2757311368113266,qwen_instruct
1.0,0.22261766656231233,qwen_instruct
1.0,0.02629363786423422,qwen_instruct
1.0,0.24498026736376446,qwen_instruct
1.0,0.14729969243011912,qwen_instruct
1.0,0.18834619554336743,qwen_instruct
1.0,0.05847807654821697,qwen_instruct
1.0,0.2757311368113266,qwen_instruct
1.0,0.22261766656231233,qwen_instruct
1.0,0.02629363786423422,qwen_instruct
1.0,0.2028544762787113,qwen_instruct
1.0,0.15109431409101348,qwen_instruct
1.0,0.14923571921799647,qwen_instruct
1.0,0.029862314260656834,qwen_instruct
1.0,0.2321069979238828,qwen_instruct
1.0,0.18692407442617756,qwen_instruct
1.0,-0.01869938134853811,qwen_instruct
1.0,0.2028544762787113,qwen_instruct
1.0,0.15109431409101348,qwen_instruct
1.0,0.14923571921799647,qwen_instruct
1.0,0.029862314260656834,qwen_instruct
1.0,0.2321069979238828,qwen_instruct
1.0,0.18692407442617756,qwen_instruct
1.0,-0.01869938134853811,qwen_instruct
1.0,0.2028544762787113,qwen_instruct
1.0,0.15109431409101348,qwen_instruct
1.0,0.14923571921799647,qwen_instruct
1.0,0.029862314260656834,qwen_instruct
1.0,0.2321069979238828,qwen_instruct
1.0,0.18692407442617756,qwen_instruct
1.0,-0.01869938134853811,qwen_instruct
1.0,0.2028544762787113,qwen_instruct
1.0,0.15109431409101348,qwen_instruct
1.0,0.14923571921799647,qwen_instruct
1.0,0.029862314260656834,qwen_instruct
1.0,0.2321069979238828,qwen_instruct
1.0,0.18692407442617756,qwen_instruct
1.0,-0.01869938134853811,qwen_instruct
1.0,0.24535249271958684,qwen_instruct
1.0,0.18610222853726757,qwen_instruct
1.0,0.10062535832050393,qwen_instruct
1.0,-0.056787288962213314,qwen_instruct
1.0,0.2951424225977086,qwen_instruct
1.0,0.34042350974842367,qwen_instruct
1.0,0.1049780412356823,qwen_instruct
1.0,0.24535249271958684,qwen_instruct
1.0,0.18610222853726757,qwen_instruct
1.0,0.10062535832050393,qwen_instruct
1.0,-0.056787288962213314,qwen_instruct
1.0,0.2951424225977086,qwen_instruct
1.0,0.34042350974842367,qwen_instruct
1.0,0.1049780412356823,qwen_instruct
1.0,0.24535249271958684,qwen_instruct
1.0,0.18610222853726757,qwen_instruct
1.0,0.10062535832050393,qwen_instruct
1.0,-0.056787288962213314,qwen_instruct
1.0,0.2951424225977086,qwen_instruct
1.0,0.34042350974842367,qwen_instruct
1.0,0.1049780412356823,qwen_instruct
1.0,0.24535249271958684,qwen_instruct
1.0,0.18610222853726757,qwen_instruct
1.0,0.10062535832050393,qwen_instruct
1.0,-0.056787288962213314,qwen_instruct
1.0,0.2951424225977086,qwen_instruct
1.0,0.34042350974842367,qwen_instruct
1.0,0.1049780412356823,qwen_instruct
1.0,0.20404013991375147,qwen_instruct
1.0,0.23050209574464328,qwen_instruct
1.0,0.19593815708231235,qwen_instruct
1.0,-0.007888114922418869,qwen_instruct
1.0,0.21893854101826907,qwen_instruct
1.0,0.28899348543110803,qwen_instruct
1.0,0.027430865699791612,qwen_instruct
1.0,0.20404013991375147,qwen_instruct
1.0,0.23050209574464328,qwen_instruct
1.0,0.19593815708231235,qwen_instruct
1.0,-0.007888114922418869,qwen_instruct
1.0,0.21893854101826907,qwen_instruct
1.0,0.28899348543110803,qwen_instruct
1.0,0.027430865699791612,qwen_instruct
1.0,0.20404013991375147,qwen_instruct
1.0,0.23050209574464328,qwen_instruct
1.0,0.19593815708231235,qwen_instruct
1.0,-0.007888114922418869,qwen_instruct
1.0,0.21893854101826907,qwen_instruct
1.0,0.28899348543110803,qwen_instruct
1.0,0.027430865699791612,qwen_instruct
1.0,0.20404013991375147,qwen_instruct
1.0,0.23050209574464328,qwen_instruct
1.0,0.19593815708231235,qwen_instruct
1.0,-0.007888114922418869,qwen_instruct
1.0,0.21893854101826907,qwen_instruct
1.0,0.28899348543110803,qwen_instruct
1.0,0.027430865699791612,qwen_instruct
1.0,0.3679862818675322,qwen_instruct
1.0,0.3401218007297971,qwen_instruct
1.0,0.24828422621135623,qwen_instruct
1.0,0.16533464817543259,qwen_instruct
1.0,0.3816719304395667,qwen_instruct
1.0,0.4722782409891824,qwen_instruct
1.0,0.2536568649638012,qwen_instruct
1.0,0.3679862818675322,qwen_instruct
1.0,0.3401218007297971,qwen_instruct
1.0,0.24828422621135623,qwen_instruct
1.0,0.16533464817543259,qwen_instruct
1.0,0.3816719304395667,qwen_instruct
1.0,0.2536568649638012,qwen_instruct
1.0,0.3679862818675322,qwen_instruct
1.0,0.3401218007297971,qwen_instruct
1.0,0.24828422621135623,qwen_instruct
1.0,0.16533464817543259,qwen_instruct
1.0,0.3816719304395667,qwen_instruct
1.0,0.4722782409891824,qwen_instruct
1.0,0.2536568649638012,qwen_instruct
1.0,0.3679862818675322,qwen_instruct
1.0,0.3401218007297971,qwen_instruct
1.0,0.24828422621135623,qwen_instruct
1.0,0.16533464817543259,qwen_instruct
1.0,0.3816719304395667,qwen_instruct
1.0,0.2536568649638012,qwen_instruct
1.0,0.22454958112740253,qwen_instruct
1.0,0.1498899885050072,qwen_instruct
1.0,0.1655660890665467,qwen_instruct
1.0,0.05197939865206054,qwen_instruct
1.0,0.253802102772574,qwen_instruct
1.0,0.20861917927486873,qwen_instruct
1.0,0.00984531018201236,qwen_instruct
1.0,0.22454958112740253,qwen_instruct
1.0,0.1498899885050072,qwen_instruct
1.0,0.1655660890665467,qwen_instruct
1.0,0.05197939865206054,qwen_instruct
1.0,0.253802102772574,qwen_instruct
1.0,0.20861917927486873,qwen_instruct
1.0,0.00984531018201236,qwen_instruct
1.0,0.22454958112740253,qwen_instruct
1.0,0.1498899885050072,qwen_instruct
1.0,0.1655660890665467,qwen_instruct
1.0,0.05197939865206054,qwen_instruct
1.0,0.253802102772574,qwen_instruct
1.0,0.20861917927486873,qwen_instruct
1.0,0.00984531018201236,qwen_instruct
1.0,0.22454958112740253,qwen_instruct
1.0,0.1498899885050072,qwen_instruct
1.0,0.1655660890665467,qwen_instruct
1.0,0.05197939865206054,qwen_instruct
1.0,0.253802102772574,qwen_instruct
1.0,0.20861917927486873,qwen_instruct
1.0,0.00984531018201236,qwen_instruct
1.0,0.1584416603533159,qwen_instruct
1.0,0.14665268818267904,qwen_instruct
1.0,0.18307055397360683,qwen_instruct
1.0,-0.03892648133019647,qwen_instruct
1.0,0.17245440695538267,qwen_instruct
1.0,0.2429399668912671,qwen_instruct
1.0,0.018262614862373055,qwen_instruct
1.0,0.1584416603533159,qwen_instruct
1.0,0.14665268818267904,qwen_instruct
1.0,0.18307055397360683,qwen_instruct
1.0,-0.03892648133019647,qwen_instruct
1.0,0.17245440695538267,qwen_instruct
1.0,0.2429399668912671,qwen_instruct
1.0,0.018262614862373055,qwen_instruct
1.0,0.1584416603533159,qwen_instruct
1.0,0.14665268818267904,qwen_instruct
1.0,0.18307055397360683,qwen_instruct
1.0,-0.03892648133019647,qwen_instruct
1.0,0.17245440695538267,qwen_instruct
1.0,0.2429399668912671,qwen_instruct
1.0,0.018262614862373055,qwen_instruct
1.0,0.1584416603533159,qwen_instruct
1.0,0.14665268818267904,qwen_instruct
1.0,0.18307055397360683,qwen_instruct
1.0,-0.03892648133019647,qwen_instruct
1.0,0.17245440695538267,qwen_instruct
1.0,0.2429399668912671,qwen_instruct
1.0,0.018262614862373055,qwen_instruct
1.0,0.2171840196819359,qwen_instruct
1.0,0.1579337554996166,qwen_instruct
1.0,0.1174354176094644,qwen_instruct
1.0,-0.015224779153298793,qwen_instruct
1.0,0.26697394956005754,qwen_instruct
1.0,0.31278289600639286,qwen_instruct
1.0,0.07680956819803153,qwen_instruct
1.0,0.2171840196819359,qwen_instruct
1.0,0.1579337554996166,qwen_instruct
1.0,0.1174354176094644,qwen_instruct
1.0,-0.015224779153298793,qwen_instruct
1.0,0.26697394956005754,qwen_instruct
1.0,0.31278289600639286,qwen_instruct
1.0,0.07680956819803153,qwen_instruct
1.0,0.2171840196819359,qwen_instruct
1.0,0.1579337554996166,qwen_instruct
1.0,0.1174354176094644,qwen_instruct
1.0,-0.015224779153298793,qwen_instruct
1.0,0.26697394956005754,qwen_instruct
1.0,0.31278289600639286,qwen_instruct
1.0,0.07680956819803153,qwen_instruct
1.0,0.2171840196819359,qwen_instruct
1.0,0.1579337554996166,qwen_instruct
1.0,0.1174354176094644,qwen_instruct
1.0,-0.015224779153298793,qwen_instruct
1.0,0.26697394956005754,qwen_instruct
1.0,0.07680956819803153,qwen_instruct
1.0,0.3318533146334504,qwen_instruct
1.0,0.30141630360995897,qwen_instruct
1.0,0.22007762766557415,qwen_instruct
1.0,0.12861605152720515,qwen_instruct
1.0,0.34590281664427547,qwen_instruct
1.0,0.4538619228015168,qwen_instruct
1.0,0.2158280880659167,qwen_instruct
1.0,0.3318533146334504,qwen_instruct
1.0,0.30141630360995897,qwen_instruct
1.0,0.22007762766557415,qwen_instruct
1.0,0.12861605152720515,qwen_instruct
1.0,0.34590281664427547,qwen_instruct
1.0,0.4538619228015168,qwen_instruct
1.0,0.2158280880659167,qwen_instruct
1.0,0.3318533146334504,qwen_instruct
1.0,0.30141630360995897,qwen_instruct
1.0,0.22007762766557415,qwen_instruct
1.0,0.12861605152720515,qwen_instruct
1.0,0.34590281664427547,qwen_instruct
1.0,0.4538619228015168,qwen_instruct
1.0,0.2158280880659167,qwen_instruct
1.0,0.3318533146334504,qwen_instruct
1.0,0.30141630360995897,qwen_instruct
1.0,0.22007762766557415,qwen_instruct
1.0,0.12861605152720515,qwen_instruct
1.0,0.34590281664427547,qwen_instruct
1.0,0.4538619228015168,qwen_instruct
1.0,0.2158280880659167,qwen_instruct
0.0,-1.3253110805217223,qwen_instruct
0.0,-1.0274573662379043,qwen_instruct
0.0,-1.0828186608682526,qwen_instruct
0.0,-0.7987625152766922,qwen_instruct
0.0,-1.3391740018468477,qwen_instruct
0.0,-1.632109389548946,qwen_instruct
0.0,-1.606610748441575,qwen_instruct
0.0,-1.3253110805217223,qwen_instruct
0.0,-1.0274573662379043,qwen_instruct
0.0,-1.0828186608682526,qwen_instruct
0.0,-0.7987625152766922,qwen_instruct
0.0,-1.3391740018468477,qwen_instruct
0.0,-1.606610748441575,qwen_instruct
0.0,-1.3253110805217223,qwen_instruct
0.0,-1.0274573662379043,qwen_instruct
0.0,-1.0828186608682526,qwen_instruct
0.0,-0.7987625152766922,qwen_instruct
0.0,-1.3391740018468477,qwen_instruct
0.0,-1.632109389548946,qwen_instruct
0.0,-1.606610748441575,qwen_instruct
0.0,-1.3253110805217223,qwen_instruct
0.0,-1.0274573662379043,qwen_instruct
0.0,-1.0828186608682526,qwen_instruct
0.0,-0.7987625152766922,qwen_instruct
0.0,-1.3391740018468477,qwen_instruct
0.0,-1.632109389548946,qwen_instruct
0.0,-1.606610748441575,qwen_instruct
-0.0,-1.0614311106614385,qwen_instruct
-0.0,-0.7772150522697031,qwen_instruct
-0.0,-0.7252740239649679,qwen_instruct
-0.0,-0.34241683246333204,qwen_instruct
-0.0,-1.0597659330389366,qwen_instruct
-0.0,-1.3607500443781761,qwen_instruct
-0.0,-1.2830494320804506,qwen_instruct
-0.0,-1.0614311106614385,qwen_instruct
-0.0,-0.7772150522697031,qwen_instruct
-0.0,-0.7252740239649679,qwen_instruct
-0.0,-0.34241683246333204,qwen_instruct
-0.0,-1.0597659330389366,qwen_instruct
-0.0,-1.2830494320804506,qwen_instruct
-0.0,-1.0614311106614385,qwen_instruct
-0.0,-0.7772150522697031,qwen_instruct
-0.0,-0.7252740239649679,qwen_instruct
-0.0,-0.34241683246333204,qwen_instruct
-0.0,-1.0597659330389366,qwen_instruct
-0.0,-1.3607500443781761,qwen_instruct
-0.0,-1.2830494320804506,qwen_instruct
-0.0,-1.0614311106614385,qwen_instruct
-0.0,-0.7772150522697031,qwen_instruct
-0.0,-0.7252740239649679,qwen_instruct
-0.0,-0.34241683246333204,qwen_instruct
-0.0,-1.0597659330389366,qwen_instruct
-0.0,-1.3607500443781761,qwen_instruct
-0.0,-1.2830494320804506,qwen_instruct
-0.0,-1.1778121008839646,qwen_instruct
-0.0,-0.8068604230432989,qwen_instruct
-0.0,-0.8944479417137166,qwen_instruct
-0.0,-0.5515177512249654,qwen_instruct
-0.0,-1.195619056054029,qwen_instruct
-0.0,-1.6074734409732188,qwen_instruct
-0.0,-1.4969658511088184,qwen_instruct
-0.0,-1.1778121008839646,qwen_instruct
-0.0,-0.8068604230432989,qwen_instruct
-0.0,-0.8944479417137166,qwen_instruct
-0.0,-0.5515177512249654,qwen_instruct
-0.0,-1.195619056054029,qwen_instruct
-0.0,-1.4969658511088184,qwen_instruct
-0.0,-1.1778121008839646,qwen_instruct
-0.0,-0.8068604230432989,qwen_instruct
-0.0,-0.8944479417137166,qwen_instruct
-0.0,-0.5515177512249654,qwen_instruct
-0.0,-1.195619056054029,qwen_instruct
-0.0,-1.6074734409732188,qwen_instruct
-0.0,-1.4969658511088184,qwen_instruct
-0.0,-1.1778121008839646,qwen_instruct
-0.0,-0.8068604230432989,qwen_instruct
-0.0,-0.8944479417137166,qwen_instruct
-0.0,-0.5515177512249654,qwen_instruct
-0.0,-1.195619056054029,qwen_instruct
-0.0,-1.6074734409732188,qwen_instruct
-0.0,-1.4969658511088184,qwen_instruct
-0.0,-1.0463579411221902,qwen_instruct
-0.0,-0.776468314981633,qwen_instruct
-0.0,-0.6786007080115446,qwen_instruct
-0.0,-0.20206006311148011,qwen_instruct
-0.0,-1.118752590337808,qwen_instruct
-0.0,-1.3872627860845759,qwen_instruct
-0.0,-1.2826770397244016,qwen_instruct
-0.0,-1.0463579411221902,qwen_instruct
-0.0,-0.776468314981633,qwen_instruct
-0.0,-0.6786007080115446,qwen_instruct
-0.0,-0.20206006311148011,qwen_instruct
-0.0,-1.118752590337808,qwen_instruct
-0.0,-1.2826770397244016,qwen_instruct
-0.0,-1.0463579411221902,qwen_instruct
-0.0,-0.776468314981633,qwen_instruct
-0.0,-0.6786007080115446,qwen_instruct
-0.0,-0.20206006311148011,qwen_instruct
-0.0,-1.118752590337808,qwen_instruct
-0.0,-1.3872627860845759,qwen_instruct
-0.0,-1.2826770397244016,qwen_instruct
-0.0,-1.0463579411221902,qwen_instruct
-0.0,-0.776468314981633,qwen_instruct
-0.0,-0.6786007080115446,qwen_instruct
-0.0,-0.20206006311148011,qwen_instruct
-0.0,-1.118752590337808,qwen_instruct
-0.0,-1.3872627860845759,qwen_instruct
-0.0,-1.2826770397244016,qwen_instruct
0.0,-1.249354475301718,qwen_instruct
0.0,-0.9882405842892941,qwen_instruct
0.0,-0.9526268541097741,qwen_instruct
0.0,-0.718301682116331,qwen_instruct
0.0,-1.3221067544933913,qwen_instruct
0.0,-1.4868157094534213,qwen_instruct
0.0,-1.4856735739039306,qwen_instruct
0.0,-1.249354475301718,qwen_instruct
0.0,-0.9882405842892941,qwen_instruct
0.0,-0.9526268541097741,qwen_instruct
0.0,-0.718301682116331,qwen_instruct
0.0,-1.3221067544933913,qwen_instruct
0.0,-1.4868157094534213,qwen_instruct
0.0,-1.4856735739039306,qwen_instruct
0.0,-1.249354475301718,qwen_instruct
0.0,-0.9882405842892941,qwen_instruct
0.0,-0.9526268541097741,qwen_instruct
0.0,-0.718301682116331,qwen_instruct
0.0,-1.3221067544933913,qwen_instruct
0.0,-1.4868157094534213,qwen_instruct
0.0,-1.4856735739039306,qwen_instruct
0.0,-1.249354475301718,qwen_instruct
0.0,-0.9882405842892941,qwen_instruct
0.0,-0.9526268541097741,qwen_instruct
0.0,-0.718301682116331,qwen_instruct
0.0,-1.3221067544933913,qwen_instruct
0.0,-1.4868157094534213,qwen_instruct
0.0,-1.4856735739039306,qwen_instruct
-0.0,-1.0743626461546387,qwen_instruct
-0.0,-0.8138918933553257,qwen_instruct
-0.0,-0.775386373364062,qwen_instruct
-0.0,-0.36771321858738676,qwen_instruct
-0.0,-1.0882796380617608,qwen_instruct
-0.0,-1.2925648956205382,qwen_instruct
-0.0,-1.3810847120406318,qwen_instruct
-0.0,-1.0743626461546387,qwen_instruct
-0.0,-0.8138918933553257,qwen_instruct
-0.0,-0.775386373364062,qwen_instruct
-0.0,-0.36771321858738676,qwen_instruct
-0.0,-1.0882796380617608,qwen_instruct
-0.0,-1.3810847120406318,qwen_instruct
-0.0,-1.0743626461546387,qwen_instruct
-0.0,-0.8138918933553257,qwen_instruct
-0.0,-0.775386373364062,qwen_instruct
-0.0,-0.36771321858738676,qwen_instruct
-0.0,-1.0882796380617608,qwen_instruct
-0.0,-1.2925648956205382,qwen_instruct
-0.0,-1.3810847120406318,qwen_instruct
-0.0,-1.0743626461546387,qwen_instruct
-0.0,-0.8138918933553257,qwen_instruct
-0.0,-0.775386373364062,qwen_instruct
-0.0,-0.36771321858738676,qwen_instruct
-0.0,-1.0882796380617608,qwen_instruct
-0.0,-1.2925648956205382,qwen_instruct
-0.0,-1.3810847120406318,qwen_instruct
0.0,-1.1660514084753983,qwen_instruct
0.0,-0.9283239930645623,qwen_instruct
0.0,-0.8884939656736248,qwen_instruct
0.0,-0.6391630078098139,qwen_instruct
0.0,-1.1647500842916865,qwen_instruct
0.0,-1.4492683905027586,qwen_instruct
0.0,-1.3782055580526906,qwen_instruct
0.0,-1.1660514084753983,qwen_instruct
0.0,-0.9283239930645623,qwen_instruct
0.0,-0.8884939656736248,qwen_instruct
0.0,-0.6391630078098139,qwen_instruct
0.0,-1.1647500842916865,qwen_instruct
0.0,-1.4492683905027586,qwen_instruct
0.0,-1.3782055580526906,qwen_instruct
0.0,-1.1660514084753983,qwen_instruct
0.0,-0.9283239930645623,qwen_instruct
0.0,-0.8884939656736248,qwen_instruct
0.0,-0.6391630078098139,qwen_instruct
0.0,-1.1647500842916865,qwen_instruct
0.0,-1.4492683905027586,qwen_instruct
0.0,-1.3782055580526906,qwen_instruct
0.0,-1.1660514084753983,qwen_instruct
0.0,-0.9283239930645623,qwen_instruct
0.0,-0.8884939656736248,qwen_instruct
0.0,-0.6391630078098139,qwen_instruct
0.0,-1.1647500842916865,qwen_instruct
0.0,-1.4492683905027586,qwen_instruct
0.0,-1.3782055580526906,qwen_instruct
-0.0,-1.1923952810968281,qwen_instruct
-0.0,-0.8038406728281008,qwen_instruct
-0.0,-0.8744116337618428,qwen_instruct
-0.0,-0.4796646176962967,qwen_instruct
-0.0,-1.2046046991515729,qwen_instruct
-0.0,-1.6005914583923135,qwen_instruct
-0.0,-1.4743554417690918,qwen_instruct
-0.0,-1.1923952810968281,qwen_instruct
-0.0,-0.8038406728281008,qwen_instruct
-0.0,-0.8744116337618428,qwen_instruct
-0.0,-0.4796646176962967,qwen_instruct
-0.0,-1.2046046991515729,qwen_instruct
-0.0,-1.6005914583923135,qwen_instruct
-0.0,-1.4743554417690918,qwen_instruct
-0.0,-1.1923952810968281,qwen_instruct
-0.0,-0.8038406728281008,qwen_instruct
-0.0,-0.8744116337618428,qwen_instruct
-0.0,-0.4796646176962967,qwen_instruct
-0.0,-1.2046046991515729,qwen_instruct
-0.0,-1.6005914583923135,qwen_instruct
-0.0,-1.4743554417690918,qwen_instruct
-0.0,-1.1923952810968281,qwen_instruct
-0.0,-0.8038406728281008,qwen_instruct
-0.0,-0.8744116337618428,qwen_instruct
-0.0,-0.4796646176962967,qwen_instruct
-0.0,-1.2046046991515729,qwen_instruct
-0.0,-1.6005914583923135,qwen_instruct
-0.0,-1.4743554417690918,qwen_instruct
0.0,-1.2037631887089217,qwen_instruct
0.0,-0.8930427764022938,qwen_instruct
0.0,-0.922748449779132,qwen_instruct
0.0,-0.6784088037800279,qwen_instruct
0.0,-1.2223979212528595,qwen_instruct
0.0,-1.6129285825379032,qwen_instruct
0.0,-1.513953270225595,qwen_instruct
0.0,-1.2037631887089217,qwen_instruct
0.0,-0.8930427764022938,qwen_instruct
0.0,-0.922748449779132,qwen_instruct
0.0,-0.6784088037800279,qwen_instruct
0.0,-1.2223979212528595,qwen_instruct
0.0,-1.6129285825379032,qwen_instruct
0.0,-1.513953270225595,qwen_instruct
0.0,-1.2037631887089217,qwen_instruct
0.0,-0.8930427764022938,qwen_instruct
0.0,-0.922748449779132,qwen_instruct
0.0,-0.6784088037800279,qwen_instruct
0.0,-1.2223979212528595,qwen_instruct
0.0,-1.6129285825379032,qwen_instruct
0.0,-1.513953270225595,qwen_instruct
0.0,-1.2037631887089217,qwen_instruct
0.0,-0.8930427764022938,qwen_instruct
0.0,-0.922748449779132,qwen_instruct
0.0,-0.6784088037800279,qwen_instruct
0.0,-1.2223979212528595,qwen_instruct
0.0,-1.6129285825379032,qwen_instruct
0.0,-1.513953270225595,qwen_instruct
0.0,-1.2040719554774,qwen_instruct
0.0,-0.9474178234195577,qwen_instruct
0.0,-0.9073443342854565,qwen_instruct
0.0,-0.6103512529090963,qwen_instruct
0.0,-1.2771775310730833,qwen_instruct
0.0,-1.4709667455144502,qwen_instruct
0.0,-1.440391054079613,qwen_instruct
0.0,-1.2040719554774,qwen_instruct
0.0,-0.9474178234195577,qwen_instruct
0.0,-0.9073443342854565,qwen_instruct
0.0,-0.6103512529090963,qwen_instruct
0.0,-1.2771775310730833,qwen_instruct
0.0,-1.4709667455144502,qwen_instruct
0.0,-1.440391054079613,qwen_instruct
0.0,-1.2040719554774,qwen_instruct
0.0,-0.9474178234195577,qwen_instruct
0.0,-0.9073443342854565,qwen_instruct
0.0,-0.6103512529090963,qwen_instruct
0.0,-1.2771775310730833,qwen_instruct
0.0,-1.4709667455144502,qwen_instruct
0.0,-1.440391054079613,qwen_instruct
0.0,-1.2040719554774,qwen_instruct
0.0,-0.9474178234195577,qwen_instruct
0.0,-0.9073443342854565,qwen_instruct
0.0,-0.6103512529090963,qwen_instruct
0.0,-1.2771775310730833,qwen_instruct
0.0,-1.4709667455144502,qwen_instruct
0.0,-1.440391054079613,qwen_instruct
-0.0,-1.0940603368892552,qwen_instruct
-0.0,-0.8480882978736883,qwen_instruct
-0.0,-0.7950840640986793,qwen_instruct
-0.0,-0.3989769253563767,qwen_instruct
-0.0,-1.1079773287963768,qwen_instruct
-0.0,-1.4007824027752473,qwen_instruct
-0.0,-1.0940603368892552,qwen_instruct
-0.0,-0.8480882978736883,qwen_instruct
-0.0,-0.7950840640986793,qwen_instruct
-0.0,-0.3989769253563767,qwen_instruct
-0.0,-1.1079773287963768,qwen_instruct
-0.0,-1.4007824027752473,qwen_instruct
-0.0,-1.0940603368892552,qwen_instruct
-0.0,-0.8480882978736883,qwen_instruct
-0.0,-0.7950840640986793,qwen_instruct
-0.0,-0.3989769253563767,qwen_instruct
-0.0,-1.1079773287963768,qwen_instruct
-0.0,-1.39352630521104,qwen_instruct
-0.0,-1.4007824027752473,qwen_instruct
-0.0,-1.0940603368892552,qwen_instruct
-0.0,-0.8480882978736883,qwen_instruct
-0.0,-0.7950840640986793,qwen_instruct
-0.0,-0.3989769253563767,qwen_instruct
-0.0,-1.1079773287963768,qwen_instruct
-0.0,-1.39352630521104,qwen_instruct
-0.0,-1.4007824027752473,qwen_instruct
0.0,-1.3187389671945637,qwen_instruct
0.0,-1.0631634469742202,qwen_instruct
0.0,-1.0220113460026186,qwen_instruct
0.0,-0.7687409688393314,qwen_instruct
0.0,-1.3911336164101804,qwen_instruct
0.0,-1.5728398252895128,qwen_instruct
0.0,-1.5550580657967772,qwen_instruct
0.0,-1.3187389671945637,qwen_instruct
0.0,-1.0631634469742202,qwen_instruct
0.0,-1.0220113460026186,qwen_instruct
0.0,-0.7687409688393314,qwen_instruct
0.0,-1.3911336164101804,qwen_instruct
0.0,-1.5550580657967772,qwen_instruct
0.0,-1.3187389671945637,qwen_instruct
0.0,-1.0631634469742202,qwen_instruct
0.0,-1.0220113460026186,qwen_instruct
0.0,-0.7687409688393314,qwen_instruct
0.0,-1.3911336164101804,qwen_instruct
0.0,-1.5728398252895128,qwen_instruct
0.0,-1.5550580657967772,qwen_instruct
0.0,-1.3187389671945637,qwen_instruct
0.0,-1.0631634469742202,qwen_instruct
0.0,-1.0220113460026186,qwen_instruct
0.0,-0.7687409688393314,qwen_instruct
0.0,-1.3911336164101804,qwen_instruct
0.0,-1.5728398252895128,qwen_instruct
0.0,-1.5550580657967772,qwen_instruct
0.0,-1.128763743657293,llama31_instruct
0.0,-0.8388346011573301,llama31_instruct
0.0,-0.8792172980636881,llama31_instruct
0.0,-0.6463268129618895,llama31_instruct
0.0,-1.1428437765130686,llama31_instruct
0.0,-1.4105304212265553,llama31_instruct
0.0,-1.451691812111261,llama31_instruct
0.0,-1.128763743657293,llama31_instruct
0.0,-0.8388346011573301,llama31_instruct
0.0,-0.8792172980636881,llama31_instruct
0.0,-0.6463268129618895,llama31_instruct
0.0,-1.1428437765130686,llama31_instruct
0.0,-1.4105304212265553,llama31_instruct
0.0,-1.451691812111261,llama31_instruct
0.0,-1.128763743657293,llama31_instruct
0.0,-0.8388346011573301,llama31_instruct
0.0,-0.8792172980636881,llama31_instruct
0.0,-0.6463268129618895,llama31_instruct
0.0,-1.1428437765130686,llama31_instruct
0.0,-1.4105304212265553,llama31_instruct
0.0,-1.451691812111261,llama31_instruct
0.0,-1.128763743657293,llama31_instruct
0.0,-0.8388346011573301,llama31_instruct
0.0,-0.8792172980636881,llama31_instruct
0.0,-0.6463268129618895,llama31_instruct
0.0,-1.1428437765130686,llama31_instruct
0.0,-1.4105304212265553,llama31_instruct
0.0,-1.451691812111261,llama31_instruct
-0.0,-1.1435703228612444,llama31_instruct
-0.0,-0.7213823952907831,llama31_instruct
-0.0,-0.8273531839886451,llama31_instruct
-0.0,-0.4329888492237579,llama31_instruct
-0.0,-1.1517577237183534,llama31_instruct
-0.0,-1.5578079501787028,llama31_instruct
-0.0,-1.4364568577325993,llama31_instruct
-0.0,-1.1435703228612444,llama31_instruct
-0.0,-0.7213823952907831,llama31_instruct
-0.0,-0.8273531839886451,llama31_instruct
-0.0,-0.4329888492237579,llama31_instruct
-0.0,-1.1517577237183534,llama31_instruct
-0.0,-1.5578079501787028,llama31_instruct
-0.0,-1.4364568577325993,llama31_instruct
-0.0,-1.1435703228612444,llama31_instruct
-0.0,-0.7213823952907831,llama31_instruct
-0.0,-0.8273531839886451,llama31_instruct
-0.0,-0.4329888492237579,llama31_instruct
-0.0,-1.1517577237183534,llama31_instruct
-0.0,-1.5578079501787028,llama31_instruct
-0.0,-1.4364568577325993,llama31_instruct
-0.0,-1.1435703228612444,llama31_instruct
-0.0,-0.7213823952907831,llama31_instruct
-0.0,-0.8273531839886451,llama31_instruct
-0.0,-0.4329888492237579,llama31_instruct
-0.0,-1.1517577237183534,llama31_instruct
-0.0,-1.5578079501787028,llama31_instruct
-0.0,-1.4364568577325993,llama31_instruct
-0.0,-1.011391436940057,llama31_instruct
-0.0,-0.6548622058659308,llama31_instruct
-0.0,-0.6752343502435879,llama31_instruct
-0.0,-0.30774582885030655,llama31_instruct
-0.0,-1.009883870908567,llama31_instruct
-0.0,-1.3107103706567966,llama31_instruct
-0.0,-1.2397242462467104,llama31_instruct
-0.0,-1.011391436940057,llama31_instruct
-0.0,-0.6548622058659308,llama31_instruct
-0.0,-0.6752343502435879,llama31_instruct
-0.0,-0.30774582885030655,llama31_instruct
-0.0,-1.009883870908567,llama31_instruct
-0.0,-1.3107103706567966,llama31_instruct
-0.0,-1.2397242462467104,llama31_instruct
-0.0,-1.011391436940057,llama31_instruct
-0.0,-0.6548622058659308,llama31_instruct
-0.0,-0.6752343502435879,llama31_instruct
-0.0,-0.30774582885030655,llama31_instruct
-0.0,-1.009883870908567,llama31_instruct
-0.0,-1.3107103706567966,llama31_instruct
-0.0,-1.2397242462467104,llama31_instruct
-0.0,-1.011391436940057,llama31_instruct
-0.0,-0.6548622058659308,llama31_instruct
-0.0,-0.6752343502435879,llama31_instruct
-0.0,-0.30774582885030655,llama31_instruct
-0.0,-1.009883870908567,llama31_instruct
-0.0,-1.3107103706567966,llama31_instruct
-0.0,-1.2397242462467104,llama31_instruct
-0.0,-1.1607218668057755,llama31_instruct
-0.0,-0.7908221071906911,llama31_instruct
-0.0,-0.8591765095913437,llama31_instruct
-0.0,-0.4542587464371446,llama31_instruct
-0.0,-1.1689092676628845,llama31_instruct
-0.0,-1.5703415191691075,llama31_instruct
-0.0,-1.45360840167713,llama31_instruct
-0.0,-1.1607218668057755,llama31_instruct
-0.0,-0.7908221071906911,llama31_instruct
-0.0,-0.8591765095913437,llama31_instruct
-0.0,-0.4542587464371446,llama31_instruct
-0.0,-1.1689092676628845,llama31_instruct
-0.0,-1.5703415191691075,llama31_instruct
-0.0,-1.45360840167713,llama31_instruct
-0.0,-1.1607218668057755,llama31_instruct
-0.0,-0.7908221071906911,llama31_instruct
-0.0,-0.8591765095913437,llama31_instruct
-0.0,-0.4542587464371446,llama31_instruct
-0.0,-1.1689092676628845,llama31_instruct
-0.0,-1.5703415191691075,llama31_instruct
-0.0,-1.45360840167713,llama31_instruct
-0.0,-1.1607218668057755,llama31_instruct
-0.0,-0.7908221071906911,llama31_instruct
-0.0,-0.8591765095913437,llama31_instruct
-0.0,-0.4542587464371446,llama31_instruct
-0.0,-1.1689092676628845,llama31_instruct
-0.0,-1.5703415191691075,llama31_instruct
-0.0,-1.45360840167713,llama31_instruct
0.0,-1.1603390702729528,llama31_instruct
0.0,-0.7749902376491711,llama31_instruct
0.0,-0.8793243313431636,llama31_instruct
0.0,-0.6304399868629155,llama31_instruct
0.0,-1.1800329623598027,llama31_instruct
0.0,-1.50234269641664,llama31_instruct
0.0,-1.4752621715113987,llama31_instruct
0.0,-1.1603390702729528,llama31_instruct
0.0,-0.7749902376491711,llama31_instruct
0.0,-0.8793243313431636,llama31_instruct
0.0,-0.6304399868629155,llama31_instruct
0.0,-1.1800329623598027,llama31_instruct
0.0,-1.50234269641664,llama31_instruct
0.0,-1.4752621715113987,llama31_instruct
0.0,-1.1603390702729528,llama31_instruct
0.0,-0.7749902376491711,llama31_instruct
0.0,-0.8793243313431636,llama31_instruct
0.0,-0.6304399868629155,llama31_instruct
0.0,-1.1800329623598027,llama31_instruct
0.0,-1.50234269641664,llama31_instruct
0.0,-1.4752621715113987,llama31_instruct
0.0,-1.1603390702729528,llama31_instruct
0.0,-0.7749902376491711,llama31_instruct
0.0,-0.8793243313431636,llama31_instruct
0.0,-0.6304399868629155,llama31_instruct
0.0,-1.1800329623598027,llama31_instruct
0.0,-1.50234269641664,llama31_instruct
0.0,-1.4752621715113987,llama31_instruct
-0.0,-1.0423505104410364,llama31_instruct
-0.0,-0.7524213679410763,llama31_instruct
-0.0,-0.7433742376504606,llama31_instruct
-0.0,-0.36557483747051683,llama31_instruct
-0.0,-1.0564305432968113,llama31_instruct
-0.0,-1.3418164787628215,llama31_instruct
-0.0,-1.3652785788950061,llama31_instruct
-0.0,-1.0423505104410364,llama31_instruct
-0.0,-0.7524213679410763,llama31_instruct
-0.0,-0.7433742376504606,llama31_instruct
-0.0,-0.36557483747051683,llama31_instruct
-0.0,-1.0564305432968113,llama31_instruct
-0.0,-1.3418164787628215,llama31_instruct
-0.0,-1.3652785788950061,llama31_instruct
-0.0,-1.0423505104410364,llama31_instruct
-0.0,-0.7524213679410763,llama31_instruct
-0.0,-0.7433742376504606,llama31_instruct
-0.0,-0.36557483747051683,llama31_instruct
-0.0,-1.0564305432968113,llama31_instruct
-0.0,-1.3418164787628215,llama31_instruct
-0.0,-1.3652785788950061,llama31_instruct
-0.0,-1.0423505104410364,llama31_instruct
-0.0,-0.7524213679410763,llama31_instruct
-0.0,-0.7433742376504606,llama31_instruct
-0.0,-0.36557483747051683,llama31_instruct
-0.0,-1.0564305432968113,llama31_instruct
-0.0,-1.3418164787628215,llama31_instruct
-0.0,-1.3652785788950061,llama31_instruct
0.0,-1.075354991067265,llama31_instruct
0.0,-0.7545591902823336,llama31_instruct
0.0,-0.7655431390480589,llama31_instruct
0.0,-0.5632496310958884,llama31_instruct
0.0,-1.0742112784745645,llama31_instruct
0.0,-1.36495998488106,llama31_instruct
0.0,-1.2942236285321966,llama31_instruct
0.0,-1.075354991067265,llama31_instruct
0.0,-0.7545591902823336,llama31_instruct
0.0,-0.7655431390480589,llama31_instruct
0.0,-0.5632496310958884,llama31_instruct
0.0,-1.0742112784745645,llama31_instruct
0.0,-1.36495998488106,llama31_instruct
0.0,-1.2942236285321966,llama31_instruct
0.0,-1.075354991067265,llama31_instruct
0.0,-0.7545591902823336,llama31_instruct
0.0,-0.7655431390480589,llama31_instruct
0.0,-0.5632496310958884,llama31_instruct
0.0,-1.0742112784745645,llama31_instruct
0.0,-1.36495998488106,llama31_instruct
0.0,-1.2942236285321966,llama31_instruct
0.0,-1.075354991067265,llama31_instruct
0.0,-0.7545591902823336,llama31_instruct
0.0,-0.7655431390480589,llama31_instruct
0.0,-0.5632496310958884,llama31_instruct
0.0,-1.0742112784745645,llama31_instruct
0.0,-1.36495998488106,llama31_instruct
0.0,-1.2942236285321966,llama31_instruct
-0.0,-0.9595740806263375,llama31_instruct
-0.0,-0.6090289026915429,llama31_instruct
-0.0,-0.6234169939298678,llama31_instruct
-0.0,-0.24838829312273125,llama31_instruct
-0.0,-0.9580665145948478,llama31_instruct
-0.0,-1.2248804831670288,llama31_instruct
-0.0,-1.1879068899329919,llama31_instruct
-0.0,-0.9595740806263375,llama31_instruct
-0.0,-0.6090289026915429,llama31_instruct
-0.0,-0.6234169939298678,llama31_instruct
-0.0,-0.24838829312273125,llama31_instruct
-0.0,-0.9580665145948478,llama31_instruct
-0.0,-1.2248804831670288,llama31_instruct
-0.0,-1.1879068899329919,llama31_instruct
-0.0,-0.9595740806263375,llama31_instruct
-0.0,-0.6090289026915429,llama31_instruct
-0.0,-0.6234169939298678,llama31_instruct
-0.0,-0.24838829312273125,llama31_instruct
-0.0,-0.9580665145948478,llama31_instruct
-0.0,-1.2248804831670288,llama31_instruct
-0.0,-1.1879068899329919,llama31_instruct
-0.0,-0.9595740806263375,llama31_instruct
-0.0,-0.6090289026915429,llama31_instruct
-0.0,-0.6234169939298678,llama31_instruct
-0.0,-0.24838829312273125,llama31_instruct
-0.0,-0.9580665145948478,llama31_instruct
-0.0,-1.2248804831670288,llama31_instruct
-0.0,-1.1879068899329919,llama31_instruct
0.0,-1.2048801398468636,llama31_instruct
0.0,-0.8559286837225357,llama31_instruct
0.0,-0.9105469713245607,llama31_instruct
0.0,-0.6758507687662213,llama31_instruct
0.0,-1.2061178755225768,llama31_instruct
0.0,-1.6098581551578874,llama31_instruct
0.0,-1.489469530649861,llama31_instruct
0.0,-1.2048801398468636,llama31_instruct
0.0,-0.8559286837225357,llama31_instruct
0.0,-0.9105469713245607,llama31_instruct
0.0,-0.6758507687662213,llama31_instruct
0.0,-1.2061178755225768,llama31_instruct
0.0,-1.6098581551578874,llama31_instruct
0.0,-1.489469530649861,llama31_instruct
0.0,-1.2048801398468636,llama31_instruct
0.0,-0.8559286837225357,llama31_instruct
0.0,-0.9105469713245607,llama31_instruct
0.0,-0.6758507687662213,llama31_instruct
0.0,-1.2061178755225768,llama31_instruct
0.0,-1.6098581551578874,llama31_instruct
0.0,-1.489469530649861,llama31_instruct
0.0,-1.2048801398468636,llama31_instruct
0.0,-0.8559286837225357,llama31_instruct
0.0,-0.9105469713245607,llama31_instruct
0.0,-0.6758507687662213,llama31_instruct
0.0,-1.2061178755225768,llama31_instruct
0.0,-1.6098581551578874,llama31_instruct
0.0,-1.489469530649861,llama31_instruct
0.0,-1.181435679840385,llama31_instruct
0.0,-0.8344701380709229,llama31_instruct
0.0,-0.9004209409105941,llama31_instruct
0.0,-0.65608129491149,llama31_instruct
0.0,-1.2011295719272346,llama31_instruct
0.0,-1.5234393059840723,llama31_instruct
0.0,-1.4963587810788306,llama31_instruct
0.0,-1.181435679840385,llama31_instruct
0.0,-0.8344701380709229,llama31_instruct
0.0,-0.9004209409105941,llama31_instruct
0.0,-0.65608129491149,llama31_instruct
0.0,-1.2011295719272346,llama31_instruct
0.0,-1.5234393059840723,llama31_instruct
0.0,-1.4963587810788306,llama31_instruct
0.0,-1.181435679840385,llama31_instruct
0.0,-0.8344701380709229,llama31_instruct
0.0,-0.9004209409105941,llama31_instruct
0.0,-0.65608129491149,llama31_instruct
0.0,-1.2011295719272346,llama31_instruct
0.0,-1.5234393059840723,llama31_instruct
0.0,-1.4963587810788306,llama31_instruct
0.0,-1.181435679840385,llama31_instruct
0.0,-0.8344701380709229,llama31_instruct
0.0,-0.9004209409105941,llama31_instruct
0.0,-0.65608129491149,llama31_instruct
0.0,-1.2011295719272346,llama31_instruct
0.0,-1.5234393059840723,llama31_instruct
0.0,-1.4963587810788306,llama31_instruct
-0.0,-1.1583922507873416,llama31_instruct
-0.0,-0.7884924911722574,llama31_instruct
-0.0,-0.8622646016551481,llama31_instruct
-0.0,-0.4519291304187106,llama31_instruct
-0.0,-1.1665796516444507,llama31_instruct
-0.0,-1.5632002382113177,llama31_instruct
-0.0,-1.4512787856586962,llama31_instruct
-0.0,-1.1583922507873416,llama31_instruct
-0.0,-0.7884924911722574,llama31_instruct
-0.0,-0.8622646016551481,llama31_instruct
-0.0,-0.4519291304187106,llama31_instruct
-0.0,-1.1665796516444507,llama31_instruct
-0.0,-1.5632002382113177,llama31_instruct
-0.0,-1.4512787856586962,llama31_instruct
-0.0,-1.1583922507873416,llama31_instruct
-0.0,-0.7884924911722574,llama31_instruct
-0.0,-0.8622646016551481,llama31_instruct
-0.0,-0.4519291304187106,llama31_instruct
-0.0,-1.1665796516444507,llama31_instruct
-0.0,-1.5632002382113177,llama31_instruct
-0.0,-1.4512787856586962,llama31_instruct
-0.0,-1.1583922507873416,llama31_instruct
-0.0,-0.7884924911722574,llama31_instruct
-0.0,-0.8622646016551481,llama31_instruct
-0.0,-0.4519291304187106,llama31_instruct
-0.0,-1.1665796516444507,llama31_instruct
-0.0,-1.5632002382113177,llama31_instruct
-0.0,-1.4512787856586962,llama31_instruct
0.0,-1.1339485871457664,llama31_instruct
0.0,-0.8440194446458036,llama31_instruct
0.0,-0.8844021415521616,llama31_instruct
0.0,-0.651511656450363,llama31_instruct
0.0,-1.148028620001542,llama31_instruct
0.0,-1.4157152647150286,llama31_instruct
0.0,-1.4568766555997343,llama31_instruct
0.0,-1.1339485871457664,llama31_instruct
0.0,-0.8440194446458036,llama31_instruct
0.0,-0.8844021415521616,llama31_instruct
0.0,-0.651511656450363,llama31_instruct
0.0,-1.148028620001542,llama31_instruct
0.0,-1.4157152647150286,llama31_instruct
0.0,-1.4568766555997343,llama31_instruct
0.0,-1.1339485871457664,llama31_instruct
0.0,-0.8440194446458036,llama31_instruct
0.0,-0.8844021415521616,llama31_instruct
0.0,-0.651511656450363,llama31_instruct
0.0,-1.148028620001542,llama31_instruct
0.0,-1.4157152647150286,llama31_instruct
0.0,-1.4568766555997343,llama31_instruct
0.0,-1.1339485871457664,llama31_instruct
0.0,-0.8440194446458036,llama31_instruct
0.0,-0.8844021415521616,llama31_instruct
0.0,-0.651511656450363,llama31_instruct
0.0,-1.148028620001542,llama31_instruct
0.0,-1.4157152647150286,llama31_instruct
0.0,-1.4568766555997343,llama31_instruct
0.0,-0.9988031610015328,llama31_instruct
0.0,-0.623021555787538,llama31_instruct
0.0,-0.6310459278908869,llama31_instruct
0.0,-0.1422834311550937,llama31_instruct
0.0,-1.0020810856150142,llama31_instruct
0.0,-1.3093363115706147,llama31_instruct
0.0,-1.2249413244981322,llama31_instruct
0.0,-0.9988031610015328,llama31_instruct
0.0,-0.623021555787538,llama31_instruct
0.0,-0.6310459278908869,llama31_instruct
0.0,-0.1422834311550937,llama31_instruct
0.0,-1.0020810856150142,llama31_instruct
0.0,-1.3093363115706147,llama31_instruct
0.0,-1.2249413244981322,llama31_instruct
0.0,-0.9988031610015328,llama31_instruct
0.0,-0.623021555787538,llama31_instruct
0.0,-0.6310459278908869,llama31_instruct
0.0,-0.1422834311550937,llama31_instruct
0.0,-1.0020810856150142,llama31_instruct
0.0,-1.3093363115706147,llama31_instruct
0.0,-1.2249413244981322,llama31_instruct
0.0,-0.9988031610015328,llama31_instruct
0.0,-0.623021555787538,llama31_instruct
0.0,-0.6310459278908869,llama31_instruct
0.0,-0.1422834311550937,llama31_instruct
0.0,-1.0020810856150142,llama31_instruct
0.0,-1.3093363115706147,llama31_instruct
0.0,-1.2249413244981322,llama31_instruct
0.0,-1.1159505261545233,llama31_instruct
0.0,-0.7304228982580594,llama31_instruct
0.0,-0.834935787224734,llama31_instruct
0.0,-0.5905961412256302,llama31_instruct
0.0,-1.135644418241374,llama31_instruct
0.0,-1.5273671069965453,llama31_instruct
0.0,-1.4339036128945974,llama31_instruct
0.0,-1.1159505261545233,llama31_instruct
0.0,-0.7304228982580594,llama31_instruct
0.0,-0.834935787224734,llama31_instruct
0.0,-0.5905961412256302,llama31_instruct
0.0,-1.135644418241374,llama31_instruct
0.0,-1.5273671069965453,llama31_instruct
0.0,-1.4339036128945974,llama31_instruct
0.0,-1.1159505261545233,llama31_instruct
0.0,-0.7304228982580594,llama31_instruct
0.0,-0.834935787224734,llama31_instruct
0.0,-0.5905961412256302,llama31_instruct
0.0,-1.135644418241374,llama31_instruct
0.0,-1.5273671069965453,llama31_instruct
0.0,-1.4339036128945974,llama31_instruct
0.0,-1.1159505261545233,llama31_instruct
0.0,-0.7304228982580594,llama31_instruct
0.0,-0.834935787224734,llama31_instruct
0.0,-0.5905961412256302,llama31_instruct
0.0,-1.135644418241374,llama31_instruct
0.0,-1.5273671069965453,llama31_instruct
0.0,-1.4339036128945974,llama31_instruct
0.0,-1.2102962180587868,llama31_instruct
0.0,-0.8398818592172607,llama31_instruct
0.0,-0.8640714804199784,llama31_instruct
0.0,-0.68779346205721,llama31_instruct
0.0,-1.2091525054660865,llama31_instruct
0.0,-1.493513200086147,llama31_instruct
0.0,-1.4337389111418102,llama31_instruct
0.0,-1.2102962180587868,llama31_instruct
0.0,-0.8398818592172607,llama31_instruct
0.0,-0.8640714804199784,llama31_instruct
0.0,-0.68779346205721,llama31_instruct
0.0,-1.2091525054660865,llama31_instruct
0.0,-1.493513200086147,llama31_instruct
0.0,-1.4337389111418102,llama31_instruct
0.0,-1.2102962180587868,llama31_instruct
0.0,-0.8398818592172607,llama31_instruct
0.0,-0.8640714804199784,llama31_instruct
0.0,-0.68779346205721,llama31_instruct
0.0,-1.2091525054660865,llama31_instruct
0.0,-1.493513200086147,llama31_instruct
0.0,-1.4337389111418102,llama31_instruct
0.0,-1.2102962180587868,llama31_instruct
0.0,-0.8398818592172607,llama31_instruct
0.0,-0.8640714804199784,llama31_instruct
0.0,-0.68779346205721,llama31_instruct
0.0,-1.2091525054660865,llama31_instruct
0.0,-1.493513200086147,llama31_instruct
0.0,-1.4337389111418102,llama31_instruct
0.0,-1.0303934270747062,llama31_instruct
0.0,-0.6546118218607109,llama31_instruct
0.0,-0.7039254944238663,llama31_instruct
0.0,-0.341169788534727,llama31_instruct
0.0,-1.0336713516881877,llama31_instruct
0.0,-1.3549324195134755,llama31_instruct
0.0,-1.2565315905713037,llama31_instruct
0.0,-1.0303934270747062,llama31_instruct
0.0,-0.6546118218607109,llama31_instruct
0.0,-0.7039254944238663,llama31_instruct
0.0,-0.341169788534727,llama31_instruct
0.0,-1.0336713516881877,llama31_instruct
0.0,-1.3549324195134755,llama31_instruct
0.0,-1.2565315905713037,llama31_instruct
0.0,-1.0303934270747062,llama31_instruct
0.0,-0.6546118218607109,llama31_instruct
0.0,-0.7039254944238663,llama31_instruct
0.0,-0.341169788534727,llama31_instruct
0.0,-1.0336713516881877,llama31_instruct
0.0,-1.3549324195134755,llama31_instruct
0.0,-1.2565315905713037,llama31_instruct
0.0,-1.0303934270747062,llama31_instruct
0.0,-0.6546118218607109,llama31_instruct
0.0,-0.7039254944238663,llama31_instruct
0.0,-0.341169788534727,llama31_instruct
0.0,-1.0336713516881877,llama31_instruct
0.0,-1.3549324195134755,llama31_instruct
0.0,-1.2565315905713037,llama31_instruct
0.0,-1.1438328349509295,llama31_instruct
0.0,-0.7216449073804684,llama31_instruct
0.0,-0.8330334041605685,llama31_instruct
0.0,-0.43325136131344283,llama31_instruct
0.0,-1.1520202358080385,llama31_instruct
0.0,-1.553258797329032,llama31_instruct
0.0,-1.4367193698222844,llama31_instruct
0.0,-1.1438328349509295,llama31_instruct
0.0,-0.7216449073804684,llama31_instruct
0.0,-0.8330334041605685,llama31_instruct
0.0,-0.43325136131344283,llama31_instruct
0.0,-1.1520202358080385,llama31_instruct
0.0,-1.553258797329032,llama31_instruct
0.0,-1.4367193698222844,llama31_instruct
0.0,-1.1438328349509295,llama31_instruct
0.0,-0.7216449073804684,llama31_instruct
0.0,-0.8330334041605685,llama31_instruct
0.0,-0.43325136131344283,llama31_instruct
0.0,-1.1520202358080385,llama31_instruct
0.0,-1.553258797329032,llama31_instruct
0.0,-1.4367193698222844,llama31_instruct
0.0,-1.1438328349509295,llama31_instruct
0.0,-0.7216449073804684,llama31_instruct
0.0,-0.8330334041605685,llama31_instruct
0.0,-0.43325136131344283,llama31_instruct
0.0,-1.1520202358080385,llama31_instruct
0.0,-1.553258797329032,llama31_instruct
0.0,-1.4367193698222844,llama31_instruct
0.0,-0.9856230884127275,llama31_instruct
0.0,-0.6311124434280198,llama31_instruct
0.0,-0.6494660017162577,llama31_instruct
0.0,-0.35753190016231845,llama31_instruct
0.0,-0.9841155223812378,llama31_instruct
0.0,-1.2976806086631236,llama31_instruct
0.0,-1.2139558977193825,llama31_instruct
0.0,-0.9856230884127275,llama31_instruct
0.0,-0.6311124434280198,llama31_instruct
0.0,-0.6494660017162577,llama31_instruct
0.0,-0.35753190016231845,llama31_instruct
0.0,-0.9841155223812378,llama31_instruct
0.0,-1.2976806086631236,llama31_instruct
0.0,-1.2139558977193825,llama31_instruct
0.0,-0.9856230884127275,llama31_instruct
0.0,-0.6311124434280198,llama31_instruct
0.0,-0.6494660017162577,llama31_instruct
0.0,-0.35753190016231845,llama31_instruct
0.0,-0.9841155223812378,llama31_instruct
0.0,-1.2976806086631236,llama31_instruct
0.0,-1.2139558977193825,llama31_instruct
0.0,-0.9856230884127275,llama31_instruct
0.0,-0.6311124434280198,llama31_instruct
0.0,-0.6494660017162577,llama31_instruct
0.0,-0.35753190016231845,llama31_instruct
0.0,-0.9841155223812378,llama31_instruct
0.0,-1.2976806086631236,llama31_instruct
0.0,-1.2139558977193825,llama31_instruct
-0.0,-1.2340458756139632,llama31_instruct
-0.0,-0.8966039882117248,llama31_instruct
-0.0,-0.969414559783978,llama31_instruct
-0.0,-0.712635924131043,llama31_instruct
-0.0,-1.2438867797414535,llama31_instruct
-0.0,-1.605851604027825,llama31_instruct
-0.0,-1.5186352664169598,llama31_instruct
-0.0,-1.2340458756139632,llama31_instruct
-0.0,-0.8966039882117248,llama31_instruct
-0.0,-0.969414559783978,llama31_instruct
-0.0,-0.712635924131043,llama31_instruct
-0.0,-1.2438867797414535,llama31_instruct
-0.0,-1.605851604027825,llama31_instruct
-0.0,-1.5186352664169598,llama31_instruct
-0.0,-1.2340458756139632,llama31_instruct
-0.0,-0.8966039882117248,llama31_instruct
-0.0,-0.969414559783978,llama31_instruct
-0.0,-0.712635924131043,llama31_instruct
-0.0,-1.2438867797414535,llama31_instruct
-0.0,-1.605851604027825,llama31_instruct
-0.0,-1.5186352664169598,llama31_instruct
-0.0,-1.2340458756139632,llama31_instruct
-0.0,-0.8966039882117248,llama31_instruct
-0.0,-0.969414559783978,llama31_instruct
-0.0,-0.712635924131043,llama31_instruct
-0.0,-1.2438867797414535,llama31_instruct
-0.0,-1.605851604027825,llama31_instruct
-0.0,-1.5186352664169598,llama31_instruct
0.0,-1.3299768649393828,llama31_instruct
0.0,-0.9552984257581489,llama31_instruct
0.0,-1.029728600725384,llama31_instruct
0.0,-0.8334817187647008,llama31_instruct
0.0,-1.3398177690668729,llama31_instruct
0.0,-1.7086793841239125,llama31_instruct
0.0,-1.6222029070583273,llama31_instruct
0.0,-1.3299768649393828,llama31_instruct
0.0,-0.9552984257581489,llama31_instruct
0.0,-1.029728600725384,llama31_instruct
0.0,-0.8334817187647008,llama31_instruct
0.0,-1.3398177690668729,llama31_instruct
0.0,-1.7086793841239125,llama31_instruct
0.0,-1.6222029070583273,llama31_instruct
0.0,-1.3299768649393828,llama31_instruct
0.0,-0.9552984257581489,llama31_instruct
0.0,-1.029728600725384,llama31_instruct
0.0,-0.8334817187647008,llama31_instruct
0.0,-1.3398177690668729,llama31_instruct
0.0,-1.7086793841239125,llama31_instruct
0.0,-1.6222029070583273,llama31_instruct
0.0,-1.3299768649393828,llama31_instruct
0.0,-0.9552984257581489,llama31_instruct
0.0,-1.029728600725384,llama31_instruct
0.0,-0.8334817187647008,llama31_instruct
0.0,-1.3398177690668729,llama31_instruct
0.0,-1.7086793841239125,llama31_instruct
0.0,-1.6222029070583273,llama31_instruct
-0.0,-1.138129218723895,llama31_instruct
-0.0,-0.8482000762239338,llama31_instruct
-0.0,-0.8746908330625013,llama31_instruct
-0.0,-0.577130758417663,llama31_instruct
-0.0,-1.1522092515796698,llama31_instruct
-0.0,-1.4293643095370645,llama31_instruct
-0.0,-1.4606764390299192,llama31_instruct
-0.0,-1.138129218723895,llama31_instruct
-0.0,-0.8482000762239338,llama31_instruct
-0.0,-0.8746908330625013,llama31_instruct
-0.0,-0.577130758417663,llama31_instruct
-0.0,-1.1522092515796698,llama31_instruct
-0.0,-1.4293643095370645,llama31_instruct
-0.0,-1.4606764390299192,llama31_instruct
-0.0,-1.138129218723895,llama31_instruct
-0.0,-0.8482000762239338,llama31_instruct
-0.0,-0.8746908330625013,llama31_instruct
-0.0,-0.577130758417663,llama31_instruct
-0.0,-1.1522092515796698,llama31_instruct
-0.0,-1.4293643095370645,llama31_instruct
-0.0,-1.4606764390299192,llama31_instruct
-0.0,-1.138129218723895,llama31_instruct
-0.0,-0.8482000762239338,llama31_instruct
-0.0,-0.8746908330625013,llama31_instruct
-0.0,-0.577130758417663,llama31_instruct
-0.0,-1.1522092515796698,llama31_instruct
-0.0,-1.4293643095370645,llama31_instruct
-0.0,-1.4606764390299192,llama31_instruct
-0.0,-1.1598381407173672,llama31_instruct
-0.0,-0.790113128670645,llama31_instruct
-0.0,-0.8672642106337087,llama31_instruct
-0.0,-0.6002935662811685,llama31_instruct
-0.0,-1.178033685001827,llama31_instruct
-0.0,-1.5917506678196613,llama31_instruct
-0.0,-1.4787436005099537,llama31_instruct
-0.0,-1.1598381407173672,llama31_instruct
-0.0,-0.790113128670645,llama31_instruct
-0.0,-0.8672642106337087,llama31_instruct
-0.0,-0.6002935662811685,llama31_instruct
-0.0,-1.178033685001827,llama31_instruct
-0.0,-1.5917506678196613,llama31_instruct
-0.0,-1.4787436005099537,llama31_instruct
-0.0,-1.1598381407173672,llama31_instruct
-0.0,-0.790113128670645,llama31_instruct
-0.0,-0.8672642106337087,llama31_instruct
-0.0,-0.6002935662811685,llama31_instruct
-0.0,-1.178033685001827,llama31_instruct
-0.0,-1.5917506678196613,llama31_instruct
-0.0,-1.4787436005099537,llama31_instruct
-0.0,-1.1598381407173672,llama31_instruct
-0.0,-0.790113128670645,llama31_instruct
-0.0,-0.8672642106337087,llama31_instruct
-0.0,-0.6002935662811685,llama31_instruct
-0.0,-1.178033685001827,llama31_instruct
-0.0,-1.5917506678196613,llama31_instruct
-0.0,-1.4787436005099537,llama31_instruct
0.0,-1.1943138274390344,llama31_instruct
0.0,-0.7850018833407688,llama31_instruct
0.0,-0.8855574659438108,llama31_instruct
0.0,-0.5146335689469735,llama31_instruct
0.0,-1.212509371723493,llama31_instruct
0.0,-1.6507270125167413,llama31_instruct
0.0,-1.538528052847077,llama31_instruct
0.0,-1.1943138274390344,llama31_instruct
0.0,-0.7850018833407688,llama31_instruct
0.0,-0.8855574659438108,llama31_instruct
0.0,-0.5146335689469735,llama31_instruct
0.0,-1.212509371723493,llama31_instruct
0.0,-1.6507270125167413,llama31_instruct
0.0,-1.538528052847077,llama31_instruct
0.0,-1.1943138274390344,llama31_instruct
0.0,-0.7850018833407688,llama31_instruct
0.0,-0.8855574659438108,llama31_instruct
0.0,-0.5146335689469735,llama31_instruct
0.0,-1.212509371723493,llama31_instruct
0.0,-1.6507270125167413,llama31_instruct
0.0,-1.538528052847077,llama31_instruct
0.0,-1.1943138274390344,llama31_instruct
0.0,-0.7850018833407688,llama31_instruct
0.0,-0.8855574659438108,llama31_instruct
0.0,-0.5146335689469735,llama31_instruct
0.0,-1.212509371723493,llama31_instruct
0.0,-1.6507270125167413,llama31_instruct
0.0,-1.538528052847077,llama31_instruct
0.0,-1.0462459479768575,llama31_instruct
0.0,-0.7563168054768996,llama31_instruct
0.0,-0.6519555575054103,llama31_instruct
0.0,-0.3102168637253425,llama31_instruct
0.0,-1.0603259808326329,llama31_instruct
0.0,-1.369883449121278,llama31_instruct
0.0,-1.3691740164308264,llama31_instruct
0.0,-1.0462459479768575,llama31_instruct
0.0,-0.7563168054768996,llama31_instruct
0.0,-0.6519555575054103,llama31_instruct
0.0,-0.3102168637253425,llama31_instruct
0.0,-1.0603259808326329,llama31_instruct
0.0,-1.369883449121278,llama31_instruct
0.0,-1.3691740164308264,llama31_instruct
0.0,-1.0462459479768575,llama31_instruct
0.0,-0.7563168054768996,llama31_instruct
0.0,-0.6519555575054103,llama31_instruct
0.0,-0.3102168637253425,llama31_instruct
0.0,-1.0603259808326329,llama31_instruct
0.0,-1.369883449121278,llama31_instruct
0.0,-1.3691740164308264,llama31_instruct
0.0,-1.0462459479768575,llama31_instruct
0.0,-0.7563168054768996,llama31_instruct
0.0,-0.6519555575054103,llama31_instruct
0.0,-0.3102168637253425,llama31_instruct
0.0,-1.0603259808326329,llama31_instruct
0.0,-1.369883449121278,llama31_instruct
0.0,-1.3691740164308264,llama31_instruct
0.0,-1.0487590708681016,llama31_instruct
0.0,-0.6394471267698353,llama31_instruct
0.0,-0.7561851407844428,llama31_instruct
0.0,-0.33281548668406835,llama31_instruct
0.0,-1.0669546151525597,llama31_instruct
0.0,-1.4919049526643773,llama31_instruct
0.0,-1.3771668182947732,llama31_instruct
0.0,-1.0487590708681016,llama31_instruct
0.0,-0.6394471267698353,llama31_instruct
0.0,-0.7561851407844428,llama31_instruct
0.0,-0.33281548668406835,llama31_instruct
0.0,-1.0669546151525597,llama31_instruct
0.0,-1.4919049526643773,llama31_instruct
0.0,-1.3771668182947732,llama31_instruct
0.0,-1.0487590708681016,llama31_instruct
0.0,-0.6394471267698353,llama31_instruct
0.0,-0.7561851407844428,llama31_instruct
0.0,-0.33281548668406835,llama31_instruct
0.0,-1.0669546151525597,llama31_instruct
0.0,-1.4919049526643773,llama31_instruct
0.0,-1.3771668182947732,llama31_instruct
0.0,-1.0487590708681016,llama31_instruct
0.0,-0.6394471267698353,llama31_instruct
0.0,-0.7561851407844428,llama31_instruct
0.0,-0.33281548668406835,llama31_instruct
0.0,-1.0669546151525597,llama31_instruct
0.0,-1.4919049526643773,llama31_instruct
0.0,-1.3771668182947732,llama31_instruct
0.0,-1.2102962180587868,llama31_instruct
0.0,-0.8398818592172607,llama31_instruct
0.0,-0.8640714804199784,llama31_instruct
0.0,-0.68779346205721,llama31_instruct
0.0,-1.2091525054660865,llama31_instruct
0.0,-1.493513200086147,llama31_instruct
0.0,-1.4337389111418102,llama31_instruct
0.0,-1.2102962180587868,llama31_instruct
0.0,-0.8398818592172607,llama31_instruct
0.0,-0.8640714804199784,llama31_instruct
0.0,-0.68779346205721,llama31_instruct
0.0,-1.2091525054660865,llama31_instruct
0.0,-1.493513200086147,llama31_instruct
0.0,-1.4337389111418102,llama31_instruct
0.0,-1.2102962180587868,llama31_instruct
0.0,-0.8398818592172607,llama31_instruct
0.0,-0.8640714804199784,llama31_instruct
0.0,-0.68779346205721,llama31_instruct
0.0,-1.2091525054660865,llama31_instruct
0.0,-1.493513200086147,llama31_instruct
0.0,-1.4337389111418102,llama31_instruct
0.0,-1.2102962180587868,llama31_instruct
0.0,-0.8398818592172607,llama31_instruct
0.0,-0.8640714804199784,llama31_instruct
0.0,-0.68779346205721,llama31_instruct
0.0,-1.2091525054660865,llama31_instruct
0.0,-1.493513200086147,llama31_instruct
0.0,-1.4337389111418102,llama31_instruct
0.0,-1.276667466402171,llama31_instruct
0.0,-0.8762086461378866,llama31_instruct
0.0,-0.9467173494958535,llama31_instruct
0.0,-0.6038320457419208,llama31_instruct
0.0,-1.2865083705296603,llama31_instruct
0.0,-1.6750459875908579,llama31_instruct
0.0,-1.5612568572051686,llama31_instruct
0.0,-1.276667466402171,llama31_instruct
0.0,-0.8762086461378866,llama31_instruct
0.0,-0.9467173494958535,llama31_instruct
0.0,-0.6038320457419208,llama31_instruct
0.0,-1.2865083705296603,llama31_instruct
0.0,-1.6750459875908579,llama31_instruct
0.0,-1.5612568572051686,llama31_instruct
0.0,-1.276667466402171,llama31_instruct
0.0,-0.8762086461378866,llama31_instruct
0.0,-0.9467173494958535,llama31_instruct
0.0,-0.6038320457419208,llama31_instruct
0.0,-1.2865083705296603,llama31_instruct
0.0,-1.6750459875908579,llama31_instruct
0.0,-1.5612568572051686,llama31_instruct
0.0,-1.276667466402171,llama31_instruct
0.0,-0.8762086461378866,llama31_instruct
0.0,-0.9467173494958535,llama31_instruct
0.0,-0.6038320457419208,llama31_instruct
0.0,-1.2865083705296603,llama31_instruct
0.0,-1.6750459875908579,llama31_instruct
0.0,-1.5612568572051686,llama31_instruct
0.0,-0.9908827639335186,llama31_instruct
0.0,-0.6151011587195235,llama31_instruct
0.0,-0.6231255308228725,llama31_instruct
0.0,-0.1846016437452855,llama31_instruct
0.0,-0.994160688546999,llama31_instruct
0.0,-1.3317876088959035,llama31_instruct
0.0,-1.2170209274301174,llama31_instruct
0.0,-0.9908827639335186,llama31_instruct
0.0,-0.6151011587195235,llama31_instruct
0.0,-0.6231255308228725,llama31_instruct
0.0,-0.1846016437452855,llama31_instruct
0.0,-0.994160688546999,llama31_instruct
0.0,-1.3317876088959035,llama31_instruct
0.0,-1.2170209274301174,llama31_instruct
0.0,-0.9908827639335186,llama31_instruct
0.0,-0.6151011587195235,llama31_instruct
0.0,-0.6231255308228725,llama31_instruct
0.0,-0.1846016437452855,llama31_instruct
0.0,-0.994160688546999,llama31_instruct
0.0,-1.3317876088959035,llama31_instruct
0.0,-1.2170209274301174,llama31_instruct
0.0,-0.9908827639335186,llama31_instruct
0.0,-0.6151011587195235,llama31_instruct
0.0,-0.6231255308228725,llama31_instruct
0.0,-0.1846016437452855,llama31_instruct
0.0,-0.994160688546999,llama31_instruct
0.0,-1.3317876088959035,llama31_instruct
0.0,-1.2170209274301174,llama31_instruct
0.0,-1.0785126320247378,llama31_instruct
0.0,-0.7150307914180435,llama31_instruct
0.0,-0.7730169188776878,llama31_instruct
0.0,-0.4624233696503857,llama31_instruct
0.0,-1.081790556638219,llama31_instruct
0.0,-1.3460334216869054,llama31_instruct
0.0,-1.3046507955213371,llama31_instruct
0.0,-1.0785126320247378,llama31_instruct
0.0,-0.7150307914180435,llama31_instruct
0.0,-0.7730169188776878,llama31_instruct
0.0,-0.4624233696503857,llama31_instruct
0.0,-1.081790556638219,llama31_instruct
0.0,-1.3460334216869054,llama31_instruct
0.0,-1.3046507955213371,llama31_instruct
0.0,-1.0785126320247378,llama31_instruct
0.0,-0.7150307914180435,llama31_instruct
0.0,-0.7730169188776878,llama31_instruct
0.0,-0.4624233696503857,llama31_instruct
0.0,-1.081790556638219,llama31_instruct
0.0,-1.3460334216869054,llama31_instruct
0.0,-1.3046507955213371,llama31_instruct
0.0,-1.0785126320247378,llama31_instruct
0.0,-0.7150307914180435,llama31_instruct
0.0,-0.7730169188776878,llama31_instruct
0.0,-0.4624233696503857,llama31_instruct
0.0,-1.081790556638219,llama31_instruct
0.0,-1.3460334216869054,llama31_instruct
0.0,-1.3046507955213371,llama31_instruct
0.0,-1.0525029428656603,llama31_instruct
0.0,-0.7480750865819545,llama31_instruct
0.0,-0.7535266700750842,llama31_instruct
0.0,-0.36416125386076725,llama31_instruct
0.0,-1.0665829757214362,llama31_instruct
0.0,-1.2707051923315593,llama31_instruct
0.0,-1.37543101131963,llama31_instruct
0.0,-1.0525029428656603,llama31_instruct
0.0,-0.7480750865819545,llama31_instruct
0.0,-0.7535266700750842,llama31_instruct
0.0,-0.36416125386076725,llama31_instruct
0.0,-1.0665829757214362,llama31_instruct
0.0,-1.2707051923315593,llama31_instruct
0.0,-1.37543101131963,llama31_instruct
0.0,-1.0525029428656603,llama31_instruct
0.0,-0.7480750865819545,llama31_instruct
0.0,-0.7535266700750842,llama31_instruct
0.0,-0.36416125386076725,llama31_instruct
0.0,-1.0665829757214362,llama31_instruct
0.0,-1.2707051923315593,llama31_instruct
0.0,-1.37543101131963,llama31_instruct
0.0,-1.0525029428656603,llama31_instruct
0.0,-0.7480750865819545,llama31_instruct
0.0,-0.7535266700750842,llama31_instruct
0.0,-0.36416125386076725,llama31_instruct
0.0,-1.0665829757214362,llama31_instruct
0.0,-1.2707051923315593,llama31_instruct
0.0,-1.37543101131963,llama31_instruct
-0.0,-1.1871500465556544,llama31_instruct
-0.0,-0.8401845047861927,llama31_instruct
-0.0,-0.9061353076258639,llama31_instruct
-0.0,-0.6572509631456156,llama31_instruct
-0.0,-1.206843938642504,llama31_instruct
-0.0,-1.5291536726993418,llama31_instruct
-0.0,-1.5020731477940998,llama31_instruct
-0.0,-1.1871500465556544,llama31_instruct
-0.0,-0.8401845047861927,llama31_instruct
-0.0,-0.9061353076258639,llama31_instruct
-0.0,-0.6572509631456156,llama31_instruct
-0.0,-1.206843938642504,llama31_instruct
-0.0,-1.5291536726993418,llama31_instruct
-0.0,-1.5020731477940998,llama31_instruct
-0.0,-1.1871500465556544,llama31_instruct
-0.0,-0.8401845047861927,llama31_instruct
-0.0,-0.9061353076258639,llama31_instruct
-0.0,-0.6572509631456156,llama31_instruct
-0.0,-1.206843938642504,llama31_instruct
-0.0,-1.5291536726993418,llama31_instruct
-0.0,-1.5020731477940998,llama31_instruct
-0.0,-1.1871500465556544,llama31_instruct
-0.0,-0.8401845047861927,llama31_instruct
-0.0,-0.9061353076258639,llama31_instruct
-0.0,-0.6572509631456156,llama31_instruct
-0.0,-1.206843938642504,llama31_instruct
-0.0,-1.5291536726993418,llama31_instruct
-0.0,-1.5020731477940998,llama31_instruct
0.0,-1.2600422285064172,llama31_instruct
0.0,-0.8595834082421324,llama31_instruct
0.0,-0.9295924514326699,llama31_instruct
0.0,-0.5817751149491847,llama31_instruct
0.0,-1.2693552856044001,llama31_instruct
0.0,-1.6601424512445326,llama31_instruct
0.0,-1.552928763377771,llama31_instruct
0.0,-1.2600422285064172,llama31_instruct
0.0,-0.8595834082421324,llama31_instruct
0.0,-0.9295924514326699,llama31_instruct
0.0,-0.5817751149491847,llama31_instruct
0.0,-1.2693552856044001,llama31_instruct
0.0,-1.6601424512445326,llama31_instruct
0.0,-1.552928763377771,llama31_instruct
0.0,-1.2600422285064172,llama31_instruct
0.0,-0.8595834082421324,llama31_instruct
0.0,-0.9295924514326699,llama31_instruct
0.0,-0.5817751149491847,llama31_instruct
0.0,-1.2693552856044001,llama31_instruct
0.0,-1.6601424512445326,llama31_instruct
0.0,-1.552928763377771,llama31_instruct
0.0,-1.2600422285064172,llama31_instruct
0.0,-0.8595834082421324,llama31_instruct
0.0,-0.9295924514326699,llama31_instruct
0.0,-0.5817751149491847,llama31_instruct
0.0,-1.2693552856044001,llama31_instruct
0.0,-1.6601424512445326,llama31_instruct
0.0,-1.552928763377771,llama31_instruct
-0.0,-1.075354991067265,llama31_instruct
-0.0,-0.7545591902823336,llama31_instruct
-0.0,-0.7655431390480589,llama31_instruct
-0.0,-0.5632496310958884,llama31_instruct
-0.0,-1.0742112784745645,llama31_instruct
-0.0,-1.36495998488106,llama31_instruct
-0.0,-1.2942236285321966,llama31_instruct
-0.0,-1.075354991067265,llama31_instruct
-0.0,-0.7545591902823336,llama31_instruct
-0.0,-0.7655431390480589,llama31_instruct
-0.0,-0.5632496310958884,llama31_instruct
-0.0,-1.0742112784745645,llama31_instruct
-0.0,-1.36495998488106,llama31_instruct
-0.0,-1.2942236285321966,llama31_instruct
-0.0,-1.075354991067265,llama31_instruct
-0.0,-0.7545591902823336,llama31_instruct
-0.0,-0.7655431390480589,llama31_instruct
-0.0,-0.5632496310958884,llama31_instruct
-0.0,-1.0742112784745645,llama31_instruct
-0.0,-1.36495998488106,llama31_instruct
-0.0,-1.2942236285321966,llama31_instruct
-0.0,-1.075354991067265,llama31_instruct
-0.0,-0.7545591902823336,llama31_instruct
-0.0,-0.7655431390480589,llama31_instruct
-0.0,-0.5632496310958884,llama31_instruct
-0.0,-1.0742112784745645,llama31_instruct
-0.0,-1.36495998488106,llama31_instruct
-0.0,-1.2942236285321966,llama31_instruct
-0.0,-1.1152943282711516,llama31_instruct
-0.0,-0.7527482171398713,llama31_instruct
-0.0,-0.8185667070792074,llama31_instruct
-0.0,-0.5586564573716166,llama31_instruct
-0.0,-1.1192831792646993,llama31_instruct
-0.0,-1.4073070658380082,llama31_instruct
-0.0,-1.3414324917677527,llama31_instruct
-0.0,-1.1152943282711516,llama31_instruct
-0.0,-0.7527482171398713,llama31_instruct
-0.0,-0.8185667070792074,llama31_instruct
-0.0,-0.5586564573716166,llama31_instruct
-0.0,-1.1192831792646993,llama31_instruct
-0.0,-1.4073070658380082,llama31_instruct
-0.0,-1.3414324917677527,llama31_instruct
-0.0,-1.1152943282711516,llama31_instruct
-0.0,-0.7527482171398713,llama31_instruct
-0.0,-0.8185667070792074,llama31_instruct
-0.0,-0.5586564573716166,llama31_instruct
-0.0,-1.1192831792646993,llama31_instruct
-0.0,-1.4073070658380082,llama31_instruct
-0.0,-1.3414324917677527,llama31_instruct
-0.0,-1.1152943282711516,llama31_instruct
-0.0,-0.7527482171398713,llama31_instruct
-0.0,-0.8185667070792074,llama31_instruct
-0.0,-0.5586564573716166,llama31_instruct
-0.0,-1.1192831792646993,llama31_instruct
-0.0,-1.4073070658380082,llama31_instruct
-0.0,-1.3414324917677527,llama31_instruct
0.0,-0.9919205631287478,llama31_instruct
0.0,-0.6161389579147527,llama31_instruct
0.0,-0.6241633300181016,llama31_instruct
0.0,-0.18563944294051454,llama31_instruct
0.0,-0.9951984877422279,llama31_instruct
0.0,-1.3477678549792103,llama31_instruct
0.0,-1.2180587266253464,llama31_instruct
0.0,-0.9919205631287478,llama31_instruct
0.0,-0.6161389579147527,llama31_instruct
0.0,-0.6241633300181016,llama31_instruct
0.0,-0.18563944294051454,llama31_instruct
0.0,-0.9951984877422279,llama31_instruct
0.0,-1.3477678549792103,llama31_instruct
0.0,-1.2180587266253464,llama31_instruct
0.0,-0.9919205631287478,llama31_instruct
0.0,-0.6161389579147527,llama31_instruct
0.0,-0.6241633300181016,llama31_instruct
0.0,-0.18563944294051454,llama31_instruct
0.0,-0.9951984877422279,llama31_instruct
0.0,-1.3477678549792103,llama31_instruct
0.0,-1.2180587266253464,llama31_instruct
0.0,-0.9919205631287478,llama31_instruct
0.0,-0.6161389579147527,llama31_instruct
0.0,-0.6241633300181016,llama31_instruct
0.0,-0.18563944294051454,llama31_instruct
0.0,-0.9951984877422279,llama31_instruct
0.0,-1.3477678549792103,llama31_instruct
0.0,-1.2180587266253464,llama31_instruct
0.0,-1.0530936428612647,llama31_instruct
0.0,-0.7631645003613069,llama31_instruct
0.0,-0.6588032523898179,llama31_instruct
0.0,-0.4113273189505184,llama31_instruct
0.0,-1.0671736757170407,llama31_instruct
0.0,-1.3767311440056853,llama31_instruct
0.0,-1.376021711315234,llama31_instruct
0.0,-1.0530936428612647,llama31_instruct
0.0,-0.7631645003613069,llama31_instruct
0.0,-0.6588032523898179,llama31_instruct
0.0,-0.4113273189505184,llama31_instruct
0.0,-1.0671736757170407,llama31_instruct
0.0,-1.3767311440056853,llama31_instruct
0.0,-1.376021711315234,llama31_instruct
0.0,-1.0530936428612647,llama31_instruct
0.0,-0.7631645003613069,llama31_instruct
0.0,-0.6588032523898179,llama31_instruct
0.0,-0.4113273189505184,llama31_instruct
0.0,-1.0671736757170407,llama31_instruct
0.0,-1.3767311440056853,llama31_instruct
0.0,-1.376021711315234,llama31_instruct
0.0,-1.0530936428612647,llama31_instruct
0.0,-0.7631645003613069,llama31_instruct
0.0,-0.6588032523898179,llama31_instruct
0.0,-0.4113273189505184,llama31_instruct
0.0,-1.0671736757170407,llama31_instruct
0.0,-1.3767311440056853,llama31_instruct
0.0,-1.376021711315234,llama31_instruct
2.0,1.0436785145485674,llama31_instruct
2.0,0.7001104041227961,llama31_instruct
2.0,0.7066934628965249,llama31_instruct
2.0,0.4444597275842043,llama31_instruct
2.0,1.0309985405062658,llama31_instruct
2.0,1.380397406374575,llama31_instruct
2.0,1.4136576254541904,llama31_instruct
2.0,1.0436785145485674,llama31_instruct
2.0,0.7001104041227961,llama31_instruct
2.0,0.7066934628965249,llama31_instruct
2.0,0.4444597275842043,llama31_instruct
2.0,1.0309985405062658,llama31_instruct
2.0,1.380397406374575,llama31_instruct
2.0,1.4136576254541904,llama31_instruct
2.0,1.0436785145485674,llama31_instruct
2.0,0.7001104041227961,llama31_instruct
2.0,0.7066934628965249,llama31_instruct
2.0,0.4444597275842043,llama31_instruct
2.0,1.0309985405062658,llama31_instruct
2.0,1.380397406374575,llama31_instruct
2.0,1.4136576254541904,llama31_instruct
2.0,1.0436785145485674,llama31_instruct
2.0,0.7001104041227961,llama31_instruct
2.0,0.7066934628965249,llama31_instruct
2.0,0.4444597275842043,llama31_instruct
2.0,1.0309985405062658,llama31_instruct
2.0,1.380397406374575,llama31_instruct
2.0,1.4136576254541904,llama31_instruct
2.0,0.9911952963935577,llama31_instruct
2.0,0.6786700263133494,llama31_instruct
2.0,0.717643273564787,llama31_instruct
2.0,0.5173192502891972,llama31_instruct
2.0,1.0050871868133704,llama31_instruct
2.0,1.3539685752382595,llama31_instruct
2.0,1.3513720091494117,llama31_instruct
2.0,0.9911952963935577,llama31_instruct
2.0,0.6786700263133494,llama31_instruct
2.0,0.717643273564787,llama31_instruct
2.0,0.5173192502891972,llama31_instruct
2.0,1.0050871868133704,llama31_instruct
2.0,1.3539685752382595,llama31_instruct
2.0,1.3513720091494117,llama31_instruct
2.0,0.9911952963935577,llama31_instruct
2.0,0.6786700263133494,llama31_instruct
2.0,0.717643273564787,llama31_instruct
2.0,0.5173192502891972,llama31_instruct
2.0,1.0050871868133704,llama31_instruct
2.0,1.3539685752382595,llama31_instruct
2.0,1.3513720091494117,llama31_instruct
2.0,0.9911952963935577,llama31_instruct
2.0,0.6786700263133494,llama31_instruct
2.0,0.717643273564787,llama31_instruct
2.0,0.5173192502891972,llama31_instruct
2.0,1.0050871868133704,llama31_instruct
2.0,1.3539685752382595,llama31_instruct
2.0,1.3513720091494117,llama31_instruct
2.0,1.1132587872584692,llama31_instruct
2.0,0.7607642937736767,llama31_instruct
2.0,0.8373429715500359,llama31_instruct
2.0,0.5613105842967399,llama31_instruct
2.0,1.141319195373,llama31_instruct
2.0,1.6797823762150903,llama31_instruct
2.0,1.6591837267870395,llama31_instruct
2.0,1.1132587872584692,llama31_instruct
2.0,0.7607642937736767,llama31_instruct
2.0,0.8373429715500359,llama31_instruct
2.0,0.5613105842967399,llama31_instruct
2.0,1.141319195373,llama31_instruct
2.0,1.6797823762150903,llama31_instruct
2.0,1.6591837267870395,llama31_instruct
2.0,1.1132587872584692,llama31_instruct
2.0,0.7607642937736767,llama31_instruct
2.0,0.8373429715500359,llama31_instruct
2.0,0.5613105842967399,llama31_instruct
2.0,1.141319195373,llama31_instruct
2.0,1.6797823762150903,llama31_instruct
2.0,1.6591837267870395,llama31_instruct
2.0,1.1132587872584692,llama31_instruct
2.0,0.7607642937736767,llama31_instruct
2.0,0.8373429715500359,llama31_instruct
2.0,0.5613105842967399,llama31_instruct
2.0,1.141319195373,llama31_instruct
2.0,1.6797823762150903,llama31_instruct
2.0,1.6591837267870395,llama31_instruct
2.0,1.148042645783145,llama31_instruct
2.0,0.829111526880991,llama31_instruct
2.0,0.8533194840525455,llama31_instruct
2.0,0.730115059930219,llama31_instruct
2.0,1.1571194210031623,llama31_instruct
2.0,1.4792187177581588,llama31_instruct
2.0,1.6621014840143353,llama31_instruct
2.0,1.148042645783145,llama31_instruct
2.0,0.829111526880991,llama31_instruct
2.0,0.8533194840525455,llama31_instruct
2.0,0.730115059930219,llama31_instruct
2.0,1.1571194210031623,llama31_instruct
2.0,1.4792187177581588,llama31_instruct
2.0,1.6621014840143353,llama31_instruct
2.0,1.148042645783145,llama31_instruct
2.0,0.829111526880991,llama31_instruct
2.0,0.8533194840525455,llama31_instruct
2.0,0.730115059930219,llama31_instruct
2.0,1.1571194210031623,llama31_instruct
2.0,1.4792187177581588,llama31_instruct
2.0,1.6621014840143353,llama31_instruct
2.0,1.148042645783145,llama31_instruct
2.0,0.829111526880991,llama31_instruct
2.0,0.8533194840525455,llama31_instruct
2.0,0.730115059930219,llama31_instruct
2.0,1.1571194210031623,llama31_instruct
2.0,1.4792187177581588,llama31_instruct
2.0,1.6621014840143353,llama31_instruct
2.0,1.0870762235165388,llama31_instruct
2.0,0.7650645864472903,llama31_instruct
2.0,0.8012334227368892,llama31_instruct
2.0,0.5525150393713595,llama31_instruct
2.0,1.0736853230941714,llama31_instruct
2.0,1.4026147297265528,llama31_instruct
2.0,1.4570553344221644,llama31_instruct
2.0,1.0870762235165388,llama31_instruct
2.0,0.7650645864472903,llama31_instruct
2.0,0.8012334227368892,llama31_instruct
2.0,0.5525150393713595,llama31_instruct
2.0,1.0736853230941714,llama31_instruct
2.0,1.4026147297265528,llama31_instruct
2.0,1.4570553344221644,llama31_instruct
2.0,1.0870762235165388,llama31_instruct
2.0,0.7650645864472903,llama31_instruct
2.0,0.8012334227368892,llama31_instruct
2.0,0.5525150393713595,llama31_instruct
2.0,1.0736853230941714,llama31_instruct
2.0,1.4026147297265528,llama31_instruct
2.0,1.4570553344221644,llama31_instruct
2.0,1.0870762235165388,llama31_instruct
2.0,0.7650645864472903,llama31_instruct
2.0,0.8012334227368892,llama31_instruct
2.0,0.5525150393713595,llama31_instruct
2.0,1.0736853230941714,llama31_instruct
2.0,1.4026147297265528,llama31_instruct
2.0,1.4570553344221644,llama31_instruct
2.0,1.0204777813788442,llama31_instruct
2.0,0.6950926803849291,llama31_instruct
2.0,0.7091915202292071,llama31_instruct
2.0,0.5466017352744843,llama31_instruct
2.0,1.0343696717986561,llama31_instruct
2.0,1.3704493777117106,llama31_instruct
2.0,1.3806544941346972,llama31_instruct
2.0,1.0204777813788442,llama31_instruct
2.0,0.6950926803849291,llama31_instruct
2.0,0.7091915202292071,llama31_instruct
2.0,0.5466017352744843,llama31_instruct
2.0,1.0343696717986561,llama31_instruct
2.0,1.3704493777117106,llama31_instruct
2.0,1.3806544941346972,llama31_instruct
2.0,1.0204777813788442,llama31_instruct
2.0,0.6950926803849291,llama31_instruct
2.0,0.7091915202292071,llama31_instruct
2.0,0.5466017352744843,llama31_instruct
2.0,1.0343696717986561,llama31_instruct
2.0,1.3704493777117106,llama31_instruct
2.0,1.3806544941346972,llama31_instruct
2.0,1.0204777813788442,llama31_instruct
2.0,0.6950926803849291,llama31_instruct
2.0,0.7091915202292071,llama31_instruct
2.0,0.5466017352744843,llama31_instruct
2.0,1.0343696717986561,llama31_instruct
2.0,1.3704493777117106,llama31_instruct
2.0,1.3806544941346972,llama31_instruct
2.0,1.1837946837917852,llama31_instruct
2.0,0.8120841176586753,llama31_instruct
2.0,0.8511922110952894,llama31_instruct
2.0,0.6881940079699755,llama31_instruct
2.0,1.1845858751333564,llama31_instruct
2.0,1.5499616072256994,llama31_instruct
2.0,1.6543825715140543,llama31_instruct
2.0,1.1837946837917852,llama31_instruct
2.0,0.8120841176586753,llama31_instruct
2.0,0.8511922110952894,llama31_instruct
2.0,0.6881940079699755,llama31_instruct
2.0,1.1845858751333564,llama31_instruct
2.0,1.5499616072256994,llama31_instruct
2.0,1.6543825715140543,llama31_instruct
2.0,1.1837946837917852,llama31_instruct
2.0,0.8120841176586753,llama31_instruct
2.0,0.8511922110952894,llama31_instruct
2.0,0.6881940079699755,llama31_instruct
2.0,1.1845858751333564,llama31_instruct
2.0,1.5499616072256994,llama31_instruct
2.0,1.6543825715140543,llama31_instruct
2.0,1.1837946837917852,llama31_instruct
2.0,0.8120841176586753,llama31_instruct
2.0,0.8511922110952894,llama31_instruct
2.0,0.6881940079699755,llama31_instruct
2.0,1.1845858751333564,llama31_instruct
2.0,1.5499616072256994,llama31_instruct
2.0,1.6543825715140543,llama31_instruct
2.0,1.187204589233811,llama31_instruct
2.0,0.8632589534538193,llama31_instruct
2.0,0.9210688510728093,llama31_instruct
2.0,0.6839842316111914,llama31_instruct
2.0,1.2148238113403207,llama31_instruct
2.0,1.646652697317072,llama31_instruct
2.0,1.7161395432228668,llama31_instruct
2.0,1.187204589233811,llama31_instruct
2.0,0.8632589534538193,llama31_instruct
2.0,0.9210688510728093,llama31_instruct
2.0,0.6839842316111914,llama31_instruct
2.0,1.2148238113403207,llama31_instruct
2.0,1.646652697317072,llama31_instruct
2.0,1.7161395432228668,llama31_instruct
2.0,1.187204589233811,llama31_instruct
2.0,0.8632589534538193,llama31_instruct
2.0,0.9210688510728093,llama31_instruct
2.0,0.6839842316111914,llama31_instruct
2.0,1.2148238113403207,llama31_instruct
2.0,1.646652697317072,llama31_instruct
2.0,1.7161395432228668,llama31_instruct
2.0,1.187204589233811,llama31_instruct
2.0,0.8632589534538193,llama31_instruct
2.0,0.9210688510728093,llama31_instruct
2.0,0.6839842316111914,llama31_instruct
2.0,1.2148238113403207,llama31_instruct
2.0,1.646652697317072,llama31_instruct
2.0,1.7161395432228668,llama31_instruct
2.0,1.1427018417135204,llama31_instruct
2.0,0.8237707228113663,llama31_instruct
2.0,0.7905747646855488,llama31_instruct
2.0,0.676438563257566,llama31_instruct
2.0,1.151778616933538,llama31_instruct
2.0,1.4717082032228284,llama31_instruct
2.0,1.6567606799447094,llama31_instruct
2.0,1.1427018417135204,llama31_instruct
2.0,0.8237707228113663,llama31_instruct
2.0,0.7905747646855488,llama31_instruct
2.0,0.676438563257566,llama31_instruct
2.0,1.151778616933538,llama31_instruct
2.0,1.4717082032228284,llama31_instruct
2.0,1.6567606799447094,llama31_instruct
2.0,1.1427018417135204,llama31_instruct
2.0,0.8237707228113663,llama31_instruct
2.0,0.7905747646855488,llama31_instruct
2.0,0.676438563257566,llama31_instruct
2.0,1.151778616933538,llama31_instruct
2.0,1.4717082032228284,llama31_instruct
2.0,1.6567606799447094,llama31_instruct
2.0,1.1427018417135204,llama31_instruct
2.0,0.8237707228113663,llama31_instruct
2.0,0.7905747646855488,llama31_instruct
2.0,0.676438563257566,llama31_instruct
2.0,1.151778616933538,llama31_instruct
2.0,1.4717082032228284,llama31_instruct
2.0,1.6567606799447094,llama31_instruct
2.0,1.0519452267718816,llama31_instruct
2.0,0.7299335897026311,llama31_instruct
2.0,0.766102425992231,llama31_instruct
2.0,0.5124247737400158,llama31_instruct
2.0,1.0392652527295805,llama31_instruct
2.0,1.3674837329818952,llama31_instruct
2.0,1.4219243376775053,llama31_instruct
2.0,1.0519452267718816,llama31_instruct
2.0,0.7299335897026311,llama31_instruct
2.0,0.766102425992231,llama31_instruct
2.0,0.5124247737400158,llama31_instruct
2.0,1.0392652527295805,llama31_instruct
2.0,1.3674837329818952,llama31_instruct
2.0,1.4219243376775053,llama31_instruct
2.0,1.0519452267718816,llama31_instruct
2.0,0.7299335897026311,llama31_instruct
2.0,0.766102425992231,llama31_instruct
2.0,0.5124247737400158,llama31_instruct
2.0,1.0392652527295805,llama31_instruct
2.0,1.3674837329818952,llama31_instruct
2.0,1.4219243376775053,llama31_instruct
2.0,1.0519452267718816,llama31_instruct
2.0,0.7299335897026311,llama31_instruct
2.0,0.766102425992231,llama31_instruct
2.0,0.5124247737400158,llama31_instruct
2.0,1.0392652527295805,llama31_instruct
2.0,1.3674837329818952,llama31_instruct
2.0,1.4219243376775053,llama31_instruct
2.0,1.0139353370725028,llama31_instruct
2.0,0.6527954301223247,llama31_instruct
2.0,0.7007273659967973,llama31_instruct
2.0,0.5022752398691515,llama31_instruct
2.0,1.0278272274923153,llama31_instruct
2.0,1.354192993502427,llama31_instruct
2.0,1.3797256635414663,llama31_instruct
2.0,1.0139353370725028,llama31_instruct
2.0,0.6527954301223247,llama31_instruct
2.0,0.7007273659967973,llama31_instruct
2.0,0.5022752398691515,llama31_instruct
2.0,1.0278272274923153,llama31_instruct
2.0,1.354192993502427,llama31_instruct
2.0,1.3797256635414663,llama31_instruct
2.0,1.0139353370725028,llama31_instruct
2.0,0.6527954301223247,llama31_instruct
2.0,0.7007273659967973,llama31_instruct
2.0,0.5022752398691515,llama31_instruct
2.0,1.0278272274923153,llama31_instruct
2.0,1.354192993502427,llama31_instruct
2.0,1.3797256635414663,llama31_instruct
2.0,1.0139353370725028,llama31_instruct
2.0,0.6527954301223247,llama31_instruct
2.0,0.7007273659967973,llama31_instruct
2.0,0.5022752398691515,llama31_instruct
2.0,1.0278272274923153,llama31_instruct
2.0,1.354192993502427,llama31_instruct
2.0,1.3797256635414663,llama31_instruct
2.0,1.1762319568512274,llama31_instruct
2.0,0.7630749233411419,llama31_instruct
2.0,0.7960474859774544,llama31_instruct
2.0,0.5773020570549238,llama31_instruct
2.0,1.17867665146318,llama31_instruct
2.0,1.5612524133211387,llama31_instruct
2.0,1.646159351821087,llama31_instruct
2.0,1.1762319568512274,llama31_instruct
2.0,0.7630749233411419,llama31_instruct
2.0,0.7960474859774544,llama31_instruct
2.0,0.5773020570549238,llama31_instruct
2.0,1.17867665146318,llama31_instruct
2.0,1.5612524133211387,llama31_instruct
2.0,1.646159351821087,llama31_instruct
2.0,1.1762319568512274,llama31_instruct
2.0,0.7630749233411419,llama31_instruct
2.0,0.7960474859774544,llama31_instruct
2.0,0.5773020570549238,llama31_instruct
2.0,1.17867665146318,llama31_instruct
2.0,1.5612524133211387,llama31_instruct
2.0,1.646159351821087,llama31_instruct
2.0,1.1762319568512274,llama31_instruct
2.0,0.7630749233411419,llama31_instruct
2.0,0.7960474859774544,llama31_instruct
2.0,0.5773020570549238,llama31_instruct
2.0,1.17867665146318,llama31_instruct
2.0,1.5612524133211387,llama31_instruct
2.0,1.646159351821087,llama31_instruct
1.0,0.23647962119008664,llama31_instruct
1.0,0.23631610384325794,llama31_instruct
1.0,0.2279186068926405,llama31_instruct
1.0,0.012472129403928355,llama31_instruct
1.0,0.25121498134595,llama31_instruct
1.0,0.32143296670744304,llama31_instruct
1.0,0.04404519255609254,llama31_instruct
1.0,0.23647962119008664,llama31_instruct
1.0,0.23631610384325794,llama31_instruct
1.0,0.2279186068926405,llama31_instruct
1.0,0.012472129403928355,llama31_instruct
1.0,0.25121498134595,llama31_instruct
1.0,0.32143296670744304,llama31_instruct
1.0,0.04404519255609254,llama31_instruct
1.0,0.23647962119008664,llama31_instruct
1.0,0.23631610384325794,llama31_instruct
1.0,0.2279186068926405,llama31_instruct
1.0,0.012472129403928355,llama31_instruct
1.0,0.25121498134595,llama31_instruct
1.0,0.32143296670744304,llama31_instruct
1.0,0.04404519255609254,llama31_instruct
1.0,0.23647962119008664,llama31_instruct
1.0,0.23631610384325794,llama31_instruct
1.0,0.2279186068926405,llama31_instruct
1.0,0.012472129403928355,llama31_instruct
1.0,0.25121498134595,llama31_instruct
1.0,0.32143296670744304,llama31_instruct
1.0,0.04404519255609254,llama31_instruct
1.0,0.2623930223693323,llama31_instruct
1.0,0.1399017151292649,llama31_instruct
1.0,0.07060975900697913,llama31_instruct
1.0,-0.09885918202773163,llama31_instruct
1.0,0.2831501974849667,llama31_instruct
1.0,0.3429128870925182,llama31_instruct
1.0,0.13219950599103936,llama31_instruct
1.0,0.2623930223693323,llama31_instruct
1.0,0.1399017151292649,llama31_instruct
1.0,0.07060975900697913,llama31_instruct
1.0,-0.09885918202773163,llama31_instruct
1.0,0.2831501974849667,llama31_instruct
1.0,0.3429128870925182,llama31_instruct
1.0,0.13219950599103936,llama31_instruct
1.0,0.2623930223693323,llama31_instruct
1.0,0.1399017151292649,llama31_instruct
1.0,0.07060975900697913,llama31_instruct
1.0,-0.09885918202773163,llama31_instruct
1.0,0.2831501974849667,llama31_instruct
1.0,0.3429128870925182,llama31_instruct
1.0,0.13219950599103936,llama31_instruct
1.0,0.2623930223693323,llama31_instruct
1.0,0.1399017151292649,llama31_instruct
1.0,0.07060975900697913,llama31_instruct
1.0,-0.09885918202773163,llama31_instruct
1.0,0.2831501974849667,llama31_instruct
1.0,0.3429128870925182,llama31_instruct
1.0,0.13219950599103936,llama31_instruct
1.0,0.27700868167552917,llama31_instruct
1.0,0.0880671339923857,llama31_instruct
1.0,0.2508701039702678,llama31_instruct
1.0,0.10670223395563969,llama31_instruct
1.0,0.29504344547523126,llama31_instruct
1.0,0.36933465251816006,llama31_instruct
1.0,0.12590326198549495,llama31_instruct
1.0,0.27700868167552917,llama31_instruct
1.0,0.0880671339923857,llama31_instruct
1.0,0.2508701039702678,llama31_instruct
1.0,0.10670223395563969,llama31_instruct
1.0,0.29504344547523126,llama31_instruct
1.0,0.36933465251816006,llama31_instruct
1.0,0.12590326198549495,llama31_instruct
1.0,0.27700868167552917,llama31_instruct
1.0,0.0880671339923857,llama31_instruct
1.0,0.2508701039702678,llama31_instruct
1.0,0.10670223395563969,llama31_instruct
1.0,0.29504344547523126,llama31_instruct
1.0,0.36933465251816006,llama31_instruct
1.0,0.12590326198549495,llama31_instruct
1.0,0.27700868167552917,llama31_instruct
1.0,0.0880671339923857,llama31_instruct
1.0,0.2508701039702678,llama31_instruct
1.0,0.10670223395563969,llama31_instruct
1.0,0.29504344547523126,llama31_instruct
1.0,0.36933465251816006,llama31_instruct
1.0,0.12590326198549495,llama31_instruct
-1.0,-2.346094953869394,llama31_instruct
-1.0,-2.06499219301279,llama31_instruct
-1.0,-2.0645080425337343,llama31_instruct
-1.0,-1.2915682107559994,llama31_instruct
-1.0,-2.624212054173965,llama31_instruct
-1.0,-2.8636523776785983,llama31_instruct
-1.0,-2.649682639313859,llama31_instruct
-1.0,-2.346094953869394,llama31_instruct
-1.0,-2.06499219301279,llama31_instruct
-1.0,-2.0645080425337343,llama31_instruct
-1.0,-1.2915682107559994,llama31_instruct
-1.0,-2.624212054173965,llama31_instruct
-1.0,-2.8636523776785983,llama31_instruct
-1.0,-2.649682639313859,llama31_instruct
-1.0,-2.346094953869394,llama31_instruct
-1.0,-2.06499219301279,llama31_instruct
-1.0,-2.0645080425337343,llama31_instruct
-1.0,-1.2915682107559994,llama31_instruct
-1.0,-2.624212054173965,llama31_instruct
-1.0,-2.8636523776785983,llama31_instruct
-1.0,-2.649682639313859,llama31_instruct
-1.0,-2.346094953869394,llama31_instruct
-1.0,-2.06499219301279,llama31_instruct
-1.0,-2.0645080425337343,llama31_instruct
-1.0,-1.2915682107559994,llama31_instruct
-1.0,-2.624212054173965,llama31_instruct
-1.0,-2.8636523776785983,llama31_instruct
-1.0,-2.649682639313859,llama31_instruct
1.0,0.3511420395796401,llama31_instruct
1.0,0.2415137370677472,llama31_instruct
1.0,0.2761808967581266,llama31_instruct
1.0,0.17996521822248918,llama31_instruct
1.0,0.3722525110992843,llama31_instruct
1.0,0.4011766597497939,llama31_instruct
1.0,0.2209485232013472,llama31_instruct
1.0,0.3511420395796401,llama31_instruct
1.0,0.2415137370677472,llama31_instruct
1.0,0.2761808967581266,llama31_instruct
1.0,0.17996521822248918,llama31_instruct
1.0,0.3722525110992843,llama31_instruct
1.0,0.4011766597497939,llama31_instruct
1.0,0.2209485232013472,llama31_instruct
1.0,0.3511420395796401,llama31_instruct
1.0,0.2415137370677472,llama31_instruct
1.0,0.2761808967581266,llama31_instruct
1.0,0.17996521822248918,llama31_instruct
1.0,0.3722525110992843,llama31_instruct
1.0,0.4011766597497939,llama31_instruct
1.0,0.2209485232013472,llama31_instruct
1.0,0.3511420395796401,llama31_instruct
1.0,0.2415137370677472,llama31_instruct
1.0,0.2761808967581266,llama31_instruct
1.0,0.17996521822248918,llama31_instruct
1.0,0.3722525110992843,llama31_instruct
1.0,0.4011766597497939,llama31_instruct
1.0,0.2209485232013472,llama31_instruct
-1.0,-2.195032394725629,llama31_instruct
-1.0,-1.8975198286610873,llama31_instruct
-1.0,-1.901342773639436,llama31_instruct
-1.0,-1.0389591922265131,llama31_instruct
-1.0,-2.2683224705361287,llama31_instruct
-1.0,-3.165513679523848,llama31_instruct
-1.0,-2.5248829662053747,llama31_instruct
-1.0,-2.195032394725629,llama31_instruct
-1.0,-1.8975198286610873,llama31_instruct
-1.0,-1.901342773639436,llama31_instruct
-1.0,-1.0389591922265131,llama31_instruct
-1.0,-2.2683224705361287,llama31_instruct
-1.0,-3.165513679523848,llama31_instruct
-1.0,-2.5248829662053747,llama31_instruct
-1.0,-2.195032394725629,llama31_instruct
-1.0,-1.8975198286610873,llama31_instruct
-1.0,-1.901342773639436,llama31_instruct
-1.0,-1.0389591922265131,llama31_instruct
-1.0,-2.2683224705361287,llama31_instruct
-1.0,-3.165513679523848,llama31_instruct
-1.0,-2.5248829662053747,llama31_instruct
-1.0,-2.195032394725629,llama31_instruct
-1.0,-1.8975198286610873,llama31_instruct
-1.0,-1.901342773639436,llama31_instruct
-1.0,-1.0389591922265131,llama31_instruct
-1.0,-2.2683224705361287,llama31_instruct
-1.0,-3.165513679523848,llama31_instruct
-1.0,-2.5248829662053747,llama31_instruct
1.0,0.269537332742141,llama31_instruct
1.0,0.1667256488737548,llama31_instruct
1.0,0.20334428187573136,llama31_instruct
1.0,0.05648499284866831,llama31_instruct
1.0,0.2902945078577754,llama31_instruct
1.0,0.34988672221292616,llama31_instruct
1.0,0.13934381636384802,llama31_instruct
1.0,0.269537332742141,llama31_instruct
1.0,0.1667256488737548,llama31_instruct
1.0,0.20334428187573136,llama31_instruct
1.0,0.05648499284866831,llama31_instruct
1.0,0.2902945078577754,llama31_instruct
1.0,0.34988672221292616,llama31_instruct
1.0,0.13934381636384802,llama31_instruct
1.0,0.269537332742141,llama31_instruct
1.0,0.1667256488737548,llama31_instruct
1.0,0.20334428187573136,llama31_instruct
1.0,0.05648499284866831,llama31_instruct
1.0,0.2902945078577754,llama31_instruct
1.0,0.34988672221292616,llama31_instruct
1.0,0.13934381636384802,llama31_instruct
1.0,0.269537332742141,llama31_instruct
1.0,0.1667256488737548,llama31_instruct
1.0,0.20334428187573136,llama31_instruct
1.0,0.05648499284866831,llama31_instruct
1.0,0.2902945078577754,llama31_instruct
1.0,0.34988672221292616,llama31_instruct
1.0,0.13934381636384802,llama31_instruct
1.0,0.16504886086771114,llama31_instruct
1.0,0.046611796332378025,llama31_instruct
1.0,0.09239502328705734,llama31_instruct
1.0,-0.12093444512932625,llama31_instruct
1.0,0.1947405707723614,llama31_instruct
1.0,0.0768464265417007,llama31_instruct
1.0,-0.06692528436457261,llama31_instruct
1.0,0.16504886086771114,llama31_instruct
1.0,0.046611796332378025,llama31_instruct
1.0,0.09239502328705734,llama31_instruct
1.0,-0.12093444512932625,llama31_instruct
1.0,0.1947405707723614,llama31_instruct
1.0,0.0768464265417007,llama31_instruct
1.0,-0.06692528436457261,llama31_instruct
1.0,0.16504886086771114,llama31_instruct
1.0,0.046611796332378025,llama31_instruct
1.0,0.09239502328705734,llama31_instruct
1.0,-0.12093444512932625,llama31_instruct
1.0,0.1947405707723614,llama31_instruct
1.0,0.0768464265417007,llama31_instruct
1.0,-0.06692528436457261,llama31_instruct
1.0,0.16504886086771114,llama31_instruct
1.0,0.046611796332378025,llama31_instruct
1.0,0.09239502328705734,llama31_instruct
1.0,-0.12093444512932625,llama31_instruct
1.0,0.1947405707723614,llama31_instruct
1.0,0.0768464265417007,llama31_instruct
1.0,-0.06692528436457261,llama31_instruct
1.0,0.23607447788769673,llama31_instruct
1.0,0.2359109605408677,llama31_instruct
1.0,0.21753264883587078,llama31_instruct
1.0,0.009684274517648953,llama31_instruct
1.0,0.25080983804356033,llama31_instruct
1.0,0.32074703556200906,llama31_instruct
1.0,0.04325920110575977,llama31_instruct
1.0,0.23607447788769673,llama31_instruct
1.0,0.2359109605408677,llama31_instruct
1.0,0.21753264883587078,llama31_instruct
1.0,0.009684274517648953,llama31_instruct
1.0,0.25080983804356033,llama31_instruct
1.0,0.32074703556200906,llama31_instruct
1.0,0.04325920110575977,llama31_instruct
1.0,0.23607447788769673,llama31_instruct
1.0,0.2359109605408677,llama31_instruct
1.0,0.21753264883587078,llama31_instruct
1.0,0.009684274517648953,llama31_instruct
1.0,0.25080983804356033,llama31_instruct
1.0,0.32074703556200906,llama31_instruct
1.0,0.04325920110575977,llama31_instruct
1.0,0.23607447788769673,llama31_instruct
1.0,0.2359109605408677,llama31_instruct
1.0,0.21753264883587078,llama31_instruct
1.0,0.009684274517648953,llama31_instruct
1.0,0.25080983804356033,llama31_instruct
1.0,0.32074703556200906,llama31_instruct
1.0,0.04325920110575977,llama31_instruct
1.0,0.32155143781683326,llama31_instruct
1.0,0.2456517232368801,llama31_instruct
1.0,0.20977575084895628,llama31_instruct
1.0,0.10294550460223222,llama31_instruct
1.0,0.33544332823664663,llama31_instruct
1.0,0.4435600459848996,llama31_instruct
1.0,0.1988117233616599,llama31_instruct
1.0,0.32155143781683326,llama31_instruct
1.0,0.2456517232368801,llama31_instruct
1.0,0.20977575084895628,llama31_instruct
1.0,0.10294550460223222,llama31_instruct
1.0,0.33544332823664663,llama31_instruct
1.0,0.4435600459848996,llama31_instruct
1.0,0.1988117233616599,llama31_instruct
1.0,0.32155143781683326,llama31_instruct
1.0,0.2456517232368801,llama31_instruct
1.0,0.20977575084895628,llama31_instruct
1.0,0.10294550460223222,llama31_instruct
1.0,0.33544332823664663,llama31_instruct
1.0,0.4435600459848996,llama31_instruct
1.0,0.1988117233616599,llama31_instruct
1.0,0.32155143781683326,llama31_instruct
1.0,0.2456517232368801,llama31_instruct
1.0,0.20977575084895628,llama31_instruct
1.0,0.10294550460223222,llama31_instruct
1.0,0.33544332823664663,llama31_instruct
1.0,0.4435600459848996,llama31_instruct
1.0,0.1988117233616599,llama31_instruct
-1.0,-2.4521607498967994,llama31_instruct
-1.0,-2.113489611097233,llama31_instruct
-1.0,-2.1581731344283726,llama31_instruct
-1.0,-1.524031223480679,llama31_instruct
-1.0,-2.51471381521602,llama31_instruct
-1.0,-2.996034284569196,llama31_instruct
-1.0,-2.7350905987444847,llama31_instruct
-1.0,-2.4521607498967994,llama31_instruct
-1.0,-2.113489611097233,llama31_instruct
-1.0,-2.1581731344283726,llama31_instruct
-1.0,-1.524031223480679,llama31_instruct
-1.0,-2.51471381521602,llama31_instruct
-1.0,-2.996034284569196,llama31_instruct
-1.0,-2.7350905987444847,llama31_instruct
-1.0,-2.4521607498967994,llama31_instruct
-1.0,-2.113489611097233,llama31_instruct
-1.0,-2.1581731344283726,llama31_instruct
-1.0,-1.524031223480679,llama31_instruct
-1.0,-2.51471381521602,llama31_instruct
-1.0,-2.996034284569196,llama31_instruct
-1.0,-2.7350905987444847,llama31_instruct
-1.0,-2.4521607498967994,llama31_instruct
-1.0,-2.113489611097233,llama31_instruct
-1.0,-2.1581731344283726,llama31_instruct
-1.0,-1.524031223480679,llama31_instruct
-1.0,-2.51471381521602,llama31_instruct
-1.0,-2.996034284569196,llama31_instruct
-1.0,-2.7350905987444847,llama31_instruct
1.0,0.33784965668456235,llama31_instruct
1.0,0.27136512037820487,llama31_instruct
1.0,0.2529677695868598,llama31_instruct
1.0,0.11924372346996134,llama31_instruct
1.0,0.3513776936655852,llama31_instruct
1.0,0.4500026728444998,llama31_instruct
1.0,0.2168057518931921,llama31_instruct
1.0,0.33784965668456235,llama31_instruct
1.0,0.27136512037820487,llama31_instruct
1.0,0.2529677695868598,llama31_instruct
1.0,0.11924372346996134,llama31_instruct
1.0,0.3513776936655852,llama31_instruct
1.0,0.4500026728444998,llama31_instruct
1.0,0.2168057518931921,llama31_instruct
1.0,0.33784965668456235,llama31_instruct
1.0,0.27136512037820487,llama31_instruct
1.0,0.2529677695868598,llama31_instruct
1.0,0.11924372346996134,llama31_instruct
1.0,0.3513776936655852,llama31_instruct
1.0,0.4500026728444998,llama31_instruct
1.0,0.2168057518931921,llama31_instruct
1.0,0.33784965668456235,llama31_instruct
1.0,0.27136512037820487,llama31_instruct
1.0,0.2529677695868598,llama31_instruct
1.0,0.11924372346996134,llama31_instruct
1.0,0.3513776936655852,llama31_instruct
1.0,0.4500026728444998,llama31_instruct
1.0,0.2168057518931921,llama31_instruct
2.0,1.1834627713045187,llama31_instruct
2.0,0.8142311220341738,llama31_instruct
2.0,0.8508602986080229,llama31_instruct
2.0,0.6878620954827089,llama31_instruct
2.0,1.18425396264609,llama31_instruct
2.0,1.549629694738433,llama31_instruct
2.0,1.6540506590267878,llama31_instruct
2.0,1.1834627713045187,llama31_instruct
2.0,0.8142311220341738,llama31_instruct
2.0,0.8508602986080229,llama31_instruct
2.0,0.6878620954827089,llama31_instruct
2.0,1.18425396264609,llama31_instruct
2.0,1.549629694738433,llama31_instruct
2.0,1.6540506590267878,llama31_instruct
2.0,1.1834627713045187,llama31_instruct
2.0,0.8142311220341738,llama31_instruct
2.0,0.8508602986080229,llama31_instruct
2.0,0.6878620954827089,llama31_instruct
2.0,1.18425396264609,llama31_instruct
2.0,1.549629694738433,llama31_instruct
2.0,1.6540506590267878,llama31_instruct
2.0,1.1834627713045187,llama31_instruct
2.0,0.8142311220341738,llama31_instruct
2.0,0.8508602986080229,llama31_instruct
2.0,0.6878620954827089,llama31_instruct
2.0,1.18425396264609,llama31_instruct
2.0,1.549629694738433,llama31_instruct
2.0,1.6540506590267878,llama31_instruct
2.0,1.1834627713045187,llama31_instruct
2.0,0.8142311220341738,llama31_instruct
2.0,0.8508602986080229,llama31_instruct
2.0,0.6878620954827089,llama31_instruct
2.0,1.18425396264609,llama31_instruct
2.0,1.549629694738433,llama31_instruct
2.0,1.6540506590267878,llama31_instruct
2.0,1.1834627713045187,llama31_instruct
2.0,0.8142311220341738,llama31_instruct
2.0,0.8508602986080229,llama31_instruct
2.0,0.6878620954827089,llama31_instruct
2.0,1.18425396264609,llama31_instruct
2.0,1.549629694738433,llama31_instruct
2.0,1.6540506590267878,llama31_instruct
2.0,1.1834627713045187,llama31_instruct
2.0,0.8142311220341738,llama31_instruct
2.0,0.8508602986080229,llama31_instruct
2.0,0.6878620954827089,llama31_instruct
2.0,1.18425396264609,llama31_instruct
2.0,1.549629694738433,llama31_instruct
2.0,1.6540506590267878,llama31_instruct
2.0,1.1834627713045187,llama31_instruct
2.0,0.8142311220341738,llama31_instruct
2.0,0.8508602986080229,llama31_instruct
2.0,0.6878620954827089,llama31_instruct
2.0,1.18425396264609,llama31_instruct
2.0,1.549629694738433,llama31_instruct
2.0,1.6540506590267878,llama31_instruct
2.0,1.1128838259399676,llama31_instruct
2.0,0.7343622688188122,llama31_instruct
2.0,0.8369680102315334,llama31_instruct
2.0,0.5469016328393936,llama31_instruct
2.0,1.1420013958488675,llama31_instruct
2.0,1.6810536316715534,llama31_instruct
2.0,1.6588087654685386,llama31_instruct
2.0,1.1128838259399676,llama31_instruct
2.0,0.7343622688188122,llama31_instruct
2.0,0.8369680102315334,llama31_instruct
2.0,0.5469016328393936,llama31_instruct
2.0,1.1420013958488675,llama31_instruct
2.0,1.6810536316715534,llama31_instruct
2.0,1.6588087654685386,llama31_instruct
2.0,1.1128838259399676,llama31_instruct
2.0,0.7343622688188122,llama31_instruct
2.0,0.8369680102315334,llama31_instruct
2.0,0.5469016328393936,llama31_instruct
2.0,1.1420013958488675,llama31_instruct
2.0,1.6810536316715534,llama31_instruct
2.0,1.6588087654685386,llama31_instruct
2.0,1.1128838259399676,llama31_instruct
2.0,0.7343622688188122,llama31_instruct
2.0,0.8369680102315334,llama31_instruct
2.0,0.5469016328393936,llama31_instruct
2.0,1.1420013958488675,llama31_instruct
2.0,1.6810536316715534,llama31_instruct
2.0,1.6588087654685386,llama31_instruct
2.0,1.0204777813788442,llama31_instruct
2.0,0.6950926803849291,llama31_instruct
2.0,0.7091915202292071,llama31_instruct
2.0,0.5466017352744843,llama31_instruct
2.0,1.0343696717986561,llama31_instruct
2.0,1.3704493777117106,llama31_instruct
2.0,1.3806544941346972,llama31_instruct
2.0,1.0204777813788442,llama31_instruct
2.0,0.6950926803849291,llama31_instruct
2.0,0.7091915202292071,llama31_instruct
2.0,0.5466017352744843,llama31_instruct
2.0,1.0343696717986561,llama31_instruct
2.0,1.3704493777117106,llama31_instruct
2.0,1.3806544941346972,llama31_instruct
2.0,1.0204777813788442,llama31_instruct
2.0,0.6950926803849291,llama31_instruct
2.0,0.7091915202292071,llama31_instruct
2.0,0.5466017352744843,llama31_instruct
2.0,1.0343696717986561,llama31_instruct
2.0,1.3704493777117106,llama31_instruct
2.0,1.3806544941346972,llama31_instruct
2.0,1.0204777813788442,llama31_instruct
2.0,0.6950926803849291,llama31_instruct
2.0,0.7091915202292071,llama31_instruct
2.0,0.5466017352744843,llama31_instruct
2.0,1.0343696717986561,llama31_instruct
2.0,1.3704493777117106,llama31_instruct
2.0,1.3806544941346972,llama31_instruct
2.0,1.2388569774509233,llama31_instruct
2.0,0.8762801329597855,llama31_instruct
2.0,0.9322138136559053,llama31_instruct
2.0,0.7538590831537973,llama31_instruct
2.0,1.2396481687924947,llama31_instruct
2.0,1.5552478496211715,llama31_instruct
2.0,1.7039827923087987,llama31_instruct
2.0,1.2388569774509233,llama31_instruct
2.0,0.8762801329597855,llama31_instruct
2.0,0.9322138136559053,llama31_instruct
2.0,0.7538590831537973,llama31_instruct
2.0,1.2396481687924947,llama31_instruct
2.0,1.5552478496211715,llama31_instruct
2.0,1.7039827923087987,llama31_instruct
2.0,1.2388569774509233,llama31_instruct
2.0,0.8762801329597855,llama31_instruct
2.0,0.9322138136559053,llama31_instruct
2.0,0.7538590831537973,llama31_instruct
2.0,1.2396481687924947,llama31_instruct
2.0,1.5552478496211715,llama31_instruct
2.0,1.7039827923087987,llama31_instruct
2.0,1.2388569774509233,llama31_instruct
2.0,0.8762801329597855,llama31_instruct
2.0,0.9322138136559053,llama31_instruct
2.0,0.7538590831537973,llama31_instruct
2.0,1.2396481687924947,llama31_instruct
2.0,1.5552478496211715,llama31_instruct
2.0,1.7039827923087987,llama31_instruct
2.0,1.067729645022324,llama31_instruct
2.0,0.7241615345965539,llama31_instruct
2.0,0.7307445933702829,llama31_instruct
2.0,0.468510858057962,llama31_instruct
2.0,1.0550496709800226,llama31_instruct
2.0,1.3926378915973936,llama31_instruct
2.0,1.4377087559279476,llama31_instruct
2.0,1.067729645022324,llama31_instruct
2.0,0.7241615345965539,llama31_instruct
2.0,0.7307445933702829,llama31_instruct
2.0,0.468510858057962,llama31_instruct
2.0,1.0550496709800226,llama31_instruct
2.0,1.3926378915973936,llama31_instruct
2.0,1.4377087559279476,llama31_instruct
2.0,1.067729645022324,llama31_instruct
2.0,0.7241615345965539,llama31_instruct
2.0,0.7307445933702829,llama31_instruct
2.0,0.468510858057962,llama31_instruct
2.0,1.0550496709800226,llama31_instruct
2.0,1.3926378915973936,llama31_instruct
2.0,1.4377087559279476,llama31_instruct
2.0,1.067729645022324,llama31_instruct
2.0,0.7241615345965539,llama31_instruct
2.0,0.7307445933702829,llama31_instruct
2.0,0.468510858057962,llama31_instruct
2.0,1.0550496709800226,llama31_instruct
2.0,1.3926378915973936,llama31_instruct
2.0,1.4377087559279476,llama31_instruct
2.0,0.9966393252724118,llama31_instruct
2.0,0.6828874783461695,llama31_instruct
2.0,0.7230873024436411,llama31_instruct
2.0,0.5227632791680513,llama31_instruct
2.0,1.0105312156922253,llama31_instruct
2.0,1.3480839668571316,llama31_instruct
2.0,1.3568160380282657,llama31_instruct
2.0,0.9966393252724118,llama31_instruct
2.0,0.6828874783461695,llama31_instruct
2.0,0.7230873024436411,llama31_instruct
2.0,0.5227632791680513,llama31_instruct
2.0,1.0105312156922253,llama31_instruct
2.0,1.3480839668571316,llama31_instruct
2.0,1.3568160380282657,llama31_instruct
2.0,0.9966393252724118,llama31_instruct
2.0,0.6828874783461695,llama31_instruct
2.0,0.7230873024436411,llama31_instruct
2.0,0.5227632791680513,llama31_instruct
2.0,1.0105312156922253,llama31_instruct
2.0,1.3480839668571316,llama31_instruct
2.0,1.3568160380282657,llama31_instruct
2.0,0.9966393252724118,llama31_instruct
2.0,0.6828874783461695,llama31_instruct
2.0,0.7230873024436411,llama31_instruct
2.0,0.5227632791680513,llama31_instruct
2.0,1.0105312156922253,llama31_instruct
2.0,1.3480839668571316,llama31_instruct
2.0,1.3568160380282657,llama31_instruct
2.0,1.2113821337543589,llama31_instruct
2.0,0.8396715676212484,llama31_instruct
2.0,0.8787796610578626,llama31_instruct
2.0,0.7263842394572313,llama31_instruct
2.0,1.21217332509593,llama31_instruct
2.0,1.5544004038585357,llama31_instruct
2.0,1.6765079486122336,llama31_instruct
2.0,1.2113821337543589,llama31_instruct
2.0,0.8396715676212484,llama31_instruct
2.0,0.8787796610578626,llama31_instruct
2.0,0.7263842394572313,llama31_instruct
2.0,1.21217332509593,llama31_instruct
2.0,1.5544004038585357,llama31_instruct
2.0,1.6765079486122336,llama31_instruct
2.0,1.2113821337543589,llama31_instruct
2.0,0.8396715676212484,llama31_instruct
2.0,0.8787796610578626,llama31_instruct
2.0,0.7263842394572313,llama31_instruct
2.0,1.21217332509593,llama31_instruct
2.0,1.5544004038585357,llama31_instruct
2.0,1.6765079486122336,llama31_instruct
2.0,1.2113821337543589,llama31_instruct
2.0,0.8396715676212484,llama31_instruct
2.0,0.8787796610578626,llama31_instruct
2.0,0.7263842394572313,llama31_instruct
2.0,1.21217332509593,llama31_instruct
2.0,1.5544004038585357,llama31_instruct
2.0,1.6765079486122336,llama31_instruct
2.0,1.184797088001759,llama31_instruct
2.0,0.832302594516967,llama31_instruct
2.0,0.9088812722933262,llama31_instruct
2.0,0.6756800355173997,llama31_instruct
2.0,1.212857496116291,llama31_instruct
2.0,1.7263478012039428,llama31_instruct
2.0,1.7238712762113197,llama31_instruct
2.0,1.184797088001759,llama31_instruct
2.0,0.832302594516967,llama31_instruct
2.0,0.9088812722933262,llama31_instruct
2.0,0.6756800355173997,llama31_instruct
2.0,1.212857496116291,llama31_instruct
2.0,1.7263478012039428,llama31_instruct
2.0,1.7238712762113197,llama31_instruct
2.0,1.184797088001759,llama31_instruct
2.0,0.832302594516967,llama31_instruct
2.0,0.9088812722933262,llama31_instruct
2.0,0.6756800355173997,llama31_instruct
2.0,1.212857496116291,llama31_instruct
2.0,1.7263478012039428,llama31_instruct
2.0,1.7238712762113197,llama31_instruct
2.0,1.184797088001759,llama31_instruct
2.0,0.832302594516967,llama31_instruct
2.0,0.9088812722933262,llama31_instruct
2.0,0.6756800355173997,llama31_instruct
2.0,1.212857496116291,llama31_instruct
2.0,1.7263478012039428,llama31_instruct
2.0,1.7238712762113197,llama31_instruct
2.0,1.1478879093775352,llama31_instruct
2.0,0.8289567904753811,llama31_instruct
2.0,0.8531647476469356,llama31_instruct
2.0,0.729960323524609,llama31_instruct
2.0,1.1569646845975525,llama31_instruct
2.0,1.479063981352549,llama31_instruct
2.0,1.6619467476087255,llama31_instruct
2.0,1.1478879093775352,llama31_instruct
2.0,0.8289567904753811,llama31_instruct
2.0,0.8531647476469356,llama31_instruct
2.0,0.729960323524609,llama31_instruct
2.0,1.1569646845975525,llama31_instruct
2.0,1.479063981352549,llama31_instruct
2.0,1.6619467476087255,llama31_instruct
2.0,1.1478879093775352,llama31_instruct
2.0,0.8289567904753811,llama31_instruct
2.0,0.8531647476469356,llama31_instruct
2.0,0.729960323524609,llama31_instruct
2.0,1.1569646845975525,llama31_instruct
2.0,1.479063981352549,llama31_instruct
2.0,1.6619467476087255,llama31_instruct
2.0,1.1478879093775352,llama31_instruct
2.0,0.8289567904753811,llama31_instruct
2.0,0.8531647476469356,llama31_instruct
2.0,0.729960323524609,llama31_instruct
2.0,1.1569646845975525,llama31_instruct
2.0,1.479063981352549,llama31_instruct
2.0,1.6619467476087255,llama31_instruct
2.0,1.1058141755373847,llama31_instruct
2.0,0.762246065111616,llama31_instruct
2.0,0.7286068254162107,llama31_instruct
2.0,0.4368644057264578,llama31_instruct
2.0,1.0931342014950838,llama31_instruct
2.0,1.430194562816834,llama31_instruct
2.0,1.4757932864430088,llama31_instruct
2.0,1.1058141755373847,llama31_instruct
2.0,0.762246065111616,llama31_instruct
2.0,0.7286068254162107,llama31_instruct
2.0,0.4368644057264578,llama31_instruct
2.0,1.0931342014950838,llama31_instruct
2.0,1.430194562816834,llama31_instruct
2.0,1.4757932864430088,llama31_instruct
2.0,1.1058141755373847,llama31_instruct
2.0,0.762246065111616,llama31_instruct
2.0,0.7286068254162107,llama31_instruct
2.0,0.4368644057264578,llama31_instruct
2.0,1.0931342014950838,llama31_instruct
2.0,1.430194562816834,llama31_instruct
2.0,1.4757932864430088,llama31_instruct
2.0,1.1058141755373847,llama31_instruct
2.0,0.762246065111616,llama31_instruct
2.0,0.7286068254162107,llama31_instruct
2.0,0.4368644057264578,llama31_instruct
2.0,1.0931342014950838,llama31_instruct
2.0,1.430194562816834,llama31_instruct
2.0,1.4757932864430088,llama31_instruct
2.0,1.1128838259399676,llama31_instruct
2.0,0.7343622688188122,llama31_instruct
2.0,0.8369680102315334,llama31_instruct
2.0,0.5469016328393936,llama31_instruct
2.0,1.1420013958488675,llama31_instruct
2.0,1.6810536316715534,llama31_instruct
2.0,1.6588087654685386,llama31_instruct
2.0,1.1128838259399676,llama31_instruct
2.0,0.7343622688188122,llama31_instruct
2.0,0.8369680102315334,llama31_instruct
2.0,0.5469016328393936,llama31_instruct
2.0,1.1420013958488675,llama31_instruct
2.0,1.6810536316715534,llama31_instruct
2.0,1.6588087654685386,llama31_instruct
2.0,1.1128838259399676,llama31_instruct
2.0,0.7343622688188122,llama31_instruct
2.0,0.8369680102315334,llama31_instruct
2.0,0.5469016328393936,llama31_instruct
2.0,1.1420013958488675,llama31_instruct
2.0,1.6810536316715534,llama31_instruct
2.0,1.6588087654685386,llama31_instruct
2.0,1.1128838259399676,llama31_instruct
2.0,0.7343622688188122,llama31_instruct
2.0,0.8369680102315334,llama31_instruct
2.0,0.5469016328393936,llama31_instruct
2.0,1.1420013958488675,llama31_instruct
2.0,1.6810536316715534,llama31_instruct
2.0,1.6588087654685386,llama31_instruct
2.0,0.9887156463680259,llama31_instruct
2.0,0.6787629061735744,llama31_instruct
2.0,0.7386257983282624,llama31_instruct
2.0,0.515425229677811,llama31_instruct
2.0,1.002243683349048,llama31_instruct
2.0,1.3337722761663102,llama31_instruct
2.0,1.3505881687876833,llama31_instruct
2.0,0.9887156463680259,llama31_instruct
2.0,0.6787629061735744,llama31_instruct
2.0,0.7386257983282624,llama31_instruct
2.0,0.515425229677811,llama31_instruct
2.0,1.002243683349048,llama31_instruct
2.0,1.3337722761663102,llama31_instruct
2.0,1.3505881687876833,llama31_instruct
2.0,0.9887156463680259,llama31_instruct
2.0,0.6787629061735744,llama31_instruct
2.0,0.7386257983282624,llama31_instruct
2.0,0.515425229677811,llama31_instruct
2.0,1.002243683349048,llama31_instruct
2.0,1.3337722761663102,llama31_instruct
2.0,1.3505881687876833,llama31_instruct
2.0,0.9887156463680259,llama31_instruct
2.0,0.6787629061735744,llama31_instruct
2.0,0.7386257983282624,llama31_instruct
2.0,0.515425229677811,llama31_instruct
2.0,1.002243683349048,llama31_instruct
2.0,1.3337722761663102,llama31_instruct
2.0,1.3505881687876833,llama31_instruct
2.0,1.248521437574079,llama31_instruct
2.0,0.8859445930829414,llama31_instruct
2.0,0.9418782737790612,llama31_instruct
2.0,0.7656088501624772,llama31_instruct
2.0,1.2493126289156502,llama31_instruct
2.0,1.5602943347902005,llama31_instruct
2.0,1.7136472524319541,llama31_instruct
2.0,1.248521437574079,llama31_instruct
2.0,0.8859445930829414,llama31_instruct
2.0,0.9418782737790612,llama31_instruct
2.0,0.7656088501624772,llama31_instruct
2.0,1.2493126289156502,llama31_instruct
2.0,1.5602943347902005,llama31_instruct
2.0,1.7136472524319541,llama31_instruct
2.0,1.248521437574079,llama31_instruct
2.0,0.8859445930829414,llama31_instruct
2.0,0.9418782737790612,llama31_instruct
2.0,0.7656088501624772,llama31_instruct
2.0,1.2493126289156502,llama31_instruct
2.0,1.5602943347902005,llama31_instruct
2.0,1.7136472524319541,llama31_instruct
2.0,1.248521437574079,llama31_instruct
2.0,0.8859445930829414,llama31_instruct
2.0,0.9418782737790612,llama31_instruct
2.0,0.7656088501624772,llama31_instruct
2.0,1.2493126289156502,llama31_instruct
2.0,1.5602943347902005,llama31_instruct
2.0,1.7136472524319541,llama31_instruct
2.0,1.1742695263263903,llama31_instruct
2.0,0.8486108869618559,llama31_instruct
2.0,0.9081337881653885,llama31_instruct
2.0,0.6710491687037705,llama31_instruct
2.0,1.2018887484329,llama31_instruct
2.0,1.6337176344096513,llama31_instruct
2.0,1.703204480315446,llama31_instruct
2.0,1.1742695263263903,llama31_instruct
2.0,0.8486108869618559,llama31_instruct
2.0,0.9081337881653885,llama31_instruct
2.0,0.6710491687037705,llama31_instruct
2.0,1.2018887484329,llama31_instruct
2.0,1.6337176344096513,llama31_instruct
2.0,1.703204480315446,llama31_instruct
2.0,1.1742695263263903,llama31_instruct
2.0,0.8486108869618559,llama31_instruct
2.0,0.9081337881653885,llama31_instruct
2.0,0.6710491687037705,llama31_instruct
2.0,1.2018887484329,llama31_instruct
2.0,1.6337176344096513,llama31_instruct
2.0,1.703204480315446,llama31_instruct
2.0,1.1742695263263903,llama31_instruct
2.0,0.8486108869618559,llama31_instruct
2.0,0.9081337881653885,llama31_instruct
2.0,0.6710491687037705,llama31_instruct
2.0,1.2018887484329,llama31_instruct
2.0,1.6337176344096513,llama31_instruct
2.0,1.703204480315446,llama31_instruct
2.0,1.14806007979287,llama31_instruct
2.0,0.8291289608907159,llama31_instruct
2.0,0.8428970718418838,llama31_instruct
2.0,0.7301324939399438,llama31_instruct
2.0,1.1571368550128873,llama31_instruct
2.0,1.4789553639248396,llama31_instruct
2.0,1.6621189180240603,llama31_instruct
2.0,1.14806007979287,llama31_instruct
2.0,0.8291289608907159,llama31_instruct
2.0,0.8428970718418838,llama31_instruct
2.0,0.7301324939399438,llama31_instruct
2.0,1.1571368550128873,llama31_instruct
2.0,1.4789553639248396,llama31_instruct
2.0,1.6621189180240603,llama31_instruct
2.0,1.14806007979287,llama31_instruct
2.0,0.8291289608907159,llama31_instruct
2.0,0.8428970718418838,llama31_instruct
2.0,0.7301324939399438,llama31_instruct
2.0,1.1571368550128873,llama31_instruct
2.0,1.4789553639248396,llama31_instruct
2.0,1.6621189180240603,llama31_instruct
2.0,1.14806007979287,llama31_instruct
2.0,0.8291289608907159,llama31_instruct
2.0,0.8428970718418838,llama31_instruct
2.0,0.7301324939399438,llama31_instruct
2.0,1.1571368550128873,llama31_instruct
2.0,1.4789553639248396,llama31_instruct
2.0,1.6621189180240603,llama31_instruct
2.0,0.9958073191901295,llama31_instruct
2.0,0.6832820491099211,llama31_instruct
2.0,0.7309686691506987,llama31_instruct
2.0,0.5219312730857689,llama31_instruct
2.0,1.009699209609943,llama31_instruct
2.0,1.3585805980348309,llama31_instruct
2.0,1.3559840319459828,llama31_instruct
2.0,0.9958073191901295,llama31_instruct
2.0,0.6832820491099211,llama31_instruct
2.0,0.7309686691506987,llama31_instruct
2.0,0.5219312730857689,llama31_instruct
2.0,1.009699209609943,llama31_instruct
2.0,1.3585805980348309,llama31_instruct
2.0,1.3559840319459828,llama31_instruct
2.0,0.9958073191901295,llama31_instruct
2.0,0.6832820491099211,llama31_instruct
2.0,0.7309686691506987,llama31_instruct
2.0,0.5219312730857689,llama31_instruct
2.0,1.009699209609943,llama31_instruct
2.0,1.3585805980348309,llama31_instruct
2.0,1.3559840319459828,llama31_instruct
2.0,0.9958073191901295,llama31_instruct
2.0,0.6832820491099211,llama31_instruct
2.0,0.7309686691506987,llama31_instruct
2.0,0.5219312730857689,llama31_instruct
2.0,1.009699209609943,llama31_instruct
2.0,1.3585805980348309,llama31_instruct
2.0,1.3559840319459828,llama31_instruct
2.0,1.1488106783019947,llama31_instruct
2.0,0.8298795593998405,llama31_instruct
2.0,0.854087516571395,llama31_instruct
2.0,0.7308830924490685,llama31_instruct
2.0,1.157887453522012,llama31_instruct
2.0,1.4797059624339644,llama31_instruct
2.0,1.662869516533185,llama31_instruct
2.0,1.1488106783019947,llama31_instruct
2.0,0.8298795593998405,llama31_instruct
2.0,0.854087516571395,llama31_instruct
2.0,0.7308830924490685,llama31_instruct
2.0,1.157887453522012,llama31_instruct
2.0,1.4797059624339644,llama31_instruct
2.0,1.662869516533185,llama31_instruct
2.0,1.1488106783019947,llama31_instruct
2.0,0.8298795593998405,llama31_instruct
2.0,0.854087516571395,llama31_instruct
2.0,0.7308830924490685,llama31_instruct
2.0,1.157887453522012,llama31_instruct
2.0,1.4797059624339644,llama31_instruct
2.0,1.662869516533185,llama31_instruct
2.0,1.1488106783019947,llama31_instruct
2.0,0.8298795593998405,llama31_instruct
2.0,0.854087516571395,llama31_instruct
2.0,0.7308830924490685,llama31_instruct
2.0,1.157887453522012,llama31_instruct
2.0,1.4797059624339644,llama31_instruct
2.0,1.662869516533185,llama31_instruct
2.0,1.0518930452722408,llama31_instruct
2.0,0.7298814082029903,llama31_instruct
2.0,0.7660502444925903,llama31_instruct
2.0,0.5156298560946053,llama31_instruct
2.0,1.0395663676339497,llama31_instruct
2.0,1.3388381645620593,llama31_instruct
2.0,1.4218721561778638,llama31_instruct
2.0,1.0518930452722408,llama31_instruct
2.0,0.7298814082029903,llama31_instruct
2.0,0.7660502444925903,llama31_instruct
2.0,0.5156298560946053,llama31_instruct
2.0,1.0395663676339497,llama31_instruct
2.0,1.3388381645620593,llama31_instruct
2.0,1.4218721561778638,llama31_instruct
2.0,1.0518930452722408,llama31_instruct
2.0,0.7298814082029903,llama31_instruct
2.0,0.7660502444925903,llama31_instruct
2.0,0.5156298560946053,llama31_instruct
2.0,1.0395663676339497,llama31_instruct
2.0,1.3388381645620593,llama31_instruct
2.0,1.4218721561778638,llama31_instruct
2.0,1.0518930452722408,llama31_instruct
2.0,0.7298814082029903,llama31_instruct
2.0,0.7660502444925903,llama31_instruct
2.0,0.5156298560946053,llama31_instruct
2.0,1.0395663676339497,llama31_instruct
2.0,1.3388381645620593,llama31_instruct
2.0,1.4218721561778638,llama31_instruct
2.0,1.1818986731065633,llama31_instruct
2.0,0.8126670238362187,llama31_instruct
2.0,0.8492962004100678,llama31_instruct
2.0,0.6862979972847538,llama31_instruct
2.0,1.1826898644481347,llama31_instruct
2.0,1.5249169432107417,llama31_instruct
2.0,1.6524865608288326,llama31_instruct
2.0,1.1818986731065633,llama31_instruct
2.0,0.8126670238362187,llama31_instruct
2.0,0.8492962004100678,llama31_instruct
2.0,0.6862979972847538,llama31_instruct
2.0,1.1826898644481347,llama31_instruct
2.0,1.5249169432107417,llama31_instruct
2.0,1.6524865608288326,llama31_instruct
2.0,1.1818986731065633,llama31_instruct
2.0,0.8126670238362187,llama31_instruct
2.0,0.8492962004100678,llama31_instruct
2.0,0.6862979972847538,llama31_instruct
2.0,1.1826898644481347,llama31_instruct
2.0,1.5249169432107417,llama31_instruct
2.0,1.6524865608288326,llama31_instruct
2.0,1.1818986731065633,llama31_instruct
2.0,0.8126670238362187,llama31_instruct
2.0,0.8492962004100678,llama31_instruct
2.0,0.6862979972847538,llama31_instruct
2.0,1.1826898644481347,llama31_instruct
2.0,1.5249169432107417,llama31_instruct
2.0,1.6524865608288326,llama31_instruct
2.0,1.2459700087734444,llama31_instruct
2.0,0.8915240990133322,llama31_instruct
2.0,0.9744695356123011,llama31_instruct
2.0,0.7387051752463172,llama31_instruct
2.0,1.240200394695457,llama31_instruct
2.0,1.7000692743515335,llama31_instruct
2.0,1.7817545494443578,llama31_instruct
2.0,1.2459700087734444,llama31_instruct
2.0,0.8915240990133322,llama31_instruct
2.0,0.9744695356123011,llama31_instruct
2.0,0.7387051752463172,llama31_instruct
2.0,1.240200394695457,llama31_instruct
2.0,1.7000692743515335,llama31_instruct
2.0,1.7817545494443578,llama31_instruct
2.0,1.2459700087734444,llama31_instruct
2.0,0.8915240990133322,llama31_instruct
2.0,0.9744695356123011,llama31_instruct
2.0,0.7387051752463172,llama31_instruct
2.0,1.240200394695457,llama31_instruct
2.0,1.7000692743515335,llama31_instruct
2.0,1.7817545494443578,llama31_instruct
2.0,1.2459700087734444,llama31_instruct
2.0,0.8915240990133322,llama31_instruct
2.0,0.9744695356123011,llama31_instruct
2.0,0.7387051752463172,llama31_instruct
2.0,1.240200394695457,llama31_instruct
2.0,1.7000692743515335,llama31_instruct
2.0,1.7817545494443578,llama31_instruct
2.0,1.1478879093775352,llama31_instruct
2.0,0.8289567904753811,llama31_instruct
2.0,0.8531647476469356,llama31_instruct
2.0,0.729960323524609,llama31_instruct
2.0,1.1569646845975525,llama31_instruct
2.0,1.479063981352549,llama31_instruct
2.0,1.6619467476087255,llama31_instruct
2.0,1.1478879093775352,llama31_instruct
2.0,0.8289567904753811,llama31_instruct
2.0,0.8531647476469356,llama31_instruct
2.0,0.729960323524609,llama31_instruct
2.0,1.1569646845975525,llama31_instruct
2.0,1.479063981352549,llama31_instruct
2.0,1.6619467476087255,llama31_instruct
2.0,1.1478879093775352,llama31_instruct
2.0,0.8289567904753811,llama31_instruct
2.0,0.8531647476469356,llama31_instruct
2.0,0.729960323524609,llama31_instruct
2.0,1.1569646845975525,llama31_instruct
2.0,1.479063981352549,llama31_instruct
2.0,1.6619467476087255,llama31_instruct
2.0,1.1478879093775352,llama31_instruct
2.0,0.8289567904753811,llama31_instruct
2.0,0.8531647476469356,llama31_instruct
2.0,0.729960323524609,llama31_instruct
2.0,1.1569646845975525,llama31_instruct
2.0,1.479063981352549,llama31_instruct
2.0,1.6619467476087255,llama31_instruct
2.0,1.0441275756109722,llama31_instruct
2.0,0.7221159385417217,llama31_instruct
2.0,0.7582847748313217,llama31_instruct
2.0,0.5133019999709088,llama31_instruct
2.0,1.0318008979726812,llama31_instruct
2.0,1.3310726949007907,llama31_instruct
2.0,1.4141066865165952,llama31_instruct
2.0,1.0441275756109722,llama31_instruct
2.0,0.7221159385417217,llama31_instruct
2.0,0.7582847748313217,llama31_instruct
2.0,0.5133019999709088,llama31_instruct
2.0,1.0318008979726812,llama31_instruct
2.0,1.3310726949007907,llama31_instruct
2.0,1.4141066865165952,llama31_instruct
2.0,1.0441275756109722,llama31_instruct
2.0,0.7221159385417217,llama31_instruct
2.0,0.7582847748313217,llama31_instruct
2.0,0.5133019999709088,llama31_instruct
2.0,1.0318008979726812,llama31_instruct
2.0,1.3310726949007907,llama31_instruct
2.0,1.4141066865165952,llama31_instruct
2.0,1.0441275756109722,llama31_instruct
2.0,0.7221159385417217,llama31_instruct
2.0,0.7582847748313217,llama31_instruct
2.0,0.5133019999709088,llama31_instruct
2.0,1.0318008979726812,llama31_instruct
2.0,1.3310726949007907,llama31_instruct
2.0,1.4141066865165952,llama31_instruct
2.0,1.0306463164165978,llama31_instruct
2.0,0.7144716284432907,llama31_instruct
2.0,0.7805564683768337,llama31_instruct
2.0,0.5564870949695612,llama31_instruct
2.0,1.0441743533976195,llama31_instruct
2.0,1.3820909580013163,llama31_instruct
2.0,1.3925188388362535,llama31_instruct
2.0,1.0306463164165978,llama31_instruct
2.0,0.7144716284432907,llama31_instruct
2.0,0.7805564683768337,llama31_instruct
2.0,0.5564870949695612,llama31_instruct
2.0,1.0441743533976195,llama31_instruct
2.0,1.3820909580013163,llama31_instruct
2.0,1.3925188388362535,llama31_instruct
2.0,1.0306463164165978,llama31_instruct
2.0,0.7144716284432907,llama31_instruct
2.0,0.7805564683768337,llama31_instruct
2.0,0.5564870949695612,llama31_instruct
2.0,1.0441743533976195,llama31_instruct
2.0,1.3820909580013163,llama31_instruct
2.0,1.3925188388362535,llama31_instruct
2.0,1.0306463164165978,llama31_instruct
2.0,0.7144716284432907,llama31_instruct
2.0,0.7805564683768337,llama31_instruct
2.0,0.5564870949695612,llama31_instruct
2.0,1.0441743533976195,llama31_instruct
2.0,1.3820909580013163,llama31_instruct
2.0,1.3925188388362535,llama31_instruct
1.0,0.2416814940065242,llama31_instruct
1.0,0.02554945999344742,llama31_instruct
1.0,0.17708664894059242,llama31_instruct
1.0,-0.03195417768785948,llama31_instruct
1.0,0.26136976107660836,llama31_instruct
1.0,0.35857877176895053,llama31_instruct
1.0,0.08991558156408043,llama31_instruct
1.0,0.2416814940065242,llama31_instruct
1.0,0.02554945999344742,llama31_instruct
1.0,0.17708664894059242,llama31_instruct
1.0,-0.03195417768785948,llama31_instruct
1.0,0.26136976107660836,llama31_instruct
1.0,0.35857877176895053,llama31_instruct
1.0,0.08991558156408043,llama31_instruct
1.0,0.2416814940065242,llama31_instruct
1.0,0.02554945999344742,llama31_instruct
1.0,0.17708664894059242,llama31_instruct
1.0,-0.03195417768785948,llama31_instruct
1.0,0.26136976107660836,llama31_instruct
1.0,0.35857877176895053,llama31_instruct
1.0,0.08991558156408043,llama31_instruct
1.0,0.2416814940065242,llama31_instruct
1.0,0.02554945999344742,llama31_instruct
1.0,0.17708664894059242,llama31_instruct
1.0,-0.03195417768785948,llama31_instruct
1.0,0.26136976107660836,llama31_instruct
1.0,0.35857877176895053,llama31_instruct
1.0,0.08991558156408043,llama31_instruct
1.0,0.27075402541871985,llama31_instruct
1.0,0.17731917859520885,llama31_instruct
1.0,0.214119953598323,llama31_instruct
1.0,0.09828582474201678,llama31_instruct
1.0,0.29938857352900133,llama31_instruct
1.0,0.23732582571356048,llama31_instruct
1.0,0.04430439069579052,llama31_instruct
1.0,0.27075402541871985,llama31_instruct
1.0,0.17731917859520885,llama31_instruct
1.0,0.214119953598323,llama31_instruct
1.0,0.09828582474201678,llama31_instruct
1.0,0.29938857352900133,llama31_instruct
1.0,0.23732582571356048,llama31_instruct
1.0,0.04430439069579052,llama31_instruct
1.0,0.27075402541871985,llama31_instruct
1.0,0.17731917859520885,llama31_instruct
1.0,0.214119953598323,llama31_instruct
1.0,0.09828582474201678,llama31_instruct
1.0,0.29938857352900133,llama31_instruct
1.0,0.23732582571356048,llama31_instruct
1.0,0.04430439069579052,llama31_instruct
1.0,0.27075402541871985,llama31_instruct
1.0,0.17731917859520885,llama31_instruct
1.0,0.214119953598323,llama31_instruct
1.0,0.09828582474201678,llama31_instruct
1.0,0.29938857352900133,llama31_instruct
1.0,0.23732582571356048,llama31_instruct
1.0,0.04430439069579052,llama31_instruct
1.0,0.4807033010899928,llama31_instruct
1.0,0.4805397837431641,llama31_instruct
1.0,0.32823332398342997,llama31_instruct
1.0,0.21320431341724755,llama31_instruct
1.0,0.4954386612458568,llama31_instruct
1.0,0.5531717741127594,llama31_instruct
1.0,0.2878880243080563,llama31_instruct
1.0,0.4807033010899928,llama31_instruct
1.0,0.4805397837431641,llama31_instruct
1.0,0.32823332398342997,llama31_instruct
1.0,0.21320431341724755,llama31_instruct
1.0,0.4954386612458568,llama31_instruct
1.0,0.5531717741127594,llama31_instruct
1.0,0.2878880243080563,llama31_instruct
1.0,0.4807033010899928,llama31_instruct
1.0,0.4805397837431641,llama31_instruct
1.0,0.32823332398342997,llama31_instruct
1.0,0.21320431341724755,llama31_instruct
1.0,0.4954386612458568,llama31_instruct
1.0,0.5531717741127594,llama31_instruct
1.0,0.2878880243080563,llama31_instruct
1.0,0.4807033010899928,llama31_instruct
1.0,0.4805397837431641,llama31_instruct
1.0,0.32823332398342997,llama31_instruct
1.0,0.21320431341724755,llama31_instruct
1.0,0.4954386612458568,llama31_instruct
1.0,0.5531717741127594,llama31_instruct
1.0,0.2878880243080563,llama31_instruct
-1.0,-1.7215762576536622,llama31_instruct
-1.0,-1.3590301465223797,llama31_instruct
-1.0,-1.4062944678296356,llama31_instruct
-1.0,-0.5090583710624432,llama31_instruct
-1.0,-1.7258906092416801,llama31_instruct
-1.0,-2.416840559077266,llama31_instruct
-1.0,-1.9477144211502624,llama31_instruct
-1.0,-1.7215762576536622,llama31_instruct
-1.0,-1.3590301465223797,llama31_instruct
-1.0,-1.4062944678296356,llama31_instruct
-1.0,-0.5090583710624432,llama31_instruct
-1.0,-1.7258906092416801,llama31_instruct
-1.0,-2.416840559077266,llama31_instruct
-1.0,-1.9477144211502624,llama31_instruct
-1.0,-1.7215762576536622,llama31_instruct
-1.0,-1.3590301465223797,llama31_instruct
-1.0,-1.4062944678296356,llama31_instruct
-1.0,-0.5090583710624432,llama31_instruct
-1.0,-1.7258906092416801,llama31_instruct
-1.0,-2.416840559077266,llama31_instruct
-1.0,-1.9477144211502624,llama31_instruct
-1.0,-1.7215762576536622,llama31_instruct
-1.0,-1.3590301465223797,llama31_instruct
-1.0,-1.4062944678296356,llama31_instruct
-1.0,-0.5090583710624432,llama31_instruct
-1.0,-1.7258906092416801,llama31_instruct
-1.0,-2.416840559077266,llama31_instruct
-1.0,-1.9477144211502624,llama31_instruct
1.0,0.16504886086771114,llama31_instruct
1.0,0.046611796332378025,llama31_instruct
1.0,0.09239502328705734,llama31_instruct
1.0,-0.12093444512932625,llama31_instruct
1.0,0.1947405707723614,llama31_instruct
1.0,0.0768464265417007,llama31_instruct
1.0,-0.06692528436457261,llama31_instruct
1.0,0.16504886086771114,llama31_instruct
1.0,0.046611796332378025,llama31_instruct
1.0,0.09239502328705734,llama31_instruct
1.0,-0.12093444512932625,llama31_instruct
1.0,0.1947405707723614,llama31_instruct
1.0,0.0768464265417007,llama31_instruct
1.0,-0.06692528436457261,llama31_instruct
1.0,0.16504886086771114,llama31_instruct
1.0,0.046611796332378025,llama31_instruct
1.0,0.09239502328705734,llama31_instruct
1.0,-0.12093444512932625,llama31_instruct
1.0,0.1947405707723614,llama31_instruct
1.0,0.0768464265417007,llama31_instruct
1.0,-0.06692528436457261,llama31_instruct
1.0,0.16504886086771114,llama31_instruct
1.0,0.046611796332378025,llama31_instruct
1.0,0.09239502328705734,llama31_instruct
1.0,-0.12093444512932625,llama31_instruct
1.0,0.1947405707723614,llama31_instruct
1.0,0.0768464265417007,llama31_instruct
1.0,-0.06692528436457261,llama31_instruct
-1.0,-1.9536822039610078,llama31_instruct
-1.0,-1.597769686059396,llama31_instruct
-1.0,-1.6229172926898836,llama31_instruct
-1.0,-0.8653551724419187,llama31_instruct
-1.0,-2.1559735599940337,llama31_instruct
-1.0,-2.9622838572482584,llama31_instruct
-1.0,-2.2170488219289353,llama31_instruct
-1.0,-1.9536822039610078,llama31_instruct
-1.0,-1.597769686059396,llama31_instruct
-1.0,-1.6229172926898836,llama31_instruct
-1.0,-0.8653551724419187,llama31_instruct
-1.0,-2.1559735599940337,llama31_instruct
-1.0,-2.9622838572482584,llama31_instruct
-1.0,-2.2170488219289353,llama31_instruct
-1.0,-1.9536822039610078,llama31_instruct
-1.0,-1.597769686059396,llama31_instruct
-1.0,-1.6229172926898836,llama31_instruct
-1.0,-0.8653551724419187,llama31_instruct
-1.0,-2.1559735599940337,llama31_instruct
-1.0,-2.9622838572482584,llama31_instruct
-1.0,-2.2170488219289353,llama31_instruct
-1.0,-1.9536822039610078,llama31_instruct
-1.0,-1.597769686059396,llama31_instruct
-1.0,-1.6229172926898836,llama31_instruct
-1.0,-0.8653551724419187,llama31_instruct
-1.0,-2.1559735599940337,llama31_instruct
-1.0,-2.9622838572482584,llama31_instruct
-1.0,-2.2170488219289353,llama31_instruct
1.0,0.29461411606288856,llama31_instruct
1.0,0.17617705152755614,llama31_instruct
1.0,0.21659554348209478,llama31_instruct
1.0,0.07697666046288926,llama31_instruct
1.0,0.3243058259675391,llama31_instruct
1.0,0.2534651025631642,llama31_instruct
1.0,0.06303390069947508,llama31_instruct
1.0,0.29461411606288856,llama31_instruct
1.0,0.17617705152755614,llama31_instruct
1.0,0.21659554348209478,llama31_instruct
1.0,0.07697666046288926,llama31_instruct
1.0,0.3243058259675391,llama31_instruct
1.0,0.2534651025631642,llama31_instruct
1.0,0.06303390069947508,llama31_instruct
1.0,0.29461411606288856,llama31_instruct
1.0,0.17617705152755614,llama31_instruct
1.0,0.21659554348209478,llama31_instruct
1.0,0.07697666046288926,llama31_instruct
1.0,0.3243058259675391,llama31_instruct
1.0,0.2534651025631642,llama31_instruct
1.0,0.06303390069947508,llama31_instruct
1.0,0.29461411606288856,llama31_instruct
1.0,0.17617705152755614,llama31_instruct
1.0,0.21659554348209478,llama31_instruct
1.0,0.07697666046288926,llama31_instruct
1.0,0.3243058259675391,llama31_instruct
1.0,0.2534651025631642,llama31_instruct
1.0,0.06303390069947508,llama31_instruct
1.0,0.45986597120185846,llama31_instruct
1.0,0.4597024538550296,llama31_instruct
1.0,0.3361939093744487,llama31_instruct
1.0,0.20323944556126142,llama31_instruct
1.0,0.47460133135772226,llama31_instruct
1.0,0.5493107848180281,llama31_instruct
1.0,0.2674315425678647,llama31_instruct
1.0,0.45986597120185846,llama31_instruct
1.0,0.4597024538550296,llama31_instruct
1.0,0.3361939093744487,llama31_instruct
1.0,0.20323944556126142,llama31_instruct
1.0,0.47460133135772226,llama31_instruct
1.0,0.5493107848180281,llama31_instruct
1.0,0.2674315425678647,llama31_instruct
1.0,0.45986597120185846,llama31_instruct
1.0,0.4597024538550296,llama31_instruct
1.0,0.3361939093744487,llama31_instruct
1.0,0.20323944556126142,llama31_instruct
1.0,0.47460133135772226,llama31_instruct
1.0,0.5493107848180281,llama31_instruct
1.0,0.2674315425678647,llama31_instruct
1.0,0.45986597120185846,llama31_instruct
1.0,0.4597024538550296,llama31_instruct
1.0,0.3361939093744487,llama31_instruct
1.0,0.20323944556126142,llama31_instruct
1.0,0.47460133135772226,llama31_instruct
1.0,0.5493107848180281,llama31_instruct
1.0,0.2674315425678647,llama31_instruct
1.0,0.31837796463322254,llama31_instruct
1.0,0.19994090009789026,llama31_instruct
1.0,0.2403593920524289,llama31_instruct
1.0,0.10277117383067329,llama31_instruct
1.0,0.3480696745378731,llama31_instruct
1.0,0.2752003083297072,llama31_instruct
1.0,0.08679774926980931,llama31_instruct
1.0,0.31837796463322254,llama31_instruct
1.0,0.19994090009789026,llama31_instruct
1.0,0.2403593920524289,llama31_instruct
1.0,0.10277117383067329,llama31_instruct
1.0,0.3480696745378731,llama31_instruct
1.0,0.2752003083297072,llama31_instruct
1.0,0.08679774926980931,llama31_instruct
1.0,0.31837796463322254,llama31_instruct
1.0,0.19994090009789026,llama31_instruct
1.0,0.2403593920524289,llama31_instruct
1.0,0.10277117383067329,llama31_instruct
1.0,0.3480696745378731,llama31_instruct
1.0,0.2752003083297072,llama31_instruct
1.0,0.08679774926980931,llama31_instruct
1.0,0.31837796463322254,llama31_instruct
1.0,0.19994090009789026,llama31_instruct
1.0,0.2403593920524289,llama31_instruct
1.0,0.10277117383067329,llama31_instruct
1.0,0.3480696745378731,llama31_instruct
1.0,0.2752003083297072,llama31_instruct
1.0,0.08679774926980931,llama31_instruct
1.0,0.2227047848914403,llama31_instruct
1.0,0.11115686853360637,llama31_instruct
1.0,0.09109215795477076,llama31_instruct
1.0,-0.07541451184638974,llama31_instruct
1.0,0.23659667531125345,llama31_instruct
1.0,0.3342210771471175,llama31_instruct
1.0,0.11167690576359039,llama31_instruct
1.0,0.2227047848914403,llama31_instruct
1.0,0.11115686853360637,llama31_instruct
1.0,0.09109215795477076,llama31_instruct
1.0,-0.07541451184638974,llama31_instruct
1.0,0.23659667531125345,llama31_instruct
1.0,0.3342210771471175,llama31_instruct
1.0,0.11167690576359039,llama31_instruct
1.0,0.2227047848914403,llama31_instruct
1.0,0.11115686853360637,llama31_instruct
1.0,0.09109215795477076,llama31_instruct
1.0,-0.07541451184638974,llama31_instruct
1.0,0.23659667531125345,llama31_instruct
1.0,0.3342210771471175,llama31_instruct
1.0,0.11167690576359039,llama31_instruct
1.0,0.2227047848914403,llama31_instruct
1.0,0.11115686853360637,llama31_instruct
1.0,0.09109215795477076,llama31_instruct
1.0,-0.07541451184638974,llama31_instruct
1.0,0.23659667531125345,llama31_instruct
1.0,0.3342210771471175,llama31_instruct
1.0,0.11167690576359039,llama31_instruct
-1.0,-1.7801634125749641,llama31_instruct
-1.0,-1.4826508465104182,llama31_instruct
-1.0,-1.4572464533597047,llama31_instruct
-1.0,-0.3973642687423252,llama31_instruct
-1.0,-1.8534534883854628,llama31_instruct
-1.0,-2.933581651851598,llama31_instruct
-1.0,-2.1100139840547083,llama31_instruct
-1.0,-1.7801634125749641,llama31_instruct
-1.0,-1.4826508465104182,llama31_instruct
-1.0,-1.4572464533597047,llama31_instruct
-1.0,-0.3973642687423252,llama31_instruct
-1.0,-1.8534534883854628,llama31_instruct
-1.0,-2.933581651851598,llama31_instruct
-1.0,-2.1100139840547083,llama31_instruct
-1.0,-1.7801634125749641,llama31_instruct
-1.0,-1.4826508465104182,llama31_instruct
-1.0,-1.4572464533597047,llama31_instruct
-1.0,-0.3973642687423252,llama31_instruct
-1.0,-1.8534534883854628,llama31_instruct
-1.0,-2.933581651851598,llama31_instruct
-1.0,-2.1100139840547083,llama31_instruct
-1.0,-1.7801634125749641,llama31_instruct
-1.0,-1.4826508465104182,llama31_instruct
-1.0,-1.4572464533597047,llama31_instruct
-1.0,-0.3973642687423252,llama31_instruct
-1.0,-1.8534534883854628,llama31_instruct
-1.0,-2.933581651851598,llama31_instruct
-1.0,-2.1100139840547083,llama31_instruct
1.0,0.23712474391600735,llama31_instruct
1.0,0.02099270990293058,llama31_instruct
1.0,0.17252989885007558,llama31_instruct
1.0,-0.03651092777837632,llama31_instruct
1.0,0.2568130109860917,llama31_instruct
1.0,0.3540220216784337,llama31_instruct
1.0,0.08535883147356357,llama31_instruct
1.0,0.23712474391600735,llama31_instruct
1.0,0.02099270990293058,llama31_instruct
1.0,0.17252989885007558,llama31_instruct
1.0,-0.03651092777837632,llama31_instruct
1.0,0.2568130109860917,llama31_instruct
1.0,0.3540220216784337,llama31_instruct
1.0,0.08535883147356357,llama31_instruct
1.0,0.23712474391600735,llama31_instruct
1.0,0.02099270990293058,llama31_instruct
1.0,0.17252989885007558,llama31_instruct
1.0,-0.03651092777837632,llama31_instruct
1.0,0.2568130109860917,llama31_instruct
1.0,0.3540220216784337,llama31_instruct
1.0,0.08535883147356357,llama31_instruct
1.0,0.23712474391600735,llama31_instruct
1.0,0.02099270990293058,llama31_instruct
1.0,0.17252989885007558,llama31_instruct
1.0,-0.03651092777837632,llama31_instruct
1.0,0.2568130109860917,llama31_instruct
1.0,0.3540220216784337,llama31_instruct
1.0,0.08535883147356357,llama31_instruct
1.0,0.27070704595276796,llama31_instruct
1.0,0.20687779517776977,llama31_instruct
1.0,0.17789879016676527,llama31_instruct
1.0,0.0032374715854297936,llama31_instruct
1.0,0.2842350829337905,llama31_instruct
1.0,0.3915544672137296,llama31_instruct
1.0,0.1496631411613973,llama31_instruct
1.0,0.27070704595276796,llama31_instruct
1.0,0.20687779517776977,llama31_instruct
1.0,0.17789879016676527,llama31_instruct
1.0,0.0032374715854297936,llama31_instruct
1.0,0.2842350829337905,llama31_instruct
1.0,0.3915544672137296,llama31_instruct
1.0,0.1496631411613973,llama31_instruct
1.0,0.27070704595276796,llama31_instruct
1.0,0.20687779517776977,llama31_instruct
1.0,0.17789879016676527,llama31_instruct
1.0,0.0032374715854297936,llama31_instruct
1.0,0.2842350829337905,llama31_instruct
1.0,0.3915544672137296,llama31_instruct
1.0,0.1496631411613973,llama31_instruct
1.0,0.27070704595276796,llama31_instruct
1.0,0.20687779517776977,llama31_instruct
1.0,0.17789879016676527,llama31_instruct
1.0,0.0032374715854297936,llama31_instruct
1.0,0.2842350829337905,llama31_instruct
1.0,0.3915544672137296,llama31_instruct
1.0,0.1496631411613973,llama31_instruct
1.0,0.3419928385236208,llama31_instruct
1.0,0.2382454251798223,llama31_instruct
1.0,0.2670316957021072,llama31_instruct
1.0,0.16047148477433482,llama31_instruct
1.0,0.3620390872591887,llama31_instruct
1.0,0.39874775107114846,llama31_instruct
1.0,0.21179932214532823,llama31_instruct
1.0,0.3419928385236208,llama31_instruct
1.0,0.2382454251798223,llama31_instruct
1.0,0.2670316957021072,llama31_instruct
1.0,0.16047148477433482,llama31_instruct
1.0,0.3620390872591887,llama31_instruct
1.0,0.39874775107114846,llama31_instruct
1.0,0.21179932214532823,llama31_instruct
1.0,0.3419928385236208,llama31_instruct
1.0,0.2382454251798223,llama31_instruct
1.0,0.2670316957021072,llama31_instruct
1.0,0.16047148477433482,llama31_instruct
1.0,0.3620390872591887,llama31_instruct
1.0,0.39874775107114846,llama31_instruct
1.0,0.21179932214532823,llama31_instruct
1.0,0.3419928385236208,llama31_instruct
1.0,0.2382454251798223,llama31_instruct
1.0,0.2670316957021072,llama31_instruct
1.0,0.16047148477433482,llama31_instruct
1.0,0.3620390872591887,llama31_instruct
1.0,0.39874775107114846,llama31_instruct
1.0,0.21179932214532823,llama31_instruct
1.0,0.3334302039411848,llama31_instruct
1.0,0.2669456676348275,llama31_instruct
1.0,0.24062194815518248,llama31_instruct
1.0,0.11540990014072988,llama31_instruct
1.0,0.3469582409222076,llama31_instruct
1.0,0.4391952083146879,llama31_instruct
1.0,0.21238629914981477,llama31_instruct
1.0,0.3334302039411848,llama31_instruct
1.0,0.2669456676348275,llama31_instruct
1.0,0.24062194815518248,llama31_instruct
1.0,0.11540990014072988,llama31_instruct
1.0,0.3469582409222076,llama31_instruct
1.0,0.4391952083146879,llama31_instruct
1.0,0.21238629914981477,llama31_instruct
1.0,0.3334302039411848,llama31_instruct
1.0,0.2669456676348275,llama31_instruct
1.0,0.24062194815518248,llama31_instruct
1.0,0.11540990014072988,llama31_instruct
1.0,0.3469582409222076,llama31_instruct
1.0,0.4391952083146879,llama31_instruct
1.0,0.21238629914981477,llama31_instruct
1.0,0.3334302039411848,llama31_instruct
1.0,0.2669456676348275,llama31_instruct
1.0,0.24062194815518248,llama31_instruct
1.0,0.11540990014072988,llama31_instruct
1.0,0.3469582409222076,llama31_instruct
1.0,0.4391952083146879,llama31_instruct
1.0,0.21238629914981477,llama31_instruct
1.0,0.3137630264826292,llama31_instruct
1.0,0.20088192910037841,llama31_instruct
1.0,0.20006562958868412,llama31_instruct
1.0,0.057373042169036846,llama31_instruct
1.0,0.3276549169024426,llama31_instruct
1.0,0.4147290574877701,llama31_instruct
1.0,0.19663692574056701,llama31_instruct
1.0,0.3137630264826292,llama31_instruct
1.0,0.20088192910037841,llama31_instruct
1.0,0.20006562958868412,llama31_instruct
1.0,0.057373042169036846,llama31_instruct
1.0,0.3276549169024426,llama31_instruct
1.0,0.4147290574877701,llama31_instruct
1.0,0.19663692574056701,llama31_instruct
1.0,0.3137630264826292,llama31_instruct
1.0,0.20088192910037841,llama31_instruct
1.0,0.20006562958868412,llama31_instruct
1.0,0.057373042169036846,llama31_instruct
1.0,0.3276549169024426,llama31_instruct
1.0,0.4147290574877701,llama31_instruct
1.0,0.19663692574056701,llama31_instruct
1.0,0.3137630264826292,llama31_instruct
1.0,0.20088192910037841,llama31_instruct
1.0,0.20006562958868412,llama31_instruct
1.0,0.057373042169036846,llama31_instruct
1.0,0.3276549169024426,llama31_instruct
1.0,0.4147290574877701,llama31_instruct
1.0,0.19663692574056701,llama31_instruct
1.0,0.23589424584012042,llama31_instruct
1.0,0.23573072849329138,llama31_instruct
1.0,0.22779226300868127,llama31_instruct
1.0,0.009391905891868672,llama31_instruct
1.0,0.2506296059959841,llama31_instruct
1.0,0.3208475913574766,llama31_instruct
1.0,0.04307896905818346,llama31_instruct
1.0,0.23589424584012042,llama31_instruct
1.0,0.23573072849329138,llama31_instruct
1.0,0.22779226300868127,llama31_instruct
1.0,0.009391905891868672,llama31_instruct
1.0,0.2506296059959841,llama31_instruct
1.0,0.3208475913574766,llama31_instruct
1.0,0.04307896905818346,llama31_instruct
1.0,0.23589424584012042,llama31_instruct
1.0,0.23573072849329138,llama31_instruct
1.0,0.22779226300868127,llama31_instruct
1.0,0.009391905891868672,llama31_instruct
1.0,0.2506296059959841,llama31_instruct
1.0,0.3208475913574766,llama31_instruct
1.0,0.04307896905818346,llama31_instruct
1.0,0.23589424584012042,llama31_instruct
1.0,0.23573072849329138,llama31_instruct
1.0,0.22779226300868127,llama31_instruct
1.0,0.009391905891868672,llama31_instruct
1.0,0.2506296059959841,llama31_instruct
1.0,0.3208475913574766,llama31_instruct
1.0,0.04307896905818346,llama31_instruct
1.0,0.2583653455845082,llama31_instruct
1.0,0.15555366171612187,llama31_instruct
1.0,0.19217229471809857,llama31_instruct
1.0,0.04849250320464102,llama31_instruct
1.0,0.2791225207001426,llama31_instruct
1.0,0.3445944815439091,llama31_instruct
1.0,0.12817182920621548,llama31_instruct
1.0,0.2583653455845082,llama31_instruct
1.0,0.15555366171612187,llama31_instruct
1.0,0.19217229471809857,llama31_instruct
1.0,0.04849250320464102,llama31_instruct
1.0,0.2791225207001426,llama31_instruct
1.0,0.3445944815439091,llama31_instruct
1.0,0.12817182920621548,llama31_instruct
1.0,0.2583653455845082,llama31_instruct
1.0,0.15555366171612187,llama31_instruct
1.0,0.19217229471809857,llama31_instruct
1.0,0.04849250320464102,llama31_instruct
1.0,0.2791225207001426,llama31_instruct
1.0,0.3445944815439091,llama31_instruct
1.0,0.12817182920621548,llama31_instruct
1.0,0.2583653455845082,llama31_instruct
1.0,0.15555366171612187,llama31_instruct
1.0,0.19217229471809857,llama31_instruct
1.0,0.04849250320464102,llama31_instruct
1.0,0.2791225207001426,llama31_instruct
1.0,0.3445944815439091,llama31_instruct
1.0,0.12817182920621548,llama31_instruct
1.0,0.2620847940132872,llama31_instruct
1.0,0.15833738066948871,llama31_instruct
1.0,0.18712365119177354,llama31_instruct
1.0,0.06270893660945846,llama31_instruct
1.0,0.28319526553293145,llama31_instruct
1.0,0.31972054305249303,llama31_instruct
1.0,0.13189127763499464,llama31_instruct
1.0,0.2620847940132872,llama31_instruct
1.0,0.15833738066948871,llama31_instruct
1.0,0.18712365119177354,llama31_instruct
1.0,0.06270893660945846,llama31_instruct
1.0,0.28319526553293145,llama31_instruct
1.0,0.31972054305249303,llama31_instruct
1.0,0.13189127763499464,llama31_instruct
1.0,0.2620847940132872,llama31_instruct
1.0,0.15833738066948871,llama31_instruct
1.0,0.18712365119177354,llama31_instruct
1.0,0.06270893660945846,llama31_instruct
1.0,0.28319526553293145,llama31_instruct
1.0,0.31972054305249303,llama31_instruct
1.0,0.13189127763499464,llama31_instruct
1.0,0.2620847940132872,llama31_instruct
1.0,0.15833738066948871,llama31_instruct
1.0,0.18712365119177354,llama31_instruct
1.0,0.06270893660945846,llama31_instruct
1.0,0.28319526553293145,llama31_instruct
1.0,0.31972054305249303,llama31_instruct
1.0,0.13189127763499464,llama31_instruct
1.0,0.3810756462582174,llama31_instruct
1.0,0.28354442723936907,llama31_instruct
1.0,0.32209215419736176,llama31_instruct
1.0,0.2312603066317169,llama31_instruct
1.0,0.40926900836047725,llama31_instruct
1.0,0.3415483383873297,llama31_instruct
1.0,0.15193879592573725,llama31_instruct
1.0,0.3810756462582174,llama31_instruct
1.0,0.28354442723936907,llama31_instruct
1.0,0.32209215419736176,llama31_instruct
1.0,0.2312603066317169,llama31_instruct
1.0,0.40926900836047725,llama31_instruct
1.0,0.3415483383873297,llama31_instruct
1.0,0.15193879592573725,llama31_instruct
1.0,0.3810756462582174,llama31_instruct
1.0,0.28354442723936907,llama31_instruct
1.0,0.32209215419736176,llama31_instruct
1.0,0.2312603066317169,llama31_instruct
1.0,0.40926900836047725,llama31_instruct
1.0,0.3415483383873297,llama31_instruct
1.0,0.15193879592573725,llama31_instruct
1.0,0.3810756462582174,llama31_instruct
1.0,0.28354442723936907,llama31_instruct
1.0,0.32209215419736176,llama31_instruct
1.0,0.2312603066317169,llama31_instruct
1.0,0.40926900836047725,llama31_instruct
1.0,0.3415483383873297,llama31_instruct
1.0,0.15193879592573725,llama31_instruct
1.0,0.20823158163820046,llama31_instruct
1.0,0.17709193260903136,llama31_instruct
1.0,0.23109396679610536,llama31_instruct
1.0,0.00871425019164319,llama31_instruct
1.0,0.22626634543790264,llama31_instruct
1.0,0.2866884381541782,llama31_instruct
1.0,0.057126161948166346,llama31_instruct
1.0,0.20823158163820046,llama31_instruct
1.0,0.17709193260903136,llama31_instruct
1.0,0.23109396679610536,llama31_instruct
1.0,0.00871425019164319,llama31_instruct
1.0,0.22626634543790264,llama31_instruct
1.0,0.2866884381541782,llama31_instruct
1.0,0.057126161948166346,llama31_instruct
1.0,0.20823158163820046,llama31_instruct
1.0,0.17709193260903136,llama31_instruct
1.0,0.23109396679610536,llama31_instruct
1.0,0.00871425019164319,llama31_instruct
1.0,0.22626634543790264,llama31_instruct
1.0,0.2866884381541782,llama31_instruct
1.0,0.057126161948166346,llama31_instruct
1.0,0.20823158163820046,llama31_instruct
1.0,0.17709193260903136,llama31_instruct
1.0,0.23109396679610536,llama31_instruct
1.0,0.00871425019164319,llama31_instruct
1.0,0.22626634543790264,llama31_instruct
1.0,0.2866884381541782,llama31_instruct
1.0,0.057126161948166346,llama31_instruct
1.0,0.24220544063803068,llama31_instruct
1.0,0.242041923291202,llama31_instruct
1.0,0.2341034578065917,llama31_instruct
1.0,0.011969447239502766,llama31_instruct
1.0,0.2569408007938945,llama31_instruct
1.0,0.32715878615538707,llama31_instruct
1.0,0.04939016385609392,llama31_instruct
1.0,0.24220544063803068,llama31_instruct
1.0,0.242041923291202,llama31_instruct
1.0,0.2341034578065917,llama31_instruct
1.0,0.011969447239502766,llama31_instruct
1.0,0.2569408007938945,llama31_instruct
1.0,0.32715878615538707,llama31_instruct
1.0,0.04939016385609392,llama31_instruct
1.0,0.24220544063803068,llama31_instruct
1.0,0.242041923291202,llama31_instruct
1.0,0.2341034578065917,llama31_instruct
1.0,0.011969447239502766,llama31_instruct
1.0,0.2569408007938945,llama31_instruct
1.0,0.32715878615538707,llama31_instruct
1.0,0.04939016385609392,llama31_instruct
1.0,0.24220544063803068,llama31_instruct
1.0,0.242041923291202,llama31_instruct
1.0,0.2341034578065917,llama31_instruct
1.0,0.011969447239502766,llama31_instruct
1.0,0.2569408007938945,llama31_instruct
1.0,0.32715878615538707,llama31_instruct
1.0,0.04939016385609392,llama31_instruct
1.0,0.3361495013817258,llama31_instruct
1.0,0.30764415771238085,llama31_instruct
1.0,0.3589228437398157,llama31_instruct
1.0,0.17290629836695692,llama31_instruct
1.0,0.35418426518142787,llama31_instruct
1.0,0.40064685473214157,llama31_instruct
1.0,0.1850440816916917,llama31_instruct
1.0,0.3361495013817258,llama31_instruct
1.0,0.30764415771238085,llama31_instruct
1.0,0.3589228437398157,llama31_instruct
1.0,0.17290629836695692,llama31_instruct
1.0,0.35418426518142787,llama31_instruct
1.0,0.40064685473214157,llama31_instruct
1.0,0.1850440816916917,llama31_instruct
1.0,0.3361495013817258,llama31_instruct
1.0,0.30764415771238085,llama31_instruct
1.0,0.3589228437398157,llama31_instruct
1.0,0.17290629836695692,llama31_instruct
1.0,0.35418426518142787,llama31_instruct
1.0,0.40064685473214157,llama31_instruct
1.0,0.1850440816916917,llama31_instruct
1.0,0.3361495013817258,llama31_instruct
1.0,0.30764415771238085,llama31_instruct
1.0,0.3589228437398157,llama31_instruct
1.0,0.17290629836695692,llama31_instruct
1.0,0.35418426518142787,llama31_instruct
1.0,0.40064685473214157,llama31_instruct
1.0,0.1850440816916917,llama31_instruct
1.0,0.24089626393624655,llama31_instruct
1.0,0.16626447535209427,llama31_instruct
1.0,0.18727750687553113,llama31_instruct
1.0,0.06790410191819145,llama31_instruct
1.0,0.26908962603850606,llama31_instruct
1.0,0.2227146750706726,llama31_instruct
1.0,0.011579401085597473,llama31_instruct
1.0,0.24089626393624655,llama31_instruct
1.0,0.16626447535209427,llama31_instruct
1.0,0.18727750687553113,llama31_instruct
1.0,0.06790410191819145,llama31_instruct
1.0,0.26908962603850606,llama31_instruct
1.0,0.2227146750706726,llama31_instruct
1.0,0.011579401085597473,llama31_instruct
1.0,0.24089626393624655,llama31_instruct
1.0,0.16626447535209427,llama31_instruct
1.0,0.18727750687553113,llama31_instruct
1.0,0.06790410191819145,llama31_instruct
1.0,0.26908962603850606,llama31_instruct
1.0,0.2227146750706726,llama31_instruct
1.0,0.011579401085597473,llama31_instruct
1.0,0.24089626393624655,llama31_instruct
1.0,0.16626447535209427,llama31_instruct
1.0,0.18727750687553113,llama31_instruct
1.0,0.06790410191819145,llama31_instruct
1.0,0.26908962603850606,llama31_instruct
1.0,0.2227146750706726,llama31_instruct
1.0,0.011579401085597473,llama31_instruct
2.0,1.1336110145154434,llama31_instruct
2.0,0.8146798956132881,llama31_instruct
2.0,0.8454158564019388,llama31_instruct
2.0,0.6841684176770217,llama31_instruct
2.0,1.1426877897354608,llama31_instruct
2.0,1.4695593424323161,llama31_instruct
2.0,1.6480507008945777,llama31_instruct
2.0,1.1336110145154434,llama31_instruct
2.0,0.8146798956132881,llama31_instruct
2.0,0.8454158564019388,llama31_instruct
2.0,0.6841684176770217,llama31_instruct
2.0,1.1426877897354608,llama31_instruct
2.0,1.4695593424323161,llama31_instruct
2.0,1.6480507008945777,llama31_instruct
2.0,1.1336110145154434,llama31_instruct
2.0,0.8146798956132881,llama31_instruct
2.0,0.8454158564019388,llama31_instruct
2.0,0.6841684176770217,llama31_instruct
2.0,1.1426877897354608,llama31_instruct
2.0,1.4695593424323161,llama31_instruct
2.0,1.6480507008945777,llama31_instruct
2.0,1.1336110145154434,llama31_instruct
2.0,0.8146798956132881,llama31_instruct
2.0,0.8454158564019388,llama31_instruct
2.0,0.6841684176770217,llama31_instruct
2.0,1.1426877897354608,llama31_instruct
2.0,1.4695593424323161,llama31_instruct
2.0,1.6480507008945777,llama31_instruct
2.0,0.9846161293330608,llama31_instruct
2.0,0.6746633891386092,llama31_instruct
2.0,0.7258129085039573,llama31_instruct
2.0,0.511325712642846,llama31_instruct
2.0,0.9981441663140829,llama31_instruct
2.0,1.329672759131346,llama31_instruct
2.0,1.346488651752719,llama31_instruct
2.0,0.9846161293330608,llama31_instruct
2.0,0.6746633891386092,llama31_instruct
2.0,0.7258129085039573,llama31_instruct
2.0,0.511325712642846,llama31_instruct
2.0,0.9981441663140829,llama31_instruct
2.0,1.329672759131346,llama31_instruct
2.0,1.346488651752719,llama31_instruct
2.0,0.9846161293330608,llama31_instruct
2.0,0.6746633891386092,llama31_instruct
2.0,0.7258129085039573,llama31_instruct
2.0,0.511325712642846,llama31_instruct
2.0,0.9981441663140829,llama31_instruct
2.0,1.329672759131346,llama31_instruct
2.0,1.346488651752719,llama31_instruct
2.0,0.9846161293330608,llama31_instruct
2.0,0.6746633891386092,llama31_instruct
2.0,0.7258129085039573,llama31_instruct
2.0,0.511325712642846,llama31_instruct
2.0,0.9981441663140829,llama31_instruct
2.0,1.329672759131346,llama31_instruct
2.0,1.346488651752719,llama31_instruct
2.0,1.0746390491326143,llama31_instruct
2.0,0.7120622046414756,llama31_instruct
2.0,0.7679958853375954,llama31_instruct
2.0,0.5896411548354875,llama31_instruct
2.0,1.0754302404741858,llama31_instruct
2.0,1.3910299213028625,llama31_instruct
2.0,1.5397648639904897,llama31_instruct
2.0,1.0746390491326143,llama31_instruct
2.0,0.7120622046414756,llama31_instruct
2.0,0.7679958853375954,llama31_instruct
2.0,0.5896411548354875,llama31_instruct
2.0,1.0754302404741858,llama31_instruct
2.0,1.3910299213028625,llama31_instruct
2.0,1.5397648639904897,llama31_instruct
2.0,1.0746390491326143,llama31_instruct
2.0,0.7120622046414756,llama31_instruct
2.0,0.7679958853375954,llama31_instruct
2.0,0.5896411548354875,llama31_instruct
2.0,1.0754302404741858,llama31_instruct
2.0,1.3910299213028625,llama31_instruct
2.0,1.5397648639904897,llama31_instruct
2.0,1.0746390491326143,llama31_instruct
2.0,0.7120622046414756,llama31_instruct
2.0,0.7679958853375954,llama31_instruct
2.0,0.5896411548354875,llama31_instruct
2.0,1.0754302404741858,llama31_instruct
2.0,1.3910299213028625,llama31_instruct
2.0,1.5397648639904897,llama31_instruct
2.0,1.18223058559383,llama31_instruct
2.0,0.8105200194607202,llama31_instruct
2.0,0.8496281128973343,llama31_instruct
2.0,0.6866299097720204,llama31_instruct
2.0,1.1830217769354012,llama31_instruct
2.0,1.5252488556980082,llama31_instruct
2.0,1.652818473316099,llama31_instruct
2.0,1.18223058559383,llama31_instruct
2.0,0.8105200194607202,llama31_instruct
2.0,0.8496281128973343,llama31_instruct
2.0,0.6866299097720204,llama31_instruct
2.0,1.1830217769354012,llama31_instruct
2.0,1.5252488556980082,llama31_instruct
2.0,1.652818473316099,llama31_instruct
2.0,1.18223058559383,llama31_instruct
2.0,0.8105200194607202,llama31_instruct
2.0,0.8496281128973343,llama31_instruct
2.0,0.6866299097720204,llama31_instruct
2.0,1.1830217769354012,llama31_instruct
2.0,1.5252488556980082,llama31_instruct
2.0,1.652818473316099,llama31_instruct
2.0,1.18223058559383,llama31_instruct
2.0,0.8105200194607202,llama31_instruct
2.0,0.8496281128973343,llama31_instruct
2.0,0.6866299097720204,llama31_instruct
2.0,1.1830217769354012,llama31_instruct
2.0,1.5252488556980082,llama31_instruct
2.0,1.652818473316099,llama31_instruct
2.0,1.0219988305652454,llama31_instruct
2.0,0.6999871934959953,llama31_instruct
2.0,0.7361560297855952,llama31_instruct
2.0,0.49117325492518216,llama31_instruct
2.0,1.0096721529269546,llama31_instruct
2.0,1.3207545951060045,llama31_instruct
2.0,1.39197794147087,llama31_instruct
2.0,1.0219988305652454,llama31_instruct
2.0,0.6999871934959953,llama31_instruct
2.0,0.7361560297855952,llama31_instruct
2.0,0.49117325492518216,llama31_instruct
2.0,1.0096721529269546,llama31_instruct
2.0,1.3207545951060045,llama31_instruct
2.0,1.39197794147087,llama31_instruct
2.0,1.0219988305652454,llama31_instruct
2.0,0.6999871934959953,llama31_instruct
2.0,0.7361560297855952,llama31_instruct
2.0,0.49117325492518216,llama31_instruct
2.0,1.0096721529269546,llama31_instruct
2.0,1.3207545951060045,llama31_instruct
2.0,1.39197794147087,llama31_instruct
2.0,1.0219988305652454,llama31_instruct
2.0,0.6999871934959953,llama31_instruct
2.0,0.7361560297855952,llama31_instruct
2.0,0.49117325492518216,llama31_instruct
2.0,1.0096721529269546,llama31_instruct
2.0,1.3207545951060045,llama31_instruct
2.0,1.39197794147087,llama31_instruct
2.0,1.1478879093775352,llama31_instruct
2.0,0.8289567904753811,llama31_instruct
2.0,0.8531647476469356,llama31_instruct
2.0,0.729960323524609,llama31_instruct
2.0,1.1569646845975525,llama31_instruct
2.0,1.479063981352549,llama31_instruct
2.0,1.6619467476087255,llama31_instruct
2.0,1.1478879093775352,llama31_instruct
2.0,0.8289567904753811,llama31_instruct
2.0,0.8531647476469356,llama31_instruct
2.0,0.729960323524609,llama31_instruct
2.0,1.1569646845975525,llama31_instruct
2.0,1.479063981352549,llama31_instruct
2.0,1.6619467476087255,llama31_instruct
2.0,1.1478879093775352,llama31_instruct
2.0,0.8289567904753811,llama31_instruct
2.0,0.8531647476469356,llama31_instruct
2.0,0.729960323524609,llama31_instruct
2.0,1.1569646845975525,llama31_instruct
2.0,1.479063981352549,llama31_instruct
2.0,1.6619467476087255,llama31_instruct
2.0,1.1478879093775352,llama31_instruct
2.0,0.8289567904753811,llama31_instruct
2.0,0.8531647476469356,llama31_instruct
2.0,0.729960323524609,llama31_instruct
2.0,1.1569646845975525,llama31_instruct
2.0,1.479063981352549,llama31_instruct
2.0,1.6619467476087255,llama31_instruct
2.0,1.046049961039004,llama31_instruct
2.0,0.724038323969753,llama31_instruct
2.0,0.760207160259353,llama31_instruct
2.0,0.5152243853989402,llama31_instruct
2.0,1.0337232834007122,llama31_instruct
2.0,1.3329950803288226,llama31_instruct
2.0,1.4160290719446271,llama31_instruct
2.0,1.046049961039004,llama31_instruct
2.0,0.724038323969753,llama31_instruct
2.0,0.760207160259353,llama31_instruct
2.0,0.5152243853989402,llama31_instruct
2.0,1.0337232834007122,llama31_instruct
2.0,1.3329950803288226,llama31_instruct
2.0,1.4160290719446271,llama31_instruct
2.0,1.046049961039004,llama31_instruct
2.0,0.724038323969753,llama31_instruct
2.0,0.760207160259353,llama31_instruct
2.0,0.5152243853989402,llama31_instruct
2.0,1.0337232834007122,llama31_instruct
2.0,1.3329950803288226,llama31_instruct
2.0,1.4160290719446271,llama31_instruct
2.0,1.046049961039004,llama31_instruct
2.0,0.724038323969753,llama31_instruct
2.0,0.760207160259353,llama31_instruct
2.0,0.5152243853989402,llama31_instruct
2.0,1.0337232834007122,llama31_instruct
2.0,1.3329950803288226,llama31_instruct
2.0,1.4160290719446271,llama31_instruct
2.0,1.0150337524999902,llama31_instruct
2.0,0.6908752283521091,llama31_instruct
2.0,0.703747491350353,llama31_instruct
2.0,0.5411577063956299,llama31_instruct
2.0,1.0289256429198026,llama31_instruct
2.0,1.3763339860928385,llama31_instruct
2.0,1.375210465255843,llama31_instruct
2.0,1.0150337524999902,llama31_instruct
2.0,0.6908752283521091,llama31_instruct
2.0,0.703747491350353,llama31_instruct
2.0,0.5411577063956299,llama31_instruct
2.0,1.0289256429198026,llama31_instruct
2.0,1.3763339860928385,llama31_instruct
2.0,1.375210465255843,llama31_instruct
2.0,1.0150337524999902,llama31_instruct
2.0,0.6908752283521091,llama31_instruct
2.0,0.703747491350353,llama31_instruct
2.0,0.5411577063956299,llama31_instruct
2.0,1.0289256429198026,llama31_instruct
2.0,1.3763339860928385,llama31_instruct
2.0,1.375210465255843,llama31_instruct
2.0,1.0150337524999902,llama31_instruct
2.0,0.6908752283521091,llama31_instruct
2.0,0.703747491350353,llama31_instruct
2.0,0.5411577063956299,llama31_instruct
2.0,1.0289256429198026,llama31_instruct
2.0,1.3763339860928385,llama31_instruct
2.0,1.375210465255843,llama31_instruct
2.0,1.3505936503720368,llama31_instruct
2.0,0.9850235287340755,llama31_instruct
2.0,1.0348804559924556,llama31_instruct
2.0,0.8609280161814693,llama31_instruct
2.0,1.3513848417136076,llama31_instruct
2.0,1.6669845225422852,llama31_instruct
2.0,1.8211815380943048,llama31_instruct
2.0,1.3505936503720368,llama31_instruct
2.0,0.9850235287340755,llama31_instruct
2.0,1.0348804559924556,llama31_instruct
2.0,0.8609280161814693,llama31_instruct
2.0,1.3513848417136076,llama31_instruct
2.0,1.6669845225422852,llama31_instruct
2.0,1.8211815380943048,llama31_instruct
2.0,1.3505936503720368,llama31_instruct
2.0,0.9850235287340755,llama31_instruct
2.0,1.0348804559924556,llama31_instruct
2.0,0.8609280161814693,llama31_instruct
2.0,1.3513848417136076,llama31_instruct
2.0,1.6669845225422852,llama31_instruct
2.0,1.8211815380943048,llama31_instruct
2.0,1.3505936503720368,llama31_instruct
2.0,0.9850235287340755,llama31_instruct
2.0,1.0348804559924556,llama31_instruct
2.0,0.8609280161814693,llama31_instruct
2.0,1.3513848417136076,llama31_instruct
2.0,1.6669845225422852,llama31_instruct
2.0,1.8211815380943048,llama31_instruct
2.0,1.1786614703928695,llama31_instruct
2.0,0.8318164041781791,llama31_instruct
2.0,0.9071609972317256,llama31_instruct
2.0,0.6694424361098716,llama31_instruct
2.0,1.2062806924993796,llama31_instruct
2.0,1.6381095784761313,llama31_instruct
2.0,1.714446011063784,llama31_instruct
2.0,1.1786614703928695,llama31_instruct
2.0,0.8318164041781791,llama31_instruct
2.0,0.9071609972317256,llama31_instruct
2.0,0.6694424361098716,llama31_instruct
2.0,1.2062806924993796,llama31_instruct
2.0,1.6381095784761313,llama31_instruct
2.0,1.714446011063784,llama31_instruct
2.0,1.1786614703928695,llama31_instruct
2.0,0.8318164041781791,llama31_instruct
2.0,0.9071609972317256,llama31_instruct
2.0,0.6694424361098716,llama31_instruct
2.0,1.2062806924993796,llama31_instruct
2.0,1.6381095784761313,llama31_instruct
2.0,1.714446011063784,llama31_instruct
2.0,1.1786614703928695,llama31_instruct
2.0,0.8318164041781791,llama31_instruct
2.0,0.9071609972317256,llama31_instruct
2.0,0.6694424361098716,llama31_instruct
2.0,1.2062806924993796,llama31_instruct
2.0,1.6381095784761313,llama31_instruct
2.0,1.714446011063784,llama31_instruct
2.0,1.1443301900829694,llama31_instruct
2.0,0.8253990711808151,llama31_instruct
2.0,0.8496070283523697,llama31_instruct
2.0,0.7264026042300431,llama31_instruct
2.0,1.1534069653029868,llama31_instruct
2.0,1.4755062620579833,llama31_instruct
2.0,1.6583890283141598,llama31_instruct
2.0,1.1443301900829694,llama31_instruct
2.0,0.8253990711808151,llama31_instruct
2.0,0.8496070283523697,llama31_instruct
2.0,0.7264026042300431,llama31_instruct
2.0,1.1534069653029868,llama31_instruct
2.0,1.4755062620579833,llama31_instruct
2.0,1.6583890283141598,llama31_instruct
2.0,1.1443301900829694,llama31_instruct
2.0,0.8253990711808151,llama31_instruct
2.0,0.8496070283523697,llama31_instruct
2.0,0.7264026042300431,llama31_instruct
2.0,1.1534069653029868,llama31_instruct
2.0,1.4755062620579833,llama31_instruct
2.0,1.6583890283141598,llama31_instruct
2.0,1.1443301900829694,llama31_instruct
2.0,0.8253990711808151,llama31_instruct
2.0,0.8496070283523697,llama31_instruct
2.0,0.7264026042300431,llama31_instruct
2.0,1.1534069653029868,llama31_instruct
2.0,1.4755062620579833,llama31_instruct
2.0,1.6583890283141598,llama31_instruct
2.0,1.0870240420168982,llama31_instruct
2.0,0.7650124049476495,llama31_instruct
2.0,0.8011812412372484,llama31_instruct
2.0,0.5557201217259489,llama31_instruct
2.0,1.0739864379985409,llama31_instruct
2.0,1.3739691613067169,llama31_instruct
2.0,1.4570031529225234,llama31_instruct
2.0,1.0870240420168982,llama31_instruct
2.0,0.7650124049476495,llama31_instruct
2.0,0.8011812412372484,llama31_instruct
2.0,0.5557201217259489,llama31_instruct
2.0,1.0739864379985409,llama31_instruct
2.0,1.3739691613067169,llama31_instruct
2.0,1.4570031529225234,llama31_instruct
2.0,1.0870240420168982,llama31_instruct
2.0,0.7650124049476495,llama31_instruct
2.0,0.8011812412372484,llama31_instruct
2.0,0.5557201217259489,llama31_instruct
2.0,1.0739864379985409,llama31_instruct
2.0,1.3739691613067169,llama31_instruct
2.0,1.4570031529225234,llama31_instruct
2.0,1.0870240420168982,llama31_instruct
2.0,0.7650124049476495,llama31_instruct
2.0,0.8011812412372484,llama31_instruct
2.0,0.5557201217259489,llama31_instruct
2.0,1.0739864379985409,llama31_instruct
2.0,1.3739691613067169,llama31_instruct
2.0,1.4570031529225234,llama31_instruct
1.0,0.334842496004506,llama31_instruct
1.0,0.25734809915781764,llama31_instruct
1.0,0.22576754613147923,llama31_instruct
1.0,0.11623656278990523,llama31_instruct
1.0,0.34873438642431936,llama31_instruct
1.0,0.45685110417257235,llama31_instruct
1.0,0.21210278154933282,llama31_instruct
1.0,0.334842496004506,llama31_instruct
1.0,0.25734809915781764,llama31_instruct
1.0,0.22576754613147923,llama31_instruct
1.0,0.11623656278990523,llama31_instruct
1.0,0.34873438642431936,llama31_instruct
1.0,0.45685110417257235,llama31_instruct
1.0,0.21210278154933282,llama31_instruct
1.0,0.334842496004506,llama31_instruct
1.0,0.25734809915781764,llama31_instruct
1.0,0.22576754613147923,llama31_instruct
1.0,0.11623656278990523,llama31_instruct
1.0,0.34873438642431936,llama31_instruct
1.0,0.45685110417257235,llama31_instruct
1.0,0.21210278154933282,llama31_instruct
1.0,0.334842496004506,llama31_instruct
1.0,0.25734809915781764,llama31_instruct
1.0,0.22576754613147923,llama31_instruct
1.0,0.11623656278990523,llama31_instruct
1.0,0.34873438642431936,llama31_instruct
1.0,0.45685110417257235,llama31_instruct
1.0,0.21210278154933282,llama31_instruct
1.0,0.23606641625545535,llama31_instruct
1.0,0.2359028989086263,llama31_instruct
1.0,0.2175245872036294,llama31_instruct
1.0,0.00956407630720362,llama31_instruct
1.0,0.25080177641131896,llama31_instruct
1.0,0.3207389739297677,llama31_instruct
1.0,0.04325113947351843,llama31_instruct
1.0,0.23606641625545535,llama31_instruct
1.0,0.2359028989086263,llama31_instruct
1.0,0.2175245872036294,llama31_instruct
1.0,0.00956407630720362,llama31_instruct
1.0,0.25080177641131896,llama31_instruct
1.0,0.3207389739297677,llama31_instruct
1.0,0.04325113947351843,llama31_instruct
1.0,0.23606641625545535,llama31_instruct
1.0,0.2359028989086263,llama31_instruct
1.0,0.2175245872036294,llama31_instruct
1.0,0.00956407630720362,llama31_instruct
1.0,0.25080177641131896,llama31_instruct
1.0,0.3207389739297677,llama31_instruct
1.0,0.04325113947351843,llama31_instruct
1.0,0.23606641625545535,llama31_instruct
1.0,0.2359028989086263,llama31_instruct
1.0,0.2175245872036294,llama31_instruct
1.0,0.00956407630720362,llama31_instruct
1.0,0.25080177641131896,llama31_instruct
1.0,0.3207389739297677,llama31_instruct
1.0,0.04325113947351843,llama31_instruct
1.0,0.23606641625545535,llama31_instruct
1.0,0.2359028989086263,llama31_instruct
1.0,0.2175245872036294,llama31_instruct
1.0,0.00956407630720362,llama31_instruct
1.0,0.25080177641131896,llama31_instruct
1.0,0.3207389739297677,llama31_instruct
1.0,0.04325113947351843,llama31_instruct
1.0,0.23606641625545535,llama31_instruct
1.0,0.2359028989086263,llama31_instruct
1.0,0.2175245872036294,llama31_instruct
1.0,0.00956407630720362,llama31_instruct
1.0,0.25080177641131896,llama31_instruct
1.0,0.3207389739297677,llama31_instruct
1.0,0.04325113947351843,llama31_instruct
1.0,0.23606641625545535,llama31_instruct
1.0,0.2359028989086263,llama31_instruct
1.0,0.2175245872036294,llama31_instruct
1.0,0.00956407630720362,llama31_instruct
1.0,0.25080177641131896,llama31_instruct
1.0,0.3207389739297677,llama31_instruct
1.0,0.04325113947351843,llama31_instruct
1.0,0.23606641625545535,llama31_instruct
1.0,0.2359028989086263,llama31_instruct
1.0,0.2175245872036294,llama31_instruct
1.0,0.00956407630720362,llama31_instruct
1.0,0.25080177641131896,llama31_instruct
1.0,0.3207389739297677,llama31_instruct
1.0,0.04325113947351843,llama31_instruct
1.0,0.2514089875885484,llama31_instruct
1.0,0.13085678625844924,llama31_instruct
1.0,0.19477491576815142,llama31_instruct
1.0,0.06490679677300062,llama31_instruct
1.0,0.2811006974931988,llama31_instruct
1.0,0.22679519977405627,llama31_instruct
1.0,0.024959352865618695,llama31_instruct
1.0,0.2514089875885484,llama31_instruct
1.0,0.13085678625844924,llama31_instruct
1.0,0.19477491576815142,llama31_instruct
1.0,0.06490679677300062,llama31_instruct
1.0,0.2811006974931988,llama31_instruct
1.0,0.22679519977405627,llama31_instruct
1.0,0.024959352865618695,llama31_instruct
1.0,0.2514089875885484,llama31_instruct
1.0,0.13085678625844924,llama31_instruct
1.0,0.19477491576815142,llama31_instruct
1.0,0.06490679677300062,llama31_instruct
1.0,0.2811006974931988,llama31_instruct
1.0,0.22679519977405627,llama31_instruct
1.0,0.024959352865618695,llama31_instruct
1.0,0.2514089875885484,llama31_instruct
1.0,0.13085678625844924,llama31_instruct
1.0,0.19477491576815142,llama31_instruct
1.0,0.06490679677300062,llama31_instruct
1.0,0.2811006974931988,llama31_instruct
1.0,0.22679519977405627,llama31_instruct
1.0,0.024959352865618695,llama31_instruct
1.0,0.24089626393624655,llama31_instruct
1.0,0.16626447535209427,llama31_instruct
1.0,0.18727750687553113,llama31_instruct
1.0,0.06790410191819145,llama31_instruct
1.0,0.26908962603850606,llama31_instruct
1.0,0.2227146750706726,llama31_instruct
1.0,0.011579401085597473,llama31_instruct
1.0,0.24089626393624655,llama31_instruct
1.0,0.16626447535209427,llama31_instruct
1.0,0.18727750687553113,llama31_instruct
1.0,0.06790410191819145,llama31_instruct
1.0,0.26908962603850606,llama31_instruct
1.0,0.2227146750706726,llama31_instruct
1.0,0.011579401085597473,llama31_instruct
1.0,0.24089626393624655,llama31_instruct
1.0,0.16626447535209427,llama31_instruct
1.0,0.18727750687553113,llama31_instruct
1.0,0.06790410191819145,llama31_instruct
1.0,0.26908962603850606,llama31_instruct
1.0,0.2227146750706726,llama31_instruct
1.0,0.011579401085597473,llama31_instruct
1.0,0.24089626393624655,llama31_instruct
1.0,0.16626447535209427,llama31_instruct
1.0,0.18727750687553113,llama31_instruct
1.0,0.06790410191819145,llama31_instruct
1.0,0.26908962603850606,llama31_instruct
1.0,0.2227146750706726,llama31_instruct
1.0,0.011579401085597473,llama31_instruct
1.0,0.26616045354626233,llama31_instruct
1.0,0.14366914630619498,llama31_instruct
1.0,0.12143331914717877,llama31_instruct
1.0,-0.07306215980430797,llama31_instruct
1.0,0.28691762866189674,llama31_instruct
1.0,0.361231470575099,llama31_instruct
1.0,0.13596693716796943,llama31_instruct
1.0,0.26616045354626233,llama31_instruct
1.0,0.14366914630619498,llama31_instruct
1.0,0.12143331914717877,llama31_instruct
1.0,-0.07306215980430797,llama31_instruct
1.0,0.28691762866189674,llama31_instruct
1.0,0.361231470575099,llama31_instruct
1.0,0.13596693716796943,llama31_instruct
1.0,0.26616045354626233,llama31_instruct
1.0,0.14366914630619498,llama31_instruct
1.0,0.12143331914717877,llama31_instruct
1.0,-0.07306215980430797,llama31_instruct
1.0,0.28691762866189674,llama31_instruct
1.0,0.361231470575099,llama31_instruct
1.0,0.13596693716796943,llama31_instruct
1.0,0.26616045354626233,llama31_instruct
1.0,0.14366914630619498,llama31_instruct
1.0,0.12143331914717877,llama31_instruct
1.0,-0.07306215980430797,llama31_instruct
1.0,0.28691762866189674,llama31_instruct
1.0,0.361231470575099,llama31_instruct
1.0,0.13596693716796943,llama31_instruct
1.0,0.24220544063803068,llama31_instruct
1.0,0.242041923291202,llama31_instruct
1.0,0.2341034578065917,llama31_instruct
1.0,0.011969447239502766,llama31_instruct
1.0,0.2569408007938945,llama31_instruct
1.0,0.32715878615538707,llama31_instruct
1.0,0.04939016385609392,llama31_instruct
1.0,0.24220544063803068,llama31_instruct
1.0,0.242041923291202,llama31_instruct
1.0,0.2341034578065917,llama31_instruct
1.0,0.011969447239502766,llama31_instruct
1.0,0.2569408007938945,llama31_instruct
1.0,0.32715878615538707,llama31_instruct
1.0,0.04939016385609392,llama31_instruct
1.0,0.24220544063803068,llama31_instruct
1.0,0.242041923291202,llama31_instruct
1.0,0.2341034578065917,llama31_instruct
1.0,0.011969447239502766,llama31_instruct
1.0,0.2569408007938945,llama31_instruct
1.0,0.32715878615538707,llama31_instruct
1.0,0.04939016385609392,llama31_instruct
1.0,0.24220544063803068,llama31_instruct
1.0,0.242041923291202,llama31_instruct
1.0,0.2341034578065917,llama31_instruct
1.0,0.011969447239502766,llama31_instruct
1.0,0.2569408007938945,llama31_instruct
1.0,0.32715878615538707,llama31_instruct
1.0,0.04939016385609392,llama31_instruct
1.0,0.35768440505091503,llama31_instruct
1.0,0.2843572203567182,llama31_instruct
1.0,0.2379823493947384,llama31_instruct
1.0,0.13966410125045972,llama31_instruct
1.0,0.3712124420319379,llama31_instruct
1.0,0.4619763641725652,llama31_instruct
1.0,0.23664050025954464,llama31_instruct
1.0,0.35768440505091503,llama31_instruct
1.0,0.2843572203567182,llama31_instruct
1.0,0.2379823493947384,llama31_instruct
1.0,0.13966410125045972,llama31_instruct
1.0,0.3712124420319379,llama31_instruct
1.0,0.4619763641725652,llama31_instruct
1.0,0.23664050025954464,llama31_instruct
1.0,0.35768440505091503,llama31_instruct
1.0,0.2843572203567182,llama31_instruct
1.0,0.2379823493947384,llama31_instruct
1.0,0.13966410125045972,llama31_instruct
1.0,0.3712124420319379,llama31_instruct
1.0,0.4619763641725652,llama31_instruct
1.0,0.23664050025954464,llama31_instruct
1.0,0.35768440505091503,llama31_instruct
1.0,0.2843572203567182,llama31_instruct
1.0,0.2379823493947384,llama31_instruct
1.0,0.13966410125045972,llama31_instruct
1.0,0.3712124420319379,llama31_instruct
1.0,0.4619763641725652,llama31_instruct
1.0,0.23664050025954464,llama31_instruct
1.0,0.2625913687849374,llama31_instruct
1.0,0.16506014976608813,llama31_instruct
1.0,0.20360787672408137,llama31_instruct
1.0,0.09002118630959506,llama31_instruct
1.0,0.2907847308871973,llama31_instruct
1.0,0.2444097799193638,llama31_instruct
1.0,0.040124092616147945,llama31_instruct
1.0,0.2625913687849374,llama31_instruct
1.0,0.16506014976608813,llama31_instruct
1.0,0.20360787672408137,llama31_instruct
1.0,0.09002118630959506,llama31_instruct
1.0,0.2907847308871973,llama31_instruct
1.0,0.2444097799193638,llama31_instruct
1.0,0.040124092616147945,llama31_instruct
1.0,0.2625913687849374,llama31_instruct
1.0,0.16506014976608813,llama31_instruct
1.0,0.20360787672408137,llama31_instruct
1.0,0.09002118630959506,llama31_instruct
1.0,0.2907847308871973,llama31_instruct
1.0,0.2444097799193638,llama31_instruct
1.0,0.040124092616147945,llama31_instruct
1.0,0.2625913687849374,llama31_instruct
1.0,0.16506014976608813,llama31_instruct
1.0,0.20360787672408137,llama31_instruct
1.0,0.09002118630959506,llama31_instruct
1.0,0.2907847308871973,llama31_instruct
1.0,0.2444097799193638,llama31_instruct
1.0,0.040124092616147945,llama31_instruct
1.0,0.20823158163820046,llama31_instruct
1.0,0.17709193260903136,llama31_instruct
1.0,0.23109396679610536,llama31_instruct
1.0,0.00871425019164319,llama31_instruct
1.0,0.22626634543790264,llama31_instruct
1.0,0.2866884381541782,llama31_instruct
1.0,0.057126161948166346,llama31_instruct
1.0,0.20823158163820046,llama31_instruct
1.0,0.17709193260903136,llama31_instruct
1.0,0.23109396679610536,llama31_instruct
1.0,0.00871425019164319,llama31_instruct
1.0,0.22626634543790264,llama31_instruct
1.0,0.2866884381541782,llama31_instruct
1.0,0.057126161948166346,llama31_instruct
1.0,0.20823158163820046,llama31_instruct
1.0,0.17709193260903136,llama31_instruct
1.0,0.23109396679610536,llama31_instruct
1.0,0.00871425019164319,llama31_instruct
1.0,0.22626634543790264,llama31_instruct
1.0,0.2866884381541782,llama31_instruct
1.0,0.057126161948166346,llama31_instruct
1.0,0.20823158163820046,llama31_instruct
1.0,0.17709193260903136,llama31_instruct
1.0,0.23109396679610536,llama31_instruct
1.0,0.00871425019164319,llama31_instruct
1.0,0.22626634543790264,llama31_instruct
1.0,0.2866884381541782,llama31_instruct
1.0,0.057126161948166346,llama31_instruct
1.0,0.23799198050861126,llama31_instruct
1.0,0.11550067326854413,llama31_instruct
1.0,0.13824337843613915,llama31_instruct
1.0,-0.031499649995393494,llama31_instruct
1.0,0.25874915562424566,llama31_instruct
1.0,0.3335908568330682,llama31_instruct
1.0,0.10779846413031868,llama31_instruct
1.0,0.23799198050861126,llama31_instruct
1.0,0.11550067326854413,llama31_instruct
1.0,0.13824337843613915,llama31_instruct
1.0,-0.031499649995393494,llama31_instruct
1.0,0.25874915562424566,llama31_instruct
1.0,0.3335908568330682,llama31_instruct
1.0,0.10779846413031868,llama31_instruct
1.0,0.23799198050861126,llama31_instruct
1.0,0.11550067326854413,llama31_instruct
1.0,0.13824337843613915,llama31_instruct
1.0,-0.031499649995393494,llama31_instruct
1.0,0.25874915562424566,llama31_instruct
1.0,0.3335908568330682,llama31_instruct
1.0,0.10779846413031868,llama31_instruct
1.0,0.23799198050861126,llama31_instruct
1.0,0.11550067326854413,llama31_instruct
1.0,0.13824337843613915,llama31_instruct
1.0,-0.031499649995393494,llama31_instruct
1.0,0.25874915562424566,llama31_instruct
1.0,0.3335908568330682,llama31_instruct
1.0,0.10779846413031868,llama31_instruct
1.0,0.32155143781683326,llama31_instruct
1.0,0.2456517232368801,llama31_instruct
1.0,0.20977575084895628,llama31_instruct
1.0,0.10294550460223222,llama31_instruct
1.0,0.33544332823664663,llama31_instruct
1.0,0.4435600459848996,llama31_instruct
1.0,0.1988117233616599,llama31_instruct
1.0,0.32155143781683326,llama31_instruct
1.0,0.2456517232368801,llama31_instruct
1.0,0.20977575084895628,llama31_instruct
1.0,0.10294550460223222,llama31_instruct
1.0,0.33544332823664663,llama31_instruct
1.0,0.4435600459848996,llama31_instruct
1.0,0.1988117233616599,llama31_instruct
1.0,0.32155143781683326,llama31_instruct
1.0,0.2456517232368801,llama31_instruct
1.0,0.20977575084895628,llama31_instruct
1.0,0.10294550460223222,llama31_instruct
1.0,0.33544332823664663,llama31_instruct
1.0,0.4435600459848996,llama31_instruct
1.0,0.1988117233616599,llama31_instruct
1.0,0.32155143781683326,llama31_instruct
1.0,0.2456517232368801,llama31_instruct
1.0,0.20977575084895628,llama31_instruct
1.0,0.10294550460223222,llama31_instruct
1.0,0.33544332823664663,llama31_instruct
1.0,0.4435600459848996,llama31_instruct
1.0,0.1988117233616599,llama31_instruct
0.0,-1.2342168407663963,llama31_instruct
0.0,-0.9027298071808414,llama31_instruct
0.0,-0.9934909295753093,llama31_instruct
0.0,-0.7098174652844095,llama31_instruct
0.0,-1.2440577448938863,llama31_instruct
0.0,-1.5470565998155934,llama31_instruct
0.0,-1.5264428828853407,llama31_instruct
0.0,-1.2342168407663963,llama31_instruct
0.0,-0.9027298071808414,llama31_instruct
0.0,-0.9934909295753093,llama31_instruct
0.0,-0.7098174652844095,llama31_instruct
0.0,-1.2440577448938863,llama31_instruct
0.0,-1.5470565998155934,llama31_instruct
0.0,-1.5264428828853407,llama31_instruct
0.0,-1.2342168407663963,llama31_instruct
0.0,-0.9027298071808414,llama31_instruct
0.0,-0.9934909295753093,llama31_instruct
0.0,-0.7098174652844095,llama31_instruct
0.0,-1.2440577448938863,llama31_instruct
0.0,-1.5470565998155934,llama31_instruct
0.0,-1.5264428828853407,llama31_instruct
0.0,-1.2342168407663963,llama31_instruct
0.0,-0.9027298071808414,llama31_instruct
0.0,-0.9934909295753093,llama31_instruct
0.0,-0.7098174652844095,llama31_instruct
0.0,-1.2440577448938863,llama31_instruct
0.0,-1.5470565998155934,llama31_instruct
0.0,-1.5264428828853407,llama31_instruct
-0.0,-1.011391436940057,llama31_instruct
-0.0,-0.6548622058659308,llama31_instruct
-0.0,-0.6752343502435879,llama31_instruct
-0.0,-0.30774582885030655,llama31_instruct
-0.0,-1.009883870908567,llama31_instruct
-0.0,-1.3107103706567966,llama31_instruct
-0.0,-1.2397242462467104,llama31_instruct
-0.0,-1.011391436940057,llama31_instruct
-0.0,-0.6548622058659308,llama31_instruct
-0.0,-0.6752343502435879,llama31_instruct
-0.0,-0.30774582885030655,llama31_instruct
-0.0,-1.009883870908567,llama31_instruct
-0.0,-1.3107103706567966,llama31_instruct
-0.0,-1.2397242462467104,llama31_instruct
-0.0,-1.011391436940057,llama31_instruct
-0.0,-0.6548622058659308,llama31_instruct
-0.0,-0.6752343502435879,llama31_instruct
-0.0,-0.30774582885030655,llama31_instruct
-0.0,-1.009883870908567,llama31_instruct
-0.0,-1.3107103706567966,llama31_instruct
-0.0,-1.2397242462467104,llama31_instruct
-0.0,-1.011391436940057,llama31_instruct
-0.0,-0.6548622058659308,llama31_instruct
-0.0,-0.6752343502435879,llama31_instruct
-0.0,-0.30774582885030655,llama31_instruct
-0.0,-1.009883870908567,llama31_instruct
-0.0,-1.3107103706567966,llama31_instruct
-0.0,-1.2397242462467104,llama31_instruct
-0.0,-1.1478558389314366,llama31_instruct
-0.0,-0.7406590316279373,llama31_instruct
-0.0,-0.8644916797611879,llama31_instruct
-0.0,-0.5215614892724363,llama31_instruct
-0.0,-1.1667219536444131,llama31_instruct
-0.0,-1.579768366033731,llama31_instruct
-0.0,-1.47477259437969,llama31_instruct
-0.0,-1.1478558389314366,llama31_instruct
-0.0,-0.7406590316279373,llama31_instruct
-0.0,-0.8644916797611879,llama31_instruct
-0.0,-0.5215614892724363,llama31_instruct
-0.0,-1.1667219536444131,llama31_instruct
-0.0,-1.579768366033731,llama31_instruct
-0.0,-1.47477259437969,llama31_instruct
-0.0,-1.1478558389314366,llama31_instruct
-0.0,-0.7406590316279373,llama31_instruct
-0.0,-0.8644916797611879,llama31_instruct
-0.0,-0.5215614892724363,llama31_instruct
-0.0,-1.1667219536444131,llama31_instruct
-0.0,-1.579768366033731,llama31_instruct
-0.0,-1.47477259437969,llama31_instruct
-0.0,-1.1478558389314366,llama31_instruct
-0.0,-0.7406590316279373,llama31_instruct
-0.0,-0.8644916797611879,llama31_instruct
-0.0,-0.5215614892724363,llama31_instruct
-0.0,-1.1667219536444131,llama31_instruct
-0.0,-1.579768366033731,llama31_instruct
-0.0,-1.47477259437969,llama31_instruct
-0.0,-1.0034100999786346,llama31_instruct
-0.0,-0.6276284947646391,llama31_instruct
-0.0,-0.635652866867988,llama31_instruct
-0.0,-0.1961950536366934,llama31_instruct
-0.0,-1.0066880245921157,llama31_instruct
-0.0,-1.3443149449410199,llama31_instruct
-0.0,-1.2295482634752337,llama31_instruct
-0.0,-1.0034100999786346,llama31_instruct
-0.0,-0.6276284947646391,llama31_instruct
-0.0,-0.635652866867988,llama31_instruct
-0.0,-0.1961950536366934,llama31_instruct
-0.0,-1.0066880245921157,llama31_instruct
-0.0,-1.3443149449410199,llama31_instruct
-0.0,-1.2295482634752337,llama31_instruct
-0.0,-1.0034100999786346,llama31_instruct
-0.0,-0.6276284947646391,llama31_instruct
-0.0,-0.635652866867988,llama31_instruct
-0.0,-0.1961950536366934,llama31_instruct
-0.0,-1.0066880245921157,llama31_instruct
-0.0,-1.3443149449410199,llama31_instruct
-0.0,-1.2295482634752337,llama31_instruct
-0.0,-1.0034100999786346,llama31_instruct
-0.0,-0.6276284947646391,llama31_instruct
-0.0,-0.635652866867988,llama31_instruct
-0.0,-0.1961950536366934,llama31_instruct
-0.0,-1.0066880245921157,llama31_instruct
-0.0,-1.3443149449410199,llama31_instruct
-0.0,-1.2295482634752337,llama31_instruct
0.0,-1.1222475303242705,llama31_instruct
0.0,-0.7552416602384098,llama31_instruct
0.0,-0.825519909132327,llama31_instruct
0.0,-0.6282775688076533,llama31_instruct
0.0,-1.1258830849138077,llama31_instruct
0.0,-1.3597087644759753,llama31_instruct
0.0,-1.3483856938208731,llama31_instruct
0.0,-1.1222475303242705,llama31_instruct
0.0,-0.7552416602384098,llama31_instruct
0.0,-0.825519909132327,llama31_instruct
0.0,-0.6282775688076533,llama31_instruct
0.0,-1.1258830849138077,llama31_instruct
0.0,-1.3597087644759753,llama31_instruct
0.0,-1.3483856938208731,llama31_instruct
0.0,-1.1222475303242705,llama31_instruct
0.0,-0.7552416602384098,llama31_instruct
0.0,-0.825519909132327,llama31_instruct
0.0,-0.6282775688076533,llama31_instruct
0.0,-1.1258830849138077,llama31_instruct
0.0,-1.3597087644759753,llama31_instruct
0.0,-1.3483856938208731,llama31_instruct
0.0,-1.1222475303242705,llama31_instruct
0.0,-0.7552416602384098,llama31_instruct
0.0,-0.825519909132327,llama31_instruct
0.0,-0.6282775688076533,llama31_instruct
0.0,-1.1258830849138077,llama31_instruct
0.0,-1.3597087644759753,llama31_instruct
0.0,-1.3483856938208731,llama31_instruct
-0.0,-1.0525029428656603,llama31_instruct
-0.0,-0.7480750865819545,llama31_instruct
-0.0,-0.7535266700750842,llama31_instruct
-0.0,-0.36416125386076725,llama31_instruct
-0.0,-1.0665829757214362,llama31_instruct
-0.0,-1.2707051923315593,llama31_instruct
-0.0,-1.37543101131963,llama31_instruct
-0.0,-1.0525029428656603,llama31_instruct
-0.0,-0.7480750865819545,llama31_instruct
-0.0,-0.7535266700750842,llama31_instruct
-0.0,-0.36416125386076725,llama31_instruct
-0.0,-1.0665829757214362,llama31_instruct
-0.0,-1.2707051923315593,llama31_instruct
-0.0,-1.37543101131963,llama31_instruct
-0.0,-1.0525029428656603,llama31_instruct
-0.0,-0.7480750865819545,llama31_instruct
-0.0,-0.7535266700750842,llama31_instruct
-0.0,-0.36416125386076725,llama31_instruct
-0.0,-1.0665829757214362,llama31_instruct
-0.0,-1.2707051923315593,llama31_instruct
-0.0,-1.37543101131963,llama31_instruct
-0.0,-1.0525029428656603,llama31_instruct
-0.0,-0.7480750865819545,llama31_instruct
-0.0,-0.7535266700750842,llama31_instruct
-0.0,-0.36416125386076725,llama31_instruct
-0.0,-1.0665829757214362,llama31_instruct
-0.0,-1.2707051923315593,llama31_instruct
-0.0,-1.37543101131963,llama31_instruct
0.0,-1.0736336821604908,llama31_instruct
0.0,-0.7635930940672623,llama31_instruct
0.0,-0.7960762393587171,llama31_instruct
0.0,-0.5621139516032604,llama31_instruct
0.0,-1.072489969567791,llama31_instruct
0.0,-1.3568506641878508,llama31_instruct
0.0,-1.2925023196254235,llama31_instruct
0.0,-1.0736336821604908,llama31_instruct
0.0,-0.7635930940672623,llama31_instruct
0.0,-0.7960762393587171,llama31_instruct
0.0,-0.5621139516032604,llama31_instruct
0.0,-1.072489969567791,llama31_instruct
0.0,-1.3568506641878508,llama31_instruct
0.0,-1.2925023196254235,llama31_instruct
0.0,-1.0736336821604908,llama31_instruct
0.0,-0.7635930940672623,llama31_instruct
0.0,-0.7960762393587171,llama31_instruct
0.0,-0.5621139516032604,llama31_instruct
0.0,-1.072489969567791,llama31_instruct
0.0,-1.3568506641878508,llama31_instruct
0.0,-1.2925023196254235,llama31_instruct
0.0,-1.0736336821604908,llama31_instruct
0.0,-0.7635930940672623,llama31_instruct
0.0,-0.7960762393587171,llama31_instruct
0.0,-0.5621139516032604,llama31_instruct
0.0,-1.072489969567791,llama31_instruct
0.0,-1.3568506641878508,llama31_instruct
0.0,-1.2925023196254235,llama31_instruct
-0.0,-1.1435703228612444,llama31_instruct
-0.0,-0.7213823952907831,llama31_instruct
-0.0,-0.8273531839886451,llama31_instruct
-0.0,-0.4329888492237579,llama31_instruct
-0.0,-1.1517577237183534,llama31_instruct
-0.0,-1.5578079501787028,llama31_instruct
-0.0,-1.4364568577325993,llama31_instruct
-0.0,-1.1435703228612444,llama31_instruct
-0.0,-0.7213823952907831,llama31_instruct
-0.0,-0.8273531839886451,llama31_instruct
-0.0,-0.4329888492237579,llama31_instruct
-0.0,-1.1517577237183534,llama31_instruct
-0.0,-1.5578079501787028,llama31_instruct
-0.0,-1.4364568577325993,llama31_instruct
-0.0,-1.1435703228612444,llama31_instruct
-0.0,-0.7213823952907831,llama31_instruct
-0.0,-0.8273531839886451,llama31_instruct
-0.0,-0.4329888492237579,llama31_instruct
-0.0,-1.1517577237183534,llama31_instruct
-0.0,-1.5578079501787028,llama31_instruct
-0.0,-1.4364568577325993,llama31_instruct
-0.0,-1.1435703228612444,llama31_instruct
-0.0,-0.7213823952907831,llama31_instruct
-0.0,-0.8273531839886451,llama31_instruct
-0.0,-0.4329888492237579,llama31_instruct
-0.0,-1.1517577237183534,llama31_instruct
-0.0,-1.5578079501787028,llama31_instruct
-0.0,-1.4364568577325993,llama31_instruct
0.0,-1.1703772350164847,llama31_instruct
0.0,-0.8234116932470226,llama31_instruct
0.0,-0.8893624960866938,llama31_instruct
0.0,-0.6450228500875897,llama31_instruct
0.0,-1.1900711271033344,llama31_instruct
0.0,-1.5817938158585059,llama31_instruct
0.0,-1.4883303217565576,llama31_instruct
0.0,-1.1703772350164847,llama31_instruct
0.0,-0.8234116932470226,llama31_instruct
0.0,-0.8893624960866938,llama31_instruct
0.0,-0.6450228500875897,llama31_instruct
0.0,-1.1900711271033344,llama31_instruct
0.0,-1.5817938158585059,llama31_instruct
0.0,-1.4883303217565576,llama31_instruct
0.0,-1.1703772350164847,llama31_instruct
0.0,-0.8234116932470226,llama31_instruct
0.0,-0.8893624960866938,llama31_instruct
0.0,-0.6450228500875897,llama31_instruct
0.0,-1.1900711271033344,llama31_instruct
0.0,-1.5817938158585059,llama31_instruct
0.0,-1.4883303217565576,llama31_instruct
0.0,-1.1703772350164847,llama31_instruct
0.0,-0.8234116932470226,llama31_instruct
0.0,-0.8893624960866938,llama31_instruct
0.0,-0.6450228500875897,llama31_instruct
0.0,-1.1900711271033344,llama31_instruct
0.0,-1.5817938158585059,llama31_instruct
0.0,-1.4883303217565576,llama31_instruct
0.0,-1.1139309639364836,llama31_instruct
0.0,-0.7513848528052031,llama31_instruct
0.0,-0.8172033427445393,llama31_instruct
0.0,-0.5572930930369486,llama31_instruct
0.0,-1.1179198149300313,llama31_instruct
0.0,-1.3808257539735331,llama31_instruct
0.0,-1.3400691274330845,llama31_instruct
0.0,-1.1139309639364836,llama31_instruct
0.0,-0.7513848528052031,llama31_instruct
0.0,-0.8172033427445393,llama31_instruct
0.0,-0.5572930930369486,llama31_instruct
0.0,-1.1179198149300313,llama31_instruct
0.0,-1.3808257539735331,llama31_instruct
0.0,-1.3400691274330845,llama31_instruct
0.0,-1.1139309639364836,llama31_instruct
0.0,-0.7513848528052031,llama31_instruct
0.0,-0.8172033427445393,llama31_instruct
0.0,-0.5572930930369486,llama31_instruct
0.0,-1.1179198149300313,llama31_instruct
0.0,-1.3808257539735331,llama31_instruct
0.0,-1.3400691274330845,llama31_instruct
0.0,-1.1139309639364836,llama31_instruct
0.0,-0.7513848528052031,llama31_instruct
0.0,-0.8172033427445393,llama31_instruct
0.0,-0.5572930930369486,llama31_instruct
0.0,-1.1179198149300313,llama31_instruct
0.0,-1.3808257539735331,llama31_instruct
0.0,-1.3400691274330845,llama31_instruct
-0.0,-1.0423505104410364,llama31_instruct
-0.0,-0.7524213679410763,llama31_instruct
-0.0,-0.7433742376504606,llama31_instruct
-0.0,-0.36557483747051683,llama31_instruct
-0.0,-1.0564305432968113,llama31_instruct
-0.0,-1.3418164787628215,llama31_instruct
-0.0,-1.3652785788950061,llama31_instruct
-0.0,-1.0423505104410364,llama31_instruct
-0.0,-0.7524213679410763,llama31_instruct
-0.0,-0.7433742376504606,llama31_instruct
-0.0,-0.36557483747051683,llama31_instruct
-0.0,-1.0564305432968113,llama31_instruct
-0.0,-1.3418164787628215,llama31_instruct
-0.0,-1.3652785788950061,llama31_instruct
-0.0,-1.0423505104410364,llama31_instruct
-0.0,-0.7524213679410763,llama31_instruct
-0.0,-0.7433742376504606,llama31_instruct
-0.0,-0.36557483747051683,llama31_instruct
-0.0,-1.0564305432968113,llama31_instruct
-0.0,-1.3418164787628215,llama31_instruct
-0.0,-1.3652785788950061,llama31_instruct
-0.0,-1.0423505104410364,llama31_instruct
-0.0,-0.7524213679410763,llama31_instruct
-0.0,-0.7433742376504606,llama31_instruct
-0.0,-0.36557483747051683,llama31_instruct
-0.0,-1.0564305432968113,llama31_instruct
-0.0,-1.3418164787628215,llama31_instruct
-0.0,-1.3652785788950061,llama31_instruct
0.0,-1.1627637981311314,llama31_instruct
0.0,-0.8012962988373525,llama31_instruct
0.0,-0.8660361769391882,llama31_instruct
0.0,-0.649848631444669,llama31_instruct
0.0,-1.1660417227446123,llama31_instruct
0.0,-1.4168646562260805,llama31_instruct
0.0,-1.388901961627734,llama31_instruct
0.0,-1.1627637981311314,llama31_instruct
0.0,-0.8012962988373525,llama31_instruct
0.0,-0.8660361769391882,llama31_instruct
0.0,-0.649848631444669,llama31_instruct
0.0,-1.1660417227446123,llama31_instruct
0.0,-1.4168646562260805,llama31_instruct
0.0,-1.388901961627734,llama31_instruct
0.0,-1.1627637981311314,llama31_instruct
0.0,-0.8012962988373525,llama31_instruct
0.0,-0.8660361769391882,llama31_instruct
0.0,-0.649848631444669,llama31_instruct
0.0,-1.1660417227446123,llama31_instruct
0.0,-1.4168646562260805,llama31_instruct
0.0,-1.388901961627734,llama31_instruct
0.0,-1.1627637981311314,llama31_instruct
0.0,-0.8012962988373525,llama31_instruct
0.0,-0.8660361769391882,llama31_instruct
0.0,-0.649848631444669,llama31_instruct
0.0,-1.1660417227446123,llama31_instruct
0.0,-1.4168646562260805,llama31_instruct
0.0,-1.388901961627734,llama31_instruct
0.0,-1.5302496279455784,gptoss
0.0,-1.356023022378304,gptoss
0.0,-1.3949072314017181,gptoss
0.0,-0.7926721174658382,gptoss
0.0,-1.5441666198526998,gptoss
0.0,-1.7774642170527761,gptoss
0.0,-1.8369716938315677,gptoss
0.0,-1.5302496279455784,gptoss
0.0,-1.356023022378304,gptoss
0.0,-1.3949072314017181,gptoss
0.0,-0.7926721174658382,gptoss
0.0,-1.5441666198526998,gptoss
0.0,-1.7774642170527761,gptoss
0.0,-1.8369716938315677,gptoss
0.0,-1.5302496279455784,gptoss
0.0,-1.356023022378304,gptoss
0.0,-1.3949072314017181,gptoss
0.0,-0.7926721174658382,gptoss
0.0,-1.5441666198526998,gptoss
0.0,-1.7774642170527761,gptoss
0.0,-1.8369716938315677,gptoss
0.0,-1.5302496279455784,gptoss
0.0,-1.356023022378304,gptoss
0.0,-1.3949072314017181,gptoss
0.0,-0.7926721174658382,gptoss
0.0,-1.5441666198526998,gptoss
0.0,-1.7774642170527761,gptoss
0.0,-1.8369716938315677,gptoss
-0.0,-1.2858753525179034,gptoss
-0.0,-1.0101491103516496,gptoss
-0.0,-1.0588517402700266,gptoss
-0.0,-0.3292190446194952,gptoss
-0.0,-1.2956614511644187,gptoss
-0.0,-1.698269430490391,gptoss
-0.0,-1.5678355131901662,gptoss
-0.0,-1.2858753525179034,gptoss
-0.0,-1.0101491103516496,gptoss
-0.0,-1.0588517402700266,gptoss
-0.0,-0.3292190446194952,gptoss
-0.0,-1.2956614511644187,gptoss
-0.0,-1.698269430490391,gptoss
-0.0,-1.5678355131901662,gptoss
-0.0,-1.2858753525179034,gptoss
-0.0,-1.0101491103516496,gptoss
-0.0,-1.0588517402700266,gptoss
-0.0,-0.3292190446194952,gptoss
-0.0,-1.2956614511644187,gptoss
-0.0,-1.5678355131901662,gptoss
-0.0,-1.2858753525179034,gptoss
-0.0,-1.0101491103516496,gptoss
-0.0,-1.0588517402700266,gptoss
-0.0,-0.3292190446194952,gptoss
-0.0,-1.2956614511644187,gptoss
-0.0,-1.698269430490391,gptoss
-0.0,-1.5678355131901662,gptoss
-0.0,-1.130876349171639,gptoss
-0.0,-0.9265764094886193,gptoss
-0.0,-0.965704569090762,gptoss
-0.0,-0.2014620378815459,gptoss
-0.0,-1.1234454020746008,gptoss
-0.0,-1.3942689617676363,gptoss
-0.0,-1.3524946705906504,gptoss
-0.0,-1.130876349171639,gptoss
-0.0,-0.9265764094886193,gptoss
-0.0,-0.965704569090762,gptoss
-0.0,-0.2014620378815459,gptoss
-0.0,-1.1234454020746008,gptoss
-0.0,-1.3942689617676363,gptoss
-0.0,-1.3524946705906504,gptoss
-0.0,-1.130876349171639,gptoss
-0.0,-0.9265764094886193,gptoss
-0.0,-0.965704569090762,gptoss
-0.0,-0.2014620378815459,gptoss
-0.0,-1.1234454020746008,gptoss
-0.0,-1.3942689617676363,gptoss
-0.0,-1.3524946705906504,gptoss
-0.0,-1.130876349171639,gptoss
-0.0,-0.9265764094886193,gptoss
-0.0,-0.965704569090762,gptoss
-0.0,-0.2014620378815459,gptoss
-0.0,-1.1234454020746008,gptoss
-0.0,-1.3942689617676363,gptoss
-0.0,-1.3524946705906504,gptoss
-0.0,-1.2809240895351588,gptoss
-0.0,-1.0574860153242853,gptoss
-0.0,-1.068572258945451,gptoss
-0.0,-0.3283861349056071,gptoss
-0.0,-1.290710188181674,gptoss
-0.0,-1.6887001925535203,gptoss
-0.0,-1.562884250207422,gptoss
-0.0,-1.2809240895351588,gptoss
-0.0,-1.0574860153242853,gptoss
-0.0,-1.068572258945451,gptoss
-0.0,-0.3283861349056071,gptoss
-0.0,-1.290710188181674,gptoss
-0.0,-1.6887001925535203,gptoss
-0.0,-1.562884250207422,gptoss
-0.0,-1.2809240895351588,gptoss
-0.0,-1.0574860153242853,gptoss
-0.0,-1.068572258945451,gptoss
-0.0,-0.3283861349056071,gptoss
-0.0,-1.290710188181674,gptoss
-0.0,-1.6887001925535203,gptoss
-0.0,-1.562884250207422,gptoss
-0.0,-1.2809240895351588,gptoss
-0.0,-1.0574860153242853,gptoss
-0.0,-1.068572258945451,gptoss
-0.0,-0.3283861349056071,gptoss
-0.0,-1.290710188181674,gptoss
-0.0,-1.6887001925535203,gptoss
-0.0,-1.562884250207422,gptoss
0.0,-1.5359566960474236,gptoss
0.0,-1.3880964182516553,gptoss
0.0,-1.3364017876864454,gptoss
0.0,-0.7336694827890226,gptoss
0.0,-1.551883604301632,gptoss
0.0,-1.8648229740806694,gptoss
0.0,-1.8431167920624707,gptoss
0.0,-1.5359566960474236,gptoss
0.0,-1.3880964182516553,gptoss
0.0,-1.3364017876864454,gptoss
0.0,-0.7336694827890226,gptoss
0.0,-1.551883604301632,gptoss
0.0,-1.8648229740806694,gptoss
0.0,-1.8431167920624707,gptoss
0.0,-1.5359566960474236,gptoss
0.0,-1.3880964182516553,gptoss
0.0,-1.3364017876864454,gptoss
0.0,-0.7336694827890226,gptoss
0.0,-1.551883604301632,gptoss
0.0,-1.8648229740806694,gptoss
0.0,-1.8431167920624707,gptoss
0.0,-1.5359566960474236,gptoss
0.0,-1.3880964182516553,gptoss
0.0,-1.3364017876864454,gptoss
0.0,-0.7336694827890226,gptoss
0.0,-1.551883604301632,gptoss
0.0,-1.8648229740806694,gptoss
0.0,-1.8431167920624707,gptoss
-0.0,-1.1994804709424702,gptoss
-0.0,-1.0252538653751937,gptoss
-0.0,-1.014708247201634,gptoss
-0.0,-0.26756421818760995,gptoss
-0.0,-1.2133974628495923,gptoss
-0.0,-1.46439435080219,gptoss
-0.0,-1.50620253682846,gptoss
-0.0,-1.1994804709424702,gptoss
-0.0,-1.0252538653751937,gptoss
-0.0,-1.014708247201634,gptoss
-0.0,-0.26756421818760995,gptoss
-0.0,-1.2133974628495923,gptoss
-0.0,-1.46439435080219,gptoss
-0.0,-1.50620253682846,gptoss
-0.0,-1.1994804709424702,gptoss
-0.0,-1.0252538653751937,gptoss
-0.0,-1.014708247201634,gptoss
-0.0,-0.26756421818760995,gptoss
-0.0,-1.2133974628495923,gptoss
-0.0,-1.46439435080219,gptoss
-0.0,-1.50620253682846,gptoss
-0.0,-1.1994804709424702,gptoss
-0.0,-1.0252538653751937,gptoss
-0.0,-1.014708247201634,gptoss
-0.0,-0.26756421818760995,gptoss
-0.0,-1.2133974628495923,gptoss
-0.0,-1.46439435080219,gptoss
-0.0,-1.50620253682846,gptoss
0.0,-1.4078445182239012,gptoss
0.0,-1.2392780088300794,gptoss
0.0,-1.2690179728202895,gptoss
0.0,-0.6699704550521864,gptoss
0.0,-1.4007774245656532,gptoss
0.0,-1.661523190916958,gptoss
0.0,-1.6199986678011933,gptoss
0.0,-1.4078445182239012,gptoss
0.0,-1.2392780088300794,gptoss
0.0,-1.2690179728202895,gptoss
0.0,-0.6699704550521864,gptoss
0.0,-1.4007774245656532,gptoss
0.0,-1.661523190916958,gptoss
0.0,-1.6199986678011933,gptoss
0.0,-1.4078445182239012,gptoss
0.0,-1.2392780088300794,gptoss
0.0,-1.2690179728202895,gptoss
0.0,-0.6699704550521864,gptoss
0.0,-1.4007774245656532,gptoss
0.0,-1.661523190916958,gptoss
0.0,-1.6199986678011933,gptoss
0.0,-1.4078445182239012,gptoss
0.0,-1.2392780088300794,gptoss
0.0,-1.2690179728202895,gptoss
0.0,-0.6699704550521864,gptoss
0.0,-1.4007774245656532,gptoss
0.0,-1.661523190916958,gptoss
0.0,-1.6199986678011933,gptoss
-0.0,-1.0790589928579202,gptoss
-0.0,-0.8807431063142314,gptoss
-0.0,-0.9138872127770418,gptoss
-0.0,-0.14210450215397055,gptoss
-0.0,-1.071628045760882,gptoss
-0.0,-1.3084390742778684,gptoss
-0.0,-1.3006773142769315,gptoss
-0.0,-1.0790589928579202,gptoss
-0.0,-0.8807431063142314,gptoss
-0.0,-0.9138872127770418,gptoss
-0.0,-0.14210450215397055,gptoss
-0.0,-1.071628045760882,gptoss
-0.0,-1.3084390742778684,gptoss
-0.0,-1.3006773142769315,gptoss
-0.0,-1.0790589928579202,gptoss
-0.0,-0.8807431063142314,gptoss
-0.0,-0.9138872127770418,gptoss
-0.0,-0.14210450215397055,gptoss
-0.0,-1.071628045760882,gptoss
-0.0,-1.3084390742778684,gptoss
-0.0,-1.3006773142769315,gptoss
-0.0,-1.0790589928579202,gptoss
-0.0,-0.8807431063142314,gptoss
-0.0,-0.9138872127770418,gptoss
-0.0,-0.14210450215397055,gptoss
-0.0,-1.071628045760882,gptoss
-0.0,-1.3084390742778684,gptoss
-0.0,-1.3006773142769315,gptoss
0.0,-1.5557233577116436,gptoss
0.0,-1.3532335869915282,gptoss
0.0,-1.3505837158140626,gptoss
0.0,-0.7806191523700834,gptoss
0.0,-1.5585597911767635,gptoss
0.0,-1.9588578236776977,gptoss
0.0,-1.8293863743155503,gptoss
0.0,-1.5557233577116436,gptoss
0.0,-1.3532335869915282,gptoss
0.0,-1.3505837158140626,gptoss
0.0,-0.7806191523700834,gptoss
0.0,-1.5585597911767635,gptoss
0.0,-1.9588578236776977,gptoss
0.0,-1.8293863743155503,gptoss
0.0,-1.5557233577116436,gptoss
0.0,-1.3532335869915282,gptoss
0.0,-1.3505837158140626,gptoss
0.0,-0.7806191523700834,gptoss
0.0,-1.5585597911767635,gptoss
0.0,-1.9588578236776977,gptoss
0.0,-1.8293863743155503,gptoss
0.0,-1.5557233577116436,gptoss
0.0,-1.3532335869915282,gptoss
0.0,-1.3505837158140626,gptoss
0.0,-0.7806191523700834,gptoss
0.0,-1.5585597911767635,gptoss
0.0,-1.9588578236776977,gptoss
0.0,-1.8293863743155503,gptoss
0.0,-1.5941162751608318,gptoss
0.0,-1.4846392882193844,gptoss
0.0,-1.394561366799853,gptoss
0.0,-0.7963737603835738,gptoss
0.0,-1.6100431834150402,gptoss
0.0,-1.9229825531940776,gptoss
0.0,-1.9012763711758793,gptoss
0.0,-1.5941162751608318,gptoss
0.0,-1.4846392882193844,gptoss
0.0,-1.394561366799853,gptoss
0.0,-0.7963737603835738,gptoss
0.0,-1.6100431834150402,gptoss
0.0,-1.9229825531940776,gptoss
0.0,-1.9012763711758793,gptoss
0.0,-1.5941162751608318,gptoss
0.0,-1.4846392882193844,gptoss
0.0,-1.394561366799853,gptoss
0.0,-0.7963737603835738,gptoss
0.0,-1.6100431834150402,gptoss
0.0,-1.9229825531940776,gptoss
0.0,-1.9012763711758793,gptoss
0.0,-1.5941162751608318,gptoss
0.0,-1.4846392882193844,gptoss
0.0,-1.394561366799853,gptoss
0.0,-0.7963737603835738,gptoss
0.0,-1.6100431834150402,gptoss
0.0,-1.9229825531940776,gptoss
0.0,-1.9012763711758793,gptoss
-0.0,-1.2807216748947206,gptoss
-0.0,-1.057283600683847,gptoss
-0.0,-1.0737875523872509,gptoss
-0.0,-0.3281837202651689,gptoss
-0.0,-1.2905077735412358,gptoss
-0.0,-1.5626818355669838,gptoss
-0.0,-1.2807216748947206,gptoss
-0.0,-1.057283600683847,gptoss
-0.0,-1.0737875523872509,gptoss
-0.0,-0.3281837202651689,gptoss
-0.0,-1.2905077735412358,gptoss
-0.0,-1.6836861129737262,gptoss
-0.0,-1.5626818355669838,gptoss
-0.0,-1.2807216748947206,gptoss
-0.0,-1.057283600683847,gptoss
-0.0,-1.0737875523872509,gptoss
-0.0,-0.3281837202651689,gptoss
-0.0,-1.2905077735412358,gptoss
-0.0,-1.6836861129737262,gptoss
-0.0,-1.5626818355669838,gptoss
-0.0,-1.2807216748947206,gptoss
-0.0,-1.057283600683847,gptoss
-0.0,-1.0737875523872509,gptoss
-0.0,-0.3281837202651689,gptoss
-0.0,-1.2905077735412358,gptoss
-0.0,-1.6836861129737262,gptoss
-0.0,-1.5626818355669838,gptoss
0.0,-1.5354344714340518,gptoss
0.0,-1.3612078658667774,gptoss
0.0,-1.4000920748901915,gptoss
0.0,-0.7978569609543117,gptoss
0.0,-1.5493514633411731,gptoss
0.0,-1.7826490605412495,gptoss
0.0,-1.842156537320041,gptoss
0.0,-1.5354344714340518,gptoss
0.0,-1.3612078658667774,gptoss
0.0,-1.4000920748901915,gptoss
0.0,-0.7978569609543117,gptoss
0.0,-1.5493514633411731,gptoss
0.0,-1.7826490605412495,gptoss
0.0,-1.842156537320041,gptoss
0.0,-1.5354344714340518,gptoss
0.0,-1.3612078658667774,gptoss
0.0,-1.4000920748901915,gptoss
0.0,-0.7978569609543117,gptoss
0.0,-1.5493514633411731,gptoss
0.0,-1.7826490605412495,gptoss
0.0,-1.842156537320041,gptoss
0.0,-1.5354344714340518,gptoss
0.0,-1.3612078658667774,gptoss
0.0,-1.4000920748901915,gptoss
0.0,-0.7978569609543117,gptoss
0.0,-1.5493514633411731,gptoss
0.0,-1.7826490605412495,gptoss
0.0,-1.842156537320041,gptoss
0.0,-1.2865511978300825,gptoss
0.0,-1.0715351853383142,gptoss
0.0,-1.0562557993668025,gptoss
0.0,-0.09622848629390557,gptoss
0.0,-1.2899641692414427,gptoss
0.0,-1.6110562702368247,gptoss
0.0,-1.5228702964322947,gptoss
0.0,-1.2865511978300825,gptoss
0.0,-1.0715351853383142,gptoss
0.0,-1.0562557993668025,gptoss
0.0,-0.09622848629390557,gptoss
0.0,-1.2899641692414427,gptoss
0.0,-1.6110562702368247,gptoss
0.0,-1.5228702964322947,gptoss
0.0,-1.2865511978300825,gptoss
0.0,-1.0715351853383142,gptoss
0.0,-1.0562557993668025,gptoss
0.0,-0.09622848629390557,gptoss
0.0,-1.2899641692414427,gptoss
0.0,-1.6110562702368247,gptoss
0.0,-1.5228702964322947,gptoss
0.0,-1.2865511978300825,gptoss
0.0,-1.0715351853383142,gptoss
0.0,-1.0562557993668025,gptoss
0.0,-0.09622848629390557,gptoss
0.0,-1.2899641692414427,gptoss
0.0,-1.6110562702368247,gptoss
0.0,-1.5228702964322947,gptoss
0.0,-1.4602424209728095,gptoss
0.0,-1.3122033479043584,gptoss
0.0,-1.2606875126118322,gptoss
0.0,-0.6624999061955513,gptoss
0.0,-1.476169329227018,gptoss
0.0,-1.85852165370439,gptoss
0.0,-1.7704325024894842,gptoss
0.0,-1.4602424209728095,gptoss
0.0,-1.3122033479043584,gptoss
0.0,-1.2606875126118322,gptoss
0.0,-0.6624999061955513,gptoss
0.0,-1.476169329227018,gptoss
0.0,-1.7704325024894842,gptoss
0.0,-1.4602424209728095,gptoss
0.0,-1.3122033479043584,gptoss
0.0,-1.2606875126118322,gptoss
0.0,-0.6624999061955513,gptoss
0.0,-1.476169329227018,gptoss
0.0,-1.85852165370439,gptoss
0.0,-1.7704325024894842,gptoss
0.0,-1.4602424209728095,gptoss
0.0,-1.3122033479043584,gptoss
0.0,-1.2606875126118322,gptoss
0.0,-0.6624999061955513,gptoss
0.0,-1.476169329227018,gptoss
0.0,-1.85852165370439,gptoss
0.0,-1.7704325024894842,gptoss
0.0,-1.5120653792655911,gptoss
0.0,-1.2938803118151752,gptoss
0.0,-1.3368259482423759,gptoss
0.0,-0.7637939200636753,gptoss
0.0,-1.5049982856073432,gptoss
0.0,-1.7593560401722121,gptoss
0.0,-1.7287935844609743,gptoss
0.0,-1.5120653792655911,gptoss
0.0,-1.2938803118151752,gptoss
0.0,-1.3368259482423759,gptoss
0.0,-0.7637939200636753,gptoss
0.0,-1.5049982856073432,gptoss
0.0,-1.7593560401722121,gptoss
0.0,-1.7287935844609743,gptoss
0.0,-1.5120653792655911,gptoss
0.0,-1.2938803118151752,gptoss
0.0,-1.3368259482423759,gptoss
0.0,-0.7637939200636753,gptoss
0.0,-1.5049982856073432,gptoss
0.0,-1.7593560401722121,gptoss
0.0,-1.7287935844609743,gptoss
0.0,-1.5120653792655911,gptoss
0.0,-1.2938803118151752,gptoss
0.0,-1.3368259482423759,gptoss
0.0,-0.7637939200636753,gptoss
0.0,-1.5049982856073432,gptoss
0.0,-1.7593560401722121,gptoss
0.0,-1.7287935844609743,gptoss
0.0,-1.2964279559020224,gptoss
0.0,-1.0814119434102563,gptoss
0.0,-1.10742185789855,gptoss
0.0,-0.27340133567230823,gptoss
0.0,-1.2998409273133829,gptoss
0.0,-1.6349388701784546,gptoss
0.0,-1.5327470545042345,gptoss
0.0,-1.2964279559020224,gptoss
0.0,-1.0814119434102563,gptoss
0.0,-1.10742185789855,gptoss
0.0,-0.27340133567230823,gptoss
0.0,-1.2998409273133829,gptoss
0.0,-1.6349388701784546,gptoss
0.0,-1.5327470545042345,gptoss
0.0,-1.2964279559020224,gptoss
0.0,-1.0814119434102563,gptoss
0.0,-1.10742185789855,gptoss
0.0,-0.27340133567230823,gptoss
0.0,-1.2998409273133829,gptoss
0.0,-1.6349388701784546,gptoss
0.0,-1.5327470545042345,gptoss
0.0,-1.2964279559020224,gptoss
0.0,-1.0814119434102563,gptoss
0.0,-1.10742185789855,gptoss
0.0,-0.27340133567230823,gptoss
0.0,-1.2998409273133829,gptoss
0.0,-1.6349388701784546,gptoss
0.0,-1.5327470545042345,gptoss
0.0,-1.288265065985584,gptoss
0.0,-1.012538823819331,gptoss
0.0,-1.0666591618199455,gptoss
0.0,-0.33160875808717594,gptoss
0.0,-1.2980511646320994,gptoss
0.0,-1.6958474790187157,gptoss
0.0,-1.570225226657847,gptoss
0.0,-1.288265065985584,gptoss
0.0,-1.012538823819331,gptoss
0.0,-1.0666591618199455,gptoss
0.0,-0.33160875808717594,gptoss
0.0,-1.2980511646320994,gptoss
0.0,-1.6958474790187157,gptoss
0.0,-1.570225226657847,gptoss
0.0,-1.288265065985584,gptoss
0.0,-1.012538823819331,gptoss
0.0,-1.0666591618199455,gptoss
0.0,-0.33160875808717594,gptoss
0.0,-1.2980511646320994,gptoss
0.0,-1.6958474790187157,gptoss
0.0,-1.570225226657847,gptoss
0.0,-1.288265065985584,gptoss
0.0,-1.012538823819331,gptoss
0.0,-1.0666591618199455,gptoss
0.0,-0.33160875808717594,gptoss
0.0,-1.2980511646320994,gptoss
0.0,-1.6958474790187157,gptoss
0.0,-1.570225226657847,gptoss
0.0,-1.0874715775221606,gptoss
0.0,-0.885190223928559,gptoss
0.0,-0.9222997974412823,gptoss
0.0,-0.23361168607140945,gptoss
0.0,-1.0800406304251229,gptoss
0.0,-1.3636027766518144,gptoss
0.0,-1.3090898989411732,gptoss
0.0,-1.0874715775221606,gptoss
0.0,-0.885190223928559,gptoss
0.0,-0.9222997974412823,gptoss
0.0,-0.23361168607140945,gptoss
0.0,-1.0800406304251229,gptoss
0.0,-1.3636027766518144,gptoss
0.0,-1.3090898989411732,gptoss
0.0,-1.0874715775221606,gptoss
0.0,-0.885190223928559,gptoss
0.0,-0.9222997974412823,gptoss
0.0,-0.23361168607140945,gptoss
0.0,-1.0800406304251229,gptoss
0.0,-1.3636027766518144,gptoss
0.0,-1.3090898989411732,gptoss
0.0,-1.0874715775221606,gptoss
0.0,-0.885190223928559,gptoss
0.0,-0.9222997974412823,gptoss
0.0,-0.23361168607140945,gptoss
0.0,-1.0800406304251229,gptoss
0.0,-1.3636027766518144,gptoss
0.0,-1.3090898989411732,gptoss
-0.0,-1.6087440245431683,gptoss
-0.0,-1.4177638225451419,gptoss
-0.0,-1.433306235337905,gptoss
-0.0,-0.8412592387993298,gptoss
-0.0,-1.6201836264600658,gptoss
-0.0,-1.9787062036120613,gptoss
-0.0,-1.8824070411470752,gptoss
-0.0,-1.6087440245431683,gptoss
-0.0,-1.4177638225451419,gptoss
-0.0,-1.433306235337905,gptoss
-0.0,-0.8412592387993298,gptoss
-0.0,-1.6201836264600658,gptoss
-0.0,-1.9787062036120613,gptoss
-0.0,-1.8824070411470752,gptoss
-0.0,-1.6087440245431683,gptoss
-0.0,-1.4177638225451419,gptoss
-0.0,-1.433306235337905,gptoss
-0.0,-0.8412592387993298,gptoss
-0.0,-1.6201836264600658,gptoss
-0.0,-1.9787062036120613,gptoss
-0.0,-1.8824070411470752,gptoss
-0.0,-1.6087440245431683,gptoss
-0.0,-1.4177638225451419,gptoss
-0.0,-1.433306235337905,gptoss
-0.0,-0.8412592387993298,gptoss
-0.0,-1.6201836264600658,gptoss
-0.0,-1.9787062036120613,gptoss
-0.0,-1.8824070411470752,gptoss
0.0,-1.5424077639305651,gptoss
0.0,-1.314191010153542,gptoss
0.0,-1.3313530263412883,gptoss
0.0,-0.7998377834949647,gptoss
0.0,-1.553847365847462,gptoss
0.0,-1.9192667337701248,gptoss
0.0,-1.823707431850418,gptoss
0.0,-1.5424077639305651,gptoss
0.0,-1.314191010153542,gptoss
0.0,-1.3313530263412883,gptoss
0.0,-0.7998377834949647,gptoss
0.0,-1.553847365847462,gptoss
0.0,-1.9192667337701248,gptoss
0.0,-1.823707431850418,gptoss
0.0,-1.5424077639305651,gptoss
0.0,-1.314191010153542,gptoss
0.0,-1.3313530263412883,gptoss
0.0,-0.7998377834949647,gptoss
0.0,-1.553847365847462,gptoss
0.0,-1.9192667337701248,gptoss
0.0,-1.823707431850418,gptoss
0.0,-1.5424077639305651,gptoss
0.0,-1.314191010153542,gptoss
0.0,-1.3313530263412883,gptoss
0.0,-0.7998377834949647,gptoss
0.0,-1.553847365847462,gptoss
0.0,-1.9192667337701248,gptoss
0.0,-1.823707431850418,gptoss
-0.0,-1.4755756777963422,gptoss
-0.0,-1.301349072229068,gptoss
-0.0,-1.3263413411846898,gptoss
-0.0,-0.6594366377057722,gptoss
-0.0,-1.4894926697034634,gptoss
-0.0,-1.7322586801474464,gptoss
-0.0,-1.7819168955343887,gptoss
-0.0,-1.4755756777963422,gptoss
-0.0,-1.301349072229068,gptoss
-0.0,-1.3263413411846898,gptoss
-0.0,-0.6594366377057722,gptoss
-0.0,-1.4894926697034634,gptoss
-0.0,-1.7322586801474464,gptoss
-0.0,-1.7819168955343887,gptoss
-0.0,-1.4755756777963422,gptoss
-0.0,-1.301349072229068,gptoss
-0.0,-1.3263413411846898,gptoss
-0.0,-0.6594366377057722,gptoss
-0.0,-1.4894926697034634,gptoss
-0.0,-1.7322586801474464,gptoss
-0.0,-1.7819168955343887,gptoss
-0.0,-1.4755756777963422,gptoss
-0.0,-1.301349072229068,gptoss
-0.0,-1.3263413411846898,gptoss
-0.0,-0.6594366377057722,gptoss
-0.0,-1.4894926697034634,gptoss
-0.0,-1.7322586801474464,gptoss
-0.0,-1.7819168955343887,gptoss
-0.0,-1.3976139049401008,gptoss
-0.0,-1.2653774477213888,gptoss
-0.0,-1.186499805425255,gptoss
-0.0,-0.5656812006555361,gptoss
-0.0,-1.4120424653919175,gptoss
-0.0,-1.8163890839319523,gptoss
-0.0,-1.7087563595092872,gptoss
-0.0,-1.3976139049401008,gptoss
-0.0,-1.2653774477213888,gptoss
-0.0,-1.186499805425255,gptoss
-0.0,-0.5656812006555361,gptoss
-0.0,-1.4120424653919175,gptoss
-0.0,-1.8163890839319523,gptoss
-0.0,-1.7087563595092872,gptoss
-0.0,-1.3976139049401008,gptoss
-0.0,-1.2653774477213888,gptoss
-0.0,-1.186499805425255,gptoss
-0.0,-0.5656812006555361,gptoss
-0.0,-1.4120424653919175,gptoss
-0.0,-1.8163890839319523,gptoss
-0.0,-1.7087563595092872,gptoss
-0.0,-1.3976139049401008,gptoss
-0.0,-1.2653774477213888,gptoss
-0.0,-1.186499805425255,gptoss
-0.0,-0.5656812006555361,gptoss
-0.0,-1.4120424653919175,gptoss
-0.0,-1.8163890839319523,gptoss
-0.0,-1.7087563595092872,gptoss
0.0,-1.3392395981666083,gptoss
0.0,-1.1674162088963587,gptoss
0.0,-1.1119430672401998,gptoss
0.0,-0.3871712098261831,gptoss
0.0,-1.3536681586184272,gptoss
0.0,-1.7825154351338748,gptoss
0.0,-1.675690818351253,gptoss
0.0,-1.3392395981666083,gptoss
0.0,-1.1674162088963587,gptoss
0.0,-1.1119430672401998,gptoss
0.0,-0.3871712098261831,gptoss
0.0,-1.3536681586184272,gptoss
0.0,-1.7825154351338748,gptoss
0.0,-1.675690818351253,gptoss
0.0,-1.3392395981666083,gptoss
0.0,-1.1674162088963587,gptoss
0.0,-1.1119430672401998,gptoss
0.0,-0.3871712098261831,gptoss
0.0,-1.3536681586184272,gptoss
0.0,-1.7825154351338748,gptoss
0.0,-1.675690818351253,gptoss
0.0,-1.3392395981666083,gptoss
0.0,-1.1674162088963587,gptoss
0.0,-1.1119430672401998,gptoss
0.0,-0.3871712098261831,gptoss
0.0,-1.3536681586184272,gptoss
0.0,-1.7825154351338748,gptoss
0.0,-1.675690818351253,gptoss
0.0,-1.2261925328960692,gptoss
0.0,-1.0519659273287942,gptoss
0.0,-0.9461061914743623,gptoss
0.0,-0.23502286886021465,gptoss
0.0,-1.2401095248031908,gptoss
0.0,-1.515277945578424,gptoss
0.0,-1.532914598782059,gptoss
0.0,-1.2261925328960692,gptoss
0.0,-1.0519659273287942,gptoss
0.0,-0.9461061914743623,gptoss
0.0,-0.23502286886021465,gptoss
0.0,-1.2401095248031908,gptoss
0.0,-1.515277945578424,gptoss
0.0,-1.532914598782059,gptoss
0.0,-1.2261925328960692,gptoss
0.0,-1.0519659273287942,gptoss
0.0,-0.9461061914743623,gptoss
0.0,-0.23502286886021465,gptoss
0.0,-1.2401095248031908,gptoss
0.0,-1.515277945578424,gptoss
0.0,-1.532914598782059,gptoss
0.0,-1.2261925328960692,gptoss
0.0,-1.0519659273287942,gptoss
0.0,-0.9461061914743623,gptoss
0.0,-0.23502286886021465,gptoss
0.0,-1.2401095248031908,gptoss
0.0,-1.515277945578424,gptoss
0.0,-1.532914598782059,gptoss
0.0,-1.2230044070429071,gptoss
0.0,-1.051181017772658,gptoss
0.0,-1.0118903075280634,gptoss
0.0,-0.23467269301050978,gptoss
0.0,-1.2374329674947253,gptoss
0.0,-1.6530129407287428,gptoss
0.0,-1.5436491492461821,gptoss
0.0,-1.2230044070429071,gptoss
0.0,-1.051181017772658,gptoss
0.0,-1.0118903075280634,gptoss
0.0,-0.23467269301050978,gptoss
0.0,-1.2374329674947253,gptoss
0.0,-1.6530129407287428,gptoss
0.0,-1.5436491492461821,gptoss
0.0,-1.2230044070429071,gptoss
0.0,-1.051181017772658,gptoss
0.0,-1.0118903075280634,gptoss
0.0,-0.23467269301050978,gptoss
0.0,-1.2374329674947253,gptoss
0.0,-1.6530129407287428,gptoss
0.0,-1.5436491492461821,gptoss
0.0,-1.2230044070429071,gptoss
0.0,-1.051181017772658,gptoss
0.0,-1.0118903075280634,gptoss
0.0,-0.23467269301050978,gptoss
0.0,-1.2374329674947253,gptoss
0.0,-1.6530129407287428,gptoss
0.0,-1.5436491492461821,gptoss
0.0,-1.5120653792655911,gptoss
0.0,-1.2938803118151752,gptoss
0.0,-1.3368259482423759,gptoss
0.0,-0.7637939200636753,gptoss
0.0,-1.5049982856073432,gptoss
0.0,-1.7593560401722121,gptoss
0.0,-1.7287935844609743,gptoss
0.0,-1.5120653792655911,gptoss
0.0,-1.2938803118151752,gptoss
0.0,-1.3368259482423759,gptoss
0.0,-0.7637939200636753,gptoss
0.0,-1.5049982856073432,gptoss
0.0,-1.7593560401722121,gptoss
0.0,-1.7287935844609743,gptoss
0.0,-1.5120653792655911,gptoss
0.0,-1.2938803118151752,gptoss
0.0,-1.3368259482423759,gptoss
0.0,-0.7637939200636753,gptoss
0.0,-1.5049982856073432,gptoss
0.0,-1.7593560401722121,gptoss
0.0,-1.7287935844609743,gptoss
0.0,-1.5120653792655911,gptoss
0.0,-1.2938803118151752,gptoss
0.0,-1.3368259482423759,gptoss
0.0,-0.7637939200636753,gptoss
0.0,-1.5049982856073432,gptoss
0.0,-1.7593560401722121,gptoss
0.0,-1.7287935844609743,gptoss
0.0,-1.5033044877372095,gptoss
0.0,-1.249307352877135,gptoss
0.0,-1.2625478974556148,gptoss
0.0,-0.5843942328160395,gptoss
0.0,-1.514744089654106,gptoss
0.0,-1.8998394595809263,gptoss
0.0,-1.7769675043411148,gptoss
0.0,-1.5033044877372095,gptoss
0.0,-1.249307352877135,gptoss
0.0,-1.2625478974556148,gptoss
0.0,-0.5843942328160395,gptoss
0.0,-1.514744089654106,gptoss
0.0,-1.8998394595809263,gptoss
0.0,-1.7769675043411148,gptoss
0.0,-1.5033044877372095,gptoss
0.0,-1.249307352877135,gptoss
0.0,-1.2625478974556148,gptoss
0.0,-0.5843942328160395,gptoss
0.0,-1.514744089654106,gptoss
0.0,-1.8998394595809263,gptoss
0.0,-1.7769675043411148,gptoss
0.0,-1.5033044877372095,gptoss
0.0,-1.249307352877135,gptoss
0.0,-1.2625478974556148,gptoss
0.0,-0.5843942328160395,gptoss
0.0,-1.514744089654106,gptoss
0.0,-1.8998394595809263,gptoss
0.0,-1.7769675043411148,gptoss
0.0,-1.2503822356488705,gptoss
0.0,-1.0353662231571037,gptoss
0.0,-1.0200868371855907,gptoss
0.0,-0.11029813377090111,gptoss
0.0,-1.253795207060231,gptoss
0.0,-1.6052590024489168,gptoss
0.0,-1.4867013342510826,gptoss
0.0,-1.2503822356488705,gptoss
0.0,-1.0353662231571037,gptoss
0.0,-1.0200868371855907,gptoss
0.0,-0.11029813377090111,gptoss
0.0,-1.253795207060231,gptoss
0.0,-1.6052590024489168,gptoss
0.0,-1.4867013342510826,gptoss
0.0,-1.2503822356488705,gptoss
0.0,-1.0353662231571037,gptoss
0.0,-1.0200868371855907,gptoss
0.0,-0.11029813377090111,gptoss
0.0,-1.253795207060231,gptoss
0.0,-1.6052590024489168,gptoss
0.0,-1.4867013342510826,gptoss
0.0,-1.2503822356488705,gptoss
0.0,-1.0353662231571037,gptoss
0.0,-1.0200868371855907,gptoss
0.0,-0.11029813377090111,gptoss
0.0,-1.253795207060231,gptoss
0.0,-1.6052590024489168,gptoss
0.0,-1.4867013342510826,gptoss
0.0,-1.4800774726044057,gptoss
0.0,-1.2773612247199355,gptoss
0.0,-1.3120435941047193,gptoss
0.0,-0.5301852285403167,gptoss
0.0,-1.4834904440157657,gptoss
0.0,-1.7615701841042342,gptoss
0.0,-1.7163965712066185,gptoss
0.0,-1.4800774726044057,gptoss
0.0,-1.2773612247199355,gptoss
0.0,-1.3120435941047193,gptoss
0.0,-0.5301852285403167,gptoss
0.0,-1.4834904440157657,gptoss
0.0,-1.7615701841042342,gptoss
0.0,-1.7163965712066185,gptoss
0.0,-1.4800774726044057,gptoss
0.0,-1.2773612247199355,gptoss
0.0,-1.3120435941047193,gptoss
0.0,-0.5301852285403167,gptoss
0.0,-1.4834904440157657,gptoss
0.0,-1.7615701841042342,gptoss
0.0,-1.7163965712066185,gptoss
0.0,-1.4800774726044057,gptoss
0.0,-1.2773612247199355,gptoss
0.0,-1.3120435941047193,gptoss
0.0,-0.5301852285403167,gptoss
0.0,-1.4834904440157657,gptoss
0.0,-1.7615701841042342,gptoss
0.0,-1.7163965712066185,gptoss
0.0,-1.179782780207854,gptoss
0.0,-0.9910574608568292,gptoss
0.0,-0.995010556467017,gptoss
0.0,-0.23630051141861994,gptoss
0.0,-1.1936997721149758,gptoss
0.0,-1.3634329412116886,gptoss
0.0,-1.4865048460938444,gptoss
0.0,-1.179782780207854,gptoss
0.0,-0.9910574608568292,gptoss
0.0,-0.995010556467017,gptoss
0.0,-0.23630051141861994,gptoss
0.0,-1.1936997721149758,gptoss
0.0,-1.3634329412116886,gptoss
0.0,-1.4865048460938444,gptoss
0.0,-1.179782780207854,gptoss
0.0,-0.9910574608568292,gptoss
0.0,-0.995010556467017,gptoss
0.0,-0.23630051141861994,gptoss
0.0,-1.1936997721149758,gptoss
0.0,-1.3634329412116886,gptoss
0.0,-1.4865048460938444,gptoss
0.0,-1.179782780207854,gptoss
0.0,-0.9910574608568292,gptoss
0.0,-0.995010556467017,gptoss
0.0,-0.23630051141861994,gptoss
0.0,-1.1936997721149758,gptoss
0.0,-1.3634329412116886,gptoss
0.0,-1.4865048460938444,gptoss
-0.0,-1.5998306418761012,gptoss
-0.0,-1.4903536549346539,gptoss
-0.0,-1.4002757335151226,gptoss
-0.0,-0.7975434286176993,gptoss
-0.0,-1.6157575501303096,gptoss
-0.0,-1.9286969199093473,gptoss
-0.0,-1.906990737891149,gptoss
-0.0,-1.5998306418761012,gptoss
-0.0,-1.4903536549346539,gptoss
-0.0,-1.4002757335151226,gptoss
-0.0,-0.7975434286176993,gptoss
-0.0,-1.6157575501303096,gptoss
-0.0,-1.9286969199093473,gptoss
-0.0,-1.906990737891149,gptoss
-0.0,-1.5998306418761012,gptoss
-0.0,-1.4903536549346539,gptoss
-0.0,-1.4002757335151226,gptoss
-0.0,-0.7975434286176993,gptoss
-0.0,-1.6157575501303096,gptoss
-0.0,-1.9286969199093473,gptoss
-0.0,-1.906990737891149,gptoss
-0.0,-1.5998306418761012,gptoss
-0.0,-1.4903536549346539,gptoss
-0.0,-1.4002757335151226,gptoss
-0.0,-0.7975434286176993,gptoss
-0.0,-1.6157575501303096,gptoss
-0.0,-1.9286969199093473,gptoss
-0.0,-1.906990737891149,gptoss
0.0,-1.4051489367062762,gptoss
0.0,-1.151151801846202,gptoss
0.0,-1.1638926862572523,gptoss
0.0,-0.48080698888812473,gptoss
0.0,-1.4160606915936655,gptoss
0.0,-1.8034056100994216,gptoss
0.0,-1.6871090973785394,gptoss
0.0,-1.4051489367062762,gptoss
0.0,-1.151151801846202,gptoss
0.0,-1.1638926862572523,gptoss
0.0,-0.48080698888812473,gptoss
0.0,-1.4160606915936655,gptoss
0.0,-1.8034056100994216,gptoss
0.0,-1.6871090973785394,gptoss
0.0,-1.4051489367062762,gptoss
0.0,-1.151151801846202,gptoss
0.0,-1.1638926862572523,gptoss
0.0,-0.48080698888812473,gptoss
0.0,-1.4160606915936655,gptoss
0.0,-1.8034056100994216,gptoss
0.0,-1.6871090973785394,gptoss
0.0,-1.4051489367062762,gptoss
0.0,-1.151151801846202,gptoss
0.0,-1.1638926862572523,gptoss
0.0,-0.48080698888812473,gptoss
0.0,-1.4160606915936655,gptoss
0.0,-1.8034056100994216,gptoss
0.0,-1.6871090973785394,gptoss
-0.0,-1.4078445182239012,gptoss
-0.0,-1.2392780088300794,gptoss
-0.0,-1.2690179728202895,gptoss
-0.0,-0.6699704550521864,gptoss
-0.0,-1.4007774245656532,gptoss
-0.0,-1.661523190916958,gptoss
-0.0,-1.6199986678011933,gptoss
-0.0,-1.4078445182239012,gptoss
-0.0,-1.2392780088300794,gptoss
-0.0,-1.2690179728202895,gptoss
-0.0,-0.6699704550521864,gptoss
-0.0,-1.4007774245656532,gptoss
-0.0,-1.661523190916958,gptoss
-0.0,-1.6199986678011933,gptoss
-0.0,-1.4078445182239012,gptoss
-0.0,-1.2392780088300794,gptoss
-0.0,-1.2690179728202895,gptoss
-0.0,-0.6699704550521864,gptoss
-0.0,-1.4007774245656532,gptoss
-0.0,-1.661523190916958,gptoss
-0.0,-1.6199986678011933,gptoss
-0.0,-1.4078445182239012,gptoss
-0.0,-1.2392780088300794,gptoss
-0.0,-1.2690179728202895,gptoss
-0.0,-0.6699704550521864,gptoss
-0.0,-1.4007774245656532,gptoss
-0.0,-1.661523190916958,gptoss
-0.0,-1.6199986678011933,gptoss
-0.0,-1.5795946019488563,gptoss
-0.0,-1.3778140835398007,gptoss
-0.0,-1.4203288154042744,gptoss
-0.0,-0.6891537493595816,gptoss
-0.0,-1.5837184997402831,gptoss
-0.0,-1.8855792613533724,gptoss
-0.0,-1.8159137005510695,gptoss
-0.0,-1.5795946019488563,gptoss
-0.0,-1.3778140835398007,gptoss
-0.0,-1.4203288154042744,gptoss
-0.0,-0.6891537493595816,gptoss
-0.0,-1.5837184997402831,gptoss
-0.0,-1.8855792613533724,gptoss
-0.0,-1.8159137005510695,gptoss
-0.0,-1.5795946019488563,gptoss
-0.0,-1.3778140835398007,gptoss
-0.0,-1.4203288154042744,gptoss
-0.0,-0.6891537493595816,gptoss
-0.0,-1.5837184997402831,gptoss
-0.0,-1.8855792613533724,gptoss
-0.0,-1.8159137005510695,gptoss
-0.0,-1.5795946019488563,gptoss
-0.0,-1.3778140835398007,gptoss
-0.0,-1.4203288154042744,gptoss
-0.0,-0.6891537493595816,gptoss
-0.0,-1.5837184997402831,gptoss
-0.0,-1.8855792613533724,gptoss
-0.0,-1.8159137005510695,gptoss
0.0,-1.2514200348440998,gptoss
0.0,-1.0364040223523332,gptoss
0.0,-1.02112463638082,gptoss
0.0,-0.11133593296613012,gptoss
0.0,-1.2548330062554602,gptoss
0.0,-1.621239248532224,gptoss
0.0,-1.487739133446312,gptoss
0.0,-1.2514200348440998,gptoss
0.0,-1.0364040223523332,gptoss
0.0,-1.02112463638082,gptoss
0.0,-0.11133593296613012,gptoss
0.0,-1.2548330062554602,gptoss
0.0,-1.621239248532224,gptoss
0.0,-1.487739133446312,gptoss
0.0,-1.2514200348440998,gptoss
0.0,-1.0364040223523332,gptoss
0.0,-1.02112463638082,gptoss
0.0,-0.11133593296613012,gptoss
0.0,-1.2548330062554602,gptoss
0.0,-1.621239248532224,gptoss
0.0,-1.487739133446312,gptoss
0.0,-1.2514200348440998,gptoss
0.0,-1.0364040223523332,gptoss
0.0,-1.02112463638082,gptoss
0.0,-0.11133593296613012,gptoss
0.0,-1.2548330062554602,gptoss
0.0,-1.621239248532224,gptoss
0.0,-1.487739133446312,gptoss
0.0,-1.2331882954227715,gptoss
0.0,-1.058961689855497,gptoss
0.0,-0.9531019540010649,gptoss
0.0,-0.3362813917276849,gptoss
0.0,-1.247105287329893,gptoss
0.0,-1.5222737081051263,gptoss
0.0,-1.5399103613087608,gptoss
0.0,-1.2331882954227715,gptoss
0.0,-1.058961689855497,gptoss
0.0,-0.9531019540010649,gptoss
0.0,-0.3362813917276849,gptoss
0.0,-1.247105287329893,gptoss
0.0,-1.5222737081051263,gptoss
0.0,-1.5399103613087608,gptoss
0.0,-1.2331882954227715,gptoss
0.0,-1.058961689855497,gptoss
0.0,-0.9531019540010649,gptoss
0.0,-0.3362813917276849,gptoss
0.0,-1.247105287329893,gptoss
0.0,-1.5222737081051263,gptoss
0.0,-1.5399103613087608,gptoss
0.0,-1.2331882954227715,gptoss
0.0,-1.058961689855497,gptoss
0.0,-0.9531019540010649,gptoss
0.0,-0.3362813917276849,gptoss
0.0,-1.247105287329893,gptoss
0.0,-1.5222737081051263,gptoss
0.0,-1.5399103613087608,gptoss
2.0,1.3787974272116619,gptoss
2.0,1.1393375416416462,gptoss
2.0,1.1263712399700503,gptoss
2.0,0.3707544846645924,gptoss
2.0,1.3659824063714812,gptoss
2.0,1.7234507449393717,gptoss
2.0,1.7691671409769731,gptoss
2.0,1.3787974272116619,gptoss
2.0,1.1393375416416462,gptoss
2.0,1.1263712399700503,gptoss
2.0,0.3707544846645924,gptoss
2.0,1.3659824063714812,gptoss
2.0,1.7234507449393717,gptoss
2.0,1.7691671409769731,gptoss
2.0,1.3787974272116619,gptoss
2.0,1.1393375416416462,gptoss
2.0,1.1263712399700503,gptoss
2.0,0.3707544846645924,gptoss
2.0,1.3659824063714812,gptoss
2.0,1.7234507449393717,gptoss
2.0,1.7691671409769731,gptoss
2.0,1.3787974272116619,gptoss
2.0,1.1393375416416462,gptoss
2.0,1.1263712399700503,gptoss
2.0,0.3707544846645924,gptoss
2.0,1.3659824063714812,gptoss
2.0,1.7234507449393717,gptoss
2.0,1.7691671409769731,gptoss
2.0,1.141321038485294,gptoss
2.0,0.9934945013371653,gptoss
2.0,1.024179787710887,gptoss
2.0,0.4742136201708455,gptoss
2.0,1.1611363099706553,gptoss
2.0,1.4821643748908961,gptoss
2.0,1.488019856752703,gptoss
2.0,1.141321038485294,gptoss
2.0,0.9934945013371653,gptoss
2.0,1.024179787710887,gptoss
2.0,0.4742136201708455,gptoss
2.0,1.1611363099706553,gptoss
2.0,1.4821643748908961,gptoss
2.0,1.488019856752703,gptoss
2.0,1.141321038485294,gptoss
2.0,0.9934945013371653,gptoss
2.0,1.024179787710887,gptoss
2.0,0.4742136201708455,gptoss
2.0,1.1611363099706553,gptoss
2.0,1.4821643748908961,gptoss
2.0,1.488019856752703,gptoss
2.0,1.141321038485294,gptoss
2.0,0.9934945013371653,gptoss
2.0,1.024179787710887,gptoss
2.0,0.4742136201708455,gptoss
2.0,1.1611363099706553,gptoss
2.0,1.4821643748908961,gptoss
2.0,1.488019856752703,gptoss
2.0,1.2868560326907663,gptoss
2.0,1.0935600540418648,gptoss
2.0,1.0814058743126533,gptoss
2.0,0.4961377073231307,gptoss
2.0,1.3186834246379384,gptoss
2.0,1.8490395339896544,gptoss
2.0,1.8181687664972923,gptoss
2.0,1.2868560326907663,gptoss
2.0,1.0935600540418648,gptoss
2.0,1.0814058743126533,gptoss
2.0,0.4961377073231307,gptoss
2.0,1.3186834246379384,gptoss
2.0,1.8490395339896544,gptoss
2.0,1.8181687664972923,gptoss
2.0,1.2868560326907663,gptoss
2.0,1.0935600540418648,gptoss
2.0,1.0814058743126533,gptoss
2.0,0.4961377073231307,gptoss
2.0,1.3186834246379384,gptoss
2.0,1.8490395339896544,gptoss
2.0,1.8181687664972923,gptoss
2.0,1.2868560326907663,gptoss
2.0,1.0935600540418648,gptoss
2.0,1.0814058743126533,gptoss
2.0,0.4961377073231307,gptoss
2.0,1.3186834246379384,gptoss
2.0,1.8490395339896544,gptoss
2.0,1.8181687664972923,gptoss
2.0,1.36403609807247,gptoss
2.0,1.20306339880023,gptoss
2.0,1.2044752706254866,gptoss
2.0,0.7415177251790959,gptoss
2.0,1.3732759142411413,gptoss
2.0,1.674649757891178,gptoss
2.0,1.8467930330618245,gptoss
2.0,1.36403609807247,gptoss
2.0,1.20306339880023,gptoss
2.0,1.2044752706254866,gptoss
2.0,0.7415177251790959,gptoss
2.0,1.3732759142411413,gptoss
2.0,1.674649757891178,gptoss
2.0,1.8467930330618245,gptoss
2.0,1.36403609807247,gptoss
2.0,1.20306339880023,gptoss
2.0,1.2044752706254866,gptoss
2.0,0.7415177251790959,gptoss
2.0,1.3732759142411413,gptoss
2.0,1.674649757891178,gptoss
2.0,1.8467930330618245,gptoss
2.0,1.36403609807247,gptoss
2.0,1.20306339880023,gptoss
2.0,1.2044752706254866,gptoss
2.0,0.7415177251790959,gptoss
2.0,1.3732759142411413,gptoss
2.0,1.674649757891178,gptoss
2.0,1.8467930330618245,gptoss
2.0,1.6314513396004513,gptoss
2.0,1.4135479273869553,gptoss
2.0,1.4301674032312313,gptoss
2.0,0.6880659998725618,gptoss
2.0,1.6179253923802044,gptoss
2.0,1.9549242717121655,gptoss
2.0,2.0218210533657612,gptoss
2.0,1.6314513396004513,gptoss
2.0,1.4135479273869553,gptoss
2.0,1.4301674032312313,gptoss
2.0,0.6880659998725618,gptoss
2.0,1.6179253923802044,gptoss
2.0,1.9549242717121655,gptoss
2.0,2.0218210533657612,gptoss
2.0,1.6314513396004513,gptoss
2.0,1.4135479273869553,gptoss
2.0,1.4301674032312313,gptoss
2.0,0.6880659998725618,gptoss
2.0,1.6179253923802044,gptoss
2.0,1.9549242717121655,gptoss
2.0,2.0218210533657612,gptoss
2.0,1.6314513396004513,gptoss
2.0,1.4135479273869553,gptoss
2.0,1.4301674032312313,gptoss
2.0,0.6880659998725618,gptoss
2.0,1.6179253923802044,gptoss
2.0,1.9549242717121655,gptoss
2.0,2.0218210533657612,gptoss
2.0,1.1976856224149492,gptoss
2.0,1.0369992543531146,gptoss
2.0,1.0428101333196762,gptoss
2.0,0.5305782041005013,gptoss
2.0,1.2175008939003105,gptoss
2.0,1.525727276308717,gptoss
2.0,1.5443844406823584,gptoss
2.0,1.1976856224149492,gptoss
2.0,1.0369992543531146,gptoss
2.0,1.0428101333196762,gptoss
2.0,0.5305782041005013,gptoss
2.0,1.2175008939003105,gptoss
2.0,1.525727276308717,gptoss
2.0,1.5443844406823584,gptoss
2.0,1.1976856224149492,gptoss
2.0,1.0369992543531146,gptoss
2.0,1.0428101333196762,gptoss
2.0,0.5305782041005013,gptoss
2.0,1.2175008939003105,gptoss
2.0,1.525727276308717,gptoss
2.0,1.5443844406823584,gptoss
2.0,1.1976856224149492,gptoss
2.0,1.0369992543531146,gptoss
2.0,1.0428101333196762,gptoss
2.0,0.5305782041005013,gptoss
2.0,1.2175008939003105,gptoss
2.0,1.525727276308717,gptoss
2.0,1.5443844406823584,gptoss
2.0,1.3309388095877694,gptoss
2.0,1.1130029354890898,gptoss
2.0,1.0935969243204169,gptoss
2.0,0.6907291100692728,gptoss
2.0,1.3450253702713988,gptoss
2.0,1.7055309218034884,gptoss
2.0,1.7786979087250703,gptoss
2.0,1.3309388095877694,gptoss
2.0,1.1130029354890898,gptoss
2.0,1.0935969243204169,gptoss
2.0,0.6907291100692728,gptoss
2.0,1.3450253702713988,gptoss
2.0,1.7055309218034884,gptoss
2.0,1.7786979087250703,gptoss
2.0,1.3309388095877694,gptoss
2.0,1.1130029354890898,gptoss
2.0,1.0935969243204169,gptoss
2.0,0.6907291100692728,gptoss
2.0,1.3450253702713988,gptoss
2.0,1.7055309218034884,gptoss
2.0,1.7786979087250703,gptoss
2.0,1.3309388095877694,gptoss
2.0,1.1130029354890898,gptoss
2.0,1.0935969243204169,gptoss
2.0,0.6907291100692728,gptoss
2.0,1.3450253702713988,gptoss
2.0,1.7055309218034884,gptoss
2.0,1.7786979087250703,gptoss
2.0,1.557115114506927,gptoss
2.0,1.392367993562824,gptoss
2.0,1.3614450336762463,gptoss
2.0,0.8151246344784013,gptoss
2.0,1.5885013204460774,gptoss
2.0,2.012223134932455,gptoss
2.0,2.071437862773938,gptoss
2.0,1.557115114506927,gptoss
2.0,1.392367993562824,gptoss
2.0,1.3614450336762463,gptoss
2.0,0.8151246344784013,gptoss
2.0,1.5885013204460774,gptoss
2.0,2.012223134932455,gptoss
2.0,2.071437862773938,gptoss
2.0,1.557115114506927,gptoss
2.0,1.392367993562824,gptoss
2.0,1.3614450336762463,gptoss
2.0,0.8151246344784013,gptoss
2.0,1.5885013204460774,gptoss
2.0,2.012223134932455,gptoss
2.0,2.071437862773938,gptoss
2.0,1.557115114506927,gptoss
2.0,1.392367993562824,gptoss
2.0,1.3614450336762463,gptoss
2.0,0.8151246344784013,gptoss
2.0,1.5885013204460774,gptoss
2.0,2.012223134932455,gptoss
2.0,2.071437862773938,gptoss
2.0,1.279546000247413,gptoss
2.0,1.118573300975174,gptoss
2.0,1.0625812575030598,gptoss
2.0,0.6086919347510101,gptoss
2.0,1.2887858164160846,gptoss
2.0,1.5879899496004155,gptoss
2.0,1.7623029352367667,gptoss
2.0,1.279546000247413,gptoss
2.0,1.118573300975174,gptoss
2.0,1.0625812575030598,gptoss
2.0,0.6086919347510101,gptoss
2.0,1.2887858164160846,gptoss
2.0,1.5879899496004155,gptoss
2.0,1.7623029352367667,gptoss
2.0,1.279546000247413,gptoss
2.0,1.118573300975174,gptoss
2.0,1.0625812575030598,gptoss
2.0,0.6086919347510101,gptoss
2.0,1.2887858164160846,gptoss
2.0,1.5879899496004155,gptoss
2.0,1.7623029352367667,gptoss
2.0,1.279546000247413,gptoss
2.0,1.118573300975174,gptoss
2.0,1.0625812575030598,gptoss
2.0,0.6086919347510101,gptoss
2.0,1.2887858164160846,gptoss
2.0,1.5879899496004155,gptoss
2.0,1.7623029352367667,gptoss
2.0,1.5154929356364764,gptoss
2.0,1.297589523422982,gptoss
2.0,1.3142089992672565,gptoss
2.0,0.5671483270219019,gptoss
2.0,1.502677914796296,gptoss
2.0,1.8389658677481902,gptoss
2.0,1.9058626494017872,gptoss
2.0,1.5154929356364764,gptoss
2.0,1.297589523422982,gptoss
2.0,1.3142089992672565,gptoss
2.0,0.5671483270219019,gptoss
2.0,1.502677914796296,gptoss
2.0,1.8389658677481902,gptoss
2.0,1.9058626494017872,gptoss
2.0,1.5154929356364764,gptoss
2.0,1.297589523422982,gptoss
2.0,1.3142089992672565,gptoss
2.0,0.5671483270219019,gptoss
2.0,1.502677914796296,gptoss
2.0,1.8389658677481902,gptoss
2.0,1.9058626494017872,gptoss
2.0,1.5154929356364764,gptoss
2.0,1.297589523422982,gptoss
2.0,1.3142089992672565,gptoss
2.0,0.5671483270219019,gptoss
2.0,1.502677914796296,gptoss
2.0,1.8389658677481902,gptoss
2.0,1.9058626494017872,gptoss
2.0,1.100708356298011,gptoss
2.0,0.9042671822799133,gptoss
2.0,0.9439111572766717,gptoss
2.0,0.39581688688457356,gptoss
2.0,1.1205236277833714,gptoss
2.0,1.4190360702888376,gptoss
2.0,1.4530207882785315,gptoss
2.0,1.100708356298011,gptoss
2.0,0.9042671822799133,gptoss
2.0,0.9439111572766717,gptoss
2.0,0.39581688688457356,gptoss
2.0,1.1205236277833714,gptoss
2.0,1.4190360702888376,gptoss
2.0,1.4530207882785315,gptoss
2.0,1.100708356298011,gptoss
2.0,0.9042671822799133,gptoss
2.0,0.9439111572766717,gptoss
2.0,0.39581688688457356,gptoss
2.0,1.1205236277833714,gptoss
2.0,1.4190360702888376,gptoss
2.0,1.4530207882785315,gptoss
2.0,1.100708356298011,gptoss
2.0,0.9042671822799133,gptoss
2.0,0.9439111572766717,gptoss
2.0,0.39581688688457356,gptoss
2.0,1.1205236277833714,gptoss
2.0,1.4190360702888376,gptoss
2.0,1.4530207882785315,gptoss
2.0,1.2143083878885867,gptoss
2.0,0.9549260464129329,gptoss
2.0,0.929384504443959,gptoss
2.0,0.47076946439559625,gptoss
2.0,1.2300484518425978,gptoss
2.0,1.607754033140302,gptoss
2.0,1.6614069942734777,gptoss
2.0,1.2143083878885867,gptoss
2.0,0.9549260464129329,gptoss
2.0,0.929384504443959,gptoss
2.0,0.47076946439559625,gptoss
2.0,1.2300484518425978,gptoss
2.0,1.607754033140302,gptoss
2.0,1.6614069942734777,gptoss
2.0,1.2143083878885867,gptoss
2.0,0.9549260464129329,gptoss
2.0,0.929384504443959,gptoss
2.0,0.47076946439559625,gptoss
2.0,1.2300484518425978,gptoss
2.0,1.607754033140302,gptoss
2.0,1.6614069942734777,gptoss
2.0,1.2143083878885867,gptoss
2.0,0.9549260464129329,gptoss
2.0,0.929384504443959,gptoss
2.0,0.47076946439559625,gptoss
2.0,1.2300484518425978,gptoss
2.0,1.607754033140302,gptoss
2.0,1.6614069942734777,gptoss
1.0,0.33689112800638543,gptoss
1.0,0.30024627828034745,gptoss
1.0,0.3187236455594758,gptoss
1.0,0.02198612389531852,gptoss
1.0,0.3517895291109031,gptoss
1.0,0.40128206136743516,gptoss
1.0,0.16066270194036802,gptoss
1.0,0.33689112800638543,gptoss
1.0,0.30024627828034745,gptoss
1.0,0.3187236455594758,gptoss
1.0,0.02198612389531852,gptoss
1.0,0.3517895291109031,gptoss
1.0,0.40128206136743516,gptoss
1.0,0.16066270194036802,gptoss
1.0,0.33689112800638543,gptoss
1.0,0.30024627828034745,gptoss
1.0,0.3187236455594758,gptoss
1.0,0.02198612389531852,gptoss
1.0,0.3517895291109031,gptoss
1.0,0.40128206136743516,gptoss
1.0,0.16066270194036802,gptoss
1.0,0.33689112800638543,gptoss
1.0,0.30024627828034745,gptoss
1.0,0.3187236455594758,gptoss
1.0,0.02198612389531852,gptoss
1.0,0.3517895291109031,gptoss
1.0,0.40128206136743516,gptoss
1.0,0.16066270194036802,gptoss
1.0,0.19057420162545108,gptoss
1.0,0.15460673565131744,gptoss
1.0,0.0781511469805042,gptoss
1.0,-0.1359199787660423,gptoss
1.0,0.2111963299432056,gptoss
1.0,0.2790284922503379,gptoss
1.0,0.05019975014154623,gptoss
1.0,0.19057420162545108,gptoss
1.0,0.15460673565131744,gptoss
1.0,0.0781511469805042,gptoss
1.0,-0.1359199787660423,gptoss
1.0,0.2111963299432056,gptoss
1.0,0.2790284922503379,gptoss
1.0,0.05019975014154623,gptoss
1.0,0.19057420162545108,gptoss
1.0,0.15460673565131744,gptoss
1.0,0.0781511469805042,gptoss
1.0,-0.1359199787660423,gptoss
1.0,0.2111963299432056,gptoss
1.0,0.2790284922503379,gptoss
1.0,0.05019975014154623,gptoss
1.0,0.19057420162545108,gptoss
1.0,0.15460673565131744,gptoss
1.0,0.0781511469805042,gptoss
1.0,-0.1359199787660423,gptoss
1.0,0.2111963299432056,gptoss
1.0,0.2790284922503379,gptoss
1.0,0.05019975014154623,gptoss
1.0,0.3969672814106783,gptoss
1.0,0.21969945069637734,gptoss
1.0,0.37867248630018274,gptoss
1.0,0.08869136388302779,gptoss
1.0,0.4134033474209737,gptoss
1.0,0.4977184410351137,gptoss
1.0,0.25678823591973526,gptoss
1.0,0.3969672814106783,gptoss
1.0,0.21969945069637734,gptoss
1.0,0.37867248630018274,gptoss
1.0,0.08869136388302779,gptoss
1.0,0.4134033474209737,gptoss
1.0,0.4977184410351137,gptoss
1.0,0.25678823591973526,gptoss
1.0,0.3969672814106783,gptoss
1.0,0.21969945069637734,gptoss
1.0,0.37867248630018274,gptoss
1.0,0.08869136388302779,gptoss
1.0,0.4134033474209737,gptoss
1.0,0.4977184410351137,gptoss
1.0,0.25678823591973526,gptoss
1.0,0.3969672814106783,gptoss
1.0,0.21969945069637734,gptoss
1.0,0.37867248630018274,gptoss
1.0,0.08869136388302779,gptoss
1.0,0.4134033474209737,gptoss
1.0,0.4977184410351137,gptoss
1.0,0.25678823591973526,gptoss
-1.0,-2.6659916220032214,gptoss
-1.0,-2.6279087187586763,gptoss
-1.0,-2.4708284563102603,gptoss
-1.0,-1.3390767490414568,gptoss
-1.0,-3.027925809423628,gptoss
-1.0,-3.2227528098033673,gptoss
-1.0,-2.9618163022242907,gptoss
-1.0,-2.6659916220032214,gptoss
-1.0,-2.6279087187586763,gptoss
-1.0,-2.4708284563102603,gptoss
-1.0,-1.3390767490414568,gptoss
-1.0,-3.027925809423628,gptoss
-1.0,-3.2227528098033673,gptoss
-1.0,-2.9618163022242907,gptoss
-1.0,-2.6659916220032214,gptoss
-1.0,-2.6279087187586763,gptoss
-1.0,-2.4708284563102603,gptoss
-1.0,-1.3390767490414568,gptoss
-1.0,-3.027925809423628,gptoss
-1.0,-3.2227528098033673,gptoss
-1.0,-2.9618163022242907,gptoss
-1.0,-2.6659916220032214,gptoss
-1.0,-2.6279087187586763,gptoss
-1.0,-2.4708284563102603,gptoss
-1.0,-1.3390767490414568,gptoss
-1.0,-3.027925809423628,gptoss
-1.0,-3.2227528098033673,gptoss
-1.0,-2.9618163022242907,gptoss
1.0,0.4232615201852325,gptoss
1.0,0.4001570589392732,gptoss
1.0,0.42766058608112567,gptoss
1.0,0.2868427228336522,gptoss
1.0,0.4442369449069961,gptoss
1.0,0.4812305662570863,gptoss
1.0,0.28288706870132896,gptoss
1.0,0.4232615201852325,gptoss
1.0,0.4001570589392732,gptoss
1.0,0.42766058608112567,gptoss
1.0,0.2868427228336522,gptoss
1.0,0.4442369449069961,gptoss
1.0,0.4812305662570863,gptoss
1.0,0.28288706870132896,gptoss
1.0,0.4232615201852325,gptoss
1.0,0.4001570589392732,gptoss
1.0,0.42766058608112567,gptoss
1.0,0.2868427228336522,gptoss
1.0,0.4442369449069961,gptoss
1.0,0.4812305662570863,gptoss
1.0,0.28288706870132896,gptoss
1.0,0.4232615201852325,gptoss
1.0,0.4001570589392732,gptoss
1.0,0.42766058608112567,gptoss
1.0,0.2868427228336522,gptoss
1.0,0.4442369449069961,gptoss
1.0,0.4812305662570863,gptoss
1.0,0.28288706870132896,gptoss
-1.0,-2.491134041042823,gptoss
-1.0,-2.3160599854382014,gptoss
-1.0,-2.3315317136859406,gptoss
-1.0,-1.0666265454417352,gptoss
-1.0,-2.568959886668128,gptoss
-1.0,-3.427063237378979,gptoss
-1.0,-2.8047786099545906,gptoss
-1.0,-2.491134041042823,gptoss
-1.0,-2.3160599854382014,gptoss
-1.0,-2.3315317136859406,gptoss
-1.0,-1.0666265454417352,gptoss
-1.0,-2.568959886668128,gptoss
-1.0,-3.427063237378979,gptoss
-1.0,-2.8047786099545906,gptoss
-1.0,-2.491134041042823,gptoss
-1.0,-2.3160599854382014,gptoss
-1.0,-2.3315317136859406,gptoss
-1.0,-1.0666265454417352,gptoss
-1.0,-2.568959886668128,gptoss
-1.0,-3.427063237378979,gptoss
-1.0,-2.8047786099545906,gptoss
-1.0,-2.491134041042823,gptoss
-1.0,-2.3160599854382014,gptoss
-1.0,-2.3315317136859406,gptoss
-1.0,-1.0666265454417352,gptoss
-1.0,-2.568959886668128,gptoss
-1.0,-3.427063237378979,gptoss
-1.0,-2.8047786099545906,gptoss
1.0,0.2882386873271191,gptoss
1.0,0.27195084472466585,gptoss
1.0,0.30140584517811525,gptoss
1.0,0.10994437143921663,gptoss
1.0,0.3088608156448737,gptoss
1.0,0.3765225026996055,gptoss
1.0,0.1478642358432146,gptoss
1.0,0.2882386873271191,gptoss
1.0,0.27195084472466585,gptoss
1.0,0.30140584517811525,gptoss
1.0,0.10994437143921663,gptoss
1.0,0.3088608156448737,gptoss
1.0,0.3765225026996055,gptoss
1.0,0.1478642358432146,gptoss
1.0,0.2882386873271191,gptoss
1.0,0.27195084472466585,gptoss
1.0,0.30140584517811525,gptoss
1.0,0.10994437143921663,gptoss
1.0,0.3088608156448737,gptoss
1.0,0.3765225026996055,gptoss
1.0,0.1478642358432146,gptoss
1.0,0.2882386873271191,gptoss
1.0,0.27195084472466585,gptoss
1.0,0.30140584517811525,gptoss
1.0,0.10994437143921663,gptoss
1.0,0.3088608156448737,gptoss
1.0,0.3765225026996055,gptoss
1.0,0.1478642358432146,gptoss
1.0,0.18192350942665364,gptoss
1.0,0.19138068620942641,gptoss
1.0,0.1333485640911988,gptoss
1.0,-0.1792215009616509,gptoss
1.0,0.2153822031639453,gptoss
1.0,0.08938098744291198,gptoss
1.0,-0.04228763058223068,gptoss
1.0,0.18192350942665364,gptoss
1.0,0.19138068620942641,gptoss
1.0,0.1333485640911988,gptoss
1.0,-0.1792215009616509,gptoss
1.0,0.2153822031639453,gptoss
1.0,0.08938098744291198,gptoss
1.0,-0.04228763058223068,gptoss
1.0,0.18192350942665364,gptoss
1.0,0.19138068620942641,gptoss
1.0,0.1333485640911988,gptoss
1.0,-0.1792215009616509,gptoss
1.0,0.2153822031639453,gptoss
1.0,0.08938098744291198,gptoss
1.0,-0.04228763058223068,gptoss
1.0,0.18192350942665364,gptoss
1.0,0.19138068620942641,gptoss
1.0,0.1333485640911988,gptoss
1.0,-0.1792215009616509,gptoss
1.0,0.2153822031639453,gptoss
1.0,0.08938098744291198,gptoss
1.0,-0.04228763058223068,gptoss
1.0,0.410429739341665,gptoss
1.0,0.37378488961562695,gptoss
1.0,0.38228144214037535,gptoss
1.0,0.09314202364670912,gptoss
1.0,0.42532814044618267,gptoss
1.0,0.47453988485967086,gptoss
1.0,0.2338204651277051,gptoss
1.0,0.410429739341665,gptoss
1.0,0.37378488961562695,gptoss
1.0,0.38228144214037535,gptoss
1.0,0.09314202364670912,gptoss
1.0,0.42532814044618267,gptoss
1.0,0.47453988485967086,gptoss
1.0,0.2338204651277051,gptoss
1.0,0.410429739341665,gptoss
1.0,0.37378488961562695,gptoss
1.0,0.38228144214037535,gptoss
1.0,0.09314202364670912,gptoss
1.0,0.42532814044618267,gptoss
1.0,0.47453988485967086,gptoss
1.0,0.2338204651277051,gptoss
1.0,0.410429739341665,gptoss
1.0,0.37378488961562695,gptoss
1.0,0.38228144214037535,gptoss
1.0,0.09314202364670912,gptoss
1.0,0.42532814044618267,gptoss
1.0,0.47453988485967086,gptoss
1.0,0.2338204651277051,gptoss
1.0,0.49872449140212,gptoss
1.0,0.43630163289921203,gptoss
1.0,0.43593198853262144,gptoss
1.0,0.200749378681688,gptoss
1.0,0.5185397628874797,gptoss
1.0,0.5988031571310867,gptoss
1.0,0.3826992648345863,gptoss
1.0,0.49872449140212,gptoss
1.0,0.43630163289921203,gptoss
1.0,0.43593198853262144,gptoss
1.0,0.200749378681688,gptoss
1.0,0.5185397628874797,gptoss
1.0,0.5988031571310867,gptoss
1.0,0.3826992648345863,gptoss
1.0,0.49872449140212,gptoss
1.0,0.43630163289921203,gptoss
1.0,0.43593198853262144,gptoss
1.0,0.200749378681688,gptoss
1.0,0.5185397628874797,gptoss
1.0,0.5988031571310867,gptoss
1.0,0.3826992648345863,gptoss
1.0,0.49872449140212,gptoss
1.0,0.43630163289921203,gptoss
1.0,0.43593198853262144,gptoss
1.0,0.200749378681688,gptoss
1.0,0.5185397628874797,gptoss
1.0,0.5988031571310867,gptoss
1.0,0.3826992648345863,gptoss
-1.0,-2.6679054339210238,gptoss
-1.0,-2.475695980525664,gptoss
-1.0,-2.4807765480794473,gptoss
-1.0,-1.4937010732439837,gptoss
-1.0,-2.8063532135076357,gptoss
-1.0,-3.349226220115422,gptoss
-1.0,-2.9399089085696177,gptoss
-1.0,-2.6679054339210238,gptoss
-1.0,-2.475695980525664,gptoss
-1.0,-2.4807765480794473,gptoss
-1.0,-1.4937010732439837,gptoss
-1.0,-2.8063532135076357,gptoss
-1.0,-3.349226220115422,gptoss
-1.0,-2.9399089085696177,gptoss
-1.0,-2.6679054339210238,gptoss
-1.0,-2.475695980525664,gptoss
-1.0,-2.4807765480794473,gptoss
-1.0,-1.4937010732439837,gptoss
-1.0,-2.8063532135076357,gptoss
-1.0,-3.349226220115422,gptoss
-1.0,-2.9399089085696177,gptoss
-1.0,-2.6679054339210238,gptoss
-1.0,-2.475695980525664,gptoss
-1.0,-2.4807765480794473,gptoss
-1.0,-1.4937010732439837,gptoss
-1.0,-2.8063532135076357,gptoss
-1.0,-3.349226220115422,gptoss
-1.0,-2.9399089085696177,gptoss
1.0,0.4789332663246159,gptoss
1.0,0.4259255860953034,gptoss
1.0,0.44303456332529095,gptoss
1.0,0.18095815360418296,gptoss
1.0,0.498384684371186,gptoss
1.0,0.5691563400454543,gptoss
1.0,0.364603849420885,gptoss
1.0,0.4789332663246159,gptoss
1.0,0.4259255860953034,gptoss
1.0,0.44303456332529095,gptoss
1.0,0.18095815360418296,gptoss
1.0,0.498384684371186,gptoss
1.0,0.5691563400454543,gptoss
1.0,0.364603849420885,gptoss
1.0,0.4789332663246159,gptoss
1.0,0.4259255860953034,gptoss
1.0,0.44303456332529095,gptoss
1.0,0.18095815360418296,gptoss
1.0,0.498384684371186,gptoss
1.0,0.5691563400454543,gptoss
1.0,0.364603849420885,gptoss
1.0,0.4789332663246159,gptoss
1.0,0.4259255860953034,gptoss
1.0,0.44303456332529095,gptoss
1.0,0.18095815360418296,gptoss
1.0,0.498384684371186,gptoss
1.0,0.5691563400454543,gptoss
1.0,0.364603849420885,gptoss
2.0,1.2876018228497133,gptoss
2.0,1.072144865613799,gptoss
2.0,1.0502599375823605,gptoss
2.0,0.6473921233312167,gptoss
2.0,1.3016883835333426,gptoss
2.0,1.6621939350654322,gptoss
2.0,1.7353609219870136,gptoss
2.0,1.2876018228497133,gptoss
2.0,1.072144865613799,gptoss
2.0,1.0502599375823605,gptoss
2.0,0.6473921233312167,gptoss
2.0,1.3016883835333426,gptoss
2.0,1.6621939350654322,gptoss
2.0,1.7353609219870136,gptoss
2.0,1.2876018228497133,gptoss
2.0,1.072144865613799,gptoss
2.0,1.0502599375823605,gptoss
2.0,0.6473921233312167,gptoss
2.0,1.3016883835333426,gptoss
2.0,1.6621939350654322,gptoss
2.0,1.7353609219870136,gptoss
2.0,1.2876018228497133,gptoss
2.0,1.072144865613799,gptoss
2.0,1.0502599375823605,gptoss
2.0,0.6473921233312167,gptoss
2.0,1.3016883835333426,gptoss
2.0,1.6621939350654322,gptoss
2.0,1.7353609219870136,gptoss
2.0,1.2876018228497133,gptoss
2.0,1.072144865613799,gptoss
2.0,1.0502599375823605,gptoss
2.0,0.6473921233312167,gptoss
2.0,1.3016883835333426,gptoss
2.0,1.6621939350654322,gptoss
2.0,1.7353609219870136,gptoss
2.0,1.2876018228497133,gptoss
2.0,1.072144865613799,gptoss
2.0,1.0502599375823605,gptoss
2.0,0.6473921233312167,gptoss
2.0,1.3016883835333426,gptoss
2.0,1.6621939350654322,gptoss
2.0,1.7353609219870136,gptoss
2.0,1.2876018228497133,gptoss
2.0,1.072144865613799,gptoss
2.0,1.0502599375823605,gptoss
2.0,0.6473921233312167,gptoss
2.0,1.3016883835333426,gptoss
2.0,1.6621939350654322,gptoss
2.0,1.7353609219870136,gptoss
2.0,1.2876018228497133,gptoss
2.0,1.072144865613799,gptoss
2.0,1.0502599375823605,gptoss
2.0,0.6473921233312167,gptoss
2.0,1.3016883835333426,gptoss
2.0,1.6621939350654322,gptoss
2.0,1.7353609219870136,gptoss
2.0,1.2278122478107476,gptoss
2.0,1.0084892055254846,gptoss
2.0,1.0223620894326366,gptoss
2.0,0.4230599323042662,gptoss
2.0,1.2606968015522875,gptoss
2.0,1.7916419658845983,gptoss
2.0,1.7591249816172745,gptoss
2.0,1.2278122478107476,gptoss
2.0,1.0084892055254846,gptoss
2.0,1.0223620894326366,gptoss
2.0,0.4230599323042662,gptoss
2.0,1.2606968015522875,gptoss
2.0,1.7916419658845983,gptoss
2.0,1.7591249816172745,gptoss
2.0,1.2278122478107476,gptoss
2.0,1.0084892055254846,gptoss
2.0,1.0223620894326366,gptoss
2.0,0.4230599323042662,gptoss
2.0,1.2606968015522875,gptoss
2.0,1.7916419658845983,gptoss
2.0,1.7591249816172745,gptoss
2.0,1.2278122478107476,gptoss
2.0,1.0084892055254846,gptoss
2.0,1.0223620894326366,gptoss
2.0,0.4230599323042662,gptoss
2.0,1.2606968015522875,gptoss
2.0,1.7916419658845983,gptoss
2.0,1.7591249816172745,gptoss
2.0,1.1976856224149492,gptoss
2.0,1.0369992543531146,gptoss
2.0,1.0428101333196762,gptoss
2.0,0.5305782041005013,gptoss
2.0,1.2175008939003105,gptoss
2.0,1.525727276308717,gptoss
2.0,1.5443844406823584,gptoss
2.0,1.1976856224149492,gptoss
2.0,1.0369992543531146,gptoss
2.0,1.0428101333196762,gptoss
2.0,0.5305782041005013,gptoss
2.0,1.2175008939003105,gptoss
2.0,1.525727276308717,gptoss
2.0,1.5443844406823584,gptoss
2.0,1.1976856224149492,gptoss
2.0,1.0369992543531146,gptoss
2.0,1.0428101333196762,gptoss
2.0,0.5305782041005013,gptoss
2.0,1.2175008939003105,gptoss
2.0,1.525727276308717,gptoss
2.0,1.5443844406823584,gptoss
2.0,1.1976856224149492,gptoss
2.0,1.0369992543531146,gptoss
2.0,1.0428101333196762,gptoss
2.0,0.5305782041005013,gptoss
2.0,1.2175008939003105,gptoss
2.0,1.525727276308717,gptoss
2.0,1.5443844406823584,gptoss
2.0,1.515777254445412,gptoss
2.0,1.306975101988703,gptoss
2.0,1.304394678079537,gptoss
2.0,0.886170336451596,gptoss
2.0,1.5298638151290418,gptoss
2.0,1.8405933153974656,gptoss
2.0,1.958074280718319,gptoss
2.0,1.515777254445412,gptoss
2.0,1.306975101988703,gptoss
2.0,1.304394678079537,gptoss
2.0,0.886170336451596,gptoss
2.0,1.5298638151290418,gptoss
2.0,1.8405933153974656,gptoss
2.0,1.958074280718319,gptoss
2.0,1.515777254445412,gptoss
2.0,1.306975101988703,gptoss
2.0,1.304394678079537,gptoss
2.0,0.886170336451596,gptoss
2.0,1.5298638151290418,gptoss
2.0,1.8405933153974656,gptoss
2.0,1.958074280718319,gptoss
2.0,1.515777254445412,gptoss
2.0,1.306975101988703,gptoss
2.0,1.304394678079537,gptoss
2.0,0.886170336451596,gptoss
2.0,1.5298638151290418,gptoss
2.0,1.8405933153974656,gptoss
2.0,1.958074280718319,gptoss
2.0,1.4595140488726708,gptoss
2.0,1.2200541633026547,gptoss
2.0,1.2070878616310585,gptoss
2.0,0.4514711063256006,gptoss
2.0,1.44669902803249,gptoss
2.0,1.7923567213494411,gptoss
2.0,1.8498837626379807,gptoss
2.0,1.4595140488726708,gptoss
2.0,1.2200541633026547,gptoss
2.0,1.2070878616310585,gptoss
2.0,0.4514711063256006,gptoss
2.0,1.44669902803249,gptoss
2.0,1.7923567213494411,gptoss
2.0,1.8498837626379807,gptoss
2.0,1.4595140488726708,gptoss
2.0,1.2200541633026547,gptoss
2.0,1.2070878616310585,gptoss
2.0,0.4514711063256006,gptoss
2.0,1.44669902803249,gptoss
2.0,1.7923567213494411,gptoss
2.0,1.8498837626379807,gptoss
2.0,1.4595140488726708,gptoss
2.0,1.2200541633026547,gptoss
2.0,1.2070878616310585,gptoss
2.0,0.4514711063256006,gptoss
2.0,1.44669902803249,gptoss
2.0,1.7923567213494411,gptoss
2.0,1.8498837626379807,gptoss
2.0,1.1822478362706623,gptoss
2.0,1.0331947222764997,gptoss
2.0,1.0651065854962547,gptoss
2.0,0.5151404179562135,gptoss
2.0,1.2020631077560235,gptoss
2.0,1.5117625354162822,gptoss
2.0,1.5289466545380708,gptoss
2.0,1.1822478362706623,gptoss
2.0,1.0331947222764997,gptoss
2.0,1.0651065854962547,gptoss
2.0,0.5151404179562135,gptoss
2.0,1.2020631077560235,gptoss
2.0,1.5117625354162822,gptoss
2.0,1.5289466545380708,gptoss
2.0,1.1822478362706623,gptoss
2.0,1.0331947222764997,gptoss
2.0,1.0651065854962547,gptoss
2.0,0.5151404179562135,gptoss
2.0,1.2020631077560235,gptoss
2.0,1.5117625354162822,gptoss
2.0,1.5289466545380708,gptoss
2.0,1.1822478362706623,gptoss
2.0,1.0331947222764997,gptoss
2.0,1.0651065854962547,gptoss
2.0,0.5151404179562135,gptoss
2.0,1.2020631077560235,gptoss
2.0,1.5117625354162822,gptoss
2.0,1.5289466545380708,gptoss
2.0,1.4703308578216798,gptoss
2.0,1.2523949837230002,gptoss
2.0,1.2329889725543275,gptoss
2.0,0.8407239398278643,gptoss
2.0,1.4844174185053096,gptoss
2.0,1.8217743167076623,gptoss
2.0,1.9126278840945874,gptoss
2.0,1.4703308578216798,gptoss
2.0,1.2523949837230002,gptoss
2.0,1.2329889725543275,gptoss
2.0,0.8407239398278643,gptoss
2.0,1.4844174185053096,gptoss
2.0,1.8217743167076623,gptoss
2.0,1.9126278840945874,gptoss
2.0,1.4703308578216798,gptoss
2.0,1.2523949837230002,gptoss
2.0,1.2329889725543275,gptoss
2.0,0.8407239398278643,gptoss
2.0,1.4844174185053096,gptoss
2.0,1.8217743167076623,gptoss
2.0,1.9126278840945874,gptoss
2.0,1.4703308578216798,gptoss
2.0,1.2523949837230002,gptoss
2.0,1.2329889725543275,gptoss
2.0,0.8407239398278643,gptoss
2.0,1.4844174185053096,gptoss
2.0,1.8217743167076623,gptoss
2.0,1.9126278840945874,gptoss
2.0,1.4137996658810092,gptoss
2.0,1.2205036872321076,gptoss
2.0,1.208349507502897,gptoss
2.0,0.6659124909907441,gptoss
2.0,1.4456270578281813,gptoss
2.0,1.9510102914254597,gptoss
2.0,1.9382616483685255,gptoss
2.0,1.4137996658810092,gptoss
2.0,1.2205036872321076,gptoss
2.0,1.208349507502897,gptoss
2.0,0.6659124909907441,gptoss
2.0,1.4456270578281813,gptoss
2.0,1.9510102914254597,gptoss
2.0,1.9382616483685255,gptoss
2.0,1.4137996658810092,gptoss
2.0,1.2205036872321076,gptoss
2.0,1.208349507502897,gptoss
2.0,0.6659124909907441,gptoss
2.0,1.4456270578281813,gptoss
2.0,1.9510102914254597,gptoss
2.0,1.9382616483685255,gptoss
2.0,1.4137996658810092,gptoss
2.0,1.2205036872321076,gptoss
2.0,1.208349507502897,gptoss
2.0,0.6659124909907441,gptoss
2.0,1.4456270578281813,gptoss
2.0,1.9510102914254597,gptoss
2.0,1.9382616483685255,gptoss
2.0,1.3638813616668601,gptoss
2.0,1.2029086623946201,gptoss
2.0,1.2043205342198768,gptoss
2.0,0.7413629887734859,gptoss
2.0,1.3731211778355314,gptoss
2.0,1.6744950214855683,gptoss
2.0,1.8466382966562147,gptoss
2.0,1.3638813616668601,gptoss
2.0,1.2029086623946201,gptoss
2.0,1.2043205342198768,gptoss
2.0,0.7413629887734859,gptoss
2.0,1.3731211778355314,gptoss
2.0,1.6744950214855683,gptoss
2.0,1.8466382966562147,gptoss
2.0,1.3638813616668601,gptoss
2.0,1.2029086623946201,gptoss
2.0,1.2043205342198768,gptoss
2.0,0.7413629887734859,gptoss
2.0,1.3731211778355314,gptoss
2.0,1.6744950214855683,gptoss
2.0,1.8466382966562147,gptoss
2.0,1.3638813616668601,gptoss
2.0,1.2029086623946201,gptoss
2.0,1.2043205342198768,gptoss
2.0,0.7413629887734859,gptoss
2.0,1.3731211778355314,gptoss
2.0,1.6744950214855683,gptoss
2.0,1.8466382966562147,gptoss
2.0,1.4975985793877316,gptoss
2.0,1.258138693817716,gptoss
2.0,1.2049500936769857,gptoss
2.0,0.41982465399409635,gptoss
2.0,1.484783558547551,gptoss
2.0,1.829913392568882,gptoss
2.0,1.8879682931530417,gptoss
2.0,1.4975985793877316,gptoss
2.0,1.258138693817716,gptoss
2.0,1.2049500936769857,gptoss
2.0,0.41982465399409635,gptoss
2.0,1.484783558547551,gptoss
2.0,1.829913392568882,gptoss
2.0,1.8879682931530417,gptoss
2.0,1.4975985793877316,gptoss
2.0,1.258138693817716,gptoss
2.0,1.2049500936769857,gptoss
2.0,0.41982465399409635,gptoss
2.0,1.484783558547551,gptoss
2.0,1.829913392568882,gptoss
2.0,1.8879682931530417,gptoss
2.0,1.4975985793877316,gptoss
2.0,1.258138693817716,gptoss
2.0,1.2049500936769857,gptoss
2.0,0.41982465399409635,gptoss
2.0,1.484783558547551,gptoss
2.0,1.829913392568882,gptoss
2.0,1.8879682931530417,gptoss
2.0,1.2278122478107476,gptoss
2.0,1.0084892055254846,gptoss
2.0,1.0223620894326366,gptoss
2.0,0.4230599323042662,gptoss
2.0,1.2606968015522875,gptoss
2.0,1.7916419658845983,gptoss
2.0,1.7591249816172745,gptoss
2.0,1.2278122478107476,gptoss
2.0,1.0084892055254846,gptoss
2.0,1.0223620894326366,gptoss
2.0,0.4230599323042662,gptoss
2.0,1.2606968015522875,gptoss
2.0,1.7916419658845983,gptoss
2.0,1.7591249816172745,gptoss
2.0,1.2278122478107476,gptoss
2.0,1.0084892055254846,gptoss
2.0,1.0223620894326366,gptoss
2.0,0.4230599323042662,gptoss
2.0,1.2606968015522875,gptoss
2.0,1.7916419658845983,gptoss
2.0,1.7591249816172745,gptoss
2.0,1.2278122478107476,gptoss
2.0,1.0084892055254846,gptoss
2.0,1.0223620894326366,gptoss
2.0,0.4230599323042662,gptoss
2.0,1.2606968015522875,gptoss
2.0,1.7916419658845983,gptoss
2.0,1.7591249816172745,gptoss
2.0,1.2898889801348024,gptoss
2.0,1.1446349728724317,gptoss
2.0,1.1962099041494045,gptoss
2.0,0.6233671912344985,gptoss
2.0,1.3093403981813734,gptoss
2.0,1.6130156674939873,gptoss
2.0,1.6382836080660146,gptoss
2.0,1.2898889801348024,gptoss
2.0,1.1446349728724317,gptoss
2.0,1.1962099041494045,gptoss
2.0,0.6233671912344985,gptoss
2.0,1.3093403981813734,gptoss
2.0,1.6130156674939873,gptoss
2.0,1.6382836080660146,gptoss
2.0,1.2898889801348024,gptoss
2.0,1.1446349728724317,gptoss
2.0,1.1962099041494045,gptoss
2.0,0.6233671912344985,gptoss
2.0,1.3093403981813734,gptoss
2.0,1.6130156674939873,gptoss
2.0,1.6382836080660146,gptoss
2.0,1.2898889801348024,gptoss
2.0,1.1446349728724317,gptoss
2.0,1.1962099041494045,gptoss
2.0,0.6233671912344985,gptoss
2.0,1.3093403981813734,gptoss
2.0,1.6130156674939873,gptoss
2.0,1.6382836080660146,gptoss
2.0,1.5254417145685675,gptoss
2.0,1.3166395621118585,gptoss
2.0,1.3140591382026925,gptoss
2.0,0.8979201034602758,gptoss
2.0,1.5395282752521973,gptoss
2.0,1.8456398005664947,gptoss
2.0,1.9677387408414744,gptoss
2.0,1.5254417145685675,gptoss
2.0,1.3166395621118585,gptoss
2.0,1.3140591382026925,gptoss
2.0,0.8979201034602758,gptoss
2.0,1.5395282752521973,gptoss
2.0,1.8456398005664947,gptoss
2.0,1.9677387408414744,gptoss
2.0,1.5254417145685675,gptoss
2.0,1.3166395621118585,gptoss
2.0,1.3140591382026925,gptoss
2.0,0.8979201034602758,gptoss
2.0,1.5395282752521973,gptoss
2.0,1.8456398005664947,gptoss
2.0,1.9677387408414744,gptoss
2.0,1.5254417145685675,gptoss
2.0,1.3166395621118585,gptoss
2.0,1.3140591382026925,gptoss
2.0,0.8979201034602758,gptoss
2.0,1.5395282752521973,gptoss
2.0,1.8456398005664947,gptoss
2.0,1.9677387408414744,gptoss
2.0,1.5414131804927333,gptoss
2.0,1.374953055964088,gptoss
2.0,1.3457430996620525,gptoss
2.0,0.7994227004642073,gptoss
2.0,1.5727993864318837,gptoss
2.0,1.9965212009182607,gptoss
2.0,2.0557359287597445,gptoss
2.0,1.5414131804927333,gptoss
2.0,1.374953055964088,gptoss
2.0,1.3457430996620525,gptoss
2.0,0.7994227004642073,gptoss
2.0,1.5727993864318837,gptoss
2.0,1.9965212009182607,gptoss
2.0,2.0557359287597445,gptoss
2.0,1.5414131804927333,gptoss
2.0,1.374953055964088,gptoss
2.0,1.3457430996620525,gptoss
2.0,0.7994227004642073,gptoss
2.0,1.5727993864318837,gptoss
2.0,1.9965212009182607,gptoss
2.0,2.0557359287597445,gptoss
2.0,1.5414131804927333,gptoss
2.0,1.374953055964088,gptoss
2.0,1.3457430996620525,gptoss
2.0,0.7994227004642073,gptoss
2.0,1.5727993864318837,gptoss
2.0,1.9965212009182607,gptoss
2.0,2.0557359287597445,gptoss
2.0,1.3640535320821947,gptoss
2.0,1.203080832809955,gptoss
2.0,1.1940528584148253,gptoss
2.0,0.7415351591888207,gptoss
2.0,1.3732933482508662,gptoss
2.0,1.6743864040578589,gptoss
2.0,1.8468104670715495,gptoss
2.0,1.3640535320821947,gptoss
2.0,1.203080832809955,gptoss
2.0,1.1940528584148253,gptoss
2.0,0.7415351591888207,gptoss
2.0,1.3732933482508662,gptoss
2.0,1.6743864040578589,gptoss
2.0,1.8468104670715495,gptoss
2.0,1.3640535320821947,gptoss
2.0,1.203080832809955,gptoss
2.0,1.1940528584148253,gptoss
2.0,0.7415351591888207,gptoss
2.0,1.3732933482508662,gptoss
2.0,1.6743864040578589,gptoss
2.0,1.8468104670715495,gptoss
2.0,1.3640535320821947,gptoss
2.0,1.203080832809955,gptoss
2.0,1.1940528584148253,gptoss
2.0,0.7415351591888207,gptoss
2.0,1.3732933482508662,gptoss
2.0,1.6743864040578589,gptoss
2.0,1.8468104670715495,gptoss
2.0,1.1565845108931314,gptoss
2.0,1.0087579737450025,gptoss
2.0,1.048156632908064,gptoss
2.0,0.4894770925786828,gptoss
2.0,1.1763997823784926,gptoss
2.0,1.497427847298733,gptoss
2.0,1.5032833291605399,gptoss
2.0,1.1565845108931314,gptoss
2.0,1.0087579737450025,gptoss
2.0,1.048156632908064,gptoss
2.0,0.4894770925786828,gptoss
2.0,1.1763997823784926,gptoss
2.0,1.497427847298733,gptoss
2.0,1.5032833291605399,gptoss
2.0,1.1565845108931314,gptoss
2.0,1.0087579737450025,gptoss
2.0,1.048156632908064,gptoss
2.0,0.4894770925786828,gptoss
2.0,1.1763997823784926,gptoss
2.0,1.497427847298733,gptoss
2.0,1.5032833291605399,gptoss
2.0,1.1565845108931314,gptoss
2.0,1.0087579737450025,gptoss
2.0,1.048156632908064,gptoss
2.0,0.4894770925786828,gptoss
2.0,1.1763997823784926,gptoss
2.0,1.497427847298733,gptoss
2.0,1.5032833291605399,gptoss
2.0,1.3648041305913197,gptoss
2.0,1.2038314313190797,gptoss
2.0,1.2052433031443364,gptoss
2.0,0.7422857576979454,gptoss
2.0,1.374043946759991,gptoss
2.0,1.6751370025669836,gptoss
2.0,1.8475610655806742,gptoss
2.0,1.3648041305913197,gptoss
2.0,1.2038314313190797,gptoss
2.0,1.2052433031443364,gptoss
2.0,0.7422857576979454,gptoss
2.0,1.374043946759991,gptoss
2.0,1.6751370025669836,gptoss
2.0,1.8475610655806742,gptoss
2.0,1.3648041305913197,gptoss
2.0,1.2038314313190797,gptoss
2.0,1.2052433031443364,gptoss
2.0,0.7422857576979454,gptoss
2.0,1.374043946759991,gptoss
2.0,1.6751370025669836,gptoss
2.0,1.8475610655806742,gptoss
2.0,1.3648041305913197,gptoss
2.0,1.2038314313190797,gptoss
2.0,1.2052433031443364,gptoss
2.0,0.7422857576979454,gptoss
2.0,1.374043946759991,gptoss
2.0,1.6751370025669836,gptoss
2.0,1.8475610655806742,gptoss
2.0,1.5238959907135325,gptoss
2.0,1.3059925785000386,gptoss
2.0,1.3226120543443132,gptoss
2.0,0.5788086459531886,gptoss
2.0,1.5114342662773619,gptoss
2.0,1.8187755359050515,gptoss
2.0,1.9142657044788431,gptoss
2.0,1.5238959907135325,gptoss
2.0,1.3059925785000386,gptoss
2.0,1.3226120543443132,gptoss
2.0,0.5788086459531886,gptoss
2.0,1.5114342662773619,gptoss
2.0,1.8187755359050515,gptoss
2.0,1.9142657044788431,gptoss
2.0,1.5238959907135325,gptoss
2.0,1.3059925785000386,gptoss
2.0,1.3226120543443132,gptoss
2.0,0.5788086459531886,gptoss
2.0,1.5114342662773619,gptoss
2.0,1.8187755359050515,gptoss
2.0,1.9142657044788431,gptoss
2.0,1.5238959907135325,gptoss
2.0,1.3059925785000386,gptoss
2.0,1.3226120543443132,gptoss
2.0,0.5788086459531886,gptoss
2.0,1.5114342662773619,gptoss
2.0,1.8187755359050515,gptoss
2.0,1.9142657044788431,gptoss
2.0,1.286037724651758,gptoss
2.0,1.0705807674158438,gptoss
2.0,1.0486958393844052,gptoss
2.0,0.6458280251332615,gptoss
2.0,1.3001242853353874,gptoss
2.0,1.6374811835377407,gptoss
2.0,1.7337968237890586,gptoss
2.0,1.286037724651758,gptoss
2.0,1.0705807674158438,gptoss
2.0,1.0486958393844052,gptoss
2.0,0.6458280251332615,gptoss
2.0,1.3001242853353874,gptoss
2.0,1.6374811835377407,gptoss
2.0,1.7337968237890586,gptoss
2.0,1.286037724651758,gptoss
2.0,1.0705807674158438,gptoss
2.0,1.0486958393844052,gptoss
2.0,0.6458280251332615,gptoss
2.0,1.3001242853353874,gptoss
2.0,1.6374811835377407,gptoss
2.0,1.7337968237890586,gptoss
2.0,1.286037724651758,gptoss
2.0,1.0705807674158438,gptoss
2.0,1.0486958393844052,gptoss
2.0,0.6458280251332615,gptoss
2.0,1.3001242853353874,gptoss
2.0,1.6374811835377407,gptoss
2.0,1.7337968237890586,gptoss
2.0,1.5662785602201625,gptoss
2.0,1.3710311652959397,gptoss
2.0,1.36524374438934,gptoss
2.0,0.820243604287129,gptoss
2.0,1.5642759299748157,gptoss
2.0,2.01603773814052,gptoss
2.0,2.0874508951690296,gptoss
2.0,1.5662785602201625,gptoss
2.0,1.3710311652959397,gptoss
2.0,1.36524374438934,gptoss
2.0,0.820243604287129,gptoss
2.0,1.5642759299748157,gptoss
2.0,2.01603773814052,gptoss
2.0,2.0874508951690296,gptoss
2.0,1.5662785602201625,gptoss
2.0,1.3710311652959397,gptoss
2.0,1.36524374438934,gptoss
2.0,0.820243604287129,gptoss
2.0,1.5642759299748157,gptoss
2.0,2.01603773814052,gptoss
2.0,2.0874508951690296,gptoss
2.0,1.5662785602201625,gptoss
2.0,1.3710311652959397,gptoss
2.0,1.36524374438934,gptoss
2.0,0.820243604287129,gptoss
2.0,1.5642759299748157,gptoss
2.0,2.01603773814052,gptoss
2.0,2.0874508951690296,gptoss
2.0,1.3638813616668601,gptoss
2.0,1.2029086623946201,gptoss
2.0,1.2043205342198768,gptoss
2.0,0.7413629887734859,gptoss
2.0,1.3731211778355314,gptoss
2.0,1.6744950214855683,gptoss
2.0,1.8466382966562147,gptoss
2.0,1.3638813616668601,gptoss
2.0,1.2029086623946201,gptoss
2.0,1.2043205342198768,gptoss
2.0,0.7413629887734859,gptoss
2.0,1.3731211778355314,gptoss
2.0,1.6744950214855683,gptoss
2.0,1.8466382966562147,gptoss
2.0,1.3638813616668601,gptoss
2.0,1.2029086623946201,gptoss
2.0,1.2043205342198768,gptoss
2.0,0.7413629887734859,gptoss
2.0,1.3731211778355314,gptoss
2.0,1.6744950214855683,gptoss
2.0,1.8466382966562147,gptoss
2.0,1.3638813616668601,gptoss
2.0,1.2029086623946201,gptoss
2.0,1.2043205342198768,gptoss
2.0,0.7413629887734859,gptoss
2.0,1.3731211778355314,gptoss
2.0,1.6744950214855683,gptoss
2.0,1.8466382966562147,gptoss
2.0,1.516130521052264,gptoss
2.0,1.29822710883877,gptoss
2.0,1.3148465846830446,gptoss
2.0,0.576480789829492,gptoss
2.0,1.5036687966160933,gptoss
2.0,1.811010066243783,gptoss
2.0,1.9065002348175746,gptoss
2.0,1.516130521052264,gptoss
2.0,1.29822710883877,gptoss
2.0,1.3148465846830446,gptoss
2.0,0.576480789829492,gptoss
2.0,1.5036687966160933,gptoss
2.0,1.811010066243783,gptoss
2.0,1.9065002348175746,gptoss
2.0,1.516130521052264,gptoss
2.0,1.29822710883877,gptoss
2.0,1.3148465846830446,gptoss
2.0,0.576480789829492,gptoss
2.0,1.5036687966160933,gptoss
2.0,1.811010066243783,gptoss
2.0,1.9065002348175746,gptoss
2.0,1.516130521052264,gptoss
2.0,1.29822710883877,gptoss
2.0,1.3148465846830446,gptoss
2.0,0.576480789829492,gptoss
2.0,1.5036687966160933,gptoss
2.0,1.811010066243783,gptoss
2.0,1.9065002348175746,gptoss
2.0,1.3373179560583115,gptoss
2.0,1.185842001017086,gptoss
2.0,1.2436388800729137,gptoss
2.0,0.669927362401188,gptoss
2.0,1.3567693741048825,gptoss
2.0,1.6668326552039323,gptoss
2.0,1.6857125839895237,gptoss
2.0,1.3373179560583115,gptoss
2.0,1.185842001017086,gptoss
2.0,1.2436388800729137,gptoss
2.0,0.669927362401188,gptoss
2.0,1.3567693741048825,gptoss
2.0,1.6668326552039323,gptoss
2.0,1.6857125839895237,gptoss
2.0,1.3373179560583115,gptoss
2.0,1.185842001017086,gptoss
2.0,1.2436388800729137,gptoss
2.0,0.669927362401188,gptoss
2.0,1.3567693741048825,gptoss
2.0,1.6668326552039323,gptoss
2.0,1.6857125839895237,gptoss
2.0,1.3373179560583115,gptoss
2.0,1.185842001017086,gptoss
2.0,1.2436388800729137,gptoss
2.0,0.669927362401188,gptoss
2.0,1.3567693741048825,gptoss
2.0,1.6668326552039323,gptoss
2.0,1.6857125839895237,gptoss
1.0,0.3205606409453887,gptoss
1.0,0.11610232390115487,gptoss
1.0,0.26380957847422287,gptoss
1.0,-0.0910445005567558,gptoss
1.0,0.33865021022606623,gptoss
1.0,0.44588310748961996,gptoss
1.0,0.17972110270203648,gptoss
1.0,0.3205606409453887,gptoss
1.0,0.11610232390115487,gptoss
1.0,0.26380957847422287,gptoss
1.0,-0.0910445005567558,gptoss
1.0,0.33865021022606623,gptoss
1.0,0.44588310748961996,gptoss
1.0,0.17972110270203648,gptoss
1.0,0.3205606409453887,gptoss
1.0,0.11610232390115487,gptoss
1.0,0.26380957847422287,gptoss
1.0,-0.0910445005567558,gptoss
1.0,0.33865021022606623,gptoss
1.0,0.44588310748961996,gptoss
1.0,0.17972110270203648,gptoss
1.0,0.3205606409453887,gptoss
1.0,0.11610232390115487,gptoss
1.0,0.26380957847422287,gptoss
1.0,-0.0910445005567558,gptoss
1.0,0.33865021022606623,gptoss
1.0,0.44588310748961996,gptoss
1.0,0.17972110270203648,gptoss
1.0,0.39176006095055543,gptoss
1.0,0.4262194554451503,gptoss
1.0,0.35920488137535694,gptoss
1.0,0.14413015588258532,gptoss
1.0,0.42416159289347855,gptoss
1.0,0.3539917735876642,gptoss
1.0,0.17307343145102552,gptoss
1.0,0.39176006095055543,gptoss
1.0,0.4262194554451503,gptoss
1.0,0.35920488137535694,gptoss
1.0,0.14413015588258532,gptoss
1.0,0.42416159289347855,gptoss
1.0,0.3539917735876642,gptoss
1.0,0.17307343145102552,gptoss
1.0,0.39176006095055543,gptoss
1.0,0.4262194554451503,gptoss
1.0,0.35920488137535694,gptoss
1.0,0.14413015588258532,gptoss
1.0,0.42416159289347855,gptoss
1.0,0.3539917735876642,gptoss
1.0,0.17307343145102552,gptoss
1.0,0.39176006095055543,gptoss
1.0,0.4262194554451503,gptoss
1.0,0.35920488137535694,gptoss
1.0,0.14413015588258532,gptoss
1.0,0.42416159289347855,gptoss
1.0,0.3539917735876642,gptoss
1.0,0.17307343145102552,gptoss
1.0,0.5640936883955354,gptoss
1.0,0.5274488386694969,gptoss
1.0,0.4020172431395091,gptoss
1.0,0.20569718839787993,gptoss
1.0,0.5789920895000529,gptoss
1.0,0.6159997492619949,gptoss
1.0,0.38748441418157487,gptoss
1.0,0.5640936883955354,gptoss
1.0,0.5274488386694969,gptoss
1.0,0.4020172431395091,gptoss
1.0,0.20569718839787993,gptoss
1.0,0.5789920895000529,gptoss
1.0,0.6159997492619949,gptoss
1.0,0.38748441418157487,gptoss
1.0,0.5640936883955354,gptoss
1.0,0.5274488386694969,gptoss
1.0,0.4020172431395091,gptoss
1.0,0.20569718839787993,gptoss
1.0,0.5789920895000529,gptoss
1.0,0.6159997492619949,gptoss
1.0,0.38748441418157487,gptoss
1.0,0.5640936883955354,gptoss
1.0,0.5274488386694969,gptoss
1.0,0.4020172431395091,gptoss
1.0,0.20569718839787993,gptoss
1.0,0.5789920895000529,gptoss
1.0,0.6159997492619949,gptoss
1.0,0.38748441418157487,gptoss
-1.0,-2.177397836883399,gptoss
-1.0,-1.9756173184743435,gptoss
-1.0,-2.0038360798109105,gptoss
-1.0,-0.6030075052048921,gptoss
-1.0,-2.1787223549335444,gptoss
-1.0,-2.8866340601446594,gptoss
-1.0,-2.413716935485615,gptoss
-1.0,-2.177397836883399,gptoss
-1.0,-1.9756173184743435,gptoss
-1.0,-2.0038360798109105,gptoss
-1.0,-0.6030075052048921,gptoss
-1.0,-2.1787223549335444,gptoss
-1.0,-2.8866340601446594,gptoss
-1.0,-2.413716935485615,gptoss
-1.0,-2.177397836883399,gptoss
-1.0,-1.9756173184743435,gptoss
-1.0,-2.0038360798109105,gptoss
-1.0,-0.6030075052048921,gptoss
-1.0,-2.1787223549335444,gptoss
-1.0,-2.8866340601446594,gptoss
-1.0,-2.413716935485615,gptoss
-1.0,-2.177397836883399,gptoss
-1.0,-1.9756173184743435,gptoss
-1.0,-2.0038360798109105,gptoss
-1.0,-0.6030075052048921,gptoss
-1.0,-2.1787223549335444,gptoss
-1.0,-2.8866340601446594,gptoss
-1.0,-2.413716935485615,gptoss
1.0,0.18192350942665364,gptoss
1.0,0.19138068620942641,gptoss
1.0,0.1333485640911988,gptoss
1.0,-0.1792215009616509,gptoss
1.0,0.2153822031639453,gptoss
1.0,0.08938098744291198,gptoss
1.0,-0.04228763058223068,gptoss
1.0,0.18192350942665364,gptoss
1.0,0.19138068620942641,gptoss
1.0,0.1333485640911988,gptoss
1.0,-0.1792215009616509,gptoss
1.0,0.2153822031639453,gptoss
1.0,0.08938098744291198,gptoss
1.0,-0.04228763058223068,gptoss
1.0,0.18192350942665364,gptoss
1.0,0.19138068620942641,gptoss
1.0,0.1333485640911988,gptoss
1.0,-0.1792215009616509,gptoss
1.0,0.2153822031639453,gptoss
1.0,0.08938098744291198,gptoss
1.0,-0.04228763058223068,gptoss
1.0,0.18192350942665364,gptoss
1.0,0.19138068620942641,gptoss
1.0,0.1333485640911988,gptoss
1.0,-0.1792215009616509,gptoss
1.0,0.2153822031639453,gptoss
1.0,0.08938098744291198,gptoss
1.0,-0.04228763058223068,gptoss
-1.0,-2.0771066572800003,gptoss
-1.0,-1.8826936854746035,gptoss
-1.0,-1.9290716688497918,gptoss
-1.0,-0.7480245544418352,gptoss
-1.0,-2.410537171333821,gptoss
-1.0,-3.0497819894465157,gptoss
-1.0,-2.3337587873602934,gptoss
-1.0,-2.0771066572800003,gptoss
-1.0,-1.8826936854746035,gptoss
-1.0,-1.9290716688497918,gptoss
-1.0,-0.7480245544418352,gptoss
-1.0,-2.410537171333821,gptoss
-1.0,-3.0497819894465157,gptoss
-1.0,-2.3337587873602934,gptoss
-1.0,-2.0771066572800003,gptoss
-1.0,-1.8826936854746035,gptoss
-1.0,-1.9290716688497918,gptoss
-1.0,-0.7480245544418352,gptoss
-1.0,-2.410537171333821,gptoss
-1.0,-3.0497819894465157,gptoss
-1.0,-2.3337587873602934,gptoss
-1.0,-2.0771066572800003,gptoss
-1.0,-1.8826936854746035,gptoss
-1.0,-1.9290716688497918,gptoss
-1.0,-0.7480245544418352,gptoss
-1.0,-2.410537171333821,gptoss
-1.0,-3.0497819894465157,gptoss
-1.0,-2.3337587873602934,gptoss
1.0,0.38213331669379014,gptoss
1.0,0.39159049347656305,gptoss
1.0,0.32819363635819415,gptoss
1.0,0.08933415670252356,gptoss
1.0,0.4155920104310819,gptoss
1.0,0.33664421553633384,gptoss
1.0,0.15831610655377604,gptoss
1.0,0.38213331669379014,gptoss
1.0,0.39159049347656305,gptoss
1.0,0.32819363635819415,gptoss
1.0,0.08933415670252356,gptoss
1.0,0.4155920104310819,gptoss
1.0,0.33664421553633384,gptoss
1.0,0.15831610655377604,gptoss
1.0,0.38213331669379014,gptoss
1.0,0.39159049347656305,gptoss
1.0,0.32819363635819415,gptoss
1.0,0.08933415670252356,gptoss
1.0,0.4155920104310819,gptoss
1.0,0.33664421553633384,gptoss
1.0,0.15831610655377604,gptoss
1.0,0.38213331669379014,gptoss
1.0,0.39159049347656305,gptoss
1.0,0.32819363635819415,gptoss
1.0,0.08933415670252356,gptoss
1.0,0.4155920104310819,gptoss
1.0,0.33664421553633384,gptoss
1.0,0.15831610655377604,gptoss
1.0,0.5017958882427711,gptoss
1.0,0.465151038516733,gptoss
1.0,0.368517358265898,gptoss
1.0,0.15427185027726523,gptoss
1.0,0.5166942893472887,gptoss
1.0,0.570678289702635,gptoss
1.0,0.3255674621767539,gptoss
1.0,0.5017958882427711,gptoss
1.0,0.465151038516733,gptoss
1.0,0.368517358265898,gptoss
1.0,0.15427185027726523,gptoss
1.0,0.5166942893472887,gptoss
1.0,0.570678289702635,gptoss
1.0,0.3255674621767539,gptoss
1.0,0.5017958882427711,gptoss
1.0,0.465151038516733,gptoss
1.0,0.368517358265898,gptoss
1.0,0.15427185027726523,gptoss
1.0,0.5166942893472887,gptoss
1.0,0.570678289702635,gptoss
1.0,0.3255674621767539,gptoss
1.0,0.5017958882427711,gptoss
1.0,0.465151038516733,gptoss
1.0,0.368517358265898,gptoss
1.0,0.15427185027726523,gptoss
1.0,0.5166942893472887,gptoss
1.0,0.570678289702635,gptoss
1.0,0.3255674621767539,gptoss
1.0,0.4058971652641241,gptoss
1.0,0.41535434204689703,gptoss
1.0,0.35195748492852813,gptoss
1.0,0.11512867007030754,gptoss
1.0,0.4393558590014159,gptoss
1.0,0.35837942130287687,gptoss
1.0,0.18207995512411015,gptoss
1.0,0.4058971652641241,gptoss
1.0,0.41535434204689703,gptoss
1.0,0.35195748492852813,gptoss
1.0,0.11512867007030754,gptoss
1.0,0.4393558590014159,gptoss
1.0,0.35837942130287687,gptoss
1.0,0.18207995512411015,gptoss
1.0,0.4058971652641241,gptoss
1.0,0.41535434204689703,gptoss
1.0,0.35195748492852813,gptoss
1.0,0.11512867007030754,gptoss
1.0,0.4393558590014159,gptoss
1.0,0.35837942130287687,gptoss
1.0,0.18207995512411015,gptoss
1.0,0.4058971652641241,gptoss
1.0,0.41535434204689703,gptoss
1.0,0.35195748492852813,gptoss
1.0,0.11512867007030754,gptoss
1.0,0.4393558590014159,gptoss
1.0,0.35837942130287687,gptoss
1.0,0.18207995512411015,gptoss
1.0,0.30071283289275225,gptoss
1.0,0.2026417726119632,gptoss
1.0,0.21808339005446065,gptoss
1.0,-0.07677564335090994,gptoss
1.0,0.32052810437811285,gptoss
1.0,0.39029918270933117,gptoss
1.0,0.196399441652542,gptoss
1.0,0.30071283289275225,gptoss
1.0,0.2026417726119632,gptoss
1.0,0.21808339005446065,gptoss
1.0,-0.07677564335090994,gptoss
1.0,0.32052810437811285,gptoss
1.0,0.39029918270933117,gptoss
1.0,0.196399441652542,gptoss
1.0,0.30071283289275225,gptoss
1.0,0.2026417726119632,gptoss
1.0,0.21808339005446065,gptoss
1.0,-0.07677564335090994,gptoss
1.0,0.32052810437811285,gptoss
1.0,0.39029918270933117,gptoss
1.0,0.196399441652542,gptoss
1.0,0.30071283289275225,gptoss
1.0,0.2026417726119632,gptoss
1.0,0.21808339005446065,gptoss
1.0,-0.07677564335090994,gptoss
1.0,0.32052810437811285,gptoss
1.0,0.39029918270933117,gptoss
1.0,0.196399441652542,gptoss
-1.0,-1.9957552822409426,gptoss
-1.0,-1.82068122663632,gptoss
-1.0,-1.806925616754992,gptoss
-1.0,-0.344521845306334,gptoss
-1.0,-2.0735811278662473,gptoss
-1.0,-3.1146214330555155,gptoss
-1.0,-2.3093998511527114,gptoss
-1.0,-1.9957552822409426,gptoss
-1.0,-1.82068122663632,gptoss
-1.0,-1.806925616754992,gptoss
-1.0,-0.344521845306334,gptoss
-1.0,-2.0735811278662473,gptoss
-1.0,-3.1146214330555155,gptoss
-1.0,-2.3093998511527114,gptoss
-1.0,-1.9957552822409426,gptoss
-1.0,-1.82068122663632,gptoss
-1.0,-1.806925616754992,gptoss
-1.0,-0.344521845306334,gptoss
-1.0,-2.0735811278662473,gptoss
-1.0,-3.1146214330555155,gptoss
-1.0,-2.3093998511527114,gptoss
-1.0,-1.9957552822409426,gptoss
-1.0,-1.82068122663632,gptoss
-1.0,-1.806925616754992,gptoss
-1.0,-0.344521845306334,gptoss
-1.0,-2.0735811278662473,gptoss
-1.0,-3.1146214330555155,gptoss
-1.0,-2.3093998511527114,gptoss
1.0,0.3160038908548719,gptoss
1.0,0.11154557381063804,gptoss
1.0,0.25925282838370606,gptoss
1.0,-0.09560125064727265,gptoss
1.0,0.3340934601355494,gptoss
1.0,0.44132635739910314,gptoss
1.0,0.17516435261151964,gptoss
1.0,0.3160038908548719,gptoss
1.0,0.11154557381063804,gptoss
1.0,0.25925282838370606,gptoss
1.0,-0.09560125064727265,gptoss
1.0,0.3340934601355494,gptoss
1.0,0.44132635739910314,gptoss
1.0,0.17516435261151964,gptoss
1.0,0.3160038908548719,gptoss
1.0,0.11154557381063804,gptoss
1.0,0.25925282838370606,gptoss
1.0,-0.09560125064727265,gptoss
1.0,0.3340934601355494,gptoss
1.0,0.44132635739910314,gptoss
1.0,0.17516435261151964,gptoss
1.0,0.3160038908548719,gptoss
1.0,0.11154557381063804,gptoss
1.0,0.25925282838370606,gptoss
1.0,-0.09560125064727265,gptoss
1.0,0.3340934601355494,gptoss
1.0,0.44132635739910314,gptoss
1.0,0.17516435261151964,gptoss
1.0,0.40370518530142296,gptoss
1.0,0.35335279060346975,gptoss
1.0,0.3598801136137984,gptoss
1.0,0.05686643142825242,gptoss
1.0,0.42315660334799304,gptoss
1.0,0.5026226641232858,gptoss
1.0,0.289375768397692,gptoss
1.0,0.40370518530142296,gptoss
1.0,0.35335279060346975,gptoss
1.0,0.3598801136137984,gptoss
1.0,0.05686643142825242,gptoss
1.0,0.42315660334799304,gptoss
1.0,0.5026226641232858,gptoss
1.0,0.289375768397692,gptoss
1.0,0.40370518530142296,gptoss
1.0,0.35335279060346975,gptoss
1.0,0.3598801136137984,gptoss
1.0,0.05686643142825242,gptoss
1.0,0.42315660334799304,gptoss
1.0,0.5026226641232858,gptoss
1.0,0.289375768397692,gptoss
1.0,0.40370518530142296,gptoss
1.0,0.35335279060346975,gptoss
1.0,0.3598801136137984,gptoss
1.0,0.05686643142825242,gptoss
1.0,0.42315660334799304,gptoss
1.0,0.5026226641232858,gptoss
1.0,0.289375768397692,gptoss
1.0,0.38818201989837936,gptoss
1.0,0.37095844782051457,gptoss
1.0,0.3925810857942729,gptoss
1.0,0.24141869015466474,gptoss
1.0,0.40809322183606705,gptoss
1.0,0.45287135834760783,gptoss
1.0,0.24780756841447638,gptoss
1.0,0.38818201989837936,gptoss
1.0,0.37095844782051457,gptoss
1.0,0.3925810857942729,gptoss
1.0,0.24141869015466474,gptoss
1.0,0.40809322183606705,gptoss
1.0,0.45287135834760783,gptoss
1.0,0.24780756841447638,gptoss
1.0,0.38818201989837936,gptoss
1.0,0.37095844782051457,gptoss
1.0,0.3925810857942729,gptoss
1.0,0.24141869015466474,gptoss
1.0,0.40809322183606705,gptoss
1.0,0.45287135834760783,gptoss
1.0,0.24780756841447638,gptoss
1.0,0.38818201989837936,gptoss
1.0,0.37095844782051457,gptoss
1.0,0.3925810857942729,gptoss
1.0,0.24141869015466474,gptoss
1.0,0.40809322183606705,gptoss
1.0,0.45287135834760783,gptoss
1.0,0.24780756841447638,gptoss
1.0,0.44379344763140577,gptoss
1.0,0.39078576740209325,gptoss
1.0,0.3999683759437812,gptoss
1.0,0.1464039643251189,gptoss
1.0,0.46324486567797585,gptoss
1.0,0.5276285095658099,gptoss
1.0,0.32946403072767483,gptoss
1.0,0.44379344763140577,gptoss
1.0,0.39078576740209325,gptoss
1.0,0.3999683759437812,gptoss
1.0,0.1464039643251189,gptoss
1.0,0.46324486567797585,gptoss
1.0,0.5276285095658099,gptoss
1.0,0.32946403072767483,gptoss
1.0,0.44379344763140577,gptoss
1.0,0.39078576740209325,gptoss
1.0,0.3999683759437812,gptoss
1.0,0.1464039643251189,gptoss
1.0,0.46324486567797585,gptoss
1.0,0.5276285095658099,gptoss
1.0,0.32946403072767483,gptoss
1.0,0.44379344763140577,gptoss
1.0,0.39078576740209325,gptoss
1.0,0.3999683759437812,gptoss
1.0,0.1464039643251189,gptoss
1.0,0.46324486567797585,gptoss
1.0,0.5276285095658099,gptoss
1.0,0.32946403072767483,gptoss
1.0,0.3828648351351701,gptoss
1.0,0.28346059382996397,gptoss
1.0,0.3181506223396034,gptoss
1.0,0.04710567131574568,gptoss
1.0,0.4026801066205307,gptoss
1.0,0.4619009237012126,gptoss
1.0,0.2724532222807472,gptoss
1.0,0.3828648351351701,gptoss
1.0,0.28346059382996397,gptoss
1.0,0.3181506223396034,gptoss
1.0,0.04710567131574568,gptoss
1.0,0.4026801066205307,gptoss
1.0,0.4619009237012126,gptoss
1.0,0.2724532222807472,gptoss
1.0,0.3828648351351701,gptoss
1.0,0.28346059382996397,gptoss
1.0,0.3181506223396034,gptoss
1.0,0.04710567131574568,gptoss
1.0,0.4026801066205307,gptoss
1.0,0.4619009237012126,gptoss
1.0,0.2724532222807472,gptoss
1.0,0.3828648351351701,gptoss
1.0,0.28346059382996397,gptoss
1.0,0.3181506223396034,gptoss
1.0,0.04710567131574568,gptoss
1.0,0.4026801066205307,gptoss
1.0,0.4619009237012126,gptoss
1.0,0.2724532222807472,gptoss
1.0,0.41024950729408866,gptoss
1.0,0.3736046575680506,gptoss
1.0,0.39254105631318587,gptoss
1.0,0.09284965502092885,gptoss
1.0,0.42514790839860633,gptoss
1.0,0.4746404406551384,gptoss
1.0,0.23364023308012868,gptoss
1.0,0.41024950729408866,gptoss
1.0,0.3736046575680506,gptoss
1.0,0.39254105631318587,gptoss
1.0,0.09284965502092885,gptoss
1.0,0.42514790839860633,gptoss
1.0,0.4746404406551384,gptoss
1.0,0.23364023308012868,gptoss
1.0,0.41024950729408866,gptoss
1.0,0.3736046575680506,gptoss
1.0,0.39254105631318587,gptoss
1.0,0.09284965502092885,gptoss
1.0,0.42514790839860633,gptoss
1.0,0.4746404406551384,gptoss
1.0,0.23364023308012868,gptoss
1.0,0.41024950729408866,gptoss
1.0,0.3736046575680506,gptoss
1.0,0.39254105631318587,gptoss
1.0,0.09284965502092885,gptoss
1.0,0.42514790839860633,gptoss
1.0,0.4746404406551384,gptoss
1.0,0.23364023308012868,gptoss
1.0,0.24881813505628939,gptoss
1.0,0.2325302924538367,gptoss
1.0,0.26198529290728606,gptoss
1.0,0.07370331668199308,gptoss
1.0,0.269440263374044,gptoss
1.0,0.3429816969173917,gptoss
1.0,0.108443683572385,gptoss
1.0,0.24881813505628939,gptoss
1.0,0.2325302924538367,gptoss
1.0,0.26198529290728606,gptoss
1.0,0.07370331668199308,gptoss
1.0,0.269440263374044,gptoss
1.0,0.3429816969173917,gptoss
1.0,0.108443683572385,gptoss
1.0,0.24881813505628939,gptoss
1.0,0.2325302924538367,gptoss
1.0,0.26198529290728606,gptoss
1.0,0.07370331668199308,gptoss
1.0,0.269440263374044,gptoss
1.0,0.3429816969173917,gptoss
1.0,0.108443683572385,gptoss
1.0,0.24881813505628939,gptoss
1.0,0.2325302924538367,gptoss
1.0,0.26198529290728606,gptoss
1.0,0.07370331668199308,gptoss
1.0,0.269440263374044,gptoss
1.0,0.3429816969173917,gptoss
1.0,0.108443683572385,gptoss
1.0,0.2468548010775803,gptoss
1.0,0.22963122899971525,gptoss
1.0,0.2512538669734729,gptoss
1.0,0.08223696767932236,gptoss
1.0,0.2678302257993446,gptoss
1.0,0.31242497601848723,gptoss
1.0,0.10648034959367585,gptoss
1.0,0.2468548010775803,gptoss
1.0,0.22963122899971525,gptoss
1.0,0.2512538669734729,gptoss
1.0,0.08223696767932236,gptoss
1.0,0.2678302257993446,gptoss
1.0,0.31242497601848723,gptoss
1.0,0.10648034959367585,gptoss
1.0,0.2468548010775803,gptoss
1.0,0.22963122899971525,gptoss
1.0,0.2512538669734729,gptoss
1.0,0.08223696767932236,gptoss
1.0,0.2678302257993446,gptoss
1.0,0.31242497601848723,gptoss
1.0,0.10648034959367585,gptoss
1.0,0.2468548010775803,gptoss
1.0,0.22963122899971525,gptoss
1.0,0.2512538669734729,gptoss
1.0,0.08223696767932236,gptoss
1.0,0.2678302257993446,gptoss
1.0,0.31242497601848723,gptoss
1.0,0.10648034959367585,gptoss
1.0,0.5616232744757084,gptoss
1.0,0.591986296774964,gptoss
1.0,0.5267186746600501,gptoss
1.0,0.3366462304579393,gptoss
1.0,0.593583620410609,gptoss
1.0,0.5177558789470885,gptoss
1.0,0.3402494293666267,gptoss
1.0,0.5616232744757084,gptoss
1.0,0.591986296774964,gptoss
1.0,0.5267186746600501,gptoss
1.0,0.3366462304579393,gptoss
1.0,0.593583620410609,gptoss
1.0,0.5177558789470885,gptoss
1.0,0.3402494293666267,gptoss
1.0,0.5616232744757084,gptoss
1.0,0.591986296774964,gptoss
1.0,0.5267186746600501,gptoss
1.0,0.3366462304579393,gptoss
1.0,0.593583620410609,gptoss
1.0,0.5177558789470885,gptoss
1.0,0.3402494293666267,gptoss
1.0,0.5616232744757084,gptoss
1.0,0.591986296774964,gptoss
1.0,0.5267186746600501,gptoss
1.0,0.3366462304579393,gptoss
1.0,0.593583620410609,gptoss
1.0,0.5177558789470885,gptoss
1.0,0.3402494293666267,gptoss
1.0,0.4054682824914895,gptoss
1.0,0.38600235043116315,gptoss
1.0,0.43617445024416057,gptoss
1.0,0.0679814812371708,gptoss
1.0,0.4219043485017849,gptoss
1.0,0.49235032778927196,gptoss
1.0,0.26528923700054646,gptoss
1.0,0.4054682824914895,gptoss
1.0,0.38600235043116315,gptoss
1.0,0.43617445024416057,gptoss
1.0,0.0679814812371708,gptoss
1.0,0.4219043485017849,gptoss
1.0,0.49235032778927196,gptoss
1.0,0.26528923700054646,gptoss
1.0,0.4054682824914895,gptoss
1.0,0.38600235043116315,gptoss
1.0,0.43617445024416057,gptoss
1.0,0.0679814812371708,gptoss
1.0,0.4219043485017849,gptoss
1.0,0.49235032778927196,gptoss
1.0,0.26528923700054646,gptoss
1.0,0.4054682824914895,gptoss
1.0,0.38600235043116315,gptoss
1.0,0.43617445024416057,gptoss
1.0,0.0679814812371708,gptoss
1.0,0.4219043485017849,gptoss
1.0,0.49235032778927196,gptoss
1.0,0.26528923700054646,gptoss
1.0,0.3968283310590749,gptoss
1.0,0.3601834813330369,gptoss
1.0,0.37911988007817216,gptoss
1.0,0.07569482533563873,gptoss
1.0,0.41172673216359257,gptoss
1.0,0.4612192644201246,gptoss
1.0,0.22021905684511503,gptoss
1.0,0.3968283310590749,gptoss
1.0,0.3601834813330369,gptoss
1.0,0.37911988007817216,gptoss
1.0,0.07569482533563873,gptoss
1.0,0.41172673216359257,gptoss
1.0,0.4612192644201246,gptoss
1.0,0.22021905684511503,gptoss
1.0,0.3968283310590749,gptoss
1.0,0.3601834813330369,gptoss
1.0,0.37911988007817216,gptoss
1.0,0.07569482533563873,gptoss
1.0,0.41172673216359257,gptoss
1.0,0.4612192644201246,gptoss
1.0,0.22021905684511503,gptoss
1.0,0.3968283310590749,gptoss
1.0,0.3601834813330369,gptoss
1.0,0.37911988007817216,gptoss
1.0,0.07569482533563873,gptoss
1.0,0.41172673216359257,gptoss
1.0,0.4612192644201246,gptoss
1.0,0.22021905684511503,gptoss
1.0,0.487472872962412,gptoss
1.0,0.47064124626191056,gptoss
1.0,0.5180899979152682,gptoss
1.0,0.18626020013988281,gptoss
1.0,0.5039089389727069,gptoss
1.0,0.5603954150946333,gptoss
1.0,0.34729382747147,gptoss
1.0,0.487472872962412,gptoss
1.0,0.47064124626191056,gptoss
1.0,0.5180899979152682,gptoss
1.0,0.18626020013988281,gptoss
1.0,0.5039089389727069,gptoss
1.0,0.5603954150946333,gptoss
1.0,0.34729382747147,gptoss
1.0,0.487472872962412,gptoss
1.0,0.47064124626191056,gptoss
1.0,0.5180899979152682,gptoss
1.0,0.18626020013988281,gptoss
1.0,0.5039089389727069,gptoss
1.0,0.5603954150946333,gptoss
1.0,0.34729382747147,gptoss
1.0,0.487472872962412,gptoss
1.0,0.47064124626191056,gptoss
1.0,0.5180899979152682,gptoss
1.0,0.18626020013988281,gptoss
1.0,0.5039089389727069,gptoss
1.0,0.5603954150946333,gptoss
1.0,0.34729382747147,gptoss
1.0,0.34057855204997783,gptoss
1.0,0.3938410047839322,gptoss
1.0,0.31103868723446126,gptoss
1.0,0.09242468564065659,gptoss
1.0,0.37253889798487927,gptoss
1.0,0.31805687552667256,gptoss
1.0,0.11902469442272881,gptoss
1.0,0.34057855204997783,gptoss
1.0,0.3938410047839322,gptoss
1.0,0.31103868723446126,gptoss
1.0,0.09242468564065659,gptoss
1.0,0.37253889798487927,gptoss
1.0,0.31805687552667256,gptoss
1.0,0.11902469442272881,gptoss
1.0,0.34057855204997783,gptoss
1.0,0.3938410047839322,gptoss
1.0,0.31103868723446126,gptoss
1.0,0.09242468564065659,gptoss
1.0,0.37253889798487927,gptoss
1.0,0.31805687552667256,gptoss
1.0,0.11902469442272881,gptoss
1.0,0.34057855204997783,gptoss
1.0,0.3938410047839322,gptoss
1.0,0.31103868723446126,gptoss
1.0,0.09242468564065659,gptoss
1.0,0.37253889798487927,gptoss
1.0,0.31805687552667256,gptoss
1.0,0.11902469442272881,gptoss
2.0,1.4795155997390432,gptoss
2.0,1.3185429004668043,gptoss
2.0,1.3264827759091566,gptoss
2.0,0.8254822158601731,gptoss
2.0,1.488755415907715,gptoss
2.0,1.7949015154996084,gptoss
2.0,1.96265338287634,gptoss
2.0,1.4795155997390432,gptoss
2.0,1.3185429004668043,gptoss
2.0,1.3264827759091566,gptoss
2.0,0.8254822158601731,gptoss
2.0,1.488755415907715,gptoss
2.0,1.7949015154996084,gptoss
2.0,1.96265338287634,gptoss
2.0,1.4795155997390432,gptoss
2.0,1.3185429004668043,gptoss
2.0,1.3264827759091566,gptoss
2.0,0.8254822158601731,gptoss
2.0,1.488755415907715,gptoss
2.0,1.7949015154996084,gptoss
2.0,1.96265338287634,gptoss
2.0,1.4795155997390432,gptoss
2.0,1.3185429004668043,gptoss
2.0,1.3264827759091566,gptoss
2.0,0.8254822158601731,gptoss
2.0,1.488755415907715,gptoss
2.0,1.7949015154996084,gptoss
2.0,1.96265338287634,gptoss
2.0,1.2751380134885721,gptoss
2.0,1.1298840062262014,gptoss
2.0,1.1727455647138338,gptoss
2.0,0.6086162245882676,gptoss
2.0,1.2945894315351432,gptoss
2.0,1.5982647008477575,gptoss
2.0,1.6235326414197848,gptoss
2.0,1.2751380134885721,gptoss
2.0,1.1298840062262014,gptoss
2.0,1.1727455647138338,gptoss
2.0,0.6086162245882676,gptoss
2.0,1.2945894315351432,gptoss
2.0,1.5982647008477575,gptoss
2.0,1.6235326414197848,gptoss
2.0,1.2751380134885721,gptoss
2.0,1.1298840062262014,gptoss
2.0,1.1727455647138338,gptoss
2.0,0.6086162245882676,gptoss
2.0,1.2945894315351432,gptoss
2.0,1.5982647008477575,gptoss
2.0,1.6235326414197848,gptoss
2.0,1.2751380134885721,gptoss
2.0,1.1298840062262014,gptoss
2.0,1.1727455647138338,gptoss
2.0,0.6086162245882676,gptoss
2.0,1.2945894315351432,gptoss
2.0,1.5982647008477575,gptoss
2.0,1.6235326414197848,gptoss
2.0,1.351559326127103,gptoss
2.0,1.142757173670394,gptoss
2.0,1.140176749761228,gptoss
2.0,0.7219524081332862,gptoss
2.0,1.3656458868107328,gptoss
2.0,1.6763753870791567,gptoss
2.0,1.79385635240001,gptoss
2.0,1.351559326127103,gptoss
2.0,1.142757173670394,gptoss
2.0,1.140176749761228,gptoss
2.0,0.7219524081332862,gptoss
2.0,1.3656458868107328,gptoss
2.0,1.6763753870791567,gptoss
2.0,1.79385635240001,gptoss
2.0,1.351559326127103,gptoss
2.0,1.142757173670394,gptoss
2.0,1.140176749761228,gptoss
2.0,0.7219524081332862,gptoss
2.0,1.3656458868107328,gptoss
2.0,1.6763753870791567,gptoss
2.0,1.79385635240001,gptoss
2.0,1.351559326127103,gptoss
2.0,1.142757173670394,gptoss
2.0,1.140176749761228,gptoss
2.0,0.7219524081332862,gptoss
2.0,1.3656458868107328,gptoss
2.0,1.6763753870791567,gptoss
2.0,1.79385635240001,gptoss
2.0,1.3293747113898142,gptoss
2.0,1.1114388372911344,gptoss
2.0,1.0920328261224617,gptoss
2.0,0.6891650118713176,gptoss
2.0,1.3434612720734436,gptoss
2.0,1.6808181702757974,gptoss
2.0,1.777133810527115,gptoss
2.0,1.3293747113898142,gptoss
2.0,1.1114388372911344,gptoss
2.0,1.0920328261224617,gptoss
2.0,0.6891650118713176,gptoss
2.0,1.3434612720734436,gptoss
2.0,1.6808181702757974,gptoss
2.0,1.777133810527115,gptoss
2.0,1.3293747113898142,gptoss
2.0,1.1114388372911344,gptoss
2.0,1.0920328261224617,gptoss
2.0,0.6891650118713176,gptoss
2.0,1.3434612720734436,gptoss
2.0,1.6808181702757974,gptoss
2.0,1.777133810527115,gptoss
2.0,1.3293747113898142,gptoss
2.0,1.1114388372911344,gptoss
2.0,1.0920328261224617,gptoss
2.0,0.6891650118713176,gptoss
2.0,1.3434612720734436,gptoss
2.0,1.6808181702757974,gptoss
2.0,1.777133810527115,gptoss
2.0,1.4373362848192863,gptoss
2.0,1.219432872605792,gptoss
2.0,1.2360523484500663,gptoss
2.0,0.497686553596515,gptoss
2.0,1.4248745603831159,gptoss
2.0,1.7440264752617451,gptoss
2.0,1.8277059985845978,gptoss
2.0,1.4373362848192863,gptoss
2.0,1.219432872605792,gptoss
2.0,1.2360523484500663,gptoss
2.0,0.497686553596515,gptoss
2.0,1.4248745603831159,gptoss
2.0,1.7440264752617451,gptoss
2.0,1.8277059985845978,gptoss
2.0,1.4373362848192863,gptoss
2.0,1.219432872605792,gptoss
2.0,1.2360523484500663,gptoss
2.0,0.497686553596515,gptoss
2.0,1.4248745603831159,gptoss
2.0,1.7440264752617451,gptoss
2.0,1.8277059985845978,gptoss
2.0,1.4373362848192863,gptoss
2.0,1.219432872605792,gptoss
2.0,1.2360523484500663,gptoss
2.0,0.497686553596515,gptoss
2.0,1.4248745603831159,gptoss
2.0,1.7440264752617451,gptoss
2.0,1.8277059985845978,gptoss
2.0,1.3638813616668601,gptoss
2.0,1.2029086623946201,gptoss
2.0,1.2043205342198768,gptoss
2.0,0.7413629887734859,gptoss
2.0,1.3731211778355314,gptoss
2.0,1.6744950214855683,gptoss
2.0,1.8466382966562147,gptoss
2.0,1.3638813616668601,gptoss
2.0,1.2029086623946201,gptoss
2.0,1.2043205342198768,gptoss
2.0,0.7413629887734859,gptoss
2.0,1.3731211778355314,gptoss
2.0,1.6744950214855683,gptoss
2.0,1.8466382966562147,gptoss
2.0,1.3638813616668601,gptoss
2.0,1.2029086623946201,gptoss
2.0,1.2043205342198768,gptoss
2.0,0.7413629887734859,gptoss
2.0,1.3731211778355314,gptoss
2.0,1.6744950214855683,gptoss
2.0,1.8466382966562147,gptoss
2.0,1.3638813616668601,gptoss
2.0,1.2029086623946201,gptoss
2.0,1.2043205342198768,gptoss
2.0,0.7413629887734859,gptoss
2.0,1.3731211778355314,gptoss
2.0,1.6744950214855683,gptoss
2.0,1.8466382966562147,gptoss
2.0,1.5180529064802957,gptoss
2.0,1.3001494942668013,gptoss
2.0,1.3167689701110759,gptoss
2.0,0.5784031752575236,gptoss
2.0,1.5055911820441252,gptoss
2.0,1.8129324516718148,gptoss
2.0,1.9084226202456065,gptoss
2.0,1.5180529064802957,gptoss
2.0,1.3001494942668013,gptoss
2.0,1.3167689701110759,gptoss
2.0,0.5784031752575236,gptoss
2.0,1.5055911820441252,gptoss
2.0,1.8129324516718148,gptoss
2.0,1.9084226202456065,gptoss
2.0,1.5180529064802957,gptoss
2.0,1.3001494942668013,gptoss
2.0,1.3167689701110759,gptoss
2.0,0.5784031752575236,gptoss
2.0,1.5055911820441252,gptoss
2.0,1.8129324516718148,gptoss
2.0,1.9084226202456065,gptoss
2.0,1.5180529064802957,gptoss
2.0,1.3001494942668013,gptoss
2.0,1.3167689701110759,gptoss
2.0,0.5784031752575236,gptoss
2.0,1.5055911820441252,gptoss
2.0,1.8129324516718148,gptoss
2.0,1.9084226202456065,gptoss
2.0,1.1567588246295815,gptoss
2.0,0.9972990334137808,gptoss
2.0,1.001883335534309,gptoss
2.0,0.4896514063151341,gptoss
2.0,1.1765740961149425,gptoss
2.0,1.4961291157833312,gptoss
2.0,1.5034576428969906,gptoss
2.0,1.1567588246295815,gptoss
2.0,0.9972990334137808,gptoss
2.0,1.001883335534309,gptoss
2.0,0.4896514063151341,gptoss
2.0,1.1765740961149425,gptoss
2.0,1.4961291157833312,gptoss
2.0,1.5034576428969906,gptoss
2.0,1.1567588246295815,gptoss
2.0,0.9972990334137808,gptoss
2.0,1.001883335534309,gptoss
2.0,0.4896514063151341,gptoss
2.0,1.1765740961149425,gptoss
2.0,1.4961291157833312,gptoss
2.0,1.5034576428969906,gptoss
2.0,1.1567588246295815,gptoss
2.0,0.9972990334137808,gptoss
2.0,1.001883335534309,gptoss
2.0,0.4896514063151341,gptoss
2.0,1.1765740961149425,gptoss
2.0,1.4961291157833312,gptoss
2.0,1.5034576428969906,gptoss
2.0,1.4309743274224713,gptoss
2.0,1.2191788978189404,gptoss
2.0,1.2105217204720344,gptoss
2.0,0.7966996695352155,gptoss
2.0,1.445060888106101,gptoss
2.0,1.7557903883745247,gptoss
2.0,1.8787334265597715,gptoss
2.0,1.4309743274224713,gptoss
2.0,1.2191788978189404,gptoss
2.0,1.2105217204720344,gptoss
2.0,0.7966996695352155,gptoss
2.0,1.445060888106101,gptoss
2.0,1.7557903883745247,gptoss
2.0,1.8787334265597715,gptoss
2.0,1.4309743274224713,gptoss
2.0,1.2191788978189404,gptoss
2.0,1.2105217204720344,gptoss
2.0,0.7966996695352155,gptoss
2.0,1.445060888106101,gptoss
2.0,1.7557903883745247,gptoss
2.0,1.8787334265597715,gptoss
2.0,1.4309743274224713,gptoss
2.0,1.2191788978189404,gptoss
2.0,1.2105217204720344,gptoss
2.0,0.7966996695352155,gptoss
2.0,1.445060888106101,gptoss
2.0,1.7557903883745247,gptoss
2.0,1.8787334265597715,gptoss
2.0,1.4872604419674267,gptoss
2.0,1.2996138905886254,gptoss
2.0,1.2862256261366036,gptoss
2.0,0.7392712852785214,gptoss
2.0,1.5186466479065766,gptoss
2.0,1.9423684623929538,gptoss
2.0,2.0084327769162966,gptoss
2.0,1.4872604419674267,gptoss
2.0,1.2996138905886254,gptoss
2.0,1.2862256261366036,gptoss
2.0,0.7392712852785214,gptoss
2.0,1.5186466479065766,gptoss
2.0,1.9423684623929538,gptoss
2.0,2.0084327769162966,gptoss
2.0,1.4872604419674267,gptoss
2.0,1.2996138905886254,gptoss
2.0,1.2862256261366036,gptoss
2.0,0.7392712852785214,gptoss
2.0,1.5186466479065766,gptoss
2.0,1.9423684623929538,gptoss
2.0,2.0084327769162966,gptoss
2.0,1.4872604419674267,gptoss
2.0,1.2996138905886254,gptoss
2.0,1.2862256261366036,gptoss
2.0,0.7392712852785214,gptoss
2.0,1.5186466479065766,gptoss
2.0,1.9423684623929538,gptoss
2.0,2.0084327769162966,gptoss
2.0,1.3603236423722944,gptoss
2.0,1.1993509431000544,gptoss
2.0,1.2007628149253111,gptoss
2.0,0.73780526947892,gptoss
2.0,1.3695634585409657,gptoss
2.0,1.6709373021910026,gptoss
2.0,1.843080577361649,gptoss
2.0,1.3603236423722944,gptoss
2.0,1.1993509431000544,gptoss
2.0,1.2007628149253111,gptoss
2.0,0.73780526947892,gptoss
2.0,1.3695634585409657,gptoss
2.0,1.6709373021910026,gptoss
2.0,1.843080577361649,gptoss
2.0,1.3603236423722944,gptoss
2.0,1.1993509431000544,gptoss
2.0,1.2007628149253111,gptoss
2.0,0.73780526947892,gptoss
2.0,1.3695634585409657,gptoss
2.0,1.6709373021910026,gptoss
2.0,1.843080577361649,gptoss
2.0,1.3603236423722944,gptoss
2.0,1.1993509431000544,gptoss
2.0,1.2007628149253111,gptoss
2.0,0.73780526947892,gptoss
2.0,1.3695634585409657,gptoss
2.0,1.6709373021910026,gptoss
2.0,1.843080577361649,gptoss
2.0,1.6398543946775073,gptoss
2.0,1.4219509824640122,gptoss
2.0,1.438570458308288,gptoss
2.0,0.6997263188038493,gptoss
2.0,1.6266817438612702,gptoss
2.0,1.9347339398690264,gptoss
2.0,2.030224108442818,gptoss
2.0,1.6398543946775073,gptoss
2.0,1.4219509824640122,gptoss
2.0,1.438570458308288,gptoss
2.0,0.6997263188038493,gptoss
2.0,1.6266817438612702,gptoss
2.0,1.9347339398690264,gptoss
2.0,2.030224108442818,gptoss
2.0,1.6398543946775073,gptoss
2.0,1.4219509824640122,gptoss
2.0,1.438570458308288,gptoss
2.0,0.6997263188038493,gptoss
2.0,1.6266817438612702,gptoss
2.0,1.9347339398690264,gptoss
2.0,2.030224108442818,gptoss
2.0,1.6398543946775073,gptoss
2.0,1.4219509824640122,gptoss
2.0,1.438570458308288,gptoss
2.0,0.6997263188038493,gptoss
2.0,1.6266817438612702,gptoss
2.0,1.9347339398690264,gptoss
2.0,2.030224108442818,gptoss
1.0,0.5204162195519373,gptoss
1.0,0.45639867878229357,gptoss
1.0,0.4603244537772884,gptoss
1.0,0.22244110683150517,gptoss
1.0,0.540231491037297,gptoss
1.0,0.6204948852809037,gptoss
1.0,0.4043909929844032,gptoss
1.0,0.5204162195519373,gptoss
1.0,0.45639867878229357,gptoss
1.0,0.4603244537772884,gptoss
1.0,0.22244110683150517,gptoss
1.0,0.540231491037297,gptoss
1.0,0.6204948852809037,gptoss
1.0,0.4043909929844032,gptoss
1.0,0.5204162195519373,gptoss
1.0,0.45639867878229357,gptoss
1.0,0.4603244537772884,gptoss
1.0,0.22244110683150517,gptoss
1.0,0.540231491037297,gptoss
1.0,0.6204948852809037,gptoss
1.0,0.4043909929844032,gptoss
1.0,0.5204162195519373,gptoss
1.0,0.45639867878229357,gptoss
1.0,0.4603244537772884,gptoss
1.0,0.22244110683150517,gptoss
1.0,0.540231491037297,gptoss
1.0,0.6204948852809037,gptoss
1.0,0.4043909929844032,gptoss
1.0,0.4104216777094236,gptoss
1.0,0.3737768279833856,gptoss
1.0,0.382273380508134,gptoss
1.0,0.09302182543626378,gptoss
1.0,0.4253200788139413,gptoss
1.0,0.4745318232274295,gptoss
1.0,0.23381240349546373,gptoss
1.0,0.4104216777094236,gptoss
1.0,0.3737768279833856,gptoss
1.0,0.382273380508134,gptoss
1.0,0.09302182543626378,gptoss
1.0,0.4253200788139413,gptoss
1.0,0.4745318232274295,gptoss
1.0,0.23381240349546373,gptoss
1.0,0.4104216777094236,gptoss
1.0,0.3737768279833856,gptoss
1.0,0.382273380508134,gptoss
1.0,0.09302182543626378,gptoss
1.0,0.4253200788139413,gptoss
1.0,0.4745318232274295,gptoss
1.0,0.23381240349546373,gptoss
1.0,0.4104216777094236,gptoss
1.0,0.3737768279833856,gptoss
1.0,0.382273380508134,gptoss
1.0,0.09302182543626378,gptoss
1.0,0.4253200788139413,gptoss
1.0,0.4745318232274295,gptoss
1.0,0.23381240349546373,gptoss
1.0,0.4104216777094236,gptoss
1.0,0.3737768279833856,gptoss
1.0,0.382273380508134,gptoss
1.0,0.09302182543626378,gptoss
1.0,0.4253200788139413,gptoss
1.0,0.4745318232274295,gptoss
1.0,0.23381240349546373,gptoss
1.0,0.4104216777094236,gptoss
1.0,0.3737768279833856,gptoss
1.0,0.382273380508134,gptoss
1.0,0.09302182543626378,gptoss
1.0,0.4253200788139413,gptoss
1.0,0.4745318232274295,gptoss
1.0,0.23381240349546373,gptoss
1.0,0.4104216777094236,gptoss
1.0,0.3737768279833856,gptoss
1.0,0.382273380508134,gptoss
1.0,0.09302182543626378,gptoss
1.0,0.4253200788139413,gptoss
1.0,0.4745318232274295,gptoss
1.0,0.23381240349546373,gptoss
1.0,0.4104216777094236,gptoss
1.0,0.3737768279833856,gptoss
1.0,0.382273380508134,gptoss
1.0,0.09302182543626378,gptoss
1.0,0.4253200788139413,gptoss
1.0,0.4745318232274295,gptoss
1.0,0.23381240349546373,gptoss
1.0,0.3233497676973958,gptoss
1.0,0.3306918076854024,gptoss
1.0,0.29079458812219705,gptoss
1.0,0.06168587249058069,gptoss
1.0,0.3568084614346876,gptoss
1.0,0.294395892225172,gptoss
1.0,0.1046631381978656,gptoss
1.0,0.3233497676973958,gptoss
1.0,0.3306918076854024,gptoss
1.0,0.29079458812219705,gptoss
1.0,0.06168587249058069,gptoss
1.0,0.3568084614346876,gptoss
1.0,0.294395892225172,gptoss
1.0,0.1046631381978656,gptoss
1.0,0.3233497676973958,gptoss
1.0,0.3306918076854024,gptoss
1.0,0.29079458812219705,gptoss
1.0,0.06168587249058069,gptoss
1.0,0.3568084614346876,gptoss
1.0,0.294395892225172,gptoss
1.0,0.1046631381978656,gptoss
1.0,0.3233497676973958,gptoss
1.0,0.3306918076854024,gptoss
1.0,0.29079458812219705,gptoss
1.0,0.06168587249058069,gptoss
1.0,0.3568084614346876,gptoss
1.0,0.294395892225172,gptoss
1.0,0.1046631381978656,gptoss
1.0,0.34057855204997783,gptoss
1.0,0.3938410047839322,gptoss
1.0,0.31103868723446126,gptoss
1.0,0.09242468564065659,gptoss
1.0,0.37253889798487927,gptoss
1.0,0.31805687552667256,gptoss
1.0,0.11902469442272881,gptoss
1.0,0.34057855204997783,gptoss
1.0,0.3938410047839322,gptoss
1.0,0.31103868723446126,gptoss
1.0,0.09242468564065659,gptoss
1.0,0.37253889798487927,gptoss
1.0,0.31805687552667256,gptoss
1.0,0.11902469442272881,gptoss
1.0,0.34057855204997783,gptoss
1.0,0.3938410047839322,gptoss
1.0,0.31103868723446126,gptoss
1.0,0.09242468564065659,gptoss
1.0,0.37253889798487927,gptoss
1.0,0.31805687552667256,gptoss
1.0,0.11902469442272881,gptoss
1.0,0.34057855204997783,gptoss
1.0,0.3938410047839322,gptoss
1.0,0.31103868723446126,gptoss
1.0,0.09242468564065659,gptoss
1.0,0.37253889798487927,gptoss
1.0,0.31805687552667256,gptoss
1.0,0.11902469442272881,gptoss
1.0,0.19434163280238112,gptoss
1.0,0.15837416682824745,gptoss
1.0,0.1289747071207036,gptoss
1.0,-0.11012295654261828,gptoss
1.0,0.21496376112013565,gptoss
1.0,0.2973470757329187,gptoss
1.0,0.0539671813184762,gptoss
1.0,0.19434163280238112,gptoss
1.0,0.15837416682824745,gptoss
1.0,0.1289747071207036,gptoss
1.0,-0.11012295654261828,gptoss
1.0,0.21496376112013565,gptoss
1.0,0.2973470757329187,gptoss
1.0,0.0539671813184762,gptoss
1.0,0.19434163280238112,gptoss
1.0,0.15837416682824745,gptoss
1.0,0.1289747071207036,gptoss
1.0,-0.11012295654261828,gptoss
1.0,0.21496376112013565,gptoss
1.0,0.2973470757329187,gptoss
1.0,0.0539671813184762,gptoss
1.0,0.19434163280238112,gptoss
1.0,0.15837416682824745,gptoss
1.0,0.1289747071207036,gptoss
1.0,-0.11012295654261828,gptoss
1.0,0.21496376112013565,gptoss
1.0,0.2973470757329187,gptoss
1.0,0.0539671813184762,gptoss
1.0,0.3968283310590749,gptoss
1.0,0.3601834813330369,gptoss
1.0,0.37911988007817216,gptoss
1.0,0.07569482533563873,gptoss
1.0,0.41172673216359257,gptoss
1.0,0.4612192644201246,gptoss
1.0,0.22021905684511503,gptoss
1.0,0.3968283310590749,gptoss
1.0,0.3601834813330369,gptoss
1.0,0.37911988007817216,gptoss
1.0,0.07569482533563873,gptoss
1.0,0.41172673216359257,gptoss
1.0,0.4612192644201246,gptoss
1.0,0.22021905684511503,gptoss
1.0,0.3968283310590749,gptoss
1.0,0.3601834813330369,gptoss
1.0,0.37911988007817216,gptoss
1.0,0.07569482533563873,gptoss
1.0,0.41172673216359257,gptoss
1.0,0.4612192644201246,gptoss
1.0,0.22021905684511503,gptoss
1.0,0.3968283310590749,gptoss
1.0,0.3601834813330369,gptoss
1.0,0.37911988007817216,gptoss
1.0,0.07569482533563873,gptoss
1.0,0.41172673216359257,gptoss
1.0,0.4612192644201246,gptoss
1.0,0.22021905684511503,gptoss
1.0,0.46497020128636035,gptoss
1.0,0.4051198726692084,gptoss
1.0,0.39425132972856186,gptoss
1.0,0.16758071798007304,gptoss
1.0,0.48442161933293043,gptoss
1.0,0.5473322179689113,gptoss
1.0,0.3506407843826294,gptoss
1.0,0.46497020128636035,gptoss
1.0,0.4051198726692084,gptoss
1.0,0.39425132972856186,gptoss
1.0,0.16758071798007304,gptoss
1.0,0.48442161933293043,gptoss
1.0,0.5473322179689113,gptoss
1.0,0.3506407843826294,gptoss
1.0,0.46497020128636035,gptoss
1.0,0.4051198726692084,gptoss
1.0,0.39425132972856186,gptoss
1.0,0.16758071798007304,gptoss
1.0,0.48442161933293043,gptoss
1.0,0.5473322179689113,gptoss
1.0,0.3506407843826294,gptoss
1.0,0.46497020128636035,gptoss
1.0,0.4051198726692084,gptoss
1.0,0.39425132972856186,gptoss
1.0,0.16758071798007304,gptoss
1.0,0.48442161933293043,gptoss
1.0,0.5473322179689113,gptoss
1.0,0.3506407843826294,gptoss
1.0,0.38850265154386154,gptoss
1.0,0.4188656738431187,gptoss
1.0,0.35359805172820424,gptoss
1.0,0.1407707646772529,gptoss
1.0,0.420462997478763,gptoss
1.0,0.3659809750205559,gptoss
1.0,0.1737983805984717,gptoss
1.0,0.38850265154386154,gptoss
1.0,0.4188656738431187,gptoss
1.0,0.35359805172820424,gptoss
1.0,0.1407707646772529,gptoss
1.0,0.420462997478763,gptoss
1.0,0.3659809750205559,gptoss
1.0,0.1737983805984717,gptoss
1.0,0.38850265154386154,gptoss
1.0,0.4188656738431187,gptoss
1.0,0.35359805172820424,gptoss
1.0,0.1407707646772529,gptoss
1.0,0.420462997478763,gptoss
1.0,0.3659809750205559,gptoss
1.0,0.1737983805984717,gptoss
1.0,0.38850265154386154,gptoss
1.0,0.4188656738431187,gptoss
1.0,0.35359805172820424,gptoss
1.0,0.1407707646772529,gptoss
1.0,0.420462997478763,gptoss
1.0,0.3659809750205559,gptoss
1.0,0.1737983805984717,gptoss
1.0,0.4054682824914895,gptoss
1.0,0.38600235043116315,gptoss
1.0,0.43617445024416057,gptoss
1.0,0.0679814812371708,gptoss
1.0,0.4219043485017849,gptoss
1.0,0.49235032778927196,gptoss
1.0,0.26528923700054646,gptoss
1.0,0.4054682824914895,gptoss
1.0,0.38600235043116315,gptoss
1.0,0.43617445024416057,gptoss
1.0,0.0679814812371708,gptoss
1.0,0.4219043485017849,gptoss
1.0,0.49235032778927196,gptoss
1.0,0.26528923700054646,gptoss
1.0,0.4054682824914895,gptoss
1.0,0.38600235043116315,gptoss
1.0,0.43617445024416057,gptoss
1.0,0.0679814812371708,gptoss
1.0,0.4219043485017849,gptoss
1.0,0.49235032778927196,gptoss
1.0,0.26528923700054646,gptoss
1.0,0.4054682824914895,gptoss
1.0,0.38600235043116315,gptoss
1.0,0.43617445024416057,gptoss
1.0,0.0679814812371708,gptoss
1.0,0.4219043485017849,gptoss
1.0,0.49235032778927196,gptoss
1.0,0.26528923700054646,gptoss
1.0,0.1661731597647301,gptoss
1.0,0.13020569379059654,gptoss
1.0,0.14578476640966445,gptoss
1.0,-0.06856044673370397,gptoss
1.0,0.18679528808248463,gptoss
1.0,0.2697064619908879,gptoss
1.0,0.025798708280825214,gptoss
1.0,0.1661731597647301,gptoss
1.0,0.13020569379059654,gptoss
1.0,0.14578476640966445,gptoss
1.0,-0.06856044673370397,gptoss
1.0,0.18679528808248463,gptoss
1.0,0.2697064619908879,gptoss
1.0,0.025798708280825214,gptoss
1.0,0.1661731597647301,gptoss
1.0,0.13020569379059654,gptoss
1.0,0.14578476640966445,gptoss
1.0,-0.06856044673370397,gptoss
1.0,0.18679528808248463,gptoss
1.0,0.2697064619908879,gptoss
1.0,0.025798708280825214,gptoss
1.0,0.1661731597647301,gptoss
1.0,0.13020569379059654,gptoss
1.0,0.14578476640966445,gptoss
1.0,-0.06856044673370397,gptoss
1.0,0.18679528808248463,gptoss
1.0,0.2697064619908879,gptoss
1.0,0.025798708280825214,gptoss
1.0,0.49872449140212,gptoss
1.0,0.43630163289921203,gptoss
1.0,0.43593198853262144,gptoss
1.0,0.200749378681688,gptoss
1.0,0.5185397628874797,gptoss
1.0,0.5988031571310867,gptoss
1.0,0.3826992648345863,gptoss
1.0,0.49872449140212,gptoss
1.0,0.43630163289921203,gptoss
1.0,0.43593198853262144,gptoss
1.0,0.200749378681688,gptoss
1.0,0.5185397628874797,gptoss
1.0,0.5988031571310867,gptoss
1.0,0.3826992648345863,gptoss
1.0,0.49872449140212,gptoss
1.0,0.43630163289921203,gptoss
1.0,0.43593198853262144,gptoss
1.0,0.200749378681688,gptoss
1.0,0.5185397628874797,gptoss
1.0,0.5988031571310867,gptoss
1.0,0.3826992648345863,gptoss
1.0,0.49872449140212,gptoss
1.0,0.43630163289921203,gptoss
1.0,0.43593198853262144,gptoss
1.0,0.200749378681688,gptoss
1.0,0.5185397628874797,gptoss
1.0,0.5988031571310867,gptoss
1.0,0.3826992648345863,gptoss
0.0,-1.5409640428303621,gptoss
0.0,-1.3559386946490204,gptoss
0.0,-1.389431658263999,gptoss
0.0,-0.7704898330874584,gptoss
0.0,-1.5524036447472593,gptoss
0.0,-1.851960252534591,gptoss
0.0,-1.8222637107502162,gptoss
0.0,-1.5409640428303621,gptoss
0.0,-1.3559386946490204,gptoss
0.0,-1.389431658263999,gptoss
0.0,-0.7704898330874584,gptoss
0.0,-1.5524036447472593,gptoss
0.0,-1.851960252534591,gptoss
0.0,-1.8222637107502162,gptoss
0.0,-1.5409640428303621,gptoss
0.0,-1.3559386946490204,gptoss
0.0,-1.389431658263999,gptoss
0.0,-0.7704898330874584,gptoss
0.0,-1.5524036447472593,gptoss
0.0,-1.851960252534591,gptoss
0.0,-1.8222637107502162,gptoss
0.0,-1.5409640428303621,gptoss
0.0,-1.3559386946490204,gptoss
0.0,-1.389431658263999,gptoss
0.0,-0.7704898330874584,gptoss
0.0,-1.5524036447472593,gptoss
0.0,-1.851960252534591,gptoss
0.0,-1.8222637107502162,gptoss
-0.0,-1.130876349171639,gptoss
-0.0,-0.9265764094886193,gptoss
-0.0,-0.965704569090762,gptoss
-0.0,-0.2014620378815459,gptoss
-0.0,-1.1234454020746008,gptoss
-0.0,-1.3942689617676363,gptoss
-0.0,-1.3524946705906504,gptoss
-0.0,-1.130876349171639,gptoss
-0.0,-0.9265764094886193,gptoss
-0.0,-0.965704569090762,gptoss
-0.0,-0.2014620378815459,gptoss
-0.0,-1.1234454020746008,gptoss
-0.0,-1.3942689617676363,gptoss
-0.0,-1.3524946705906504,gptoss
-0.0,-1.130876349171639,gptoss
-0.0,-0.9265764094886193,gptoss
-0.0,-0.965704569090762,gptoss
-0.0,-0.2014620378815459,gptoss
-0.0,-1.1234454020746008,gptoss
-0.0,-1.3942689617676363,gptoss
-0.0,-1.3524946705906504,gptoss
-0.0,-1.130876349171639,gptoss
-0.0,-0.9265764094886193,gptoss
-0.0,-0.965704569090762,gptoss
-0.0,-0.2014620378815459,gptoss
-0.0,-1.1234454020746008,gptoss
-0.0,-1.3942689617676363,gptoss
-0.0,-1.3524946705906504,gptoss
-0.0,-1.3485686336081935,gptoss
-0.0,-1.1788603811327065,gptoss
-0.0,-1.1466643050067555,gptoss
-0.0,-0.44988615410082994,gptoss
-0.0,-1.3636677644885289,gptoss
-0.0,-1.7673438126000454,gptoss
-0.0,-1.6677223838330477,gptoss
-0.0,-1.3485686336081935,gptoss
-0.0,-1.1788603811327065,gptoss
-0.0,-1.1466643050067555,gptoss
-0.0,-0.44988615410082994,gptoss
-0.0,-1.3636677644885289,gptoss
-0.0,-1.7673438126000454,gptoss
-0.0,-1.6677223838330477,gptoss
-0.0,-1.3485686336081935,gptoss
-0.0,-1.1788603811327065,gptoss
-0.0,-1.1466643050067555,gptoss
-0.0,-0.44988615410082994,gptoss
-0.0,-1.3636677644885289,gptoss
-0.0,-1.7673438126000454,gptoss
-0.0,-1.6677223838330477,gptoss
-0.0,-1.3485686336081935,gptoss
-0.0,-1.1788603811327065,gptoss
-0.0,-1.1466643050067555,gptoss
-0.0,-0.44988615410082994,gptoss
-0.0,-1.3636677644885289,gptoss
-0.0,-1.7673438126000454,gptoss
-0.0,-1.6677223838330477,gptoss
-0.0,-1.2629095716939869,gptoss
-0.0,-1.04789355920222,gptoss
-0.0,-1.0326141732307066,gptoss
-0.0,-0.12189154366230884,gptoss
-0.0,-1.2663225431053473,gptoss
-0.0,-1.6177863384940332,gptoss
-0.0,-1.499228670296199,gptoss
-0.0,-1.2629095716939869,gptoss
-0.0,-1.04789355920222,gptoss
-0.0,-1.0326141732307066,gptoss
-0.0,-0.12189154366230884,gptoss
-0.0,-1.2663225431053473,gptoss
-0.0,-1.6177863384940332,gptoss
-0.0,-1.499228670296199,gptoss
-0.0,-1.2629095716939869,gptoss
-0.0,-1.04789355920222,gptoss
-0.0,-1.0326141732307066,gptoss
-0.0,-0.12189154366230884,gptoss
-0.0,-1.2663225431053473,gptoss
-0.0,-1.6177863384940332,gptoss
-0.0,-1.499228670296199,gptoss
-0.0,-1.2629095716939869,gptoss
-0.0,-1.04789355920222,gptoss
-0.0,-1.0326141732307066,gptoss
-0.0,-0.12189154366230884,gptoss
-0.0,-1.2663225431053473,gptoss
-0.0,-1.6177863384940332,gptoss
-0.0,-1.499228670296199,gptoss
0.0,-1.561271817614248,gptoss
0.0,-1.3550315402506108,gptoss
0.0,-1.4020060310696663,gptoss
0.0,-0.7334988744078921,gptoss
0.0,-1.5650424190016654,gptoss
0.0,-1.8127049736036107,gptoss
0.0,-1.7975909162164612,gptoss
0.0,-1.561271817614248,gptoss
0.0,-1.3550315402506108,gptoss
0.0,-1.4020060310696663,gptoss
0.0,-0.7334988744078921,gptoss
0.0,-1.5650424190016654,gptoss
0.0,-1.8127049736036107,gptoss
0.0,-1.7975909162164612,gptoss
0.0,-1.561271817614248,gptoss
0.0,-1.3550315402506108,gptoss
0.0,-1.4020060310696663,gptoss
0.0,-0.7334988744078921,gptoss
0.0,-1.5650424190016654,gptoss
0.0,-1.8127049736036107,gptoss
0.0,-1.7975909162164612,gptoss
0.0,-1.561271817614248,gptoss
0.0,-1.3550315402506108,gptoss
0.0,-1.4020060310696663,gptoss
0.0,-0.7334988744078921,gptoss
0.0,-1.5650424190016654,gptoss
0.0,-1.8127049736036107,gptoss
0.0,-1.7975909162164612,gptoss
-0.0,-1.179782780207854,gptoss
-0.0,-0.9910574608568292,gptoss
-0.0,-0.995010556467017,gptoss
-0.0,-0.23630051141861994,gptoss
-0.0,-1.1936997721149758,gptoss
-0.0,-1.3634329412116886,gptoss
-0.0,-1.4865048460938444,gptoss
-0.0,-1.179782780207854,gptoss
-0.0,-0.9910574608568292,gptoss
-0.0,-0.995010556467017,gptoss
-0.0,-0.23630051141861994,gptoss
-0.0,-1.1936997721149758,gptoss
-0.0,-1.3634329412116886,gptoss
-0.0,-1.4865048460938444,gptoss
-0.0,-1.179782780207854,gptoss
-0.0,-0.9910574608568292,gptoss
-0.0,-0.995010556467017,gptoss
-0.0,-0.23630051141861994,gptoss
-0.0,-1.1936997721149758,gptoss
-0.0,-1.3634329412116886,gptoss
-0.0,-1.4865048460938444,gptoss
-0.0,-1.179782780207854,gptoss
-0.0,-0.9910574608568292,gptoss
-0.0,-0.995010556467017,gptoss
-0.0,-0.23630051141861994,gptoss
-0.0,-1.1936997721149758,gptoss
-0.0,-1.3634329412116886,gptoss
-0.0,-1.4865048460938444,gptoss
0.0,-1.4197119252526382,gptoss
0.0,-1.261900628550519,gptoss
0.0,-1.3131397890664596,gptoss
0.0,-0.6824234914950689,gptoss
0.0,-1.4126448315943902,gptoss
0.0,-1.6670025861592592,gptoss
0.0,-1.6318660748299303,gptoss
0.0,-1.4197119252526382,gptoss
0.0,-1.261900628550519,gptoss
0.0,-1.3131397890664596,gptoss
0.0,-0.6824234914950689,gptoss
0.0,-1.4126448315943902,gptoss
0.0,-1.6670025861592592,gptoss
0.0,-1.6318660748299303,gptoss
0.0,-1.4197119252526382,gptoss
0.0,-1.261900628550519,gptoss
0.0,-1.3131397890664596,gptoss
0.0,-0.6824234914950689,gptoss
0.0,-1.4126448315943902,gptoss
0.0,-1.6670025861592592,gptoss
0.0,-1.6318660748299303,gptoss
0.0,-1.4197119252526382,gptoss
0.0,-1.261900628550519,gptoss
0.0,-1.3131397890664596,gptoss
0.0,-0.6824234914950689,gptoss
0.0,-1.4126448315943902,gptoss
0.0,-1.6670025861592592,gptoss
0.0,-1.6318660748299303,gptoss
-0.0,-1.2858753525179034,gptoss
-0.0,-1.0101491103516496,gptoss
-0.0,-1.0588517402700266,gptoss
-0.0,-0.3292190446194952,gptoss
-0.0,-1.2956614511644187,gptoss
-0.0,-1.698269430490391,gptoss
-0.0,-1.5678355131901662,gptoss
-0.0,-1.2858753525179034,gptoss
-0.0,-1.0101491103516496,gptoss
-0.0,-1.0588517402700266,gptoss
-0.0,-0.3292190446194952,gptoss
-0.0,-1.2956614511644187,gptoss
-0.0,-1.698269430490391,gptoss
-0.0,-1.5678355131901662,gptoss
-0.0,-1.2858753525179034,gptoss
-0.0,-1.0101491103516496,gptoss
-0.0,-1.0588517402700266,gptoss
-0.0,-0.3292190446194952,gptoss
-0.0,-1.2956614511644187,gptoss
-0.0,-1.698269430490391,gptoss
-0.0,-1.5678355131901662,gptoss
-0.0,-1.2858753525179034,gptoss
-0.0,-1.0101491103516496,gptoss
-0.0,-1.0588517402700266,gptoss
-0.0,-0.3292190446194952,gptoss
-0.0,-1.2956614511644187,gptoss
-0.0,-1.698269430490391,gptoss
-0.0,-1.5678355131901662,gptoss
0.0,-1.557741050325598,gptoss
0.0,-1.4482640633841504,gptoss
0.0,-1.3581861419646193,gptoss
0.0,-0.7599985355483396,gptoss
0.0,-1.5736679585798063,gptoss
0.0,-1.9560202830571787,gptoss
0.0,-1.8679311318422733,gptoss
0.0,-1.557741050325598,gptoss
0.0,-1.4482640633841504,gptoss
0.0,-1.3581861419646193,gptoss
0.0,-0.7599985355483396,gptoss
0.0,-1.5736679585798063,gptoss
0.0,-1.9560202830571787,gptoss
0.0,-1.8679311318422733,gptoss
0.0,-1.557741050325598,gptoss
0.0,-1.4482640633841504,gptoss
0.0,-1.3581861419646193,gptoss
0.0,-0.7599985355483396,gptoss
0.0,-1.5736679585798063,gptoss
0.0,-1.9560202830571787,gptoss
0.0,-1.8679311318422733,gptoss
0.0,-1.557741050325598,gptoss
0.0,-1.4482640633841504,gptoss
0.0,-1.3581861419646193,gptoss
0.0,-0.7599985355483396,gptoss
0.0,-1.5736679585798063,gptoss
0.0,-1.9560202830571787,gptoss
0.0,-1.8679311318422733,gptoss
0.0,-1.5790989601690542,gptoss
0.0,-1.3773184417599986,gptoss
0.0,-1.4198331736244723,gptoss
0.0,-0.6886581075797797,gptoss
0.0,-1.583222857960481,gptoss
0.0,-1.8599656720437636,gptoss
0.0,-1.8154180587712674,gptoss
0.0,-1.5790989601690542,gptoss
0.0,-1.3773184417599986,gptoss
0.0,-1.4198331736244723,gptoss
0.0,-0.6886581075797797,gptoss
0.0,-1.583222857960481,gptoss
0.0,-1.8599656720437636,gptoss
0.0,-1.8154180587712674,gptoss
0.0,-1.5790989601690542,gptoss
0.0,-1.3773184417599986,gptoss
0.0,-1.4198331736244723,gptoss
0.0,-0.6886581075797797,gptoss
0.0,-1.583222857960481,gptoss
0.0,-1.8599656720437636,gptoss
0.0,-1.8154180587712674,gptoss
0.0,-1.5790989601690542,gptoss
0.0,-1.3773184417599986,gptoss
0.0,-1.4198331736244723,gptoss
0.0,-0.6886581075797797,gptoss
0.0,-1.583222857960481,gptoss
0.0,-1.8599656720437636,gptoss
0.0,-1.8154180587712674,gptoss
-0.0,-1.1994804709424702,gptoss
-0.0,-1.0252538653751937,gptoss
-0.0,-1.014708247201634,gptoss
-0.0,-0.26756421818760995,gptoss
-0.0,-1.2133974628495923,gptoss
-0.0,-1.46439435080219,gptoss
-0.0,-1.50620253682846,gptoss
-0.0,-1.1994804709424702,gptoss
-0.0,-1.0252538653751937,gptoss
-0.0,-1.014708247201634,gptoss
-0.0,-0.26756421818760995,gptoss
-0.0,-1.2133974628495923,gptoss
-0.0,-1.46439435080219,gptoss
-0.0,-1.50620253682846,gptoss
-0.0,-1.1994804709424702,gptoss
-0.0,-1.0252538653751937,gptoss
-0.0,-1.014708247201634,gptoss
-0.0,-0.26756421818760995,gptoss
-0.0,-1.2133974628495923,gptoss
-0.0,-1.46439435080219,gptoss
-0.0,-1.50620253682846,gptoss
-0.0,-1.1994804709424702,gptoss
-0.0,-1.0252538653751937,gptoss
-0.0,-1.014708247201634,gptoss
-0.0,-0.26756421818760995,gptoss
-0.0,-1.2133974628495923,gptoss
-0.0,-1.46439435080219,gptoss
-0.0,-1.50620253682846,gptoss
0.0,-1.608145947148239,gptoss
0.0,-1.4074440405766824,gptoss
0.0,-1.448880160603657,gptoss
0.0,-0.7614277987720369,gptoss
0.0,-1.611558918559599,gptoss
0.0,-1.8762187270808468,gptoss
0.0,-1.8444650457504521,gptoss
0.0,-1.608145947148239,gptoss
0.0,-1.4074440405766824,gptoss
0.0,-1.448880160603657,gptoss
0.0,-0.7614277987720369,gptoss
0.0,-1.611558918559599,gptoss
0.0,-1.8762187270808468,gptoss
0.0,-1.8444650457504521,gptoss
0.0,-1.608145947148239,gptoss
0.0,-1.4074440405766824,gptoss
0.0,-1.448880160603657,gptoss
0.0,-0.7614277987720369,gptoss
0.0,-1.611558918559599,gptoss
0.0,-1.8762187270808468,gptoss
0.0,-1.8444650457504521,gptoss
0.0,-1.608145947148239,gptoss
0.0,-1.4074440405766824,gptoss
0.0,-1.448880160603657,gptoss
0.0,-0.7614277987720369,gptoss
0.0,-1.611558918559599,gptoss
0.0,-1.8762187270808468,gptoss
0.0,-1.8444650457504521,gptoss
